region_gea,urt,inc_cl,fuel_heat,bld_age_min,year,value
WEU,rur,d1,biomass_solid,20,2020,0.01
WEU,urb,d1,biomass_solid,20,2020,0.01
WEU,rur,d2,biomass_solid,20,2020,0.01
WEU,urb,d2,biomass_solid,20,2020,0.01
WEU,rur,d3,biomass_solid,20,2020,0.01
WEU,urb,d3,biomass_solid,20,2020,0.01
WEU,rur,d4,biomass_solid,20,2020,0.01
WEU,urb,d4,biomass_solid,20,2020,0.01
WEU,rur,d5,biomass_solid,20,2020,0.01
WEU,urb,d5,biomass_solid,20,2020,0.01
WEU,rur,d6,biomass_solid,20,2020,0.01
WEU,urb,d6,biomass_solid,20,2020,0.01
WEU,rur,d7,biomass_solid,20,2020,0.01
WEU,urb,d7,biomass_solid,20,2020,0.01
WEU,rur,d8,biomass_solid,20,2020,0.01
WEU,urb,d8,biomass_solid,20,2020,0.01
WEU,rur,d9,biomass_solid,20,2020,0.01
WEU,urb,d9,biomass_solid,20,2020,0.01
WEU,rur,d10,biomass_solid,20,2020,0.01
WEU,urb,d10,biomass_solid,20,2020,0.01
WEU,rur,d1,coal,20,2020,0.01
WEU,urb,d1,coal,20,2020,0.01
WEU,rur,d2,coal,20,2020,0.01
WEU,urb,d2,coal,20,2020,0.01
WEU,rur,d3,coal,20,2020,0.01
WEU,urb,d3,coal,20,2020,0.01
WEU,rur,d4,coal,20,2020,0.01
WEU,urb,d4,coal,20,2020,0.01
WEU,rur,d5,coal,20,2020,0.01
WEU,urb,d5,coal,20,2020,0.01
WEU,rur,d6,coal,20,2020,0.01
WEU,urb,d6,coal,20,2020,0.01
WEU,rur,d7,coal,20,2020,0.01
WEU,urb,d7,coal,20,2020,0.01
WEU,rur,d8,coal,20,2020,0.01
WEU,urb,d8,coal,20,2020,0.01
WEU,rur,d9,coal,20,2020,0.01
WEU,urb,d9,coal,20,2020,0.01
WEU,rur,d10,coal,20,2020,0.01
WEU,urb,d10,coal,20,2020,0.01
WEU,rur,d1,oil,20,2020,0.01
WEU,urb,d1,oil,20,2020,0.01
WEU,rur,d2,oil,20,2020,0.01
WEU,urb,d2,oil,20,2020,0.01
WEU,rur,d3,oil,20,2020,0.01
WEU,urb,d3,oil,20,2020,0.01
WEU,rur,d4,oil,20,2020,0.01
WEU,urb,d4,oil,20,2020,0.01
WEU,rur,d5,oil,20,2020,0.01
WEU,urb,d5,oil,20,2020,0.01
WEU,rur,d6,oil,20,2020,0.01
WEU,urb,d6,oil,20,2020,0.01
WEU,rur,d7,oil,20,2020,0.01
WEU,urb,d7,oil,20,2020,0.01
WEU,rur,d8,oil,20,2020,0.01
WEU,urb,d8,oil,20,2020,0.01
WEU,rur,d9,oil,20,2020,0.01
WEU,urb,d9,oil,20,2020,0.01
WEU,rur,d10,oil,20,2020,0.01
WEU,urb,d10,oil,20,2020,0.01
WEU,rur,d1,gas,20,2020,0.01
WEU,urb,d1,gas,20,2020,0.01
WEU,rur,d2,gas,20,2020,0.01
WEU,urb,d2,gas,20,2020,0.01
WEU,rur,d3,gas,20,2020,0.01
WEU,urb,d3,gas,20,2020,0.01
WEU,rur,d4,gas,20,2020,0.01
WEU,urb,d4,gas,20,2020,0.01
WEU,rur,d5,gas,20,2020,0.01
WEU,urb,d5,gas,20,2020,0.01
WEU,rur,d6,gas,20,2020,0.01
WEU,urb,d6,gas,20,2020,0.01
WEU,rur,d7,gas,20,2020,0.01
WEU,urb,d7,gas,20,2020,0.01
WEU,rur,d8,gas,20,2020,0.01
WEU,urb,d8,gas,20,2020,0.01
WEU,rur,d9,gas,20,2020,0.01
WEU,urb,d9,gas,20,2020,0.01
WEU,rur,d10,gas,20,2020,0.01
WEU,urb,d10,gas,20,2020,0.01
WEU,rur,d1,electricity,20,2020,0.01
WEU,urb,d1,electricity,20,2020,0.01
WEU,rur,d2,electricity,20,2020,0.01
WEU,urb,d2,electricity,20,2020,0.01
WEU,rur,d3,electricity,20,2020,0.01
WEU,urb,d3,electricity,20,2020,0.01
WEU,rur,d4,electricity,20,2020,0.01
WEU,urb,d4,electricity,20,2020,0.01
WEU,rur,d5,electricity,20,2020,0.01
WEU,urb,d5,electricity,20,2020,0.01
WEU,rur,d6,electricity,20,2020,0.01
WEU,urb,d6,electricity,20,2020,0.01
WEU,rur,d7,electricity,20,2020,0.01
WEU,urb,d7,electricity,20,2020,0.01
WEU,rur,d8,electricity,20,2020,0.01
WEU,urb,d8,electricity,20,2020,0.01
WEU,rur,d9,electricity,20,2020,0.01
WEU,urb,d9,electricity,20,2020,0.01
WEU,rur,d10,electricity,20,2020,0.01
WEU,urb,d10,electricity,20,2020,0.01
WEU,rur,d1,biomass_solid,20,2025,0.01
WEU,urb,d1,biomass_solid,20,2025,0.01
WEU,rur,d2,biomass_solid,20,2025,0.01
WEU,urb,d2,biomass_solid,20,2025,0.01
WEU,rur,d3,biomass_solid,20,2025,0.01
WEU,urb,d3,biomass_solid,20,2025,0.01
WEU,rur,d4,biomass_solid,20,2025,0.01
WEU,urb,d4,biomass_solid,20,2025,0.01
WEU,rur,d5,biomass_solid,20,2025,0.01
WEU,urb,d5,biomass_solid,20,2025,0.01
WEU,rur,d6,biomass_solid,20,2025,0.01
WEU,urb,d6,biomass_solid,20,2025,0.01
WEU,rur,d7,biomass_solid,20,2025,0.01
WEU,urb,d7,biomass_solid,20,2025,0.01
WEU,rur,d8,biomass_solid,20,2025,0.01
WEU,urb,d8,biomass_solid,20,2025,0.01
WEU,rur,d9,biomass_solid,20,2025,0.01
WEU,urb,d9,biomass_solid,20,2025,0.01
WEU,rur,d10,biomass_solid,20,2025,0.01
WEU,urb,d10,biomass_solid,20,2025,0.01
WEU,rur,d1,coal,20,2025,0.01
WEU,urb,d1,coal,20,2025,0.01
WEU,rur,d2,coal,20,2025,0.01
WEU,urb,d2,coal,20,2025,0.01
WEU,rur,d3,coal,20,2025,0.01
WEU,urb,d3,coal,20,2025,0.01
WEU,rur,d4,coal,20,2025,0.01
WEU,urb,d4,coal,20,2025,0.01
WEU,rur,d5,coal,20,2025,0.01
WEU,urb,d5,coal,20,2025,0.01
WEU,rur,d6,coal,20,2025,0.01
WEU,urb,d6,coal,20,2025,0.01
WEU,rur,d7,coal,20,2025,0.01
WEU,urb,d7,coal,20,2025,0.01
WEU,rur,d8,coal,20,2025,0.01
WEU,urb,d8,coal,20,2025,0.01
WEU,rur,d9,coal,20,2025,0.01
WEU,urb,d9,coal,20,2025,0.01
WEU,rur,d10,coal,20,2025,0.01
WEU,urb,d10,coal,20,2025,0.01
WEU,rur,d1,oil,20,2025,0.01
WEU,urb,d1,oil,20,2025,0.01
WEU,rur,d2,oil,20,2025,0.01
WEU,urb,d2,oil,20,2025,0.01
WEU,rur,d3,oil,20,2025,0.01
WEU,urb,d3,oil,20,2025,0.01
WEU,rur,d4,oil,20,2025,0.01
WEU,urb,d4,oil,20,2025,0.01
WEU,rur,d5,oil,20,2025,0.01
WEU,urb,d5,oil,20,2025,0.01
WEU,rur,d6,oil,20,2025,0.01
WEU,urb,d6,oil,20,2025,0.01
WEU,rur,d7,oil,20,2025,0.01
WEU,urb,d7,oil,20,2025,0.01
WEU,rur,d8,oil,20,2025,0.01
WEU,urb,d8,oil,20,2025,0.01
WEU,rur,d9,oil,20,2025,0.01
WEU,urb,d9,oil,20,2025,0.01
WEU,rur,d10,oil,20,2025,0.01
WEU,urb,d10,oil,20,2025,0.01
WEU,rur,d1,gas,20,2025,0.01
WEU,urb,d1,gas,20,2025,0.01
WEU,rur,d2,gas,20,2025,0.01
WEU,urb,d2,gas,20,2025,0.01
WEU,rur,d3,gas,20,2025,0.01
WEU,urb,d3,gas,20,2025,0.01
WEU,rur,d4,gas,20,2025,0.01
WEU,urb,d4,gas,20,2025,0.01
WEU,rur,d5,gas,20,2025,0.01
WEU,urb,d5,gas,20,2025,0.01
WEU,rur,d6,gas,20,2025,0.01
WEU,urb,d6,gas,20,2025,0.01
WEU,rur,d7,gas,20,2025,0.01
WEU,urb,d7,gas,20,2025,0.01
WEU,rur,d8,gas,20,2025,0.01
WEU,urb,d8,gas,20,2025,0.01
WEU,rur,d9,gas,20,2025,0.01
WEU,urb,d9,gas,20,2025,0.01
WEU,rur,d10,gas,20,2025,0.01
WEU,urb,d10,gas,20,2025,0.01
WEU,rur,d1,electricity,20,2025,0.01
WEU,urb,d1,electricity,20,2025,0.01
WEU,rur,d2,electricity,20,2025,0.01
WEU,urb,d2,electricity,20,2025,0.01
WEU,rur,d3,electricity,20,2025,0.01
WEU,urb,d3,electricity,20,2025,0.01
WEU,rur,d4,electricity,20,2025,0.01
WEU,urb,d4,electricity,20,2025,0.01
WEU,rur,d5,electricity,20,2025,0.01
WEU,urb,d5,electricity,20,2025,0.01
WEU,rur,d6,electricity,20,2025,0.01
WEU,urb,d6,electricity,20,2025,0.01
WEU,rur,d7,electricity,20,2025,0.01
WEU,urb,d7,electricity,20,2025,0.01
WEU,rur,d8,electricity,20,2025,0.01
WEU,urb,d8,electricity,20,2025,0.01
WEU,rur,d9,electricity,20,2025,0.01
WEU,urb,d9,electricity,20,2025,0.01
WEU,rur,d10,electricity,20,2025,0.01
WEU,urb,d10,electricity,20,2025,0.01
WEU,rur,d1,biomass_solid,20,2030,0.01
WEU,urb,d1,biomass_solid,20,2030,0.01
WEU,rur,d2,biomass_solid,20,2030,0.01
WEU,urb,d2,biomass_solid,20,2030,0.01
WEU,rur,d3,biomass_solid,20,2030,0.01
WEU,urb,d3,biomass_solid,20,2030,0.01
WEU,rur,d4,biomass_solid,20,2030,0.01
WEU,urb,d4,biomass_solid,20,2030,0.01
WEU,rur,d5,biomass_solid,20,2030,0.01
WEU,urb,d5,biomass_solid,20,2030,0.01
WEU,rur,d6,biomass_solid,20,2030,0.01
WEU,urb,d6,biomass_solid,20,2030,0.01
WEU,rur,d7,biomass_solid,20,2030,0.01
WEU,urb,d7,biomass_solid,20,2030,0.01
WEU,rur,d8,biomass_solid,20,2030,0.01
WEU,urb,d8,biomass_solid,20,2030,0.01
WEU,rur,d9,biomass_solid,20,2030,0.01
WEU,urb,d9,biomass_solid,20,2030,0.01
WEU,rur,d10,biomass_solid,20,2030,0.01
WEU,urb,d10,biomass_solid,20,2030,0.01
WEU,rur,d1,coal,20,2030,0.01
WEU,urb,d1,coal,20,2030,0.01
WEU,rur,d2,coal,20,2030,0.01
WEU,urb,d2,coal,20,2030,0.01
WEU,rur,d3,coal,20,2030,0.01
WEU,urb,d3,coal,20,2030,0.01
WEU,rur,d4,coal,20,2030,0.01
WEU,urb,d4,coal,20,2030,0.01
WEU,rur,d5,coal,20,2030,0.01
WEU,urb,d5,coal,20,2030,0.01
WEU,rur,d6,coal,20,2030,0.01
WEU,urb,d6,coal,20,2030,0.01
WEU,rur,d7,coal,20,2030,0.01
WEU,urb,d7,coal,20,2030,0.01
WEU,rur,d8,coal,20,2030,0.01
WEU,urb,d8,coal,20,2030,0.01
WEU,rur,d9,coal,20,2030,0.01
WEU,urb,d9,coal,20,2030,0.01
WEU,rur,d10,coal,20,2030,0.01
WEU,urb,d10,coal,20,2030,0.01
WEU,rur,d1,oil,20,2030,0.01
WEU,urb,d1,oil,20,2030,0.01
WEU,rur,d2,oil,20,2030,0.01
WEU,urb,d2,oil,20,2030,0.01
WEU,rur,d3,oil,20,2030,0.01
WEU,urb,d3,oil,20,2030,0.01
WEU,rur,d4,oil,20,2030,0.01
WEU,urb,d4,oil,20,2030,0.01
WEU,rur,d5,oil,20,2030,0.01
WEU,urb,d5,oil,20,2030,0.01
WEU,rur,d6,oil,20,2030,0.01
WEU,urb,d6,oil,20,2030,0.01
WEU,rur,d7,oil,20,2030,0.01
WEU,urb,d7,oil,20,2030,0.01
WEU,rur,d8,oil,20,2030,0.01
WEU,urb,d8,oil,20,2030,0.01
WEU,rur,d9,oil,20,2030,0.01
WEU,urb,d9,oil,20,2030,0.01
WEU,rur,d10,oil,20,2030,0.01
WEU,urb,d10,oil,20,2030,0.01
WEU,rur,d1,gas,20,2030,0.01
WEU,urb,d1,gas,20,2030,0.01
WEU,rur,d2,gas,20,2030,0.01
WEU,urb,d2,gas,20,2030,0.01
WEU,rur,d3,gas,20,2030,0.01
WEU,urb,d3,gas,20,2030,0.01
WEU,rur,d4,gas,20,2030,0.01
WEU,urb,d4,gas,20,2030,0.01
WEU,rur,d5,gas,20,2030,0.01
WEU,urb,d5,gas,20,2030,0.01
WEU,rur,d6,gas,20,2030,0.01
WEU,urb,d6,gas,20,2030,0.01
WEU,rur,d7,gas,20,2030,0.01
WEU,urb,d7,gas,20,2030,0.01
WEU,rur,d8,gas,20,2030,0.01
WEU,urb,d8,gas,20,2030,0.01
WEU,rur,d9,gas,20,2030,0.01
WEU,urb,d9,gas,20,2030,0.01
WEU,rur,d10,gas,20,2030,0.01
WEU,urb,d10,gas,20,2030,0.01
WEU,rur,d1,electricity,20,2030,0.01
WEU,urb,d1,electricity,20,2030,0.01
WEU,rur,d2,electricity,20,2030,0.01
WEU,urb,d2,electricity,20,2030,0.01
WEU,rur,d3,electricity,20,2030,0.01
WEU,urb,d3,electricity,20,2030,0.01
WEU,rur,d4,electricity,20,2030,0.01
WEU,urb,d4,electricity,20,2030,0.01
WEU,rur,d5,electricity,20,2030,0.01
WEU,urb,d5,electricity,20,2030,0.01
WEU,rur,d6,electricity,20,2030,0.01
WEU,urb,d6,electricity,20,2030,0.01
WEU,rur,d7,electricity,20,2030,0.01
WEU,urb,d7,electricity,20,2030,0.01
WEU,rur,d8,electricity,20,2030,0.01
WEU,urb,d8,electricity,20,2030,0.01
WEU,rur,d9,electricity,20,2030,0.01
WEU,urb,d9,electricity,20,2030,0.01
WEU,rur,d10,electricity,20,2030,0.01
WEU,urb,d10,electricity,20,2030,0.01
WEU,rur,d1,biomass_solid,20,2035,0.01
WEU,urb,d1,biomass_solid,20,2035,0.01
WEU,rur,d2,biomass_solid,20,2035,0.01
WEU,urb,d2,biomass_solid,20,2035,0.01
WEU,rur,d3,biomass_solid,20,2035,0.01
WEU,urb,d3,biomass_solid,20,2035,0.01
WEU,rur,d4,biomass_solid,20,2035,0.01
WEU,urb,d4,biomass_solid,20,2035,0.01
WEU,rur,d5,biomass_solid,20,2035,0.01
WEU,urb,d5,biomass_solid,20,2035,0.01
WEU,rur,d6,biomass_solid,20,2035,0.01
WEU,urb,d6,biomass_solid,20,2035,0.01
WEU,rur,d7,biomass_solid,20,2035,0.01
WEU,urb,d7,biomass_solid,20,2035,0.01
WEU,rur,d8,biomass_solid,20,2035,0.01
WEU,urb,d8,biomass_solid,20,2035,0.01
WEU,rur,d9,biomass_solid,20,2035,0.01
WEU,urb,d9,biomass_solid,20,2035,0.01
WEU,rur,d10,biomass_solid,20,2035,0.01
WEU,urb,d10,biomass_solid,20,2035,0.01
WEU,rur,d1,coal,20,2035,0.01
WEU,urb,d1,coal,20,2035,0.01
WEU,rur,d2,coal,20,2035,0.01
WEU,urb,d2,coal,20,2035,0.01
WEU,rur,d3,coal,20,2035,0.01
WEU,urb,d3,coal,20,2035,0.01
WEU,rur,d4,coal,20,2035,0.01
WEU,urb,d4,coal,20,2035,0.01
WEU,rur,d5,coal,20,2035,0.01
WEU,urb,d5,coal,20,2035,0.01
WEU,rur,d6,coal,20,2035,0.01
WEU,urb,d6,coal,20,2035,0.01
WEU,rur,d7,coal,20,2035,0.01
WEU,urb,d7,coal,20,2035,0.01
WEU,rur,d8,coal,20,2035,0.01
WEU,urb,d8,coal,20,2035,0.01
WEU,rur,d9,coal,20,2035,0.01
WEU,urb,d9,coal,20,2035,0.01
WEU,rur,d10,coal,20,2035,0.01
WEU,urb,d10,coal,20,2035,0.01
WEU,rur,d1,oil,20,2035,0.01
WEU,urb,d1,oil,20,2035,0.01
WEU,rur,d2,oil,20,2035,0.01
WEU,urb,d2,oil,20,2035,0.01
WEU,rur,d3,oil,20,2035,0.01
WEU,urb,d3,oil,20,2035,0.01
WEU,rur,d4,oil,20,2035,0.01
WEU,urb,d4,oil,20,2035,0.01
WEU,rur,d5,oil,20,2035,0.01
WEU,urb,d5,oil,20,2035,0.01
WEU,rur,d6,oil,20,2035,0.01
WEU,urb,d6,oil,20,2035,0.01
WEU,rur,d7,oil,20,2035,0.01
WEU,urb,d7,oil,20,2035,0.01
WEU,rur,d8,oil,20,2035,0.01
WEU,urb,d8,oil,20,2035,0.01
WEU,rur,d9,oil,20,2035,0.01
WEU,urb,d9,oil,20,2035,0.01
WEU,rur,d10,oil,20,2035,0.01
WEU,urb,d10,oil,20,2035,0.01
WEU,rur,d1,gas,20,2035,0.01
WEU,urb,d1,gas,20,2035,0.01
WEU,rur,d2,gas,20,2035,0.01
WEU,urb,d2,gas,20,2035,0.01
WEU,rur,d3,gas,20,2035,0.01
WEU,urb,d3,gas,20,2035,0.01
WEU,rur,d4,gas,20,2035,0.01
WEU,urb,d4,gas,20,2035,0.01
WEU,rur,d5,gas,20,2035,0.01
WEU,urb,d5,gas,20,2035,0.01
WEU,rur,d6,gas,20,2035,0.01
WEU,urb,d6,gas,20,2035,0.01
WEU,rur,d7,gas,20,2035,0.01
WEU,urb,d7,gas,20,2035,0.01
WEU,rur,d8,gas,20,2035,0.01
WEU,urb,d8,gas,20,2035,0.01
WEU,rur,d9,gas,20,2035,0.01
WEU,urb,d9,gas,20,2035,0.01
WEU,rur,d10,gas,20,2035,0.01
WEU,urb,d10,gas,20,2035,0.01
WEU,rur,d1,electricity,20,2035,0.01
WEU,urb,d1,electricity,20,2035,0.01
WEU,rur,d2,electricity,20,2035,0.01
WEU,urb,d2,electricity,20,2035,0.01
WEU,rur,d3,electricity,20,2035,0.01
WEU,urb,d3,electricity,20,2035,0.01
WEU,rur,d4,electricity,20,2035,0.01
WEU,urb,d4,electricity,20,2035,0.01
WEU,rur,d5,electricity,20,2035,0.01
WEU,urb,d5,electricity,20,2035,0.01
WEU,rur,d6,electricity,20,2035,0.01
WEU,urb,d6,electricity,20,2035,0.01
WEU,rur,d7,electricity,20,2035,0.01
WEU,urb,d7,electricity,20,2035,0.01
WEU,rur,d8,electricity,20,2035,0.01
WEU,urb,d8,electricity,20,2035,0.01
WEU,rur,d9,electricity,20,2035,0.01
WEU,urb,d9,electricity,20,2035,0.01
WEU,rur,d10,electricity,20,2035,0.01
WEU,urb,d10,electricity,20,2035,0.01
WEU,rur,d1,biomass_solid,20,2040,0.01
WEU,urb,d1,biomass_solid,20,2040,0.01
WEU,rur,d2,biomass_solid,20,2040,0.01
WEU,urb,d2,biomass_solid,20,2040,0.01
WEU,rur,d3,biomass_solid,20,2040,0.01
WEU,urb,d3,biomass_solid,20,2040,0.01
WEU,rur,d4,biomass_solid,20,2040,0.01
WEU,urb,d4,biomass_solid,20,2040,0.01
WEU,rur,d5,biomass_solid,20,2040,0.01
WEU,urb,d5,biomass_solid,20,2040,0.01
WEU,rur,d6,biomass_solid,20,2040,0.01
WEU,urb,d6,biomass_solid,20,2040,0.01
WEU,rur,d7,biomass_solid,20,2040,0.01
WEU,urb,d7,biomass_solid,20,2040,0.01
WEU,rur,d8,biomass_solid,20,2040,0.01
WEU,urb,d8,biomass_solid,20,2040,0.01
WEU,rur,d9,biomass_solid,20,2040,0.01
WEU,urb,d9,biomass_solid,20,2040,0.01
WEU,rur,d10,biomass_solid,20,2040,0.01
WEU,urb,d10,biomass_solid,20,2040,0.01
WEU,rur,d1,coal,20,2040,0.01
WEU,urb,d1,coal,20,2040,0.01
WEU,rur,d2,coal,20,2040,0.01
WEU,urb,d2,coal,20,2040,0.01
WEU,rur,d3,coal,20,2040,0.01
WEU,urb,d3,coal,20,2040,0.01
WEU,rur,d4,coal,20,2040,0.01
WEU,urb,d4,coal,20,2040,0.01
WEU,rur,d5,coal,20,2040,0.01
WEU,urb,d5,coal,20,2040,0.01
WEU,rur,d6,coal,20,2040,0.01
WEU,urb,d6,coal,20,2040,0.01
WEU,rur,d7,coal,20,2040,0.01
WEU,urb,d7,coal,20,2040,0.01
WEU,rur,d8,coal,20,2040,0.01
WEU,urb,d8,coal,20,2040,0.01
WEU,rur,d9,coal,20,2040,0.01
WEU,urb,d9,coal,20,2040,0.01
WEU,rur,d10,coal,20,2040,0.01
WEU,urb,d10,coal,20,2040,0.01
WEU,rur,d1,oil,20,2040,0.01
WEU,urb,d1,oil,20,2040,0.01
WEU,rur,d2,oil,20,2040,0.01
WEU,urb,d2,oil,20,2040,0.01
WEU,rur,d3,oil,20,2040,0.01
WEU,urb,d3,oil,20,2040,0.01
WEU,rur,d4,oil,20,2040,0.01
WEU,urb,d4,oil,20,2040,0.01
WEU,rur,d5,oil,20,2040,0.01
WEU,urb,d5,oil,20,2040,0.01
WEU,rur,d6,oil,20,2040,0.01
WEU,urb,d6,oil,20,2040,0.01
WEU,rur,d7,oil,20,2040,0.01
WEU,urb,d7,oil,20,2040,0.01
WEU,rur,d8,oil,20,2040,0.01
WEU,urb,d8,oil,20,2040,0.01
WEU,rur,d9,oil,20,2040,0.01
WEU,urb,d9,oil,20,2040,0.01
WEU,rur,d10,oil,20,2040,0.01
WEU,urb,d10,oil,20,2040,0.01
WEU,rur,d1,gas,20,2040,0.01
WEU,urb,d1,gas,20,2040,0.01
WEU,rur,d2,gas,20,2040,0.01
WEU,urb,d2,gas,20,2040,0.01
WEU,rur,d3,gas,20,2040,0.01
WEU,urb,d3,gas,20,2040,0.01
WEU,rur,d4,gas,20,2040,0.01
WEU,urb,d4,gas,20,2040,0.01
WEU,rur,d5,gas,20,2040,0.01
WEU,urb,d5,gas,20,2040,0.01
WEU,rur,d6,gas,20,2040,0.01
WEU,urb,d6,gas,20,2040,0.01
WEU,rur,d7,gas,20,2040,0.01
WEU,urb,d7,gas,20,2040,0.01
WEU,rur,d8,gas,20,2040,0.01
WEU,urb,d8,gas,20,2040,0.01
WEU,rur,d9,gas,20,2040,0.01
WEU,urb,d9,gas,20,2040,0.01
WEU,rur,d10,gas,20,2040,0.01
WEU,urb,d10,gas,20,2040,0.01
WEU,rur,d1,electricity,20,2040,0.01
WEU,urb,d1,electricity,20,2040,0.01
WEU,rur,d2,electricity,20,2040,0.01
WEU,urb,d2,electricity,20,2040,0.01
WEU,rur,d3,electricity,20,2040,0.01
WEU,urb,d3,electricity,20,2040,0.01
WEU,rur,d4,electricity,20,2040,0.01
WEU,urb,d4,electricity,20,2040,0.01
WEU,rur,d5,electricity,20,2040,0.01
WEU,urb,d5,electricity,20,2040,0.01
WEU,rur,d6,electricity,20,2040,0.01
WEU,urb,d6,electricity,20,2040,0.01
WEU,rur,d7,electricity,20,2040,0.01
WEU,urb,d7,electricity,20,2040,0.01
WEU,rur,d8,electricity,20,2040,0.01
WEU,urb,d8,electricity,20,2040,0.01
WEU,rur,d9,electricity,20,2040,0.01
WEU,urb,d9,electricity,20,2040,0.01
WEU,rur,d10,electricity,20,2040,0.01
WEU,urb,d10,electricity,20,2040,0.01
WEU,rur,d1,biomass_solid,20,2045,0.01
WEU,urb,d1,biomass_solid,20,2045,0.01
WEU,rur,d2,biomass_solid,20,2045,0.01
WEU,urb,d2,biomass_solid,20,2045,0.01
WEU,rur,d3,biomass_solid,20,2045,0.01
WEU,urb,d3,biomass_solid,20,2045,0.01
WEU,rur,d4,biomass_solid,20,2045,0.01
WEU,urb,d4,biomass_solid,20,2045,0.01
WEU,rur,d5,biomass_solid,20,2045,0.01
WEU,urb,d5,biomass_solid,20,2045,0.01
WEU,rur,d6,biomass_solid,20,2045,0.01
WEU,urb,d6,biomass_solid,20,2045,0.01
WEU,rur,d7,biomass_solid,20,2045,0.01
WEU,urb,d7,biomass_solid,20,2045,0.01
WEU,rur,d8,biomass_solid,20,2045,0.01
WEU,urb,d8,biomass_solid,20,2045,0.01
WEU,rur,d9,biomass_solid,20,2045,0.01
WEU,urb,d9,biomass_solid,20,2045,0.01
WEU,rur,d10,biomass_solid,20,2045,0.01
WEU,urb,d10,biomass_solid,20,2045,0.01
WEU,rur,d1,coal,20,2045,0.01
WEU,urb,d1,coal,20,2045,0.01
WEU,rur,d2,coal,20,2045,0.01
WEU,urb,d2,coal,20,2045,0.01
WEU,rur,d3,coal,20,2045,0.01
WEU,urb,d3,coal,20,2045,0.01
WEU,rur,d4,coal,20,2045,0.01
WEU,urb,d4,coal,20,2045,0.01
WEU,rur,d5,coal,20,2045,0.01
WEU,urb,d5,coal,20,2045,0.01
WEU,rur,d6,coal,20,2045,0.01
WEU,urb,d6,coal,20,2045,0.01
WEU,rur,d7,coal,20,2045,0.01
WEU,urb,d7,coal,20,2045,0.01
WEU,rur,d8,coal,20,2045,0.01
WEU,urb,d8,coal,20,2045,0.01
WEU,rur,d9,coal,20,2045,0.01
WEU,urb,d9,coal,20,2045,0.01
WEU,rur,d10,coal,20,2045,0.01
WEU,urb,d10,coal,20,2045,0.01
WEU,rur,d1,oil,20,2045,0.01
WEU,urb,d1,oil,20,2045,0.01
WEU,rur,d2,oil,20,2045,0.01
WEU,urb,d2,oil,20,2045,0.01
WEU,rur,d3,oil,20,2045,0.01
WEU,urb,d3,oil,20,2045,0.01
WEU,rur,d4,oil,20,2045,0.01
WEU,urb,d4,oil,20,2045,0.01
WEU,rur,d5,oil,20,2045,0.01
WEU,urb,d5,oil,20,2045,0.01
WEU,rur,d6,oil,20,2045,0.01
WEU,urb,d6,oil,20,2045,0.01
WEU,rur,d7,oil,20,2045,0.01
WEU,urb,d7,oil,20,2045,0.01
WEU,rur,d8,oil,20,2045,0.01
WEU,urb,d8,oil,20,2045,0.01
WEU,rur,d9,oil,20,2045,0.01
WEU,urb,d9,oil,20,2045,0.01
WEU,rur,d10,oil,20,2045,0.01
WEU,urb,d10,oil,20,2045,0.01
WEU,rur,d1,gas,20,2045,0.01
WEU,urb,d1,gas,20,2045,0.01
WEU,rur,d2,gas,20,2045,0.01
WEU,urb,d2,gas,20,2045,0.01
WEU,rur,d3,gas,20,2045,0.01
WEU,urb,d3,gas,20,2045,0.01
WEU,rur,d4,gas,20,2045,0.01
WEU,urb,d4,gas,20,2045,0.01
WEU,rur,d5,gas,20,2045,0.01
WEU,urb,d5,gas,20,2045,0.01
WEU,rur,d6,gas,20,2045,0.01
WEU,urb,d6,gas,20,2045,0.01
WEU,rur,d7,gas,20,2045,0.01
WEU,urb,d7,gas,20,2045,0.01
WEU,rur,d8,gas,20,2045,0.01
WEU,urb,d8,gas,20,2045,0.01
WEU,rur,d9,gas,20,2045,0.01
WEU,urb,d9,gas,20,2045,0.01
WEU,rur,d10,gas,20,2045,0.01
WEU,urb,d10,gas,20,2045,0.01
WEU,rur,d1,electricity,20,2045,0.01
WEU,urb,d1,electricity,20,2045,0.01
WEU,rur,d2,electricity,20,2045,0.01
WEU,urb,d2,electricity,20,2045,0.01
WEU,rur,d3,electricity,20,2045,0.01
WEU,urb,d3,electricity,20,2045,0.01
WEU,rur,d4,electricity,20,2045,0.01
WEU,urb,d4,electricity,20,2045,0.01
WEU,rur,d5,electricity,20,2045,0.01
WEU,urb,d5,electricity,20,2045,0.01
WEU,rur,d6,electricity,20,2045,0.01
WEU,urb,d6,electricity,20,2045,0.01
WEU,rur,d7,electricity,20,2045,0.01
WEU,urb,d7,electricity,20,2045,0.01
WEU,rur,d8,electricity,20,2045,0.01
WEU,urb,d8,electricity,20,2045,0.01
WEU,rur,d9,electricity,20,2045,0.01
WEU,urb,d9,electricity,20,2045,0.01
WEU,rur,d10,electricity,20,2045,0.01
WEU,urb,d10,electricity,20,2045,0.01
WEU,rur,d1,biomass_solid,20,2050,0.01
WEU,urb,d1,biomass_solid,20,2050,0.01
WEU,rur,d2,biomass_solid,20,2050,0.01
WEU,urb,d2,biomass_solid,20,2050,0.01
WEU,rur,d3,biomass_solid,20,2050,0.01
WEU,urb,d3,biomass_solid,20,2050,0.01
WEU,rur,d4,biomass_solid,20,2050,0.01
WEU,urb,d4,biomass_solid,20,2050,0.01
WEU,rur,d5,biomass_solid,20,2050,0.01
WEU,urb,d5,biomass_solid,20,2050,0.01
WEU,rur,d6,biomass_solid,20,2050,0.01
WEU,urb,d6,biomass_solid,20,2050,0.01
WEU,rur,d7,biomass_solid,20,2050,0.01
WEU,urb,d7,biomass_solid,20,2050,0.01
WEU,rur,d8,biomass_solid,20,2050,0.01
WEU,urb,d8,biomass_solid,20,2050,0.01
WEU,rur,d9,biomass_solid,20,2050,0.01
WEU,urb,d9,biomass_solid,20,2050,0.01
WEU,rur,d10,biomass_solid,20,2050,0.01
WEU,urb,d10,biomass_solid,20,2050,0.01
WEU,rur,d1,coal,20,2050,0.01
WEU,urb,d1,coal,20,2050,0.01
WEU,rur,d2,coal,20,2050,0.01
WEU,urb,d2,coal,20,2050,0.01
WEU,rur,d3,coal,20,2050,0.01
WEU,urb,d3,coal,20,2050,0.01
WEU,rur,d4,coal,20,2050,0.01
WEU,urb,d4,coal,20,2050,0.01
WEU,rur,d5,coal,20,2050,0.01
WEU,urb,d5,coal,20,2050,0.01
WEU,rur,d6,coal,20,2050,0.01
WEU,urb,d6,coal,20,2050,0.01
WEU,rur,d7,coal,20,2050,0.01
WEU,urb,d7,coal,20,2050,0.01
WEU,rur,d8,coal,20,2050,0.01
WEU,urb,d8,coal,20,2050,0.01
WEU,rur,d9,coal,20,2050,0.01
WEU,urb,d9,coal,20,2050,0.01
WEU,rur,d10,coal,20,2050,0.01
WEU,urb,d10,coal,20,2050,0.01
WEU,rur,d1,oil,20,2050,0.01
WEU,urb,d1,oil,20,2050,0.01
WEU,rur,d2,oil,20,2050,0.01
WEU,urb,d2,oil,20,2050,0.01
WEU,rur,d3,oil,20,2050,0.01
WEU,urb,d3,oil,20,2050,0.01
WEU,rur,d4,oil,20,2050,0.01
WEU,urb,d4,oil,20,2050,0.01
WEU,rur,d5,oil,20,2050,0.01
WEU,urb,d5,oil,20,2050,0.01
WEU,rur,d6,oil,20,2050,0.01
WEU,urb,d6,oil,20,2050,0.01
WEU,rur,d7,oil,20,2050,0.01
WEU,urb,d7,oil,20,2050,0.01
WEU,rur,d8,oil,20,2050,0.01
WEU,urb,d8,oil,20,2050,0.01
WEU,rur,d9,oil,20,2050,0.01
WEU,urb,d9,oil,20,2050,0.01
WEU,rur,d10,oil,20,2050,0.01
WEU,urb,d10,oil,20,2050,0.01
WEU,rur,d1,gas,20,2050,0.01
WEU,urb,d1,gas,20,2050,0.01
WEU,rur,d2,gas,20,2050,0.01
WEU,urb,d2,gas,20,2050,0.01
WEU,rur,d3,gas,20,2050,0.01
WEU,urb,d3,gas,20,2050,0.01
WEU,rur,d4,gas,20,2050,0.01
WEU,urb,d4,gas,20,2050,0.01
WEU,rur,d5,gas,20,2050,0.01
WEU,urb,d5,gas,20,2050,0.01
WEU,rur,d6,gas,20,2050,0.01
WEU,urb,d6,gas,20,2050,0.01
WEU,rur,d7,gas,20,2050,0.01
WEU,urb,d7,gas,20,2050,0.01
WEU,rur,d8,gas,20,2050,0.01
WEU,urb,d8,gas,20,2050,0.01
WEU,rur,d9,gas,20,2050,0.01
WEU,urb,d9,gas,20,2050,0.01
WEU,rur,d10,gas,20,2050,0.01
WEU,urb,d10,gas,20,2050,0.01
WEU,rur,d1,electricity,20,2050,0.01
WEU,urb,d1,electricity,20,2050,0.01
WEU,rur,d2,electricity,20,2050,0.01
WEU,urb,d2,electricity,20,2050,0.01
WEU,rur,d3,electricity,20,2050,0.01
WEU,urb,d3,electricity,20,2050,0.01
WEU,rur,d4,electricity,20,2050,0.01
WEU,urb,d4,electricity,20,2050,0.01
WEU,rur,d5,electricity,20,2050,0.01
WEU,urb,d5,electricity,20,2050,0.01
WEU,rur,d6,electricity,20,2050,0.01
WEU,urb,d6,electricity,20,2050,0.01
WEU,rur,d7,electricity,20,2050,0.01
WEU,urb,d7,electricity,20,2050,0.01
WEU,rur,d8,electricity,20,2050,0.01
WEU,urb,d8,electricity,20,2050,0.01
WEU,rur,d9,electricity,20,2050,0.01
WEU,urb,d9,electricity,20,2050,0.01
WEU,rur,d10,electricity,20,2050,0.01
WEU,urb,d10,electricity,20,2050,0.01
WEU,rur,d1,biomass_solid,20,2055,0.01
WEU,urb,d1,biomass_solid,20,2055,0.01
WEU,rur,d2,biomass_solid,20,2055,0.01
WEU,urb,d2,biomass_solid,20,2055,0.01
WEU,rur,d3,biomass_solid,20,2055,0.01
WEU,urb,d3,biomass_solid,20,2055,0.01
WEU,rur,d4,biomass_solid,20,2055,0.01
WEU,urb,d4,biomass_solid,20,2055,0.01
WEU,rur,d5,biomass_solid,20,2055,0.01
WEU,urb,d5,biomass_solid,20,2055,0.01
WEU,rur,d6,biomass_solid,20,2055,0.01
WEU,urb,d6,biomass_solid,20,2055,0.01
WEU,rur,d7,biomass_solid,20,2055,0.01
WEU,urb,d7,biomass_solid,20,2055,0.01
WEU,rur,d8,biomass_solid,20,2055,0.01
WEU,urb,d8,biomass_solid,20,2055,0.01
WEU,rur,d9,biomass_solid,20,2055,0.01
WEU,urb,d9,biomass_solid,20,2055,0.01
WEU,rur,d10,biomass_solid,20,2055,0.01
WEU,urb,d10,biomass_solid,20,2055,0.01
WEU,rur,d1,coal,20,2055,0.01
WEU,urb,d1,coal,20,2055,0.01
WEU,rur,d2,coal,20,2055,0.01
WEU,urb,d2,coal,20,2055,0.01
WEU,rur,d3,coal,20,2055,0.01
WEU,urb,d3,coal,20,2055,0.01
WEU,rur,d4,coal,20,2055,0.01
WEU,urb,d4,coal,20,2055,0.01
WEU,rur,d5,coal,20,2055,0.01
WEU,urb,d5,coal,20,2055,0.01
WEU,rur,d6,coal,20,2055,0.01
WEU,urb,d6,coal,20,2055,0.01
WEU,rur,d7,coal,20,2055,0.01
WEU,urb,d7,coal,20,2055,0.01
WEU,rur,d8,coal,20,2055,0.01
WEU,urb,d8,coal,20,2055,0.01
WEU,rur,d9,coal,20,2055,0.01
WEU,urb,d9,coal,20,2055,0.01
WEU,rur,d10,coal,20,2055,0.01
WEU,urb,d10,coal,20,2055,0.01
WEU,rur,d1,oil,20,2055,0.01
WEU,urb,d1,oil,20,2055,0.01
WEU,rur,d2,oil,20,2055,0.01
WEU,urb,d2,oil,20,2055,0.01
WEU,rur,d3,oil,20,2055,0.01
WEU,urb,d3,oil,20,2055,0.01
WEU,rur,d4,oil,20,2055,0.01
WEU,urb,d4,oil,20,2055,0.01
WEU,rur,d5,oil,20,2055,0.01
WEU,urb,d5,oil,20,2055,0.01
WEU,rur,d6,oil,20,2055,0.01
WEU,urb,d6,oil,20,2055,0.01
WEU,rur,d7,oil,20,2055,0.01
WEU,urb,d7,oil,20,2055,0.01
WEU,rur,d8,oil,20,2055,0.01
WEU,urb,d8,oil,20,2055,0.01
WEU,rur,d9,oil,20,2055,0.01
WEU,urb,d9,oil,20,2055,0.01
WEU,rur,d10,oil,20,2055,0.01
WEU,urb,d10,oil,20,2055,0.01
WEU,rur,d1,gas,20,2055,0.01
WEU,urb,d1,gas,20,2055,0.01
WEU,rur,d2,gas,20,2055,0.01
WEU,urb,d2,gas,20,2055,0.01
WEU,rur,d3,gas,20,2055,0.01
WEU,urb,d3,gas,20,2055,0.01
WEU,rur,d4,gas,20,2055,0.01
WEU,urb,d4,gas,20,2055,0.01
WEU,rur,d5,gas,20,2055,0.01
WEU,urb,d5,gas,20,2055,0.01
WEU,rur,d6,gas,20,2055,0.01
WEU,urb,d6,gas,20,2055,0.01
WEU,rur,d7,gas,20,2055,0.01
WEU,urb,d7,gas,20,2055,0.01
WEU,rur,d8,gas,20,2055,0.01
WEU,urb,d8,gas,20,2055,0.01
WEU,rur,d9,gas,20,2055,0.01
WEU,urb,d9,gas,20,2055,0.01
WEU,rur,d10,gas,20,2055,0.01
WEU,urb,d10,gas,20,2055,0.01
WEU,rur,d1,electricity,20,2055,0.01
WEU,urb,d1,electricity,20,2055,0.01
WEU,rur,d2,electricity,20,2055,0.01
WEU,urb,d2,electricity,20,2055,0.01
WEU,rur,d3,electricity,20,2055,0.01
WEU,urb,d3,electricity,20,2055,0.01
WEU,rur,d4,electricity,20,2055,0.01
WEU,urb,d4,electricity,20,2055,0.01
WEU,rur,d5,electricity,20,2055,0.01
WEU,urb,d5,electricity,20,2055,0.01
WEU,rur,d6,electricity,20,2055,0.01
WEU,urb,d6,electricity,20,2055,0.01
WEU,rur,d7,electricity,20,2055,0.01
WEU,urb,d7,electricity,20,2055,0.01
WEU,rur,d8,electricity,20,2055,0.01
WEU,urb,d8,electricity,20,2055,0.01
WEU,rur,d9,electricity,20,2055,0.01
WEU,urb,d9,electricity,20,2055,0.01
WEU,rur,d10,electricity,20,2055,0.01
WEU,urb,d10,electricity,20,2055,0.01
WEU,rur,d1,biomass_solid,20,2060,0.01
WEU,urb,d1,biomass_solid,20,2060,0.01
WEU,rur,d2,biomass_solid,20,2060,0.01
WEU,urb,d2,biomass_solid,20,2060,0.01
WEU,rur,d3,biomass_solid,20,2060,0.01
WEU,urb,d3,biomass_solid,20,2060,0.01
WEU,rur,d4,biomass_solid,20,2060,0.01
WEU,urb,d4,biomass_solid,20,2060,0.01
WEU,rur,d5,biomass_solid,20,2060,0.01
WEU,urb,d5,biomass_solid,20,2060,0.01
WEU,rur,d6,biomass_solid,20,2060,0.01
WEU,urb,d6,biomass_solid,20,2060,0.01
WEU,rur,d7,biomass_solid,20,2060,0.01
WEU,urb,d7,biomass_solid,20,2060,0.01
WEU,rur,d8,biomass_solid,20,2060,0.01
WEU,urb,d8,biomass_solid,20,2060,0.01
WEU,rur,d9,biomass_solid,20,2060,0.01
WEU,urb,d9,biomass_solid,20,2060,0.01
WEU,rur,d10,biomass_solid,20,2060,0.01
WEU,urb,d10,biomass_solid,20,2060,0.01
WEU,rur,d1,coal,20,2060,0.01
WEU,urb,d1,coal,20,2060,0.01
WEU,rur,d2,coal,20,2060,0.01
WEU,urb,d2,coal,20,2060,0.01
WEU,rur,d3,coal,20,2060,0.01
WEU,urb,d3,coal,20,2060,0.01
WEU,rur,d4,coal,20,2060,0.01
WEU,urb,d4,coal,20,2060,0.01
WEU,rur,d5,coal,20,2060,0.01
WEU,urb,d5,coal,20,2060,0.01
WEU,rur,d6,coal,20,2060,0.01
WEU,urb,d6,coal,20,2060,0.01
WEU,rur,d7,coal,20,2060,0.01
WEU,urb,d7,coal,20,2060,0.01
WEU,rur,d8,coal,20,2060,0.01
WEU,urb,d8,coal,20,2060,0.01
WEU,rur,d9,coal,20,2060,0.01
WEU,urb,d9,coal,20,2060,0.01
WEU,rur,d10,coal,20,2060,0.01
WEU,urb,d10,coal,20,2060,0.01
WEU,rur,d1,oil,20,2060,0.01
WEU,urb,d1,oil,20,2060,0.01
WEU,rur,d2,oil,20,2060,0.01
WEU,urb,d2,oil,20,2060,0.01
WEU,rur,d3,oil,20,2060,0.01
WEU,urb,d3,oil,20,2060,0.01
WEU,rur,d4,oil,20,2060,0.01
WEU,urb,d4,oil,20,2060,0.01
WEU,rur,d5,oil,20,2060,0.01
WEU,urb,d5,oil,20,2060,0.01
WEU,rur,d6,oil,20,2060,0.01
WEU,urb,d6,oil,20,2060,0.01
WEU,rur,d7,oil,20,2060,0.01
WEU,urb,d7,oil,20,2060,0.01
WEU,rur,d8,oil,20,2060,0.01
WEU,urb,d8,oil,20,2060,0.01
WEU,rur,d9,oil,20,2060,0.01
WEU,urb,d9,oil,20,2060,0.01
WEU,rur,d10,oil,20,2060,0.01
WEU,urb,d10,oil,20,2060,0.01
WEU,rur,d1,gas,20,2060,0.01
WEU,urb,d1,gas,20,2060,0.01
WEU,rur,d2,gas,20,2060,0.01
WEU,urb,d2,gas,20,2060,0.01
WEU,rur,d3,gas,20,2060,0.01
WEU,urb,d3,gas,20,2060,0.01
WEU,rur,d4,gas,20,2060,0.01
WEU,urb,d4,gas,20,2060,0.01
WEU,rur,d5,gas,20,2060,0.01
WEU,urb,d5,gas,20,2060,0.01
WEU,rur,d6,gas,20,2060,0.01
WEU,urb,d6,gas,20,2060,0.01
WEU,rur,d7,gas,20,2060,0.01
WEU,urb,d7,gas,20,2060,0.01
WEU,rur,d8,gas,20,2060,0.01
WEU,urb,d8,gas,20,2060,0.01
WEU,rur,d9,gas,20,2060,0.01
WEU,urb,d9,gas,20,2060,0.01
WEU,rur,d10,gas,20,2060,0.01
WEU,urb,d10,gas,20,2060,0.01
WEU,rur,d1,electricity,20,2060,0.01
WEU,urb,d1,electricity,20,2060,0.01
WEU,rur,d2,electricity,20,2060,0.01
WEU,urb,d2,electricity,20,2060,0.01
WEU,rur,d3,electricity,20,2060,0.01
WEU,urb,d3,electricity,20,2060,0.01
WEU,rur,d4,electricity,20,2060,0.01
WEU,urb,d4,electricity,20,2060,0.01
WEU,rur,d5,electricity,20,2060,0.01
WEU,urb,d5,electricity,20,2060,0.01
WEU,rur,d6,electricity,20,2060,0.01
WEU,urb,d6,electricity,20,2060,0.01
WEU,rur,d7,electricity,20,2060,0.01
WEU,urb,d7,electricity,20,2060,0.01
WEU,rur,d8,electricity,20,2060,0.01
WEU,urb,d8,electricity,20,2060,0.01
WEU,rur,d9,electricity,20,2060,0.01
WEU,urb,d9,electricity,20,2060,0.01
WEU,rur,d10,electricity,20,2060,0.01
WEU,urb,d10,electricity,20,2060,0.01
WEU,rur,d1,biomass_solid,20,2065,0.01
WEU,urb,d1,biomass_solid,20,2065,0.01
WEU,rur,d2,biomass_solid,20,2065,0.01
WEU,urb,d2,biomass_solid,20,2065,0.01
WEU,rur,d3,biomass_solid,20,2065,0.01
WEU,urb,d3,biomass_solid,20,2065,0.01
WEU,rur,d4,biomass_solid,20,2065,0.01
WEU,urb,d4,biomass_solid,20,2065,0.01
WEU,rur,d5,biomass_solid,20,2065,0.01
WEU,urb,d5,biomass_solid,20,2065,0.01
WEU,rur,d6,biomass_solid,20,2065,0.01
WEU,urb,d6,biomass_solid,20,2065,0.01
WEU,rur,d7,biomass_solid,20,2065,0.01
WEU,urb,d7,biomass_solid,20,2065,0.01
WEU,rur,d8,biomass_solid,20,2065,0.01
WEU,urb,d8,biomass_solid,20,2065,0.01
WEU,rur,d9,biomass_solid,20,2065,0.01
WEU,urb,d9,biomass_solid,20,2065,0.01
WEU,rur,d10,biomass_solid,20,2065,0.01
WEU,urb,d10,biomass_solid,20,2065,0.01
WEU,rur,d1,coal,20,2065,0.01
WEU,urb,d1,coal,20,2065,0.01
WEU,rur,d2,coal,20,2065,0.01
WEU,urb,d2,coal,20,2065,0.01
WEU,rur,d3,coal,20,2065,0.01
WEU,urb,d3,coal,20,2065,0.01
WEU,rur,d4,coal,20,2065,0.01
WEU,urb,d4,coal,20,2065,0.01
WEU,rur,d5,coal,20,2065,0.01
WEU,urb,d5,coal,20,2065,0.01
WEU,rur,d6,coal,20,2065,0.01
WEU,urb,d6,coal,20,2065,0.01
WEU,rur,d7,coal,20,2065,0.01
WEU,urb,d7,coal,20,2065,0.01
WEU,rur,d8,coal,20,2065,0.01
WEU,urb,d8,coal,20,2065,0.01
WEU,rur,d9,coal,20,2065,0.01
WEU,urb,d9,coal,20,2065,0.01
WEU,rur,d10,coal,20,2065,0.01
WEU,urb,d10,coal,20,2065,0.01
WEU,rur,d1,oil,20,2065,0.01
WEU,urb,d1,oil,20,2065,0.01
WEU,rur,d2,oil,20,2065,0.01
WEU,urb,d2,oil,20,2065,0.01
WEU,rur,d3,oil,20,2065,0.01
WEU,urb,d3,oil,20,2065,0.01
WEU,rur,d4,oil,20,2065,0.01
WEU,urb,d4,oil,20,2065,0.01
WEU,rur,d5,oil,20,2065,0.01
WEU,urb,d5,oil,20,2065,0.01
WEU,rur,d6,oil,20,2065,0.01
WEU,urb,d6,oil,20,2065,0.01
WEU,rur,d7,oil,20,2065,0.01
WEU,urb,d7,oil,20,2065,0.01
WEU,rur,d8,oil,20,2065,0.01
WEU,urb,d8,oil,20,2065,0.01
WEU,rur,d9,oil,20,2065,0.01
WEU,urb,d9,oil,20,2065,0.01
WEU,rur,d10,oil,20,2065,0.01
WEU,urb,d10,oil,20,2065,0.01
WEU,rur,d1,gas,20,2065,0.01
WEU,urb,d1,gas,20,2065,0.01
WEU,rur,d2,gas,20,2065,0.01
WEU,urb,d2,gas,20,2065,0.01
WEU,rur,d3,gas,20,2065,0.01
WEU,urb,d3,gas,20,2065,0.01
WEU,rur,d4,gas,20,2065,0.01
WEU,urb,d4,gas,20,2065,0.01
WEU,rur,d5,gas,20,2065,0.01
WEU,urb,d5,gas,20,2065,0.01
WEU,rur,d6,gas,20,2065,0.01
WEU,urb,d6,gas,20,2065,0.01
WEU,rur,d7,gas,20,2065,0.01
WEU,urb,d7,gas,20,2065,0.01
WEU,rur,d8,gas,20,2065,0.01
WEU,urb,d8,gas,20,2065,0.01
WEU,rur,d9,gas,20,2065,0.01
WEU,urb,d9,gas,20,2065,0.01
WEU,rur,d10,gas,20,2065,0.01
WEU,urb,d10,gas,20,2065,0.01
WEU,rur,d1,electricity,20,2065,0.01
WEU,urb,d1,electricity,20,2065,0.01
WEU,rur,d2,electricity,20,2065,0.01
WEU,urb,d2,electricity,20,2065,0.01
WEU,rur,d3,electricity,20,2065,0.01
WEU,urb,d3,electricity,20,2065,0.01
WEU,rur,d4,electricity,20,2065,0.01
WEU,urb,d4,electricity,20,2065,0.01
WEU,rur,d5,electricity,20,2065,0.01
WEU,urb,d5,electricity,20,2065,0.01
WEU,rur,d6,electricity,20,2065,0.01
WEU,urb,d6,electricity,20,2065,0.01
WEU,rur,d7,electricity,20,2065,0.01
WEU,urb,d7,electricity,20,2065,0.01
WEU,rur,d8,electricity,20,2065,0.01
WEU,urb,d8,electricity,20,2065,0.01
WEU,rur,d9,electricity,20,2065,0.01
WEU,urb,d9,electricity,20,2065,0.01
WEU,rur,d10,electricity,20,2065,0.01
WEU,urb,d10,electricity,20,2065,0.01
WEU,rur,d1,biomass_solid,20,2070,0.01
WEU,urb,d1,biomass_solid,20,2070,0.01
WEU,rur,d2,biomass_solid,20,2070,0.01
WEU,urb,d2,biomass_solid,20,2070,0.01
WEU,rur,d3,biomass_solid,20,2070,0.01
WEU,urb,d3,biomass_solid,20,2070,0.01
WEU,rur,d4,biomass_solid,20,2070,0.01
WEU,urb,d4,biomass_solid,20,2070,0.01
WEU,rur,d5,biomass_solid,20,2070,0.01
WEU,urb,d5,biomass_solid,20,2070,0.01
WEU,rur,d6,biomass_solid,20,2070,0.01
WEU,urb,d6,biomass_solid,20,2070,0.01
WEU,rur,d7,biomass_solid,20,2070,0.01
WEU,urb,d7,biomass_solid,20,2070,0.01
WEU,rur,d8,biomass_solid,20,2070,0.01
WEU,urb,d8,biomass_solid,20,2070,0.01
WEU,rur,d9,biomass_solid,20,2070,0.01
WEU,urb,d9,biomass_solid,20,2070,0.01
WEU,rur,d10,biomass_solid,20,2070,0.01
WEU,urb,d10,biomass_solid,20,2070,0.01
WEU,rur,d1,coal,20,2070,0.01
WEU,urb,d1,coal,20,2070,0.01
WEU,rur,d2,coal,20,2070,0.01
WEU,urb,d2,coal,20,2070,0.01
WEU,rur,d3,coal,20,2070,0.01
WEU,urb,d3,coal,20,2070,0.01
WEU,rur,d4,coal,20,2070,0.01
WEU,urb,d4,coal,20,2070,0.01
WEU,rur,d5,coal,20,2070,0.01
WEU,urb,d5,coal,20,2070,0.01
WEU,rur,d6,coal,20,2070,0.01
WEU,urb,d6,coal,20,2070,0.01
WEU,rur,d7,coal,20,2070,0.01
WEU,urb,d7,coal,20,2070,0.01
WEU,rur,d8,coal,20,2070,0.01
WEU,urb,d8,coal,20,2070,0.01
WEU,rur,d9,coal,20,2070,0.01
WEU,urb,d9,coal,20,2070,0.01
WEU,rur,d10,coal,20,2070,0.01
WEU,urb,d10,coal,20,2070,0.01
WEU,rur,d1,oil,20,2070,0.01
WEU,urb,d1,oil,20,2070,0.01
WEU,rur,d2,oil,20,2070,0.01
WEU,urb,d2,oil,20,2070,0.01
WEU,rur,d3,oil,20,2070,0.01
WEU,urb,d3,oil,20,2070,0.01
WEU,rur,d4,oil,20,2070,0.01
WEU,urb,d4,oil,20,2070,0.01
WEU,rur,d5,oil,20,2070,0.01
WEU,urb,d5,oil,20,2070,0.01
WEU,rur,d6,oil,20,2070,0.01
WEU,urb,d6,oil,20,2070,0.01
WEU,rur,d7,oil,20,2070,0.01
WEU,urb,d7,oil,20,2070,0.01
WEU,rur,d8,oil,20,2070,0.01
WEU,urb,d8,oil,20,2070,0.01
WEU,rur,d9,oil,20,2070,0.01
WEU,urb,d9,oil,20,2070,0.01
WEU,rur,d10,oil,20,2070,0.01
WEU,urb,d10,oil,20,2070,0.01
WEU,rur,d1,gas,20,2070,0.01
WEU,urb,d1,gas,20,2070,0.01
WEU,rur,d2,gas,20,2070,0.01
WEU,urb,d2,gas,20,2070,0.01
WEU,rur,d3,gas,20,2070,0.01
WEU,urb,d3,gas,20,2070,0.01
WEU,rur,d4,gas,20,2070,0.01
WEU,urb,d4,gas,20,2070,0.01
WEU,rur,d5,gas,20,2070,0.01
WEU,urb,d5,gas,20,2070,0.01
WEU,rur,d6,gas,20,2070,0.01
WEU,urb,d6,gas,20,2070,0.01
WEU,rur,d7,gas,20,2070,0.01
WEU,urb,d7,gas,20,2070,0.01
WEU,rur,d8,gas,20,2070,0.01
WEU,urb,d8,gas,20,2070,0.01
WEU,rur,d9,gas,20,2070,0.01
WEU,urb,d9,gas,20,2070,0.01
WEU,rur,d10,gas,20,2070,0.01
WEU,urb,d10,gas,20,2070,0.01
WEU,rur,d1,electricity,20,2070,0.01
WEU,urb,d1,electricity,20,2070,0.01
WEU,rur,d2,electricity,20,2070,0.01
WEU,urb,d2,electricity,20,2070,0.01
WEU,rur,d3,electricity,20,2070,0.01
WEU,urb,d3,electricity,20,2070,0.01
WEU,rur,d4,electricity,20,2070,0.01
WEU,urb,d4,electricity,20,2070,0.01
WEU,rur,d5,electricity,20,2070,0.01
WEU,urb,d5,electricity,20,2070,0.01
WEU,rur,d6,electricity,20,2070,0.01
WEU,urb,d6,electricity,20,2070,0.01
WEU,rur,d7,electricity,20,2070,0.01
WEU,urb,d7,electricity,20,2070,0.01
WEU,rur,d8,electricity,20,2070,0.01
WEU,urb,d8,electricity,20,2070,0.01
WEU,rur,d9,electricity,20,2070,0.01
WEU,urb,d9,electricity,20,2070,0.01
WEU,rur,d10,electricity,20,2070,0.01
WEU,urb,d10,electricity,20,2070,0.01
WEU,rur,d1,biomass_solid,20,2075,0.01
WEU,urb,d1,biomass_solid,20,2075,0.01
WEU,rur,d2,biomass_solid,20,2075,0.01
WEU,urb,d2,biomass_solid,20,2075,0.01
WEU,rur,d3,biomass_solid,20,2075,0.01
WEU,urb,d3,biomass_solid,20,2075,0.01
WEU,rur,d4,biomass_solid,20,2075,0.01
WEU,urb,d4,biomass_solid,20,2075,0.01
WEU,rur,d5,biomass_solid,20,2075,0.01
WEU,urb,d5,biomass_solid,20,2075,0.01
WEU,rur,d6,biomass_solid,20,2075,0.01
WEU,urb,d6,biomass_solid,20,2075,0.01
WEU,rur,d7,biomass_solid,20,2075,0.01
WEU,urb,d7,biomass_solid,20,2075,0.01
WEU,rur,d8,biomass_solid,20,2075,0.01
WEU,urb,d8,biomass_solid,20,2075,0.01
WEU,rur,d9,biomass_solid,20,2075,0.01
WEU,urb,d9,biomass_solid,20,2075,0.01
WEU,rur,d10,biomass_solid,20,2075,0.01
WEU,urb,d10,biomass_solid,20,2075,0.01
WEU,rur,d1,coal,20,2075,0.01
WEU,urb,d1,coal,20,2075,0.01
WEU,rur,d2,coal,20,2075,0.01
WEU,urb,d2,coal,20,2075,0.01
WEU,rur,d3,coal,20,2075,0.01
WEU,urb,d3,coal,20,2075,0.01
WEU,rur,d4,coal,20,2075,0.01
WEU,urb,d4,coal,20,2075,0.01
WEU,rur,d5,coal,20,2075,0.01
WEU,urb,d5,coal,20,2075,0.01
WEU,rur,d6,coal,20,2075,0.01
WEU,urb,d6,coal,20,2075,0.01
WEU,rur,d7,coal,20,2075,0.01
WEU,urb,d7,coal,20,2075,0.01
WEU,rur,d8,coal,20,2075,0.01
WEU,urb,d8,coal,20,2075,0.01
WEU,rur,d9,coal,20,2075,0.01
WEU,urb,d9,coal,20,2075,0.01
WEU,rur,d10,coal,20,2075,0.01
WEU,urb,d10,coal,20,2075,0.01
WEU,rur,d1,oil,20,2075,0.01
WEU,urb,d1,oil,20,2075,0.01
WEU,rur,d2,oil,20,2075,0.01
WEU,urb,d2,oil,20,2075,0.01
WEU,rur,d3,oil,20,2075,0.01
WEU,urb,d3,oil,20,2075,0.01
WEU,rur,d4,oil,20,2075,0.01
WEU,urb,d4,oil,20,2075,0.01
WEU,rur,d5,oil,20,2075,0.01
WEU,urb,d5,oil,20,2075,0.01
WEU,rur,d6,oil,20,2075,0.01
WEU,urb,d6,oil,20,2075,0.01
WEU,rur,d7,oil,20,2075,0.01
WEU,urb,d7,oil,20,2075,0.01
WEU,rur,d8,oil,20,2075,0.01
WEU,urb,d8,oil,20,2075,0.01
WEU,rur,d9,oil,20,2075,0.01
WEU,urb,d9,oil,20,2075,0.01
WEU,rur,d10,oil,20,2075,0.01
WEU,urb,d10,oil,20,2075,0.01
WEU,rur,d1,gas,20,2075,0.01
WEU,urb,d1,gas,20,2075,0.01
WEU,rur,d2,gas,20,2075,0.01
WEU,urb,d2,gas,20,2075,0.01
WEU,rur,d3,gas,20,2075,0.01
WEU,urb,d3,gas,20,2075,0.01
WEU,rur,d4,gas,20,2075,0.01
WEU,urb,d4,gas,20,2075,0.01
WEU,rur,d5,gas,20,2075,0.01
WEU,urb,d5,gas,20,2075,0.01
WEU,rur,d6,gas,20,2075,0.01
WEU,urb,d6,gas,20,2075,0.01
WEU,rur,d7,gas,20,2075,0.01
WEU,urb,d7,gas,20,2075,0.01
WEU,rur,d8,gas,20,2075,0.01
WEU,urb,d8,gas,20,2075,0.01
WEU,rur,d9,gas,20,2075,0.01
WEU,urb,d9,gas,20,2075,0.01
WEU,rur,d10,gas,20,2075,0.01
WEU,urb,d10,gas,20,2075,0.01
WEU,rur,d1,electricity,20,2075,0.01
WEU,urb,d1,electricity,20,2075,0.01
WEU,rur,d2,electricity,20,2075,0.01
WEU,urb,d2,electricity,20,2075,0.01
WEU,rur,d3,electricity,20,2075,0.01
WEU,urb,d3,electricity,20,2075,0.01
WEU,rur,d4,electricity,20,2075,0.01
WEU,urb,d4,electricity,20,2075,0.01
WEU,rur,d5,electricity,20,2075,0.01
WEU,urb,d5,electricity,20,2075,0.01
WEU,rur,d6,electricity,20,2075,0.01
WEU,urb,d6,electricity,20,2075,0.01
WEU,rur,d7,electricity,20,2075,0.01
WEU,urb,d7,electricity,20,2075,0.01
WEU,rur,d8,electricity,20,2075,0.01
WEU,urb,d8,electricity,20,2075,0.01
WEU,rur,d9,electricity,20,2075,0.01
WEU,urb,d9,electricity,20,2075,0.01
WEU,rur,d10,electricity,20,2075,0.01
WEU,urb,d10,electricity,20,2075,0.01
WEU,rur,d1,biomass_solid,20,2080,0.01
WEU,urb,d1,biomass_solid,20,2080,0.01
WEU,rur,d2,biomass_solid,20,2080,0.01
WEU,urb,d2,biomass_solid,20,2080,0.01
WEU,rur,d3,biomass_solid,20,2080,0.01
WEU,urb,d3,biomass_solid,20,2080,0.01
WEU,rur,d4,biomass_solid,20,2080,0.01
WEU,urb,d4,biomass_solid,20,2080,0.01
WEU,rur,d5,biomass_solid,20,2080,0.01
WEU,urb,d5,biomass_solid,20,2080,0.01
WEU,rur,d6,biomass_solid,20,2080,0.01
WEU,urb,d6,biomass_solid,20,2080,0.01
WEU,rur,d7,biomass_solid,20,2080,0.01
WEU,urb,d7,biomass_solid,20,2080,0.01
WEU,rur,d8,biomass_solid,20,2080,0.01
WEU,urb,d8,biomass_solid,20,2080,0.01
WEU,rur,d9,biomass_solid,20,2080,0.01
WEU,urb,d9,biomass_solid,20,2080,0.01
WEU,rur,d10,biomass_solid,20,2080,0.01
WEU,urb,d10,biomass_solid,20,2080,0.01
WEU,rur,d1,coal,20,2080,0.01
WEU,urb,d1,coal,20,2080,0.01
WEU,rur,d2,coal,20,2080,0.01
WEU,urb,d2,coal,20,2080,0.01
WEU,rur,d3,coal,20,2080,0.01
WEU,urb,d3,coal,20,2080,0.01
WEU,rur,d4,coal,20,2080,0.01
WEU,urb,d4,coal,20,2080,0.01
WEU,rur,d5,coal,20,2080,0.01
WEU,urb,d5,coal,20,2080,0.01
WEU,rur,d6,coal,20,2080,0.01
WEU,urb,d6,coal,20,2080,0.01
WEU,rur,d7,coal,20,2080,0.01
WEU,urb,d7,coal,20,2080,0.01
WEU,rur,d8,coal,20,2080,0.01
WEU,urb,d8,coal,20,2080,0.01
WEU,rur,d9,coal,20,2080,0.01
WEU,urb,d9,coal,20,2080,0.01
WEU,rur,d10,coal,20,2080,0.01
WEU,urb,d10,coal,20,2080,0.01
WEU,rur,d1,oil,20,2080,0.01
WEU,urb,d1,oil,20,2080,0.01
WEU,rur,d2,oil,20,2080,0.01
WEU,urb,d2,oil,20,2080,0.01
WEU,rur,d3,oil,20,2080,0.01
WEU,urb,d3,oil,20,2080,0.01
WEU,rur,d4,oil,20,2080,0.01
WEU,urb,d4,oil,20,2080,0.01
WEU,rur,d5,oil,20,2080,0.01
WEU,urb,d5,oil,20,2080,0.01
WEU,rur,d6,oil,20,2080,0.01
WEU,urb,d6,oil,20,2080,0.01
WEU,rur,d7,oil,20,2080,0.01
WEU,urb,d7,oil,20,2080,0.01
WEU,rur,d8,oil,20,2080,0.01
WEU,urb,d8,oil,20,2080,0.01
WEU,rur,d9,oil,20,2080,0.01
WEU,urb,d9,oil,20,2080,0.01
WEU,rur,d10,oil,20,2080,0.01
WEU,urb,d10,oil,20,2080,0.01
WEU,rur,d1,gas,20,2080,0.01
WEU,urb,d1,gas,20,2080,0.01
WEU,rur,d2,gas,20,2080,0.01
WEU,urb,d2,gas,20,2080,0.01
WEU,rur,d3,gas,20,2080,0.01
WEU,urb,d3,gas,20,2080,0.01
WEU,rur,d4,gas,20,2080,0.01
WEU,urb,d4,gas,20,2080,0.01
WEU,rur,d5,gas,20,2080,0.01
WEU,urb,d5,gas,20,2080,0.01
WEU,rur,d6,gas,20,2080,0.01
WEU,urb,d6,gas,20,2080,0.01
WEU,rur,d7,gas,20,2080,0.01
WEU,urb,d7,gas,20,2080,0.01
WEU,rur,d8,gas,20,2080,0.01
WEU,urb,d8,gas,20,2080,0.01
WEU,rur,d9,gas,20,2080,0.01
WEU,urb,d9,gas,20,2080,0.01
WEU,rur,d10,gas,20,2080,0.01
WEU,urb,d10,gas,20,2080,0.01
WEU,rur,d1,electricity,20,2080,0.01
WEU,urb,d1,electricity,20,2080,0.01
WEU,rur,d2,electricity,20,2080,0.01
WEU,urb,d2,electricity,20,2080,0.01
WEU,rur,d3,electricity,20,2080,0.01
WEU,urb,d3,electricity,20,2080,0.01
WEU,rur,d4,electricity,20,2080,0.01
WEU,urb,d4,electricity,20,2080,0.01
WEU,rur,d5,electricity,20,2080,0.01
WEU,urb,d5,electricity,20,2080,0.01
WEU,rur,d6,electricity,20,2080,0.01
WEU,urb,d6,electricity,20,2080,0.01
WEU,rur,d7,electricity,20,2080,0.01
WEU,urb,d7,electricity,20,2080,0.01
WEU,rur,d8,electricity,20,2080,0.01
WEU,urb,d8,electricity,20,2080,0.01
WEU,rur,d9,electricity,20,2080,0.01
WEU,urb,d9,electricity,20,2080,0.01
WEU,rur,d10,electricity,20,2080,0.01
WEU,urb,d10,electricity,20,2080,0.01
WEU,rur,d1,biomass_solid,20,2085,0.01
WEU,urb,d1,biomass_solid,20,2085,0.01
WEU,rur,d2,biomass_solid,20,2085,0.01
WEU,urb,d2,biomass_solid,20,2085,0.01
WEU,rur,d3,biomass_solid,20,2085,0.01
WEU,urb,d3,biomass_solid,20,2085,0.01
WEU,rur,d4,biomass_solid,20,2085,0.01
WEU,urb,d4,biomass_solid,20,2085,0.01
WEU,rur,d5,biomass_solid,20,2085,0.01
WEU,urb,d5,biomass_solid,20,2085,0.01
WEU,rur,d6,biomass_solid,20,2085,0.01
WEU,urb,d6,biomass_solid,20,2085,0.01
WEU,rur,d7,biomass_solid,20,2085,0.01
WEU,urb,d7,biomass_solid,20,2085,0.01
WEU,rur,d8,biomass_solid,20,2085,0.01
WEU,urb,d8,biomass_solid,20,2085,0.01
WEU,rur,d9,biomass_solid,20,2085,0.01
WEU,urb,d9,biomass_solid,20,2085,0.01
WEU,rur,d10,biomass_solid,20,2085,0.01
WEU,urb,d10,biomass_solid,20,2085,0.01
WEU,rur,d1,coal,20,2085,0.01
WEU,urb,d1,coal,20,2085,0.01
WEU,rur,d2,coal,20,2085,0.01
WEU,urb,d2,coal,20,2085,0.01
WEU,rur,d3,coal,20,2085,0.01
WEU,urb,d3,coal,20,2085,0.01
WEU,rur,d4,coal,20,2085,0.01
WEU,urb,d4,coal,20,2085,0.01
WEU,rur,d5,coal,20,2085,0.01
WEU,urb,d5,coal,20,2085,0.01
WEU,rur,d6,coal,20,2085,0.01
WEU,urb,d6,coal,20,2085,0.01
WEU,rur,d7,coal,20,2085,0.01
WEU,urb,d7,coal,20,2085,0.01
WEU,rur,d8,coal,20,2085,0.01
WEU,urb,d8,coal,20,2085,0.01
WEU,rur,d9,coal,20,2085,0.01
WEU,urb,d9,coal,20,2085,0.01
WEU,rur,d10,coal,20,2085,0.01
WEU,urb,d10,coal,20,2085,0.01
WEU,rur,d1,oil,20,2085,0.01
WEU,urb,d1,oil,20,2085,0.01
WEU,rur,d2,oil,20,2085,0.01
WEU,urb,d2,oil,20,2085,0.01
WEU,rur,d3,oil,20,2085,0.01
WEU,urb,d3,oil,20,2085,0.01
WEU,rur,d4,oil,20,2085,0.01
WEU,urb,d4,oil,20,2085,0.01
WEU,rur,d5,oil,20,2085,0.01
WEU,urb,d5,oil,20,2085,0.01
WEU,rur,d6,oil,20,2085,0.01
WEU,urb,d6,oil,20,2085,0.01
WEU,rur,d7,oil,20,2085,0.01
WEU,urb,d7,oil,20,2085,0.01
WEU,rur,d8,oil,20,2085,0.01
WEU,urb,d8,oil,20,2085,0.01
WEU,rur,d9,oil,20,2085,0.01
WEU,urb,d9,oil,20,2085,0.01
WEU,rur,d10,oil,20,2085,0.01
WEU,urb,d10,oil,20,2085,0.01
WEU,rur,d1,gas,20,2085,0.01
WEU,urb,d1,gas,20,2085,0.01
WEU,rur,d2,gas,20,2085,0.01
WEU,urb,d2,gas,20,2085,0.01
WEU,rur,d3,gas,20,2085,0.01
WEU,urb,d3,gas,20,2085,0.01
WEU,rur,d4,gas,20,2085,0.01
WEU,urb,d4,gas,20,2085,0.01
WEU,rur,d5,gas,20,2085,0.01
WEU,urb,d5,gas,20,2085,0.01
WEU,rur,d6,gas,20,2085,0.01
WEU,urb,d6,gas,20,2085,0.01
WEU,rur,d7,gas,20,2085,0.01
WEU,urb,d7,gas,20,2085,0.01
WEU,rur,d8,gas,20,2085,0.01
WEU,urb,d8,gas,20,2085,0.01
WEU,rur,d9,gas,20,2085,0.01
WEU,urb,d9,gas,20,2085,0.01
WEU,rur,d10,gas,20,2085,0.01
WEU,urb,d10,gas,20,2085,0.01
WEU,rur,d1,electricity,20,2085,0.01
WEU,urb,d1,electricity,20,2085,0.01
WEU,rur,d2,electricity,20,2085,0.01
WEU,urb,d2,electricity,20,2085,0.01
WEU,rur,d3,electricity,20,2085,0.01
WEU,urb,d3,electricity,20,2085,0.01
WEU,rur,d4,electricity,20,2085,0.01
WEU,urb,d4,electricity,20,2085,0.01
WEU,rur,d5,electricity,20,2085,0.01
WEU,urb,d5,electricity,20,2085,0.01
WEU,rur,d6,electricity,20,2085,0.01
WEU,urb,d6,electricity,20,2085,0.01
WEU,rur,d7,electricity,20,2085,0.01
WEU,urb,d7,electricity,20,2085,0.01
WEU,rur,d8,electricity,20,2085,0.01
WEU,urb,d8,electricity,20,2085,0.01
WEU,rur,d9,electricity,20,2085,0.01
WEU,urb,d9,electricity,20,2085,0.01
WEU,rur,d10,electricity,20,2085,0.01
WEU,urb,d10,electricity,20,2085,0.01
WEU,rur,d1,biomass_solid,20,2090,0.01
WEU,urb,d1,biomass_solid,20,2090,0.01
WEU,rur,d2,biomass_solid,20,2090,0.01
WEU,urb,d2,biomass_solid,20,2090,0.01
WEU,rur,d3,biomass_solid,20,2090,0.01
WEU,urb,d3,biomass_solid,20,2090,0.01
WEU,rur,d4,biomass_solid,20,2090,0.01
WEU,urb,d4,biomass_solid,20,2090,0.01
WEU,rur,d5,biomass_solid,20,2090,0.01
WEU,urb,d5,biomass_solid,20,2090,0.01
WEU,rur,d6,biomass_solid,20,2090,0.01
WEU,urb,d6,biomass_solid,20,2090,0.01
WEU,rur,d7,biomass_solid,20,2090,0.01
WEU,urb,d7,biomass_solid,20,2090,0.01
WEU,rur,d8,biomass_solid,20,2090,0.01
WEU,urb,d8,biomass_solid,20,2090,0.01
WEU,rur,d9,biomass_solid,20,2090,0.01
WEU,urb,d9,biomass_solid,20,2090,0.01
WEU,rur,d10,biomass_solid,20,2090,0.01
WEU,urb,d10,biomass_solid,20,2090,0.01
WEU,rur,d1,coal,20,2090,0.01
WEU,urb,d1,coal,20,2090,0.01
WEU,rur,d2,coal,20,2090,0.01
WEU,urb,d2,coal,20,2090,0.01
WEU,rur,d3,coal,20,2090,0.01
WEU,urb,d3,coal,20,2090,0.01
WEU,rur,d4,coal,20,2090,0.01
WEU,urb,d4,coal,20,2090,0.01
WEU,rur,d5,coal,20,2090,0.01
WEU,urb,d5,coal,20,2090,0.01
WEU,rur,d6,coal,20,2090,0.01
WEU,urb,d6,coal,20,2090,0.01
WEU,rur,d7,coal,20,2090,0.01
WEU,urb,d7,coal,20,2090,0.01
WEU,rur,d8,coal,20,2090,0.01
WEU,urb,d8,coal,20,2090,0.01
WEU,rur,d9,coal,20,2090,0.01
WEU,urb,d9,coal,20,2090,0.01
WEU,rur,d10,coal,20,2090,0.01
WEU,urb,d10,coal,20,2090,0.01
WEU,rur,d1,oil,20,2090,0.01
WEU,urb,d1,oil,20,2090,0.01
WEU,rur,d2,oil,20,2090,0.01
WEU,urb,d2,oil,20,2090,0.01
WEU,rur,d3,oil,20,2090,0.01
WEU,urb,d3,oil,20,2090,0.01
WEU,rur,d4,oil,20,2090,0.01
WEU,urb,d4,oil,20,2090,0.01
WEU,rur,d5,oil,20,2090,0.01
WEU,urb,d5,oil,20,2090,0.01
WEU,rur,d6,oil,20,2090,0.01
WEU,urb,d6,oil,20,2090,0.01
WEU,rur,d7,oil,20,2090,0.01
WEU,urb,d7,oil,20,2090,0.01
WEU,rur,d8,oil,20,2090,0.01
WEU,urb,d8,oil,20,2090,0.01
WEU,rur,d9,oil,20,2090,0.01
WEU,urb,d9,oil,20,2090,0.01
WEU,rur,d10,oil,20,2090,0.01
WEU,urb,d10,oil,20,2090,0.01
WEU,rur,d1,gas,20,2090,0.01
WEU,urb,d1,gas,20,2090,0.01
WEU,rur,d2,gas,20,2090,0.01
WEU,urb,d2,gas,20,2090,0.01
WEU,rur,d3,gas,20,2090,0.01
WEU,urb,d3,gas,20,2090,0.01
WEU,rur,d4,gas,20,2090,0.01
WEU,urb,d4,gas,20,2090,0.01
WEU,rur,d5,gas,20,2090,0.01
WEU,urb,d5,gas,20,2090,0.01
WEU,rur,d6,gas,20,2090,0.01
WEU,urb,d6,gas,20,2090,0.01
WEU,rur,d7,gas,20,2090,0.01
WEU,urb,d7,gas,20,2090,0.01
WEU,rur,d8,gas,20,2090,0.01
WEU,urb,d8,gas,20,2090,0.01
WEU,rur,d9,gas,20,2090,0.01
WEU,urb,d9,gas,20,2090,0.01
WEU,rur,d10,gas,20,2090,0.01
WEU,urb,d10,gas,20,2090,0.01
WEU,rur,d1,electricity,20,2090,0.01
WEU,urb,d1,electricity,20,2090,0.01
WEU,rur,d2,electricity,20,2090,0.01
WEU,urb,d2,electricity,20,2090,0.01
WEU,rur,d3,electricity,20,2090,0.01
WEU,urb,d3,electricity,20,2090,0.01
WEU,rur,d4,electricity,20,2090,0.01
WEU,urb,d4,electricity,20,2090,0.01
WEU,rur,d5,electricity,20,2090,0.01
WEU,urb,d5,electricity,20,2090,0.01
WEU,rur,d6,electricity,20,2090,0.01
WEU,urb,d6,electricity,20,2090,0.01
WEU,rur,d7,electricity,20,2090,0.01
WEU,urb,d7,electricity,20,2090,0.01
WEU,rur,d8,electricity,20,2090,0.01
WEU,urb,d8,electricity,20,2090,0.01
WEU,rur,d9,electricity,20,2090,0.01
WEU,urb,d9,electricity,20,2090,0.01
WEU,rur,d10,electricity,20,2090,0.01
WEU,urb,d10,electricity,20,2090,0.01
WEU,rur,d1,biomass_solid,20,2095,0.01
WEU,urb,d1,biomass_solid,20,2095,0.01
WEU,rur,d2,biomass_solid,20,2095,0.01
WEU,urb,d2,biomass_solid,20,2095,0.01
WEU,rur,d3,biomass_solid,20,2095,0.01
WEU,urb,d3,biomass_solid,20,2095,0.01
WEU,rur,d4,biomass_solid,20,2095,0.01
WEU,urb,d4,biomass_solid,20,2095,0.01
WEU,rur,d5,biomass_solid,20,2095,0.01
WEU,urb,d5,biomass_solid,20,2095,0.01
WEU,rur,d6,biomass_solid,20,2095,0.01
WEU,urb,d6,biomass_solid,20,2095,0.01
WEU,rur,d7,biomass_solid,20,2095,0.01
WEU,urb,d7,biomass_solid,20,2095,0.01
WEU,rur,d8,biomass_solid,20,2095,0.01
WEU,urb,d8,biomass_solid,20,2095,0.01
WEU,rur,d9,biomass_solid,20,2095,0.01
WEU,urb,d9,biomass_solid,20,2095,0.01
WEU,rur,d10,biomass_solid,20,2095,0.01
WEU,urb,d10,biomass_solid,20,2095,0.01
WEU,rur,d1,coal,20,2095,0.01
WEU,urb,d1,coal,20,2095,0.01
WEU,rur,d2,coal,20,2095,0.01
WEU,urb,d2,coal,20,2095,0.01
WEU,rur,d3,coal,20,2095,0.01
WEU,urb,d3,coal,20,2095,0.01
WEU,rur,d4,coal,20,2095,0.01
WEU,urb,d4,coal,20,2095,0.01
WEU,rur,d5,coal,20,2095,0.01
WEU,urb,d5,coal,20,2095,0.01
WEU,rur,d6,coal,20,2095,0.01
WEU,urb,d6,coal,20,2095,0.01
WEU,rur,d7,coal,20,2095,0.01
WEU,urb,d7,coal,20,2095,0.01
WEU,rur,d8,coal,20,2095,0.01
WEU,urb,d8,coal,20,2095,0.01
WEU,rur,d9,coal,20,2095,0.01
WEU,urb,d9,coal,20,2095,0.01
WEU,rur,d10,coal,20,2095,0.01
WEU,urb,d10,coal,20,2095,0.01
WEU,rur,d1,oil,20,2095,0.01
WEU,urb,d1,oil,20,2095,0.01
WEU,rur,d2,oil,20,2095,0.01
WEU,urb,d2,oil,20,2095,0.01
WEU,rur,d3,oil,20,2095,0.01
WEU,urb,d3,oil,20,2095,0.01
WEU,rur,d4,oil,20,2095,0.01
WEU,urb,d4,oil,20,2095,0.01
WEU,rur,d5,oil,20,2095,0.01
WEU,urb,d5,oil,20,2095,0.01
WEU,rur,d6,oil,20,2095,0.01
WEU,urb,d6,oil,20,2095,0.01
WEU,rur,d7,oil,20,2095,0.01
WEU,urb,d7,oil,20,2095,0.01
WEU,rur,d8,oil,20,2095,0.01
WEU,urb,d8,oil,20,2095,0.01
WEU,rur,d9,oil,20,2095,0.01
WEU,urb,d9,oil,20,2095,0.01
WEU,rur,d10,oil,20,2095,0.01
WEU,urb,d10,oil,20,2095,0.01
WEU,rur,d1,gas,20,2095,0.01
WEU,urb,d1,gas,20,2095,0.01
WEU,rur,d2,gas,20,2095,0.01
WEU,urb,d2,gas,20,2095,0.01
WEU,rur,d3,gas,20,2095,0.01
WEU,urb,d3,gas,20,2095,0.01
WEU,rur,d4,gas,20,2095,0.01
WEU,urb,d4,gas,20,2095,0.01
WEU,rur,d5,gas,20,2095,0.01
WEU,urb,d5,gas,20,2095,0.01
WEU,rur,d6,gas,20,2095,0.01
WEU,urb,d6,gas,20,2095,0.01
WEU,rur,d7,gas,20,2095,0.01
WEU,urb,d7,gas,20,2095,0.01
WEU,rur,d8,gas,20,2095,0.01
WEU,urb,d8,gas,20,2095,0.01
WEU,rur,d9,gas,20,2095,0.01
WEU,urb,d9,gas,20,2095,0.01
WEU,rur,d10,gas,20,2095,0.01
WEU,urb,d10,gas,20,2095,0.01
WEU,rur,d1,electricity,20,2095,0.01
WEU,urb,d1,electricity,20,2095,0.01
WEU,rur,d2,electricity,20,2095,0.01
WEU,urb,d2,electricity,20,2095,0.01
WEU,rur,d3,electricity,20,2095,0.01
WEU,urb,d3,electricity,20,2095,0.01
WEU,rur,d4,electricity,20,2095,0.01
WEU,urb,d4,electricity,20,2095,0.01
WEU,rur,d5,electricity,20,2095,0.01
WEU,urb,d5,electricity,20,2095,0.01
WEU,rur,d6,electricity,20,2095,0.01
WEU,urb,d6,electricity,20,2095,0.01
WEU,rur,d7,electricity,20,2095,0.01
WEU,urb,d7,electricity,20,2095,0.01
WEU,rur,d8,electricity,20,2095,0.01
WEU,urb,d8,electricity,20,2095,0.01
WEU,rur,d9,electricity,20,2095,0.01
WEU,urb,d9,electricity,20,2095,0.01
WEU,rur,d10,electricity,20,2095,0.01
WEU,urb,d10,electricity,20,2095,0.01
WEU,rur,d1,biomass_solid,20,2100,0.01
WEU,urb,d1,biomass_solid,20,2100,0.01
WEU,rur,d2,biomass_solid,20,2100,0.01
WEU,urb,d2,biomass_solid,20,2100,0.01
WEU,rur,d3,biomass_solid,20,2100,0.01
WEU,urb,d3,biomass_solid,20,2100,0.01
WEU,rur,d4,biomass_solid,20,2100,0.01
WEU,urb,d4,biomass_solid,20,2100,0.01
WEU,rur,d5,biomass_solid,20,2100,0.01
WEU,urb,d5,biomass_solid,20,2100,0.01
WEU,rur,d6,biomass_solid,20,2100,0.01
WEU,urb,d6,biomass_solid,20,2100,0.01
WEU,rur,d7,biomass_solid,20,2100,0.01
WEU,urb,d7,biomass_solid,20,2100,0.01
WEU,rur,d8,biomass_solid,20,2100,0.01
WEU,urb,d8,biomass_solid,20,2100,0.01
WEU,rur,d9,biomass_solid,20,2100,0.01
WEU,urb,d9,biomass_solid,20,2100,0.01
WEU,rur,d10,biomass_solid,20,2100,0.01
WEU,urb,d10,biomass_solid,20,2100,0.01
WEU,rur,d1,coal,20,2100,0.01
WEU,urb,d1,coal,20,2100,0.01
WEU,rur,d2,coal,20,2100,0.01
WEU,urb,d2,coal,20,2100,0.01
WEU,rur,d3,coal,20,2100,0.01
WEU,urb,d3,coal,20,2100,0.01
WEU,rur,d4,coal,20,2100,0.01
WEU,urb,d4,coal,20,2100,0.01
WEU,rur,d5,coal,20,2100,0.01
WEU,urb,d5,coal,20,2100,0.01
WEU,rur,d6,coal,20,2100,0.01
WEU,urb,d6,coal,20,2100,0.01
WEU,rur,d7,coal,20,2100,0.01
WEU,urb,d7,coal,20,2100,0.01
WEU,rur,d8,coal,20,2100,0.01
WEU,urb,d8,coal,20,2100,0.01
WEU,rur,d9,coal,20,2100,0.01
WEU,urb,d9,coal,20,2100,0.01
WEU,rur,d10,coal,20,2100,0.01
WEU,urb,d10,coal,20,2100,0.01
WEU,rur,d1,oil,20,2100,0.01
WEU,urb,d1,oil,20,2100,0.01
WEU,rur,d2,oil,20,2100,0.01
WEU,urb,d2,oil,20,2100,0.01
WEU,rur,d3,oil,20,2100,0.01
WEU,urb,d3,oil,20,2100,0.01
WEU,rur,d4,oil,20,2100,0.01
WEU,urb,d4,oil,20,2100,0.01
WEU,rur,d5,oil,20,2100,0.01
WEU,urb,d5,oil,20,2100,0.01
WEU,rur,d6,oil,20,2100,0.01
WEU,urb,d6,oil,20,2100,0.01
WEU,rur,d7,oil,20,2100,0.01
WEU,urb,d7,oil,20,2100,0.01
WEU,rur,d8,oil,20,2100,0.01
WEU,urb,d8,oil,20,2100,0.01
WEU,rur,d9,oil,20,2100,0.01
WEU,urb,d9,oil,20,2100,0.01
WEU,rur,d10,oil,20,2100,0.01
WEU,urb,d10,oil,20,2100,0.01
WEU,rur,d1,gas,20,2100,0.01
WEU,urb,d1,gas,20,2100,0.01
WEU,rur,d2,gas,20,2100,0.01
WEU,urb,d2,gas,20,2100,0.01
WEU,rur,d3,gas,20,2100,0.01
WEU,urb,d3,gas,20,2100,0.01
WEU,rur,d4,gas,20,2100,0.01
WEU,urb,d4,gas,20,2100,0.01
WEU,rur,d5,gas,20,2100,0.01
WEU,urb,d5,gas,20,2100,0.01
WEU,rur,d6,gas,20,2100,0.01
WEU,urb,d6,gas,20,2100,0.01
WEU,rur,d7,gas,20,2100,0.01
WEU,urb,d7,gas,20,2100,0.01
WEU,rur,d8,gas,20,2100,0.01
WEU,urb,d8,gas,20,2100,0.01
WEU,rur,d9,gas,20,2100,0.01
WEU,urb,d9,gas,20,2100,0.01
WEU,rur,d10,gas,20,2100,0.01
WEU,urb,d10,gas,20,2100,0.01
WEU,rur,d1,electricity,20,2100,0.01
WEU,urb,d1,electricity,20,2100,0.01
WEU,rur,d2,electricity,20,2100,0.01
WEU,urb,d2,electricity,20,2100,0.01
WEU,rur,d3,electricity,20,2100,0.01
WEU,urb,d3,electricity,20,2100,0.01
WEU,rur,d4,electricity,20,2100,0.01
WEU,urb,d4,electricity,20,2100,0.01
WEU,rur,d5,electricity,20,2100,0.01
WEU,urb,d5,electricity,20,2100,0.01
WEU,rur,d6,electricity,20,2100,0.01
WEU,urb,d6,electricity,20,2100,0.01
WEU,rur,d7,electricity,20,2100,0.01
WEU,urb,d7,electricity,20,2100,0.01
WEU,rur,d8,electricity,20,2100,0.01
WEU,urb,d8,electricity,20,2100,0.01
WEU,rur,d9,electricity,20,2100,0.01
WEU,urb,d9,electricity,20,2100,0.01
WEU,rur,d10,electricity,20,2100,0.01
WEU,urb,d10,electricity,20,2100,0.01
EEU,rur,d1,biomass_solid,20,2020,0.01
EEU,urb,d1,biomass_solid,20,2020,0.01
EEU,rur,d2,biomass_solid,20,2020,0.01
EEU,urb,d2,biomass_solid,20,2020,0.01
EEU,rur,d3,biomass_solid,20,2020,0.01
EEU,urb,d3,biomass_solid,20,2020,0.01
EEU,rur,d4,biomass_solid,20,2020,0.01
EEU,urb,d4,biomass_solid,20,2020,0.01
EEU,rur,d5,biomass_solid,20,2020,0.01
EEU,urb,d5,biomass_solid,20,2020,0.01
EEU,rur,d6,biomass_solid,20,2020,0.01
EEU,urb,d6,biomass_solid,20,2020,0.01
EEU,rur,d7,biomass_solid,20,2020,0.01
EEU,urb,d7,biomass_solid,20,2020,0.01
EEU,rur,d8,biomass_solid,20,2020,0.01
EEU,urb,d8,biomass_solid,20,2020,0.01
EEU,rur,d9,biomass_solid,20,2020,0.01
EEU,urb,d9,biomass_solid,20,2020,0.01
EEU,rur,d10,biomass_solid,20,2020,0.01
EEU,urb,d10,biomass_solid,20,2020,0.01
EEU,rur,d1,coal,20,2020,0.01
EEU,urb,d1,coal,20,2020,0.01
EEU,rur,d2,coal,20,2020,0.01
EEU,urb,d2,coal,20,2020,0.01
EEU,rur,d3,coal,20,2020,0.01
EEU,urb,d3,coal,20,2020,0.01
EEU,rur,d4,coal,20,2020,0.01
EEU,urb,d4,coal,20,2020,0.01
EEU,rur,d5,coal,20,2020,0.01
EEU,urb,d5,coal,20,2020,0.01
EEU,rur,d6,coal,20,2020,0.01
EEU,urb,d6,coal,20,2020,0.01
EEU,rur,d7,coal,20,2020,0.01
EEU,urb,d7,coal,20,2020,0.01
EEU,rur,d8,coal,20,2020,0.01
EEU,urb,d8,coal,20,2020,0.01
EEU,rur,d9,coal,20,2020,0.01
EEU,urb,d9,coal,20,2020,0.01
EEU,rur,d10,coal,20,2020,0.01
EEU,urb,d10,coal,20,2020,0.01
EEU,rur,d1,oil,20,2020,0.01
EEU,urb,d1,oil,20,2020,0.01
EEU,rur,d2,oil,20,2020,0.01
EEU,urb,d2,oil,20,2020,0.01
EEU,rur,d3,oil,20,2020,0.01
EEU,urb,d3,oil,20,2020,0.01
EEU,rur,d4,oil,20,2020,0.01
EEU,urb,d4,oil,20,2020,0.01
EEU,rur,d5,oil,20,2020,0.01
EEU,urb,d5,oil,20,2020,0.01
EEU,rur,d6,oil,20,2020,0.01
EEU,urb,d6,oil,20,2020,0.01
EEU,rur,d7,oil,20,2020,0.01
EEU,urb,d7,oil,20,2020,0.01
EEU,rur,d8,oil,20,2020,0.01
EEU,urb,d8,oil,20,2020,0.01
EEU,rur,d9,oil,20,2020,0.01
EEU,urb,d9,oil,20,2020,0.01
EEU,rur,d10,oil,20,2020,0.01
EEU,urb,d10,oil,20,2020,0.01
EEU,rur,d1,gas,20,2020,0.01
EEU,urb,d1,gas,20,2020,0.01
EEU,rur,d2,gas,20,2020,0.01
EEU,urb,d2,gas,20,2020,0.01
EEU,rur,d3,gas,20,2020,0.01
EEU,urb,d3,gas,20,2020,0.01
EEU,rur,d4,gas,20,2020,0.01
EEU,urb,d4,gas,20,2020,0.01
EEU,rur,d5,gas,20,2020,0.01
EEU,urb,d5,gas,20,2020,0.01
EEU,rur,d6,gas,20,2020,0.01
EEU,urb,d6,gas,20,2020,0.01
EEU,rur,d7,gas,20,2020,0.01
EEU,urb,d7,gas,20,2020,0.01
EEU,rur,d8,gas,20,2020,0.01
EEU,urb,d8,gas,20,2020,0.01
EEU,rur,d9,gas,20,2020,0.01
EEU,urb,d9,gas,20,2020,0.01
EEU,rur,d10,gas,20,2020,0.01
EEU,urb,d10,gas,20,2020,0.01
EEU,rur,d1,electricity,20,2020,0.01
EEU,urb,d1,electricity,20,2020,0.01
EEU,rur,d2,electricity,20,2020,0.01
EEU,urb,d2,electricity,20,2020,0.01
EEU,rur,d3,electricity,20,2020,0.01
EEU,urb,d3,electricity,20,2020,0.01
EEU,rur,d4,electricity,20,2020,0.01
EEU,urb,d4,electricity,20,2020,0.01
EEU,rur,d5,electricity,20,2020,0.01
EEU,urb,d5,electricity,20,2020,0.01
EEU,rur,d6,electricity,20,2020,0.01
EEU,urb,d6,electricity,20,2020,0.01
EEU,rur,d7,electricity,20,2020,0.01
EEU,urb,d7,electricity,20,2020,0.01
EEU,rur,d8,electricity,20,2020,0.01
EEU,urb,d8,electricity,20,2020,0.01
EEU,rur,d9,electricity,20,2020,0.01
EEU,urb,d9,electricity,20,2020,0.01
EEU,rur,d10,electricity,20,2020,0.01
EEU,urb,d10,electricity,20,2020,0.01
EEU,rur,d1,biomass_solid,20,2025,0.01
EEU,urb,d1,biomass_solid,20,2025,0.01
EEU,rur,d2,biomass_solid,20,2025,0.01
EEU,urb,d2,biomass_solid,20,2025,0.01
EEU,rur,d3,biomass_solid,20,2025,0.01
EEU,urb,d3,biomass_solid,20,2025,0.01
EEU,rur,d4,biomass_solid,20,2025,0.01
EEU,urb,d4,biomass_solid,20,2025,0.01
EEU,rur,d5,biomass_solid,20,2025,0.01
EEU,urb,d5,biomass_solid,20,2025,0.01
EEU,rur,d6,biomass_solid,20,2025,0.01
EEU,urb,d6,biomass_solid,20,2025,0.01
EEU,rur,d7,biomass_solid,20,2025,0.01
EEU,urb,d7,biomass_solid,20,2025,0.01
EEU,rur,d8,biomass_solid,20,2025,0.01
EEU,urb,d8,biomass_solid,20,2025,0.01
EEU,rur,d9,biomass_solid,20,2025,0.01
EEU,urb,d9,biomass_solid,20,2025,0.01
EEU,rur,d10,biomass_solid,20,2025,0.01
EEU,urb,d10,biomass_solid,20,2025,0.01
EEU,rur,d1,coal,20,2025,0.01
EEU,urb,d1,coal,20,2025,0.01
EEU,rur,d2,coal,20,2025,0.01
EEU,urb,d2,coal,20,2025,0.01
EEU,rur,d3,coal,20,2025,0.01
EEU,urb,d3,coal,20,2025,0.01
EEU,rur,d4,coal,20,2025,0.01
EEU,urb,d4,coal,20,2025,0.01
EEU,rur,d5,coal,20,2025,0.01
EEU,urb,d5,coal,20,2025,0.01
EEU,rur,d6,coal,20,2025,0.01
EEU,urb,d6,coal,20,2025,0.01
EEU,rur,d7,coal,20,2025,0.01
EEU,urb,d7,coal,20,2025,0.01
EEU,rur,d8,coal,20,2025,0.01
EEU,urb,d8,coal,20,2025,0.01
EEU,rur,d9,coal,20,2025,0.01
EEU,urb,d9,coal,20,2025,0.01
EEU,rur,d10,coal,20,2025,0.01
EEU,urb,d10,coal,20,2025,0.01
EEU,rur,d1,oil,20,2025,0.01
EEU,urb,d1,oil,20,2025,0.01
EEU,rur,d2,oil,20,2025,0.01
EEU,urb,d2,oil,20,2025,0.01
EEU,rur,d3,oil,20,2025,0.01
EEU,urb,d3,oil,20,2025,0.01
EEU,rur,d4,oil,20,2025,0.01
EEU,urb,d4,oil,20,2025,0.01
EEU,rur,d5,oil,20,2025,0.01
EEU,urb,d5,oil,20,2025,0.01
EEU,rur,d6,oil,20,2025,0.01
EEU,urb,d6,oil,20,2025,0.01
EEU,rur,d7,oil,20,2025,0.01
EEU,urb,d7,oil,20,2025,0.01
EEU,rur,d8,oil,20,2025,0.01
EEU,urb,d8,oil,20,2025,0.01
EEU,rur,d9,oil,20,2025,0.01
EEU,urb,d9,oil,20,2025,0.01
EEU,rur,d10,oil,20,2025,0.01
EEU,urb,d10,oil,20,2025,0.01
EEU,rur,d1,gas,20,2025,0.01
EEU,urb,d1,gas,20,2025,0.01
EEU,rur,d2,gas,20,2025,0.01
EEU,urb,d2,gas,20,2025,0.01
EEU,rur,d3,gas,20,2025,0.01
EEU,urb,d3,gas,20,2025,0.01
EEU,rur,d4,gas,20,2025,0.01
EEU,urb,d4,gas,20,2025,0.01
EEU,rur,d5,gas,20,2025,0.01
EEU,urb,d5,gas,20,2025,0.01
EEU,rur,d6,gas,20,2025,0.01
EEU,urb,d6,gas,20,2025,0.01
EEU,rur,d7,gas,20,2025,0.01
EEU,urb,d7,gas,20,2025,0.01
EEU,rur,d8,gas,20,2025,0.01
EEU,urb,d8,gas,20,2025,0.01
EEU,rur,d9,gas,20,2025,0.01
EEU,urb,d9,gas,20,2025,0.01
EEU,rur,d10,gas,20,2025,0.01
EEU,urb,d10,gas,20,2025,0.01
EEU,rur,d1,electricity,20,2025,0.01
EEU,urb,d1,electricity,20,2025,0.01
EEU,rur,d2,electricity,20,2025,0.01
EEU,urb,d2,electricity,20,2025,0.01
EEU,rur,d3,electricity,20,2025,0.01
EEU,urb,d3,electricity,20,2025,0.01
EEU,rur,d4,electricity,20,2025,0.01
EEU,urb,d4,electricity,20,2025,0.01
EEU,rur,d5,electricity,20,2025,0.01
EEU,urb,d5,electricity,20,2025,0.01
EEU,rur,d6,electricity,20,2025,0.01
EEU,urb,d6,electricity,20,2025,0.01
EEU,rur,d7,electricity,20,2025,0.01
EEU,urb,d7,electricity,20,2025,0.01
EEU,rur,d8,electricity,20,2025,0.01
EEU,urb,d8,electricity,20,2025,0.01
EEU,rur,d9,electricity,20,2025,0.01
EEU,urb,d9,electricity,20,2025,0.01
EEU,rur,d10,electricity,20,2025,0.01
EEU,urb,d10,electricity,20,2025,0.01
EEU,rur,d1,biomass_solid,20,2030,0.01
EEU,urb,d1,biomass_solid,20,2030,0.01
EEU,rur,d2,biomass_solid,20,2030,0.01
EEU,urb,d2,biomass_solid,20,2030,0.01
EEU,rur,d3,biomass_solid,20,2030,0.01
EEU,urb,d3,biomass_solid,20,2030,0.01
EEU,rur,d4,biomass_solid,20,2030,0.01
EEU,urb,d4,biomass_solid,20,2030,0.01
EEU,rur,d5,biomass_solid,20,2030,0.01
EEU,urb,d5,biomass_solid,20,2030,0.01
EEU,rur,d6,biomass_solid,20,2030,0.01
EEU,urb,d6,biomass_solid,20,2030,0.01
EEU,rur,d7,biomass_solid,20,2030,0.01
EEU,urb,d7,biomass_solid,20,2030,0.01
EEU,rur,d8,biomass_solid,20,2030,0.01
EEU,urb,d8,biomass_solid,20,2030,0.01
EEU,rur,d9,biomass_solid,20,2030,0.01
EEU,urb,d9,biomass_solid,20,2030,0.01
EEU,rur,d10,biomass_solid,20,2030,0.01
EEU,urb,d10,biomass_solid,20,2030,0.01
EEU,rur,d1,coal,20,2030,0.01
EEU,urb,d1,coal,20,2030,0.01
EEU,rur,d2,coal,20,2030,0.01
EEU,urb,d2,coal,20,2030,0.01
EEU,rur,d3,coal,20,2030,0.01
EEU,urb,d3,coal,20,2030,0.01
EEU,rur,d4,coal,20,2030,0.01
EEU,urb,d4,coal,20,2030,0.01
EEU,rur,d5,coal,20,2030,0.01
EEU,urb,d5,coal,20,2030,0.01
EEU,rur,d6,coal,20,2030,0.01
EEU,urb,d6,coal,20,2030,0.01
EEU,rur,d7,coal,20,2030,0.01
EEU,urb,d7,coal,20,2030,0.01
EEU,rur,d8,coal,20,2030,0.01
EEU,urb,d8,coal,20,2030,0.01
EEU,rur,d9,coal,20,2030,0.01
EEU,urb,d9,coal,20,2030,0.01
EEU,rur,d10,coal,20,2030,0.01
EEU,urb,d10,coal,20,2030,0.01
EEU,rur,d1,oil,20,2030,0.01
EEU,urb,d1,oil,20,2030,0.01
EEU,rur,d2,oil,20,2030,0.01
EEU,urb,d2,oil,20,2030,0.01
EEU,rur,d3,oil,20,2030,0.01
EEU,urb,d3,oil,20,2030,0.01
EEU,rur,d4,oil,20,2030,0.01
EEU,urb,d4,oil,20,2030,0.01
EEU,rur,d5,oil,20,2030,0.01
EEU,urb,d5,oil,20,2030,0.01
EEU,rur,d6,oil,20,2030,0.01
EEU,urb,d6,oil,20,2030,0.01
EEU,rur,d7,oil,20,2030,0.01
EEU,urb,d7,oil,20,2030,0.01
EEU,rur,d8,oil,20,2030,0.01
EEU,urb,d8,oil,20,2030,0.01
EEU,rur,d9,oil,20,2030,0.01
EEU,urb,d9,oil,20,2030,0.01
EEU,rur,d10,oil,20,2030,0.01
EEU,urb,d10,oil,20,2030,0.01
EEU,rur,d1,gas,20,2030,0.01
EEU,urb,d1,gas,20,2030,0.01
EEU,rur,d2,gas,20,2030,0.01
EEU,urb,d2,gas,20,2030,0.01
EEU,rur,d3,gas,20,2030,0.01
EEU,urb,d3,gas,20,2030,0.01
EEU,rur,d4,gas,20,2030,0.01
EEU,urb,d4,gas,20,2030,0.01
EEU,rur,d5,gas,20,2030,0.01
EEU,urb,d5,gas,20,2030,0.01
EEU,rur,d6,gas,20,2030,0.01
EEU,urb,d6,gas,20,2030,0.01
EEU,rur,d7,gas,20,2030,0.01
EEU,urb,d7,gas,20,2030,0.01
EEU,rur,d8,gas,20,2030,0.01
EEU,urb,d8,gas,20,2030,0.01
EEU,rur,d9,gas,20,2030,0.01
EEU,urb,d9,gas,20,2030,0.01
EEU,rur,d10,gas,20,2030,0.01
EEU,urb,d10,gas,20,2030,0.01
EEU,rur,d1,electricity,20,2030,0.01
EEU,urb,d1,electricity,20,2030,0.01
EEU,rur,d2,electricity,20,2030,0.01
EEU,urb,d2,electricity,20,2030,0.01
EEU,rur,d3,electricity,20,2030,0.01
EEU,urb,d3,electricity,20,2030,0.01
EEU,rur,d4,electricity,20,2030,0.01
EEU,urb,d4,electricity,20,2030,0.01
EEU,rur,d5,electricity,20,2030,0.01
EEU,urb,d5,electricity,20,2030,0.01
EEU,rur,d6,electricity,20,2030,0.01
EEU,urb,d6,electricity,20,2030,0.01
EEU,rur,d7,electricity,20,2030,0.01
EEU,urb,d7,electricity,20,2030,0.01
EEU,rur,d8,electricity,20,2030,0.01
EEU,urb,d8,electricity,20,2030,0.01
EEU,rur,d9,electricity,20,2030,0.01
EEU,urb,d9,electricity,20,2030,0.01
EEU,rur,d10,electricity,20,2030,0.01
EEU,urb,d10,electricity,20,2030,0.01
EEU,rur,d1,biomass_solid,20,2035,0.01
EEU,urb,d1,biomass_solid,20,2035,0.01
EEU,rur,d2,biomass_solid,20,2035,0.01
EEU,urb,d2,biomass_solid,20,2035,0.01
EEU,rur,d3,biomass_solid,20,2035,0.01
EEU,urb,d3,biomass_solid,20,2035,0.01
EEU,rur,d4,biomass_solid,20,2035,0.01
EEU,urb,d4,biomass_solid,20,2035,0.01
EEU,rur,d5,biomass_solid,20,2035,0.01
EEU,urb,d5,biomass_solid,20,2035,0.01
EEU,rur,d6,biomass_solid,20,2035,0.01
EEU,urb,d6,biomass_solid,20,2035,0.01
EEU,rur,d7,biomass_solid,20,2035,0.01
EEU,urb,d7,biomass_solid,20,2035,0.01
EEU,rur,d8,biomass_solid,20,2035,0.01
EEU,urb,d8,biomass_solid,20,2035,0.01
EEU,rur,d9,biomass_solid,20,2035,0.01
EEU,urb,d9,biomass_solid,20,2035,0.01
EEU,rur,d10,biomass_solid,20,2035,0.01
EEU,urb,d10,biomass_solid,20,2035,0.01
EEU,rur,d1,coal,20,2035,0.01
EEU,urb,d1,coal,20,2035,0.01
EEU,rur,d2,coal,20,2035,0.01
EEU,urb,d2,coal,20,2035,0.01
EEU,rur,d3,coal,20,2035,0.01
EEU,urb,d3,coal,20,2035,0.01
EEU,rur,d4,coal,20,2035,0.01
EEU,urb,d4,coal,20,2035,0.01
EEU,rur,d5,coal,20,2035,0.01
EEU,urb,d5,coal,20,2035,0.01
EEU,rur,d6,coal,20,2035,0.01
EEU,urb,d6,coal,20,2035,0.01
EEU,rur,d7,coal,20,2035,0.01
EEU,urb,d7,coal,20,2035,0.01
EEU,rur,d8,coal,20,2035,0.01
EEU,urb,d8,coal,20,2035,0.01
EEU,rur,d9,coal,20,2035,0.01
EEU,urb,d9,coal,20,2035,0.01
EEU,rur,d10,coal,20,2035,0.01
EEU,urb,d10,coal,20,2035,0.01
EEU,rur,d1,oil,20,2035,0.01
EEU,urb,d1,oil,20,2035,0.01
EEU,rur,d2,oil,20,2035,0.01
EEU,urb,d2,oil,20,2035,0.01
EEU,rur,d3,oil,20,2035,0.01
EEU,urb,d3,oil,20,2035,0.01
EEU,rur,d4,oil,20,2035,0.01
EEU,urb,d4,oil,20,2035,0.01
EEU,rur,d5,oil,20,2035,0.01
EEU,urb,d5,oil,20,2035,0.01
EEU,rur,d6,oil,20,2035,0.01
EEU,urb,d6,oil,20,2035,0.01
EEU,rur,d7,oil,20,2035,0.01
EEU,urb,d7,oil,20,2035,0.01
EEU,rur,d8,oil,20,2035,0.01
EEU,urb,d8,oil,20,2035,0.01
EEU,rur,d9,oil,20,2035,0.01
EEU,urb,d9,oil,20,2035,0.01
EEU,rur,d10,oil,20,2035,0.01
EEU,urb,d10,oil,20,2035,0.01
EEU,rur,d1,gas,20,2035,0.01
EEU,urb,d1,gas,20,2035,0.01
EEU,rur,d2,gas,20,2035,0.01
EEU,urb,d2,gas,20,2035,0.01
EEU,rur,d3,gas,20,2035,0.01
EEU,urb,d3,gas,20,2035,0.01
EEU,rur,d4,gas,20,2035,0.01
EEU,urb,d4,gas,20,2035,0.01
EEU,rur,d5,gas,20,2035,0.01
EEU,urb,d5,gas,20,2035,0.01
EEU,rur,d6,gas,20,2035,0.01
EEU,urb,d6,gas,20,2035,0.01
EEU,rur,d7,gas,20,2035,0.01
EEU,urb,d7,gas,20,2035,0.01
EEU,rur,d8,gas,20,2035,0.01
EEU,urb,d8,gas,20,2035,0.01
EEU,rur,d9,gas,20,2035,0.01
EEU,urb,d9,gas,20,2035,0.01
EEU,rur,d10,gas,20,2035,0.01
EEU,urb,d10,gas,20,2035,0.01
EEU,rur,d1,electricity,20,2035,0.01
EEU,urb,d1,electricity,20,2035,0.01
EEU,rur,d2,electricity,20,2035,0.01
EEU,urb,d2,electricity,20,2035,0.01
EEU,rur,d3,electricity,20,2035,0.01
EEU,urb,d3,electricity,20,2035,0.01
EEU,rur,d4,electricity,20,2035,0.01
EEU,urb,d4,electricity,20,2035,0.01
EEU,rur,d5,electricity,20,2035,0.01
EEU,urb,d5,electricity,20,2035,0.01
EEU,rur,d6,electricity,20,2035,0.01
EEU,urb,d6,electricity,20,2035,0.01
EEU,rur,d7,electricity,20,2035,0.01
EEU,urb,d7,electricity,20,2035,0.01
EEU,rur,d8,electricity,20,2035,0.01
EEU,urb,d8,electricity,20,2035,0.01
EEU,rur,d9,electricity,20,2035,0.01
EEU,urb,d9,electricity,20,2035,0.01
EEU,rur,d10,electricity,20,2035,0.01
EEU,urb,d10,electricity,20,2035,0.01
EEU,rur,d1,biomass_solid,20,2040,0.01
EEU,urb,d1,biomass_solid,20,2040,0.01
EEU,rur,d2,biomass_solid,20,2040,0.01
EEU,urb,d2,biomass_solid,20,2040,0.01
EEU,rur,d3,biomass_solid,20,2040,0.01
EEU,urb,d3,biomass_solid,20,2040,0.01
EEU,rur,d4,biomass_solid,20,2040,0.01
EEU,urb,d4,biomass_solid,20,2040,0.01
EEU,rur,d5,biomass_solid,20,2040,0.01
EEU,urb,d5,biomass_solid,20,2040,0.01
EEU,rur,d6,biomass_solid,20,2040,0.01
EEU,urb,d6,biomass_solid,20,2040,0.01
EEU,rur,d7,biomass_solid,20,2040,0.01
EEU,urb,d7,biomass_solid,20,2040,0.01
EEU,rur,d8,biomass_solid,20,2040,0.01
EEU,urb,d8,biomass_solid,20,2040,0.01
EEU,rur,d9,biomass_solid,20,2040,0.01
EEU,urb,d9,biomass_solid,20,2040,0.01
EEU,rur,d10,biomass_solid,20,2040,0.01
EEU,urb,d10,biomass_solid,20,2040,0.01
EEU,rur,d1,coal,20,2040,0.01
EEU,urb,d1,coal,20,2040,0.01
EEU,rur,d2,coal,20,2040,0.01
EEU,urb,d2,coal,20,2040,0.01
EEU,rur,d3,coal,20,2040,0.01
EEU,urb,d3,coal,20,2040,0.01
EEU,rur,d4,coal,20,2040,0.01
EEU,urb,d4,coal,20,2040,0.01
EEU,rur,d5,coal,20,2040,0.01
EEU,urb,d5,coal,20,2040,0.01
EEU,rur,d6,coal,20,2040,0.01
EEU,urb,d6,coal,20,2040,0.01
EEU,rur,d7,coal,20,2040,0.01
EEU,urb,d7,coal,20,2040,0.01
EEU,rur,d8,coal,20,2040,0.01
EEU,urb,d8,coal,20,2040,0.01
EEU,rur,d9,coal,20,2040,0.01
EEU,urb,d9,coal,20,2040,0.01
EEU,rur,d10,coal,20,2040,0.01
EEU,urb,d10,coal,20,2040,0.01
EEU,rur,d1,oil,20,2040,0.01
EEU,urb,d1,oil,20,2040,0.01
EEU,rur,d2,oil,20,2040,0.01
EEU,urb,d2,oil,20,2040,0.01
EEU,rur,d3,oil,20,2040,0.01
EEU,urb,d3,oil,20,2040,0.01
EEU,rur,d4,oil,20,2040,0.01
EEU,urb,d4,oil,20,2040,0.01
EEU,rur,d5,oil,20,2040,0.01
EEU,urb,d5,oil,20,2040,0.01
EEU,rur,d6,oil,20,2040,0.01
EEU,urb,d6,oil,20,2040,0.01
EEU,rur,d7,oil,20,2040,0.01
EEU,urb,d7,oil,20,2040,0.01
EEU,rur,d8,oil,20,2040,0.01
EEU,urb,d8,oil,20,2040,0.01
EEU,rur,d9,oil,20,2040,0.01
EEU,urb,d9,oil,20,2040,0.01
EEU,rur,d10,oil,20,2040,0.01
EEU,urb,d10,oil,20,2040,0.01
EEU,rur,d1,gas,20,2040,0.01
EEU,urb,d1,gas,20,2040,0.01
EEU,rur,d2,gas,20,2040,0.01
EEU,urb,d2,gas,20,2040,0.01
EEU,rur,d3,gas,20,2040,0.01
EEU,urb,d3,gas,20,2040,0.01
EEU,rur,d4,gas,20,2040,0.01
EEU,urb,d4,gas,20,2040,0.01
EEU,rur,d5,gas,20,2040,0.01
EEU,urb,d5,gas,20,2040,0.01
EEU,rur,d6,gas,20,2040,0.01
EEU,urb,d6,gas,20,2040,0.01
EEU,rur,d7,gas,20,2040,0.01
EEU,urb,d7,gas,20,2040,0.01
EEU,rur,d8,gas,20,2040,0.01
EEU,urb,d8,gas,20,2040,0.01
EEU,rur,d9,gas,20,2040,0.01
EEU,urb,d9,gas,20,2040,0.01
EEU,rur,d10,gas,20,2040,0.01
EEU,urb,d10,gas,20,2040,0.01
EEU,rur,d1,electricity,20,2040,0.01
EEU,urb,d1,electricity,20,2040,0.01
EEU,rur,d2,electricity,20,2040,0.01
EEU,urb,d2,electricity,20,2040,0.01
EEU,rur,d3,electricity,20,2040,0.01
EEU,urb,d3,electricity,20,2040,0.01
EEU,rur,d4,electricity,20,2040,0.01
EEU,urb,d4,electricity,20,2040,0.01
EEU,rur,d5,electricity,20,2040,0.01
EEU,urb,d5,electricity,20,2040,0.01
EEU,rur,d6,electricity,20,2040,0.01
EEU,urb,d6,electricity,20,2040,0.01
EEU,rur,d7,electricity,20,2040,0.01
EEU,urb,d7,electricity,20,2040,0.01
EEU,rur,d8,electricity,20,2040,0.01
EEU,urb,d8,electricity,20,2040,0.01
EEU,rur,d9,electricity,20,2040,0.01
EEU,urb,d9,electricity,20,2040,0.01
EEU,rur,d10,electricity,20,2040,0.01
EEU,urb,d10,electricity,20,2040,0.01
EEU,rur,d1,biomass_solid,20,2045,0.01
EEU,urb,d1,biomass_solid,20,2045,0.01
EEU,rur,d2,biomass_solid,20,2045,0.01
EEU,urb,d2,biomass_solid,20,2045,0.01
EEU,rur,d3,biomass_solid,20,2045,0.01
EEU,urb,d3,biomass_solid,20,2045,0.01
EEU,rur,d4,biomass_solid,20,2045,0.01
EEU,urb,d4,biomass_solid,20,2045,0.01
EEU,rur,d5,biomass_solid,20,2045,0.01
EEU,urb,d5,biomass_solid,20,2045,0.01
EEU,rur,d6,biomass_solid,20,2045,0.01
EEU,urb,d6,biomass_solid,20,2045,0.01
EEU,rur,d7,biomass_solid,20,2045,0.01
EEU,urb,d7,biomass_solid,20,2045,0.01
EEU,rur,d8,biomass_solid,20,2045,0.01
EEU,urb,d8,biomass_solid,20,2045,0.01
EEU,rur,d9,biomass_solid,20,2045,0.01
EEU,urb,d9,biomass_solid,20,2045,0.01
EEU,rur,d10,biomass_solid,20,2045,0.01
EEU,urb,d10,biomass_solid,20,2045,0.01
EEU,rur,d1,coal,20,2045,0.01
EEU,urb,d1,coal,20,2045,0.01
EEU,rur,d2,coal,20,2045,0.01
EEU,urb,d2,coal,20,2045,0.01
EEU,rur,d3,coal,20,2045,0.01
EEU,urb,d3,coal,20,2045,0.01
EEU,rur,d4,coal,20,2045,0.01
EEU,urb,d4,coal,20,2045,0.01
EEU,rur,d5,coal,20,2045,0.01
EEU,urb,d5,coal,20,2045,0.01
EEU,rur,d6,coal,20,2045,0.01
EEU,urb,d6,coal,20,2045,0.01
EEU,rur,d7,coal,20,2045,0.01
EEU,urb,d7,coal,20,2045,0.01
EEU,rur,d8,coal,20,2045,0.01
EEU,urb,d8,coal,20,2045,0.01
EEU,rur,d9,coal,20,2045,0.01
EEU,urb,d9,coal,20,2045,0.01
EEU,rur,d10,coal,20,2045,0.01
EEU,urb,d10,coal,20,2045,0.01
EEU,rur,d1,oil,20,2045,0.01
EEU,urb,d1,oil,20,2045,0.01
EEU,rur,d2,oil,20,2045,0.01
EEU,urb,d2,oil,20,2045,0.01
EEU,rur,d3,oil,20,2045,0.01
EEU,urb,d3,oil,20,2045,0.01
EEU,rur,d4,oil,20,2045,0.01
EEU,urb,d4,oil,20,2045,0.01
EEU,rur,d5,oil,20,2045,0.01
EEU,urb,d5,oil,20,2045,0.01
EEU,rur,d6,oil,20,2045,0.01
EEU,urb,d6,oil,20,2045,0.01
EEU,rur,d7,oil,20,2045,0.01
EEU,urb,d7,oil,20,2045,0.01
EEU,rur,d8,oil,20,2045,0.01
EEU,urb,d8,oil,20,2045,0.01
EEU,rur,d9,oil,20,2045,0.01
EEU,urb,d9,oil,20,2045,0.01
EEU,rur,d10,oil,20,2045,0.01
EEU,urb,d10,oil,20,2045,0.01
EEU,rur,d1,gas,20,2045,0.01
EEU,urb,d1,gas,20,2045,0.01
EEU,rur,d2,gas,20,2045,0.01
EEU,urb,d2,gas,20,2045,0.01
EEU,rur,d3,gas,20,2045,0.01
EEU,urb,d3,gas,20,2045,0.01
EEU,rur,d4,gas,20,2045,0.01
EEU,urb,d4,gas,20,2045,0.01
EEU,rur,d5,gas,20,2045,0.01
EEU,urb,d5,gas,20,2045,0.01
EEU,rur,d6,gas,20,2045,0.01
EEU,urb,d6,gas,20,2045,0.01
EEU,rur,d7,gas,20,2045,0.01
EEU,urb,d7,gas,20,2045,0.01
EEU,rur,d8,gas,20,2045,0.01
EEU,urb,d8,gas,20,2045,0.01
EEU,rur,d9,gas,20,2045,0.01
EEU,urb,d9,gas,20,2045,0.01
EEU,rur,d10,gas,20,2045,0.01
EEU,urb,d10,gas,20,2045,0.01
EEU,rur,d1,electricity,20,2045,0.01
EEU,urb,d1,electricity,20,2045,0.01
EEU,rur,d2,electricity,20,2045,0.01
EEU,urb,d2,electricity,20,2045,0.01
EEU,rur,d3,electricity,20,2045,0.01
EEU,urb,d3,electricity,20,2045,0.01
EEU,rur,d4,electricity,20,2045,0.01
EEU,urb,d4,electricity,20,2045,0.01
EEU,rur,d5,electricity,20,2045,0.01
EEU,urb,d5,electricity,20,2045,0.01
EEU,rur,d6,electricity,20,2045,0.01
EEU,urb,d6,electricity,20,2045,0.01
EEU,rur,d7,electricity,20,2045,0.01
EEU,urb,d7,electricity,20,2045,0.01
EEU,rur,d8,electricity,20,2045,0.01
EEU,urb,d8,electricity,20,2045,0.01
EEU,rur,d9,electricity,20,2045,0.01
EEU,urb,d9,electricity,20,2045,0.01
EEU,rur,d10,electricity,20,2045,0.01
EEU,urb,d10,electricity,20,2045,0.01
EEU,rur,d1,biomass_solid,20,2050,0.01
EEU,urb,d1,biomass_solid,20,2050,0.01
EEU,rur,d2,biomass_solid,20,2050,0.01
EEU,urb,d2,biomass_solid,20,2050,0.01
EEU,rur,d3,biomass_solid,20,2050,0.01
EEU,urb,d3,biomass_solid,20,2050,0.01
EEU,rur,d4,biomass_solid,20,2050,0.01
EEU,urb,d4,biomass_solid,20,2050,0.01
EEU,rur,d5,biomass_solid,20,2050,0.01
EEU,urb,d5,biomass_solid,20,2050,0.01
EEU,rur,d6,biomass_solid,20,2050,0.01
EEU,urb,d6,biomass_solid,20,2050,0.01
EEU,rur,d7,biomass_solid,20,2050,0.01
EEU,urb,d7,biomass_solid,20,2050,0.01
EEU,rur,d8,biomass_solid,20,2050,0.01
EEU,urb,d8,biomass_solid,20,2050,0.01
EEU,rur,d9,biomass_solid,20,2050,0.01
EEU,urb,d9,biomass_solid,20,2050,0.01
EEU,rur,d10,biomass_solid,20,2050,0.01
EEU,urb,d10,biomass_solid,20,2050,0.01
EEU,rur,d1,coal,20,2050,0.01
EEU,urb,d1,coal,20,2050,0.01
EEU,rur,d2,coal,20,2050,0.01
EEU,urb,d2,coal,20,2050,0.01
EEU,rur,d3,coal,20,2050,0.01
EEU,urb,d3,coal,20,2050,0.01
EEU,rur,d4,coal,20,2050,0.01
EEU,urb,d4,coal,20,2050,0.01
EEU,rur,d5,coal,20,2050,0.01
EEU,urb,d5,coal,20,2050,0.01
EEU,rur,d6,coal,20,2050,0.01
EEU,urb,d6,coal,20,2050,0.01
EEU,rur,d7,coal,20,2050,0.01
EEU,urb,d7,coal,20,2050,0.01
EEU,rur,d8,coal,20,2050,0.01
EEU,urb,d8,coal,20,2050,0.01
EEU,rur,d9,coal,20,2050,0.01
EEU,urb,d9,coal,20,2050,0.01
EEU,rur,d10,coal,20,2050,0.01
EEU,urb,d10,coal,20,2050,0.01
EEU,rur,d1,oil,20,2050,0.01
EEU,urb,d1,oil,20,2050,0.01
EEU,rur,d2,oil,20,2050,0.01
EEU,urb,d2,oil,20,2050,0.01
EEU,rur,d3,oil,20,2050,0.01
EEU,urb,d3,oil,20,2050,0.01
EEU,rur,d4,oil,20,2050,0.01
EEU,urb,d4,oil,20,2050,0.01
EEU,rur,d5,oil,20,2050,0.01
EEU,urb,d5,oil,20,2050,0.01
EEU,rur,d6,oil,20,2050,0.01
EEU,urb,d6,oil,20,2050,0.01
EEU,rur,d7,oil,20,2050,0.01
EEU,urb,d7,oil,20,2050,0.01
EEU,rur,d8,oil,20,2050,0.01
EEU,urb,d8,oil,20,2050,0.01
EEU,rur,d9,oil,20,2050,0.01
EEU,urb,d9,oil,20,2050,0.01
EEU,rur,d10,oil,20,2050,0.01
EEU,urb,d10,oil,20,2050,0.01
EEU,rur,d1,gas,20,2050,0.01
EEU,urb,d1,gas,20,2050,0.01
EEU,rur,d2,gas,20,2050,0.01
EEU,urb,d2,gas,20,2050,0.01
EEU,rur,d3,gas,20,2050,0.01
EEU,urb,d3,gas,20,2050,0.01
EEU,rur,d4,gas,20,2050,0.01
EEU,urb,d4,gas,20,2050,0.01
EEU,rur,d5,gas,20,2050,0.01
EEU,urb,d5,gas,20,2050,0.01
EEU,rur,d6,gas,20,2050,0.01
EEU,urb,d6,gas,20,2050,0.01
EEU,rur,d7,gas,20,2050,0.01
EEU,urb,d7,gas,20,2050,0.01
EEU,rur,d8,gas,20,2050,0.01
EEU,urb,d8,gas,20,2050,0.01
EEU,rur,d9,gas,20,2050,0.01
EEU,urb,d9,gas,20,2050,0.01
EEU,rur,d10,gas,20,2050,0.01
EEU,urb,d10,gas,20,2050,0.01
EEU,rur,d1,electricity,20,2050,0.01
EEU,urb,d1,electricity,20,2050,0.01
EEU,rur,d2,electricity,20,2050,0.01
EEU,urb,d2,electricity,20,2050,0.01
EEU,rur,d3,electricity,20,2050,0.01
EEU,urb,d3,electricity,20,2050,0.01
EEU,rur,d4,electricity,20,2050,0.01
EEU,urb,d4,electricity,20,2050,0.01
EEU,rur,d5,electricity,20,2050,0.01
EEU,urb,d5,electricity,20,2050,0.01
EEU,rur,d6,electricity,20,2050,0.01
EEU,urb,d6,electricity,20,2050,0.01
EEU,rur,d7,electricity,20,2050,0.01
EEU,urb,d7,electricity,20,2050,0.01
EEU,rur,d8,electricity,20,2050,0.01
EEU,urb,d8,electricity,20,2050,0.01
EEU,rur,d9,electricity,20,2050,0.01
EEU,urb,d9,electricity,20,2050,0.01
EEU,rur,d10,electricity,20,2050,0.01
EEU,urb,d10,electricity,20,2050,0.01
EEU,rur,d1,biomass_solid,20,2055,0.01
EEU,urb,d1,biomass_solid,20,2055,0.01
EEU,rur,d2,biomass_solid,20,2055,0.01
EEU,urb,d2,biomass_solid,20,2055,0.01
EEU,rur,d3,biomass_solid,20,2055,0.01
EEU,urb,d3,biomass_solid,20,2055,0.01
EEU,rur,d4,biomass_solid,20,2055,0.01
EEU,urb,d4,biomass_solid,20,2055,0.01
EEU,rur,d5,biomass_solid,20,2055,0.01
EEU,urb,d5,biomass_solid,20,2055,0.01
EEU,rur,d6,biomass_solid,20,2055,0.01
EEU,urb,d6,biomass_solid,20,2055,0.01
EEU,rur,d7,biomass_solid,20,2055,0.01
EEU,urb,d7,biomass_solid,20,2055,0.01
EEU,rur,d8,biomass_solid,20,2055,0.01
EEU,urb,d8,biomass_solid,20,2055,0.01
EEU,rur,d9,biomass_solid,20,2055,0.01
EEU,urb,d9,biomass_solid,20,2055,0.01
EEU,rur,d10,biomass_solid,20,2055,0.01
EEU,urb,d10,biomass_solid,20,2055,0.01
EEU,rur,d1,coal,20,2055,0.01
EEU,urb,d1,coal,20,2055,0.01
EEU,rur,d2,coal,20,2055,0.01
EEU,urb,d2,coal,20,2055,0.01
EEU,rur,d3,coal,20,2055,0.01
EEU,urb,d3,coal,20,2055,0.01
EEU,rur,d4,coal,20,2055,0.01
EEU,urb,d4,coal,20,2055,0.01
EEU,rur,d5,coal,20,2055,0.01
EEU,urb,d5,coal,20,2055,0.01
EEU,rur,d6,coal,20,2055,0.01
EEU,urb,d6,coal,20,2055,0.01
EEU,rur,d7,coal,20,2055,0.01
EEU,urb,d7,coal,20,2055,0.01
EEU,rur,d8,coal,20,2055,0.01
EEU,urb,d8,coal,20,2055,0.01
EEU,rur,d9,coal,20,2055,0.01
EEU,urb,d9,coal,20,2055,0.01
EEU,rur,d10,coal,20,2055,0.01
EEU,urb,d10,coal,20,2055,0.01
EEU,rur,d1,oil,20,2055,0.01
EEU,urb,d1,oil,20,2055,0.01
EEU,rur,d2,oil,20,2055,0.01
EEU,urb,d2,oil,20,2055,0.01
EEU,rur,d3,oil,20,2055,0.01
EEU,urb,d3,oil,20,2055,0.01
EEU,rur,d4,oil,20,2055,0.01
EEU,urb,d4,oil,20,2055,0.01
EEU,rur,d5,oil,20,2055,0.01
EEU,urb,d5,oil,20,2055,0.01
EEU,rur,d6,oil,20,2055,0.01
EEU,urb,d6,oil,20,2055,0.01
EEU,rur,d7,oil,20,2055,0.01
EEU,urb,d7,oil,20,2055,0.01
EEU,rur,d8,oil,20,2055,0.01
EEU,urb,d8,oil,20,2055,0.01
EEU,rur,d9,oil,20,2055,0.01
EEU,urb,d9,oil,20,2055,0.01
EEU,rur,d10,oil,20,2055,0.01
EEU,urb,d10,oil,20,2055,0.01
EEU,rur,d1,gas,20,2055,0.01
EEU,urb,d1,gas,20,2055,0.01
EEU,rur,d2,gas,20,2055,0.01
EEU,urb,d2,gas,20,2055,0.01
EEU,rur,d3,gas,20,2055,0.01
EEU,urb,d3,gas,20,2055,0.01
EEU,rur,d4,gas,20,2055,0.01
EEU,urb,d4,gas,20,2055,0.01
EEU,rur,d5,gas,20,2055,0.01
EEU,urb,d5,gas,20,2055,0.01
EEU,rur,d6,gas,20,2055,0.01
EEU,urb,d6,gas,20,2055,0.01
EEU,rur,d7,gas,20,2055,0.01
EEU,urb,d7,gas,20,2055,0.01
EEU,rur,d8,gas,20,2055,0.01
EEU,urb,d8,gas,20,2055,0.01
EEU,rur,d9,gas,20,2055,0.01
EEU,urb,d9,gas,20,2055,0.01
EEU,rur,d10,gas,20,2055,0.01
EEU,urb,d10,gas,20,2055,0.01
EEU,rur,d1,electricity,20,2055,0.01
EEU,urb,d1,electricity,20,2055,0.01
EEU,rur,d2,electricity,20,2055,0.01
EEU,urb,d2,electricity,20,2055,0.01
EEU,rur,d3,electricity,20,2055,0.01
EEU,urb,d3,electricity,20,2055,0.01
EEU,rur,d4,electricity,20,2055,0.01
EEU,urb,d4,electricity,20,2055,0.01
EEU,rur,d5,electricity,20,2055,0.01
EEU,urb,d5,electricity,20,2055,0.01
EEU,rur,d6,electricity,20,2055,0.01
EEU,urb,d6,electricity,20,2055,0.01
EEU,rur,d7,electricity,20,2055,0.01
EEU,urb,d7,electricity,20,2055,0.01
EEU,rur,d8,electricity,20,2055,0.01
EEU,urb,d8,electricity,20,2055,0.01
EEU,rur,d9,electricity,20,2055,0.01
EEU,urb,d9,electricity,20,2055,0.01
EEU,rur,d10,electricity,20,2055,0.01
EEU,urb,d10,electricity,20,2055,0.01
EEU,rur,d1,biomass_solid,20,2060,0.01
EEU,urb,d1,biomass_solid,20,2060,0.01
EEU,rur,d2,biomass_solid,20,2060,0.01
EEU,urb,d2,biomass_solid,20,2060,0.01
EEU,rur,d3,biomass_solid,20,2060,0.01
EEU,urb,d3,biomass_solid,20,2060,0.01
EEU,rur,d4,biomass_solid,20,2060,0.01
EEU,urb,d4,biomass_solid,20,2060,0.01
EEU,rur,d5,biomass_solid,20,2060,0.01
EEU,urb,d5,biomass_solid,20,2060,0.01
EEU,rur,d6,biomass_solid,20,2060,0.01
EEU,urb,d6,biomass_solid,20,2060,0.01
EEU,rur,d7,biomass_solid,20,2060,0.01
EEU,urb,d7,biomass_solid,20,2060,0.01
EEU,rur,d8,biomass_solid,20,2060,0.01
EEU,urb,d8,biomass_solid,20,2060,0.01
EEU,rur,d9,biomass_solid,20,2060,0.01
EEU,urb,d9,biomass_solid,20,2060,0.01
EEU,rur,d10,biomass_solid,20,2060,0.01
EEU,urb,d10,biomass_solid,20,2060,0.01
EEU,rur,d1,coal,20,2060,0.01
EEU,urb,d1,coal,20,2060,0.01
EEU,rur,d2,coal,20,2060,0.01
EEU,urb,d2,coal,20,2060,0.01
EEU,rur,d3,coal,20,2060,0.01
EEU,urb,d3,coal,20,2060,0.01
EEU,rur,d4,coal,20,2060,0.01
EEU,urb,d4,coal,20,2060,0.01
EEU,rur,d5,coal,20,2060,0.01
EEU,urb,d5,coal,20,2060,0.01
EEU,rur,d6,coal,20,2060,0.01
EEU,urb,d6,coal,20,2060,0.01
EEU,rur,d7,coal,20,2060,0.01
EEU,urb,d7,coal,20,2060,0.01
EEU,rur,d8,coal,20,2060,0.01
EEU,urb,d8,coal,20,2060,0.01
EEU,rur,d9,coal,20,2060,0.01
EEU,urb,d9,coal,20,2060,0.01
EEU,rur,d10,coal,20,2060,0.01
EEU,urb,d10,coal,20,2060,0.01
EEU,rur,d1,oil,20,2060,0.01
EEU,urb,d1,oil,20,2060,0.01
EEU,rur,d2,oil,20,2060,0.01
EEU,urb,d2,oil,20,2060,0.01
EEU,rur,d3,oil,20,2060,0.01
EEU,urb,d3,oil,20,2060,0.01
EEU,rur,d4,oil,20,2060,0.01
EEU,urb,d4,oil,20,2060,0.01
EEU,rur,d5,oil,20,2060,0.01
EEU,urb,d5,oil,20,2060,0.01
EEU,rur,d6,oil,20,2060,0.01
EEU,urb,d6,oil,20,2060,0.01
EEU,rur,d7,oil,20,2060,0.01
EEU,urb,d7,oil,20,2060,0.01
EEU,rur,d8,oil,20,2060,0.01
EEU,urb,d8,oil,20,2060,0.01
EEU,rur,d9,oil,20,2060,0.01
EEU,urb,d9,oil,20,2060,0.01
EEU,rur,d10,oil,20,2060,0.01
EEU,urb,d10,oil,20,2060,0.01
EEU,rur,d1,gas,20,2060,0.01
EEU,urb,d1,gas,20,2060,0.01
EEU,rur,d2,gas,20,2060,0.01
EEU,urb,d2,gas,20,2060,0.01
EEU,rur,d3,gas,20,2060,0.01
EEU,urb,d3,gas,20,2060,0.01
EEU,rur,d4,gas,20,2060,0.01
EEU,urb,d4,gas,20,2060,0.01
EEU,rur,d5,gas,20,2060,0.01
EEU,urb,d5,gas,20,2060,0.01
EEU,rur,d6,gas,20,2060,0.01
EEU,urb,d6,gas,20,2060,0.01
EEU,rur,d7,gas,20,2060,0.01
EEU,urb,d7,gas,20,2060,0.01
EEU,rur,d8,gas,20,2060,0.01
EEU,urb,d8,gas,20,2060,0.01
EEU,rur,d9,gas,20,2060,0.01
EEU,urb,d9,gas,20,2060,0.01
EEU,rur,d10,gas,20,2060,0.01
EEU,urb,d10,gas,20,2060,0.01
EEU,rur,d1,electricity,20,2060,0.01
EEU,urb,d1,electricity,20,2060,0.01
EEU,rur,d2,electricity,20,2060,0.01
EEU,urb,d2,electricity,20,2060,0.01
EEU,rur,d3,electricity,20,2060,0.01
EEU,urb,d3,electricity,20,2060,0.01
EEU,rur,d4,electricity,20,2060,0.01
EEU,urb,d4,electricity,20,2060,0.01
EEU,rur,d5,electricity,20,2060,0.01
EEU,urb,d5,electricity,20,2060,0.01
EEU,rur,d6,electricity,20,2060,0.01
EEU,urb,d6,electricity,20,2060,0.01
EEU,rur,d7,electricity,20,2060,0.01
EEU,urb,d7,electricity,20,2060,0.01
EEU,rur,d8,electricity,20,2060,0.01
EEU,urb,d8,electricity,20,2060,0.01
EEU,rur,d9,electricity,20,2060,0.01
EEU,urb,d9,electricity,20,2060,0.01
EEU,rur,d10,electricity,20,2060,0.01
EEU,urb,d10,electricity,20,2060,0.01
EEU,rur,d1,biomass_solid,20,2065,0.01
EEU,urb,d1,biomass_solid,20,2065,0.01
EEU,rur,d2,biomass_solid,20,2065,0.01
EEU,urb,d2,biomass_solid,20,2065,0.01
EEU,rur,d3,biomass_solid,20,2065,0.01
EEU,urb,d3,biomass_solid,20,2065,0.01
EEU,rur,d4,biomass_solid,20,2065,0.01
EEU,urb,d4,biomass_solid,20,2065,0.01
EEU,rur,d5,biomass_solid,20,2065,0.01
EEU,urb,d5,biomass_solid,20,2065,0.01
EEU,rur,d6,biomass_solid,20,2065,0.01
EEU,urb,d6,biomass_solid,20,2065,0.01
EEU,rur,d7,biomass_solid,20,2065,0.01
EEU,urb,d7,biomass_solid,20,2065,0.01
EEU,rur,d8,biomass_solid,20,2065,0.01
EEU,urb,d8,biomass_solid,20,2065,0.01
EEU,rur,d9,biomass_solid,20,2065,0.01
EEU,urb,d9,biomass_solid,20,2065,0.01
EEU,rur,d10,biomass_solid,20,2065,0.01
EEU,urb,d10,biomass_solid,20,2065,0.01
EEU,rur,d1,coal,20,2065,0.01
EEU,urb,d1,coal,20,2065,0.01
EEU,rur,d2,coal,20,2065,0.01
EEU,urb,d2,coal,20,2065,0.01
EEU,rur,d3,coal,20,2065,0.01
EEU,urb,d3,coal,20,2065,0.01
EEU,rur,d4,coal,20,2065,0.01
EEU,urb,d4,coal,20,2065,0.01
EEU,rur,d5,coal,20,2065,0.01
EEU,urb,d5,coal,20,2065,0.01
EEU,rur,d6,coal,20,2065,0.01
EEU,urb,d6,coal,20,2065,0.01
EEU,rur,d7,coal,20,2065,0.01
EEU,urb,d7,coal,20,2065,0.01
EEU,rur,d8,coal,20,2065,0.01
EEU,urb,d8,coal,20,2065,0.01
EEU,rur,d9,coal,20,2065,0.01
EEU,urb,d9,coal,20,2065,0.01
EEU,rur,d10,coal,20,2065,0.01
EEU,urb,d10,coal,20,2065,0.01
EEU,rur,d1,oil,20,2065,0.01
EEU,urb,d1,oil,20,2065,0.01
EEU,rur,d2,oil,20,2065,0.01
EEU,urb,d2,oil,20,2065,0.01
EEU,rur,d3,oil,20,2065,0.01
EEU,urb,d3,oil,20,2065,0.01
EEU,rur,d4,oil,20,2065,0.01
EEU,urb,d4,oil,20,2065,0.01
EEU,rur,d5,oil,20,2065,0.01
EEU,urb,d5,oil,20,2065,0.01
EEU,rur,d6,oil,20,2065,0.01
EEU,urb,d6,oil,20,2065,0.01
EEU,rur,d7,oil,20,2065,0.01
EEU,urb,d7,oil,20,2065,0.01
EEU,rur,d8,oil,20,2065,0.01
EEU,urb,d8,oil,20,2065,0.01
EEU,rur,d9,oil,20,2065,0.01
EEU,urb,d9,oil,20,2065,0.01
EEU,rur,d10,oil,20,2065,0.01
EEU,urb,d10,oil,20,2065,0.01
EEU,rur,d1,gas,20,2065,0.01
EEU,urb,d1,gas,20,2065,0.01
EEU,rur,d2,gas,20,2065,0.01
EEU,urb,d2,gas,20,2065,0.01
EEU,rur,d3,gas,20,2065,0.01
EEU,urb,d3,gas,20,2065,0.01
EEU,rur,d4,gas,20,2065,0.01
EEU,urb,d4,gas,20,2065,0.01
EEU,rur,d5,gas,20,2065,0.01
EEU,urb,d5,gas,20,2065,0.01
EEU,rur,d6,gas,20,2065,0.01
EEU,urb,d6,gas,20,2065,0.01
EEU,rur,d7,gas,20,2065,0.01
EEU,urb,d7,gas,20,2065,0.01
EEU,rur,d8,gas,20,2065,0.01
EEU,urb,d8,gas,20,2065,0.01
EEU,rur,d9,gas,20,2065,0.01
EEU,urb,d9,gas,20,2065,0.01
EEU,rur,d10,gas,20,2065,0.01
EEU,urb,d10,gas,20,2065,0.01
EEU,rur,d1,electricity,20,2065,0.01
EEU,urb,d1,electricity,20,2065,0.01
EEU,rur,d2,electricity,20,2065,0.01
EEU,urb,d2,electricity,20,2065,0.01
EEU,rur,d3,electricity,20,2065,0.01
EEU,urb,d3,electricity,20,2065,0.01
EEU,rur,d4,electricity,20,2065,0.01
EEU,urb,d4,electricity,20,2065,0.01
EEU,rur,d5,electricity,20,2065,0.01
EEU,urb,d5,electricity,20,2065,0.01
EEU,rur,d6,electricity,20,2065,0.01
EEU,urb,d6,electricity,20,2065,0.01
EEU,rur,d7,electricity,20,2065,0.01
EEU,urb,d7,electricity,20,2065,0.01
EEU,rur,d8,electricity,20,2065,0.01
EEU,urb,d8,electricity,20,2065,0.01
EEU,rur,d9,electricity,20,2065,0.01
EEU,urb,d9,electricity,20,2065,0.01
EEU,rur,d10,electricity,20,2065,0.01
EEU,urb,d10,electricity,20,2065,0.01
EEU,rur,d1,biomass_solid,20,2070,0.01
EEU,urb,d1,biomass_solid,20,2070,0.01
EEU,rur,d2,biomass_solid,20,2070,0.01
EEU,urb,d2,biomass_solid,20,2070,0.01
EEU,rur,d3,biomass_solid,20,2070,0.01
EEU,urb,d3,biomass_solid,20,2070,0.01
EEU,rur,d4,biomass_solid,20,2070,0.01
EEU,urb,d4,biomass_solid,20,2070,0.01
EEU,rur,d5,biomass_solid,20,2070,0.01
EEU,urb,d5,biomass_solid,20,2070,0.01
EEU,rur,d6,biomass_solid,20,2070,0.01
EEU,urb,d6,biomass_solid,20,2070,0.01
EEU,rur,d7,biomass_solid,20,2070,0.01
EEU,urb,d7,biomass_solid,20,2070,0.01
EEU,rur,d8,biomass_solid,20,2070,0.01
EEU,urb,d8,biomass_solid,20,2070,0.01
EEU,rur,d9,biomass_solid,20,2070,0.01
EEU,urb,d9,biomass_solid,20,2070,0.01
EEU,rur,d10,biomass_solid,20,2070,0.01
EEU,urb,d10,biomass_solid,20,2070,0.01
EEU,rur,d1,coal,20,2070,0.01
EEU,urb,d1,coal,20,2070,0.01
EEU,rur,d2,coal,20,2070,0.01
EEU,urb,d2,coal,20,2070,0.01
EEU,rur,d3,coal,20,2070,0.01
EEU,urb,d3,coal,20,2070,0.01
EEU,rur,d4,coal,20,2070,0.01
EEU,urb,d4,coal,20,2070,0.01
EEU,rur,d5,coal,20,2070,0.01
EEU,urb,d5,coal,20,2070,0.01
EEU,rur,d6,coal,20,2070,0.01
EEU,urb,d6,coal,20,2070,0.01
EEU,rur,d7,coal,20,2070,0.01
EEU,urb,d7,coal,20,2070,0.01
EEU,rur,d8,coal,20,2070,0.01
EEU,urb,d8,coal,20,2070,0.01
EEU,rur,d9,coal,20,2070,0.01
EEU,urb,d9,coal,20,2070,0.01
EEU,rur,d10,coal,20,2070,0.01
EEU,urb,d10,coal,20,2070,0.01
EEU,rur,d1,oil,20,2070,0.01
EEU,urb,d1,oil,20,2070,0.01
EEU,rur,d2,oil,20,2070,0.01
EEU,urb,d2,oil,20,2070,0.01
EEU,rur,d3,oil,20,2070,0.01
EEU,urb,d3,oil,20,2070,0.01
EEU,rur,d4,oil,20,2070,0.01
EEU,urb,d4,oil,20,2070,0.01
EEU,rur,d5,oil,20,2070,0.01
EEU,urb,d5,oil,20,2070,0.01
EEU,rur,d6,oil,20,2070,0.01
EEU,urb,d6,oil,20,2070,0.01
EEU,rur,d7,oil,20,2070,0.01
EEU,urb,d7,oil,20,2070,0.01
EEU,rur,d8,oil,20,2070,0.01
EEU,urb,d8,oil,20,2070,0.01
EEU,rur,d9,oil,20,2070,0.01
EEU,urb,d9,oil,20,2070,0.01
EEU,rur,d10,oil,20,2070,0.01
EEU,urb,d10,oil,20,2070,0.01
EEU,rur,d1,gas,20,2070,0.01
EEU,urb,d1,gas,20,2070,0.01
EEU,rur,d2,gas,20,2070,0.01
EEU,urb,d2,gas,20,2070,0.01
EEU,rur,d3,gas,20,2070,0.01
EEU,urb,d3,gas,20,2070,0.01
EEU,rur,d4,gas,20,2070,0.01
EEU,urb,d4,gas,20,2070,0.01
EEU,rur,d5,gas,20,2070,0.01
EEU,urb,d5,gas,20,2070,0.01
EEU,rur,d6,gas,20,2070,0.01
EEU,urb,d6,gas,20,2070,0.01
EEU,rur,d7,gas,20,2070,0.01
EEU,urb,d7,gas,20,2070,0.01
EEU,rur,d8,gas,20,2070,0.01
EEU,urb,d8,gas,20,2070,0.01
EEU,rur,d9,gas,20,2070,0.01
EEU,urb,d9,gas,20,2070,0.01
EEU,rur,d10,gas,20,2070,0.01
EEU,urb,d10,gas,20,2070,0.01
EEU,rur,d1,electricity,20,2070,0.01
EEU,urb,d1,electricity,20,2070,0.01
EEU,rur,d2,electricity,20,2070,0.01
EEU,urb,d2,electricity,20,2070,0.01
EEU,rur,d3,electricity,20,2070,0.01
EEU,urb,d3,electricity,20,2070,0.01
EEU,rur,d4,electricity,20,2070,0.01
EEU,urb,d4,electricity,20,2070,0.01
EEU,rur,d5,electricity,20,2070,0.01
EEU,urb,d5,electricity,20,2070,0.01
EEU,rur,d6,electricity,20,2070,0.01
EEU,urb,d6,electricity,20,2070,0.01
EEU,rur,d7,electricity,20,2070,0.01
EEU,urb,d7,electricity,20,2070,0.01
EEU,rur,d8,electricity,20,2070,0.01
EEU,urb,d8,electricity,20,2070,0.01
EEU,rur,d9,electricity,20,2070,0.01
EEU,urb,d9,electricity,20,2070,0.01
EEU,rur,d10,electricity,20,2070,0.01
EEU,urb,d10,electricity,20,2070,0.01
EEU,rur,d1,biomass_solid,20,2075,0.01
EEU,urb,d1,biomass_solid,20,2075,0.01
EEU,rur,d2,biomass_solid,20,2075,0.01
EEU,urb,d2,biomass_solid,20,2075,0.01
EEU,rur,d3,biomass_solid,20,2075,0.01
EEU,urb,d3,biomass_solid,20,2075,0.01
EEU,rur,d4,biomass_solid,20,2075,0.01
EEU,urb,d4,biomass_solid,20,2075,0.01
EEU,rur,d5,biomass_solid,20,2075,0.01
EEU,urb,d5,biomass_solid,20,2075,0.01
EEU,rur,d6,biomass_solid,20,2075,0.01
EEU,urb,d6,biomass_solid,20,2075,0.01
EEU,rur,d7,biomass_solid,20,2075,0.01
EEU,urb,d7,biomass_solid,20,2075,0.01
EEU,rur,d8,biomass_solid,20,2075,0.01
EEU,urb,d8,biomass_solid,20,2075,0.01
EEU,rur,d9,biomass_solid,20,2075,0.01
EEU,urb,d9,biomass_solid,20,2075,0.01
EEU,rur,d10,biomass_solid,20,2075,0.01
EEU,urb,d10,biomass_solid,20,2075,0.01
EEU,rur,d1,coal,20,2075,0.01
EEU,urb,d1,coal,20,2075,0.01
EEU,rur,d2,coal,20,2075,0.01
EEU,urb,d2,coal,20,2075,0.01
EEU,rur,d3,coal,20,2075,0.01
EEU,urb,d3,coal,20,2075,0.01
EEU,rur,d4,coal,20,2075,0.01
EEU,urb,d4,coal,20,2075,0.01
EEU,rur,d5,coal,20,2075,0.01
EEU,urb,d5,coal,20,2075,0.01
EEU,rur,d6,coal,20,2075,0.01
EEU,urb,d6,coal,20,2075,0.01
EEU,rur,d7,coal,20,2075,0.01
EEU,urb,d7,coal,20,2075,0.01
EEU,rur,d8,coal,20,2075,0.01
EEU,urb,d8,coal,20,2075,0.01
EEU,rur,d9,coal,20,2075,0.01
EEU,urb,d9,coal,20,2075,0.01
EEU,rur,d10,coal,20,2075,0.01
EEU,urb,d10,coal,20,2075,0.01
EEU,rur,d1,oil,20,2075,0.01
EEU,urb,d1,oil,20,2075,0.01
EEU,rur,d2,oil,20,2075,0.01
EEU,urb,d2,oil,20,2075,0.01
EEU,rur,d3,oil,20,2075,0.01
EEU,urb,d3,oil,20,2075,0.01
EEU,rur,d4,oil,20,2075,0.01
EEU,urb,d4,oil,20,2075,0.01
EEU,rur,d5,oil,20,2075,0.01
EEU,urb,d5,oil,20,2075,0.01
EEU,rur,d6,oil,20,2075,0.01
EEU,urb,d6,oil,20,2075,0.01
EEU,rur,d7,oil,20,2075,0.01
EEU,urb,d7,oil,20,2075,0.01
EEU,rur,d8,oil,20,2075,0.01
EEU,urb,d8,oil,20,2075,0.01
EEU,rur,d9,oil,20,2075,0.01
EEU,urb,d9,oil,20,2075,0.01
EEU,rur,d10,oil,20,2075,0.01
EEU,urb,d10,oil,20,2075,0.01
EEU,rur,d1,gas,20,2075,0.01
EEU,urb,d1,gas,20,2075,0.01
EEU,rur,d2,gas,20,2075,0.01
EEU,urb,d2,gas,20,2075,0.01
EEU,rur,d3,gas,20,2075,0.01
EEU,urb,d3,gas,20,2075,0.01
EEU,rur,d4,gas,20,2075,0.01
EEU,urb,d4,gas,20,2075,0.01
EEU,rur,d5,gas,20,2075,0.01
EEU,urb,d5,gas,20,2075,0.01
EEU,rur,d6,gas,20,2075,0.01
EEU,urb,d6,gas,20,2075,0.01
EEU,rur,d7,gas,20,2075,0.01
EEU,urb,d7,gas,20,2075,0.01
EEU,rur,d8,gas,20,2075,0.01
EEU,urb,d8,gas,20,2075,0.01
EEU,rur,d9,gas,20,2075,0.01
EEU,urb,d9,gas,20,2075,0.01
EEU,rur,d10,gas,20,2075,0.01
EEU,urb,d10,gas,20,2075,0.01
EEU,rur,d1,electricity,20,2075,0.01
EEU,urb,d1,electricity,20,2075,0.01
EEU,rur,d2,electricity,20,2075,0.01
EEU,urb,d2,electricity,20,2075,0.01
EEU,rur,d3,electricity,20,2075,0.01
EEU,urb,d3,electricity,20,2075,0.01
EEU,rur,d4,electricity,20,2075,0.01
EEU,urb,d4,electricity,20,2075,0.01
EEU,rur,d5,electricity,20,2075,0.01
EEU,urb,d5,electricity,20,2075,0.01
EEU,rur,d6,electricity,20,2075,0.01
EEU,urb,d6,electricity,20,2075,0.01
EEU,rur,d7,electricity,20,2075,0.01
EEU,urb,d7,electricity,20,2075,0.01
EEU,rur,d8,electricity,20,2075,0.01
EEU,urb,d8,electricity,20,2075,0.01
EEU,rur,d9,electricity,20,2075,0.01
EEU,urb,d9,electricity,20,2075,0.01
EEU,rur,d10,electricity,20,2075,0.01
EEU,urb,d10,electricity,20,2075,0.01
EEU,rur,d1,biomass_solid,20,2080,0.01
EEU,urb,d1,biomass_solid,20,2080,0.01
EEU,rur,d2,biomass_solid,20,2080,0.01
EEU,urb,d2,biomass_solid,20,2080,0.01
EEU,rur,d3,biomass_solid,20,2080,0.01
EEU,urb,d3,biomass_solid,20,2080,0.01
EEU,rur,d4,biomass_solid,20,2080,0.01
EEU,urb,d4,biomass_solid,20,2080,0.01
EEU,rur,d5,biomass_solid,20,2080,0.01
EEU,urb,d5,biomass_solid,20,2080,0.01
EEU,rur,d6,biomass_solid,20,2080,0.01
EEU,urb,d6,biomass_solid,20,2080,0.01
EEU,rur,d7,biomass_solid,20,2080,0.01
EEU,urb,d7,biomass_solid,20,2080,0.01
EEU,rur,d8,biomass_solid,20,2080,0.01
EEU,urb,d8,biomass_solid,20,2080,0.01
EEU,rur,d9,biomass_solid,20,2080,0.01
EEU,urb,d9,biomass_solid,20,2080,0.01
EEU,rur,d10,biomass_solid,20,2080,0.01
EEU,urb,d10,biomass_solid,20,2080,0.01
EEU,rur,d1,coal,20,2080,0.01
EEU,urb,d1,coal,20,2080,0.01
EEU,rur,d2,coal,20,2080,0.01
EEU,urb,d2,coal,20,2080,0.01
EEU,rur,d3,coal,20,2080,0.01
EEU,urb,d3,coal,20,2080,0.01
EEU,rur,d4,coal,20,2080,0.01
EEU,urb,d4,coal,20,2080,0.01
EEU,rur,d5,coal,20,2080,0.01
EEU,urb,d5,coal,20,2080,0.01
EEU,rur,d6,coal,20,2080,0.01
EEU,urb,d6,coal,20,2080,0.01
EEU,rur,d7,coal,20,2080,0.01
EEU,urb,d7,coal,20,2080,0.01
EEU,rur,d8,coal,20,2080,0.01
EEU,urb,d8,coal,20,2080,0.01
EEU,rur,d9,coal,20,2080,0.01
EEU,urb,d9,coal,20,2080,0.01
EEU,rur,d10,coal,20,2080,0.01
EEU,urb,d10,coal,20,2080,0.01
EEU,rur,d1,oil,20,2080,0.01
EEU,urb,d1,oil,20,2080,0.01
EEU,rur,d2,oil,20,2080,0.01
EEU,urb,d2,oil,20,2080,0.01
EEU,rur,d3,oil,20,2080,0.01
EEU,urb,d3,oil,20,2080,0.01
EEU,rur,d4,oil,20,2080,0.01
EEU,urb,d4,oil,20,2080,0.01
EEU,rur,d5,oil,20,2080,0.01
EEU,urb,d5,oil,20,2080,0.01
EEU,rur,d6,oil,20,2080,0.01
EEU,urb,d6,oil,20,2080,0.01
EEU,rur,d7,oil,20,2080,0.01
EEU,urb,d7,oil,20,2080,0.01
EEU,rur,d8,oil,20,2080,0.01
EEU,urb,d8,oil,20,2080,0.01
EEU,rur,d9,oil,20,2080,0.01
EEU,urb,d9,oil,20,2080,0.01
EEU,rur,d10,oil,20,2080,0.01
EEU,urb,d10,oil,20,2080,0.01
EEU,rur,d1,gas,20,2080,0.01
EEU,urb,d1,gas,20,2080,0.01
EEU,rur,d2,gas,20,2080,0.01
EEU,urb,d2,gas,20,2080,0.01
EEU,rur,d3,gas,20,2080,0.01
EEU,urb,d3,gas,20,2080,0.01
EEU,rur,d4,gas,20,2080,0.01
EEU,urb,d4,gas,20,2080,0.01
EEU,rur,d5,gas,20,2080,0.01
EEU,urb,d5,gas,20,2080,0.01
EEU,rur,d6,gas,20,2080,0.01
EEU,urb,d6,gas,20,2080,0.01
EEU,rur,d7,gas,20,2080,0.01
EEU,urb,d7,gas,20,2080,0.01
EEU,rur,d8,gas,20,2080,0.01
EEU,urb,d8,gas,20,2080,0.01
EEU,rur,d9,gas,20,2080,0.01
EEU,urb,d9,gas,20,2080,0.01
EEU,rur,d10,gas,20,2080,0.01
EEU,urb,d10,gas,20,2080,0.01
EEU,rur,d1,electricity,20,2080,0.01
EEU,urb,d1,electricity,20,2080,0.01
EEU,rur,d2,electricity,20,2080,0.01
EEU,urb,d2,electricity,20,2080,0.01
EEU,rur,d3,electricity,20,2080,0.01
EEU,urb,d3,electricity,20,2080,0.01
EEU,rur,d4,electricity,20,2080,0.01
EEU,urb,d4,electricity,20,2080,0.01
EEU,rur,d5,electricity,20,2080,0.01
EEU,urb,d5,electricity,20,2080,0.01
EEU,rur,d6,electricity,20,2080,0.01
EEU,urb,d6,electricity,20,2080,0.01
EEU,rur,d7,electricity,20,2080,0.01
EEU,urb,d7,electricity,20,2080,0.01
EEU,rur,d8,electricity,20,2080,0.01
EEU,urb,d8,electricity,20,2080,0.01
EEU,rur,d9,electricity,20,2080,0.01
EEU,urb,d9,electricity,20,2080,0.01
EEU,rur,d10,electricity,20,2080,0.01
EEU,urb,d10,electricity,20,2080,0.01
EEU,rur,d1,biomass_solid,20,2085,0.01
EEU,urb,d1,biomass_solid,20,2085,0.01
EEU,rur,d2,biomass_solid,20,2085,0.01
EEU,urb,d2,biomass_solid,20,2085,0.01
EEU,rur,d3,biomass_solid,20,2085,0.01
EEU,urb,d3,biomass_solid,20,2085,0.01
EEU,rur,d4,biomass_solid,20,2085,0.01
EEU,urb,d4,biomass_solid,20,2085,0.01
EEU,rur,d5,biomass_solid,20,2085,0.01
EEU,urb,d5,biomass_solid,20,2085,0.01
EEU,rur,d6,biomass_solid,20,2085,0.01
EEU,urb,d6,biomass_solid,20,2085,0.01
EEU,rur,d7,biomass_solid,20,2085,0.01
EEU,urb,d7,biomass_solid,20,2085,0.01
EEU,rur,d8,biomass_solid,20,2085,0.01
EEU,urb,d8,biomass_solid,20,2085,0.01
EEU,rur,d9,biomass_solid,20,2085,0.01
EEU,urb,d9,biomass_solid,20,2085,0.01
EEU,rur,d10,biomass_solid,20,2085,0.01
EEU,urb,d10,biomass_solid,20,2085,0.01
EEU,rur,d1,coal,20,2085,0.01
EEU,urb,d1,coal,20,2085,0.01
EEU,rur,d2,coal,20,2085,0.01
EEU,urb,d2,coal,20,2085,0.01
EEU,rur,d3,coal,20,2085,0.01
EEU,urb,d3,coal,20,2085,0.01
EEU,rur,d4,coal,20,2085,0.01
EEU,urb,d4,coal,20,2085,0.01
EEU,rur,d5,coal,20,2085,0.01
EEU,urb,d5,coal,20,2085,0.01
EEU,rur,d6,coal,20,2085,0.01
EEU,urb,d6,coal,20,2085,0.01
EEU,rur,d7,coal,20,2085,0.01
EEU,urb,d7,coal,20,2085,0.01
EEU,rur,d8,coal,20,2085,0.01
EEU,urb,d8,coal,20,2085,0.01
EEU,rur,d9,coal,20,2085,0.01
EEU,urb,d9,coal,20,2085,0.01
EEU,rur,d10,coal,20,2085,0.01
EEU,urb,d10,coal,20,2085,0.01
EEU,rur,d1,oil,20,2085,0.01
EEU,urb,d1,oil,20,2085,0.01
EEU,rur,d2,oil,20,2085,0.01
EEU,urb,d2,oil,20,2085,0.01
EEU,rur,d3,oil,20,2085,0.01
EEU,urb,d3,oil,20,2085,0.01
EEU,rur,d4,oil,20,2085,0.01
EEU,urb,d4,oil,20,2085,0.01
EEU,rur,d5,oil,20,2085,0.01
EEU,urb,d5,oil,20,2085,0.01
EEU,rur,d6,oil,20,2085,0.01
EEU,urb,d6,oil,20,2085,0.01
EEU,rur,d7,oil,20,2085,0.01
EEU,urb,d7,oil,20,2085,0.01
EEU,rur,d8,oil,20,2085,0.01
EEU,urb,d8,oil,20,2085,0.01
EEU,rur,d9,oil,20,2085,0.01
EEU,urb,d9,oil,20,2085,0.01
EEU,rur,d10,oil,20,2085,0.01
EEU,urb,d10,oil,20,2085,0.01
EEU,rur,d1,gas,20,2085,0.01
EEU,urb,d1,gas,20,2085,0.01
EEU,rur,d2,gas,20,2085,0.01
EEU,urb,d2,gas,20,2085,0.01
EEU,rur,d3,gas,20,2085,0.01
EEU,urb,d3,gas,20,2085,0.01
EEU,rur,d4,gas,20,2085,0.01
EEU,urb,d4,gas,20,2085,0.01
EEU,rur,d5,gas,20,2085,0.01
EEU,urb,d5,gas,20,2085,0.01
EEU,rur,d6,gas,20,2085,0.01
EEU,urb,d6,gas,20,2085,0.01
EEU,rur,d7,gas,20,2085,0.01
EEU,urb,d7,gas,20,2085,0.01
EEU,rur,d8,gas,20,2085,0.01
EEU,urb,d8,gas,20,2085,0.01
EEU,rur,d9,gas,20,2085,0.01
EEU,urb,d9,gas,20,2085,0.01
EEU,rur,d10,gas,20,2085,0.01
EEU,urb,d10,gas,20,2085,0.01
EEU,rur,d1,electricity,20,2085,0.01
EEU,urb,d1,electricity,20,2085,0.01
EEU,rur,d2,electricity,20,2085,0.01
EEU,urb,d2,electricity,20,2085,0.01
EEU,rur,d3,electricity,20,2085,0.01
EEU,urb,d3,electricity,20,2085,0.01
EEU,rur,d4,electricity,20,2085,0.01
EEU,urb,d4,electricity,20,2085,0.01
EEU,rur,d5,electricity,20,2085,0.01
EEU,urb,d5,electricity,20,2085,0.01
EEU,rur,d6,electricity,20,2085,0.01
EEU,urb,d6,electricity,20,2085,0.01
EEU,rur,d7,electricity,20,2085,0.01
EEU,urb,d7,electricity,20,2085,0.01
EEU,rur,d8,electricity,20,2085,0.01
EEU,urb,d8,electricity,20,2085,0.01
EEU,rur,d9,electricity,20,2085,0.01
EEU,urb,d9,electricity,20,2085,0.01
EEU,rur,d10,electricity,20,2085,0.01
EEU,urb,d10,electricity,20,2085,0.01
EEU,rur,d1,biomass_solid,20,2090,0.01
EEU,urb,d1,biomass_solid,20,2090,0.01
EEU,rur,d2,biomass_solid,20,2090,0.01
EEU,urb,d2,biomass_solid,20,2090,0.01
EEU,rur,d3,biomass_solid,20,2090,0.01
EEU,urb,d3,biomass_solid,20,2090,0.01
EEU,rur,d4,biomass_solid,20,2090,0.01
EEU,urb,d4,biomass_solid,20,2090,0.01
EEU,rur,d5,biomass_solid,20,2090,0.01
EEU,urb,d5,biomass_solid,20,2090,0.01
EEU,rur,d6,biomass_solid,20,2090,0.01
EEU,urb,d6,biomass_solid,20,2090,0.01
EEU,rur,d7,biomass_solid,20,2090,0.01
EEU,urb,d7,biomass_solid,20,2090,0.01
EEU,rur,d8,biomass_solid,20,2090,0.01
EEU,urb,d8,biomass_solid,20,2090,0.01
EEU,rur,d9,biomass_solid,20,2090,0.01
EEU,urb,d9,biomass_solid,20,2090,0.01
EEU,rur,d10,biomass_solid,20,2090,0.01
EEU,urb,d10,biomass_solid,20,2090,0.01
EEU,rur,d1,coal,20,2090,0.01
EEU,urb,d1,coal,20,2090,0.01
EEU,rur,d2,coal,20,2090,0.01
EEU,urb,d2,coal,20,2090,0.01
EEU,rur,d3,coal,20,2090,0.01
EEU,urb,d3,coal,20,2090,0.01
EEU,rur,d4,coal,20,2090,0.01
EEU,urb,d4,coal,20,2090,0.01
EEU,rur,d5,coal,20,2090,0.01
EEU,urb,d5,coal,20,2090,0.01
EEU,rur,d6,coal,20,2090,0.01
EEU,urb,d6,coal,20,2090,0.01
EEU,rur,d7,coal,20,2090,0.01
EEU,urb,d7,coal,20,2090,0.01
EEU,rur,d8,coal,20,2090,0.01
EEU,urb,d8,coal,20,2090,0.01
EEU,rur,d9,coal,20,2090,0.01
EEU,urb,d9,coal,20,2090,0.01
EEU,rur,d10,coal,20,2090,0.01
EEU,urb,d10,coal,20,2090,0.01
EEU,rur,d1,oil,20,2090,0.01
EEU,urb,d1,oil,20,2090,0.01
EEU,rur,d2,oil,20,2090,0.01
EEU,urb,d2,oil,20,2090,0.01
EEU,rur,d3,oil,20,2090,0.01
EEU,urb,d3,oil,20,2090,0.01
EEU,rur,d4,oil,20,2090,0.01
EEU,urb,d4,oil,20,2090,0.01
EEU,rur,d5,oil,20,2090,0.01
EEU,urb,d5,oil,20,2090,0.01
EEU,rur,d6,oil,20,2090,0.01
EEU,urb,d6,oil,20,2090,0.01
EEU,rur,d7,oil,20,2090,0.01
EEU,urb,d7,oil,20,2090,0.01
EEU,rur,d8,oil,20,2090,0.01
EEU,urb,d8,oil,20,2090,0.01
EEU,rur,d9,oil,20,2090,0.01
EEU,urb,d9,oil,20,2090,0.01
EEU,rur,d10,oil,20,2090,0.01
EEU,urb,d10,oil,20,2090,0.01
EEU,rur,d1,gas,20,2090,0.01
EEU,urb,d1,gas,20,2090,0.01
EEU,rur,d2,gas,20,2090,0.01
EEU,urb,d2,gas,20,2090,0.01
EEU,rur,d3,gas,20,2090,0.01
EEU,urb,d3,gas,20,2090,0.01
EEU,rur,d4,gas,20,2090,0.01
EEU,urb,d4,gas,20,2090,0.01
EEU,rur,d5,gas,20,2090,0.01
EEU,urb,d5,gas,20,2090,0.01
EEU,rur,d6,gas,20,2090,0.01
EEU,urb,d6,gas,20,2090,0.01
EEU,rur,d7,gas,20,2090,0.01
EEU,urb,d7,gas,20,2090,0.01
EEU,rur,d8,gas,20,2090,0.01
EEU,urb,d8,gas,20,2090,0.01
EEU,rur,d9,gas,20,2090,0.01
EEU,urb,d9,gas,20,2090,0.01
EEU,rur,d10,gas,20,2090,0.01
EEU,urb,d10,gas,20,2090,0.01
EEU,rur,d1,electricity,20,2090,0.01
EEU,urb,d1,electricity,20,2090,0.01
EEU,rur,d2,electricity,20,2090,0.01
EEU,urb,d2,electricity,20,2090,0.01
EEU,rur,d3,electricity,20,2090,0.01
EEU,urb,d3,electricity,20,2090,0.01
EEU,rur,d4,electricity,20,2090,0.01
EEU,urb,d4,electricity,20,2090,0.01
EEU,rur,d5,electricity,20,2090,0.01
EEU,urb,d5,electricity,20,2090,0.01
EEU,rur,d6,electricity,20,2090,0.01
EEU,urb,d6,electricity,20,2090,0.01
EEU,rur,d7,electricity,20,2090,0.01
EEU,urb,d7,electricity,20,2090,0.01
EEU,rur,d8,electricity,20,2090,0.01
EEU,urb,d8,electricity,20,2090,0.01
EEU,rur,d9,electricity,20,2090,0.01
EEU,urb,d9,electricity,20,2090,0.01
EEU,rur,d10,electricity,20,2090,0.01
EEU,urb,d10,electricity,20,2090,0.01
EEU,rur,d1,biomass_solid,20,2095,0.01
EEU,urb,d1,biomass_solid,20,2095,0.01
EEU,rur,d2,biomass_solid,20,2095,0.01
EEU,urb,d2,biomass_solid,20,2095,0.01
EEU,rur,d3,biomass_solid,20,2095,0.01
EEU,urb,d3,biomass_solid,20,2095,0.01
EEU,rur,d4,biomass_solid,20,2095,0.01
EEU,urb,d4,biomass_solid,20,2095,0.01
EEU,rur,d5,biomass_solid,20,2095,0.01
EEU,urb,d5,biomass_solid,20,2095,0.01
EEU,rur,d6,biomass_solid,20,2095,0.01
EEU,urb,d6,biomass_solid,20,2095,0.01
EEU,rur,d7,biomass_solid,20,2095,0.01
EEU,urb,d7,biomass_solid,20,2095,0.01
EEU,rur,d8,biomass_solid,20,2095,0.01
EEU,urb,d8,biomass_solid,20,2095,0.01
EEU,rur,d9,biomass_solid,20,2095,0.01
EEU,urb,d9,biomass_solid,20,2095,0.01
EEU,rur,d10,biomass_solid,20,2095,0.01
EEU,urb,d10,biomass_solid,20,2095,0.01
EEU,rur,d1,coal,20,2095,0.01
EEU,urb,d1,coal,20,2095,0.01
EEU,rur,d2,coal,20,2095,0.01
EEU,urb,d2,coal,20,2095,0.01
EEU,rur,d3,coal,20,2095,0.01
EEU,urb,d3,coal,20,2095,0.01
EEU,rur,d4,coal,20,2095,0.01
EEU,urb,d4,coal,20,2095,0.01
EEU,rur,d5,coal,20,2095,0.01
EEU,urb,d5,coal,20,2095,0.01
EEU,rur,d6,coal,20,2095,0.01
EEU,urb,d6,coal,20,2095,0.01
EEU,rur,d7,coal,20,2095,0.01
EEU,urb,d7,coal,20,2095,0.01
EEU,rur,d8,coal,20,2095,0.01
EEU,urb,d8,coal,20,2095,0.01
EEU,rur,d9,coal,20,2095,0.01
EEU,urb,d9,coal,20,2095,0.01
EEU,rur,d10,coal,20,2095,0.01
EEU,urb,d10,coal,20,2095,0.01
EEU,rur,d1,oil,20,2095,0.01
EEU,urb,d1,oil,20,2095,0.01
EEU,rur,d2,oil,20,2095,0.01
EEU,urb,d2,oil,20,2095,0.01
EEU,rur,d3,oil,20,2095,0.01
EEU,urb,d3,oil,20,2095,0.01
EEU,rur,d4,oil,20,2095,0.01
EEU,urb,d4,oil,20,2095,0.01
EEU,rur,d5,oil,20,2095,0.01
EEU,urb,d5,oil,20,2095,0.01
EEU,rur,d6,oil,20,2095,0.01
EEU,urb,d6,oil,20,2095,0.01
EEU,rur,d7,oil,20,2095,0.01
EEU,urb,d7,oil,20,2095,0.01
EEU,rur,d8,oil,20,2095,0.01
EEU,urb,d8,oil,20,2095,0.01
EEU,rur,d9,oil,20,2095,0.01
EEU,urb,d9,oil,20,2095,0.01
EEU,rur,d10,oil,20,2095,0.01
EEU,urb,d10,oil,20,2095,0.01
EEU,rur,d1,gas,20,2095,0.01
EEU,urb,d1,gas,20,2095,0.01
EEU,rur,d2,gas,20,2095,0.01
EEU,urb,d2,gas,20,2095,0.01
EEU,rur,d3,gas,20,2095,0.01
EEU,urb,d3,gas,20,2095,0.01
EEU,rur,d4,gas,20,2095,0.01
EEU,urb,d4,gas,20,2095,0.01
EEU,rur,d5,gas,20,2095,0.01
EEU,urb,d5,gas,20,2095,0.01
EEU,rur,d6,gas,20,2095,0.01
EEU,urb,d6,gas,20,2095,0.01
EEU,rur,d7,gas,20,2095,0.01
EEU,urb,d7,gas,20,2095,0.01
EEU,rur,d8,gas,20,2095,0.01
EEU,urb,d8,gas,20,2095,0.01
EEU,rur,d9,gas,20,2095,0.01
EEU,urb,d9,gas,20,2095,0.01
EEU,rur,d10,gas,20,2095,0.01
EEU,urb,d10,gas,20,2095,0.01
EEU,rur,d1,electricity,20,2095,0.01
EEU,urb,d1,electricity,20,2095,0.01
EEU,rur,d2,electricity,20,2095,0.01
EEU,urb,d2,electricity,20,2095,0.01
EEU,rur,d3,electricity,20,2095,0.01
EEU,urb,d3,electricity,20,2095,0.01
EEU,rur,d4,electricity,20,2095,0.01
EEU,urb,d4,electricity,20,2095,0.01
EEU,rur,d5,electricity,20,2095,0.01
EEU,urb,d5,electricity,20,2095,0.01
EEU,rur,d6,electricity,20,2095,0.01
EEU,urb,d6,electricity,20,2095,0.01
EEU,rur,d7,electricity,20,2095,0.01
EEU,urb,d7,electricity,20,2095,0.01
EEU,rur,d8,electricity,20,2095,0.01
EEU,urb,d8,electricity,20,2095,0.01
EEU,rur,d9,electricity,20,2095,0.01
EEU,urb,d9,electricity,20,2095,0.01
EEU,rur,d10,electricity,20,2095,0.01
EEU,urb,d10,electricity,20,2095,0.01
EEU,rur,d1,biomass_solid,20,2100,0.01
EEU,urb,d1,biomass_solid,20,2100,0.01
EEU,rur,d2,biomass_solid,20,2100,0.01
EEU,urb,d2,biomass_solid,20,2100,0.01
EEU,rur,d3,biomass_solid,20,2100,0.01
EEU,urb,d3,biomass_solid,20,2100,0.01
EEU,rur,d4,biomass_solid,20,2100,0.01
EEU,urb,d4,biomass_solid,20,2100,0.01
EEU,rur,d5,biomass_solid,20,2100,0.01
EEU,urb,d5,biomass_solid,20,2100,0.01
EEU,rur,d6,biomass_solid,20,2100,0.01
EEU,urb,d6,biomass_solid,20,2100,0.01
EEU,rur,d7,biomass_solid,20,2100,0.01
EEU,urb,d7,biomass_solid,20,2100,0.01
EEU,rur,d8,biomass_solid,20,2100,0.01
EEU,urb,d8,biomass_solid,20,2100,0.01
EEU,rur,d9,biomass_solid,20,2100,0.01
EEU,urb,d9,biomass_solid,20,2100,0.01
EEU,rur,d10,biomass_solid,20,2100,0.01
EEU,urb,d10,biomass_solid,20,2100,0.01
EEU,rur,d1,coal,20,2100,0.01
EEU,urb,d1,coal,20,2100,0.01
EEU,rur,d2,coal,20,2100,0.01
EEU,urb,d2,coal,20,2100,0.01
EEU,rur,d3,coal,20,2100,0.01
EEU,urb,d3,coal,20,2100,0.01
EEU,rur,d4,coal,20,2100,0.01
EEU,urb,d4,coal,20,2100,0.01
EEU,rur,d5,coal,20,2100,0.01
EEU,urb,d5,coal,20,2100,0.01
EEU,rur,d6,coal,20,2100,0.01
EEU,urb,d6,coal,20,2100,0.01
EEU,rur,d7,coal,20,2100,0.01
EEU,urb,d7,coal,20,2100,0.01
EEU,rur,d8,coal,20,2100,0.01
EEU,urb,d8,coal,20,2100,0.01
EEU,rur,d9,coal,20,2100,0.01
EEU,urb,d9,coal,20,2100,0.01
EEU,rur,d10,coal,20,2100,0.01
EEU,urb,d10,coal,20,2100,0.01
EEU,rur,d1,oil,20,2100,0.01
EEU,urb,d1,oil,20,2100,0.01
EEU,rur,d2,oil,20,2100,0.01
EEU,urb,d2,oil,20,2100,0.01
EEU,rur,d3,oil,20,2100,0.01
EEU,urb,d3,oil,20,2100,0.01
EEU,rur,d4,oil,20,2100,0.01
EEU,urb,d4,oil,20,2100,0.01
EEU,rur,d5,oil,20,2100,0.01
EEU,urb,d5,oil,20,2100,0.01
EEU,rur,d6,oil,20,2100,0.01
EEU,urb,d6,oil,20,2100,0.01
EEU,rur,d7,oil,20,2100,0.01
EEU,urb,d7,oil,20,2100,0.01
EEU,rur,d8,oil,20,2100,0.01
EEU,urb,d8,oil,20,2100,0.01
EEU,rur,d9,oil,20,2100,0.01
EEU,urb,d9,oil,20,2100,0.01
EEU,rur,d10,oil,20,2100,0.01
EEU,urb,d10,oil,20,2100,0.01
EEU,rur,d1,gas,20,2100,0.01
EEU,urb,d1,gas,20,2100,0.01
EEU,rur,d2,gas,20,2100,0.01
EEU,urb,d2,gas,20,2100,0.01
EEU,rur,d3,gas,20,2100,0.01
EEU,urb,d3,gas,20,2100,0.01
EEU,rur,d4,gas,20,2100,0.01
EEU,urb,d4,gas,20,2100,0.01
EEU,rur,d5,gas,20,2100,0.01
EEU,urb,d5,gas,20,2100,0.01
EEU,rur,d6,gas,20,2100,0.01
EEU,urb,d6,gas,20,2100,0.01
EEU,rur,d7,gas,20,2100,0.01
EEU,urb,d7,gas,20,2100,0.01
EEU,rur,d8,gas,20,2100,0.01
EEU,urb,d8,gas,20,2100,0.01
EEU,rur,d9,gas,20,2100,0.01
EEU,urb,d9,gas,20,2100,0.01
EEU,rur,d10,gas,20,2100,0.01
EEU,urb,d10,gas,20,2100,0.01
EEU,rur,d1,electricity,20,2100,0.01
EEU,urb,d1,electricity,20,2100,0.01
EEU,rur,d2,electricity,20,2100,0.01
EEU,urb,d2,electricity,20,2100,0.01
EEU,rur,d3,electricity,20,2100,0.01
EEU,urb,d3,electricity,20,2100,0.01
EEU,rur,d4,electricity,20,2100,0.01
EEU,urb,d4,electricity,20,2100,0.01
EEU,rur,d5,electricity,20,2100,0.01
EEU,urb,d5,electricity,20,2100,0.01
EEU,rur,d6,electricity,20,2100,0.01
EEU,urb,d6,electricity,20,2100,0.01
EEU,rur,d7,electricity,20,2100,0.01
EEU,urb,d7,electricity,20,2100,0.01
EEU,rur,d8,electricity,20,2100,0.01
EEU,urb,d8,electricity,20,2100,0.01
EEU,rur,d9,electricity,20,2100,0.01
EEU,urb,d9,electricity,20,2100,0.01
EEU,rur,d10,electricity,20,2100,0.01
EEU,urb,d10,electricity,20,2100,0.01
NAM,rur,d1,biomass_solid,20,2020,0.01
NAM,urb,d1,biomass_solid,20,2020,0.01
NAM,rur,d2,biomass_solid,20,2020,0.01
NAM,urb,d2,biomass_solid,20,2020,0.01
NAM,rur,d3,biomass_solid,20,2020,0.01
NAM,urb,d3,biomass_solid,20,2020,0.01
NAM,rur,d4,biomass_solid,20,2020,0.01
NAM,urb,d4,biomass_solid,20,2020,0.01
NAM,rur,d5,biomass_solid,20,2020,0.01
NAM,urb,d5,biomass_solid,20,2020,0.01
NAM,rur,d6,biomass_solid,20,2020,0.01
NAM,urb,d6,biomass_solid,20,2020,0.01
NAM,rur,d7,biomass_solid,20,2020,0.01
NAM,urb,d7,biomass_solid,20,2020,0.01
NAM,rur,d8,biomass_solid,20,2020,0.01
NAM,urb,d8,biomass_solid,20,2020,0.01
NAM,rur,d9,biomass_solid,20,2020,0.01
NAM,urb,d9,biomass_solid,20,2020,0.01
NAM,rur,d10,biomass_solid,20,2020,0.01
NAM,urb,d10,biomass_solid,20,2020,0.01
NAM,rur,d1,coal,20,2020,0.01
NAM,urb,d1,coal,20,2020,0.01
NAM,rur,d2,coal,20,2020,0.01
NAM,urb,d2,coal,20,2020,0.01
NAM,rur,d3,coal,20,2020,0.01
NAM,urb,d3,coal,20,2020,0.01
NAM,rur,d4,coal,20,2020,0.01
NAM,urb,d4,coal,20,2020,0.01
NAM,rur,d5,coal,20,2020,0.01
NAM,urb,d5,coal,20,2020,0.01
NAM,rur,d6,coal,20,2020,0.01
NAM,urb,d6,coal,20,2020,0.01
NAM,rur,d7,coal,20,2020,0.01
NAM,urb,d7,coal,20,2020,0.01
NAM,rur,d8,coal,20,2020,0.01
NAM,urb,d8,coal,20,2020,0.01
NAM,rur,d9,coal,20,2020,0.01
NAM,urb,d9,coal,20,2020,0.01
NAM,rur,d10,coal,20,2020,0.01
NAM,urb,d10,coal,20,2020,0.01
NAM,rur,d1,oil,20,2020,0.01
NAM,urb,d1,oil,20,2020,0.01
NAM,rur,d2,oil,20,2020,0.01
NAM,urb,d2,oil,20,2020,0.01
NAM,rur,d3,oil,20,2020,0.01
NAM,urb,d3,oil,20,2020,0.01
NAM,rur,d4,oil,20,2020,0.01
NAM,urb,d4,oil,20,2020,0.01
NAM,rur,d5,oil,20,2020,0.01
NAM,urb,d5,oil,20,2020,0.01
NAM,rur,d6,oil,20,2020,0.01
NAM,urb,d6,oil,20,2020,0.01
NAM,rur,d7,oil,20,2020,0.01
NAM,urb,d7,oil,20,2020,0.01
NAM,rur,d8,oil,20,2020,0.01
NAM,urb,d8,oil,20,2020,0.01
NAM,rur,d9,oil,20,2020,0.01
NAM,urb,d9,oil,20,2020,0.01
NAM,rur,d10,oil,20,2020,0.01
NAM,urb,d10,oil,20,2020,0.01
NAM,rur,d1,gas,20,2020,0.01
NAM,urb,d1,gas,20,2020,0.01
NAM,rur,d2,gas,20,2020,0.01
NAM,urb,d2,gas,20,2020,0.01
NAM,rur,d3,gas,20,2020,0.01
NAM,urb,d3,gas,20,2020,0.01
NAM,rur,d4,gas,20,2020,0.01
NAM,urb,d4,gas,20,2020,0.01
NAM,rur,d5,gas,20,2020,0.01
NAM,urb,d5,gas,20,2020,0.01
NAM,rur,d6,gas,20,2020,0.01
NAM,urb,d6,gas,20,2020,0.01
NAM,rur,d7,gas,20,2020,0.01
NAM,urb,d7,gas,20,2020,0.01
NAM,rur,d8,gas,20,2020,0.01
NAM,urb,d8,gas,20,2020,0.01
NAM,rur,d9,gas,20,2020,0.01
NAM,urb,d9,gas,20,2020,0.01
NAM,rur,d10,gas,20,2020,0.01
NAM,urb,d10,gas,20,2020,0.01
NAM,rur,d1,electricity,20,2020,0.01
NAM,urb,d1,electricity,20,2020,0.01
NAM,rur,d2,electricity,20,2020,0.01
NAM,urb,d2,electricity,20,2020,0.01
NAM,rur,d3,electricity,20,2020,0.01
NAM,urb,d3,electricity,20,2020,0.01
NAM,rur,d4,electricity,20,2020,0.01
NAM,urb,d4,electricity,20,2020,0.01
NAM,rur,d5,electricity,20,2020,0.01
NAM,urb,d5,electricity,20,2020,0.01
NAM,rur,d6,electricity,20,2020,0.01
NAM,urb,d6,electricity,20,2020,0.01
NAM,rur,d7,electricity,20,2020,0.01
NAM,urb,d7,electricity,20,2020,0.01
NAM,rur,d8,electricity,20,2020,0.01
NAM,urb,d8,electricity,20,2020,0.01
NAM,rur,d9,electricity,20,2020,0.01
NAM,urb,d9,electricity,20,2020,0.01
NAM,rur,d10,electricity,20,2020,0.01
NAM,urb,d10,electricity,20,2020,0.01
NAM,rur,d1,biomass_solid,20,2025,0.01
NAM,urb,d1,biomass_solid,20,2025,0.01
NAM,rur,d2,biomass_solid,20,2025,0.01
NAM,urb,d2,biomass_solid,20,2025,0.01
NAM,rur,d3,biomass_solid,20,2025,0.01
NAM,urb,d3,biomass_solid,20,2025,0.01
NAM,rur,d4,biomass_solid,20,2025,0.01
NAM,urb,d4,biomass_solid,20,2025,0.01
NAM,rur,d5,biomass_solid,20,2025,0.01
NAM,urb,d5,biomass_solid,20,2025,0.01
NAM,rur,d6,biomass_solid,20,2025,0.01
NAM,urb,d6,biomass_solid,20,2025,0.01
NAM,rur,d7,biomass_solid,20,2025,0.01
NAM,urb,d7,biomass_solid,20,2025,0.01
NAM,rur,d8,biomass_solid,20,2025,0.01
NAM,urb,d8,biomass_solid,20,2025,0.01
NAM,rur,d9,biomass_solid,20,2025,0.01
NAM,urb,d9,biomass_solid,20,2025,0.01
NAM,rur,d10,biomass_solid,20,2025,0.01
NAM,urb,d10,biomass_solid,20,2025,0.01
NAM,rur,d1,coal,20,2025,0.01
NAM,urb,d1,coal,20,2025,0.01
NAM,rur,d2,coal,20,2025,0.01
NAM,urb,d2,coal,20,2025,0.01
NAM,rur,d3,coal,20,2025,0.01
NAM,urb,d3,coal,20,2025,0.01
NAM,rur,d4,coal,20,2025,0.01
NAM,urb,d4,coal,20,2025,0.01
NAM,rur,d5,coal,20,2025,0.01
NAM,urb,d5,coal,20,2025,0.01
NAM,rur,d6,coal,20,2025,0.01
NAM,urb,d6,coal,20,2025,0.01
NAM,rur,d7,coal,20,2025,0.01
NAM,urb,d7,coal,20,2025,0.01
NAM,rur,d8,coal,20,2025,0.01
NAM,urb,d8,coal,20,2025,0.01
NAM,rur,d9,coal,20,2025,0.01
NAM,urb,d9,coal,20,2025,0.01
NAM,rur,d10,coal,20,2025,0.01
NAM,urb,d10,coal,20,2025,0.01
NAM,rur,d1,oil,20,2025,0.01
NAM,urb,d1,oil,20,2025,0.01
NAM,rur,d2,oil,20,2025,0.01
NAM,urb,d2,oil,20,2025,0.01
NAM,rur,d3,oil,20,2025,0.01
NAM,urb,d3,oil,20,2025,0.01
NAM,rur,d4,oil,20,2025,0.01
NAM,urb,d4,oil,20,2025,0.01
NAM,rur,d5,oil,20,2025,0.01
NAM,urb,d5,oil,20,2025,0.01
NAM,rur,d6,oil,20,2025,0.01
NAM,urb,d6,oil,20,2025,0.01
NAM,rur,d7,oil,20,2025,0.01
NAM,urb,d7,oil,20,2025,0.01
NAM,rur,d8,oil,20,2025,0.01
NAM,urb,d8,oil,20,2025,0.01
NAM,rur,d9,oil,20,2025,0.01
NAM,urb,d9,oil,20,2025,0.01
NAM,rur,d10,oil,20,2025,0.01
NAM,urb,d10,oil,20,2025,0.01
NAM,rur,d1,gas,20,2025,0.01
NAM,urb,d1,gas,20,2025,0.01
NAM,rur,d2,gas,20,2025,0.01
NAM,urb,d2,gas,20,2025,0.01
NAM,rur,d3,gas,20,2025,0.01
NAM,urb,d3,gas,20,2025,0.01
NAM,rur,d4,gas,20,2025,0.01
NAM,urb,d4,gas,20,2025,0.01
NAM,rur,d5,gas,20,2025,0.01
NAM,urb,d5,gas,20,2025,0.01
NAM,rur,d6,gas,20,2025,0.01
NAM,urb,d6,gas,20,2025,0.01
NAM,rur,d7,gas,20,2025,0.01
NAM,urb,d7,gas,20,2025,0.01
NAM,rur,d8,gas,20,2025,0.01
NAM,urb,d8,gas,20,2025,0.01
NAM,rur,d9,gas,20,2025,0.01
NAM,urb,d9,gas,20,2025,0.01
NAM,rur,d10,gas,20,2025,0.01
NAM,urb,d10,gas,20,2025,0.01
NAM,rur,d1,electricity,20,2025,0.01
NAM,urb,d1,electricity,20,2025,0.01
NAM,rur,d2,electricity,20,2025,0.01
NAM,urb,d2,electricity,20,2025,0.01
NAM,rur,d3,electricity,20,2025,0.01
NAM,urb,d3,electricity,20,2025,0.01
NAM,rur,d4,electricity,20,2025,0.01
NAM,urb,d4,electricity,20,2025,0.01
NAM,rur,d5,electricity,20,2025,0.01
NAM,urb,d5,electricity,20,2025,0.01
NAM,rur,d6,electricity,20,2025,0.01
NAM,urb,d6,electricity,20,2025,0.01
NAM,rur,d7,electricity,20,2025,0.01
NAM,urb,d7,electricity,20,2025,0.01
NAM,rur,d8,electricity,20,2025,0.01
NAM,urb,d8,electricity,20,2025,0.01
NAM,rur,d9,electricity,20,2025,0.01
NAM,urb,d9,electricity,20,2025,0.01
NAM,rur,d10,electricity,20,2025,0.01
NAM,urb,d10,electricity,20,2025,0.01
NAM,rur,d1,biomass_solid,20,2030,0.01
NAM,urb,d1,biomass_solid,20,2030,0.01
NAM,rur,d2,biomass_solid,20,2030,0.01
NAM,urb,d2,biomass_solid,20,2030,0.01
NAM,rur,d3,biomass_solid,20,2030,0.01
NAM,urb,d3,biomass_solid,20,2030,0.01
NAM,rur,d4,biomass_solid,20,2030,0.01
NAM,urb,d4,biomass_solid,20,2030,0.01
NAM,rur,d5,biomass_solid,20,2030,0.01
NAM,urb,d5,biomass_solid,20,2030,0.01
NAM,rur,d6,biomass_solid,20,2030,0.01
NAM,urb,d6,biomass_solid,20,2030,0.01
NAM,rur,d7,biomass_solid,20,2030,0.01
NAM,urb,d7,biomass_solid,20,2030,0.01
NAM,rur,d8,biomass_solid,20,2030,0.01
NAM,urb,d8,biomass_solid,20,2030,0.01
NAM,rur,d9,biomass_solid,20,2030,0.01
NAM,urb,d9,biomass_solid,20,2030,0.01
NAM,rur,d10,biomass_solid,20,2030,0.01
NAM,urb,d10,biomass_solid,20,2030,0.01
NAM,rur,d1,coal,20,2030,0.01
NAM,urb,d1,coal,20,2030,0.01
NAM,rur,d2,coal,20,2030,0.01
NAM,urb,d2,coal,20,2030,0.01
NAM,rur,d3,coal,20,2030,0.01
NAM,urb,d3,coal,20,2030,0.01
NAM,rur,d4,coal,20,2030,0.01
NAM,urb,d4,coal,20,2030,0.01
NAM,rur,d5,coal,20,2030,0.01
NAM,urb,d5,coal,20,2030,0.01
NAM,rur,d6,coal,20,2030,0.01
NAM,urb,d6,coal,20,2030,0.01
NAM,rur,d7,coal,20,2030,0.01
NAM,urb,d7,coal,20,2030,0.01
NAM,rur,d8,coal,20,2030,0.01
NAM,urb,d8,coal,20,2030,0.01
NAM,rur,d9,coal,20,2030,0.01
NAM,urb,d9,coal,20,2030,0.01
NAM,rur,d10,coal,20,2030,0.01
NAM,urb,d10,coal,20,2030,0.01
NAM,rur,d1,oil,20,2030,0.01
NAM,urb,d1,oil,20,2030,0.01
NAM,rur,d2,oil,20,2030,0.01
NAM,urb,d2,oil,20,2030,0.01
NAM,rur,d3,oil,20,2030,0.01
NAM,urb,d3,oil,20,2030,0.01
NAM,rur,d4,oil,20,2030,0.01
NAM,urb,d4,oil,20,2030,0.01
NAM,rur,d5,oil,20,2030,0.01
NAM,urb,d5,oil,20,2030,0.01
NAM,rur,d6,oil,20,2030,0.01
NAM,urb,d6,oil,20,2030,0.01
NAM,rur,d7,oil,20,2030,0.01
NAM,urb,d7,oil,20,2030,0.01
NAM,rur,d8,oil,20,2030,0.01
NAM,urb,d8,oil,20,2030,0.01
NAM,rur,d9,oil,20,2030,0.01
NAM,urb,d9,oil,20,2030,0.01
NAM,rur,d10,oil,20,2030,0.01
NAM,urb,d10,oil,20,2030,0.01
NAM,rur,d1,gas,20,2030,0.01
NAM,urb,d1,gas,20,2030,0.01
NAM,rur,d2,gas,20,2030,0.01
NAM,urb,d2,gas,20,2030,0.01
NAM,rur,d3,gas,20,2030,0.01
NAM,urb,d3,gas,20,2030,0.01
NAM,rur,d4,gas,20,2030,0.01
NAM,urb,d4,gas,20,2030,0.01
NAM,rur,d5,gas,20,2030,0.01
NAM,urb,d5,gas,20,2030,0.01
NAM,rur,d6,gas,20,2030,0.01
NAM,urb,d6,gas,20,2030,0.01
NAM,rur,d7,gas,20,2030,0.01
NAM,urb,d7,gas,20,2030,0.01
NAM,rur,d8,gas,20,2030,0.01
NAM,urb,d8,gas,20,2030,0.01
NAM,rur,d9,gas,20,2030,0.01
NAM,urb,d9,gas,20,2030,0.01
NAM,rur,d10,gas,20,2030,0.01
NAM,urb,d10,gas,20,2030,0.01
NAM,rur,d1,electricity,20,2030,0.01
NAM,urb,d1,electricity,20,2030,0.01
NAM,rur,d2,electricity,20,2030,0.01
NAM,urb,d2,electricity,20,2030,0.01
NAM,rur,d3,electricity,20,2030,0.01
NAM,urb,d3,electricity,20,2030,0.01
NAM,rur,d4,electricity,20,2030,0.01
NAM,urb,d4,electricity,20,2030,0.01
NAM,rur,d5,electricity,20,2030,0.01
NAM,urb,d5,electricity,20,2030,0.01
NAM,rur,d6,electricity,20,2030,0.01
NAM,urb,d6,electricity,20,2030,0.01
NAM,rur,d7,electricity,20,2030,0.01
NAM,urb,d7,electricity,20,2030,0.01
NAM,rur,d8,electricity,20,2030,0.01
NAM,urb,d8,electricity,20,2030,0.01
NAM,rur,d9,electricity,20,2030,0.01
NAM,urb,d9,electricity,20,2030,0.01
NAM,rur,d10,electricity,20,2030,0.01
NAM,urb,d10,electricity,20,2030,0.01
NAM,rur,d1,biomass_solid,20,2035,0.01
NAM,urb,d1,biomass_solid,20,2035,0.01
NAM,rur,d2,biomass_solid,20,2035,0.01
NAM,urb,d2,biomass_solid,20,2035,0.01
NAM,rur,d3,biomass_solid,20,2035,0.01
NAM,urb,d3,biomass_solid,20,2035,0.01
NAM,rur,d4,biomass_solid,20,2035,0.01
NAM,urb,d4,biomass_solid,20,2035,0.01
NAM,rur,d5,biomass_solid,20,2035,0.01
NAM,urb,d5,biomass_solid,20,2035,0.01
NAM,rur,d6,biomass_solid,20,2035,0.01
NAM,urb,d6,biomass_solid,20,2035,0.01
NAM,rur,d7,biomass_solid,20,2035,0.01
NAM,urb,d7,biomass_solid,20,2035,0.01
NAM,rur,d8,biomass_solid,20,2035,0.01
NAM,urb,d8,biomass_solid,20,2035,0.01
NAM,rur,d9,biomass_solid,20,2035,0.01
NAM,urb,d9,biomass_solid,20,2035,0.01
NAM,rur,d10,biomass_solid,20,2035,0.01
NAM,urb,d10,biomass_solid,20,2035,0.01
NAM,rur,d1,coal,20,2035,0.01
NAM,urb,d1,coal,20,2035,0.01
NAM,rur,d2,coal,20,2035,0.01
NAM,urb,d2,coal,20,2035,0.01
NAM,rur,d3,coal,20,2035,0.01
NAM,urb,d3,coal,20,2035,0.01
NAM,rur,d4,coal,20,2035,0.01
NAM,urb,d4,coal,20,2035,0.01
NAM,rur,d5,coal,20,2035,0.01
NAM,urb,d5,coal,20,2035,0.01
NAM,rur,d6,coal,20,2035,0.01
NAM,urb,d6,coal,20,2035,0.01
NAM,rur,d7,coal,20,2035,0.01
NAM,urb,d7,coal,20,2035,0.01
NAM,rur,d8,coal,20,2035,0.01
NAM,urb,d8,coal,20,2035,0.01
NAM,rur,d9,coal,20,2035,0.01
NAM,urb,d9,coal,20,2035,0.01
NAM,rur,d10,coal,20,2035,0.01
NAM,urb,d10,coal,20,2035,0.01
NAM,rur,d1,oil,20,2035,0.01
NAM,urb,d1,oil,20,2035,0.01
NAM,rur,d2,oil,20,2035,0.01
NAM,urb,d2,oil,20,2035,0.01
NAM,rur,d3,oil,20,2035,0.01
NAM,urb,d3,oil,20,2035,0.01
NAM,rur,d4,oil,20,2035,0.01
NAM,urb,d4,oil,20,2035,0.01
NAM,rur,d5,oil,20,2035,0.01
NAM,urb,d5,oil,20,2035,0.01
NAM,rur,d6,oil,20,2035,0.01
NAM,urb,d6,oil,20,2035,0.01
NAM,rur,d7,oil,20,2035,0.01
NAM,urb,d7,oil,20,2035,0.01
NAM,rur,d8,oil,20,2035,0.01
NAM,urb,d8,oil,20,2035,0.01
NAM,rur,d9,oil,20,2035,0.01
NAM,urb,d9,oil,20,2035,0.01
NAM,rur,d10,oil,20,2035,0.01
NAM,urb,d10,oil,20,2035,0.01
NAM,rur,d1,gas,20,2035,0.01
NAM,urb,d1,gas,20,2035,0.01
NAM,rur,d2,gas,20,2035,0.01
NAM,urb,d2,gas,20,2035,0.01
NAM,rur,d3,gas,20,2035,0.01
NAM,urb,d3,gas,20,2035,0.01
NAM,rur,d4,gas,20,2035,0.01
NAM,urb,d4,gas,20,2035,0.01
NAM,rur,d5,gas,20,2035,0.01
NAM,urb,d5,gas,20,2035,0.01
NAM,rur,d6,gas,20,2035,0.01
NAM,urb,d6,gas,20,2035,0.01
NAM,rur,d7,gas,20,2035,0.01
NAM,urb,d7,gas,20,2035,0.01
NAM,rur,d8,gas,20,2035,0.01
NAM,urb,d8,gas,20,2035,0.01
NAM,rur,d9,gas,20,2035,0.01
NAM,urb,d9,gas,20,2035,0.01
NAM,rur,d10,gas,20,2035,0.01
NAM,urb,d10,gas,20,2035,0.01
NAM,rur,d1,electricity,20,2035,0.01
NAM,urb,d1,electricity,20,2035,0.01
NAM,rur,d2,electricity,20,2035,0.01
NAM,urb,d2,electricity,20,2035,0.01
NAM,rur,d3,electricity,20,2035,0.01
NAM,urb,d3,electricity,20,2035,0.01
NAM,rur,d4,electricity,20,2035,0.01
NAM,urb,d4,electricity,20,2035,0.01
NAM,rur,d5,electricity,20,2035,0.01
NAM,urb,d5,electricity,20,2035,0.01
NAM,rur,d6,electricity,20,2035,0.01
NAM,urb,d6,electricity,20,2035,0.01
NAM,rur,d7,electricity,20,2035,0.01
NAM,urb,d7,electricity,20,2035,0.01
NAM,rur,d8,electricity,20,2035,0.01
NAM,urb,d8,electricity,20,2035,0.01
NAM,rur,d9,electricity,20,2035,0.01
NAM,urb,d9,electricity,20,2035,0.01
NAM,rur,d10,electricity,20,2035,0.01
NAM,urb,d10,electricity,20,2035,0.01
NAM,rur,d1,biomass_solid,20,2040,0.01
NAM,urb,d1,biomass_solid,20,2040,0.01
NAM,rur,d2,biomass_solid,20,2040,0.01
NAM,urb,d2,biomass_solid,20,2040,0.01
NAM,rur,d3,biomass_solid,20,2040,0.01
NAM,urb,d3,biomass_solid,20,2040,0.01
NAM,rur,d4,biomass_solid,20,2040,0.01
NAM,urb,d4,biomass_solid,20,2040,0.01
NAM,rur,d5,biomass_solid,20,2040,0.01
NAM,urb,d5,biomass_solid,20,2040,0.01
NAM,rur,d6,biomass_solid,20,2040,0.01
NAM,urb,d6,biomass_solid,20,2040,0.01
NAM,rur,d7,biomass_solid,20,2040,0.01
NAM,urb,d7,biomass_solid,20,2040,0.01
NAM,rur,d8,biomass_solid,20,2040,0.01
NAM,urb,d8,biomass_solid,20,2040,0.01
NAM,rur,d9,biomass_solid,20,2040,0.01
NAM,urb,d9,biomass_solid,20,2040,0.01
NAM,rur,d10,biomass_solid,20,2040,0.01
NAM,urb,d10,biomass_solid,20,2040,0.01
NAM,rur,d1,coal,20,2040,0.01
NAM,urb,d1,coal,20,2040,0.01
NAM,rur,d2,coal,20,2040,0.01
NAM,urb,d2,coal,20,2040,0.01
NAM,rur,d3,coal,20,2040,0.01
NAM,urb,d3,coal,20,2040,0.01
NAM,rur,d4,coal,20,2040,0.01
NAM,urb,d4,coal,20,2040,0.01
NAM,rur,d5,coal,20,2040,0.01
NAM,urb,d5,coal,20,2040,0.01
NAM,rur,d6,coal,20,2040,0.01
NAM,urb,d6,coal,20,2040,0.01
NAM,rur,d7,coal,20,2040,0.01
NAM,urb,d7,coal,20,2040,0.01
NAM,rur,d8,coal,20,2040,0.01
NAM,urb,d8,coal,20,2040,0.01
NAM,rur,d9,coal,20,2040,0.01
NAM,urb,d9,coal,20,2040,0.01
NAM,rur,d10,coal,20,2040,0.01
NAM,urb,d10,coal,20,2040,0.01
NAM,rur,d1,oil,20,2040,0.01
NAM,urb,d1,oil,20,2040,0.01
NAM,rur,d2,oil,20,2040,0.01
NAM,urb,d2,oil,20,2040,0.01
NAM,rur,d3,oil,20,2040,0.01
NAM,urb,d3,oil,20,2040,0.01
NAM,rur,d4,oil,20,2040,0.01
NAM,urb,d4,oil,20,2040,0.01
NAM,rur,d5,oil,20,2040,0.01
NAM,urb,d5,oil,20,2040,0.01
NAM,rur,d6,oil,20,2040,0.01
NAM,urb,d6,oil,20,2040,0.01
NAM,rur,d7,oil,20,2040,0.01
NAM,urb,d7,oil,20,2040,0.01
NAM,rur,d8,oil,20,2040,0.01
NAM,urb,d8,oil,20,2040,0.01
NAM,rur,d9,oil,20,2040,0.01
NAM,urb,d9,oil,20,2040,0.01
NAM,rur,d10,oil,20,2040,0.01
NAM,urb,d10,oil,20,2040,0.01
NAM,rur,d1,gas,20,2040,0.01
NAM,urb,d1,gas,20,2040,0.01
NAM,rur,d2,gas,20,2040,0.01
NAM,urb,d2,gas,20,2040,0.01
NAM,rur,d3,gas,20,2040,0.01
NAM,urb,d3,gas,20,2040,0.01
NAM,rur,d4,gas,20,2040,0.01
NAM,urb,d4,gas,20,2040,0.01
NAM,rur,d5,gas,20,2040,0.01
NAM,urb,d5,gas,20,2040,0.01
NAM,rur,d6,gas,20,2040,0.01
NAM,urb,d6,gas,20,2040,0.01
NAM,rur,d7,gas,20,2040,0.01
NAM,urb,d7,gas,20,2040,0.01
NAM,rur,d8,gas,20,2040,0.01
NAM,urb,d8,gas,20,2040,0.01
NAM,rur,d9,gas,20,2040,0.01
NAM,urb,d9,gas,20,2040,0.01
NAM,rur,d10,gas,20,2040,0.01
NAM,urb,d10,gas,20,2040,0.01
NAM,rur,d1,electricity,20,2040,0.01
NAM,urb,d1,electricity,20,2040,0.01
NAM,rur,d2,electricity,20,2040,0.01
NAM,urb,d2,electricity,20,2040,0.01
NAM,rur,d3,electricity,20,2040,0.01
NAM,urb,d3,electricity,20,2040,0.01
NAM,rur,d4,electricity,20,2040,0.01
NAM,urb,d4,electricity,20,2040,0.01
NAM,rur,d5,electricity,20,2040,0.01
NAM,urb,d5,electricity,20,2040,0.01
NAM,rur,d6,electricity,20,2040,0.01
NAM,urb,d6,electricity,20,2040,0.01
NAM,rur,d7,electricity,20,2040,0.01
NAM,urb,d7,electricity,20,2040,0.01
NAM,rur,d8,electricity,20,2040,0.01
NAM,urb,d8,electricity,20,2040,0.01
NAM,rur,d9,electricity,20,2040,0.01
NAM,urb,d9,electricity,20,2040,0.01
NAM,rur,d10,electricity,20,2040,0.01
NAM,urb,d10,electricity,20,2040,0.01
NAM,rur,d1,biomass_solid,20,2045,0.01
NAM,urb,d1,biomass_solid,20,2045,0.01
NAM,rur,d2,biomass_solid,20,2045,0.01
NAM,urb,d2,biomass_solid,20,2045,0.01
NAM,rur,d3,biomass_solid,20,2045,0.01
NAM,urb,d3,biomass_solid,20,2045,0.01
NAM,rur,d4,biomass_solid,20,2045,0.01
NAM,urb,d4,biomass_solid,20,2045,0.01
NAM,rur,d5,biomass_solid,20,2045,0.01
NAM,urb,d5,biomass_solid,20,2045,0.01
NAM,rur,d6,biomass_solid,20,2045,0.01
NAM,urb,d6,biomass_solid,20,2045,0.01
NAM,rur,d7,biomass_solid,20,2045,0.01
NAM,urb,d7,biomass_solid,20,2045,0.01
NAM,rur,d8,biomass_solid,20,2045,0.01
NAM,urb,d8,biomass_solid,20,2045,0.01
NAM,rur,d9,biomass_solid,20,2045,0.01
NAM,urb,d9,biomass_solid,20,2045,0.01
NAM,rur,d10,biomass_solid,20,2045,0.01
NAM,urb,d10,biomass_solid,20,2045,0.01
NAM,rur,d1,coal,20,2045,0.01
NAM,urb,d1,coal,20,2045,0.01
NAM,rur,d2,coal,20,2045,0.01
NAM,urb,d2,coal,20,2045,0.01
NAM,rur,d3,coal,20,2045,0.01
NAM,urb,d3,coal,20,2045,0.01
NAM,rur,d4,coal,20,2045,0.01
NAM,urb,d4,coal,20,2045,0.01
NAM,rur,d5,coal,20,2045,0.01
NAM,urb,d5,coal,20,2045,0.01
NAM,rur,d6,coal,20,2045,0.01
NAM,urb,d6,coal,20,2045,0.01
NAM,rur,d7,coal,20,2045,0.01
NAM,urb,d7,coal,20,2045,0.01
NAM,rur,d8,coal,20,2045,0.01
NAM,urb,d8,coal,20,2045,0.01
NAM,rur,d9,coal,20,2045,0.01
NAM,urb,d9,coal,20,2045,0.01
NAM,rur,d10,coal,20,2045,0.01
NAM,urb,d10,coal,20,2045,0.01
NAM,rur,d1,oil,20,2045,0.01
NAM,urb,d1,oil,20,2045,0.01
NAM,rur,d2,oil,20,2045,0.01
NAM,urb,d2,oil,20,2045,0.01
NAM,rur,d3,oil,20,2045,0.01
NAM,urb,d3,oil,20,2045,0.01
NAM,rur,d4,oil,20,2045,0.01
NAM,urb,d4,oil,20,2045,0.01
NAM,rur,d5,oil,20,2045,0.01
NAM,urb,d5,oil,20,2045,0.01
NAM,rur,d6,oil,20,2045,0.01
NAM,urb,d6,oil,20,2045,0.01
NAM,rur,d7,oil,20,2045,0.01
NAM,urb,d7,oil,20,2045,0.01
NAM,rur,d8,oil,20,2045,0.01
NAM,urb,d8,oil,20,2045,0.01
NAM,rur,d9,oil,20,2045,0.01
NAM,urb,d9,oil,20,2045,0.01
NAM,rur,d10,oil,20,2045,0.01
NAM,urb,d10,oil,20,2045,0.01
NAM,rur,d1,gas,20,2045,0.01
NAM,urb,d1,gas,20,2045,0.01
NAM,rur,d2,gas,20,2045,0.01
NAM,urb,d2,gas,20,2045,0.01
NAM,rur,d3,gas,20,2045,0.01
NAM,urb,d3,gas,20,2045,0.01
NAM,rur,d4,gas,20,2045,0.01
NAM,urb,d4,gas,20,2045,0.01
NAM,rur,d5,gas,20,2045,0.01
NAM,urb,d5,gas,20,2045,0.01
NAM,rur,d6,gas,20,2045,0.01
NAM,urb,d6,gas,20,2045,0.01
NAM,rur,d7,gas,20,2045,0.01
NAM,urb,d7,gas,20,2045,0.01
NAM,rur,d8,gas,20,2045,0.01
NAM,urb,d8,gas,20,2045,0.01
NAM,rur,d9,gas,20,2045,0.01
NAM,urb,d9,gas,20,2045,0.01
NAM,rur,d10,gas,20,2045,0.01
NAM,urb,d10,gas,20,2045,0.01
NAM,rur,d1,electricity,20,2045,0.01
NAM,urb,d1,electricity,20,2045,0.01
NAM,rur,d2,electricity,20,2045,0.01
NAM,urb,d2,electricity,20,2045,0.01
NAM,rur,d3,electricity,20,2045,0.01
NAM,urb,d3,electricity,20,2045,0.01
NAM,rur,d4,electricity,20,2045,0.01
NAM,urb,d4,electricity,20,2045,0.01
NAM,rur,d5,electricity,20,2045,0.01
NAM,urb,d5,electricity,20,2045,0.01
NAM,rur,d6,electricity,20,2045,0.01
NAM,urb,d6,electricity,20,2045,0.01
NAM,rur,d7,electricity,20,2045,0.01
NAM,urb,d7,electricity,20,2045,0.01
NAM,rur,d8,electricity,20,2045,0.01
NAM,urb,d8,electricity,20,2045,0.01
NAM,rur,d9,electricity,20,2045,0.01
NAM,urb,d9,electricity,20,2045,0.01
NAM,rur,d10,electricity,20,2045,0.01
NAM,urb,d10,electricity,20,2045,0.01
NAM,rur,d1,biomass_solid,20,2050,0.01
NAM,urb,d1,biomass_solid,20,2050,0.01
NAM,rur,d2,biomass_solid,20,2050,0.01
NAM,urb,d2,biomass_solid,20,2050,0.01
NAM,rur,d3,biomass_solid,20,2050,0.01
NAM,urb,d3,biomass_solid,20,2050,0.01
NAM,rur,d4,biomass_solid,20,2050,0.01
NAM,urb,d4,biomass_solid,20,2050,0.01
NAM,rur,d5,biomass_solid,20,2050,0.01
NAM,urb,d5,biomass_solid,20,2050,0.01
NAM,rur,d6,biomass_solid,20,2050,0.01
NAM,urb,d6,biomass_solid,20,2050,0.01
NAM,rur,d7,biomass_solid,20,2050,0.01
NAM,urb,d7,biomass_solid,20,2050,0.01
NAM,rur,d8,biomass_solid,20,2050,0.01
NAM,urb,d8,biomass_solid,20,2050,0.01
NAM,rur,d9,biomass_solid,20,2050,0.01
NAM,urb,d9,biomass_solid,20,2050,0.01
NAM,rur,d10,biomass_solid,20,2050,0.01
NAM,urb,d10,biomass_solid,20,2050,0.01
NAM,rur,d1,coal,20,2050,0.01
NAM,urb,d1,coal,20,2050,0.01
NAM,rur,d2,coal,20,2050,0.01
NAM,urb,d2,coal,20,2050,0.01
NAM,rur,d3,coal,20,2050,0.01
NAM,urb,d3,coal,20,2050,0.01
NAM,rur,d4,coal,20,2050,0.01
NAM,urb,d4,coal,20,2050,0.01
NAM,rur,d5,coal,20,2050,0.01
NAM,urb,d5,coal,20,2050,0.01
NAM,rur,d6,coal,20,2050,0.01
NAM,urb,d6,coal,20,2050,0.01
NAM,rur,d7,coal,20,2050,0.01
NAM,urb,d7,coal,20,2050,0.01
NAM,rur,d8,coal,20,2050,0.01
NAM,urb,d8,coal,20,2050,0.01
NAM,rur,d9,coal,20,2050,0.01
NAM,urb,d9,coal,20,2050,0.01
NAM,rur,d10,coal,20,2050,0.01
NAM,urb,d10,coal,20,2050,0.01
NAM,rur,d1,oil,20,2050,0.01
NAM,urb,d1,oil,20,2050,0.01
NAM,rur,d2,oil,20,2050,0.01
NAM,urb,d2,oil,20,2050,0.01
NAM,rur,d3,oil,20,2050,0.01
NAM,urb,d3,oil,20,2050,0.01
NAM,rur,d4,oil,20,2050,0.01
NAM,urb,d4,oil,20,2050,0.01
NAM,rur,d5,oil,20,2050,0.01
NAM,urb,d5,oil,20,2050,0.01
NAM,rur,d6,oil,20,2050,0.01
NAM,urb,d6,oil,20,2050,0.01
NAM,rur,d7,oil,20,2050,0.01
NAM,urb,d7,oil,20,2050,0.01
NAM,rur,d8,oil,20,2050,0.01
NAM,urb,d8,oil,20,2050,0.01
NAM,rur,d9,oil,20,2050,0.01
NAM,urb,d9,oil,20,2050,0.01
NAM,rur,d10,oil,20,2050,0.01
NAM,urb,d10,oil,20,2050,0.01
NAM,rur,d1,gas,20,2050,0.01
NAM,urb,d1,gas,20,2050,0.01
NAM,rur,d2,gas,20,2050,0.01
NAM,urb,d2,gas,20,2050,0.01
NAM,rur,d3,gas,20,2050,0.01
NAM,urb,d3,gas,20,2050,0.01
NAM,rur,d4,gas,20,2050,0.01
NAM,urb,d4,gas,20,2050,0.01
NAM,rur,d5,gas,20,2050,0.01
NAM,urb,d5,gas,20,2050,0.01
NAM,rur,d6,gas,20,2050,0.01
NAM,urb,d6,gas,20,2050,0.01
NAM,rur,d7,gas,20,2050,0.01
NAM,urb,d7,gas,20,2050,0.01
NAM,rur,d8,gas,20,2050,0.01
NAM,urb,d8,gas,20,2050,0.01
NAM,rur,d9,gas,20,2050,0.01
NAM,urb,d9,gas,20,2050,0.01
NAM,rur,d10,gas,20,2050,0.01
NAM,urb,d10,gas,20,2050,0.01
NAM,rur,d1,electricity,20,2050,0.01
NAM,urb,d1,electricity,20,2050,0.01
NAM,rur,d2,electricity,20,2050,0.01
NAM,urb,d2,electricity,20,2050,0.01
NAM,rur,d3,electricity,20,2050,0.01
NAM,urb,d3,electricity,20,2050,0.01
NAM,rur,d4,electricity,20,2050,0.01
NAM,urb,d4,electricity,20,2050,0.01
NAM,rur,d5,electricity,20,2050,0.01
NAM,urb,d5,electricity,20,2050,0.01
NAM,rur,d6,electricity,20,2050,0.01
NAM,urb,d6,electricity,20,2050,0.01
NAM,rur,d7,electricity,20,2050,0.01
NAM,urb,d7,electricity,20,2050,0.01
NAM,rur,d8,electricity,20,2050,0.01
NAM,urb,d8,electricity,20,2050,0.01
NAM,rur,d9,electricity,20,2050,0.01
NAM,urb,d9,electricity,20,2050,0.01
NAM,rur,d10,electricity,20,2050,0.01
NAM,urb,d10,electricity,20,2050,0.01
NAM,rur,d1,biomass_solid,20,2055,0.01
NAM,urb,d1,biomass_solid,20,2055,0.01
NAM,rur,d2,biomass_solid,20,2055,0.01
NAM,urb,d2,biomass_solid,20,2055,0.01
NAM,rur,d3,biomass_solid,20,2055,0.01
NAM,urb,d3,biomass_solid,20,2055,0.01
NAM,rur,d4,biomass_solid,20,2055,0.01
NAM,urb,d4,biomass_solid,20,2055,0.01
NAM,rur,d5,biomass_solid,20,2055,0.01
NAM,urb,d5,biomass_solid,20,2055,0.01
NAM,rur,d6,biomass_solid,20,2055,0.01
NAM,urb,d6,biomass_solid,20,2055,0.01
NAM,rur,d7,biomass_solid,20,2055,0.01
NAM,urb,d7,biomass_solid,20,2055,0.01
NAM,rur,d8,biomass_solid,20,2055,0.01
NAM,urb,d8,biomass_solid,20,2055,0.01
NAM,rur,d9,biomass_solid,20,2055,0.01
NAM,urb,d9,biomass_solid,20,2055,0.01
NAM,rur,d10,biomass_solid,20,2055,0.01
NAM,urb,d10,biomass_solid,20,2055,0.01
NAM,rur,d1,coal,20,2055,0.01
NAM,urb,d1,coal,20,2055,0.01
NAM,rur,d2,coal,20,2055,0.01
NAM,urb,d2,coal,20,2055,0.01
NAM,rur,d3,coal,20,2055,0.01
NAM,urb,d3,coal,20,2055,0.01
NAM,rur,d4,coal,20,2055,0.01
NAM,urb,d4,coal,20,2055,0.01
NAM,rur,d5,coal,20,2055,0.01
NAM,urb,d5,coal,20,2055,0.01
NAM,rur,d6,coal,20,2055,0.01
NAM,urb,d6,coal,20,2055,0.01
NAM,rur,d7,coal,20,2055,0.01
NAM,urb,d7,coal,20,2055,0.01
NAM,rur,d8,coal,20,2055,0.01
NAM,urb,d8,coal,20,2055,0.01
NAM,rur,d9,coal,20,2055,0.01
NAM,urb,d9,coal,20,2055,0.01
NAM,rur,d10,coal,20,2055,0.01
NAM,urb,d10,coal,20,2055,0.01
NAM,rur,d1,oil,20,2055,0.01
NAM,urb,d1,oil,20,2055,0.01
NAM,rur,d2,oil,20,2055,0.01
NAM,urb,d2,oil,20,2055,0.01
NAM,rur,d3,oil,20,2055,0.01
NAM,urb,d3,oil,20,2055,0.01
NAM,rur,d4,oil,20,2055,0.01
NAM,urb,d4,oil,20,2055,0.01
NAM,rur,d5,oil,20,2055,0.01
NAM,urb,d5,oil,20,2055,0.01
NAM,rur,d6,oil,20,2055,0.01
NAM,urb,d6,oil,20,2055,0.01
NAM,rur,d7,oil,20,2055,0.01
NAM,urb,d7,oil,20,2055,0.01
NAM,rur,d8,oil,20,2055,0.01
NAM,urb,d8,oil,20,2055,0.01
NAM,rur,d9,oil,20,2055,0.01
NAM,urb,d9,oil,20,2055,0.01
NAM,rur,d10,oil,20,2055,0.01
NAM,urb,d10,oil,20,2055,0.01
NAM,rur,d1,gas,20,2055,0.01
NAM,urb,d1,gas,20,2055,0.01
NAM,rur,d2,gas,20,2055,0.01
NAM,urb,d2,gas,20,2055,0.01
NAM,rur,d3,gas,20,2055,0.01
NAM,urb,d3,gas,20,2055,0.01
NAM,rur,d4,gas,20,2055,0.01
NAM,urb,d4,gas,20,2055,0.01
NAM,rur,d5,gas,20,2055,0.01
NAM,urb,d5,gas,20,2055,0.01
NAM,rur,d6,gas,20,2055,0.01
NAM,urb,d6,gas,20,2055,0.01
NAM,rur,d7,gas,20,2055,0.01
NAM,urb,d7,gas,20,2055,0.01
NAM,rur,d8,gas,20,2055,0.01
NAM,urb,d8,gas,20,2055,0.01
NAM,rur,d9,gas,20,2055,0.01
NAM,urb,d9,gas,20,2055,0.01
NAM,rur,d10,gas,20,2055,0.01
NAM,urb,d10,gas,20,2055,0.01
NAM,rur,d1,electricity,20,2055,0.01
NAM,urb,d1,electricity,20,2055,0.01
NAM,rur,d2,electricity,20,2055,0.01
NAM,urb,d2,electricity,20,2055,0.01
NAM,rur,d3,electricity,20,2055,0.01
NAM,urb,d3,electricity,20,2055,0.01
NAM,rur,d4,electricity,20,2055,0.01
NAM,urb,d4,electricity,20,2055,0.01
NAM,rur,d5,electricity,20,2055,0.01
NAM,urb,d5,electricity,20,2055,0.01
NAM,rur,d6,electricity,20,2055,0.01
NAM,urb,d6,electricity,20,2055,0.01
NAM,rur,d7,electricity,20,2055,0.01
NAM,urb,d7,electricity,20,2055,0.01
NAM,rur,d8,electricity,20,2055,0.01
NAM,urb,d8,electricity,20,2055,0.01
NAM,rur,d9,electricity,20,2055,0.01
NAM,urb,d9,electricity,20,2055,0.01
NAM,rur,d10,electricity,20,2055,0.01
NAM,urb,d10,electricity,20,2055,0.01
NAM,rur,d1,biomass_solid,20,2060,0.01
NAM,urb,d1,biomass_solid,20,2060,0.01
NAM,rur,d2,biomass_solid,20,2060,0.01
NAM,urb,d2,biomass_solid,20,2060,0.01
NAM,rur,d3,biomass_solid,20,2060,0.01
NAM,urb,d3,biomass_solid,20,2060,0.01
NAM,rur,d4,biomass_solid,20,2060,0.01
NAM,urb,d4,biomass_solid,20,2060,0.01
NAM,rur,d5,biomass_solid,20,2060,0.01
NAM,urb,d5,biomass_solid,20,2060,0.01
NAM,rur,d6,biomass_solid,20,2060,0.01
NAM,urb,d6,biomass_solid,20,2060,0.01
NAM,rur,d7,biomass_solid,20,2060,0.01
NAM,urb,d7,biomass_solid,20,2060,0.01
NAM,rur,d8,biomass_solid,20,2060,0.01
NAM,urb,d8,biomass_solid,20,2060,0.01
NAM,rur,d9,biomass_solid,20,2060,0.01
NAM,urb,d9,biomass_solid,20,2060,0.01
NAM,rur,d10,biomass_solid,20,2060,0.01
NAM,urb,d10,biomass_solid,20,2060,0.01
NAM,rur,d1,coal,20,2060,0.01
NAM,urb,d1,coal,20,2060,0.01
NAM,rur,d2,coal,20,2060,0.01
NAM,urb,d2,coal,20,2060,0.01
NAM,rur,d3,coal,20,2060,0.01
NAM,urb,d3,coal,20,2060,0.01
NAM,rur,d4,coal,20,2060,0.01
NAM,urb,d4,coal,20,2060,0.01
NAM,rur,d5,coal,20,2060,0.01
NAM,urb,d5,coal,20,2060,0.01
NAM,rur,d6,coal,20,2060,0.01
NAM,urb,d6,coal,20,2060,0.01
NAM,rur,d7,coal,20,2060,0.01
NAM,urb,d7,coal,20,2060,0.01
NAM,rur,d8,coal,20,2060,0.01
NAM,urb,d8,coal,20,2060,0.01
NAM,rur,d9,coal,20,2060,0.01
NAM,urb,d9,coal,20,2060,0.01
NAM,rur,d10,coal,20,2060,0.01
NAM,urb,d10,coal,20,2060,0.01
NAM,rur,d1,oil,20,2060,0.01
NAM,urb,d1,oil,20,2060,0.01
NAM,rur,d2,oil,20,2060,0.01
NAM,urb,d2,oil,20,2060,0.01
NAM,rur,d3,oil,20,2060,0.01
NAM,urb,d3,oil,20,2060,0.01
NAM,rur,d4,oil,20,2060,0.01
NAM,urb,d4,oil,20,2060,0.01
NAM,rur,d5,oil,20,2060,0.01
NAM,urb,d5,oil,20,2060,0.01
NAM,rur,d6,oil,20,2060,0.01
NAM,urb,d6,oil,20,2060,0.01
NAM,rur,d7,oil,20,2060,0.01
NAM,urb,d7,oil,20,2060,0.01
NAM,rur,d8,oil,20,2060,0.01
NAM,urb,d8,oil,20,2060,0.01
NAM,rur,d9,oil,20,2060,0.01
NAM,urb,d9,oil,20,2060,0.01
NAM,rur,d10,oil,20,2060,0.01
NAM,urb,d10,oil,20,2060,0.01
NAM,rur,d1,gas,20,2060,0.01
NAM,urb,d1,gas,20,2060,0.01
NAM,rur,d2,gas,20,2060,0.01
NAM,urb,d2,gas,20,2060,0.01
NAM,rur,d3,gas,20,2060,0.01
NAM,urb,d3,gas,20,2060,0.01
NAM,rur,d4,gas,20,2060,0.01
NAM,urb,d4,gas,20,2060,0.01
NAM,rur,d5,gas,20,2060,0.01
NAM,urb,d5,gas,20,2060,0.01
NAM,rur,d6,gas,20,2060,0.01
NAM,urb,d6,gas,20,2060,0.01
NAM,rur,d7,gas,20,2060,0.01
NAM,urb,d7,gas,20,2060,0.01
NAM,rur,d8,gas,20,2060,0.01
NAM,urb,d8,gas,20,2060,0.01
NAM,rur,d9,gas,20,2060,0.01
NAM,urb,d9,gas,20,2060,0.01
NAM,rur,d10,gas,20,2060,0.01
NAM,urb,d10,gas,20,2060,0.01
NAM,rur,d1,electricity,20,2060,0.01
NAM,urb,d1,electricity,20,2060,0.01
NAM,rur,d2,electricity,20,2060,0.01
NAM,urb,d2,electricity,20,2060,0.01
NAM,rur,d3,electricity,20,2060,0.01
NAM,urb,d3,electricity,20,2060,0.01
NAM,rur,d4,electricity,20,2060,0.01
NAM,urb,d4,electricity,20,2060,0.01
NAM,rur,d5,electricity,20,2060,0.01
NAM,urb,d5,electricity,20,2060,0.01
NAM,rur,d6,electricity,20,2060,0.01
NAM,urb,d6,electricity,20,2060,0.01
NAM,rur,d7,electricity,20,2060,0.01
NAM,urb,d7,electricity,20,2060,0.01
NAM,rur,d8,electricity,20,2060,0.01
NAM,urb,d8,electricity,20,2060,0.01
NAM,rur,d9,electricity,20,2060,0.01
NAM,urb,d9,electricity,20,2060,0.01
NAM,rur,d10,electricity,20,2060,0.01
NAM,urb,d10,electricity,20,2060,0.01
NAM,rur,d1,biomass_solid,20,2065,0.01
NAM,urb,d1,biomass_solid,20,2065,0.01
NAM,rur,d2,biomass_solid,20,2065,0.01
NAM,urb,d2,biomass_solid,20,2065,0.01
NAM,rur,d3,biomass_solid,20,2065,0.01
NAM,urb,d3,biomass_solid,20,2065,0.01
NAM,rur,d4,biomass_solid,20,2065,0.01
NAM,urb,d4,biomass_solid,20,2065,0.01
NAM,rur,d5,biomass_solid,20,2065,0.01
NAM,urb,d5,biomass_solid,20,2065,0.01
NAM,rur,d6,biomass_solid,20,2065,0.01
NAM,urb,d6,biomass_solid,20,2065,0.01
NAM,rur,d7,biomass_solid,20,2065,0.01
NAM,urb,d7,biomass_solid,20,2065,0.01
NAM,rur,d8,biomass_solid,20,2065,0.01
NAM,urb,d8,biomass_solid,20,2065,0.01
NAM,rur,d9,biomass_solid,20,2065,0.01
NAM,urb,d9,biomass_solid,20,2065,0.01
NAM,rur,d10,biomass_solid,20,2065,0.01
NAM,urb,d10,biomass_solid,20,2065,0.01
NAM,rur,d1,coal,20,2065,0.01
NAM,urb,d1,coal,20,2065,0.01
NAM,rur,d2,coal,20,2065,0.01
NAM,urb,d2,coal,20,2065,0.01
NAM,rur,d3,coal,20,2065,0.01
NAM,urb,d3,coal,20,2065,0.01
NAM,rur,d4,coal,20,2065,0.01
NAM,urb,d4,coal,20,2065,0.01
NAM,rur,d5,coal,20,2065,0.01
NAM,urb,d5,coal,20,2065,0.01
NAM,rur,d6,coal,20,2065,0.01
NAM,urb,d6,coal,20,2065,0.01
NAM,rur,d7,coal,20,2065,0.01
NAM,urb,d7,coal,20,2065,0.01
NAM,rur,d8,coal,20,2065,0.01
NAM,urb,d8,coal,20,2065,0.01
NAM,rur,d9,coal,20,2065,0.01
NAM,urb,d9,coal,20,2065,0.01
NAM,rur,d10,coal,20,2065,0.01
NAM,urb,d10,coal,20,2065,0.01
NAM,rur,d1,oil,20,2065,0.01
NAM,urb,d1,oil,20,2065,0.01
NAM,rur,d2,oil,20,2065,0.01
NAM,urb,d2,oil,20,2065,0.01
NAM,rur,d3,oil,20,2065,0.01
NAM,urb,d3,oil,20,2065,0.01
NAM,rur,d4,oil,20,2065,0.01
NAM,urb,d4,oil,20,2065,0.01
NAM,rur,d5,oil,20,2065,0.01
NAM,urb,d5,oil,20,2065,0.01
NAM,rur,d6,oil,20,2065,0.01
NAM,urb,d6,oil,20,2065,0.01
NAM,rur,d7,oil,20,2065,0.01
NAM,urb,d7,oil,20,2065,0.01
NAM,rur,d8,oil,20,2065,0.01
NAM,urb,d8,oil,20,2065,0.01
NAM,rur,d9,oil,20,2065,0.01
NAM,urb,d9,oil,20,2065,0.01
NAM,rur,d10,oil,20,2065,0.01
NAM,urb,d10,oil,20,2065,0.01
NAM,rur,d1,gas,20,2065,0.01
NAM,urb,d1,gas,20,2065,0.01
NAM,rur,d2,gas,20,2065,0.01
NAM,urb,d2,gas,20,2065,0.01
NAM,rur,d3,gas,20,2065,0.01
NAM,urb,d3,gas,20,2065,0.01
NAM,rur,d4,gas,20,2065,0.01
NAM,urb,d4,gas,20,2065,0.01
NAM,rur,d5,gas,20,2065,0.01
NAM,urb,d5,gas,20,2065,0.01
NAM,rur,d6,gas,20,2065,0.01
NAM,urb,d6,gas,20,2065,0.01
NAM,rur,d7,gas,20,2065,0.01
NAM,urb,d7,gas,20,2065,0.01
NAM,rur,d8,gas,20,2065,0.01
NAM,urb,d8,gas,20,2065,0.01
NAM,rur,d9,gas,20,2065,0.01
NAM,urb,d9,gas,20,2065,0.01
NAM,rur,d10,gas,20,2065,0.01
NAM,urb,d10,gas,20,2065,0.01
NAM,rur,d1,electricity,20,2065,0.01
NAM,urb,d1,electricity,20,2065,0.01
NAM,rur,d2,electricity,20,2065,0.01
NAM,urb,d2,electricity,20,2065,0.01
NAM,rur,d3,electricity,20,2065,0.01
NAM,urb,d3,electricity,20,2065,0.01
NAM,rur,d4,electricity,20,2065,0.01
NAM,urb,d4,electricity,20,2065,0.01
NAM,rur,d5,electricity,20,2065,0.01
NAM,urb,d5,electricity,20,2065,0.01
NAM,rur,d6,electricity,20,2065,0.01
NAM,urb,d6,electricity,20,2065,0.01
NAM,rur,d7,electricity,20,2065,0.01
NAM,urb,d7,electricity,20,2065,0.01
NAM,rur,d8,electricity,20,2065,0.01
NAM,urb,d8,electricity,20,2065,0.01
NAM,rur,d9,electricity,20,2065,0.01
NAM,urb,d9,electricity,20,2065,0.01
NAM,rur,d10,electricity,20,2065,0.01
NAM,urb,d10,electricity,20,2065,0.01
NAM,rur,d1,biomass_solid,20,2070,0.01
NAM,urb,d1,biomass_solid,20,2070,0.01
NAM,rur,d2,biomass_solid,20,2070,0.01
NAM,urb,d2,biomass_solid,20,2070,0.01
NAM,rur,d3,biomass_solid,20,2070,0.01
NAM,urb,d3,biomass_solid,20,2070,0.01
NAM,rur,d4,biomass_solid,20,2070,0.01
NAM,urb,d4,biomass_solid,20,2070,0.01
NAM,rur,d5,biomass_solid,20,2070,0.01
NAM,urb,d5,biomass_solid,20,2070,0.01
NAM,rur,d6,biomass_solid,20,2070,0.01
NAM,urb,d6,biomass_solid,20,2070,0.01
NAM,rur,d7,biomass_solid,20,2070,0.01
NAM,urb,d7,biomass_solid,20,2070,0.01
NAM,rur,d8,biomass_solid,20,2070,0.01
NAM,urb,d8,biomass_solid,20,2070,0.01
NAM,rur,d9,biomass_solid,20,2070,0.01
NAM,urb,d9,biomass_solid,20,2070,0.01
NAM,rur,d10,biomass_solid,20,2070,0.01
NAM,urb,d10,biomass_solid,20,2070,0.01
NAM,rur,d1,coal,20,2070,0.01
NAM,urb,d1,coal,20,2070,0.01
NAM,rur,d2,coal,20,2070,0.01
NAM,urb,d2,coal,20,2070,0.01
NAM,rur,d3,coal,20,2070,0.01
NAM,urb,d3,coal,20,2070,0.01
NAM,rur,d4,coal,20,2070,0.01
NAM,urb,d4,coal,20,2070,0.01
NAM,rur,d5,coal,20,2070,0.01
NAM,urb,d5,coal,20,2070,0.01
NAM,rur,d6,coal,20,2070,0.01
NAM,urb,d6,coal,20,2070,0.01
NAM,rur,d7,coal,20,2070,0.01
NAM,urb,d7,coal,20,2070,0.01
NAM,rur,d8,coal,20,2070,0.01
NAM,urb,d8,coal,20,2070,0.01
NAM,rur,d9,coal,20,2070,0.01
NAM,urb,d9,coal,20,2070,0.01
NAM,rur,d10,coal,20,2070,0.01
NAM,urb,d10,coal,20,2070,0.01
NAM,rur,d1,oil,20,2070,0.01
NAM,urb,d1,oil,20,2070,0.01
NAM,rur,d2,oil,20,2070,0.01
NAM,urb,d2,oil,20,2070,0.01
NAM,rur,d3,oil,20,2070,0.01
NAM,urb,d3,oil,20,2070,0.01
NAM,rur,d4,oil,20,2070,0.01
NAM,urb,d4,oil,20,2070,0.01
NAM,rur,d5,oil,20,2070,0.01
NAM,urb,d5,oil,20,2070,0.01
NAM,rur,d6,oil,20,2070,0.01
NAM,urb,d6,oil,20,2070,0.01
NAM,rur,d7,oil,20,2070,0.01
NAM,urb,d7,oil,20,2070,0.01
NAM,rur,d8,oil,20,2070,0.01
NAM,urb,d8,oil,20,2070,0.01
NAM,rur,d9,oil,20,2070,0.01
NAM,urb,d9,oil,20,2070,0.01
NAM,rur,d10,oil,20,2070,0.01
NAM,urb,d10,oil,20,2070,0.01
NAM,rur,d1,gas,20,2070,0.01
NAM,urb,d1,gas,20,2070,0.01
NAM,rur,d2,gas,20,2070,0.01
NAM,urb,d2,gas,20,2070,0.01
NAM,rur,d3,gas,20,2070,0.01
NAM,urb,d3,gas,20,2070,0.01
NAM,rur,d4,gas,20,2070,0.01
NAM,urb,d4,gas,20,2070,0.01
NAM,rur,d5,gas,20,2070,0.01
NAM,urb,d5,gas,20,2070,0.01
NAM,rur,d6,gas,20,2070,0.01
NAM,urb,d6,gas,20,2070,0.01
NAM,rur,d7,gas,20,2070,0.01
NAM,urb,d7,gas,20,2070,0.01
NAM,rur,d8,gas,20,2070,0.01
NAM,urb,d8,gas,20,2070,0.01
NAM,rur,d9,gas,20,2070,0.01
NAM,urb,d9,gas,20,2070,0.01
NAM,rur,d10,gas,20,2070,0.01
NAM,urb,d10,gas,20,2070,0.01
NAM,rur,d1,electricity,20,2070,0.01
NAM,urb,d1,electricity,20,2070,0.01
NAM,rur,d2,electricity,20,2070,0.01
NAM,urb,d2,electricity,20,2070,0.01
NAM,rur,d3,electricity,20,2070,0.01
NAM,urb,d3,electricity,20,2070,0.01
NAM,rur,d4,electricity,20,2070,0.01
NAM,urb,d4,electricity,20,2070,0.01
NAM,rur,d5,electricity,20,2070,0.01
NAM,urb,d5,electricity,20,2070,0.01
NAM,rur,d6,electricity,20,2070,0.01
NAM,urb,d6,electricity,20,2070,0.01
NAM,rur,d7,electricity,20,2070,0.01
NAM,urb,d7,electricity,20,2070,0.01
NAM,rur,d8,electricity,20,2070,0.01
NAM,urb,d8,electricity,20,2070,0.01
NAM,rur,d9,electricity,20,2070,0.01
NAM,urb,d9,electricity,20,2070,0.01
NAM,rur,d10,electricity,20,2070,0.01
NAM,urb,d10,electricity,20,2070,0.01
NAM,rur,d1,biomass_solid,20,2075,0.01
NAM,urb,d1,biomass_solid,20,2075,0.01
NAM,rur,d2,biomass_solid,20,2075,0.01
NAM,urb,d2,biomass_solid,20,2075,0.01
NAM,rur,d3,biomass_solid,20,2075,0.01
NAM,urb,d3,biomass_solid,20,2075,0.01
NAM,rur,d4,biomass_solid,20,2075,0.01
NAM,urb,d4,biomass_solid,20,2075,0.01
NAM,rur,d5,biomass_solid,20,2075,0.01
NAM,urb,d5,biomass_solid,20,2075,0.01
NAM,rur,d6,biomass_solid,20,2075,0.01
NAM,urb,d6,biomass_solid,20,2075,0.01
NAM,rur,d7,biomass_solid,20,2075,0.01
NAM,urb,d7,biomass_solid,20,2075,0.01
NAM,rur,d8,biomass_solid,20,2075,0.01
NAM,urb,d8,biomass_solid,20,2075,0.01
NAM,rur,d9,biomass_solid,20,2075,0.01
NAM,urb,d9,biomass_solid,20,2075,0.01
NAM,rur,d10,biomass_solid,20,2075,0.01
NAM,urb,d10,biomass_solid,20,2075,0.01
NAM,rur,d1,coal,20,2075,0.01
NAM,urb,d1,coal,20,2075,0.01
NAM,rur,d2,coal,20,2075,0.01
NAM,urb,d2,coal,20,2075,0.01
NAM,rur,d3,coal,20,2075,0.01
NAM,urb,d3,coal,20,2075,0.01
NAM,rur,d4,coal,20,2075,0.01
NAM,urb,d4,coal,20,2075,0.01
NAM,rur,d5,coal,20,2075,0.01
NAM,urb,d5,coal,20,2075,0.01
NAM,rur,d6,coal,20,2075,0.01
NAM,urb,d6,coal,20,2075,0.01
NAM,rur,d7,coal,20,2075,0.01
NAM,urb,d7,coal,20,2075,0.01
NAM,rur,d8,coal,20,2075,0.01
NAM,urb,d8,coal,20,2075,0.01
NAM,rur,d9,coal,20,2075,0.01
NAM,urb,d9,coal,20,2075,0.01
NAM,rur,d10,coal,20,2075,0.01
NAM,urb,d10,coal,20,2075,0.01
NAM,rur,d1,oil,20,2075,0.01
NAM,urb,d1,oil,20,2075,0.01
NAM,rur,d2,oil,20,2075,0.01
NAM,urb,d2,oil,20,2075,0.01
NAM,rur,d3,oil,20,2075,0.01
NAM,urb,d3,oil,20,2075,0.01
NAM,rur,d4,oil,20,2075,0.01
NAM,urb,d4,oil,20,2075,0.01
NAM,rur,d5,oil,20,2075,0.01
NAM,urb,d5,oil,20,2075,0.01
NAM,rur,d6,oil,20,2075,0.01
NAM,urb,d6,oil,20,2075,0.01
NAM,rur,d7,oil,20,2075,0.01
NAM,urb,d7,oil,20,2075,0.01
NAM,rur,d8,oil,20,2075,0.01
NAM,urb,d8,oil,20,2075,0.01
NAM,rur,d9,oil,20,2075,0.01
NAM,urb,d9,oil,20,2075,0.01
NAM,rur,d10,oil,20,2075,0.01
NAM,urb,d10,oil,20,2075,0.01
NAM,rur,d1,gas,20,2075,0.01
NAM,urb,d1,gas,20,2075,0.01
NAM,rur,d2,gas,20,2075,0.01
NAM,urb,d2,gas,20,2075,0.01
NAM,rur,d3,gas,20,2075,0.01
NAM,urb,d3,gas,20,2075,0.01
NAM,rur,d4,gas,20,2075,0.01
NAM,urb,d4,gas,20,2075,0.01
NAM,rur,d5,gas,20,2075,0.01
NAM,urb,d5,gas,20,2075,0.01
NAM,rur,d6,gas,20,2075,0.01
NAM,urb,d6,gas,20,2075,0.01
NAM,rur,d7,gas,20,2075,0.01
NAM,urb,d7,gas,20,2075,0.01
NAM,rur,d8,gas,20,2075,0.01
NAM,urb,d8,gas,20,2075,0.01
NAM,rur,d9,gas,20,2075,0.01
NAM,urb,d9,gas,20,2075,0.01
NAM,rur,d10,gas,20,2075,0.01
NAM,urb,d10,gas,20,2075,0.01
NAM,rur,d1,electricity,20,2075,0.01
NAM,urb,d1,electricity,20,2075,0.01
NAM,rur,d2,electricity,20,2075,0.01
NAM,urb,d2,electricity,20,2075,0.01
NAM,rur,d3,electricity,20,2075,0.01
NAM,urb,d3,electricity,20,2075,0.01
NAM,rur,d4,electricity,20,2075,0.01
NAM,urb,d4,electricity,20,2075,0.01
NAM,rur,d5,electricity,20,2075,0.01
NAM,urb,d5,electricity,20,2075,0.01
NAM,rur,d6,electricity,20,2075,0.01
NAM,urb,d6,electricity,20,2075,0.01
NAM,rur,d7,electricity,20,2075,0.01
NAM,urb,d7,electricity,20,2075,0.01
NAM,rur,d8,electricity,20,2075,0.01
NAM,urb,d8,electricity,20,2075,0.01
NAM,rur,d9,electricity,20,2075,0.01
NAM,urb,d9,electricity,20,2075,0.01
NAM,rur,d10,electricity,20,2075,0.01
NAM,urb,d10,electricity,20,2075,0.01
NAM,rur,d1,biomass_solid,20,2080,0.01
NAM,urb,d1,biomass_solid,20,2080,0.01
NAM,rur,d2,biomass_solid,20,2080,0.01
NAM,urb,d2,biomass_solid,20,2080,0.01
NAM,rur,d3,biomass_solid,20,2080,0.01
NAM,urb,d3,biomass_solid,20,2080,0.01
NAM,rur,d4,biomass_solid,20,2080,0.01
NAM,urb,d4,biomass_solid,20,2080,0.01
NAM,rur,d5,biomass_solid,20,2080,0.01
NAM,urb,d5,biomass_solid,20,2080,0.01
NAM,rur,d6,biomass_solid,20,2080,0.01
NAM,urb,d6,biomass_solid,20,2080,0.01
NAM,rur,d7,biomass_solid,20,2080,0.01
NAM,urb,d7,biomass_solid,20,2080,0.01
NAM,rur,d8,biomass_solid,20,2080,0.01
NAM,urb,d8,biomass_solid,20,2080,0.01
NAM,rur,d9,biomass_solid,20,2080,0.01
NAM,urb,d9,biomass_solid,20,2080,0.01
NAM,rur,d10,biomass_solid,20,2080,0.01
NAM,urb,d10,biomass_solid,20,2080,0.01
NAM,rur,d1,coal,20,2080,0.01
NAM,urb,d1,coal,20,2080,0.01
NAM,rur,d2,coal,20,2080,0.01
NAM,urb,d2,coal,20,2080,0.01
NAM,rur,d3,coal,20,2080,0.01
NAM,urb,d3,coal,20,2080,0.01
NAM,rur,d4,coal,20,2080,0.01
NAM,urb,d4,coal,20,2080,0.01
NAM,rur,d5,coal,20,2080,0.01
NAM,urb,d5,coal,20,2080,0.01
NAM,rur,d6,coal,20,2080,0.01
NAM,urb,d6,coal,20,2080,0.01
NAM,rur,d7,coal,20,2080,0.01
NAM,urb,d7,coal,20,2080,0.01
NAM,rur,d8,coal,20,2080,0.01
NAM,urb,d8,coal,20,2080,0.01
NAM,rur,d9,coal,20,2080,0.01
NAM,urb,d9,coal,20,2080,0.01
NAM,rur,d10,coal,20,2080,0.01
NAM,urb,d10,coal,20,2080,0.01
NAM,rur,d1,oil,20,2080,0.01
NAM,urb,d1,oil,20,2080,0.01
NAM,rur,d2,oil,20,2080,0.01
NAM,urb,d2,oil,20,2080,0.01
NAM,rur,d3,oil,20,2080,0.01
NAM,urb,d3,oil,20,2080,0.01
NAM,rur,d4,oil,20,2080,0.01
NAM,urb,d4,oil,20,2080,0.01
NAM,rur,d5,oil,20,2080,0.01
NAM,urb,d5,oil,20,2080,0.01
NAM,rur,d6,oil,20,2080,0.01
NAM,urb,d6,oil,20,2080,0.01
NAM,rur,d7,oil,20,2080,0.01
NAM,urb,d7,oil,20,2080,0.01
NAM,rur,d8,oil,20,2080,0.01
NAM,urb,d8,oil,20,2080,0.01
NAM,rur,d9,oil,20,2080,0.01
NAM,urb,d9,oil,20,2080,0.01
NAM,rur,d10,oil,20,2080,0.01
NAM,urb,d10,oil,20,2080,0.01
NAM,rur,d1,gas,20,2080,0.01
NAM,urb,d1,gas,20,2080,0.01
NAM,rur,d2,gas,20,2080,0.01
NAM,urb,d2,gas,20,2080,0.01
NAM,rur,d3,gas,20,2080,0.01
NAM,urb,d3,gas,20,2080,0.01
NAM,rur,d4,gas,20,2080,0.01
NAM,urb,d4,gas,20,2080,0.01
NAM,rur,d5,gas,20,2080,0.01
NAM,urb,d5,gas,20,2080,0.01
NAM,rur,d6,gas,20,2080,0.01
NAM,urb,d6,gas,20,2080,0.01
NAM,rur,d7,gas,20,2080,0.01
NAM,urb,d7,gas,20,2080,0.01
NAM,rur,d8,gas,20,2080,0.01
NAM,urb,d8,gas,20,2080,0.01
NAM,rur,d9,gas,20,2080,0.01
NAM,urb,d9,gas,20,2080,0.01
NAM,rur,d10,gas,20,2080,0.01
NAM,urb,d10,gas,20,2080,0.01
NAM,rur,d1,electricity,20,2080,0.01
NAM,urb,d1,electricity,20,2080,0.01
NAM,rur,d2,electricity,20,2080,0.01
NAM,urb,d2,electricity,20,2080,0.01
NAM,rur,d3,electricity,20,2080,0.01
NAM,urb,d3,electricity,20,2080,0.01
NAM,rur,d4,electricity,20,2080,0.01
NAM,urb,d4,electricity,20,2080,0.01
NAM,rur,d5,electricity,20,2080,0.01
NAM,urb,d5,electricity,20,2080,0.01
NAM,rur,d6,electricity,20,2080,0.01
NAM,urb,d6,electricity,20,2080,0.01
NAM,rur,d7,electricity,20,2080,0.01
NAM,urb,d7,electricity,20,2080,0.01
NAM,rur,d8,electricity,20,2080,0.01
NAM,urb,d8,electricity,20,2080,0.01
NAM,rur,d9,electricity,20,2080,0.01
NAM,urb,d9,electricity,20,2080,0.01
NAM,rur,d10,electricity,20,2080,0.01
NAM,urb,d10,electricity,20,2080,0.01
NAM,rur,d1,biomass_solid,20,2085,0.01
NAM,urb,d1,biomass_solid,20,2085,0.01
NAM,rur,d2,biomass_solid,20,2085,0.01
NAM,urb,d2,biomass_solid,20,2085,0.01
NAM,rur,d3,biomass_solid,20,2085,0.01
NAM,urb,d3,biomass_solid,20,2085,0.01
NAM,rur,d4,biomass_solid,20,2085,0.01
NAM,urb,d4,biomass_solid,20,2085,0.01
NAM,rur,d5,biomass_solid,20,2085,0.01
NAM,urb,d5,biomass_solid,20,2085,0.01
NAM,rur,d6,biomass_solid,20,2085,0.01
NAM,urb,d6,biomass_solid,20,2085,0.01
NAM,rur,d7,biomass_solid,20,2085,0.01
NAM,urb,d7,biomass_solid,20,2085,0.01
NAM,rur,d8,biomass_solid,20,2085,0.01
NAM,urb,d8,biomass_solid,20,2085,0.01
NAM,rur,d9,biomass_solid,20,2085,0.01
NAM,urb,d9,biomass_solid,20,2085,0.01
NAM,rur,d10,biomass_solid,20,2085,0.01
NAM,urb,d10,biomass_solid,20,2085,0.01
NAM,rur,d1,coal,20,2085,0.01
NAM,urb,d1,coal,20,2085,0.01
NAM,rur,d2,coal,20,2085,0.01
NAM,urb,d2,coal,20,2085,0.01
NAM,rur,d3,coal,20,2085,0.01
NAM,urb,d3,coal,20,2085,0.01
NAM,rur,d4,coal,20,2085,0.01
NAM,urb,d4,coal,20,2085,0.01
NAM,rur,d5,coal,20,2085,0.01
NAM,urb,d5,coal,20,2085,0.01
NAM,rur,d6,coal,20,2085,0.01
NAM,urb,d6,coal,20,2085,0.01
NAM,rur,d7,coal,20,2085,0.01
NAM,urb,d7,coal,20,2085,0.01
NAM,rur,d8,coal,20,2085,0.01
NAM,urb,d8,coal,20,2085,0.01
NAM,rur,d9,coal,20,2085,0.01
NAM,urb,d9,coal,20,2085,0.01
NAM,rur,d10,coal,20,2085,0.01
NAM,urb,d10,coal,20,2085,0.01
NAM,rur,d1,oil,20,2085,0.01
NAM,urb,d1,oil,20,2085,0.01
NAM,rur,d2,oil,20,2085,0.01
NAM,urb,d2,oil,20,2085,0.01
NAM,rur,d3,oil,20,2085,0.01
NAM,urb,d3,oil,20,2085,0.01
NAM,rur,d4,oil,20,2085,0.01
NAM,urb,d4,oil,20,2085,0.01
NAM,rur,d5,oil,20,2085,0.01
NAM,urb,d5,oil,20,2085,0.01
NAM,rur,d6,oil,20,2085,0.01
NAM,urb,d6,oil,20,2085,0.01
NAM,rur,d7,oil,20,2085,0.01
NAM,urb,d7,oil,20,2085,0.01
NAM,rur,d8,oil,20,2085,0.01
NAM,urb,d8,oil,20,2085,0.01
NAM,rur,d9,oil,20,2085,0.01
NAM,urb,d9,oil,20,2085,0.01
NAM,rur,d10,oil,20,2085,0.01
NAM,urb,d10,oil,20,2085,0.01
NAM,rur,d1,gas,20,2085,0.01
NAM,urb,d1,gas,20,2085,0.01
NAM,rur,d2,gas,20,2085,0.01
NAM,urb,d2,gas,20,2085,0.01
NAM,rur,d3,gas,20,2085,0.01
NAM,urb,d3,gas,20,2085,0.01
NAM,rur,d4,gas,20,2085,0.01
NAM,urb,d4,gas,20,2085,0.01
NAM,rur,d5,gas,20,2085,0.01
NAM,urb,d5,gas,20,2085,0.01
NAM,rur,d6,gas,20,2085,0.01
NAM,urb,d6,gas,20,2085,0.01
NAM,rur,d7,gas,20,2085,0.01
NAM,urb,d7,gas,20,2085,0.01
NAM,rur,d8,gas,20,2085,0.01
NAM,urb,d8,gas,20,2085,0.01
NAM,rur,d9,gas,20,2085,0.01
NAM,urb,d9,gas,20,2085,0.01
NAM,rur,d10,gas,20,2085,0.01
NAM,urb,d10,gas,20,2085,0.01
NAM,rur,d1,electricity,20,2085,0.01
NAM,urb,d1,electricity,20,2085,0.01
NAM,rur,d2,electricity,20,2085,0.01
NAM,urb,d2,electricity,20,2085,0.01
NAM,rur,d3,electricity,20,2085,0.01
NAM,urb,d3,electricity,20,2085,0.01
NAM,rur,d4,electricity,20,2085,0.01
NAM,urb,d4,electricity,20,2085,0.01
NAM,rur,d5,electricity,20,2085,0.01
NAM,urb,d5,electricity,20,2085,0.01
NAM,rur,d6,electricity,20,2085,0.01
NAM,urb,d6,electricity,20,2085,0.01
NAM,rur,d7,electricity,20,2085,0.01
NAM,urb,d7,electricity,20,2085,0.01
NAM,rur,d8,electricity,20,2085,0.01
NAM,urb,d8,electricity,20,2085,0.01
NAM,rur,d9,electricity,20,2085,0.01
NAM,urb,d9,electricity,20,2085,0.01
NAM,rur,d10,electricity,20,2085,0.01
NAM,urb,d10,electricity,20,2085,0.01
NAM,rur,d1,biomass_solid,20,2090,0.01
NAM,urb,d1,biomass_solid,20,2090,0.01
NAM,rur,d2,biomass_solid,20,2090,0.01
NAM,urb,d2,biomass_solid,20,2090,0.01
NAM,rur,d3,biomass_solid,20,2090,0.01
NAM,urb,d3,biomass_solid,20,2090,0.01
NAM,rur,d4,biomass_solid,20,2090,0.01
NAM,urb,d4,biomass_solid,20,2090,0.01
NAM,rur,d5,biomass_solid,20,2090,0.01
NAM,urb,d5,biomass_solid,20,2090,0.01
NAM,rur,d6,biomass_solid,20,2090,0.01
NAM,urb,d6,biomass_solid,20,2090,0.01
NAM,rur,d7,biomass_solid,20,2090,0.01
NAM,urb,d7,biomass_solid,20,2090,0.01
NAM,rur,d8,biomass_solid,20,2090,0.01
NAM,urb,d8,biomass_solid,20,2090,0.01
NAM,rur,d9,biomass_solid,20,2090,0.01
NAM,urb,d9,biomass_solid,20,2090,0.01
NAM,rur,d10,biomass_solid,20,2090,0.01
NAM,urb,d10,biomass_solid,20,2090,0.01
NAM,rur,d1,coal,20,2090,0.01
NAM,urb,d1,coal,20,2090,0.01
NAM,rur,d2,coal,20,2090,0.01
NAM,urb,d2,coal,20,2090,0.01
NAM,rur,d3,coal,20,2090,0.01
NAM,urb,d3,coal,20,2090,0.01
NAM,rur,d4,coal,20,2090,0.01
NAM,urb,d4,coal,20,2090,0.01
NAM,rur,d5,coal,20,2090,0.01
NAM,urb,d5,coal,20,2090,0.01
NAM,rur,d6,coal,20,2090,0.01
NAM,urb,d6,coal,20,2090,0.01
NAM,rur,d7,coal,20,2090,0.01
NAM,urb,d7,coal,20,2090,0.01
NAM,rur,d8,coal,20,2090,0.01
NAM,urb,d8,coal,20,2090,0.01
NAM,rur,d9,coal,20,2090,0.01
NAM,urb,d9,coal,20,2090,0.01
NAM,rur,d10,coal,20,2090,0.01
NAM,urb,d10,coal,20,2090,0.01
NAM,rur,d1,oil,20,2090,0.01
NAM,urb,d1,oil,20,2090,0.01
NAM,rur,d2,oil,20,2090,0.01
NAM,urb,d2,oil,20,2090,0.01
NAM,rur,d3,oil,20,2090,0.01
NAM,urb,d3,oil,20,2090,0.01
NAM,rur,d4,oil,20,2090,0.01
NAM,urb,d4,oil,20,2090,0.01
NAM,rur,d5,oil,20,2090,0.01
NAM,urb,d5,oil,20,2090,0.01
NAM,rur,d6,oil,20,2090,0.01
NAM,urb,d6,oil,20,2090,0.01
NAM,rur,d7,oil,20,2090,0.01
NAM,urb,d7,oil,20,2090,0.01
NAM,rur,d8,oil,20,2090,0.01
NAM,urb,d8,oil,20,2090,0.01
NAM,rur,d9,oil,20,2090,0.01
NAM,urb,d9,oil,20,2090,0.01
NAM,rur,d10,oil,20,2090,0.01
NAM,urb,d10,oil,20,2090,0.01
NAM,rur,d1,gas,20,2090,0.01
NAM,urb,d1,gas,20,2090,0.01
NAM,rur,d2,gas,20,2090,0.01
NAM,urb,d2,gas,20,2090,0.01
NAM,rur,d3,gas,20,2090,0.01
NAM,urb,d3,gas,20,2090,0.01
NAM,rur,d4,gas,20,2090,0.01
NAM,urb,d4,gas,20,2090,0.01
NAM,rur,d5,gas,20,2090,0.01
NAM,urb,d5,gas,20,2090,0.01
NAM,rur,d6,gas,20,2090,0.01
NAM,urb,d6,gas,20,2090,0.01
NAM,rur,d7,gas,20,2090,0.01
NAM,urb,d7,gas,20,2090,0.01
NAM,rur,d8,gas,20,2090,0.01
NAM,urb,d8,gas,20,2090,0.01
NAM,rur,d9,gas,20,2090,0.01
NAM,urb,d9,gas,20,2090,0.01
NAM,rur,d10,gas,20,2090,0.01
NAM,urb,d10,gas,20,2090,0.01
NAM,rur,d1,electricity,20,2090,0.01
NAM,urb,d1,electricity,20,2090,0.01
NAM,rur,d2,electricity,20,2090,0.01
NAM,urb,d2,electricity,20,2090,0.01
NAM,rur,d3,electricity,20,2090,0.01
NAM,urb,d3,electricity,20,2090,0.01
NAM,rur,d4,electricity,20,2090,0.01
NAM,urb,d4,electricity,20,2090,0.01
NAM,rur,d5,electricity,20,2090,0.01
NAM,urb,d5,electricity,20,2090,0.01
NAM,rur,d6,electricity,20,2090,0.01
NAM,urb,d6,electricity,20,2090,0.01
NAM,rur,d7,electricity,20,2090,0.01
NAM,urb,d7,electricity,20,2090,0.01
NAM,rur,d8,electricity,20,2090,0.01
NAM,urb,d8,electricity,20,2090,0.01
NAM,rur,d9,electricity,20,2090,0.01
NAM,urb,d9,electricity,20,2090,0.01
NAM,rur,d10,electricity,20,2090,0.01
NAM,urb,d10,electricity,20,2090,0.01
NAM,rur,d1,biomass_solid,20,2095,0.01
NAM,urb,d1,biomass_solid,20,2095,0.01
NAM,rur,d2,biomass_solid,20,2095,0.01
NAM,urb,d2,biomass_solid,20,2095,0.01
NAM,rur,d3,biomass_solid,20,2095,0.01
NAM,urb,d3,biomass_solid,20,2095,0.01
NAM,rur,d4,biomass_solid,20,2095,0.01
NAM,urb,d4,biomass_solid,20,2095,0.01
NAM,rur,d5,biomass_solid,20,2095,0.01
NAM,urb,d5,biomass_solid,20,2095,0.01
NAM,rur,d6,biomass_solid,20,2095,0.01
NAM,urb,d6,biomass_solid,20,2095,0.01
NAM,rur,d7,biomass_solid,20,2095,0.01
NAM,urb,d7,biomass_solid,20,2095,0.01
NAM,rur,d8,biomass_solid,20,2095,0.01
NAM,urb,d8,biomass_solid,20,2095,0.01
NAM,rur,d9,biomass_solid,20,2095,0.01
NAM,urb,d9,biomass_solid,20,2095,0.01
NAM,rur,d10,biomass_solid,20,2095,0.01
NAM,urb,d10,biomass_solid,20,2095,0.01
NAM,rur,d1,coal,20,2095,0.01
NAM,urb,d1,coal,20,2095,0.01
NAM,rur,d2,coal,20,2095,0.01
NAM,urb,d2,coal,20,2095,0.01
NAM,rur,d3,coal,20,2095,0.01
NAM,urb,d3,coal,20,2095,0.01
NAM,rur,d4,coal,20,2095,0.01
NAM,urb,d4,coal,20,2095,0.01
NAM,rur,d5,coal,20,2095,0.01
NAM,urb,d5,coal,20,2095,0.01
NAM,rur,d6,coal,20,2095,0.01
NAM,urb,d6,coal,20,2095,0.01
NAM,rur,d7,coal,20,2095,0.01
NAM,urb,d7,coal,20,2095,0.01
NAM,rur,d8,coal,20,2095,0.01
NAM,urb,d8,coal,20,2095,0.01
NAM,rur,d9,coal,20,2095,0.01
NAM,urb,d9,coal,20,2095,0.01
NAM,rur,d10,coal,20,2095,0.01
NAM,urb,d10,coal,20,2095,0.01
NAM,rur,d1,oil,20,2095,0.01
NAM,urb,d1,oil,20,2095,0.01
NAM,rur,d2,oil,20,2095,0.01
NAM,urb,d2,oil,20,2095,0.01
NAM,rur,d3,oil,20,2095,0.01
NAM,urb,d3,oil,20,2095,0.01
NAM,rur,d4,oil,20,2095,0.01
NAM,urb,d4,oil,20,2095,0.01
NAM,rur,d5,oil,20,2095,0.01
NAM,urb,d5,oil,20,2095,0.01
NAM,rur,d6,oil,20,2095,0.01
NAM,urb,d6,oil,20,2095,0.01
NAM,rur,d7,oil,20,2095,0.01
NAM,urb,d7,oil,20,2095,0.01
NAM,rur,d8,oil,20,2095,0.01
NAM,urb,d8,oil,20,2095,0.01
NAM,rur,d9,oil,20,2095,0.01
NAM,urb,d9,oil,20,2095,0.01
NAM,rur,d10,oil,20,2095,0.01
NAM,urb,d10,oil,20,2095,0.01
NAM,rur,d1,gas,20,2095,0.01
NAM,urb,d1,gas,20,2095,0.01
NAM,rur,d2,gas,20,2095,0.01
NAM,urb,d2,gas,20,2095,0.01
NAM,rur,d3,gas,20,2095,0.01
NAM,urb,d3,gas,20,2095,0.01
NAM,rur,d4,gas,20,2095,0.01
NAM,urb,d4,gas,20,2095,0.01
NAM,rur,d5,gas,20,2095,0.01
NAM,urb,d5,gas,20,2095,0.01
NAM,rur,d6,gas,20,2095,0.01
NAM,urb,d6,gas,20,2095,0.01
NAM,rur,d7,gas,20,2095,0.01
NAM,urb,d7,gas,20,2095,0.01
NAM,rur,d8,gas,20,2095,0.01
NAM,urb,d8,gas,20,2095,0.01
NAM,rur,d9,gas,20,2095,0.01
NAM,urb,d9,gas,20,2095,0.01
NAM,rur,d10,gas,20,2095,0.01
NAM,urb,d10,gas,20,2095,0.01
NAM,rur,d1,electricity,20,2095,0.01
NAM,urb,d1,electricity,20,2095,0.01
NAM,rur,d2,electricity,20,2095,0.01
NAM,urb,d2,electricity,20,2095,0.01
NAM,rur,d3,electricity,20,2095,0.01
NAM,urb,d3,electricity,20,2095,0.01
NAM,rur,d4,electricity,20,2095,0.01
NAM,urb,d4,electricity,20,2095,0.01
NAM,rur,d5,electricity,20,2095,0.01
NAM,urb,d5,electricity,20,2095,0.01
NAM,rur,d6,electricity,20,2095,0.01
NAM,urb,d6,electricity,20,2095,0.01
NAM,rur,d7,electricity,20,2095,0.01
NAM,urb,d7,electricity,20,2095,0.01
NAM,rur,d8,electricity,20,2095,0.01
NAM,urb,d8,electricity,20,2095,0.01
NAM,rur,d9,electricity,20,2095,0.01
NAM,urb,d9,electricity,20,2095,0.01
NAM,rur,d10,electricity,20,2095,0.01
NAM,urb,d10,electricity,20,2095,0.01
NAM,rur,d1,biomass_solid,20,2100,0.01
NAM,urb,d1,biomass_solid,20,2100,0.01
NAM,rur,d2,biomass_solid,20,2100,0.01
NAM,urb,d2,biomass_solid,20,2100,0.01
NAM,rur,d3,biomass_solid,20,2100,0.01
NAM,urb,d3,biomass_solid,20,2100,0.01
NAM,rur,d4,biomass_solid,20,2100,0.01
NAM,urb,d4,biomass_solid,20,2100,0.01
NAM,rur,d5,biomass_solid,20,2100,0.01
NAM,urb,d5,biomass_solid,20,2100,0.01
NAM,rur,d6,biomass_solid,20,2100,0.01
NAM,urb,d6,biomass_solid,20,2100,0.01
NAM,rur,d7,biomass_solid,20,2100,0.01
NAM,urb,d7,biomass_solid,20,2100,0.01
NAM,rur,d8,biomass_solid,20,2100,0.01
NAM,urb,d8,biomass_solid,20,2100,0.01
NAM,rur,d9,biomass_solid,20,2100,0.01
NAM,urb,d9,biomass_solid,20,2100,0.01
NAM,rur,d10,biomass_solid,20,2100,0.01
NAM,urb,d10,biomass_solid,20,2100,0.01
NAM,rur,d1,coal,20,2100,0.01
NAM,urb,d1,coal,20,2100,0.01
NAM,rur,d2,coal,20,2100,0.01
NAM,urb,d2,coal,20,2100,0.01
NAM,rur,d3,coal,20,2100,0.01
NAM,urb,d3,coal,20,2100,0.01
NAM,rur,d4,coal,20,2100,0.01
NAM,urb,d4,coal,20,2100,0.01
NAM,rur,d5,coal,20,2100,0.01
NAM,urb,d5,coal,20,2100,0.01
NAM,rur,d6,coal,20,2100,0.01
NAM,urb,d6,coal,20,2100,0.01
NAM,rur,d7,coal,20,2100,0.01
NAM,urb,d7,coal,20,2100,0.01
NAM,rur,d8,coal,20,2100,0.01
NAM,urb,d8,coal,20,2100,0.01
NAM,rur,d9,coal,20,2100,0.01
NAM,urb,d9,coal,20,2100,0.01
NAM,rur,d10,coal,20,2100,0.01
NAM,urb,d10,coal,20,2100,0.01
NAM,rur,d1,oil,20,2100,0.01
NAM,urb,d1,oil,20,2100,0.01
NAM,rur,d2,oil,20,2100,0.01
NAM,urb,d2,oil,20,2100,0.01
NAM,rur,d3,oil,20,2100,0.01
NAM,urb,d3,oil,20,2100,0.01
NAM,rur,d4,oil,20,2100,0.01
NAM,urb,d4,oil,20,2100,0.01
NAM,rur,d5,oil,20,2100,0.01
NAM,urb,d5,oil,20,2100,0.01
NAM,rur,d6,oil,20,2100,0.01
NAM,urb,d6,oil,20,2100,0.01
NAM,rur,d7,oil,20,2100,0.01
NAM,urb,d7,oil,20,2100,0.01
NAM,rur,d8,oil,20,2100,0.01
NAM,urb,d8,oil,20,2100,0.01
NAM,rur,d9,oil,20,2100,0.01
NAM,urb,d9,oil,20,2100,0.01
NAM,rur,d10,oil,20,2100,0.01
NAM,urb,d10,oil,20,2100,0.01
NAM,rur,d1,gas,20,2100,0.01
NAM,urb,d1,gas,20,2100,0.01
NAM,rur,d2,gas,20,2100,0.01
NAM,urb,d2,gas,20,2100,0.01
NAM,rur,d3,gas,20,2100,0.01
NAM,urb,d3,gas,20,2100,0.01
NAM,rur,d4,gas,20,2100,0.01
NAM,urb,d4,gas,20,2100,0.01
NAM,rur,d5,gas,20,2100,0.01
NAM,urb,d5,gas,20,2100,0.01
NAM,rur,d6,gas,20,2100,0.01
NAM,urb,d6,gas,20,2100,0.01
NAM,rur,d7,gas,20,2100,0.01
NAM,urb,d7,gas,20,2100,0.01
NAM,rur,d8,gas,20,2100,0.01
NAM,urb,d8,gas,20,2100,0.01
NAM,rur,d9,gas,20,2100,0.01
NAM,urb,d9,gas,20,2100,0.01
NAM,rur,d10,gas,20,2100,0.01
NAM,urb,d10,gas,20,2100,0.01
NAM,rur,d1,electricity,20,2100,0.01
NAM,urb,d1,electricity,20,2100,0.01
NAM,rur,d2,electricity,20,2100,0.01
NAM,urb,d2,electricity,20,2100,0.01
NAM,rur,d3,electricity,20,2100,0.01
NAM,urb,d3,electricity,20,2100,0.01
NAM,rur,d4,electricity,20,2100,0.01
NAM,urb,d4,electricity,20,2100,0.01
NAM,rur,d5,electricity,20,2100,0.01
NAM,urb,d5,electricity,20,2100,0.01
NAM,rur,d6,electricity,20,2100,0.01
NAM,urb,d6,electricity,20,2100,0.01
NAM,rur,d7,electricity,20,2100,0.01
NAM,urb,d7,electricity,20,2100,0.01
NAM,rur,d8,electricity,20,2100,0.01
NAM,urb,d8,electricity,20,2100,0.01
NAM,rur,d9,electricity,20,2100,0.01
NAM,urb,d9,electricity,20,2100,0.01
NAM,rur,d10,electricity,20,2100,0.01
NAM,urb,d10,electricity,20,2100,0.01
PAO,rur,d1,biomass_solid,20,2020,0.01
PAO,urb,d1,biomass_solid,20,2020,0.01
PAO,rur,d2,biomass_solid,20,2020,0.01
PAO,urb,d2,biomass_solid,20,2020,0.01
PAO,rur,d3,biomass_solid,20,2020,0.01
PAO,urb,d3,biomass_solid,20,2020,0.01
PAO,rur,d4,biomass_solid,20,2020,0.01
PAO,urb,d4,biomass_solid,20,2020,0.01
PAO,rur,d5,biomass_solid,20,2020,0.01
PAO,urb,d5,biomass_solid,20,2020,0.01
PAO,rur,d6,biomass_solid,20,2020,0.01
PAO,urb,d6,biomass_solid,20,2020,0.01
PAO,rur,d7,biomass_solid,20,2020,0.01
PAO,urb,d7,biomass_solid,20,2020,0.01
PAO,rur,d8,biomass_solid,20,2020,0.01
PAO,urb,d8,biomass_solid,20,2020,0.01
PAO,rur,d9,biomass_solid,20,2020,0.01
PAO,urb,d9,biomass_solid,20,2020,0.01
PAO,rur,d10,biomass_solid,20,2020,0.01
PAO,urb,d10,biomass_solid,20,2020,0.01
PAO,rur,d1,coal,20,2020,0.01
PAO,urb,d1,coal,20,2020,0.01
PAO,rur,d2,coal,20,2020,0.01
PAO,urb,d2,coal,20,2020,0.01
PAO,rur,d3,coal,20,2020,0.01
PAO,urb,d3,coal,20,2020,0.01
PAO,rur,d4,coal,20,2020,0.01
PAO,urb,d4,coal,20,2020,0.01
PAO,rur,d5,coal,20,2020,0.01
PAO,urb,d5,coal,20,2020,0.01
PAO,rur,d6,coal,20,2020,0.01
PAO,urb,d6,coal,20,2020,0.01
PAO,rur,d7,coal,20,2020,0.01
PAO,urb,d7,coal,20,2020,0.01
PAO,rur,d8,coal,20,2020,0.01
PAO,urb,d8,coal,20,2020,0.01
PAO,rur,d9,coal,20,2020,0.01
PAO,urb,d9,coal,20,2020,0.01
PAO,rur,d10,coal,20,2020,0.01
PAO,urb,d10,coal,20,2020,0.01
PAO,rur,d1,oil,20,2020,0.01
PAO,urb,d1,oil,20,2020,0.01
PAO,rur,d2,oil,20,2020,0.01
PAO,urb,d2,oil,20,2020,0.01
PAO,rur,d3,oil,20,2020,0.01
PAO,urb,d3,oil,20,2020,0.01
PAO,rur,d4,oil,20,2020,0.01
PAO,urb,d4,oil,20,2020,0.01
PAO,rur,d5,oil,20,2020,0.01
PAO,urb,d5,oil,20,2020,0.01
PAO,rur,d6,oil,20,2020,0.01
PAO,urb,d6,oil,20,2020,0.01
PAO,rur,d7,oil,20,2020,0.01
PAO,urb,d7,oil,20,2020,0.01
PAO,rur,d8,oil,20,2020,0.01
PAO,urb,d8,oil,20,2020,0.01
PAO,rur,d9,oil,20,2020,0.01
PAO,urb,d9,oil,20,2020,0.01
PAO,rur,d10,oil,20,2020,0.01
PAO,urb,d10,oil,20,2020,0.01
PAO,rur,d1,gas,20,2020,0.01
PAO,urb,d1,gas,20,2020,0.01
PAO,rur,d2,gas,20,2020,0.01
PAO,urb,d2,gas,20,2020,0.01
PAO,rur,d3,gas,20,2020,0.01
PAO,urb,d3,gas,20,2020,0.01
PAO,rur,d4,gas,20,2020,0.01
PAO,urb,d4,gas,20,2020,0.01
PAO,rur,d5,gas,20,2020,0.01
PAO,urb,d5,gas,20,2020,0.01
PAO,rur,d6,gas,20,2020,0.01
PAO,urb,d6,gas,20,2020,0.01
PAO,rur,d7,gas,20,2020,0.01
PAO,urb,d7,gas,20,2020,0.01
PAO,rur,d8,gas,20,2020,0.01
PAO,urb,d8,gas,20,2020,0.01
PAO,rur,d9,gas,20,2020,0.01
PAO,urb,d9,gas,20,2020,0.01
PAO,rur,d10,gas,20,2020,0.01
PAO,urb,d10,gas,20,2020,0.01
PAO,rur,d1,electricity,20,2020,0.01
PAO,urb,d1,electricity,20,2020,0.01
PAO,rur,d2,electricity,20,2020,0.01
PAO,urb,d2,electricity,20,2020,0.01
PAO,rur,d3,electricity,20,2020,0.01
PAO,urb,d3,electricity,20,2020,0.01
PAO,rur,d4,electricity,20,2020,0.01
PAO,urb,d4,electricity,20,2020,0.01
PAO,rur,d5,electricity,20,2020,0.01
PAO,urb,d5,electricity,20,2020,0.01
PAO,rur,d6,electricity,20,2020,0.01
PAO,urb,d6,electricity,20,2020,0.01
PAO,rur,d7,electricity,20,2020,0.01
PAO,urb,d7,electricity,20,2020,0.01
PAO,rur,d8,electricity,20,2020,0.01
PAO,urb,d8,electricity,20,2020,0.01
PAO,rur,d9,electricity,20,2020,0.01
PAO,urb,d9,electricity,20,2020,0.01
PAO,rur,d10,electricity,20,2020,0.01
PAO,urb,d10,electricity,20,2020,0.01
PAO,rur,d1,biomass_solid,20,2025,0.01
PAO,urb,d1,biomass_solid,20,2025,0.01
PAO,rur,d2,biomass_solid,20,2025,0.01
PAO,urb,d2,biomass_solid,20,2025,0.01
PAO,rur,d3,biomass_solid,20,2025,0.01
PAO,urb,d3,biomass_solid,20,2025,0.01
PAO,rur,d4,biomass_solid,20,2025,0.01
PAO,urb,d4,biomass_solid,20,2025,0.01
PAO,rur,d5,biomass_solid,20,2025,0.01
PAO,urb,d5,biomass_solid,20,2025,0.01
PAO,rur,d6,biomass_solid,20,2025,0.01
PAO,urb,d6,biomass_solid,20,2025,0.01
PAO,rur,d7,biomass_solid,20,2025,0.01
PAO,urb,d7,biomass_solid,20,2025,0.01
PAO,rur,d8,biomass_solid,20,2025,0.01
PAO,urb,d8,biomass_solid,20,2025,0.01
PAO,rur,d9,biomass_solid,20,2025,0.01
PAO,urb,d9,biomass_solid,20,2025,0.01
PAO,rur,d10,biomass_solid,20,2025,0.01
PAO,urb,d10,biomass_solid,20,2025,0.01
PAO,rur,d1,coal,20,2025,0.01
PAO,urb,d1,coal,20,2025,0.01
PAO,rur,d2,coal,20,2025,0.01
PAO,urb,d2,coal,20,2025,0.01
PAO,rur,d3,coal,20,2025,0.01
PAO,urb,d3,coal,20,2025,0.01
PAO,rur,d4,coal,20,2025,0.01
PAO,urb,d4,coal,20,2025,0.01
PAO,rur,d5,coal,20,2025,0.01
PAO,urb,d5,coal,20,2025,0.01
PAO,rur,d6,coal,20,2025,0.01
PAO,urb,d6,coal,20,2025,0.01
PAO,rur,d7,coal,20,2025,0.01
PAO,urb,d7,coal,20,2025,0.01
PAO,rur,d8,coal,20,2025,0.01
PAO,urb,d8,coal,20,2025,0.01
PAO,rur,d9,coal,20,2025,0.01
PAO,urb,d9,coal,20,2025,0.01
PAO,rur,d10,coal,20,2025,0.01
PAO,urb,d10,coal,20,2025,0.01
PAO,rur,d1,oil,20,2025,0.01
PAO,urb,d1,oil,20,2025,0.01
PAO,rur,d2,oil,20,2025,0.01
PAO,urb,d2,oil,20,2025,0.01
PAO,rur,d3,oil,20,2025,0.01
PAO,urb,d3,oil,20,2025,0.01
PAO,rur,d4,oil,20,2025,0.01
PAO,urb,d4,oil,20,2025,0.01
PAO,rur,d5,oil,20,2025,0.01
PAO,urb,d5,oil,20,2025,0.01
PAO,rur,d6,oil,20,2025,0.01
PAO,urb,d6,oil,20,2025,0.01
PAO,rur,d7,oil,20,2025,0.01
PAO,urb,d7,oil,20,2025,0.01
PAO,rur,d8,oil,20,2025,0.01
PAO,urb,d8,oil,20,2025,0.01
PAO,rur,d9,oil,20,2025,0.01
PAO,urb,d9,oil,20,2025,0.01
PAO,rur,d10,oil,20,2025,0.01
PAO,urb,d10,oil,20,2025,0.01
PAO,rur,d1,gas,20,2025,0.01
PAO,urb,d1,gas,20,2025,0.01
PAO,rur,d2,gas,20,2025,0.01
PAO,urb,d2,gas,20,2025,0.01
PAO,rur,d3,gas,20,2025,0.01
PAO,urb,d3,gas,20,2025,0.01
PAO,rur,d4,gas,20,2025,0.01
PAO,urb,d4,gas,20,2025,0.01
PAO,rur,d5,gas,20,2025,0.01
PAO,urb,d5,gas,20,2025,0.01
PAO,rur,d6,gas,20,2025,0.01
PAO,urb,d6,gas,20,2025,0.01
PAO,rur,d7,gas,20,2025,0.01
PAO,urb,d7,gas,20,2025,0.01
PAO,rur,d8,gas,20,2025,0.01
PAO,urb,d8,gas,20,2025,0.01
PAO,rur,d9,gas,20,2025,0.01
PAO,urb,d9,gas,20,2025,0.01
PAO,rur,d10,gas,20,2025,0.01
PAO,urb,d10,gas,20,2025,0.01
PAO,rur,d1,electricity,20,2025,0.01
PAO,urb,d1,electricity,20,2025,0.01
PAO,rur,d2,electricity,20,2025,0.01
PAO,urb,d2,electricity,20,2025,0.01
PAO,rur,d3,electricity,20,2025,0.01
PAO,urb,d3,electricity,20,2025,0.01
PAO,rur,d4,electricity,20,2025,0.01
PAO,urb,d4,electricity,20,2025,0.01
PAO,rur,d5,electricity,20,2025,0.01
PAO,urb,d5,electricity,20,2025,0.01
PAO,rur,d6,electricity,20,2025,0.01
PAO,urb,d6,electricity,20,2025,0.01
PAO,rur,d7,electricity,20,2025,0.01
PAO,urb,d7,electricity,20,2025,0.01
PAO,rur,d8,electricity,20,2025,0.01
PAO,urb,d8,electricity,20,2025,0.01
PAO,rur,d9,electricity,20,2025,0.01
PAO,urb,d9,electricity,20,2025,0.01
PAO,rur,d10,electricity,20,2025,0.01
PAO,urb,d10,electricity,20,2025,0.01
PAO,rur,d1,biomass_solid,20,2030,0.01
PAO,urb,d1,biomass_solid,20,2030,0.01
PAO,rur,d2,biomass_solid,20,2030,0.01
PAO,urb,d2,biomass_solid,20,2030,0.01
PAO,rur,d3,biomass_solid,20,2030,0.01
PAO,urb,d3,biomass_solid,20,2030,0.01
PAO,rur,d4,biomass_solid,20,2030,0.01
PAO,urb,d4,biomass_solid,20,2030,0.01
PAO,rur,d5,biomass_solid,20,2030,0.01
PAO,urb,d5,biomass_solid,20,2030,0.01
PAO,rur,d6,biomass_solid,20,2030,0.01
PAO,urb,d6,biomass_solid,20,2030,0.01
PAO,rur,d7,biomass_solid,20,2030,0.01
PAO,urb,d7,biomass_solid,20,2030,0.01
PAO,rur,d8,biomass_solid,20,2030,0.01
PAO,urb,d8,biomass_solid,20,2030,0.01
PAO,rur,d9,biomass_solid,20,2030,0.01
PAO,urb,d9,biomass_solid,20,2030,0.01
PAO,rur,d10,biomass_solid,20,2030,0.01
PAO,urb,d10,biomass_solid,20,2030,0.01
PAO,rur,d1,coal,20,2030,0.01
PAO,urb,d1,coal,20,2030,0.01
PAO,rur,d2,coal,20,2030,0.01
PAO,urb,d2,coal,20,2030,0.01
PAO,rur,d3,coal,20,2030,0.01
PAO,urb,d3,coal,20,2030,0.01
PAO,rur,d4,coal,20,2030,0.01
PAO,urb,d4,coal,20,2030,0.01
PAO,rur,d5,coal,20,2030,0.01
PAO,urb,d5,coal,20,2030,0.01
PAO,rur,d6,coal,20,2030,0.01
PAO,urb,d6,coal,20,2030,0.01
PAO,rur,d7,coal,20,2030,0.01
PAO,urb,d7,coal,20,2030,0.01
PAO,rur,d8,coal,20,2030,0.01
PAO,urb,d8,coal,20,2030,0.01
PAO,rur,d9,coal,20,2030,0.01
PAO,urb,d9,coal,20,2030,0.01
PAO,rur,d10,coal,20,2030,0.01
PAO,urb,d10,coal,20,2030,0.01
PAO,rur,d1,oil,20,2030,0.01
PAO,urb,d1,oil,20,2030,0.01
PAO,rur,d2,oil,20,2030,0.01
PAO,urb,d2,oil,20,2030,0.01
PAO,rur,d3,oil,20,2030,0.01
PAO,urb,d3,oil,20,2030,0.01
PAO,rur,d4,oil,20,2030,0.01
PAO,urb,d4,oil,20,2030,0.01
PAO,rur,d5,oil,20,2030,0.01
PAO,urb,d5,oil,20,2030,0.01
PAO,rur,d6,oil,20,2030,0.01
PAO,urb,d6,oil,20,2030,0.01
PAO,rur,d7,oil,20,2030,0.01
PAO,urb,d7,oil,20,2030,0.01
PAO,rur,d8,oil,20,2030,0.01
PAO,urb,d8,oil,20,2030,0.01
PAO,rur,d9,oil,20,2030,0.01
PAO,urb,d9,oil,20,2030,0.01
PAO,rur,d10,oil,20,2030,0.01
PAO,urb,d10,oil,20,2030,0.01
PAO,rur,d1,gas,20,2030,0.01
PAO,urb,d1,gas,20,2030,0.01
PAO,rur,d2,gas,20,2030,0.01
PAO,urb,d2,gas,20,2030,0.01
PAO,rur,d3,gas,20,2030,0.01
PAO,urb,d3,gas,20,2030,0.01
PAO,rur,d4,gas,20,2030,0.01
PAO,urb,d4,gas,20,2030,0.01
PAO,rur,d5,gas,20,2030,0.01
PAO,urb,d5,gas,20,2030,0.01
PAO,rur,d6,gas,20,2030,0.01
PAO,urb,d6,gas,20,2030,0.01
PAO,rur,d7,gas,20,2030,0.01
PAO,urb,d7,gas,20,2030,0.01
PAO,rur,d8,gas,20,2030,0.01
PAO,urb,d8,gas,20,2030,0.01
PAO,rur,d9,gas,20,2030,0.01
PAO,urb,d9,gas,20,2030,0.01
PAO,rur,d10,gas,20,2030,0.01
PAO,urb,d10,gas,20,2030,0.01
PAO,rur,d1,electricity,20,2030,0.01
PAO,urb,d1,electricity,20,2030,0.01
PAO,rur,d2,electricity,20,2030,0.01
PAO,urb,d2,electricity,20,2030,0.01
PAO,rur,d3,electricity,20,2030,0.01
PAO,urb,d3,electricity,20,2030,0.01
PAO,rur,d4,electricity,20,2030,0.01
PAO,urb,d4,electricity,20,2030,0.01
PAO,rur,d5,electricity,20,2030,0.01
PAO,urb,d5,electricity,20,2030,0.01
PAO,rur,d6,electricity,20,2030,0.01
PAO,urb,d6,electricity,20,2030,0.01
PAO,rur,d7,electricity,20,2030,0.01
PAO,urb,d7,electricity,20,2030,0.01
PAO,rur,d8,electricity,20,2030,0.01
PAO,urb,d8,electricity,20,2030,0.01
PAO,rur,d9,electricity,20,2030,0.01
PAO,urb,d9,electricity,20,2030,0.01
PAO,rur,d10,electricity,20,2030,0.01
PAO,urb,d10,electricity,20,2030,0.01
PAO,rur,d1,biomass_solid,20,2035,0.01
PAO,urb,d1,biomass_solid,20,2035,0.01
PAO,rur,d2,biomass_solid,20,2035,0.01
PAO,urb,d2,biomass_solid,20,2035,0.01
PAO,rur,d3,biomass_solid,20,2035,0.01
PAO,urb,d3,biomass_solid,20,2035,0.01
PAO,rur,d4,biomass_solid,20,2035,0.01
PAO,urb,d4,biomass_solid,20,2035,0.01
PAO,rur,d5,biomass_solid,20,2035,0.01
PAO,urb,d5,biomass_solid,20,2035,0.01
PAO,rur,d6,biomass_solid,20,2035,0.01
PAO,urb,d6,biomass_solid,20,2035,0.01
PAO,rur,d7,biomass_solid,20,2035,0.01
PAO,urb,d7,biomass_solid,20,2035,0.01
PAO,rur,d8,biomass_solid,20,2035,0.01
PAO,urb,d8,biomass_solid,20,2035,0.01
PAO,rur,d9,biomass_solid,20,2035,0.01
PAO,urb,d9,biomass_solid,20,2035,0.01
PAO,rur,d10,biomass_solid,20,2035,0.01
PAO,urb,d10,biomass_solid,20,2035,0.01
PAO,rur,d1,coal,20,2035,0.01
PAO,urb,d1,coal,20,2035,0.01
PAO,rur,d2,coal,20,2035,0.01
PAO,urb,d2,coal,20,2035,0.01
PAO,rur,d3,coal,20,2035,0.01
PAO,urb,d3,coal,20,2035,0.01
PAO,rur,d4,coal,20,2035,0.01
PAO,urb,d4,coal,20,2035,0.01
PAO,rur,d5,coal,20,2035,0.01
PAO,urb,d5,coal,20,2035,0.01
PAO,rur,d6,coal,20,2035,0.01
PAO,urb,d6,coal,20,2035,0.01
PAO,rur,d7,coal,20,2035,0.01
PAO,urb,d7,coal,20,2035,0.01
PAO,rur,d8,coal,20,2035,0.01
PAO,urb,d8,coal,20,2035,0.01
PAO,rur,d9,coal,20,2035,0.01
PAO,urb,d9,coal,20,2035,0.01
PAO,rur,d10,coal,20,2035,0.01
PAO,urb,d10,coal,20,2035,0.01
PAO,rur,d1,oil,20,2035,0.01
PAO,urb,d1,oil,20,2035,0.01
PAO,rur,d2,oil,20,2035,0.01
PAO,urb,d2,oil,20,2035,0.01
PAO,rur,d3,oil,20,2035,0.01
PAO,urb,d3,oil,20,2035,0.01
PAO,rur,d4,oil,20,2035,0.01
PAO,urb,d4,oil,20,2035,0.01
PAO,rur,d5,oil,20,2035,0.01
PAO,urb,d5,oil,20,2035,0.01
PAO,rur,d6,oil,20,2035,0.01
PAO,urb,d6,oil,20,2035,0.01
PAO,rur,d7,oil,20,2035,0.01
PAO,urb,d7,oil,20,2035,0.01
PAO,rur,d8,oil,20,2035,0.01
PAO,urb,d8,oil,20,2035,0.01
PAO,rur,d9,oil,20,2035,0.01
PAO,urb,d9,oil,20,2035,0.01
PAO,rur,d10,oil,20,2035,0.01
PAO,urb,d10,oil,20,2035,0.01
PAO,rur,d1,gas,20,2035,0.01
PAO,urb,d1,gas,20,2035,0.01
PAO,rur,d2,gas,20,2035,0.01
PAO,urb,d2,gas,20,2035,0.01
PAO,rur,d3,gas,20,2035,0.01
PAO,urb,d3,gas,20,2035,0.01
PAO,rur,d4,gas,20,2035,0.01
PAO,urb,d4,gas,20,2035,0.01
PAO,rur,d5,gas,20,2035,0.01
PAO,urb,d5,gas,20,2035,0.01
PAO,rur,d6,gas,20,2035,0.01
PAO,urb,d6,gas,20,2035,0.01
PAO,rur,d7,gas,20,2035,0.01
PAO,urb,d7,gas,20,2035,0.01
PAO,rur,d8,gas,20,2035,0.01
PAO,urb,d8,gas,20,2035,0.01
PAO,rur,d9,gas,20,2035,0.01
PAO,urb,d9,gas,20,2035,0.01
PAO,rur,d10,gas,20,2035,0.01
PAO,urb,d10,gas,20,2035,0.01
PAO,rur,d1,electricity,20,2035,0.01
PAO,urb,d1,electricity,20,2035,0.01
PAO,rur,d2,electricity,20,2035,0.01
PAO,urb,d2,electricity,20,2035,0.01
PAO,rur,d3,electricity,20,2035,0.01
PAO,urb,d3,electricity,20,2035,0.01
PAO,rur,d4,electricity,20,2035,0.01
PAO,urb,d4,electricity,20,2035,0.01
PAO,rur,d5,electricity,20,2035,0.01
PAO,urb,d5,electricity,20,2035,0.01
PAO,rur,d6,electricity,20,2035,0.01
PAO,urb,d6,electricity,20,2035,0.01
PAO,rur,d7,electricity,20,2035,0.01
PAO,urb,d7,electricity,20,2035,0.01
PAO,rur,d8,electricity,20,2035,0.01
PAO,urb,d8,electricity,20,2035,0.01
PAO,rur,d9,electricity,20,2035,0.01
PAO,urb,d9,electricity,20,2035,0.01
PAO,rur,d10,electricity,20,2035,0.01
PAO,urb,d10,electricity,20,2035,0.01
PAO,rur,d1,biomass_solid,20,2040,0.01
PAO,urb,d1,biomass_solid,20,2040,0.01
PAO,rur,d2,biomass_solid,20,2040,0.01
PAO,urb,d2,biomass_solid,20,2040,0.01
PAO,rur,d3,biomass_solid,20,2040,0.01
PAO,urb,d3,biomass_solid,20,2040,0.01
PAO,rur,d4,biomass_solid,20,2040,0.01
PAO,urb,d4,biomass_solid,20,2040,0.01
PAO,rur,d5,biomass_solid,20,2040,0.01
PAO,urb,d5,biomass_solid,20,2040,0.01
PAO,rur,d6,biomass_solid,20,2040,0.01
PAO,urb,d6,biomass_solid,20,2040,0.01
PAO,rur,d7,biomass_solid,20,2040,0.01
PAO,urb,d7,biomass_solid,20,2040,0.01
PAO,rur,d8,biomass_solid,20,2040,0.01
PAO,urb,d8,biomass_solid,20,2040,0.01
PAO,rur,d9,biomass_solid,20,2040,0.01
PAO,urb,d9,biomass_solid,20,2040,0.01
PAO,rur,d10,biomass_solid,20,2040,0.01
PAO,urb,d10,biomass_solid,20,2040,0.01
PAO,rur,d1,coal,20,2040,0.01
PAO,urb,d1,coal,20,2040,0.01
PAO,rur,d2,coal,20,2040,0.01
PAO,urb,d2,coal,20,2040,0.01
PAO,rur,d3,coal,20,2040,0.01
PAO,urb,d3,coal,20,2040,0.01
PAO,rur,d4,coal,20,2040,0.01
PAO,urb,d4,coal,20,2040,0.01
PAO,rur,d5,coal,20,2040,0.01
PAO,urb,d5,coal,20,2040,0.01
PAO,rur,d6,coal,20,2040,0.01
PAO,urb,d6,coal,20,2040,0.01
PAO,rur,d7,coal,20,2040,0.01
PAO,urb,d7,coal,20,2040,0.01
PAO,rur,d8,coal,20,2040,0.01
PAO,urb,d8,coal,20,2040,0.01
PAO,rur,d9,coal,20,2040,0.01
PAO,urb,d9,coal,20,2040,0.01
PAO,rur,d10,coal,20,2040,0.01
PAO,urb,d10,coal,20,2040,0.01
PAO,rur,d1,oil,20,2040,0.01
PAO,urb,d1,oil,20,2040,0.01
PAO,rur,d2,oil,20,2040,0.01
PAO,urb,d2,oil,20,2040,0.01
PAO,rur,d3,oil,20,2040,0.01
PAO,urb,d3,oil,20,2040,0.01
PAO,rur,d4,oil,20,2040,0.01
PAO,urb,d4,oil,20,2040,0.01
PAO,rur,d5,oil,20,2040,0.01
PAO,urb,d5,oil,20,2040,0.01
PAO,rur,d6,oil,20,2040,0.01
PAO,urb,d6,oil,20,2040,0.01
PAO,rur,d7,oil,20,2040,0.01
PAO,urb,d7,oil,20,2040,0.01
PAO,rur,d8,oil,20,2040,0.01
PAO,urb,d8,oil,20,2040,0.01
PAO,rur,d9,oil,20,2040,0.01
PAO,urb,d9,oil,20,2040,0.01
PAO,rur,d10,oil,20,2040,0.01
PAO,urb,d10,oil,20,2040,0.01
PAO,rur,d1,gas,20,2040,0.01
PAO,urb,d1,gas,20,2040,0.01
PAO,rur,d2,gas,20,2040,0.01
PAO,urb,d2,gas,20,2040,0.01
PAO,rur,d3,gas,20,2040,0.01
PAO,urb,d3,gas,20,2040,0.01
PAO,rur,d4,gas,20,2040,0.01
PAO,urb,d4,gas,20,2040,0.01
PAO,rur,d5,gas,20,2040,0.01
PAO,urb,d5,gas,20,2040,0.01
PAO,rur,d6,gas,20,2040,0.01
PAO,urb,d6,gas,20,2040,0.01
PAO,rur,d7,gas,20,2040,0.01
PAO,urb,d7,gas,20,2040,0.01
PAO,rur,d8,gas,20,2040,0.01
PAO,urb,d8,gas,20,2040,0.01
PAO,rur,d9,gas,20,2040,0.01
PAO,urb,d9,gas,20,2040,0.01
PAO,rur,d10,gas,20,2040,0.01
PAO,urb,d10,gas,20,2040,0.01
PAO,rur,d1,electricity,20,2040,0.01
PAO,urb,d1,electricity,20,2040,0.01
PAO,rur,d2,electricity,20,2040,0.01
PAO,urb,d2,electricity,20,2040,0.01
PAO,rur,d3,electricity,20,2040,0.01
PAO,urb,d3,electricity,20,2040,0.01
PAO,rur,d4,electricity,20,2040,0.01
PAO,urb,d4,electricity,20,2040,0.01
PAO,rur,d5,electricity,20,2040,0.01
PAO,urb,d5,electricity,20,2040,0.01
PAO,rur,d6,electricity,20,2040,0.01
PAO,urb,d6,electricity,20,2040,0.01
PAO,rur,d7,electricity,20,2040,0.01
PAO,urb,d7,electricity,20,2040,0.01
PAO,rur,d8,electricity,20,2040,0.01
PAO,urb,d8,electricity,20,2040,0.01
PAO,rur,d9,electricity,20,2040,0.01
PAO,urb,d9,electricity,20,2040,0.01
PAO,rur,d10,electricity,20,2040,0.01
PAO,urb,d10,electricity,20,2040,0.01
PAO,rur,d1,biomass_solid,20,2045,0.01
PAO,urb,d1,biomass_solid,20,2045,0.01
PAO,rur,d2,biomass_solid,20,2045,0.01
PAO,urb,d2,biomass_solid,20,2045,0.01
PAO,rur,d3,biomass_solid,20,2045,0.01
PAO,urb,d3,biomass_solid,20,2045,0.01
PAO,rur,d4,biomass_solid,20,2045,0.01
PAO,urb,d4,biomass_solid,20,2045,0.01
PAO,rur,d5,biomass_solid,20,2045,0.01
PAO,urb,d5,biomass_solid,20,2045,0.01
PAO,rur,d6,biomass_solid,20,2045,0.01
PAO,urb,d6,biomass_solid,20,2045,0.01
PAO,rur,d7,biomass_solid,20,2045,0.01
PAO,urb,d7,biomass_solid,20,2045,0.01
PAO,rur,d8,biomass_solid,20,2045,0.01
PAO,urb,d8,biomass_solid,20,2045,0.01
PAO,rur,d9,biomass_solid,20,2045,0.01
PAO,urb,d9,biomass_solid,20,2045,0.01
PAO,rur,d10,biomass_solid,20,2045,0.01
PAO,urb,d10,biomass_solid,20,2045,0.01
PAO,rur,d1,coal,20,2045,0.01
PAO,urb,d1,coal,20,2045,0.01
PAO,rur,d2,coal,20,2045,0.01
PAO,urb,d2,coal,20,2045,0.01
PAO,rur,d3,coal,20,2045,0.01
PAO,urb,d3,coal,20,2045,0.01
PAO,rur,d4,coal,20,2045,0.01
PAO,urb,d4,coal,20,2045,0.01
PAO,rur,d5,coal,20,2045,0.01
PAO,urb,d5,coal,20,2045,0.01
PAO,rur,d6,coal,20,2045,0.01
PAO,urb,d6,coal,20,2045,0.01
PAO,rur,d7,coal,20,2045,0.01
PAO,urb,d7,coal,20,2045,0.01
PAO,rur,d8,coal,20,2045,0.01
PAO,urb,d8,coal,20,2045,0.01
PAO,rur,d9,coal,20,2045,0.01
PAO,urb,d9,coal,20,2045,0.01
PAO,rur,d10,coal,20,2045,0.01
PAO,urb,d10,coal,20,2045,0.01
PAO,rur,d1,oil,20,2045,0.01
PAO,urb,d1,oil,20,2045,0.01
PAO,rur,d2,oil,20,2045,0.01
PAO,urb,d2,oil,20,2045,0.01
PAO,rur,d3,oil,20,2045,0.01
PAO,urb,d3,oil,20,2045,0.01
PAO,rur,d4,oil,20,2045,0.01
PAO,urb,d4,oil,20,2045,0.01
PAO,rur,d5,oil,20,2045,0.01
PAO,urb,d5,oil,20,2045,0.01
PAO,rur,d6,oil,20,2045,0.01
PAO,urb,d6,oil,20,2045,0.01
PAO,rur,d7,oil,20,2045,0.01
PAO,urb,d7,oil,20,2045,0.01
PAO,rur,d8,oil,20,2045,0.01
PAO,urb,d8,oil,20,2045,0.01
PAO,rur,d9,oil,20,2045,0.01
PAO,urb,d9,oil,20,2045,0.01
PAO,rur,d10,oil,20,2045,0.01
PAO,urb,d10,oil,20,2045,0.01
PAO,rur,d1,gas,20,2045,0.01
PAO,urb,d1,gas,20,2045,0.01
PAO,rur,d2,gas,20,2045,0.01
PAO,urb,d2,gas,20,2045,0.01
PAO,rur,d3,gas,20,2045,0.01
PAO,urb,d3,gas,20,2045,0.01
PAO,rur,d4,gas,20,2045,0.01
PAO,urb,d4,gas,20,2045,0.01
PAO,rur,d5,gas,20,2045,0.01
PAO,urb,d5,gas,20,2045,0.01
PAO,rur,d6,gas,20,2045,0.01
PAO,urb,d6,gas,20,2045,0.01
PAO,rur,d7,gas,20,2045,0.01
PAO,urb,d7,gas,20,2045,0.01
PAO,rur,d8,gas,20,2045,0.01
PAO,urb,d8,gas,20,2045,0.01
PAO,rur,d9,gas,20,2045,0.01
PAO,urb,d9,gas,20,2045,0.01
PAO,rur,d10,gas,20,2045,0.01
PAO,urb,d10,gas,20,2045,0.01
PAO,rur,d1,electricity,20,2045,0.01
PAO,urb,d1,electricity,20,2045,0.01
PAO,rur,d2,electricity,20,2045,0.01
PAO,urb,d2,electricity,20,2045,0.01
PAO,rur,d3,electricity,20,2045,0.01
PAO,urb,d3,electricity,20,2045,0.01
PAO,rur,d4,electricity,20,2045,0.01
PAO,urb,d4,electricity,20,2045,0.01
PAO,rur,d5,electricity,20,2045,0.01
PAO,urb,d5,electricity,20,2045,0.01
PAO,rur,d6,electricity,20,2045,0.01
PAO,urb,d6,electricity,20,2045,0.01
PAO,rur,d7,electricity,20,2045,0.01
PAO,urb,d7,electricity,20,2045,0.01
PAO,rur,d8,electricity,20,2045,0.01
PAO,urb,d8,electricity,20,2045,0.01
PAO,rur,d9,electricity,20,2045,0.01
PAO,urb,d9,electricity,20,2045,0.01
PAO,rur,d10,electricity,20,2045,0.01
PAO,urb,d10,electricity,20,2045,0.01
PAO,rur,d1,biomass_solid,20,2050,0.01
PAO,urb,d1,biomass_solid,20,2050,0.01
PAO,rur,d2,biomass_solid,20,2050,0.01
PAO,urb,d2,biomass_solid,20,2050,0.01
PAO,rur,d3,biomass_solid,20,2050,0.01
PAO,urb,d3,biomass_solid,20,2050,0.01
PAO,rur,d4,biomass_solid,20,2050,0.01
PAO,urb,d4,biomass_solid,20,2050,0.01
PAO,rur,d5,biomass_solid,20,2050,0.01
PAO,urb,d5,biomass_solid,20,2050,0.01
PAO,rur,d6,biomass_solid,20,2050,0.01
PAO,urb,d6,biomass_solid,20,2050,0.01
PAO,rur,d7,biomass_solid,20,2050,0.01
PAO,urb,d7,biomass_solid,20,2050,0.01
PAO,rur,d8,biomass_solid,20,2050,0.01
PAO,urb,d8,biomass_solid,20,2050,0.01
PAO,rur,d9,biomass_solid,20,2050,0.01
PAO,urb,d9,biomass_solid,20,2050,0.01
PAO,rur,d10,biomass_solid,20,2050,0.01
PAO,urb,d10,biomass_solid,20,2050,0.01
PAO,rur,d1,coal,20,2050,0.01
PAO,urb,d1,coal,20,2050,0.01
PAO,rur,d2,coal,20,2050,0.01
PAO,urb,d2,coal,20,2050,0.01
PAO,rur,d3,coal,20,2050,0.01
PAO,urb,d3,coal,20,2050,0.01
PAO,rur,d4,coal,20,2050,0.01
PAO,urb,d4,coal,20,2050,0.01
PAO,rur,d5,coal,20,2050,0.01
PAO,urb,d5,coal,20,2050,0.01
PAO,rur,d6,coal,20,2050,0.01
PAO,urb,d6,coal,20,2050,0.01
PAO,rur,d7,coal,20,2050,0.01
PAO,urb,d7,coal,20,2050,0.01
PAO,rur,d8,coal,20,2050,0.01
PAO,urb,d8,coal,20,2050,0.01
PAO,rur,d9,coal,20,2050,0.01
PAO,urb,d9,coal,20,2050,0.01
PAO,rur,d10,coal,20,2050,0.01
PAO,urb,d10,coal,20,2050,0.01
PAO,rur,d1,oil,20,2050,0.01
PAO,urb,d1,oil,20,2050,0.01
PAO,rur,d2,oil,20,2050,0.01
PAO,urb,d2,oil,20,2050,0.01
PAO,rur,d3,oil,20,2050,0.01
PAO,urb,d3,oil,20,2050,0.01
PAO,rur,d4,oil,20,2050,0.01
PAO,urb,d4,oil,20,2050,0.01
PAO,rur,d5,oil,20,2050,0.01
PAO,urb,d5,oil,20,2050,0.01
PAO,rur,d6,oil,20,2050,0.01
PAO,urb,d6,oil,20,2050,0.01
PAO,rur,d7,oil,20,2050,0.01
PAO,urb,d7,oil,20,2050,0.01
PAO,rur,d8,oil,20,2050,0.01
PAO,urb,d8,oil,20,2050,0.01
PAO,rur,d9,oil,20,2050,0.01
PAO,urb,d9,oil,20,2050,0.01
PAO,rur,d10,oil,20,2050,0.01
PAO,urb,d10,oil,20,2050,0.01
PAO,rur,d1,gas,20,2050,0.01
PAO,urb,d1,gas,20,2050,0.01
PAO,rur,d2,gas,20,2050,0.01
PAO,urb,d2,gas,20,2050,0.01
PAO,rur,d3,gas,20,2050,0.01
PAO,urb,d3,gas,20,2050,0.01
PAO,rur,d4,gas,20,2050,0.01
PAO,urb,d4,gas,20,2050,0.01
PAO,rur,d5,gas,20,2050,0.01
PAO,urb,d5,gas,20,2050,0.01
PAO,rur,d6,gas,20,2050,0.01
PAO,urb,d6,gas,20,2050,0.01
PAO,rur,d7,gas,20,2050,0.01
PAO,urb,d7,gas,20,2050,0.01
PAO,rur,d8,gas,20,2050,0.01
PAO,urb,d8,gas,20,2050,0.01
PAO,rur,d9,gas,20,2050,0.01
PAO,urb,d9,gas,20,2050,0.01
PAO,rur,d10,gas,20,2050,0.01
PAO,urb,d10,gas,20,2050,0.01
PAO,rur,d1,electricity,20,2050,0.01
PAO,urb,d1,electricity,20,2050,0.01
PAO,rur,d2,electricity,20,2050,0.01
PAO,urb,d2,electricity,20,2050,0.01
PAO,rur,d3,electricity,20,2050,0.01
PAO,urb,d3,electricity,20,2050,0.01
PAO,rur,d4,electricity,20,2050,0.01
PAO,urb,d4,electricity,20,2050,0.01
PAO,rur,d5,electricity,20,2050,0.01
PAO,urb,d5,electricity,20,2050,0.01
PAO,rur,d6,electricity,20,2050,0.01
PAO,urb,d6,electricity,20,2050,0.01
PAO,rur,d7,electricity,20,2050,0.01
PAO,urb,d7,electricity,20,2050,0.01
PAO,rur,d8,electricity,20,2050,0.01
PAO,urb,d8,electricity,20,2050,0.01
PAO,rur,d9,electricity,20,2050,0.01
PAO,urb,d9,electricity,20,2050,0.01
PAO,rur,d10,electricity,20,2050,0.01
PAO,urb,d10,electricity,20,2050,0.01
PAO,rur,d1,biomass_solid,20,2055,0.01
PAO,urb,d1,biomass_solid,20,2055,0.01
PAO,rur,d2,biomass_solid,20,2055,0.01
PAO,urb,d2,biomass_solid,20,2055,0.01
PAO,rur,d3,biomass_solid,20,2055,0.01
PAO,urb,d3,biomass_solid,20,2055,0.01
PAO,rur,d4,biomass_solid,20,2055,0.01
PAO,urb,d4,biomass_solid,20,2055,0.01
PAO,rur,d5,biomass_solid,20,2055,0.01
PAO,urb,d5,biomass_solid,20,2055,0.01
PAO,rur,d6,biomass_solid,20,2055,0.01
PAO,urb,d6,biomass_solid,20,2055,0.01
PAO,rur,d7,biomass_solid,20,2055,0.01
PAO,urb,d7,biomass_solid,20,2055,0.01
PAO,rur,d8,biomass_solid,20,2055,0.01
PAO,urb,d8,biomass_solid,20,2055,0.01
PAO,rur,d9,biomass_solid,20,2055,0.01
PAO,urb,d9,biomass_solid,20,2055,0.01
PAO,rur,d10,biomass_solid,20,2055,0.01
PAO,urb,d10,biomass_solid,20,2055,0.01
PAO,rur,d1,coal,20,2055,0.01
PAO,urb,d1,coal,20,2055,0.01
PAO,rur,d2,coal,20,2055,0.01
PAO,urb,d2,coal,20,2055,0.01
PAO,rur,d3,coal,20,2055,0.01
PAO,urb,d3,coal,20,2055,0.01
PAO,rur,d4,coal,20,2055,0.01
PAO,urb,d4,coal,20,2055,0.01
PAO,rur,d5,coal,20,2055,0.01
PAO,urb,d5,coal,20,2055,0.01
PAO,rur,d6,coal,20,2055,0.01
PAO,urb,d6,coal,20,2055,0.01
PAO,rur,d7,coal,20,2055,0.01
PAO,urb,d7,coal,20,2055,0.01
PAO,rur,d8,coal,20,2055,0.01
PAO,urb,d8,coal,20,2055,0.01
PAO,rur,d9,coal,20,2055,0.01
PAO,urb,d9,coal,20,2055,0.01
PAO,rur,d10,coal,20,2055,0.01
PAO,urb,d10,coal,20,2055,0.01
PAO,rur,d1,oil,20,2055,0.01
PAO,urb,d1,oil,20,2055,0.01
PAO,rur,d2,oil,20,2055,0.01
PAO,urb,d2,oil,20,2055,0.01
PAO,rur,d3,oil,20,2055,0.01
PAO,urb,d3,oil,20,2055,0.01
PAO,rur,d4,oil,20,2055,0.01
PAO,urb,d4,oil,20,2055,0.01
PAO,rur,d5,oil,20,2055,0.01
PAO,urb,d5,oil,20,2055,0.01
PAO,rur,d6,oil,20,2055,0.01
PAO,urb,d6,oil,20,2055,0.01
PAO,rur,d7,oil,20,2055,0.01
PAO,urb,d7,oil,20,2055,0.01
PAO,rur,d8,oil,20,2055,0.01
PAO,urb,d8,oil,20,2055,0.01
PAO,rur,d9,oil,20,2055,0.01
PAO,urb,d9,oil,20,2055,0.01
PAO,rur,d10,oil,20,2055,0.01
PAO,urb,d10,oil,20,2055,0.01
PAO,rur,d1,gas,20,2055,0.01
PAO,urb,d1,gas,20,2055,0.01
PAO,rur,d2,gas,20,2055,0.01
PAO,urb,d2,gas,20,2055,0.01
PAO,rur,d3,gas,20,2055,0.01
PAO,urb,d3,gas,20,2055,0.01
PAO,rur,d4,gas,20,2055,0.01
PAO,urb,d4,gas,20,2055,0.01
PAO,rur,d5,gas,20,2055,0.01
PAO,urb,d5,gas,20,2055,0.01
PAO,rur,d6,gas,20,2055,0.01
PAO,urb,d6,gas,20,2055,0.01
PAO,rur,d7,gas,20,2055,0.01
PAO,urb,d7,gas,20,2055,0.01
PAO,rur,d8,gas,20,2055,0.01
PAO,urb,d8,gas,20,2055,0.01
PAO,rur,d9,gas,20,2055,0.01
PAO,urb,d9,gas,20,2055,0.01
PAO,rur,d10,gas,20,2055,0.01
PAO,urb,d10,gas,20,2055,0.01
PAO,rur,d1,electricity,20,2055,0.01
PAO,urb,d1,electricity,20,2055,0.01
PAO,rur,d2,electricity,20,2055,0.01
PAO,urb,d2,electricity,20,2055,0.01
PAO,rur,d3,electricity,20,2055,0.01
PAO,urb,d3,electricity,20,2055,0.01
PAO,rur,d4,electricity,20,2055,0.01
PAO,urb,d4,electricity,20,2055,0.01
PAO,rur,d5,electricity,20,2055,0.01
PAO,urb,d5,electricity,20,2055,0.01
PAO,rur,d6,electricity,20,2055,0.01
PAO,urb,d6,electricity,20,2055,0.01
PAO,rur,d7,electricity,20,2055,0.01
PAO,urb,d7,electricity,20,2055,0.01
PAO,rur,d8,electricity,20,2055,0.01
PAO,urb,d8,electricity,20,2055,0.01
PAO,rur,d9,electricity,20,2055,0.01
PAO,urb,d9,electricity,20,2055,0.01
PAO,rur,d10,electricity,20,2055,0.01
PAO,urb,d10,electricity,20,2055,0.01
PAO,rur,d1,biomass_solid,20,2060,0.01
PAO,urb,d1,biomass_solid,20,2060,0.01
PAO,rur,d2,biomass_solid,20,2060,0.01
PAO,urb,d2,biomass_solid,20,2060,0.01
PAO,rur,d3,biomass_solid,20,2060,0.01
PAO,urb,d3,biomass_solid,20,2060,0.01
PAO,rur,d4,biomass_solid,20,2060,0.01
PAO,urb,d4,biomass_solid,20,2060,0.01
PAO,rur,d5,biomass_solid,20,2060,0.01
PAO,urb,d5,biomass_solid,20,2060,0.01
PAO,rur,d6,biomass_solid,20,2060,0.01
PAO,urb,d6,biomass_solid,20,2060,0.01
PAO,rur,d7,biomass_solid,20,2060,0.01
PAO,urb,d7,biomass_solid,20,2060,0.01
PAO,rur,d8,biomass_solid,20,2060,0.01
PAO,urb,d8,biomass_solid,20,2060,0.01
PAO,rur,d9,biomass_solid,20,2060,0.01
PAO,urb,d9,biomass_solid,20,2060,0.01
PAO,rur,d10,biomass_solid,20,2060,0.01
PAO,urb,d10,biomass_solid,20,2060,0.01
PAO,rur,d1,coal,20,2060,0.01
PAO,urb,d1,coal,20,2060,0.01
PAO,rur,d2,coal,20,2060,0.01
PAO,urb,d2,coal,20,2060,0.01
PAO,rur,d3,coal,20,2060,0.01
PAO,urb,d3,coal,20,2060,0.01
PAO,rur,d4,coal,20,2060,0.01
PAO,urb,d4,coal,20,2060,0.01
PAO,rur,d5,coal,20,2060,0.01
PAO,urb,d5,coal,20,2060,0.01
PAO,rur,d6,coal,20,2060,0.01
PAO,urb,d6,coal,20,2060,0.01
PAO,rur,d7,coal,20,2060,0.01
PAO,urb,d7,coal,20,2060,0.01
PAO,rur,d8,coal,20,2060,0.01
PAO,urb,d8,coal,20,2060,0.01
PAO,rur,d9,coal,20,2060,0.01
PAO,urb,d9,coal,20,2060,0.01
PAO,rur,d10,coal,20,2060,0.01
PAO,urb,d10,coal,20,2060,0.01
PAO,rur,d1,oil,20,2060,0.01
PAO,urb,d1,oil,20,2060,0.01
PAO,rur,d2,oil,20,2060,0.01
PAO,urb,d2,oil,20,2060,0.01
PAO,rur,d3,oil,20,2060,0.01
PAO,urb,d3,oil,20,2060,0.01
PAO,rur,d4,oil,20,2060,0.01
PAO,urb,d4,oil,20,2060,0.01
PAO,rur,d5,oil,20,2060,0.01
PAO,urb,d5,oil,20,2060,0.01
PAO,rur,d6,oil,20,2060,0.01
PAO,urb,d6,oil,20,2060,0.01
PAO,rur,d7,oil,20,2060,0.01
PAO,urb,d7,oil,20,2060,0.01
PAO,rur,d8,oil,20,2060,0.01
PAO,urb,d8,oil,20,2060,0.01
PAO,rur,d9,oil,20,2060,0.01
PAO,urb,d9,oil,20,2060,0.01
PAO,rur,d10,oil,20,2060,0.01
PAO,urb,d10,oil,20,2060,0.01
PAO,rur,d1,gas,20,2060,0.01
PAO,urb,d1,gas,20,2060,0.01
PAO,rur,d2,gas,20,2060,0.01
PAO,urb,d2,gas,20,2060,0.01
PAO,rur,d3,gas,20,2060,0.01
PAO,urb,d3,gas,20,2060,0.01
PAO,rur,d4,gas,20,2060,0.01
PAO,urb,d4,gas,20,2060,0.01
PAO,rur,d5,gas,20,2060,0.01
PAO,urb,d5,gas,20,2060,0.01
PAO,rur,d6,gas,20,2060,0.01
PAO,urb,d6,gas,20,2060,0.01
PAO,rur,d7,gas,20,2060,0.01
PAO,urb,d7,gas,20,2060,0.01
PAO,rur,d8,gas,20,2060,0.01
PAO,urb,d8,gas,20,2060,0.01
PAO,rur,d9,gas,20,2060,0.01
PAO,urb,d9,gas,20,2060,0.01
PAO,rur,d10,gas,20,2060,0.01
PAO,urb,d10,gas,20,2060,0.01
PAO,rur,d1,electricity,20,2060,0.01
PAO,urb,d1,electricity,20,2060,0.01
PAO,rur,d2,electricity,20,2060,0.01
PAO,urb,d2,electricity,20,2060,0.01
PAO,rur,d3,electricity,20,2060,0.01
PAO,urb,d3,electricity,20,2060,0.01
PAO,rur,d4,electricity,20,2060,0.01
PAO,urb,d4,electricity,20,2060,0.01
PAO,rur,d5,electricity,20,2060,0.01
PAO,urb,d5,electricity,20,2060,0.01
PAO,rur,d6,electricity,20,2060,0.01
PAO,urb,d6,electricity,20,2060,0.01
PAO,rur,d7,electricity,20,2060,0.01
PAO,urb,d7,electricity,20,2060,0.01
PAO,rur,d8,electricity,20,2060,0.01
PAO,urb,d8,electricity,20,2060,0.01
PAO,rur,d9,electricity,20,2060,0.01
PAO,urb,d9,electricity,20,2060,0.01
PAO,rur,d10,electricity,20,2060,0.01
PAO,urb,d10,electricity,20,2060,0.01
PAO,rur,d1,biomass_solid,20,2065,0.01
PAO,urb,d1,biomass_solid,20,2065,0.01
PAO,rur,d2,biomass_solid,20,2065,0.01
PAO,urb,d2,biomass_solid,20,2065,0.01
PAO,rur,d3,biomass_solid,20,2065,0.01
PAO,urb,d3,biomass_solid,20,2065,0.01
PAO,rur,d4,biomass_solid,20,2065,0.01
PAO,urb,d4,biomass_solid,20,2065,0.01
PAO,rur,d5,biomass_solid,20,2065,0.01
PAO,urb,d5,biomass_solid,20,2065,0.01
PAO,rur,d6,biomass_solid,20,2065,0.01
PAO,urb,d6,biomass_solid,20,2065,0.01
PAO,rur,d7,biomass_solid,20,2065,0.01
PAO,urb,d7,biomass_solid,20,2065,0.01
PAO,rur,d8,biomass_solid,20,2065,0.01
PAO,urb,d8,biomass_solid,20,2065,0.01
PAO,rur,d9,biomass_solid,20,2065,0.01
PAO,urb,d9,biomass_solid,20,2065,0.01
PAO,rur,d10,biomass_solid,20,2065,0.01
PAO,urb,d10,biomass_solid,20,2065,0.01
PAO,rur,d1,coal,20,2065,0.01
PAO,urb,d1,coal,20,2065,0.01
PAO,rur,d2,coal,20,2065,0.01
PAO,urb,d2,coal,20,2065,0.01
PAO,rur,d3,coal,20,2065,0.01
PAO,urb,d3,coal,20,2065,0.01
PAO,rur,d4,coal,20,2065,0.01
PAO,urb,d4,coal,20,2065,0.01
PAO,rur,d5,coal,20,2065,0.01
PAO,urb,d5,coal,20,2065,0.01
PAO,rur,d6,coal,20,2065,0.01
PAO,urb,d6,coal,20,2065,0.01
PAO,rur,d7,coal,20,2065,0.01
PAO,urb,d7,coal,20,2065,0.01
PAO,rur,d8,coal,20,2065,0.01
PAO,urb,d8,coal,20,2065,0.01
PAO,rur,d9,coal,20,2065,0.01
PAO,urb,d9,coal,20,2065,0.01
PAO,rur,d10,coal,20,2065,0.01
PAO,urb,d10,coal,20,2065,0.01
PAO,rur,d1,oil,20,2065,0.01
PAO,urb,d1,oil,20,2065,0.01
PAO,rur,d2,oil,20,2065,0.01
PAO,urb,d2,oil,20,2065,0.01
PAO,rur,d3,oil,20,2065,0.01
PAO,urb,d3,oil,20,2065,0.01
PAO,rur,d4,oil,20,2065,0.01
PAO,urb,d4,oil,20,2065,0.01
PAO,rur,d5,oil,20,2065,0.01
PAO,urb,d5,oil,20,2065,0.01
PAO,rur,d6,oil,20,2065,0.01
PAO,urb,d6,oil,20,2065,0.01
PAO,rur,d7,oil,20,2065,0.01
PAO,urb,d7,oil,20,2065,0.01
PAO,rur,d8,oil,20,2065,0.01
PAO,urb,d8,oil,20,2065,0.01
PAO,rur,d9,oil,20,2065,0.01
PAO,urb,d9,oil,20,2065,0.01
PAO,rur,d10,oil,20,2065,0.01
PAO,urb,d10,oil,20,2065,0.01
PAO,rur,d1,gas,20,2065,0.01
PAO,urb,d1,gas,20,2065,0.01
PAO,rur,d2,gas,20,2065,0.01
PAO,urb,d2,gas,20,2065,0.01
PAO,rur,d3,gas,20,2065,0.01
PAO,urb,d3,gas,20,2065,0.01
PAO,rur,d4,gas,20,2065,0.01
PAO,urb,d4,gas,20,2065,0.01
PAO,rur,d5,gas,20,2065,0.01
PAO,urb,d5,gas,20,2065,0.01
PAO,rur,d6,gas,20,2065,0.01
PAO,urb,d6,gas,20,2065,0.01
PAO,rur,d7,gas,20,2065,0.01
PAO,urb,d7,gas,20,2065,0.01
PAO,rur,d8,gas,20,2065,0.01
PAO,urb,d8,gas,20,2065,0.01
PAO,rur,d9,gas,20,2065,0.01
PAO,urb,d9,gas,20,2065,0.01
PAO,rur,d10,gas,20,2065,0.01
PAO,urb,d10,gas,20,2065,0.01
PAO,rur,d1,electricity,20,2065,0.01
PAO,urb,d1,electricity,20,2065,0.01
PAO,rur,d2,electricity,20,2065,0.01
PAO,urb,d2,electricity,20,2065,0.01
PAO,rur,d3,electricity,20,2065,0.01
PAO,urb,d3,electricity,20,2065,0.01
PAO,rur,d4,electricity,20,2065,0.01
PAO,urb,d4,electricity,20,2065,0.01
PAO,rur,d5,electricity,20,2065,0.01
PAO,urb,d5,electricity,20,2065,0.01
PAO,rur,d6,electricity,20,2065,0.01
PAO,urb,d6,electricity,20,2065,0.01
PAO,rur,d7,electricity,20,2065,0.01
PAO,urb,d7,electricity,20,2065,0.01
PAO,rur,d8,electricity,20,2065,0.01
PAO,urb,d8,electricity,20,2065,0.01
PAO,rur,d9,electricity,20,2065,0.01
PAO,urb,d9,electricity,20,2065,0.01
PAO,rur,d10,electricity,20,2065,0.01
PAO,urb,d10,electricity,20,2065,0.01
PAO,rur,d1,biomass_solid,20,2070,0.01
PAO,urb,d1,biomass_solid,20,2070,0.01
PAO,rur,d2,biomass_solid,20,2070,0.01
PAO,urb,d2,biomass_solid,20,2070,0.01
PAO,rur,d3,biomass_solid,20,2070,0.01
PAO,urb,d3,biomass_solid,20,2070,0.01
PAO,rur,d4,biomass_solid,20,2070,0.01
PAO,urb,d4,biomass_solid,20,2070,0.01
PAO,rur,d5,biomass_solid,20,2070,0.01
PAO,urb,d5,biomass_solid,20,2070,0.01
PAO,rur,d6,biomass_solid,20,2070,0.01
PAO,urb,d6,biomass_solid,20,2070,0.01
PAO,rur,d7,biomass_solid,20,2070,0.01
PAO,urb,d7,biomass_solid,20,2070,0.01
PAO,rur,d8,biomass_solid,20,2070,0.01
PAO,urb,d8,biomass_solid,20,2070,0.01
PAO,rur,d9,biomass_solid,20,2070,0.01
PAO,urb,d9,biomass_solid,20,2070,0.01
PAO,rur,d10,biomass_solid,20,2070,0.01
PAO,urb,d10,biomass_solid,20,2070,0.01
PAO,rur,d1,coal,20,2070,0.01
PAO,urb,d1,coal,20,2070,0.01
PAO,rur,d2,coal,20,2070,0.01
PAO,urb,d2,coal,20,2070,0.01
PAO,rur,d3,coal,20,2070,0.01
PAO,urb,d3,coal,20,2070,0.01
PAO,rur,d4,coal,20,2070,0.01
PAO,urb,d4,coal,20,2070,0.01
PAO,rur,d5,coal,20,2070,0.01
PAO,urb,d5,coal,20,2070,0.01
PAO,rur,d6,coal,20,2070,0.01
PAO,urb,d6,coal,20,2070,0.01
PAO,rur,d7,coal,20,2070,0.01
PAO,urb,d7,coal,20,2070,0.01
PAO,rur,d8,coal,20,2070,0.01
PAO,urb,d8,coal,20,2070,0.01
PAO,rur,d9,coal,20,2070,0.01
PAO,urb,d9,coal,20,2070,0.01
PAO,rur,d10,coal,20,2070,0.01
PAO,urb,d10,coal,20,2070,0.01
PAO,rur,d1,oil,20,2070,0.01
PAO,urb,d1,oil,20,2070,0.01
PAO,rur,d2,oil,20,2070,0.01
PAO,urb,d2,oil,20,2070,0.01
PAO,rur,d3,oil,20,2070,0.01
PAO,urb,d3,oil,20,2070,0.01
PAO,rur,d4,oil,20,2070,0.01
PAO,urb,d4,oil,20,2070,0.01
PAO,rur,d5,oil,20,2070,0.01
PAO,urb,d5,oil,20,2070,0.01
PAO,rur,d6,oil,20,2070,0.01
PAO,urb,d6,oil,20,2070,0.01
PAO,rur,d7,oil,20,2070,0.01
PAO,urb,d7,oil,20,2070,0.01
PAO,rur,d8,oil,20,2070,0.01
PAO,urb,d8,oil,20,2070,0.01
PAO,rur,d9,oil,20,2070,0.01
PAO,urb,d9,oil,20,2070,0.01
PAO,rur,d10,oil,20,2070,0.01
PAO,urb,d10,oil,20,2070,0.01
PAO,rur,d1,gas,20,2070,0.01
PAO,urb,d1,gas,20,2070,0.01
PAO,rur,d2,gas,20,2070,0.01
PAO,urb,d2,gas,20,2070,0.01
PAO,rur,d3,gas,20,2070,0.01
PAO,urb,d3,gas,20,2070,0.01
PAO,rur,d4,gas,20,2070,0.01
PAO,urb,d4,gas,20,2070,0.01
PAO,rur,d5,gas,20,2070,0.01
PAO,urb,d5,gas,20,2070,0.01
PAO,rur,d6,gas,20,2070,0.01
PAO,urb,d6,gas,20,2070,0.01
PAO,rur,d7,gas,20,2070,0.01
PAO,urb,d7,gas,20,2070,0.01
PAO,rur,d8,gas,20,2070,0.01
PAO,urb,d8,gas,20,2070,0.01
PAO,rur,d9,gas,20,2070,0.01
PAO,urb,d9,gas,20,2070,0.01
PAO,rur,d10,gas,20,2070,0.01
PAO,urb,d10,gas,20,2070,0.01
PAO,rur,d1,electricity,20,2070,0.01
PAO,urb,d1,electricity,20,2070,0.01
PAO,rur,d2,electricity,20,2070,0.01
PAO,urb,d2,electricity,20,2070,0.01
PAO,rur,d3,electricity,20,2070,0.01
PAO,urb,d3,electricity,20,2070,0.01
PAO,rur,d4,electricity,20,2070,0.01
PAO,urb,d4,electricity,20,2070,0.01
PAO,rur,d5,electricity,20,2070,0.01
PAO,urb,d5,electricity,20,2070,0.01
PAO,rur,d6,electricity,20,2070,0.01
PAO,urb,d6,electricity,20,2070,0.01
PAO,rur,d7,electricity,20,2070,0.01
PAO,urb,d7,electricity,20,2070,0.01
PAO,rur,d8,electricity,20,2070,0.01
PAO,urb,d8,electricity,20,2070,0.01
PAO,rur,d9,electricity,20,2070,0.01
PAO,urb,d9,electricity,20,2070,0.01
PAO,rur,d10,electricity,20,2070,0.01
PAO,urb,d10,electricity,20,2070,0.01
PAO,rur,d1,biomass_solid,20,2075,0.01
PAO,urb,d1,biomass_solid,20,2075,0.01
PAO,rur,d2,biomass_solid,20,2075,0.01
PAO,urb,d2,biomass_solid,20,2075,0.01
PAO,rur,d3,biomass_solid,20,2075,0.01
PAO,urb,d3,biomass_solid,20,2075,0.01
PAO,rur,d4,biomass_solid,20,2075,0.01
PAO,urb,d4,biomass_solid,20,2075,0.01
PAO,rur,d5,biomass_solid,20,2075,0.01
PAO,urb,d5,biomass_solid,20,2075,0.01
PAO,rur,d6,biomass_solid,20,2075,0.01
PAO,urb,d6,biomass_solid,20,2075,0.01
PAO,rur,d7,biomass_solid,20,2075,0.01
PAO,urb,d7,biomass_solid,20,2075,0.01
PAO,rur,d8,biomass_solid,20,2075,0.01
PAO,urb,d8,biomass_solid,20,2075,0.01
PAO,rur,d9,biomass_solid,20,2075,0.01
PAO,urb,d9,biomass_solid,20,2075,0.01
PAO,rur,d10,biomass_solid,20,2075,0.01
PAO,urb,d10,biomass_solid,20,2075,0.01
PAO,rur,d1,coal,20,2075,0.01
PAO,urb,d1,coal,20,2075,0.01
PAO,rur,d2,coal,20,2075,0.01
PAO,urb,d2,coal,20,2075,0.01
PAO,rur,d3,coal,20,2075,0.01
PAO,urb,d3,coal,20,2075,0.01
PAO,rur,d4,coal,20,2075,0.01
PAO,urb,d4,coal,20,2075,0.01
PAO,rur,d5,coal,20,2075,0.01
PAO,urb,d5,coal,20,2075,0.01
PAO,rur,d6,coal,20,2075,0.01
PAO,urb,d6,coal,20,2075,0.01
PAO,rur,d7,coal,20,2075,0.01
PAO,urb,d7,coal,20,2075,0.01
PAO,rur,d8,coal,20,2075,0.01
PAO,urb,d8,coal,20,2075,0.01
PAO,rur,d9,coal,20,2075,0.01
PAO,urb,d9,coal,20,2075,0.01
PAO,rur,d10,coal,20,2075,0.01
PAO,urb,d10,coal,20,2075,0.01
PAO,rur,d1,oil,20,2075,0.01
PAO,urb,d1,oil,20,2075,0.01
PAO,rur,d2,oil,20,2075,0.01
PAO,urb,d2,oil,20,2075,0.01
PAO,rur,d3,oil,20,2075,0.01
PAO,urb,d3,oil,20,2075,0.01
PAO,rur,d4,oil,20,2075,0.01
PAO,urb,d4,oil,20,2075,0.01
PAO,rur,d5,oil,20,2075,0.01
PAO,urb,d5,oil,20,2075,0.01
PAO,rur,d6,oil,20,2075,0.01
PAO,urb,d6,oil,20,2075,0.01
PAO,rur,d7,oil,20,2075,0.01
PAO,urb,d7,oil,20,2075,0.01
PAO,rur,d8,oil,20,2075,0.01
PAO,urb,d8,oil,20,2075,0.01
PAO,rur,d9,oil,20,2075,0.01
PAO,urb,d9,oil,20,2075,0.01
PAO,rur,d10,oil,20,2075,0.01
PAO,urb,d10,oil,20,2075,0.01
PAO,rur,d1,gas,20,2075,0.01
PAO,urb,d1,gas,20,2075,0.01
PAO,rur,d2,gas,20,2075,0.01
PAO,urb,d2,gas,20,2075,0.01
PAO,rur,d3,gas,20,2075,0.01
PAO,urb,d3,gas,20,2075,0.01
PAO,rur,d4,gas,20,2075,0.01
PAO,urb,d4,gas,20,2075,0.01
PAO,rur,d5,gas,20,2075,0.01
PAO,urb,d5,gas,20,2075,0.01
PAO,rur,d6,gas,20,2075,0.01
PAO,urb,d6,gas,20,2075,0.01
PAO,rur,d7,gas,20,2075,0.01
PAO,urb,d7,gas,20,2075,0.01
PAO,rur,d8,gas,20,2075,0.01
PAO,urb,d8,gas,20,2075,0.01
PAO,rur,d9,gas,20,2075,0.01
PAO,urb,d9,gas,20,2075,0.01
PAO,rur,d10,gas,20,2075,0.01
PAO,urb,d10,gas,20,2075,0.01
PAO,rur,d1,electricity,20,2075,0.01
PAO,urb,d1,electricity,20,2075,0.01
PAO,rur,d2,electricity,20,2075,0.01
PAO,urb,d2,electricity,20,2075,0.01
PAO,rur,d3,electricity,20,2075,0.01
PAO,urb,d3,electricity,20,2075,0.01
PAO,rur,d4,electricity,20,2075,0.01
PAO,urb,d4,electricity,20,2075,0.01
PAO,rur,d5,electricity,20,2075,0.01
PAO,urb,d5,electricity,20,2075,0.01
PAO,rur,d6,electricity,20,2075,0.01
PAO,urb,d6,electricity,20,2075,0.01
PAO,rur,d7,electricity,20,2075,0.01
PAO,urb,d7,electricity,20,2075,0.01
PAO,rur,d8,electricity,20,2075,0.01
PAO,urb,d8,electricity,20,2075,0.01
PAO,rur,d9,electricity,20,2075,0.01
PAO,urb,d9,electricity,20,2075,0.01
PAO,rur,d10,electricity,20,2075,0.01
PAO,urb,d10,electricity,20,2075,0.01
PAO,rur,d1,biomass_solid,20,2080,0.01
PAO,urb,d1,biomass_solid,20,2080,0.01
PAO,rur,d2,biomass_solid,20,2080,0.01
PAO,urb,d2,biomass_solid,20,2080,0.01
PAO,rur,d3,biomass_solid,20,2080,0.01
PAO,urb,d3,biomass_solid,20,2080,0.01
PAO,rur,d4,biomass_solid,20,2080,0.01
PAO,urb,d4,biomass_solid,20,2080,0.01
PAO,rur,d5,biomass_solid,20,2080,0.01
PAO,urb,d5,biomass_solid,20,2080,0.01
PAO,rur,d6,biomass_solid,20,2080,0.01
PAO,urb,d6,biomass_solid,20,2080,0.01
PAO,rur,d7,biomass_solid,20,2080,0.01
PAO,urb,d7,biomass_solid,20,2080,0.01
PAO,rur,d8,biomass_solid,20,2080,0.01
PAO,urb,d8,biomass_solid,20,2080,0.01
PAO,rur,d9,biomass_solid,20,2080,0.01
PAO,urb,d9,biomass_solid,20,2080,0.01
PAO,rur,d10,biomass_solid,20,2080,0.01
PAO,urb,d10,biomass_solid,20,2080,0.01
PAO,rur,d1,coal,20,2080,0.01
PAO,urb,d1,coal,20,2080,0.01
PAO,rur,d2,coal,20,2080,0.01
PAO,urb,d2,coal,20,2080,0.01
PAO,rur,d3,coal,20,2080,0.01
PAO,urb,d3,coal,20,2080,0.01
PAO,rur,d4,coal,20,2080,0.01
PAO,urb,d4,coal,20,2080,0.01
PAO,rur,d5,coal,20,2080,0.01
PAO,urb,d5,coal,20,2080,0.01
PAO,rur,d6,coal,20,2080,0.01
PAO,urb,d6,coal,20,2080,0.01
PAO,rur,d7,coal,20,2080,0.01
PAO,urb,d7,coal,20,2080,0.01
PAO,rur,d8,coal,20,2080,0.01
PAO,urb,d8,coal,20,2080,0.01
PAO,rur,d9,coal,20,2080,0.01
PAO,urb,d9,coal,20,2080,0.01
PAO,rur,d10,coal,20,2080,0.01
PAO,urb,d10,coal,20,2080,0.01
PAO,rur,d1,oil,20,2080,0.01
PAO,urb,d1,oil,20,2080,0.01
PAO,rur,d2,oil,20,2080,0.01
PAO,urb,d2,oil,20,2080,0.01
PAO,rur,d3,oil,20,2080,0.01
PAO,urb,d3,oil,20,2080,0.01
PAO,rur,d4,oil,20,2080,0.01
PAO,urb,d4,oil,20,2080,0.01
PAO,rur,d5,oil,20,2080,0.01
PAO,urb,d5,oil,20,2080,0.01
PAO,rur,d6,oil,20,2080,0.01
PAO,urb,d6,oil,20,2080,0.01
PAO,rur,d7,oil,20,2080,0.01
PAO,urb,d7,oil,20,2080,0.01
PAO,rur,d8,oil,20,2080,0.01
PAO,urb,d8,oil,20,2080,0.01
PAO,rur,d9,oil,20,2080,0.01
PAO,urb,d9,oil,20,2080,0.01
PAO,rur,d10,oil,20,2080,0.01
PAO,urb,d10,oil,20,2080,0.01
PAO,rur,d1,gas,20,2080,0.01
PAO,urb,d1,gas,20,2080,0.01
PAO,rur,d2,gas,20,2080,0.01
PAO,urb,d2,gas,20,2080,0.01
PAO,rur,d3,gas,20,2080,0.01
PAO,urb,d3,gas,20,2080,0.01
PAO,rur,d4,gas,20,2080,0.01
PAO,urb,d4,gas,20,2080,0.01
PAO,rur,d5,gas,20,2080,0.01
PAO,urb,d5,gas,20,2080,0.01
PAO,rur,d6,gas,20,2080,0.01
PAO,urb,d6,gas,20,2080,0.01
PAO,rur,d7,gas,20,2080,0.01
PAO,urb,d7,gas,20,2080,0.01
PAO,rur,d8,gas,20,2080,0.01
PAO,urb,d8,gas,20,2080,0.01
PAO,rur,d9,gas,20,2080,0.01
PAO,urb,d9,gas,20,2080,0.01
PAO,rur,d10,gas,20,2080,0.01
PAO,urb,d10,gas,20,2080,0.01
PAO,rur,d1,electricity,20,2080,0.01
PAO,urb,d1,electricity,20,2080,0.01
PAO,rur,d2,electricity,20,2080,0.01
PAO,urb,d2,electricity,20,2080,0.01
PAO,rur,d3,electricity,20,2080,0.01
PAO,urb,d3,electricity,20,2080,0.01
PAO,rur,d4,electricity,20,2080,0.01
PAO,urb,d4,electricity,20,2080,0.01
PAO,rur,d5,electricity,20,2080,0.01
PAO,urb,d5,electricity,20,2080,0.01
PAO,rur,d6,electricity,20,2080,0.01
PAO,urb,d6,electricity,20,2080,0.01
PAO,rur,d7,electricity,20,2080,0.01
PAO,urb,d7,electricity,20,2080,0.01
PAO,rur,d8,electricity,20,2080,0.01
PAO,urb,d8,electricity,20,2080,0.01
PAO,rur,d9,electricity,20,2080,0.01
PAO,urb,d9,electricity,20,2080,0.01
PAO,rur,d10,electricity,20,2080,0.01
PAO,urb,d10,electricity,20,2080,0.01
PAO,rur,d1,biomass_solid,20,2085,0.01
PAO,urb,d1,biomass_solid,20,2085,0.01
PAO,rur,d2,biomass_solid,20,2085,0.01
PAO,urb,d2,biomass_solid,20,2085,0.01
PAO,rur,d3,biomass_solid,20,2085,0.01
PAO,urb,d3,biomass_solid,20,2085,0.01
PAO,rur,d4,biomass_solid,20,2085,0.01
PAO,urb,d4,biomass_solid,20,2085,0.01
PAO,rur,d5,biomass_solid,20,2085,0.01
PAO,urb,d5,biomass_solid,20,2085,0.01
PAO,rur,d6,biomass_solid,20,2085,0.01
PAO,urb,d6,biomass_solid,20,2085,0.01
PAO,rur,d7,biomass_solid,20,2085,0.01
PAO,urb,d7,biomass_solid,20,2085,0.01
PAO,rur,d8,biomass_solid,20,2085,0.01
PAO,urb,d8,biomass_solid,20,2085,0.01
PAO,rur,d9,biomass_solid,20,2085,0.01
PAO,urb,d9,biomass_solid,20,2085,0.01
PAO,rur,d10,biomass_solid,20,2085,0.01
PAO,urb,d10,biomass_solid,20,2085,0.01
PAO,rur,d1,coal,20,2085,0.01
PAO,urb,d1,coal,20,2085,0.01
PAO,rur,d2,coal,20,2085,0.01
PAO,urb,d2,coal,20,2085,0.01
PAO,rur,d3,coal,20,2085,0.01
PAO,urb,d3,coal,20,2085,0.01
PAO,rur,d4,coal,20,2085,0.01
PAO,urb,d4,coal,20,2085,0.01
PAO,rur,d5,coal,20,2085,0.01
PAO,urb,d5,coal,20,2085,0.01
PAO,rur,d6,coal,20,2085,0.01
PAO,urb,d6,coal,20,2085,0.01
PAO,rur,d7,coal,20,2085,0.01
PAO,urb,d7,coal,20,2085,0.01
PAO,rur,d8,coal,20,2085,0.01
PAO,urb,d8,coal,20,2085,0.01
PAO,rur,d9,coal,20,2085,0.01
PAO,urb,d9,coal,20,2085,0.01
PAO,rur,d10,coal,20,2085,0.01
PAO,urb,d10,coal,20,2085,0.01
PAO,rur,d1,oil,20,2085,0.01
PAO,urb,d1,oil,20,2085,0.01
PAO,rur,d2,oil,20,2085,0.01
PAO,urb,d2,oil,20,2085,0.01
PAO,rur,d3,oil,20,2085,0.01
PAO,urb,d3,oil,20,2085,0.01
PAO,rur,d4,oil,20,2085,0.01
PAO,urb,d4,oil,20,2085,0.01
PAO,rur,d5,oil,20,2085,0.01
PAO,urb,d5,oil,20,2085,0.01
PAO,rur,d6,oil,20,2085,0.01
PAO,urb,d6,oil,20,2085,0.01
PAO,rur,d7,oil,20,2085,0.01
PAO,urb,d7,oil,20,2085,0.01
PAO,rur,d8,oil,20,2085,0.01
PAO,urb,d8,oil,20,2085,0.01
PAO,rur,d9,oil,20,2085,0.01
PAO,urb,d9,oil,20,2085,0.01
PAO,rur,d10,oil,20,2085,0.01
PAO,urb,d10,oil,20,2085,0.01
PAO,rur,d1,gas,20,2085,0.01
PAO,urb,d1,gas,20,2085,0.01
PAO,rur,d2,gas,20,2085,0.01
PAO,urb,d2,gas,20,2085,0.01
PAO,rur,d3,gas,20,2085,0.01
PAO,urb,d3,gas,20,2085,0.01
PAO,rur,d4,gas,20,2085,0.01
PAO,urb,d4,gas,20,2085,0.01
PAO,rur,d5,gas,20,2085,0.01
PAO,urb,d5,gas,20,2085,0.01
PAO,rur,d6,gas,20,2085,0.01
PAO,urb,d6,gas,20,2085,0.01
PAO,rur,d7,gas,20,2085,0.01
PAO,urb,d7,gas,20,2085,0.01
PAO,rur,d8,gas,20,2085,0.01
PAO,urb,d8,gas,20,2085,0.01
PAO,rur,d9,gas,20,2085,0.01
PAO,urb,d9,gas,20,2085,0.01
PAO,rur,d10,gas,20,2085,0.01
PAO,urb,d10,gas,20,2085,0.01
PAO,rur,d1,electricity,20,2085,0.01
PAO,urb,d1,electricity,20,2085,0.01
PAO,rur,d2,electricity,20,2085,0.01
PAO,urb,d2,electricity,20,2085,0.01
PAO,rur,d3,electricity,20,2085,0.01
PAO,urb,d3,electricity,20,2085,0.01
PAO,rur,d4,electricity,20,2085,0.01
PAO,urb,d4,electricity,20,2085,0.01
PAO,rur,d5,electricity,20,2085,0.01
PAO,urb,d5,electricity,20,2085,0.01
PAO,rur,d6,electricity,20,2085,0.01
PAO,urb,d6,electricity,20,2085,0.01
PAO,rur,d7,electricity,20,2085,0.01
PAO,urb,d7,electricity,20,2085,0.01
PAO,rur,d8,electricity,20,2085,0.01
PAO,urb,d8,electricity,20,2085,0.01
PAO,rur,d9,electricity,20,2085,0.01
PAO,urb,d9,electricity,20,2085,0.01
PAO,rur,d10,electricity,20,2085,0.01
PAO,urb,d10,electricity,20,2085,0.01
PAO,rur,d1,biomass_solid,20,2090,0.01
PAO,urb,d1,biomass_solid,20,2090,0.01
PAO,rur,d2,biomass_solid,20,2090,0.01
PAO,urb,d2,biomass_solid,20,2090,0.01
PAO,rur,d3,biomass_solid,20,2090,0.01
PAO,urb,d3,biomass_solid,20,2090,0.01
PAO,rur,d4,biomass_solid,20,2090,0.01
PAO,urb,d4,biomass_solid,20,2090,0.01
PAO,rur,d5,biomass_solid,20,2090,0.01
PAO,urb,d5,biomass_solid,20,2090,0.01
PAO,rur,d6,biomass_solid,20,2090,0.01
PAO,urb,d6,biomass_solid,20,2090,0.01
PAO,rur,d7,biomass_solid,20,2090,0.01
PAO,urb,d7,biomass_solid,20,2090,0.01
PAO,rur,d8,biomass_solid,20,2090,0.01
PAO,urb,d8,biomass_solid,20,2090,0.01
PAO,rur,d9,biomass_solid,20,2090,0.01
PAO,urb,d9,biomass_solid,20,2090,0.01
PAO,rur,d10,biomass_solid,20,2090,0.01
PAO,urb,d10,biomass_solid,20,2090,0.01
PAO,rur,d1,coal,20,2090,0.01
PAO,urb,d1,coal,20,2090,0.01
PAO,rur,d2,coal,20,2090,0.01
PAO,urb,d2,coal,20,2090,0.01
PAO,rur,d3,coal,20,2090,0.01
PAO,urb,d3,coal,20,2090,0.01
PAO,rur,d4,coal,20,2090,0.01
PAO,urb,d4,coal,20,2090,0.01
PAO,rur,d5,coal,20,2090,0.01
PAO,urb,d5,coal,20,2090,0.01
PAO,rur,d6,coal,20,2090,0.01
PAO,urb,d6,coal,20,2090,0.01
PAO,rur,d7,coal,20,2090,0.01
PAO,urb,d7,coal,20,2090,0.01
PAO,rur,d8,coal,20,2090,0.01
PAO,urb,d8,coal,20,2090,0.01
PAO,rur,d9,coal,20,2090,0.01
PAO,urb,d9,coal,20,2090,0.01
PAO,rur,d10,coal,20,2090,0.01
PAO,urb,d10,coal,20,2090,0.01
PAO,rur,d1,oil,20,2090,0.01
PAO,urb,d1,oil,20,2090,0.01
PAO,rur,d2,oil,20,2090,0.01
PAO,urb,d2,oil,20,2090,0.01
PAO,rur,d3,oil,20,2090,0.01
PAO,urb,d3,oil,20,2090,0.01
PAO,rur,d4,oil,20,2090,0.01
PAO,urb,d4,oil,20,2090,0.01
PAO,rur,d5,oil,20,2090,0.01
PAO,urb,d5,oil,20,2090,0.01
PAO,rur,d6,oil,20,2090,0.01
PAO,urb,d6,oil,20,2090,0.01
PAO,rur,d7,oil,20,2090,0.01
PAO,urb,d7,oil,20,2090,0.01
PAO,rur,d8,oil,20,2090,0.01
PAO,urb,d8,oil,20,2090,0.01
PAO,rur,d9,oil,20,2090,0.01
PAO,urb,d9,oil,20,2090,0.01
PAO,rur,d10,oil,20,2090,0.01
PAO,urb,d10,oil,20,2090,0.01
PAO,rur,d1,gas,20,2090,0.01
PAO,urb,d1,gas,20,2090,0.01
PAO,rur,d2,gas,20,2090,0.01
PAO,urb,d2,gas,20,2090,0.01
PAO,rur,d3,gas,20,2090,0.01
PAO,urb,d3,gas,20,2090,0.01
PAO,rur,d4,gas,20,2090,0.01
PAO,urb,d4,gas,20,2090,0.01
PAO,rur,d5,gas,20,2090,0.01
PAO,urb,d5,gas,20,2090,0.01
PAO,rur,d6,gas,20,2090,0.01
PAO,urb,d6,gas,20,2090,0.01
PAO,rur,d7,gas,20,2090,0.01
PAO,urb,d7,gas,20,2090,0.01
PAO,rur,d8,gas,20,2090,0.01
PAO,urb,d8,gas,20,2090,0.01
PAO,rur,d9,gas,20,2090,0.01
PAO,urb,d9,gas,20,2090,0.01
PAO,rur,d10,gas,20,2090,0.01
PAO,urb,d10,gas,20,2090,0.01
PAO,rur,d1,electricity,20,2090,0.01
PAO,urb,d1,electricity,20,2090,0.01
PAO,rur,d2,electricity,20,2090,0.01
PAO,urb,d2,electricity,20,2090,0.01
PAO,rur,d3,electricity,20,2090,0.01
PAO,urb,d3,electricity,20,2090,0.01
PAO,rur,d4,electricity,20,2090,0.01
PAO,urb,d4,electricity,20,2090,0.01
PAO,rur,d5,electricity,20,2090,0.01
PAO,urb,d5,electricity,20,2090,0.01
PAO,rur,d6,electricity,20,2090,0.01
PAO,urb,d6,electricity,20,2090,0.01
PAO,rur,d7,electricity,20,2090,0.01
PAO,urb,d7,electricity,20,2090,0.01
PAO,rur,d8,electricity,20,2090,0.01
PAO,urb,d8,electricity,20,2090,0.01
PAO,rur,d9,electricity,20,2090,0.01
PAO,urb,d9,electricity,20,2090,0.01
PAO,rur,d10,electricity,20,2090,0.01
PAO,urb,d10,electricity,20,2090,0.01
PAO,rur,d1,biomass_solid,20,2095,0.01
PAO,urb,d1,biomass_solid,20,2095,0.01
PAO,rur,d2,biomass_solid,20,2095,0.01
PAO,urb,d2,biomass_solid,20,2095,0.01
PAO,rur,d3,biomass_solid,20,2095,0.01
PAO,urb,d3,biomass_solid,20,2095,0.01
PAO,rur,d4,biomass_solid,20,2095,0.01
PAO,urb,d4,biomass_solid,20,2095,0.01
PAO,rur,d5,biomass_solid,20,2095,0.01
PAO,urb,d5,biomass_solid,20,2095,0.01
PAO,rur,d6,biomass_solid,20,2095,0.01
PAO,urb,d6,biomass_solid,20,2095,0.01
PAO,rur,d7,biomass_solid,20,2095,0.01
PAO,urb,d7,biomass_solid,20,2095,0.01
PAO,rur,d8,biomass_solid,20,2095,0.01
PAO,urb,d8,biomass_solid,20,2095,0.01
PAO,rur,d9,biomass_solid,20,2095,0.01
PAO,urb,d9,biomass_solid,20,2095,0.01
PAO,rur,d10,biomass_solid,20,2095,0.01
PAO,urb,d10,biomass_solid,20,2095,0.01
PAO,rur,d1,coal,20,2095,0.01
PAO,urb,d1,coal,20,2095,0.01
PAO,rur,d2,coal,20,2095,0.01
PAO,urb,d2,coal,20,2095,0.01
PAO,rur,d3,coal,20,2095,0.01
PAO,urb,d3,coal,20,2095,0.01
PAO,rur,d4,coal,20,2095,0.01
PAO,urb,d4,coal,20,2095,0.01
PAO,rur,d5,coal,20,2095,0.01
PAO,urb,d5,coal,20,2095,0.01
PAO,rur,d6,coal,20,2095,0.01
PAO,urb,d6,coal,20,2095,0.01
PAO,rur,d7,coal,20,2095,0.01
PAO,urb,d7,coal,20,2095,0.01
PAO,rur,d8,coal,20,2095,0.01
PAO,urb,d8,coal,20,2095,0.01
PAO,rur,d9,coal,20,2095,0.01
PAO,urb,d9,coal,20,2095,0.01
PAO,rur,d10,coal,20,2095,0.01
PAO,urb,d10,coal,20,2095,0.01
PAO,rur,d1,oil,20,2095,0.01
PAO,urb,d1,oil,20,2095,0.01
PAO,rur,d2,oil,20,2095,0.01
PAO,urb,d2,oil,20,2095,0.01
PAO,rur,d3,oil,20,2095,0.01
PAO,urb,d3,oil,20,2095,0.01
PAO,rur,d4,oil,20,2095,0.01
PAO,urb,d4,oil,20,2095,0.01
PAO,rur,d5,oil,20,2095,0.01
PAO,urb,d5,oil,20,2095,0.01
PAO,rur,d6,oil,20,2095,0.01
PAO,urb,d6,oil,20,2095,0.01
PAO,rur,d7,oil,20,2095,0.01
PAO,urb,d7,oil,20,2095,0.01
PAO,rur,d8,oil,20,2095,0.01
PAO,urb,d8,oil,20,2095,0.01
PAO,rur,d9,oil,20,2095,0.01
PAO,urb,d9,oil,20,2095,0.01
PAO,rur,d10,oil,20,2095,0.01
PAO,urb,d10,oil,20,2095,0.01
PAO,rur,d1,gas,20,2095,0.01
PAO,urb,d1,gas,20,2095,0.01
PAO,rur,d2,gas,20,2095,0.01
PAO,urb,d2,gas,20,2095,0.01
PAO,rur,d3,gas,20,2095,0.01
PAO,urb,d3,gas,20,2095,0.01
PAO,rur,d4,gas,20,2095,0.01
PAO,urb,d4,gas,20,2095,0.01
PAO,rur,d5,gas,20,2095,0.01
PAO,urb,d5,gas,20,2095,0.01
PAO,rur,d6,gas,20,2095,0.01
PAO,urb,d6,gas,20,2095,0.01
PAO,rur,d7,gas,20,2095,0.01
PAO,urb,d7,gas,20,2095,0.01
PAO,rur,d8,gas,20,2095,0.01
PAO,urb,d8,gas,20,2095,0.01
PAO,rur,d9,gas,20,2095,0.01
PAO,urb,d9,gas,20,2095,0.01
PAO,rur,d10,gas,20,2095,0.01
PAO,urb,d10,gas,20,2095,0.01
PAO,rur,d1,electricity,20,2095,0.01
PAO,urb,d1,electricity,20,2095,0.01
PAO,rur,d2,electricity,20,2095,0.01
PAO,urb,d2,electricity,20,2095,0.01
PAO,rur,d3,electricity,20,2095,0.01
PAO,urb,d3,electricity,20,2095,0.01
PAO,rur,d4,electricity,20,2095,0.01
PAO,urb,d4,electricity,20,2095,0.01
PAO,rur,d5,electricity,20,2095,0.01
PAO,urb,d5,electricity,20,2095,0.01
PAO,rur,d6,electricity,20,2095,0.01
PAO,urb,d6,electricity,20,2095,0.01
PAO,rur,d7,electricity,20,2095,0.01
PAO,urb,d7,electricity,20,2095,0.01
PAO,rur,d8,electricity,20,2095,0.01
PAO,urb,d8,electricity,20,2095,0.01
PAO,rur,d9,electricity,20,2095,0.01
PAO,urb,d9,electricity,20,2095,0.01
PAO,rur,d10,electricity,20,2095,0.01
PAO,urb,d10,electricity,20,2095,0.01
PAO,rur,d1,biomass_solid,20,2100,0.01
PAO,urb,d1,biomass_solid,20,2100,0.01
PAO,rur,d2,biomass_solid,20,2100,0.01
PAO,urb,d2,biomass_solid,20,2100,0.01
PAO,rur,d3,biomass_solid,20,2100,0.01
PAO,urb,d3,biomass_solid,20,2100,0.01
PAO,rur,d4,biomass_solid,20,2100,0.01
PAO,urb,d4,biomass_solid,20,2100,0.01
PAO,rur,d5,biomass_solid,20,2100,0.01
PAO,urb,d5,biomass_solid,20,2100,0.01
PAO,rur,d6,biomass_solid,20,2100,0.01
PAO,urb,d6,biomass_solid,20,2100,0.01
PAO,rur,d7,biomass_solid,20,2100,0.01
PAO,urb,d7,biomass_solid,20,2100,0.01
PAO,rur,d8,biomass_solid,20,2100,0.01
PAO,urb,d8,biomass_solid,20,2100,0.01
PAO,rur,d9,biomass_solid,20,2100,0.01
PAO,urb,d9,biomass_solid,20,2100,0.01
PAO,rur,d10,biomass_solid,20,2100,0.01
PAO,urb,d10,biomass_solid,20,2100,0.01
PAO,rur,d1,coal,20,2100,0.01
PAO,urb,d1,coal,20,2100,0.01
PAO,rur,d2,coal,20,2100,0.01
PAO,urb,d2,coal,20,2100,0.01
PAO,rur,d3,coal,20,2100,0.01
PAO,urb,d3,coal,20,2100,0.01
PAO,rur,d4,coal,20,2100,0.01
PAO,urb,d4,coal,20,2100,0.01
PAO,rur,d5,coal,20,2100,0.01
PAO,urb,d5,coal,20,2100,0.01
PAO,rur,d6,coal,20,2100,0.01
PAO,urb,d6,coal,20,2100,0.01
PAO,rur,d7,coal,20,2100,0.01
PAO,urb,d7,coal,20,2100,0.01
PAO,rur,d8,coal,20,2100,0.01
PAO,urb,d8,coal,20,2100,0.01
PAO,rur,d9,coal,20,2100,0.01
PAO,urb,d9,coal,20,2100,0.01
PAO,rur,d10,coal,20,2100,0.01
PAO,urb,d10,coal,20,2100,0.01
PAO,rur,d1,oil,20,2100,0.01
PAO,urb,d1,oil,20,2100,0.01
PAO,rur,d2,oil,20,2100,0.01
PAO,urb,d2,oil,20,2100,0.01
PAO,rur,d3,oil,20,2100,0.01
PAO,urb,d3,oil,20,2100,0.01
PAO,rur,d4,oil,20,2100,0.01
PAO,urb,d4,oil,20,2100,0.01
PAO,rur,d5,oil,20,2100,0.01
PAO,urb,d5,oil,20,2100,0.01
PAO,rur,d6,oil,20,2100,0.01
PAO,urb,d6,oil,20,2100,0.01
PAO,rur,d7,oil,20,2100,0.01
PAO,urb,d7,oil,20,2100,0.01
PAO,rur,d8,oil,20,2100,0.01
PAO,urb,d8,oil,20,2100,0.01
PAO,rur,d9,oil,20,2100,0.01
PAO,urb,d9,oil,20,2100,0.01
PAO,rur,d10,oil,20,2100,0.01
PAO,urb,d10,oil,20,2100,0.01
PAO,rur,d1,gas,20,2100,0.01
PAO,urb,d1,gas,20,2100,0.01
PAO,rur,d2,gas,20,2100,0.01
PAO,urb,d2,gas,20,2100,0.01
PAO,rur,d3,gas,20,2100,0.01
PAO,urb,d3,gas,20,2100,0.01
PAO,rur,d4,gas,20,2100,0.01
PAO,urb,d4,gas,20,2100,0.01
PAO,rur,d5,gas,20,2100,0.01
PAO,urb,d5,gas,20,2100,0.01
PAO,rur,d6,gas,20,2100,0.01
PAO,urb,d6,gas,20,2100,0.01
PAO,rur,d7,gas,20,2100,0.01
PAO,urb,d7,gas,20,2100,0.01
PAO,rur,d8,gas,20,2100,0.01
PAO,urb,d8,gas,20,2100,0.01
PAO,rur,d9,gas,20,2100,0.01
PAO,urb,d9,gas,20,2100,0.01
PAO,rur,d10,gas,20,2100,0.01
PAO,urb,d10,gas,20,2100,0.01
PAO,rur,d1,electricity,20,2100,0.01
PAO,urb,d1,electricity,20,2100,0.01
PAO,rur,d2,electricity,20,2100,0.01
PAO,urb,d2,electricity,20,2100,0.01
PAO,rur,d3,electricity,20,2100,0.01
PAO,urb,d3,electricity,20,2100,0.01
PAO,rur,d4,electricity,20,2100,0.01
PAO,urb,d4,electricity,20,2100,0.01
PAO,rur,d5,electricity,20,2100,0.01
PAO,urb,d5,electricity,20,2100,0.01
PAO,rur,d6,electricity,20,2100,0.01
PAO,urb,d6,electricity,20,2100,0.01
PAO,rur,d7,electricity,20,2100,0.01
PAO,urb,d7,electricity,20,2100,0.01
PAO,rur,d8,electricity,20,2100,0.01
PAO,urb,d8,electricity,20,2100,0.01
PAO,rur,d9,electricity,20,2100,0.01
PAO,urb,d9,electricity,20,2100,0.01
PAO,rur,d10,electricity,20,2100,0.01
PAO,urb,d10,electricity,20,2100,0.01
FSU,rur,d1,biomass_solid,20,2020,0.01
FSU,urb,d1,biomass_solid,20,2020,0.01
FSU,rur,d2,biomass_solid,20,2020,0.01
FSU,urb,d2,biomass_solid,20,2020,0.01
FSU,rur,d3,biomass_solid,20,2020,0.01
FSU,urb,d3,biomass_solid,20,2020,0.01
FSU,rur,d4,biomass_solid,20,2020,0.01
FSU,urb,d4,biomass_solid,20,2020,0.01
FSU,rur,d5,biomass_solid,20,2020,0.01
FSU,urb,d5,biomass_solid,20,2020,0.01
FSU,rur,d6,biomass_solid,20,2020,0.01
FSU,urb,d6,biomass_solid,20,2020,0.01
FSU,rur,d7,biomass_solid,20,2020,0.01
FSU,urb,d7,biomass_solid,20,2020,0.01
FSU,rur,d8,biomass_solid,20,2020,0.01
FSU,urb,d8,biomass_solid,20,2020,0.01
FSU,rur,d9,biomass_solid,20,2020,0.01
FSU,urb,d9,biomass_solid,20,2020,0.01
FSU,rur,d10,biomass_solid,20,2020,0.01
FSU,urb,d10,biomass_solid,20,2020,0.01
FSU,rur,d1,coal,20,2020,0.01
FSU,urb,d1,coal,20,2020,0.01
FSU,rur,d2,coal,20,2020,0.01
FSU,urb,d2,coal,20,2020,0.01
FSU,rur,d3,coal,20,2020,0.01
FSU,urb,d3,coal,20,2020,0.01
FSU,rur,d4,coal,20,2020,0.01
FSU,urb,d4,coal,20,2020,0.01
FSU,rur,d5,coal,20,2020,0.01
FSU,urb,d5,coal,20,2020,0.01
FSU,rur,d6,coal,20,2020,0.01
FSU,urb,d6,coal,20,2020,0.01
FSU,rur,d7,coal,20,2020,0.01
FSU,urb,d7,coal,20,2020,0.01
FSU,rur,d8,coal,20,2020,0.01
FSU,urb,d8,coal,20,2020,0.01
FSU,rur,d9,coal,20,2020,0.01
FSU,urb,d9,coal,20,2020,0.01
FSU,rur,d10,coal,20,2020,0.01
FSU,urb,d10,coal,20,2020,0.01
FSU,rur,d1,oil,20,2020,0.01
FSU,urb,d1,oil,20,2020,0.01
FSU,rur,d2,oil,20,2020,0.01
FSU,urb,d2,oil,20,2020,0.01
FSU,rur,d3,oil,20,2020,0.01
FSU,urb,d3,oil,20,2020,0.01
FSU,rur,d4,oil,20,2020,0.01
FSU,urb,d4,oil,20,2020,0.01
FSU,rur,d5,oil,20,2020,0.01
FSU,urb,d5,oil,20,2020,0.01
FSU,rur,d6,oil,20,2020,0.01
FSU,urb,d6,oil,20,2020,0.01
FSU,rur,d7,oil,20,2020,0.01
FSU,urb,d7,oil,20,2020,0.01
FSU,rur,d8,oil,20,2020,0.01
FSU,urb,d8,oil,20,2020,0.01
FSU,rur,d9,oil,20,2020,0.01
FSU,urb,d9,oil,20,2020,0.01
FSU,rur,d10,oil,20,2020,0.01
FSU,urb,d10,oil,20,2020,0.01
FSU,rur,d1,gas,20,2020,0.01
FSU,urb,d1,gas,20,2020,0.01
FSU,rur,d2,gas,20,2020,0.01
FSU,urb,d2,gas,20,2020,0.01
FSU,rur,d3,gas,20,2020,0.01
FSU,urb,d3,gas,20,2020,0.01
FSU,rur,d4,gas,20,2020,0.01
FSU,urb,d4,gas,20,2020,0.01
FSU,rur,d5,gas,20,2020,0.01
FSU,urb,d5,gas,20,2020,0.01
FSU,rur,d6,gas,20,2020,0.01
FSU,urb,d6,gas,20,2020,0.01
FSU,rur,d7,gas,20,2020,0.01
FSU,urb,d7,gas,20,2020,0.01
FSU,rur,d8,gas,20,2020,0.01
FSU,urb,d8,gas,20,2020,0.01
FSU,rur,d9,gas,20,2020,0.01
FSU,urb,d9,gas,20,2020,0.01
FSU,rur,d10,gas,20,2020,0.01
FSU,urb,d10,gas,20,2020,0.01
FSU,rur,d1,electricity,20,2020,0.01
FSU,urb,d1,electricity,20,2020,0.01
FSU,rur,d2,electricity,20,2020,0.01
FSU,urb,d2,electricity,20,2020,0.01
FSU,rur,d3,electricity,20,2020,0.01
FSU,urb,d3,electricity,20,2020,0.01
FSU,rur,d4,electricity,20,2020,0.01
FSU,urb,d4,electricity,20,2020,0.01
FSU,rur,d5,electricity,20,2020,0.01
FSU,urb,d5,electricity,20,2020,0.01
FSU,rur,d6,electricity,20,2020,0.01
FSU,urb,d6,electricity,20,2020,0.01
FSU,rur,d7,electricity,20,2020,0.01
FSU,urb,d7,electricity,20,2020,0.01
FSU,rur,d8,electricity,20,2020,0.01
FSU,urb,d8,electricity,20,2020,0.01
FSU,rur,d9,electricity,20,2020,0.01
FSU,urb,d9,electricity,20,2020,0.01
FSU,rur,d10,electricity,20,2020,0.01
FSU,urb,d10,electricity,20,2020,0.01
FSU,rur,d1,biomass_solid,20,2025,0.01
FSU,urb,d1,biomass_solid,20,2025,0.01
FSU,rur,d2,biomass_solid,20,2025,0.01
FSU,urb,d2,biomass_solid,20,2025,0.01
FSU,rur,d3,biomass_solid,20,2025,0.01
FSU,urb,d3,biomass_solid,20,2025,0.01
FSU,rur,d4,biomass_solid,20,2025,0.01
FSU,urb,d4,biomass_solid,20,2025,0.01
FSU,rur,d5,biomass_solid,20,2025,0.01
FSU,urb,d5,biomass_solid,20,2025,0.01
FSU,rur,d6,biomass_solid,20,2025,0.01
FSU,urb,d6,biomass_solid,20,2025,0.01
FSU,rur,d7,biomass_solid,20,2025,0.01
FSU,urb,d7,biomass_solid,20,2025,0.01
FSU,rur,d8,biomass_solid,20,2025,0.01
FSU,urb,d8,biomass_solid,20,2025,0.01
FSU,rur,d9,biomass_solid,20,2025,0.01
FSU,urb,d9,biomass_solid,20,2025,0.01
FSU,rur,d10,biomass_solid,20,2025,0.01
FSU,urb,d10,biomass_solid,20,2025,0.01
FSU,rur,d1,coal,20,2025,0.01
FSU,urb,d1,coal,20,2025,0.01
FSU,rur,d2,coal,20,2025,0.01
FSU,urb,d2,coal,20,2025,0.01
FSU,rur,d3,coal,20,2025,0.01
FSU,urb,d3,coal,20,2025,0.01
FSU,rur,d4,coal,20,2025,0.01
FSU,urb,d4,coal,20,2025,0.01
FSU,rur,d5,coal,20,2025,0.01
FSU,urb,d5,coal,20,2025,0.01
FSU,rur,d6,coal,20,2025,0.01
FSU,urb,d6,coal,20,2025,0.01
FSU,rur,d7,coal,20,2025,0.01
FSU,urb,d7,coal,20,2025,0.01
FSU,rur,d8,coal,20,2025,0.01
FSU,urb,d8,coal,20,2025,0.01
FSU,rur,d9,coal,20,2025,0.01
FSU,urb,d9,coal,20,2025,0.01
FSU,rur,d10,coal,20,2025,0.01
FSU,urb,d10,coal,20,2025,0.01
FSU,rur,d1,oil,20,2025,0.01
FSU,urb,d1,oil,20,2025,0.01
FSU,rur,d2,oil,20,2025,0.01
FSU,urb,d2,oil,20,2025,0.01
FSU,rur,d3,oil,20,2025,0.01
FSU,urb,d3,oil,20,2025,0.01
FSU,rur,d4,oil,20,2025,0.01
FSU,urb,d4,oil,20,2025,0.01
FSU,rur,d5,oil,20,2025,0.01
FSU,urb,d5,oil,20,2025,0.01
FSU,rur,d6,oil,20,2025,0.01
FSU,urb,d6,oil,20,2025,0.01
FSU,rur,d7,oil,20,2025,0.01
FSU,urb,d7,oil,20,2025,0.01
FSU,rur,d8,oil,20,2025,0.01
FSU,urb,d8,oil,20,2025,0.01
FSU,rur,d9,oil,20,2025,0.01
FSU,urb,d9,oil,20,2025,0.01
FSU,rur,d10,oil,20,2025,0.01
FSU,urb,d10,oil,20,2025,0.01
FSU,rur,d1,gas,20,2025,0.01
FSU,urb,d1,gas,20,2025,0.01
FSU,rur,d2,gas,20,2025,0.01
FSU,urb,d2,gas,20,2025,0.01
FSU,rur,d3,gas,20,2025,0.01
FSU,urb,d3,gas,20,2025,0.01
FSU,rur,d4,gas,20,2025,0.01
FSU,urb,d4,gas,20,2025,0.01
FSU,rur,d5,gas,20,2025,0.01
FSU,urb,d5,gas,20,2025,0.01
FSU,rur,d6,gas,20,2025,0.01
FSU,urb,d6,gas,20,2025,0.01
FSU,rur,d7,gas,20,2025,0.01
FSU,urb,d7,gas,20,2025,0.01
FSU,rur,d8,gas,20,2025,0.01
FSU,urb,d8,gas,20,2025,0.01
FSU,rur,d9,gas,20,2025,0.01
FSU,urb,d9,gas,20,2025,0.01
FSU,rur,d10,gas,20,2025,0.01
FSU,urb,d10,gas,20,2025,0.01
FSU,rur,d1,electricity,20,2025,0.01
FSU,urb,d1,electricity,20,2025,0.01
FSU,rur,d2,electricity,20,2025,0.01
FSU,urb,d2,electricity,20,2025,0.01
FSU,rur,d3,electricity,20,2025,0.01
FSU,urb,d3,electricity,20,2025,0.01
FSU,rur,d4,electricity,20,2025,0.01
FSU,urb,d4,electricity,20,2025,0.01
FSU,rur,d5,electricity,20,2025,0.01
FSU,urb,d5,electricity,20,2025,0.01
FSU,rur,d6,electricity,20,2025,0.01
FSU,urb,d6,electricity,20,2025,0.01
FSU,rur,d7,electricity,20,2025,0.01
FSU,urb,d7,electricity,20,2025,0.01
FSU,rur,d8,electricity,20,2025,0.01
FSU,urb,d8,electricity,20,2025,0.01
FSU,rur,d9,electricity,20,2025,0.01
FSU,urb,d9,electricity,20,2025,0.01
FSU,rur,d10,electricity,20,2025,0.01
FSU,urb,d10,electricity,20,2025,0.01
FSU,rur,d1,biomass_solid,20,2030,0.01
FSU,urb,d1,biomass_solid,20,2030,0.01
FSU,rur,d2,biomass_solid,20,2030,0.01
FSU,urb,d2,biomass_solid,20,2030,0.01
FSU,rur,d3,biomass_solid,20,2030,0.01
FSU,urb,d3,biomass_solid,20,2030,0.01
FSU,rur,d4,biomass_solid,20,2030,0.01
FSU,urb,d4,biomass_solid,20,2030,0.01
FSU,rur,d5,biomass_solid,20,2030,0.01
FSU,urb,d5,biomass_solid,20,2030,0.01
FSU,rur,d6,biomass_solid,20,2030,0.01
FSU,urb,d6,biomass_solid,20,2030,0.01
FSU,rur,d7,biomass_solid,20,2030,0.01
FSU,urb,d7,biomass_solid,20,2030,0.01
FSU,rur,d8,biomass_solid,20,2030,0.01
FSU,urb,d8,biomass_solid,20,2030,0.01
FSU,rur,d9,biomass_solid,20,2030,0.01
FSU,urb,d9,biomass_solid,20,2030,0.01
FSU,rur,d10,biomass_solid,20,2030,0.01
FSU,urb,d10,biomass_solid,20,2030,0.01
FSU,rur,d1,coal,20,2030,0.01
FSU,urb,d1,coal,20,2030,0.01
FSU,rur,d2,coal,20,2030,0.01
FSU,urb,d2,coal,20,2030,0.01
FSU,rur,d3,coal,20,2030,0.01
FSU,urb,d3,coal,20,2030,0.01
FSU,rur,d4,coal,20,2030,0.01
FSU,urb,d4,coal,20,2030,0.01
FSU,rur,d5,coal,20,2030,0.01
FSU,urb,d5,coal,20,2030,0.01
FSU,rur,d6,coal,20,2030,0.01
FSU,urb,d6,coal,20,2030,0.01
FSU,rur,d7,coal,20,2030,0.01
FSU,urb,d7,coal,20,2030,0.01
FSU,rur,d8,coal,20,2030,0.01
FSU,urb,d8,coal,20,2030,0.01
FSU,rur,d9,coal,20,2030,0.01
FSU,urb,d9,coal,20,2030,0.01
FSU,rur,d10,coal,20,2030,0.01
FSU,urb,d10,coal,20,2030,0.01
FSU,rur,d1,oil,20,2030,0.01
FSU,urb,d1,oil,20,2030,0.01
FSU,rur,d2,oil,20,2030,0.01
FSU,urb,d2,oil,20,2030,0.01
FSU,rur,d3,oil,20,2030,0.01
FSU,urb,d3,oil,20,2030,0.01
FSU,rur,d4,oil,20,2030,0.01
FSU,urb,d4,oil,20,2030,0.01
FSU,rur,d5,oil,20,2030,0.01
FSU,urb,d5,oil,20,2030,0.01
FSU,rur,d6,oil,20,2030,0.01
FSU,urb,d6,oil,20,2030,0.01
FSU,rur,d7,oil,20,2030,0.01
FSU,urb,d7,oil,20,2030,0.01
FSU,rur,d8,oil,20,2030,0.01
FSU,urb,d8,oil,20,2030,0.01
FSU,rur,d9,oil,20,2030,0.01
FSU,urb,d9,oil,20,2030,0.01
FSU,rur,d10,oil,20,2030,0.01
FSU,urb,d10,oil,20,2030,0.01
FSU,rur,d1,gas,20,2030,0.01
FSU,urb,d1,gas,20,2030,0.01
FSU,rur,d2,gas,20,2030,0.01
FSU,urb,d2,gas,20,2030,0.01
FSU,rur,d3,gas,20,2030,0.01
FSU,urb,d3,gas,20,2030,0.01
FSU,rur,d4,gas,20,2030,0.01
FSU,urb,d4,gas,20,2030,0.01
FSU,rur,d5,gas,20,2030,0.01
FSU,urb,d5,gas,20,2030,0.01
FSU,rur,d6,gas,20,2030,0.01
FSU,urb,d6,gas,20,2030,0.01
FSU,rur,d7,gas,20,2030,0.01
FSU,urb,d7,gas,20,2030,0.01
FSU,rur,d8,gas,20,2030,0.01
FSU,urb,d8,gas,20,2030,0.01
FSU,rur,d9,gas,20,2030,0.01
FSU,urb,d9,gas,20,2030,0.01
FSU,rur,d10,gas,20,2030,0.01
FSU,urb,d10,gas,20,2030,0.01
FSU,rur,d1,electricity,20,2030,0.01
FSU,urb,d1,electricity,20,2030,0.01
FSU,rur,d2,electricity,20,2030,0.01
FSU,urb,d2,electricity,20,2030,0.01
FSU,rur,d3,electricity,20,2030,0.01
FSU,urb,d3,electricity,20,2030,0.01
FSU,rur,d4,electricity,20,2030,0.01
FSU,urb,d4,electricity,20,2030,0.01
FSU,rur,d5,electricity,20,2030,0.01
FSU,urb,d5,electricity,20,2030,0.01
FSU,rur,d6,electricity,20,2030,0.01
FSU,urb,d6,electricity,20,2030,0.01
FSU,rur,d7,electricity,20,2030,0.01
FSU,urb,d7,electricity,20,2030,0.01
FSU,rur,d8,electricity,20,2030,0.01
FSU,urb,d8,electricity,20,2030,0.01
FSU,rur,d9,electricity,20,2030,0.01
FSU,urb,d9,electricity,20,2030,0.01
FSU,rur,d10,electricity,20,2030,0.01
FSU,urb,d10,electricity,20,2030,0.01
FSU,rur,d1,biomass_solid,20,2035,0.01
FSU,urb,d1,biomass_solid,20,2035,0.01
FSU,rur,d2,biomass_solid,20,2035,0.01
FSU,urb,d2,biomass_solid,20,2035,0.01
FSU,rur,d3,biomass_solid,20,2035,0.01
FSU,urb,d3,biomass_solid,20,2035,0.01
FSU,rur,d4,biomass_solid,20,2035,0.01
FSU,urb,d4,biomass_solid,20,2035,0.01
FSU,rur,d5,biomass_solid,20,2035,0.01
FSU,urb,d5,biomass_solid,20,2035,0.01
FSU,rur,d6,biomass_solid,20,2035,0.01
FSU,urb,d6,biomass_solid,20,2035,0.01
FSU,rur,d7,biomass_solid,20,2035,0.01
FSU,urb,d7,biomass_solid,20,2035,0.01
FSU,rur,d8,biomass_solid,20,2035,0.01
FSU,urb,d8,biomass_solid,20,2035,0.01
FSU,rur,d9,biomass_solid,20,2035,0.01
FSU,urb,d9,biomass_solid,20,2035,0.01
FSU,rur,d10,biomass_solid,20,2035,0.01
FSU,urb,d10,biomass_solid,20,2035,0.01
FSU,rur,d1,coal,20,2035,0.01
FSU,urb,d1,coal,20,2035,0.01
FSU,rur,d2,coal,20,2035,0.01
FSU,urb,d2,coal,20,2035,0.01
FSU,rur,d3,coal,20,2035,0.01
FSU,urb,d3,coal,20,2035,0.01
FSU,rur,d4,coal,20,2035,0.01
FSU,urb,d4,coal,20,2035,0.01
FSU,rur,d5,coal,20,2035,0.01
FSU,urb,d5,coal,20,2035,0.01
FSU,rur,d6,coal,20,2035,0.01
FSU,urb,d6,coal,20,2035,0.01
FSU,rur,d7,coal,20,2035,0.01
FSU,urb,d7,coal,20,2035,0.01
FSU,rur,d8,coal,20,2035,0.01
FSU,urb,d8,coal,20,2035,0.01
FSU,rur,d9,coal,20,2035,0.01
FSU,urb,d9,coal,20,2035,0.01
FSU,rur,d10,coal,20,2035,0.01
FSU,urb,d10,coal,20,2035,0.01
FSU,rur,d1,oil,20,2035,0.01
FSU,urb,d1,oil,20,2035,0.01
FSU,rur,d2,oil,20,2035,0.01
FSU,urb,d2,oil,20,2035,0.01
FSU,rur,d3,oil,20,2035,0.01
FSU,urb,d3,oil,20,2035,0.01
FSU,rur,d4,oil,20,2035,0.01
FSU,urb,d4,oil,20,2035,0.01
FSU,rur,d5,oil,20,2035,0.01
FSU,urb,d5,oil,20,2035,0.01
FSU,rur,d6,oil,20,2035,0.01
FSU,urb,d6,oil,20,2035,0.01
FSU,rur,d7,oil,20,2035,0.01
FSU,urb,d7,oil,20,2035,0.01
FSU,rur,d8,oil,20,2035,0.01
FSU,urb,d8,oil,20,2035,0.01
FSU,rur,d9,oil,20,2035,0.01
FSU,urb,d9,oil,20,2035,0.01
FSU,rur,d10,oil,20,2035,0.01
FSU,urb,d10,oil,20,2035,0.01
FSU,rur,d1,gas,20,2035,0.01
FSU,urb,d1,gas,20,2035,0.01
FSU,rur,d2,gas,20,2035,0.01
FSU,urb,d2,gas,20,2035,0.01
FSU,rur,d3,gas,20,2035,0.01
FSU,urb,d3,gas,20,2035,0.01
FSU,rur,d4,gas,20,2035,0.01
FSU,urb,d4,gas,20,2035,0.01
FSU,rur,d5,gas,20,2035,0.01
FSU,urb,d5,gas,20,2035,0.01
FSU,rur,d6,gas,20,2035,0.01
FSU,urb,d6,gas,20,2035,0.01
FSU,rur,d7,gas,20,2035,0.01
FSU,urb,d7,gas,20,2035,0.01
FSU,rur,d8,gas,20,2035,0.01
FSU,urb,d8,gas,20,2035,0.01
FSU,rur,d9,gas,20,2035,0.01
FSU,urb,d9,gas,20,2035,0.01
FSU,rur,d10,gas,20,2035,0.01
FSU,urb,d10,gas,20,2035,0.01
FSU,rur,d1,electricity,20,2035,0.01
FSU,urb,d1,electricity,20,2035,0.01
FSU,rur,d2,electricity,20,2035,0.01
FSU,urb,d2,electricity,20,2035,0.01
FSU,rur,d3,electricity,20,2035,0.01
FSU,urb,d3,electricity,20,2035,0.01
FSU,rur,d4,electricity,20,2035,0.01
FSU,urb,d4,electricity,20,2035,0.01
FSU,rur,d5,electricity,20,2035,0.01
FSU,urb,d5,electricity,20,2035,0.01
FSU,rur,d6,electricity,20,2035,0.01
FSU,urb,d6,electricity,20,2035,0.01
FSU,rur,d7,electricity,20,2035,0.01
FSU,urb,d7,electricity,20,2035,0.01
FSU,rur,d8,electricity,20,2035,0.01
FSU,urb,d8,electricity,20,2035,0.01
FSU,rur,d9,electricity,20,2035,0.01
FSU,urb,d9,electricity,20,2035,0.01
FSU,rur,d10,electricity,20,2035,0.01
FSU,urb,d10,electricity,20,2035,0.01
FSU,rur,d1,biomass_solid,20,2040,0.01
FSU,urb,d1,biomass_solid,20,2040,0.01
FSU,rur,d2,biomass_solid,20,2040,0.01
FSU,urb,d2,biomass_solid,20,2040,0.01
FSU,rur,d3,biomass_solid,20,2040,0.01
FSU,urb,d3,biomass_solid,20,2040,0.01
FSU,rur,d4,biomass_solid,20,2040,0.01
FSU,urb,d4,biomass_solid,20,2040,0.01
FSU,rur,d5,biomass_solid,20,2040,0.01
FSU,urb,d5,biomass_solid,20,2040,0.01
FSU,rur,d6,biomass_solid,20,2040,0.01
FSU,urb,d6,biomass_solid,20,2040,0.01
FSU,rur,d7,biomass_solid,20,2040,0.01
FSU,urb,d7,biomass_solid,20,2040,0.01
FSU,rur,d8,biomass_solid,20,2040,0.01
FSU,urb,d8,biomass_solid,20,2040,0.01
FSU,rur,d9,biomass_solid,20,2040,0.01
FSU,urb,d9,biomass_solid,20,2040,0.01
FSU,rur,d10,biomass_solid,20,2040,0.01
FSU,urb,d10,biomass_solid,20,2040,0.01
FSU,rur,d1,coal,20,2040,0.01
FSU,urb,d1,coal,20,2040,0.01
FSU,rur,d2,coal,20,2040,0.01
FSU,urb,d2,coal,20,2040,0.01
FSU,rur,d3,coal,20,2040,0.01
FSU,urb,d3,coal,20,2040,0.01
FSU,rur,d4,coal,20,2040,0.01
FSU,urb,d4,coal,20,2040,0.01
FSU,rur,d5,coal,20,2040,0.01
FSU,urb,d5,coal,20,2040,0.01
FSU,rur,d6,coal,20,2040,0.01
FSU,urb,d6,coal,20,2040,0.01
FSU,rur,d7,coal,20,2040,0.01
FSU,urb,d7,coal,20,2040,0.01
FSU,rur,d8,coal,20,2040,0.01
FSU,urb,d8,coal,20,2040,0.01
FSU,rur,d9,coal,20,2040,0.01
FSU,urb,d9,coal,20,2040,0.01
FSU,rur,d10,coal,20,2040,0.01
FSU,urb,d10,coal,20,2040,0.01
FSU,rur,d1,oil,20,2040,0.01
FSU,urb,d1,oil,20,2040,0.01
FSU,rur,d2,oil,20,2040,0.01
FSU,urb,d2,oil,20,2040,0.01
FSU,rur,d3,oil,20,2040,0.01
FSU,urb,d3,oil,20,2040,0.01
FSU,rur,d4,oil,20,2040,0.01
FSU,urb,d4,oil,20,2040,0.01
FSU,rur,d5,oil,20,2040,0.01
FSU,urb,d5,oil,20,2040,0.01
FSU,rur,d6,oil,20,2040,0.01
FSU,urb,d6,oil,20,2040,0.01
FSU,rur,d7,oil,20,2040,0.01
FSU,urb,d7,oil,20,2040,0.01
FSU,rur,d8,oil,20,2040,0.01
FSU,urb,d8,oil,20,2040,0.01
FSU,rur,d9,oil,20,2040,0.01
FSU,urb,d9,oil,20,2040,0.01
FSU,rur,d10,oil,20,2040,0.01
FSU,urb,d10,oil,20,2040,0.01
FSU,rur,d1,gas,20,2040,0.01
FSU,urb,d1,gas,20,2040,0.01
FSU,rur,d2,gas,20,2040,0.01
FSU,urb,d2,gas,20,2040,0.01
FSU,rur,d3,gas,20,2040,0.01
FSU,urb,d3,gas,20,2040,0.01
FSU,rur,d4,gas,20,2040,0.01
FSU,urb,d4,gas,20,2040,0.01
FSU,rur,d5,gas,20,2040,0.01
FSU,urb,d5,gas,20,2040,0.01
FSU,rur,d6,gas,20,2040,0.01
FSU,urb,d6,gas,20,2040,0.01
FSU,rur,d7,gas,20,2040,0.01
FSU,urb,d7,gas,20,2040,0.01
FSU,rur,d8,gas,20,2040,0.01
FSU,urb,d8,gas,20,2040,0.01
FSU,rur,d9,gas,20,2040,0.01
FSU,urb,d9,gas,20,2040,0.01
FSU,rur,d10,gas,20,2040,0.01
FSU,urb,d10,gas,20,2040,0.01
FSU,rur,d1,electricity,20,2040,0.01
FSU,urb,d1,electricity,20,2040,0.01
FSU,rur,d2,electricity,20,2040,0.01
FSU,urb,d2,electricity,20,2040,0.01
FSU,rur,d3,electricity,20,2040,0.01
FSU,urb,d3,electricity,20,2040,0.01
FSU,rur,d4,electricity,20,2040,0.01
FSU,urb,d4,electricity,20,2040,0.01
FSU,rur,d5,electricity,20,2040,0.01
FSU,urb,d5,electricity,20,2040,0.01
FSU,rur,d6,electricity,20,2040,0.01
FSU,urb,d6,electricity,20,2040,0.01
FSU,rur,d7,electricity,20,2040,0.01
FSU,urb,d7,electricity,20,2040,0.01
FSU,rur,d8,electricity,20,2040,0.01
FSU,urb,d8,electricity,20,2040,0.01
FSU,rur,d9,electricity,20,2040,0.01
FSU,urb,d9,electricity,20,2040,0.01
FSU,rur,d10,electricity,20,2040,0.01
FSU,urb,d10,electricity,20,2040,0.01
FSU,rur,d1,biomass_solid,20,2045,0.01
FSU,urb,d1,biomass_solid,20,2045,0.01
FSU,rur,d2,biomass_solid,20,2045,0.01
FSU,urb,d2,biomass_solid,20,2045,0.01
FSU,rur,d3,biomass_solid,20,2045,0.01
FSU,urb,d3,biomass_solid,20,2045,0.01
FSU,rur,d4,biomass_solid,20,2045,0.01
FSU,urb,d4,biomass_solid,20,2045,0.01
FSU,rur,d5,biomass_solid,20,2045,0.01
FSU,urb,d5,biomass_solid,20,2045,0.01
FSU,rur,d6,biomass_solid,20,2045,0.01
FSU,urb,d6,biomass_solid,20,2045,0.01
FSU,rur,d7,biomass_solid,20,2045,0.01
FSU,urb,d7,biomass_solid,20,2045,0.01
FSU,rur,d8,biomass_solid,20,2045,0.01
FSU,urb,d8,biomass_solid,20,2045,0.01
FSU,rur,d9,biomass_solid,20,2045,0.01
FSU,urb,d9,biomass_solid,20,2045,0.01
FSU,rur,d10,biomass_solid,20,2045,0.01
FSU,urb,d10,biomass_solid,20,2045,0.01
FSU,rur,d1,coal,20,2045,0.01
FSU,urb,d1,coal,20,2045,0.01
FSU,rur,d2,coal,20,2045,0.01
FSU,urb,d2,coal,20,2045,0.01
FSU,rur,d3,coal,20,2045,0.01
FSU,urb,d3,coal,20,2045,0.01
FSU,rur,d4,coal,20,2045,0.01
FSU,urb,d4,coal,20,2045,0.01
FSU,rur,d5,coal,20,2045,0.01
FSU,urb,d5,coal,20,2045,0.01
FSU,rur,d6,coal,20,2045,0.01
FSU,urb,d6,coal,20,2045,0.01
FSU,rur,d7,coal,20,2045,0.01
FSU,urb,d7,coal,20,2045,0.01
FSU,rur,d8,coal,20,2045,0.01
FSU,urb,d8,coal,20,2045,0.01
FSU,rur,d9,coal,20,2045,0.01
FSU,urb,d9,coal,20,2045,0.01
FSU,rur,d10,coal,20,2045,0.01
FSU,urb,d10,coal,20,2045,0.01
FSU,rur,d1,oil,20,2045,0.01
FSU,urb,d1,oil,20,2045,0.01
FSU,rur,d2,oil,20,2045,0.01
FSU,urb,d2,oil,20,2045,0.01
FSU,rur,d3,oil,20,2045,0.01
FSU,urb,d3,oil,20,2045,0.01
FSU,rur,d4,oil,20,2045,0.01
FSU,urb,d4,oil,20,2045,0.01
FSU,rur,d5,oil,20,2045,0.01
FSU,urb,d5,oil,20,2045,0.01
FSU,rur,d6,oil,20,2045,0.01
FSU,urb,d6,oil,20,2045,0.01
FSU,rur,d7,oil,20,2045,0.01
FSU,urb,d7,oil,20,2045,0.01
FSU,rur,d8,oil,20,2045,0.01
FSU,urb,d8,oil,20,2045,0.01
FSU,rur,d9,oil,20,2045,0.01
FSU,urb,d9,oil,20,2045,0.01
FSU,rur,d10,oil,20,2045,0.01
FSU,urb,d10,oil,20,2045,0.01
FSU,rur,d1,gas,20,2045,0.01
FSU,urb,d1,gas,20,2045,0.01
FSU,rur,d2,gas,20,2045,0.01
FSU,urb,d2,gas,20,2045,0.01
FSU,rur,d3,gas,20,2045,0.01
FSU,urb,d3,gas,20,2045,0.01
FSU,rur,d4,gas,20,2045,0.01
FSU,urb,d4,gas,20,2045,0.01
FSU,rur,d5,gas,20,2045,0.01
FSU,urb,d5,gas,20,2045,0.01
FSU,rur,d6,gas,20,2045,0.01
FSU,urb,d6,gas,20,2045,0.01
FSU,rur,d7,gas,20,2045,0.01
FSU,urb,d7,gas,20,2045,0.01
FSU,rur,d8,gas,20,2045,0.01
FSU,urb,d8,gas,20,2045,0.01
FSU,rur,d9,gas,20,2045,0.01
FSU,urb,d9,gas,20,2045,0.01
FSU,rur,d10,gas,20,2045,0.01
FSU,urb,d10,gas,20,2045,0.01
FSU,rur,d1,electricity,20,2045,0.01
FSU,urb,d1,electricity,20,2045,0.01
FSU,rur,d2,electricity,20,2045,0.01
FSU,urb,d2,electricity,20,2045,0.01
FSU,rur,d3,electricity,20,2045,0.01
FSU,urb,d3,electricity,20,2045,0.01
FSU,rur,d4,electricity,20,2045,0.01
FSU,urb,d4,electricity,20,2045,0.01
FSU,rur,d5,electricity,20,2045,0.01
FSU,urb,d5,electricity,20,2045,0.01
FSU,rur,d6,electricity,20,2045,0.01
FSU,urb,d6,electricity,20,2045,0.01
FSU,rur,d7,electricity,20,2045,0.01
FSU,urb,d7,electricity,20,2045,0.01
FSU,rur,d8,electricity,20,2045,0.01
FSU,urb,d8,electricity,20,2045,0.01
FSU,rur,d9,electricity,20,2045,0.01
FSU,urb,d9,electricity,20,2045,0.01
FSU,rur,d10,electricity,20,2045,0.01
FSU,urb,d10,electricity,20,2045,0.01
FSU,rur,d1,biomass_solid,20,2050,0.01
FSU,urb,d1,biomass_solid,20,2050,0.01
FSU,rur,d2,biomass_solid,20,2050,0.01
FSU,urb,d2,biomass_solid,20,2050,0.01
FSU,rur,d3,biomass_solid,20,2050,0.01
FSU,urb,d3,biomass_solid,20,2050,0.01
FSU,rur,d4,biomass_solid,20,2050,0.01
FSU,urb,d4,biomass_solid,20,2050,0.01
FSU,rur,d5,biomass_solid,20,2050,0.01
FSU,urb,d5,biomass_solid,20,2050,0.01
FSU,rur,d6,biomass_solid,20,2050,0.01
FSU,urb,d6,biomass_solid,20,2050,0.01
FSU,rur,d7,biomass_solid,20,2050,0.01
FSU,urb,d7,biomass_solid,20,2050,0.01
FSU,rur,d8,biomass_solid,20,2050,0.01
FSU,urb,d8,biomass_solid,20,2050,0.01
FSU,rur,d9,biomass_solid,20,2050,0.01
FSU,urb,d9,biomass_solid,20,2050,0.01
FSU,rur,d10,biomass_solid,20,2050,0.01
FSU,urb,d10,biomass_solid,20,2050,0.01
FSU,rur,d1,coal,20,2050,0.01
FSU,urb,d1,coal,20,2050,0.01
FSU,rur,d2,coal,20,2050,0.01
FSU,urb,d2,coal,20,2050,0.01
FSU,rur,d3,coal,20,2050,0.01
FSU,urb,d3,coal,20,2050,0.01
FSU,rur,d4,coal,20,2050,0.01
FSU,urb,d4,coal,20,2050,0.01
FSU,rur,d5,coal,20,2050,0.01
FSU,urb,d5,coal,20,2050,0.01
FSU,rur,d6,coal,20,2050,0.01
FSU,urb,d6,coal,20,2050,0.01
FSU,rur,d7,coal,20,2050,0.01
FSU,urb,d7,coal,20,2050,0.01
FSU,rur,d8,coal,20,2050,0.01
FSU,urb,d8,coal,20,2050,0.01
FSU,rur,d9,coal,20,2050,0.01
FSU,urb,d9,coal,20,2050,0.01
FSU,rur,d10,coal,20,2050,0.01
FSU,urb,d10,coal,20,2050,0.01
FSU,rur,d1,oil,20,2050,0.01
FSU,urb,d1,oil,20,2050,0.01
FSU,rur,d2,oil,20,2050,0.01
FSU,urb,d2,oil,20,2050,0.01
FSU,rur,d3,oil,20,2050,0.01
FSU,urb,d3,oil,20,2050,0.01
FSU,rur,d4,oil,20,2050,0.01
FSU,urb,d4,oil,20,2050,0.01
FSU,rur,d5,oil,20,2050,0.01
FSU,urb,d5,oil,20,2050,0.01
FSU,rur,d6,oil,20,2050,0.01
FSU,urb,d6,oil,20,2050,0.01
FSU,rur,d7,oil,20,2050,0.01
FSU,urb,d7,oil,20,2050,0.01
FSU,rur,d8,oil,20,2050,0.01
FSU,urb,d8,oil,20,2050,0.01
FSU,rur,d9,oil,20,2050,0.01
FSU,urb,d9,oil,20,2050,0.01
FSU,rur,d10,oil,20,2050,0.01
FSU,urb,d10,oil,20,2050,0.01
FSU,rur,d1,gas,20,2050,0.01
FSU,urb,d1,gas,20,2050,0.01
FSU,rur,d2,gas,20,2050,0.01
FSU,urb,d2,gas,20,2050,0.01
FSU,rur,d3,gas,20,2050,0.01
FSU,urb,d3,gas,20,2050,0.01
FSU,rur,d4,gas,20,2050,0.01
FSU,urb,d4,gas,20,2050,0.01
FSU,rur,d5,gas,20,2050,0.01
FSU,urb,d5,gas,20,2050,0.01
FSU,rur,d6,gas,20,2050,0.01
FSU,urb,d6,gas,20,2050,0.01
FSU,rur,d7,gas,20,2050,0.01
FSU,urb,d7,gas,20,2050,0.01
FSU,rur,d8,gas,20,2050,0.01
FSU,urb,d8,gas,20,2050,0.01
FSU,rur,d9,gas,20,2050,0.01
FSU,urb,d9,gas,20,2050,0.01
FSU,rur,d10,gas,20,2050,0.01
FSU,urb,d10,gas,20,2050,0.01
FSU,rur,d1,electricity,20,2050,0.01
FSU,urb,d1,electricity,20,2050,0.01
FSU,rur,d2,electricity,20,2050,0.01
FSU,urb,d2,electricity,20,2050,0.01
FSU,rur,d3,electricity,20,2050,0.01
FSU,urb,d3,electricity,20,2050,0.01
FSU,rur,d4,electricity,20,2050,0.01
FSU,urb,d4,electricity,20,2050,0.01
FSU,rur,d5,electricity,20,2050,0.01
FSU,urb,d5,electricity,20,2050,0.01
FSU,rur,d6,electricity,20,2050,0.01
FSU,urb,d6,electricity,20,2050,0.01
FSU,rur,d7,electricity,20,2050,0.01
FSU,urb,d7,electricity,20,2050,0.01
FSU,rur,d8,electricity,20,2050,0.01
FSU,urb,d8,electricity,20,2050,0.01
FSU,rur,d9,electricity,20,2050,0.01
FSU,urb,d9,electricity,20,2050,0.01
FSU,rur,d10,electricity,20,2050,0.01
FSU,urb,d10,electricity,20,2050,0.01
FSU,rur,d1,biomass_solid,20,2055,0.01
FSU,urb,d1,biomass_solid,20,2055,0.01
FSU,rur,d2,biomass_solid,20,2055,0.01
FSU,urb,d2,biomass_solid,20,2055,0.01
FSU,rur,d3,biomass_solid,20,2055,0.01
FSU,urb,d3,biomass_solid,20,2055,0.01
FSU,rur,d4,biomass_solid,20,2055,0.01
FSU,urb,d4,biomass_solid,20,2055,0.01
FSU,rur,d5,biomass_solid,20,2055,0.01
FSU,urb,d5,biomass_solid,20,2055,0.01
FSU,rur,d6,biomass_solid,20,2055,0.01
FSU,urb,d6,biomass_solid,20,2055,0.01
FSU,rur,d7,biomass_solid,20,2055,0.01
FSU,urb,d7,biomass_solid,20,2055,0.01
FSU,rur,d8,biomass_solid,20,2055,0.01
FSU,urb,d8,biomass_solid,20,2055,0.01
FSU,rur,d9,biomass_solid,20,2055,0.01
FSU,urb,d9,biomass_solid,20,2055,0.01
FSU,rur,d10,biomass_solid,20,2055,0.01
FSU,urb,d10,biomass_solid,20,2055,0.01
FSU,rur,d1,coal,20,2055,0.01
FSU,urb,d1,coal,20,2055,0.01
FSU,rur,d2,coal,20,2055,0.01
FSU,urb,d2,coal,20,2055,0.01
FSU,rur,d3,coal,20,2055,0.01
FSU,urb,d3,coal,20,2055,0.01
FSU,rur,d4,coal,20,2055,0.01
FSU,urb,d4,coal,20,2055,0.01
FSU,rur,d5,coal,20,2055,0.01
FSU,urb,d5,coal,20,2055,0.01
FSU,rur,d6,coal,20,2055,0.01
FSU,urb,d6,coal,20,2055,0.01
FSU,rur,d7,coal,20,2055,0.01
FSU,urb,d7,coal,20,2055,0.01
FSU,rur,d8,coal,20,2055,0.01
FSU,urb,d8,coal,20,2055,0.01
FSU,rur,d9,coal,20,2055,0.01
FSU,urb,d9,coal,20,2055,0.01
FSU,rur,d10,coal,20,2055,0.01
FSU,urb,d10,coal,20,2055,0.01
FSU,rur,d1,oil,20,2055,0.01
FSU,urb,d1,oil,20,2055,0.01
FSU,rur,d2,oil,20,2055,0.01
FSU,urb,d2,oil,20,2055,0.01
FSU,rur,d3,oil,20,2055,0.01
FSU,urb,d3,oil,20,2055,0.01
FSU,rur,d4,oil,20,2055,0.01
FSU,urb,d4,oil,20,2055,0.01
FSU,rur,d5,oil,20,2055,0.01
FSU,urb,d5,oil,20,2055,0.01
FSU,rur,d6,oil,20,2055,0.01
FSU,urb,d6,oil,20,2055,0.01
FSU,rur,d7,oil,20,2055,0.01
FSU,urb,d7,oil,20,2055,0.01
FSU,rur,d8,oil,20,2055,0.01
FSU,urb,d8,oil,20,2055,0.01
FSU,rur,d9,oil,20,2055,0.01
FSU,urb,d9,oil,20,2055,0.01
FSU,rur,d10,oil,20,2055,0.01
FSU,urb,d10,oil,20,2055,0.01
FSU,rur,d1,gas,20,2055,0.01
FSU,urb,d1,gas,20,2055,0.01
FSU,rur,d2,gas,20,2055,0.01
FSU,urb,d2,gas,20,2055,0.01
FSU,rur,d3,gas,20,2055,0.01
FSU,urb,d3,gas,20,2055,0.01
FSU,rur,d4,gas,20,2055,0.01
FSU,urb,d4,gas,20,2055,0.01
FSU,rur,d5,gas,20,2055,0.01
FSU,urb,d5,gas,20,2055,0.01
FSU,rur,d6,gas,20,2055,0.01
FSU,urb,d6,gas,20,2055,0.01
FSU,rur,d7,gas,20,2055,0.01
FSU,urb,d7,gas,20,2055,0.01
FSU,rur,d8,gas,20,2055,0.01
FSU,urb,d8,gas,20,2055,0.01
FSU,rur,d9,gas,20,2055,0.01
FSU,urb,d9,gas,20,2055,0.01
FSU,rur,d10,gas,20,2055,0.01
FSU,urb,d10,gas,20,2055,0.01
FSU,rur,d1,electricity,20,2055,0.01
FSU,urb,d1,electricity,20,2055,0.01
FSU,rur,d2,electricity,20,2055,0.01
FSU,urb,d2,electricity,20,2055,0.01
FSU,rur,d3,electricity,20,2055,0.01
FSU,urb,d3,electricity,20,2055,0.01
FSU,rur,d4,electricity,20,2055,0.01
FSU,urb,d4,electricity,20,2055,0.01
FSU,rur,d5,electricity,20,2055,0.01
FSU,urb,d5,electricity,20,2055,0.01
FSU,rur,d6,electricity,20,2055,0.01
FSU,urb,d6,electricity,20,2055,0.01
FSU,rur,d7,electricity,20,2055,0.01
FSU,urb,d7,electricity,20,2055,0.01
FSU,rur,d8,electricity,20,2055,0.01
FSU,urb,d8,electricity,20,2055,0.01
FSU,rur,d9,electricity,20,2055,0.01
FSU,urb,d9,electricity,20,2055,0.01
FSU,rur,d10,electricity,20,2055,0.01
FSU,urb,d10,electricity,20,2055,0.01
FSU,rur,d1,biomass_solid,20,2060,0.01
FSU,urb,d1,biomass_solid,20,2060,0.01
FSU,rur,d2,biomass_solid,20,2060,0.01
FSU,urb,d2,biomass_solid,20,2060,0.01
FSU,rur,d3,biomass_solid,20,2060,0.01
FSU,urb,d3,biomass_solid,20,2060,0.01
FSU,rur,d4,biomass_solid,20,2060,0.01
FSU,urb,d4,biomass_solid,20,2060,0.01
FSU,rur,d5,biomass_solid,20,2060,0.01
FSU,urb,d5,biomass_solid,20,2060,0.01
FSU,rur,d6,biomass_solid,20,2060,0.01
FSU,urb,d6,biomass_solid,20,2060,0.01
FSU,rur,d7,biomass_solid,20,2060,0.01
FSU,urb,d7,biomass_solid,20,2060,0.01
FSU,rur,d8,biomass_solid,20,2060,0.01
FSU,urb,d8,biomass_solid,20,2060,0.01
FSU,rur,d9,biomass_solid,20,2060,0.01
FSU,urb,d9,biomass_solid,20,2060,0.01
FSU,rur,d10,biomass_solid,20,2060,0.01
FSU,urb,d10,biomass_solid,20,2060,0.01
FSU,rur,d1,coal,20,2060,0.01
FSU,urb,d1,coal,20,2060,0.01
FSU,rur,d2,coal,20,2060,0.01
FSU,urb,d2,coal,20,2060,0.01
FSU,rur,d3,coal,20,2060,0.01
FSU,urb,d3,coal,20,2060,0.01
FSU,rur,d4,coal,20,2060,0.01
FSU,urb,d4,coal,20,2060,0.01
FSU,rur,d5,coal,20,2060,0.01
FSU,urb,d5,coal,20,2060,0.01
FSU,rur,d6,coal,20,2060,0.01
FSU,urb,d6,coal,20,2060,0.01
FSU,rur,d7,coal,20,2060,0.01
FSU,urb,d7,coal,20,2060,0.01
FSU,rur,d8,coal,20,2060,0.01
FSU,urb,d8,coal,20,2060,0.01
FSU,rur,d9,coal,20,2060,0.01
FSU,urb,d9,coal,20,2060,0.01
FSU,rur,d10,coal,20,2060,0.01
FSU,urb,d10,coal,20,2060,0.01
FSU,rur,d1,oil,20,2060,0.01
FSU,urb,d1,oil,20,2060,0.01
FSU,rur,d2,oil,20,2060,0.01
FSU,urb,d2,oil,20,2060,0.01
FSU,rur,d3,oil,20,2060,0.01
FSU,urb,d3,oil,20,2060,0.01
FSU,rur,d4,oil,20,2060,0.01
FSU,urb,d4,oil,20,2060,0.01
FSU,rur,d5,oil,20,2060,0.01
FSU,urb,d5,oil,20,2060,0.01
FSU,rur,d6,oil,20,2060,0.01
FSU,urb,d6,oil,20,2060,0.01
FSU,rur,d7,oil,20,2060,0.01
FSU,urb,d7,oil,20,2060,0.01
FSU,rur,d8,oil,20,2060,0.01
FSU,urb,d8,oil,20,2060,0.01
FSU,rur,d9,oil,20,2060,0.01
FSU,urb,d9,oil,20,2060,0.01
FSU,rur,d10,oil,20,2060,0.01
FSU,urb,d10,oil,20,2060,0.01
FSU,rur,d1,gas,20,2060,0.01
FSU,urb,d1,gas,20,2060,0.01
FSU,rur,d2,gas,20,2060,0.01
FSU,urb,d2,gas,20,2060,0.01
FSU,rur,d3,gas,20,2060,0.01
FSU,urb,d3,gas,20,2060,0.01
FSU,rur,d4,gas,20,2060,0.01
FSU,urb,d4,gas,20,2060,0.01
FSU,rur,d5,gas,20,2060,0.01
FSU,urb,d5,gas,20,2060,0.01
FSU,rur,d6,gas,20,2060,0.01
FSU,urb,d6,gas,20,2060,0.01
FSU,rur,d7,gas,20,2060,0.01
FSU,urb,d7,gas,20,2060,0.01
FSU,rur,d8,gas,20,2060,0.01
FSU,urb,d8,gas,20,2060,0.01
FSU,rur,d9,gas,20,2060,0.01
FSU,urb,d9,gas,20,2060,0.01
FSU,rur,d10,gas,20,2060,0.01
FSU,urb,d10,gas,20,2060,0.01
FSU,rur,d1,electricity,20,2060,0.01
FSU,urb,d1,electricity,20,2060,0.01
FSU,rur,d2,electricity,20,2060,0.01
FSU,urb,d2,electricity,20,2060,0.01
FSU,rur,d3,electricity,20,2060,0.01
FSU,urb,d3,electricity,20,2060,0.01
FSU,rur,d4,electricity,20,2060,0.01
FSU,urb,d4,electricity,20,2060,0.01
FSU,rur,d5,electricity,20,2060,0.01
FSU,urb,d5,electricity,20,2060,0.01
FSU,rur,d6,electricity,20,2060,0.01
FSU,urb,d6,electricity,20,2060,0.01
FSU,rur,d7,electricity,20,2060,0.01
FSU,urb,d7,electricity,20,2060,0.01
FSU,rur,d8,electricity,20,2060,0.01
FSU,urb,d8,electricity,20,2060,0.01
FSU,rur,d9,electricity,20,2060,0.01
FSU,urb,d9,electricity,20,2060,0.01
FSU,rur,d10,electricity,20,2060,0.01
FSU,urb,d10,electricity,20,2060,0.01
FSU,rur,d1,biomass_solid,20,2065,0.01
FSU,urb,d1,biomass_solid,20,2065,0.01
FSU,rur,d2,biomass_solid,20,2065,0.01
FSU,urb,d2,biomass_solid,20,2065,0.01
FSU,rur,d3,biomass_solid,20,2065,0.01
FSU,urb,d3,biomass_solid,20,2065,0.01
FSU,rur,d4,biomass_solid,20,2065,0.01
FSU,urb,d4,biomass_solid,20,2065,0.01
FSU,rur,d5,biomass_solid,20,2065,0.01
FSU,urb,d5,biomass_solid,20,2065,0.01
FSU,rur,d6,biomass_solid,20,2065,0.01
FSU,urb,d6,biomass_solid,20,2065,0.01
FSU,rur,d7,biomass_solid,20,2065,0.01
FSU,urb,d7,biomass_solid,20,2065,0.01
FSU,rur,d8,biomass_solid,20,2065,0.01
FSU,urb,d8,biomass_solid,20,2065,0.01
FSU,rur,d9,biomass_solid,20,2065,0.01
FSU,urb,d9,biomass_solid,20,2065,0.01
FSU,rur,d10,biomass_solid,20,2065,0.01
FSU,urb,d10,biomass_solid,20,2065,0.01
FSU,rur,d1,coal,20,2065,0.01
FSU,urb,d1,coal,20,2065,0.01
FSU,rur,d2,coal,20,2065,0.01
FSU,urb,d2,coal,20,2065,0.01
FSU,rur,d3,coal,20,2065,0.01
FSU,urb,d3,coal,20,2065,0.01
FSU,rur,d4,coal,20,2065,0.01
FSU,urb,d4,coal,20,2065,0.01
FSU,rur,d5,coal,20,2065,0.01
FSU,urb,d5,coal,20,2065,0.01
FSU,rur,d6,coal,20,2065,0.01
FSU,urb,d6,coal,20,2065,0.01
FSU,rur,d7,coal,20,2065,0.01
FSU,urb,d7,coal,20,2065,0.01
FSU,rur,d8,coal,20,2065,0.01
FSU,urb,d8,coal,20,2065,0.01
FSU,rur,d9,coal,20,2065,0.01
FSU,urb,d9,coal,20,2065,0.01
FSU,rur,d10,coal,20,2065,0.01
FSU,urb,d10,coal,20,2065,0.01
FSU,rur,d1,oil,20,2065,0.01
FSU,urb,d1,oil,20,2065,0.01
FSU,rur,d2,oil,20,2065,0.01
FSU,urb,d2,oil,20,2065,0.01
FSU,rur,d3,oil,20,2065,0.01
FSU,urb,d3,oil,20,2065,0.01
FSU,rur,d4,oil,20,2065,0.01
FSU,urb,d4,oil,20,2065,0.01
FSU,rur,d5,oil,20,2065,0.01
FSU,urb,d5,oil,20,2065,0.01
FSU,rur,d6,oil,20,2065,0.01
FSU,urb,d6,oil,20,2065,0.01
FSU,rur,d7,oil,20,2065,0.01
FSU,urb,d7,oil,20,2065,0.01
FSU,rur,d8,oil,20,2065,0.01
FSU,urb,d8,oil,20,2065,0.01
FSU,rur,d9,oil,20,2065,0.01
FSU,urb,d9,oil,20,2065,0.01
FSU,rur,d10,oil,20,2065,0.01
FSU,urb,d10,oil,20,2065,0.01
FSU,rur,d1,gas,20,2065,0.01
FSU,urb,d1,gas,20,2065,0.01
FSU,rur,d2,gas,20,2065,0.01
FSU,urb,d2,gas,20,2065,0.01
FSU,rur,d3,gas,20,2065,0.01
FSU,urb,d3,gas,20,2065,0.01
FSU,rur,d4,gas,20,2065,0.01
FSU,urb,d4,gas,20,2065,0.01
FSU,rur,d5,gas,20,2065,0.01
FSU,urb,d5,gas,20,2065,0.01
FSU,rur,d6,gas,20,2065,0.01
FSU,urb,d6,gas,20,2065,0.01
FSU,rur,d7,gas,20,2065,0.01
FSU,urb,d7,gas,20,2065,0.01
FSU,rur,d8,gas,20,2065,0.01
FSU,urb,d8,gas,20,2065,0.01
FSU,rur,d9,gas,20,2065,0.01
FSU,urb,d9,gas,20,2065,0.01
FSU,rur,d10,gas,20,2065,0.01
FSU,urb,d10,gas,20,2065,0.01
FSU,rur,d1,electricity,20,2065,0.01
FSU,urb,d1,electricity,20,2065,0.01
FSU,rur,d2,electricity,20,2065,0.01
FSU,urb,d2,electricity,20,2065,0.01
FSU,rur,d3,electricity,20,2065,0.01
FSU,urb,d3,electricity,20,2065,0.01
FSU,rur,d4,electricity,20,2065,0.01
FSU,urb,d4,electricity,20,2065,0.01
FSU,rur,d5,electricity,20,2065,0.01
FSU,urb,d5,electricity,20,2065,0.01
FSU,rur,d6,electricity,20,2065,0.01
FSU,urb,d6,electricity,20,2065,0.01
FSU,rur,d7,electricity,20,2065,0.01
FSU,urb,d7,electricity,20,2065,0.01
FSU,rur,d8,electricity,20,2065,0.01
FSU,urb,d8,electricity,20,2065,0.01
FSU,rur,d9,electricity,20,2065,0.01
FSU,urb,d9,electricity,20,2065,0.01
FSU,rur,d10,electricity,20,2065,0.01
FSU,urb,d10,electricity,20,2065,0.01
FSU,rur,d1,biomass_solid,20,2070,0.01
FSU,urb,d1,biomass_solid,20,2070,0.01
FSU,rur,d2,biomass_solid,20,2070,0.01
FSU,urb,d2,biomass_solid,20,2070,0.01
FSU,rur,d3,biomass_solid,20,2070,0.01
FSU,urb,d3,biomass_solid,20,2070,0.01
FSU,rur,d4,biomass_solid,20,2070,0.01
FSU,urb,d4,biomass_solid,20,2070,0.01
FSU,rur,d5,biomass_solid,20,2070,0.01
FSU,urb,d5,biomass_solid,20,2070,0.01
FSU,rur,d6,biomass_solid,20,2070,0.01
FSU,urb,d6,biomass_solid,20,2070,0.01
FSU,rur,d7,biomass_solid,20,2070,0.01
FSU,urb,d7,biomass_solid,20,2070,0.01
FSU,rur,d8,biomass_solid,20,2070,0.01
FSU,urb,d8,biomass_solid,20,2070,0.01
FSU,rur,d9,biomass_solid,20,2070,0.01
FSU,urb,d9,biomass_solid,20,2070,0.01
FSU,rur,d10,biomass_solid,20,2070,0.01
FSU,urb,d10,biomass_solid,20,2070,0.01
FSU,rur,d1,coal,20,2070,0.01
FSU,urb,d1,coal,20,2070,0.01
FSU,rur,d2,coal,20,2070,0.01
FSU,urb,d2,coal,20,2070,0.01
FSU,rur,d3,coal,20,2070,0.01
FSU,urb,d3,coal,20,2070,0.01
FSU,rur,d4,coal,20,2070,0.01
FSU,urb,d4,coal,20,2070,0.01
FSU,rur,d5,coal,20,2070,0.01
FSU,urb,d5,coal,20,2070,0.01
FSU,rur,d6,coal,20,2070,0.01
FSU,urb,d6,coal,20,2070,0.01
FSU,rur,d7,coal,20,2070,0.01
FSU,urb,d7,coal,20,2070,0.01
FSU,rur,d8,coal,20,2070,0.01
FSU,urb,d8,coal,20,2070,0.01
FSU,rur,d9,coal,20,2070,0.01
FSU,urb,d9,coal,20,2070,0.01
FSU,rur,d10,coal,20,2070,0.01
FSU,urb,d10,coal,20,2070,0.01
FSU,rur,d1,oil,20,2070,0.01
FSU,urb,d1,oil,20,2070,0.01
FSU,rur,d2,oil,20,2070,0.01
FSU,urb,d2,oil,20,2070,0.01
FSU,rur,d3,oil,20,2070,0.01
FSU,urb,d3,oil,20,2070,0.01
FSU,rur,d4,oil,20,2070,0.01
FSU,urb,d4,oil,20,2070,0.01
FSU,rur,d5,oil,20,2070,0.01
FSU,urb,d5,oil,20,2070,0.01
FSU,rur,d6,oil,20,2070,0.01
FSU,urb,d6,oil,20,2070,0.01
FSU,rur,d7,oil,20,2070,0.01
FSU,urb,d7,oil,20,2070,0.01
FSU,rur,d8,oil,20,2070,0.01
FSU,urb,d8,oil,20,2070,0.01
FSU,rur,d9,oil,20,2070,0.01
FSU,urb,d9,oil,20,2070,0.01
FSU,rur,d10,oil,20,2070,0.01
FSU,urb,d10,oil,20,2070,0.01
FSU,rur,d1,gas,20,2070,0.01
FSU,urb,d1,gas,20,2070,0.01
FSU,rur,d2,gas,20,2070,0.01
FSU,urb,d2,gas,20,2070,0.01
FSU,rur,d3,gas,20,2070,0.01
FSU,urb,d3,gas,20,2070,0.01
FSU,rur,d4,gas,20,2070,0.01
FSU,urb,d4,gas,20,2070,0.01
FSU,rur,d5,gas,20,2070,0.01
FSU,urb,d5,gas,20,2070,0.01
FSU,rur,d6,gas,20,2070,0.01
FSU,urb,d6,gas,20,2070,0.01
FSU,rur,d7,gas,20,2070,0.01
FSU,urb,d7,gas,20,2070,0.01
FSU,rur,d8,gas,20,2070,0.01
FSU,urb,d8,gas,20,2070,0.01
FSU,rur,d9,gas,20,2070,0.01
FSU,urb,d9,gas,20,2070,0.01
FSU,rur,d10,gas,20,2070,0.01
FSU,urb,d10,gas,20,2070,0.01
FSU,rur,d1,electricity,20,2070,0.01
FSU,urb,d1,electricity,20,2070,0.01
FSU,rur,d2,electricity,20,2070,0.01
FSU,urb,d2,electricity,20,2070,0.01
FSU,rur,d3,electricity,20,2070,0.01
FSU,urb,d3,electricity,20,2070,0.01
FSU,rur,d4,electricity,20,2070,0.01
FSU,urb,d4,electricity,20,2070,0.01
FSU,rur,d5,electricity,20,2070,0.01
FSU,urb,d5,electricity,20,2070,0.01
FSU,rur,d6,electricity,20,2070,0.01
FSU,urb,d6,electricity,20,2070,0.01
FSU,rur,d7,electricity,20,2070,0.01
FSU,urb,d7,electricity,20,2070,0.01
FSU,rur,d8,electricity,20,2070,0.01
FSU,urb,d8,electricity,20,2070,0.01
FSU,rur,d9,electricity,20,2070,0.01
FSU,urb,d9,electricity,20,2070,0.01
FSU,rur,d10,electricity,20,2070,0.01
FSU,urb,d10,electricity,20,2070,0.01
FSU,rur,d1,biomass_solid,20,2075,0.01
FSU,urb,d1,biomass_solid,20,2075,0.01
FSU,rur,d2,biomass_solid,20,2075,0.01
FSU,urb,d2,biomass_solid,20,2075,0.01
FSU,rur,d3,biomass_solid,20,2075,0.01
FSU,urb,d3,biomass_solid,20,2075,0.01
FSU,rur,d4,biomass_solid,20,2075,0.01
FSU,urb,d4,biomass_solid,20,2075,0.01
FSU,rur,d5,biomass_solid,20,2075,0.01
FSU,urb,d5,biomass_solid,20,2075,0.01
FSU,rur,d6,biomass_solid,20,2075,0.01
FSU,urb,d6,biomass_solid,20,2075,0.01
FSU,rur,d7,biomass_solid,20,2075,0.01
FSU,urb,d7,biomass_solid,20,2075,0.01
FSU,rur,d8,biomass_solid,20,2075,0.01
FSU,urb,d8,biomass_solid,20,2075,0.01
FSU,rur,d9,biomass_solid,20,2075,0.01
FSU,urb,d9,biomass_solid,20,2075,0.01
FSU,rur,d10,biomass_solid,20,2075,0.01
FSU,urb,d10,biomass_solid,20,2075,0.01
FSU,rur,d1,coal,20,2075,0.01
FSU,urb,d1,coal,20,2075,0.01
FSU,rur,d2,coal,20,2075,0.01
FSU,urb,d2,coal,20,2075,0.01
FSU,rur,d3,coal,20,2075,0.01
FSU,urb,d3,coal,20,2075,0.01
FSU,rur,d4,coal,20,2075,0.01
FSU,urb,d4,coal,20,2075,0.01
FSU,rur,d5,coal,20,2075,0.01
FSU,urb,d5,coal,20,2075,0.01
FSU,rur,d6,coal,20,2075,0.01
FSU,urb,d6,coal,20,2075,0.01
FSU,rur,d7,coal,20,2075,0.01
FSU,urb,d7,coal,20,2075,0.01
FSU,rur,d8,coal,20,2075,0.01
FSU,urb,d8,coal,20,2075,0.01
FSU,rur,d9,coal,20,2075,0.01
FSU,urb,d9,coal,20,2075,0.01
FSU,rur,d10,coal,20,2075,0.01
FSU,urb,d10,coal,20,2075,0.01
FSU,rur,d1,oil,20,2075,0.01
FSU,urb,d1,oil,20,2075,0.01
FSU,rur,d2,oil,20,2075,0.01
FSU,urb,d2,oil,20,2075,0.01
FSU,rur,d3,oil,20,2075,0.01
FSU,urb,d3,oil,20,2075,0.01
FSU,rur,d4,oil,20,2075,0.01
FSU,urb,d4,oil,20,2075,0.01
FSU,rur,d5,oil,20,2075,0.01
FSU,urb,d5,oil,20,2075,0.01
FSU,rur,d6,oil,20,2075,0.01
FSU,urb,d6,oil,20,2075,0.01
FSU,rur,d7,oil,20,2075,0.01
FSU,urb,d7,oil,20,2075,0.01
FSU,rur,d8,oil,20,2075,0.01
FSU,urb,d8,oil,20,2075,0.01
FSU,rur,d9,oil,20,2075,0.01
FSU,urb,d9,oil,20,2075,0.01
FSU,rur,d10,oil,20,2075,0.01
FSU,urb,d10,oil,20,2075,0.01
FSU,rur,d1,gas,20,2075,0.01
FSU,urb,d1,gas,20,2075,0.01
FSU,rur,d2,gas,20,2075,0.01
FSU,urb,d2,gas,20,2075,0.01
FSU,rur,d3,gas,20,2075,0.01
FSU,urb,d3,gas,20,2075,0.01
FSU,rur,d4,gas,20,2075,0.01
FSU,urb,d4,gas,20,2075,0.01
FSU,rur,d5,gas,20,2075,0.01
FSU,urb,d5,gas,20,2075,0.01
FSU,rur,d6,gas,20,2075,0.01
FSU,urb,d6,gas,20,2075,0.01
FSU,rur,d7,gas,20,2075,0.01
FSU,urb,d7,gas,20,2075,0.01
FSU,rur,d8,gas,20,2075,0.01
FSU,urb,d8,gas,20,2075,0.01
FSU,rur,d9,gas,20,2075,0.01
FSU,urb,d9,gas,20,2075,0.01
FSU,rur,d10,gas,20,2075,0.01
FSU,urb,d10,gas,20,2075,0.01
FSU,rur,d1,electricity,20,2075,0.01
FSU,urb,d1,electricity,20,2075,0.01
FSU,rur,d2,electricity,20,2075,0.01
FSU,urb,d2,electricity,20,2075,0.01
FSU,rur,d3,electricity,20,2075,0.01
FSU,urb,d3,electricity,20,2075,0.01
FSU,rur,d4,electricity,20,2075,0.01
FSU,urb,d4,electricity,20,2075,0.01
FSU,rur,d5,electricity,20,2075,0.01
FSU,urb,d5,electricity,20,2075,0.01
FSU,rur,d6,electricity,20,2075,0.01
FSU,urb,d6,electricity,20,2075,0.01
FSU,rur,d7,electricity,20,2075,0.01
FSU,urb,d7,electricity,20,2075,0.01
FSU,rur,d8,electricity,20,2075,0.01
FSU,urb,d8,electricity,20,2075,0.01
FSU,rur,d9,electricity,20,2075,0.01
FSU,urb,d9,electricity,20,2075,0.01
FSU,rur,d10,electricity,20,2075,0.01
FSU,urb,d10,electricity,20,2075,0.01
FSU,rur,d1,biomass_solid,20,2080,0.01
FSU,urb,d1,biomass_solid,20,2080,0.01
FSU,rur,d2,biomass_solid,20,2080,0.01
FSU,urb,d2,biomass_solid,20,2080,0.01
FSU,rur,d3,biomass_solid,20,2080,0.01
FSU,urb,d3,biomass_solid,20,2080,0.01
FSU,rur,d4,biomass_solid,20,2080,0.01
FSU,urb,d4,biomass_solid,20,2080,0.01
FSU,rur,d5,biomass_solid,20,2080,0.01
FSU,urb,d5,biomass_solid,20,2080,0.01
FSU,rur,d6,biomass_solid,20,2080,0.01
FSU,urb,d6,biomass_solid,20,2080,0.01
FSU,rur,d7,biomass_solid,20,2080,0.01
FSU,urb,d7,biomass_solid,20,2080,0.01
FSU,rur,d8,biomass_solid,20,2080,0.01
FSU,urb,d8,biomass_solid,20,2080,0.01
FSU,rur,d9,biomass_solid,20,2080,0.01
FSU,urb,d9,biomass_solid,20,2080,0.01
FSU,rur,d10,biomass_solid,20,2080,0.01
FSU,urb,d10,biomass_solid,20,2080,0.01
FSU,rur,d1,coal,20,2080,0.01
FSU,urb,d1,coal,20,2080,0.01
FSU,rur,d2,coal,20,2080,0.01
FSU,urb,d2,coal,20,2080,0.01
FSU,rur,d3,coal,20,2080,0.01
FSU,urb,d3,coal,20,2080,0.01
FSU,rur,d4,coal,20,2080,0.01
FSU,urb,d4,coal,20,2080,0.01
FSU,rur,d5,coal,20,2080,0.01
FSU,urb,d5,coal,20,2080,0.01
FSU,rur,d6,coal,20,2080,0.01
FSU,urb,d6,coal,20,2080,0.01
FSU,rur,d7,coal,20,2080,0.01
FSU,urb,d7,coal,20,2080,0.01
FSU,rur,d8,coal,20,2080,0.01
FSU,urb,d8,coal,20,2080,0.01
FSU,rur,d9,coal,20,2080,0.01
FSU,urb,d9,coal,20,2080,0.01
FSU,rur,d10,coal,20,2080,0.01
FSU,urb,d10,coal,20,2080,0.01
FSU,rur,d1,oil,20,2080,0.01
FSU,urb,d1,oil,20,2080,0.01
FSU,rur,d2,oil,20,2080,0.01
FSU,urb,d2,oil,20,2080,0.01
FSU,rur,d3,oil,20,2080,0.01
FSU,urb,d3,oil,20,2080,0.01
FSU,rur,d4,oil,20,2080,0.01
FSU,urb,d4,oil,20,2080,0.01
FSU,rur,d5,oil,20,2080,0.01
FSU,urb,d5,oil,20,2080,0.01
FSU,rur,d6,oil,20,2080,0.01
FSU,urb,d6,oil,20,2080,0.01
FSU,rur,d7,oil,20,2080,0.01
FSU,urb,d7,oil,20,2080,0.01
FSU,rur,d8,oil,20,2080,0.01
FSU,urb,d8,oil,20,2080,0.01
FSU,rur,d9,oil,20,2080,0.01
FSU,urb,d9,oil,20,2080,0.01
FSU,rur,d10,oil,20,2080,0.01
FSU,urb,d10,oil,20,2080,0.01
FSU,rur,d1,gas,20,2080,0.01
FSU,urb,d1,gas,20,2080,0.01
FSU,rur,d2,gas,20,2080,0.01
FSU,urb,d2,gas,20,2080,0.01
FSU,rur,d3,gas,20,2080,0.01
FSU,urb,d3,gas,20,2080,0.01
FSU,rur,d4,gas,20,2080,0.01
FSU,urb,d4,gas,20,2080,0.01
FSU,rur,d5,gas,20,2080,0.01
FSU,urb,d5,gas,20,2080,0.01
FSU,rur,d6,gas,20,2080,0.01
FSU,urb,d6,gas,20,2080,0.01
FSU,rur,d7,gas,20,2080,0.01
FSU,urb,d7,gas,20,2080,0.01
FSU,rur,d8,gas,20,2080,0.01
FSU,urb,d8,gas,20,2080,0.01
FSU,rur,d9,gas,20,2080,0.01
FSU,urb,d9,gas,20,2080,0.01
FSU,rur,d10,gas,20,2080,0.01
FSU,urb,d10,gas,20,2080,0.01
FSU,rur,d1,electricity,20,2080,0.01
FSU,urb,d1,electricity,20,2080,0.01
FSU,rur,d2,electricity,20,2080,0.01
FSU,urb,d2,electricity,20,2080,0.01
FSU,rur,d3,electricity,20,2080,0.01
FSU,urb,d3,electricity,20,2080,0.01
FSU,rur,d4,electricity,20,2080,0.01
FSU,urb,d4,electricity,20,2080,0.01
FSU,rur,d5,electricity,20,2080,0.01
FSU,urb,d5,electricity,20,2080,0.01
FSU,rur,d6,electricity,20,2080,0.01
FSU,urb,d6,electricity,20,2080,0.01
FSU,rur,d7,electricity,20,2080,0.01
FSU,urb,d7,electricity,20,2080,0.01
FSU,rur,d8,electricity,20,2080,0.01
FSU,urb,d8,electricity,20,2080,0.01
FSU,rur,d9,electricity,20,2080,0.01
FSU,urb,d9,electricity,20,2080,0.01
FSU,rur,d10,electricity,20,2080,0.01
FSU,urb,d10,electricity,20,2080,0.01
FSU,rur,d1,biomass_solid,20,2085,0.01
FSU,urb,d1,biomass_solid,20,2085,0.01
FSU,rur,d2,biomass_solid,20,2085,0.01
FSU,urb,d2,biomass_solid,20,2085,0.01
FSU,rur,d3,biomass_solid,20,2085,0.01
FSU,urb,d3,biomass_solid,20,2085,0.01
FSU,rur,d4,biomass_solid,20,2085,0.01
FSU,urb,d4,biomass_solid,20,2085,0.01
FSU,rur,d5,biomass_solid,20,2085,0.01
FSU,urb,d5,biomass_solid,20,2085,0.01
FSU,rur,d6,biomass_solid,20,2085,0.01
FSU,urb,d6,biomass_solid,20,2085,0.01
FSU,rur,d7,biomass_solid,20,2085,0.01
FSU,urb,d7,biomass_solid,20,2085,0.01
FSU,rur,d8,biomass_solid,20,2085,0.01
FSU,urb,d8,biomass_solid,20,2085,0.01
FSU,rur,d9,biomass_solid,20,2085,0.01
FSU,urb,d9,biomass_solid,20,2085,0.01
FSU,rur,d10,biomass_solid,20,2085,0.01
FSU,urb,d10,biomass_solid,20,2085,0.01
FSU,rur,d1,coal,20,2085,0.01
FSU,urb,d1,coal,20,2085,0.01
FSU,rur,d2,coal,20,2085,0.01
FSU,urb,d2,coal,20,2085,0.01
FSU,rur,d3,coal,20,2085,0.01
FSU,urb,d3,coal,20,2085,0.01
FSU,rur,d4,coal,20,2085,0.01
FSU,urb,d4,coal,20,2085,0.01
FSU,rur,d5,coal,20,2085,0.01
FSU,urb,d5,coal,20,2085,0.01
FSU,rur,d6,coal,20,2085,0.01
FSU,urb,d6,coal,20,2085,0.01
FSU,rur,d7,coal,20,2085,0.01
FSU,urb,d7,coal,20,2085,0.01
FSU,rur,d8,coal,20,2085,0.01
FSU,urb,d8,coal,20,2085,0.01
FSU,rur,d9,coal,20,2085,0.01
FSU,urb,d9,coal,20,2085,0.01
FSU,rur,d10,coal,20,2085,0.01
FSU,urb,d10,coal,20,2085,0.01
FSU,rur,d1,oil,20,2085,0.01
FSU,urb,d1,oil,20,2085,0.01
FSU,rur,d2,oil,20,2085,0.01
FSU,urb,d2,oil,20,2085,0.01
FSU,rur,d3,oil,20,2085,0.01
FSU,urb,d3,oil,20,2085,0.01
FSU,rur,d4,oil,20,2085,0.01
FSU,urb,d4,oil,20,2085,0.01
FSU,rur,d5,oil,20,2085,0.01
FSU,urb,d5,oil,20,2085,0.01
FSU,rur,d6,oil,20,2085,0.01
FSU,urb,d6,oil,20,2085,0.01
FSU,rur,d7,oil,20,2085,0.01
FSU,urb,d7,oil,20,2085,0.01
FSU,rur,d8,oil,20,2085,0.01
FSU,urb,d8,oil,20,2085,0.01
FSU,rur,d9,oil,20,2085,0.01
FSU,urb,d9,oil,20,2085,0.01
FSU,rur,d10,oil,20,2085,0.01
FSU,urb,d10,oil,20,2085,0.01
FSU,rur,d1,gas,20,2085,0.01
FSU,urb,d1,gas,20,2085,0.01
FSU,rur,d2,gas,20,2085,0.01
FSU,urb,d2,gas,20,2085,0.01
FSU,rur,d3,gas,20,2085,0.01
FSU,urb,d3,gas,20,2085,0.01
FSU,rur,d4,gas,20,2085,0.01
FSU,urb,d4,gas,20,2085,0.01
FSU,rur,d5,gas,20,2085,0.01
FSU,urb,d5,gas,20,2085,0.01
FSU,rur,d6,gas,20,2085,0.01
FSU,urb,d6,gas,20,2085,0.01
FSU,rur,d7,gas,20,2085,0.01
FSU,urb,d7,gas,20,2085,0.01
FSU,rur,d8,gas,20,2085,0.01
FSU,urb,d8,gas,20,2085,0.01
FSU,rur,d9,gas,20,2085,0.01
FSU,urb,d9,gas,20,2085,0.01
FSU,rur,d10,gas,20,2085,0.01
FSU,urb,d10,gas,20,2085,0.01
FSU,rur,d1,electricity,20,2085,0.01
FSU,urb,d1,electricity,20,2085,0.01
FSU,rur,d2,electricity,20,2085,0.01
FSU,urb,d2,electricity,20,2085,0.01
FSU,rur,d3,electricity,20,2085,0.01
FSU,urb,d3,electricity,20,2085,0.01
FSU,rur,d4,electricity,20,2085,0.01
FSU,urb,d4,electricity,20,2085,0.01
FSU,rur,d5,electricity,20,2085,0.01
FSU,urb,d5,electricity,20,2085,0.01
FSU,rur,d6,electricity,20,2085,0.01
FSU,urb,d6,electricity,20,2085,0.01
FSU,rur,d7,electricity,20,2085,0.01
FSU,urb,d7,electricity,20,2085,0.01
FSU,rur,d8,electricity,20,2085,0.01
FSU,urb,d8,electricity,20,2085,0.01
FSU,rur,d9,electricity,20,2085,0.01
FSU,urb,d9,electricity,20,2085,0.01
FSU,rur,d10,electricity,20,2085,0.01
FSU,urb,d10,electricity,20,2085,0.01
FSU,rur,d1,biomass_solid,20,2090,0.01
FSU,urb,d1,biomass_solid,20,2090,0.01
FSU,rur,d2,biomass_solid,20,2090,0.01
FSU,urb,d2,biomass_solid,20,2090,0.01
FSU,rur,d3,biomass_solid,20,2090,0.01
FSU,urb,d3,biomass_solid,20,2090,0.01
FSU,rur,d4,biomass_solid,20,2090,0.01
FSU,urb,d4,biomass_solid,20,2090,0.01
FSU,rur,d5,biomass_solid,20,2090,0.01
FSU,urb,d5,biomass_solid,20,2090,0.01
FSU,rur,d6,biomass_solid,20,2090,0.01
FSU,urb,d6,biomass_solid,20,2090,0.01
FSU,rur,d7,biomass_solid,20,2090,0.01
FSU,urb,d7,biomass_solid,20,2090,0.01
FSU,rur,d8,biomass_solid,20,2090,0.01
FSU,urb,d8,biomass_solid,20,2090,0.01
FSU,rur,d9,biomass_solid,20,2090,0.01
FSU,urb,d9,biomass_solid,20,2090,0.01
FSU,rur,d10,biomass_solid,20,2090,0.01
FSU,urb,d10,biomass_solid,20,2090,0.01
FSU,rur,d1,coal,20,2090,0.01
FSU,urb,d1,coal,20,2090,0.01
FSU,rur,d2,coal,20,2090,0.01
FSU,urb,d2,coal,20,2090,0.01
FSU,rur,d3,coal,20,2090,0.01
FSU,urb,d3,coal,20,2090,0.01
FSU,rur,d4,coal,20,2090,0.01
FSU,urb,d4,coal,20,2090,0.01
FSU,rur,d5,coal,20,2090,0.01
FSU,urb,d5,coal,20,2090,0.01
FSU,rur,d6,coal,20,2090,0.01
FSU,urb,d6,coal,20,2090,0.01
FSU,rur,d7,coal,20,2090,0.01
FSU,urb,d7,coal,20,2090,0.01
FSU,rur,d8,coal,20,2090,0.01
FSU,urb,d8,coal,20,2090,0.01
FSU,rur,d9,coal,20,2090,0.01
FSU,urb,d9,coal,20,2090,0.01
FSU,rur,d10,coal,20,2090,0.01
FSU,urb,d10,coal,20,2090,0.01
FSU,rur,d1,oil,20,2090,0.01
FSU,urb,d1,oil,20,2090,0.01
FSU,rur,d2,oil,20,2090,0.01
FSU,urb,d2,oil,20,2090,0.01
FSU,rur,d3,oil,20,2090,0.01
FSU,urb,d3,oil,20,2090,0.01
FSU,rur,d4,oil,20,2090,0.01
FSU,urb,d4,oil,20,2090,0.01
FSU,rur,d5,oil,20,2090,0.01
FSU,urb,d5,oil,20,2090,0.01
FSU,rur,d6,oil,20,2090,0.01
FSU,urb,d6,oil,20,2090,0.01
FSU,rur,d7,oil,20,2090,0.01
FSU,urb,d7,oil,20,2090,0.01
FSU,rur,d8,oil,20,2090,0.01
FSU,urb,d8,oil,20,2090,0.01
FSU,rur,d9,oil,20,2090,0.01
FSU,urb,d9,oil,20,2090,0.01
FSU,rur,d10,oil,20,2090,0.01
FSU,urb,d10,oil,20,2090,0.01
FSU,rur,d1,gas,20,2090,0.01
FSU,urb,d1,gas,20,2090,0.01
FSU,rur,d2,gas,20,2090,0.01
FSU,urb,d2,gas,20,2090,0.01
FSU,rur,d3,gas,20,2090,0.01
FSU,urb,d3,gas,20,2090,0.01
FSU,rur,d4,gas,20,2090,0.01
FSU,urb,d4,gas,20,2090,0.01
FSU,rur,d5,gas,20,2090,0.01
FSU,urb,d5,gas,20,2090,0.01
FSU,rur,d6,gas,20,2090,0.01
FSU,urb,d6,gas,20,2090,0.01
FSU,rur,d7,gas,20,2090,0.01
FSU,urb,d7,gas,20,2090,0.01
FSU,rur,d8,gas,20,2090,0.01
FSU,urb,d8,gas,20,2090,0.01
FSU,rur,d9,gas,20,2090,0.01
FSU,urb,d9,gas,20,2090,0.01
FSU,rur,d10,gas,20,2090,0.01
FSU,urb,d10,gas,20,2090,0.01
FSU,rur,d1,electricity,20,2090,0.01
FSU,urb,d1,electricity,20,2090,0.01
FSU,rur,d2,electricity,20,2090,0.01
FSU,urb,d2,electricity,20,2090,0.01
FSU,rur,d3,electricity,20,2090,0.01
FSU,urb,d3,electricity,20,2090,0.01
FSU,rur,d4,electricity,20,2090,0.01
FSU,urb,d4,electricity,20,2090,0.01
FSU,rur,d5,electricity,20,2090,0.01
FSU,urb,d5,electricity,20,2090,0.01
FSU,rur,d6,electricity,20,2090,0.01
FSU,urb,d6,electricity,20,2090,0.01
FSU,rur,d7,electricity,20,2090,0.01
FSU,urb,d7,electricity,20,2090,0.01
FSU,rur,d8,electricity,20,2090,0.01
FSU,urb,d8,electricity,20,2090,0.01
FSU,rur,d9,electricity,20,2090,0.01
FSU,urb,d9,electricity,20,2090,0.01
FSU,rur,d10,electricity,20,2090,0.01
FSU,urb,d10,electricity,20,2090,0.01
FSU,rur,d1,biomass_solid,20,2095,0.01
FSU,urb,d1,biomass_solid,20,2095,0.01
FSU,rur,d2,biomass_solid,20,2095,0.01
FSU,urb,d2,biomass_solid,20,2095,0.01
FSU,rur,d3,biomass_solid,20,2095,0.01
FSU,urb,d3,biomass_solid,20,2095,0.01
FSU,rur,d4,biomass_solid,20,2095,0.01
FSU,urb,d4,biomass_solid,20,2095,0.01
FSU,rur,d5,biomass_solid,20,2095,0.01
FSU,urb,d5,biomass_solid,20,2095,0.01
FSU,rur,d6,biomass_solid,20,2095,0.01
FSU,urb,d6,biomass_solid,20,2095,0.01
FSU,rur,d7,biomass_solid,20,2095,0.01
FSU,urb,d7,biomass_solid,20,2095,0.01
FSU,rur,d8,biomass_solid,20,2095,0.01
FSU,urb,d8,biomass_solid,20,2095,0.01
FSU,rur,d9,biomass_solid,20,2095,0.01
FSU,urb,d9,biomass_solid,20,2095,0.01
FSU,rur,d10,biomass_solid,20,2095,0.01
FSU,urb,d10,biomass_solid,20,2095,0.01
FSU,rur,d1,coal,20,2095,0.01
FSU,urb,d1,coal,20,2095,0.01
FSU,rur,d2,coal,20,2095,0.01
FSU,urb,d2,coal,20,2095,0.01
FSU,rur,d3,coal,20,2095,0.01
FSU,urb,d3,coal,20,2095,0.01
FSU,rur,d4,coal,20,2095,0.01
FSU,urb,d4,coal,20,2095,0.01
FSU,rur,d5,coal,20,2095,0.01
FSU,urb,d5,coal,20,2095,0.01
FSU,rur,d6,coal,20,2095,0.01
FSU,urb,d6,coal,20,2095,0.01
FSU,rur,d7,coal,20,2095,0.01
FSU,urb,d7,coal,20,2095,0.01
FSU,rur,d8,coal,20,2095,0.01
FSU,urb,d8,coal,20,2095,0.01
FSU,rur,d9,coal,20,2095,0.01
FSU,urb,d9,coal,20,2095,0.01
FSU,rur,d10,coal,20,2095,0.01
FSU,urb,d10,coal,20,2095,0.01
FSU,rur,d1,oil,20,2095,0.01
FSU,urb,d1,oil,20,2095,0.01
FSU,rur,d2,oil,20,2095,0.01
FSU,urb,d2,oil,20,2095,0.01
FSU,rur,d3,oil,20,2095,0.01
FSU,urb,d3,oil,20,2095,0.01
FSU,rur,d4,oil,20,2095,0.01
FSU,urb,d4,oil,20,2095,0.01
FSU,rur,d5,oil,20,2095,0.01
FSU,urb,d5,oil,20,2095,0.01
FSU,rur,d6,oil,20,2095,0.01
FSU,urb,d6,oil,20,2095,0.01
FSU,rur,d7,oil,20,2095,0.01
FSU,urb,d7,oil,20,2095,0.01
FSU,rur,d8,oil,20,2095,0.01
FSU,urb,d8,oil,20,2095,0.01
FSU,rur,d9,oil,20,2095,0.01
FSU,urb,d9,oil,20,2095,0.01
FSU,rur,d10,oil,20,2095,0.01
FSU,urb,d10,oil,20,2095,0.01
FSU,rur,d1,gas,20,2095,0.01
FSU,urb,d1,gas,20,2095,0.01
FSU,rur,d2,gas,20,2095,0.01
FSU,urb,d2,gas,20,2095,0.01
FSU,rur,d3,gas,20,2095,0.01
FSU,urb,d3,gas,20,2095,0.01
FSU,rur,d4,gas,20,2095,0.01
FSU,urb,d4,gas,20,2095,0.01
FSU,rur,d5,gas,20,2095,0.01
FSU,urb,d5,gas,20,2095,0.01
FSU,rur,d6,gas,20,2095,0.01
FSU,urb,d6,gas,20,2095,0.01
FSU,rur,d7,gas,20,2095,0.01
FSU,urb,d7,gas,20,2095,0.01
FSU,rur,d8,gas,20,2095,0.01
FSU,urb,d8,gas,20,2095,0.01
FSU,rur,d9,gas,20,2095,0.01
FSU,urb,d9,gas,20,2095,0.01
FSU,rur,d10,gas,20,2095,0.01
FSU,urb,d10,gas,20,2095,0.01
FSU,rur,d1,electricity,20,2095,0.01
FSU,urb,d1,electricity,20,2095,0.01
FSU,rur,d2,electricity,20,2095,0.01
FSU,urb,d2,electricity,20,2095,0.01
FSU,rur,d3,electricity,20,2095,0.01
FSU,urb,d3,electricity,20,2095,0.01
FSU,rur,d4,electricity,20,2095,0.01
FSU,urb,d4,electricity,20,2095,0.01
FSU,rur,d5,electricity,20,2095,0.01
FSU,urb,d5,electricity,20,2095,0.01
FSU,rur,d6,electricity,20,2095,0.01
FSU,urb,d6,electricity,20,2095,0.01
FSU,rur,d7,electricity,20,2095,0.01
FSU,urb,d7,electricity,20,2095,0.01
FSU,rur,d8,electricity,20,2095,0.01
FSU,urb,d8,electricity,20,2095,0.01
FSU,rur,d9,electricity,20,2095,0.01
FSU,urb,d9,electricity,20,2095,0.01
FSU,rur,d10,electricity,20,2095,0.01
FSU,urb,d10,electricity,20,2095,0.01
FSU,rur,d1,biomass_solid,20,2100,0.01
FSU,urb,d1,biomass_solid,20,2100,0.01
FSU,rur,d2,biomass_solid,20,2100,0.01
FSU,urb,d2,biomass_solid,20,2100,0.01
FSU,rur,d3,biomass_solid,20,2100,0.01
FSU,urb,d3,biomass_solid,20,2100,0.01
FSU,rur,d4,biomass_solid,20,2100,0.01
FSU,urb,d4,biomass_solid,20,2100,0.01
FSU,rur,d5,biomass_solid,20,2100,0.01
FSU,urb,d5,biomass_solid,20,2100,0.01
FSU,rur,d6,biomass_solid,20,2100,0.01
FSU,urb,d6,biomass_solid,20,2100,0.01
FSU,rur,d7,biomass_solid,20,2100,0.01
FSU,urb,d7,biomass_solid,20,2100,0.01
FSU,rur,d8,biomass_solid,20,2100,0.01
FSU,urb,d8,biomass_solid,20,2100,0.01
FSU,rur,d9,biomass_solid,20,2100,0.01
FSU,urb,d9,biomass_solid,20,2100,0.01
FSU,rur,d10,biomass_solid,20,2100,0.01
FSU,urb,d10,biomass_solid,20,2100,0.01
FSU,rur,d1,coal,20,2100,0.01
FSU,urb,d1,coal,20,2100,0.01
FSU,rur,d2,coal,20,2100,0.01
FSU,urb,d2,coal,20,2100,0.01
FSU,rur,d3,coal,20,2100,0.01
FSU,urb,d3,coal,20,2100,0.01
FSU,rur,d4,coal,20,2100,0.01
FSU,urb,d4,coal,20,2100,0.01
FSU,rur,d5,coal,20,2100,0.01
FSU,urb,d5,coal,20,2100,0.01
FSU,rur,d6,coal,20,2100,0.01
FSU,urb,d6,coal,20,2100,0.01
FSU,rur,d7,coal,20,2100,0.01
FSU,urb,d7,coal,20,2100,0.01
FSU,rur,d8,coal,20,2100,0.01
FSU,urb,d8,coal,20,2100,0.01
FSU,rur,d9,coal,20,2100,0.01
FSU,urb,d9,coal,20,2100,0.01
FSU,rur,d10,coal,20,2100,0.01
FSU,urb,d10,coal,20,2100,0.01
FSU,rur,d1,oil,20,2100,0.01
FSU,urb,d1,oil,20,2100,0.01
FSU,rur,d2,oil,20,2100,0.01
FSU,urb,d2,oil,20,2100,0.01
FSU,rur,d3,oil,20,2100,0.01
FSU,urb,d3,oil,20,2100,0.01
FSU,rur,d4,oil,20,2100,0.01
FSU,urb,d4,oil,20,2100,0.01
FSU,rur,d5,oil,20,2100,0.01
FSU,urb,d5,oil,20,2100,0.01
FSU,rur,d6,oil,20,2100,0.01
FSU,urb,d6,oil,20,2100,0.01
FSU,rur,d7,oil,20,2100,0.01
FSU,urb,d7,oil,20,2100,0.01
FSU,rur,d8,oil,20,2100,0.01
FSU,urb,d8,oil,20,2100,0.01
FSU,rur,d9,oil,20,2100,0.01
FSU,urb,d9,oil,20,2100,0.01
FSU,rur,d10,oil,20,2100,0.01
FSU,urb,d10,oil,20,2100,0.01
FSU,rur,d1,gas,20,2100,0.01
FSU,urb,d1,gas,20,2100,0.01
FSU,rur,d2,gas,20,2100,0.01
FSU,urb,d2,gas,20,2100,0.01
FSU,rur,d3,gas,20,2100,0.01
FSU,urb,d3,gas,20,2100,0.01
FSU,rur,d4,gas,20,2100,0.01
FSU,urb,d4,gas,20,2100,0.01
FSU,rur,d5,gas,20,2100,0.01
FSU,urb,d5,gas,20,2100,0.01
FSU,rur,d6,gas,20,2100,0.01
FSU,urb,d6,gas,20,2100,0.01
FSU,rur,d7,gas,20,2100,0.01
FSU,urb,d7,gas,20,2100,0.01
FSU,rur,d8,gas,20,2100,0.01
FSU,urb,d8,gas,20,2100,0.01
FSU,rur,d9,gas,20,2100,0.01
FSU,urb,d9,gas,20,2100,0.01
FSU,rur,d10,gas,20,2100,0.01
FSU,urb,d10,gas,20,2100,0.01
FSU,rur,d1,electricity,20,2100,0.01
FSU,urb,d1,electricity,20,2100,0.01
FSU,rur,d2,electricity,20,2100,0.01
FSU,urb,d2,electricity,20,2100,0.01
FSU,rur,d3,electricity,20,2100,0.01
FSU,urb,d3,electricity,20,2100,0.01
FSU,rur,d4,electricity,20,2100,0.01
FSU,urb,d4,electricity,20,2100,0.01
FSU,rur,d5,electricity,20,2100,0.01
FSU,urb,d5,electricity,20,2100,0.01
FSU,rur,d6,electricity,20,2100,0.01
FSU,urb,d6,electricity,20,2100,0.01
FSU,rur,d7,electricity,20,2100,0.01
FSU,urb,d7,electricity,20,2100,0.01
FSU,rur,d8,electricity,20,2100,0.01
FSU,urb,d8,electricity,20,2100,0.01
FSU,rur,d9,electricity,20,2100,0.01
FSU,urb,d9,electricity,20,2100,0.01
FSU,rur,d10,electricity,20,2100,0.01
FSU,urb,d10,electricity,20,2100,0.01
AFR,rur,d1,biomass_solid,20,2020,0.01
AFR,urb,d1,biomass_solid,20,2020,0.01
AFR,rur,d2,biomass_solid,20,2020,0.01
AFR,urb,d2,biomass_solid,20,2020,0.01
AFR,rur,d3,biomass_solid,20,2020,0.01
AFR,urb,d3,biomass_solid,20,2020,0.01
AFR,rur,d4,biomass_solid,20,2020,0.01
AFR,urb,d4,biomass_solid,20,2020,0.01
AFR,rur,d5,biomass_solid,20,2020,0.01
AFR,urb,d5,biomass_solid,20,2020,0.01
AFR,rur,d6,biomass_solid,20,2020,0.01
AFR,urb,d6,biomass_solid,20,2020,0.01
AFR,rur,d7,biomass_solid,20,2020,0.01
AFR,urb,d7,biomass_solid,20,2020,0.01
AFR,rur,d8,biomass_solid,20,2020,0.01
AFR,urb,d8,biomass_solid,20,2020,0.01
AFR,rur,d9,biomass_solid,20,2020,0.01
AFR,urb,d9,biomass_solid,20,2020,0.01
AFR,rur,d10,biomass_solid,20,2020,0.01
AFR,urb,d10,biomass_solid,20,2020,0.01
AFR,rur,d1,coal,20,2020,0.01
AFR,urb,d1,coal,20,2020,0.01
AFR,rur,d2,coal,20,2020,0.01
AFR,urb,d2,coal,20,2020,0.01
AFR,rur,d3,coal,20,2020,0.01
AFR,urb,d3,coal,20,2020,0.01
AFR,rur,d4,coal,20,2020,0.01
AFR,urb,d4,coal,20,2020,0.01
AFR,rur,d5,coal,20,2020,0.01
AFR,urb,d5,coal,20,2020,0.01
AFR,rur,d6,coal,20,2020,0.01
AFR,urb,d6,coal,20,2020,0.01
AFR,rur,d7,coal,20,2020,0.01
AFR,urb,d7,coal,20,2020,0.01
AFR,rur,d8,coal,20,2020,0.01
AFR,urb,d8,coal,20,2020,0.01
AFR,rur,d9,coal,20,2020,0.01
AFR,urb,d9,coal,20,2020,0.01
AFR,rur,d10,coal,20,2020,0.01
AFR,urb,d10,coal,20,2020,0.01
AFR,rur,d1,oil,20,2020,0.01
AFR,urb,d1,oil,20,2020,0.01
AFR,rur,d2,oil,20,2020,0.01
AFR,urb,d2,oil,20,2020,0.01
AFR,rur,d3,oil,20,2020,0.01
AFR,urb,d3,oil,20,2020,0.01
AFR,rur,d4,oil,20,2020,0.01
AFR,urb,d4,oil,20,2020,0.01
AFR,rur,d5,oil,20,2020,0.01
AFR,urb,d5,oil,20,2020,0.01
AFR,rur,d6,oil,20,2020,0.01
AFR,urb,d6,oil,20,2020,0.01
AFR,rur,d7,oil,20,2020,0.01
AFR,urb,d7,oil,20,2020,0.01
AFR,rur,d8,oil,20,2020,0.01
AFR,urb,d8,oil,20,2020,0.01
AFR,rur,d9,oil,20,2020,0.01
AFR,urb,d9,oil,20,2020,0.01
AFR,rur,d10,oil,20,2020,0.01
AFR,urb,d10,oil,20,2020,0.01
AFR,rur,d1,gas,20,2020,0.01
AFR,urb,d1,gas,20,2020,0.01
AFR,rur,d2,gas,20,2020,0.01
AFR,urb,d2,gas,20,2020,0.01
AFR,rur,d3,gas,20,2020,0.01
AFR,urb,d3,gas,20,2020,0.01
AFR,rur,d4,gas,20,2020,0.01
AFR,urb,d4,gas,20,2020,0.01
AFR,rur,d5,gas,20,2020,0.01
AFR,urb,d5,gas,20,2020,0.01
AFR,rur,d6,gas,20,2020,0.01
AFR,urb,d6,gas,20,2020,0.01
AFR,rur,d7,gas,20,2020,0.01
AFR,urb,d7,gas,20,2020,0.01
AFR,rur,d8,gas,20,2020,0.01
AFR,urb,d8,gas,20,2020,0.01
AFR,rur,d9,gas,20,2020,0.01
AFR,urb,d9,gas,20,2020,0.01
AFR,rur,d10,gas,20,2020,0.01
AFR,urb,d10,gas,20,2020,0.01
AFR,rur,d1,electricity,20,2020,0.01
AFR,urb,d1,electricity,20,2020,0.01
AFR,rur,d2,electricity,20,2020,0.01
AFR,urb,d2,electricity,20,2020,0.01
AFR,rur,d3,electricity,20,2020,0.01
AFR,urb,d3,electricity,20,2020,0.01
AFR,rur,d4,electricity,20,2020,0.01
AFR,urb,d4,electricity,20,2020,0.01
AFR,rur,d5,electricity,20,2020,0.01
AFR,urb,d5,electricity,20,2020,0.01
AFR,rur,d6,electricity,20,2020,0.01
AFR,urb,d6,electricity,20,2020,0.01
AFR,rur,d7,electricity,20,2020,0.01
AFR,urb,d7,electricity,20,2020,0.01
AFR,rur,d8,electricity,20,2020,0.01
AFR,urb,d8,electricity,20,2020,0.01
AFR,rur,d9,electricity,20,2020,0.01
AFR,urb,d9,electricity,20,2020,0.01
AFR,rur,d10,electricity,20,2020,0.01
AFR,urb,d10,electricity,20,2020,0.01
AFR,rur,d1,biomass_solid,20,2025,0.01
AFR,urb,d1,biomass_solid,20,2025,0.01
AFR,rur,d2,biomass_solid,20,2025,0.01
AFR,urb,d2,biomass_solid,20,2025,0.01
AFR,rur,d3,biomass_solid,20,2025,0.01
AFR,urb,d3,biomass_solid,20,2025,0.01
AFR,rur,d4,biomass_solid,20,2025,0.01
AFR,urb,d4,biomass_solid,20,2025,0.01
AFR,rur,d5,biomass_solid,20,2025,0.01
AFR,urb,d5,biomass_solid,20,2025,0.01
AFR,rur,d6,biomass_solid,20,2025,0.01
AFR,urb,d6,biomass_solid,20,2025,0.01
AFR,rur,d7,biomass_solid,20,2025,0.01
AFR,urb,d7,biomass_solid,20,2025,0.01
AFR,rur,d8,biomass_solid,20,2025,0.01
AFR,urb,d8,biomass_solid,20,2025,0.01
AFR,rur,d9,biomass_solid,20,2025,0.01
AFR,urb,d9,biomass_solid,20,2025,0.01
AFR,rur,d10,biomass_solid,20,2025,0.01
AFR,urb,d10,biomass_solid,20,2025,0.01
AFR,rur,d1,coal,20,2025,0.01
AFR,urb,d1,coal,20,2025,0.01
AFR,rur,d2,coal,20,2025,0.01
AFR,urb,d2,coal,20,2025,0.01
AFR,rur,d3,coal,20,2025,0.01
AFR,urb,d3,coal,20,2025,0.01
AFR,rur,d4,coal,20,2025,0.01
AFR,urb,d4,coal,20,2025,0.01
AFR,rur,d5,coal,20,2025,0.01
AFR,urb,d5,coal,20,2025,0.01
AFR,rur,d6,coal,20,2025,0.01
AFR,urb,d6,coal,20,2025,0.01
AFR,rur,d7,coal,20,2025,0.01
AFR,urb,d7,coal,20,2025,0.01
AFR,rur,d8,coal,20,2025,0.01
AFR,urb,d8,coal,20,2025,0.01
AFR,rur,d9,coal,20,2025,0.01
AFR,urb,d9,coal,20,2025,0.01
AFR,rur,d10,coal,20,2025,0.01
AFR,urb,d10,coal,20,2025,0.01
AFR,rur,d1,oil,20,2025,0.01
AFR,urb,d1,oil,20,2025,0.01
AFR,rur,d2,oil,20,2025,0.01
AFR,urb,d2,oil,20,2025,0.01
AFR,rur,d3,oil,20,2025,0.01
AFR,urb,d3,oil,20,2025,0.01
AFR,rur,d4,oil,20,2025,0.01
AFR,urb,d4,oil,20,2025,0.01
AFR,rur,d5,oil,20,2025,0.01
AFR,urb,d5,oil,20,2025,0.01
AFR,rur,d6,oil,20,2025,0.01
AFR,urb,d6,oil,20,2025,0.01
AFR,rur,d7,oil,20,2025,0.01
AFR,urb,d7,oil,20,2025,0.01
AFR,rur,d8,oil,20,2025,0.01
AFR,urb,d8,oil,20,2025,0.01
AFR,rur,d9,oil,20,2025,0.01
AFR,urb,d9,oil,20,2025,0.01
AFR,rur,d10,oil,20,2025,0.01
AFR,urb,d10,oil,20,2025,0.01
AFR,rur,d1,gas,20,2025,0.01
AFR,urb,d1,gas,20,2025,0.01
AFR,rur,d2,gas,20,2025,0.01
AFR,urb,d2,gas,20,2025,0.01
AFR,rur,d3,gas,20,2025,0.01
AFR,urb,d3,gas,20,2025,0.01
AFR,rur,d4,gas,20,2025,0.01
AFR,urb,d4,gas,20,2025,0.01
AFR,rur,d5,gas,20,2025,0.01
AFR,urb,d5,gas,20,2025,0.01
AFR,rur,d6,gas,20,2025,0.01
AFR,urb,d6,gas,20,2025,0.01
AFR,rur,d7,gas,20,2025,0.01
AFR,urb,d7,gas,20,2025,0.01
AFR,rur,d8,gas,20,2025,0.01
AFR,urb,d8,gas,20,2025,0.01
AFR,rur,d9,gas,20,2025,0.01
AFR,urb,d9,gas,20,2025,0.01
AFR,rur,d10,gas,20,2025,0.01
AFR,urb,d10,gas,20,2025,0.01
AFR,rur,d1,electricity,20,2025,0.01
AFR,urb,d1,electricity,20,2025,0.01
AFR,rur,d2,electricity,20,2025,0.01
AFR,urb,d2,electricity,20,2025,0.01
AFR,rur,d3,electricity,20,2025,0.01
AFR,urb,d3,electricity,20,2025,0.01
AFR,rur,d4,electricity,20,2025,0.01
AFR,urb,d4,electricity,20,2025,0.01
AFR,rur,d5,electricity,20,2025,0.01
AFR,urb,d5,electricity,20,2025,0.01
AFR,rur,d6,electricity,20,2025,0.01
AFR,urb,d6,electricity,20,2025,0.01
AFR,rur,d7,electricity,20,2025,0.01
AFR,urb,d7,electricity,20,2025,0.01
AFR,rur,d8,electricity,20,2025,0.01
AFR,urb,d8,electricity,20,2025,0.01
AFR,rur,d9,electricity,20,2025,0.01
AFR,urb,d9,electricity,20,2025,0.01
AFR,rur,d10,electricity,20,2025,0.01
AFR,urb,d10,electricity,20,2025,0.01
AFR,rur,d1,biomass_solid,20,2030,0.01
AFR,urb,d1,biomass_solid,20,2030,0.01
AFR,rur,d2,biomass_solid,20,2030,0.01
AFR,urb,d2,biomass_solid,20,2030,0.01
AFR,rur,d3,biomass_solid,20,2030,0.01
AFR,urb,d3,biomass_solid,20,2030,0.01
AFR,rur,d4,biomass_solid,20,2030,0.01
AFR,urb,d4,biomass_solid,20,2030,0.01
AFR,rur,d5,biomass_solid,20,2030,0.01
AFR,urb,d5,biomass_solid,20,2030,0.01
AFR,rur,d6,biomass_solid,20,2030,0.01
AFR,urb,d6,biomass_solid,20,2030,0.01
AFR,rur,d7,biomass_solid,20,2030,0.01
AFR,urb,d7,biomass_solid,20,2030,0.01
AFR,rur,d8,biomass_solid,20,2030,0.01
AFR,urb,d8,biomass_solid,20,2030,0.01
AFR,rur,d9,biomass_solid,20,2030,0.01
AFR,urb,d9,biomass_solid,20,2030,0.01
AFR,rur,d10,biomass_solid,20,2030,0.01
AFR,urb,d10,biomass_solid,20,2030,0.01
AFR,rur,d1,coal,20,2030,0.01
AFR,urb,d1,coal,20,2030,0.01
AFR,rur,d2,coal,20,2030,0.01
AFR,urb,d2,coal,20,2030,0.01
AFR,rur,d3,coal,20,2030,0.01
AFR,urb,d3,coal,20,2030,0.01
AFR,rur,d4,coal,20,2030,0.01
AFR,urb,d4,coal,20,2030,0.01
AFR,rur,d5,coal,20,2030,0.01
AFR,urb,d5,coal,20,2030,0.01
AFR,rur,d6,coal,20,2030,0.01
AFR,urb,d6,coal,20,2030,0.01
AFR,rur,d7,coal,20,2030,0.01
AFR,urb,d7,coal,20,2030,0.01
AFR,rur,d8,coal,20,2030,0.01
AFR,urb,d8,coal,20,2030,0.01
AFR,rur,d9,coal,20,2030,0.01
AFR,urb,d9,coal,20,2030,0.01
AFR,rur,d10,coal,20,2030,0.01
AFR,urb,d10,coal,20,2030,0.01
AFR,rur,d1,oil,20,2030,0.01
AFR,urb,d1,oil,20,2030,0.01
AFR,rur,d2,oil,20,2030,0.01
AFR,urb,d2,oil,20,2030,0.01
AFR,rur,d3,oil,20,2030,0.01
AFR,urb,d3,oil,20,2030,0.01
AFR,rur,d4,oil,20,2030,0.01
AFR,urb,d4,oil,20,2030,0.01
AFR,rur,d5,oil,20,2030,0.01
AFR,urb,d5,oil,20,2030,0.01
AFR,rur,d6,oil,20,2030,0.01
AFR,urb,d6,oil,20,2030,0.01
AFR,rur,d7,oil,20,2030,0.01
AFR,urb,d7,oil,20,2030,0.01
AFR,rur,d8,oil,20,2030,0.01
AFR,urb,d8,oil,20,2030,0.01
AFR,rur,d9,oil,20,2030,0.01
AFR,urb,d9,oil,20,2030,0.01
AFR,rur,d10,oil,20,2030,0.01
AFR,urb,d10,oil,20,2030,0.01
AFR,rur,d1,gas,20,2030,0.01
AFR,urb,d1,gas,20,2030,0.01
AFR,rur,d2,gas,20,2030,0.01
AFR,urb,d2,gas,20,2030,0.01
AFR,rur,d3,gas,20,2030,0.01
AFR,urb,d3,gas,20,2030,0.01
AFR,rur,d4,gas,20,2030,0.01
AFR,urb,d4,gas,20,2030,0.01
AFR,rur,d5,gas,20,2030,0.01
AFR,urb,d5,gas,20,2030,0.01
AFR,rur,d6,gas,20,2030,0.01
AFR,urb,d6,gas,20,2030,0.01
AFR,rur,d7,gas,20,2030,0.01
AFR,urb,d7,gas,20,2030,0.01
AFR,rur,d8,gas,20,2030,0.01
AFR,urb,d8,gas,20,2030,0.01
AFR,rur,d9,gas,20,2030,0.01
AFR,urb,d9,gas,20,2030,0.01
AFR,rur,d10,gas,20,2030,0.01
AFR,urb,d10,gas,20,2030,0.01
AFR,rur,d1,electricity,20,2030,0.01
AFR,urb,d1,electricity,20,2030,0.01
AFR,rur,d2,electricity,20,2030,0.01
AFR,urb,d2,electricity,20,2030,0.01
AFR,rur,d3,electricity,20,2030,0.01
AFR,urb,d3,electricity,20,2030,0.01
AFR,rur,d4,electricity,20,2030,0.01
AFR,urb,d4,electricity,20,2030,0.01
AFR,rur,d5,electricity,20,2030,0.01
AFR,urb,d5,electricity,20,2030,0.01
AFR,rur,d6,electricity,20,2030,0.01
AFR,urb,d6,electricity,20,2030,0.01
AFR,rur,d7,electricity,20,2030,0.01
AFR,urb,d7,electricity,20,2030,0.01
AFR,rur,d8,electricity,20,2030,0.01
AFR,urb,d8,electricity,20,2030,0.01
AFR,rur,d9,electricity,20,2030,0.01
AFR,urb,d9,electricity,20,2030,0.01
AFR,rur,d10,electricity,20,2030,0.01
AFR,urb,d10,electricity,20,2030,0.01
AFR,rur,d1,biomass_solid,20,2035,0.01
AFR,urb,d1,biomass_solid,20,2035,0.01
AFR,rur,d2,biomass_solid,20,2035,0.01
AFR,urb,d2,biomass_solid,20,2035,0.01
AFR,rur,d3,biomass_solid,20,2035,0.01
AFR,urb,d3,biomass_solid,20,2035,0.01
AFR,rur,d4,biomass_solid,20,2035,0.01
AFR,urb,d4,biomass_solid,20,2035,0.01
AFR,rur,d5,biomass_solid,20,2035,0.01
AFR,urb,d5,biomass_solid,20,2035,0.01
AFR,rur,d6,biomass_solid,20,2035,0.01
AFR,urb,d6,biomass_solid,20,2035,0.01
AFR,rur,d7,biomass_solid,20,2035,0.01
AFR,urb,d7,biomass_solid,20,2035,0.01
AFR,rur,d8,biomass_solid,20,2035,0.01
AFR,urb,d8,biomass_solid,20,2035,0.01
AFR,rur,d9,biomass_solid,20,2035,0.01
AFR,urb,d9,biomass_solid,20,2035,0.01
AFR,rur,d10,biomass_solid,20,2035,0.01
AFR,urb,d10,biomass_solid,20,2035,0.01
AFR,rur,d1,coal,20,2035,0.01
AFR,urb,d1,coal,20,2035,0.01
AFR,rur,d2,coal,20,2035,0.01
AFR,urb,d2,coal,20,2035,0.01
AFR,rur,d3,coal,20,2035,0.01
AFR,urb,d3,coal,20,2035,0.01
AFR,rur,d4,coal,20,2035,0.01
AFR,urb,d4,coal,20,2035,0.01
AFR,rur,d5,coal,20,2035,0.01
AFR,urb,d5,coal,20,2035,0.01
AFR,rur,d6,coal,20,2035,0.01
AFR,urb,d6,coal,20,2035,0.01
AFR,rur,d7,coal,20,2035,0.01
AFR,urb,d7,coal,20,2035,0.01
AFR,rur,d8,coal,20,2035,0.01
AFR,urb,d8,coal,20,2035,0.01
AFR,rur,d9,coal,20,2035,0.01
AFR,urb,d9,coal,20,2035,0.01
AFR,rur,d10,coal,20,2035,0.01
AFR,urb,d10,coal,20,2035,0.01
AFR,rur,d1,oil,20,2035,0.01
AFR,urb,d1,oil,20,2035,0.01
AFR,rur,d2,oil,20,2035,0.01
AFR,urb,d2,oil,20,2035,0.01
AFR,rur,d3,oil,20,2035,0.01
AFR,urb,d3,oil,20,2035,0.01
AFR,rur,d4,oil,20,2035,0.01
AFR,urb,d4,oil,20,2035,0.01
AFR,rur,d5,oil,20,2035,0.01
AFR,urb,d5,oil,20,2035,0.01
AFR,rur,d6,oil,20,2035,0.01
AFR,urb,d6,oil,20,2035,0.01
AFR,rur,d7,oil,20,2035,0.01
AFR,urb,d7,oil,20,2035,0.01
AFR,rur,d8,oil,20,2035,0.01
AFR,urb,d8,oil,20,2035,0.01
AFR,rur,d9,oil,20,2035,0.01
AFR,urb,d9,oil,20,2035,0.01
AFR,rur,d10,oil,20,2035,0.01
AFR,urb,d10,oil,20,2035,0.01
AFR,rur,d1,gas,20,2035,0.01
AFR,urb,d1,gas,20,2035,0.01
AFR,rur,d2,gas,20,2035,0.01
AFR,urb,d2,gas,20,2035,0.01
AFR,rur,d3,gas,20,2035,0.01
AFR,urb,d3,gas,20,2035,0.01
AFR,rur,d4,gas,20,2035,0.01
AFR,urb,d4,gas,20,2035,0.01
AFR,rur,d5,gas,20,2035,0.01
AFR,urb,d5,gas,20,2035,0.01
AFR,rur,d6,gas,20,2035,0.01
AFR,urb,d6,gas,20,2035,0.01
AFR,rur,d7,gas,20,2035,0.01
AFR,urb,d7,gas,20,2035,0.01
AFR,rur,d8,gas,20,2035,0.01
AFR,urb,d8,gas,20,2035,0.01
AFR,rur,d9,gas,20,2035,0.01
AFR,urb,d9,gas,20,2035,0.01
AFR,rur,d10,gas,20,2035,0.01
AFR,urb,d10,gas,20,2035,0.01
AFR,rur,d1,electricity,20,2035,0.01
AFR,urb,d1,electricity,20,2035,0.01
AFR,rur,d2,electricity,20,2035,0.01
AFR,urb,d2,electricity,20,2035,0.01
AFR,rur,d3,electricity,20,2035,0.01
AFR,urb,d3,electricity,20,2035,0.01
AFR,rur,d4,electricity,20,2035,0.01
AFR,urb,d4,electricity,20,2035,0.01
AFR,rur,d5,electricity,20,2035,0.01
AFR,urb,d5,electricity,20,2035,0.01
AFR,rur,d6,electricity,20,2035,0.01
AFR,urb,d6,electricity,20,2035,0.01
AFR,rur,d7,electricity,20,2035,0.01
AFR,urb,d7,electricity,20,2035,0.01
AFR,rur,d8,electricity,20,2035,0.01
AFR,urb,d8,electricity,20,2035,0.01
AFR,rur,d9,electricity,20,2035,0.01
AFR,urb,d9,electricity,20,2035,0.01
AFR,rur,d10,electricity,20,2035,0.01
AFR,urb,d10,electricity,20,2035,0.01
AFR,rur,d1,biomass_solid,20,2040,0.01
AFR,urb,d1,biomass_solid,20,2040,0.01
AFR,rur,d2,biomass_solid,20,2040,0.01
AFR,urb,d2,biomass_solid,20,2040,0.01
AFR,rur,d3,biomass_solid,20,2040,0.01
AFR,urb,d3,biomass_solid,20,2040,0.01
AFR,rur,d4,biomass_solid,20,2040,0.01
AFR,urb,d4,biomass_solid,20,2040,0.01
AFR,rur,d5,biomass_solid,20,2040,0.01
AFR,urb,d5,biomass_solid,20,2040,0.01
AFR,rur,d6,biomass_solid,20,2040,0.01
AFR,urb,d6,biomass_solid,20,2040,0.01
AFR,rur,d7,biomass_solid,20,2040,0.01
AFR,urb,d7,biomass_solid,20,2040,0.01
AFR,rur,d8,biomass_solid,20,2040,0.01
AFR,urb,d8,biomass_solid,20,2040,0.01
AFR,rur,d9,biomass_solid,20,2040,0.01
AFR,urb,d9,biomass_solid,20,2040,0.01
AFR,rur,d10,biomass_solid,20,2040,0.01
AFR,urb,d10,biomass_solid,20,2040,0.01
AFR,rur,d1,coal,20,2040,0.01
AFR,urb,d1,coal,20,2040,0.01
AFR,rur,d2,coal,20,2040,0.01
AFR,urb,d2,coal,20,2040,0.01
AFR,rur,d3,coal,20,2040,0.01
AFR,urb,d3,coal,20,2040,0.01
AFR,rur,d4,coal,20,2040,0.01
AFR,urb,d4,coal,20,2040,0.01
AFR,rur,d5,coal,20,2040,0.01
AFR,urb,d5,coal,20,2040,0.01
AFR,rur,d6,coal,20,2040,0.01
AFR,urb,d6,coal,20,2040,0.01
AFR,rur,d7,coal,20,2040,0.01
AFR,urb,d7,coal,20,2040,0.01
AFR,rur,d8,coal,20,2040,0.01
AFR,urb,d8,coal,20,2040,0.01
AFR,rur,d9,coal,20,2040,0.01
AFR,urb,d9,coal,20,2040,0.01
AFR,rur,d10,coal,20,2040,0.01
AFR,urb,d10,coal,20,2040,0.01
AFR,rur,d1,oil,20,2040,0.01
AFR,urb,d1,oil,20,2040,0.01
AFR,rur,d2,oil,20,2040,0.01
AFR,urb,d2,oil,20,2040,0.01
AFR,rur,d3,oil,20,2040,0.01
AFR,urb,d3,oil,20,2040,0.01
AFR,rur,d4,oil,20,2040,0.01
AFR,urb,d4,oil,20,2040,0.01
AFR,rur,d5,oil,20,2040,0.01
AFR,urb,d5,oil,20,2040,0.01
AFR,rur,d6,oil,20,2040,0.01
AFR,urb,d6,oil,20,2040,0.01
AFR,rur,d7,oil,20,2040,0.01
AFR,urb,d7,oil,20,2040,0.01
AFR,rur,d8,oil,20,2040,0.01
AFR,urb,d8,oil,20,2040,0.01
AFR,rur,d9,oil,20,2040,0.01
AFR,urb,d9,oil,20,2040,0.01
AFR,rur,d10,oil,20,2040,0.01
AFR,urb,d10,oil,20,2040,0.01
AFR,rur,d1,gas,20,2040,0.01
AFR,urb,d1,gas,20,2040,0.01
AFR,rur,d2,gas,20,2040,0.01
AFR,urb,d2,gas,20,2040,0.01
AFR,rur,d3,gas,20,2040,0.01
AFR,urb,d3,gas,20,2040,0.01
AFR,rur,d4,gas,20,2040,0.01
AFR,urb,d4,gas,20,2040,0.01
AFR,rur,d5,gas,20,2040,0.01
AFR,urb,d5,gas,20,2040,0.01
AFR,rur,d6,gas,20,2040,0.01
AFR,urb,d6,gas,20,2040,0.01
AFR,rur,d7,gas,20,2040,0.01
AFR,urb,d7,gas,20,2040,0.01
AFR,rur,d8,gas,20,2040,0.01
AFR,urb,d8,gas,20,2040,0.01
AFR,rur,d9,gas,20,2040,0.01
AFR,urb,d9,gas,20,2040,0.01
AFR,rur,d10,gas,20,2040,0.01
AFR,urb,d10,gas,20,2040,0.01
AFR,rur,d1,electricity,20,2040,0.01
AFR,urb,d1,electricity,20,2040,0.01
AFR,rur,d2,electricity,20,2040,0.01
AFR,urb,d2,electricity,20,2040,0.01
AFR,rur,d3,electricity,20,2040,0.01
AFR,urb,d3,electricity,20,2040,0.01
AFR,rur,d4,electricity,20,2040,0.01
AFR,urb,d4,electricity,20,2040,0.01
AFR,rur,d5,electricity,20,2040,0.01
AFR,urb,d5,electricity,20,2040,0.01
AFR,rur,d6,electricity,20,2040,0.01
AFR,urb,d6,electricity,20,2040,0.01
AFR,rur,d7,electricity,20,2040,0.01
AFR,urb,d7,electricity,20,2040,0.01
AFR,rur,d8,electricity,20,2040,0.01
AFR,urb,d8,electricity,20,2040,0.01
AFR,rur,d9,electricity,20,2040,0.01
AFR,urb,d9,electricity,20,2040,0.01
AFR,rur,d10,electricity,20,2040,0.01
AFR,urb,d10,electricity,20,2040,0.01
AFR,rur,d1,biomass_solid,20,2045,0.01
AFR,urb,d1,biomass_solid,20,2045,0.01
AFR,rur,d2,biomass_solid,20,2045,0.01
AFR,urb,d2,biomass_solid,20,2045,0.01
AFR,rur,d3,biomass_solid,20,2045,0.01
AFR,urb,d3,biomass_solid,20,2045,0.01
AFR,rur,d4,biomass_solid,20,2045,0.01
AFR,urb,d4,biomass_solid,20,2045,0.01
AFR,rur,d5,biomass_solid,20,2045,0.01
AFR,urb,d5,biomass_solid,20,2045,0.01
AFR,rur,d6,biomass_solid,20,2045,0.01
AFR,urb,d6,biomass_solid,20,2045,0.01
AFR,rur,d7,biomass_solid,20,2045,0.01
AFR,urb,d7,biomass_solid,20,2045,0.01
AFR,rur,d8,biomass_solid,20,2045,0.01
AFR,urb,d8,biomass_solid,20,2045,0.01
AFR,rur,d9,biomass_solid,20,2045,0.01
AFR,urb,d9,biomass_solid,20,2045,0.01
AFR,rur,d10,biomass_solid,20,2045,0.01
AFR,urb,d10,biomass_solid,20,2045,0.01
AFR,rur,d1,coal,20,2045,0.01
AFR,urb,d1,coal,20,2045,0.01
AFR,rur,d2,coal,20,2045,0.01
AFR,urb,d2,coal,20,2045,0.01
AFR,rur,d3,coal,20,2045,0.01
AFR,urb,d3,coal,20,2045,0.01
AFR,rur,d4,coal,20,2045,0.01
AFR,urb,d4,coal,20,2045,0.01
AFR,rur,d5,coal,20,2045,0.01
AFR,urb,d5,coal,20,2045,0.01
AFR,rur,d6,coal,20,2045,0.01
AFR,urb,d6,coal,20,2045,0.01
AFR,rur,d7,coal,20,2045,0.01
AFR,urb,d7,coal,20,2045,0.01
AFR,rur,d8,coal,20,2045,0.01
AFR,urb,d8,coal,20,2045,0.01
AFR,rur,d9,coal,20,2045,0.01
AFR,urb,d9,coal,20,2045,0.01
AFR,rur,d10,coal,20,2045,0.01
AFR,urb,d10,coal,20,2045,0.01
AFR,rur,d1,oil,20,2045,0.01
AFR,urb,d1,oil,20,2045,0.01
AFR,rur,d2,oil,20,2045,0.01
AFR,urb,d2,oil,20,2045,0.01
AFR,rur,d3,oil,20,2045,0.01
AFR,urb,d3,oil,20,2045,0.01
AFR,rur,d4,oil,20,2045,0.01
AFR,urb,d4,oil,20,2045,0.01
AFR,rur,d5,oil,20,2045,0.01
AFR,urb,d5,oil,20,2045,0.01
AFR,rur,d6,oil,20,2045,0.01
AFR,urb,d6,oil,20,2045,0.01
AFR,rur,d7,oil,20,2045,0.01
AFR,urb,d7,oil,20,2045,0.01
AFR,rur,d8,oil,20,2045,0.01
AFR,urb,d8,oil,20,2045,0.01
AFR,rur,d9,oil,20,2045,0.01
AFR,urb,d9,oil,20,2045,0.01
AFR,rur,d10,oil,20,2045,0.01
AFR,urb,d10,oil,20,2045,0.01
AFR,rur,d1,gas,20,2045,0.01
AFR,urb,d1,gas,20,2045,0.01
AFR,rur,d2,gas,20,2045,0.01
AFR,urb,d2,gas,20,2045,0.01
AFR,rur,d3,gas,20,2045,0.01
AFR,urb,d3,gas,20,2045,0.01
AFR,rur,d4,gas,20,2045,0.01
AFR,urb,d4,gas,20,2045,0.01
AFR,rur,d5,gas,20,2045,0.01
AFR,urb,d5,gas,20,2045,0.01
AFR,rur,d6,gas,20,2045,0.01
AFR,urb,d6,gas,20,2045,0.01
AFR,rur,d7,gas,20,2045,0.01
AFR,urb,d7,gas,20,2045,0.01
AFR,rur,d8,gas,20,2045,0.01
AFR,urb,d8,gas,20,2045,0.01
AFR,rur,d9,gas,20,2045,0.01
AFR,urb,d9,gas,20,2045,0.01
AFR,rur,d10,gas,20,2045,0.01
AFR,urb,d10,gas,20,2045,0.01
AFR,rur,d1,electricity,20,2045,0.01
AFR,urb,d1,electricity,20,2045,0.01
AFR,rur,d2,electricity,20,2045,0.01
AFR,urb,d2,electricity,20,2045,0.01
AFR,rur,d3,electricity,20,2045,0.01
AFR,urb,d3,electricity,20,2045,0.01
AFR,rur,d4,electricity,20,2045,0.01
AFR,urb,d4,electricity,20,2045,0.01
AFR,rur,d5,electricity,20,2045,0.01
AFR,urb,d5,electricity,20,2045,0.01
AFR,rur,d6,electricity,20,2045,0.01
AFR,urb,d6,electricity,20,2045,0.01
AFR,rur,d7,electricity,20,2045,0.01
AFR,urb,d7,electricity,20,2045,0.01
AFR,rur,d8,electricity,20,2045,0.01
AFR,urb,d8,electricity,20,2045,0.01
AFR,rur,d9,electricity,20,2045,0.01
AFR,urb,d9,electricity,20,2045,0.01
AFR,rur,d10,electricity,20,2045,0.01
AFR,urb,d10,electricity,20,2045,0.01
AFR,rur,d1,biomass_solid,20,2050,0.01
AFR,urb,d1,biomass_solid,20,2050,0.01
AFR,rur,d2,biomass_solid,20,2050,0.01
AFR,urb,d2,biomass_solid,20,2050,0.01
AFR,rur,d3,biomass_solid,20,2050,0.01
AFR,urb,d3,biomass_solid,20,2050,0.01
AFR,rur,d4,biomass_solid,20,2050,0.01
AFR,urb,d4,biomass_solid,20,2050,0.01
AFR,rur,d5,biomass_solid,20,2050,0.01
AFR,urb,d5,biomass_solid,20,2050,0.01
AFR,rur,d6,biomass_solid,20,2050,0.01
AFR,urb,d6,biomass_solid,20,2050,0.01
AFR,rur,d7,biomass_solid,20,2050,0.01
AFR,urb,d7,biomass_solid,20,2050,0.01
AFR,rur,d8,biomass_solid,20,2050,0.01
AFR,urb,d8,biomass_solid,20,2050,0.01
AFR,rur,d9,biomass_solid,20,2050,0.01
AFR,urb,d9,biomass_solid,20,2050,0.01
AFR,rur,d10,biomass_solid,20,2050,0.01
AFR,urb,d10,biomass_solid,20,2050,0.01
AFR,rur,d1,coal,20,2050,0.01
AFR,urb,d1,coal,20,2050,0.01
AFR,rur,d2,coal,20,2050,0.01
AFR,urb,d2,coal,20,2050,0.01
AFR,rur,d3,coal,20,2050,0.01
AFR,urb,d3,coal,20,2050,0.01
AFR,rur,d4,coal,20,2050,0.01
AFR,urb,d4,coal,20,2050,0.01
AFR,rur,d5,coal,20,2050,0.01
AFR,urb,d5,coal,20,2050,0.01
AFR,rur,d6,coal,20,2050,0.01
AFR,urb,d6,coal,20,2050,0.01
AFR,rur,d7,coal,20,2050,0.01
AFR,urb,d7,coal,20,2050,0.01
AFR,rur,d8,coal,20,2050,0.01
AFR,urb,d8,coal,20,2050,0.01
AFR,rur,d9,coal,20,2050,0.01
AFR,urb,d9,coal,20,2050,0.01
AFR,rur,d10,coal,20,2050,0.01
AFR,urb,d10,coal,20,2050,0.01
AFR,rur,d1,oil,20,2050,0.01
AFR,urb,d1,oil,20,2050,0.01
AFR,rur,d2,oil,20,2050,0.01
AFR,urb,d2,oil,20,2050,0.01
AFR,rur,d3,oil,20,2050,0.01
AFR,urb,d3,oil,20,2050,0.01
AFR,rur,d4,oil,20,2050,0.01
AFR,urb,d4,oil,20,2050,0.01
AFR,rur,d5,oil,20,2050,0.01
AFR,urb,d5,oil,20,2050,0.01
AFR,rur,d6,oil,20,2050,0.01
AFR,urb,d6,oil,20,2050,0.01
AFR,rur,d7,oil,20,2050,0.01
AFR,urb,d7,oil,20,2050,0.01
AFR,rur,d8,oil,20,2050,0.01
AFR,urb,d8,oil,20,2050,0.01
AFR,rur,d9,oil,20,2050,0.01
AFR,urb,d9,oil,20,2050,0.01
AFR,rur,d10,oil,20,2050,0.01
AFR,urb,d10,oil,20,2050,0.01
AFR,rur,d1,gas,20,2050,0.01
AFR,urb,d1,gas,20,2050,0.01
AFR,rur,d2,gas,20,2050,0.01
AFR,urb,d2,gas,20,2050,0.01
AFR,rur,d3,gas,20,2050,0.01
AFR,urb,d3,gas,20,2050,0.01
AFR,rur,d4,gas,20,2050,0.01
AFR,urb,d4,gas,20,2050,0.01
AFR,rur,d5,gas,20,2050,0.01
AFR,urb,d5,gas,20,2050,0.01
AFR,rur,d6,gas,20,2050,0.01
AFR,urb,d6,gas,20,2050,0.01
AFR,rur,d7,gas,20,2050,0.01
AFR,urb,d7,gas,20,2050,0.01
AFR,rur,d8,gas,20,2050,0.01
AFR,urb,d8,gas,20,2050,0.01
AFR,rur,d9,gas,20,2050,0.01
AFR,urb,d9,gas,20,2050,0.01
AFR,rur,d10,gas,20,2050,0.01
AFR,urb,d10,gas,20,2050,0.01
AFR,rur,d1,electricity,20,2050,0.01
AFR,urb,d1,electricity,20,2050,0.01
AFR,rur,d2,electricity,20,2050,0.01
AFR,urb,d2,electricity,20,2050,0.01
AFR,rur,d3,electricity,20,2050,0.01
AFR,urb,d3,electricity,20,2050,0.01
AFR,rur,d4,electricity,20,2050,0.01
AFR,urb,d4,electricity,20,2050,0.01
AFR,rur,d5,electricity,20,2050,0.01
AFR,urb,d5,electricity,20,2050,0.01
AFR,rur,d6,electricity,20,2050,0.01
AFR,urb,d6,electricity,20,2050,0.01
AFR,rur,d7,electricity,20,2050,0.01
AFR,urb,d7,electricity,20,2050,0.01
AFR,rur,d8,electricity,20,2050,0.01
AFR,urb,d8,electricity,20,2050,0.01
AFR,rur,d9,electricity,20,2050,0.01
AFR,urb,d9,electricity,20,2050,0.01
AFR,rur,d10,electricity,20,2050,0.01
AFR,urb,d10,electricity,20,2050,0.01
AFR,rur,d1,biomass_solid,20,2055,0.01
AFR,urb,d1,biomass_solid,20,2055,0.01
AFR,rur,d2,biomass_solid,20,2055,0.01
AFR,urb,d2,biomass_solid,20,2055,0.01
AFR,rur,d3,biomass_solid,20,2055,0.01
AFR,urb,d3,biomass_solid,20,2055,0.01
AFR,rur,d4,biomass_solid,20,2055,0.01
AFR,urb,d4,biomass_solid,20,2055,0.01
AFR,rur,d5,biomass_solid,20,2055,0.01
AFR,urb,d5,biomass_solid,20,2055,0.01
AFR,rur,d6,biomass_solid,20,2055,0.01
AFR,urb,d6,biomass_solid,20,2055,0.01
AFR,rur,d7,biomass_solid,20,2055,0.01
AFR,urb,d7,biomass_solid,20,2055,0.01
AFR,rur,d8,biomass_solid,20,2055,0.01
AFR,urb,d8,biomass_solid,20,2055,0.01
AFR,rur,d9,biomass_solid,20,2055,0.01
AFR,urb,d9,biomass_solid,20,2055,0.01
AFR,rur,d10,biomass_solid,20,2055,0.01
AFR,urb,d10,biomass_solid,20,2055,0.01
AFR,rur,d1,coal,20,2055,0.01
AFR,urb,d1,coal,20,2055,0.01
AFR,rur,d2,coal,20,2055,0.01
AFR,urb,d2,coal,20,2055,0.01
AFR,rur,d3,coal,20,2055,0.01
AFR,urb,d3,coal,20,2055,0.01
AFR,rur,d4,coal,20,2055,0.01
AFR,urb,d4,coal,20,2055,0.01
AFR,rur,d5,coal,20,2055,0.01
AFR,urb,d5,coal,20,2055,0.01
AFR,rur,d6,coal,20,2055,0.01
AFR,urb,d6,coal,20,2055,0.01
AFR,rur,d7,coal,20,2055,0.01
AFR,urb,d7,coal,20,2055,0.01
AFR,rur,d8,coal,20,2055,0.01
AFR,urb,d8,coal,20,2055,0.01
AFR,rur,d9,coal,20,2055,0.01
AFR,urb,d9,coal,20,2055,0.01
AFR,rur,d10,coal,20,2055,0.01
AFR,urb,d10,coal,20,2055,0.01
AFR,rur,d1,oil,20,2055,0.01
AFR,urb,d1,oil,20,2055,0.01
AFR,rur,d2,oil,20,2055,0.01
AFR,urb,d2,oil,20,2055,0.01
AFR,rur,d3,oil,20,2055,0.01
AFR,urb,d3,oil,20,2055,0.01
AFR,rur,d4,oil,20,2055,0.01
AFR,urb,d4,oil,20,2055,0.01
AFR,rur,d5,oil,20,2055,0.01
AFR,urb,d5,oil,20,2055,0.01
AFR,rur,d6,oil,20,2055,0.01
AFR,urb,d6,oil,20,2055,0.01
AFR,rur,d7,oil,20,2055,0.01
AFR,urb,d7,oil,20,2055,0.01
AFR,rur,d8,oil,20,2055,0.01
AFR,urb,d8,oil,20,2055,0.01
AFR,rur,d9,oil,20,2055,0.01
AFR,urb,d9,oil,20,2055,0.01
AFR,rur,d10,oil,20,2055,0.01
AFR,urb,d10,oil,20,2055,0.01
AFR,rur,d1,gas,20,2055,0.01
AFR,urb,d1,gas,20,2055,0.01
AFR,rur,d2,gas,20,2055,0.01
AFR,urb,d2,gas,20,2055,0.01
AFR,rur,d3,gas,20,2055,0.01
AFR,urb,d3,gas,20,2055,0.01
AFR,rur,d4,gas,20,2055,0.01
AFR,urb,d4,gas,20,2055,0.01
AFR,rur,d5,gas,20,2055,0.01
AFR,urb,d5,gas,20,2055,0.01
AFR,rur,d6,gas,20,2055,0.01
AFR,urb,d6,gas,20,2055,0.01
AFR,rur,d7,gas,20,2055,0.01
AFR,urb,d7,gas,20,2055,0.01
AFR,rur,d8,gas,20,2055,0.01
AFR,urb,d8,gas,20,2055,0.01
AFR,rur,d9,gas,20,2055,0.01
AFR,urb,d9,gas,20,2055,0.01
AFR,rur,d10,gas,20,2055,0.01
AFR,urb,d10,gas,20,2055,0.01
AFR,rur,d1,electricity,20,2055,0.01
AFR,urb,d1,electricity,20,2055,0.01
AFR,rur,d2,electricity,20,2055,0.01
AFR,urb,d2,electricity,20,2055,0.01
AFR,rur,d3,electricity,20,2055,0.01
AFR,urb,d3,electricity,20,2055,0.01
AFR,rur,d4,electricity,20,2055,0.01
AFR,urb,d4,electricity,20,2055,0.01
AFR,rur,d5,electricity,20,2055,0.01
AFR,urb,d5,electricity,20,2055,0.01
AFR,rur,d6,electricity,20,2055,0.01
AFR,urb,d6,electricity,20,2055,0.01
AFR,rur,d7,electricity,20,2055,0.01
AFR,urb,d7,electricity,20,2055,0.01
AFR,rur,d8,electricity,20,2055,0.01
AFR,urb,d8,electricity,20,2055,0.01
AFR,rur,d9,electricity,20,2055,0.01
AFR,urb,d9,electricity,20,2055,0.01
AFR,rur,d10,electricity,20,2055,0.01
AFR,urb,d10,electricity,20,2055,0.01
AFR,rur,d1,biomass_solid,20,2060,0.01
AFR,urb,d1,biomass_solid,20,2060,0.01
AFR,rur,d2,biomass_solid,20,2060,0.01
AFR,urb,d2,biomass_solid,20,2060,0.01
AFR,rur,d3,biomass_solid,20,2060,0.01
AFR,urb,d3,biomass_solid,20,2060,0.01
AFR,rur,d4,biomass_solid,20,2060,0.01
AFR,urb,d4,biomass_solid,20,2060,0.01
AFR,rur,d5,biomass_solid,20,2060,0.01
AFR,urb,d5,biomass_solid,20,2060,0.01
AFR,rur,d6,biomass_solid,20,2060,0.01
AFR,urb,d6,biomass_solid,20,2060,0.01
AFR,rur,d7,biomass_solid,20,2060,0.01
AFR,urb,d7,biomass_solid,20,2060,0.01
AFR,rur,d8,biomass_solid,20,2060,0.01
AFR,urb,d8,biomass_solid,20,2060,0.01
AFR,rur,d9,biomass_solid,20,2060,0.01
AFR,urb,d9,biomass_solid,20,2060,0.01
AFR,rur,d10,biomass_solid,20,2060,0.01
AFR,urb,d10,biomass_solid,20,2060,0.01
AFR,rur,d1,coal,20,2060,0.01
AFR,urb,d1,coal,20,2060,0.01
AFR,rur,d2,coal,20,2060,0.01
AFR,urb,d2,coal,20,2060,0.01
AFR,rur,d3,coal,20,2060,0.01
AFR,urb,d3,coal,20,2060,0.01
AFR,rur,d4,coal,20,2060,0.01
AFR,urb,d4,coal,20,2060,0.01
AFR,rur,d5,coal,20,2060,0.01
AFR,urb,d5,coal,20,2060,0.01
AFR,rur,d6,coal,20,2060,0.01
AFR,urb,d6,coal,20,2060,0.01
AFR,rur,d7,coal,20,2060,0.01
AFR,urb,d7,coal,20,2060,0.01
AFR,rur,d8,coal,20,2060,0.01
AFR,urb,d8,coal,20,2060,0.01
AFR,rur,d9,coal,20,2060,0.01
AFR,urb,d9,coal,20,2060,0.01
AFR,rur,d10,coal,20,2060,0.01
AFR,urb,d10,coal,20,2060,0.01
AFR,rur,d1,oil,20,2060,0.01
AFR,urb,d1,oil,20,2060,0.01
AFR,rur,d2,oil,20,2060,0.01
AFR,urb,d2,oil,20,2060,0.01
AFR,rur,d3,oil,20,2060,0.01
AFR,urb,d3,oil,20,2060,0.01
AFR,rur,d4,oil,20,2060,0.01
AFR,urb,d4,oil,20,2060,0.01
AFR,rur,d5,oil,20,2060,0.01
AFR,urb,d5,oil,20,2060,0.01
AFR,rur,d6,oil,20,2060,0.01
AFR,urb,d6,oil,20,2060,0.01
AFR,rur,d7,oil,20,2060,0.01
AFR,urb,d7,oil,20,2060,0.01
AFR,rur,d8,oil,20,2060,0.01
AFR,urb,d8,oil,20,2060,0.01
AFR,rur,d9,oil,20,2060,0.01
AFR,urb,d9,oil,20,2060,0.01
AFR,rur,d10,oil,20,2060,0.01
AFR,urb,d10,oil,20,2060,0.01
AFR,rur,d1,gas,20,2060,0.01
AFR,urb,d1,gas,20,2060,0.01
AFR,rur,d2,gas,20,2060,0.01
AFR,urb,d2,gas,20,2060,0.01
AFR,rur,d3,gas,20,2060,0.01
AFR,urb,d3,gas,20,2060,0.01
AFR,rur,d4,gas,20,2060,0.01
AFR,urb,d4,gas,20,2060,0.01
AFR,rur,d5,gas,20,2060,0.01
AFR,urb,d5,gas,20,2060,0.01
AFR,rur,d6,gas,20,2060,0.01
AFR,urb,d6,gas,20,2060,0.01
AFR,rur,d7,gas,20,2060,0.01
AFR,urb,d7,gas,20,2060,0.01
AFR,rur,d8,gas,20,2060,0.01
AFR,urb,d8,gas,20,2060,0.01
AFR,rur,d9,gas,20,2060,0.01
AFR,urb,d9,gas,20,2060,0.01
AFR,rur,d10,gas,20,2060,0.01
AFR,urb,d10,gas,20,2060,0.01
AFR,rur,d1,electricity,20,2060,0.01
AFR,urb,d1,electricity,20,2060,0.01
AFR,rur,d2,electricity,20,2060,0.01
AFR,urb,d2,electricity,20,2060,0.01
AFR,rur,d3,electricity,20,2060,0.01
AFR,urb,d3,electricity,20,2060,0.01
AFR,rur,d4,electricity,20,2060,0.01
AFR,urb,d4,electricity,20,2060,0.01
AFR,rur,d5,electricity,20,2060,0.01
AFR,urb,d5,electricity,20,2060,0.01
AFR,rur,d6,electricity,20,2060,0.01
AFR,urb,d6,electricity,20,2060,0.01
AFR,rur,d7,electricity,20,2060,0.01
AFR,urb,d7,electricity,20,2060,0.01
AFR,rur,d8,electricity,20,2060,0.01
AFR,urb,d8,electricity,20,2060,0.01
AFR,rur,d9,electricity,20,2060,0.01
AFR,urb,d9,electricity,20,2060,0.01
AFR,rur,d10,electricity,20,2060,0.01
AFR,urb,d10,electricity,20,2060,0.01
AFR,rur,d1,biomass_solid,20,2065,0.01
AFR,urb,d1,biomass_solid,20,2065,0.01
AFR,rur,d2,biomass_solid,20,2065,0.01
AFR,urb,d2,biomass_solid,20,2065,0.01
AFR,rur,d3,biomass_solid,20,2065,0.01
AFR,urb,d3,biomass_solid,20,2065,0.01
AFR,rur,d4,biomass_solid,20,2065,0.01
AFR,urb,d4,biomass_solid,20,2065,0.01
AFR,rur,d5,biomass_solid,20,2065,0.01
AFR,urb,d5,biomass_solid,20,2065,0.01
AFR,rur,d6,biomass_solid,20,2065,0.01
AFR,urb,d6,biomass_solid,20,2065,0.01
AFR,rur,d7,biomass_solid,20,2065,0.01
AFR,urb,d7,biomass_solid,20,2065,0.01
AFR,rur,d8,biomass_solid,20,2065,0.01
AFR,urb,d8,biomass_solid,20,2065,0.01
AFR,rur,d9,biomass_solid,20,2065,0.01
AFR,urb,d9,biomass_solid,20,2065,0.01
AFR,rur,d10,biomass_solid,20,2065,0.01
AFR,urb,d10,biomass_solid,20,2065,0.01
AFR,rur,d1,coal,20,2065,0.01
AFR,urb,d1,coal,20,2065,0.01
AFR,rur,d2,coal,20,2065,0.01
AFR,urb,d2,coal,20,2065,0.01
AFR,rur,d3,coal,20,2065,0.01
AFR,urb,d3,coal,20,2065,0.01
AFR,rur,d4,coal,20,2065,0.01
AFR,urb,d4,coal,20,2065,0.01
AFR,rur,d5,coal,20,2065,0.01
AFR,urb,d5,coal,20,2065,0.01
AFR,rur,d6,coal,20,2065,0.01
AFR,urb,d6,coal,20,2065,0.01
AFR,rur,d7,coal,20,2065,0.01
AFR,urb,d7,coal,20,2065,0.01
AFR,rur,d8,coal,20,2065,0.01
AFR,urb,d8,coal,20,2065,0.01
AFR,rur,d9,coal,20,2065,0.01
AFR,urb,d9,coal,20,2065,0.01
AFR,rur,d10,coal,20,2065,0.01
AFR,urb,d10,coal,20,2065,0.01
AFR,rur,d1,oil,20,2065,0.01
AFR,urb,d1,oil,20,2065,0.01
AFR,rur,d2,oil,20,2065,0.01
AFR,urb,d2,oil,20,2065,0.01
AFR,rur,d3,oil,20,2065,0.01
AFR,urb,d3,oil,20,2065,0.01
AFR,rur,d4,oil,20,2065,0.01
AFR,urb,d4,oil,20,2065,0.01
AFR,rur,d5,oil,20,2065,0.01
AFR,urb,d5,oil,20,2065,0.01
AFR,rur,d6,oil,20,2065,0.01
AFR,urb,d6,oil,20,2065,0.01
AFR,rur,d7,oil,20,2065,0.01
AFR,urb,d7,oil,20,2065,0.01
AFR,rur,d8,oil,20,2065,0.01
AFR,urb,d8,oil,20,2065,0.01
AFR,rur,d9,oil,20,2065,0.01
AFR,urb,d9,oil,20,2065,0.01
AFR,rur,d10,oil,20,2065,0.01
AFR,urb,d10,oil,20,2065,0.01
AFR,rur,d1,gas,20,2065,0.01
AFR,urb,d1,gas,20,2065,0.01
AFR,rur,d2,gas,20,2065,0.01
AFR,urb,d2,gas,20,2065,0.01
AFR,rur,d3,gas,20,2065,0.01
AFR,urb,d3,gas,20,2065,0.01
AFR,rur,d4,gas,20,2065,0.01
AFR,urb,d4,gas,20,2065,0.01
AFR,rur,d5,gas,20,2065,0.01
AFR,urb,d5,gas,20,2065,0.01
AFR,rur,d6,gas,20,2065,0.01
AFR,urb,d6,gas,20,2065,0.01
AFR,rur,d7,gas,20,2065,0.01
AFR,urb,d7,gas,20,2065,0.01
AFR,rur,d8,gas,20,2065,0.01
AFR,urb,d8,gas,20,2065,0.01
AFR,rur,d9,gas,20,2065,0.01
AFR,urb,d9,gas,20,2065,0.01
AFR,rur,d10,gas,20,2065,0.01
AFR,urb,d10,gas,20,2065,0.01
AFR,rur,d1,electricity,20,2065,0.01
AFR,urb,d1,electricity,20,2065,0.01
AFR,rur,d2,electricity,20,2065,0.01
AFR,urb,d2,electricity,20,2065,0.01
AFR,rur,d3,electricity,20,2065,0.01
AFR,urb,d3,electricity,20,2065,0.01
AFR,rur,d4,electricity,20,2065,0.01
AFR,urb,d4,electricity,20,2065,0.01
AFR,rur,d5,electricity,20,2065,0.01
AFR,urb,d5,electricity,20,2065,0.01
AFR,rur,d6,electricity,20,2065,0.01
AFR,urb,d6,electricity,20,2065,0.01
AFR,rur,d7,electricity,20,2065,0.01
AFR,urb,d7,electricity,20,2065,0.01
AFR,rur,d8,electricity,20,2065,0.01
AFR,urb,d8,electricity,20,2065,0.01
AFR,rur,d9,electricity,20,2065,0.01
AFR,urb,d9,electricity,20,2065,0.01
AFR,rur,d10,electricity,20,2065,0.01
AFR,urb,d10,electricity,20,2065,0.01
AFR,rur,d1,biomass_solid,20,2070,0.01
AFR,urb,d1,biomass_solid,20,2070,0.01
AFR,rur,d2,biomass_solid,20,2070,0.01
AFR,urb,d2,biomass_solid,20,2070,0.01
AFR,rur,d3,biomass_solid,20,2070,0.01
AFR,urb,d3,biomass_solid,20,2070,0.01
AFR,rur,d4,biomass_solid,20,2070,0.01
AFR,urb,d4,biomass_solid,20,2070,0.01
AFR,rur,d5,biomass_solid,20,2070,0.01
AFR,urb,d5,biomass_solid,20,2070,0.01
AFR,rur,d6,biomass_solid,20,2070,0.01
AFR,urb,d6,biomass_solid,20,2070,0.01
AFR,rur,d7,biomass_solid,20,2070,0.01
AFR,urb,d7,biomass_solid,20,2070,0.01
AFR,rur,d8,biomass_solid,20,2070,0.01
AFR,urb,d8,biomass_solid,20,2070,0.01
AFR,rur,d9,biomass_solid,20,2070,0.01
AFR,urb,d9,biomass_solid,20,2070,0.01
AFR,rur,d10,biomass_solid,20,2070,0.01
AFR,urb,d10,biomass_solid,20,2070,0.01
AFR,rur,d1,coal,20,2070,0.01
AFR,urb,d1,coal,20,2070,0.01
AFR,rur,d2,coal,20,2070,0.01
AFR,urb,d2,coal,20,2070,0.01
AFR,rur,d3,coal,20,2070,0.01
AFR,urb,d3,coal,20,2070,0.01
AFR,rur,d4,coal,20,2070,0.01
AFR,urb,d4,coal,20,2070,0.01
AFR,rur,d5,coal,20,2070,0.01
AFR,urb,d5,coal,20,2070,0.01
AFR,rur,d6,coal,20,2070,0.01
AFR,urb,d6,coal,20,2070,0.01
AFR,rur,d7,coal,20,2070,0.01
AFR,urb,d7,coal,20,2070,0.01
AFR,rur,d8,coal,20,2070,0.01
AFR,urb,d8,coal,20,2070,0.01
AFR,rur,d9,coal,20,2070,0.01
AFR,urb,d9,coal,20,2070,0.01
AFR,rur,d10,coal,20,2070,0.01
AFR,urb,d10,coal,20,2070,0.01
AFR,rur,d1,oil,20,2070,0.01
AFR,urb,d1,oil,20,2070,0.01
AFR,rur,d2,oil,20,2070,0.01
AFR,urb,d2,oil,20,2070,0.01
AFR,rur,d3,oil,20,2070,0.01
AFR,urb,d3,oil,20,2070,0.01
AFR,rur,d4,oil,20,2070,0.01
AFR,urb,d4,oil,20,2070,0.01
AFR,rur,d5,oil,20,2070,0.01
AFR,urb,d5,oil,20,2070,0.01
AFR,rur,d6,oil,20,2070,0.01
AFR,urb,d6,oil,20,2070,0.01
AFR,rur,d7,oil,20,2070,0.01
AFR,urb,d7,oil,20,2070,0.01
AFR,rur,d8,oil,20,2070,0.01
AFR,urb,d8,oil,20,2070,0.01
AFR,rur,d9,oil,20,2070,0.01
AFR,urb,d9,oil,20,2070,0.01
AFR,rur,d10,oil,20,2070,0.01
AFR,urb,d10,oil,20,2070,0.01
AFR,rur,d1,gas,20,2070,0.01
AFR,urb,d1,gas,20,2070,0.01
AFR,rur,d2,gas,20,2070,0.01
AFR,urb,d2,gas,20,2070,0.01
AFR,rur,d3,gas,20,2070,0.01
AFR,urb,d3,gas,20,2070,0.01
AFR,rur,d4,gas,20,2070,0.01
AFR,urb,d4,gas,20,2070,0.01
AFR,rur,d5,gas,20,2070,0.01
AFR,urb,d5,gas,20,2070,0.01
AFR,rur,d6,gas,20,2070,0.01
AFR,urb,d6,gas,20,2070,0.01
AFR,rur,d7,gas,20,2070,0.01
AFR,urb,d7,gas,20,2070,0.01
AFR,rur,d8,gas,20,2070,0.01
AFR,urb,d8,gas,20,2070,0.01
AFR,rur,d9,gas,20,2070,0.01
AFR,urb,d9,gas,20,2070,0.01
AFR,rur,d10,gas,20,2070,0.01
AFR,urb,d10,gas,20,2070,0.01
AFR,rur,d1,electricity,20,2070,0.01
AFR,urb,d1,electricity,20,2070,0.01
AFR,rur,d2,electricity,20,2070,0.01
AFR,urb,d2,electricity,20,2070,0.01
AFR,rur,d3,electricity,20,2070,0.01
AFR,urb,d3,electricity,20,2070,0.01
AFR,rur,d4,electricity,20,2070,0.01
AFR,urb,d4,electricity,20,2070,0.01
AFR,rur,d5,electricity,20,2070,0.01
AFR,urb,d5,electricity,20,2070,0.01
AFR,rur,d6,electricity,20,2070,0.01
AFR,urb,d6,electricity,20,2070,0.01
AFR,rur,d7,electricity,20,2070,0.01
AFR,urb,d7,electricity,20,2070,0.01
AFR,rur,d8,electricity,20,2070,0.01
AFR,urb,d8,electricity,20,2070,0.01
AFR,rur,d9,electricity,20,2070,0.01
AFR,urb,d9,electricity,20,2070,0.01
AFR,rur,d10,electricity,20,2070,0.01
AFR,urb,d10,electricity,20,2070,0.01
AFR,rur,d1,biomass_solid,20,2075,0.01
AFR,urb,d1,biomass_solid,20,2075,0.01
AFR,rur,d2,biomass_solid,20,2075,0.01
AFR,urb,d2,biomass_solid,20,2075,0.01
AFR,rur,d3,biomass_solid,20,2075,0.01
AFR,urb,d3,biomass_solid,20,2075,0.01
AFR,rur,d4,biomass_solid,20,2075,0.01
AFR,urb,d4,biomass_solid,20,2075,0.01
AFR,rur,d5,biomass_solid,20,2075,0.01
AFR,urb,d5,biomass_solid,20,2075,0.01
AFR,rur,d6,biomass_solid,20,2075,0.01
AFR,urb,d6,biomass_solid,20,2075,0.01
AFR,rur,d7,biomass_solid,20,2075,0.01
AFR,urb,d7,biomass_solid,20,2075,0.01
AFR,rur,d8,biomass_solid,20,2075,0.01
AFR,urb,d8,biomass_solid,20,2075,0.01
AFR,rur,d9,biomass_solid,20,2075,0.01
AFR,urb,d9,biomass_solid,20,2075,0.01
AFR,rur,d10,biomass_solid,20,2075,0.01
AFR,urb,d10,biomass_solid,20,2075,0.01
AFR,rur,d1,coal,20,2075,0.01
AFR,urb,d1,coal,20,2075,0.01
AFR,rur,d2,coal,20,2075,0.01
AFR,urb,d2,coal,20,2075,0.01
AFR,rur,d3,coal,20,2075,0.01
AFR,urb,d3,coal,20,2075,0.01
AFR,rur,d4,coal,20,2075,0.01
AFR,urb,d4,coal,20,2075,0.01
AFR,rur,d5,coal,20,2075,0.01
AFR,urb,d5,coal,20,2075,0.01
AFR,rur,d6,coal,20,2075,0.01
AFR,urb,d6,coal,20,2075,0.01
AFR,rur,d7,coal,20,2075,0.01
AFR,urb,d7,coal,20,2075,0.01
AFR,rur,d8,coal,20,2075,0.01
AFR,urb,d8,coal,20,2075,0.01
AFR,rur,d9,coal,20,2075,0.01
AFR,urb,d9,coal,20,2075,0.01
AFR,rur,d10,coal,20,2075,0.01
AFR,urb,d10,coal,20,2075,0.01
AFR,rur,d1,oil,20,2075,0.01
AFR,urb,d1,oil,20,2075,0.01
AFR,rur,d2,oil,20,2075,0.01
AFR,urb,d2,oil,20,2075,0.01
AFR,rur,d3,oil,20,2075,0.01
AFR,urb,d3,oil,20,2075,0.01
AFR,rur,d4,oil,20,2075,0.01
AFR,urb,d4,oil,20,2075,0.01
AFR,rur,d5,oil,20,2075,0.01
AFR,urb,d5,oil,20,2075,0.01
AFR,rur,d6,oil,20,2075,0.01
AFR,urb,d6,oil,20,2075,0.01
AFR,rur,d7,oil,20,2075,0.01
AFR,urb,d7,oil,20,2075,0.01
AFR,rur,d8,oil,20,2075,0.01
AFR,urb,d8,oil,20,2075,0.01
AFR,rur,d9,oil,20,2075,0.01
AFR,urb,d9,oil,20,2075,0.01
AFR,rur,d10,oil,20,2075,0.01
AFR,urb,d10,oil,20,2075,0.01
AFR,rur,d1,gas,20,2075,0.01
AFR,urb,d1,gas,20,2075,0.01
AFR,rur,d2,gas,20,2075,0.01
AFR,urb,d2,gas,20,2075,0.01
AFR,rur,d3,gas,20,2075,0.01
AFR,urb,d3,gas,20,2075,0.01
AFR,rur,d4,gas,20,2075,0.01
AFR,urb,d4,gas,20,2075,0.01
AFR,rur,d5,gas,20,2075,0.01
AFR,urb,d5,gas,20,2075,0.01
AFR,rur,d6,gas,20,2075,0.01
AFR,urb,d6,gas,20,2075,0.01
AFR,rur,d7,gas,20,2075,0.01
AFR,urb,d7,gas,20,2075,0.01
AFR,rur,d8,gas,20,2075,0.01
AFR,urb,d8,gas,20,2075,0.01
AFR,rur,d9,gas,20,2075,0.01
AFR,urb,d9,gas,20,2075,0.01
AFR,rur,d10,gas,20,2075,0.01
AFR,urb,d10,gas,20,2075,0.01
AFR,rur,d1,electricity,20,2075,0.01
AFR,urb,d1,electricity,20,2075,0.01
AFR,rur,d2,electricity,20,2075,0.01
AFR,urb,d2,electricity,20,2075,0.01
AFR,rur,d3,electricity,20,2075,0.01
AFR,urb,d3,electricity,20,2075,0.01
AFR,rur,d4,electricity,20,2075,0.01
AFR,urb,d4,electricity,20,2075,0.01
AFR,rur,d5,electricity,20,2075,0.01
AFR,urb,d5,electricity,20,2075,0.01
AFR,rur,d6,electricity,20,2075,0.01
AFR,urb,d6,electricity,20,2075,0.01
AFR,rur,d7,electricity,20,2075,0.01
AFR,urb,d7,electricity,20,2075,0.01
AFR,rur,d8,electricity,20,2075,0.01
AFR,urb,d8,electricity,20,2075,0.01
AFR,rur,d9,electricity,20,2075,0.01
AFR,urb,d9,electricity,20,2075,0.01
AFR,rur,d10,electricity,20,2075,0.01
AFR,urb,d10,electricity,20,2075,0.01
AFR,rur,d1,biomass_solid,20,2080,0.01
AFR,urb,d1,biomass_solid,20,2080,0.01
AFR,rur,d2,biomass_solid,20,2080,0.01
AFR,urb,d2,biomass_solid,20,2080,0.01
AFR,rur,d3,biomass_solid,20,2080,0.01
AFR,urb,d3,biomass_solid,20,2080,0.01
AFR,rur,d4,biomass_solid,20,2080,0.01
AFR,urb,d4,biomass_solid,20,2080,0.01
AFR,rur,d5,biomass_solid,20,2080,0.01
AFR,urb,d5,biomass_solid,20,2080,0.01
AFR,rur,d6,biomass_solid,20,2080,0.01
AFR,urb,d6,biomass_solid,20,2080,0.01
AFR,rur,d7,biomass_solid,20,2080,0.01
AFR,urb,d7,biomass_solid,20,2080,0.01
AFR,rur,d8,biomass_solid,20,2080,0.01
AFR,urb,d8,biomass_solid,20,2080,0.01
AFR,rur,d9,biomass_solid,20,2080,0.01
AFR,urb,d9,biomass_solid,20,2080,0.01
AFR,rur,d10,biomass_solid,20,2080,0.01
AFR,urb,d10,biomass_solid,20,2080,0.01
AFR,rur,d1,coal,20,2080,0.01
AFR,urb,d1,coal,20,2080,0.01
AFR,rur,d2,coal,20,2080,0.01
AFR,urb,d2,coal,20,2080,0.01
AFR,rur,d3,coal,20,2080,0.01
AFR,urb,d3,coal,20,2080,0.01
AFR,rur,d4,coal,20,2080,0.01
AFR,urb,d4,coal,20,2080,0.01
AFR,rur,d5,coal,20,2080,0.01
AFR,urb,d5,coal,20,2080,0.01
AFR,rur,d6,coal,20,2080,0.01
AFR,urb,d6,coal,20,2080,0.01
AFR,rur,d7,coal,20,2080,0.01
AFR,urb,d7,coal,20,2080,0.01
AFR,rur,d8,coal,20,2080,0.01
AFR,urb,d8,coal,20,2080,0.01
AFR,rur,d9,coal,20,2080,0.01
AFR,urb,d9,coal,20,2080,0.01
AFR,rur,d10,coal,20,2080,0.01
AFR,urb,d10,coal,20,2080,0.01
AFR,rur,d1,oil,20,2080,0.01
AFR,urb,d1,oil,20,2080,0.01
AFR,rur,d2,oil,20,2080,0.01
AFR,urb,d2,oil,20,2080,0.01
AFR,rur,d3,oil,20,2080,0.01
AFR,urb,d3,oil,20,2080,0.01
AFR,rur,d4,oil,20,2080,0.01
AFR,urb,d4,oil,20,2080,0.01
AFR,rur,d5,oil,20,2080,0.01
AFR,urb,d5,oil,20,2080,0.01
AFR,rur,d6,oil,20,2080,0.01
AFR,urb,d6,oil,20,2080,0.01
AFR,rur,d7,oil,20,2080,0.01
AFR,urb,d7,oil,20,2080,0.01
AFR,rur,d8,oil,20,2080,0.01
AFR,urb,d8,oil,20,2080,0.01
AFR,rur,d9,oil,20,2080,0.01
AFR,urb,d9,oil,20,2080,0.01
AFR,rur,d10,oil,20,2080,0.01
AFR,urb,d10,oil,20,2080,0.01
AFR,rur,d1,gas,20,2080,0.01
AFR,urb,d1,gas,20,2080,0.01
AFR,rur,d2,gas,20,2080,0.01
AFR,urb,d2,gas,20,2080,0.01
AFR,rur,d3,gas,20,2080,0.01
AFR,urb,d3,gas,20,2080,0.01
AFR,rur,d4,gas,20,2080,0.01
AFR,urb,d4,gas,20,2080,0.01
AFR,rur,d5,gas,20,2080,0.01
AFR,urb,d5,gas,20,2080,0.01
AFR,rur,d6,gas,20,2080,0.01
AFR,urb,d6,gas,20,2080,0.01
AFR,rur,d7,gas,20,2080,0.01
AFR,urb,d7,gas,20,2080,0.01
AFR,rur,d8,gas,20,2080,0.01
AFR,urb,d8,gas,20,2080,0.01
AFR,rur,d9,gas,20,2080,0.01
AFR,urb,d9,gas,20,2080,0.01
AFR,rur,d10,gas,20,2080,0.01
AFR,urb,d10,gas,20,2080,0.01
AFR,rur,d1,electricity,20,2080,0.01
AFR,urb,d1,electricity,20,2080,0.01
AFR,rur,d2,electricity,20,2080,0.01
AFR,urb,d2,electricity,20,2080,0.01
AFR,rur,d3,electricity,20,2080,0.01
AFR,urb,d3,electricity,20,2080,0.01
AFR,rur,d4,electricity,20,2080,0.01
AFR,urb,d4,electricity,20,2080,0.01
AFR,rur,d5,electricity,20,2080,0.01
AFR,urb,d5,electricity,20,2080,0.01
AFR,rur,d6,electricity,20,2080,0.01
AFR,urb,d6,electricity,20,2080,0.01
AFR,rur,d7,electricity,20,2080,0.01
AFR,urb,d7,electricity,20,2080,0.01
AFR,rur,d8,electricity,20,2080,0.01
AFR,urb,d8,electricity,20,2080,0.01
AFR,rur,d9,electricity,20,2080,0.01
AFR,urb,d9,electricity,20,2080,0.01
AFR,rur,d10,electricity,20,2080,0.01
AFR,urb,d10,electricity,20,2080,0.01
AFR,rur,d1,biomass_solid,20,2085,0.01
AFR,urb,d1,biomass_solid,20,2085,0.01
AFR,rur,d2,biomass_solid,20,2085,0.01
AFR,urb,d2,biomass_solid,20,2085,0.01
AFR,rur,d3,biomass_solid,20,2085,0.01
AFR,urb,d3,biomass_solid,20,2085,0.01
AFR,rur,d4,biomass_solid,20,2085,0.01
AFR,urb,d4,biomass_solid,20,2085,0.01
AFR,rur,d5,biomass_solid,20,2085,0.01
AFR,urb,d5,biomass_solid,20,2085,0.01
AFR,rur,d6,biomass_solid,20,2085,0.01
AFR,urb,d6,biomass_solid,20,2085,0.01
AFR,rur,d7,biomass_solid,20,2085,0.01
AFR,urb,d7,biomass_solid,20,2085,0.01
AFR,rur,d8,biomass_solid,20,2085,0.01
AFR,urb,d8,biomass_solid,20,2085,0.01
AFR,rur,d9,biomass_solid,20,2085,0.01
AFR,urb,d9,biomass_solid,20,2085,0.01
AFR,rur,d10,biomass_solid,20,2085,0.01
AFR,urb,d10,biomass_solid,20,2085,0.01
AFR,rur,d1,coal,20,2085,0.01
AFR,urb,d1,coal,20,2085,0.01
AFR,rur,d2,coal,20,2085,0.01
AFR,urb,d2,coal,20,2085,0.01
AFR,rur,d3,coal,20,2085,0.01
AFR,urb,d3,coal,20,2085,0.01
AFR,rur,d4,coal,20,2085,0.01
AFR,urb,d4,coal,20,2085,0.01
AFR,rur,d5,coal,20,2085,0.01
AFR,urb,d5,coal,20,2085,0.01
AFR,rur,d6,coal,20,2085,0.01
AFR,urb,d6,coal,20,2085,0.01
AFR,rur,d7,coal,20,2085,0.01
AFR,urb,d7,coal,20,2085,0.01
AFR,rur,d8,coal,20,2085,0.01
AFR,urb,d8,coal,20,2085,0.01
AFR,rur,d9,coal,20,2085,0.01
AFR,urb,d9,coal,20,2085,0.01
AFR,rur,d10,coal,20,2085,0.01
AFR,urb,d10,coal,20,2085,0.01
AFR,rur,d1,oil,20,2085,0.01
AFR,urb,d1,oil,20,2085,0.01
AFR,rur,d2,oil,20,2085,0.01
AFR,urb,d2,oil,20,2085,0.01
AFR,rur,d3,oil,20,2085,0.01
AFR,urb,d3,oil,20,2085,0.01
AFR,rur,d4,oil,20,2085,0.01
AFR,urb,d4,oil,20,2085,0.01
AFR,rur,d5,oil,20,2085,0.01
AFR,urb,d5,oil,20,2085,0.01
AFR,rur,d6,oil,20,2085,0.01
AFR,urb,d6,oil,20,2085,0.01
AFR,rur,d7,oil,20,2085,0.01
AFR,urb,d7,oil,20,2085,0.01
AFR,rur,d8,oil,20,2085,0.01
AFR,urb,d8,oil,20,2085,0.01
AFR,rur,d9,oil,20,2085,0.01
AFR,urb,d9,oil,20,2085,0.01
AFR,rur,d10,oil,20,2085,0.01
AFR,urb,d10,oil,20,2085,0.01
AFR,rur,d1,gas,20,2085,0.01
AFR,urb,d1,gas,20,2085,0.01
AFR,rur,d2,gas,20,2085,0.01
AFR,urb,d2,gas,20,2085,0.01
AFR,rur,d3,gas,20,2085,0.01
AFR,urb,d3,gas,20,2085,0.01
AFR,rur,d4,gas,20,2085,0.01
AFR,urb,d4,gas,20,2085,0.01
AFR,rur,d5,gas,20,2085,0.01
AFR,urb,d5,gas,20,2085,0.01
AFR,rur,d6,gas,20,2085,0.01
AFR,urb,d6,gas,20,2085,0.01
AFR,rur,d7,gas,20,2085,0.01
AFR,urb,d7,gas,20,2085,0.01
AFR,rur,d8,gas,20,2085,0.01
AFR,urb,d8,gas,20,2085,0.01
AFR,rur,d9,gas,20,2085,0.01
AFR,urb,d9,gas,20,2085,0.01
AFR,rur,d10,gas,20,2085,0.01
AFR,urb,d10,gas,20,2085,0.01
AFR,rur,d1,electricity,20,2085,0.01
AFR,urb,d1,electricity,20,2085,0.01
AFR,rur,d2,electricity,20,2085,0.01
AFR,urb,d2,electricity,20,2085,0.01
AFR,rur,d3,electricity,20,2085,0.01
AFR,urb,d3,electricity,20,2085,0.01
AFR,rur,d4,electricity,20,2085,0.01
AFR,urb,d4,electricity,20,2085,0.01
AFR,rur,d5,electricity,20,2085,0.01
AFR,urb,d5,electricity,20,2085,0.01
AFR,rur,d6,electricity,20,2085,0.01
AFR,urb,d6,electricity,20,2085,0.01
AFR,rur,d7,electricity,20,2085,0.01
AFR,urb,d7,electricity,20,2085,0.01
AFR,rur,d8,electricity,20,2085,0.01
AFR,urb,d8,electricity,20,2085,0.01
AFR,rur,d9,electricity,20,2085,0.01
AFR,urb,d9,electricity,20,2085,0.01
AFR,rur,d10,electricity,20,2085,0.01
AFR,urb,d10,electricity,20,2085,0.01
AFR,rur,d1,biomass_solid,20,2090,0.01
AFR,urb,d1,biomass_solid,20,2090,0.01
AFR,rur,d2,biomass_solid,20,2090,0.01
AFR,urb,d2,biomass_solid,20,2090,0.01
AFR,rur,d3,biomass_solid,20,2090,0.01
AFR,urb,d3,biomass_solid,20,2090,0.01
AFR,rur,d4,biomass_solid,20,2090,0.01
AFR,urb,d4,biomass_solid,20,2090,0.01
AFR,rur,d5,biomass_solid,20,2090,0.01
AFR,urb,d5,biomass_solid,20,2090,0.01
AFR,rur,d6,biomass_solid,20,2090,0.01
AFR,urb,d6,biomass_solid,20,2090,0.01
AFR,rur,d7,biomass_solid,20,2090,0.01
AFR,urb,d7,biomass_solid,20,2090,0.01
AFR,rur,d8,biomass_solid,20,2090,0.01
AFR,urb,d8,biomass_solid,20,2090,0.01
AFR,rur,d9,biomass_solid,20,2090,0.01
AFR,urb,d9,biomass_solid,20,2090,0.01
AFR,rur,d10,biomass_solid,20,2090,0.01
AFR,urb,d10,biomass_solid,20,2090,0.01
AFR,rur,d1,coal,20,2090,0.01
AFR,urb,d1,coal,20,2090,0.01
AFR,rur,d2,coal,20,2090,0.01
AFR,urb,d2,coal,20,2090,0.01
AFR,rur,d3,coal,20,2090,0.01
AFR,urb,d3,coal,20,2090,0.01
AFR,rur,d4,coal,20,2090,0.01
AFR,urb,d4,coal,20,2090,0.01
AFR,rur,d5,coal,20,2090,0.01
AFR,urb,d5,coal,20,2090,0.01
AFR,rur,d6,coal,20,2090,0.01
AFR,urb,d6,coal,20,2090,0.01
AFR,rur,d7,coal,20,2090,0.01
AFR,urb,d7,coal,20,2090,0.01
AFR,rur,d8,coal,20,2090,0.01
AFR,urb,d8,coal,20,2090,0.01
AFR,rur,d9,coal,20,2090,0.01
AFR,urb,d9,coal,20,2090,0.01
AFR,rur,d10,coal,20,2090,0.01
AFR,urb,d10,coal,20,2090,0.01
AFR,rur,d1,oil,20,2090,0.01
AFR,urb,d1,oil,20,2090,0.01
AFR,rur,d2,oil,20,2090,0.01
AFR,urb,d2,oil,20,2090,0.01
AFR,rur,d3,oil,20,2090,0.01
AFR,urb,d3,oil,20,2090,0.01
AFR,rur,d4,oil,20,2090,0.01
AFR,urb,d4,oil,20,2090,0.01
AFR,rur,d5,oil,20,2090,0.01
AFR,urb,d5,oil,20,2090,0.01
AFR,rur,d6,oil,20,2090,0.01
AFR,urb,d6,oil,20,2090,0.01
AFR,rur,d7,oil,20,2090,0.01
AFR,urb,d7,oil,20,2090,0.01
AFR,rur,d8,oil,20,2090,0.01
AFR,urb,d8,oil,20,2090,0.01
AFR,rur,d9,oil,20,2090,0.01
AFR,urb,d9,oil,20,2090,0.01
AFR,rur,d10,oil,20,2090,0.01
AFR,urb,d10,oil,20,2090,0.01
AFR,rur,d1,gas,20,2090,0.01
AFR,urb,d1,gas,20,2090,0.01
AFR,rur,d2,gas,20,2090,0.01
AFR,urb,d2,gas,20,2090,0.01
AFR,rur,d3,gas,20,2090,0.01
AFR,urb,d3,gas,20,2090,0.01
AFR,rur,d4,gas,20,2090,0.01
AFR,urb,d4,gas,20,2090,0.01
AFR,rur,d5,gas,20,2090,0.01
AFR,urb,d5,gas,20,2090,0.01
AFR,rur,d6,gas,20,2090,0.01
AFR,urb,d6,gas,20,2090,0.01
AFR,rur,d7,gas,20,2090,0.01
AFR,urb,d7,gas,20,2090,0.01
AFR,rur,d8,gas,20,2090,0.01
AFR,urb,d8,gas,20,2090,0.01
AFR,rur,d9,gas,20,2090,0.01
AFR,urb,d9,gas,20,2090,0.01
AFR,rur,d10,gas,20,2090,0.01
AFR,urb,d10,gas,20,2090,0.01
AFR,rur,d1,electricity,20,2090,0.01
AFR,urb,d1,electricity,20,2090,0.01
AFR,rur,d2,electricity,20,2090,0.01
AFR,urb,d2,electricity,20,2090,0.01
AFR,rur,d3,electricity,20,2090,0.01
AFR,urb,d3,electricity,20,2090,0.01
AFR,rur,d4,electricity,20,2090,0.01
AFR,urb,d4,electricity,20,2090,0.01
AFR,rur,d5,electricity,20,2090,0.01
AFR,urb,d5,electricity,20,2090,0.01
AFR,rur,d6,electricity,20,2090,0.01
AFR,urb,d6,electricity,20,2090,0.01
AFR,rur,d7,electricity,20,2090,0.01
AFR,urb,d7,electricity,20,2090,0.01
AFR,rur,d8,electricity,20,2090,0.01
AFR,urb,d8,electricity,20,2090,0.01
AFR,rur,d9,electricity,20,2090,0.01
AFR,urb,d9,electricity,20,2090,0.01
AFR,rur,d10,electricity,20,2090,0.01
AFR,urb,d10,electricity,20,2090,0.01
AFR,rur,d1,biomass_solid,20,2095,0.01
AFR,urb,d1,biomass_solid,20,2095,0.01
AFR,rur,d2,biomass_solid,20,2095,0.01
AFR,urb,d2,biomass_solid,20,2095,0.01
AFR,rur,d3,biomass_solid,20,2095,0.01
AFR,urb,d3,biomass_solid,20,2095,0.01
AFR,rur,d4,biomass_solid,20,2095,0.01
AFR,urb,d4,biomass_solid,20,2095,0.01
AFR,rur,d5,biomass_solid,20,2095,0.01
AFR,urb,d5,biomass_solid,20,2095,0.01
AFR,rur,d6,biomass_solid,20,2095,0.01
AFR,urb,d6,biomass_solid,20,2095,0.01
AFR,rur,d7,biomass_solid,20,2095,0.01
AFR,urb,d7,biomass_solid,20,2095,0.01
AFR,rur,d8,biomass_solid,20,2095,0.01
AFR,urb,d8,biomass_solid,20,2095,0.01
AFR,rur,d9,biomass_solid,20,2095,0.01
AFR,urb,d9,biomass_solid,20,2095,0.01
AFR,rur,d10,biomass_solid,20,2095,0.01
AFR,urb,d10,biomass_solid,20,2095,0.01
AFR,rur,d1,coal,20,2095,0.01
AFR,urb,d1,coal,20,2095,0.01
AFR,rur,d2,coal,20,2095,0.01
AFR,urb,d2,coal,20,2095,0.01
AFR,rur,d3,coal,20,2095,0.01
AFR,urb,d3,coal,20,2095,0.01
AFR,rur,d4,coal,20,2095,0.01
AFR,urb,d4,coal,20,2095,0.01
AFR,rur,d5,coal,20,2095,0.01
AFR,urb,d5,coal,20,2095,0.01
AFR,rur,d6,coal,20,2095,0.01
AFR,urb,d6,coal,20,2095,0.01
AFR,rur,d7,coal,20,2095,0.01
AFR,urb,d7,coal,20,2095,0.01
AFR,rur,d8,coal,20,2095,0.01
AFR,urb,d8,coal,20,2095,0.01
AFR,rur,d9,coal,20,2095,0.01
AFR,urb,d9,coal,20,2095,0.01
AFR,rur,d10,coal,20,2095,0.01
AFR,urb,d10,coal,20,2095,0.01
AFR,rur,d1,oil,20,2095,0.01
AFR,urb,d1,oil,20,2095,0.01
AFR,rur,d2,oil,20,2095,0.01
AFR,urb,d2,oil,20,2095,0.01
AFR,rur,d3,oil,20,2095,0.01
AFR,urb,d3,oil,20,2095,0.01
AFR,rur,d4,oil,20,2095,0.01
AFR,urb,d4,oil,20,2095,0.01
AFR,rur,d5,oil,20,2095,0.01
AFR,urb,d5,oil,20,2095,0.01
AFR,rur,d6,oil,20,2095,0.01
AFR,urb,d6,oil,20,2095,0.01
AFR,rur,d7,oil,20,2095,0.01
AFR,urb,d7,oil,20,2095,0.01
AFR,rur,d8,oil,20,2095,0.01
AFR,urb,d8,oil,20,2095,0.01
AFR,rur,d9,oil,20,2095,0.01
AFR,urb,d9,oil,20,2095,0.01
AFR,rur,d10,oil,20,2095,0.01
AFR,urb,d10,oil,20,2095,0.01
AFR,rur,d1,gas,20,2095,0.01
AFR,urb,d1,gas,20,2095,0.01
AFR,rur,d2,gas,20,2095,0.01
AFR,urb,d2,gas,20,2095,0.01
AFR,rur,d3,gas,20,2095,0.01
AFR,urb,d3,gas,20,2095,0.01
AFR,rur,d4,gas,20,2095,0.01
AFR,urb,d4,gas,20,2095,0.01
AFR,rur,d5,gas,20,2095,0.01
AFR,urb,d5,gas,20,2095,0.01
AFR,rur,d6,gas,20,2095,0.01
AFR,urb,d6,gas,20,2095,0.01
AFR,rur,d7,gas,20,2095,0.01
AFR,urb,d7,gas,20,2095,0.01
AFR,rur,d8,gas,20,2095,0.01
AFR,urb,d8,gas,20,2095,0.01
AFR,rur,d9,gas,20,2095,0.01
AFR,urb,d9,gas,20,2095,0.01
AFR,rur,d10,gas,20,2095,0.01
AFR,urb,d10,gas,20,2095,0.01
AFR,rur,d1,electricity,20,2095,0.01
AFR,urb,d1,electricity,20,2095,0.01
AFR,rur,d2,electricity,20,2095,0.01
AFR,urb,d2,electricity,20,2095,0.01
AFR,rur,d3,electricity,20,2095,0.01
AFR,urb,d3,electricity,20,2095,0.01
AFR,rur,d4,electricity,20,2095,0.01
AFR,urb,d4,electricity,20,2095,0.01
AFR,rur,d5,electricity,20,2095,0.01
AFR,urb,d5,electricity,20,2095,0.01
AFR,rur,d6,electricity,20,2095,0.01
AFR,urb,d6,electricity,20,2095,0.01
AFR,rur,d7,electricity,20,2095,0.01
AFR,urb,d7,electricity,20,2095,0.01
AFR,rur,d8,electricity,20,2095,0.01
AFR,urb,d8,electricity,20,2095,0.01
AFR,rur,d9,electricity,20,2095,0.01
AFR,urb,d9,electricity,20,2095,0.01
AFR,rur,d10,electricity,20,2095,0.01
AFR,urb,d10,electricity,20,2095,0.01
AFR,rur,d1,biomass_solid,20,2100,0.01
AFR,urb,d1,biomass_solid,20,2100,0.01
AFR,rur,d2,biomass_solid,20,2100,0.01
AFR,urb,d2,biomass_solid,20,2100,0.01
AFR,rur,d3,biomass_solid,20,2100,0.01
AFR,urb,d3,biomass_solid,20,2100,0.01
AFR,rur,d4,biomass_solid,20,2100,0.01
AFR,urb,d4,biomass_solid,20,2100,0.01
AFR,rur,d5,biomass_solid,20,2100,0.01
AFR,urb,d5,biomass_solid,20,2100,0.01
AFR,rur,d6,biomass_solid,20,2100,0.01
AFR,urb,d6,biomass_solid,20,2100,0.01
AFR,rur,d7,biomass_solid,20,2100,0.01
AFR,urb,d7,biomass_solid,20,2100,0.01
AFR,rur,d8,biomass_solid,20,2100,0.01
AFR,urb,d8,biomass_solid,20,2100,0.01
AFR,rur,d9,biomass_solid,20,2100,0.01
AFR,urb,d9,biomass_solid,20,2100,0.01
AFR,rur,d10,biomass_solid,20,2100,0.01
AFR,urb,d10,biomass_solid,20,2100,0.01
AFR,rur,d1,coal,20,2100,0.01
AFR,urb,d1,coal,20,2100,0.01
AFR,rur,d2,coal,20,2100,0.01
AFR,urb,d2,coal,20,2100,0.01
AFR,rur,d3,coal,20,2100,0.01
AFR,urb,d3,coal,20,2100,0.01
AFR,rur,d4,coal,20,2100,0.01
AFR,urb,d4,coal,20,2100,0.01
AFR,rur,d5,coal,20,2100,0.01
AFR,urb,d5,coal,20,2100,0.01
AFR,rur,d6,coal,20,2100,0.01
AFR,urb,d6,coal,20,2100,0.01
AFR,rur,d7,coal,20,2100,0.01
AFR,urb,d7,coal,20,2100,0.01
AFR,rur,d8,coal,20,2100,0.01
AFR,urb,d8,coal,20,2100,0.01
AFR,rur,d9,coal,20,2100,0.01
AFR,urb,d9,coal,20,2100,0.01
AFR,rur,d10,coal,20,2100,0.01
AFR,urb,d10,coal,20,2100,0.01
AFR,rur,d1,oil,20,2100,0.01
AFR,urb,d1,oil,20,2100,0.01
AFR,rur,d2,oil,20,2100,0.01
AFR,urb,d2,oil,20,2100,0.01
AFR,rur,d3,oil,20,2100,0.01
AFR,urb,d3,oil,20,2100,0.01
AFR,rur,d4,oil,20,2100,0.01
AFR,urb,d4,oil,20,2100,0.01
AFR,rur,d5,oil,20,2100,0.01
AFR,urb,d5,oil,20,2100,0.01
AFR,rur,d6,oil,20,2100,0.01
AFR,urb,d6,oil,20,2100,0.01
AFR,rur,d7,oil,20,2100,0.01
AFR,urb,d7,oil,20,2100,0.01
AFR,rur,d8,oil,20,2100,0.01
AFR,urb,d8,oil,20,2100,0.01
AFR,rur,d9,oil,20,2100,0.01
AFR,urb,d9,oil,20,2100,0.01
AFR,rur,d10,oil,20,2100,0.01
AFR,urb,d10,oil,20,2100,0.01
AFR,rur,d1,gas,20,2100,0.01
AFR,urb,d1,gas,20,2100,0.01
AFR,rur,d2,gas,20,2100,0.01
AFR,urb,d2,gas,20,2100,0.01
AFR,rur,d3,gas,20,2100,0.01
AFR,urb,d3,gas,20,2100,0.01
AFR,rur,d4,gas,20,2100,0.01
AFR,urb,d4,gas,20,2100,0.01
AFR,rur,d5,gas,20,2100,0.01
AFR,urb,d5,gas,20,2100,0.01
AFR,rur,d6,gas,20,2100,0.01
AFR,urb,d6,gas,20,2100,0.01
AFR,rur,d7,gas,20,2100,0.01
AFR,urb,d7,gas,20,2100,0.01
AFR,rur,d8,gas,20,2100,0.01
AFR,urb,d8,gas,20,2100,0.01
AFR,rur,d9,gas,20,2100,0.01
AFR,urb,d9,gas,20,2100,0.01
AFR,rur,d10,gas,20,2100,0.01
AFR,urb,d10,gas,20,2100,0.01
AFR,rur,d1,electricity,20,2100,0.01
AFR,urb,d1,electricity,20,2100,0.01
AFR,rur,d2,electricity,20,2100,0.01
AFR,urb,d2,electricity,20,2100,0.01
AFR,rur,d3,electricity,20,2100,0.01
AFR,urb,d3,electricity,20,2100,0.01
AFR,rur,d4,electricity,20,2100,0.01
AFR,urb,d4,electricity,20,2100,0.01
AFR,rur,d5,electricity,20,2100,0.01
AFR,urb,d5,electricity,20,2100,0.01
AFR,rur,d6,electricity,20,2100,0.01
AFR,urb,d6,electricity,20,2100,0.01
AFR,rur,d7,electricity,20,2100,0.01
AFR,urb,d7,electricity,20,2100,0.01
AFR,rur,d8,electricity,20,2100,0.01
AFR,urb,d8,electricity,20,2100,0.01
AFR,rur,d9,electricity,20,2100,0.01
AFR,urb,d9,electricity,20,2100,0.01
AFR,rur,d10,electricity,20,2100,0.01
AFR,urb,d10,electricity,20,2100,0.01
SAS,rur,d1,biomass_solid,20,2020,0.01
SAS,urb,d1,biomass_solid,20,2020,0.01
SAS,rur,d2,biomass_solid,20,2020,0.01
SAS,urb,d2,biomass_solid,20,2020,0.01
SAS,rur,d3,biomass_solid,20,2020,0.01
SAS,urb,d3,biomass_solid,20,2020,0.01
SAS,rur,d4,biomass_solid,20,2020,0.01
SAS,urb,d4,biomass_solid,20,2020,0.01
SAS,rur,d5,biomass_solid,20,2020,0.01
SAS,urb,d5,biomass_solid,20,2020,0.01
SAS,rur,d6,biomass_solid,20,2020,0.01
SAS,urb,d6,biomass_solid,20,2020,0.01
SAS,rur,d7,biomass_solid,20,2020,0.01
SAS,urb,d7,biomass_solid,20,2020,0.01
SAS,rur,d8,biomass_solid,20,2020,0.01
SAS,urb,d8,biomass_solid,20,2020,0.01
SAS,rur,d9,biomass_solid,20,2020,0.01
SAS,urb,d9,biomass_solid,20,2020,0.01
SAS,rur,d10,biomass_solid,20,2020,0.01
SAS,urb,d10,biomass_solid,20,2020,0.01
SAS,rur,d1,coal,20,2020,0.01
SAS,urb,d1,coal,20,2020,0.01
SAS,rur,d2,coal,20,2020,0.01
SAS,urb,d2,coal,20,2020,0.01
SAS,rur,d3,coal,20,2020,0.01
SAS,urb,d3,coal,20,2020,0.01
SAS,rur,d4,coal,20,2020,0.01
SAS,urb,d4,coal,20,2020,0.01
SAS,rur,d5,coal,20,2020,0.01
SAS,urb,d5,coal,20,2020,0.01
SAS,rur,d6,coal,20,2020,0.01
SAS,urb,d6,coal,20,2020,0.01
SAS,rur,d7,coal,20,2020,0.01
SAS,urb,d7,coal,20,2020,0.01
SAS,rur,d8,coal,20,2020,0.01
SAS,urb,d8,coal,20,2020,0.01
SAS,rur,d9,coal,20,2020,0.01
SAS,urb,d9,coal,20,2020,0.01
SAS,rur,d10,coal,20,2020,0.01
SAS,urb,d10,coal,20,2020,0.01
SAS,rur,d1,oil,20,2020,0.01
SAS,urb,d1,oil,20,2020,0.01
SAS,rur,d2,oil,20,2020,0.01
SAS,urb,d2,oil,20,2020,0.01
SAS,rur,d3,oil,20,2020,0.01
SAS,urb,d3,oil,20,2020,0.01
SAS,rur,d4,oil,20,2020,0.01
SAS,urb,d4,oil,20,2020,0.01
SAS,rur,d5,oil,20,2020,0.01
SAS,urb,d5,oil,20,2020,0.01
SAS,rur,d6,oil,20,2020,0.01
SAS,urb,d6,oil,20,2020,0.01
SAS,rur,d7,oil,20,2020,0.01
SAS,urb,d7,oil,20,2020,0.01
SAS,rur,d8,oil,20,2020,0.01
SAS,urb,d8,oil,20,2020,0.01
SAS,rur,d9,oil,20,2020,0.01
SAS,urb,d9,oil,20,2020,0.01
SAS,rur,d10,oil,20,2020,0.01
SAS,urb,d10,oil,20,2020,0.01
SAS,rur,d1,gas,20,2020,0.01
SAS,urb,d1,gas,20,2020,0.01
SAS,rur,d2,gas,20,2020,0.01
SAS,urb,d2,gas,20,2020,0.01
SAS,rur,d3,gas,20,2020,0.01
SAS,urb,d3,gas,20,2020,0.01
SAS,rur,d4,gas,20,2020,0.01
SAS,urb,d4,gas,20,2020,0.01
SAS,rur,d5,gas,20,2020,0.01
SAS,urb,d5,gas,20,2020,0.01
SAS,rur,d6,gas,20,2020,0.01
SAS,urb,d6,gas,20,2020,0.01
SAS,rur,d7,gas,20,2020,0.01
SAS,urb,d7,gas,20,2020,0.01
SAS,rur,d8,gas,20,2020,0.01
SAS,urb,d8,gas,20,2020,0.01
SAS,rur,d9,gas,20,2020,0.01
SAS,urb,d9,gas,20,2020,0.01
SAS,rur,d10,gas,20,2020,0.01
SAS,urb,d10,gas,20,2020,0.01
SAS,rur,d1,electricity,20,2020,0.01
SAS,urb,d1,electricity,20,2020,0.01
SAS,rur,d2,electricity,20,2020,0.01
SAS,urb,d2,electricity,20,2020,0.01
SAS,rur,d3,electricity,20,2020,0.01
SAS,urb,d3,electricity,20,2020,0.01
SAS,rur,d4,electricity,20,2020,0.01
SAS,urb,d4,electricity,20,2020,0.01
SAS,rur,d5,electricity,20,2020,0.01
SAS,urb,d5,electricity,20,2020,0.01
SAS,rur,d6,electricity,20,2020,0.01
SAS,urb,d6,electricity,20,2020,0.01
SAS,rur,d7,electricity,20,2020,0.01
SAS,urb,d7,electricity,20,2020,0.01
SAS,rur,d8,electricity,20,2020,0.01
SAS,urb,d8,electricity,20,2020,0.01
SAS,rur,d9,electricity,20,2020,0.01
SAS,urb,d9,electricity,20,2020,0.01
SAS,rur,d10,electricity,20,2020,0.01
SAS,urb,d10,electricity,20,2020,0.01
SAS,rur,d1,biomass_solid,20,2025,0.01
SAS,urb,d1,biomass_solid,20,2025,0.01
SAS,rur,d2,biomass_solid,20,2025,0.01
SAS,urb,d2,biomass_solid,20,2025,0.01
SAS,rur,d3,biomass_solid,20,2025,0.01
SAS,urb,d3,biomass_solid,20,2025,0.01
SAS,rur,d4,biomass_solid,20,2025,0.01
SAS,urb,d4,biomass_solid,20,2025,0.01
SAS,rur,d5,biomass_solid,20,2025,0.01
SAS,urb,d5,biomass_solid,20,2025,0.01
SAS,rur,d6,biomass_solid,20,2025,0.01
SAS,urb,d6,biomass_solid,20,2025,0.01
SAS,rur,d7,biomass_solid,20,2025,0.01
SAS,urb,d7,biomass_solid,20,2025,0.01
SAS,rur,d8,biomass_solid,20,2025,0.01
SAS,urb,d8,biomass_solid,20,2025,0.01
SAS,rur,d9,biomass_solid,20,2025,0.01
SAS,urb,d9,biomass_solid,20,2025,0.01
SAS,rur,d10,biomass_solid,20,2025,0.01
SAS,urb,d10,biomass_solid,20,2025,0.01
SAS,rur,d1,coal,20,2025,0.01
SAS,urb,d1,coal,20,2025,0.01
SAS,rur,d2,coal,20,2025,0.01
SAS,urb,d2,coal,20,2025,0.01
SAS,rur,d3,coal,20,2025,0.01
SAS,urb,d3,coal,20,2025,0.01
SAS,rur,d4,coal,20,2025,0.01
SAS,urb,d4,coal,20,2025,0.01
SAS,rur,d5,coal,20,2025,0.01
SAS,urb,d5,coal,20,2025,0.01
SAS,rur,d6,coal,20,2025,0.01
SAS,urb,d6,coal,20,2025,0.01
SAS,rur,d7,coal,20,2025,0.01
SAS,urb,d7,coal,20,2025,0.01
SAS,rur,d8,coal,20,2025,0.01
SAS,urb,d8,coal,20,2025,0.01
SAS,rur,d9,coal,20,2025,0.01
SAS,urb,d9,coal,20,2025,0.01
SAS,rur,d10,coal,20,2025,0.01
SAS,urb,d10,coal,20,2025,0.01
SAS,rur,d1,oil,20,2025,0.01
SAS,urb,d1,oil,20,2025,0.01
SAS,rur,d2,oil,20,2025,0.01
SAS,urb,d2,oil,20,2025,0.01
SAS,rur,d3,oil,20,2025,0.01
SAS,urb,d3,oil,20,2025,0.01
SAS,rur,d4,oil,20,2025,0.01
SAS,urb,d4,oil,20,2025,0.01
SAS,rur,d5,oil,20,2025,0.01
SAS,urb,d5,oil,20,2025,0.01
SAS,rur,d6,oil,20,2025,0.01
SAS,urb,d6,oil,20,2025,0.01
SAS,rur,d7,oil,20,2025,0.01
SAS,urb,d7,oil,20,2025,0.01
SAS,rur,d8,oil,20,2025,0.01
SAS,urb,d8,oil,20,2025,0.01
SAS,rur,d9,oil,20,2025,0.01
SAS,urb,d9,oil,20,2025,0.01
SAS,rur,d10,oil,20,2025,0.01
SAS,urb,d10,oil,20,2025,0.01
SAS,rur,d1,gas,20,2025,0.01
SAS,urb,d1,gas,20,2025,0.01
SAS,rur,d2,gas,20,2025,0.01
SAS,urb,d2,gas,20,2025,0.01
SAS,rur,d3,gas,20,2025,0.01
SAS,urb,d3,gas,20,2025,0.01
SAS,rur,d4,gas,20,2025,0.01
SAS,urb,d4,gas,20,2025,0.01
SAS,rur,d5,gas,20,2025,0.01
SAS,urb,d5,gas,20,2025,0.01
SAS,rur,d6,gas,20,2025,0.01
SAS,urb,d6,gas,20,2025,0.01
SAS,rur,d7,gas,20,2025,0.01
SAS,urb,d7,gas,20,2025,0.01
SAS,rur,d8,gas,20,2025,0.01
SAS,urb,d8,gas,20,2025,0.01
SAS,rur,d9,gas,20,2025,0.01
SAS,urb,d9,gas,20,2025,0.01
SAS,rur,d10,gas,20,2025,0.01
SAS,urb,d10,gas,20,2025,0.01
SAS,rur,d1,electricity,20,2025,0.01
SAS,urb,d1,electricity,20,2025,0.01
SAS,rur,d2,electricity,20,2025,0.01
SAS,urb,d2,electricity,20,2025,0.01
SAS,rur,d3,electricity,20,2025,0.01
SAS,urb,d3,electricity,20,2025,0.01
SAS,rur,d4,electricity,20,2025,0.01
SAS,urb,d4,electricity,20,2025,0.01
SAS,rur,d5,electricity,20,2025,0.01
SAS,urb,d5,electricity,20,2025,0.01
SAS,rur,d6,electricity,20,2025,0.01
SAS,urb,d6,electricity,20,2025,0.01
SAS,rur,d7,electricity,20,2025,0.01
SAS,urb,d7,electricity,20,2025,0.01
SAS,rur,d8,electricity,20,2025,0.01
SAS,urb,d8,electricity,20,2025,0.01
SAS,rur,d9,electricity,20,2025,0.01
SAS,urb,d9,electricity,20,2025,0.01
SAS,rur,d10,electricity,20,2025,0.01
SAS,urb,d10,electricity,20,2025,0.01
SAS,rur,d1,biomass_solid,20,2030,0.01
SAS,urb,d1,biomass_solid,20,2030,0.01
SAS,rur,d2,biomass_solid,20,2030,0.01
SAS,urb,d2,biomass_solid,20,2030,0.01
SAS,rur,d3,biomass_solid,20,2030,0.01
SAS,urb,d3,biomass_solid,20,2030,0.01
SAS,rur,d4,biomass_solid,20,2030,0.01
SAS,urb,d4,biomass_solid,20,2030,0.01
SAS,rur,d5,biomass_solid,20,2030,0.01
SAS,urb,d5,biomass_solid,20,2030,0.01
SAS,rur,d6,biomass_solid,20,2030,0.01
SAS,urb,d6,biomass_solid,20,2030,0.01
SAS,rur,d7,biomass_solid,20,2030,0.01
SAS,urb,d7,biomass_solid,20,2030,0.01
SAS,rur,d8,biomass_solid,20,2030,0.01
SAS,urb,d8,biomass_solid,20,2030,0.01
SAS,rur,d9,biomass_solid,20,2030,0.01
SAS,urb,d9,biomass_solid,20,2030,0.01
SAS,rur,d10,biomass_solid,20,2030,0.01
SAS,urb,d10,biomass_solid,20,2030,0.01
SAS,rur,d1,coal,20,2030,0.01
SAS,urb,d1,coal,20,2030,0.01
SAS,rur,d2,coal,20,2030,0.01
SAS,urb,d2,coal,20,2030,0.01
SAS,rur,d3,coal,20,2030,0.01
SAS,urb,d3,coal,20,2030,0.01
SAS,rur,d4,coal,20,2030,0.01
SAS,urb,d4,coal,20,2030,0.01
SAS,rur,d5,coal,20,2030,0.01
SAS,urb,d5,coal,20,2030,0.01
SAS,rur,d6,coal,20,2030,0.01
SAS,urb,d6,coal,20,2030,0.01
SAS,rur,d7,coal,20,2030,0.01
SAS,urb,d7,coal,20,2030,0.01
SAS,rur,d8,coal,20,2030,0.01
SAS,urb,d8,coal,20,2030,0.01
SAS,rur,d9,coal,20,2030,0.01
SAS,urb,d9,coal,20,2030,0.01
SAS,rur,d10,coal,20,2030,0.01
SAS,urb,d10,coal,20,2030,0.01
SAS,rur,d1,oil,20,2030,0.01
SAS,urb,d1,oil,20,2030,0.01
SAS,rur,d2,oil,20,2030,0.01
SAS,urb,d2,oil,20,2030,0.01
SAS,rur,d3,oil,20,2030,0.01
SAS,urb,d3,oil,20,2030,0.01
SAS,rur,d4,oil,20,2030,0.01
SAS,urb,d4,oil,20,2030,0.01
SAS,rur,d5,oil,20,2030,0.01
SAS,urb,d5,oil,20,2030,0.01
SAS,rur,d6,oil,20,2030,0.01
SAS,urb,d6,oil,20,2030,0.01
SAS,rur,d7,oil,20,2030,0.01
SAS,urb,d7,oil,20,2030,0.01
SAS,rur,d8,oil,20,2030,0.01
SAS,urb,d8,oil,20,2030,0.01
SAS,rur,d9,oil,20,2030,0.01
SAS,urb,d9,oil,20,2030,0.01
SAS,rur,d10,oil,20,2030,0.01
SAS,urb,d10,oil,20,2030,0.01
SAS,rur,d1,gas,20,2030,0.01
SAS,urb,d1,gas,20,2030,0.01
SAS,rur,d2,gas,20,2030,0.01
SAS,urb,d2,gas,20,2030,0.01
SAS,rur,d3,gas,20,2030,0.01
SAS,urb,d3,gas,20,2030,0.01
SAS,rur,d4,gas,20,2030,0.01
SAS,urb,d4,gas,20,2030,0.01
SAS,rur,d5,gas,20,2030,0.01
SAS,urb,d5,gas,20,2030,0.01
SAS,rur,d6,gas,20,2030,0.01
SAS,urb,d6,gas,20,2030,0.01
SAS,rur,d7,gas,20,2030,0.01
SAS,urb,d7,gas,20,2030,0.01
SAS,rur,d8,gas,20,2030,0.01
SAS,urb,d8,gas,20,2030,0.01
SAS,rur,d9,gas,20,2030,0.01
SAS,urb,d9,gas,20,2030,0.01
SAS,rur,d10,gas,20,2030,0.01
SAS,urb,d10,gas,20,2030,0.01
SAS,rur,d1,electricity,20,2030,0.01
SAS,urb,d1,electricity,20,2030,0.01
SAS,rur,d2,electricity,20,2030,0.01
SAS,urb,d2,electricity,20,2030,0.01
SAS,rur,d3,electricity,20,2030,0.01
SAS,urb,d3,electricity,20,2030,0.01
SAS,rur,d4,electricity,20,2030,0.01
SAS,urb,d4,electricity,20,2030,0.01
SAS,rur,d5,electricity,20,2030,0.01
SAS,urb,d5,electricity,20,2030,0.01
SAS,rur,d6,electricity,20,2030,0.01
SAS,urb,d6,electricity,20,2030,0.01
SAS,rur,d7,electricity,20,2030,0.01
SAS,urb,d7,electricity,20,2030,0.01
SAS,rur,d8,electricity,20,2030,0.01
SAS,urb,d8,electricity,20,2030,0.01
SAS,rur,d9,electricity,20,2030,0.01
SAS,urb,d9,electricity,20,2030,0.01
SAS,rur,d10,electricity,20,2030,0.01
SAS,urb,d10,electricity,20,2030,0.01
SAS,rur,d1,biomass_solid,20,2035,0.01
SAS,urb,d1,biomass_solid,20,2035,0.01
SAS,rur,d2,biomass_solid,20,2035,0.01
SAS,urb,d2,biomass_solid,20,2035,0.01
SAS,rur,d3,biomass_solid,20,2035,0.01
SAS,urb,d3,biomass_solid,20,2035,0.01
SAS,rur,d4,biomass_solid,20,2035,0.01
SAS,urb,d4,biomass_solid,20,2035,0.01
SAS,rur,d5,biomass_solid,20,2035,0.01
SAS,urb,d5,biomass_solid,20,2035,0.01
SAS,rur,d6,biomass_solid,20,2035,0.01
SAS,urb,d6,biomass_solid,20,2035,0.01
SAS,rur,d7,biomass_solid,20,2035,0.01
SAS,urb,d7,biomass_solid,20,2035,0.01
SAS,rur,d8,biomass_solid,20,2035,0.01
SAS,urb,d8,biomass_solid,20,2035,0.01
SAS,rur,d9,biomass_solid,20,2035,0.01
SAS,urb,d9,biomass_solid,20,2035,0.01
SAS,rur,d10,biomass_solid,20,2035,0.01
SAS,urb,d10,biomass_solid,20,2035,0.01
SAS,rur,d1,coal,20,2035,0.01
SAS,urb,d1,coal,20,2035,0.01
SAS,rur,d2,coal,20,2035,0.01
SAS,urb,d2,coal,20,2035,0.01
SAS,rur,d3,coal,20,2035,0.01
SAS,urb,d3,coal,20,2035,0.01
SAS,rur,d4,coal,20,2035,0.01
SAS,urb,d4,coal,20,2035,0.01
SAS,rur,d5,coal,20,2035,0.01
SAS,urb,d5,coal,20,2035,0.01
SAS,rur,d6,coal,20,2035,0.01
SAS,urb,d6,coal,20,2035,0.01
SAS,rur,d7,coal,20,2035,0.01
SAS,urb,d7,coal,20,2035,0.01
SAS,rur,d8,coal,20,2035,0.01
SAS,urb,d8,coal,20,2035,0.01
SAS,rur,d9,coal,20,2035,0.01
SAS,urb,d9,coal,20,2035,0.01
SAS,rur,d10,coal,20,2035,0.01
SAS,urb,d10,coal,20,2035,0.01
SAS,rur,d1,oil,20,2035,0.01
SAS,urb,d1,oil,20,2035,0.01
SAS,rur,d2,oil,20,2035,0.01
SAS,urb,d2,oil,20,2035,0.01
SAS,rur,d3,oil,20,2035,0.01
SAS,urb,d3,oil,20,2035,0.01
SAS,rur,d4,oil,20,2035,0.01
SAS,urb,d4,oil,20,2035,0.01
SAS,rur,d5,oil,20,2035,0.01
SAS,urb,d5,oil,20,2035,0.01
SAS,rur,d6,oil,20,2035,0.01
SAS,urb,d6,oil,20,2035,0.01
SAS,rur,d7,oil,20,2035,0.01
SAS,urb,d7,oil,20,2035,0.01
SAS,rur,d8,oil,20,2035,0.01
SAS,urb,d8,oil,20,2035,0.01
SAS,rur,d9,oil,20,2035,0.01
SAS,urb,d9,oil,20,2035,0.01
SAS,rur,d10,oil,20,2035,0.01
SAS,urb,d10,oil,20,2035,0.01
SAS,rur,d1,gas,20,2035,0.01
SAS,urb,d1,gas,20,2035,0.01
SAS,rur,d2,gas,20,2035,0.01
SAS,urb,d2,gas,20,2035,0.01
SAS,rur,d3,gas,20,2035,0.01
SAS,urb,d3,gas,20,2035,0.01
SAS,rur,d4,gas,20,2035,0.01
SAS,urb,d4,gas,20,2035,0.01
SAS,rur,d5,gas,20,2035,0.01
SAS,urb,d5,gas,20,2035,0.01
SAS,rur,d6,gas,20,2035,0.01
SAS,urb,d6,gas,20,2035,0.01
SAS,rur,d7,gas,20,2035,0.01
SAS,urb,d7,gas,20,2035,0.01
SAS,rur,d8,gas,20,2035,0.01
SAS,urb,d8,gas,20,2035,0.01
SAS,rur,d9,gas,20,2035,0.01
SAS,urb,d9,gas,20,2035,0.01
SAS,rur,d10,gas,20,2035,0.01
SAS,urb,d10,gas,20,2035,0.01
SAS,rur,d1,electricity,20,2035,0.01
SAS,urb,d1,electricity,20,2035,0.01
SAS,rur,d2,electricity,20,2035,0.01
SAS,urb,d2,electricity,20,2035,0.01
SAS,rur,d3,electricity,20,2035,0.01
SAS,urb,d3,electricity,20,2035,0.01
SAS,rur,d4,electricity,20,2035,0.01
SAS,urb,d4,electricity,20,2035,0.01
SAS,rur,d5,electricity,20,2035,0.01
SAS,urb,d5,electricity,20,2035,0.01
SAS,rur,d6,electricity,20,2035,0.01
SAS,urb,d6,electricity,20,2035,0.01
SAS,rur,d7,electricity,20,2035,0.01
SAS,urb,d7,electricity,20,2035,0.01
SAS,rur,d8,electricity,20,2035,0.01
SAS,urb,d8,electricity,20,2035,0.01
SAS,rur,d9,electricity,20,2035,0.01
SAS,urb,d9,electricity,20,2035,0.01
SAS,rur,d10,electricity,20,2035,0.01
SAS,urb,d10,electricity,20,2035,0.01
SAS,rur,d1,biomass_solid,20,2040,0.01
SAS,urb,d1,biomass_solid,20,2040,0.01
SAS,rur,d2,biomass_solid,20,2040,0.01
SAS,urb,d2,biomass_solid,20,2040,0.01
SAS,rur,d3,biomass_solid,20,2040,0.01
SAS,urb,d3,biomass_solid,20,2040,0.01
SAS,rur,d4,biomass_solid,20,2040,0.01
SAS,urb,d4,biomass_solid,20,2040,0.01
SAS,rur,d5,biomass_solid,20,2040,0.01
SAS,urb,d5,biomass_solid,20,2040,0.01
SAS,rur,d6,biomass_solid,20,2040,0.01
SAS,urb,d6,biomass_solid,20,2040,0.01
SAS,rur,d7,biomass_solid,20,2040,0.01
SAS,urb,d7,biomass_solid,20,2040,0.01
SAS,rur,d8,biomass_solid,20,2040,0.01
SAS,urb,d8,biomass_solid,20,2040,0.01
SAS,rur,d9,biomass_solid,20,2040,0.01
SAS,urb,d9,biomass_solid,20,2040,0.01
SAS,rur,d10,biomass_solid,20,2040,0.01
SAS,urb,d10,biomass_solid,20,2040,0.01
SAS,rur,d1,coal,20,2040,0.01
SAS,urb,d1,coal,20,2040,0.01
SAS,rur,d2,coal,20,2040,0.01
SAS,urb,d2,coal,20,2040,0.01
SAS,rur,d3,coal,20,2040,0.01
SAS,urb,d3,coal,20,2040,0.01
SAS,rur,d4,coal,20,2040,0.01
SAS,urb,d4,coal,20,2040,0.01
SAS,rur,d5,coal,20,2040,0.01
SAS,urb,d5,coal,20,2040,0.01
SAS,rur,d6,coal,20,2040,0.01
SAS,urb,d6,coal,20,2040,0.01
SAS,rur,d7,coal,20,2040,0.01
SAS,urb,d7,coal,20,2040,0.01
SAS,rur,d8,coal,20,2040,0.01
SAS,urb,d8,coal,20,2040,0.01
SAS,rur,d9,coal,20,2040,0.01
SAS,urb,d9,coal,20,2040,0.01
SAS,rur,d10,coal,20,2040,0.01
SAS,urb,d10,coal,20,2040,0.01
SAS,rur,d1,oil,20,2040,0.01
SAS,urb,d1,oil,20,2040,0.01
SAS,rur,d2,oil,20,2040,0.01
SAS,urb,d2,oil,20,2040,0.01
SAS,rur,d3,oil,20,2040,0.01
SAS,urb,d3,oil,20,2040,0.01
SAS,rur,d4,oil,20,2040,0.01
SAS,urb,d4,oil,20,2040,0.01
SAS,rur,d5,oil,20,2040,0.01
SAS,urb,d5,oil,20,2040,0.01
SAS,rur,d6,oil,20,2040,0.01
SAS,urb,d6,oil,20,2040,0.01
SAS,rur,d7,oil,20,2040,0.01
SAS,urb,d7,oil,20,2040,0.01
SAS,rur,d8,oil,20,2040,0.01
SAS,urb,d8,oil,20,2040,0.01
SAS,rur,d9,oil,20,2040,0.01
SAS,urb,d9,oil,20,2040,0.01
SAS,rur,d10,oil,20,2040,0.01
SAS,urb,d10,oil,20,2040,0.01
SAS,rur,d1,gas,20,2040,0.01
SAS,urb,d1,gas,20,2040,0.01
SAS,rur,d2,gas,20,2040,0.01
SAS,urb,d2,gas,20,2040,0.01
SAS,rur,d3,gas,20,2040,0.01
SAS,urb,d3,gas,20,2040,0.01
SAS,rur,d4,gas,20,2040,0.01
SAS,urb,d4,gas,20,2040,0.01
SAS,rur,d5,gas,20,2040,0.01
SAS,urb,d5,gas,20,2040,0.01
SAS,rur,d6,gas,20,2040,0.01
SAS,urb,d6,gas,20,2040,0.01
SAS,rur,d7,gas,20,2040,0.01
SAS,urb,d7,gas,20,2040,0.01
SAS,rur,d8,gas,20,2040,0.01
SAS,urb,d8,gas,20,2040,0.01
SAS,rur,d9,gas,20,2040,0.01
SAS,urb,d9,gas,20,2040,0.01
SAS,rur,d10,gas,20,2040,0.01
SAS,urb,d10,gas,20,2040,0.01
SAS,rur,d1,electricity,20,2040,0.01
SAS,urb,d1,electricity,20,2040,0.01
SAS,rur,d2,electricity,20,2040,0.01
SAS,urb,d2,electricity,20,2040,0.01
SAS,rur,d3,electricity,20,2040,0.01
SAS,urb,d3,electricity,20,2040,0.01
SAS,rur,d4,electricity,20,2040,0.01
SAS,urb,d4,electricity,20,2040,0.01
SAS,rur,d5,electricity,20,2040,0.01
SAS,urb,d5,electricity,20,2040,0.01
SAS,rur,d6,electricity,20,2040,0.01
SAS,urb,d6,electricity,20,2040,0.01
SAS,rur,d7,electricity,20,2040,0.01
SAS,urb,d7,electricity,20,2040,0.01
SAS,rur,d8,electricity,20,2040,0.01
SAS,urb,d8,electricity,20,2040,0.01
SAS,rur,d9,electricity,20,2040,0.01
SAS,urb,d9,electricity,20,2040,0.01
SAS,rur,d10,electricity,20,2040,0.01
SAS,urb,d10,electricity,20,2040,0.01
SAS,rur,d1,biomass_solid,20,2045,0.01
SAS,urb,d1,biomass_solid,20,2045,0.01
SAS,rur,d2,biomass_solid,20,2045,0.01
SAS,urb,d2,biomass_solid,20,2045,0.01
SAS,rur,d3,biomass_solid,20,2045,0.01
SAS,urb,d3,biomass_solid,20,2045,0.01
SAS,rur,d4,biomass_solid,20,2045,0.01
SAS,urb,d4,biomass_solid,20,2045,0.01
SAS,rur,d5,biomass_solid,20,2045,0.01
SAS,urb,d5,biomass_solid,20,2045,0.01
SAS,rur,d6,biomass_solid,20,2045,0.01
SAS,urb,d6,biomass_solid,20,2045,0.01
SAS,rur,d7,biomass_solid,20,2045,0.01
SAS,urb,d7,biomass_solid,20,2045,0.01
SAS,rur,d8,biomass_solid,20,2045,0.01
SAS,urb,d8,biomass_solid,20,2045,0.01
SAS,rur,d9,biomass_solid,20,2045,0.01
SAS,urb,d9,biomass_solid,20,2045,0.01
SAS,rur,d10,biomass_solid,20,2045,0.01
SAS,urb,d10,biomass_solid,20,2045,0.01
SAS,rur,d1,coal,20,2045,0.01
SAS,urb,d1,coal,20,2045,0.01
SAS,rur,d2,coal,20,2045,0.01
SAS,urb,d2,coal,20,2045,0.01
SAS,rur,d3,coal,20,2045,0.01
SAS,urb,d3,coal,20,2045,0.01
SAS,rur,d4,coal,20,2045,0.01
SAS,urb,d4,coal,20,2045,0.01
SAS,rur,d5,coal,20,2045,0.01
SAS,urb,d5,coal,20,2045,0.01
SAS,rur,d6,coal,20,2045,0.01
SAS,urb,d6,coal,20,2045,0.01
SAS,rur,d7,coal,20,2045,0.01
SAS,urb,d7,coal,20,2045,0.01
SAS,rur,d8,coal,20,2045,0.01
SAS,urb,d8,coal,20,2045,0.01
SAS,rur,d9,coal,20,2045,0.01
SAS,urb,d9,coal,20,2045,0.01
SAS,rur,d10,coal,20,2045,0.01
SAS,urb,d10,coal,20,2045,0.01
SAS,rur,d1,oil,20,2045,0.01
SAS,urb,d1,oil,20,2045,0.01
SAS,rur,d2,oil,20,2045,0.01
SAS,urb,d2,oil,20,2045,0.01
SAS,rur,d3,oil,20,2045,0.01
SAS,urb,d3,oil,20,2045,0.01
SAS,rur,d4,oil,20,2045,0.01
SAS,urb,d4,oil,20,2045,0.01
SAS,rur,d5,oil,20,2045,0.01
SAS,urb,d5,oil,20,2045,0.01
SAS,rur,d6,oil,20,2045,0.01
SAS,urb,d6,oil,20,2045,0.01
SAS,rur,d7,oil,20,2045,0.01
SAS,urb,d7,oil,20,2045,0.01
SAS,rur,d8,oil,20,2045,0.01
SAS,urb,d8,oil,20,2045,0.01
SAS,rur,d9,oil,20,2045,0.01
SAS,urb,d9,oil,20,2045,0.01
SAS,rur,d10,oil,20,2045,0.01
SAS,urb,d10,oil,20,2045,0.01
SAS,rur,d1,gas,20,2045,0.01
SAS,urb,d1,gas,20,2045,0.01
SAS,rur,d2,gas,20,2045,0.01
SAS,urb,d2,gas,20,2045,0.01
SAS,rur,d3,gas,20,2045,0.01
SAS,urb,d3,gas,20,2045,0.01
SAS,rur,d4,gas,20,2045,0.01
SAS,urb,d4,gas,20,2045,0.01
SAS,rur,d5,gas,20,2045,0.01
SAS,urb,d5,gas,20,2045,0.01
SAS,rur,d6,gas,20,2045,0.01
SAS,urb,d6,gas,20,2045,0.01
SAS,rur,d7,gas,20,2045,0.01
SAS,urb,d7,gas,20,2045,0.01
SAS,rur,d8,gas,20,2045,0.01
SAS,urb,d8,gas,20,2045,0.01
SAS,rur,d9,gas,20,2045,0.01
SAS,urb,d9,gas,20,2045,0.01
SAS,rur,d10,gas,20,2045,0.01
SAS,urb,d10,gas,20,2045,0.01
SAS,rur,d1,electricity,20,2045,0.01
SAS,urb,d1,electricity,20,2045,0.01
SAS,rur,d2,electricity,20,2045,0.01
SAS,urb,d2,electricity,20,2045,0.01
SAS,rur,d3,electricity,20,2045,0.01
SAS,urb,d3,electricity,20,2045,0.01
SAS,rur,d4,electricity,20,2045,0.01
SAS,urb,d4,electricity,20,2045,0.01
SAS,rur,d5,electricity,20,2045,0.01
SAS,urb,d5,electricity,20,2045,0.01
SAS,rur,d6,electricity,20,2045,0.01
SAS,urb,d6,electricity,20,2045,0.01
SAS,rur,d7,electricity,20,2045,0.01
SAS,urb,d7,electricity,20,2045,0.01
SAS,rur,d8,electricity,20,2045,0.01
SAS,urb,d8,electricity,20,2045,0.01
SAS,rur,d9,electricity,20,2045,0.01
SAS,urb,d9,electricity,20,2045,0.01
SAS,rur,d10,electricity,20,2045,0.01
SAS,urb,d10,electricity,20,2045,0.01
SAS,rur,d1,biomass_solid,20,2050,0.01
SAS,urb,d1,biomass_solid,20,2050,0.01
SAS,rur,d2,biomass_solid,20,2050,0.01
SAS,urb,d2,biomass_solid,20,2050,0.01
SAS,rur,d3,biomass_solid,20,2050,0.01
SAS,urb,d3,biomass_solid,20,2050,0.01
SAS,rur,d4,biomass_solid,20,2050,0.01
SAS,urb,d4,biomass_solid,20,2050,0.01
SAS,rur,d5,biomass_solid,20,2050,0.01
SAS,urb,d5,biomass_solid,20,2050,0.01
SAS,rur,d6,biomass_solid,20,2050,0.01
SAS,urb,d6,biomass_solid,20,2050,0.01
SAS,rur,d7,biomass_solid,20,2050,0.01
SAS,urb,d7,biomass_solid,20,2050,0.01
SAS,rur,d8,biomass_solid,20,2050,0.01
SAS,urb,d8,biomass_solid,20,2050,0.01
SAS,rur,d9,biomass_solid,20,2050,0.01
SAS,urb,d9,biomass_solid,20,2050,0.01
SAS,rur,d10,biomass_solid,20,2050,0.01
SAS,urb,d10,biomass_solid,20,2050,0.01
SAS,rur,d1,coal,20,2050,0.01
SAS,urb,d1,coal,20,2050,0.01
SAS,rur,d2,coal,20,2050,0.01
SAS,urb,d2,coal,20,2050,0.01
SAS,rur,d3,coal,20,2050,0.01
SAS,urb,d3,coal,20,2050,0.01
SAS,rur,d4,coal,20,2050,0.01
SAS,urb,d4,coal,20,2050,0.01
SAS,rur,d5,coal,20,2050,0.01
SAS,urb,d5,coal,20,2050,0.01
SAS,rur,d6,coal,20,2050,0.01
SAS,urb,d6,coal,20,2050,0.01
SAS,rur,d7,coal,20,2050,0.01
SAS,urb,d7,coal,20,2050,0.01
SAS,rur,d8,coal,20,2050,0.01
SAS,urb,d8,coal,20,2050,0.01
SAS,rur,d9,coal,20,2050,0.01
SAS,urb,d9,coal,20,2050,0.01
SAS,rur,d10,coal,20,2050,0.01
SAS,urb,d10,coal,20,2050,0.01
SAS,rur,d1,oil,20,2050,0.01
SAS,urb,d1,oil,20,2050,0.01
SAS,rur,d2,oil,20,2050,0.01
SAS,urb,d2,oil,20,2050,0.01
SAS,rur,d3,oil,20,2050,0.01
SAS,urb,d3,oil,20,2050,0.01
SAS,rur,d4,oil,20,2050,0.01
SAS,urb,d4,oil,20,2050,0.01
SAS,rur,d5,oil,20,2050,0.01
SAS,urb,d5,oil,20,2050,0.01
SAS,rur,d6,oil,20,2050,0.01
SAS,urb,d6,oil,20,2050,0.01
SAS,rur,d7,oil,20,2050,0.01
SAS,urb,d7,oil,20,2050,0.01
SAS,rur,d8,oil,20,2050,0.01
SAS,urb,d8,oil,20,2050,0.01
SAS,rur,d9,oil,20,2050,0.01
SAS,urb,d9,oil,20,2050,0.01
SAS,rur,d10,oil,20,2050,0.01
SAS,urb,d10,oil,20,2050,0.01
SAS,rur,d1,gas,20,2050,0.01
SAS,urb,d1,gas,20,2050,0.01
SAS,rur,d2,gas,20,2050,0.01
SAS,urb,d2,gas,20,2050,0.01
SAS,rur,d3,gas,20,2050,0.01
SAS,urb,d3,gas,20,2050,0.01
SAS,rur,d4,gas,20,2050,0.01
SAS,urb,d4,gas,20,2050,0.01
SAS,rur,d5,gas,20,2050,0.01
SAS,urb,d5,gas,20,2050,0.01
SAS,rur,d6,gas,20,2050,0.01
SAS,urb,d6,gas,20,2050,0.01
SAS,rur,d7,gas,20,2050,0.01
SAS,urb,d7,gas,20,2050,0.01
SAS,rur,d8,gas,20,2050,0.01
SAS,urb,d8,gas,20,2050,0.01
SAS,rur,d9,gas,20,2050,0.01
SAS,urb,d9,gas,20,2050,0.01
SAS,rur,d10,gas,20,2050,0.01
SAS,urb,d10,gas,20,2050,0.01
SAS,rur,d1,electricity,20,2050,0.01
SAS,urb,d1,electricity,20,2050,0.01
SAS,rur,d2,electricity,20,2050,0.01
SAS,urb,d2,electricity,20,2050,0.01
SAS,rur,d3,electricity,20,2050,0.01
SAS,urb,d3,electricity,20,2050,0.01
SAS,rur,d4,electricity,20,2050,0.01
SAS,urb,d4,electricity,20,2050,0.01
SAS,rur,d5,electricity,20,2050,0.01
SAS,urb,d5,electricity,20,2050,0.01
SAS,rur,d6,electricity,20,2050,0.01
SAS,urb,d6,electricity,20,2050,0.01
SAS,rur,d7,electricity,20,2050,0.01
SAS,urb,d7,electricity,20,2050,0.01
SAS,rur,d8,electricity,20,2050,0.01
SAS,urb,d8,electricity,20,2050,0.01
SAS,rur,d9,electricity,20,2050,0.01
SAS,urb,d9,electricity,20,2050,0.01
SAS,rur,d10,electricity,20,2050,0.01
SAS,urb,d10,electricity,20,2050,0.01
SAS,rur,d1,biomass_solid,20,2055,0.01
SAS,urb,d1,biomass_solid,20,2055,0.01
SAS,rur,d2,biomass_solid,20,2055,0.01
SAS,urb,d2,biomass_solid,20,2055,0.01
SAS,rur,d3,biomass_solid,20,2055,0.01
SAS,urb,d3,biomass_solid,20,2055,0.01
SAS,rur,d4,biomass_solid,20,2055,0.01
SAS,urb,d4,biomass_solid,20,2055,0.01
SAS,rur,d5,biomass_solid,20,2055,0.01
SAS,urb,d5,biomass_solid,20,2055,0.01
SAS,rur,d6,biomass_solid,20,2055,0.01
SAS,urb,d6,biomass_solid,20,2055,0.01
SAS,rur,d7,biomass_solid,20,2055,0.01
SAS,urb,d7,biomass_solid,20,2055,0.01
SAS,rur,d8,biomass_solid,20,2055,0.01
SAS,urb,d8,biomass_solid,20,2055,0.01
SAS,rur,d9,biomass_solid,20,2055,0.01
SAS,urb,d9,biomass_solid,20,2055,0.01
SAS,rur,d10,biomass_solid,20,2055,0.01
SAS,urb,d10,biomass_solid,20,2055,0.01
SAS,rur,d1,coal,20,2055,0.01
SAS,urb,d1,coal,20,2055,0.01
SAS,rur,d2,coal,20,2055,0.01
SAS,urb,d2,coal,20,2055,0.01
SAS,rur,d3,coal,20,2055,0.01
SAS,urb,d3,coal,20,2055,0.01
SAS,rur,d4,coal,20,2055,0.01
SAS,urb,d4,coal,20,2055,0.01
SAS,rur,d5,coal,20,2055,0.01
SAS,urb,d5,coal,20,2055,0.01
SAS,rur,d6,coal,20,2055,0.01
SAS,urb,d6,coal,20,2055,0.01
SAS,rur,d7,coal,20,2055,0.01
SAS,urb,d7,coal,20,2055,0.01
SAS,rur,d8,coal,20,2055,0.01
SAS,urb,d8,coal,20,2055,0.01
SAS,rur,d9,coal,20,2055,0.01
SAS,urb,d9,coal,20,2055,0.01
SAS,rur,d10,coal,20,2055,0.01
SAS,urb,d10,coal,20,2055,0.01
SAS,rur,d1,oil,20,2055,0.01
SAS,urb,d1,oil,20,2055,0.01
SAS,rur,d2,oil,20,2055,0.01
SAS,urb,d2,oil,20,2055,0.01
SAS,rur,d3,oil,20,2055,0.01
SAS,urb,d3,oil,20,2055,0.01
SAS,rur,d4,oil,20,2055,0.01
SAS,urb,d4,oil,20,2055,0.01
SAS,rur,d5,oil,20,2055,0.01
SAS,urb,d5,oil,20,2055,0.01
SAS,rur,d6,oil,20,2055,0.01
SAS,urb,d6,oil,20,2055,0.01
SAS,rur,d7,oil,20,2055,0.01
SAS,urb,d7,oil,20,2055,0.01
SAS,rur,d8,oil,20,2055,0.01
SAS,urb,d8,oil,20,2055,0.01
SAS,rur,d9,oil,20,2055,0.01
SAS,urb,d9,oil,20,2055,0.01
SAS,rur,d10,oil,20,2055,0.01
SAS,urb,d10,oil,20,2055,0.01
SAS,rur,d1,gas,20,2055,0.01
SAS,urb,d1,gas,20,2055,0.01
SAS,rur,d2,gas,20,2055,0.01
SAS,urb,d2,gas,20,2055,0.01
SAS,rur,d3,gas,20,2055,0.01
SAS,urb,d3,gas,20,2055,0.01
SAS,rur,d4,gas,20,2055,0.01
SAS,urb,d4,gas,20,2055,0.01
SAS,rur,d5,gas,20,2055,0.01
SAS,urb,d5,gas,20,2055,0.01
SAS,rur,d6,gas,20,2055,0.01
SAS,urb,d6,gas,20,2055,0.01
SAS,rur,d7,gas,20,2055,0.01
SAS,urb,d7,gas,20,2055,0.01
SAS,rur,d8,gas,20,2055,0.01
SAS,urb,d8,gas,20,2055,0.01
SAS,rur,d9,gas,20,2055,0.01
SAS,urb,d9,gas,20,2055,0.01
SAS,rur,d10,gas,20,2055,0.01
SAS,urb,d10,gas,20,2055,0.01
SAS,rur,d1,electricity,20,2055,0.01
SAS,urb,d1,electricity,20,2055,0.01
SAS,rur,d2,electricity,20,2055,0.01
SAS,urb,d2,electricity,20,2055,0.01
SAS,rur,d3,electricity,20,2055,0.01
SAS,urb,d3,electricity,20,2055,0.01
SAS,rur,d4,electricity,20,2055,0.01
SAS,urb,d4,electricity,20,2055,0.01
SAS,rur,d5,electricity,20,2055,0.01
SAS,urb,d5,electricity,20,2055,0.01
SAS,rur,d6,electricity,20,2055,0.01
SAS,urb,d6,electricity,20,2055,0.01
SAS,rur,d7,electricity,20,2055,0.01
SAS,urb,d7,electricity,20,2055,0.01
SAS,rur,d8,electricity,20,2055,0.01
SAS,urb,d8,electricity,20,2055,0.01
SAS,rur,d9,electricity,20,2055,0.01
SAS,urb,d9,electricity,20,2055,0.01
SAS,rur,d10,electricity,20,2055,0.01
SAS,urb,d10,electricity,20,2055,0.01
SAS,rur,d1,biomass_solid,20,2060,0.01
SAS,urb,d1,biomass_solid,20,2060,0.01
SAS,rur,d2,biomass_solid,20,2060,0.01
SAS,urb,d2,biomass_solid,20,2060,0.01
SAS,rur,d3,biomass_solid,20,2060,0.01
SAS,urb,d3,biomass_solid,20,2060,0.01
SAS,rur,d4,biomass_solid,20,2060,0.01
SAS,urb,d4,biomass_solid,20,2060,0.01
SAS,rur,d5,biomass_solid,20,2060,0.01
SAS,urb,d5,biomass_solid,20,2060,0.01
SAS,rur,d6,biomass_solid,20,2060,0.01
SAS,urb,d6,biomass_solid,20,2060,0.01
SAS,rur,d7,biomass_solid,20,2060,0.01
SAS,urb,d7,biomass_solid,20,2060,0.01
SAS,rur,d8,biomass_solid,20,2060,0.01
SAS,urb,d8,biomass_solid,20,2060,0.01
SAS,rur,d9,biomass_solid,20,2060,0.01
SAS,urb,d9,biomass_solid,20,2060,0.01
SAS,rur,d10,biomass_solid,20,2060,0.01
SAS,urb,d10,biomass_solid,20,2060,0.01
SAS,rur,d1,coal,20,2060,0.01
SAS,urb,d1,coal,20,2060,0.01
SAS,rur,d2,coal,20,2060,0.01
SAS,urb,d2,coal,20,2060,0.01
SAS,rur,d3,coal,20,2060,0.01
SAS,urb,d3,coal,20,2060,0.01
SAS,rur,d4,coal,20,2060,0.01
SAS,urb,d4,coal,20,2060,0.01
SAS,rur,d5,coal,20,2060,0.01
SAS,urb,d5,coal,20,2060,0.01
SAS,rur,d6,coal,20,2060,0.01
SAS,urb,d6,coal,20,2060,0.01
SAS,rur,d7,coal,20,2060,0.01
SAS,urb,d7,coal,20,2060,0.01
SAS,rur,d8,coal,20,2060,0.01
SAS,urb,d8,coal,20,2060,0.01
SAS,rur,d9,coal,20,2060,0.01
SAS,urb,d9,coal,20,2060,0.01
SAS,rur,d10,coal,20,2060,0.01
SAS,urb,d10,coal,20,2060,0.01
SAS,rur,d1,oil,20,2060,0.01
SAS,urb,d1,oil,20,2060,0.01
SAS,rur,d2,oil,20,2060,0.01
SAS,urb,d2,oil,20,2060,0.01
SAS,rur,d3,oil,20,2060,0.01
SAS,urb,d3,oil,20,2060,0.01
SAS,rur,d4,oil,20,2060,0.01
SAS,urb,d4,oil,20,2060,0.01
SAS,rur,d5,oil,20,2060,0.01
SAS,urb,d5,oil,20,2060,0.01
SAS,rur,d6,oil,20,2060,0.01
SAS,urb,d6,oil,20,2060,0.01
SAS,rur,d7,oil,20,2060,0.01
SAS,urb,d7,oil,20,2060,0.01
SAS,rur,d8,oil,20,2060,0.01
SAS,urb,d8,oil,20,2060,0.01
SAS,rur,d9,oil,20,2060,0.01
SAS,urb,d9,oil,20,2060,0.01
SAS,rur,d10,oil,20,2060,0.01
SAS,urb,d10,oil,20,2060,0.01
SAS,rur,d1,gas,20,2060,0.01
SAS,urb,d1,gas,20,2060,0.01
SAS,rur,d2,gas,20,2060,0.01
SAS,urb,d2,gas,20,2060,0.01
SAS,rur,d3,gas,20,2060,0.01
SAS,urb,d3,gas,20,2060,0.01
SAS,rur,d4,gas,20,2060,0.01
SAS,urb,d4,gas,20,2060,0.01
SAS,rur,d5,gas,20,2060,0.01
SAS,urb,d5,gas,20,2060,0.01
SAS,rur,d6,gas,20,2060,0.01
SAS,urb,d6,gas,20,2060,0.01
SAS,rur,d7,gas,20,2060,0.01
SAS,urb,d7,gas,20,2060,0.01
SAS,rur,d8,gas,20,2060,0.01
SAS,urb,d8,gas,20,2060,0.01
SAS,rur,d9,gas,20,2060,0.01
SAS,urb,d9,gas,20,2060,0.01
SAS,rur,d10,gas,20,2060,0.01
SAS,urb,d10,gas,20,2060,0.01
SAS,rur,d1,electricity,20,2060,0.01
SAS,urb,d1,electricity,20,2060,0.01
SAS,rur,d2,electricity,20,2060,0.01
SAS,urb,d2,electricity,20,2060,0.01
SAS,rur,d3,electricity,20,2060,0.01
SAS,urb,d3,electricity,20,2060,0.01
SAS,rur,d4,electricity,20,2060,0.01
SAS,urb,d4,electricity,20,2060,0.01
SAS,rur,d5,electricity,20,2060,0.01
SAS,urb,d5,electricity,20,2060,0.01
SAS,rur,d6,electricity,20,2060,0.01
SAS,urb,d6,electricity,20,2060,0.01
SAS,rur,d7,electricity,20,2060,0.01
SAS,urb,d7,electricity,20,2060,0.01
SAS,rur,d8,electricity,20,2060,0.01
SAS,urb,d8,electricity,20,2060,0.01
SAS,rur,d9,electricity,20,2060,0.01
SAS,urb,d9,electricity,20,2060,0.01
SAS,rur,d10,electricity,20,2060,0.01
SAS,urb,d10,electricity,20,2060,0.01
SAS,rur,d1,biomass_solid,20,2065,0.01
SAS,urb,d1,biomass_solid,20,2065,0.01
SAS,rur,d2,biomass_solid,20,2065,0.01
SAS,urb,d2,biomass_solid,20,2065,0.01
SAS,rur,d3,biomass_solid,20,2065,0.01
SAS,urb,d3,biomass_solid,20,2065,0.01
SAS,rur,d4,biomass_solid,20,2065,0.01
SAS,urb,d4,biomass_solid,20,2065,0.01
SAS,rur,d5,biomass_solid,20,2065,0.01
SAS,urb,d5,biomass_solid,20,2065,0.01
SAS,rur,d6,biomass_solid,20,2065,0.01
SAS,urb,d6,biomass_solid,20,2065,0.01
SAS,rur,d7,biomass_solid,20,2065,0.01
SAS,urb,d7,biomass_solid,20,2065,0.01
SAS,rur,d8,biomass_solid,20,2065,0.01
SAS,urb,d8,biomass_solid,20,2065,0.01
SAS,rur,d9,biomass_solid,20,2065,0.01
SAS,urb,d9,biomass_solid,20,2065,0.01
SAS,rur,d10,biomass_solid,20,2065,0.01
SAS,urb,d10,biomass_solid,20,2065,0.01
SAS,rur,d1,coal,20,2065,0.01
SAS,urb,d1,coal,20,2065,0.01
SAS,rur,d2,coal,20,2065,0.01
SAS,urb,d2,coal,20,2065,0.01
SAS,rur,d3,coal,20,2065,0.01
SAS,urb,d3,coal,20,2065,0.01
SAS,rur,d4,coal,20,2065,0.01
SAS,urb,d4,coal,20,2065,0.01
SAS,rur,d5,coal,20,2065,0.01
SAS,urb,d5,coal,20,2065,0.01
SAS,rur,d6,coal,20,2065,0.01
SAS,urb,d6,coal,20,2065,0.01
SAS,rur,d7,coal,20,2065,0.01
SAS,urb,d7,coal,20,2065,0.01
SAS,rur,d8,coal,20,2065,0.01
SAS,urb,d8,coal,20,2065,0.01
SAS,rur,d9,coal,20,2065,0.01
SAS,urb,d9,coal,20,2065,0.01
SAS,rur,d10,coal,20,2065,0.01
SAS,urb,d10,coal,20,2065,0.01
SAS,rur,d1,oil,20,2065,0.01
SAS,urb,d1,oil,20,2065,0.01
SAS,rur,d2,oil,20,2065,0.01
SAS,urb,d2,oil,20,2065,0.01
SAS,rur,d3,oil,20,2065,0.01
SAS,urb,d3,oil,20,2065,0.01
SAS,rur,d4,oil,20,2065,0.01
SAS,urb,d4,oil,20,2065,0.01
SAS,rur,d5,oil,20,2065,0.01
SAS,urb,d5,oil,20,2065,0.01
SAS,rur,d6,oil,20,2065,0.01
SAS,urb,d6,oil,20,2065,0.01
SAS,rur,d7,oil,20,2065,0.01
SAS,urb,d7,oil,20,2065,0.01
SAS,rur,d8,oil,20,2065,0.01
SAS,urb,d8,oil,20,2065,0.01
SAS,rur,d9,oil,20,2065,0.01
SAS,urb,d9,oil,20,2065,0.01
SAS,rur,d10,oil,20,2065,0.01
SAS,urb,d10,oil,20,2065,0.01
SAS,rur,d1,gas,20,2065,0.01
SAS,urb,d1,gas,20,2065,0.01
SAS,rur,d2,gas,20,2065,0.01
SAS,urb,d2,gas,20,2065,0.01
SAS,rur,d3,gas,20,2065,0.01
SAS,urb,d3,gas,20,2065,0.01
SAS,rur,d4,gas,20,2065,0.01
SAS,urb,d4,gas,20,2065,0.01
SAS,rur,d5,gas,20,2065,0.01
SAS,urb,d5,gas,20,2065,0.01
SAS,rur,d6,gas,20,2065,0.01
SAS,urb,d6,gas,20,2065,0.01
SAS,rur,d7,gas,20,2065,0.01
SAS,urb,d7,gas,20,2065,0.01
SAS,rur,d8,gas,20,2065,0.01
SAS,urb,d8,gas,20,2065,0.01
SAS,rur,d9,gas,20,2065,0.01
SAS,urb,d9,gas,20,2065,0.01
SAS,rur,d10,gas,20,2065,0.01
SAS,urb,d10,gas,20,2065,0.01
SAS,rur,d1,electricity,20,2065,0.01
SAS,urb,d1,electricity,20,2065,0.01
SAS,rur,d2,electricity,20,2065,0.01
SAS,urb,d2,electricity,20,2065,0.01
SAS,rur,d3,electricity,20,2065,0.01
SAS,urb,d3,electricity,20,2065,0.01
SAS,rur,d4,electricity,20,2065,0.01
SAS,urb,d4,electricity,20,2065,0.01
SAS,rur,d5,electricity,20,2065,0.01
SAS,urb,d5,electricity,20,2065,0.01
SAS,rur,d6,electricity,20,2065,0.01
SAS,urb,d6,electricity,20,2065,0.01
SAS,rur,d7,electricity,20,2065,0.01
SAS,urb,d7,electricity,20,2065,0.01
SAS,rur,d8,electricity,20,2065,0.01
SAS,urb,d8,electricity,20,2065,0.01
SAS,rur,d9,electricity,20,2065,0.01
SAS,urb,d9,electricity,20,2065,0.01
SAS,rur,d10,electricity,20,2065,0.01
SAS,urb,d10,electricity,20,2065,0.01
SAS,rur,d1,biomass_solid,20,2070,0.01
SAS,urb,d1,biomass_solid,20,2070,0.01
SAS,rur,d2,biomass_solid,20,2070,0.01
SAS,urb,d2,biomass_solid,20,2070,0.01
SAS,rur,d3,biomass_solid,20,2070,0.01
SAS,urb,d3,biomass_solid,20,2070,0.01
SAS,rur,d4,biomass_solid,20,2070,0.01
SAS,urb,d4,biomass_solid,20,2070,0.01
SAS,rur,d5,biomass_solid,20,2070,0.01
SAS,urb,d5,biomass_solid,20,2070,0.01
SAS,rur,d6,biomass_solid,20,2070,0.01
SAS,urb,d6,biomass_solid,20,2070,0.01
SAS,rur,d7,biomass_solid,20,2070,0.01
SAS,urb,d7,biomass_solid,20,2070,0.01
SAS,rur,d8,biomass_solid,20,2070,0.01
SAS,urb,d8,biomass_solid,20,2070,0.01
SAS,rur,d9,biomass_solid,20,2070,0.01
SAS,urb,d9,biomass_solid,20,2070,0.01
SAS,rur,d10,biomass_solid,20,2070,0.01
SAS,urb,d10,biomass_solid,20,2070,0.01
SAS,rur,d1,coal,20,2070,0.01
SAS,urb,d1,coal,20,2070,0.01
SAS,rur,d2,coal,20,2070,0.01
SAS,urb,d2,coal,20,2070,0.01
SAS,rur,d3,coal,20,2070,0.01
SAS,urb,d3,coal,20,2070,0.01
SAS,rur,d4,coal,20,2070,0.01
SAS,urb,d4,coal,20,2070,0.01
SAS,rur,d5,coal,20,2070,0.01
SAS,urb,d5,coal,20,2070,0.01
SAS,rur,d6,coal,20,2070,0.01
SAS,urb,d6,coal,20,2070,0.01
SAS,rur,d7,coal,20,2070,0.01
SAS,urb,d7,coal,20,2070,0.01
SAS,rur,d8,coal,20,2070,0.01
SAS,urb,d8,coal,20,2070,0.01
SAS,rur,d9,coal,20,2070,0.01
SAS,urb,d9,coal,20,2070,0.01
SAS,rur,d10,coal,20,2070,0.01
SAS,urb,d10,coal,20,2070,0.01
SAS,rur,d1,oil,20,2070,0.01
SAS,urb,d1,oil,20,2070,0.01
SAS,rur,d2,oil,20,2070,0.01
SAS,urb,d2,oil,20,2070,0.01
SAS,rur,d3,oil,20,2070,0.01
SAS,urb,d3,oil,20,2070,0.01
SAS,rur,d4,oil,20,2070,0.01
SAS,urb,d4,oil,20,2070,0.01
SAS,rur,d5,oil,20,2070,0.01
SAS,urb,d5,oil,20,2070,0.01
SAS,rur,d6,oil,20,2070,0.01
SAS,urb,d6,oil,20,2070,0.01
SAS,rur,d7,oil,20,2070,0.01
SAS,urb,d7,oil,20,2070,0.01
SAS,rur,d8,oil,20,2070,0.01
SAS,urb,d8,oil,20,2070,0.01
SAS,rur,d9,oil,20,2070,0.01
SAS,urb,d9,oil,20,2070,0.01
SAS,rur,d10,oil,20,2070,0.01
SAS,urb,d10,oil,20,2070,0.01
SAS,rur,d1,gas,20,2070,0.01
SAS,urb,d1,gas,20,2070,0.01
SAS,rur,d2,gas,20,2070,0.01
SAS,urb,d2,gas,20,2070,0.01
SAS,rur,d3,gas,20,2070,0.01
SAS,urb,d3,gas,20,2070,0.01
SAS,rur,d4,gas,20,2070,0.01
SAS,urb,d4,gas,20,2070,0.01
SAS,rur,d5,gas,20,2070,0.01
SAS,urb,d5,gas,20,2070,0.01
SAS,rur,d6,gas,20,2070,0.01
SAS,urb,d6,gas,20,2070,0.01
SAS,rur,d7,gas,20,2070,0.01
SAS,urb,d7,gas,20,2070,0.01
SAS,rur,d8,gas,20,2070,0.01
SAS,urb,d8,gas,20,2070,0.01
SAS,rur,d9,gas,20,2070,0.01
SAS,urb,d9,gas,20,2070,0.01
SAS,rur,d10,gas,20,2070,0.01
SAS,urb,d10,gas,20,2070,0.01
SAS,rur,d1,electricity,20,2070,0.01
SAS,urb,d1,electricity,20,2070,0.01
SAS,rur,d2,electricity,20,2070,0.01
SAS,urb,d2,electricity,20,2070,0.01
SAS,rur,d3,electricity,20,2070,0.01
SAS,urb,d3,electricity,20,2070,0.01
SAS,rur,d4,electricity,20,2070,0.01
SAS,urb,d4,electricity,20,2070,0.01
SAS,rur,d5,electricity,20,2070,0.01
SAS,urb,d5,electricity,20,2070,0.01
SAS,rur,d6,electricity,20,2070,0.01
SAS,urb,d6,electricity,20,2070,0.01
SAS,rur,d7,electricity,20,2070,0.01
SAS,urb,d7,electricity,20,2070,0.01
SAS,rur,d8,electricity,20,2070,0.01
SAS,urb,d8,electricity,20,2070,0.01
SAS,rur,d9,electricity,20,2070,0.01
SAS,urb,d9,electricity,20,2070,0.01
SAS,rur,d10,electricity,20,2070,0.01
SAS,urb,d10,electricity,20,2070,0.01
SAS,rur,d1,biomass_solid,20,2075,0.01
SAS,urb,d1,biomass_solid,20,2075,0.01
SAS,rur,d2,biomass_solid,20,2075,0.01
SAS,urb,d2,biomass_solid,20,2075,0.01
SAS,rur,d3,biomass_solid,20,2075,0.01
SAS,urb,d3,biomass_solid,20,2075,0.01
SAS,rur,d4,biomass_solid,20,2075,0.01
SAS,urb,d4,biomass_solid,20,2075,0.01
SAS,rur,d5,biomass_solid,20,2075,0.01
SAS,urb,d5,biomass_solid,20,2075,0.01
SAS,rur,d6,biomass_solid,20,2075,0.01
SAS,urb,d6,biomass_solid,20,2075,0.01
SAS,rur,d7,biomass_solid,20,2075,0.01
SAS,urb,d7,biomass_solid,20,2075,0.01
SAS,rur,d8,biomass_solid,20,2075,0.01
SAS,urb,d8,biomass_solid,20,2075,0.01
SAS,rur,d9,biomass_solid,20,2075,0.01
SAS,urb,d9,biomass_solid,20,2075,0.01
SAS,rur,d10,biomass_solid,20,2075,0.01
SAS,urb,d10,biomass_solid,20,2075,0.01
SAS,rur,d1,coal,20,2075,0.01
SAS,urb,d1,coal,20,2075,0.01
SAS,rur,d2,coal,20,2075,0.01
SAS,urb,d2,coal,20,2075,0.01
SAS,rur,d3,coal,20,2075,0.01
SAS,urb,d3,coal,20,2075,0.01
SAS,rur,d4,coal,20,2075,0.01
SAS,urb,d4,coal,20,2075,0.01
SAS,rur,d5,coal,20,2075,0.01
SAS,urb,d5,coal,20,2075,0.01
SAS,rur,d6,coal,20,2075,0.01
SAS,urb,d6,coal,20,2075,0.01
SAS,rur,d7,coal,20,2075,0.01
SAS,urb,d7,coal,20,2075,0.01
SAS,rur,d8,coal,20,2075,0.01
SAS,urb,d8,coal,20,2075,0.01
SAS,rur,d9,coal,20,2075,0.01
SAS,urb,d9,coal,20,2075,0.01
SAS,rur,d10,coal,20,2075,0.01
SAS,urb,d10,coal,20,2075,0.01
SAS,rur,d1,oil,20,2075,0.01
SAS,urb,d1,oil,20,2075,0.01
SAS,rur,d2,oil,20,2075,0.01
SAS,urb,d2,oil,20,2075,0.01
SAS,rur,d3,oil,20,2075,0.01
SAS,urb,d3,oil,20,2075,0.01
SAS,rur,d4,oil,20,2075,0.01
SAS,urb,d4,oil,20,2075,0.01
SAS,rur,d5,oil,20,2075,0.01
SAS,urb,d5,oil,20,2075,0.01
SAS,rur,d6,oil,20,2075,0.01
SAS,urb,d6,oil,20,2075,0.01
SAS,rur,d7,oil,20,2075,0.01
SAS,urb,d7,oil,20,2075,0.01
SAS,rur,d8,oil,20,2075,0.01
SAS,urb,d8,oil,20,2075,0.01
SAS,rur,d9,oil,20,2075,0.01
SAS,urb,d9,oil,20,2075,0.01
SAS,rur,d10,oil,20,2075,0.01
SAS,urb,d10,oil,20,2075,0.01
SAS,rur,d1,gas,20,2075,0.01
SAS,urb,d1,gas,20,2075,0.01
SAS,rur,d2,gas,20,2075,0.01
SAS,urb,d2,gas,20,2075,0.01
SAS,rur,d3,gas,20,2075,0.01
SAS,urb,d3,gas,20,2075,0.01
SAS,rur,d4,gas,20,2075,0.01
SAS,urb,d4,gas,20,2075,0.01
SAS,rur,d5,gas,20,2075,0.01
SAS,urb,d5,gas,20,2075,0.01
SAS,rur,d6,gas,20,2075,0.01
SAS,urb,d6,gas,20,2075,0.01
SAS,rur,d7,gas,20,2075,0.01
SAS,urb,d7,gas,20,2075,0.01
SAS,rur,d8,gas,20,2075,0.01
SAS,urb,d8,gas,20,2075,0.01
SAS,rur,d9,gas,20,2075,0.01
SAS,urb,d9,gas,20,2075,0.01
SAS,rur,d10,gas,20,2075,0.01
SAS,urb,d10,gas,20,2075,0.01
SAS,rur,d1,electricity,20,2075,0.01
SAS,urb,d1,electricity,20,2075,0.01
SAS,rur,d2,electricity,20,2075,0.01
SAS,urb,d2,electricity,20,2075,0.01
SAS,rur,d3,electricity,20,2075,0.01
SAS,urb,d3,electricity,20,2075,0.01
SAS,rur,d4,electricity,20,2075,0.01
SAS,urb,d4,electricity,20,2075,0.01
SAS,rur,d5,electricity,20,2075,0.01
SAS,urb,d5,electricity,20,2075,0.01
SAS,rur,d6,electricity,20,2075,0.01
SAS,urb,d6,electricity,20,2075,0.01
SAS,rur,d7,electricity,20,2075,0.01
SAS,urb,d7,electricity,20,2075,0.01
SAS,rur,d8,electricity,20,2075,0.01
SAS,urb,d8,electricity,20,2075,0.01
SAS,rur,d9,electricity,20,2075,0.01
SAS,urb,d9,electricity,20,2075,0.01
SAS,rur,d10,electricity,20,2075,0.01
SAS,urb,d10,electricity,20,2075,0.01
SAS,rur,d1,biomass_solid,20,2080,0.01
SAS,urb,d1,biomass_solid,20,2080,0.01
SAS,rur,d2,biomass_solid,20,2080,0.01
SAS,urb,d2,biomass_solid,20,2080,0.01
SAS,rur,d3,biomass_solid,20,2080,0.01
SAS,urb,d3,biomass_solid,20,2080,0.01
SAS,rur,d4,biomass_solid,20,2080,0.01
SAS,urb,d4,biomass_solid,20,2080,0.01
SAS,rur,d5,biomass_solid,20,2080,0.01
SAS,urb,d5,biomass_solid,20,2080,0.01
SAS,rur,d6,biomass_solid,20,2080,0.01
SAS,urb,d6,biomass_solid,20,2080,0.01
SAS,rur,d7,biomass_solid,20,2080,0.01
SAS,urb,d7,biomass_solid,20,2080,0.01
SAS,rur,d8,biomass_solid,20,2080,0.01
SAS,urb,d8,biomass_solid,20,2080,0.01
SAS,rur,d9,biomass_solid,20,2080,0.01
SAS,urb,d9,biomass_solid,20,2080,0.01
SAS,rur,d10,biomass_solid,20,2080,0.01
SAS,urb,d10,biomass_solid,20,2080,0.01
SAS,rur,d1,coal,20,2080,0.01
SAS,urb,d1,coal,20,2080,0.01
SAS,rur,d2,coal,20,2080,0.01
SAS,urb,d2,coal,20,2080,0.01
SAS,rur,d3,coal,20,2080,0.01
SAS,urb,d3,coal,20,2080,0.01
SAS,rur,d4,coal,20,2080,0.01
SAS,urb,d4,coal,20,2080,0.01
SAS,rur,d5,coal,20,2080,0.01
SAS,urb,d5,coal,20,2080,0.01
SAS,rur,d6,coal,20,2080,0.01
SAS,urb,d6,coal,20,2080,0.01
SAS,rur,d7,coal,20,2080,0.01
SAS,urb,d7,coal,20,2080,0.01
SAS,rur,d8,coal,20,2080,0.01
SAS,urb,d8,coal,20,2080,0.01
SAS,rur,d9,coal,20,2080,0.01
SAS,urb,d9,coal,20,2080,0.01
SAS,rur,d10,coal,20,2080,0.01
SAS,urb,d10,coal,20,2080,0.01
SAS,rur,d1,oil,20,2080,0.01
SAS,urb,d1,oil,20,2080,0.01
SAS,rur,d2,oil,20,2080,0.01
SAS,urb,d2,oil,20,2080,0.01
SAS,rur,d3,oil,20,2080,0.01
SAS,urb,d3,oil,20,2080,0.01
SAS,rur,d4,oil,20,2080,0.01
SAS,urb,d4,oil,20,2080,0.01
SAS,rur,d5,oil,20,2080,0.01
SAS,urb,d5,oil,20,2080,0.01
SAS,rur,d6,oil,20,2080,0.01
SAS,urb,d6,oil,20,2080,0.01
SAS,rur,d7,oil,20,2080,0.01
SAS,urb,d7,oil,20,2080,0.01
SAS,rur,d8,oil,20,2080,0.01
SAS,urb,d8,oil,20,2080,0.01
SAS,rur,d9,oil,20,2080,0.01
SAS,urb,d9,oil,20,2080,0.01
SAS,rur,d10,oil,20,2080,0.01
SAS,urb,d10,oil,20,2080,0.01
SAS,rur,d1,gas,20,2080,0.01
SAS,urb,d1,gas,20,2080,0.01
SAS,rur,d2,gas,20,2080,0.01
SAS,urb,d2,gas,20,2080,0.01
SAS,rur,d3,gas,20,2080,0.01
SAS,urb,d3,gas,20,2080,0.01
SAS,rur,d4,gas,20,2080,0.01
SAS,urb,d4,gas,20,2080,0.01
SAS,rur,d5,gas,20,2080,0.01
SAS,urb,d5,gas,20,2080,0.01
SAS,rur,d6,gas,20,2080,0.01
SAS,urb,d6,gas,20,2080,0.01
SAS,rur,d7,gas,20,2080,0.01
SAS,urb,d7,gas,20,2080,0.01
SAS,rur,d8,gas,20,2080,0.01
SAS,urb,d8,gas,20,2080,0.01
SAS,rur,d9,gas,20,2080,0.01
SAS,urb,d9,gas,20,2080,0.01
SAS,rur,d10,gas,20,2080,0.01
SAS,urb,d10,gas,20,2080,0.01
SAS,rur,d1,electricity,20,2080,0.01
SAS,urb,d1,electricity,20,2080,0.01
SAS,rur,d2,electricity,20,2080,0.01
SAS,urb,d2,electricity,20,2080,0.01
SAS,rur,d3,electricity,20,2080,0.01
SAS,urb,d3,electricity,20,2080,0.01
SAS,rur,d4,electricity,20,2080,0.01
SAS,urb,d4,electricity,20,2080,0.01
SAS,rur,d5,electricity,20,2080,0.01
SAS,urb,d5,electricity,20,2080,0.01
SAS,rur,d6,electricity,20,2080,0.01
SAS,urb,d6,electricity,20,2080,0.01
SAS,rur,d7,electricity,20,2080,0.01
SAS,urb,d7,electricity,20,2080,0.01
SAS,rur,d8,electricity,20,2080,0.01
SAS,urb,d8,electricity,20,2080,0.01
SAS,rur,d9,electricity,20,2080,0.01
SAS,urb,d9,electricity,20,2080,0.01
SAS,rur,d10,electricity,20,2080,0.01
SAS,urb,d10,electricity,20,2080,0.01
SAS,rur,d1,biomass_solid,20,2085,0.01
SAS,urb,d1,biomass_solid,20,2085,0.01
SAS,rur,d2,biomass_solid,20,2085,0.01
SAS,urb,d2,biomass_solid,20,2085,0.01
SAS,rur,d3,biomass_solid,20,2085,0.01
SAS,urb,d3,biomass_solid,20,2085,0.01
SAS,rur,d4,biomass_solid,20,2085,0.01
SAS,urb,d4,biomass_solid,20,2085,0.01
SAS,rur,d5,biomass_solid,20,2085,0.01
SAS,urb,d5,biomass_solid,20,2085,0.01
SAS,rur,d6,biomass_solid,20,2085,0.01
SAS,urb,d6,biomass_solid,20,2085,0.01
SAS,rur,d7,biomass_solid,20,2085,0.01
SAS,urb,d7,biomass_solid,20,2085,0.01
SAS,rur,d8,biomass_solid,20,2085,0.01
SAS,urb,d8,biomass_solid,20,2085,0.01
SAS,rur,d9,biomass_solid,20,2085,0.01
SAS,urb,d9,biomass_solid,20,2085,0.01
SAS,rur,d10,biomass_solid,20,2085,0.01
SAS,urb,d10,biomass_solid,20,2085,0.01
SAS,rur,d1,coal,20,2085,0.01
SAS,urb,d1,coal,20,2085,0.01
SAS,rur,d2,coal,20,2085,0.01
SAS,urb,d2,coal,20,2085,0.01
SAS,rur,d3,coal,20,2085,0.01
SAS,urb,d3,coal,20,2085,0.01
SAS,rur,d4,coal,20,2085,0.01
SAS,urb,d4,coal,20,2085,0.01
SAS,rur,d5,coal,20,2085,0.01
SAS,urb,d5,coal,20,2085,0.01
SAS,rur,d6,coal,20,2085,0.01
SAS,urb,d6,coal,20,2085,0.01
SAS,rur,d7,coal,20,2085,0.01
SAS,urb,d7,coal,20,2085,0.01
SAS,rur,d8,coal,20,2085,0.01
SAS,urb,d8,coal,20,2085,0.01
SAS,rur,d9,coal,20,2085,0.01
SAS,urb,d9,coal,20,2085,0.01
SAS,rur,d10,coal,20,2085,0.01
SAS,urb,d10,coal,20,2085,0.01
SAS,rur,d1,oil,20,2085,0.01
SAS,urb,d1,oil,20,2085,0.01
SAS,rur,d2,oil,20,2085,0.01
SAS,urb,d2,oil,20,2085,0.01
SAS,rur,d3,oil,20,2085,0.01
SAS,urb,d3,oil,20,2085,0.01
SAS,rur,d4,oil,20,2085,0.01
SAS,urb,d4,oil,20,2085,0.01
SAS,rur,d5,oil,20,2085,0.01
SAS,urb,d5,oil,20,2085,0.01
SAS,rur,d6,oil,20,2085,0.01
SAS,urb,d6,oil,20,2085,0.01
SAS,rur,d7,oil,20,2085,0.01
SAS,urb,d7,oil,20,2085,0.01
SAS,rur,d8,oil,20,2085,0.01
SAS,urb,d8,oil,20,2085,0.01
SAS,rur,d9,oil,20,2085,0.01
SAS,urb,d9,oil,20,2085,0.01
SAS,rur,d10,oil,20,2085,0.01
SAS,urb,d10,oil,20,2085,0.01
SAS,rur,d1,gas,20,2085,0.01
SAS,urb,d1,gas,20,2085,0.01
SAS,rur,d2,gas,20,2085,0.01
SAS,urb,d2,gas,20,2085,0.01
SAS,rur,d3,gas,20,2085,0.01
SAS,urb,d3,gas,20,2085,0.01
SAS,rur,d4,gas,20,2085,0.01
SAS,urb,d4,gas,20,2085,0.01
SAS,rur,d5,gas,20,2085,0.01
SAS,urb,d5,gas,20,2085,0.01
SAS,rur,d6,gas,20,2085,0.01
SAS,urb,d6,gas,20,2085,0.01
SAS,rur,d7,gas,20,2085,0.01
SAS,urb,d7,gas,20,2085,0.01
SAS,rur,d8,gas,20,2085,0.01
SAS,urb,d8,gas,20,2085,0.01
SAS,rur,d9,gas,20,2085,0.01
SAS,urb,d9,gas,20,2085,0.01
SAS,rur,d10,gas,20,2085,0.01
SAS,urb,d10,gas,20,2085,0.01
SAS,rur,d1,electricity,20,2085,0.01
SAS,urb,d1,electricity,20,2085,0.01
SAS,rur,d2,electricity,20,2085,0.01
SAS,urb,d2,electricity,20,2085,0.01
SAS,rur,d3,electricity,20,2085,0.01
SAS,urb,d3,electricity,20,2085,0.01
SAS,rur,d4,electricity,20,2085,0.01
SAS,urb,d4,electricity,20,2085,0.01
SAS,rur,d5,electricity,20,2085,0.01
SAS,urb,d5,electricity,20,2085,0.01
SAS,rur,d6,electricity,20,2085,0.01
SAS,urb,d6,electricity,20,2085,0.01
SAS,rur,d7,electricity,20,2085,0.01
SAS,urb,d7,electricity,20,2085,0.01
SAS,rur,d8,electricity,20,2085,0.01
SAS,urb,d8,electricity,20,2085,0.01
SAS,rur,d9,electricity,20,2085,0.01
SAS,urb,d9,electricity,20,2085,0.01
SAS,rur,d10,electricity,20,2085,0.01
SAS,urb,d10,electricity,20,2085,0.01
SAS,rur,d1,biomass_solid,20,2090,0.01
SAS,urb,d1,biomass_solid,20,2090,0.01
SAS,rur,d2,biomass_solid,20,2090,0.01
SAS,urb,d2,biomass_solid,20,2090,0.01
SAS,rur,d3,biomass_solid,20,2090,0.01
SAS,urb,d3,biomass_solid,20,2090,0.01
SAS,rur,d4,biomass_solid,20,2090,0.01
SAS,urb,d4,biomass_solid,20,2090,0.01
SAS,rur,d5,biomass_solid,20,2090,0.01
SAS,urb,d5,biomass_solid,20,2090,0.01
SAS,rur,d6,biomass_solid,20,2090,0.01
SAS,urb,d6,biomass_solid,20,2090,0.01
SAS,rur,d7,biomass_solid,20,2090,0.01
SAS,urb,d7,biomass_solid,20,2090,0.01
SAS,rur,d8,biomass_solid,20,2090,0.01
SAS,urb,d8,biomass_solid,20,2090,0.01
SAS,rur,d9,biomass_solid,20,2090,0.01
SAS,urb,d9,biomass_solid,20,2090,0.01
SAS,rur,d10,biomass_solid,20,2090,0.01
SAS,urb,d10,biomass_solid,20,2090,0.01
SAS,rur,d1,coal,20,2090,0.01
SAS,urb,d1,coal,20,2090,0.01
SAS,rur,d2,coal,20,2090,0.01
SAS,urb,d2,coal,20,2090,0.01
SAS,rur,d3,coal,20,2090,0.01
SAS,urb,d3,coal,20,2090,0.01
SAS,rur,d4,coal,20,2090,0.01
SAS,urb,d4,coal,20,2090,0.01
SAS,rur,d5,coal,20,2090,0.01
SAS,urb,d5,coal,20,2090,0.01
SAS,rur,d6,coal,20,2090,0.01
SAS,urb,d6,coal,20,2090,0.01
SAS,rur,d7,coal,20,2090,0.01
SAS,urb,d7,coal,20,2090,0.01
SAS,rur,d8,coal,20,2090,0.01
SAS,urb,d8,coal,20,2090,0.01
SAS,rur,d9,coal,20,2090,0.01
SAS,urb,d9,coal,20,2090,0.01
SAS,rur,d10,coal,20,2090,0.01
SAS,urb,d10,coal,20,2090,0.01
SAS,rur,d1,oil,20,2090,0.01
SAS,urb,d1,oil,20,2090,0.01
SAS,rur,d2,oil,20,2090,0.01
SAS,urb,d2,oil,20,2090,0.01
SAS,rur,d3,oil,20,2090,0.01
SAS,urb,d3,oil,20,2090,0.01
SAS,rur,d4,oil,20,2090,0.01
SAS,urb,d4,oil,20,2090,0.01
SAS,rur,d5,oil,20,2090,0.01
SAS,urb,d5,oil,20,2090,0.01
SAS,rur,d6,oil,20,2090,0.01
SAS,urb,d6,oil,20,2090,0.01
SAS,rur,d7,oil,20,2090,0.01
SAS,urb,d7,oil,20,2090,0.01
SAS,rur,d8,oil,20,2090,0.01
SAS,urb,d8,oil,20,2090,0.01
SAS,rur,d9,oil,20,2090,0.01
SAS,urb,d9,oil,20,2090,0.01
SAS,rur,d10,oil,20,2090,0.01
SAS,urb,d10,oil,20,2090,0.01
SAS,rur,d1,gas,20,2090,0.01
SAS,urb,d1,gas,20,2090,0.01
SAS,rur,d2,gas,20,2090,0.01
SAS,urb,d2,gas,20,2090,0.01
SAS,rur,d3,gas,20,2090,0.01
SAS,urb,d3,gas,20,2090,0.01
SAS,rur,d4,gas,20,2090,0.01
SAS,urb,d4,gas,20,2090,0.01
SAS,rur,d5,gas,20,2090,0.01
SAS,urb,d5,gas,20,2090,0.01
SAS,rur,d6,gas,20,2090,0.01
SAS,urb,d6,gas,20,2090,0.01
SAS,rur,d7,gas,20,2090,0.01
SAS,urb,d7,gas,20,2090,0.01
SAS,rur,d8,gas,20,2090,0.01
SAS,urb,d8,gas,20,2090,0.01
SAS,rur,d9,gas,20,2090,0.01
SAS,urb,d9,gas,20,2090,0.01
SAS,rur,d10,gas,20,2090,0.01
SAS,urb,d10,gas,20,2090,0.01
SAS,rur,d1,electricity,20,2090,0.01
SAS,urb,d1,electricity,20,2090,0.01
SAS,rur,d2,electricity,20,2090,0.01
SAS,urb,d2,electricity,20,2090,0.01
SAS,rur,d3,electricity,20,2090,0.01
SAS,urb,d3,electricity,20,2090,0.01
SAS,rur,d4,electricity,20,2090,0.01
SAS,urb,d4,electricity,20,2090,0.01
SAS,rur,d5,electricity,20,2090,0.01
SAS,urb,d5,electricity,20,2090,0.01
SAS,rur,d6,electricity,20,2090,0.01
SAS,urb,d6,electricity,20,2090,0.01
SAS,rur,d7,electricity,20,2090,0.01
SAS,urb,d7,electricity,20,2090,0.01
SAS,rur,d8,electricity,20,2090,0.01
SAS,urb,d8,electricity,20,2090,0.01
SAS,rur,d9,electricity,20,2090,0.01
SAS,urb,d9,electricity,20,2090,0.01
SAS,rur,d10,electricity,20,2090,0.01
SAS,urb,d10,electricity,20,2090,0.01
SAS,rur,d1,biomass_solid,20,2095,0.01
SAS,urb,d1,biomass_solid,20,2095,0.01
SAS,rur,d2,biomass_solid,20,2095,0.01
SAS,urb,d2,biomass_solid,20,2095,0.01
SAS,rur,d3,biomass_solid,20,2095,0.01
SAS,urb,d3,biomass_solid,20,2095,0.01
SAS,rur,d4,biomass_solid,20,2095,0.01
SAS,urb,d4,biomass_solid,20,2095,0.01
SAS,rur,d5,biomass_solid,20,2095,0.01
SAS,urb,d5,biomass_solid,20,2095,0.01
SAS,rur,d6,biomass_solid,20,2095,0.01
SAS,urb,d6,biomass_solid,20,2095,0.01
SAS,rur,d7,biomass_solid,20,2095,0.01
SAS,urb,d7,biomass_solid,20,2095,0.01
SAS,rur,d8,biomass_solid,20,2095,0.01
SAS,urb,d8,biomass_solid,20,2095,0.01
SAS,rur,d9,biomass_solid,20,2095,0.01
SAS,urb,d9,biomass_solid,20,2095,0.01
SAS,rur,d10,biomass_solid,20,2095,0.01
SAS,urb,d10,biomass_solid,20,2095,0.01
SAS,rur,d1,coal,20,2095,0.01
SAS,urb,d1,coal,20,2095,0.01
SAS,rur,d2,coal,20,2095,0.01
SAS,urb,d2,coal,20,2095,0.01
SAS,rur,d3,coal,20,2095,0.01
SAS,urb,d3,coal,20,2095,0.01
SAS,rur,d4,coal,20,2095,0.01
SAS,urb,d4,coal,20,2095,0.01
SAS,rur,d5,coal,20,2095,0.01
SAS,urb,d5,coal,20,2095,0.01
SAS,rur,d6,coal,20,2095,0.01
SAS,urb,d6,coal,20,2095,0.01
SAS,rur,d7,coal,20,2095,0.01
SAS,urb,d7,coal,20,2095,0.01
SAS,rur,d8,coal,20,2095,0.01
SAS,urb,d8,coal,20,2095,0.01
SAS,rur,d9,coal,20,2095,0.01
SAS,urb,d9,coal,20,2095,0.01
SAS,rur,d10,coal,20,2095,0.01
SAS,urb,d10,coal,20,2095,0.01
SAS,rur,d1,oil,20,2095,0.01
SAS,urb,d1,oil,20,2095,0.01
SAS,rur,d2,oil,20,2095,0.01
SAS,urb,d2,oil,20,2095,0.01
SAS,rur,d3,oil,20,2095,0.01
SAS,urb,d3,oil,20,2095,0.01
SAS,rur,d4,oil,20,2095,0.01
SAS,urb,d4,oil,20,2095,0.01
SAS,rur,d5,oil,20,2095,0.01
SAS,urb,d5,oil,20,2095,0.01
SAS,rur,d6,oil,20,2095,0.01
SAS,urb,d6,oil,20,2095,0.01
SAS,rur,d7,oil,20,2095,0.01
SAS,urb,d7,oil,20,2095,0.01
SAS,rur,d8,oil,20,2095,0.01
SAS,urb,d8,oil,20,2095,0.01
SAS,rur,d9,oil,20,2095,0.01
SAS,urb,d9,oil,20,2095,0.01
SAS,rur,d10,oil,20,2095,0.01
SAS,urb,d10,oil,20,2095,0.01
SAS,rur,d1,gas,20,2095,0.01
SAS,urb,d1,gas,20,2095,0.01
SAS,rur,d2,gas,20,2095,0.01
SAS,urb,d2,gas,20,2095,0.01
SAS,rur,d3,gas,20,2095,0.01
SAS,urb,d3,gas,20,2095,0.01
SAS,rur,d4,gas,20,2095,0.01
SAS,urb,d4,gas,20,2095,0.01
SAS,rur,d5,gas,20,2095,0.01
SAS,urb,d5,gas,20,2095,0.01
SAS,rur,d6,gas,20,2095,0.01
SAS,urb,d6,gas,20,2095,0.01
SAS,rur,d7,gas,20,2095,0.01
SAS,urb,d7,gas,20,2095,0.01
SAS,rur,d8,gas,20,2095,0.01
SAS,urb,d8,gas,20,2095,0.01
SAS,rur,d9,gas,20,2095,0.01
SAS,urb,d9,gas,20,2095,0.01
SAS,rur,d10,gas,20,2095,0.01
SAS,urb,d10,gas,20,2095,0.01
SAS,rur,d1,electricity,20,2095,0.01
SAS,urb,d1,electricity,20,2095,0.01
SAS,rur,d2,electricity,20,2095,0.01
SAS,urb,d2,electricity,20,2095,0.01
SAS,rur,d3,electricity,20,2095,0.01
SAS,urb,d3,electricity,20,2095,0.01
SAS,rur,d4,electricity,20,2095,0.01
SAS,urb,d4,electricity,20,2095,0.01
SAS,rur,d5,electricity,20,2095,0.01
SAS,urb,d5,electricity,20,2095,0.01
SAS,rur,d6,electricity,20,2095,0.01
SAS,urb,d6,electricity,20,2095,0.01
SAS,rur,d7,electricity,20,2095,0.01
SAS,urb,d7,electricity,20,2095,0.01
SAS,rur,d8,electricity,20,2095,0.01
SAS,urb,d8,electricity,20,2095,0.01
SAS,rur,d9,electricity,20,2095,0.01
SAS,urb,d9,electricity,20,2095,0.01
SAS,rur,d10,electricity,20,2095,0.01
SAS,urb,d10,electricity,20,2095,0.01
SAS,rur,d1,biomass_solid,20,2100,0.01
SAS,urb,d1,biomass_solid,20,2100,0.01
SAS,rur,d2,biomass_solid,20,2100,0.01
SAS,urb,d2,biomass_solid,20,2100,0.01
SAS,rur,d3,biomass_solid,20,2100,0.01
SAS,urb,d3,biomass_solid,20,2100,0.01
SAS,rur,d4,biomass_solid,20,2100,0.01
SAS,urb,d4,biomass_solid,20,2100,0.01
SAS,rur,d5,biomass_solid,20,2100,0.01
SAS,urb,d5,biomass_solid,20,2100,0.01
SAS,rur,d6,biomass_solid,20,2100,0.01
SAS,urb,d6,biomass_solid,20,2100,0.01
SAS,rur,d7,biomass_solid,20,2100,0.01
SAS,urb,d7,biomass_solid,20,2100,0.01
SAS,rur,d8,biomass_solid,20,2100,0.01
SAS,urb,d8,biomass_solid,20,2100,0.01
SAS,rur,d9,biomass_solid,20,2100,0.01
SAS,urb,d9,biomass_solid,20,2100,0.01
SAS,rur,d10,biomass_solid,20,2100,0.01
SAS,urb,d10,biomass_solid,20,2100,0.01
SAS,rur,d1,coal,20,2100,0.01
SAS,urb,d1,coal,20,2100,0.01
SAS,rur,d2,coal,20,2100,0.01
SAS,urb,d2,coal,20,2100,0.01
SAS,rur,d3,coal,20,2100,0.01
SAS,urb,d3,coal,20,2100,0.01
SAS,rur,d4,coal,20,2100,0.01
SAS,urb,d4,coal,20,2100,0.01
SAS,rur,d5,coal,20,2100,0.01
SAS,urb,d5,coal,20,2100,0.01
SAS,rur,d6,coal,20,2100,0.01
SAS,urb,d6,coal,20,2100,0.01
SAS,rur,d7,coal,20,2100,0.01
SAS,urb,d7,coal,20,2100,0.01
SAS,rur,d8,coal,20,2100,0.01
SAS,urb,d8,coal,20,2100,0.01
SAS,rur,d9,coal,20,2100,0.01
SAS,urb,d9,coal,20,2100,0.01
SAS,rur,d10,coal,20,2100,0.01
SAS,urb,d10,coal,20,2100,0.01
SAS,rur,d1,oil,20,2100,0.01
SAS,urb,d1,oil,20,2100,0.01
SAS,rur,d2,oil,20,2100,0.01
SAS,urb,d2,oil,20,2100,0.01
SAS,rur,d3,oil,20,2100,0.01
SAS,urb,d3,oil,20,2100,0.01
SAS,rur,d4,oil,20,2100,0.01
SAS,urb,d4,oil,20,2100,0.01
SAS,rur,d5,oil,20,2100,0.01
SAS,urb,d5,oil,20,2100,0.01
SAS,rur,d6,oil,20,2100,0.01
SAS,urb,d6,oil,20,2100,0.01
SAS,rur,d7,oil,20,2100,0.01
SAS,urb,d7,oil,20,2100,0.01
SAS,rur,d8,oil,20,2100,0.01
SAS,urb,d8,oil,20,2100,0.01
SAS,rur,d9,oil,20,2100,0.01
SAS,urb,d9,oil,20,2100,0.01
SAS,rur,d10,oil,20,2100,0.01
SAS,urb,d10,oil,20,2100,0.01
SAS,rur,d1,gas,20,2100,0.01
SAS,urb,d1,gas,20,2100,0.01
SAS,rur,d2,gas,20,2100,0.01
SAS,urb,d2,gas,20,2100,0.01
SAS,rur,d3,gas,20,2100,0.01
SAS,urb,d3,gas,20,2100,0.01
SAS,rur,d4,gas,20,2100,0.01
SAS,urb,d4,gas,20,2100,0.01
SAS,rur,d5,gas,20,2100,0.01
SAS,urb,d5,gas,20,2100,0.01
SAS,rur,d6,gas,20,2100,0.01
SAS,urb,d6,gas,20,2100,0.01
SAS,rur,d7,gas,20,2100,0.01
SAS,urb,d7,gas,20,2100,0.01
SAS,rur,d8,gas,20,2100,0.01
SAS,urb,d8,gas,20,2100,0.01
SAS,rur,d9,gas,20,2100,0.01
SAS,urb,d9,gas,20,2100,0.01
SAS,rur,d10,gas,20,2100,0.01
SAS,urb,d10,gas,20,2100,0.01
SAS,rur,d1,electricity,20,2100,0.01
SAS,urb,d1,electricity,20,2100,0.01
SAS,rur,d2,electricity,20,2100,0.01
SAS,urb,d2,electricity,20,2100,0.01
SAS,rur,d3,electricity,20,2100,0.01
SAS,urb,d3,electricity,20,2100,0.01
SAS,rur,d4,electricity,20,2100,0.01
SAS,urb,d4,electricity,20,2100,0.01
SAS,rur,d5,electricity,20,2100,0.01
SAS,urb,d5,electricity,20,2100,0.01
SAS,rur,d6,electricity,20,2100,0.01
SAS,urb,d6,electricity,20,2100,0.01
SAS,rur,d7,electricity,20,2100,0.01
SAS,urb,d7,electricity,20,2100,0.01
SAS,rur,d8,electricity,20,2100,0.01
SAS,urb,d8,electricity,20,2100,0.01
SAS,rur,d9,electricity,20,2100,0.01
SAS,urb,d9,electricity,20,2100,0.01
SAS,rur,d10,electricity,20,2100,0.01
SAS,urb,d10,electricity,20,2100,0.01
PAS,rur,d1,biomass_solid,20,2020,0.01
PAS,urb,d1,biomass_solid,20,2020,0.01
PAS,rur,d2,biomass_solid,20,2020,0.01
PAS,urb,d2,biomass_solid,20,2020,0.01
PAS,rur,d3,biomass_solid,20,2020,0.01
PAS,urb,d3,biomass_solid,20,2020,0.01
PAS,rur,d4,biomass_solid,20,2020,0.01
PAS,urb,d4,biomass_solid,20,2020,0.01
PAS,rur,d5,biomass_solid,20,2020,0.01
PAS,urb,d5,biomass_solid,20,2020,0.01
PAS,rur,d6,biomass_solid,20,2020,0.01
PAS,urb,d6,biomass_solid,20,2020,0.01
PAS,rur,d7,biomass_solid,20,2020,0.01
PAS,urb,d7,biomass_solid,20,2020,0.01
PAS,rur,d8,biomass_solid,20,2020,0.01
PAS,urb,d8,biomass_solid,20,2020,0.01
PAS,rur,d9,biomass_solid,20,2020,0.01
PAS,urb,d9,biomass_solid,20,2020,0.01
PAS,rur,d10,biomass_solid,20,2020,0.01
PAS,urb,d10,biomass_solid,20,2020,0.01
PAS,rur,d1,coal,20,2020,0.01
PAS,urb,d1,coal,20,2020,0.01
PAS,rur,d2,coal,20,2020,0.01
PAS,urb,d2,coal,20,2020,0.01
PAS,rur,d3,coal,20,2020,0.01
PAS,urb,d3,coal,20,2020,0.01
PAS,rur,d4,coal,20,2020,0.01
PAS,urb,d4,coal,20,2020,0.01
PAS,rur,d5,coal,20,2020,0.01
PAS,urb,d5,coal,20,2020,0.01
PAS,rur,d6,coal,20,2020,0.01
PAS,urb,d6,coal,20,2020,0.01
PAS,rur,d7,coal,20,2020,0.01
PAS,urb,d7,coal,20,2020,0.01
PAS,rur,d8,coal,20,2020,0.01
PAS,urb,d8,coal,20,2020,0.01
PAS,rur,d9,coal,20,2020,0.01
PAS,urb,d9,coal,20,2020,0.01
PAS,rur,d10,coal,20,2020,0.01
PAS,urb,d10,coal,20,2020,0.01
PAS,rur,d1,oil,20,2020,0.01
PAS,urb,d1,oil,20,2020,0.01
PAS,rur,d2,oil,20,2020,0.01
PAS,urb,d2,oil,20,2020,0.01
PAS,rur,d3,oil,20,2020,0.01
PAS,urb,d3,oil,20,2020,0.01
PAS,rur,d4,oil,20,2020,0.01
PAS,urb,d4,oil,20,2020,0.01
PAS,rur,d5,oil,20,2020,0.01
PAS,urb,d5,oil,20,2020,0.01
PAS,rur,d6,oil,20,2020,0.01
PAS,urb,d6,oil,20,2020,0.01
PAS,rur,d7,oil,20,2020,0.01
PAS,urb,d7,oil,20,2020,0.01
PAS,rur,d8,oil,20,2020,0.01
PAS,urb,d8,oil,20,2020,0.01
PAS,rur,d9,oil,20,2020,0.01
PAS,urb,d9,oil,20,2020,0.01
PAS,rur,d10,oil,20,2020,0.01
PAS,urb,d10,oil,20,2020,0.01
PAS,rur,d1,gas,20,2020,0.01
PAS,urb,d1,gas,20,2020,0.01
PAS,rur,d2,gas,20,2020,0.01
PAS,urb,d2,gas,20,2020,0.01
PAS,rur,d3,gas,20,2020,0.01
PAS,urb,d3,gas,20,2020,0.01
PAS,rur,d4,gas,20,2020,0.01
PAS,urb,d4,gas,20,2020,0.01
PAS,rur,d5,gas,20,2020,0.01
PAS,urb,d5,gas,20,2020,0.01
PAS,rur,d6,gas,20,2020,0.01
PAS,urb,d6,gas,20,2020,0.01
PAS,rur,d7,gas,20,2020,0.01
PAS,urb,d7,gas,20,2020,0.01
PAS,rur,d8,gas,20,2020,0.01
PAS,urb,d8,gas,20,2020,0.01
PAS,rur,d9,gas,20,2020,0.01
PAS,urb,d9,gas,20,2020,0.01
PAS,rur,d10,gas,20,2020,0.01
PAS,urb,d10,gas,20,2020,0.01
PAS,rur,d1,electricity,20,2020,0.01
PAS,urb,d1,electricity,20,2020,0.01
PAS,rur,d2,electricity,20,2020,0.01
PAS,urb,d2,electricity,20,2020,0.01
PAS,rur,d3,electricity,20,2020,0.01
PAS,urb,d3,electricity,20,2020,0.01
PAS,rur,d4,electricity,20,2020,0.01
PAS,urb,d4,electricity,20,2020,0.01
PAS,rur,d5,electricity,20,2020,0.01
PAS,urb,d5,electricity,20,2020,0.01
PAS,rur,d6,electricity,20,2020,0.01
PAS,urb,d6,electricity,20,2020,0.01
PAS,rur,d7,electricity,20,2020,0.01
PAS,urb,d7,electricity,20,2020,0.01
PAS,rur,d8,electricity,20,2020,0.01
PAS,urb,d8,electricity,20,2020,0.01
PAS,rur,d9,electricity,20,2020,0.01
PAS,urb,d9,electricity,20,2020,0.01
PAS,rur,d10,electricity,20,2020,0.01
PAS,urb,d10,electricity,20,2020,0.01
PAS,rur,d1,biomass_solid,20,2025,0.01
PAS,urb,d1,biomass_solid,20,2025,0.01
PAS,rur,d2,biomass_solid,20,2025,0.01
PAS,urb,d2,biomass_solid,20,2025,0.01
PAS,rur,d3,biomass_solid,20,2025,0.01
PAS,urb,d3,biomass_solid,20,2025,0.01
PAS,rur,d4,biomass_solid,20,2025,0.01
PAS,urb,d4,biomass_solid,20,2025,0.01
PAS,rur,d5,biomass_solid,20,2025,0.01
PAS,urb,d5,biomass_solid,20,2025,0.01
PAS,rur,d6,biomass_solid,20,2025,0.01
PAS,urb,d6,biomass_solid,20,2025,0.01
PAS,rur,d7,biomass_solid,20,2025,0.01
PAS,urb,d7,biomass_solid,20,2025,0.01
PAS,rur,d8,biomass_solid,20,2025,0.01
PAS,urb,d8,biomass_solid,20,2025,0.01
PAS,rur,d9,biomass_solid,20,2025,0.01
PAS,urb,d9,biomass_solid,20,2025,0.01
PAS,rur,d10,biomass_solid,20,2025,0.01
PAS,urb,d10,biomass_solid,20,2025,0.01
PAS,rur,d1,coal,20,2025,0.01
PAS,urb,d1,coal,20,2025,0.01
PAS,rur,d2,coal,20,2025,0.01
PAS,urb,d2,coal,20,2025,0.01
PAS,rur,d3,coal,20,2025,0.01
PAS,urb,d3,coal,20,2025,0.01
PAS,rur,d4,coal,20,2025,0.01
PAS,urb,d4,coal,20,2025,0.01
PAS,rur,d5,coal,20,2025,0.01
PAS,urb,d5,coal,20,2025,0.01
PAS,rur,d6,coal,20,2025,0.01
PAS,urb,d6,coal,20,2025,0.01
PAS,rur,d7,coal,20,2025,0.01
PAS,urb,d7,coal,20,2025,0.01
PAS,rur,d8,coal,20,2025,0.01
PAS,urb,d8,coal,20,2025,0.01
PAS,rur,d9,coal,20,2025,0.01
PAS,urb,d9,coal,20,2025,0.01
PAS,rur,d10,coal,20,2025,0.01
PAS,urb,d10,coal,20,2025,0.01
PAS,rur,d1,oil,20,2025,0.01
PAS,urb,d1,oil,20,2025,0.01
PAS,rur,d2,oil,20,2025,0.01
PAS,urb,d2,oil,20,2025,0.01
PAS,rur,d3,oil,20,2025,0.01
PAS,urb,d3,oil,20,2025,0.01
PAS,rur,d4,oil,20,2025,0.01
PAS,urb,d4,oil,20,2025,0.01
PAS,rur,d5,oil,20,2025,0.01
PAS,urb,d5,oil,20,2025,0.01
PAS,rur,d6,oil,20,2025,0.01
PAS,urb,d6,oil,20,2025,0.01
PAS,rur,d7,oil,20,2025,0.01
PAS,urb,d7,oil,20,2025,0.01
PAS,rur,d8,oil,20,2025,0.01
PAS,urb,d8,oil,20,2025,0.01
PAS,rur,d9,oil,20,2025,0.01
PAS,urb,d9,oil,20,2025,0.01
PAS,rur,d10,oil,20,2025,0.01
PAS,urb,d10,oil,20,2025,0.01
PAS,rur,d1,gas,20,2025,0.01
PAS,urb,d1,gas,20,2025,0.01
PAS,rur,d2,gas,20,2025,0.01
PAS,urb,d2,gas,20,2025,0.01
PAS,rur,d3,gas,20,2025,0.01
PAS,urb,d3,gas,20,2025,0.01
PAS,rur,d4,gas,20,2025,0.01
PAS,urb,d4,gas,20,2025,0.01
PAS,rur,d5,gas,20,2025,0.01
PAS,urb,d5,gas,20,2025,0.01
PAS,rur,d6,gas,20,2025,0.01
PAS,urb,d6,gas,20,2025,0.01
PAS,rur,d7,gas,20,2025,0.01
PAS,urb,d7,gas,20,2025,0.01
PAS,rur,d8,gas,20,2025,0.01
PAS,urb,d8,gas,20,2025,0.01
PAS,rur,d9,gas,20,2025,0.01
PAS,urb,d9,gas,20,2025,0.01
PAS,rur,d10,gas,20,2025,0.01
PAS,urb,d10,gas,20,2025,0.01
PAS,rur,d1,electricity,20,2025,0.01
PAS,urb,d1,electricity,20,2025,0.01
PAS,rur,d2,electricity,20,2025,0.01
PAS,urb,d2,electricity,20,2025,0.01
PAS,rur,d3,electricity,20,2025,0.01
PAS,urb,d3,electricity,20,2025,0.01
PAS,rur,d4,electricity,20,2025,0.01
PAS,urb,d4,electricity,20,2025,0.01
PAS,rur,d5,electricity,20,2025,0.01
PAS,urb,d5,electricity,20,2025,0.01
PAS,rur,d6,electricity,20,2025,0.01
PAS,urb,d6,electricity,20,2025,0.01
PAS,rur,d7,electricity,20,2025,0.01
PAS,urb,d7,electricity,20,2025,0.01
PAS,rur,d8,electricity,20,2025,0.01
PAS,urb,d8,electricity,20,2025,0.01
PAS,rur,d9,electricity,20,2025,0.01
PAS,urb,d9,electricity,20,2025,0.01
PAS,rur,d10,electricity,20,2025,0.01
PAS,urb,d10,electricity,20,2025,0.01
PAS,rur,d1,biomass_solid,20,2030,0.01
PAS,urb,d1,biomass_solid,20,2030,0.01
PAS,rur,d2,biomass_solid,20,2030,0.01
PAS,urb,d2,biomass_solid,20,2030,0.01
PAS,rur,d3,biomass_solid,20,2030,0.01
PAS,urb,d3,biomass_solid,20,2030,0.01
PAS,rur,d4,biomass_solid,20,2030,0.01
PAS,urb,d4,biomass_solid,20,2030,0.01
PAS,rur,d5,biomass_solid,20,2030,0.01
PAS,urb,d5,biomass_solid,20,2030,0.01
PAS,rur,d6,biomass_solid,20,2030,0.01
PAS,urb,d6,biomass_solid,20,2030,0.01
PAS,rur,d7,biomass_solid,20,2030,0.01
PAS,urb,d7,biomass_solid,20,2030,0.01
PAS,rur,d8,biomass_solid,20,2030,0.01
PAS,urb,d8,biomass_solid,20,2030,0.01
PAS,rur,d9,biomass_solid,20,2030,0.01
PAS,urb,d9,biomass_solid,20,2030,0.01
PAS,rur,d10,biomass_solid,20,2030,0.01
PAS,urb,d10,biomass_solid,20,2030,0.01
PAS,rur,d1,coal,20,2030,0.01
PAS,urb,d1,coal,20,2030,0.01
PAS,rur,d2,coal,20,2030,0.01
PAS,urb,d2,coal,20,2030,0.01
PAS,rur,d3,coal,20,2030,0.01
PAS,urb,d3,coal,20,2030,0.01
PAS,rur,d4,coal,20,2030,0.01
PAS,urb,d4,coal,20,2030,0.01
PAS,rur,d5,coal,20,2030,0.01
PAS,urb,d5,coal,20,2030,0.01
PAS,rur,d6,coal,20,2030,0.01
PAS,urb,d6,coal,20,2030,0.01
PAS,rur,d7,coal,20,2030,0.01
PAS,urb,d7,coal,20,2030,0.01
PAS,rur,d8,coal,20,2030,0.01
PAS,urb,d8,coal,20,2030,0.01
PAS,rur,d9,coal,20,2030,0.01
PAS,urb,d9,coal,20,2030,0.01
PAS,rur,d10,coal,20,2030,0.01
PAS,urb,d10,coal,20,2030,0.01
PAS,rur,d1,oil,20,2030,0.01
PAS,urb,d1,oil,20,2030,0.01
PAS,rur,d2,oil,20,2030,0.01
PAS,urb,d2,oil,20,2030,0.01
PAS,rur,d3,oil,20,2030,0.01
PAS,urb,d3,oil,20,2030,0.01
PAS,rur,d4,oil,20,2030,0.01
PAS,urb,d4,oil,20,2030,0.01
PAS,rur,d5,oil,20,2030,0.01
PAS,urb,d5,oil,20,2030,0.01
PAS,rur,d6,oil,20,2030,0.01
PAS,urb,d6,oil,20,2030,0.01
PAS,rur,d7,oil,20,2030,0.01
PAS,urb,d7,oil,20,2030,0.01
PAS,rur,d8,oil,20,2030,0.01
PAS,urb,d8,oil,20,2030,0.01
PAS,rur,d9,oil,20,2030,0.01
PAS,urb,d9,oil,20,2030,0.01
PAS,rur,d10,oil,20,2030,0.01
PAS,urb,d10,oil,20,2030,0.01
PAS,rur,d1,gas,20,2030,0.01
PAS,urb,d1,gas,20,2030,0.01
PAS,rur,d2,gas,20,2030,0.01
PAS,urb,d2,gas,20,2030,0.01
PAS,rur,d3,gas,20,2030,0.01
PAS,urb,d3,gas,20,2030,0.01
PAS,rur,d4,gas,20,2030,0.01
PAS,urb,d4,gas,20,2030,0.01
PAS,rur,d5,gas,20,2030,0.01
PAS,urb,d5,gas,20,2030,0.01
PAS,rur,d6,gas,20,2030,0.01
PAS,urb,d6,gas,20,2030,0.01
PAS,rur,d7,gas,20,2030,0.01
PAS,urb,d7,gas,20,2030,0.01
PAS,rur,d8,gas,20,2030,0.01
PAS,urb,d8,gas,20,2030,0.01
PAS,rur,d9,gas,20,2030,0.01
PAS,urb,d9,gas,20,2030,0.01
PAS,rur,d10,gas,20,2030,0.01
PAS,urb,d10,gas,20,2030,0.01
PAS,rur,d1,electricity,20,2030,0.01
PAS,urb,d1,electricity,20,2030,0.01
PAS,rur,d2,electricity,20,2030,0.01
PAS,urb,d2,electricity,20,2030,0.01
PAS,rur,d3,electricity,20,2030,0.01
PAS,urb,d3,electricity,20,2030,0.01
PAS,rur,d4,electricity,20,2030,0.01
PAS,urb,d4,electricity,20,2030,0.01
PAS,rur,d5,electricity,20,2030,0.01
PAS,urb,d5,electricity,20,2030,0.01
PAS,rur,d6,electricity,20,2030,0.01
PAS,urb,d6,electricity,20,2030,0.01
PAS,rur,d7,electricity,20,2030,0.01
PAS,urb,d7,electricity,20,2030,0.01
PAS,rur,d8,electricity,20,2030,0.01
PAS,urb,d8,electricity,20,2030,0.01
PAS,rur,d9,electricity,20,2030,0.01
PAS,urb,d9,electricity,20,2030,0.01
PAS,rur,d10,electricity,20,2030,0.01
PAS,urb,d10,electricity,20,2030,0.01
PAS,rur,d1,biomass_solid,20,2035,0.01
PAS,urb,d1,biomass_solid,20,2035,0.01
PAS,rur,d2,biomass_solid,20,2035,0.01
PAS,urb,d2,biomass_solid,20,2035,0.01
PAS,rur,d3,biomass_solid,20,2035,0.01
PAS,urb,d3,biomass_solid,20,2035,0.01
PAS,rur,d4,biomass_solid,20,2035,0.01
PAS,urb,d4,biomass_solid,20,2035,0.01
PAS,rur,d5,biomass_solid,20,2035,0.01
PAS,urb,d5,biomass_solid,20,2035,0.01
PAS,rur,d6,biomass_solid,20,2035,0.01
PAS,urb,d6,biomass_solid,20,2035,0.01
PAS,rur,d7,biomass_solid,20,2035,0.01
PAS,urb,d7,biomass_solid,20,2035,0.01
PAS,rur,d8,biomass_solid,20,2035,0.01
PAS,urb,d8,biomass_solid,20,2035,0.01
PAS,rur,d9,biomass_solid,20,2035,0.01
PAS,urb,d9,biomass_solid,20,2035,0.01
PAS,rur,d10,biomass_solid,20,2035,0.01
PAS,urb,d10,biomass_solid,20,2035,0.01
PAS,rur,d1,coal,20,2035,0.01
PAS,urb,d1,coal,20,2035,0.01
PAS,rur,d2,coal,20,2035,0.01
PAS,urb,d2,coal,20,2035,0.01
PAS,rur,d3,coal,20,2035,0.01
PAS,urb,d3,coal,20,2035,0.01
PAS,rur,d4,coal,20,2035,0.01
PAS,urb,d4,coal,20,2035,0.01
PAS,rur,d5,coal,20,2035,0.01
PAS,urb,d5,coal,20,2035,0.01
PAS,rur,d6,coal,20,2035,0.01
PAS,urb,d6,coal,20,2035,0.01
PAS,rur,d7,coal,20,2035,0.01
PAS,urb,d7,coal,20,2035,0.01
PAS,rur,d8,coal,20,2035,0.01
PAS,urb,d8,coal,20,2035,0.01
PAS,rur,d9,coal,20,2035,0.01
PAS,urb,d9,coal,20,2035,0.01
PAS,rur,d10,coal,20,2035,0.01
PAS,urb,d10,coal,20,2035,0.01
PAS,rur,d1,oil,20,2035,0.01
PAS,urb,d1,oil,20,2035,0.01
PAS,rur,d2,oil,20,2035,0.01
PAS,urb,d2,oil,20,2035,0.01
PAS,rur,d3,oil,20,2035,0.01
PAS,urb,d3,oil,20,2035,0.01
PAS,rur,d4,oil,20,2035,0.01
PAS,urb,d4,oil,20,2035,0.01
PAS,rur,d5,oil,20,2035,0.01
PAS,urb,d5,oil,20,2035,0.01
PAS,rur,d6,oil,20,2035,0.01
PAS,urb,d6,oil,20,2035,0.01
PAS,rur,d7,oil,20,2035,0.01
PAS,urb,d7,oil,20,2035,0.01
PAS,rur,d8,oil,20,2035,0.01
PAS,urb,d8,oil,20,2035,0.01
PAS,rur,d9,oil,20,2035,0.01
PAS,urb,d9,oil,20,2035,0.01
PAS,rur,d10,oil,20,2035,0.01
PAS,urb,d10,oil,20,2035,0.01
PAS,rur,d1,gas,20,2035,0.01
PAS,urb,d1,gas,20,2035,0.01
PAS,rur,d2,gas,20,2035,0.01
PAS,urb,d2,gas,20,2035,0.01
PAS,rur,d3,gas,20,2035,0.01
PAS,urb,d3,gas,20,2035,0.01
PAS,rur,d4,gas,20,2035,0.01
PAS,urb,d4,gas,20,2035,0.01
PAS,rur,d5,gas,20,2035,0.01
PAS,urb,d5,gas,20,2035,0.01
PAS,rur,d6,gas,20,2035,0.01
PAS,urb,d6,gas,20,2035,0.01
PAS,rur,d7,gas,20,2035,0.01
PAS,urb,d7,gas,20,2035,0.01
PAS,rur,d8,gas,20,2035,0.01
PAS,urb,d8,gas,20,2035,0.01
PAS,rur,d9,gas,20,2035,0.01
PAS,urb,d9,gas,20,2035,0.01
PAS,rur,d10,gas,20,2035,0.01
PAS,urb,d10,gas,20,2035,0.01
PAS,rur,d1,electricity,20,2035,0.01
PAS,urb,d1,electricity,20,2035,0.01
PAS,rur,d2,electricity,20,2035,0.01
PAS,urb,d2,electricity,20,2035,0.01
PAS,rur,d3,electricity,20,2035,0.01
PAS,urb,d3,electricity,20,2035,0.01
PAS,rur,d4,electricity,20,2035,0.01
PAS,urb,d4,electricity,20,2035,0.01
PAS,rur,d5,electricity,20,2035,0.01
PAS,urb,d5,electricity,20,2035,0.01
PAS,rur,d6,electricity,20,2035,0.01
PAS,urb,d6,electricity,20,2035,0.01
PAS,rur,d7,electricity,20,2035,0.01
PAS,urb,d7,electricity,20,2035,0.01
PAS,rur,d8,electricity,20,2035,0.01
PAS,urb,d8,electricity,20,2035,0.01
PAS,rur,d9,electricity,20,2035,0.01
PAS,urb,d9,electricity,20,2035,0.01
PAS,rur,d10,electricity,20,2035,0.01
PAS,urb,d10,electricity,20,2035,0.01
PAS,rur,d1,biomass_solid,20,2040,0.01
PAS,urb,d1,biomass_solid,20,2040,0.01
PAS,rur,d2,biomass_solid,20,2040,0.01
PAS,urb,d2,biomass_solid,20,2040,0.01
PAS,rur,d3,biomass_solid,20,2040,0.01
PAS,urb,d3,biomass_solid,20,2040,0.01
PAS,rur,d4,biomass_solid,20,2040,0.01
PAS,urb,d4,biomass_solid,20,2040,0.01
PAS,rur,d5,biomass_solid,20,2040,0.01
PAS,urb,d5,biomass_solid,20,2040,0.01
PAS,rur,d6,biomass_solid,20,2040,0.01
PAS,urb,d6,biomass_solid,20,2040,0.01
PAS,rur,d7,biomass_solid,20,2040,0.01
PAS,urb,d7,biomass_solid,20,2040,0.01
PAS,rur,d8,biomass_solid,20,2040,0.01
PAS,urb,d8,biomass_solid,20,2040,0.01
PAS,rur,d9,biomass_solid,20,2040,0.01
PAS,urb,d9,biomass_solid,20,2040,0.01
PAS,rur,d10,biomass_solid,20,2040,0.01
PAS,urb,d10,biomass_solid,20,2040,0.01
PAS,rur,d1,coal,20,2040,0.01
PAS,urb,d1,coal,20,2040,0.01
PAS,rur,d2,coal,20,2040,0.01
PAS,urb,d2,coal,20,2040,0.01
PAS,rur,d3,coal,20,2040,0.01
PAS,urb,d3,coal,20,2040,0.01
PAS,rur,d4,coal,20,2040,0.01
PAS,urb,d4,coal,20,2040,0.01
PAS,rur,d5,coal,20,2040,0.01
PAS,urb,d5,coal,20,2040,0.01
PAS,rur,d6,coal,20,2040,0.01
PAS,urb,d6,coal,20,2040,0.01
PAS,rur,d7,coal,20,2040,0.01
PAS,urb,d7,coal,20,2040,0.01
PAS,rur,d8,coal,20,2040,0.01
PAS,urb,d8,coal,20,2040,0.01
PAS,rur,d9,coal,20,2040,0.01
PAS,urb,d9,coal,20,2040,0.01
PAS,rur,d10,coal,20,2040,0.01
PAS,urb,d10,coal,20,2040,0.01
PAS,rur,d1,oil,20,2040,0.01
PAS,urb,d1,oil,20,2040,0.01
PAS,rur,d2,oil,20,2040,0.01
PAS,urb,d2,oil,20,2040,0.01
PAS,rur,d3,oil,20,2040,0.01
PAS,urb,d3,oil,20,2040,0.01
PAS,rur,d4,oil,20,2040,0.01
PAS,urb,d4,oil,20,2040,0.01
PAS,rur,d5,oil,20,2040,0.01
PAS,urb,d5,oil,20,2040,0.01
PAS,rur,d6,oil,20,2040,0.01
PAS,urb,d6,oil,20,2040,0.01
PAS,rur,d7,oil,20,2040,0.01
PAS,urb,d7,oil,20,2040,0.01
PAS,rur,d8,oil,20,2040,0.01
PAS,urb,d8,oil,20,2040,0.01
PAS,rur,d9,oil,20,2040,0.01
PAS,urb,d9,oil,20,2040,0.01
PAS,rur,d10,oil,20,2040,0.01
PAS,urb,d10,oil,20,2040,0.01
PAS,rur,d1,gas,20,2040,0.01
PAS,urb,d1,gas,20,2040,0.01
PAS,rur,d2,gas,20,2040,0.01
PAS,urb,d2,gas,20,2040,0.01
PAS,rur,d3,gas,20,2040,0.01
PAS,urb,d3,gas,20,2040,0.01
PAS,rur,d4,gas,20,2040,0.01
PAS,urb,d4,gas,20,2040,0.01
PAS,rur,d5,gas,20,2040,0.01
PAS,urb,d5,gas,20,2040,0.01
PAS,rur,d6,gas,20,2040,0.01
PAS,urb,d6,gas,20,2040,0.01
PAS,rur,d7,gas,20,2040,0.01
PAS,urb,d7,gas,20,2040,0.01
PAS,rur,d8,gas,20,2040,0.01
PAS,urb,d8,gas,20,2040,0.01
PAS,rur,d9,gas,20,2040,0.01
PAS,urb,d9,gas,20,2040,0.01
PAS,rur,d10,gas,20,2040,0.01
PAS,urb,d10,gas,20,2040,0.01
PAS,rur,d1,electricity,20,2040,0.01
PAS,urb,d1,electricity,20,2040,0.01
PAS,rur,d2,electricity,20,2040,0.01
PAS,urb,d2,electricity,20,2040,0.01
PAS,rur,d3,electricity,20,2040,0.01
PAS,urb,d3,electricity,20,2040,0.01
PAS,rur,d4,electricity,20,2040,0.01
PAS,urb,d4,electricity,20,2040,0.01
PAS,rur,d5,electricity,20,2040,0.01
PAS,urb,d5,electricity,20,2040,0.01
PAS,rur,d6,electricity,20,2040,0.01
PAS,urb,d6,electricity,20,2040,0.01
PAS,rur,d7,electricity,20,2040,0.01
PAS,urb,d7,electricity,20,2040,0.01
PAS,rur,d8,electricity,20,2040,0.01
PAS,urb,d8,electricity,20,2040,0.01
PAS,rur,d9,electricity,20,2040,0.01
PAS,urb,d9,electricity,20,2040,0.01
PAS,rur,d10,electricity,20,2040,0.01
PAS,urb,d10,electricity,20,2040,0.01
PAS,rur,d1,biomass_solid,20,2045,0.01
PAS,urb,d1,biomass_solid,20,2045,0.01
PAS,rur,d2,biomass_solid,20,2045,0.01
PAS,urb,d2,biomass_solid,20,2045,0.01
PAS,rur,d3,biomass_solid,20,2045,0.01
PAS,urb,d3,biomass_solid,20,2045,0.01
PAS,rur,d4,biomass_solid,20,2045,0.01
PAS,urb,d4,biomass_solid,20,2045,0.01
PAS,rur,d5,biomass_solid,20,2045,0.01
PAS,urb,d5,biomass_solid,20,2045,0.01
PAS,rur,d6,biomass_solid,20,2045,0.01
PAS,urb,d6,biomass_solid,20,2045,0.01
PAS,rur,d7,biomass_solid,20,2045,0.01
PAS,urb,d7,biomass_solid,20,2045,0.01
PAS,rur,d8,biomass_solid,20,2045,0.01
PAS,urb,d8,biomass_solid,20,2045,0.01
PAS,rur,d9,biomass_solid,20,2045,0.01
PAS,urb,d9,biomass_solid,20,2045,0.01
PAS,rur,d10,biomass_solid,20,2045,0.01
PAS,urb,d10,biomass_solid,20,2045,0.01
PAS,rur,d1,coal,20,2045,0.01
PAS,urb,d1,coal,20,2045,0.01
PAS,rur,d2,coal,20,2045,0.01
PAS,urb,d2,coal,20,2045,0.01
PAS,rur,d3,coal,20,2045,0.01
PAS,urb,d3,coal,20,2045,0.01
PAS,rur,d4,coal,20,2045,0.01
PAS,urb,d4,coal,20,2045,0.01
PAS,rur,d5,coal,20,2045,0.01
PAS,urb,d5,coal,20,2045,0.01
PAS,rur,d6,coal,20,2045,0.01
PAS,urb,d6,coal,20,2045,0.01
PAS,rur,d7,coal,20,2045,0.01
PAS,urb,d7,coal,20,2045,0.01
PAS,rur,d8,coal,20,2045,0.01
PAS,urb,d8,coal,20,2045,0.01
PAS,rur,d9,coal,20,2045,0.01
PAS,urb,d9,coal,20,2045,0.01
PAS,rur,d10,coal,20,2045,0.01
PAS,urb,d10,coal,20,2045,0.01
PAS,rur,d1,oil,20,2045,0.01
PAS,urb,d1,oil,20,2045,0.01
PAS,rur,d2,oil,20,2045,0.01
PAS,urb,d2,oil,20,2045,0.01
PAS,rur,d3,oil,20,2045,0.01
PAS,urb,d3,oil,20,2045,0.01
PAS,rur,d4,oil,20,2045,0.01
PAS,urb,d4,oil,20,2045,0.01
PAS,rur,d5,oil,20,2045,0.01
PAS,urb,d5,oil,20,2045,0.01
PAS,rur,d6,oil,20,2045,0.01
PAS,urb,d6,oil,20,2045,0.01
PAS,rur,d7,oil,20,2045,0.01
PAS,urb,d7,oil,20,2045,0.01
PAS,rur,d8,oil,20,2045,0.01
PAS,urb,d8,oil,20,2045,0.01
PAS,rur,d9,oil,20,2045,0.01
PAS,urb,d9,oil,20,2045,0.01
PAS,rur,d10,oil,20,2045,0.01
PAS,urb,d10,oil,20,2045,0.01
PAS,rur,d1,gas,20,2045,0.01
PAS,urb,d1,gas,20,2045,0.01
PAS,rur,d2,gas,20,2045,0.01
PAS,urb,d2,gas,20,2045,0.01
PAS,rur,d3,gas,20,2045,0.01
PAS,urb,d3,gas,20,2045,0.01
PAS,rur,d4,gas,20,2045,0.01
PAS,urb,d4,gas,20,2045,0.01
PAS,rur,d5,gas,20,2045,0.01
PAS,urb,d5,gas,20,2045,0.01
PAS,rur,d6,gas,20,2045,0.01
PAS,urb,d6,gas,20,2045,0.01
PAS,rur,d7,gas,20,2045,0.01
PAS,urb,d7,gas,20,2045,0.01
PAS,rur,d8,gas,20,2045,0.01
PAS,urb,d8,gas,20,2045,0.01
PAS,rur,d9,gas,20,2045,0.01
PAS,urb,d9,gas,20,2045,0.01
PAS,rur,d10,gas,20,2045,0.01
PAS,urb,d10,gas,20,2045,0.01
PAS,rur,d1,electricity,20,2045,0.01
PAS,urb,d1,electricity,20,2045,0.01
PAS,rur,d2,electricity,20,2045,0.01
PAS,urb,d2,electricity,20,2045,0.01
PAS,rur,d3,electricity,20,2045,0.01
PAS,urb,d3,electricity,20,2045,0.01
PAS,rur,d4,electricity,20,2045,0.01
PAS,urb,d4,electricity,20,2045,0.01
PAS,rur,d5,electricity,20,2045,0.01
PAS,urb,d5,electricity,20,2045,0.01
PAS,rur,d6,electricity,20,2045,0.01
PAS,urb,d6,electricity,20,2045,0.01
PAS,rur,d7,electricity,20,2045,0.01
PAS,urb,d7,electricity,20,2045,0.01
PAS,rur,d8,electricity,20,2045,0.01
PAS,urb,d8,electricity,20,2045,0.01
PAS,rur,d9,electricity,20,2045,0.01
PAS,urb,d9,electricity,20,2045,0.01
PAS,rur,d10,electricity,20,2045,0.01
PAS,urb,d10,electricity,20,2045,0.01
PAS,rur,d1,biomass_solid,20,2050,0.01
PAS,urb,d1,biomass_solid,20,2050,0.01
PAS,rur,d2,biomass_solid,20,2050,0.01
PAS,urb,d2,biomass_solid,20,2050,0.01
PAS,rur,d3,biomass_solid,20,2050,0.01
PAS,urb,d3,biomass_solid,20,2050,0.01
PAS,rur,d4,biomass_solid,20,2050,0.01
PAS,urb,d4,biomass_solid,20,2050,0.01
PAS,rur,d5,biomass_solid,20,2050,0.01
PAS,urb,d5,biomass_solid,20,2050,0.01
PAS,rur,d6,biomass_solid,20,2050,0.01
PAS,urb,d6,biomass_solid,20,2050,0.01
PAS,rur,d7,biomass_solid,20,2050,0.01
PAS,urb,d7,biomass_solid,20,2050,0.01
PAS,rur,d8,biomass_solid,20,2050,0.01
PAS,urb,d8,biomass_solid,20,2050,0.01
PAS,rur,d9,biomass_solid,20,2050,0.01
PAS,urb,d9,biomass_solid,20,2050,0.01
PAS,rur,d10,biomass_solid,20,2050,0.01
PAS,urb,d10,biomass_solid,20,2050,0.01
PAS,rur,d1,coal,20,2050,0.01
PAS,urb,d1,coal,20,2050,0.01
PAS,rur,d2,coal,20,2050,0.01
PAS,urb,d2,coal,20,2050,0.01
PAS,rur,d3,coal,20,2050,0.01
PAS,urb,d3,coal,20,2050,0.01
PAS,rur,d4,coal,20,2050,0.01
PAS,urb,d4,coal,20,2050,0.01
PAS,rur,d5,coal,20,2050,0.01
PAS,urb,d5,coal,20,2050,0.01
PAS,rur,d6,coal,20,2050,0.01
PAS,urb,d6,coal,20,2050,0.01
PAS,rur,d7,coal,20,2050,0.01
PAS,urb,d7,coal,20,2050,0.01
PAS,rur,d8,coal,20,2050,0.01
PAS,urb,d8,coal,20,2050,0.01
PAS,rur,d9,coal,20,2050,0.01
PAS,urb,d9,coal,20,2050,0.01
PAS,rur,d10,coal,20,2050,0.01
PAS,urb,d10,coal,20,2050,0.01
PAS,rur,d1,oil,20,2050,0.01
PAS,urb,d1,oil,20,2050,0.01
PAS,rur,d2,oil,20,2050,0.01
PAS,urb,d2,oil,20,2050,0.01
PAS,rur,d3,oil,20,2050,0.01
PAS,urb,d3,oil,20,2050,0.01
PAS,rur,d4,oil,20,2050,0.01
PAS,urb,d4,oil,20,2050,0.01
PAS,rur,d5,oil,20,2050,0.01
PAS,urb,d5,oil,20,2050,0.01
PAS,rur,d6,oil,20,2050,0.01
PAS,urb,d6,oil,20,2050,0.01
PAS,rur,d7,oil,20,2050,0.01
PAS,urb,d7,oil,20,2050,0.01
PAS,rur,d8,oil,20,2050,0.01
PAS,urb,d8,oil,20,2050,0.01
PAS,rur,d9,oil,20,2050,0.01
PAS,urb,d9,oil,20,2050,0.01
PAS,rur,d10,oil,20,2050,0.01
PAS,urb,d10,oil,20,2050,0.01
PAS,rur,d1,gas,20,2050,0.01
PAS,urb,d1,gas,20,2050,0.01
PAS,rur,d2,gas,20,2050,0.01
PAS,urb,d2,gas,20,2050,0.01
PAS,rur,d3,gas,20,2050,0.01
PAS,urb,d3,gas,20,2050,0.01
PAS,rur,d4,gas,20,2050,0.01
PAS,urb,d4,gas,20,2050,0.01
PAS,rur,d5,gas,20,2050,0.01
PAS,urb,d5,gas,20,2050,0.01
PAS,rur,d6,gas,20,2050,0.01
PAS,urb,d6,gas,20,2050,0.01
PAS,rur,d7,gas,20,2050,0.01
PAS,urb,d7,gas,20,2050,0.01
PAS,rur,d8,gas,20,2050,0.01
PAS,urb,d8,gas,20,2050,0.01
PAS,rur,d9,gas,20,2050,0.01
PAS,urb,d9,gas,20,2050,0.01
PAS,rur,d10,gas,20,2050,0.01
PAS,urb,d10,gas,20,2050,0.01
PAS,rur,d1,electricity,20,2050,0.01
PAS,urb,d1,electricity,20,2050,0.01
PAS,rur,d2,electricity,20,2050,0.01
PAS,urb,d2,electricity,20,2050,0.01
PAS,rur,d3,electricity,20,2050,0.01
PAS,urb,d3,electricity,20,2050,0.01
PAS,rur,d4,electricity,20,2050,0.01
PAS,urb,d4,electricity,20,2050,0.01
PAS,rur,d5,electricity,20,2050,0.01
PAS,urb,d5,electricity,20,2050,0.01
PAS,rur,d6,electricity,20,2050,0.01
PAS,urb,d6,electricity,20,2050,0.01
PAS,rur,d7,electricity,20,2050,0.01
PAS,urb,d7,electricity,20,2050,0.01
PAS,rur,d8,electricity,20,2050,0.01
PAS,urb,d8,electricity,20,2050,0.01
PAS,rur,d9,electricity,20,2050,0.01
PAS,urb,d9,electricity,20,2050,0.01
PAS,rur,d10,electricity,20,2050,0.01
PAS,urb,d10,electricity,20,2050,0.01
PAS,rur,d1,biomass_solid,20,2055,0.01
PAS,urb,d1,biomass_solid,20,2055,0.01
PAS,rur,d2,biomass_solid,20,2055,0.01
PAS,urb,d2,biomass_solid,20,2055,0.01
PAS,rur,d3,biomass_solid,20,2055,0.01
PAS,urb,d3,biomass_solid,20,2055,0.01
PAS,rur,d4,biomass_solid,20,2055,0.01
PAS,urb,d4,biomass_solid,20,2055,0.01
PAS,rur,d5,biomass_solid,20,2055,0.01
PAS,urb,d5,biomass_solid,20,2055,0.01
PAS,rur,d6,biomass_solid,20,2055,0.01
PAS,urb,d6,biomass_solid,20,2055,0.01
PAS,rur,d7,biomass_solid,20,2055,0.01
PAS,urb,d7,biomass_solid,20,2055,0.01
PAS,rur,d8,biomass_solid,20,2055,0.01
PAS,urb,d8,biomass_solid,20,2055,0.01
PAS,rur,d9,biomass_solid,20,2055,0.01
PAS,urb,d9,biomass_solid,20,2055,0.01
PAS,rur,d10,biomass_solid,20,2055,0.01
PAS,urb,d10,biomass_solid,20,2055,0.01
PAS,rur,d1,coal,20,2055,0.01
PAS,urb,d1,coal,20,2055,0.01
PAS,rur,d2,coal,20,2055,0.01
PAS,urb,d2,coal,20,2055,0.01
PAS,rur,d3,coal,20,2055,0.01
PAS,urb,d3,coal,20,2055,0.01
PAS,rur,d4,coal,20,2055,0.01
PAS,urb,d4,coal,20,2055,0.01
PAS,rur,d5,coal,20,2055,0.01
PAS,urb,d5,coal,20,2055,0.01
PAS,rur,d6,coal,20,2055,0.01
PAS,urb,d6,coal,20,2055,0.01
PAS,rur,d7,coal,20,2055,0.01
PAS,urb,d7,coal,20,2055,0.01
PAS,rur,d8,coal,20,2055,0.01
PAS,urb,d8,coal,20,2055,0.01
PAS,rur,d9,coal,20,2055,0.01
PAS,urb,d9,coal,20,2055,0.01
PAS,rur,d10,coal,20,2055,0.01
PAS,urb,d10,coal,20,2055,0.01
PAS,rur,d1,oil,20,2055,0.01
PAS,urb,d1,oil,20,2055,0.01
PAS,rur,d2,oil,20,2055,0.01
PAS,urb,d2,oil,20,2055,0.01
PAS,rur,d3,oil,20,2055,0.01
PAS,urb,d3,oil,20,2055,0.01
PAS,rur,d4,oil,20,2055,0.01
PAS,urb,d4,oil,20,2055,0.01
PAS,rur,d5,oil,20,2055,0.01
PAS,urb,d5,oil,20,2055,0.01
PAS,rur,d6,oil,20,2055,0.01
PAS,urb,d6,oil,20,2055,0.01
PAS,rur,d7,oil,20,2055,0.01
PAS,urb,d7,oil,20,2055,0.01
PAS,rur,d8,oil,20,2055,0.01
PAS,urb,d8,oil,20,2055,0.01
PAS,rur,d9,oil,20,2055,0.01
PAS,urb,d9,oil,20,2055,0.01
PAS,rur,d10,oil,20,2055,0.01
PAS,urb,d10,oil,20,2055,0.01
PAS,rur,d1,gas,20,2055,0.01
PAS,urb,d1,gas,20,2055,0.01
PAS,rur,d2,gas,20,2055,0.01
PAS,urb,d2,gas,20,2055,0.01
PAS,rur,d3,gas,20,2055,0.01
PAS,urb,d3,gas,20,2055,0.01
PAS,rur,d4,gas,20,2055,0.01
PAS,urb,d4,gas,20,2055,0.01
PAS,rur,d5,gas,20,2055,0.01
PAS,urb,d5,gas,20,2055,0.01
PAS,rur,d6,gas,20,2055,0.01
PAS,urb,d6,gas,20,2055,0.01
PAS,rur,d7,gas,20,2055,0.01
PAS,urb,d7,gas,20,2055,0.01
PAS,rur,d8,gas,20,2055,0.01
PAS,urb,d8,gas,20,2055,0.01
PAS,rur,d9,gas,20,2055,0.01
PAS,urb,d9,gas,20,2055,0.01
PAS,rur,d10,gas,20,2055,0.01
PAS,urb,d10,gas,20,2055,0.01
PAS,rur,d1,electricity,20,2055,0.01
PAS,urb,d1,electricity,20,2055,0.01
PAS,rur,d2,electricity,20,2055,0.01
PAS,urb,d2,electricity,20,2055,0.01
PAS,rur,d3,electricity,20,2055,0.01
PAS,urb,d3,electricity,20,2055,0.01
PAS,rur,d4,electricity,20,2055,0.01
PAS,urb,d4,electricity,20,2055,0.01
PAS,rur,d5,electricity,20,2055,0.01
PAS,urb,d5,electricity,20,2055,0.01
PAS,rur,d6,electricity,20,2055,0.01
PAS,urb,d6,electricity,20,2055,0.01
PAS,rur,d7,electricity,20,2055,0.01
PAS,urb,d7,electricity,20,2055,0.01
PAS,rur,d8,electricity,20,2055,0.01
PAS,urb,d8,electricity,20,2055,0.01
PAS,rur,d9,electricity,20,2055,0.01
PAS,urb,d9,electricity,20,2055,0.01
PAS,rur,d10,electricity,20,2055,0.01
PAS,urb,d10,electricity,20,2055,0.01
PAS,rur,d1,biomass_solid,20,2060,0.01
PAS,urb,d1,biomass_solid,20,2060,0.01
PAS,rur,d2,biomass_solid,20,2060,0.01
PAS,urb,d2,biomass_solid,20,2060,0.01
PAS,rur,d3,biomass_solid,20,2060,0.01
PAS,urb,d3,biomass_solid,20,2060,0.01
PAS,rur,d4,biomass_solid,20,2060,0.01
PAS,urb,d4,biomass_solid,20,2060,0.01
PAS,rur,d5,biomass_solid,20,2060,0.01
PAS,urb,d5,biomass_solid,20,2060,0.01
PAS,rur,d6,biomass_solid,20,2060,0.01
PAS,urb,d6,biomass_solid,20,2060,0.01
PAS,rur,d7,biomass_solid,20,2060,0.01
PAS,urb,d7,biomass_solid,20,2060,0.01
PAS,rur,d8,biomass_solid,20,2060,0.01
PAS,urb,d8,biomass_solid,20,2060,0.01
PAS,rur,d9,biomass_solid,20,2060,0.01
PAS,urb,d9,biomass_solid,20,2060,0.01
PAS,rur,d10,biomass_solid,20,2060,0.01
PAS,urb,d10,biomass_solid,20,2060,0.01
PAS,rur,d1,coal,20,2060,0.01
PAS,urb,d1,coal,20,2060,0.01
PAS,rur,d2,coal,20,2060,0.01
PAS,urb,d2,coal,20,2060,0.01
PAS,rur,d3,coal,20,2060,0.01
PAS,urb,d3,coal,20,2060,0.01
PAS,rur,d4,coal,20,2060,0.01
PAS,urb,d4,coal,20,2060,0.01
PAS,rur,d5,coal,20,2060,0.01
PAS,urb,d5,coal,20,2060,0.01
PAS,rur,d6,coal,20,2060,0.01
PAS,urb,d6,coal,20,2060,0.01
PAS,rur,d7,coal,20,2060,0.01
PAS,urb,d7,coal,20,2060,0.01
PAS,rur,d8,coal,20,2060,0.01
PAS,urb,d8,coal,20,2060,0.01
PAS,rur,d9,coal,20,2060,0.01
PAS,urb,d9,coal,20,2060,0.01
PAS,rur,d10,coal,20,2060,0.01
PAS,urb,d10,coal,20,2060,0.01
PAS,rur,d1,oil,20,2060,0.01
PAS,urb,d1,oil,20,2060,0.01
PAS,rur,d2,oil,20,2060,0.01
PAS,urb,d2,oil,20,2060,0.01
PAS,rur,d3,oil,20,2060,0.01
PAS,urb,d3,oil,20,2060,0.01
PAS,rur,d4,oil,20,2060,0.01
PAS,urb,d4,oil,20,2060,0.01
PAS,rur,d5,oil,20,2060,0.01
PAS,urb,d5,oil,20,2060,0.01
PAS,rur,d6,oil,20,2060,0.01
PAS,urb,d6,oil,20,2060,0.01
PAS,rur,d7,oil,20,2060,0.01
PAS,urb,d7,oil,20,2060,0.01
PAS,rur,d8,oil,20,2060,0.01
PAS,urb,d8,oil,20,2060,0.01
PAS,rur,d9,oil,20,2060,0.01
PAS,urb,d9,oil,20,2060,0.01
PAS,rur,d10,oil,20,2060,0.01
PAS,urb,d10,oil,20,2060,0.01
PAS,rur,d1,gas,20,2060,0.01
PAS,urb,d1,gas,20,2060,0.01
PAS,rur,d2,gas,20,2060,0.01
PAS,urb,d2,gas,20,2060,0.01
PAS,rur,d3,gas,20,2060,0.01
PAS,urb,d3,gas,20,2060,0.01
PAS,rur,d4,gas,20,2060,0.01
PAS,urb,d4,gas,20,2060,0.01
PAS,rur,d5,gas,20,2060,0.01
PAS,urb,d5,gas,20,2060,0.01
PAS,rur,d6,gas,20,2060,0.01
PAS,urb,d6,gas,20,2060,0.01
PAS,rur,d7,gas,20,2060,0.01
PAS,urb,d7,gas,20,2060,0.01
PAS,rur,d8,gas,20,2060,0.01
PAS,urb,d8,gas,20,2060,0.01
PAS,rur,d9,gas,20,2060,0.01
PAS,urb,d9,gas,20,2060,0.01
PAS,rur,d10,gas,20,2060,0.01
PAS,urb,d10,gas,20,2060,0.01
PAS,rur,d1,electricity,20,2060,0.01
PAS,urb,d1,electricity,20,2060,0.01
PAS,rur,d2,electricity,20,2060,0.01
PAS,urb,d2,electricity,20,2060,0.01
PAS,rur,d3,electricity,20,2060,0.01
PAS,urb,d3,electricity,20,2060,0.01
PAS,rur,d4,electricity,20,2060,0.01
PAS,urb,d4,electricity,20,2060,0.01
PAS,rur,d5,electricity,20,2060,0.01
PAS,urb,d5,electricity,20,2060,0.01
PAS,rur,d6,electricity,20,2060,0.01
PAS,urb,d6,electricity,20,2060,0.01
PAS,rur,d7,electricity,20,2060,0.01
PAS,urb,d7,electricity,20,2060,0.01
PAS,rur,d8,electricity,20,2060,0.01
PAS,urb,d8,electricity,20,2060,0.01
PAS,rur,d9,electricity,20,2060,0.01
PAS,urb,d9,electricity,20,2060,0.01
PAS,rur,d10,electricity,20,2060,0.01
PAS,urb,d10,electricity,20,2060,0.01
PAS,rur,d1,biomass_solid,20,2065,0.01
PAS,urb,d1,biomass_solid,20,2065,0.01
PAS,rur,d2,biomass_solid,20,2065,0.01
PAS,urb,d2,biomass_solid,20,2065,0.01
PAS,rur,d3,biomass_solid,20,2065,0.01
PAS,urb,d3,biomass_solid,20,2065,0.01
PAS,rur,d4,biomass_solid,20,2065,0.01
PAS,urb,d4,biomass_solid,20,2065,0.01
PAS,rur,d5,biomass_solid,20,2065,0.01
PAS,urb,d5,biomass_solid,20,2065,0.01
PAS,rur,d6,biomass_solid,20,2065,0.01
PAS,urb,d6,biomass_solid,20,2065,0.01
PAS,rur,d7,biomass_solid,20,2065,0.01
PAS,urb,d7,biomass_solid,20,2065,0.01
PAS,rur,d8,biomass_solid,20,2065,0.01
PAS,urb,d8,biomass_solid,20,2065,0.01
PAS,rur,d9,biomass_solid,20,2065,0.01
PAS,urb,d9,biomass_solid,20,2065,0.01
PAS,rur,d10,biomass_solid,20,2065,0.01
PAS,urb,d10,biomass_solid,20,2065,0.01
PAS,rur,d1,coal,20,2065,0.01
PAS,urb,d1,coal,20,2065,0.01
PAS,rur,d2,coal,20,2065,0.01
PAS,urb,d2,coal,20,2065,0.01
PAS,rur,d3,coal,20,2065,0.01
PAS,urb,d3,coal,20,2065,0.01
PAS,rur,d4,coal,20,2065,0.01
PAS,urb,d4,coal,20,2065,0.01
PAS,rur,d5,coal,20,2065,0.01
PAS,urb,d5,coal,20,2065,0.01
PAS,rur,d6,coal,20,2065,0.01
PAS,urb,d6,coal,20,2065,0.01
PAS,rur,d7,coal,20,2065,0.01
PAS,urb,d7,coal,20,2065,0.01
PAS,rur,d8,coal,20,2065,0.01
PAS,urb,d8,coal,20,2065,0.01
PAS,rur,d9,coal,20,2065,0.01
PAS,urb,d9,coal,20,2065,0.01
PAS,rur,d10,coal,20,2065,0.01
PAS,urb,d10,coal,20,2065,0.01
PAS,rur,d1,oil,20,2065,0.01
PAS,urb,d1,oil,20,2065,0.01
PAS,rur,d2,oil,20,2065,0.01
PAS,urb,d2,oil,20,2065,0.01
PAS,rur,d3,oil,20,2065,0.01
PAS,urb,d3,oil,20,2065,0.01
PAS,rur,d4,oil,20,2065,0.01
PAS,urb,d4,oil,20,2065,0.01
PAS,rur,d5,oil,20,2065,0.01
PAS,urb,d5,oil,20,2065,0.01
PAS,rur,d6,oil,20,2065,0.01
PAS,urb,d6,oil,20,2065,0.01
PAS,rur,d7,oil,20,2065,0.01
PAS,urb,d7,oil,20,2065,0.01
PAS,rur,d8,oil,20,2065,0.01
PAS,urb,d8,oil,20,2065,0.01
PAS,rur,d9,oil,20,2065,0.01
PAS,urb,d9,oil,20,2065,0.01
PAS,rur,d10,oil,20,2065,0.01
PAS,urb,d10,oil,20,2065,0.01
PAS,rur,d1,gas,20,2065,0.01
PAS,urb,d1,gas,20,2065,0.01
PAS,rur,d2,gas,20,2065,0.01
PAS,urb,d2,gas,20,2065,0.01
PAS,rur,d3,gas,20,2065,0.01
PAS,urb,d3,gas,20,2065,0.01
PAS,rur,d4,gas,20,2065,0.01
PAS,urb,d4,gas,20,2065,0.01
PAS,rur,d5,gas,20,2065,0.01
PAS,urb,d5,gas,20,2065,0.01
PAS,rur,d6,gas,20,2065,0.01
PAS,urb,d6,gas,20,2065,0.01
PAS,rur,d7,gas,20,2065,0.01
PAS,urb,d7,gas,20,2065,0.01
PAS,rur,d8,gas,20,2065,0.01
PAS,urb,d8,gas,20,2065,0.01
PAS,rur,d9,gas,20,2065,0.01
PAS,urb,d9,gas,20,2065,0.01
PAS,rur,d10,gas,20,2065,0.01
PAS,urb,d10,gas,20,2065,0.01
PAS,rur,d1,electricity,20,2065,0.01
PAS,urb,d1,electricity,20,2065,0.01
PAS,rur,d2,electricity,20,2065,0.01
PAS,urb,d2,electricity,20,2065,0.01
PAS,rur,d3,electricity,20,2065,0.01
PAS,urb,d3,electricity,20,2065,0.01
PAS,rur,d4,electricity,20,2065,0.01
PAS,urb,d4,electricity,20,2065,0.01
PAS,rur,d5,electricity,20,2065,0.01
PAS,urb,d5,electricity,20,2065,0.01
PAS,rur,d6,electricity,20,2065,0.01
PAS,urb,d6,electricity,20,2065,0.01
PAS,rur,d7,electricity,20,2065,0.01
PAS,urb,d7,electricity,20,2065,0.01
PAS,rur,d8,electricity,20,2065,0.01
PAS,urb,d8,electricity,20,2065,0.01
PAS,rur,d9,electricity,20,2065,0.01
PAS,urb,d9,electricity,20,2065,0.01
PAS,rur,d10,electricity,20,2065,0.01
PAS,urb,d10,electricity,20,2065,0.01
PAS,rur,d1,biomass_solid,20,2070,0.01
PAS,urb,d1,biomass_solid,20,2070,0.01
PAS,rur,d2,biomass_solid,20,2070,0.01
PAS,urb,d2,biomass_solid,20,2070,0.01
PAS,rur,d3,biomass_solid,20,2070,0.01
PAS,urb,d3,biomass_solid,20,2070,0.01
PAS,rur,d4,biomass_solid,20,2070,0.01
PAS,urb,d4,biomass_solid,20,2070,0.01
PAS,rur,d5,biomass_solid,20,2070,0.01
PAS,urb,d5,biomass_solid,20,2070,0.01
PAS,rur,d6,biomass_solid,20,2070,0.01
PAS,urb,d6,biomass_solid,20,2070,0.01
PAS,rur,d7,biomass_solid,20,2070,0.01
PAS,urb,d7,biomass_solid,20,2070,0.01
PAS,rur,d8,biomass_solid,20,2070,0.01
PAS,urb,d8,biomass_solid,20,2070,0.01
PAS,rur,d9,biomass_solid,20,2070,0.01
PAS,urb,d9,biomass_solid,20,2070,0.01
PAS,rur,d10,biomass_solid,20,2070,0.01
PAS,urb,d10,biomass_solid,20,2070,0.01
PAS,rur,d1,coal,20,2070,0.01
PAS,urb,d1,coal,20,2070,0.01
PAS,rur,d2,coal,20,2070,0.01
PAS,urb,d2,coal,20,2070,0.01
PAS,rur,d3,coal,20,2070,0.01
PAS,urb,d3,coal,20,2070,0.01
PAS,rur,d4,coal,20,2070,0.01
PAS,urb,d4,coal,20,2070,0.01
PAS,rur,d5,coal,20,2070,0.01
PAS,urb,d5,coal,20,2070,0.01
PAS,rur,d6,coal,20,2070,0.01
PAS,urb,d6,coal,20,2070,0.01
PAS,rur,d7,coal,20,2070,0.01
PAS,urb,d7,coal,20,2070,0.01
PAS,rur,d8,coal,20,2070,0.01
PAS,urb,d8,coal,20,2070,0.01
PAS,rur,d9,coal,20,2070,0.01
PAS,urb,d9,coal,20,2070,0.01
PAS,rur,d10,coal,20,2070,0.01
PAS,urb,d10,coal,20,2070,0.01
PAS,rur,d1,oil,20,2070,0.01
PAS,urb,d1,oil,20,2070,0.01
PAS,rur,d2,oil,20,2070,0.01
PAS,urb,d2,oil,20,2070,0.01
PAS,rur,d3,oil,20,2070,0.01
PAS,urb,d3,oil,20,2070,0.01
PAS,rur,d4,oil,20,2070,0.01
PAS,urb,d4,oil,20,2070,0.01
PAS,rur,d5,oil,20,2070,0.01
PAS,urb,d5,oil,20,2070,0.01
PAS,rur,d6,oil,20,2070,0.01
PAS,urb,d6,oil,20,2070,0.01
PAS,rur,d7,oil,20,2070,0.01
PAS,urb,d7,oil,20,2070,0.01
PAS,rur,d8,oil,20,2070,0.01
PAS,urb,d8,oil,20,2070,0.01
PAS,rur,d9,oil,20,2070,0.01
PAS,urb,d9,oil,20,2070,0.01
PAS,rur,d10,oil,20,2070,0.01
PAS,urb,d10,oil,20,2070,0.01
PAS,rur,d1,gas,20,2070,0.01
PAS,urb,d1,gas,20,2070,0.01
PAS,rur,d2,gas,20,2070,0.01
PAS,urb,d2,gas,20,2070,0.01
PAS,rur,d3,gas,20,2070,0.01
PAS,urb,d3,gas,20,2070,0.01
PAS,rur,d4,gas,20,2070,0.01
PAS,urb,d4,gas,20,2070,0.01
PAS,rur,d5,gas,20,2070,0.01
PAS,urb,d5,gas,20,2070,0.01
PAS,rur,d6,gas,20,2070,0.01
PAS,urb,d6,gas,20,2070,0.01
PAS,rur,d7,gas,20,2070,0.01
PAS,urb,d7,gas,20,2070,0.01
PAS,rur,d8,gas,20,2070,0.01
PAS,urb,d8,gas,20,2070,0.01
PAS,rur,d9,gas,20,2070,0.01
PAS,urb,d9,gas,20,2070,0.01
PAS,rur,d10,gas,20,2070,0.01
PAS,urb,d10,gas,20,2070,0.01
PAS,rur,d1,electricity,20,2070,0.01
PAS,urb,d1,electricity,20,2070,0.01
PAS,rur,d2,electricity,20,2070,0.01
PAS,urb,d2,electricity,20,2070,0.01
PAS,rur,d3,electricity,20,2070,0.01
PAS,urb,d3,electricity,20,2070,0.01
PAS,rur,d4,electricity,20,2070,0.01
PAS,urb,d4,electricity,20,2070,0.01
PAS,rur,d5,electricity,20,2070,0.01
PAS,urb,d5,electricity,20,2070,0.01
PAS,rur,d6,electricity,20,2070,0.01
PAS,urb,d6,electricity,20,2070,0.01
PAS,rur,d7,electricity,20,2070,0.01
PAS,urb,d7,electricity,20,2070,0.01
PAS,rur,d8,electricity,20,2070,0.01
PAS,urb,d8,electricity,20,2070,0.01
PAS,rur,d9,electricity,20,2070,0.01
PAS,urb,d9,electricity,20,2070,0.01
PAS,rur,d10,electricity,20,2070,0.01
PAS,urb,d10,electricity,20,2070,0.01
PAS,rur,d1,biomass_solid,20,2075,0.01
PAS,urb,d1,biomass_solid,20,2075,0.01
PAS,rur,d2,biomass_solid,20,2075,0.01
PAS,urb,d2,biomass_solid,20,2075,0.01
PAS,rur,d3,biomass_solid,20,2075,0.01
PAS,urb,d3,biomass_solid,20,2075,0.01
PAS,rur,d4,biomass_solid,20,2075,0.01
PAS,urb,d4,biomass_solid,20,2075,0.01
PAS,rur,d5,biomass_solid,20,2075,0.01
PAS,urb,d5,biomass_solid,20,2075,0.01
PAS,rur,d6,biomass_solid,20,2075,0.01
PAS,urb,d6,biomass_solid,20,2075,0.01
PAS,rur,d7,biomass_solid,20,2075,0.01
PAS,urb,d7,biomass_solid,20,2075,0.01
PAS,rur,d8,biomass_solid,20,2075,0.01
PAS,urb,d8,biomass_solid,20,2075,0.01
PAS,rur,d9,biomass_solid,20,2075,0.01
PAS,urb,d9,biomass_solid,20,2075,0.01
PAS,rur,d10,biomass_solid,20,2075,0.01
PAS,urb,d10,biomass_solid,20,2075,0.01
PAS,rur,d1,coal,20,2075,0.01
PAS,urb,d1,coal,20,2075,0.01
PAS,rur,d2,coal,20,2075,0.01
PAS,urb,d2,coal,20,2075,0.01
PAS,rur,d3,coal,20,2075,0.01
PAS,urb,d3,coal,20,2075,0.01
PAS,rur,d4,coal,20,2075,0.01
PAS,urb,d4,coal,20,2075,0.01
PAS,rur,d5,coal,20,2075,0.01
PAS,urb,d5,coal,20,2075,0.01
PAS,rur,d6,coal,20,2075,0.01
PAS,urb,d6,coal,20,2075,0.01
PAS,rur,d7,coal,20,2075,0.01
PAS,urb,d7,coal,20,2075,0.01
PAS,rur,d8,coal,20,2075,0.01
PAS,urb,d8,coal,20,2075,0.01
PAS,rur,d9,coal,20,2075,0.01
PAS,urb,d9,coal,20,2075,0.01
PAS,rur,d10,coal,20,2075,0.01
PAS,urb,d10,coal,20,2075,0.01
PAS,rur,d1,oil,20,2075,0.01
PAS,urb,d1,oil,20,2075,0.01
PAS,rur,d2,oil,20,2075,0.01
PAS,urb,d2,oil,20,2075,0.01
PAS,rur,d3,oil,20,2075,0.01
PAS,urb,d3,oil,20,2075,0.01
PAS,rur,d4,oil,20,2075,0.01
PAS,urb,d4,oil,20,2075,0.01
PAS,rur,d5,oil,20,2075,0.01
PAS,urb,d5,oil,20,2075,0.01
PAS,rur,d6,oil,20,2075,0.01
PAS,urb,d6,oil,20,2075,0.01
PAS,rur,d7,oil,20,2075,0.01
PAS,urb,d7,oil,20,2075,0.01
PAS,rur,d8,oil,20,2075,0.01
PAS,urb,d8,oil,20,2075,0.01
PAS,rur,d9,oil,20,2075,0.01
PAS,urb,d9,oil,20,2075,0.01
PAS,rur,d10,oil,20,2075,0.01
PAS,urb,d10,oil,20,2075,0.01
PAS,rur,d1,gas,20,2075,0.01
PAS,urb,d1,gas,20,2075,0.01
PAS,rur,d2,gas,20,2075,0.01
PAS,urb,d2,gas,20,2075,0.01
PAS,rur,d3,gas,20,2075,0.01
PAS,urb,d3,gas,20,2075,0.01
PAS,rur,d4,gas,20,2075,0.01
PAS,urb,d4,gas,20,2075,0.01
PAS,rur,d5,gas,20,2075,0.01
PAS,urb,d5,gas,20,2075,0.01
PAS,rur,d6,gas,20,2075,0.01
PAS,urb,d6,gas,20,2075,0.01
PAS,rur,d7,gas,20,2075,0.01
PAS,urb,d7,gas,20,2075,0.01
PAS,rur,d8,gas,20,2075,0.01
PAS,urb,d8,gas,20,2075,0.01
PAS,rur,d9,gas,20,2075,0.01
PAS,urb,d9,gas,20,2075,0.01
PAS,rur,d10,gas,20,2075,0.01
PAS,urb,d10,gas,20,2075,0.01
PAS,rur,d1,electricity,20,2075,0.01
PAS,urb,d1,electricity,20,2075,0.01
PAS,rur,d2,electricity,20,2075,0.01
PAS,urb,d2,electricity,20,2075,0.01
PAS,rur,d3,electricity,20,2075,0.01
PAS,urb,d3,electricity,20,2075,0.01
PAS,rur,d4,electricity,20,2075,0.01
PAS,urb,d4,electricity,20,2075,0.01
PAS,rur,d5,electricity,20,2075,0.01
PAS,urb,d5,electricity,20,2075,0.01
PAS,rur,d6,electricity,20,2075,0.01
PAS,urb,d6,electricity,20,2075,0.01
PAS,rur,d7,electricity,20,2075,0.01
PAS,urb,d7,electricity,20,2075,0.01
PAS,rur,d8,electricity,20,2075,0.01
PAS,urb,d8,electricity,20,2075,0.01
PAS,rur,d9,electricity,20,2075,0.01
PAS,urb,d9,electricity,20,2075,0.01
PAS,rur,d10,electricity,20,2075,0.01
PAS,urb,d10,electricity,20,2075,0.01
PAS,rur,d1,biomass_solid,20,2080,0.01
PAS,urb,d1,biomass_solid,20,2080,0.01
PAS,rur,d2,biomass_solid,20,2080,0.01
PAS,urb,d2,biomass_solid,20,2080,0.01
PAS,rur,d3,biomass_solid,20,2080,0.01
PAS,urb,d3,biomass_solid,20,2080,0.01
PAS,rur,d4,biomass_solid,20,2080,0.01
PAS,urb,d4,biomass_solid,20,2080,0.01
PAS,rur,d5,biomass_solid,20,2080,0.01
PAS,urb,d5,biomass_solid,20,2080,0.01
PAS,rur,d6,biomass_solid,20,2080,0.01
PAS,urb,d6,biomass_solid,20,2080,0.01
PAS,rur,d7,biomass_solid,20,2080,0.01
PAS,urb,d7,biomass_solid,20,2080,0.01
PAS,rur,d8,biomass_solid,20,2080,0.01
PAS,urb,d8,biomass_solid,20,2080,0.01
PAS,rur,d9,biomass_solid,20,2080,0.01
PAS,urb,d9,biomass_solid,20,2080,0.01
PAS,rur,d10,biomass_solid,20,2080,0.01
PAS,urb,d10,biomass_solid,20,2080,0.01
PAS,rur,d1,coal,20,2080,0.01
PAS,urb,d1,coal,20,2080,0.01
PAS,rur,d2,coal,20,2080,0.01
PAS,urb,d2,coal,20,2080,0.01
PAS,rur,d3,coal,20,2080,0.01
PAS,urb,d3,coal,20,2080,0.01
PAS,rur,d4,coal,20,2080,0.01
PAS,urb,d4,coal,20,2080,0.01
PAS,rur,d5,coal,20,2080,0.01
PAS,urb,d5,coal,20,2080,0.01
PAS,rur,d6,coal,20,2080,0.01
PAS,urb,d6,coal,20,2080,0.01
PAS,rur,d7,coal,20,2080,0.01
PAS,urb,d7,coal,20,2080,0.01
PAS,rur,d8,coal,20,2080,0.01
PAS,urb,d8,coal,20,2080,0.01
PAS,rur,d9,coal,20,2080,0.01
PAS,urb,d9,coal,20,2080,0.01
PAS,rur,d10,coal,20,2080,0.01
PAS,urb,d10,coal,20,2080,0.01
PAS,rur,d1,oil,20,2080,0.01
PAS,urb,d1,oil,20,2080,0.01
PAS,rur,d2,oil,20,2080,0.01
PAS,urb,d2,oil,20,2080,0.01
PAS,rur,d3,oil,20,2080,0.01
PAS,urb,d3,oil,20,2080,0.01
PAS,rur,d4,oil,20,2080,0.01
PAS,urb,d4,oil,20,2080,0.01
PAS,rur,d5,oil,20,2080,0.01
PAS,urb,d5,oil,20,2080,0.01
PAS,rur,d6,oil,20,2080,0.01
PAS,urb,d6,oil,20,2080,0.01
PAS,rur,d7,oil,20,2080,0.01
PAS,urb,d7,oil,20,2080,0.01
PAS,rur,d8,oil,20,2080,0.01
PAS,urb,d8,oil,20,2080,0.01
PAS,rur,d9,oil,20,2080,0.01
PAS,urb,d9,oil,20,2080,0.01
PAS,rur,d10,oil,20,2080,0.01
PAS,urb,d10,oil,20,2080,0.01
PAS,rur,d1,gas,20,2080,0.01
PAS,urb,d1,gas,20,2080,0.01
PAS,rur,d2,gas,20,2080,0.01
PAS,urb,d2,gas,20,2080,0.01
PAS,rur,d3,gas,20,2080,0.01
PAS,urb,d3,gas,20,2080,0.01
PAS,rur,d4,gas,20,2080,0.01
PAS,urb,d4,gas,20,2080,0.01
PAS,rur,d5,gas,20,2080,0.01
PAS,urb,d5,gas,20,2080,0.01
PAS,rur,d6,gas,20,2080,0.01
PAS,urb,d6,gas,20,2080,0.01
PAS,rur,d7,gas,20,2080,0.01
PAS,urb,d7,gas,20,2080,0.01
PAS,rur,d8,gas,20,2080,0.01
PAS,urb,d8,gas,20,2080,0.01
PAS,rur,d9,gas,20,2080,0.01
PAS,urb,d9,gas,20,2080,0.01
PAS,rur,d10,gas,20,2080,0.01
PAS,urb,d10,gas,20,2080,0.01
PAS,rur,d1,electricity,20,2080,0.01
PAS,urb,d1,electricity,20,2080,0.01
PAS,rur,d2,electricity,20,2080,0.01
PAS,urb,d2,electricity,20,2080,0.01
PAS,rur,d3,electricity,20,2080,0.01
PAS,urb,d3,electricity,20,2080,0.01
PAS,rur,d4,electricity,20,2080,0.01
PAS,urb,d4,electricity,20,2080,0.01
PAS,rur,d5,electricity,20,2080,0.01
PAS,urb,d5,electricity,20,2080,0.01
PAS,rur,d6,electricity,20,2080,0.01
PAS,urb,d6,electricity,20,2080,0.01
PAS,rur,d7,electricity,20,2080,0.01
PAS,urb,d7,electricity,20,2080,0.01
PAS,rur,d8,electricity,20,2080,0.01
PAS,urb,d8,electricity,20,2080,0.01
PAS,rur,d9,electricity,20,2080,0.01
PAS,urb,d9,electricity,20,2080,0.01
PAS,rur,d10,electricity,20,2080,0.01
PAS,urb,d10,electricity,20,2080,0.01
PAS,rur,d1,biomass_solid,20,2085,0.01
PAS,urb,d1,biomass_solid,20,2085,0.01
PAS,rur,d2,biomass_solid,20,2085,0.01
PAS,urb,d2,biomass_solid,20,2085,0.01
PAS,rur,d3,biomass_solid,20,2085,0.01
PAS,urb,d3,biomass_solid,20,2085,0.01
PAS,rur,d4,biomass_solid,20,2085,0.01
PAS,urb,d4,biomass_solid,20,2085,0.01
PAS,rur,d5,biomass_solid,20,2085,0.01
PAS,urb,d5,biomass_solid,20,2085,0.01
PAS,rur,d6,biomass_solid,20,2085,0.01
PAS,urb,d6,biomass_solid,20,2085,0.01
PAS,rur,d7,biomass_solid,20,2085,0.01
PAS,urb,d7,biomass_solid,20,2085,0.01
PAS,rur,d8,biomass_solid,20,2085,0.01
PAS,urb,d8,biomass_solid,20,2085,0.01
PAS,rur,d9,biomass_solid,20,2085,0.01
PAS,urb,d9,biomass_solid,20,2085,0.01
PAS,rur,d10,biomass_solid,20,2085,0.01
PAS,urb,d10,biomass_solid,20,2085,0.01
PAS,rur,d1,coal,20,2085,0.01
PAS,urb,d1,coal,20,2085,0.01
PAS,rur,d2,coal,20,2085,0.01
PAS,urb,d2,coal,20,2085,0.01
PAS,rur,d3,coal,20,2085,0.01
PAS,urb,d3,coal,20,2085,0.01
PAS,rur,d4,coal,20,2085,0.01
PAS,urb,d4,coal,20,2085,0.01
PAS,rur,d5,coal,20,2085,0.01
PAS,urb,d5,coal,20,2085,0.01
PAS,rur,d6,coal,20,2085,0.01
PAS,urb,d6,coal,20,2085,0.01
PAS,rur,d7,coal,20,2085,0.01
PAS,urb,d7,coal,20,2085,0.01
PAS,rur,d8,coal,20,2085,0.01
PAS,urb,d8,coal,20,2085,0.01
PAS,rur,d9,coal,20,2085,0.01
PAS,urb,d9,coal,20,2085,0.01
PAS,rur,d10,coal,20,2085,0.01
PAS,urb,d10,coal,20,2085,0.01
PAS,rur,d1,oil,20,2085,0.01
PAS,urb,d1,oil,20,2085,0.01
PAS,rur,d2,oil,20,2085,0.01
PAS,urb,d2,oil,20,2085,0.01
PAS,rur,d3,oil,20,2085,0.01
PAS,urb,d3,oil,20,2085,0.01
PAS,rur,d4,oil,20,2085,0.01
PAS,urb,d4,oil,20,2085,0.01
PAS,rur,d5,oil,20,2085,0.01
PAS,urb,d5,oil,20,2085,0.01
PAS,rur,d6,oil,20,2085,0.01
PAS,urb,d6,oil,20,2085,0.01
PAS,rur,d7,oil,20,2085,0.01
PAS,urb,d7,oil,20,2085,0.01
PAS,rur,d8,oil,20,2085,0.01
PAS,urb,d8,oil,20,2085,0.01
PAS,rur,d9,oil,20,2085,0.01
PAS,urb,d9,oil,20,2085,0.01
PAS,rur,d10,oil,20,2085,0.01
PAS,urb,d10,oil,20,2085,0.01
PAS,rur,d1,gas,20,2085,0.01
PAS,urb,d1,gas,20,2085,0.01
PAS,rur,d2,gas,20,2085,0.01
PAS,urb,d2,gas,20,2085,0.01
PAS,rur,d3,gas,20,2085,0.01
PAS,urb,d3,gas,20,2085,0.01
PAS,rur,d4,gas,20,2085,0.01
PAS,urb,d4,gas,20,2085,0.01
PAS,rur,d5,gas,20,2085,0.01
PAS,urb,d5,gas,20,2085,0.01
PAS,rur,d6,gas,20,2085,0.01
PAS,urb,d6,gas,20,2085,0.01
PAS,rur,d7,gas,20,2085,0.01
PAS,urb,d7,gas,20,2085,0.01
PAS,rur,d8,gas,20,2085,0.01
PAS,urb,d8,gas,20,2085,0.01
PAS,rur,d9,gas,20,2085,0.01
PAS,urb,d9,gas,20,2085,0.01
PAS,rur,d10,gas,20,2085,0.01
PAS,urb,d10,gas,20,2085,0.01
PAS,rur,d1,electricity,20,2085,0.01
PAS,urb,d1,electricity,20,2085,0.01
PAS,rur,d2,electricity,20,2085,0.01
PAS,urb,d2,electricity,20,2085,0.01
PAS,rur,d3,electricity,20,2085,0.01
PAS,urb,d3,electricity,20,2085,0.01
PAS,rur,d4,electricity,20,2085,0.01
PAS,urb,d4,electricity,20,2085,0.01
PAS,rur,d5,electricity,20,2085,0.01
PAS,urb,d5,electricity,20,2085,0.01
PAS,rur,d6,electricity,20,2085,0.01
PAS,urb,d6,electricity,20,2085,0.01
PAS,rur,d7,electricity,20,2085,0.01
PAS,urb,d7,electricity,20,2085,0.01
PAS,rur,d8,electricity,20,2085,0.01
PAS,urb,d8,electricity,20,2085,0.01
PAS,rur,d9,electricity,20,2085,0.01
PAS,urb,d9,electricity,20,2085,0.01
PAS,rur,d10,electricity,20,2085,0.01
PAS,urb,d10,electricity,20,2085,0.01
PAS,rur,d1,biomass_solid,20,2090,0.01
PAS,urb,d1,biomass_solid,20,2090,0.01
PAS,rur,d2,biomass_solid,20,2090,0.01
PAS,urb,d2,biomass_solid,20,2090,0.01
PAS,rur,d3,biomass_solid,20,2090,0.01
PAS,urb,d3,biomass_solid,20,2090,0.01
PAS,rur,d4,biomass_solid,20,2090,0.01
PAS,urb,d4,biomass_solid,20,2090,0.01
PAS,rur,d5,biomass_solid,20,2090,0.01
PAS,urb,d5,biomass_solid,20,2090,0.01
PAS,rur,d6,biomass_solid,20,2090,0.01
PAS,urb,d6,biomass_solid,20,2090,0.01
PAS,rur,d7,biomass_solid,20,2090,0.01
PAS,urb,d7,biomass_solid,20,2090,0.01
PAS,rur,d8,biomass_solid,20,2090,0.01
PAS,urb,d8,biomass_solid,20,2090,0.01
PAS,rur,d9,biomass_solid,20,2090,0.01
PAS,urb,d9,biomass_solid,20,2090,0.01
PAS,rur,d10,biomass_solid,20,2090,0.01
PAS,urb,d10,biomass_solid,20,2090,0.01
PAS,rur,d1,coal,20,2090,0.01
PAS,urb,d1,coal,20,2090,0.01
PAS,rur,d2,coal,20,2090,0.01
PAS,urb,d2,coal,20,2090,0.01
PAS,rur,d3,coal,20,2090,0.01
PAS,urb,d3,coal,20,2090,0.01
PAS,rur,d4,coal,20,2090,0.01
PAS,urb,d4,coal,20,2090,0.01
PAS,rur,d5,coal,20,2090,0.01
PAS,urb,d5,coal,20,2090,0.01
PAS,rur,d6,coal,20,2090,0.01
PAS,urb,d6,coal,20,2090,0.01
PAS,rur,d7,coal,20,2090,0.01
PAS,urb,d7,coal,20,2090,0.01
PAS,rur,d8,coal,20,2090,0.01
PAS,urb,d8,coal,20,2090,0.01
PAS,rur,d9,coal,20,2090,0.01
PAS,urb,d9,coal,20,2090,0.01
PAS,rur,d10,coal,20,2090,0.01
PAS,urb,d10,coal,20,2090,0.01
PAS,rur,d1,oil,20,2090,0.01
PAS,urb,d1,oil,20,2090,0.01
PAS,rur,d2,oil,20,2090,0.01
PAS,urb,d2,oil,20,2090,0.01
PAS,rur,d3,oil,20,2090,0.01
PAS,urb,d3,oil,20,2090,0.01
PAS,rur,d4,oil,20,2090,0.01
PAS,urb,d4,oil,20,2090,0.01
PAS,rur,d5,oil,20,2090,0.01
PAS,urb,d5,oil,20,2090,0.01
PAS,rur,d6,oil,20,2090,0.01
PAS,urb,d6,oil,20,2090,0.01
PAS,rur,d7,oil,20,2090,0.01
PAS,urb,d7,oil,20,2090,0.01
PAS,rur,d8,oil,20,2090,0.01
PAS,urb,d8,oil,20,2090,0.01
PAS,rur,d9,oil,20,2090,0.01
PAS,urb,d9,oil,20,2090,0.01
PAS,rur,d10,oil,20,2090,0.01
PAS,urb,d10,oil,20,2090,0.01
PAS,rur,d1,gas,20,2090,0.01
PAS,urb,d1,gas,20,2090,0.01
PAS,rur,d2,gas,20,2090,0.01
PAS,urb,d2,gas,20,2090,0.01
PAS,rur,d3,gas,20,2090,0.01
PAS,urb,d3,gas,20,2090,0.01
PAS,rur,d4,gas,20,2090,0.01
PAS,urb,d4,gas,20,2090,0.01
PAS,rur,d5,gas,20,2090,0.01
PAS,urb,d5,gas,20,2090,0.01
PAS,rur,d6,gas,20,2090,0.01
PAS,urb,d6,gas,20,2090,0.01
PAS,rur,d7,gas,20,2090,0.01
PAS,urb,d7,gas,20,2090,0.01
PAS,rur,d8,gas,20,2090,0.01
PAS,urb,d8,gas,20,2090,0.01
PAS,rur,d9,gas,20,2090,0.01
PAS,urb,d9,gas,20,2090,0.01
PAS,rur,d10,gas,20,2090,0.01
PAS,urb,d10,gas,20,2090,0.01
PAS,rur,d1,electricity,20,2090,0.01
PAS,urb,d1,electricity,20,2090,0.01
PAS,rur,d2,electricity,20,2090,0.01
PAS,urb,d2,electricity,20,2090,0.01
PAS,rur,d3,electricity,20,2090,0.01
PAS,urb,d3,electricity,20,2090,0.01
PAS,rur,d4,electricity,20,2090,0.01
PAS,urb,d4,electricity,20,2090,0.01
PAS,rur,d5,electricity,20,2090,0.01
PAS,urb,d5,electricity,20,2090,0.01
PAS,rur,d6,electricity,20,2090,0.01
PAS,urb,d6,electricity,20,2090,0.01
PAS,rur,d7,electricity,20,2090,0.01
PAS,urb,d7,electricity,20,2090,0.01
PAS,rur,d8,electricity,20,2090,0.01
PAS,urb,d8,electricity,20,2090,0.01
PAS,rur,d9,electricity,20,2090,0.01
PAS,urb,d9,electricity,20,2090,0.01
PAS,rur,d10,electricity,20,2090,0.01
PAS,urb,d10,electricity,20,2090,0.01
PAS,rur,d1,biomass_solid,20,2095,0.01
PAS,urb,d1,biomass_solid,20,2095,0.01
PAS,rur,d2,biomass_solid,20,2095,0.01
PAS,urb,d2,biomass_solid,20,2095,0.01
PAS,rur,d3,biomass_solid,20,2095,0.01
PAS,urb,d3,biomass_solid,20,2095,0.01
PAS,rur,d4,biomass_solid,20,2095,0.01
PAS,urb,d4,biomass_solid,20,2095,0.01
PAS,rur,d5,biomass_solid,20,2095,0.01
PAS,urb,d5,biomass_solid,20,2095,0.01
PAS,rur,d6,biomass_solid,20,2095,0.01
PAS,urb,d6,biomass_solid,20,2095,0.01
PAS,rur,d7,biomass_solid,20,2095,0.01
PAS,urb,d7,biomass_solid,20,2095,0.01
PAS,rur,d8,biomass_solid,20,2095,0.01
PAS,urb,d8,biomass_solid,20,2095,0.01
PAS,rur,d9,biomass_solid,20,2095,0.01
PAS,urb,d9,biomass_solid,20,2095,0.01
PAS,rur,d10,biomass_solid,20,2095,0.01
PAS,urb,d10,biomass_solid,20,2095,0.01
PAS,rur,d1,coal,20,2095,0.01
PAS,urb,d1,coal,20,2095,0.01
PAS,rur,d2,coal,20,2095,0.01
PAS,urb,d2,coal,20,2095,0.01
PAS,rur,d3,coal,20,2095,0.01
PAS,urb,d3,coal,20,2095,0.01
PAS,rur,d4,coal,20,2095,0.01
PAS,urb,d4,coal,20,2095,0.01
PAS,rur,d5,coal,20,2095,0.01
PAS,urb,d5,coal,20,2095,0.01
PAS,rur,d6,coal,20,2095,0.01
PAS,urb,d6,coal,20,2095,0.01
PAS,rur,d7,coal,20,2095,0.01
PAS,urb,d7,coal,20,2095,0.01
PAS,rur,d8,coal,20,2095,0.01
PAS,urb,d8,coal,20,2095,0.01
PAS,rur,d9,coal,20,2095,0.01
PAS,urb,d9,coal,20,2095,0.01
PAS,rur,d10,coal,20,2095,0.01
PAS,urb,d10,coal,20,2095,0.01
PAS,rur,d1,oil,20,2095,0.01
PAS,urb,d1,oil,20,2095,0.01
PAS,rur,d2,oil,20,2095,0.01
PAS,urb,d2,oil,20,2095,0.01
PAS,rur,d3,oil,20,2095,0.01
PAS,urb,d3,oil,20,2095,0.01
PAS,rur,d4,oil,20,2095,0.01
PAS,urb,d4,oil,20,2095,0.01
PAS,rur,d5,oil,20,2095,0.01
PAS,urb,d5,oil,20,2095,0.01
PAS,rur,d6,oil,20,2095,0.01
PAS,urb,d6,oil,20,2095,0.01
PAS,rur,d7,oil,20,2095,0.01
PAS,urb,d7,oil,20,2095,0.01
PAS,rur,d8,oil,20,2095,0.01
PAS,urb,d8,oil,20,2095,0.01
PAS,rur,d9,oil,20,2095,0.01
PAS,urb,d9,oil,20,2095,0.01
PAS,rur,d10,oil,20,2095,0.01
PAS,urb,d10,oil,20,2095,0.01
PAS,rur,d1,gas,20,2095,0.01
PAS,urb,d1,gas,20,2095,0.01
PAS,rur,d2,gas,20,2095,0.01
PAS,urb,d2,gas,20,2095,0.01
PAS,rur,d3,gas,20,2095,0.01
PAS,urb,d3,gas,20,2095,0.01
PAS,rur,d4,gas,20,2095,0.01
PAS,urb,d4,gas,20,2095,0.01
PAS,rur,d5,gas,20,2095,0.01
PAS,urb,d5,gas,20,2095,0.01
PAS,rur,d6,gas,20,2095,0.01
PAS,urb,d6,gas,20,2095,0.01
PAS,rur,d7,gas,20,2095,0.01
PAS,urb,d7,gas,20,2095,0.01
PAS,rur,d8,gas,20,2095,0.01
PAS,urb,d8,gas,20,2095,0.01
PAS,rur,d9,gas,20,2095,0.01
PAS,urb,d9,gas,20,2095,0.01
PAS,rur,d10,gas,20,2095,0.01
PAS,urb,d10,gas,20,2095,0.01
PAS,rur,d1,electricity,20,2095,0.01
PAS,urb,d1,electricity,20,2095,0.01
PAS,rur,d2,electricity,20,2095,0.01
PAS,urb,d2,electricity,20,2095,0.01
PAS,rur,d3,electricity,20,2095,0.01
PAS,urb,d3,electricity,20,2095,0.01
PAS,rur,d4,electricity,20,2095,0.01
PAS,urb,d4,electricity,20,2095,0.01
PAS,rur,d5,electricity,20,2095,0.01
PAS,urb,d5,electricity,20,2095,0.01
PAS,rur,d6,electricity,20,2095,0.01
PAS,urb,d6,electricity,20,2095,0.01
PAS,rur,d7,electricity,20,2095,0.01
PAS,urb,d7,electricity,20,2095,0.01
PAS,rur,d8,electricity,20,2095,0.01
PAS,urb,d8,electricity,20,2095,0.01
PAS,rur,d9,electricity,20,2095,0.01
PAS,urb,d9,electricity,20,2095,0.01
PAS,rur,d10,electricity,20,2095,0.01
PAS,urb,d10,electricity,20,2095,0.01
PAS,rur,d1,biomass_solid,20,2100,0.01
PAS,urb,d1,biomass_solid,20,2100,0.01
PAS,rur,d2,biomass_solid,20,2100,0.01
PAS,urb,d2,biomass_solid,20,2100,0.01
PAS,rur,d3,biomass_solid,20,2100,0.01
PAS,urb,d3,biomass_solid,20,2100,0.01
PAS,rur,d4,biomass_solid,20,2100,0.01
PAS,urb,d4,biomass_solid,20,2100,0.01
PAS,rur,d5,biomass_solid,20,2100,0.01
PAS,urb,d5,biomass_solid,20,2100,0.01
PAS,rur,d6,biomass_solid,20,2100,0.01
PAS,urb,d6,biomass_solid,20,2100,0.01
PAS,rur,d7,biomass_solid,20,2100,0.01
PAS,urb,d7,biomass_solid,20,2100,0.01
PAS,rur,d8,biomass_solid,20,2100,0.01
PAS,urb,d8,biomass_solid,20,2100,0.01
PAS,rur,d9,biomass_solid,20,2100,0.01
PAS,urb,d9,biomass_solid,20,2100,0.01
PAS,rur,d10,biomass_solid,20,2100,0.01
PAS,urb,d10,biomass_solid,20,2100,0.01
PAS,rur,d1,coal,20,2100,0.01
PAS,urb,d1,coal,20,2100,0.01
PAS,rur,d2,coal,20,2100,0.01
PAS,urb,d2,coal,20,2100,0.01
PAS,rur,d3,coal,20,2100,0.01
PAS,urb,d3,coal,20,2100,0.01
PAS,rur,d4,coal,20,2100,0.01
PAS,urb,d4,coal,20,2100,0.01
PAS,rur,d5,coal,20,2100,0.01
PAS,urb,d5,coal,20,2100,0.01
PAS,rur,d6,coal,20,2100,0.01
PAS,urb,d6,coal,20,2100,0.01
PAS,rur,d7,coal,20,2100,0.01
PAS,urb,d7,coal,20,2100,0.01
PAS,rur,d8,coal,20,2100,0.01
PAS,urb,d8,coal,20,2100,0.01
PAS,rur,d9,coal,20,2100,0.01
PAS,urb,d9,coal,20,2100,0.01
PAS,rur,d10,coal,20,2100,0.01
PAS,urb,d10,coal,20,2100,0.01
PAS,rur,d1,oil,20,2100,0.01
PAS,urb,d1,oil,20,2100,0.01
PAS,rur,d2,oil,20,2100,0.01
PAS,urb,d2,oil,20,2100,0.01
PAS,rur,d3,oil,20,2100,0.01
PAS,urb,d3,oil,20,2100,0.01
PAS,rur,d4,oil,20,2100,0.01
PAS,urb,d4,oil,20,2100,0.01
PAS,rur,d5,oil,20,2100,0.01
PAS,urb,d5,oil,20,2100,0.01
PAS,rur,d6,oil,20,2100,0.01
PAS,urb,d6,oil,20,2100,0.01
PAS,rur,d7,oil,20,2100,0.01
PAS,urb,d7,oil,20,2100,0.01
PAS,rur,d8,oil,20,2100,0.01
PAS,urb,d8,oil,20,2100,0.01
PAS,rur,d9,oil,20,2100,0.01
PAS,urb,d9,oil,20,2100,0.01
PAS,rur,d10,oil,20,2100,0.01
PAS,urb,d10,oil,20,2100,0.01
PAS,rur,d1,gas,20,2100,0.01
PAS,urb,d1,gas,20,2100,0.01
PAS,rur,d2,gas,20,2100,0.01
PAS,urb,d2,gas,20,2100,0.01
PAS,rur,d3,gas,20,2100,0.01
PAS,urb,d3,gas,20,2100,0.01
PAS,rur,d4,gas,20,2100,0.01
PAS,urb,d4,gas,20,2100,0.01
PAS,rur,d5,gas,20,2100,0.01
PAS,urb,d5,gas,20,2100,0.01
PAS,rur,d6,gas,20,2100,0.01
PAS,urb,d6,gas,20,2100,0.01
PAS,rur,d7,gas,20,2100,0.01
PAS,urb,d7,gas,20,2100,0.01
PAS,rur,d8,gas,20,2100,0.01
PAS,urb,d8,gas,20,2100,0.01
PAS,rur,d9,gas,20,2100,0.01
PAS,urb,d9,gas,20,2100,0.01
PAS,rur,d10,gas,20,2100,0.01
PAS,urb,d10,gas,20,2100,0.01
PAS,rur,d1,electricity,20,2100,0.01
PAS,urb,d1,electricity,20,2100,0.01
PAS,rur,d2,electricity,20,2100,0.01
PAS,urb,d2,electricity,20,2100,0.01
PAS,rur,d3,electricity,20,2100,0.01
PAS,urb,d3,electricity,20,2100,0.01
PAS,rur,d4,electricity,20,2100,0.01
PAS,urb,d4,electricity,20,2100,0.01
PAS,rur,d5,electricity,20,2100,0.01
PAS,urb,d5,electricity,20,2100,0.01
PAS,rur,d6,electricity,20,2100,0.01
PAS,urb,d6,electricity,20,2100,0.01
PAS,rur,d7,electricity,20,2100,0.01
PAS,urb,d7,electricity,20,2100,0.01
PAS,rur,d8,electricity,20,2100,0.01
PAS,urb,d8,electricity,20,2100,0.01
PAS,rur,d9,electricity,20,2100,0.01
PAS,urb,d9,electricity,20,2100,0.01
PAS,rur,d10,electricity,20,2100,0.01
PAS,urb,d10,electricity,20,2100,0.01
LAC,rur,d1,biomass_solid,20,2020,0.01
LAC,urb,d1,biomass_solid,20,2020,0.01
LAC,rur,d2,biomass_solid,20,2020,0.01
LAC,urb,d2,biomass_solid,20,2020,0.01
LAC,rur,d3,biomass_solid,20,2020,0.01
LAC,urb,d3,biomass_solid,20,2020,0.01
LAC,rur,d4,biomass_solid,20,2020,0.01
LAC,urb,d4,biomass_solid,20,2020,0.01
LAC,rur,d5,biomass_solid,20,2020,0.01
LAC,urb,d5,biomass_solid,20,2020,0.01
LAC,rur,d6,biomass_solid,20,2020,0.01
LAC,urb,d6,biomass_solid,20,2020,0.01
LAC,rur,d7,biomass_solid,20,2020,0.01
LAC,urb,d7,biomass_solid,20,2020,0.01
LAC,rur,d8,biomass_solid,20,2020,0.01
LAC,urb,d8,biomass_solid,20,2020,0.01
LAC,rur,d9,biomass_solid,20,2020,0.01
LAC,urb,d9,biomass_solid,20,2020,0.01
LAC,rur,d10,biomass_solid,20,2020,0.01
LAC,urb,d10,biomass_solid,20,2020,0.01
LAC,rur,d1,coal,20,2020,0.01
LAC,urb,d1,coal,20,2020,0.01
LAC,rur,d2,coal,20,2020,0.01
LAC,urb,d2,coal,20,2020,0.01
LAC,rur,d3,coal,20,2020,0.01
LAC,urb,d3,coal,20,2020,0.01
LAC,rur,d4,coal,20,2020,0.01
LAC,urb,d4,coal,20,2020,0.01
LAC,rur,d5,coal,20,2020,0.01
LAC,urb,d5,coal,20,2020,0.01
LAC,rur,d6,coal,20,2020,0.01
LAC,urb,d6,coal,20,2020,0.01
LAC,rur,d7,coal,20,2020,0.01
LAC,urb,d7,coal,20,2020,0.01
LAC,rur,d8,coal,20,2020,0.01
LAC,urb,d8,coal,20,2020,0.01
LAC,rur,d9,coal,20,2020,0.01
LAC,urb,d9,coal,20,2020,0.01
LAC,rur,d10,coal,20,2020,0.01
LAC,urb,d10,coal,20,2020,0.01
LAC,rur,d1,oil,20,2020,0.01
LAC,urb,d1,oil,20,2020,0.01
LAC,rur,d2,oil,20,2020,0.01
LAC,urb,d2,oil,20,2020,0.01
LAC,rur,d3,oil,20,2020,0.01
LAC,urb,d3,oil,20,2020,0.01
LAC,rur,d4,oil,20,2020,0.01
LAC,urb,d4,oil,20,2020,0.01
LAC,rur,d5,oil,20,2020,0.01
LAC,urb,d5,oil,20,2020,0.01
LAC,rur,d6,oil,20,2020,0.01
LAC,urb,d6,oil,20,2020,0.01
LAC,rur,d7,oil,20,2020,0.01
LAC,urb,d7,oil,20,2020,0.01
LAC,rur,d8,oil,20,2020,0.01
LAC,urb,d8,oil,20,2020,0.01
LAC,rur,d9,oil,20,2020,0.01
LAC,urb,d9,oil,20,2020,0.01
LAC,rur,d10,oil,20,2020,0.01
LAC,urb,d10,oil,20,2020,0.01
LAC,rur,d1,gas,20,2020,0.01
LAC,urb,d1,gas,20,2020,0.01
LAC,rur,d2,gas,20,2020,0.01
LAC,urb,d2,gas,20,2020,0.01
LAC,rur,d3,gas,20,2020,0.01
LAC,urb,d3,gas,20,2020,0.01
LAC,rur,d4,gas,20,2020,0.01
LAC,urb,d4,gas,20,2020,0.01
LAC,rur,d5,gas,20,2020,0.01
LAC,urb,d5,gas,20,2020,0.01
LAC,rur,d6,gas,20,2020,0.01
LAC,urb,d6,gas,20,2020,0.01
LAC,rur,d7,gas,20,2020,0.01
LAC,urb,d7,gas,20,2020,0.01
LAC,rur,d8,gas,20,2020,0.01
LAC,urb,d8,gas,20,2020,0.01
LAC,rur,d9,gas,20,2020,0.01
LAC,urb,d9,gas,20,2020,0.01
LAC,rur,d10,gas,20,2020,0.01
LAC,urb,d10,gas,20,2020,0.01
LAC,rur,d1,electricity,20,2020,0.01
LAC,urb,d1,electricity,20,2020,0.01
LAC,rur,d2,electricity,20,2020,0.01
LAC,urb,d2,electricity,20,2020,0.01
LAC,rur,d3,electricity,20,2020,0.01
LAC,urb,d3,electricity,20,2020,0.01
LAC,rur,d4,electricity,20,2020,0.01
LAC,urb,d4,electricity,20,2020,0.01
LAC,rur,d5,electricity,20,2020,0.01
LAC,urb,d5,electricity,20,2020,0.01
LAC,rur,d6,electricity,20,2020,0.01
LAC,urb,d6,electricity,20,2020,0.01
LAC,rur,d7,electricity,20,2020,0.01
LAC,urb,d7,electricity,20,2020,0.01
LAC,rur,d8,electricity,20,2020,0.01
LAC,urb,d8,electricity,20,2020,0.01
LAC,rur,d9,electricity,20,2020,0.01
LAC,urb,d9,electricity,20,2020,0.01
LAC,rur,d10,electricity,20,2020,0.01
LAC,urb,d10,electricity,20,2020,0.01
LAC,rur,d1,biomass_solid,20,2025,0.01
LAC,urb,d1,biomass_solid,20,2025,0.01
LAC,rur,d2,biomass_solid,20,2025,0.01
LAC,urb,d2,biomass_solid,20,2025,0.01
LAC,rur,d3,biomass_solid,20,2025,0.01
LAC,urb,d3,biomass_solid,20,2025,0.01
LAC,rur,d4,biomass_solid,20,2025,0.01
LAC,urb,d4,biomass_solid,20,2025,0.01
LAC,rur,d5,biomass_solid,20,2025,0.01
LAC,urb,d5,biomass_solid,20,2025,0.01
LAC,rur,d6,biomass_solid,20,2025,0.01
LAC,urb,d6,biomass_solid,20,2025,0.01
LAC,rur,d7,biomass_solid,20,2025,0.01
LAC,urb,d7,biomass_solid,20,2025,0.01
LAC,rur,d8,biomass_solid,20,2025,0.01
LAC,urb,d8,biomass_solid,20,2025,0.01
LAC,rur,d9,biomass_solid,20,2025,0.01
LAC,urb,d9,biomass_solid,20,2025,0.01
LAC,rur,d10,biomass_solid,20,2025,0.01
LAC,urb,d10,biomass_solid,20,2025,0.01
LAC,rur,d1,coal,20,2025,0.01
LAC,urb,d1,coal,20,2025,0.01
LAC,rur,d2,coal,20,2025,0.01
LAC,urb,d2,coal,20,2025,0.01
LAC,rur,d3,coal,20,2025,0.01
LAC,urb,d3,coal,20,2025,0.01
LAC,rur,d4,coal,20,2025,0.01
LAC,urb,d4,coal,20,2025,0.01
LAC,rur,d5,coal,20,2025,0.01
LAC,urb,d5,coal,20,2025,0.01
LAC,rur,d6,coal,20,2025,0.01
LAC,urb,d6,coal,20,2025,0.01
LAC,rur,d7,coal,20,2025,0.01
LAC,urb,d7,coal,20,2025,0.01
LAC,rur,d8,coal,20,2025,0.01
LAC,urb,d8,coal,20,2025,0.01
LAC,rur,d9,coal,20,2025,0.01
LAC,urb,d9,coal,20,2025,0.01
LAC,rur,d10,coal,20,2025,0.01
LAC,urb,d10,coal,20,2025,0.01
LAC,rur,d1,oil,20,2025,0.01
LAC,urb,d1,oil,20,2025,0.01
LAC,rur,d2,oil,20,2025,0.01
LAC,urb,d2,oil,20,2025,0.01
LAC,rur,d3,oil,20,2025,0.01
LAC,urb,d3,oil,20,2025,0.01
LAC,rur,d4,oil,20,2025,0.01
LAC,urb,d4,oil,20,2025,0.01
LAC,rur,d5,oil,20,2025,0.01
LAC,urb,d5,oil,20,2025,0.01
LAC,rur,d6,oil,20,2025,0.01
LAC,urb,d6,oil,20,2025,0.01
LAC,rur,d7,oil,20,2025,0.01
LAC,urb,d7,oil,20,2025,0.01
LAC,rur,d8,oil,20,2025,0.01
LAC,urb,d8,oil,20,2025,0.01
LAC,rur,d9,oil,20,2025,0.01
LAC,urb,d9,oil,20,2025,0.01
LAC,rur,d10,oil,20,2025,0.01
LAC,urb,d10,oil,20,2025,0.01
LAC,rur,d1,gas,20,2025,0.01
LAC,urb,d1,gas,20,2025,0.01
LAC,rur,d2,gas,20,2025,0.01
LAC,urb,d2,gas,20,2025,0.01
LAC,rur,d3,gas,20,2025,0.01
LAC,urb,d3,gas,20,2025,0.01
LAC,rur,d4,gas,20,2025,0.01
LAC,urb,d4,gas,20,2025,0.01
LAC,rur,d5,gas,20,2025,0.01
LAC,urb,d5,gas,20,2025,0.01
LAC,rur,d6,gas,20,2025,0.01
LAC,urb,d6,gas,20,2025,0.01
LAC,rur,d7,gas,20,2025,0.01
LAC,urb,d7,gas,20,2025,0.01
LAC,rur,d8,gas,20,2025,0.01
LAC,urb,d8,gas,20,2025,0.01
LAC,rur,d9,gas,20,2025,0.01
LAC,urb,d9,gas,20,2025,0.01
LAC,rur,d10,gas,20,2025,0.01
LAC,urb,d10,gas,20,2025,0.01
LAC,rur,d1,electricity,20,2025,0.01
LAC,urb,d1,electricity,20,2025,0.01
LAC,rur,d2,electricity,20,2025,0.01
LAC,urb,d2,electricity,20,2025,0.01
LAC,rur,d3,electricity,20,2025,0.01
LAC,urb,d3,electricity,20,2025,0.01
LAC,rur,d4,electricity,20,2025,0.01
LAC,urb,d4,electricity,20,2025,0.01
LAC,rur,d5,electricity,20,2025,0.01
LAC,urb,d5,electricity,20,2025,0.01
LAC,rur,d6,electricity,20,2025,0.01
LAC,urb,d6,electricity,20,2025,0.01
LAC,rur,d7,electricity,20,2025,0.01
LAC,urb,d7,electricity,20,2025,0.01
LAC,rur,d8,electricity,20,2025,0.01
LAC,urb,d8,electricity,20,2025,0.01
LAC,rur,d9,electricity,20,2025,0.01
LAC,urb,d9,electricity,20,2025,0.01
LAC,rur,d10,electricity,20,2025,0.01
LAC,urb,d10,electricity,20,2025,0.01
LAC,rur,d1,biomass_solid,20,2030,0.01
LAC,urb,d1,biomass_solid,20,2030,0.01
LAC,rur,d2,biomass_solid,20,2030,0.01
LAC,urb,d2,biomass_solid,20,2030,0.01
LAC,rur,d3,biomass_solid,20,2030,0.01
LAC,urb,d3,biomass_solid,20,2030,0.01
LAC,rur,d4,biomass_solid,20,2030,0.01
LAC,urb,d4,biomass_solid,20,2030,0.01
LAC,rur,d5,biomass_solid,20,2030,0.01
LAC,urb,d5,biomass_solid,20,2030,0.01
LAC,rur,d6,biomass_solid,20,2030,0.01
LAC,urb,d6,biomass_solid,20,2030,0.01
LAC,rur,d7,biomass_solid,20,2030,0.01
LAC,urb,d7,biomass_solid,20,2030,0.01
LAC,rur,d8,biomass_solid,20,2030,0.01
LAC,urb,d8,biomass_solid,20,2030,0.01
LAC,rur,d9,biomass_solid,20,2030,0.01
LAC,urb,d9,biomass_solid,20,2030,0.01
LAC,rur,d10,biomass_solid,20,2030,0.01
LAC,urb,d10,biomass_solid,20,2030,0.01
LAC,rur,d1,coal,20,2030,0.01
LAC,urb,d1,coal,20,2030,0.01
LAC,rur,d2,coal,20,2030,0.01
LAC,urb,d2,coal,20,2030,0.01
LAC,rur,d3,coal,20,2030,0.01
LAC,urb,d3,coal,20,2030,0.01
LAC,rur,d4,coal,20,2030,0.01
LAC,urb,d4,coal,20,2030,0.01
LAC,rur,d5,coal,20,2030,0.01
LAC,urb,d5,coal,20,2030,0.01
LAC,rur,d6,coal,20,2030,0.01
LAC,urb,d6,coal,20,2030,0.01
LAC,rur,d7,coal,20,2030,0.01
LAC,urb,d7,coal,20,2030,0.01
LAC,rur,d8,coal,20,2030,0.01
LAC,urb,d8,coal,20,2030,0.01
LAC,rur,d9,coal,20,2030,0.01
LAC,urb,d9,coal,20,2030,0.01
LAC,rur,d10,coal,20,2030,0.01
LAC,urb,d10,coal,20,2030,0.01
LAC,rur,d1,oil,20,2030,0.01
LAC,urb,d1,oil,20,2030,0.01
LAC,rur,d2,oil,20,2030,0.01
LAC,urb,d2,oil,20,2030,0.01
LAC,rur,d3,oil,20,2030,0.01
LAC,urb,d3,oil,20,2030,0.01
LAC,rur,d4,oil,20,2030,0.01
LAC,urb,d4,oil,20,2030,0.01
LAC,rur,d5,oil,20,2030,0.01
LAC,urb,d5,oil,20,2030,0.01
LAC,rur,d6,oil,20,2030,0.01
LAC,urb,d6,oil,20,2030,0.01
LAC,rur,d7,oil,20,2030,0.01
LAC,urb,d7,oil,20,2030,0.01
LAC,rur,d8,oil,20,2030,0.01
LAC,urb,d8,oil,20,2030,0.01
LAC,rur,d9,oil,20,2030,0.01
LAC,urb,d9,oil,20,2030,0.01
LAC,rur,d10,oil,20,2030,0.01
LAC,urb,d10,oil,20,2030,0.01
LAC,rur,d1,gas,20,2030,0.01
LAC,urb,d1,gas,20,2030,0.01
LAC,rur,d2,gas,20,2030,0.01
LAC,urb,d2,gas,20,2030,0.01
LAC,rur,d3,gas,20,2030,0.01
LAC,urb,d3,gas,20,2030,0.01
LAC,rur,d4,gas,20,2030,0.01
LAC,urb,d4,gas,20,2030,0.01
LAC,rur,d5,gas,20,2030,0.01
LAC,urb,d5,gas,20,2030,0.01
LAC,rur,d6,gas,20,2030,0.01
LAC,urb,d6,gas,20,2030,0.01
LAC,rur,d7,gas,20,2030,0.01
LAC,urb,d7,gas,20,2030,0.01
LAC,rur,d8,gas,20,2030,0.01
LAC,urb,d8,gas,20,2030,0.01
LAC,rur,d9,gas,20,2030,0.01
LAC,urb,d9,gas,20,2030,0.01
LAC,rur,d10,gas,20,2030,0.01
LAC,urb,d10,gas,20,2030,0.01
LAC,rur,d1,electricity,20,2030,0.01
LAC,urb,d1,electricity,20,2030,0.01
LAC,rur,d2,electricity,20,2030,0.01
LAC,urb,d2,electricity,20,2030,0.01
LAC,rur,d3,electricity,20,2030,0.01
LAC,urb,d3,electricity,20,2030,0.01
LAC,rur,d4,electricity,20,2030,0.01
LAC,urb,d4,electricity,20,2030,0.01
LAC,rur,d5,electricity,20,2030,0.01
LAC,urb,d5,electricity,20,2030,0.01
LAC,rur,d6,electricity,20,2030,0.01
LAC,urb,d6,electricity,20,2030,0.01
LAC,rur,d7,electricity,20,2030,0.01
LAC,urb,d7,electricity,20,2030,0.01
LAC,rur,d8,electricity,20,2030,0.01
LAC,urb,d8,electricity,20,2030,0.01
LAC,rur,d9,electricity,20,2030,0.01
LAC,urb,d9,electricity,20,2030,0.01
LAC,rur,d10,electricity,20,2030,0.01
LAC,urb,d10,electricity,20,2030,0.01
LAC,rur,d1,biomass_solid,20,2035,0.01
LAC,urb,d1,biomass_solid,20,2035,0.01
LAC,rur,d2,biomass_solid,20,2035,0.01
LAC,urb,d2,biomass_solid,20,2035,0.01
LAC,rur,d3,biomass_solid,20,2035,0.01
LAC,urb,d3,biomass_solid,20,2035,0.01
LAC,rur,d4,biomass_solid,20,2035,0.01
LAC,urb,d4,biomass_solid,20,2035,0.01
LAC,rur,d5,biomass_solid,20,2035,0.01
LAC,urb,d5,biomass_solid,20,2035,0.01
LAC,rur,d6,biomass_solid,20,2035,0.01
LAC,urb,d6,biomass_solid,20,2035,0.01
LAC,rur,d7,biomass_solid,20,2035,0.01
LAC,urb,d7,biomass_solid,20,2035,0.01
LAC,rur,d8,biomass_solid,20,2035,0.01
LAC,urb,d8,biomass_solid,20,2035,0.01
LAC,rur,d9,biomass_solid,20,2035,0.01
LAC,urb,d9,biomass_solid,20,2035,0.01
LAC,rur,d10,biomass_solid,20,2035,0.01
LAC,urb,d10,biomass_solid,20,2035,0.01
LAC,rur,d1,coal,20,2035,0.01
LAC,urb,d1,coal,20,2035,0.01
LAC,rur,d2,coal,20,2035,0.01
LAC,urb,d2,coal,20,2035,0.01
LAC,rur,d3,coal,20,2035,0.01
LAC,urb,d3,coal,20,2035,0.01
LAC,rur,d4,coal,20,2035,0.01
LAC,urb,d4,coal,20,2035,0.01
LAC,rur,d5,coal,20,2035,0.01
LAC,urb,d5,coal,20,2035,0.01
LAC,rur,d6,coal,20,2035,0.01
LAC,urb,d6,coal,20,2035,0.01
LAC,rur,d7,coal,20,2035,0.01
LAC,urb,d7,coal,20,2035,0.01
LAC,rur,d8,coal,20,2035,0.01
LAC,urb,d8,coal,20,2035,0.01
LAC,rur,d9,coal,20,2035,0.01
LAC,urb,d9,coal,20,2035,0.01
LAC,rur,d10,coal,20,2035,0.01
LAC,urb,d10,coal,20,2035,0.01
LAC,rur,d1,oil,20,2035,0.01
LAC,urb,d1,oil,20,2035,0.01
LAC,rur,d2,oil,20,2035,0.01
LAC,urb,d2,oil,20,2035,0.01
LAC,rur,d3,oil,20,2035,0.01
LAC,urb,d3,oil,20,2035,0.01
LAC,rur,d4,oil,20,2035,0.01
LAC,urb,d4,oil,20,2035,0.01
LAC,rur,d5,oil,20,2035,0.01
LAC,urb,d5,oil,20,2035,0.01
LAC,rur,d6,oil,20,2035,0.01
LAC,urb,d6,oil,20,2035,0.01
LAC,rur,d7,oil,20,2035,0.01
LAC,urb,d7,oil,20,2035,0.01
LAC,rur,d8,oil,20,2035,0.01
LAC,urb,d8,oil,20,2035,0.01
LAC,rur,d9,oil,20,2035,0.01
LAC,urb,d9,oil,20,2035,0.01
LAC,rur,d10,oil,20,2035,0.01
LAC,urb,d10,oil,20,2035,0.01
LAC,rur,d1,gas,20,2035,0.01
LAC,urb,d1,gas,20,2035,0.01
LAC,rur,d2,gas,20,2035,0.01
LAC,urb,d2,gas,20,2035,0.01
LAC,rur,d3,gas,20,2035,0.01
LAC,urb,d3,gas,20,2035,0.01
LAC,rur,d4,gas,20,2035,0.01
LAC,urb,d4,gas,20,2035,0.01
LAC,rur,d5,gas,20,2035,0.01
LAC,urb,d5,gas,20,2035,0.01
LAC,rur,d6,gas,20,2035,0.01
LAC,urb,d6,gas,20,2035,0.01
LAC,rur,d7,gas,20,2035,0.01
LAC,urb,d7,gas,20,2035,0.01
LAC,rur,d8,gas,20,2035,0.01
LAC,urb,d8,gas,20,2035,0.01
LAC,rur,d9,gas,20,2035,0.01
LAC,urb,d9,gas,20,2035,0.01
LAC,rur,d10,gas,20,2035,0.01
LAC,urb,d10,gas,20,2035,0.01
LAC,rur,d1,electricity,20,2035,0.01
LAC,urb,d1,electricity,20,2035,0.01
LAC,rur,d2,electricity,20,2035,0.01
LAC,urb,d2,electricity,20,2035,0.01
LAC,rur,d3,electricity,20,2035,0.01
LAC,urb,d3,electricity,20,2035,0.01
LAC,rur,d4,electricity,20,2035,0.01
LAC,urb,d4,electricity,20,2035,0.01
LAC,rur,d5,electricity,20,2035,0.01
LAC,urb,d5,electricity,20,2035,0.01
LAC,rur,d6,electricity,20,2035,0.01
LAC,urb,d6,electricity,20,2035,0.01
LAC,rur,d7,electricity,20,2035,0.01
LAC,urb,d7,electricity,20,2035,0.01
LAC,rur,d8,electricity,20,2035,0.01
LAC,urb,d8,electricity,20,2035,0.01
LAC,rur,d9,electricity,20,2035,0.01
LAC,urb,d9,electricity,20,2035,0.01
LAC,rur,d10,electricity,20,2035,0.01
LAC,urb,d10,electricity,20,2035,0.01
LAC,rur,d1,biomass_solid,20,2040,0.01
LAC,urb,d1,biomass_solid,20,2040,0.01
LAC,rur,d2,biomass_solid,20,2040,0.01
LAC,urb,d2,biomass_solid,20,2040,0.01
LAC,rur,d3,biomass_solid,20,2040,0.01
LAC,urb,d3,biomass_solid,20,2040,0.01
LAC,rur,d4,biomass_solid,20,2040,0.01
LAC,urb,d4,biomass_solid,20,2040,0.01
LAC,rur,d5,biomass_solid,20,2040,0.01
LAC,urb,d5,biomass_solid,20,2040,0.01
LAC,rur,d6,biomass_solid,20,2040,0.01
LAC,urb,d6,biomass_solid,20,2040,0.01
LAC,rur,d7,biomass_solid,20,2040,0.01
LAC,urb,d7,biomass_solid,20,2040,0.01
LAC,rur,d8,biomass_solid,20,2040,0.01
LAC,urb,d8,biomass_solid,20,2040,0.01
LAC,rur,d9,biomass_solid,20,2040,0.01
LAC,urb,d9,biomass_solid,20,2040,0.01
LAC,rur,d10,biomass_solid,20,2040,0.01
LAC,urb,d10,biomass_solid,20,2040,0.01
LAC,rur,d1,coal,20,2040,0.01
LAC,urb,d1,coal,20,2040,0.01
LAC,rur,d2,coal,20,2040,0.01
LAC,urb,d2,coal,20,2040,0.01
LAC,rur,d3,coal,20,2040,0.01
LAC,urb,d3,coal,20,2040,0.01
LAC,rur,d4,coal,20,2040,0.01
LAC,urb,d4,coal,20,2040,0.01
LAC,rur,d5,coal,20,2040,0.01
LAC,urb,d5,coal,20,2040,0.01
LAC,rur,d6,coal,20,2040,0.01
LAC,urb,d6,coal,20,2040,0.01
LAC,rur,d7,coal,20,2040,0.01
LAC,urb,d7,coal,20,2040,0.01
LAC,rur,d8,coal,20,2040,0.01
LAC,urb,d8,coal,20,2040,0.01
LAC,rur,d9,coal,20,2040,0.01
LAC,urb,d9,coal,20,2040,0.01
LAC,rur,d10,coal,20,2040,0.01
LAC,urb,d10,coal,20,2040,0.01
LAC,rur,d1,oil,20,2040,0.01
LAC,urb,d1,oil,20,2040,0.01
LAC,rur,d2,oil,20,2040,0.01
LAC,urb,d2,oil,20,2040,0.01
LAC,rur,d3,oil,20,2040,0.01
LAC,urb,d3,oil,20,2040,0.01
LAC,rur,d4,oil,20,2040,0.01
LAC,urb,d4,oil,20,2040,0.01
LAC,rur,d5,oil,20,2040,0.01
LAC,urb,d5,oil,20,2040,0.01
LAC,rur,d6,oil,20,2040,0.01
LAC,urb,d6,oil,20,2040,0.01
LAC,rur,d7,oil,20,2040,0.01
LAC,urb,d7,oil,20,2040,0.01
LAC,rur,d8,oil,20,2040,0.01
LAC,urb,d8,oil,20,2040,0.01
LAC,rur,d9,oil,20,2040,0.01
LAC,urb,d9,oil,20,2040,0.01
LAC,rur,d10,oil,20,2040,0.01
LAC,urb,d10,oil,20,2040,0.01
LAC,rur,d1,gas,20,2040,0.01
LAC,urb,d1,gas,20,2040,0.01
LAC,rur,d2,gas,20,2040,0.01
LAC,urb,d2,gas,20,2040,0.01
LAC,rur,d3,gas,20,2040,0.01
LAC,urb,d3,gas,20,2040,0.01
LAC,rur,d4,gas,20,2040,0.01
LAC,urb,d4,gas,20,2040,0.01
LAC,rur,d5,gas,20,2040,0.01
LAC,urb,d5,gas,20,2040,0.01
LAC,rur,d6,gas,20,2040,0.01
LAC,urb,d6,gas,20,2040,0.01
LAC,rur,d7,gas,20,2040,0.01
LAC,urb,d7,gas,20,2040,0.01
LAC,rur,d8,gas,20,2040,0.01
LAC,urb,d8,gas,20,2040,0.01
LAC,rur,d9,gas,20,2040,0.01
LAC,urb,d9,gas,20,2040,0.01
LAC,rur,d10,gas,20,2040,0.01
LAC,urb,d10,gas,20,2040,0.01
LAC,rur,d1,electricity,20,2040,0.01
LAC,urb,d1,electricity,20,2040,0.01
LAC,rur,d2,electricity,20,2040,0.01
LAC,urb,d2,electricity,20,2040,0.01
LAC,rur,d3,electricity,20,2040,0.01
LAC,urb,d3,electricity,20,2040,0.01
LAC,rur,d4,electricity,20,2040,0.01
LAC,urb,d4,electricity,20,2040,0.01
LAC,rur,d5,electricity,20,2040,0.01
LAC,urb,d5,electricity,20,2040,0.01
LAC,rur,d6,electricity,20,2040,0.01
LAC,urb,d6,electricity,20,2040,0.01
LAC,rur,d7,electricity,20,2040,0.01
LAC,urb,d7,electricity,20,2040,0.01
LAC,rur,d8,electricity,20,2040,0.01
LAC,urb,d8,electricity,20,2040,0.01
LAC,rur,d9,electricity,20,2040,0.01
LAC,urb,d9,electricity,20,2040,0.01
LAC,rur,d10,electricity,20,2040,0.01
LAC,urb,d10,electricity,20,2040,0.01
LAC,rur,d1,biomass_solid,20,2045,0.01
LAC,urb,d1,biomass_solid,20,2045,0.01
LAC,rur,d2,biomass_solid,20,2045,0.01
LAC,urb,d2,biomass_solid,20,2045,0.01
LAC,rur,d3,biomass_solid,20,2045,0.01
LAC,urb,d3,biomass_solid,20,2045,0.01
LAC,rur,d4,biomass_solid,20,2045,0.01
LAC,urb,d4,biomass_solid,20,2045,0.01
LAC,rur,d5,biomass_solid,20,2045,0.01
LAC,urb,d5,biomass_solid,20,2045,0.01
LAC,rur,d6,biomass_solid,20,2045,0.01
LAC,urb,d6,biomass_solid,20,2045,0.01
LAC,rur,d7,biomass_solid,20,2045,0.01
LAC,urb,d7,biomass_solid,20,2045,0.01
LAC,rur,d8,biomass_solid,20,2045,0.01
LAC,urb,d8,biomass_solid,20,2045,0.01
LAC,rur,d9,biomass_solid,20,2045,0.01
LAC,urb,d9,biomass_solid,20,2045,0.01
LAC,rur,d10,biomass_solid,20,2045,0.01
LAC,urb,d10,biomass_solid,20,2045,0.01
LAC,rur,d1,coal,20,2045,0.01
LAC,urb,d1,coal,20,2045,0.01
LAC,rur,d2,coal,20,2045,0.01
LAC,urb,d2,coal,20,2045,0.01
LAC,rur,d3,coal,20,2045,0.01
LAC,urb,d3,coal,20,2045,0.01
LAC,rur,d4,coal,20,2045,0.01
LAC,urb,d4,coal,20,2045,0.01
LAC,rur,d5,coal,20,2045,0.01
LAC,urb,d5,coal,20,2045,0.01
LAC,rur,d6,coal,20,2045,0.01
LAC,urb,d6,coal,20,2045,0.01
LAC,rur,d7,coal,20,2045,0.01
LAC,urb,d7,coal,20,2045,0.01
LAC,rur,d8,coal,20,2045,0.01
LAC,urb,d8,coal,20,2045,0.01
LAC,rur,d9,coal,20,2045,0.01
LAC,urb,d9,coal,20,2045,0.01
LAC,rur,d10,coal,20,2045,0.01
LAC,urb,d10,coal,20,2045,0.01
LAC,rur,d1,oil,20,2045,0.01
LAC,urb,d1,oil,20,2045,0.01
LAC,rur,d2,oil,20,2045,0.01
LAC,urb,d2,oil,20,2045,0.01
LAC,rur,d3,oil,20,2045,0.01
LAC,urb,d3,oil,20,2045,0.01
LAC,rur,d4,oil,20,2045,0.01
LAC,urb,d4,oil,20,2045,0.01
LAC,rur,d5,oil,20,2045,0.01
LAC,urb,d5,oil,20,2045,0.01
LAC,rur,d6,oil,20,2045,0.01
LAC,urb,d6,oil,20,2045,0.01
LAC,rur,d7,oil,20,2045,0.01
LAC,urb,d7,oil,20,2045,0.01
LAC,rur,d8,oil,20,2045,0.01
LAC,urb,d8,oil,20,2045,0.01
LAC,rur,d9,oil,20,2045,0.01
LAC,urb,d9,oil,20,2045,0.01
LAC,rur,d10,oil,20,2045,0.01
LAC,urb,d10,oil,20,2045,0.01
LAC,rur,d1,gas,20,2045,0.01
LAC,urb,d1,gas,20,2045,0.01
LAC,rur,d2,gas,20,2045,0.01
LAC,urb,d2,gas,20,2045,0.01
LAC,rur,d3,gas,20,2045,0.01
LAC,urb,d3,gas,20,2045,0.01
LAC,rur,d4,gas,20,2045,0.01
LAC,urb,d4,gas,20,2045,0.01
LAC,rur,d5,gas,20,2045,0.01
LAC,urb,d5,gas,20,2045,0.01
LAC,rur,d6,gas,20,2045,0.01
LAC,urb,d6,gas,20,2045,0.01
LAC,rur,d7,gas,20,2045,0.01
LAC,urb,d7,gas,20,2045,0.01
LAC,rur,d8,gas,20,2045,0.01
LAC,urb,d8,gas,20,2045,0.01
LAC,rur,d9,gas,20,2045,0.01
LAC,urb,d9,gas,20,2045,0.01
LAC,rur,d10,gas,20,2045,0.01
LAC,urb,d10,gas,20,2045,0.01
LAC,rur,d1,electricity,20,2045,0.01
LAC,urb,d1,electricity,20,2045,0.01
LAC,rur,d2,electricity,20,2045,0.01
LAC,urb,d2,electricity,20,2045,0.01
LAC,rur,d3,electricity,20,2045,0.01
LAC,urb,d3,electricity,20,2045,0.01
LAC,rur,d4,electricity,20,2045,0.01
LAC,urb,d4,electricity,20,2045,0.01
LAC,rur,d5,electricity,20,2045,0.01
LAC,urb,d5,electricity,20,2045,0.01
LAC,rur,d6,electricity,20,2045,0.01
LAC,urb,d6,electricity,20,2045,0.01
LAC,rur,d7,electricity,20,2045,0.01
LAC,urb,d7,electricity,20,2045,0.01
LAC,rur,d8,electricity,20,2045,0.01
LAC,urb,d8,electricity,20,2045,0.01
LAC,rur,d9,electricity,20,2045,0.01
LAC,urb,d9,electricity,20,2045,0.01
LAC,rur,d10,electricity,20,2045,0.01
LAC,urb,d10,electricity,20,2045,0.01
LAC,rur,d1,biomass_solid,20,2050,0.01
LAC,urb,d1,biomass_solid,20,2050,0.01
LAC,rur,d2,biomass_solid,20,2050,0.01
LAC,urb,d2,biomass_solid,20,2050,0.01
LAC,rur,d3,biomass_solid,20,2050,0.01
LAC,urb,d3,biomass_solid,20,2050,0.01
LAC,rur,d4,biomass_solid,20,2050,0.01
LAC,urb,d4,biomass_solid,20,2050,0.01
LAC,rur,d5,biomass_solid,20,2050,0.01
LAC,urb,d5,biomass_solid,20,2050,0.01
LAC,rur,d6,biomass_solid,20,2050,0.01
LAC,urb,d6,biomass_solid,20,2050,0.01
LAC,rur,d7,biomass_solid,20,2050,0.01
LAC,urb,d7,biomass_solid,20,2050,0.01
LAC,rur,d8,biomass_solid,20,2050,0.01
LAC,urb,d8,biomass_solid,20,2050,0.01
LAC,rur,d9,biomass_solid,20,2050,0.01
LAC,urb,d9,biomass_solid,20,2050,0.01
LAC,rur,d10,biomass_solid,20,2050,0.01
LAC,urb,d10,biomass_solid,20,2050,0.01
LAC,rur,d1,coal,20,2050,0.01
LAC,urb,d1,coal,20,2050,0.01
LAC,rur,d2,coal,20,2050,0.01
LAC,urb,d2,coal,20,2050,0.01
LAC,rur,d3,coal,20,2050,0.01
LAC,urb,d3,coal,20,2050,0.01
LAC,rur,d4,coal,20,2050,0.01
LAC,urb,d4,coal,20,2050,0.01
LAC,rur,d5,coal,20,2050,0.01
LAC,urb,d5,coal,20,2050,0.01
LAC,rur,d6,coal,20,2050,0.01
LAC,urb,d6,coal,20,2050,0.01
LAC,rur,d7,coal,20,2050,0.01
LAC,urb,d7,coal,20,2050,0.01
LAC,rur,d8,coal,20,2050,0.01
LAC,urb,d8,coal,20,2050,0.01
LAC,rur,d9,coal,20,2050,0.01
LAC,urb,d9,coal,20,2050,0.01
LAC,rur,d10,coal,20,2050,0.01
LAC,urb,d10,coal,20,2050,0.01
LAC,rur,d1,oil,20,2050,0.01
LAC,urb,d1,oil,20,2050,0.01
LAC,rur,d2,oil,20,2050,0.01
LAC,urb,d2,oil,20,2050,0.01
LAC,rur,d3,oil,20,2050,0.01
LAC,urb,d3,oil,20,2050,0.01
LAC,rur,d4,oil,20,2050,0.01
LAC,urb,d4,oil,20,2050,0.01
LAC,rur,d5,oil,20,2050,0.01
LAC,urb,d5,oil,20,2050,0.01
LAC,rur,d6,oil,20,2050,0.01
LAC,urb,d6,oil,20,2050,0.01
LAC,rur,d7,oil,20,2050,0.01
LAC,urb,d7,oil,20,2050,0.01
LAC,rur,d8,oil,20,2050,0.01
LAC,urb,d8,oil,20,2050,0.01
LAC,rur,d9,oil,20,2050,0.01
LAC,urb,d9,oil,20,2050,0.01
LAC,rur,d10,oil,20,2050,0.01
LAC,urb,d10,oil,20,2050,0.01
LAC,rur,d1,gas,20,2050,0.01
LAC,urb,d1,gas,20,2050,0.01
LAC,rur,d2,gas,20,2050,0.01
LAC,urb,d2,gas,20,2050,0.01
LAC,rur,d3,gas,20,2050,0.01
LAC,urb,d3,gas,20,2050,0.01
LAC,rur,d4,gas,20,2050,0.01
LAC,urb,d4,gas,20,2050,0.01
LAC,rur,d5,gas,20,2050,0.01
LAC,urb,d5,gas,20,2050,0.01
LAC,rur,d6,gas,20,2050,0.01
LAC,urb,d6,gas,20,2050,0.01
LAC,rur,d7,gas,20,2050,0.01
LAC,urb,d7,gas,20,2050,0.01
LAC,rur,d8,gas,20,2050,0.01
LAC,urb,d8,gas,20,2050,0.01
LAC,rur,d9,gas,20,2050,0.01
LAC,urb,d9,gas,20,2050,0.01
LAC,rur,d10,gas,20,2050,0.01
LAC,urb,d10,gas,20,2050,0.01
LAC,rur,d1,electricity,20,2050,0.01
LAC,urb,d1,electricity,20,2050,0.01
LAC,rur,d2,electricity,20,2050,0.01
LAC,urb,d2,electricity,20,2050,0.01
LAC,rur,d3,electricity,20,2050,0.01
LAC,urb,d3,electricity,20,2050,0.01
LAC,rur,d4,electricity,20,2050,0.01
LAC,urb,d4,electricity,20,2050,0.01
LAC,rur,d5,electricity,20,2050,0.01
LAC,urb,d5,electricity,20,2050,0.01
LAC,rur,d6,electricity,20,2050,0.01
LAC,urb,d6,electricity,20,2050,0.01
LAC,rur,d7,electricity,20,2050,0.01
LAC,urb,d7,electricity,20,2050,0.01
LAC,rur,d8,electricity,20,2050,0.01
LAC,urb,d8,electricity,20,2050,0.01
LAC,rur,d9,electricity,20,2050,0.01
LAC,urb,d9,electricity,20,2050,0.01
LAC,rur,d10,electricity,20,2050,0.01
LAC,urb,d10,electricity,20,2050,0.01
LAC,rur,d1,biomass_solid,20,2055,0.01
LAC,urb,d1,biomass_solid,20,2055,0.01
LAC,rur,d2,biomass_solid,20,2055,0.01
LAC,urb,d2,biomass_solid,20,2055,0.01
LAC,rur,d3,biomass_solid,20,2055,0.01
LAC,urb,d3,biomass_solid,20,2055,0.01
LAC,rur,d4,biomass_solid,20,2055,0.01
LAC,urb,d4,biomass_solid,20,2055,0.01
LAC,rur,d5,biomass_solid,20,2055,0.01
LAC,urb,d5,biomass_solid,20,2055,0.01
LAC,rur,d6,biomass_solid,20,2055,0.01
LAC,urb,d6,biomass_solid,20,2055,0.01
LAC,rur,d7,biomass_solid,20,2055,0.01
LAC,urb,d7,biomass_solid,20,2055,0.01
LAC,rur,d8,biomass_solid,20,2055,0.01
LAC,urb,d8,biomass_solid,20,2055,0.01
LAC,rur,d9,biomass_solid,20,2055,0.01
LAC,urb,d9,biomass_solid,20,2055,0.01
LAC,rur,d10,biomass_solid,20,2055,0.01
LAC,urb,d10,biomass_solid,20,2055,0.01
LAC,rur,d1,coal,20,2055,0.01
LAC,urb,d1,coal,20,2055,0.01
LAC,rur,d2,coal,20,2055,0.01
LAC,urb,d2,coal,20,2055,0.01
LAC,rur,d3,coal,20,2055,0.01
LAC,urb,d3,coal,20,2055,0.01
LAC,rur,d4,coal,20,2055,0.01
LAC,urb,d4,coal,20,2055,0.01
LAC,rur,d5,coal,20,2055,0.01
LAC,urb,d5,coal,20,2055,0.01
LAC,rur,d6,coal,20,2055,0.01
LAC,urb,d6,coal,20,2055,0.01
LAC,rur,d7,coal,20,2055,0.01
LAC,urb,d7,coal,20,2055,0.01
LAC,rur,d8,coal,20,2055,0.01
LAC,urb,d8,coal,20,2055,0.01
LAC,rur,d9,coal,20,2055,0.01
LAC,urb,d9,coal,20,2055,0.01
LAC,rur,d10,coal,20,2055,0.01
LAC,urb,d10,coal,20,2055,0.01
LAC,rur,d1,oil,20,2055,0.01
LAC,urb,d1,oil,20,2055,0.01
LAC,rur,d2,oil,20,2055,0.01
LAC,urb,d2,oil,20,2055,0.01
LAC,rur,d3,oil,20,2055,0.01
LAC,urb,d3,oil,20,2055,0.01
LAC,rur,d4,oil,20,2055,0.01
LAC,urb,d4,oil,20,2055,0.01
LAC,rur,d5,oil,20,2055,0.01
LAC,urb,d5,oil,20,2055,0.01
LAC,rur,d6,oil,20,2055,0.01
LAC,urb,d6,oil,20,2055,0.01
LAC,rur,d7,oil,20,2055,0.01
LAC,urb,d7,oil,20,2055,0.01
LAC,rur,d8,oil,20,2055,0.01
LAC,urb,d8,oil,20,2055,0.01
LAC,rur,d9,oil,20,2055,0.01
LAC,urb,d9,oil,20,2055,0.01
LAC,rur,d10,oil,20,2055,0.01
LAC,urb,d10,oil,20,2055,0.01
LAC,rur,d1,gas,20,2055,0.01
LAC,urb,d1,gas,20,2055,0.01
LAC,rur,d2,gas,20,2055,0.01
LAC,urb,d2,gas,20,2055,0.01
LAC,rur,d3,gas,20,2055,0.01
LAC,urb,d3,gas,20,2055,0.01
LAC,rur,d4,gas,20,2055,0.01
LAC,urb,d4,gas,20,2055,0.01
LAC,rur,d5,gas,20,2055,0.01
LAC,urb,d5,gas,20,2055,0.01
LAC,rur,d6,gas,20,2055,0.01
LAC,urb,d6,gas,20,2055,0.01
LAC,rur,d7,gas,20,2055,0.01
LAC,urb,d7,gas,20,2055,0.01
LAC,rur,d8,gas,20,2055,0.01
LAC,urb,d8,gas,20,2055,0.01
LAC,rur,d9,gas,20,2055,0.01
LAC,urb,d9,gas,20,2055,0.01
LAC,rur,d10,gas,20,2055,0.01
LAC,urb,d10,gas,20,2055,0.01
LAC,rur,d1,electricity,20,2055,0.01
LAC,urb,d1,electricity,20,2055,0.01
LAC,rur,d2,electricity,20,2055,0.01
LAC,urb,d2,electricity,20,2055,0.01
LAC,rur,d3,electricity,20,2055,0.01
LAC,urb,d3,electricity,20,2055,0.01
LAC,rur,d4,electricity,20,2055,0.01
LAC,urb,d4,electricity,20,2055,0.01
LAC,rur,d5,electricity,20,2055,0.01
LAC,urb,d5,electricity,20,2055,0.01
LAC,rur,d6,electricity,20,2055,0.01
LAC,urb,d6,electricity,20,2055,0.01
LAC,rur,d7,electricity,20,2055,0.01
LAC,urb,d7,electricity,20,2055,0.01
LAC,rur,d8,electricity,20,2055,0.01
LAC,urb,d8,electricity,20,2055,0.01
LAC,rur,d9,electricity,20,2055,0.01
LAC,urb,d9,electricity,20,2055,0.01
LAC,rur,d10,electricity,20,2055,0.01
LAC,urb,d10,electricity,20,2055,0.01
LAC,rur,d1,biomass_solid,20,2060,0.01
LAC,urb,d1,biomass_solid,20,2060,0.01
LAC,rur,d2,biomass_solid,20,2060,0.01
LAC,urb,d2,biomass_solid,20,2060,0.01
LAC,rur,d3,biomass_solid,20,2060,0.01
LAC,urb,d3,biomass_solid,20,2060,0.01
LAC,rur,d4,biomass_solid,20,2060,0.01
LAC,urb,d4,biomass_solid,20,2060,0.01
LAC,rur,d5,biomass_solid,20,2060,0.01
LAC,urb,d5,biomass_solid,20,2060,0.01
LAC,rur,d6,biomass_solid,20,2060,0.01
LAC,urb,d6,biomass_solid,20,2060,0.01
LAC,rur,d7,biomass_solid,20,2060,0.01
LAC,urb,d7,biomass_solid,20,2060,0.01
LAC,rur,d8,biomass_solid,20,2060,0.01
LAC,urb,d8,biomass_solid,20,2060,0.01
LAC,rur,d9,biomass_solid,20,2060,0.01
LAC,urb,d9,biomass_solid,20,2060,0.01
LAC,rur,d10,biomass_solid,20,2060,0.01
LAC,urb,d10,biomass_solid,20,2060,0.01
LAC,rur,d1,coal,20,2060,0.01
LAC,urb,d1,coal,20,2060,0.01
LAC,rur,d2,coal,20,2060,0.01
LAC,urb,d2,coal,20,2060,0.01
LAC,rur,d3,coal,20,2060,0.01
LAC,urb,d3,coal,20,2060,0.01
LAC,rur,d4,coal,20,2060,0.01
LAC,urb,d4,coal,20,2060,0.01
LAC,rur,d5,coal,20,2060,0.01
LAC,urb,d5,coal,20,2060,0.01
LAC,rur,d6,coal,20,2060,0.01
LAC,urb,d6,coal,20,2060,0.01
LAC,rur,d7,coal,20,2060,0.01
LAC,urb,d7,coal,20,2060,0.01
LAC,rur,d8,coal,20,2060,0.01
LAC,urb,d8,coal,20,2060,0.01
LAC,rur,d9,coal,20,2060,0.01
LAC,urb,d9,coal,20,2060,0.01
LAC,rur,d10,coal,20,2060,0.01
LAC,urb,d10,coal,20,2060,0.01
LAC,rur,d1,oil,20,2060,0.01
LAC,urb,d1,oil,20,2060,0.01
LAC,rur,d2,oil,20,2060,0.01
LAC,urb,d2,oil,20,2060,0.01
LAC,rur,d3,oil,20,2060,0.01
LAC,urb,d3,oil,20,2060,0.01
LAC,rur,d4,oil,20,2060,0.01
LAC,urb,d4,oil,20,2060,0.01
LAC,rur,d5,oil,20,2060,0.01
LAC,urb,d5,oil,20,2060,0.01
LAC,rur,d6,oil,20,2060,0.01
LAC,urb,d6,oil,20,2060,0.01
LAC,rur,d7,oil,20,2060,0.01
LAC,urb,d7,oil,20,2060,0.01
LAC,rur,d8,oil,20,2060,0.01
LAC,urb,d8,oil,20,2060,0.01
LAC,rur,d9,oil,20,2060,0.01
LAC,urb,d9,oil,20,2060,0.01
LAC,rur,d10,oil,20,2060,0.01
LAC,urb,d10,oil,20,2060,0.01
LAC,rur,d1,gas,20,2060,0.01
LAC,urb,d1,gas,20,2060,0.01
LAC,rur,d2,gas,20,2060,0.01
LAC,urb,d2,gas,20,2060,0.01
LAC,rur,d3,gas,20,2060,0.01
LAC,urb,d3,gas,20,2060,0.01
LAC,rur,d4,gas,20,2060,0.01
LAC,urb,d4,gas,20,2060,0.01
LAC,rur,d5,gas,20,2060,0.01
LAC,urb,d5,gas,20,2060,0.01
LAC,rur,d6,gas,20,2060,0.01
LAC,urb,d6,gas,20,2060,0.01
LAC,rur,d7,gas,20,2060,0.01
LAC,urb,d7,gas,20,2060,0.01
LAC,rur,d8,gas,20,2060,0.01
LAC,urb,d8,gas,20,2060,0.01
LAC,rur,d9,gas,20,2060,0.01
LAC,urb,d9,gas,20,2060,0.01
LAC,rur,d10,gas,20,2060,0.01
LAC,urb,d10,gas,20,2060,0.01
LAC,rur,d1,electricity,20,2060,0.01
LAC,urb,d1,electricity,20,2060,0.01
LAC,rur,d2,electricity,20,2060,0.01
LAC,urb,d2,electricity,20,2060,0.01
LAC,rur,d3,electricity,20,2060,0.01
LAC,urb,d3,electricity,20,2060,0.01
LAC,rur,d4,electricity,20,2060,0.01
LAC,urb,d4,electricity,20,2060,0.01
LAC,rur,d5,electricity,20,2060,0.01
LAC,urb,d5,electricity,20,2060,0.01
LAC,rur,d6,electricity,20,2060,0.01
LAC,urb,d6,electricity,20,2060,0.01
LAC,rur,d7,electricity,20,2060,0.01
LAC,urb,d7,electricity,20,2060,0.01
LAC,rur,d8,electricity,20,2060,0.01
LAC,urb,d8,electricity,20,2060,0.01
LAC,rur,d9,electricity,20,2060,0.01
LAC,urb,d9,electricity,20,2060,0.01
LAC,rur,d10,electricity,20,2060,0.01
LAC,urb,d10,electricity,20,2060,0.01
LAC,rur,d1,biomass_solid,20,2065,0.01
LAC,urb,d1,biomass_solid,20,2065,0.01
LAC,rur,d2,biomass_solid,20,2065,0.01
LAC,urb,d2,biomass_solid,20,2065,0.01
LAC,rur,d3,biomass_solid,20,2065,0.01
LAC,urb,d3,biomass_solid,20,2065,0.01
LAC,rur,d4,biomass_solid,20,2065,0.01
LAC,urb,d4,biomass_solid,20,2065,0.01
LAC,rur,d5,biomass_solid,20,2065,0.01
LAC,urb,d5,biomass_solid,20,2065,0.01
LAC,rur,d6,biomass_solid,20,2065,0.01
LAC,urb,d6,biomass_solid,20,2065,0.01
LAC,rur,d7,biomass_solid,20,2065,0.01
LAC,urb,d7,biomass_solid,20,2065,0.01
LAC,rur,d8,biomass_solid,20,2065,0.01
LAC,urb,d8,biomass_solid,20,2065,0.01
LAC,rur,d9,biomass_solid,20,2065,0.01
LAC,urb,d9,biomass_solid,20,2065,0.01
LAC,rur,d10,biomass_solid,20,2065,0.01
LAC,urb,d10,biomass_solid,20,2065,0.01
LAC,rur,d1,coal,20,2065,0.01
LAC,urb,d1,coal,20,2065,0.01
LAC,rur,d2,coal,20,2065,0.01
LAC,urb,d2,coal,20,2065,0.01
LAC,rur,d3,coal,20,2065,0.01
LAC,urb,d3,coal,20,2065,0.01
LAC,rur,d4,coal,20,2065,0.01
LAC,urb,d4,coal,20,2065,0.01
LAC,rur,d5,coal,20,2065,0.01
LAC,urb,d5,coal,20,2065,0.01
LAC,rur,d6,coal,20,2065,0.01
LAC,urb,d6,coal,20,2065,0.01
LAC,rur,d7,coal,20,2065,0.01
LAC,urb,d7,coal,20,2065,0.01
LAC,rur,d8,coal,20,2065,0.01
LAC,urb,d8,coal,20,2065,0.01
LAC,rur,d9,coal,20,2065,0.01
LAC,urb,d9,coal,20,2065,0.01
LAC,rur,d10,coal,20,2065,0.01
LAC,urb,d10,coal,20,2065,0.01
LAC,rur,d1,oil,20,2065,0.01
LAC,urb,d1,oil,20,2065,0.01
LAC,rur,d2,oil,20,2065,0.01
LAC,urb,d2,oil,20,2065,0.01
LAC,rur,d3,oil,20,2065,0.01
LAC,urb,d3,oil,20,2065,0.01
LAC,rur,d4,oil,20,2065,0.01
LAC,urb,d4,oil,20,2065,0.01
LAC,rur,d5,oil,20,2065,0.01
LAC,urb,d5,oil,20,2065,0.01
LAC,rur,d6,oil,20,2065,0.01
LAC,urb,d6,oil,20,2065,0.01
LAC,rur,d7,oil,20,2065,0.01
LAC,urb,d7,oil,20,2065,0.01
LAC,rur,d8,oil,20,2065,0.01
LAC,urb,d8,oil,20,2065,0.01
LAC,rur,d9,oil,20,2065,0.01
LAC,urb,d9,oil,20,2065,0.01
LAC,rur,d10,oil,20,2065,0.01
LAC,urb,d10,oil,20,2065,0.01
LAC,rur,d1,gas,20,2065,0.01
LAC,urb,d1,gas,20,2065,0.01
LAC,rur,d2,gas,20,2065,0.01
LAC,urb,d2,gas,20,2065,0.01
LAC,rur,d3,gas,20,2065,0.01
LAC,urb,d3,gas,20,2065,0.01
LAC,rur,d4,gas,20,2065,0.01
LAC,urb,d4,gas,20,2065,0.01
LAC,rur,d5,gas,20,2065,0.01
LAC,urb,d5,gas,20,2065,0.01
LAC,rur,d6,gas,20,2065,0.01
LAC,urb,d6,gas,20,2065,0.01
LAC,rur,d7,gas,20,2065,0.01
LAC,urb,d7,gas,20,2065,0.01
LAC,rur,d8,gas,20,2065,0.01
LAC,urb,d8,gas,20,2065,0.01
LAC,rur,d9,gas,20,2065,0.01
LAC,urb,d9,gas,20,2065,0.01
LAC,rur,d10,gas,20,2065,0.01
LAC,urb,d10,gas,20,2065,0.01
LAC,rur,d1,electricity,20,2065,0.01
LAC,urb,d1,electricity,20,2065,0.01
LAC,rur,d2,electricity,20,2065,0.01
LAC,urb,d2,electricity,20,2065,0.01
LAC,rur,d3,electricity,20,2065,0.01
LAC,urb,d3,electricity,20,2065,0.01
LAC,rur,d4,electricity,20,2065,0.01
LAC,urb,d4,electricity,20,2065,0.01
LAC,rur,d5,electricity,20,2065,0.01
LAC,urb,d5,electricity,20,2065,0.01
LAC,rur,d6,electricity,20,2065,0.01
LAC,urb,d6,electricity,20,2065,0.01
LAC,rur,d7,electricity,20,2065,0.01
LAC,urb,d7,electricity,20,2065,0.01
LAC,rur,d8,electricity,20,2065,0.01
LAC,urb,d8,electricity,20,2065,0.01
LAC,rur,d9,electricity,20,2065,0.01
LAC,urb,d9,electricity,20,2065,0.01
LAC,rur,d10,electricity,20,2065,0.01
LAC,urb,d10,electricity,20,2065,0.01
LAC,rur,d1,biomass_solid,20,2070,0.01
LAC,urb,d1,biomass_solid,20,2070,0.01
LAC,rur,d2,biomass_solid,20,2070,0.01
LAC,urb,d2,biomass_solid,20,2070,0.01
LAC,rur,d3,biomass_solid,20,2070,0.01
LAC,urb,d3,biomass_solid,20,2070,0.01
LAC,rur,d4,biomass_solid,20,2070,0.01
LAC,urb,d4,biomass_solid,20,2070,0.01
LAC,rur,d5,biomass_solid,20,2070,0.01
LAC,urb,d5,biomass_solid,20,2070,0.01
LAC,rur,d6,biomass_solid,20,2070,0.01
LAC,urb,d6,biomass_solid,20,2070,0.01
LAC,rur,d7,biomass_solid,20,2070,0.01
LAC,urb,d7,biomass_solid,20,2070,0.01
LAC,rur,d8,biomass_solid,20,2070,0.01
LAC,urb,d8,biomass_solid,20,2070,0.01
LAC,rur,d9,biomass_solid,20,2070,0.01
LAC,urb,d9,biomass_solid,20,2070,0.01
LAC,rur,d10,biomass_solid,20,2070,0.01
LAC,urb,d10,biomass_solid,20,2070,0.01
LAC,rur,d1,coal,20,2070,0.01
LAC,urb,d1,coal,20,2070,0.01
LAC,rur,d2,coal,20,2070,0.01
LAC,urb,d2,coal,20,2070,0.01
LAC,rur,d3,coal,20,2070,0.01
LAC,urb,d3,coal,20,2070,0.01
LAC,rur,d4,coal,20,2070,0.01
LAC,urb,d4,coal,20,2070,0.01
LAC,rur,d5,coal,20,2070,0.01
LAC,urb,d5,coal,20,2070,0.01
LAC,rur,d6,coal,20,2070,0.01
LAC,urb,d6,coal,20,2070,0.01
LAC,rur,d7,coal,20,2070,0.01
LAC,urb,d7,coal,20,2070,0.01
LAC,rur,d8,coal,20,2070,0.01
LAC,urb,d8,coal,20,2070,0.01
LAC,rur,d9,coal,20,2070,0.01
LAC,urb,d9,coal,20,2070,0.01
LAC,rur,d10,coal,20,2070,0.01
LAC,urb,d10,coal,20,2070,0.01
LAC,rur,d1,oil,20,2070,0.01
LAC,urb,d1,oil,20,2070,0.01
LAC,rur,d2,oil,20,2070,0.01
LAC,urb,d2,oil,20,2070,0.01
LAC,rur,d3,oil,20,2070,0.01
LAC,urb,d3,oil,20,2070,0.01
LAC,rur,d4,oil,20,2070,0.01
LAC,urb,d4,oil,20,2070,0.01
LAC,rur,d5,oil,20,2070,0.01
LAC,urb,d5,oil,20,2070,0.01
LAC,rur,d6,oil,20,2070,0.01
LAC,urb,d6,oil,20,2070,0.01
LAC,rur,d7,oil,20,2070,0.01
LAC,urb,d7,oil,20,2070,0.01
LAC,rur,d8,oil,20,2070,0.01
LAC,urb,d8,oil,20,2070,0.01
LAC,rur,d9,oil,20,2070,0.01
LAC,urb,d9,oil,20,2070,0.01
LAC,rur,d10,oil,20,2070,0.01
LAC,urb,d10,oil,20,2070,0.01
LAC,rur,d1,gas,20,2070,0.01
LAC,urb,d1,gas,20,2070,0.01
LAC,rur,d2,gas,20,2070,0.01
LAC,urb,d2,gas,20,2070,0.01
LAC,rur,d3,gas,20,2070,0.01
LAC,urb,d3,gas,20,2070,0.01
LAC,rur,d4,gas,20,2070,0.01
LAC,urb,d4,gas,20,2070,0.01
LAC,rur,d5,gas,20,2070,0.01
LAC,urb,d5,gas,20,2070,0.01
LAC,rur,d6,gas,20,2070,0.01
LAC,urb,d6,gas,20,2070,0.01
LAC,rur,d7,gas,20,2070,0.01
LAC,urb,d7,gas,20,2070,0.01
LAC,rur,d8,gas,20,2070,0.01
LAC,urb,d8,gas,20,2070,0.01
LAC,rur,d9,gas,20,2070,0.01
LAC,urb,d9,gas,20,2070,0.01
LAC,rur,d10,gas,20,2070,0.01
LAC,urb,d10,gas,20,2070,0.01
LAC,rur,d1,electricity,20,2070,0.01
LAC,urb,d1,electricity,20,2070,0.01
LAC,rur,d2,electricity,20,2070,0.01
LAC,urb,d2,electricity,20,2070,0.01
LAC,rur,d3,electricity,20,2070,0.01
LAC,urb,d3,electricity,20,2070,0.01
LAC,rur,d4,electricity,20,2070,0.01
LAC,urb,d4,electricity,20,2070,0.01
LAC,rur,d5,electricity,20,2070,0.01
LAC,urb,d5,electricity,20,2070,0.01
LAC,rur,d6,electricity,20,2070,0.01
LAC,urb,d6,electricity,20,2070,0.01
LAC,rur,d7,electricity,20,2070,0.01
LAC,urb,d7,electricity,20,2070,0.01
LAC,rur,d8,electricity,20,2070,0.01
LAC,urb,d8,electricity,20,2070,0.01
LAC,rur,d9,electricity,20,2070,0.01
LAC,urb,d9,electricity,20,2070,0.01
LAC,rur,d10,electricity,20,2070,0.01
LAC,urb,d10,electricity,20,2070,0.01
LAC,rur,d1,biomass_solid,20,2075,0.01
LAC,urb,d1,biomass_solid,20,2075,0.01
LAC,rur,d2,biomass_solid,20,2075,0.01
LAC,urb,d2,biomass_solid,20,2075,0.01
LAC,rur,d3,biomass_solid,20,2075,0.01
LAC,urb,d3,biomass_solid,20,2075,0.01
LAC,rur,d4,biomass_solid,20,2075,0.01
LAC,urb,d4,biomass_solid,20,2075,0.01
LAC,rur,d5,biomass_solid,20,2075,0.01
LAC,urb,d5,biomass_solid,20,2075,0.01
LAC,rur,d6,biomass_solid,20,2075,0.01
LAC,urb,d6,biomass_solid,20,2075,0.01
LAC,rur,d7,biomass_solid,20,2075,0.01
LAC,urb,d7,biomass_solid,20,2075,0.01
LAC,rur,d8,biomass_solid,20,2075,0.01
LAC,urb,d8,biomass_solid,20,2075,0.01
LAC,rur,d9,biomass_solid,20,2075,0.01
LAC,urb,d9,biomass_solid,20,2075,0.01
LAC,rur,d10,biomass_solid,20,2075,0.01
LAC,urb,d10,biomass_solid,20,2075,0.01
LAC,rur,d1,coal,20,2075,0.01
LAC,urb,d1,coal,20,2075,0.01
LAC,rur,d2,coal,20,2075,0.01
LAC,urb,d2,coal,20,2075,0.01
LAC,rur,d3,coal,20,2075,0.01
LAC,urb,d3,coal,20,2075,0.01
LAC,rur,d4,coal,20,2075,0.01
LAC,urb,d4,coal,20,2075,0.01
LAC,rur,d5,coal,20,2075,0.01
LAC,urb,d5,coal,20,2075,0.01
LAC,rur,d6,coal,20,2075,0.01
LAC,urb,d6,coal,20,2075,0.01
LAC,rur,d7,coal,20,2075,0.01
LAC,urb,d7,coal,20,2075,0.01
LAC,rur,d8,coal,20,2075,0.01
LAC,urb,d8,coal,20,2075,0.01
LAC,rur,d9,coal,20,2075,0.01
LAC,urb,d9,coal,20,2075,0.01
LAC,rur,d10,coal,20,2075,0.01
LAC,urb,d10,coal,20,2075,0.01
LAC,rur,d1,oil,20,2075,0.01
LAC,urb,d1,oil,20,2075,0.01
LAC,rur,d2,oil,20,2075,0.01
LAC,urb,d2,oil,20,2075,0.01
LAC,rur,d3,oil,20,2075,0.01
LAC,urb,d3,oil,20,2075,0.01
LAC,rur,d4,oil,20,2075,0.01
LAC,urb,d4,oil,20,2075,0.01
LAC,rur,d5,oil,20,2075,0.01
LAC,urb,d5,oil,20,2075,0.01
LAC,rur,d6,oil,20,2075,0.01
LAC,urb,d6,oil,20,2075,0.01
LAC,rur,d7,oil,20,2075,0.01
LAC,urb,d7,oil,20,2075,0.01
LAC,rur,d8,oil,20,2075,0.01
LAC,urb,d8,oil,20,2075,0.01
LAC,rur,d9,oil,20,2075,0.01
LAC,urb,d9,oil,20,2075,0.01
LAC,rur,d10,oil,20,2075,0.01
LAC,urb,d10,oil,20,2075,0.01
LAC,rur,d1,gas,20,2075,0.01
LAC,urb,d1,gas,20,2075,0.01
LAC,rur,d2,gas,20,2075,0.01
LAC,urb,d2,gas,20,2075,0.01
LAC,rur,d3,gas,20,2075,0.01
LAC,urb,d3,gas,20,2075,0.01
LAC,rur,d4,gas,20,2075,0.01
LAC,urb,d4,gas,20,2075,0.01
LAC,rur,d5,gas,20,2075,0.01
LAC,urb,d5,gas,20,2075,0.01
LAC,rur,d6,gas,20,2075,0.01
LAC,urb,d6,gas,20,2075,0.01
LAC,rur,d7,gas,20,2075,0.01
LAC,urb,d7,gas,20,2075,0.01
LAC,rur,d8,gas,20,2075,0.01
LAC,urb,d8,gas,20,2075,0.01
LAC,rur,d9,gas,20,2075,0.01
LAC,urb,d9,gas,20,2075,0.01
LAC,rur,d10,gas,20,2075,0.01
LAC,urb,d10,gas,20,2075,0.01
LAC,rur,d1,electricity,20,2075,0.01
LAC,urb,d1,electricity,20,2075,0.01
LAC,rur,d2,electricity,20,2075,0.01
LAC,urb,d2,electricity,20,2075,0.01
LAC,rur,d3,electricity,20,2075,0.01
LAC,urb,d3,electricity,20,2075,0.01
LAC,rur,d4,electricity,20,2075,0.01
LAC,urb,d4,electricity,20,2075,0.01
LAC,rur,d5,electricity,20,2075,0.01
LAC,urb,d5,electricity,20,2075,0.01
LAC,rur,d6,electricity,20,2075,0.01
LAC,urb,d6,electricity,20,2075,0.01
LAC,rur,d7,electricity,20,2075,0.01
LAC,urb,d7,electricity,20,2075,0.01
LAC,rur,d8,electricity,20,2075,0.01
LAC,urb,d8,electricity,20,2075,0.01
LAC,rur,d9,electricity,20,2075,0.01
LAC,urb,d9,electricity,20,2075,0.01
LAC,rur,d10,electricity,20,2075,0.01
LAC,urb,d10,electricity,20,2075,0.01
LAC,rur,d1,biomass_solid,20,2080,0.01
LAC,urb,d1,biomass_solid,20,2080,0.01
LAC,rur,d2,biomass_solid,20,2080,0.01
LAC,urb,d2,biomass_solid,20,2080,0.01
LAC,rur,d3,biomass_solid,20,2080,0.01
LAC,urb,d3,biomass_solid,20,2080,0.01
LAC,rur,d4,biomass_solid,20,2080,0.01
LAC,urb,d4,biomass_solid,20,2080,0.01
LAC,rur,d5,biomass_solid,20,2080,0.01
LAC,urb,d5,biomass_solid,20,2080,0.01
LAC,rur,d6,biomass_solid,20,2080,0.01
LAC,urb,d6,biomass_solid,20,2080,0.01
LAC,rur,d7,biomass_solid,20,2080,0.01
LAC,urb,d7,biomass_solid,20,2080,0.01
LAC,rur,d8,biomass_solid,20,2080,0.01
LAC,urb,d8,biomass_solid,20,2080,0.01
LAC,rur,d9,biomass_solid,20,2080,0.01
LAC,urb,d9,biomass_solid,20,2080,0.01
LAC,rur,d10,biomass_solid,20,2080,0.01
LAC,urb,d10,biomass_solid,20,2080,0.01
LAC,rur,d1,coal,20,2080,0.01
LAC,urb,d1,coal,20,2080,0.01
LAC,rur,d2,coal,20,2080,0.01
LAC,urb,d2,coal,20,2080,0.01
LAC,rur,d3,coal,20,2080,0.01
LAC,urb,d3,coal,20,2080,0.01
LAC,rur,d4,coal,20,2080,0.01
LAC,urb,d4,coal,20,2080,0.01
LAC,rur,d5,coal,20,2080,0.01
LAC,urb,d5,coal,20,2080,0.01
LAC,rur,d6,coal,20,2080,0.01
LAC,urb,d6,coal,20,2080,0.01
LAC,rur,d7,coal,20,2080,0.01
LAC,urb,d7,coal,20,2080,0.01
LAC,rur,d8,coal,20,2080,0.01
LAC,urb,d8,coal,20,2080,0.01
LAC,rur,d9,coal,20,2080,0.01
LAC,urb,d9,coal,20,2080,0.01
LAC,rur,d10,coal,20,2080,0.01
LAC,urb,d10,coal,20,2080,0.01
LAC,rur,d1,oil,20,2080,0.01
LAC,urb,d1,oil,20,2080,0.01
LAC,rur,d2,oil,20,2080,0.01
LAC,urb,d2,oil,20,2080,0.01
LAC,rur,d3,oil,20,2080,0.01
LAC,urb,d3,oil,20,2080,0.01
LAC,rur,d4,oil,20,2080,0.01
LAC,urb,d4,oil,20,2080,0.01
LAC,rur,d5,oil,20,2080,0.01
LAC,urb,d5,oil,20,2080,0.01
LAC,rur,d6,oil,20,2080,0.01
LAC,urb,d6,oil,20,2080,0.01
LAC,rur,d7,oil,20,2080,0.01
LAC,urb,d7,oil,20,2080,0.01
LAC,rur,d8,oil,20,2080,0.01
LAC,urb,d8,oil,20,2080,0.01
LAC,rur,d9,oil,20,2080,0.01
LAC,urb,d9,oil,20,2080,0.01
LAC,rur,d10,oil,20,2080,0.01
LAC,urb,d10,oil,20,2080,0.01
LAC,rur,d1,gas,20,2080,0.01
LAC,urb,d1,gas,20,2080,0.01
LAC,rur,d2,gas,20,2080,0.01
LAC,urb,d2,gas,20,2080,0.01
LAC,rur,d3,gas,20,2080,0.01
LAC,urb,d3,gas,20,2080,0.01
LAC,rur,d4,gas,20,2080,0.01
LAC,urb,d4,gas,20,2080,0.01
LAC,rur,d5,gas,20,2080,0.01
LAC,urb,d5,gas,20,2080,0.01
LAC,rur,d6,gas,20,2080,0.01
LAC,urb,d6,gas,20,2080,0.01
LAC,rur,d7,gas,20,2080,0.01
LAC,urb,d7,gas,20,2080,0.01
LAC,rur,d8,gas,20,2080,0.01
LAC,urb,d8,gas,20,2080,0.01
LAC,rur,d9,gas,20,2080,0.01
LAC,urb,d9,gas,20,2080,0.01
LAC,rur,d10,gas,20,2080,0.01
LAC,urb,d10,gas,20,2080,0.01
LAC,rur,d1,electricity,20,2080,0.01
LAC,urb,d1,electricity,20,2080,0.01
LAC,rur,d2,electricity,20,2080,0.01
LAC,urb,d2,electricity,20,2080,0.01
LAC,rur,d3,electricity,20,2080,0.01
LAC,urb,d3,electricity,20,2080,0.01
LAC,rur,d4,electricity,20,2080,0.01
LAC,urb,d4,electricity,20,2080,0.01
LAC,rur,d5,electricity,20,2080,0.01
LAC,urb,d5,electricity,20,2080,0.01
LAC,rur,d6,electricity,20,2080,0.01
LAC,urb,d6,electricity,20,2080,0.01
LAC,rur,d7,electricity,20,2080,0.01
LAC,urb,d7,electricity,20,2080,0.01
LAC,rur,d8,electricity,20,2080,0.01
LAC,urb,d8,electricity,20,2080,0.01
LAC,rur,d9,electricity,20,2080,0.01
LAC,urb,d9,electricity,20,2080,0.01
LAC,rur,d10,electricity,20,2080,0.01
LAC,urb,d10,electricity,20,2080,0.01
LAC,rur,d1,biomass_solid,20,2085,0.01
LAC,urb,d1,biomass_solid,20,2085,0.01
LAC,rur,d2,biomass_solid,20,2085,0.01
LAC,urb,d2,biomass_solid,20,2085,0.01
LAC,rur,d3,biomass_solid,20,2085,0.01
LAC,urb,d3,biomass_solid,20,2085,0.01
LAC,rur,d4,biomass_solid,20,2085,0.01
LAC,urb,d4,biomass_solid,20,2085,0.01
LAC,rur,d5,biomass_solid,20,2085,0.01
LAC,urb,d5,biomass_solid,20,2085,0.01
LAC,rur,d6,biomass_solid,20,2085,0.01
LAC,urb,d6,biomass_solid,20,2085,0.01
LAC,rur,d7,biomass_solid,20,2085,0.01
LAC,urb,d7,biomass_solid,20,2085,0.01
LAC,rur,d8,biomass_solid,20,2085,0.01
LAC,urb,d8,biomass_solid,20,2085,0.01
LAC,rur,d9,biomass_solid,20,2085,0.01
LAC,urb,d9,biomass_solid,20,2085,0.01
LAC,rur,d10,biomass_solid,20,2085,0.01
LAC,urb,d10,biomass_solid,20,2085,0.01
LAC,rur,d1,coal,20,2085,0.01
LAC,urb,d1,coal,20,2085,0.01
LAC,rur,d2,coal,20,2085,0.01
LAC,urb,d2,coal,20,2085,0.01
LAC,rur,d3,coal,20,2085,0.01
LAC,urb,d3,coal,20,2085,0.01
LAC,rur,d4,coal,20,2085,0.01
LAC,urb,d4,coal,20,2085,0.01
LAC,rur,d5,coal,20,2085,0.01
LAC,urb,d5,coal,20,2085,0.01
LAC,rur,d6,coal,20,2085,0.01
LAC,urb,d6,coal,20,2085,0.01
LAC,rur,d7,coal,20,2085,0.01
LAC,urb,d7,coal,20,2085,0.01
LAC,rur,d8,coal,20,2085,0.01
LAC,urb,d8,coal,20,2085,0.01
LAC,rur,d9,coal,20,2085,0.01
LAC,urb,d9,coal,20,2085,0.01
LAC,rur,d10,coal,20,2085,0.01
LAC,urb,d10,coal,20,2085,0.01
LAC,rur,d1,oil,20,2085,0.01
LAC,urb,d1,oil,20,2085,0.01
LAC,rur,d2,oil,20,2085,0.01
LAC,urb,d2,oil,20,2085,0.01
LAC,rur,d3,oil,20,2085,0.01
LAC,urb,d3,oil,20,2085,0.01
LAC,rur,d4,oil,20,2085,0.01
LAC,urb,d4,oil,20,2085,0.01
LAC,rur,d5,oil,20,2085,0.01
LAC,urb,d5,oil,20,2085,0.01
LAC,rur,d6,oil,20,2085,0.01
LAC,urb,d6,oil,20,2085,0.01
LAC,rur,d7,oil,20,2085,0.01
LAC,urb,d7,oil,20,2085,0.01
LAC,rur,d8,oil,20,2085,0.01
LAC,urb,d8,oil,20,2085,0.01
LAC,rur,d9,oil,20,2085,0.01
LAC,urb,d9,oil,20,2085,0.01
LAC,rur,d10,oil,20,2085,0.01
LAC,urb,d10,oil,20,2085,0.01
LAC,rur,d1,gas,20,2085,0.01
LAC,urb,d1,gas,20,2085,0.01
LAC,rur,d2,gas,20,2085,0.01
LAC,urb,d2,gas,20,2085,0.01
LAC,rur,d3,gas,20,2085,0.01
LAC,urb,d3,gas,20,2085,0.01
LAC,rur,d4,gas,20,2085,0.01
LAC,urb,d4,gas,20,2085,0.01
LAC,rur,d5,gas,20,2085,0.01
LAC,urb,d5,gas,20,2085,0.01
LAC,rur,d6,gas,20,2085,0.01
LAC,urb,d6,gas,20,2085,0.01
LAC,rur,d7,gas,20,2085,0.01
LAC,urb,d7,gas,20,2085,0.01
LAC,rur,d8,gas,20,2085,0.01
LAC,urb,d8,gas,20,2085,0.01
LAC,rur,d9,gas,20,2085,0.01
LAC,urb,d9,gas,20,2085,0.01
LAC,rur,d10,gas,20,2085,0.01
LAC,urb,d10,gas,20,2085,0.01
LAC,rur,d1,electricity,20,2085,0.01
LAC,urb,d1,electricity,20,2085,0.01
LAC,rur,d2,electricity,20,2085,0.01
LAC,urb,d2,electricity,20,2085,0.01
LAC,rur,d3,electricity,20,2085,0.01
LAC,urb,d3,electricity,20,2085,0.01
LAC,rur,d4,electricity,20,2085,0.01
LAC,urb,d4,electricity,20,2085,0.01
LAC,rur,d5,electricity,20,2085,0.01
LAC,urb,d5,electricity,20,2085,0.01
LAC,rur,d6,electricity,20,2085,0.01
LAC,urb,d6,electricity,20,2085,0.01
LAC,rur,d7,electricity,20,2085,0.01
LAC,urb,d7,electricity,20,2085,0.01
LAC,rur,d8,electricity,20,2085,0.01
LAC,urb,d8,electricity,20,2085,0.01
LAC,rur,d9,electricity,20,2085,0.01
LAC,urb,d9,electricity,20,2085,0.01
LAC,rur,d10,electricity,20,2085,0.01
LAC,urb,d10,electricity,20,2085,0.01
LAC,rur,d1,biomass_solid,20,2090,0.01
LAC,urb,d1,biomass_solid,20,2090,0.01
LAC,rur,d2,biomass_solid,20,2090,0.01
LAC,urb,d2,biomass_solid,20,2090,0.01
LAC,rur,d3,biomass_solid,20,2090,0.01
LAC,urb,d3,biomass_solid,20,2090,0.01
LAC,rur,d4,biomass_solid,20,2090,0.01
LAC,urb,d4,biomass_solid,20,2090,0.01
LAC,rur,d5,biomass_solid,20,2090,0.01
LAC,urb,d5,biomass_solid,20,2090,0.01
LAC,rur,d6,biomass_solid,20,2090,0.01
LAC,urb,d6,biomass_solid,20,2090,0.01
LAC,rur,d7,biomass_solid,20,2090,0.01
LAC,urb,d7,biomass_solid,20,2090,0.01
LAC,rur,d8,biomass_solid,20,2090,0.01
LAC,urb,d8,biomass_solid,20,2090,0.01
LAC,rur,d9,biomass_solid,20,2090,0.01
LAC,urb,d9,biomass_solid,20,2090,0.01
LAC,rur,d10,biomass_solid,20,2090,0.01
LAC,urb,d10,biomass_solid,20,2090,0.01
LAC,rur,d1,coal,20,2090,0.01
LAC,urb,d1,coal,20,2090,0.01
LAC,rur,d2,coal,20,2090,0.01
LAC,urb,d2,coal,20,2090,0.01
LAC,rur,d3,coal,20,2090,0.01
LAC,urb,d3,coal,20,2090,0.01
LAC,rur,d4,coal,20,2090,0.01
LAC,urb,d4,coal,20,2090,0.01
LAC,rur,d5,coal,20,2090,0.01
LAC,urb,d5,coal,20,2090,0.01
LAC,rur,d6,coal,20,2090,0.01
LAC,urb,d6,coal,20,2090,0.01
LAC,rur,d7,coal,20,2090,0.01
LAC,urb,d7,coal,20,2090,0.01
LAC,rur,d8,coal,20,2090,0.01
LAC,urb,d8,coal,20,2090,0.01
LAC,rur,d9,coal,20,2090,0.01
LAC,urb,d9,coal,20,2090,0.01
LAC,rur,d10,coal,20,2090,0.01
LAC,urb,d10,coal,20,2090,0.01
LAC,rur,d1,oil,20,2090,0.01
LAC,urb,d1,oil,20,2090,0.01
LAC,rur,d2,oil,20,2090,0.01
LAC,urb,d2,oil,20,2090,0.01
LAC,rur,d3,oil,20,2090,0.01
LAC,urb,d3,oil,20,2090,0.01
LAC,rur,d4,oil,20,2090,0.01
LAC,urb,d4,oil,20,2090,0.01
LAC,rur,d5,oil,20,2090,0.01
LAC,urb,d5,oil,20,2090,0.01
LAC,rur,d6,oil,20,2090,0.01
LAC,urb,d6,oil,20,2090,0.01
LAC,rur,d7,oil,20,2090,0.01
LAC,urb,d7,oil,20,2090,0.01
LAC,rur,d8,oil,20,2090,0.01
LAC,urb,d8,oil,20,2090,0.01
LAC,rur,d9,oil,20,2090,0.01
LAC,urb,d9,oil,20,2090,0.01
LAC,rur,d10,oil,20,2090,0.01
LAC,urb,d10,oil,20,2090,0.01
LAC,rur,d1,gas,20,2090,0.01
LAC,urb,d1,gas,20,2090,0.01
LAC,rur,d2,gas,20,2090,0.01
LAC,urb,d2,gas,20,2090,0.01
LAC,rur,d3,gas,20,2090,0.01
LAC,urb,d3,gas,20,2090,0.01
LAC,rur,d4,gas,20,2090,0.01
LAC,urb,d4,gas,20,2090,0.01
LAC,rur,d5,gas,20,2090,0.01
LAC,urb,d5,gas,20,2090,0.01
LAC,rur,d6,gas,20,2090,0.01
LAC,urb,d6,gas,20,2090,0.01
LAC,rur,d7,gas,20,2090,0.01
LAC,urb,d7,gas,20,2090,0.01
LAC,rur,d8,gas,20,2090,0.01
LAC,urb,d8,gas,20,2090,0.01
LAC,rur,d9,gas,20,2090,0.01
LAC,urb,d9,gas,20,2090,0.01
LAC,rur,d10,gas,20,2090,0.01
LAC,urb,d10,gas,20,2090,0.01
LAC,rur,d1,electricity,20,2090,0.01
LAC,urb,d1,electricity,20,2090,0.01
LAC,rur,d2,electricity,20,2090,0.01
LAC,urb,d2,electricity,20,2090,0.01
LAC,rur,d3,electricity,20,2090,0.01
LAC,urb,d3,electricity,20,2090,0.01
LAC,rur,d4,electricity,20,2090,0.01
LAC,urb,d4,electricity,20,2090,0.01
LAC,rur,d5,electricity,20,2090,0.01
LAC,urb,d5,electricity,20,2090,0.01
LAC,rur,d6,electricity,20,2090,0.01
LAC,urb,d6,electricity,20,2090,0.01
LAC,rur,d7,electricity,20,2090,0.01
LAC,urb,d7,electricity,20,2090,0.01
LAC,rur,d8,electricity,20,2090,0.01
LAC,urb,d8,electricity,20,2090,0.01
LAC,rur,d9,electricity,20,2090,0.01
LAC,urb,d9,electricity,20,2090,0.01
LAC,rur,d10,electricity,20,2090,0.01
LAC,urb,d10,electricity,20,2090,0.01
LAC,rur,d1,biomass_solid,20,2095,0.01
LAC,urb,d1,biomass_solid,20,2095,0.01
LAC,rur,d2,biomass_solid,20,2095,0.01
LAC,urb,d2,biomass_solid,20,2095,0.01
LAC,rur,d3,biomass_solid,20,2095,0.01
LAC,urb,d3,biomass_solid,20,2095,0.01
LAC,rur,d4,biomass_solid,20,2095,0.01
LAC,urb,d4,biomass_solid,20,2095,0.01
LAC,rur,d5,biomass_solid,20,2095,0.01
LAC,urb,d5,biomass_solid,20,2095,0.01
LAC,rur,d6,biomass_solid,20,2095,0.01
LAC,urb,d6,biomass_solid,20,2095,0.01
LAC,rur,d7,biomass_solid,20,2095,0.01
LAC,urb,d7,biomass_solid,20,2095,0.01
LAC,rur,d8,biomass_solid,20,2095,0.01
LAC,urb,d8,biomass_solid,20,2095,0.01
LAC,rur,d9,biomass_solid,20,2095,0.01
LAC,urb,d9,biomass_solid,20,2095,0.01
LAC,rur,d10,biomass_solid,20,2095,0.01
LAC,urb,d10,biomass_solid,20,2095,0.01
LAC,rur,d1,coal,20,2095,0.01
LAC,urb,d1,coal,20,2095,0.01
LAC,rur,d2,coal,20,2095,0.01
LAC,urb,d2,coal,20,2095,0.01
LAC,rur,d3,coal,20,2095,0.01
LAC,urb,d3,coal,20,2095,0.01
LAC,rur,d4,coal,20,2095,0.01
LAC,urb,d4,coal,20,2095,0.01
LAC,rur,d5,coal,20,2095,0.01
LAC,urb,d5,coal,20,2095,0.01
LAC,rur,d6,coal,20,2095,0.01
LAC,urb,d6,coal,20,2095,0.01
LAC,rur,d7,coal,20,2095,0.01
LAC,urb,d7,coal,20,2095,0.01
LAC,rur,d8,coal,20,2095,0.01
LAC,urb,d8,coal,20,2095,0.01
LAC,rur,d9,coal,20,2095,0.01
LAC,urb,d9,coal,20,2095,0.01
LAC,rur,d10,coal,20,2095,0.01
LAC,urb,d10,coal,20,2095,0.01
LAC,rur,d1,oil,20,2095,0.01
LAC,urb,d1,oil,20,2095,0.01
LAC,rur,d2,oil,20,2095,0.01
LAC,urb,d2,oil,20,2095,0.01
LAC,rur,d3,oil,20,2095,0.01
LAC,urb,d3,oil,20,2095,0.01
LAC,rur,d4,oil,20,2095,0.01
LAC,urb,d4,oil,20,2095,0.01
LAC,rur,d5,oil,20,2095,0.01
LAC,urb,d5,oil,20,2095,0.01
LAC,rur,d6,oil,20,2095,0.01
LAC,urb,d6,oil,20,2095,0.01
LAC,rur,d7,oil,20,2095,0.01
LAC,urb,d7,oil,20,2095,0.01
LAC,rur,d8,oil,20,2095,0.01
LAC,urb,d8,oil,20,2095,0.01
LAC,rur,d9,oil,20,2095,0.01
LAC,urb,d9,oil,20,2095,0.01
LAC,rur,d10,oil,20,2095,0.01
LAC,urb,d10,oil,20,2095,0.01
LAC,rur,d1,gas,20,2095,0.01
LAC,urb,d1,gas,20,2095,0.01
LAC,rur,d2,gas,20,2095,0.01
LAC,urb,d2,gas,20,2095,0.01
LAC,rur,d3,gas,20,2095,0.01
LAC,urb,d3,gas,20,2095,0.01
LAC,rur,d4,gas,20,2095,0.01
LAC,urb,d4,gas,20,2095,0.01
LAC,rur,d5,gas,20,2095,0.01
LAC,urb,d5,gas,20,2095,0.01
LAC,rur,d6,gas,20,2095,0.01
LAC,urb,d6,gas,20,2095,0.01
LAC,rur,d7,gas,20,2095,0.01
LAC,urb,d7,gas,20,2095,0.01
LAC,rur,d8,gas,20,2095,0.01
LAC,urb,d8,gas,20,2095,0.01
LAC,rur,d9,gas,20,2095,0.01
LAC,urb,d9,gas,20,2095,0.01
LAC,rur,d10,gas,20,2095,0.01
LAC,urb,d10,gas,20,2095,0.01
LAC,rur,d1,electricity,20,2095,0.01
LAC,urb,d1,electricity,20,2095,0.01
LAC,rur,d2,electricity,20,2095,0.01
LAC,urb,d2,electricity,20,2095,0.01
LAC,rur,d3,electricity,20,2095,0.01
LAC,urb,d3,electricity,20,2095,0.01
LAC,rur,d4,electricity,20,2095,0.01
LAC,urb,d4,electricity,20,2095,0.01
LAC,rur,d5,electricity,20,2095,0.01
LAC,urb,d5,electricity,20,2095,0.01
LAC,rur,d6,electricity,20,2095,0.01
LAC,urb,d6,electricity,20,2095,0.01
LAC,rur,d7,electricity,20,2095,0.01
LAC,urb,d7,electricity,20,2095,0.01
LAC,rur,d8,electricity,20,2095,0.01
LAC,urb,d8,electricity,20,2095,0.01
LAC,rur,d9,electricity,20,2095,0.01
LAC,urb,d9,electricity,20,2095,0.01
LAC,rur,d10,electricity,20,2095,0.01
LAC,urb,d10,electricity,20,2095,0.01
LAC,rur,d1,biomass_solid,20,2100,0.01
LAC,urb,d1,biomass_solid,20,2100,0.01
LAC,rur,d2,biomass_solid,20,2100,0.01
LAC,urb,d2,biomass_solid,20,2100,0.01
LAC,rur,d3,biomass_solid,20,2100,0.01
LAC,urb,d3,biomass_solid,20,2100,0.01
LAC,rur,d4,biomass_solid,20,2100,0.01
LAC,urb,d4,biomass_solid,20,2100,0.01
LAC,rur,d5,biomass_solid,20,2100,0.01
LAC,urb,d5,biomass_solid,20,2100,0.01
LAC,rur,d6,biomass_solid,20,2100,0.01
LAC,urb,d6,biomass_solid,20,2100,0.01
LAC,rur,d7,biomass_solid,20,2100,0.01
LAC,urb,d7,biomass_solid,20,2100,0.01
LAC,rur,d8,biomass_solid,20,2100,0.01
LAC,urb,d8,biomass_solid,20,2100,0.01
LAC,rur,d9,biomass_solid,20,2100,0.01
LAC,urb,d9,biomass_solid,20,2100,0.01
LAC,rur,d10,biomass_solid,20,2100,0.01
LAC,urb,d10,biomass_solid,20,2100,0.01
LAC,rur,d1,coal,20,2100,0.01
LAC,urb,d1,coal,20,2100,0.01
LAC,rur,d2,coal,20,2100,0.01
LAC,urb,d2,coal,20,2100,0.01
LAC,rur,d3,coal,20,2100,0.01
LAC,urb,d3,coal,20,2100,0.01
LAC,rur,d4,coal,20,2100,0.01
LAC,urb,d4,coal,20,2100,0.01
LAC,rur,d5,coal,20,2100,0.01
LAC,urb,d5,coal,20,2100,0.01
LAC,rur,d6,coal,20,2100,0.01
LAC,urb,d6,coal,20,2100,0.01
LAC,rur,d7,coal,20,2100,0.01
LAC,urb,d7,coal,20,2100,0.01
LAC,rur,d8,coal,20,2100,0.01
LAC,urb,d8,coal,20,2100,0.01
LAC,rur,d9,coal,20,2100,0.01
LAC,urb,d9,coal,20,2100,0.01
LAC,rur,d10,coal,20,2100,0.01
LAC,urb,d10,coal,20,2100,0.01
LAC,rur,d1,oil,20,2100,0.01
LAC,urb,d1,oil,20,2100,0.01
LAC,rur,d2,oil,20,2100,0.01
LAC,urb,d2,oil,20,2100,0.01
LAC,rur,d3,oil,20,2100,0.01
LAC,urb,d3,oil,20,2100,0.01
LAC,rur,d4,oil,20,2100,0.01
LAC,urb,d4,oil,20,2100,0.01
LAC,rur,d5,oil,20,2100,0.01
LAC,urb,d5,oil,20,2100,0.01
LAC,rur,d6,oil,20,2100,0.01
LAC,urb,d6,oil,20,2100,0.01
LAC,rur,d7,oil,20,2100,0.01
LAC,urb,d7,oil,20,2100,0.01
LAC,rur,d8,oil,20,2100,0.01
LAC,urb,d8,oil,20,2100,0.01
LAC,rur,d9,oil,20,2100,0.01
LAC,urb,d9,oil,20,2100,0.01
LAC,rur,d10,oil,20,2100,0.01
LAC,urb,d10,oil,20,2100,0.01
LAC,rur,d1,gas,20,2100,0.01
LAC,urb,d1,gas,20,2100,0.01
LAC,rur,d2,gas,20,2100,0.01
LAC,urb,d2,gas,20,2100,0.01
LAC,rur,d3,gas,20,2100,0.01
LAC,urb,d3,gas,20,2100,0.01
LAC,rur,d4,gas,20,2100,0.01
LAC,urb,d4,gas,20,2100,0.01
LAC,rur,d5,gas,20,2100,0.01
LAC,urb,d5,gas,20,2100,0.01
LAC,rur,d6,gas,20,2100,0.01
LAC,urb,d6,gas,20,2100,0.01
LAC,rur,d7,gas,20,2100,0.01
LAC,urb,d7,gas,20,2100,0.01
LAC,rur,d8,gas,20,2100,0.01
LAC,urb,d8,gas,20,2100,0.01
LAC,rur,d9,gas,20,2100,0.01
LAC,urb,d9,gas,20,2100,0.01
LAC,rur,d10,gas,20,2100,0.01
LAC,urb,d10,gas,20,2100,0.01
LAC,rur,d1,electricity,20,2100,0.01
LAC,urb,d1,electricity,20,2100,0.01
LAC,rur,d2,electricity,20,2100,0.01
LAC,urb,d2,electricity,20,2100,0.01
LAC,rur,d3,electricity,20,2100,0.01
LAC,urb,d3,electricity,20,2100,0.01
LAC,rur,d4,electricity,20,2100,0.01
LAC,urb,d4,electricity,20,2100,0.01
LAC,rur,d5,electricity,20,2100,0.01
LAC,urb,d5,electricity,20,2100,0.01
LAC,rur,d6,electricity,20,2100,0.01
LAC,urb,d6,electricity,20,2100,0.01
LAC,rur,d7,electricity,20,2100,0.01
LAC,urb,d7,electricity,20,2100,0.01
LAC,rur,d8,electricity,20,2100,0.01
LAC,urb,d8,electricity,20,2100,0.01
LAC,rur,d9,electricity,20,2100,0.01
LAC,urb,d9,electricity,20,2100,0.01
LAC,rur,d10,electricity,20,2100,0.01
LAC,urb,d10,electricity,20,2100,0.01
MEA,rur,d1,biomass_solid,20,2020,0.01
MEA,urb,d1,biomass_solid,20,2020,0.01
MEA,rur,d2,biomass_solid,20,2020,0.01
MEA,urb,d2,biomass_solid,20,2020,0.01
MEA,rur,d3,biomass_solid,20,2020,0.01
MEA,urb,d3,biomass_solid,20,2020,0.01
MEA,rur,d4,biomass_solid,20,2020,0.01
MEA,urb,d4,biomass_solid,20,2020,0.01
MEA,rur,d5,biomass_solid,20,2020,0.01
MEA,urb,d5,biomass_solid,20,2020,0.01
MEA,rur,d6,biomass_solid,20,2020,0.01
MEA,urb,d6,biomass_solid,20,2020,0.01
MEA,rur,d7,biomass_solid,20,2020,0.01
MEA,urb,d7,biomass_solid,20,2020,0.01
MEA,rur,d8,biomass_solid,20,2020,0.01
MEA,urb,d8,biomass_solid,20,2020,0.01
MEA,rur,d9,biomass_solid,20,2020,0.01
MEA,urb,d9,biomass_solid,20,2020,0.01
MEA,rur,d10,biomass_solid,20,2020,0.01
MEA,urb,d10,biomass_solid,20,2020,0.01
MEA,rur,d1,coal,20,2020,0.01
MEA,urb,d1,coal,20,2020,0.01
MEA,rur,d2,coal,20,2020,0.01
MEA,urb,d2,coal,20,2020,0.01
MEA,rur,d3,coal,20,2020,0.01
MEA,urb,d3,coal,20,2020,0.01
MEA,rur,d4,coal,20,2020,0.01
MEA,urb,d4,coal,20,2020,0.01
MEA,rur,d5,coal,20,2020,0.01
MEA,urb,d5,coal,20,2020,0.01
MEA,rur,d6,coal,20,2020,0.01
MEA,urb,d6,coal,20,2020,0.01
MEA,rur,d7,coal,20,2020,0.01
MEA,urb,d7,coal,20,2020,0.01
MEA,rur,d8,coal,20,2020,0.01
MEA,urb,d8,coal,20,2020,0.01
MEA,rur,d9,coal,20,2020,0.01
MEA,urb,d9,coal,20,2020,0.01
MEA,rur,d10,coal,20,2020,0.01
MEA,urb,d10,coal,20,2020,0.01
MEA,rur,d1,oil,20,2020,0.01
MEA,urb,d1,oil,20,2020,0.01
MEA,rur,d2,oil,20,2020,0.01
MEA,urb,d2,oil,20,2020,0.01
MEA,rur,d3,oil,20,2020,0.01
MEA,urb,d3,oil,20,2020,0.01
MEA,rur,d4,oil,20,2020,0.01
MEA,urb,d4,oil,20,2020,0.01
MEA,rur,d5,oil,20,2020,0.01
MEA,urb,d5,oil,20,2020,0.01
MEA,rur,d6,oil,20,2020,0.01
MEA,urb,d6,oil,20,2020,0.01
MEA,rur,d7,oil,20,2020,0.01
MEA,urb,d7,oil,20,2020,0.01
MEA,rur,d8,oil,20,2020,0.01
MEA,urb,d8,oil,20,2020,0.01
MEA,rur,d9,oil,20,2020,0.01
MEA,urb,d9,oil,20,2020,0.01
MEA,rur,d10,oil,20,2020,0.01
MEA,urb,d10,oil,20,2020,0.01
MEA,rur,d1,gas,20,2020,0.01
MEA,urb,d1,gas,20,2020,0.01
MEA,rur,d2,gas,20,2020,0.01
MEA,urb,d2,gas,20,2020,0.01
MEA,rur,d3,gas,20,2020,0.01
MEA,urb,d3,gas,20,2020,0.01
MEA,rur,d4,gas,20,2020,0.01
MEA,urb,d4,gas,20,2020,0.01
MEA,rur,d5,gas,20,2020,0.01
MEA,urb,d5,gas,20,2020,0.01
MEA,rur,d6,gas,20,2020,0.01
MEA,urb,d6,gas,20,2020,0.01
MEA,rur,d7,gas,20,2020,0.01
MEA,urb,d7,gas,20,2020,0.01
MEA,rur,d8,gas,20,2020,0.01
MEA,urb,d8,gas,20,2020,0.01
MEA,rur,d9,gas,20,2020,0.01
MEA,urb,d9,gas,20,2020,0.01
MEA,rur,d10,gas,20,2020,0.01
MEA,urb,d10,gas,20,2020,0.01
MEA,rur,d1,electricity,20,2020,0.01
MEA,urb,d1,electricity,20,2020,0.01
MEA,rur,d2,electricity,20,2020,0.01
MEA,urb,d2,electricity,20,2020,0.01
MEA,rur,d3,electricity,20,2020,0.01
MEA,urb,d3,electricity,20,2020,0.01
MEA,rur,d4,electricity,20,2020,0.01
MEA,urb,d4,electricity,20,2020,0.01
MEA,rur,d5,electricity,20,2020,0.01
MEA,urb,d5,electricity,20,2020,0.01
MEA,rur,d6,electricity,20,2020,0.01
MEA,urb,d6,electricity,20,2020,0.01
MEA,rur,d7,electricity,20,2020,0.01
MEA,urb,d7,electricity,20,2020,0.01
MEA,rur,d8,electricity,20,2020,0.01
MEA,urb,d8,electricity,20,2020,0.01
MEA,rur,d9,electricity,20,2020,0.01
MEA,urb,d9,electricity,20,2020,0.01
MEA,rur,d10,electricity,20,2020,0.01
MEA,urb,d10,electricity,20,2020,0.01
MEA,rur,d1,biomass_solid,20,2025,0.01
MEA,urb,d1,biomass_solid,20,2025,0.01
MEA,rur,d2,biomass_solid,20,2025,0.01
MEA,urb,d2,biomass_solid,20,2025,0.01
MEA,rur,d3,biomass_solid,20,2025,0.01
MEA,urb,d3,biomass_solid,20,2025,0.01
MEA,rur,d4,biomass_solid,20,2025,0.01
MEA,urb,d4,biomass_solid,20,2025,0.01
MEA,rur,d5,biomass_solid,20,2025,0.01
MEA,urb,d5,biomass_solid,20,2025,0.01
MEA,rur,d6,biomass_solid,20,2025,0.01
MEA,urb,d6,biomass_solid,20,2025,0.01
MEA,rur,d7,biomass_solid,20,2025,0.01
MEA,urb,d7,biomass_solid,20,2025,0.01
MEA,rur,d8,biomass_solid,20,2025,0.01
MEA,urb,d8,biomass_solid,20,2025,0.01
MEA,rur,d9,biomass_solid,20,2025,0.01
MEA,urb,d9,biomass_solid,20,2025,0.01
MEA,rur,d10,biomass_solid,20,2025,0.01
MEA,urb,d10,biomass_solid,20,2025,0.01
MEA,rur,d1,coal,20,2025,0.01
MEA,urb,d1,coal,20,2025,0.01
MEA,rur,d2,coal,20,2025,0.01
MEA,urb,d2,coal,20,2025,0.01
MEA,rur,d3,coal,20,2025,0.01
MEA,urb,d3,coal,20,2025,0.01
MEA,rur,d4,coal,20,2025,0.01
MEA,urb,d4,coal,20,2025,0.01
MEA,rur,d5,coal,20,2025,0.01
MEA,urb,d5,coal,20,2025,0.01
MEA,rur,d6,coal,20,2025,0.01
MEA,urb,d6,coal,20,2025,0.01
MEA,rur,d7,coal,20,2025,0.01
MEA,urb,d7,coal,20,2025,0.01
MEA,rur,d8,coal,20,2025,0.01
MEA,urb,d8,coal,20,2025,0.01
MEA,rur,d9,coal,20,2025,0.01
MEA,urb,d9,coal,20,2025,0.01
MEA,rur,d10,coal,20,2025,0.01
MEA,urb,d10,coal,20,2025,0.01
MEA,rur,d1,oil,20,2025,0.01
MEA,urb,d1,oil,20,2025,0.01
MEA,rur,d2,oil,20,2025,0.01
MEA,urb,d2,oil,20,2025,0.01
MEA,rur,d3,oil,20,2025,0.01
MEA,urb,d3,oil,20,2025,0.01
MEA,rur,d4,oil,20,2025,0.01
MEA,urb,d4,oil,20,2025,0.01
MEA,rur,d5,oil,20,2025,0.01
MEA,urb,d5,oil,20,2025,0.01
MEA,rur,d6,oil,20,2025,0.01
MEA,urb,d6,oil,20,2025,0.01
MEA,rur,d7,oil,20,2025,0.01
MEA,urb,d7,oil,20,2025,0.01
MEA,rur,d8,oil,20,2025,0.01
MEA,urb,d8,oil,20,2025,0.01
MEA,rur,d9,oil,20,2025,0.01
MEA,urb,d9,oil,20,2025,0.01
MEA,rur,d10,oil,20,2025,0.01
MEA,urb,d10,oil,20,2025,0.01
MEA,rur,d1,gas,20,2025,0.01
MEA,urb,d1,gas,20,2025,0.01
MEA,rur,d2,gas,20,2025,0.01
MEA,urb,d2,gas,20,2025,0.01
MEA,rur,d3,gas,20,2025,0.01
MEA,urb,d3,gas,20,2025,0.01
MEA,rur,d4,gas,20,2025,0.01
MEA,urb,d4,gas,20,2025,0.01
MEA,rur,d5,gas,20,2025,0.01
MEA,urb,d5,gas,20,2025,0.01
MEA,rur,d6,gas,20,2025,0.01
MEA,urb,d6,gas,20,2025,0.01
MEA,rur,d7,gas,20,2025,0.01
MEA,urb,d7,gas,20,2025,0.01
MEA,rur,d8,gas,20,2025,0.01
MEA,urb,d8,gas,20,2025,0.01
MEA,rur,d9,gas,20,2025,0.01
MEA,urb,d9,gas,20,2025,0.01
MEA,rur,d10,gas,20,2025,0.01
MEA,urb,d10,gas,20,2025,0.01
MEA,rur,d1,electricity,20,2025,0.01
MEA,urb,d1,electricity,20,2025,0.01
MEA,rur,d2,electricity,20,2025,0.01
MEA,urb,d2,electricity,20,2025,0.01
MEA,rur,d3,electricity,20,2025,0.01
MEA,urb,d3,electricity,20,2025,0.01
MEA,rur,d4,electricity,20,2025,0.01
MEA,urb,d4,electricity,20,2025,0.01
MEA,rur,d5,electricity,20,2025,0.01
MEA,urb,d5,electricity,20,2025,0.01
MEA,rur,d6,electricity,20,2025,0.01
MEA,urb,d6,electricity,20,2025,0.01
MEA,rur,d7,electricity,20,2025,0.01
MEA,urb,d7,electricity,20,2025,0.01
MEA,rur,d8,electricity,20,2025,0.01
MEA,urb,d8,electricity,20,2025,0.01
MEA,rur,d9,electricity,20,2025,0.01
MEA,urb,d9,electricity,20,2025,0.01
MEA,rur,d10,electricity,20,2025,0.01
MEA,urb,d10,electricity,20,2025,0.01
MEA,rur,d1,biomass_solid,20,2030,0.01
MEA,urb,d1,biomass_solid,20,2030,0.01
MEA,rur,d2,biomass_solid,20,2030,0.01
MEA,urb,d2,biomass_solid,20,2030,0.01
MEA,rur,d3,biomass_solid,20,2030,0.01
MEA,urb,d3,biomass_solid,20,2030,0.01
MEA,rur,d4,biomass_solid,20,2030,0.01
MEA,urb,d4,biomass_solid,20,2030,0.01
MEA,rur,d5,biomass_solid,20,2030,0.01
MEA,urb,d5,biomass_solid,20,2030,0.01
MEA,rur,d6,biomass_solid,20,2030,0.01
MEA,urb,d6,biomass_solid,20,2030,0.01
MEA,rur,d7,biomass_solid,20,2030,0.01
MEA,urb,d7,biomass_solid,20,2030,0.01
MEA,rur,d8,biomass_solid,20,2030,0.01
MEA,urb,d8,biomass_solid,20,2030,0.01
MEA,rur,d9,biomass_solid,20,2030,0.01
MEA,urb,d9,biomass_solid,20,2030,0.01
MEA,rur,d10,biomass_solid,20,2030,0.01
MEA,urb,d10,biomass_solid,20,2030,0.01
MEA,rur,d1,coal,20,2030,0.01
MEA,urb,d1,coal,20,2030,0.01
MEA,rur,d2,coal,20,2030,0.01
MEA,urb,d2,coal,20,2030,0.01
MEA,rur,d3,coal,20,2030,0.01
MEA,urb,d3,coal,20,2030,0.01
MEA,rur,d4,coal,20,2030,0.01
MEA,urb,d4,coal,20,2030,0.01
MEA,rur,d5,coal,20,2030,0.01
MEA,urb,d5,coal,20,2030,0.01
MEA,rur,d6,coal,20,2030,0.01
MEA,urb,d6,coal,20,2030,0.01
MEA,rur,d7,coal,20,2030,0.01
MEA,urb,d7,coal,20,2030,0.01
MEA,rur,d8,coal,20,2030,0.01
MEA,urb,d8,coal,20,2030,0.01
MEA,rur,d9,coal,20,2030,0.01
MEA,urb,d9,coal,20,2030,0.01
MEA,rur,d10,coal,20,2030,0.01
MEA,urb,d10,coal,20,2030,0.01
MEA,rur,d1,oil,20,2030,0.01
MEA,urb,d1,oil,20,2030,0.01
MEA,rur,d2,oil,20,2030,0.01
MEA,urb,d2,oil,20,2030,0.01
MEA,rur,d3,oil,20,2030,0.01
MEA,urb,d3,oil,20,2030,0.01
MEA,rur,d4,oil,20,2030,0.01
MEA,urb,d4,oil,20,2030,0.01
MEA,rur,d5,oil,20,2030,0.01
MEA,urb,d5,oil,20,2030,0.01
MEA,rur,d6,oil,20,2030,0.01
MEA,urb,d6,oil,20,2030,0.01
MEA,rur,d7,oil,20,2030,0.01
MEA,urb,d7,oil,20,2030,0.01
MEA,rur,d8,oil,20,2030,0.01
MEA,urb,d8,oil,20,2030,0.01
MEA,rur,d9,oil,20,2030,0.01
MEA,urb,d9,oil,20,2030,0.01
MEA,rur,d10,oil,20,2030,0.01
MEA,urb,d10,oil,20,2030,0.01
MEA,rur,d1,gas,20,2030,0.01
MEA,urb,d1,gas,20,2030,0.01
MEA,rur,d2,gas,20,2030,0.01
MEA,urb,d2,gas,20,2030,0.01
MEA,rur,d3,gas,20,2030,0.01
MEA,urb,d3,gas,20,2030,0.01
MEA,rur,d4,gas,20,2030,0.01
MEA,urb,d4,gas,20,2030,0.01
MEA,rur,d5,gas,20,2030,0.01
MEA,urb,d5,gas,20,2030,0.01
MEA,rur,d6,gas,20,2030,0.01
MEA,urb,d6,gas,20,2030,0.01
MEA,rur,d7,gas,20,2030,0.01
MEA,urb,d7,gas,20,2030,0.01
MEA,rur,d8,gas,20,2030,0.01
MEA,urb,d8,gas,20,2030,0.01
MEA,rur,d9,gas,20,2030,0.01
MEA,urb,d9,gas,20,2030,0.01
MEA,rur,d10,gas,20,2030,0.01
MEA,urb,d10,gas,20,2030,0.01
MEA,rur,d1,electricity,20,2030,0.01
MEA,urb,d1,electricity,20,2030,0.01
MEA,rur,d2,electricity,20,2030,0.01
MEA,urb,d2,electricity,20,2030,0.01
MEA,rur,d3,electricity,20,2030,0.01
MEA,urb,d3,electricity,20,2030,0.01
MEA,rur,d4,electricity,20,2030,0.01
MEA,urb,d4,electricity,20,2030,0.01
MEA,rur,d5,electricity,20,2030,0.01
MEA,urb,d5,electricity,20,2030,0.01
MEA,rur,d6,electricity,20,2030,0.01
MEA,urb,d6,electricity,20,2030,0.01
MEA,rur,d7,electricity,20,2030,0.01
MEA,urb,d7,electricity,20,2030,0.01
MEA,rur,d8,electricity,20,2030,0.01
MEA,urb,d8,electricity,20,2030,0.01
MEA,rur,d9,electricity,20,2030,0.01
MEA,urb,d9,electricity,20,2030,0.01
MEA,rur,d10,electricity,20,2030,0.01
MEA,urb,d10,electricity,20,2030,0.01
MEA,rur,d1,biomass_solid,20,2035,0.01
MEA,urb,d1,biomass_solid,20,2035,0.01
MEA,rur,d2,biomass_solid,20,2035,0.01
MEA,urb,d2,biomass_solid,20,2035,0.01
MEA,rur,d3,biomass_solid,20,2035,0.01
MEA,urb,d3,biomass_solid,20,2035,0.01
MEA,rur,d4,biomass_solid,20,2035,0.01
MEA,urb,d4,biomass_solid,20,2035,0.01
MEA,rur,d5,biomass_solid,20,2035,0.01
MEA,urb,d5,biomass_solid,20,2035,0.01
MEA,rur,d6,biomass_solid,20,2035,0.01
MEA,urb,d6,biomass_solid,20,2035,0.01
MEA,rur,d7,biomass_solid,20,2035,0.01
MEA,urb,d7,biomass_solid,20,2035,0.01
MEA,rur,d8,biomass_solid,20,2035,0.01
MEA,urb,d8,biomass_solid,20,2035,0.01
MEA,rur,d9,biomass_solid,20,2035,0.01
MEA,urb,d9,biomass_solid,20,2035,0.01
MEA,rur,d10,biomass_solid,20,2035,0.01
MEA,urb,d10,biomass_solid,20,2035,0.01
MEA,rur,d1,coal,20,2035,0.01
MEA,urb,d1,coal,20,2035,0.01
MEA,rur,d2,coal,20,2035,0.01
MEA,urb,d2,coal,20,2035,0.01
MEA,rur,d3,coal,20,2035,0.01
MEA,urb,d3,coal,20,2035,0.01
MEA,rur,d4,coal,20,2035,0.01
MEA,urb,d4,coal,20,2035,0.01
MEA,rur,d5,coal,20,2035,0.01
MEA,urb,d5,coal,20,2035,0.01
MEA,rur,d6,coal,20,2035,0.01
MEA,urb,d6,coal,20,2035,0.01
MEA,rur,d7,coal,20,2035,0.01
MEA,urb,d7,coal,20,2035,0.01
MEA,rur,d8,coal,20,2035,0.01
MEA,urb,d8,coal,20,2035,0.01
MEA,rur,d9,coal,20,2035,0.01
MEA,urb,d9,coal,20,2035,0.01
MEA,rur,d10,coal,20,2035,0.01
MEA,urb,d10,coal,20,2035,0.01
MEA,rur,d1,oil,20,2035,0.01
MEA,urb,d1,oil,20,2035,0.01
MEA,rur,d2,oil,20,2035,0.01
MEA,urb,d2,oil,20,2035,0.01
MEA,rur,d3,oil,20,2035,0.01
MEA,urb,d3,oil,20,2035,0.01
MEA,rur,d4,oil,20,2035,0.01
MEA,urb,d4,oil,20,2035,0.01
MEA,rur,d5,oil,20,2035,0.01
MEA,urb,d5,oil,20,2035,0.01
MEA,rur,d6,oil,20,2035,0.01
MEA,urb,d6,oil,20,2035,0.01
MEA,rur,d7,oil,20,2035,0.01
MEA,urb,d7,oil,20,2035,0.01
MEA,rur,d8,oil,20,2035,0.01
MEA,urb,d8,oil,20,2035,0.01
MEA,rur,d9,oil,20,2035,0.01
MEA,urb,d9,oil,20,2035,0.01
MEA,rur,d10,oil,20,2035,0.01
MEA,urb,d10,oil,20,2035,0.01
MEA,rur,d1,gas,20,2035,0.01
MEA,urb,d1,gas,20,2035,0.01
MEA,rur,d2,gas,20,2035,0.01
MEA,urb,d2,gas,20,2035,0.01
MEA,rur,d3,gas,20,2035,0.01
MEA,urb,d3,gas,20,2035,0.01
MEA,rur,d4,gas,20,2035,0.01
MEA,urb,d4,gas,20,2035,0.01
MEA,rur,d5,gas,20,2035,0.01
MEA,urb,d5,gas,20,2035,0.01
MEA,rur,d6,gas,20,2035,0.01
MEA,urb,d6,gas,20,2035,0.01
MEA,rur,d7,gas,20,2035,0.01
MEA,urb,d7,gas,20,2035,0.01
MEA,rur,d8,gas,20,2035,0.01
MEA,urb,d8,gas,20,2035,0.01
MEA,rur,d9,gas,20,2035,0.01
MEA,urb,d9,gas,20,2035,0.01
MEA,rur,d10,gas,20,2035,0.01
MEA,urb,d10,gas,20,2035,0.01
MEA,rur,d1,electricity,20,2035,0.01
MEA,urb,d1,electricity,20,2035,0.01
MEA,rur,d2,electricity,20,2035,0.01
MEA,urb,d2,electricity,20,2035,0.01
MEA,rur,d3,electricity,20,2035,0.01
MEA,urb,d3,electricity,20,2035,0.01
MEA,rur,d4,electricity,20,2035,0.01
MEA,urb,d4,electricity,20,2035,0.01
MEA,rur,d5,electricity,20,2035,0.01
MEA,urb,d5,electricity,20,2035,0.01
MEA,rur,d6,electricity,20,2035,0.01
MEA,urb,d6,electricity,20,2035,0.01
MEA,rur,d7,electricity,20,2035,0.01
MEA,urb,d7,electricity,20,2035,0.01
MEA,rur,d8,electricity,20,2035,0.01
MEA,urb,d8,electricity,20,2035,0.01
MEA,rur,d9,electricity,20,2035,0.01
MEA,urb,d9,electricity,20,2035,0.01
MEA,rur,d10,electricity,20,2035,0.01
MEA,urb,d10,electricity,20,2035,0.01
MEA,rur,d1,biomass_solid,20,2040,0.01
MEA,urb,d1,biomass_solid,20,2040,0.01
MEA,rur,d2,biomass_solid,20,2040,0.01
MEA,urb,d2,biomass_solid,20,2040,0.01
MEA,rur,d3,biomass_solid,20,2040,0.01
MEA,urb,d3,biomass_solid,20,2040,0.01
MEA,rur,d4,biomass_solid,20,2040,0.01
MEA,urb,d4,biomass_solid,20,2040,0.01
MEA,rur,d5,biomass_solid,20,2040,0.01
MEA,urb,d5,biomass_solid,20,2040,0.01
MEA,rur,d6,biomass_solid,20,2040,0.01
MEA,urb,d6,biomass_solid,20,2040,0.01
MEA,rur,d7,biomass_solid,20,2040,0.01
MEA,urb,d7,biomass_solid,20,2040,0.01
MEA,rur,d8,biomass_solid,20,2040,0.01
MEA,urb,d8,biomass_solid,20,2040,0.01
MEA,rur,d9,biomass_solid,20,2040,0.01
MEA,urb,d9,biomass_solid,20,2040,0.01
MEA,rur,d10,biomass_solid,20,2040,0.01
MEA,urb,d10,biomass_solid,20,2040,0.01
MEA,rur,d1,coal,20,2040,0.01
MEA,urb,d1,coal,20,2040,0.01
MEA,rur,d2,coal,20,2040,0.01
MEA,urb,d2,coal,20,2040,0.01
MEA,rur,d3,coal,20,2040,0.01
MEA,urb,d3,coal,20,2040,0.01
MEA,rur,d4,coal,20,2040,0.01
MEA,urb,d4,coal,20,2040,0.01
MEA,rur,d5,coal,20,2040,0.01
MEA,urb,d5,coal,20,2040,0.01
MEA,rur,d6,coal,20,2040,0.01
MEA,urb,d6,coal,20,2040,0.01
MEA,rur,d7,coal,20,2040,0.01
MEA,urb,d7,coal,20,2040,0.01
MEA,rur,d8,coal,20,2040,0.01
MEA,urb,d8,coal,20,2040,0.01
MEA,rur,d9,coal,20,2040,0.01
MEA,urb,d9,coal,20,2040,0.01
MEA,rur,d10,coal,20,2040,0.01
MEA,urb,d10,coal,20,2040,0.01
MEA,rur,d1,oil,20,2040,0.01
MEA,urb,d1,oil,20,2040,0.01
MEA,rur,d2,oil,20,2040,0.01
MEA,urb,d2,oil,20,2040,0.01
MEA,rur,d3,oil,20,2040,0.01
MEA,urb,d3,oil,20,2040,0.01
MEA,rur,d4,oil,20,2040,0.01
MEA,urb,d4,oil,20,2040,0.01
MEA,rur,d5,oil,20,2040,0.01
MEA,urb,d5,oil,20,2040,0.01
MEA,rur,d6,oil,20,2040,0.01
MEA,urb,d6,oil,20,2040,0.01
MEA,rur,d7,oil,20,2040,0.01
MEA,urb,d7,oil,20,2040,0.01
MEA,rur,d8,oil,20,2040,0.01
MEA,urb,d8,oil,20,2040,0.01
MEA,rur,d9,oil,20,2040,0.01
MEA,urb,d9,oil,20,2040,0.01
MEA,rur,d10,oil,20,2040,0.01
MEA,urb,d10,oil,20,2040,0.01
MEA,rur,d1,gas,20,2040,0.01
MEA,urb,d1,gas,20,2040,0.01
MEA,rur,d2,gas,20,2040,0.01
MEA,urb,d2,gas,20,2040,0.01
MEA,rur,d3,gas,20,2040,0.01
MEA,urb,d3,gas,20,2040,0.01
MEA,rur,d4,gas,20,2040,0.01
MEA,urb,d4,gas,20,2040,0.01
MEA,rur,d5,gas,20,2040,0.01
MEA,urb,d5,gas,20,2040,0.01
MEA,rur,d6,gas,20,2040,0.01
MEA,urb,d6,gas,20,2040,0.01
MEA,rur,d7,gas,20,2040,0.01
MEA,urb,d7,gas,20,2040,0.01
MEA,rur,d8,gas,20,2040,0.01
MEA,urb,d8,gas,20,2040,0.01
MEA,rur,d9,gas,20,2040,0.01
MEA,urb,d9,gas,20,2040,0.01
MEA,rur,d10,gas,20,2040,0.01
MEA,urb,d10,gas,20,2040,0.01
MEA,rur,d1,electricity,20,2040,0.01
MEA,urb,d1,electricity,20,2040,0.01
MEA,rur,d2,electricity,20,2040,0.01
MEA,urb,d2,electricity,20,2040,0.01
MEA,rur,d3,electricity,20,2040,0.01
MEA,urb,d3,electricity,20,2040,0.01
MEA,rur,d4,electricity,20,2040,0.01
MEA,urb,d4,electricity,20,2040,0.01
MEA,rur,d5,electricity,20,2040,0.01
MEA,urb,d5,electricity,20,2040,0.01
MEA,rur,d6,electricity,20,2040,0.01
MEA,urb,d6,electricity,20,2040,0.01
MEA,rur,d7,electricity,20,2040,0.01
MEA,urb,d7,electricity,20,2040,0.01
MEA,rur,d8,electricity,20,2040,0.01
MEA,urb,d8,electricity,20,2040,0.01
MEA,rur,d9,electricity,20,2040,0.01
MEA,urb,d9,electricity,20,2040,0.01
MEA,rur,d10,electricity,20,2040,0.01
MEA,urb,d10,electricity,20,2040,0.01
MEA,rur,d1,biomass_solid,20,2045,0.01
MEA,urb,d1,biomass_solid,20,2045,0.01
MEA,rur,d2,biomass_solid,20,2045,0.01
MEA,urb,d2,biomass_solid,20,2045,0.01
MEA,rur,d3,biomass_solid,20,2045,0.01
MEA,urb,d3,biomass_solid,20,2045,0.01
MEA,rur,d4,biomass_solid,20,2045,0.01
MEA,urb,d4,biomass_solid,20,2045,0.01
MEA,rur,d5,biomass_solid,20,2045,0.01
MEA,urb,d5,biomass_solid,20,2045,0.01
MEA,rur,d6,biomass_solid,20,2045,0.01
MEA,urb,d6,biomass_solid,20,2045,0.01
MEA,rur,d7,biomass_solid,20,2045,0.01
MEA,urb,d7,biomass_solid,20,2045,0.01
MEA,rur,d8,biomass_solid,20,2045,0.01
MEA,urb,d8,biomass_solid,20,2045,0.01
MEA,rur,d9,biomass_solid,20,2045,0.01
MEA,urb,d9,biomass_solid,20,2045,0.01
MEA,rur,d10,biomass_solid,20,2045,0.01
MEA,urb,d10,biomass_solid,20,2045,0.01
MEA,rur,d1,coal,20,2045,0.01
MEA,urb,d1,coal,20,2045,0.01
MEA,rur,d2,coal,20,2045,0.01
MEA,urb,d2,coal,20,2045,0.01
MEA,rur,d3,coal,20,2045,0.01
MEA,urb,d3,coal,20,2045,0.01
MEA,rur,d4,coal,20,2045,0.01
MEA,urb,d4,coal,20,2045,0.01
MEA,rur,d5,coal,20,2045,0.01
MEA,urb,d5,coal,20,2045,0.01
MEA,rur,d6,coal,20,2045,0.01
MEA,urb,d6,coal,20,2045,0.01
MEA,rur,d7,coal,20,2045,0.01
MEA,urb,d7,coal,20,2045,0.01
MEA,rur,d8,coal,20,2045,0.01
MEA,urb,d8,coal,20,2045,0.01
MEA,rur,d9,coal,20,2045,0.01
MEA,urb,d9,coal,20,2045,0.01
MEA,rur,d10,coal,20,2045,0.01
MEA,urb,d10,coal,20,2045,0.01
MEA,rur,d1,oil,20,2045,0.01
MEA,urb,d1,oil,20,2045,0.01
MEA,rur,d2,oil,20,2045,0.01
MEA,urb,d2,oil,20,2045,0.01
MEA,rur,d3,oil,20,2045,0.01
MEA,urb,d3,oil,20,2045,0.01
MEA,rur,d4,oil,20,2045,0.01
MEA,urb,d4,oil,20,2045,0.01
MEA,rur,d5,oil,20,2045,0.01
MEA,urb,d5,oil,20,2045,0.01
MEA,rur,d6,oil,20,2045,0.01
MEA,urb,d6,oil,20,2045,0.01
MEA,rur,d7,oil,20,2045,0.01
MEA,urb,d7,oil,20,2045,0.01
MEA,rur,d8,oil,20,2045,0.01
MEA,urb,d8,oil,20,2045,0.01
MEA,rur,d9,oil,20,2045,0.01
MEA,urb,d9,oil,20,2045,0.01
MEA,rur,d10,oil,20,2045,0.01
MEA,urb,d10,oil,20,2045,0.01
MEA,rur,d1,gas,20,2045,0.01
MEA,urb,d1,gas,20,2045,0.01
MEA,rur,d2,gas,20,2045,0.01
MEA,urb,d2,gas,20,2045,0.01
MEA,rur,d3,gas,20,2045,0.01
MEA,urb,d3,gas,20,2045,0.01
MEA,rur,d4,gas,20,2045,0.01
MEA,urb,d4,gas,20,2045,0.01
MEA,rur,d5,gas,20,2045,0.01
MEA,urb,d5,gas,20,2045,0.01
MEA,rur,d6,gas,20,2045,0.01
MEA,urb,d6,gas,20,2045,0.01
MEA,rur,d7,gas,20,2045,0.01
MEA,urb,d7,gas,20,2045,0.01
MEA,rur,d8,gas,20,2045,0.01
MEA,urb,d8,gas,20,2045,0.01
MEA,rur,d9,gas,20,2045,0.01
MEA,urb,d9,gas,20,2045,0.01
MEA,rur,d10,gas,20,2045,0.01
MEA,urb,d10,gas,20,2045,0.01
MEA,rur,d1,electricity,20,2045,0.01
MEA,urb,d1,electricity,20,2045,0.01
MEA,rur,d2,electricity,20,2045,0.01
MEA,urb,d2,electricity,20,2045,0.01
MEA,rur,d3,electricity,20,2045,0.01
MEA,urb,d3,electricity,20,2045,0.01
MEA,rur,d4,electricity,20,2045,0.01
MEA,urb,d4,electricity,20,2045,0.01
MEA,rur,d5,electricity,20,2045,0.01
MEA,urb,d5,electricity,20,2045,0.01
MEA,rur,d6,electricity,20,2045,0.01
MEA,urb,d6,electricity,20,2045,0.01
MEA,rur,d7,electricity,20,2045,0.01
MEA,urb,d7,electricity,20,2045,0.01
MEA,rur,d8,electricity,20,2045,0.01
MEA,urb,d8,electricity,20,2045,0.01
MEA,rur,d9,electricity,20,2045,0.01
MEA,urb,d9,electricity,20,2045,0.01
MEA,rur,d10,electricity,20,2045,0.01
MEA,urb,d10,electricity,20,2045,0.01
MEA,rur,d1,biomass_solid,20,2050,0.01
MEA,urb,d1,biomass_solid,20,2050,0.01
MEA,rur,d2,biomass_solid,20,2050,0.01
MEA,urb,d2,biomass_solid,20,2050,0.01
MEA,rur,d3,biomass_solid,20,2050,0.01
MEA,urb,d3,biomass_solid,20,2050,0.01
MEA,rur,d4,biomass_solid,20,2050,0.01
MEA,urb,d4,biomass_solid,20,2050,0.01
MEA,rur,d5,biomass_solid,20,2050,0.01
MEA,urb,d5,biomass_solid,20,2050,0.01
MEA,rur,d6,biomass_solid,20,2050,0.01
MEA,urb,d6,biomass_solid,20,2050,0.01
MEA,rur,d7,biomass_solid,20,2050,0.01
MEA,urb,d7,biomass_solid,20,2050,0.01
MEA,rur,d8,biomass_solid,20,2050,0.01
MEA,urb,d8,biomass_solid,20,2050,0.01
MEA,rur,d9,biomass_solid,20,2050,0.01
MEA,urb,d9,biomass_solid,20,2050,0.01
MEA,rur,d10,biomass_solid,20,2050,0.01
MEA,urb,d10,biomass_solid,20,2050,0.01
MEA,rur,d1,coal,20,2050,0.01
MEA,urb,d1,coal,20,2050,0.01
MEA,rur,d2,coal,20,2050,0.01
MEA,urb,d2,coal,20,2050,0.01
MEA,rur,d3,coal,20,2050,0.01
MEA,urb,d3,coal,20,2050,0.01
MEA,rur,d4,coal,20,2050,0.01
MEA,urb,d4,coal,20,2050,0.01
MEA,rur,d5,coal,20,2050,0.01
MEA,urb,d5,coal,20,2050,0.01
MEA,rur,d6,coal,20,2050,0.01
MEA,urb,d6,coal,20,2050,0.01
MEA,rur,d7,coal,20,2050,0.01
MEA,urb,d7,coal,20,2050,0.01
MEA,rur,d8,coal,20,2050,0.01
MEA,urb,d8,coal,20,2050,0.01
MEA,rur,d9,coal,20,2050,0.01
MEA,urb,d9,coal,20,2050,0.01
MEA,rur,d10,coal,20,2050,0.01
MEA,urb,d10,coal,20,2050,0.01
MEA,rur,d1,oil,20,2050,0.01
MEA,urb,d1,oil,20,2050,0.01
MEA,rur,d2,oil,20,2050,0.01
MEA,urb,d2,oil,20,2050,0.01
MEA,rur,d3,oil,20,2050,0.01
MEA,urb,d3,oil,20,2050,0.01
MEA,rur,d4,oil,20,2050,0.01
MEA,urb,d4,oil,20,2050,0.01
MEA,rur,d5,oil,20,2050,0.01
MEA,urb,d5,oil,20,2050,0.01
MEA,rur,d6,oil,20,2050,0.01
MEA,urb,d6,oil,20,2050,0.01
MEA,rur,d7,oil,20,2050,0.01
MEA,urb,d7,oil,20,2050,0.01
MEA,rur,d8,oil,20,2050,0.01
MEA,urb,d8,oil,20,2050,0.01
MEA,rur,d9,oil,20,2050,0.01
MEA,urb,d9,oil,20,2050,0.01
MEA,rur,d10,oil,20,2050,0.01
MEA,urb,d10,oil,20,2050,0.01
MEA,rur,d1,gas,20,2050,0.01
MEA,urb,d1,gas,20,2050,0.01
MEA,rur,d2,gas,20,2050,0.01
MEA,urb,d2,gas,20,2050,0.01
MEA,rur,d3,gas,20,2050,0.01
MEA,urb,d3,gas,20,2050,0.01
MEA,rur,d4,gas,20,2050,0.01
MEA,urb,d4,gas,20,2050,0.01
MEA,rur,d5,gas,20,2050,0.01
MEA,urb,d5,gas,20,2050,0.01
MEA,rur,d6,gas,20,2050,0.01
MEA,urb,d6,gas,20,2050,0.01
MEA,rur,d7,gas,20,2050,0.01
MEA,urb,d7,gas,20,2050,0.01
MEA,rur,d8,gas,20,2050,0.01
MEA,urb,d8,gas,20,2050,0.01
MEA,rur,d9,gas,20,2050,0.01
MEA,urb,d9,gas,20,2050,0.01
MEA,rur,d10,gas,20,2050,0.01
MEA,urb,d10,gas,20,2050,0.01
MEA,rur,d1,electricity,20,2050,0.01
MEA,urb,d1,electricity,20,2050,0.01
MEA,rur,d2,electricity,20,2050,0.01
MEA,urb,d2,electricity,20,2050,0.01
MEA,rur,d3,electricity,20,2050,0.01
MEA,urb,d3,electricity,20,2050,0.01
MEA,rur,d4,electricity,20,2050,0.01
MEA,urb,d4,electricity,20,2050,0.01
MEA,rur,d5,electricity,20,2050,0.01
MEA,urb,d5,electricity,20,2050,0.01
MEA,rur,d6,electricity,20,2050,0.01
MEA,urb,d6,electricity,20,2050,0.01
MEA,rur,d7,electricity,20,2050,0.01
MEA,urb,d7,electricity,20,2050,0.01
MEA,rur,d8,electricity,20,2050,0.01
MEA,urb,d8,electricity,20,2050,0.01
MEA,rur,d9,electricity,20,2050,0.01
MEA,urb,d9,electricity,20,2050,0.01
MEA,rur,d10,electricity,20,2050,0.01
MEA,urb,d10,electricity,20,2050,0.01
MEA,rur,d1,biomass_solid,20,2055,0.01
MEA,urb,d1,biomass_solid,20,2055,0.01
MEA,rur,d2,biomass_solid,20,2055,0.01
MEA,urb,d2,biomass_solid,20,2055,0.01
MEA,rur,d3,biomass_solid,20,2055,0.01
MEA,urb,d3,biomass_solid,20,2055,0.01
MEA,rur,d4,biomass_solid,20,2055,0.01
MEA,urb,d4,biomass_solid,20,2055,0.01
MEA,rur,d5,biomass_solid,20,2055,0.01
MEA,urb,d5,biomass_solid,20,2055,0.01
MEA,rur,d6,biomass_solid,20,2055,0.01
MEA,urb,d6,biomass_solid,20,2055,0.01
MEA,rur,d7,biomass_solid,20,2055,0.01
MEA,urb,d7,biomass_solid,20,2055,0.01
MEA,rur,d8,biomass_solid,20,2055,0.01
MEA,urb,d8,biomass_solid,20,2055,0.01
MEA,rur,d9,biomass_solid,20,2055,0.01
MEA,urb,d9,biomass_solid,20,2055,0.01
MEA,rur,d10,biomass_solid,20,2055,0.01
MEA,urb,d10,biomass_solid,20,2055,0.01
MEA,rur,d1,coal,20,2055,0.01
MEA,urb,d1,coal,20,2055,0.01
MEA,rur,d2,coal,20,2055,0.01
MEA,urb,d2,coal,20,2055,0.01
MEA,rur,d3,coal,20,2055,0.01
MEA,urb,d3,coal,20,2055,0.01
MEA,rur,d4,coal,20,2055,0.01
MEA,urb,d4,coal,20,2055,0.01
MEA,rur,d5,coal,20,2055,0.01
MEA,urb,d5,coal,20,2055,0.01
MEA,rur,d6,coal,20,2055,0.01
MEA,urb,d6,coal,20,2055,0.01
MEA,rur,d7,coal,20,2055,0.01
MEA,urb,d7,coal,20,2055,0.01
MEA,rur,d8,coal,20,2055,0.01
MEA,urb,d8,coal,20,2055,0.01
MEA,rur,d9,coal,20,2055,0.01
MEA,urb,d9,coal,20,2055,0.01
MEA,rur,d10,coal,20,2055,0.01
MEA,urb,d10,coal,20,2055,0.01
MEA,rur,d1,oil,20,2055,0.01
MEA,urb,d1,oil,20,2055,0.01
MEA,rur,d2,oil,20,2055,0.01
MEA,urb,d2,oil,20,2055,0.01
MEA,rur,d3,oil,20,2055,0.01
MEA,urb,d3,oil,20,2055,0.01
MEA,rur,d4,oil,20,2055,0.01
MEA,urb,d4,oil,20,2055,0.01
MEA,rur,d5,oil,20,2055,0.01
MEA,urb,d5,oil,20,2055,0.01
MEA,rur,d6,oil,20,2055,0.01
MEA,urb,d6,oil,20,2055,0.01
MEA,rur,d7,oil,20,2055,0.01
MEA,urb,d7,oil,20,2055,0.01
MEA,rur,d8,oil,20,2055,0.01
MEA,urb,d8,oil,20,2055,0.01
MEA,rur,d9,oil,20,2055,0.01
MEA,urb,d9,oil,20,2055,0.01
MEA,rur,d10,oil,20,2055,0.01
MEA,urb,d10,oil,20,2055,0.01
MEA,rur,d1,gas,20,2055,0.01
MEA,urb,d1,gas,20,2055,0.01
MEA,rur,d2,gas,20,2055,0.01
MEA,urb,d2,gas,20,2055,0.01
MEA,rur,d3,gas,20,2055,0.01
MEA,urb,d3,gas,20,2055,0.01
MEA,rur,d4,gas,20,2055,0.01
MEA,urb,d4,gas,20,2055,0.01
MEA,rur,d5,gas,20,2055,0.01
MEA,urb,d5,gas,20,2055,0.01
MEA,rur,d6,gas,20,2055,0.01
MEA,urb,d6,gas,20,2055,0.01
MEA,rur,d7,gas,20,2055,0.01
MEA,urb,d7,gas,20,2055,0.01
MEA,rur,d8,gas,20,2055,0.01
MEA,urb,d8,gas,20,2055,0.01
MEA,rur,d9,gas,20,2055,0.01
MEA,urb,d9,gas,20,2055,0.01
MEA,rur,d10,gas,20,2055,0.01
MEA,urb,d10,gas,20,2055,0.01
MEA,rur,d1,electricity,20,2055,0.01
MEA,urb,d1,electricity,20,2055,0.01
MEA,rur,d2,electricity,20,2055,0.01
MEA,urb,d2,electricity,20,2055,0.01
MEA,rur,d3,electricity,20,2055,0.01
MEA,urb,d3,electricity,20,2055,0.01
MEA,rur,d4,electricity,20,2055,0.01
MEA,urb,d4,electricity,20,2055,0.01
MEA,rur,d5,electricity,20,2055,0.01
MEA,urb,d5,electricity,20,2055,0.01
MEA,rur,d6,electricity,20,2055,0.01
MEA,urb,d6,electricity,20,2055,0.01
MEA,rur,d7,electricity,20,2055,0.01
MEA,urb,d7,electricity,20,2055,0.01
MEA,rur,d8,electricity,20,2055,0.01
MEA,urb,d8,electricity,20,2055,0.01
MEA,rur,d9,electricity,20,2055,0.01
MEA,urb,d9,electricity,20,2055,0.01
MEA,rur,d10,electricity,20,2055,0.01
MEA,urb,d10,electricity,20,2055,0.01
MEA,rur,d1,biomass_solid,20,2060,0.01
MEA,urb,d1,biomass_solid,20,2060,0.01
MEA,rur,d2,biomass_solid,20,2060,0.01
MEA,urb,d2,biomass_solid,20,2060,0.01
MEA,rur,d3,biomass_solid,20,2060,0.01
MEA,urb,d3,biomass_solid,20,2060,0.01
MEA,rur,d4,biomass_solid,20,2060,0.01
MEA,urb,d4,biomass_solid,20,2060,0.01
MEA,rur,d5,biomass_solid,20,2060,0.01
MEA,urb,d5,biomass_solid,20,2060,0.01
MEA,rur,d6,biomass_solid,20,2060,0.01
MEA,urb,d6,biomass_solid,20,2060,0.01
MEA,rur,d7,biomass_solid,20,2060,0.01
MEA,urb,d7,biomass_solid,20,2060,0.01
MEA,rur,d8,biomass_solid,20,2060,0.01
MEA,urb,d8,biomass_solid,20,2060,0.01
MEA,rur,d9,biomass_solid,20,2060,0.01
MEA,urb,d9,biomass_solid,20,2060,0.01
MEA,rur,d10,biomass_solid,20,2060,0.01
MEA,urb,d10,biomass_solid,20,2060,0.01
MEA,rur,d1,coal,20,2060,0.01
MEA,urb,d1,coal,20,2060,0.01
MEA,rur,d2,coal,20,2060,0.01
MEA,urb,d2,coal,20,2060,0.01
MEA,rur,d3,coal,20,2060,0.01
MEA,urb,d3,coal,20,2060,0.01
MEA,rur,d4,coal,20,2060,0.01
MEA,urb,d4,coal,20,2060,0.01
MEA,rur,d5,coal,20,2060,0.01
MEA,urb,d5,coal,20,2060,0.01
MEA,rur,d6,coal,20,2060,0.01
MEA,urb,d6,coal,20,2060,0.01
MEA,rur,d7,coal,20,2060,0.01
MEA,urb,d7,coal,20,2060,0.01
MEA,rur,d8,coal,20,2060,0.01
MEA,urb,d8,coal,20,2060,0.01
MEA,rur,d9,coal,20,2060,0.01
MEA,urb,d9,coal,20,2060,0.01
MEA,rur,d10,coal,20,2060,0.01
MEA,urb,d10,coal,20,2060,0.01
MEA,rur,d1,oil,20,2060,0.01
MEA,urb,d1,oil,20,2060,0.01
MEA,rur,d2,oil,20,2060,0.01
MEA,urb,d2,oil,20,2060,0.01
MEA,rur,d3,oil,20,2060,0.01
MEA,urb,d3,oil,20,2060,0.01
MEA,rur,d4,oil,20,2060,0.01
MEA,urb,d4,oil,20,2060,0.01
MEA,rur,d5,oil,20,2060,0.01
MEA,urb,d5,oil,20,2060,0.01
MEA,rur,d6,oil,20,2060,0.01
MEA,urb,d6,oil,20,2060,0.01
MEA,rur,d7,oil,20,2060,0.01
MEA,urb,d7,oil,20,2060,0.01
MEA,rur,d8,oil,20,2060,0.01
MEA,urb,d8,oil,20,2060,0.01
MEA,rur,d9,oil,20,2060,0.01
MEA,urb,d9,oil,20,2060,0.01
MEA,rur,d10,oil,20,2060,0.01
MEA,urb,d10,oil,20,2060,0.01
MEA,rur,d1,gas,20,2060,0.01
MEA,urb,d1,gas,20,2060,0.01
MEA,rur,d2,gas,20,2060,0.01
MEA,urb,d2,gas,20,2060,0.01
MEA,rur,d3,gas,20,2060,0.01
MEA,urb,d3,gas,20,2060,0.01
MEA,rur,d4,gas,20,2060,0.01
MEA,urb,d4,gas,20,2060,0.01
MEA,rur,d5,gas,20,2060,0.01
MEA,urb,d5,gas,20,2060,0.01
MEA,rur,d6,gas,20,2060,0.01
MEA,urb,d6,gas,20,2060,0.01
MEA,rur,d7,gas,20,2060,0.01
MEA,urb,d7,gas,20,2060,0.01
MEA,rur,d8,gas,20,2060,0.01
MEA,urb,d8,gas,20,2060,0.01
MEA,rur,d9,gas,20,2060,0.01
MEA,urb,d9,gas,20,2060,0.01
MEA,rur,d10,gas,20,2060,0.01
MEA,urb,d10,gas,20,2060,0.01
MEA,rur,d1,electricity,20,2060,0.01
MEA,urb,d1,electricity,20,2060,0.01
MEA,rur,d2,electricity,20,2060,0.01
MEA,urb,d2,electricity,20,2060,0.01
MEA,rur,d3,electricity,20,2060,0.01
MEA,urb,d3,electricity,20,2060,0.01
MEA,rur,d4,electricity,20,2060,0.01
MEA,urb,d4,electricity,20,2060,0.01
MEA,rur,d5,electricity,20,2060,0.01
MEA,urb,d5,electricity,20,2060,0.01
MEA,rur,d6,electricity,20,2060,0.01
MEA,urb,d6,electricity,20,2060,0.01
MEA,rur,d7,electricity,20,2060,0.01
MEA,urb,d7,electricity,20,2060,0.01
MEA,rur,d8,electricity,20,2060,0.01
MEA,urb,d8,electricity,20,2060,0.01
MEA,rur,d9,electricity,20,2060,0.01
MEA,urb,d9,electricity,20,2060,0.01
MEA,rur,d10,electricity,20,2060,0.01
MEA,urb,d10,electricity,20,2060,0.01
MEA,rur,d1,biomass_solid,20,2065,0.01
MEA,urb,d1,biomass_solid,20,2065,0.01
MEA,rur,d2,biomass_solid,20,2065,0.01
MEA,urb,d2,biomass_solid,20,2065,0.01
MEA,rur,d3,biomass_solid,20,2065,0.01
MEA,urb,d3,biomass_solid,20,2065,0.01
MEA,rur,d4,biomass_solid,20,2065,0.01
MEA,urb,d4,biomass_solid,20,2065,0.01
MEA,rur,d5,biomass_solid,20,2065,0.01
MEA,urb,d5,biomass_solid,20,2065,0.01
MEA,rur,d6,biomass_solid,20,2065,0.01
MEA,urb,d6,biomass_solid,20,2065,0.01
MEA,rur,d7,biomass_solid,20,2065,0.01
MEA,urb,d7,biomass_solid,20,2065,0.01
MEA,rur,d8,biomass_solid,20,2065,0.01
MEA,urb,d8,biomass_solid,20,2065,0.01
MEA,rur,d9,biomass_solid,20,2065,0.01
MEA,urb,d9,biomass_solid,20,2065,0.01
MEA,rur,d10,biomass_solid,20,2065,0.01
MEA,urb,d10,biomass_solid,20,2065,0.01
MEA,rur,d1,coal,20,2065,0.01
MEA,urb,d1,coal,20,2065,0.01
MEA,rur,d2,coal,20,2065,0.01
MEA,urb,d2,coal,20,2065,0.01
MEA,rur,d3,coal,20,2065,0.01
MEA,urb,d3,coal,20,2065,0.01
MEA,rur,d4,coal,20,2065,0.01
MEA,urb,d4,coal,20,2065,0.01
MEA,rur,d5,coal,20,2065,0.01
MEA,urb,d5,coal,20,2065,0.01
MEA,rur,d6,coal,20,2065,0.01
MEA,urb,d6,coal,20,2065,0.01
MEA,rur,d7,coal,20,2065,0.01
MEA,urb,d7,coal,20,2065,0.01
MEA,rur,d8,coal,20,2065,0.01
MEA,urb,d8,coal,20,2065,0.01
MEA,rur,d9,coal,20,2065,0.01
MEA,urb,d9,coal,20,2065,0.01
MEA,rur,d10,coal,20,2065,0.01
MEA,urb,d10,coal,20,2065,0.01
MEA,rur,d1,oil,20,2065,0.01
MEA,urb,d1,oil,20,2065,0.01
MEA,rur,d2,oil,20,2065,0.01
MEA,urb,d2,oil,20,2065,0.01
MEA,rur,d3,oil,20,2065,0.01
MEA,urb,d3,oil,20,2065,0.01
MEA,rur,d4,oil,20,2065,0.01
MEA,urb,d4,oil,20,2065,0.01
MEA,rur,d5,oil,20,2065,0.01
MEA,urb,d5,oil,20,2065,0.01
MEA,rur,d6,oil,20,2065,0.01
MEA,urb,d6,oil,20,2065,0.01
MEA,rur,d7,oil,20,2065,0.01
MEA,urb,d7,oil,20,2065,0.01
MEA,rur,d8,oil,20,2065,0.01
MEA,urb,d8,oil,20,2065,0.01
MEA,rur,d9,oil,20,2065,0.01
MEA,urb,d9,oil,20,2065,0.01
MEA,rur,d10,oil,20,2065,0.01
MEA,urb,d10,oil,20,2065,0.01
MEA,rur,d1,gas,20,2065,0.01
MEA,urb,d1,gas,20,2065,0.01
MEA,rur,d2,gas,20,2065,0.01
MEA,urb,d2,gas,20,2065,0.01
MEA,rur,d3,gas,20,2065,0.01
MEA,urb,d3,gas,20,2065,0.01
MEA,rur,d4,gas,20,2065,0.01
MEA,urb,d4,gas,20,2065,0.01
MEA,rur,d5,gas,20,2065,0.01
MEA,urb,d5,gas,20,2065,0.01
MEA,rur,d6,gas,20,2065,0.01
MEA,urb,d6,gas,20,2065,0.01
MEA,rur,d7,gas,20,2065,0.01
MEA,urb,d7,gas,20,2065,0.01
MEA,rur,d8,gas,20,2065,0.01
MEA,urb,d8,gas,20,2065,0.01
MEA,rur,d9,gas,20,2065,0.01
MEA,urb,d9,gas,20,2065,0.01
MEA,rur,d10,gas,20,2065,0.01
MEA,urb,d10,gas,20,2065,0.01
MEA,rur,d1,electricity,20,2065,0.01
MEA,urb,d1,electricity,20,2065,0.01
MEA,rur,d2,electricity,20,2065,0.01
MEA,urb,d2,electricity,20,2065,0.01
MEA,rur,d3,electricity,20,2065,0.01
MEA,urb,d3,electricity,20,2065,0.01
MEA,rur,d4,electricity,20,2065,0.01
MEA,urb,d4,electricity,20,2065,0.01
MEA,rur,d5,electricity,20,2065,0.01
MEA,urb,d5,electricity,20,2065,0.01
MEA,rur,d6,electricity,20,2065,0.01
MEA,urb,d6,electricity,20,2065,0.01
MEA,rur,d7,electricity,20,2065,0.01
MEA,urb,d7,electricity,20,2065,0.01
MEA,rur,d8,electricity,20,2065,0.01
MEA,urb,d8,electricity,20,2065,0.01
MEA,rur,d9,electricity,20,2065,0.01
MEA,urb,d9,electricity,20,2065,0.01
MEA,rur,d10,electricity,20,2065,0.01
MEA,urb,d10,electricity,20,2065,0.01
MEA,rur,d1,biomass_solid,20,2070,0.01
MEA,urb,d1,biomass_solid,20,2070,0.01
MEA,rur,d2,biomass_solid,20,2070,0.01
MEA,urb,d2,biomass_solid,20,2070,0.01
MEA,rur,d3,biomass_solid,20,2070,0.01
MEA,urb,d3,biomass_solid,20,2070,0.01
MEA,rur,d4,biomass_solid,20,2070,0.01
MEA,urb,d4,biomass_solid,20,2070,0.01
MEA,rur,d5,biomass_solid,20,2070,0.01
MEA,urb,d5,biomass_solid,20,2070,0.01
MEA,rur,d6,biomass_solid,20,2070,0.01
MEA,urb,d6,biomass_solid,20,2070,0.01
MEA,rur,d7,biomass_solid,20,2070,0.01
MEA,urb,d7,biomass_solid,20,2070,0.01
MEA,rur,d8,biomass_solid,20,2070,0.01
MEA,urb,d8,biomass_solid,20,2070,0.01
MEA,rur,d9,biomass_solid,20,2070,0.01
MEA,urb,d9,biomass_solid,20,2070,0.01
MEA,rur,d10,biomass_solid,20,2070,0.01
MEA,urb,d10,biomass_solid,20,2070,0.01
MEA,rur,d1,coal,20,2070,0.01
MEA,urb,d1,coal,20,2070,0.01
MEA,rur,d2,coal,20,2070,0.01
MEA,urb,d2,coal,20,2070,0.01
MEA,rur,d3,coal,20,2070,0.01
MEA,urb,d3,coal,20,2070,0.01
MEA,rur,d4,coal,20,2070,0.01
MEA,urb,d4,coal,20,2070,0.01
MEA,rur,d5,coal,20,2070,0.01
MEA,urb,d5,coal,20,2070,0.01
MEA,rur,d6,coal,20,2070,0.01
MEA,urb,d6,coal,20,2070,0.01
MEA,rur,d7,coal,20,2070,0.01
MEA,urb,d7,coal,20,2070,0.01
MEA,rur,d8,coal,20,2070,0.01
MEA,urb,d8,coal,20,2070,0.01
MEA,rur,d9,coal,20,2070,0.01
MEA,urb,d9,coal,20,2070,0.01
MEA,rur,d10,coal,20,2070,0.01
MEA,urb,d10,coal,20,2070,0.01
MEA,rur,d1,oil,20,2070,0.01
MEA,urb,d1,oil,20,2070,0.01
MEA,rur,d2,oil,20,2070,0.01
MEA,urb,d2,oil,20,2070,0.01
MEA,rur,d3,oil,20,2070,0.01
MEA,urb,d3,oil,20,2070,0.01
MEA,rur,d4,oil,20,2070,0.01
MEA,urb,d4,oil,20,2070,0.01
MEA,rur,d5,oil,20,2070,0.01
MEA,urb,d5,oil,20,2070,0.01
MEA,rur,d6,oil,20,2070,0.01
MEA,urb,d6,oil,20,2070,0.01
MEA,rur,d7,oil,20,2070,0.01
MEA,urb,d7,oil,20,2070,0.01
MEA,rur,d8,oil,20,2070,0.01
MEA,urb,d8,oil,20,2070,0.01
MEA,rur,d9,oil,20,2070,0.01
MEA,urb,d9,oil,20,2070,0.01
MEA,rur,d10,oil,20,2070,0.01
MEA,urb,d10,oil,20,2070,0.01
MEA,rur,d1,gas,20,2070,0.01
MEA,urb,d1,gas,20,2070,0.01
MEA,rur,d2,gas,20,2070,0.01
MEA,urb,d2,gas,20,2070,0.01
MEA,rur,d3,gas,20,2070,0.01
MEA,urb,d3,gas,20,2070,0.01
MEA,rur,d4,gas,20,2070,0.01
MEA,urb,d4,gas,20,2070,0.01
MEA,rur,d5,gas,20,2070,0.01
MEA,urb,d5,gas,20,2070,0.01
MEA,rur,d6,gas,20,2070,0.01
MEA,urb,d6,gas,20,2070,0.01
MEA,rur,d7,gas,20,2070,0.01
MEA,urb,d7,gas,20,2070,0.01
MEA,rur,d8,gas,20,2070,0.01
MEA,urb,d8,gas,20,2070,0.01
MEA,rur,d9,gas,20,2070,0.01
MEA,urb,d9,gas,20,2070,0.01
MEA,rur,d10,gas,20,2070,0.01
MEA,urb,d10,gas,20,2070,0.01
MEA,rur,d1,electricity,20,2070,0.01
MEA,urb,d1,electricity,20,2070,0.01
MEA,rur,d2,electricity,20,2070,0.01
MEA,urb,d2,electricity,20,2070,0.01
MEA,rur,d3,electricity,20,2070,0.01
MEA,urb,d3,electricity,20,2070,0.01
MEA,rur,d4,electricity,20,2070,0.01
MEA,urb,d4,electricity,20,2070,0.01
MEA,rur,d5,electricity,20,2070,0.01
MEA,urb,d5,electricity,20,2070,0.01
MEA,rur,d6,electricity,20,2070,0.01
MEA,urb,d6,electricity,20,2070,0.01
MEA,rur,d7,electricity,20,2070,0.01
MEA,urb,d7,electricity,20,2070,0.01
MEA,rur,d8,electricity,20,2070,0.01
MEA,urb,d8,electricity,20,2070,0.01
MEA,rur,d9,electricity,20,2070,0.01
MEA,urb,d9,electricity,20,2070,0.01
MEA,rur,d10,electricity,20,2070,0.01
MEA,urb,d10,electricity,20,2070,0.01
MEA,rur,d1,biomass_solid,20,2075,0.01
MEA,urb,d1,biomass_solid,20,2075,0.01
MEA,rur,d2,biomass_solid,20,2075,0.01
MEA,urb,d2,biomass_solid,20,2075,0.01
MEA,rur,d3,biomass_solid,20,2075,0.01
MEA,urb,d3,biomass_solid,20,2075,0.01
MEA,rur,d4,biomass_solid,20,2075,0.01
MEA,urb,d4,biomass_solid,20,2075,0.01
MEA,rur,d5,biomass_solid,20,2075,0.01
MEA,urb,d5,biomass_solid,20,2075,0.01
MEA,rur,d6,biomass_solid,20,2075,0.01
MEA,urb,d6,biomass_solid,20,2075,0.01
MEA,rur,d7,biomass_solid,20,2075,0.01
MEA,urb,d7,biomass_solid,20,2075,0.01
MEA,rur,d8,biomass_solid,20,2075,0.01
MEA,urb,d8,biomass_solid,20,2075,0.01
MEA,rur,d9,biomass_solid,20,2075,0.01
MEA,urb,d9,biomass_solid,20,2075,0.01
MEA,rur,d10,biomass_solid,20,2075,0.01
MEA,urb,d10,biomass_solid,20,2075,0.01
MEA,rur,d1,coal,20,2075,0.01
MEA,urb,d1,coal,20,2075,0.01
MEA,rur,d2,coal,20,2075,0.01
MEA,urb,d2,coal,20,2075,0.01
MEA,rur,d3,coal,20,2075,0.01
MEA,urb,d3,coal,20,2075,0.01
MEA,rur,d4,coal,20,2075,0.01
MEA,urb,d4,coal,20,2075,0.01
MEA,rur,d5,coal,20,2075,0.01
MEA,urb,d5,coal,20,2075,0.01
MEA,rur,d6,coal,20,2075,0.01
MEA,urb,d6,coal,20,2075,0.01
MEA,rur,d7,coal,20,2075,0.01
MEA,urb,d7,coal,20,2075,0.01
MEA,rur,d8,coal,20,2075,0.01
MEA,urb,d8,coal,20,2075,0.01
MEA,rur,d9,coal,20,2075,0.01
MEA,urb,d9,coal,20,2075,0.01
MEA,rur,d10,coal,20,2075,0.01
MEA,urb,d10,coal,20,2075,0.01
MEA,rur,d1,oil,20,2075,0.01
MEA,urb,d1,oil,20,2075,0.01
MEA,rur,d2,oil,20,2075,0.01
MEA,urb,d2,oil,20,2075,0.01
MEA,rur,d3,oil,20,2075,0.01
MEA,urb,d3,oil,20,2075,0.01
MEA,rur,d4,oil,20,2075,0.01
MEA,urb,d4,oil,20,2075,0.01
MEA,rur,d5,oil,20,2075,0.01
MEA,urb,d5,oil,20,2075,0.01
MEA,rur,d6,oil,20,2075,0.01
MEA,urb,d6,oil,20,2075,0.01
MEA,rur,d7,oil,20,2075,0.01
MEA,urb,d7,oil,20,2075,0.01
MEA,rur,d8,oil,20,2075,0.01
MEA,urb,d8,oil,20,2075,0.01
MEA,rur,d9,oil,20,2075,0.01
MEA,urb,d9,oil,20,2075,0.01
MEA,rur,d10,oil,20,2075,0.01
MEA,urb,d10,oil,20,2075,0.01
MEA,rur,d1,gas,20,2075,0.01
MEA,urb,d1,gas,20,2075,0.01
MEA,rur,d2,gas,20,2075,0.01
MEA,urb,d2,gas,20,2075,0.01
MEA,rur,d3,gas,20,2075,0.01
MEA,urb,d3,gas,20,2075,0.01
MEA,rur,d4,gas,20,2075,0.01
MEA,urb,d4,gas,20,2075,0.01
MEA,rur,d5,gas,20,2075,0.01
MEA,urb,d5,gas,20,2075,0.01
MEA,rur,d6,gas,20,2075,0.01
MEA,urb,d6,gas,20,2075,0.01
MEA,rur,d7,gas,20,2075,0.01
MEA,urb,d7,gas,20,2075,0.01
MEA,rur,d8,gas,20,2075,0.01
MEA,urb,d8,gas,20,2075,0.01
MEA,rur,d9,gas,20,2075,0.01
MEA,urb,d9,gas,20,2075,0.01
MEA,rur,d10,gas,20,2075,0.01
MEA,urb,d10,gas,20,2075,0.01
MEA,rur,d1,electricity,20,2075,0.01
MEA,urb,d1,electricity,20,2075,0.01
MEA,rur,d2,electricity,20,2075,0.01
MEA,urb,d2,electricity,20,2075,0.01
MEA,rur,d3,electricity,20,2075,0.01
MEA,urb,d3,electricity,20,2075,0.01
MEA,rur,d4,electricity,20,2075,0.01
MEA,urb,d4,electricity,20,2075,0.01
MEA,rur,d5,electricity,20,2075,0.01
MEA,urb,d5,electricity,20,2075,0.01
MEA,rur,d6,electricity,20,2075,0.01
MEA,urb,d6,electricity,20,2075,0.01
MEA,rur,d7,electricity,20,2075,0.01
MEA,urb,d7,electricity,20,2075,0.01
MEA,rur,d8,electricity,20,2075,0.01
MEA,urb,d8,electricity,20,2075,0.01
MEA,rur,d9,electricity,20,2075,0.01
MEA,urb,d9,electricity,20,2075,0.01
MEA,rur,d10,electricity,20,2075,0.01
MEA,urb,d10,electricity,20,2075,0.01
MEA,rur,d1,biomass_solid,20,2080,0.01
MEA,urb,d1,biomass_solid,20,2080,0.01
MEA,rur,d2,biomass_solid,20,2080,0.01
MEA,urb,d2,biomass_solid,20,2080,0.01
MEA,rur,d3,biomass_solid,20,2080,0.01
MEA,urb,d3,biomass_solid,20,2080,0.01
MEA,rur,d4,biomass_solid,20,2080,0.01
MEA,urb,d4,biomass_solid,20,2080,0.01
MEA,rur,d5,biomass_solid,20,2080,0.01
MEA,urb,d5,biomass_solid,20,2080,0.01
MEA,rur,d6,biomass_solid,20,2080,0.01
MEA,urb,d6,biomass_solid,20,2080,0.01
MEA,rur,d7,biomass_solid,20,2080,0.01
MEA,urb,d7,biomass_solid,20,2080,0.01
MEA,rur,d8,biomass_solid,20,2080,0.01
MEA,urb,d8,biomass_solid,20,2080,0.01
MEA,rur,d9,biomass_solid,20,2080,0.01
MEA,urb,d9,biomass_solid,20,2080,0.01
MEA,rur,d10,biomass_solid,20,2080,0.01
MEA,urb,d10,biomass_solid,20,2080,0.01
MEA,rur,d1,coal,20,2080,0.01
MEA,urb,d1,coal,20,2080,0.01
MEA,rur,d2,coal,20,2080,0.01
MEA,urb,d2,coal,20,2080,0.01
MEA,rur,d3,coal,20,2080,0.01
MEA,urb,d3,coal,20,2080,0.01
MEA,rur,d4,coal,20,2080,0.01
MEA,urb,d4,coal,20,2080,0.01
MEA,rur,d5,coal,20,2080,0.01
MEA,urb,d5,coal,20,2080,0.01
MEA,rur,d6,coal,20,2080,0.01
MEA,urb,d6,coal,20,2080,0.01
MEA,rur,d7,coal,20,2080,0.01
MEA,urb,d7,coal,20,2080,0.01
MEA,rur,d8,coal,20,2080,0.01
MEA,urb,d8,coal,20,2080,0.01
MEA,rur,d9,coal,20,2080,0.01
MEA,urb,d9,coal,20,2080,0.01
MEA,rur,d10,coal,20,2080,0.01
MEA,urb,d10,coal,20,2080,0.01
MEA,rur,d1,oil,20,2080,0.01
MEA,urb,d1,oil,20,2080,0.01
MEA,rur,d2,oil,20,2080,0.01
MEA,urb,d2,oil,20,2080,0.01
MEA,rur,d3,oil,20,2080,0.01
MEA,urb,d3,oil,20,2080,0.01
MEA,rur,d4,oil,20,2080,0.01
MEA,urb,d4,oil,20,2080,0.01
MEA,rur,d5,oil,20,2080,0.01
MEA,urb,d5,oil,20,2080,0.01
MEA,rur,d6,oil,20,2080,0.01
MEA,urb,d6,oil,20,2080,0.01
MEA,rur,d7,oil,20,2080,0.01
MEA,urb,d7,oil,20,2080,0.01
MEA,rur,d8,oil,20,2080,0.01
MEA,urb,d8,oil,20,2080,0.01
MEA,rur,d9,oil,20,2080,0.01
MEA,urb,d9,oil,20,2080,0.01
MEA,rur,d10,oil,20,2080,0.01
MEA,urb,d10,oil,20,2080,0.01
MEA,rur,d1,gas,20,2080,0.01
MEA,urb,d1,gas,20,2080,0.01
MEA,rur,d2,gas,20,2080,0.01
MEA,urb,d2,gas,20,2080,0.01
MEA,rur,d3,gas,20,2080,0.01
MEA,urb,d3,gas,20,2080,0.01
MEA,rur,d4,gas,20,2080,0.01
MEA,urb,d4,gas,20,2080,0.01
MEA,rur,d5,gas,20,2080,0.01
MEA,urb,d5,gas,20,2080,0.01
MEA,rur,d6,gas,20,2080,0.01
MEA,urb,d6,gas,20,2080,0.01
MEA,rur,d7,gas,20,2080,0.01
MEA,urb,d7,gas,20,2080,0.01
MEA,rur,d8,gas,20,2080,0.01
MEA,urb,d8,gas,20,2080,0.01
MEA,rur,d9,gas,20,2080,0.01
MEA,urb,d9,gas,20,2080,0.01
MEA,rur,d10,gas,20,2080,0.01
MEA,urb,d10,gas,20,2080,0.01
MEA,rur,d1,electricity,20,2080,0.01
MEA,urb,d1,electricity,20,2080,0.01
MEA,rur,d2,electricity,20,2080,0.01
MEA,urb,d2,electricity,20,2080,0.01
MEA,rur,d3,electricity,20,2080,0.01
MEA,urb,d3,electricity,20,2080,0.01
MEA,rur,d4,electricity,20,2080,0.01
MEA,urb,d4,electricity,20,2080,0.01
MEA,rur,d5,electricity,20,2080,0.01
MEA,urb,d5,electricity,20,2080,0.01
MEA,rur,d6,electricity,20,2080,0.01
MEA,urb,d6,electricity,20,2080,0.01
MEA,rur,d7,electricity,20,2080,0.01
MEA,urb,d7,electricity,20,2080,0.01
MEA,rur,d8,electricity,20,2080,0.01
MEA,urb,d8,electricity,20,2080,0.01
MEA,rur,d9,electricity,20,2080,0.01
MEA,urb,d9,electricity,20,2080,0.01
MEA,rur,d10,electricity,20,2080,0.01
MEA,urb,d10,electricity,20,2080,0.01
MEA,rur,d1,biomass_solid,20,2085,0.01
MEA,urb,d1,biomass_solid,20,2085,0.01
MEA,rur,d2,biomass_solid,20,2085,0.01
MEA,urb,d2,biomass_solid,20,2085,0.01
MEA,rur,d3,biomass_solid,20,2085,0.01
MEA,urb,d3,biomass_solid,20,2085,0.01
MEA,rur,d4,biomass_solid,20,2085,0.01
MEA,urb,d4,biomass_solid,20,2085,0.01
MEA,rur,d5,biomass_solid,20,2085,0.01
MEA,urb,d5,biomass_solid,20,2085,0.01
MEA,rur,d6,biomass_solid,20,2085,0.01
MEA,urb,d6,biomass_solid,20,2085,0.01
MEA,rur,d7,biomass_solid,20,2085,0.01
MEA,urb,d7,biomass_solid,20,2085,0.01
MEA,rur,d8,biomass_solid,20,2085,0.01
MEA,urb,d8,biomass_solid,20,2085,0.01
MEA,rur,d9,biomass_solid,20,2085,0.01
MEA,urb,d9,biomass_solid,20,2085,0.01
MEA,rur,d10,biomass_solid,20,2085,0.01
MEA,urb,d10,biomass_solid,20,2085,0.01
MEA,rur,d1,coal,20,2085,0.01
MEA,urb,d1,coal,20,2085,0.01
MEA,rur,d2,coal,20,2085,0.01
MEA,urb,d2,coal,20,2085,0.01
MEA,rur,d3,coal,20,2085,0.01
MEA,urb,d3,coal,20,2085,0.01
MEA,rur,d4,coal,20,2085,0.01
MEA,urb,d4,coal,20,2085,0.01
MEA,rur,d5,coal,20,2085,0.01
MEA,urb,d5,coal,20,2085,0.01
MEA,rur,d6,coal,20,2085,0.01
MEA,urb,d6,coal,20,2085,0.01
MEA,rur,d7,coal,20,2085,0.01
MEA,urb,d7,coal,20,2085,0.01
MEA,rur,d8,coal,20,2085,0.01
MEA,urb,d8,coal,20,2085,0.01
MEA,rur,d9,coal,20,2085,0.01
MEA,urb,d9,coal,20,2085,0.01
MEA,rur,d10,coal,20,2085,0.01
MEA,urb,d10,coal,20,2085,0.01
MEA,rur,d1,oil,20,2085,0.01
MEA,urb,d1,oil,20,2085,0.01
MEA,rur,d2,oil,20,2085,0.01
MEA,urb,d2,oil,20,2085,0.01
MEA,rur,d3,oil,20,2085,0.01
MEA,urb,d3,oil,20,2085,0.01
MEA,rur,d4,oil,20,2085,0.01
MEA,urb,d4,oil,20,2085,0.01
MEA,rur,d5,oil,20,2085,0.01
MEA,urb,d5,oil,20,2085,0.01
MEA,rur,d6,oil,20,2085,0.01
MEA,urb,d6,oil,20,2085,0.01
MEA,rur,d7,oil,20,2085,0.01
MEA,urb,d7,oil,20,2085,0.01
MEA,rur,d8,oil,20,2085,0.01
MEA,urb,d8,oil,20,2085,0.01
MEA,rur,d9,oil,20,2085,0.01
MEA,urb,d9,oil,20,2085,0.01
MEA,rur,d10,oil,20,2085,0.01
MEA,urb,d10,oil,20,2085,0.01
MEA,rur,d1,gas,20,2085,0.01
MEA,urb,d1,gas,20,2085,0.01
MEA,rur,d2,gas,20,2085,0.01
MEA,urb,d2,gas,20,2085,0.01
MEA,rur,d3,gas,20,2085,0.01
MEA,urb,d3,gas,20,2085,0.01
MEA,rur,d4,gas,20,2085,0.01
MEA,urb,d4,gas,20,2085,0.01
MEA,rur,d5,gas,20,2085,0.01
MEA,urb,d5,gas,20,2085,0.01
MEA,rur,d6,gas,20,2085,0.01
MEA,urb,d6,gas,20,2085,0.01
MEA,rur,d7,gas,20,2085,0.01
MEA,urb,d7,gas,20,2085,0.01
MEA,rur,d8,gas,20,2085,0.01
MEA,urb,d8,gas,20,2085,0.01
MEA,rur,d9,gas,20,2085,0.01
MEA,urb,d9,gas,20,2085,0.01
MEA,rur,d10,gas,20,2085,0.01
MEA,urb,d10,gas,20,2085,0.01
MEA,rur,d1,electricity,20,2085,0.01
MEA,urb,d1,electricity,20,2085,0.01
MEA,rur,d2,electricity,20,2085,0.01
MEA,urb,d2,electricity,20,2085,0.01
MEA,rur,d3,electricity,20,2085,0.01
MEA,urb,d3,electricity,20,2085,0.01
MEA,rur,d4,electricity,20,2085,0.01
MEA,urb,d4,electricity,20,2085,0.01
MEA,rur,d5,electricity,20,2085,0.01
MEA,urb,d5,electricity,20,2085,0.01
MEA,rur,d6,electricity,20,2085,0.01
MEA,urb,d6,electricity,20,2085,0.01
MEA,rur,d7,electricity,20,2085,0.01
MEA,urb,d7,electricity,20,2085,0.01
MEA,rur,d8,electricity,20,2085,0.01
MEA,urb,d8,electricity,20,2085,0.01
MEA,rur,d9,electricity,20,2085,0.01
MEA,urb,d9,electricity,20,2085,0.01
MEA,rur,d10,electricity,20,2085,0.01
MEA,urb,d10,electricity,20,2085,0.01
MEA,rur,d1,biomass_solid,20,2090,0.01
MEA,urb,d1,biomass_solid,20,2090,0.01
MEA,rur,d2,biomass_solid,20,2090,0.01
MEA,urb,d2,biomass_solid,20,2090,0.01
MEA,rur,d3,biomass_solid,20,2090,0.01
MEA,urb,d3,biomass_solid,20,2090,0.01
MEA,rur,d4,biomass_solid,20,2090,0.01
MEA,urb,d4,biomass_solid,20,2090,0.01
MEA,rur,d5,biomass_solid,20,2090,0.01
MEA,urb,d5,biomass_solid,20,2090,0.01
MEA,rur,d6,biomass_solid,20,2090,0.01
MEA,urb,d6,biomass_solid,20,2090,0.01
MEA,rur,d7,biomass_solid,20,2090,0.01
MEA,urb,d7,biomass_solid,20,2090,0.01
MEA,rur,d8,biomass_solid,20,2090,0.01
MEA,urb,d8,biomass_solid,20,2090,0.01
MEA,rur,d9,biomass_solid,20,2090,0.01
MEA,urb,d9,biomass_solid,20,2090,0.01
MEA,rur,d10,biomass_solid,20,2090,0.01
MEA,urb,d10,biomass_solid,20,2090,0.01
MEA,rur,d1,coal,20,2090,0.01
MEA,urb,d1,coal,20,2090,0.01
MEA,rur,d2,coal,20,2090,0.01
MEA,urb,d2,coal,20,2090,0.01
MEA,rur,d3,coal,20,2090,0.01
MEA,urb,d3,coal,20,2090,0.01
MEA,rur,d4,coal,20,2090,0.01
MEA,urb,d4,coal,20,2090,0.01
MEA,rur,d5,coal,20,2090,0.01
MEA,urb,d5,coal,20,2090,0.01
MEA,rur,d6,coal,20,2090,0.01
MEA,urb,d6,coal,20,2090,0.01
MEA,rur,d7,coal,20,2090,0.01
MEA,urb,d7,coal,20,2090,0.01
MEA,rur,d8,coal,20,2090,0.01
MEA,urb,d8,coal,20,2090,0.01
MEA,rur,d9,coal,20,2090,0.01
MEA,urb,d9,coal,20,2090,0.01
MEA,rur,d10,coal,20,2090,0.01
MEA,urb,d10,coal,20,2090,0.01
MEA,rur,d1,oil,20,2090,0.01
MEA,urb,d1,oil,20,2090,0.01
MEA,rur,d2,oil,20,2090,0.01
MEA,urb,d2,oil,20,2090,0.01
MEA,rur,d3,oil,20,2090,0.01
MEA,urb,d3,oil,20,2090,0.01
MEA,rur,d4,oil,20,2090,0.01
MEA,urb,d4,oil,20,2090,0.01
MEA,rur,d5,oil,20,2090,0.01
MEA,urb,d5,oil,20,2090,0.01
MEA,rur,d6,oil,20,2090,0.01
MEA,urb,d6,oil,20,2090,0.01
MEA,rur,d7,oil,20,2090,0.01
MEA,urb,d7,oil,20,2090,0.01
MEA,rur,d8,oil,20,2090,0.01
MEA,urb,d8,oil,20,2090,0.01
MEA,rur,d9,oil,20,2090,0.01
MEA,urb,d9,oil,20,2090,0.01
MEA,rur,d10,oil,20,2090,0.01
MEA,urb,d10,oil,20,2090,0.01
MEA,rur,d1,gas,20,2090,0.01
MEA,urb,d1,gas,20,2090,0.01
MEA,rur,d2,gas,20,2090,0.01
MEA,urb,d2,gas,20,2090,0.01
MEA,rur,d3,gas,20,2090,0.01
MEA,urb,d3,gas,20,2090,0.01
MEA,rur,d4,gas,20,2090,0.01
MEA,urb,d4,gas,20,2090,0.01
MEA,rur,d5,gas,20,2090,0.01
MEA,urb,d5,gas,20,2090,0.01
MEA,rur,d6,gas,20,2090,0.01
MEA,urb,d6,gas,20,2090,0.01
MEA,rur,d7,gas,20,2090,0.01
MEA,urb,d7,gas,20,2090,0.01
MEA,rur,d8,gas,20,2090,0.01
MEA,urb,d8,gas,20,2090,0.01
MEA,rur,d9,gas,20,2090,0.01
MEA,urb,d9,gas,20,2090,0.01
MEA,rur,d10,gas,20,2090,0.01
MEA,urb,d10,gas,20,2090,0.01
MEA,rur,d1,electricity,20,2090,0.01
MEA,urb,d1,electricity,20,2090,0.01
MEA,rur,d2,electricity,20,2090,0.01
MEA,urb,d2,electricity,20,2090,0.01
MEA,rur,d3,electricity,20,2090,0.01
MEA,urb,d3,electricity,20,2090,0.01
MEA,rur,d4,electricity,20,2090,0.01
MEA,urb,d4,electricity,20,2090,0.01
MEA,rur,d5,electricity,20,2090,0.01
MEA,urb,d5,electricity,20,2090,0.01
MEA,rur,d6,electricity,20,2090,0.01
MEA,urb,d6,electricity,20,2090,0.01
MEA,rur,d7,electricity,20,2090,0.01
MEA,urb,d7,electricity,20,2090,0.01
MEA,rur,d8,electricity,20,2090,0.01
MEA,urb,d8,electricity,20,2090,0.01
MEA,rur,d9,electricity,20,2090,0.01
MEA,urb,d9,electricity,20,2090,0.01
MEA,rur,d10,electricity,20,2090,0.01
MEA,urb,d10,electricity,20,2090,0.01
MEA,rur,d1,biomass_solid,20,2095,0.01
MEA,urb,d1,biomass_solid,20,2095,0.01
MEA,rur,d2,biomass_solid,20,2095,0.01
MEA,urb,d2,biomass_solid,20,2095,0.01
MEA,rur,d3,biomass_solid,20,2095,0.01
MEA,urb,d3,biomass_solid,20,2095,0.01
MEA,rur,d4,biomass_solid,20,2095,0.01
MEA,urb,d4,biomass_solid,20,2095,0.01
MEA,rur,d5,biomass_solid,20,2095,0.01
MEA,urb,d5,biomass_solid,20,2095,0.01
MEA,rur,d6,biomass_solid,20,2095,0.01
MEA,urb,d6,biomass_solid,20,2095,0.01
MEA,rur,d7,biomass_solid,20,2095,0.01
MEA,urb,d7,biomass_solid,20,2095,0.01
MEA,rur,d8,biomass_solid,20,2095,0.01
MEA,urb,d8,biomass_solid,20,2095,0.01
MEA,rur,d9,biomass_solid,20,2095,0.01
MEA,urb,d9,biomass_solid,20,2095,0.01
MEA,rur,d10,biomass_solid,20,2095,0.01
MEA,urb,d10,biomass_solid,20,2095,0.01
MEA,rur,d1,coal,20,2095,0.01
MEA,urb,d1,coal,20,2095,0.01
MEA,rur,d2,coal,20,2095,0.01
MEA,urb,d2,coal,20,2095,0.01
MEA,rur,d3,coal,20,2095,0.01
MEA,urb,d3,coal,20,2095,0.01
MEA,rur,d4,coal,20,2095,0.01
MEA,urb,d4,coal,20,2095,0.01
MEA,rur,d5,coal,20,2095,0.01
MEA,urb,d5,coal,20,2095,0.01
MEA,rur,d6,coal,20,2095,0.01
MEA,urb,d6,coal,20,2095,0.01
MEA,rur,d7,coal,20,2095,0.01
MEA,urb,d7,coal,20,2095,0.01
MEA,rur,d8,coal,20,2095,0.01
MEA,urb,d8,coal,20,2095,0.01
MEA,rur,d9,coal,20,2095,0.01
MEA,urb,d9,coal,20,2095,0.01
MEA,rur,d10,coal,20,2095,0.01
MEA,urb,d10,coal,20,2095,0.01
MEA,rur,d1,oil,20,2095,0.01
MEA,urb,d1,oil,20,2095,0.01
MEA,rur,d2,oil,20,2095,0.01
MEA,urb,d2,oil,20,2095,0.01
MEA,rur,d3,oil,20,2095,0.01
MEA,urb,d3,oil,20,2095,0.01
MEA,rur,d4,oil,20,2095,0.01
MEA,urb,d4,oil,20,2095,0.01
MEA,rur,d5,oil,20,2095,0.01
MEA,urb,d5,oil,20,2095,0.01
MEA,rur,d6,oil,20,2095,0.01
MEA,urb,d6,oil,20,2095,0.01
MEA,rur,d7,oil,20,2095,0.01
MEA,urb,d7,oil,20,2095,0.01
MEA,rur,d8,oil,20,2095,0.01
MEA,urb,d8,oil,20,2095,0.01
MEA,rur,d9,oil,20,2095,0.01
MEA,urb,d9,oil,20,2095,0.01
MEA,rur,d10,oil,20,2095,0.01
MEA,urb,d10,oil,20,2095,0.01
MEA,rur,d1,gas,20,2095,0.01
MEA,urb,d1,gas,20,2095,0.01
MEA,rur,d2,gas,20,2095,0.01
MEA,urb,d2,gas,20,2095,0.01
MEA,rur,d3,gas,20,2095,0.01
MEA,urb,d3,gas,20,2095,0.01
MEA,rur,d4,gas,20,2095,0.01
MEA,urb,d4,gas,20,2095,0.01
MEA,rur,d5,gas,20,2095,0.01
MEA,urb,d5,gas,20,2095,0.01
MEA,rur,d6,gas,20,2095,0.01
MEA,urb,d6,gas,20,2095,0.01
MEA,rur,d7,gas,20,2095,0.01
MEA,urb,d7,gas,20,2095,0.01
MEA,rur,d8,gas,20,2095,0.01
MEA,urb,d8,gas,20,2095,0.01
MEA,rur,d9,gas,20,2095,0.01
MEA,urb,d9,gas,20,2095,0.01
MEA,rur,d10,gas,20,2095,0.01
MEA,urb,d10,gas,20,2095,0.01
MEA,rur,d1,electricity,20,2095,0.01
MEA,urb,d1,electricity,20,2095,0.01
MEA,rur,d2,electricity,20,2095,0.01
MEA,urb,d2,electricity,20,2095,0.01
MEA,rur,d3,electricity,20,2095,0.01
MEA,urb,d3,electricity,20,2095,0.01
MEA,rur,d4,electricity,20,2095,0.01
MEA,urb,d4,electricity,20,2095,0.01
MEA,rur,d5,electricity,20,2095,0.01
MEA,urb,d5,electricity,20,2095,0.01
MEA,rur,d6,electricity,20,2095,0.01
MEA,urb,d6,electricity,20,2095,0.01
MEA,rur,d7,electricity,20,2095,0.01
MEA,urb,d7,electricity,20,2095,0.01
MEA,rur,d8,electricity,20,2095,0.01
MEA,urb,d8,electricity,20,2095,0.01
MEA,rur,d9,electricity,20,2095,0.01
MEA,urb,d9,electricity,20,2095,0.01
MEA,rur,d10,electricity,20,2095,0.01
MEA,urb,d10,electricity,20,2095,0.01
MEA,rur,d1,biomass_solid,20,2100,0.01
MEA,urb,d1,biomass_solid,20,2100,0.01
MEA,rur,d2,biomass_solid,20,2100,0.01
MEA,urb,d2,biomass_solid,20,2100,0.01
MEA,rur,d3,biomass_solid,20,2100,0.01
MEA,urb,d3,biomass_solid,20,2100,0.01
MEA,rur,d4,biomass_solid,20,2100,0.01
MEA,urb,d4,biomass_solid,20,2100,0.01
MEA,rur,d5,biomass_solid,20,2100,0.01
MEA,urb,d5,biomass_solid,20,2100,0.01
MEA,rur,d6,biomass_solid,20,2100,0.01
MEA,urb,d6,biomass_solid,20,2100,0.01
MEA,rur,d7,biomass_solid,20,2100,0.01
MEA,urb,d7,biomass_solid,20,2100,0.01
MEA,rur,d8,biomass_solid,20,2100,0.01
MEA,urb,d8,biomass_solid,20,2100,0.01
MEA,rur,d9,biomass_solid,20,2100,0.01
MEA,urb,d9,biomass_solid,20,2100,0.01
MEA,rur,d10,biomass_solid,20,2100,0.01
MEA,urb,d10,biomass_solid,20,2100,0.01
MEA,rur,d1,coal,20,2100,0.01
MEA,urb,d1,coal,20,2100,0.01
MEA,rur,d2,coal,20,2100,0.01
MEA,urb,d2,coal,20,2100,0.01
MEA,rur,d3,coal,20,2100,0.01
MEA,urb,d3,coal,20,2100,0.01
MEA,rur,d4,coal,20,2100,0.01
MEA,urb,d4,coal,20,2100,0.01
MEA,rur,d5,coal,20,2100,0.01
MEA,urb,d5,coal,20,2100,0.01
MEA,rur,d6,coal,20,2100,0.01
MEA,urb,d6,coal,20,2100,0.01
MEA,rur,d7,coal,20,2100,0.01
MEA,urb,d7,coal,20,2100,0.01
MEA,rur,d8,coal,20,2100,0.01
MEA,urb,d8,coal,20,2100,0.01
MEA,rur,d9,coal,20,2100,0.01
MEA,urb,d9,coal,20,2100,0.01
MEA,rur,d10,coal,20,2100,0.01
MEA,urb,d10,coal,20,2100,0.01
MEA,rur,d1,oil,20,2100,0.01
MEA,urb,d1,oil,20,2100,0.01
MEA,rur,d2,oil,20,2100,0.01
MEA,urb,d2,oil,20,2100,0.01
MEA,rur,d3,oil,20,2100,0.01
MEA,urb,d3,oil,20,2100,0.01
MEA,rur,d4,oil,20,2100,0.01
MEA,urb,d4,oil,20,2100,0.01
MEA,rur,d5,oil,20,2100,0.01
MEA,urb,d5,oil,20,2100,0.01
MEA,rur,d6,oil,20,2100,0.01
MEA,urb,d6,oil,20,2100,0.01
MEA,rur,d7,oil,20,2100,0.01
MEA,urb,d7,oil,20,2100,0.01
MEA,rur,d8,oil,20,2100,0.01
MEA,urb,d8,oil,20,2100,0.01
MEA,rur,d9,oil,20,2100,0.01
MEA,urb,d9,oil,20,2100,0.01
MEA,rur,d10,oil,20,2100,0.01
MEA,urb,d10,oil,20,2100,0.01
MEA,rur,d1,gas,20,2100,0.01
MEA,urb,d1,gas,20,2100,0.01
MEA,rur,d2,gas,20,2100,0.01
MEA,urb,d2,gas,20,2100,0.01
MEA,rur,d3,gas,20,2100,0.01
MEA,urb,d3,gas,20,2100,0.01
MEA,rur,d4,gas,20,2100,0.01
MEA,urb,d4,gas,20,2100,0.01
MEA,rur,d5,gas,20,2100,0.01
MEA,urb,d5,gas,20,2100,0.01
MEA,rur,d6,gas,20,2100,0.01
MEA,urb,d6,gas,20,2100,0.01
MEA,rur,d7,gas,20,2100,0.01
MEA,urb,d7,gas,20,2100,0.01
MEA,rur,d8,gas,20,2100,0.01
MEA,urb,d8,gas,20,2100,0.01
MEA,rur,d9,gas,20,2100,0.01
MEA,urb,d9,gas,20,2100,0.01
MEA,rur,d10,gas,20,2100,0.01
MEA,urb,d10,gas,20,2100,0.01
MEA,rur,d1,electricity,20,2100,0.01
MEA,urb,d1,electricity,20,2100,0.01
MEA,rur,d2,electricity,20,2100,0.01
MEA,urb,d2,electricity,20,2100,0.01
MEA,rur,d3,electricity,20,2100,0.01
MEA,urb,d3,electricity,20,2100,0.01
MEA,rur,d4,electricity,20,2100,0.01
MEA,urb,d4,electricity,20,2100,0.01
MEA,rur,d5,electricity,20,2100,0.01
MEA,urb,d5,electricity,20,2100,0.01
MEA,rur,d6,electricity,20,2100,0.01
MEA,urb,d6,electricity,20,2100,0.01
MEA,rur,d7,electricity,20,2100,0.01
MEA,urb,d7,electricity,20,2100,0.01
MEA,rur,d8,electricity,20,2100,0.01
MEA,urb,d8,electricity,20,2100,0.01
MEA,rur,d9,electricity,20,2100,0.01
MEA,urb,d9,electricity,20,2100,0.01
MEA,rur,d10,electricity,20,2100,0.01
MEA,urb,d10,electricity,20,2100,0.01
CPA,rur,d1,biomass_solid,20,2020,0.01
CPA,urb,d1,biomass_solid,20,2020,0.01
CPA,rur,d2,biomass_solid,20,2020,0.01
CPA,urb,d2,biomass_solid,20,2020,0.01
CPA,rur,d3,biomass_solid,20,2020,0.01
CPA,urb,d3,biomass_solid,20,2020,0.01
CPA,rur,d4,biomass_solid,20,2020,0.01
CPA,urb,d4,biomass_solid,20,2020,0.01
CPA,rur,d5,biomass_solid,20,2020,0.01
CPA,urb,d5,biomass_solid,20,2020,0.01
CPA,rur,d6,biomass_solid,20,2020,0.01
CPA,urb,d6,biomass_solid,20,2020,0.01
CPA,rur,d7,biomass_solid,20,2020,0.01
CPA,urb,d7,biomass_solid,20,2020,0.01
CPA,rur,d8,biomass_solid,20,2020,0.01
CPA,urb,d8,biomass_solid,20,2020,0.01
CPA,rur,d9,biomass_solid,20,2020,0.01
CPA,urb,d9,biomass_solid,20,2020,0.01
CPA,rur,d10,biomass_solid,20,2020,0.01
CPA,urb,d10,biomass_solid,20,2020,0.01
CPA,rur,d1,coal,20,2020,0.01
CPA,urb,d1,coal,20,2020,0.01
CPA,rur,d2,coal,20,2020,0.01
CPA,urb,d2,coal,20,2020,0.01
CPA,rur,d3,coal,20,2020,0.01
CPA,urb,d3,coal,20,2020,0.01
CPA,rur,d4,coal,20,2020,0.01
CPA,urb,d4,coal,20,2020,0.01
CPA,rur,d5,coal,20,2020,0.01
CPA,urb,d5,coal,20,2020,0.01
CPA,rur,d6,coal,20,2020,0.01
CPA,urb,d6,coal,20,2020,0.01
CPA,rur,d7,coal,20,2020,0.01
CPA,urb,d7,coal,20,2020,0.01
CPA,rur,d8,coal,20,2020,0.01
CPA,urb,d8,coal,20,2020,0.01
CPA,rur,d9,coal,20,2020,0.01
CPA,urb,d9,coal,20,2020,0.01
CPA,rur,d10,coal,20,2020,0.01
CPA,urb,d10,coal,20,2020,0.01
CPA,rur,d1,oil,20,2020,0.01
CPA,urb,d1,oil,20,2020,0.01
CPA,rur,d2,oil,20,2020,0.01
CPA,urb,d2,oil,20,2020,0.01
CPA,rur,d3,oil,20,2020,0.01
CPA,urb,d3,oil,20,2020,0.01
CPA,rur,d4,oil,20,2020,0.01
CPA,urb,d4,oil,20,2020,0.01
CPA,rur,d5,oil,20,2020,0.01
CPA,urb,d5,oil,20,2020,0.01
CPA,rur,d6,oil,20,2020,0.01
CPA,urb,d6,oil,20,2020,0.01
CPA,rur,d7,oil,20,2020,0.01
CPA,urb,d7,oil,20,2020,0.01
CPA,rur,d8,oil,20,2020,0.01
CPA,urb,d8,oil,20,2020,0.01
CPA,rur,d9,oil,20,2020,0.01
CPA,urb,d9,oil,20,2020,0.01
CPA,rur,d10,oil,20,2020,0.01
CPA,urb,d10,oil,20,2020,0.01
CPA,rur,d1,gas,20,2020,0.01
CPA,urb,d1,gas,20,2020,0.01
CPA,rur,d2,gas,20,2020,0.01
CPA,urb,d2,gas,20,2020,0.01
CPA,rur,d3,gas,20,2020,0.01
CPA,urb,d3,gas,20,2020,0.01
CPA,rur,d4,gas,20,2020,0.01
CPA,urb,d4,gas,20,2020,0.01
CPA,rur,d5,gas,20,2020,0.01
CPA,urb,d5,gas,20,2020,0.01
CPA,rur,d6,gas,20,2020,0.01
CPA,urb,d6,gas,20,2020,0.01
CPA,rur,d7,gas,20,2020,0.01
CPA,urb,d7,gas,20,2020,0.01
CPA,rur,d8,gas,20,2020,0.01
CPA,urb,d8,gas,20,2020,0.01
CPA,rur,d9,gas,20,2020,0.01
CPA,urb,d9,gas,20,2020,0.01
CPA,rur,d10,gas,20,2020,0.01
CPA,urb,d10,gas,20,2020,0.01
CPA,rur,d1,electricity,20,2020,0.01
CPA,urb,d1,electricity,20,2020,0.01
CPA,rur,d2,electricity,20,2020,0.01
CPA,urb,d2,electricity,20,2020,0.01
CPA,rur,d3,electricity,20,2020,0.01
CPA,urb,d3,electricity,20,2020,0.01
CPA,rur,d4,electricity,20,2020,0.01
CPA,urb,d4,electricity,20,2020,0.01
CPA,rur,d5,electricity,20,2020,0.01
CPA,urb,d5,electricity,20,2020,0.01
CPA,rur,d6,electricity,20,2020,0.01
CPA,urb,d6,electricity,20,2020,0.01
CPA,rur,d7,electricity,20,2020,0.01
CPA,urb,d7,electricity,20,2020,0.01
CPA,rur,d8,electricity,20,2020,0.01
CPA,urb,d8,electricity,20,2020,0.01
CPA,rur,d9,electricity,20,2020,0.01
CPA,urb,d9,electricity,20,2020,0.01
CPA,rur,d10,electricity,20,2020,0.01
CPA,urb,d10,electricity,20,2020,0.01
CPA,rur,d1,biomass_solid,20,2025,0.01
CPA,urb,d1,biomass_solid,20,2025,0.01
CPA,rur,d2,biomass_solid,20,2025,0.01
CPA,urb,d2,biomass_solid,20,2025,0.01
CPA,rur,d3,biomass_solid,20,2025,0.01
CPA,urb,d3,biomass_solid,20,2025,0.01
CPA,rur,d4,biomass_solid,20,2025,0.01
CPA,urb,d4,biomass_solid,20,2025,0.01
CPA,rur,d5,biomass_solid,20,2025,0.01
CPA,urb,d5,biomass_solid,20,2025,0.01
CPA,rur,d6,biomass_solid,20,2025,0.01
CPA,urb,d6,biomass_solid,20,2025,0.01
CPA,rur,d7,biomass_solid,20,2025,0.01
CPA,urb,d7,biomass_solid,20,2025,0.01
CPA,rur,d8,biomass_solid,20,2025,0.01
CPA,urb,d8,biomass_solid,20,2025,0.01
CPA,rur,d9,biomass_solid,20,2025,0.01
CPA,urb,d9,biomass_solid,20,2025,0.01
CPA,rur,d10,biomass_solid,20,2025,0.01
CPA,urb,d10,biomass_solid,20,2025,0.01
CPA,rur,d1,coal,20,2025,0.01
CPA,urb,d1,coal,20,2025,0.01
CPA,rur,d2,coal,20,2025,0.01
CPA,urb,d2,coal,20,2025,0.01
CPA,rur,d3,coal,20,2025,0.01
CPA,urb,d3,coal,20,2025,0.01
CPA,rur,d4,coal,20,2025,0.01
CPA,urb,d4,coal,20,2025,0.01
CPA,rur,d5,coal,20,2025,0.01
CPA,urb,d5,coal,20,2025,0.01
CPA,rur,d6,coal,20,2025,0.01
CPA,urb,d6,coal,20,2025,0.01
CPA,rur,d7,coal,20,2025,0.01
CPA,urb,d7,coal,20,2025,0.01
CPA,rur,d8,coal,20,2025,0.01
CPA,urb,d8,coal,20,2025,0.01
CPA,rur,d9,coal,20,2025,0.01
CPA,urb,d9,coal,20,2025,0.01
CPA,rur,d10,coal,20,2025,0.01
CPA,urb,d10,coal,20,2025,0.01
CPA,rur,d1,oil,20,2025,0.01
CPA,urb,d1,oil,20,2025,0.01
CPA,rur,d2,oil,20,2025,0.01
CPA,urb,d2,oil,20,2025,0.01
CPA,rur,d3,oil,20,2025,0.01
CPA,urb,d3,oil,20,2025,0.01
CPA,rur,d4,oil,20,2025,0.01
CPA,urb,d4,oil,20,2025,0.01
CPA,rur,d5,oil,20,2025,0.01
CPA,urb,d5,oil,20,2025,0.01
CPA,rur,d6,oil,20,2025,0.01
CPA,urb,d6,oil,20,2025,0.01
CPA,rur,d7,oil,20,2025,0.01
CPA,urb,d7,oil,20,2025,0.01
CPA,rur,d8,oil,20,2025,0.01
CPA,urb,d8,oil,20,2025,0.01
CPA,rur,d9,oil,20,2025,0.01
CPA,urb,d9,oil,20,2025,0.01
CPA,rur,d10,oil,20,2025,0.01
CPA,urb,d10,oil,20,2025,0.01
CPA,rur,d1,gas,20,2025,0.01
CPA,urb,d1,gas,20,2025,0.01
CPA,rur,d2,gas,20,2025,0.01
CPA,urb,d2,gas,20,2025,0.01
CPA,rur,d3,gas,20,2025,0.01
CPA,urb,d3,gas,20,2025,0.01
CPA,rur,d4,gas,20,2025,0.01
CPA,urb,d4,gas,20,2025,0.01
CPA,rur,d5,gas,20,2025,0.01
CPA,urb,d5,gas,20,2025,0.01
CPA,rur,d6,gas,20,2025,0.01
CPA,urb,d6,gas,20,2025,0.01
CPA,rur,d7,gas,20,2025,0.01
CPA,urb,d7,gas,20,2025,0.01
CPA,rur,d8,gas,20,2025,0.01
CPA,urb,d8,gas,20,2025,0.01
CPA,rur,d9,gas,20,2025,0.01
CPA,urb,d9,gas,20,2025,0.01
CPA,rur,d10,gas,20,2025,0.01
CPA,urb,d10,gas,20,2025,0.01
CPA,rur,d1,electricity,20,2025,0.01
CPA,urb,d1,electricity,20,2025,0.01
CPA,rur,d2,electricity,20,2025,0.01
CPA,urb,d2,electricity,20,2025,0.01
CPA,rur,d3,electricity,20,2025,0.01
CPA,urb,d3,electricity,20,2025,0.01
CPA,rur,d4,electricity,20,2025,0.01
CPA,urb,d4,electricity,20,2025,0.01
CPA,rur,d5,electricity,20,2025,0.01
CPA,urb,d5,electricity,20,2025,0.01
CPA,rur,d6,electricity,20,2025,0.01
CPA,urb,d6,electricity,20,2025,0.01
CPA,rur,d7,electricity,20,2025,0.01
CPA,urb,d7,electricity,20,2025,0.01
CPA,rur,d8,electricity,20,2025,0.01
CPA,urb,d8,electricity,20,2025,0.01
CPA,rur,d9,electricity,20,2025,0.01
CPA,urb,d9,electricity,20,2025,0.01
CPA,rur,d10,electricity,20,2025,0.01
CPA,urb,d10,electricity,20,2025,0.01
CPA,rur,d1,biomass_solid,20,2030,0.01
CPA,urb,d1,biomass_solid,20,2030,0.01
CPA,rur,d2,biomass_solid,20,2030,0.01
CPA,urb,d2,biomass_solid,20,2030,0.01
CPA,rur,d3,biomass_solid,20,2030,0.01
CPA,urb,d3,biomass_solid,20,2030,0.01
CPA,rur,d4,biomass_solid,20,2030,0.01
CPA,urb,d4,biomass_solid,20,2030,0.01
CPA,rur,d5,biomass_solid,20,2030,0.01
CPA,urb,d5,biomass_solid,20,2030,0.01
CPA,rur,d6,biomass_solid,20,2030,0.01
CPA,urb,d6,biomass_solid,20,2030,0.01
CPA,rur,d7,biomass_solid,20,2030,0.01
CPA,urb,d7,biomass_solid,20,2030,0.01
CPA,rur,d8,biomass_solid,20,2030,0.01
CPA,urb,d8,biomass_solid,20,2030,0.01
CPA,rur,d9,biomass_solid,20,2030,0.01
CPA,urb,d9,biomass_solid,20,2030,0.01
CPA,rur,d10,biomass_solid,20,2030,0.01
CPA,urb,d10,biomass_solid,20,2030,0.01
CPA,rur,d1,coal,20,2030,0.01
CPA,urb,d1,coal,20,2030,0.01
CPA,rur,d2,coal,20,2030,0.01
CPA,urb,d2,coal,20,2030,0.01
CPA,rur,d3,coal,20,2030,0.01
CPA,urb,d3,coal,20,2030,0.01
CPA,rur,d4,coal,20,2030,0.01
CPA,urb,d4,coal,20,2030,0.01
CPA,rur,d5,coal,20,2030,0.01
CPA,urb,d5,coal,20,2030,0.01
CPA,rur,d6,coal,20,2030,0.01
CPA,urb,d6,coal,20,2030,0.01
CPA,rur,d7,coal,20,2030,0.01
CPA,urb,d7,coal,20,2030,0.01
CPA,rur,d8,coal,20,2030,0.01
CPA,urb,d8,coal,20,2030,0.01
CPA,rur,d9,coal,20,2030,0.01
CPA,urb,d9,coal,20,2030,0.01
CPA,rur,d10,coal,20,2030,0.01
CPA,urb,d10,coal,20,2030,0.01
CPA,rur,d1,oil,20,2030,0.01
CPA,urb,d1,oil,20,2030,0.01
CPA,rur,d2,oil,20,2030,0.01
CPA,urb,d2,oil,20,2030,0.01
CPA,rur,d3,oil,20,2030,0.01
CPA,urb,d3,oil,20,2030,0.01
CPA,rur,d4,oil,20,2030,0.01
CPA,urb,d4,oil,20,2030,0.01
CPA,rur,d5,oil,20,2030,0.01
CPA,urb,d5,oil,20,2030,0.01
CPA,rur,d6,oil,20,2030,0.01
CPA,urb,d6,oil,20,2030,0.01
CPA,rur,d7,oil,20,2030,0.01
CPA,urb,d7,oil,20,2030,0.01
CPA,rur,d8,oil,20,2030,0.01
CPA,urb,d8,oil,20,2030,0.01
CPA,rur,d9,oil,20,2030,0.01
CPA,urb,d9,oil,20,2030,0.01
CPA,rur,d10,oil,20,2030,0.01
CPA,urb,d10,oil,20,2030,0.01
CPA,rur,d1,gas,20,2030,0.01
CPA,urb,d1,gas,20,2030,0.01
CPA,rur,d2,gas,20,2030,0.01
CPA,urb,d2,gas,20,2030,0.01
CPA,rur,d3,gas,20,2030,0.01
CPA,urb,d3,gas,20,2030,0.01
CPA,rur,d4,gas,20,2030,0.01
CPA,urb,d4,gas,20,2030,0.01
CPA,rur,d5,gas,20,2030,0.01
CPA,urb,d5,gas,20,2030,0.01
CPA,rur,d6,gas,20,2030,0.01
CPA,urb,d6,gas,20,2030,0.01
CPA,rur,d7,gas,20,2030,0.01
CPA,urb,d7,gas,20,2030,0.01
CPA,rur,d8,gas,20,2030,0.01
CPA,urb,d8,gas,20,2030,0.01
CPA,rur,d9,gas,20,2030,0.01
CPA,urb,d9,gas,20,2030,0.01
CPA,rur,d10,gas,20,2030,0.01
CPA,urb,d10,gas,20,2030,0.01
CPA,rur,d1,electricity,20,2030,0.01
CPA,urb,d1,electricity,20,2030,0.01
CPA,rur,d2,electricity,20,2030,0.01
CPA,urb,d2,electricity,20,2030,0.01
CPA,rur,d3,electricity,20,2030,0.01
CPA,urb,d3,electricity,20,2030,0.01
CPA,rur,d4,electricity,20,2030,0.01
CPA,urb,d4,electricity,20,2030,0.01
CPA,rur,d5,electricity,20,2030,0.01
CPA,urb,d5,electricity,20,2030,0.01
CPA,rur,d6,electricity,20,2030,0.01
CPA,urb,d6,electricity,20,2030,0.01
CPA,rur,d7,electricity,20,2030,0.01
CPA,urb,d7,electricity,20,2030,0.01
CPA,rur,d8,electricity,20,2030,0.01
CPA,urb,d8,electricity,20,2030,0.01
CPA,rur,d9,electricity,20,2030,0.01
CPA,urb,d9,electricity,20,2030,0.01
CPA,rur,d10,electricity,20,2030,0.01
CPA,urb,d10,electricity,20,2030,0.01
CPA,rur,d1,biomass_solid,20,2035,0.01
CPA,urb,d1,biomass_solid,20,2035,0.01
CPA,rur,d2,biomass_solid,20,2035,0.01
CPA,urb,d2,biomass_solid,20,2035,0.01
CPA,rur,d3,biomass_solid,20,2035,0.01
CPA,urb,d3,biomass_solid,20,2035,0.01
CPA,rur,d4,biomass_solid,20,2035,0.01
CPA,urb,d4,biomass_solid,20,2035,0.01
CPA,rur,d5,biomass_solid,20,2035,0.01
CPA,urb,d5,biomass_solid,20,2035,0.01
CPA,rur,d6,biomass_solid,20,2035,0.01
CPA,urb,d6,biomass_solid,20,2035,0.01
CPA,rur,d7,biomass_solid,20,2035,0.01
CPA,urb,d7,biomass_solid,20,2035,0.01
CPA,rur,d8,biomass_solid,20,2035,0.01
CPA,urb,d8,biomass_solid,20,2035,0.01
CPA,rur,d9,biomass_solid,20,2035,0.01
CPA,urb,d9,biomass_solid,20,2035,0.01
CPA,rur,d10,biomass_solid,20,2035,0.01
CPA,urb,d10,biomass_solid,20,2035,0.01
CPA,rur,d1,coal,20,2035,0.01
CPA,urb,d1,coal,20,2035,0.01
CPA,rur,d2,coal,20,2035,0.01
CPA,urb,d2,coal,20,2035,0.01
CPA,rur,d3,coal,20,2035,0.01
CPA,urb,d3,coal,20,2035,0.01
CPA,rur,d4,coal,20,2035,0.01
CPA,urb,d4,coal,20,2035,0.01
CPA,rur,d5,coal,20,2035,0.01
CPA,urb,d5,coal,20,2035,0.01
CPA,rur,d6,coal,20,2035,0.01
CPA,urb,d6,coal,20,2035,0.01
CPA,rur,d7,coal,20,2035,0.01
CPA,urb,d7,coal,20,2035,0.01
CPA,rur,d8,coal,20,2035,0.01
CPA,urb,d8,coal,20,2035,0.01
CPA,rur,d9,coal,20,2035,0.01
CPA,urb,d9,coal,20,2035,0.01
CPA,rur,d10,coal,20,2035,0.01
CPA,urb,d10,coal,20,2035,0.01
CPA,rur,d1,oil,20,2035,0.01
CPA,urb,d1,oil,20,2035,0.01
CPA,rur,d2,oil,20,2035,0.01
CPA,urb,d2,oil,20,2035,0.01
CPA,rur,d3,oil,20,2035,0.01
CPA,urb,d3,oil,20,2035,0.01
CPA,rur,d4,oil,20,2035,0.01
CPA,urb,d4,oil,20,2035,0.01
CPA,rur,d5,oil,20,2035,0.01
CPA,urb,d5,oil,20,2035,0.01
CPA,rur,d6,oil,20,2035,0.01
CPA,urb,d6,oil,20,2035,0.01
CPA,rur,d7,oil,20,2035,0.01
CPA,urb,d7,oil,20,2035,0.01
CPA,rur,d8,oil,20,2035,0.01
CPA,urb,d8,oil,20,2035,0.01
CPA,rur,d9,oil,20,2035,0.01
CPA,urb,d9,oil,20,2035,0.01
CPA,rur,d10,oil,20,2035,0.01
CPA,urb,d10,oil,20,2035,0.01
CPA,rur,d1,gas,20,2035,0.01
CPA,urb,d1,gas,20,2035,0.01
CPA,rur,d2,gas,20,2035,0.01
CPA,urb,d2,gas,20,2035,0.01
CPA,rur,d3,gas,20,2035,0.01
CPA,urb,d3,gas,20,2035,0.01
CPA,rur,d4,gas,20,2035,0.01
CPA,urb,d4,gas,20,2035,0.01
CPA,rur,d5,gas,20,2035,0.01
CPA,urb,d5,gas,20,2035,0.01
CPA,rur,d6,gas,20,2035,0.01
CPA,urb,d6,gas,20,2035,0.01
CPA,rur,d7,gas,20,2035,0.01
CPA,urb,d7,gas,20,2035,0.01
CPA,rur,d8,gas,20,2035,0.01
CPA,urb,d8,gas,20,2035,0.01
CPA,rur,d9,gas,20,2035,0.01
CPA,urb,d9,gas,20,2035,0.01
CPA,rur,d10,gas,20,2035,0.01
CPA,urb,d10,gas,20,2035,0.01
CPA,rur,d1,electricity,20,2035,0.01
CPA,urb,d1,electricity,20,2035,0.01
CPA,rur,d2,electricity,20,2035,0.01
CPA,urb,d2,electricity,20,2035,0.01
CPA,rur,d3,electricity,20,2035,0.01
CPA,urb,d3,electricity,20,2035,0.01
CPA,rur,d4,electricity,20,2035,0.01
CPA,urb,d4,electricity,20,2035,0.01
CPA,rur,d5,electricity,20,2035,0.01
CPA,urb,d5,electricity,20,2035,0.01
CPA,rur,d6,electricity,20,2035,0.01
CPA,urb,d6,electricity,20,2035,0.01
CPA,rur,d7,electricity,20,2035,0.01
CPA,urb,d7,electricity,20,2035,0.01
CPA,rur,d8,electricity,20,2035,0.01
CPA,urb,d8,electricity,20,2035,0.01
CPA,rur,d9,electricity,20,2035,0.01
CPA,urb,d9,electricity,20,2035,0.01
CPA,rur,d10,electricity,20,2035,0.01
CPA,urb,d10,electricity,20,2035,0.01
CPA,rur,d1,biomass_solid,20,2040,0.01
CPA,urb,d1,biomass_solid,20,2040,0.01
CPA,rur,d2,biomass_solid,20,2040,0.01
CPA,urb,d2,biomass_solid,20,2040,0.01
CPA,rur,d3,biomass_solid,20,2040,0.01
CPA,urb,d3,biomass_solid,20,2040,0.01
CPA,rur,d4,biomass_solid,20,2040,0.01
CPA,urb,d4,biomass_solid,20,2040,0.01
CPA,rur,d5,biomass_solid,20,2040,0.01
CPA,urb,d5,biomass_solid,20,2040,0.01
CPA,rur,d6,biomass_solid,20,2040,0.01
CPA,urb,d6,biomass_solid,20,2040,0.01
CPA,rur,d7,biomass_solid,20,2040,0.01
CPA,urb,d7,biomass_solid,20,2040,0.01
CPA,rur,d8,biomass_solid,20,2040,0.01
CPA,urb,d8,biomass_solid,20,2040,0.01
CPA,rur,d9,biomass_solid,20,2040,0.01
CPA,urb,d9,biomass_solid,20,2040,0.01
CPA,rur,d10,biomass_solid,20,2040,0.01
CPA,urb,d10,biomass_solid,20,2040,0.01
CPA,rur,d1,coal,20,2040,0.01
CPA,urb,d1,coal,20,2040,0.01
CPA,rur,d2,coal,20,2040,0.01
CPA,urb,d2,coal,20,2040,0.01
CPA,rur,d3,coal,20,2040,0.01
CPA,urb,d3,coal,20,2040,0.01
CPA,rur,d4,coal,20,2040,0.01
CPA,urb,d4,coal,20,2040,0.01
CPA,rur,d5,coal,20,2040,0.01
CPA,urb,d5,coal,20,2040,0.01
CPA,rur,d6,coal,20,2040,0.01
CPA,urb,d6,coal,20,2040,0.01
CPA,rur,d7,coal,20,2040,0.01
CPA,urb,d7,coal,20,2040,0.01
CPA,rur,d8,coal,20,2040,0.01
CPA,urb,d8,coal,20,2040,0.01
CPA,rur,d9,coal,20,2040,0.01
CPA,urb,d9,coal,20,2040,0.01
CPA,rur,d10,coal,20,2040,0.01
CPA,urb,d10,coal,20,2040,0.01
CPA,rur,d1,oil,20,2040,0.01
CPA,urb,d1,oil,20,2040,0.01
CPA,rur,d2,oil,20,2040,0.01
CPA,urb,d2,oil,20,2040,0.01
CPA,rur,d3,oil,20,2040,0.01
CPA,urb,d3,oil,20,2040,0.01
CPA,rur,d4,oil,20,2040,0.01
CPA,urb,d4,oil,20,2040,0.01
CPA,rur,d5,oil,20,2040,0.01
CPA,urb,d5,oil,20,2040,0.01
CPA,rur,d6,oil,20,2040,0.01
CPA,urb,d6,oil,20,2040,0.01
CPA,rur,d7,oil,20,2040,0.01
CPA,urb,d7,oil,20,2040,0.01
CPA,rur,d8,oil,20,2040,0.01
CPA,urb,d8,oil,20,2040,0.01
CPA,rur,d9,oil,20,2040,0.01
CPA,urb,d9,oil,20,2040,0.01
CPA,rur,d10,oil,20,2040,0.01
CPA,urb,d10,oil,20,2040,0.01
CPA,rur,d1,gas,20,2040,0.01
CPA,urb,d1,gas,20,2040,0.01
CPA,rur,d2,gas,20,2040,0.01
CPA,urb,d2,gas,20,2040,0.01
CPA,rur,d3,gas,20,2040,0.01
CPA,urb,d3,gas,20,2040,0.01
CPA,rur,d4,gas,20,2040,0.01
CPA,urb,d4,gas,20,2040,0.01
CPA,rur,d5,gas,20,2040,0.01
CPA,urb,d5,gas,20,2040,0.01
CPA,rur,d6,gas,20,2040,0.01
CPA,urb,d6,gas,20,2040,0.01
CPA,rur,d7,gas,20,2040,0.01
CPA,urb,d7,gas,20,2040,0.01
CPA,rur,d8,gas,20,2040,0.01
CPA,urb,d8,gas,20,2040,0.01
CPA,rur,d9,gas,20,2040,0.01
CPA,urb,d9,gas,20,2040,0.01
CPA,rur,d10,gas,20,2040,0.01
CPA,urb,d10,gas,20,2040,0.01
CPA,rur,d1,electricity,20,2040,0.01
CPA,urb,d1,electricity,20,2040,0.01
CPA,rur,d2,electricity,20,2040,0.01
CPA,urb,d2,electricity,20,2040,0.01
CPA,rur,d3,electricity,20,2040,0.01
CPA,urb,d3,electricity,20,2040,0.01
CPA,rur,d4,electricity,20,2040,0.01
CPA,urb,d4,electricity,20,2040,0.01
CPA,rur,d5,electricity,20,2040,0.01
CPA,urb,d5,electricity,20,2040,0.01
CPA,rur,d6,electricity,20,2040,0.01
CPA,urb,d6,electricity,20,2040,0.01
CPA,rur,d7,electricity,20,2040,0.01
CPA,urb,d7,electricity,20,2040,0.01
CPA,rur,d8,electricity,20,2040,0.01
CPA,urb,d8,electricity,20,2040,0.01
CPA,rur,d9,electricity,20,2040,0.01
CPA,urb,d9,electricity,20,2040,0.01
CPA,rur,d10,electricity,20,2040,0.01
CPA,urb,d10,electricity,20,2040,0.01
CPA,rur,d1,biomass_solid,20,2045,0.01
CPA,urb,d1,biomass_solid,20,2045,0.01
CPA,rur,d2,biomass_solid,20,2045,0.01
CPA,urb,d2,biomass_solid,20,2045,0.01
CPA,rur,d3,biomass_solid,20,2045,0.01
CPA,urb,d3,biomass_solid,20,2045,0.01
CPA,rur,d4,biomass_solid,20,2045,0.01
CPA,urb,d4,biomass_solid,20,2045,0.01
CPA,rur,d5,biomass_solid,20,2045,0.01
CPA,urb,d5,biomass_solid,20,2045,0.01
CPA,rur,d6,biomass_solid,20,2045,0.01
CPA,urb,d6,biomass_solid,20,2045,0.01
CPA,rur,d7,biomass_solid,20,2045,0.01
CPA,urb,d7,biomass_solid,20,2045,0.01
CPA,rur,d8,biomass_solid,20,2045,0.01
CPA,urb,d8,biomass_solid,20,2045,0.01
CPA,rur,d9,biomass_solid,20,2045,0.01
CPA,urb,d9,biomass_solid,20,2045,0.01
CPA,rur,d10,biomass_solid,20,2045,0.01
CPA,urb,d10,biomass_solid,20,2045,0.01
CPA,rur,d1,coal,20,2045,0.01
CPA,urb,d1,coal,20,2045,0.01
CPA,rur,d2,coal,20,2045,0.01
CPA,urb,d2,coal,20,2045,0.01
CPA,rur,d3,coal,20,2045,0.01
CPA,urb,d3,coal,20,2045,0.01
CPA,rur,d4,coal,20,2045,0.01
CPA,urb,d4,coal,20,2045,0.01
CPA,rur,d5,coal,20,2045,0.01
CPA,urb,d5,coal,20,2045,0.01
CPA,rur,d6,coal,20,2045,0.01
CPA,urb,d6,coal,20,2045,0.01
CPA,rur,d7,coal,20,2045,0.01
CPA,urb,d7,coal,20,2045,0.01
CPA,rur,d8,coal,20,2045,0.01
CPA,urb,d8,coal,20,2045,0.01
CPA,rur,d9,coal,20,2045,0.01
CPA,urb,d9,coal,20,2045,0.01
CPA,rur,d10,coal,20,2045,0.01
CPA,urb,d10,coal,20,2045,0.01
CPA,rur,d1,oil,20,2045,0.01
CPA,urb,d1,oil,20,2045,0.01
CPA,rur,d2,oil,20,2045,0.01
CPA,urb,d2,oil,20,2045,0.01
CPA,rur,d3,oil,20,2045,0.01
CPA,urb,d3,oil,20,2045,0.01
CPA,rur,d4,oil,20,2045,0.01
CPA,urb,d4,oil,20,2045,0.01
CPA,rur,d5,oil,20,2045,0.01
CPA,urb,d5,oil,20,2045,0.01
CPA,rur,d6,oil,20,2045,0.01
CPA,urb,d6,oil,20,2045,0.01
CPA,rur,d7,oil,20,2045,0.01
CPA,urb,d7,oil,20,2045,0.01
CPA,rur,d8,oil,20,2045,0.01
CPA,urb,d8,oil,20,2045,0.01
CPA,rur,d9,oil,20,2045,0.01
CPA,urb,d9,oil,20,2045,0.01
CPA,rur,d10,oil,20,2045,0.01
CPA,urb,d10,oil,20,2045,0.01
CPA,rur,d1,gas,20,2045,0.01
CPA,urb,d1,gas,20,2045,0.01
CPA,rur,d2,gas,20,2045,0.01
CPA,urb,d2,gas,20,2045,0.01
CPA,rur,d3,gas,20,2045,0.01
CPA,urb,d3,gas,20,2045,0.01
CPA,rur,d4,gas,20,2045,0.01
CPA,urb,d4,gas,20,2045,0.01
CPA,rur,d5,gas,20,2045,0.01
CPA,urb,d5,gas,20,2045,0.01
CPA,rur,d6,gas,20,2045,0.01
CPA,urb,d6,gas,20,2045,0.01
CPA,rur,d7,gas,20,2045,0.01
CPA,urb,d7,gas,20,2045,0.01
CPA,rur,d8,gas,20,2045,0.01
CPA,urb,d8,gas,20,2045,0.01
CPA,rur,d9,gas,20,2045,0.01
CPA,urb,d9,gas,20,2045,0.01
CPA,rur,d10,gas,20,2045,0.01
CPA,urb,d10,gas,20,2045,0.01
CPA,rur,d1,electricity,20,2045,0.01
CPA,urb,d1,electricity,20,2045,0.01
CPA,rur,d2,electricity,20,2045,0.01
CPA,urb,d2,electricity,20,2045,0.01
CPA,rur,d3,electricity,20,2045,0.01
CPA,urb,d3,electricity,20,2045,0.01
CPA,rur,d4,electricity,20,2045,0.01
CPA,urb,d4,electricity,20,2045,0.01
CPA,rur,d5,electricity,20,2045,0.01
CPA,urb,d5,electricity,20,2045,0.01
CPA,rur,d6,electricity,20,2045,0.01
CPA,urb,d6,electricity,20,2045,0.01
CPA,rur,d7,electricity,20,2045,0.01
CPA,urb,d7,electricity,20,2045,0.01
CPA,rur,d8,electricity,20,2045,0.01
CPA,urb,d8,electricity,20,2045,0.01
CPA,rur,d9,electricity,20,2045,0.01
CPA,urb,d9,electricity,20,2045,0.01
CPA,rur,d10,electricity,20,2045,0.01
CPA,urb,d10,electricity,20,2045,0.01
CPA,rur,d1,biomass_solid,20,2050,0.01
CPA,urb,d1,biomass_solid,20,2050,0.01
CPA,rur,d2,biomass_solid,20,2050,0.01
CPA,urb,d2,biomass_solid,20,2050,0.01
CPA,rur,d3,biomass_solid,20,2050,0.01
CPA,urb,d3,biomass_solid,20,2050,0.01
CPA,rur,d4,biomass_solid,20,2050,0.01
CPA,urb,d4,biomass_solid,20,2050,0.01
CPA,rur,d5,biomass_solid,20,2050,0.01
CPA,urb,d5,biomass_solid,20,2050,0.01
CPA,rur,d6,biomass_solid,20,2050,0.01
CPA,urb,d6,biomass_solid,20,2050,0.01
CPA,rur,d7,biomass_solid,20,2050,0.01
CPA,urb,d7,biomass_solid,20,2050,0.01
CPA,rur,d8,biomass_solid,20,2050,0.01
CPA,urb,d8,biomass_solid,20,2050,0.01
CPA,rur,d9,biomass_solid,20,2050,0.01
CPA,urb,d9,biomass_solid,20,2050,0.01
CPA,rur,d10,biomass_solid,20,2050,0.01
CPA,urb,d10,biomass_solid,20,2050,0.01
CPA,rur,d1,coal,20,2050,0.01
CPA,urb,d1,coal,20,2050,0.01
CPA,rur,d2,coal,20,2050,0.01
CPA,urb,d2,coal,20,2050,0.01
CPA,rur,d3,coal,20,2050,0.01
CPA,urb,d3,coal,20,2050,0.01
CPA,rur,d4,coal,20,2050,0.01
CPA,urb,d4,coal,20,2050,0.01
CPA,rur,d5,coal,20,2050,0.01
CPA,urb,d5,coal,20,2050,0.01
CPA,rur,d6,coal,20,2050,0.01
CPA,urb,d6,coal,20,2050,0.01
CPA,rur,d7,coal,20,2050,0.01
CPA,urb,d7,coal,20,2050,0.01
CPA,rur,d8,coal,20,2050,0.01
CPA,urb,d8,coal,20,2050,0.01
CPA,rur,d9,coal,20,2050,0.01
CPA,urb,d9,coal,20,2050,0.01
CPA,rur,d10,coal,20,2050,0.01
CPA,urb,d10,coal,20,2050,0.01
CPA,rur,d1,oil,20,2050,0.01
CPA,urb,d1,oil,20,2050,0.01
CPA,rur,d2,oil,20,2050,0.01
CPA,urb,d2,oil,20,2050,0.01
CPA,rur,d3,oil,20,2050,0.01
CPA,urb,d3,oil,20,2050,0.01
CPA,rur,d4,oil,20,2050,0.01
CPA,urb,d4,oil,20,2050,0.01
CPA,rur,d5,oil,20,2050,0.01
CPA,urb,d5,oil,20,2050,0.01
CPA,rur,d6,oil,20,2050,0.01
CPA,urb,d6,oil,20,2050,0.01
CPA,rur,d7,oil,20,2050,0.01
CPA,urb,d7,oil,20,2050,0.01
CPA,rur,d8,oil,20,2050,0.01
CPA,urb,d8,oil,20,2050,0.01
CPA,rur,d9,oil,20,2050,0.01
CPA,urb,d9,oil,20,2050,0.01
CPA,rur,d10,oil,20,2050,0.01
CPA,urb,d10,oil,20,2050,0.01
CPA,rur,d1,gas,20,2050,0.01
CPA,urb,d1,gas,20,2050,0.01
CPA,rur,d2,gas,20,2050,0.01
CPA,urb,d2,gas,20,2050,0.01
CPA,rur,d3,gas,20,2050,0.01
CPA,urb,d3,gas,20,2050,0.01
CPA,rur,d4,gas,20,2050,0.01
CPA,urb,d4,gas,20,2050,0.01
CPA,rur,d5,gas,20,2050,0.01
CPA,urb,d5,gas,20,2050,0.01
CPA,rur,d6,gas,20,2050,0.01
CPA,urb,d6,gas,20,2050,0.01
CPA,rur,d7,gas,20,2050,0.01
CPA,urb,d7,gas,20,2050,0.01
CPA,rur,d8,gas,20,2050,0.01
CPA,urb,d8,gas,20,2050,0.01
CPA,rur,d9,gas,20,2050,0.01
CPA,urb,d9,gas,20,2050,0.01
CPA,rur,d10,gas,20,2050,0.01
CPA,urb,d10,gas,20,2050,0.01
CPA,rur,d1,electricity,20,2050,0.01
CPA,urb,d1,electricity,20,2050,0.01
CPA,rur,d2,electricity,20,2050,0.01
CPA,urb,d2,electricity,20,2050,0.01
CPA,rur,d3,electricity,20,2050,0.01
CPA,urb,d3,electricity,20,2050,0.01
CPA,rur,d4,electricity,20,2050,0.01
CPA,urb,d4,electricity,20,2050,0.01
CPA,rur,d5,electricity,20,2050,0.01
CPA,urb,d5,electricity,20,2050,0.01
CPA,rur,d6,electricity,20,2050,0.01
CPA,urb,d6,electricity,20,2050,0.01
CPA,rur,d7,electricity,20,2050,0.01
CPA,urb,d7,electricity,20,2050,0.01
CPA,rur,d8,electricity,20,2050,0.01
CPA,urb,d8,electricity,20,2050,0.01
CPA,rur,d9,electricity,20,2050,0.01
CPA,urb,d9,electricity,20,2050,0.01
CPA,rur,d10,electricity,20,2050,0.01
CPA,urb,d10,electricity,20,2050,0.01
CPA,rur,d1,biomass_solid,20,2055,0.01
CPA,urb,d1,biomass_solid,20,2055,0.01
CPA,rur,d2,biomass_solid,20,2055,0.01
CPA,urb,d2,biomass_solid,20,2055,0.01
CPA,rur,d3,biomass_solid,20,2055,0.01
CPA,urb,d3,biomass_solid,20,2055,0.01
CPA,rur,d4,biomass_solid,20,2055,0.01
CPA,urb,d4,biomass_solid,20,2055,0.01
CPA,rur,d5,biomass_solid,20,2055,0.01
CPA,urb,d5,biomass_solid,20,2055,0.01
CPA,rur,d6,biomass_solid,20,2055,0.01
CPA,urb,d6,biomass_solid,20,2055,0.01
CPA,rur,d7,biomass_solid,20,2055,0.01
CPA,urb,d7,biomass_solid,20,2055,0.01
CPA,rur,d8,biomass_solid,20,2055,0.01
CPA,urb,d8,biomass_solid,20,2055,0.01
CPA,rur,d9,biomass_solid,20,2055,0.01
CPA,urb,d9,biomass_solid,20,2055,0.01
CPA,rur,d10,biomass_solid,20,2055,0.01
CPA,urb,d10,biomass_solid,20,2055,0.01
CPA,rur,d1,coal,20,2055,0.01
CPA,urb,d1,coal,20,2055,0.01
CPA,rur,d2,coal,20,2055,0.01
CPA,urb,d2,coal,20,2055,0.01
CPA,rur,d3,coal,20,2055,0.01
CPA,urb,d3,coal,20,2055,0.01
CPA,rur,d4,coal,20,2055,0.01
CPA,urb,d4,coal,20,2055,0.01
CPA,rur,d5,coal,20,2055,0.01
CPA,urb,d5,coal,20,2055,0.01
CPA,rur,d6,coal,20,2055,0.01
CPA,urb,d6,coal,20,2055,0.01
CPA,rur,d7,coal,20,2055,0.01
CPA,urb,d7,coal,20,2055,0.01
CPA,rur,d8,coal,20,2055,0.01
CPA,urb,d8,coal,20,2055,0.01
CPA,rur,d9,coal,20,2055,0.01
CPA,urb,d9,coal,20,2055,0.01
CPA,rur,d10,coal,20,2055,0.01
CPA,urb,d10,coal,20,2055,0.01
CPA,rur,d1,oil,20,2055,0.01
CPA,urb,d1,oil,20,2055,0.01
CPA,rur,d2,oil,20,2055,0.01
CPA,urb,d2,oil,20,2055,0.01
CPA,rur,d3,oil,20,2055,0.01
CPA,urb,d3,oil,20,2055,0.01
CPA,rur,d4,oil,20,2055,0.01
CPA,urb,d4,oil,20,2055,0.01
CPA,rur,d5,oil,20,2055,0.01
CPA,urb,d5,oil,20,2055,0.01
CPA,rur,d6,oil,20,2055,0.01
CPA,urb,d6,oil,20,2055,0.01
CPA,rur,d7,oil,20,2055,0.01
CPA,urb,d7,oil,20,2055,0.01
CPA,rur,d8,oil,20,2055,0.01
CPA,urb,d8,oil,20,2055,0.01
CPA,rur,d9,oil,20,2055,0.01
CPA,urb,d9,oil,20,2055,0.01
CPA,rur,d10,oil,20,2055,0.01
CPA,urb,d10,oil,20,2055,0.01
CPA,rur,d1,gas,20,2055,0.01
CPA,urb,d1,gas,20,2055,0.01
CPA,rur,d2,gas,20,2055,0.01
CPA,urb,d2,gas,20,2055,0.01
CPA,rur,d3,gas,20,2055,0.01
CPA,urb,d3,gas,20,2055,0.01
CPA,rur,d4,gas,20,2055,0.01
CPA,urb,d4,gas,20,2055,0.01
CPA,rur,d5,gas,20,2055,0.01
CPA,urb,d5,gas,20,2055,0.01
CPA,rur,d6,gas,20,2055,0.01
CPA,urb,d6,gas,20,2055,0.01
CPA,rur,d7,gas,20,2055,0.01
CPA,urb,d7,gas,20,2055,0.01
CPA,rur,d8,gas,20,2055,0.01
CPA,urb,d8,gas,20,2055,0.01
CPA,rur,d9,gas,20,2055,0.01
CPA,urb,d9,gas,20,2055,0.01
CPA,rur,d10,gas,20,2055,0.01
CPA,urb,d10,gas,20,2055,0.01
CPA,rur,d1,electricity,20,2055,0.01
CPA,urb,d1,electricity,20,2055,0.01
CPA,rur,d2,electricity,20,2055,0.01
CPA,urb,d2,electricity,20,2055,0.01
CPA,rur,d3,electricity,20,2055,0.01
CPA,urb,d3,electricity,20,2055,0.01
CPA,rur,d4,electricity,20,2055,0.01
CPA,urb,d4,electricity,20,2055,0.01
CPA,rur,d5,electricity,20,2055,0.01
CPA,urb,d5,electricity,20,2055,0.01
CPA,rur,d6,electricity,20,2055,0.01
CPA,urb,d6,electricity,20,2055,0.01
CPA,rur,d7,electricity,20,2055,0.01
CPA,urb,d7,electricity,20,2055,0.01
CPA,rur,d8,electricity,20,2055,0.01
CPA,urb,d8,electricity,20,2055,0.01
CPA,rur,d9,electricity,20,2055,0.01
CPA,urb,d9,electricity,20,2055,0.01
CPA,rur,d10,electricity,20,2055,0.01
CPA,urb,d10,electricity,20,2055,0.01
CPA,rur,d1,biomass_solid,20,2060,0.01
CPA,urb,d1,biomass_solid,20,2060,0.01
CPA,rur,d2,biomass_solid,20,2060,0.01
CPA,urb,d2,biomass_solid,20,2060,0.01
CPA,rur,d3,biomass_solid,20,2060,0.01
CPA,urb,d3,biomass_solid,20,2060,0.01
CPA,rur,d4,biomass_solid,20,2060,0.01
CPA,urb,d4,biomass_solid,20,2060,0.01
CPA,rur,d5,biomass_solid,20,2060,0.01
CPA,urb,d5,biomass_solid,20,2060,0.01
CPA,rur,d6,biomass_solid,20,2060,0.01
CPA,urb,d6,biomass_solid,20,2060,0.01
CPA,rur,d7,biomass_solid,20,2060,0.01
CPA,urb,d7,biomass_solid,20,2060,0.01
CPA,rur,d8,biomass_solid,20,2060,0.01
CPA,urb,d8,biomass_solid,20,2060,0.01
CPA,rur,d9,biomass_solid,20,2060,0.01
CPA,urb,d9,biomass_solid,20,2060,0.01
CPA,rur,d10,biomass_solid,20,2060,0.01
CPA,urb,d10,biomass_solid,20,2060,0.01
CPA,rur,d1,coal,20,2060,0.01
CPA,urb,d1,coal,20,2060,0.01
CPA,rur,d2,coal,20,2060,0.01
CPA,urb,d2,coal,20,2060,0.01
CPA,rur,d3,coal,20,2060,0.01
CPA,urb,d3,coal,20,2060,0.01
CPA,rur,d4,coal,20,2060,0.01
CPA,urb,d4,coal,20,2060,0.01
CPA,rur,d5,coal,20,2060,0.01
CPA,urb,d5,coal,20,2060,0.01
CPA,rur,d6,coal,20,2060,0.01
CPA,urb,d6,coal,20,2060,0.01
CPA,rur,d7,coal,20,2060,0.01
CPA,urb,d7,coal,20,2060,0.01
CPA,rur,d8,coal,20,2060,0.01
CPA,urb,d8,coal,20,2060,0.01
CPA,rur,d9,coal,20,2060,0.01
CPA,urb,d9,coal,20,2060,0.01
CPA,rur,d10,coal,20,2060,0.01
CPA,urb,d10,coal,20,2060,0.01
CPA,rur,d1,oil,20,2060,0.01
CPA,urb,d1,oil,20,2060,0.01
CPA,rur,d2,oil,20,2060,0.01
CPA,urb,d2,oil,20,2060,0.01
CPA,rur,d3,oil,20,2060,0.01
CPA,urb,d3,oil,20,2060,0.01
CPA,rur,d4,oil,20,2060,0.01
CPA,urb,d4,oil,20,2060,0.01
CPA,rur,d5,oil,20,2060,0.01
CPA,urb,d5,oil,20,2060,0.01
CPA,rur,d6,oil,20,2060,0.01
CPA,urb,d6,oil,20,2060,0.01
CPA,rur,d7,oil,20,2060,0.01
CPA,urb,d7,oil,20,2060,0.01
CPA,rur,d8,oil,20,2060,0.01
CPA,urb,d8,oil,20,2060,0.01
CPA,rur,d9,oil,20,2060,0.01
CPA,urb,d9,oil,20,2060,0.01
CPA,rur,d10,oil,20,2060,0.01
CPA,urb,d10,oil,20,2060,0.01
CPA,rur,d1,gas,20,2060,0.01
CPA,urb,d1,gas,20,2060,0.01
CPA,rur,d2,gas,20,2060,0.01
CPA,urb,d2,gas,20,2060,0.01
CPA,rur,d3,gas,20,2060,0.01
CPA,urb,d3,gas,20,2060,0.01
CPA,rur,d4,gas,20,2060,0.01
CPA,urb,d4,gas,20,2060,0.01
CPA,rur,d5,gas,20,2060,0.01
CPA,urb,d5,gas,20,2060,0.01
CPA,rur,d6,gas,20,2060,0.01
CPA,urb,d6,gas,20,2060,0.01
CPA,rur,d7,gas,20,2060,0.01
CPA,urb,d7,gas,20,2060,0.01
CPA,rur,d8,gas,20,2060,0.01
CPA,urb,d8,gas,20,2060,0.01
CPA,rur,d9,gas,20,2060,0.01
CPA,urb,d9,gas,20,2060,0.01
CPA,rur,d10,gas,20,2060,0.01
CPA,urb,d10,gas,20,2060,0.01
CPA,rur,d1,electricity,20,2060,0.01
CPA,urb,d1,electricity,20,2060,0.01
CPA,rur,d2,electricity,20,2060,0.01
CPA,urb,d2,electricity,20,2060,0.01
CPA,rur,d3,electricity,20,2060,0.01
CPA,urb,d3,electricity,20,2060,0.01
CPA,rur,d4,electricity,20,2060,0.01
CPA,urb,d4,electricity,20,2060,0.01
CPA,rur,d5,electricity,20,2060,0.01
CPA,urb,d5,electricity,20,2060,0.01
CPA,rur,d6,electricity,20,2060,0.01
CPA,urb,d6,electricity,20,2060,0.01
CPA,rur,d7,electricity,20,2060,0.01
CPA,urb,d7,electricity,20,2060,0.01
CPA,rur,d8,electricity,20,2060,0.01
CPA,urb,d8,electricity,20,2060,0.01
CPA,rur,d9,electricity,20,2060,0.01
CPA,urb,d9,electricity,20,2060,0.01
CPA,rur,d10,electricity,20,2060,0.01
CPA,urb,d10,electricity,20,2060,0.01
CPA,rur,d1,biomass_solid,20,2065,0.01
CPA,urb,d1,biomass_solid,20,2065,0.01
CPA,rur,d2,biomass_solid,20,2065,0.01
CPA,urb,d2,biomass_solid,20,2065,0.01
CPA,rur,d3,biomass_solid,20,2065,0.01
CPA,urb,d3,biomass_solid,20,2065,0.01
CPA,rur,d4,biomass_solid,20,2065,0.01
CPA,urb,d4,biomass_solid,20,2065,0.01
CPA,rur,d5,biomass_solid,20,2065,0.01
CPA,urb,d5,biomass_solid,20,2065,0.01
CPA,rur,d6,biomass_solid,20,2065,0.01
CPA,urb,d6,biomass_solid,20,2065,0.01
CPA,rur,d7,biomass_solid,20,2065,0.01
CPA,urb,d7,biomass_solid,20,2065,0.01
CPA,rur,d8,biomass_solid,20,2065,0.01
CPA,urb,d8,biomass_solid,20,2065,0.01
CPA,rur,d9,biomass_solid,20,2065,0.01
CPA,urb,d9,biomass_solid,20,2065,0.01
CPA,rur,d10,biomass_solid,20,2065,0.01
CPA,urb,d10,biomass_solid,20,2065,0.01
CPA,rur,d1,coal,20,2065,0.01
CPA,urb,d1,coal,20,2065,0.01
CPA,rur,d2,coal,20,2065,0.01
CPA,urb,d2,coal,20,2065,0.01
CPA,rur,d3,coal,20,2065,0.01
CPA,urb,d3,coal,20,2065,0.01
CPA,rur,d4,coal,20,2065,0.01
CPA,urb,d4,coal,20,2065,0.01
CPA,rur,d5,coal,20,2065,0.01
CPA,urb,d5,coal,20,2065,0.01
CPA,rur,d6,coal,20,2065,0.01
CPA,urb,d6,coal,20,2065,0.01
CPA,rur,d7,coal,20,2065,0.01
CPA,urb,d7,coal,20,2065,0.01
CPA,rur,d8,coal,20,2065,0.01
CPA,urb,d8,coal,20,2065,0.01
CPA,rur,d9,coal,20,2065,0.01
CPA,urb,d9,coal,20,2065,0.01
CPA,rur,d10,coal,20,2065,0.01
CPA,urb,d10,coal,20,2065,0.01
CPA,rur,d1,oil,20,2065,0.01
CPA,urb,d1,oil,20,2065,0.01
CPA,rur,d2,oil,20,2065,0.01
CPA,urb,d2,oil,20,2065,0.01
CPA,rur,d3,oil,20,2065,0.01
CPA,urb,d3,oil,20,2065,0.01
CPA,rur,d4,oil,20,2065,0.01
CPA,urb,d4,oil,20,2065,0.01
CPA,rur,d5,oil,20,2065,0.01
CPA,urb,d5,oil,20,2065,0.01
CPA,rur,d6,oil,20,2065,0.01
CPA,urb,d6,oil,20,2065,0.01
CPA,rur,d7,oil,20,2065,0.01
CPA,urb,d7,oil,20,2065,0.01
CPA,rur,d8,oil,20,2065,0.01
CPA,urb,d8,oil,20,2065,0.01
CPA,rur,d9,oil,20,2065,0.01
CPA,urb,d9,oil,20,2065,0.01
CPA,rur,d10,oil,20,2065,0.01
CPA,urb,d10,oil,20,2065,0.01
CPA,rur,d1,gas,20,2065,0.01
CPA,urb,d1,gas,20,2065,0.01
CPA,rur,d2,gas,20,2065,0.01
CPA,urb,d2,gas,20,2065,0.01
CPA,rur,d3,gas,20,2065,0.01
CPA,urb,d3,gas,20,2065,0.01
CPA,rur,d4,gas,20,2065,0.01
CPA,urb,d4,gas,20,2065,0.01
CPA,rur,d5,gas,20,2065,0.01
CPA,urb,d5,gas,20,2065,0.01
CPA,rur,d6,gas,20,2065,0.01
CPA,urb,d6,gas,20,2065,0.01
CPA,rur,d7,gas,20,2065,0.01
CPA,urb,d7,gas,20,2065,0.01
CPA,rur,d8,gas,20,2065,0.01
CPA,urb,d8,gas,20,2065,0.01
CPA,rur,d9,gas,20,2065,0.01
CPA,urb,d9,gas,20,2065,0.01
CPA,rur,d10,gas,20,2065,0.01
CPA,urb,d10,gas,20,2065,0.01
CPA,rur,d1,electricity,20,2065,0.01
CPA,urb,d1,electricity,20,2065,0.01
CPA,rur,d2,electricity,20,2065,0.01
CPA,urb,d2,electricity,20,2065,0.01
CPA,rur,d3,electricity,20,2065,0.01
CPA,urb,d3,electricity,20,2065,0.01
CPA,rur,d4,electricity,20,2065,0.01
CPA,urb,d4,electricity,20,2065,0.01
CPA,rur,d5,electricity,20,2065,0.01
CPA,urb,d5,electricity,20,2065,0.01
CPA,rur,d6,electricity,20,2065,0.01
CPA,urb,d6,electricity,20,2065,0.01
CPA,rur,d7,electricity,20,2065,0.01
CPA,urb,d7,electricity,20,2065,0.01
CPA,rur,d8,electricity,20,2065,0.01
CPA,urb,d8,electricity,20,2065,0.01
CPA,rur,d9,electricity,20,2065,0.01
CPA,urb,d9,electricity,20,2065,0.01
CPA,rur,d10,electricity,20,2065,0.01
CPA,urb,d10,electricity,20,2065,0.01
CPA,rur,d1,biomass_solid,20,2070,0.01
CPA,urb,d1,biomass_solid,20,2070,0.01
CPA,rur,d2,biomass_solid,20,2070,0.01
CPA,urb,d2,biomass_solid,20,2070,0.01
CPA,rur,d3,biomass_solid,20,2070,0.01
CPA,urb,d3,biomass_solid,20,2070,0.01
CPA,rur,d4,biomass_solid,20,2070,0.01
CPA,urb,d4,biomass_solid,20,2070,0.01
CPA,rur,d5,biomass_solid,20,2070,0.01
CPA,urb,d5,biomass_solid,20,2070,0.01
CPA,rur,d6,biomass_solid,20,2070,0.01
CPA,urb,d6,biomass_solid,20,2070,0.01
CPA,rur,d7,biomass_solid,20,2070,0.01
CPA,urb,d7,biomass_solid,20,2070,0.01
CPA,rur,d8,biomass_solid,20,2070,0.01
CPA,urb,d8,biomass_solid,20,2070,0.01
CPA,rur,d9,biomass_solid,20,2070,0.01
CPA,urb,d9,biomass_solid,20,2070,0.01
CPA,rur,d10,biomass_solid,20,2070,0.01
CPA,urb,d10,biomass_solid,20,2070,0.01
CPA,rur,d1,coal,20,2070,0.01
CPA,urb,d1,coal,20,2070,0.01
CPA,rur,d2,coal,20,2070,0.01
CPA,urb,d2,coal,20,2070,0.01
CPA,rur,d3,coal,20,2070,0.01
CPA,urb,d3,coal,20,2070,0.01
CPA,rur,d4,coal,20,2070,0.01
CPA,urb,d4,coal,20,2070,0.01
CPA,rur,d5,coal,20,2070,0.01
CPA,urb,d5,coal,20,2070,0.01
CPA,rur,d6,coal,20,2070,0.01
CPA,urb,d6,coal,20,2070,0.01
CPA,rur,d7,coal,20,2070,0.01
CPA,urb,d7,coal,20,2070,0.01
CPA,rur,d8,coal,20,2070,0.01
CPA,urb,d8,coal,20,2070,0.01
CPA,rur,d9,coal,20,2070,0.01
CPA,urb,d9,coal,20,2070,0.01
CPA,rur,d10,coal,20,2070,0.01
CPA,urb,d10,coal,20,2070,0.01
CPA,rur,d1,oil,20,2070,0.01
CPA,urb,d1,oil,20,2070,0.01
CPA,rur,d2,oil,20,2070,0.01
CPA,urb,d2,oil,20,2070,0.01
CPA,rur,d3,oil,20,2070,0.01
CPA,urb,d3,oil,20,2070,0.01
CPA,rur,d4,oil,20,2070,0.01
CPA,urb,d4,oil,20,2070,0.01
CPA,rur,d5,oil,20,2070,0.01
CPA,urb,d5,oil,20,2070,0.01
CPA,rur,d6,oil,20,2070,0.01
CPA,urb,d6,oil,20,2070,0.01
CPA,rur,d7,oil,20,2070,0.01
CPA,urb,d7,oil,20,2070,0.01
CPA,rur,d8,oil,20,2070,0.01
CPA,urb,d8,oil,20,2070,0.01
CPA,rur,d9,oil,20,2070,0.01
CPA,urb,d9,oil,20,2070,0.01
CPA,rur,d10,oil,20,2070,0.01
CPA,urb,d10,oil,20,2070,0.01
CPA,rur,d1,gas,20,2070,0.01
CPA,urb,d1,gas,20,2070,0.01
CPA,rur,d2,gas,20,2070,0.01
CPA,urb,d2,gas,20,2070,0.01
CPA,rur,d3,gas,20,2070,0.01
CPA,urb,d3,gas,20,2070,0.01
CPA,rur,d4,gas,20,2070,0.01
CPA,urb,d4,gas,20,2070,0.01
CPA,rur,d5,gas,20,2070,0.01
CPA,urb,d5,gas,20,2070,0.01
CPA,rur,d6,gas,20,2070,0.01
CPA,urb,d6,gas,20,2070,0.01
CPA,rur,d7,gas,20,2070,0.01
CPA,urb,d7,gas,20,2070,0.01
CPA,rur,d8,gas,20,2070,0.01
CPA,urb,d8,gas,20,2070,0.01
CPA,rur,d9,gas,20,2070,0.01
CPA,urb,d9,gas,20,2070,0.01
CPA,rur,d10,gas,20,2070,0.01
CPA,urb,d10,gas,20,2070,0.01
CPA,rur,d1,electricity,20,2070,0.01
CPA,urb,d1,electricity,20,2070,0.01
CPA,rur,d2,electricity,20,2070,0.01
CPA,urb,d2,electricity,20,2070,0.01
CPA,rur,d3,electricity,20,2070,0.01
CPA,urb,d3,electricity,20,2070,0.01
CPA,rur,d4,electricity,20,2070,0.01
CPA,urb,d4,electricity,20,2070,0.01
CPA,rur,d5,electricity,20,2070,0.01
CPA,urb,d5,electricity,20,2070,0.01
CPA,rur,d6,electricity,20,2070,0.01
CPA,urb,d6,electricity,20,2070,0.01
CPA,rur,d7,electricity,20,2070,0.01
CPA,urb,d7,electricity,20,2070,0.01
CPA,rur,d8,electricity,20,2070,0.01
CPA,urb,d8,electricity,20,2070,0.01
CPA,rur,d9,electricity,20,2070,0.01
CPA,urb,d9,electricity,20,2070,0.01
CPA,rur,d10,electricity,20,2070,0.01
CPA,urb,d10,electricity,20,2070,0.01
CPA,rur,d1,biomass_solid,20,2075,0.01
CPA,urb,d1,biomass_solid,20,2075,0.01
CPA,rur,d2,biomass_solid,20,2075,0.01
CPA,urb,d2,biomass_solid,20,2075,0.01
CPA,rur,d3,biomass_solid,20,2075,0.01
CPA,urb,d3,biomass_solid,20,2075,0.01
CPA,rur,d4,biomass_solid,20,2075,0.01
CPA,urb,d4,biomass_solid,20,2075,0.01
CPA,rur,d5,biomass_solid,20,2075,0.01
CPA,urb,d5,biomass_solid,20,2075,0.01
CPA,rur,d6,biomass_solid,20,2075,0.01
CPA,urb,d6,biomass_solid,20,2075,0.01
CPA,rur,d7,biomass_solid,20,2075,0.01
CPA,urb,d7,biomass_solid,20,2075,0.01
CPA,rur,d8,biomass_solid,20,2075,0.01
CPA,urb,d8,biomass_solid,20,2075,0.01
CPA,rur,d9,biomass_solid,20,2075,0.01
CPA,urb,d9,biomass_solid,20,2075,0.01
CPA,rur,d10,biomass_solid,20,2075,0.01
CPA,urb,d10,biomass_solid,20,2075,0.01
CPA,rur,d1,coal,20,2075,0.01
CPA,urb,d1,coal,20,2075,0.01
CPA,rur,d2,coal,20,2075,0.01
CPA,urb,d2,coal,20,2075,0.01
CPA,rur,d3,coal,20,2075,0.01
CPA,urb,d3,coal,20,2075,0.01
CPA,rur,d4,coal,20,2075,0.01
CPA,urb,d4,coal,20,2075,0.01
CPA,rur,d5,coal,20,2075,0.01
CPA,urb,d5,coal,20,2075,0.01
CPA,rur,d6,coal,20,2075,0.01
CPA,urb,d6,coal,20,2075,0.01
CPA,rur,d7,coal,20,2075,0.01
CPA,urb,d7,coal,20,2075,0.01
CPA,rur,d8,coal,20,2075,0.01
CPA,urb,d8,coal,20,2075,0.01
CPA,rur,d9,coal,20,2075,0.01
CPA,urb,d9,coal,20,2075,0.01
CPA,rur,d10,coal,20,2075,0.01
CPA,urb,d10,coal,20,2075,0.01
CPA,rur,d1,oil,20,2075,0.01
CPA,urb,d1,oil,20,2075,0.01
CPA,rur,d2,oil,20,2075,0.01
CPA,urb,d2,oil,20,2075,0.01
CPA,rur,d3,oil,20,2075,0.01
CPA,urb,d3,oil,20,2075,0.01
CPA,rur,d4,oil,20,2075,0.01
CPA,urb,d4,oil,20,2075,0.01
CPA,rur,d5,oil,20,2075,0.01
CPA,urb,d5,oil,20,2075,0.01
CPA,rur,d6,oil,20,2075,0.01
CPA,urb,d6,oil,20,2075,0.01
CPA,rur,d7,oil,20,2075,0.01
CPA,urb,d7,oil,20,2075,0.01
CPA,rur,d8,oil,20,2075,0.01
CPA,urb,d8,oil,20,2075,0.01
CPA,rur,d9,oil,20,2075,0.01
CPA,urb,d9,oil,20,2075,0.01
CPA,rur,d10,oil,20,2075,0.01
CPA,urb,d10,oil,20,2075,0.01
CPA,rur,d1,gas,20,2075,0.01
CPA,urb,d1,gas,20,2075,0.01
CPA,rur,d2,gas,20,2075,0.01
CPA,urb,d2,gas,20,2075,0.01
CPA,rur,d3,gas,20,2075,0.01
CPA,urb,d3,gas,20,2075,0.01
CPA,rur,d4,gas,20,2075,0.01
CPA,urb,d4,gas,20,2075,0.01
CPA,rur,d5,gas,20,2075,0.01
CPA,urb,d5,gas,20,2075,0.01
CPA,rur,d6,gas,20,2075,0.01
CPA,urb,d6,gas,20,2075,0.01
CPA,rur,d7,gas,20,2075,0.01
CPA,urb,d7,gas,20,2075,0.01
CPA,rur,d8,gas,20,2075,0.01
CPA,urb,d8,gas,20,2075,0.01
CPA,rur,d9,gas,20,2075,0.01
CPA,urb,d9,gas,20,2075,0.01
CPA,rur,d10,gas,20,2075,0.01
CPA,urb,d10,gas,20,2075,0.01
CPA,rur,d1,electricity,20,2075,0.01
CPA,urb,d1,electricity,20,2075,0.01
CPA,rur,d2,electricity,20,2075,0.01
CPA,urb,d2,electricity,20,2075,0.01
CPA,rur,d3,electricity,20,2075,0.01
CPA,urb,d3,electricity,20,2075,0.01
CPA,rur,d4,electricity,20,2075,0.01
CPA,urb,d4,electricity,20,2075,0.01
CPA,rur,d5,electricity,20,2075,0.01
CPA,urb,d5,electricity,20,2075,0.01
CPA,rur,d6,electricity,20,2075,0.01
CPA,urb,d6,electricity,20,2075,0.01
CPA,rur,d7,electricity,20,2075,0.01
CPA,urb,d7,electricity,20,2075,0.01
CPA,rur,d8,electricity,20,2075,0.01
CPA,urb,d8,electricity,20,2075,0.01
CPA,rur,d9,electricity,20,2075,0.01
CPA,urb,d9,electricity,20,2075,0.01
CPA,rur,d10,electricity,20,2075,0.01
CPA,urb,d10,electricity,20,2075,0.01
CPA,rur,d1,biomass_solid,20,2080,0.01
CPA,urb,d1,biomass_solid,20,2080,0.01
CPA,rur,d2,biomass_solid,20,2080,0.01
CPA,urb,d2,biomass_solid,20,2080,0.01
CPA,rur,d3,biomass_solid,20,2080,0.01
CPA,urb,d3,biomass_solid,20,2080,0.01
CPA,rur,d4,biomass_solid,20,2080,0.01
CPA,urb,d4,biomass_solid,20,2080,0.01
CPA,rur,d5,biomass_solid,20,2080,0.01
CPA,urb,d5,biomass_solid,20,2080,0.01
CPA,rur,d6,biomass_solid,20,2080,0.01
CPA,urb,d6,biomass_solid,20,2080,0.01
CPA,rur,d7,biomass_solid,20,2080,0.01
CPA,urb,d7,biomass_solid,20,2080,0.01
CPA,rur,d8,biomass_solid,20,2080,0.01
CPA,urb,d8,biomass_solid,20,2080,0.01
CPA,rur,d9,biomass_solid,20,2080,0.01
CPA,urb,d9,biomass_solid,20,2080,0.01
CPA,rur,d10,biomass_solid,20,2080,0.01
CPA,urb,d10,biomass_solid,20,2080,0.01
CPA,rur,d1,coal,20,2080,0.01
CPA,urb,d1,coal,20,2080,0.01
CPA,rur,d2,coal,20,2080,0.01
CPA,urb,d2,coal,20,2080,0.01
CPA,rur,d3,coal,20,2080,0.01
CPA,urb,d3,coal,20,2080,0.01
CPA,rur,d4,coal,20,2080,0.01
CPA,urb,d4,coal,20,2080,0.01
CPA,rur,d5,coal,20,2080,0.01
CPA,urb,d5,coal,20,2080,0.01
CPA,rur,d6,coal,20,2080,0.01
CPA,urb,d6,coal,20,2080,0.01
CPA,rur,d7,coal,20,2080,0.01
CPA,urb,d7,coal,20,2080,0.01
CPA,rur,d8,coal,20,2080,0.01
CPA,urb,d8,coal,20,2080,0.01
CPA,rur,d9,coal,20,2080,0.01
CPA,urb,d9,coal,20,2080,0.01
CPA,rur,d10,coal,20,2080,0.01
CPA,urb,d10,coal,20,2080,0.01
CPA,rur,d1,oil,20,2080,0.01
CPA,urb,d1,oil,20,2080,0.01
CPA,rur,d2,oil,20,2080,0.01
CPA,urb,d2,oil,20,2080,0.01
CPA,rur,d3,oil,20,2080,0.01
CPA,urb,d3,oil,20,2080,0.01
CPA,rur,d4,oil,20,2080,0.01
CPA,urb,d4,oil,20,2080,0.01
CPA,rur,d5,oil,20,2080,0.01
CPA,urb,d5,oil,20,2080,0.01
CPA,rur,d6,oil,20,2080,0.01
CPA,urb,d6,oil,20,2080,0.01
CPA,rur,d7,oil,20,2080,0.01
CPA,urb,d7,oil,20,2080,0.01
CPA,rur,d8,oil,20,2080,0.01
CPA,urb,d8,oil,20,2080,0.01
CPA,rur,d9,oil,20,2080,0.01
CPA,urb,d9,oil,20,2080,0.01
CPA,rur,d10,oil,20,2080,0.01
CPA,urb,d10,oil,20,2080,0.01
CPA,rur,d1,gas,20,2080,0.01
CPA,urb,d1,gas,20,2080,0.01
CPA,rur,d2,gas,20,2080,0.01
CPA,urb,d2,gas,20,2080,0.01
CPA,rur,d3,gas,20,2080,0.01
CPA,urb,d3,gas,20,2080,0.01
CPA,rur,d4,gas,20,2080,0.01
CPA,urb,d4,gas,20,2080,0.01
CPA,rur,d5,gas,20,2080,0.01
CPA,urb,d5,gas,20,2080,0.01
CPA,rur,d6,gas,20,2080,0.01
CPA,urb,d6,gas,20,2080,0.01
CPA,rur,d7,gas,20,2080,0.01
CPA,urb,d7,gas,20,2080,0.01
CPA,rur,d8,gas,20,2080,0.01
CPA,urb,d8,gas,20,2080,0.01
CPA,rur,d9,gas,20,2080,0.01
CPA,urb,d9,gas,20,2080,0.01
CPA,rur,d10,gas,20,2080,0.01
CPA,urb,d10,gas,20,2080,0.01
CPA,rur,d1,electricity,20,2080,0.01
CPA,urb,d1,electricity,20,2080,0.01
CPA,rur,d2,electricity,20,2080,0.01
CPA,urb,d2,electricity,20,2080,0.01
CPA,rur,d3,electricity,20,2080,0.01
CPA,urb,d3,electricity,20,2080,0.01
CPA,rur,d4,electricity,20,2080,0.01
CPA,urb,d4,electricity,20,2080,0.01
CPA,rur,d5,electricity,20,2080,0.01
CPA,urb,d5,electricity,20,2080,0.01
CPA,rur,d6,electricity,20,2080,0.01
CPA,urb,d6,electricity,20,2080,0.01
CPA,rur,d7,electricity,20,2080,0.01
CPA,urb,d7,electricity,20,2080,0.01
CPA,rur,d8,electricity,20,2080,0.01
CPA,urb,d8,electricity,20,2080,0.01
CPA,rur,d9,electricity,20,2080,0.01
CPA,urb,d9,electricity,20,2080,0.01
CPA,rur,d10,electricity,20,2080,0.01
CPA,urb,d10,electricity,20,2080,0.01
CPA,rur,d1,biomass_solid,20,2085,0.01
CPA,urb,d1,biomass_solid,20,2085,0.01
CPA,rur,d2,biomass_solid,20,2085,0.01
CPA,urb,d2,biomass_solid,20,2085,0.01
CPA,rur,d3,biomass_solid,20,2085,0.01
CPA,urb,d3,biomass_solid,20,2085,0.01
CPA,rur,d4,biomass_solid,20,2085,0.01
CPA,urb,d4,biomass_solid,20,2085,0.01
CPA,rur,d5,biomass_solid,20,2085,0.01
CPA,urb,d5,biomass_solid,20,2085,0.01
CPA,rur,d6,biomass_solid,20,2085,0.01
CPA,urb,d6,biomass_solid,20,2085,0.01
CPA,rur,d7,biomass_solid,20,2085,0.01
CPA,urb,d7,biomass_solid,20,2085,0.01
CPA,rur,d8,biomass_solid,20,2085,0.01
CPA,urb,d8,biomass_solid,20,2085,0.01
CPA,rur,d9,biomass_solid,20,2085,0.01
CPA,urb,d9,biomass_solid,20,2085,0.01
CPA,rur,d10,biomass_solid,20,2085,0.01
CPA,urb,d10,biomass_solid,20,2085,0.01
CPA,rur,d1,coal,20,2085,0.01
CPA,urb,d1,coal,20,2085,0.01
CPA,rur,d2,coal,20,2085,0.01
CPA,urb,d2,coal,20,2085,0.01
CPA,rur,d3,coal,20,2085,0.01
CPA,urb,d3,coal,20,2085,0.01
CPA,rur,d4,coal,20,2085,0.01
CPA,urb,d4,coal,20,2085,0.01
CPA,rur,d5,coal,20,2085,0.01
CPA,urb,d5,coal,20,2085,0.01
CPA,rur,d6,coal,20,2085,0.01
CPA,urb,d6,coal,20,2085,0.01
CPA,rur,d7,coal,20,2085,0.01
CPA,urb,d7,coal,20,2085,0.01
CPA,rur,d8,coal,20,2085,0.01
CPA,urb,d8,coal,20,2085,0.01
CPA,rur,d9,coal,20,2085,0.01
CPA,urb,d9,coal,20,2085,0.01
CPA,rur,d10,coal,20,2085,0.01
CPA,urb,d10,coal,20,2085,0.01
CPA,rur,d1,oil,20,2085,0.01
CPA,urb,d1,oil,20,2085,0.01
CPA,rur,d2,oil,20,2085,0.01
CPA,urb,d2,oil,20,2085,0.01
CPA,rur,d3,oil,20,2085,0.01
CPA,urb,d3,oil,20,2085,0.01
CPA,rur,d4,oil,20,2085,0.01
CPA,urb,d4,oil,20,2085,0.01
CPA,rur,d5,oil,20,2085,0.01
CPA,urb,d5,oil,20,2085,0.01
CPA,rur,d6,oil,20,2085,0.01
CPA,urb,d6,oil,20,2085,0.01
CPA,rur,d7,oil,20,2085,0.01
CPA,urb,d7,oil,20,2085,0.01
CPA,rur,d8,oil,20,2085,0.01
CPA,urb,d8,oil,20,2085,0.01
CPA,rur,d9,oil,20,2085,0.01
CPA,urb,d9,oil,20,2085,0.01
CPA,rur,d10,oil,20,2085,0.01
CPA,urb,d10,oil,20,2085,0.01
CPA,rur,d1,gas,20,2085,0.01
CPA,urb,d1,gas,20,2085,0.01
CPA,rur,d2,gas,20,2085,0.01
CPA,urb,d2,gas,20,2085,0.01
CPA,rur,d3,gas,20,2085,0.01
CPA,urb,d3,gas,20,2085,0.01
CPA,rur,d4,gas,20,2085,0.01
CPA,urb,d4,gas,20,2085,0.01
CPA,rur,d5,gas,20,2085,0.01
CPA,urb,d5,gas,20,2085,0.01
CPA,rur,d6,gas,20,2085,0.01
CPA,urb,d6,gas,20,2085,0.01
CPA,rur,d7,gas,20,2085,0.01
CPA,urb,d7,gas,20,2085,0.01
CPA,rur,d8,gas,20,2085,0.01
CPA,urb,d8,gas,20,2085,0.01
CPA,rur,d9,gas,20,2085,0.01
CPA,urb,d9,gas,20,2085,0.01
CPA,rur,d10,gas,20,2085,0.01
CPA,urb,d10,gas,20,2085,0.01
CPA,rur,d1,electricity,20,2085,0.01
CPA,urb,d1,electricity,20,2085,0.01
CPA,rur,d2,electricity,20,2085,0.01
CPA,urb,d2,electricity,20,2085,0.01
CPA,rur,d3,electricity,20,2085,0.01
CPA,urb,d3,electricity,20,2085,0.01
CPA,rur,d4,electricity,20,2085,0.01
CPA,urb,d4,electricity,20,2085,0.01
CPA,rur,d5,electricity,20,2085,0.01
CPA,urb,d5,electricity,20,2085,0.01
CPA,rur,d6,electricity,20,2085,0.01
CPA,urb,d6,electricity,20,2085,0.01
CPA,rur,d7,electricity,20,2085,0.01
CPA,urb,d7,electricity,20,2085,0.01
CPA,rur,d8,electricity,20,2085,0.01
CPA,urb,d8,electricity,20,2085,0.01
CPA,rur,d9,electricity,20,2085,0.01
CPA,urb,d9,electricity,20,2085,0.01
CPA,rur,d10,electricity,20,2085,0.01
CPA,urb,d10,electricity,20,2085,0.01
CPA,rur,d1,biomass_solid,20,2090,0.01
CPA,urb,d1,biomass_solid,20,2090,0.01
CPA,rur,d2,biomass_solid,20,2090,0.01
CPA,urb,d2,biomass_solid,20,2090,0.01
CPA,rur,d3,biomass_solid,20,2090,0.01
CPA,urb,d3,biomass_solid,20,2090,0.01
CPA,rur,d4,biomass_solid,20,2090,0.01
CPA,urb,d4,biomass_solid,20,2090,0.01
CPA,rur,d5,biomass_solid,20,2090,0.01
CPA,urb,d5,biomass_solid,20,2090,0.01
CPA,rur,d6,biomass_solid,20,2090,0.01
CPA,urb,d6,biomass_solid,20,2090,0.01
CPA,rur,d7,biomass_solid,20,2090,0.01
CPA,urb,d7,biomass_solid,20,2090,0.01
CPA,rur,d8,biomass_solid,20,2090,0.01
CPA,urb,d8,biomass_solid,20,2090,0.01
CPA,rur,d9,biomass_solid,20,2090,0.01
CPA,urb,d9,biomass_solid,20,2090,0.01
CPA,rur,d10,biomass_solid,20,2090,0.01
CPA,urb,d10,biomass_solid,20,2090,0.01
CPA,rur,d1,coal,20,2090,0.01
CPA,urb,d1,coal,20,2090,0.01
CPA,rur,d2,coal,20,2090,0.01
CPA,urb,d2,coal,20,2090,0.01
CPA,rur,d3,coal,20,2090,0.01
CPA,urb,d3,coal,20,2090,0.01
CPA,rur,d4,coal,20,2090,0.01
CPA,urb,d4,coal,20,2090,0.01
CPA,rur,d5,coal,20,2090,0.01
CPA,urb,d5,coal,20,2090,0.01
CPA,rur,d6,coal,20,2090,0.01
CPA,urb,d6,coal,20,2090,0.01
CPA,rur,d7,coal,20,2090,0.01
CPA,urb,d7,coal,20,2090,0.01
CPA,rur,d8,coal,20,2090,0.01
CPA,urb,d8,coal,20,2090,0.01
CPA,rur,d9,coal,20,2090,0.01
CPA,urb,d9,coal,20,2090,0.01
CPA,rur,d10,coal,20,2090,0.01
CPA,urb,d10,coal,20,2090,0.01
CPA,rur,d1,oil,20,2090,0.01
CPA,urb,d1,oil,20,2090,0.01
CPA,rur,d2,oil,20,2090,0.01
CPA,urb,d2,oil,20,2090,0.01
CPA,rur,d3,oil,20,2090,0.01
CPA,urb,d3,oil,20,2090,0.01
CPA,rur,d4,oil,20,2090,0.01
CPA,urb,d4,oil,20,2090,0.01
CPA,rur,d5,oil,20,2090,0.01
CPA,urb,d5,oil,20,2090,0.01
CPA,rur,d6,oil,20,2090,0.01
CPA,urb,d6,oil,20,2090,0.01
CPA,rur,d7,oil,20,2090,0.01
CPA,urb,d7,oil,20,2090,0.01
CPA,rur,d8,oil,20,2090,0.01
CPA,urb,d8,oil,20,2090,0.01
CPA,rur,d9,oil,20,2090,0.01
CPA,urb,d9,oil,20,2090,0.01
CPA,rur,d10,oil,20,2090,0.01
CPA,urb,d10,oil,20,2090,0.01
CPA,rur,d1,gas,20,2090,0.01
CPA,urb,d1,gas,20,2090,0.01
CPA,rur,d2,gas,20,2090,0.01
CPA,urb,d2,gas,20,2090,0.01
CPA,rur,d3,gas,20,2090,0.01
CPA,urb,d3,gas,20,2090,0.01
CPA,rur,d4,gas,20,2090,0.01
CPA,urb,d4,gas,20,2090,0.01
CPA,rur,d5,gas,20,2090,0.01
CPA,urb,d5,gas,20,2090,0.01
CPA,rur,d6,gas,20,2090,0.01
CPA,urb,d6,gas,20,2090,0.01
CPA,rur,d7,gas,20,2090,0.01
CPA,urb,d7,gas,20,2090,0.01
CPA,rur,d8,gas,20,2090,0.01
CPA,urb,d8,gas,20,2090,0.01
CPA,rur,d9,gas,20,2090,0.01
CPA,urb,d9,gas,20,2090,0.01
CPA,rur,d10,gas,20,2090,0.01
CPA,urb,d10,gas,20,2090,0.01
CPA,rur,d1,electricity,20,2090,0.01
CPA,urb,d1,electricity,20,2090,0.01
CPA,rur,d2,electricity,20,2090,0.01
CPA,urb,d2,electricity,20,2090,0.01
CPA,rur,d3,electricity,20,2090,0.01
CPA,urb,d3,electricity,20,2090,0.01
CPA,rur,d4,electricity,20,2090,0.01
CPA,urb,d4,electricity,20,2090,0.01
CPA,rur,d5,electricity,20,2090,0.01
CPA,urb,d5,electricity,20,2090,0.01
CPA,rur,d6,electricity,20,2090,0.01
CPA,urb,d6,electricity,20,2090,0.01
CPA,rur,d7,electricity,20,2090,0.01
CPA,urb,d7,electricity,20,2090,0.01
CPA,rur,d8,electricity,20,2090,0.01
CPA,urb,d8,electricity,20,2090,0.01
CPA,rur,d9,electricity,20,2090,0.01
CPA,urb,d9,electricity,20,2090,0.01
CPA,rur,d10,electricity,20,2090,0.01
CPA,urb,d10,electricity,20,2090,0.01
CPA,rur,d1,biomass_solid,20,2095,0.01
CPA,urb,d1,biomass_solid,20,2095,0.01
CPA,rur,d2,biomass_solid,20,2095,0.01
CPA,urb,d2,biomass_solid,20,2095,0.01
CPA,rur,d3,biomass_solid,20,2095,0.01
CPA,urb,d3,biomass_solid,20,2095,0.01
CPA,rur,d4,biomass_solid,20,2095,0.01
CPA,urb,d4,biomass_solid,20,2095,0.01
CPA,rur,d5,biomass_solid,20,2095,0.01
CPA,urb,d5,biomass_solid,20,2095,0.01
CPA,rur,d6,biomass_solid,20,2095,0.01
CPA,urb,d6,biomass_solid,20,2095,0.01
CPA,rur,d7,biomass_solid,20,2095,0.01
CPA,urb,d7,biomass_solid,20,2095,0.01
CPA,rur,d8,biomass_solid,20,2095,0.01
CPA,urb,d8,biomass_solid,20,2095,0.01
CPA,rur,d9,biomass_solid,20,2095,0.01
CPA,urb,d9,biomass_solid,20,2095,0.01
CPA,rur,d10,biomass_solid,20,2095,0.01
CPA,urb,d10,biomass_solid,20,2095,0.01
CPA,rur,d1,coal,20,2095,0.01
CPA,urb,d1,coal,20,2095,0.01
CPA,rur,d2,coal,20,2095,0.01
CPA,urb,d2,coal,20,2095,0.01
CPA,rur,d3,coal,20,2095,0.01
CPA,urb,d3,coal,20,2095,0.01
CPA,rur,d4,coal,20,2095,0.01
CPA,urb,d4,coal,20,2095,0.01
CPA,rur,d5,coal,20,2095,0.01
CPA,urb,d5,coal,20,2095,0.01
CPA,rur,d6,coal,20,2095,0.01
CPA,urb,d6,coal,20,2095,0.01
CPA,rur,d7,coal,20,2095,0.01
CPA,urb,d7,coal,20,2095,0.01
CPA,rur,d8,coal,20,2095,0.01
CPA,urb,d8,coal,20,2095,0.01
CPA,rur,d9,coal,20,2095,0.01
CPA,urb,d9,coal,20,2095,0.01
CPA,rur,d10,coal,20,2095,0.01
CPA,urb,d10,coal,20,2095,0.01
CPA,rur,d1,oil,20,2095,0.01
CPA,urb,d1,oil,20,2095,0.01
CPA,rur,d2,oil,20,2095,0.01
CPA,urb,d2,oil,20,2095,0.01
CPA,rur,d3,oil,20,2095,0.01
CPA,urb,d3,oil,20,2095,0.01
CPA,rur,d4,oil,20,2095,0.01
CPA,urb,d4,oil,20,2095,0.01
CPA,rur,d5,oil,20,2095,0.01
CPA,urb,d5,oil,20,2095,0.01
CPA,rur,d6,oil,20,2095,0.01
CPA,urb,d6,oil,20,2095,0.01
CPA,rur,d7,oil,20,2095,0.01
CPA,urb,d7,oil,20,2095,0.01
CPA,rur,d8,oil,20,2095,0.01
CPA,urb,d8,oil,20,2095,0.01
CPA,rur,d9,oil,20,2095,0.01
CPA,urb,d9,oil,20,2095,0.01
CPA,rur,d10,oil,20,2095,0.01
CPA,urb,d10,oil,20,2095,0.01
CPA,rur,d1,gas,20,2095,0.01
CPA,urb,d1,gas,20,2095,0.01
CPA,rur,d2,gas,20,2095,0.01
CPA,urb,d2,gas,20,2095,0.01
CPA,rur,d3,gas,20,2095,0.01
CPA,urb,d3,gas,20,2095,0.01
CPA,rur,d4,gas,20,2095,0.01
CPA,urb,d4,gas,20,2095,0.01
CPA,rur,d5,gas,20,2095,0.01
CPA,urb,d5,gas,20,2095,0.01
CPA,rur,d6,gas,20,2095,0.01
CPA,urb,d6,gas,20,2095,0.01
CPA,rur,d7,gas,20,2095,0.01
CPA,urb,d7,gas,20,2095,0.01
CPA,rur,d8,gas,20,2095,0.01
CPA,urb,d8,gas,20,2095,0.01
CPA,rur,d9,gas,20,2095,0.01
CPA,urb,d9,gas,20,2095,0.01
CPA,rur,d10,gas,20,2095,0.01
CPA,urb,d10,gas,20,2095,0.01
CPA,rur,d1,electricity,20,2095,0.01
CPA,urb,d1,electricity,20,2095,0.01
CPA,rur,d2,electricity,20,2095,0.01
CPA,urb,d2,electricity,20,2095,0.01
CPA,rur,d3,electricity,20,2095,0.01
CPA,urb,d3,electricity,20,2095,0.01
CPA,rur,d4,electricity,20,2095,0.01
CPA,urb,d4,electricity,20,2095,0.01
CPA,rur,d5,electricity,20,2095,0.01
CPA,urb,d5,electricity,20,2095,0.01
CPA,rur,d6,electricity,20,2095,0.01
CPA,urb,d6,electricity,20,2095,0.01
CPA,rur,d7,electricity,20,2095,0.01
CPA,urb,d7,electricity,20,2095,0.01
CPA,rur,d8,electricity,20,2095,0.01
CPA,urb,d8,electricity,20,2095,0.01
CPA,rur,d9,electricity,20,2095,0.01
CPA,urb,d9,electricity,20,2095,0.01
CPA,rur,d10,electricity,20,2095,0.01
CPA,urb,d10,electricity,20,2095,0.01
CPA,rur,d1,biomass_solid,20,2100,0.01
CPA,urb,d1,biomass_solid,20,2100,0.01
CPA,rur,d2,biomass_solid,20,2100,0.01
CPA,urb,d2,biomass_solid,20,2100,0.01
CPA,rur,d3,biomass_solid,20,2100,0.01
CPA,urb,d3,biomass_solid,20,2100,0.01
CPA,rur,d4,biomass_solid,20,2100,0.01
CPA,urb,d4,biomass_solid,20,2100,0.01
CPA,rur,d5,biomass_solid,20,2100,0.01
CPA,urb,d5,biomass_solid,20,2100,0.01
CPA,rur,d6,biomass_solid,20,2100,0.01
CPA,urb,d6,biomass_solid,20,2100,0.01
CPA,rur,d7,biomass_solid,20,2100,0.01
CPA,urb,d7,biomass_solid,20,2100,0.01
CPA,rur,d8,biomass_solid,20,2100,0.01
CPA,urb,d8,biomass_solid,20,2100,0.01
CPA,rur,d9,biomass_solid,20,2100,0.01
CPA,urb,d9,biomass_solid,20,2100,0.01
CPA,rur,d10,biomass_solid,20,2100,0.01
CPA,urb,d10,biomass_solid,20,2100,0.01
CPA,rur,d1,coal,20,2100,0.01
CPA,urb,d1,coal,20,2100,0.01
CPA,rur,d2,coal,20,2100,0.01
CPA,urb,d2,coal,20,2100,0.01
CPA,rur,d3,coal,20,2100,0.01
CPA,urb,d3,coal,20,2100,0.01
CPA,rur,d4,coal,20,2100,0.01
CPA,urb,d4,coal,20,2100,0.01
CPA,rur,d5,coal,20,2100,0.01
CPA,urb,d5,coal,20,2100,0.01
CPA,rur,d6,coal,20,2100,0.01
CPA,urb,d6,coal,20,2100,0.01
CPA,rur,d7,coal,20,2100,0.01
CPA,urb,d7,coal,20,2100,0.01
CPA,rur,d8,coal,20,2100,0.01
CPA,urb,d8,coal,20,2100,0.01
CPA,rur,d9,coal,20,2100,0.01
CPA,urb,d9,coal,20,2100,0.01
CPA,rur,d10,coal,20,2100,0.01
CPA,urb,d10,coal,20,2100,0.01
CPA,rur,d1,oil,20,2100,0.01
CPA,urb,d1,oil,20,2100,0.01
CPA,rur,d2,oil,20,2100,0.01
CPA,urb,d2,oil,20,2100,0.01
CPA,rur,d3,oil,20,2100,0.01
CPA,urb,d3,oil,20,2100,0.01
CPA,rur,d4,oil,20,2100,0.01
CPA,urb,d4,oil,20,2100,0.01
CPA,rur,d5,oil,20,2100,0.01
CPA,urb,d5,oil,20,2100,0.01
CPA,rur,d6,oil,20,2100,0.01
CPA,urb,d6,oil,20,2100,0.01
CPA,rur,d7,oil,20,2100,0.01
CPA,urb,d7,oil,20,2100,0.01
CPA,rur,d8,oil,20,2100,0.01
CPA,urb,d8,oil,20,2100,0.01
CPA,rur,d9,oil,20,2100,0.01
CPA,urb,d9,oil,20,2100,0.01
CPA,rur,d10,oil,20,2100,0.01
CPA,urb,d10,oil,20,2100,0.01
CPA,rur,d1,gas,20,2100,0.01
CPA,urb,d1,gas,20,2100,0.01
CPA,rur,d2,gas,20,2100,0.01
CPA,urb,d2,gas,20,2100,0.01
CPA,rur,d3,gas,20,2100,0.01
CPA,urb,d3,gas,20,2100,0.01
CPA,rur,d4,gas,20,2100,0.01
CPA,urb,d4,gas,20,2100,0.01
CPA,rur,d5,gas,20,2100,0.01
CPA,urb,d5,gas,20,2100,0.01
CPA,rur,d6,gas,20,2100,0.01
CPA,urb,d6,gas,20,2100,0.01
CPA,rur,d7,gas,20,2100,0.01
CPA,urb,d7,gas,20,2100,0.01
CPA,rur,d8,gas,20,2100,0.01
CPA,urb,d8,gas,20,2100,0.01
CPA,rur,d9,gas,20,2100,0.01
CPA,urb,d9,gas,20,2100,0.01
CPA,rur,d10,gas,20,2100,0.01
CPA,urb,d10,gas,20,2100,0.01
CPA,rur,d1,electricity,20,2100,0.01
CPA,urb,d1,electricity,20,2100,0.01
CPA,rur,d2,electricity,20,2100,0.01
CPA,urb,d2,electricity,20,2100,0.01
CPA,rur,d3,electricity,20,2100,0.01
CPA,urb,d3,electricity,20,2100,0.01
CPA,rur,d4,electricity,20,2100,0.01
CPA,urb,d4,electricity,20,2100,0.01
CPA,rur,d5,electricity,20,2100,0.01
CPA,urb,d5,electricity,20,2100,0.01
CPA,rur,d6,electricity,20,2100,0.01
CPA,urb,d6,electricity,20,2100,0.01
CPA,rur,d7,electricity,20,2100,0.01
CPA,urb,d7,electricity,20,2100,0.01
CPA,rur,d8,electricity,20,2100,0.01
CPA,urb,d8,electricity,20,2100,0.01
CPA,rur,d9,electricity,20,2100,0.01
CPA,urb,d9,electricity,20,2100,0.01
CPA,rur,d10,electricity,20,2100,0.01
CPA,urb,d10,electricity,20,2100,0.01
