hh_group,ratio_beh_A_prop
univ,0.147859922
g1,0.110377358
g2,0.113818182
g3,0.214955357
g4,0.119417476
