year,value
2015,0
2020,50
2025,63.81407813
2030,81.44473134
2035,103.946409
2040,132.6648853
2045,169.317747
2050,216.0971188