year,value
2015,0
2020,100
2025,127.6281563
2030,162.8894627
2035,207.8928179
2040,265.3297705
2045,338.6354941
2050,432.1942375