region,material_type,year,eol_material,emission_factor
C-EEU-BGR,acrylonitrile_butadiene_styrene,2020,acrylonitrile_butadiene_styrene,0.11653675878446776
C-EEU-BGR,acrylonitrile_butadiene_styrene,2025,acrylonitrile_butadiene_styrene,0.11642257453873768
C-EEU-BGR,acrylonitrile_butadiene_styrene,2030,acrylonitrile_butadiene_styrene,0.11632762060731516
C-EEU-BGR,acrylonitrile_butadiene_styrene,2035,acrylonitrile_butadiene_styrene,0.11636861255537807
C-EEU-BGR,acrylonitrile_butadiene_styrene,2040,acrylonitrile_butadiene_styrene,0.1163121960772038
C-EEU-BGR,acrylonitrile_butadiene_styrene,2045,acrylonitrile_butadiene_styrene,0.1162301535555764
C-EEU-BGR,acrylonitrile_butadiene_styrene,2050,acrylonitrile_butadiene_styrene,0.11618649625742224
C-EEU-BGR,acrylonitrile_butadiene_styrene,2055,acrylonitrile_butadiene_styrene,0.11619865679865118
C-EEU-BGR,acrylonitrile_butadiene_styrene,2060,acrylonitrile_butadiene_styrene,0.11620550723792553
C-EEU-BGR,aluminium,2020,aluminium,0.02646710430596959
C-EEU-BGR,aluminium,2030,aluminium,0.02486985478126414
C-EEU-BGR,aluminium,2040,aluminium,0.02485963591968476
C-EEU-BGR,aluminium,2050,aluminium,0.02402744827004263
C-EEU-BGR,aluminium,2060,aluminium,0.02423924828828888
C-EEU-BGR,bio-based_polypropylene,2020,polypropylene,0.1082103481299397
C-EEU-BGR,bio-based_polypropylene,2025,polypropylene,0.10809908302146684
C-EEU-BGR,bio-based_polypropylene,2030,polypropylene,0.1080017607775932
C-EEU-BGR,bio-based_polypropylene,2035,polypropylene,0.10803788032317356
C-EEU-BGR,bio-based_polypropylene,2040,polypropylene,0.10797910622344116
C-EEU-BGR,bio-based_polypropylene,2045,polypropylene,0.1079013516082562
C-EEU-BGR,bio-based_polypropylene,2050,polypropylene,0.10786136614289736
C-EEU-BGR,bio-based_polypropylene,2055,polypropylene,0.10787305809121128
C-EEU-BGR,bio-based_polypropylene,2060,polypropylene,0.10787871911745628
C-EEU-BGR,bio-based_polystyrene,2020,polystyrene,0.13271926723482974
C-EEU-BGR,bio-based_polystyrene,2025,polystyrene,0.13260323886749856
C-EEU-BGR,bio-based_polystyrene,2030,polystyrene,0.13250186153227944
C-EEU-BGR,bio-based_polystyrene,2035,polystyrene,0.13253991337618748
C-EEU-BGR,bio-based_polystyrene,2040,polystyrene,0.13247908208589784
C-EEU-BGR,bio-based_polystyrene,2045,polystyrene,0.13239783435536925
C-EEU-BGR,bio-based_polystyrene,2050,polystyrene,0.13235563015798635
C-EEU-BGR,bio-based_polystyrene,2055,polystyrene,0.13236790922664565
C-EEU-BGR,bio-based_polystyrene,2060,polystyrene,0.13237384846858033
C-EEU-BGR,concrete,2020,concrete,0.00567988998144854
C-EEU-BGR,concrete,2030,concrete,0.00562365031688157
C-EEU-BGR,concrete,2040,concrete,0.00561412509634526
C-EEU-BGR,concrete,2050,concrete,0.00558873493525347
C-EEU-BGR,concrete,2060,concrete,0.00559340905608848
C-EEU-BGR,copper,2020,copper,0.00567988998144854
C-EEU-BGR,copper,2030,copper,0.00562365031688151
C-EEU-BGR,copper,2040,copper,0.00561412509634526
C-EEU-BGR,copper,2050,copper,0.00558873493525379
C-EEU-BGR,copper,2060,copper,0.00559340905608848
C-EEU-BGR,glass,2020,glass,0.00558865243574116
C-EEU-BGR,glass,2030,glass,0.00558879165417781
C-EEU-BGR,glass,2040,glass,0.00555711452131706
C-EEU-BGR,glass,2050,glass,0.00555317922246935
C-EEU-BGR,glass,2060,glass,0.00556226476746677
C-EEU-BGR,other_plastics,2020,plastic_mixture,0.1002192453096137
C-EEU-BGR,other_plastics,2025,plastic_mixture,0.10008743855971196
C-EEU-BGR,other_plastics,2030,plastic_mixture,0.09997260865603814
C-EEU-BGR,other_plastics,2035,plastic_mixture,0.10001704545305608
C-EEU-BGR,other_plastics,2040,plastic_mixture,0.09994938482014253
C-EEU-BGR,other_plastics,2045,plastic_mixture,0.09985653634337044
C-EEU-BGR,other_plastics,2050,plastic_mixture,0.09980693445285688
C-EEU-BGR,other_plastics,2055,plastic_mixture,0.0998211587312681
C-EEU-BGR,other_plastics,2060,plastic_mixture,0.09982801377885468
C-EEU-BGR,polypropylene,2020,polypropylene,0.1082103481299397
C-EEU-BGR,polypropylene,2025,polypropylene,0.10809908302146684
C-EEU-BGR,polypropylene,2030,polypropylene,0.1080017607775932
C-EEU-BGR,polypropylene,2035,polypropylene,0.10803788032317356
C-EEU-BGR,polypropylene,2040,polypropylene,0.10797910622344116
C-EEU-BGR,polypropylene,2045,polypropylene,0.1079013516082562
C-EEU-BGR,polypropylene,2050,polypropylene,0.10786136614289736
C-EEU-BGR,polypropylene,2055,polypropylene,0.10787305809121128
C-EEU-BGR,polypropylene,2060,polypropylene,0.10787871911745628
C-EEU-BGR,polystyrene,2020,polystyrene,0.13271926723482974
C-EEU-BGR,polystyrene,2025,polystyrene,0.13260323886749856
C-EEU-BGR,polystyrene,2030,polystyrene,0.13250186153227944
C-EEU-BGR,polystyrene,2035,polystyrene,0.13253991337618748
C-EEU-BGR,polystyrene,2040,polystyrene,0.13247908208589784
C-EEU-BGR,polystyrene,2045,polystyrene,0.13239783435536925
C-EEU-BGR,polystyrene,2050,polystyrene,0.13235563015798635
C-EEU-BGR,polystyrene,2055,polystyrene,0.13236790922664565
C-EEU-BGR,polystyrene,2060,polystyrene,0.13237384846858033
C-EEU-BGR,steel,2020,steel,0.00567988998144854
C-EEU-BGR,steel,2030,steel,0.00562365031688151
C-EEU-BGR,steel,2040,steel,0.00561412509634526
C-EEU-BGR,steel,2050,steel,0.00558873493525379
C-EEU-BGR,steel,2060,steel,0.00559340905608848
C-EEU-CZE,acrylonitrile_butadiene_styrene,2020,acrylonitrile_butadiene_styrene,0.11653675878446776
C-EEU-CZE,acrylonitrile_butadiene_styrene,2025,acrylonitrile_butadiene_styrene,0.11642257453873768
C-EEU-CZE,acrylonitrile_butadiene_styrene,2030,acrylonitrile_butadiene_styrene,0.11632762060731516
C-EEU-CZE,acrylonitrile_butadiene_styrene,2035,acrylonitrile_butadiene_styrene,0.11636861255537807
C-EEU-CZE,acrylonitrile_butadiene_styrene,2040,acrylonitrile_butadiene_styrene,0.1163121960772038
C-EEU-CZE,acrylonitrile_butadiene_styrene,2045,acrylonitrile_butadiene_styrene,0.1162301535555764
C-EEU-CZE,acrylonitrile_butadiene_styrene,2050,acrylonitrile_butadiene_styrene,0.11618649625742224
C-EEU-CZE,acrylonitrile_butadiene_styrene,2055,acrylonitrile_butadiene_styrene,0.11619865679865118
C-EEU-CZE,acrylonitrile_butadiene_styrene,2060,acrylonitrile_butadiene_styrene,0.11620550723792553
C-EEU-CZE,aluminium,2020,aluminium,0.02646710430596959
C-EEU-CZE,aluminium,2030,aluminium,0.02486985478126414
C-EEU-CZE,aluminium,2040,aluminium,0.02485963591968476
C-EEU-CZE,aluminium,2050,aluminium,0.02402744827004263
C-EEU-CZE,aluminium,2060,aluminium,0.02423924828828888
C-EEU-CZE,bio-based_polypropylene,2020,polypropylene,0.1082103481299397
C-EEU-CZE,bio-based_polypropylene,2025,polypropylene,0.10809908302146684
C-EEU-CZE,bio-based_polypropylene,2030,polypropylene,0.1080017607775932
C-EEU-CZE,bio-based_polypropylene,2035,polypropylene,0.10803788032317356
C-EEU-CZE,bio-based_polypropylene,2040,polypropylene,0.10797910622344116
C-EEU-CZE,bio-based_polypropylene,2045,polypropylene,0.1079013516082562
C-EEU-CZE,bio-based_polypropylene,2050,polypropylene,0.10786136614289736
C-EEU-CZE,bio-based_polypropylene,2055,polypropylene,0.10787305809121128
C-EEU-CZE,bio-based_polypropylene,2060,polypropylene,0.10787871911745628
C-EEU-CZE,bio-based_polystyrene,2020,polystyrene,0.13271926723482974
C-EEU-CZE,bio-based_polystyrene,2025,polystyrene,0.13260323886749856
C-EEU-CZE,bio-based_polystyrene,2030,polystyrene,0.13250186153227944
C-EEU-CZE,bio-based_polystyrene,2035,polystyrene,0.13253991337618748
C-EEU-CZE,bio-based_polystyrene,2040,polystyrene,0.13247908208589784
C-EEU-CZE,bio-based_polystyrene,2045,polystyrene,0.13239783435536925
C-EEU-CZE,bio-based_polystyrene,2050,polystyrene,0.13235563015798635
C-EEU-CZE,bio-based_polystyrene,2055,polystyrene,0.13236790922664565
C-EEU-CZE,bio-based_polystyrene,2060,polystyrene,0.13237384846858033
C-EEU-CZE,concrete,2020,concrete,0.00567988998144854
C-EEU-CZE,concrete,2030,concrete,0.00562365031688157
C-EEU-CZE,concrete,2040,concrete,0.00561412509634526
C-EEU-CZE,concrete,2050,concrete,0.00558873493525347
C-EEU-CZE,concrete,2060,concrete,0.00559340905608848
C-EEU-CZE,copper,2020,copper,0.00567988998144854
C-EEU-CZE,copper,2030,copper,0.00562365031688151
C-EEU-CZE,copper,2040,copper,0.00561412509634526
C-EEU-CZE,copper,2050,copper,0.00558873493525379
C-EEU-CZE,copper,2060,copper,0.00559340905608848
C-EEU-CZE,glass,2020,glass,0.00558865243574116
C-EEU-CZE,glass,2030,glass,0.00558879165417781
C-EEU-CZE,glass,2040,glass,0.00555711452131706
C-EEU-CZE,glass,2050,glass,0.00555317922246935
C-EEU-CZE,glass,2060,glass,0.00556226476746677
C-EEU-CZE,other_plastics,2020,plastic_mixture,0.1002192453096137
C-EEU-CZE,other_plastics,2025,plastic_mixture,0.10008743855971196
C-EEU-CZE,other_plastics,2030,plastic_mixture,0.09997260865603814
C-EEU-CZE,other_plastics,2035,plastic_mixture,0.10001704545305608
C-EEU-CZE,other_plastics,2040,plastic_mixture,0.09994938482014253
C-EEU-CZE,other_plastics,2045,plastic_mixture,0.09985653634337044
C-EEU-CZE,other_plastics,2050,plastic_mixture,0.09980693445285688
C-EEU-CZE,other_plastics,2055,plastic_mixture,0.0998211587312681
C-EEU-CZE,other_plastics,2060,plastic_mixture,0.09982801377885468
C-EEU-CZE,polypropylene,2020,polypropylene,0.1082103481299397
C-EEU-CZE,polypropylene,2025,polypropylene,0.10809908302146684
C-EEU-CZE,polypropylene,2030,polypropylene,0.1080017607775932
C-EEU-CZE,polypropylene,2035,polypropylene,0.10803788032317356
C-EEU-CZE,polypropylene,2040,polypropylene,0.10797910622344116
C-EEU-CZE,polypropylene,2045,polypropylene,0.1079013516082562
C-EEU-CZE,polypropylene,2050,polypropylene,0.10786136614289736
C-EEU-CZE,polypropylene,2055,polypropylene,0.10787305809121128
C-EEU-CZE,polypropylene,2060,polypropylene,0.10787871911745628
C-EEU-CZE,polystyrene,2020,polystyrene,0.13271926723482974
C-EEU-CZE,polystyrene,2025,polystyrene,0.13260323886749856
C-EEU-CZE,polystyrene,2030,polystyrene,0.13250186153227944
C-EEU-CZE,polystyrene,2035,polystyrene,0.13253991337618748
C-EEU-CZE,polystyrene,2040,polystyrene,0.13247908208589784
C-EEU-CZE,polystyrene,2045,polystyrene,0.13239783435536925
C-EEU-CZE,polystyrene,2050,polystyrene,0.13235563015798635
C-EEU-CZE,polystyrene,2055,polystyrene,0.13236790922664565
C-EEU-CZE,polystyrene,2060,polystyrene,0.13237384846858033
C-EEU-CZE,steel,2020,steel,0.00567988998144854
C-EEU-CZE,steel,2030,steel,0.00562365031688151
C-EEU-CZE,steel,2040,steel,0.00561412509634526
C-EEU-CZE,steel,2050,steel,0.00558873493525379
C-EEU-CZE,steel,2060,steel,0.00559340905608848
C-EEU-EST,acrylonitrile_butadiene_styrene,2020,acrylonitrile_butadiene_styrene,0.11653675878446776
C-EEU-EST,acrylonitrile_butadiene_styrene,2025,acrylonitrile_butadiene_styrene,0.11642257453873768
C-EEU-EST,acrylonitrile_butadiene_styrene,2030,acrylonitrile_butadiene_styrene,0.11632762060731516
C-EEU-EST,acrylonitrile_butadiene_styrene,2035,acrylonitrile_butadiene_styrene,0.11636861255537807
C-EEU-EST,acrylonitrile_butadiene_styrene,2040,acrylonitrile_butadiene_styrene,0.1163121960772038
C-EEU-EST,acrylonitrile_butadiene_styrene,2045,acrylonitrile_butadiene_styrene,0.1162301535555764
C-EEU-EST,acrylonitrile_butadiene_styrene,2050,acrylonitrile_butadiene_styrene,0.11618649625742224
C-EEU-EST,acrylonitrile_butadiene_styrene,2055,acrylonitrile_butadiene_styrene,0.11619865679865118
C-EEU-EST,acrylonitrile_butadiene_styrene,2060,acrylonitrile_butadiene_styrene,0.11620550723792553
C-EEU-EST,aluminium,2020,aluminium,0.02646710430596959
C-EEU-EST,aluminium,2030,aluminium,0.02486985478126414
C-EEU-EST,aluminium,2040,aluminium,0.02485963591968476
C-EEU-EST,aluminium,2050,aluminium,0.02402744827004263
C-EEU-EST,aluminium,2060,aluminium,0.02423924828828888
C-EEU-EST,bio-based_polypropylene,2020,polypropylene,0.1082103481299397
C-EEU-EST,bio-based_polypropylene,2025,polypropylene,0.10809908302146684
C-EEU-EST,bio-based_polypropylene,2030,polypropylene,0.1080017607775932
C-EEU-EST,bio-based_polypropylene,2035,polypropylene,0.10803788032317356
C-EEU-EST,bio-based_polypropylene,2040,polypropylene,0.10797910622344116
C-EEU-EST,bio-based_polypropylene,2045,polypropylene,0.1079013516082562
C-EEU-EST,bio-based_polypropylene,2050,polypropylene,0.10786136614289736
C-EEU-EST,bio-based_polypropylene,2055,polypropylene,0.10787305809121128
C-EEU-EST,bio-based_polypropylene,2060,polypropylene,0.10787871911745628
C-EEU-EST,bio-based_polystyrene,2020,polystyrene,0.13271926723482974
C-EEU-EST,bio-based_polystyrene,2025,polystyrene,0.13260323886749856
C-EEU-EST,bio-based_polystyrene,2030,polystyrene,0.13250186153227944
C-EEU-EST,bio-based_polystyrene,2035,polystyrene,0.13253991337618748
C-EEU-EST,bio-based_polystyrene,2040,polystyrene,0.13247908208589784
C-EEU-EST,bio-based_polystyrene,2045,polystyrene,0.13239783435536925
C-EEU-EST,bio-based_polystyrene,2050,polystyrene,0.13235563015798635
C-EEU-EST,bio-based_polystyrene,2055,polystyrene,0.13236790922664565
C-EEU-EST,bio-based_polystyrene,2060,polystyrene,0.13237384846858033
C-EEU-EST,concrete,2020,concrete,0.00567988998144854
C-EEU-EST,concrete,2030,concrete,0.00562365031688157
C-EEU-EST,concrete,2040,concrete,0.00561412509634526
C-EEU-EST,concrete,2050,concrete,0.00558873493525347
C-EEU-EST,concrete,2060,concrete,0.00559340905608848
C-EEU-EST,copper,2020,copper,0.00567988998144854
C-EEU-EST,copper,2030,copper,0.00562365031688151
C-EEU-EST,copper,2040,copper,0.00561412509634526
C-EEU-EST,copper,2050,copper,0.00558873493525379
C-EEU-EST,copper,2060,copper,0.00559340905608848
C-EEU-EST,glass,2020,glass,0.00558865243574116
C-EEU-EST,glass,2030,glass,0.00558879165417781
C-EEU-EST,glass,2040,glass,0.00555711452131706
C-EEU-EST,glass,2050,glass,0.00555317922246935
C-EEU-EST,glass,2060,glass,0.00556226476746677
C-EEU-EST,other_plastics,2020,plastic_mixture,0.1002192453096137
C-EEU-EST,other_plastics,2025,plastic_mixture,0.10008743855971196
C-EEU-EST,other_plastics,2030,plastic_mixture,0.09997260865603814
C-EEU-EST,other_plastics,2035,plastic_mixture,0.10001704545305608
C-EEU-EST,other_plastics,2040,plastic_mixture,0.09994938482014253
C-EEU-EST,other_plastics,2045,plastic_mixture,0.09985653634337044
C-EEU-EST,other_plastics,2050,plastic_mixture,0.09980693445285688
C-EEU-EST,other_plastics,2055,plastic_mixture,0.0998211587312681
C-EEU-EST,other_plastics,2060,plastic_mixture,0.09982801377885468
C-EEU-EST,polypropylene,2020,polypropylene,0.1082103481299397
C-EEU-EST,polypropylene,2025,polypropylene,0.10809908302146684
C-EEU-EST,polypropylene,2030,polypropylene,0.1080017607775932
C-EEU-EST,polypropylene,2035,polypropylene,0.10803788032317356
C-EEU-EST,polypropylene,2040,polypropylene,0.10797910622344116
C-EEU-EST,polypropylene,2045,polypropylene,0.1079013516082562
C-EEU-EST,polypropylene,2050,polypropylene,0.10786136614289736
C-EEU-EST,polypropylene,2055,polypropylene,0.10787305809121128
C-EEU-EST,polypropylene,2060,polypropylene,0.10787871911745628
C-EEU-EST,polystyrene,2020,polystyrene,0.13271926723482974
C-EEU-EST,polystyrene,2025,polystyrene,0.13260323886749856
C-EEU-EST,polystyrene,2030,polystyrene,0.13250186153227944
C-EEU-EST,polystyrene,2035,polystyrene,0.13253991337618748
C-EEU-EST,polystyrene,2040,polystyrene,0.13247908208589784
C-EEU-EST,polystyrene,2045,polystyrene,0.13239783435536925
C-EEU-EST,polystyrene,2050,polystyrene,0.13235563015798635
C-EEU-EST,polystyrene,2055,polystyrene,0.13236790922664565
C-EEU-EST,polystyrene,2060,polystyrene,0.13237384846858033
C-EEU-EST,steel,2020,steel,0.00567988998144854
C-EEU-EST,steel,2030,steel,0.00562365031688151
C-EEU-EST,steel,2040,steel,0.00561412509634526
C-EEU-EST,steel,2050,steel,0.00558873493525379
C-EEU-EST,steel,2060,steel,0.00559340905608848
C-EEU-HRV,acrylonitrile_butadiene_styrene,2020,acrylonitrile_butadiene_styrene,0.11653675878446776
C-EEU-HRV,acrylonitrile_butadiene_styrene,2025,acrylonitrile_butadiene_styrene,0.11642257453873768
C-EEU-HRV,acrylonitrile_butadiene_styrene,2030,acrylonitrile_butadiene_styrene,0.11632762060731516
C-EEU-HRV,acrylonitrile_butadiene_styrene,2035,acrylonitrile_butadiene_styrene,0.11636861255537807
C-EEU-HRV,acrylonitrile_butadiene_styrene,2040,acrylonitrile_butadiene_styrene,0.1163121960772038
C-EEU-HRV,acrylonitrile_butadiene_styrene,2045,acrylonitrile_butadiene_styrene,0.1162301535555764
C-EEU-HRV,acrylonitrile_butadiene_styrene,2050,acrylonitrile_butadiene_styrene,0.11618649625742224
C-EEU-HRV,acrylonitrile_butadiene_styrene,2055,acrylonitrile_butadiene_styrene,0.11619865679865118
C-EEU-HRV,acrylonitrile_butadiene_styrene,2060,acrylonitrile_butadiene_styrene,0.11620550723792553
C-EEU-HRV,aluminium,2020,aluminium,0.02646710430596959
C-EEU-HRV,aluminium,2030,aluminium,0.02486985478126414
C-EEU-HRV,aluminium,2040,aluminium,0.02485963591968476
C-EEU-HRV,aluminium,2050,aluminium,0.02402744827004263
C-EEU-HRV,aluminium,2060,aluminium,0.02423924828828888
C-EEU-HRV,bio-based_polypropylene,2020,polypropylene,0.1082103481299397
C-EEU-HRV,bio-based_polypropylene,2025,polypropylene,0.10809908302146684
C-EEU-HRV,bio-based_polypropylene,2030,polypropylene,0.1080017607775932
C-EEU-HRV,bio-based_polypropylene,2035,polypropylene,0.10803788032317356
C-EEU-HRV,bio-based_polypropylene,2040,polypropylene,0.10797910622344116
C-EEU-HRV,bio-based_polypropylene,2045,polypropylene,0.1079013516082562
C-EEU-HRV,bio-based_polypropylene,2050,polypropylene,0.10786136614289736
C-EEU-HRV,bio-based_polypropylene,2055,polypropylene,0.10787305809121128
C-EEU-HRV,bio-based_polypropylene,2060,polypropylene,0.10787871911745628
C-EEU-HRV,bio-based_polystyrene,2020,polystyrene,0.13271926723482974
C-EEU-HRV,bio-based_polystyrene,2025,polystyrene,0.13260323886749856
C-EEU-HRV,bio-based_polystyrene,2030,polystyrene,0.13250186153227944
C-EEU-HRV,bio-based_polystyrene,2035,polystyrene,0.13253991337618748
C-EEU-HRV,bio-based_polystyrene,2040,polystyrene,0.13247908208589784
C-EEU-HRV,bio-based_polystyrene,2045,polystyrene,0.13239783435536925
C-EEU-HRV,bio-based_polystyrene,2050,polystyrene,0.13235563015798635
C-EEU-HRV,bio-based_polystyrene,2055,polystyrene,0.13236790922664565
C-EEU-HRV,bio-based_polystyrene,2060,polystyrene,0.13237384846858033
C-EEU-HRV,concrete,2020,concrete,0.00567988998144854
C-EEU-HRV,concrete,2030,concrete,0.00562365031688157
C-EEU-HRV,concrete,2040,concrete,0.00561412509634526
C-EEU-HRV,concrete,2050,concrete,0.00558873493525347
C-EEU-HRV,concrete,2060,concrete,0.00559340905608848
C-EEU-HRV,copper,2020,copper,0.00567988998144854
C-EEU-HRV,copper,2030,copper,0.00562365031688151
C-EEU-HRV,copper,2040,copper,0.00561412509634526
C-EEU-HRV,copper,2050,copper,0.00558873493525379
C-EEU-HRV,copper,2060,copper,0.00559340905608848
C-EEU-HRV,glass,2020,glass,0.00558865243574116
C-EEU-HRV,glass,2030,glass,0.00558879165417781
C-EEU-HRV,glass,2040,glass,0.00555711452131706
C-EEU-HRV,glass,2050,glass,0.00555317922246935
C-EEU-HRV,glass,2060,glass,0.00556226476746677
C-EEU-HRV,other_plastics,2020,plastic_mixture,0.1002192453096137
C-EEU-HRV,other_plastics,2025,plastic_mixture,0.10008743855971196
C-EEU-HRV,other_plastics,2030,plastic_mixture,0.09997260865603814
C-EEU-HRV,other_plastics,2035,plastic_mixture,0.10001704545305608
C-EEU-HRV,other_plastics,2040,plastic_mixture,0.09994938482014253
C-EEU-HRV,other_plastics,2045,plastic_mixture,0.09985653634337044
C-EEU-HRV,other_plastics,2050,plastic_mixture,0.09980693445285688
C-EEU-HRV,other_plastics,2055,plastic_mixture,0.0998211587312681
C-EEU-HRV,other_plastics,2060,plastic_mixture,0.09982801377885468
C-EEU-HRV,polypropylene,2020,polypropylene,0.1082103481299397
C-EEU-HRV,polypropylene,2025,polypropylene,0.10809908302146684
C-EEU-HRV,polypropylene,2030,polypropylene,0.1080017607775932
C-EEU-HRV,polypropylene,2035,polypropylene,0.10803788032317356
C-EEU-HRV,polypropylene,2040,polypropylene,0.10797910622344116
C-EEU-HRV,polypropylene,2045,polypropylene,0.1079013516082562
C-EEU-HRV,polypropylene,2050,polypropylene,0.10786136614289736
C-EEU-HRV,polypropylene,2055,polypropylene,0.10787305809121128
C-EEU-HRV,polypropylene,2060,polypropylene,0.10787871911745628
C-EEU-HRV,polystyrene,2020,polystyrene,0.13271926723482974
C-EEU-HRV,polystyrene,2025,polystyrene,0.13260323886749856
C-EEU-HRV,polystyrene,2030,polystyrene,0.13250186153227944
C-EEU-HRV,polystyrene,2035,polystyrene,0.13253991337618748
C-EEU-HRV,polystyrene,2040,polystyrene,0.13247908208589784
C-EEU-HRV,polystyrene,2045,polystyrene,0.13239783435536925
C-EEU-HRV,polystyrene,2050,polystyrene,0.13235563015798635
C-EEU-HRV,polystyrene,2055,polystyrene,0.13236790922664565
C-EEU-HRV,polystyrene,2060,polystyrene,0.13237384846858033
C-EEU-HRV,steel,2020,steel,0.00567988998144854
C-EEU-HRV,steel,2030,steel,0.00562365031688151
C-EEU-HRV,steel,2040,steel,0.00561412509634526
C-EEU-HRV,steel,2050,steel,0.00558873493525379
C-EEU-HRV,steel,2060,steel,0.00559340905608848
C-EEU-HUN,acrylonitrile_butadiene_styrene,2020,acrylonitrile_butadiene_styrene,0.11653675878446776
C-EEU-HUN,acrylonitrile_butadiene_styrene,2025,acrylonitrile_butadiene_styrene,0.11642257453873768
C-EEU-HUN,acrylonitrile_butadiene_styrene,2030,acrylonitrile_butadiene_styrene,0.11632762060731516
C-EEU-HUN,acrylonitrile_butadiene_styrene,2035,acrylonitrile_butadiene_styrene,0.11636861255537807
C-EEU-HUN,acrylonitrile_butadiene_styrene,2040,acrylonitrile_butadiene_styrene,0.1163121960772038
C-EEU-HUN,acrylonitrile_butadiene_styrene,2045,acrylonitrile_butadiene_styrene,0.1162301535555764
C-EEU-HUN,acrylonitrile_butadiene_styrene,2050,acrylonitrile_butadiene_styrene,0.11618649625742224
C-EEU-HUN,acrylonitrile_butadiene_styrene,2055,acrylonitrile_butadiene_styrene,0.11619865679865118
C-EEU-HUN,acrylonitrile_butadiene_styrene,2060,acrylonitrile_butadiene_styrene,0.11620550723792553
C-EEU-HUN,aluminium,2020,aluminium,0.02646710430596959
C-EEU-HUN,aluminium,2030,aluminium,0.02486985478126414
C-EEU-HUN,aluminium,2040,aluminium,0.02485963591968476
C-EEU-HUN,aluminium,2050,aluminium,0.02402744827004263
C-EEU-HUN,aluminium,2060,aluminium,0.02423924828828888
C-EEU-HUN,bio-based_polypropylene,2020,polypropylene,0.1082103481299397
C-EEU-HUN,bio-based_polypropylene,2025,polypropylene,0.10809908302146684
C-EEU-HUN,bio-based_polypropylene,2030,polypropylene,0.1080017607775932
C-EEU-HUN,bio-based_polypropylene,2035,polypropylene,0.10803788032317356
C-EEU-HUN,bio-based_polypropylene,2040,polypropylene,0.10797910622344116
C-EEU-HUN,bio-based_polypropylene,2045,polypropylene,0.1079013516082562
C-EEU-HUN,bio-based_polypropylene,2050,polypropylene,0.10786136614289736
C-EEU-HUN,bio-based_polypropylene,2055,polypropylene,0.10787305809121128
C-EEU-HUN,bio-based_polypropylene,2060,polypropylene,0.10787871911745628
C-EEU-HUN,bio-based_polystyrene,2020,polystyrene,0.13271926723482974
C-EEU-HUN,bio-based_polystyrene,2025,polystyrene,0.13260323886749856
C-EEU-HUN,bio-based_polystyrene,2030,polystyrene,0.13250186153227944
C-EEU-HUN,bio-based_polystyrene,2035,polystyrene,0.13253991337618748
C-EEU-HUN,bio-based_polystyrene,2040,polystyrene,0.13247908208589784
C-EEU-HUN,bio-based_polystyrene,2045,polystyrene,0.13239783435536925
C-EEU-HUN,bio-based_polystyrene,2050,polystyrene,0.13235563015798635
C-EEU-HUN,bio-based_polystyrene,2055,polystyrene,0.13236790922664565
C-EEU-HUN,bio-based_polystyrene,2060,polystyrene,0.13237384846858033
C-EEU-HUN,concrete,2020,concrete,0.00567988998144854
C-EEU-HUN,concrete,2030,concrete,0.00562365031688157
C-EEU-HUN,concrete,2040,concrete,0.00561412509634526
C-EEU-HUN,concrete,2050,concrete,0.00558873493525347
C-EEU-HUN,concrete,2060,concrete,0.00559340905608848
C-EEU-HUN,copper,2020,copper,0.00567988998144854
C-EEU-HUN,copper,2030,copper,0.00562365031688151
C-EEU-HUN,copper,2040,copper,0.00561412509634526
C-EEU-HUN,copper,2050,copper,0.00558873493525379
C-EEU-HUN,copper,2060,copper,0.00559340905608848
C-EEU-HUN,glass,2020,glass,0.00558865243574116
C-EEU-HUN,glass,2030,glass,0.00558879165417781
C-EEU-HUN,glass,2040,glass,0.00555711452131706
C-EEU-HUN,glass,2050,glass,0.00555317922246935
C-EEU-HUN,glass,2060,glass,0.00556226476746677
C-EEU-HUN,other_plastics,2020,plastic_mixture,0.1002192453096137
C-EEU-HUN,other_plastics,2025,plastic_mixture,0.10008743855971196
C-EEU-HUN,other_plastics,2030,plastic_mixture,0.09997260865603814
C-EEU-HUN,other_plastics,2035,plastic_mixture,0.10001704545305608
C-EEU-HUN,other_plastics,2040,plastic_mixture,0.09994938482014253
C-EEU-HUN,other_plastics,2045,plastic_mixture,0.09985653634337044
C-EEU-HUN,other_plastics,2050,plastic_mixture,0.09980693445285688
C-EEU-HUN,other_plastics,2055,plastic_mixture,0.0998211587312681
C-EEU-HUN,other_plastics,2060,plastic_mixture,0.09982801377885468
C-EEU-HUN,polypropylene,2020,polypropylene,0.1082103481299397
C-EEU-HUN,polypropylene,2025,polypropylene,0.10809908302146684
C-EEU-HUN,polypropylene,2030,polypropylene,0.1080017607775932
C-EEU-HUN,polypropylene,2035,polypropylene,0.10803788032317356
C-EEU-HUN,polypropylene,2040,polypropylene,0.10797910622344116
C-EEU-HUN,polypropylene,2045,polypropylene,0.1079013516082562
C-EEU-HUN,polypropylene,2050,polypropylene,0.10786136614289736
C-EEU-HUN,polypropylene,2055,polypropylene,0.10787305809121128
C-EEU-HUN,polypropylene,2060,polypropylene,0.10787871911745628
C-EEU-HUN,polystyrene,2020,polystyrene,0.13271926723482974
C-EEU-HUN,polystyrene,2025,polystyrene,0.13260323886749856
C-EEU-HUN,polystyrene,2030,polystyrene,0.13250186153227944
C-EEU-HUN,polystyrene,2035,polystyrene,0.13253991337618748
C-EEU-HUN,polystyrene,2040,polystyrene,0.13247908208589784
C-EEU-HUN,polystyrene,2045,polystyrene,0.13239783435536925
C-EEU-HUN,polystyrene,2050,polystyrene,0.13235563015798635
C-EEU-HUN,polystyrene,2055,polystyrene,0.13236790922664565
C-EEU-HUN,polystyrene,2060,polystyrene,0.13237384846858033
C-EEU-HUN,steel,2020,steel,0.00567988998144854
C-EEU-HUN,steel,2030,steel,0.00562365031688151
C-EEU-HUN,steel,2040,steel,0.00561412509634526
C-EEU-HUN,steel,2050,steel,0.00558873493525379
C-EEU-HUN,steel,2060,steel,0.00559340905608848
C-EEU-LTU,acrylonitrile_butadiene_styrene,2020,acrylonitrile_butadiene_styrene,0.11653675878446776
C-EEU-LTU,acrylonitrile_butadiene_styrene,2025,acrylonitrile_butadiene_styrene,0.11642257453873768
C-EEU-LTU,acrylonitrile_butadiene_styrene,2030,acrylonitrile_butadiene_styrene,0.11632762060731516
C-EEU-LTU,acrylonitrile_butadiene_styrene,2035,acrylonitrile_butadiene_styrene,0.11636861255537807
C-EEU-LTU,acrylonitrile_butadiene_styrene,2040,acrylonitrile_butadiene_styrene,0.1163121960772038
C-EEU-LTU,acrylonitrile_butadiene_styrene,2045,acrylonitrile_butadiene_styrene,0.1162301535555764
C-EEU-LTU,acrylonitrile_butadiene_styrene,2050,acrylonitrile_butadiene_styrene,0.11618649625742224
C-EEU-LTU,acrylonitrile_butadiene_styrene,2055,acrylonitrile_butadiene_styrene,0.11619865679865118
C-EEU-LTU,acrylonitrile_butadiene_styrene,2060,acrylonitrile_butadiene_styrene,0.11620550723792553
C-EEU-LTU,aluminium,2020,aluminium,0.02646710430596959
C-EEU-LTU,aluminium,2030,aluminium,0.02486985478126414
C-EEU-LTU,aluminium,2040,aluminium,0.02485963591968476
C-EEU-LTU,aluminium,2050,aluminium,0.02402744827004263
C-EEU-LTU,aluminium,2060,aluminium,0.02423924828828888
C-EEU-LTU,bio-based_polypropylene,2020,polypropylene,0.1082103481299397
C-EEU-LTU,bio-based_polypropylene,2025,polypropylene,0.10809908302146684
C-EEU-LTU,bio-based_polypropylene,2030,polypropylene,0.1080017607775932
C-EEU-LTU,bio-based_polypropylene,2035,polypropylene,0.10803788032317356
C-EEU-LTU,bio-based_polypropylene,2040,polypropylene,0.10797910622344116
C-EEU-LTU,bio-based_polypropylene,2045,polypropylene,0.1079013516082562
C-EEU-LTU,bio-based_polypropylene,2050,polypropylene,0.10786136614289736
C-EEU-LTU,bio-based_polypropylene,2055,polypropylene,0.10787305809121128
C-EEU-LTU,bio-based_polypropylene,2060,polypropylene,0.10787871911745628
C-EEU-LTU,bio-based_polystyrene,2020,polystyrene,0.13271926723482974
C-EEU-LTU,bio-based_polystyrene,2025,polystyrene,0.13260323886749856
C-EEU-LTU,bio-based_polystyrene,2030,polystyrene,0.13250186153227944
C-EEU-LTU,bio-based_polystyrene,2035,polystyrene,0.13253991337618748
C-EEU-LTU,bio-based_polystyrene,2040,polystyrene,0.13247908208589784
C-EEU-LTU,bio-based_polystyrene,2045,polystyrene,0.13239783435536925
C-EEU-LTU,bio-based_polystyrene,2050,polystyrene,0.13235563015798635
C-EEU-LTU,bio-based_polystyrene,2055,polystyrene,0.13236790922664565
C-EEU-LTU,bio-based_polystyrene,2060,polystyrene,0.13237384846858033
C-EEU-LTU,concrete,2020,concrete,0.00567988998144854
C-EEU-LTU,concrete,2030,concrete,0.00562365031688157
C-EEU-LTU,concrete,2040,concrete,0.00561412509634526
C-EEU-LTU,concrete,2050,concrete,0.00558873493525347
C-EEU-LTU,concrete,2060,concrete,0.00559340905608848
C-EEU-LTU,copper,2020,copper,0.00567988998144854
C-EEU-LTU,copper,2030,copper,0.00562365031688151
C-EEU-LTU,copper,2040,copper,0.00561412509634526
C-EEU-LTU,copper,2050,copper,0.00558873493525379
C-EEU-LTU,copper,2060,copper,0.00559340905608848
C-EEU-LTU,glass,2020,glass,0.00558865243574116
C-EEU-LTU,glass,2030,glass,0.00558879165417781
C-EEU-LTU,glass,2040,glass,0.00555711452131706
C-EEU-LTU,glass,2050,glass,0.00555317922246935
C-EEU-LTU,glass,2060,glass,0.00556226476746677
C-EEU-LTU,other_plastics,2020,plastic_mixture,0.1002192453096137
C-EEU-LTU,other_plastics,2025,plastic_mixture,0.10008743855971196
C-EEU-LTU,other_plastics,2030,plastic_mixture,0.09997260865603814
C-EEU-LTU,other_plastics,2035,plastic_mixture,0.10001704545305608
C-EEU-LTU,other_plastics,2040,plastic_mixture,0.09994938482014253
C-EEU-LTU,other_plastics,2045,plastic_mixture,0.09985653634337044
C-EEU-LTU,other_plastics,2050,plastic_mixture,0.09980693445285688
C-EEU-LTU,other_plastics,2055,plastic_mixture,0.0998211587312681
C-EEU-LTU,other_plastics,2060,plastic_mixture,0.09982801377885468
C-EEU-LTU,polypropylene,2020,polypropylene,0.1082103481299397
C-EEU-LTU,polypropylene,2025,polypropylene,0.10809908302146684
C-EEU-LTU,polypropylene,2030,polypropylene,0.1080017607775932
C-EEU-LTU,polypropylene,2035,polypropylene,0.10803788032317356
C-EEU-LTU,polypropylene,2040,polypropylene,0.10797910622344116
C-EEU-LTU,polypropylene,2045,polypropylene,0.1079013516082562
C-EEU-LTU,polypropylene,2050,polypropylene,0.10786136614289736
C-EEU-LTU,polypropylene,2055,polypropylene,0.10787305809121128
C-EEU-LTU,polypropylene,2060,polypropylene,0.10787871911745628
C-EEU-LTU,polystyrene,2020,polystyrene,0.13271926723482974
C-EEU-LTU,polystyrene,2025,polystyrene,0.13260323886749856
C-EEU-LTU,polystyrene,2030,polystyrene,0.13250186153227944
C-EEU-LTU,polystyrene,2035,polystyrene,0.13253991337618748
C-EEU-LTU,polystyrene,2040,polystyrene,0.13247908208589784
C-EEU-LTU,polystyrene,2045,polystyrene,0.13239783435536925
C-EEU-LTU,polystyrene,2050,polystyrene,0.13235563015798635
C-EEU-LTU,polystyrene,2055,polystyrene,0.13236790922664565
C-EEU-LTU,polystyrene,2060,polystyrene,0.13237384846858033
C-EEU-LTU,steel,2020,steel,0.00567988998144854
C-EEU-LTU,steel,2030,steel,0.00562365031688151
C-EEU-LTU,steel,2040,steel,0.00561412509634526
C-EEU-LTU,steel,2050,steel,0.00558873493525379
C-EEU-LTU,steel,2060,steel,0.00559340905608848
C-EEU-LVA,acrylonitrile_butadiene_styrene,2020,acrylonitrile_butadiene_styrene,0.11653675878446776
C-EEU-LVA,acrylonitrile_butadiene_styrene,2025,acrylonitrile_butadiene_styrene,0.11642257453873768
C-EEU-LVA,acrylonitrile_butadiene_styrene,2030,acrylonitrile_butadiene_styrene,0.11632762060731516
C-EEU-LVA,acrylonitrile_butadiene_styrene,2035,acrylonitrile_butadiene_styrene,0.11636861255537807
C-EEU-LVA,acrylonitrile_butadiene_styrene,2040,acrylonitrile_butadiene_styrene,0.1163121960772038
C-EEU-LVA,acrylonitrile_butadiene_styrene,2045,acrylonitrile_butadiene_styrene,0.1162301535555764
C-EEU-LVA,acrylonitrile_butadiene_styrene,2050,acrylonitrile_butadiene_styrene,0.11618649625742224
C-EEU-LVA,acrylonitrile_butadiene_styrene,2055,acrylonitrile_butadiene_styrene,0.11619865679865118
C-EEU-LVA,acrylonitrile_butadiene_styrene,2060,acrylonitrile_butadiene_styrene,0.11620550723792553
C-EEU-LVA,aluminium,2020,aluminium,0.02646710430596959
C-EEU-LVA,aluminium,2030,aluminium,0.02486985478126414
C-EEU-LVA,aluminium,2040,aluminium,0.02485963591968476
C-EEU-LVA,aluminium,2050,aluminium,0.02402744827004263
C-EEU-LVA,aluminium,2060,aluminium,0.02423924828828888
C-EEU-LVA,bio-based_polypropylene,2020,polypropylene,0.1082103481299397
C-EEU-LVA,bio-based_polypropylene,2025,polypropylene,0.10809908302146684
C-EEU-LVA,bio-based_polypropylene,2030,polypropylene,0.1080017607775932
C-EEU-LVA,bio-based_polypropylene,2035,polypropylene,0.10803788032317356
C-EEU-LVA,bio-based_polypropylene,2040,polypropylene,0.10797910622344116
C-EEU-LVA,bio-based_polypropylene,2045,polypropylene,0.1079013516082562
C-EEU-LVA,bio-based_polypropylene,2050,polypropylene,0.10786136614289736
C-EEU-LVA,bio-based_polypropylene,2055,polypropylene,0.10787305809121128
C-EEU-LVA,bio-based_polypropylene,2060,polypropylene,0.10787871911745628
C-EEU-LVA,bio-based_polystyrene,2020,polystyrene,0.13271926723482974
C-EEU-LVA,bio-based_polystyrene,2025,polystyrene,0.13260323886749856
C-EEU-LVA,bio-based_polystyrene,2030,polystyrene,0.13250186153227944
C-EEU-LVA,bio-based_polystyrene,2035,polystyrene,0.13253991337618748
C-EEU-LVA,bio-based_polystyrene,2040,polystyrene,0.13247908208589784
C-EEU-LVA,bio-based_polystyrene,2045,polystyrene,0.13239783435536925
C-EEU-LVA,bio-based_polystyrene,2050,polystyrene,0.13235563015798635
C-EEU-LVA,bio-based_polystyrene,2055,polystyrene,0.13236790922664565
C-EEU-LVA,bio-based_polystyrene,2060,polystyrene,0.13237384846858033
C-EEU-LVA,concrete,2020,concrete,0.00567988998144854
C-EEU-LVA,concrete,2030,concrete,0.00562365031688157
C-EEU-LVA,concrete,2040,concrete,0.00561412509634526
C-EEU-LVA,concrete,2050,concrete,0.00558873493525347
C-EEU-LVA,concrete,2060,concrete,0.00559340905608848
C-EEU-LVA,copper,2020,copper,0.00567988998144854
C-EEU-LVA,copper,2030,copper,0.00562365031688151
C-EEU-LVA,copper,2040,copper,0.00561412509634526
C-EEU-LVA,copper,2050,copper,0.00558873493525379
C-EEU-LVA,copper,2060,copper,0.00559340905608848
C-EEU-LVA,glass,2020,glass,0.00558865243574116
C-EEU-LVA,glass,2030,glass,0.00558879165417781
C-EEU-LVA,glass,2040,glass,0.00555711452131706
C-EEU-LVA,glass,2050,glass,0.00555317922246935
C-EEU-LVA,glass,2060,glass,0.00556226476746677
C-EEU-LVA,other_plastics,2020,plastic_mixture,0.1002192453096137
C-EEU-LVA,other_plastics,2025,plastic_mixture,0.10008743855971196
C-EEU-LVA,other_plastics,2030,plastic_mixture,0.09997260865603814
C-EEU-LVA,other_plastics,2035,plastic_mixture,0.10001704545305608
C-EEU-LVA,other_plastics,2040,plastic_mixture,0.09994938482014253
C-EEU-LVA,other_plastics,2045,plastic_mixture,0.09985653634337044
C-EEU-LVA,other_plastics,2050,plastic_mixture,0.09980693445285688
C-EEU-LVA,other_plastics,2055,plastic_mixture,0.0998211587312681
C-EEU-LVA,other_plastics,2060,plastic_mixture,0.09982801377885468
C-EEU-LVA,polypropylene,2020,polypropylene,0.1082103481299397
C-EEU-LVA,polypropylene,2025,polypropylene,0.10809908302146684
C-EEU-LVA,polypropylene,2030,polypropylene,0.1080017607775932
C-EEU-LVA,polypropylene,2035,polypropylene,0.10803788032317356
C-EEU-LVA,polypropylene,2040,polypropylene,0.10797910622344116
C-EEU-LVA,polypropylene,2045,polypropylene,0.1079013516082562
C-EEU-LVA,polypropylene,2050,polypropylene,0.10786136614289736
C-EEU-LVA,polypropylene,2055,polypropylene,0.10787305809121128
C-EEU-LVA,polypropylene,2060,polypropylene,0.10787871911745628
C-EEU-LVA,polystyrene,2020,polystyrene,0.13271926723482974
C-EEU-LVA,polystyrene,2025,polystyrene,0.13260323886749856
C-EEU-LVA,polystyrene,2030,polystyrene,0.13250186153227944
C-EEU-LVA,polystyrene,2035,polystyrene,0.13253991337618748
C-EEU-LVA,polystyrene,2040,polystyrene,0.13247908208589784
C-EEU-LVA,polystyrene,2045,polystyrene,0.13239783435536925
C-EEU-LVA,polystyrene,2050,polystyrene,0.13235563015798635
C-EEU-LVA,polystyrene,2055,polystyrene,0.13236790922664565
C-EEU-LVA,polystyrene,2060,polystyrene,0.13237384846858033
C-EEU-LVA,steel,2020,steel,0.00567988998144854
C-EEU-LVA,steel,2030,steel,0.00562365031688151
C-EEU-LVA,steel,2040,steel,0.00561412509634526
C-EEU-LVA,steel,2050,steel,0.00558873493525379
C-EEU-LVA,steel,2060,steel,0.00559340905608848
C-EEU-POL,acrylonitrile_butadiene_styrene,2020,acrylonitrile_butadiene_styrene,0.11653675878446776
C-EEU-POL,acrylonitrile_butadiene_styrene,2025,acrylonitrile_butadiene_styrene,0.11642257453873768
C-EEU-POL,acrylonitrile_butadiene_styrene,2030,acrylonitrile_butadiene_styrene,0.11632762060731516
C-EEU-POL,acrylonitrile_butadiene_styrene,2035,acrylonitrile_butadiene_styrene,0.11636861255537807
C-EEU-POL,acrylonitrile_butadiene_styrene,2040,acrylonitrile_butadiene_styrene,0.1163121960772038
C-EEU-POL,acrylonitrile_butadiene_styrene,2045,acrylonitrile_butadiene_styrene,0.1162301535555764
C-EEU-POL,acrylonitrile_butadiene_styrene,2050,acrylonitrile_butadiene_styrene,0.11618649625742224
C-EEU-POL,acrylonitrile_butadiene_styrene,2055,acrylonitrile_butadiene_styrene,0.11619865679865118
C-EEU-POL,acrylonitrile_butadiene_styrene,2060,acrylonitrile_butadiene_styrene,0.11620550723792553
C-EEU-POL,aluminium,2020,aluminium,0.02646710430596959
C-EEU-POL,aluminium,2030,aluminium,0.02486985478126414
C-EEU-POL,aluminium,2040,aluminium,0.02485963591968476
C-EEU-POL,aluminium,2050,aluminium,0.02402744827004263
C-EEU-POL,aluminium,2060,aluminium,0.02423924828828888
C-EEU-POL,bio-based_polypropylene,2020,polypropylene,0.1082103481299397
C-EEU-POL,bio-based_polypropylene,2025,polypropylene,0.10809908302146684
C-EEU-POL,bio-based_polypropylene,2030,polypropylene,0.1080017607775932
C-EEU-POL,bio-based_polypropylene,2035,polypropylene,0.10803788032317356
C-EEU-POL,bio-based_polypropylene,2040,polypropylene,0.10797910622344116
C-EEU-POL,bio-based_polypropylene,2045,polypropylene,0.1079013516082562
C-EEU-POL,bio-based_polypropylene,2050,polypropylene,0.10786136614289736
C-EEU-POL,bio-based_polypropylene,2055,polypropylene,0.10787305809121128
C-EEU-POL,bio-based_polypropylene,2060,polypropylene,0.10787871911745628
C-EEU-POL,bio-based_polystyrene,2020,polystyrene,0.13271926723482974
C-EEU-POL,bio-based_polystyrene,2025,polystyrene,0.13260323886749856
C-EEU-POL,bio-based_polystyrene,2030,polystyrene,0.13250186153227944
C-EEU-POL,bio-based_polystyrene,2035,polystyrene,0.13253991337618748
C-EEU-POL,bio-based_polystyrene,2040,polystyrene,0.13247908208589784
C-EEU-POL,bio-based_polystyrene,2045,polystyrene,0.13239783435536925
C-EEU-POL,bio-based_polystyrene,2050,polystyrene,0.13235563015798635
C-EEU-POL,bio-based_polystyrene,2055,polystyrene,0.13236790922664565
C-EEU-POL,bio-based_polystyrene,2060,polystyrene,0.13237384846858033
C-EEU-POL,concrete,2020,concrete,0.00567988998144854
C-EEU-POL,concrete,2030,concrete,0.00562365031688157
C-EEU-POL,concrete,2040,concrete,0.00561412509634526
C-EEU-POL,concrete,2050,concrete,0.00558873493525347
C-EEU-POL,concrete,2060,concrete,0.00559340905608848
C-EEU-POL,copper,2020,copper,0.00567988998144854
C-EEU-POL,copper,2030,copper,0.00562365031688151
C-EEU-POL,copper,2040,copper,0.00561412509634526
C-EEU-POL,copper,2050,copper,0.00558873493525379
C-EEU-POL,copper,2060,copper,0.00559340905608848
C-EEU-POL,glass,2020,glass,0.00558865243574116
C-EEU-POL,glass,2030,glass,0.00558879165417781
C-EEU-POL,glass,2040,glass,0.00555711452131706
C-EEU-POL,glass,2050,glass,0.00555317922246935
C-EEU-POL,glass,2060,glass,0.00556226476746677
C-EEU-POL,other_plastics,2020,plastic_mixture,0.1002192453096137
C-EEU-POL,other_plastics,2025,plastic_mixture,0.10008743855971196
C-EEU-POL,other_plastics,2030,plastic_mixture,0.09997260865603814
C-EEU-POL,other_plastics,2035,plastic_mixture,0.10001704545305608
C-EEU-POL,other_plastics,2040,plastic_mixture,0.09994938482014253
C-EEU-POL,other_plastics,2045,plastic_mixture,0.09985653634337044
C-EEU-POL,other_plastics,2050,plastic_mixture,0.09980693445285688
C-EEU-POL,other_plastics,2055,plastic_mixture,0.0998211587312681
C-EEU-POL,other_plastics,2060,plastic_mixture,0.09982801377885468
C-EEU-POL,polypropylene,2020,polypropylene,0.1082103481299397
C-EEU-POL,polypropylene,2025,polypropylene,0.10809908302146684
C-EEU-POL,polypropylene,2030,polypropylene,0.1080017607775932
C-EEU-POL,polypropylene,2035,polypropylene,0.10803788032317356
C-EEU-POL,polypropylene,2040,polypropylene,0.10797910622344116
C-EEU-POL,polypropylene,2045,polypropylene,0.1079013516082562
C-EEU-POL,polypropylene,2050,polypropylene,0.10786136614289736
C-EEU-POL,polypropylene,2055,polypropylene,0.10787305809121128
C-EEU-POL,polypropylene,2060,polypropylene,0.10787871911745628
C-EEU-POL,polystyrene,2020,polystyrene,0.13271926723482974
C-EEU-POL,polystyrene,2025,polystyrene,0.13260323886749856
C-EEU-POL,polystyrene,2030,polystyrene,0.13250186153227944
C-EEU-POL,polystyrene,2035,polystyrene,0.13253991337618748
C-EEU-POL,polystyrene,2040,polystyrene,0.13247908208589784
C-EEU-POL,polystyrene,2045,polystyrene,0.13239783435536925
C-EEU-POL,polystyrene,2050,polystyrene,0.13235563015798635
C-EEU-POL,polystyrene,2055,polystyrene,0.13236790922664565
C-EEU-POL,polystyrene,2060,polystyrene,0.13237384846858033
C-EEU-POL,steel,2020,steel,0.00567988998144854
C-EEU-POL,steel,2030,steel,0.00562365031688151
C-EEU-POL,steel,2040,steel,0.00561412509634526
C-EEU-POL,steel,2050,steel,0.00558873493525379
C-EEU-POL,steel,2060,steel,0.00559340905608848
C-EEU-ROU,acrylonitrile_butadiene_styrene,2020,acrylonitrile_butadiene_styrene,0.11653675878446776
C-EEU-ROU,acrylonitrile_butadiene_styrene,2025,acrylonitrile_butadiene_styrene,0.11642257453873768
C-EEU-ROU,acrylonitrile_butadiene_styrene,2030,acrylonitrile_butadiene_styrene,0.11632762060731516
C-EEU-ROU,acrylonitrile_butadiene_styrene,2035,acrylonitrile_butadiene_styrene,0.11636861255537807
C-EEU-ROU,acrylonitrile_butadiene_styrene,2040,acrylonitrile_butadiene_styrene,0.1163121960772038
C-EEU-ROU,acrylonitrile_butadiene_styrene,2045,acrylonitrile_butadiene_styrene,0.1162301535555764
C-EEU-ROU,acrylonitrile_butadiene_styrene,2050,acrylonitrile_butadiene_styrene,0.11618649625742224
C-EEU-ROU,acrylonitrile_butadiene_styrene,2055,acrylonitrile_butadiene_styrene,0.11619865679865118
C-EEU-ROU,acrylonitrile_butadiene_styrene,2060,acrylonitrile_butadiene_styrene,0.11620550723792553
C-EEU-ROU,aluminium,2020,aluminium,0.02646710430596959
C-EEU-ROU,aluminium,2030,aluminium,0.02486985478126414
C-EEU-ROU,aluminium,2040,aluminium,0.02485963591968476
C-EEU-ROU,aluminium,2050,aluminium,0.02402744827004263
C-EEU-ROU,aluminium,2060,aluminium,0.02423924828828888
C-EEU-ROU,bio-based_polypropylene,2020,polypropylene,0.1082103481299397
C-EEU-ROU,bio-based_polypropylene,2025,polypropylene,0.10809908302146684
C-EEU-ROU,bio-based_polypropylene,2030,polypropylene,0.1080017607775932
C-EEU-ROU,bio-based_polypropylene,2035,polypropylene,0.10803788032317356
C-EEU-ROU,bio-based_polypropylene,2040,polypropylene,0.10797910622344116
C-EEU-ROU,bio-based_polypropylene,2045,polypropylene,0.1079013516082562
C-EEU-ROU,bio-based_polypropylene,2050,polypropylene,0.10786136614289736
C-EEU-ROU,bio-based_polypropylene,2055,polypropylene,0.10787305809121128
C-EEU-ROU,bio-based_polypropylene,2060,polypropylene,0.10787871911745628
C-EEU-ROU,bio-based_polystyrene,2020,polystyrene,0.13271926723482974
C-EEU-ROU,bio-based_polystyrene,2025,polystyrene,0.13260323886749856
C-EEU-ROU,bio-based_polystyrene,2030,polystyrene,0.13250186153227944
C-EEU-ROU,bio-based_polystyrene,2035,polystyrene,0.13253991337618748
C-EEU-ROU,bio-based_polystyrene,2040,polystyrene,0.13247908208589784
C-EEU-ROU,bio-based_polystyrene,2045,polystyrene,0.13239783435536925
C-EEU-ROU,bio-based_polystyrene,2050,polystyrene,0.13235563015798635
C-EEU-ROU,bio-based_polystyrene,2055,polystyrene,0.13236790922664565
C-EEU-ROU,bio-based_polystyrene,2060,polystyrene,0.13237384846858033
C-EEU-ROU,concrete,2020,concrete,0.00567988998144854
C-EEU-ROU,concrete,2030,concrete,0.00562365031688157
C-EEU-ROU,concrete,2040,concrete,0.00561412509634526
C-EEU-ROU,concrete,2050,concrete,0.00558873493525347
C-EEU-ROU,concrete,2060,concrete,0.00559340905608848
C-EEU-ROU,copper,2020,copper,0.00567988998144854
C-EEU-ROU,copper,2030,copper,0.00562365031688151
C-EEU-ROU,copper,2040,copper,0.00561412509634526
C-EEU-ROU,copper,2050,copper,0.00558873493525379
C-EEU-ROU,copper,2060,copper,0.00559340905608848
C-EEU-ROU,glass,2020,glass,0.00558865243574116
C-EEU-ROU,glass,2030,glass,0.00558879165417781
C-EEU-ROU,glass,2040,glass,0.00555711452131706
C-EEU-ROU,glass,2050,glass,0.00555317922246935
C-EEU-ROU,glass,2060,glass,0.00556226476746677
C-EEU-ROU,other_plastics,2020,plastic_mixture,0.1002192453096137
C-EEU-ROU,other_plastics,2025,plastic_mixture,0.10008743855971196
C-EEU-ROU,other_plastics,2030,plastic_mixture,0.09997260865603814
C-EEU-ROU,other_plastics,2035,plastic_mixture,0.10001704545305608
C-EEU-ROU,other_plastics,2040,plastic_mixture,0.09994938482014253
C-EEU-ROU,other_plastics,2045,plastic_mixture,0.09985653634337044
C-EEU-ROU,other_plastics,2050,plastic_mixture,0.09980693445285688
C-EEU-ROU,other_plastics,2055,plastic_mixture,0.0998211587312681
C-EEU-ROU,other_plastics,2060,plastic_mixture,0.09982801377885468
C-EEU-ROU,polypropylene,2020,polypropylene,0.1082103481299397
C-EEU-ROU,polypropylene,2025,polypropylene,0.10809908302146684
C-EEU-ROU,polypropylene,2030,polypropylene,0.1080017607775932
C-EEU-ROU,polypropylene,2035,polypropylene,0.10803788032317356
C-EEU-ROU,polypropylene,2040,polypropylene,0.10797910622344116
C-EEU-ROU,polypropylene,2045,polypropylene,0.1079013516082562
C-EEU-ROU,polypropylene,2050,polypropylene,0.10786136614289736
C-EEU-ROU,polypropylene,2055,polypropylene,0.10787305809121128
C-EEU-ROU,polypropylene,2060,polypropylene,0.10787871911745628
C-EEU-ROU,polystyrene,2020,polystyrene,0.13271926723482974
C-EEU-ROU,polystyrene,2025,polystyrene,0.13260323886749856
C-EEU-ROU,polystyrene,2030,polystyrene,0.13250186153227944
C-EEU-ROU,polystyrene,2035,polystyrene,0.13253991337618748
C-EEU-ROU,polystyrene,2040,polystyrene,0.13247908208589784
C-EEU-ROU,polystyrene,2045,polystyrene,0.13239783435536925
C-EEU-ROU,polystyrene,2050,polystyrene,0.13235563015798635
C-EEU-ROU,polystyrene,2055,polystyrene,0.13236790922664565
C-EEU-ROU,polystyrene,2060,polystyrene,0.13237384846858033
C-EEU-ROU,steel,2020,steel,0.00567988998144854
C-EEU-ROU,steel,2030,steel,0.00562365031688151
C-EEU-ROU,steel,2040,steel,0.00561412509634526
C-EEU-ROU,steel,2050,steel,0.00558873493525379
C-EEU-ROU,steel,2060,steel,0.00559340905608848
C-EEU-SVK,acrylonitrile_butadiene_styrene,2020,acrylonitrile_butadiene_styrene,0.11653675878446776
C-EEU-SVK,acrylonitrile_butadiene_styrene,2025,acrylonitrile_butadiene_styrene,0.11642257453873768
C-EEU-SVK,acrylonitrile_butadiene_styrene,2030,acrylonitrile_butadiene_styrene,0.11632762060731516
C-EEU-SVK,acrylonitrile_butadiene_styrene,2035,acrylonitrile_butadiene_styrene,0.11636861255537807
C-EEU-SVK,acrylonitrile_butadiene_styrene,2040,acrylonitrile_butadiene_styrene,0.1163121960772038
C-EEU-SVK,acrylonitrile_butadiene_styrene,2045,acrylonitrile_butadiene_styrene,0.1162301535555764
C-EEU-SVK,acrylonitrile_butadiene_styrene,2050,acrylonitrile_butadiene_styrene,0.11618649625742224
C-EEU-SVK,acrylonitrile_butadiene_styrene,2055,acrylonitrile_butadiene_styrene,0.11619865679865118
C-EEU-SVK,acrylonitrile_butadiene_styrene,2060,acrylonitrile_butadiene_styrene,0.11620550723792553
C-EEU-SVK,aluminium,2020,aluminium,0.02646710430596959
C-EEU-SVK,aluminium,2030,aluminium,0.02486985478126414
C-EEU-SVK,aluminium,2040,aluminium,0.02485963591968476
C-EEU-SVK,aluminium,2050,aluminium,0.02402744827004263
C-EEU-SVK,aluminium,2060,aluminium,0.02423924828828888
C-EEU-SVK,bio-based_polypropylene,2020,polypropylene,0.1082103481299397
C-EEU-SVK,bio-based_polypropylene,2025,polypropylene,0.10809908302146684
C-EEU-SVK,bio-based_polypropylene,2030,polypropylene,0.1080017607775932
C-EEU-SVK,bio-based_polypropylene,2035,polypropylene,0.10803788032317356
C-EEU-SVK,bio-based_polypropylene,2040,polypropylene,0.10797910622344116
C-EEU-SVK,bio-based_polypropylene,2045,polypropylene,0.1079013516082562
C-EEU-SVK,bio-based_polypropylene,2050,polypropylene,0.10786136614289736
C-EEU-SVK,bio-based_polypropylene,2055,polypropylene,0.10787305809121128
C-EEU-SVK,bio-based_polypropylene,2060,polypropylene,0.10787871911745628
C-EEU-SVK,bio-based_polystyrene,2020,polystyrene,0.13271926723482974
C-EEU-SVK,bio-based_polystyrene,2025,polystyrene,0.13260323886749856
C-EEU-SVK,bio-based_polystyrene,2030,polystyrene,0.13250186153227944
C-EEU-SVK,bio-based_polystyrene,2035,polystyrene,0.13253991337618748
C-EEU-SVK,bio-based_polystyrene,2040,polystyrene,0.13247908208589784
C-EEU-SVK,bio-based_polystyrene,2045,polystyrene,0.13239783435536925
C-EEU-SVK,bio-based_polystyrene,2050,polystyrene,0.13235563015798635
C-EEU-SVK,bio-based_polystyrene,2055,polystyrene,0.13236790922664565
C-EEU-SVK,bio-based_polystyrene,2060,polystyrene,0.13237384846858033
C-EEU-SVK,concrete,2020,concrete,0.00567988998144854
C-EEU-SVK,concrete,2030,concrete,0.00562365031688157
C-EEU-SVK,concrete,2040,concrete,0.00561412509634526
C-EEU-SVK,concrete,2050,concrete,0.00558873493525347
C-EEU-SVK,concrete,2060,concrete,0.00559340905608848
C-EEU-SVK,copper,2020,copper,0.00567988998144854
C-EEU-SVK,copper,2030,copper,0.00562365031688151
C-EEU-SVK,copper,2040,copper,0.00561412509634526
C-EEU-SVK,copper,2050,copper,0.00558873493525379
C-EEU-SVK,copper,2060,copper,0.00559340905608848
C-EEU-SVK,glass,2020,glass,0.00558865243574116
C-EEU-SVK,glass,2030,glass,0.00558879165417781
C-EEU-SVK,glass,2040,glass,0.00555711452131706
C-EEU-SVK,glass,2050,glass,0.00555317922246935
C-EEU-SVK,glass,2060,glass,0.00556226476746677
C-EEU-SVK,other_plastics,2020,plastic_mixture,0.1002192453096137
C-EEU-SVK,other_plastics,2025,plastic_mixture,0.10008743855971196
C-EEU-SVK,other_plastics,2030,plastic_mixture,0.09997260865603814
C-EEU-SVK,other_plastics,2035,plastic_mixture,0.10001704545305608
C-EEU-SVK,other_plastics,2040,plastic_mixture,0.09994938482014253
C-EEU-SVK,other_plastics,2045,plastic_mixture,0.09985653634337044
C-EEU-SVK,other_plastics,2050,plastic_mixture,0.09980693445285688
C-EEU-SVK,other_plastics,2055,plastic_mixture,0.0998211587312681
C-EEU-SVK,other_plastics,2060,plastic_mixture,0.09982801377885468
C-EEU-SVK,polypropylene,2020,polypropylene,0.1082103481299397
C-EEU-SVK,polypropylene,2025,polypropylene,0.10809908302146684
C-EEU-SVK,polypropylene,2030,polypropylene,0.1080017607775932
C-EEU-SVK,polypropylene,2035,polypropylene,0.10803788032317356
C-EEU-SVK,polypropylene,2040,polypropylene,0.10797910622344116
C-EEU-SVK,polypropylene,2045,polypropylene,0.1079013516082562
C-EEU-SVK,polypropylene,2050,polypropylene,0.10786136614289736
C-EEU-SVK,polypropylene,2055,polypropylene,0.10787305809121128
C-EEU-SVK,polypropylene,2060,polypropylene,0.10787871911745628
C-EEU-SVK,polystyrene,2020,polystyrene,0.13271926723482974
C-EEU-SVK,polystyrene,2025,polystyrene,0.13260323886749856
C-EEU-SVK,polystyrene,2030,polystyrene,0.13250186153227944
C-EEU-SVK,polystyrene,2035,polystyrene,0.13253991337618748
C-EEU-SVK,polystyrene,2040,polystyrene,0.13247908208589784
C-EEU-SVK,polystyrene,2045,polystyrene,0.13239783435536925
C-EEU-SVK,polystyrene,2050,polystyrene,0.13235563015798635
C-EEU-SVK,polystyrene,2055,polystyrene,0.13236790922664565
C-EEU-SVK,polystyrene,2060,polystyrene,0.13237384846858033
C-EEU-SVK,steel,2020,steel,0.00567988998144854
C-EEU-SVK,steel,2030,steel,0.00562365031688151
C-EEU-SVK,steel,2040,steel,0.00561412509634526
C-EEU-SVK,steel,2050,steel,0.00558873493525379
C-EEU-SVK,steel,2060,steel,0.00559340905608848
C-EEU-SVN,acrylonitrile_butadiene_styrene,2020,acrylonitrile_butadiene_styrene,0.11653675878446776
C-EEU-SVN,acrylonitrile_butadiene_styrene,2025,acrylonitrile_butadiene_styrene,0.11642257453873768
C-EEU-SVN,acrylonitrile_butadiene_styrene,2030,acrylonitrile_butadiene_styrene,0.11632762060731516
C-EEU-SVN,acrylonitrile_butadiene_styrene,2035,acrylonitrile_butadiene_styrene,0.11636861255537807
C-EEU-SVN,acrylonitrile_butadiene_styrene,2040,acrylonitrile_butadiene_styrene,0.1163121960772038
C-EEU-SVN,acrylonitrile_butadiene_styrene,2045,acrylonitrile_butadiene_styrene,0.1162301535555764
C-EEU-SVN,acrylonitrile_butadiene_styrene,2050,acrylonitrile_butadiene_styrene,0.11618649625742224
C-EEU-SVN,acrylonitrile_butadiene_styrene,2055,acrylonitrile_butadiene_styrene,0.11619865679865118
C-EEU-SVN,acrylonitrile_butadiene_styrene,2060,acrylonitrile_butadiene_styrene,0.11620550723792553
C-EEU-SVN,aluminium,2020,aluminium,0.02646710430596959
C-EEU-SVN,aluminium,2030,aluminium,0.02486985478126414
C-EEU-SVN,aluminium,2040,aluminium,0.02485963591968476
C-EEU-SVN,aluminium,2050,aluminium,0.02402744827004263
C-EEU-SVN,aluminium,2060,aluminium,0.02423924828828888
C-EEU-SVN,bio-based_polypropylene,2020,polypropylene,0.1082103481299397
C-EEU-SVN,bio-based_polypropylene,2025,polypropylene,0.10809908302146684
C-EEU-SVN,bio-based_polypropylene,2030,polypropylene,0.1080017607775932
C-EEU-SVN,bio-based_polypropylene,2035,polypropylene,0.10803788032317356
C-EEU-SVN,bio-based_polypropylene,2040,polypropylene,0.10797910622344116
C-EEU-SVN,bio-based_polypropylene,2045,polypropylene,0.1079013516082562
C-EEU-SVN,bio-based_polypropylene,2050,polypropylene,0.10786136614289736
C-EEU-SVN,bio-based_polypropylene,2055,polypropylene,0.10787305809121128
C-EEU-SVN,bio-based_polypropylene,2060,polypropylene,0.10787871911745628
C-EEU-SVN,bio-based_polystyrene,2020,polystyrene,0.13271926723482974
C-EEU-SVN,bio-based_polystyrene,2025,polystyrene,0.13260323886749856
C-EEU-SVN,bio-based_polystyrene,2030,polystyrene,0.13250186153227944
C-EEU-SVN,bio-based_polystyrene,2035,polystyrene,0.13253991337618748
C-EEU-SVN,bio-based_polystyrene,2040,polystyrene,0.13247908208589784
C-EEU-SVN,bio-based_polystyrene,2045,polystyrene,0.13239783435536925
C-EEU-SVN,bio-based_polystyrene,2050,polystyrene,0.13235563015798635
C-EEU-SVN,bio-based_polystyrene,2055,polystyrene,0.13236790922664565
C-EEU-SVN,bio-based_polystyrene,2060,polystyrene,0.13237384846858033
C-EEU-SVN,concrete,2020,concrete,0.00567988998144854
C-EEU-SVN,concrete,2030,concrete,0.00562365031688157
C-EEU-SVN,concrete,2040,concrete,0.00561412509634526
C-EEU-SVN,concrete,2050,concrete,0.00558873493525347
C-EEU-SVN,concrete,2060,concrete,0.00559340905608848
C-EEU-SVN,copper,2020,copper,0.00567988998144854
C-EEU-SVN,copper,2030,copper,0.00562365031688151
C-EEU-SVN,copper,2040,copper,0.00561412509634526
C-EEU-SVN,copper,2050,copper,0.00558873493525379
C-EEU-SVN,copper,2060,copper,0.00559340905608848
C-EEU-SVN,glass,2020,glass,0.00558865243574116
C-EEU-SVN,glass,2030,glass,0.00558879165417781
C-EEU-SVN,glass,2040,glass,0.00555711452131706
C-EEU-SVN,glass,2050,glass,0.00555317922246935
C-EEU-SVN,glass,2060,glass,0.00556226476746677
C-EEU-SVN,other_plastics,2020,plastic_mixture,0.1002192453096137
C-EEU-SVN,other_plastics,2025,plastic_mixture,0.10008743855971196
C-EEU-SVN,other_plastics,2030,plastic_mixture,0.09997260865603814
C-EEU-SVN,other_plastics,2035,plastic_mixture,0.10001704545305608
C-EEU-SVN,other_plastics,2040,plastic_mixture,0.09994938482014253
C-EEU-SVN,other_plastics,2045,plastic_mixture,0.09985653634337044
C-EEU-SVN,other_plastics,2050,plastic_mixture,0.09980693445285688
C-EEU-SVN,other_plastics,2055,plastic_mixture,0.0998211587312681
C-EEU-SVN,other_plastics,2060,plastic_mixture,0.09982801377885468
C-EEU-SVN,polypropylene,2020,polypropylene,0.1082103481299397
C-EEU-SVN,polypropylene,2025,polypropylene,0.10809908302146684
C-EEU-SVN,polypropylene,2030,polypropylene,0.1080017607775932
C-EEU-SVN,polypropylene,2035,polypropylene,0.10803788032317356
C-EEU-SVN,polypropylene,2040,polypropylene,0.10797910622344116
C-EEU-SVN,polypropylene,2045,polypropylene,0.1079013516082562
C-EEU-SVN,polypropylene,2050,polypropylene,0.10786136614289736
C-EEU-SVN,polypropylene,2055,polypropylene,0.10787305809121128
C-EEU-SVN,polypropylene,2060,polypropylene,0.10787871911745628
C-EEU-SVN,polystyrene,2020,polystyrene,0.13271926723482974
C-EEU-SVN,polystyrene,2025,polystyrene,0.13260323886749856
C-EEU-SVN,polystyrene,2030,polystyrene,0.13250186153227944
C-EEU-SVN,polystyrene,2035,polystyrene,0.13253991337618748
C-EEU-SVN,polystyrene,2040,polystyrene,0.13247908208589784
C-EEU-SVN,polystyrene,2045,polystyrene,0.13239783435536925
C-EEU-SVN,polystyrene,2050,polystyrene,0.13235563015798635
C-EEU-SVN,polystyrene,2055,polystyrene,0.13236790922664565
C-EEU-SVN,polystyrene,2060,polystyrene,0.13237384846858033
C-EEU-SVN,steel,2020,steel,0.00567988998144854
C-EEU-SVN,steel,2030,steel,0.00562365031688151
C-EEU-SVN,steel,2040,steel,0.00561412509634526
C-EEU-SVN,steel,2050,steel,0.00558873493525379
C-EEU-SVN,steel,2060,steel,0.00559340905608848
C-WEU-AUT,acrylonitrile_butadiene_styrene,2020,acrylonitrile_butadiene_styrene,0.11653675878446776
C-WEU-AUT,acrylonitrile_butadiene_styrene,2025,acrylonitrile_butadiene_styrene,0.11642257453873768
C-WEU-AUT,acrylonitrile_butadiene_styrene,2030,acrylonitrile_butadiene_styrene,0.11632762060731516
C-WEU-AUT,acrylonitrile_butadiene_styrene,2035,acrylonitrile_butadiene_styrene,0.11636861255537807
C-WEU-AUT,acrylonitrile_butadiene_styrene,2040,acrylonitrile_butadiene_styrene,0.1163121960772038
C-WEU-AUT,acrylonitrile_butadiene_styrene,2045,acrylonitrile_butadiene_styrene,0.1162301535555764
C-WEU-AUT,acrylonitrile_butadiene_styrene,2050,acrylonitrile_butadiene_styrene,0.11618649625742224
C-WEU-AUT,acrylonitrile_butadiene_styrene,2055,acrylonitrile_butadiene_styrene,0.11619865679865118
C-WEU-AUT,acrylonitrile_butadiene_styrene,2060,acrylonitrile_butadiene_styrene,0.11620550723792553
C-WEU-AUT,aluminium,2020,aluminium,0.02646710430596959
C-WEU-AUT,aluminium,2030,aluminium,0.02486985478126414
C-WEU-AUT,aluminium,2040,aluminium,0.02485963591968476
C-WEU-AUT,aluminium,2050,aluminium,0.02402744827004263
C-WEU-AUT,aluminium,2060,aluminium,0.02423924828828888
C-WEU-AUT,bio-based_polypropylene,2020,polypropylene,0.1082103481299397
C-WEU-AUT,bio-based_polypropylene,2025,polypropylene,0.10809908302146684
C-WEU-AUT,bio-based_polypropylene,2030,polypropylene,0.1080017607775932
C-WEU-AUT,bio-based_polypropylene,2035,polypropylene,0.10803788032317356
C-WEU-AUT,bio-based_polypropylene,2040,polypropylene,0.10797910622344116
C-WEU-AUT,bio-based_polypropylene,2045,polypropylene,0.1079013516082562
C-WEU-AUT,bio-based_polypropylene,2050,polypropylene,0.10786136614289736
C-WEU-AUT,bio-based_polypropylene,2055,polypropylene,0.10787305809121128
C-WEU-AUT,bio-based_polypropylene,2060,polypropylene,0.10787871911745628
C-WEU-AUT,bio-based_polystyrene,2020,polystyrene,0.13271926723482974
C-WEU-AUT,bio-based_polystyrene,2025,polystyrene,0.13260323886749856
C-WEU-AUT,bio-based_polystyrene,2030,polystyrene,0.13250186153227944
C-WEU-AUT,bio-based_polystyrene,2035,polystyrene,0.13253991337618748
C-WEU-AUT,bio-based_polystyrene,2040,polystyrene,0.13247908208589784
C-WEU-AUT,bio-based_polystyrene,2045,polystyrene,0.13239783435536925
C-WEU-AUT,bio-based_polystyrene,2050,polystyrene,0.13235563015798635
C-WEU-AUT,bio-based_polystyrene,2055,polystyrene,0.13236790922664565
C-WEU-AUT,bio-based_polystyrene,2060,polystyrene,0.13237384846858033
C-WEU-AUT,concrete,2020,concrete,0.00567988998144854
C-WEU-AUT,concrete,2030,concrete,0.00562365031688157
C-WEU-AUT,concrete,2040,concrete,0.00561412509634526
C-WEU-AUT,concrete,2050,concrete,0.00558873493525347
C-WEU-AUT,concrete,2060,concrete,0.00559340905608848
C-WEU-AUT,copper,2020,copper,0.00567988998144854
C-WEU-AUT,copper,2030,copper,0.00562365031688151
C-WEU-AUT,copper,2040,copper,0.00561412509634526
C-WEU-AUT,copper,2050,copper,0.00558873493525379
C-WEU-AUT,copper,2060,copper,0.00559340905608848
C-WEU-AUT,glass,2020,glass,0.00558865243574116
C-WEU-AUT,glass,2030,glass,0.00558879165417781
C-WEU-AUT,glass,2040,glass,0.00555711452131706
C-WEU-AUT,glass,2050,glass,0.00555317922246935
C-WEU-AUT,glass,2060,glass,0.00556226476746677
C-WEU-AUT,other_plastics,2020,plastic_mixture,0.1002192453096137
C-WEU-AUT,other_plastics,2025,plastic_mixture,0.10008743855971196
C-WEU-AUT,other_plastics,2030,plastic_mixture,0.09997260865603814
C-WEU-AUT,other_plastics,2035,plastic_mixture,0.10001704545305608
C-WEU-AUT,other_plastics,2040,plastic_mixture,0.09994938482014253
C-WEU-AUT,other_plastics,2045,plastic_mixture,0.09985653634337044
C-WEU-AUT,other_plastics,2050,plastic_mixture,0.09980693445285688
C-WEU-AUT,other_plastics,2055,plastic_mixture,0.0998211587312681
C-WEU-AUT,other_plastics,2060,plastic_mixture,0.09982801377885468
C-WEU-AUT,polypropylene,2020,polypropylene,0.1082103481299397
C-WEU-AUT,polypropylene,2025,polypropylene,0.10809908302146684
C-WEU-AUT,polypropylene,2030,polypropylene,0.1080017607775932
C-WEU-AUT,polypropylene,2035,polypropylene,0.10803788032317356
C-WEU-AUT,polypropylene,2040,polypropylene,0.10797910622344116
C-WEU-AUT,polypropylene,2045,polypropylene,0.1079013516082562
C-WEU-AUT,polypropylene,2050,polypropylene,0.10786136614289736
C-WEU-AUT,polypropylene,2055,polypropylene,0.10787305809121128
C-WEU-AUT,polypropylene,2060,polypropylene,0.10787871911745628
C-WEU-AUT,polystyrene,2020,polystyrene,0.13271926723482974
C-WEU-AUT,polystyrene,2025,polystyrene,0.13260323886749856
C-WEU-AUT,polystyrene,2030,polystyrene,0.13250186153227944
C-WEU-AUT,polystyrene,2035,polystyrene,0.13253991337618748
C-WEU-AUT,polystyrene,2040,polystyrene,0.13247908208589784
C-WEU-AUT,polystyrene,2045,polystyrene,0.13239783435536925
C-WEU-AUT,polystyrene,2050,polystyrene,0.13235563015798635
C-WEU-AUT,polystyrene,2055,polystyrene,0.13236790922664565
C-WEU-AUT,polystyrene,2060,polystyrene,0.13237384846858033
C-WEU-AUT,steel,2020,steel,0.00567988998144854
C-WEU-AUT,steel,2030,steel,0.00562365031688151
C-WEU-AUT,steel,2040,steel,0.00561412509634526
C-WEU-AUT,steel,2050,steel,0.00558873493525379
C-WEU-AUT,steel,2060,steel,0.00559340905608848
C-WEU-BEL,acrylonitrile_butadiene_styrene,2020,acrylonitrile_butadiene_styrene,0.11653675878446776
C-WEU-BEL,acrylonitrile_butadiene_styrene,2025,acrylonitrile_butadiene_styrene,0.11642257453873768
C-WEU-BEL,acrylonitrile_butadiene_styrene,2030,acrylonitrile_butadiene_styrene,0.11632762060731516
C-WEU-BEL,acrylonitrile_butadiene_styrene,2035,acrylonitrile_butadiene_styrene,0.11636861255537807
C-WEU-BEL,acrylonitrile_butadiene_styrene,2040,acrylonitrile_butadiene_styrene,0.1163121960772038
C-WEU-BEL,acrylonitrile_butadiene_styrene,2045,acrylonitrile_butadiene_styrene,0.1162301535555764
C-WEU-BEL,acrylonitrile_butadiene_styrene,2050,acrylonitrile_butadiene_styrene,0.11618649625742224
C-WEU-BEL,acrylonitrile_butadiene_styrene,2055,acrylonitrile_butadiene_styrene,0.11619865679865118
C-WEU-BEL,acrylonitrile_butadiene_styrene,2060,acrylonitrile_butadiene_styrene,0.11620550723792553
C-WEU-BEL,aluminium,2020,aluminium,0.02646710430596959
C-WEU-BEL,aluminium,2030,aluminium,0.02486985478126414
C-WEU-BEL,aluminium,2040,aluminium,0.02485963591968476
C-WEU-BEL,aluminium,2050,aluminium,0.02402744827004263
C-WEU-BEL,aluminium,2060,aluminium,0.02423924828828888
C-WEU-BEL,bio-based_polypropylene,2020,polypropylene,0.1082103481299397
C-WEU-BEL,bio-based_polypropylene,2025,polypropylene,0.10809908302146684
C-WEU-BEL,bio-based_polypropylene,2030,polypropylene,0.1080017607775932
C-WEU-BEL,bio-based_polypropylene,2035,polypropylene,0.10803788032317356
C-WEU-BEL,bio-based_polypropylene,2040,polypropylene,0.10797910622344116
C-WEU-BEL,bio-based_polypropylene,2045,polypropylene,0.1079013516082562
C-WEU-BEL,bio-based_polypropylene,2050,polypropylene,0.10786136614289736
C-WEU-BEL,bio-based_polypropylene,2055,polypropylene,0.10787305809121128
C-WEU-BEL,bio-based_polypropylene,2060,polypropylene,0.10787871911745628
C-WEU-BEL,bio-based_polystyrene,2020,polystyrene,0.13271926723482974
C-WEU-BEL,bio-based_polystyrene,2025,polystyrene,0.13260323886749856
C-WEU-BEL,bio-based_polystyrene,2030,polystyrene,0.13250186153227944
C-WEU-BEL,bio-based_polystyrene,2035,polystyrene,0.13253991337618748
C-WEU-BEL,bio-based_polystyrene,2040,polystyrene,0.13247908208589784
C-WEU-BEL,bio-based_polystyrene,2045,polystyrene,0.13239783435536925
C-WEU-BEL,bio-based_polystyrene,2050,polystyrene,0.13235563015798635
C-WEU-BEL,bio-based_polystyrene,2055,polystyrene,0.13236790922664565
C-WEU-BEL,bio-based_polystyrene,2060,polystyrene,0.13237384846858033
C-WEU-BEL,concrete,2020,concrete,0.00567988998144854
C-WEU-BEL,concrete,2030,concrete,0.00562365031688157
C-WEU-BEL,concrete,2040,concrete,0.00561412509634526
C-WEU-BEL,concrete,2050,concrete,0.00558873493525347
C-WEU-BEL,concrete,2060,concrete,0.00559340905608848
C-WEU-BEL,copper,2020,copper,0.00567988998144854
C-WEU-BEL,copper,2030,copper,0.00562365031688151
C-WEU-BEL,copper,2040,copper,0.00561412509634526
C-WEU-BEL,copper,2050,copper,0.00558873493525379
C-WEU-BEL,copper,2060,copper,0.00559340905608848
C-WEU-BEL,glass,2020,glass,0.00558865243574116
C-WEU-BEL,glass,2030,glass,0.00558879165417781
C-WEU-BEL,glass,2040,glass,0.00555711452131706
C-WEU-BEL,glass,2050,glass,0.00555317922246935
C-WEU-BEL,glass,2060,glass,0.00556226476746677
C-WEU-BEL,other_plastics,2020,plastic_mixture,0.1002192453096137
C-WEU-BEL,other_plastics,2025,plastic_mixture,0.10008743855971196
C-WEU-BEL,other_plastics,2030,plastic_mixture,0.09997260865603814
C-WEU-BEL,other_plastics,2035,plastic_mixture,0.10001704545305608
C-WEU-BEL,other_plastics,2040,plastic_mixture,0.09994938482014253
C-WEU-BEL,other_plastics,2045,plastic_mixture,0.09985653634337044
C-WEU-BEL,other_plastics,2050,plastic_mixture,0.09980693445285688
C-WEU-BEL,other_plastics,2055,plastic_mixture,0.0998211587312681
C-WEU-BEL,other_plastics,2060,plastic_mixture,0.09982801377885468
C-WEU-BEL,polypropylene,2020,polypropylene,0.1082103481299397
C-WEU-BEL,polypropylene,2025,polypropylene,0.10809908302146684
C-WEU-BEL,polypropylene,2030,polypropylene,0.1080017607775932
C-WEU-BEL,polypropylene,2035,polypropylene,0.10803788032317356
C-WEU-BEL,polypropylene,2040,polypropylene,0.10797910622344116
C-WEU-BEL,polypropylene,2045,polypropylene,0.1079013516082562
C-WEU-BEL,polypropylene,2050,polypropylene,0.10786136614289736
C-WEU-BEL,polypropylene,2055,polypropylene,0.10787305809121128
C-WEU-BEL,polypropylene,2060,polypropylene,0.10787871911745628
C-WEU-BEL,polystyrene,2020,polystyrene,0.13271926723482974
C-WEU-BEL,polystyrene,2025,polystyrene,0.13260323886749856
C-WEU-BEL,polystyrene,2030,polystyrene,0.13250186153227944
C-WEU-BEL,polystyrene,2035,polystyrene,0.13253991337618748
C-WEU-BEL,polystyrene,2040,polystyrene,0.13247908208589784
C-WEU-BEL,polystyrene,2045,polystyrene,0.13239783435536925
C-WEU-BEL,polystyrene,2050,polystyrene,0.13235563015798635
C-WEU-BEL,polystyrene,2055,polystyrene,0.13236790922664565
C-WEU-BEL,polystyrene,2060,polystyrene,0.13237384846858033
C-WEU-BEL,steel,2020,steel,0.00567988998144854
C-WEU-BEL,steel,2030,steel,0.00562365031688151
C-WEU-BEL,steel,2040,steel,0.00561412509634526
C-WEU-BEL,steel,2050,steel,0.00558873493525379
C-WEU-BEL,steel,2060,steel,0.00559340905608848
C-WEU-CHE,acrylonitrile_butadiene_styrene,2020,acrylonitrile_butadiene_styrene,0.11653675878446776
C-WEU-CHE,acrylonitrile_butadiene_styrene,2025,acrylonitrile_butadiene_styrene,0.11642257453873768
C-WEU-CHE,acrylonitrile_butadiene_styrene,2030,acrylonitrile_butadiene_styrene,0.11632762060731516
C-WEU-CHE,acrylonitrile_butadiene_styrene,2035,acrylonitrile_butadiene_styrene,0.11636861255537807
C-WEU-CHE,acrylonitrile_butadiene_styrene,2040,acrylonitrile_butadiene_styrene,0.1163121960772038
C-WEU-CHE,acrylonitrile_butadiene_styrene,2045,acrylonitrile_butadiene_styrene,0.1162301535555764
C-WEU-CHE,acrylonitrile_butadiene_styrene,2050,acrylonitrile_butadiene_styrene,0.11618649625742224
C-WEU-CHE,acrylonitrile_butadiene_styrene,2055,acrylonitrile_butadiene_styrene,0.11619865679865118
C-WEU-CHE,acrylonitrile_butadiene_styrene,2060,acrylonitrile_butadiene_styrene,0.11620550723792553
C-WEU-CHE,aluminium,2020,aluminium,0.02646710430596959
C-WEU-CHE,aluminium,2030,aluminium,0.02486985478126414
C-WEU-CHE,aluminium,2040,aluminium,0.02485963591968476
C-WEU-CHE,aluminium,2050,aluminium,0.02402744827004263
C-WEU-CHE,aluminium,2060,aluminium,0.02423924828828888
C-WEU-CHE,bio-based_polypropylene,2020,polypropylene,0.1082103481299397
C-WEU-CHE,bio-based_polypropylene,2025,polypropylene,0.10809908302146684
C-WEU-CHE,bio-based_polypropylene,2030,polypropylene,0.1080017607775932
C-WEU-CHE,bio-based_polypropylene,2035,polypropylene,0.10803788032317356
C-WEU-CHE,bio-based_polypropylene,2040,polypropylene,0.10797910622344116
C-WEU-CHE,bio-based_polypropylene,2045,polypropylene,0.1079013516082562
C-WEU-CHE,bio-based_polypropylene,2050,polypropylene,0.10786136614289736
C-WEU-CHE,bio-based_polypropylene,2055,polypropylene,0.10787305809121128
C-WEU-CHE,bio-based_polypropylene,2060,polypropylene,0.10787871911745628
C-WEU-CHE,bio-based_polystyrene,2020,polystyrene,0.13271926723482974
C-WEU-CHE,bio-based_polystyrene,2025,polystyrene,0.13260323886749856
C-WEU-CHE,bio-based_polystyrene,2030,polystyrene,0.13250186153227944
C-WEU-CHE,bio-based_polystyrene,2035,polystyrene,0.13253991337618748
C-WEU-CHE,bio-based_polystyrene,2040,polystyrene,0.13247908208589784
C-WEU-CHE,bio-based_polystyrene,2045,polystyrene,0.13239783435536925
C-WEU-CHE,bio-based_polystyrene,2050,polystyrene,0.13235563015798635
C-WEU-CHE,bio-based_polystyrene,2055,polystyrene,0.13236790922664565
C-WEU-CHE,bio-based_polystyrene,2060,polystyrene,0.13237384846858033
C-WEU-CHE,concrete,2020,concrete,0.00567988998144854
C-WEU-CHE,concrete,2030,concrete,0.00562365031688157
C-WEU-CHE,concrete,2040,concrete,0.00561412509634526
C-WEU-CHE,concrete,2050,concrete,0.00558873493525347
C-WEU-CHE,concrete,2060,concrete,0.00559340905608848
C-WEU-CHE,copper,2020,copper,0.00567988998144854
C-WEU-CHE,copper,2030,copper,0.00562365031688151
C-WEU-CHE,copper,2040,copper,0.00561412509634526
C-WEU-CHE,copper,2050,copper,0.00558873493525379
C-WEU-CHE,copper,2060,copper,0.00559340905608848
C-WEU-CHE,glass,2020,glass,0.00558865243574116
C-WEU-CHE,glass,2030,glass,0.00558879165417781
C-WEU-CHE,glass,2040,glass,0.00555711452131706
C-WEU-CHE,glass,2050,glass,0.00555317922246935
C-WEU-CHE,glass,2060,glass,0.00556226476746677
C-WEU-CHE,other_plastics,2020,plastic_mixture,0.1002192453096137
C-WEU-CHE,other_plastics,2025,plastic_mixture,0.10008743855971196
C-WEU-CHE,other_plastics,2030,plastic_mixture,0.09997260865603814
C-WEU-CHE,other_plastics,2035,plastic_mixture,0.10001704545305608
C-WEU-CHE,other_plastics,2040,plastic_mixture,0.09994938482014253
C-WEU-CHE,other_plastics,2045,plastic_mixture,0.09985653634337044
C-WEU-CHE,other_plastics,2050,plastic_mixture,0.09980693445285688
C-WEU-CHE,other_plastics,2055,plastic_mixture,0.0998211587312681
C-WEU-CHE,other_plastics,2060,plastic_mixture,0.09982801377885468
C-WEU-CHE,polypropylene,2020,polypropylene,0.1082103481299397
C-WEU-CHE,polypropylene,2025,polypropylene,0.10809908302146684
C-WEU-CHE,polypropylene,2030,polypropylene,0.1080017607775932
C-WEU-CHE,polypropylene,2035,polypropylene,0.10803788032317356
C-WEU-CHE,polypropylene,2040,polypropylene,0.10797910622344116
C-WEU-CHE,polypropylene,2045,polypropylene,0.1079013516082562
C-WEU-CHE,polypropylene,2050,polypropylene,0.10786136614289736
C-WEU-CHE,polypropylene,2055,polypropylene,0.10787305809121128
C-WEU-CHE,polypropylene,2060,polypropylene,0.10787871911745628
C-WEU-CHE,polystyrene,2020,polystyrene,0.13271926723482974
C-WEU-CHE,polystyrene,2025,polystyrene,0.13260323886749856
C-WEU-CHE,polystyrene,2030,polystyrene,0.13250186153227944
C-WEU-CHE,polystyrene,2035,polystyrene,0.13253991337618748
C-WEU-CHE,polystyrene,2040,polystyrene,0.13247908208589784
C-WEU-CHE,polystyrene,2045,polystyrene,0.13239783435536925
C-WEU-CHE,polystyrene,2050,polystyrene,0.13235563015798635
C-WEU-CHE,polystyrene,2055,polystyrene,0.13236790922664565
C-WEU-CHE,polystyrene,2060,polystyrene,0.13237384846858033
C-WEU-CHE,steel,2020,steel,0.00567988998144854
C-WEU-CHE,steel,2030,steel,0.00562365031688151
C-WEU-CHE,steel,2040,steel,0.00561412509634526
C-WEU-CHE,steel,2050,steel,0.00558873493525379
C-WEU-CHE,steel,2060,steel,0.00559340905608848
C-WEU-CYP,acrylonitrile_butadiene_styrene,2020,acrylonitrile_butadiene_styrene,0.11653675878446776
C-WEU-CYP,acrylonitrile_butadiene_styrene,2025,acrylonitrile_butadiene_styrene,0.11642257453873768
C-WEU-CYP,acrylonitrile_butadiene_styrene,2030,acrylonitrile_butadiene_styrene,0.11632762060731516
C-WEU-CYP,acrylonitrile_butadiene_styrene,2035,acrylonitrile_butadiene_styrene,0.11636861255537807
C-WEU-CYP,acrylonitrile_butadiene_styrene,2040,acrylonitrile_butadiene_styrene,0.1163121960772038
C-WEU-CYP,acrylonitrile_butadiene_styrene,2045,acrylonitrile_butadiene_styrene,0.1162301535555764
C-WEU-CYP,acrylonitrile_butadiene_styrene,2050,acrylonitrile_butadiene_styrene,0.11618649625742224
C-WEU-CYP,acrylonitrile_butadiene_styrene,2055,acrylonitrile_butadiene_styrene,0.11619865679865118
C-WEU-CYP,acrylonitrile_butadiene_styrene,2060,acrylonitrile_butadiene_styrene,0.11620550723792553
C-WEU-CYP,aluminium,2020,aluminium,0.02646710430596959
C-WEU-CYP,aluminium,2030,aluminium,0.02486985478126414
C-WEU-CYP,aluminium,2040,aluminium,0.02485963591968476
C-WEU-CYP,aluminium,2050,aluminium,0.02402744827004263
C-WEU-CYP,aluminium,2060,aluminium,0.02423924828828888
C-WEU-CYP,bio-based_polypropylene,2020,polypropylene,0.1082103481299397
C-WEU-CYP,bio-based_polypropylene,2025,polypropylene,0.10809908302146684
C-WEU-CYP,bio-based_polypropylene,2030,polypropylene,0.1080017607775932
C-WEU-CYP,bio-based_polypropylene,2035,polypropylene,0.10803788032317356
C-WEU-CYP,bio-based_polypropylene,2040,polypropylene,0.10797910622344116
C-WEU-CYP,bio-based_polypropylene,2045,polypropylene,0.1079013516082562
C-WEU-CYP,bio-based_polypropylene,2050,polypropylene,0.10786136614289736
C-WEU-CYP,bio-based_polypropylene,2055,polypropylene,0.10787305809121128
C-WEU-CYP,bio-based_polypropylene,2060,polypropylene,0.10787871911745628
C-WEU-CYP,bio-based_polystyrene,2020,polystyrene,0.13271926723482974
C-WEU-CYP,bio-based_polystyrene,2025,polystyrene,0.13260323886749856
C-WEU-CYP,bio-based_polystyrene,2030,polystyrene,0.13250186153227944
C-WEU-CYP,bio-based_polystyrene,2035,polystyrene,0.13253991337618748
C-WEU-CYP,bio-based_polystyrene,2040,polystyrene,0.13247908208589784
C-WEU-CYP,bio-based_polystyrene,2045,polystyrene,0.13239783435536925
C-WEU-CYP,bio-based_polystyrene,2050,polystyrene,0.13235563015798635
C-WEU-CYP,bio-based_polystyrene,2055,polystyrene,0.13236790922664565
C-WEU-CYP,bio-based_polystyrene,2060,polystyrene,0.13237384846858033
C-WEU-CYP,concrete,2020,concrete,0.00567988998144854
C-WEU-CYP,concrete,2030,concrete,0.00562365031688157
C-WEU-CYP,concrete,2040,concrete,0.00561412509634526
C-WEU-CYP,concrete,2050,concrete,0.00558873493525347
C-WEU-CYP,concrete,2060,concrete,0.00559340905608848
C-WEU-CYP,copper,2020,copper,0.00567988998144854
C-WEU-CYP,copper,2030,copper,0.00562365031688151
C-WEU-CYP,copper,2040,copper,0.00561412509634526
C-WEU-CYP,copper,2050,copper,0.00558873493525379
C-WEU-CYP,copper,2060,copper,0.00559340905608848
C-WEU-CYP,glass,2020,glass,0.00558865243574116
C-WEU-CYP,glass,2030,glass,0.00558879165417781
C-WEU-CYP,glass,2040,glass,0.00555711452131706
C-WEU-CYP,glass,2050,glass,0.00555317922246935
C-WEU-CYP,glass,2060,glass,0.00556226476746677
C-WEU-CYP,other_plastics,2020,plastic_mixture,0.1002192453096137
C-WEU-CYP,other_plastics,2025,plastic_mixture,0.10008743855971196
C-WEU-CYP,other_plastics,2030,plastic_mixture,0.09997260865603814
C-WEU-CYP,other_plastics,2035,plastic_mixture,0.10001704545305608
C-WEU-CYP,other_plastics,2040,plastic_mixture,0.09994938482014253
C-WEU-CYP,other_plastics,2045,plastic_mixture,0.09985653634337044
C-WEU-CYP,other_plastics,2050,plastic_mixture,0.09980693445285688
C-WEU-CYP,other_plastics,2055,plastic_mixture,0.0998211587312681
C-WEU-CYP,other_plastics,2060,plastic_mixture,0.09982801377885468
C-WEU-CYP,polypropylene,2020,polypropylene,0.1082103481299397
C-WEU-CYP,polypropylene,2025,polypropylene,0.10809908302146684
C-WEU-CYP,polypropylene,2030,polypropylene,0.1080017607775932
C-WEU-CYP,polypropylene,2035,polypropylene,0.10803788032317356
C-WEU-CYP,polypropylene,2040,polypropylene,0.10797910622344116
C-WEU-CYP,polypropylene,2045,polypropylene,0.1079013516082562
C-WEU-CYP,polypropylene,2050,polypropylene,0.10786136614289736
C-WEU-CYP,polypropylene,2055,polypropylene,0.10787305809121128
C-WEU-CYP,polypropylene,2060,polypropylene,0.10787871911745628
C-WEU-CYP,polystyrene,2020,polystyrene,0.13271926723482974
C-WEU-CYP,polystyrene,2025,polystyrene,0.13260323886749856
C-WEU-CYP,polystyrene,2030,polystyrene,0.13250186153227944
C-WEU-CYP,polystyrene,2035,polystyrene,0.13253991337618748
C-WEU-CYP,polystyrene,2040,polystyrene,0.13247908208589784
C-WEU-CYP,polystyrene,2045,polystyrene,0.13239783435536925
C-WEU-CYP,polystyrene,2050,polystyrene,0.13235563015798635
C-WEU-CYP,polystyrene,2055,polystyrene,0.13236790922664565
C-WEU-CYP,polystyrene,2060,polystyrene,0.13237384846858033
C-WEU-CYP,steel,2020,steel,0.00567988998144854
C-WEU-CYP,steel,2030,steel,0.00562365031688151
C-WEU-CYP,steel,2040,steel,0.00561412509634526
C-WEU-CYP,steel,2050,steel,0.00558873493525379
C-WEU-CYP,steel,2060,steel,0.00559340905608848
C-WEU-DEU,acrylonitrile_butadiene_styrene,2020,acrylonitrile_butadiene_styrene,0.11653675878446776
C-WEU-DEU,acrylonitrile_butadiene_styrene,2025,acrylonitrile_butadiene_styrene,0.11642257453873768
C-WEU-DEU,acrylonitrile_butadiene_styrene,2030,acrylonitrile_butadiene_styrene,0.11632762060731516
C-WEU-DEU,acrylonitrile_butadiene_styrene,2035,acrylonitrile_butadiene_styrene,0.11636861255537807
C-WEU-DEU,acrylonitrile_butadiene_styrene,2040,acrylonitrile_butadiene_styrene,0.1163121960772038
C-WEU-DEU,acrylonitrile_butadiene_styrene,2045,acrylonitrile_butadiene_styrene,0.1162301535555764
C-WEU-DEU,acrylonitrile_butadiene_styrene,2050,acrylonitrile_butadiene_styrene,0.11618649625742224
C-WEU-DEU,acrylonitrile_butadiene_styrene,2055,acrylonitrile_butadiene_styrene,0.11619865679865118
C-WEU-DEU,acrylonitrile_butadiene_styrene,2060,acrylonitrile_butadiene_styrene,0.11620550723792553
C-WEU-DEU,aluminium,2020,aluminium,0.02646710430596959
C-WEU-DEU,aluminium,2030,aluminium,0.02486985478126414
C-WEU-DEU,aluminium,2040,aluminium,0.02485963591968476
C-WEU-DEU,aluminium,2050,aluminium,0.02402744827004263
C-WEU-DEU,aluminium,2060,aluminium,0.02423924828828888
C-WEU-DEU,bio-based_polypropylene,2020,polypropylene,0.1082103481299397
C-WEU-DEU,bio-based_polypropylene,2025,polypropylene,0.10809908302146684
C-WEU-DEU,bio-based_polypropylene,2030,polypropylene,0.1080017607775932
C-WEU-DEU,bio-based_polypropylene,2035,polypropylene,0.10803788032317356
C-WEU-DEU,bio-based_polypropylene,2040,polypropylene,0.10797910622344116
C-WEU-DEU,bio-based_polypropylene,2045,polypropylene,0.1079013516082562
C-WEU-DEU,bio-based_polypropylene,2050,polypropylene,0.10786136614289736
C-WEU-DEU,bio-based_polypropylene,2055,polypropylene,0.10787305809121128
C-WEU-DEU,bio-based_polypropylene,2060,polypropylene,0.10787871911745628
C-WEU-DEU,bio-based_polystyrene,2020,polystyrene,0.13271926723482974
C-WEU-DEU,bio-based_polystyrene,2025,polystyrene,0.13260323886749856
C-WEU-DEU,bio-based_polystyrene,2030,polystyrene,0.13250186153227944
C-WEU-DEU,bio-based_polystyrene,2035,polystyrene,0.13253991337618748
C-WEU-DEU,bio-based_polystyrene,2040,polystyrene,0.13247908208589784
C-WEU-DEU,bio-based_polystyrene,2045,polystyrene,0.13239783435536925
C-WEU-DEU,bio-based_polystyrene,2050,polystyrene,0.13235563015798635
C-WEU-DEU,bio-based_polystyrene,2055,polystyrene,0.13236790922664565
C-WEU-DEU,bio-based_polystyrene,2060,polystyrene,0.13237384846858033
C-WEU-DEU,concrete,2020,concrete,0.00567988998144854
C-WEU-DEU,concrete,2030,concrete,0.00562365031688157
C-WEU-DEU,concrete,2040,concrete,0.00561412509634526
C-WEU-DEU,concrete,2050,concrete,0.00558873493525347
C-WEU-DEU,concrete,2060,concrete,0.00559340905608848
C-WEU-DEU,copper,2020,copper,0.00567988998144854
C-WEU-DEU,copper,2030,copper,0.00562365031688151
C-WEU-DEU,copper,2040,copper,0.00561412509634526
C-WEU-DEU,copper,2050,copper,0.00558873493525379
C-WEU-DEU,copper,2060,copper,0.00559340905608848
C-WEU-DEU,glass,2020,glass,0.00558865243574116
C-WEU-DEU,glass,2030,glass,0.00558879165417781
C-WEU-DEU,glass,2040,glass,0.00555711452131706
C-WEU-DEU,glass,2050,glass,0.00555317922246935
C-WEU-DEU,glass,2060,glass,0.00556226476746677
C-WEU-DEU,other_plastics,2020,plastic_mixture,0.1002192453096137
C-WEU-DEU,other_plastics,2025,plastic_mixture,0.10008743855971196
C-WEU-DEU,other_plastics,2030,plastic_mixture,0.09997260865603814
C-WEU-DEU,other_plastics,2035,plastic_mixture,0.10001704545305608
C-WEU-DEU,other_plastics,2040,plastic_mixture,0.09994938482014253
C-WEU-DEU,other_plastics,2045,plastic_mixture,0.09985653634337044
C-WEU-DEU,other_plastics,2050,plastic_mixture,0.09980693445285688
C-WEU-DEU,other_plastics,2055,plastic_mixture,0.0998211587312681
C-WEU-DEU,other_plastics,2060,plastic_mixture,0.09982801377885468
C-WEU-DEU,polypropylene,2020,polypropylene,0.1082103481299397
C-WEU-DEU,polypropylene,2025,polypropylene,0.10809908302146684
C-WEU-DEU,polypropylene,2030,polypropylene,0.1080017607775932
C-WEU-DEU,polypropylene,2035,polypropylene,0.10803788032317356
C-WEU-DEU,polypropylene,2040,polypropylene,0.10797910622344116
C-WEU-DEU,polypropylene,2045,polypropylene,0.1079013516082562
C-WEU-DEU,polypropylene,2050,polypropylene,0.10786136614289736
C-WEU-DEU,polypropylene,2055,polypropylene,0.10787305809121128
C-WEU-DEU,polypropylene,2060,polypropylene,0.10787871911745628
C-WEU-DEU,polystyrene,2020,polystyrene,0.13271926723482974
C-WEU-DEU,polystyrene,2025,polystyrene,0.13260323886749856
C-WEU-DEU,polystyrene,2030,polystyrene,0.13250186153227944
C-WEU-DEU,polystyrene,2035,polystyrene,0.13253991337618748
C-WEU-DEU,polystyrene,2040,polystyrene,0.13247908208589784
C-WEU-DEU,polystyrene,2045,polystyrene,0.13239783435536925
C-WEU-DEU,polystyrene,2050,polystyrene,0.13235563015798635
C-WEU-DEU,polystyrene,2055,polystyrene,0.13236790922664565
C-WEU-DEU,polystyrene,2060,polystyrene,0.13237384846858033
C-WEU-DEU,steel,2020,steel,0.00567988998144854
C-WEU-DEU,steel,2030,steel,0.00562365031688151
C-WEU-DEU,steel,2040,steel,0.00561412509634526
C-WEU-DEU,steel,2050,steel,0.00558873493525379
C-WEU-DEU,steel,2060,steel,0.00559340905608848
C-WEU-DNK,acrylonitrile_butadiene_styrene,2020,acrylonitrile_butadiene_styrene,0.11653675878446776
C-WEU-DNK,acrylonitrile_butadiene_styrene,2025,acrylonitrile_butadiene_styrene,0.11642257453873768
C-WEU-DNK,acrylonitrile_butadiene_styrene,2030,acrylonitrile_butadiene_styrene,0.11632762060731516
C-WEU-DNK,acrylonitrile_butadiene_styrene,2035,acrylonitrile_butadiene_styrene,0.11636861255537807
C-WEU-DNK,acrylonitrile_butadiene_styrene,2040,acrylonitrile_butadiene_styrene,0.1163121960772038
C-WEU-DNK,acrylonitrile_butadiene_styrene,2045,acrylonitrile_butadiene_styrene,0.1162301535555764
C-WEU-DNK,acrylonitrile_butadiene_styrene,2050,acrylonitrile_butadiene_styrene,0.11618649625742224
C-WEU-DNK,acrylonitrile_butadiene_styrene,2055,acrylonitrile_butadiene_styrene,0.11619865679865118
C-WEU-DNK,acrylonitrile_butadiene_styrene,2060,acrylonitrile_butadiene_styrene,0.11620550723792553
C-WEU-DNK,aluminium,2020,aluminium,0.02646710430596959
C-WEU-DNK,aluminium,2030,aluminium,0.02486985478126414
C-WEU-DNK,aluminium,2040,aluminium,0.02485963591968476
C-WEU-DNK,aluminium,2050,aluminium,0.02402744827004263
C-WEU-DNK,aluminium,2060,aluminium,0.02423924828828888
C-WEU-DNK,bio-based_polypropylene,2020,polypropylene,0.1082103481299397
C-WEU-DNK,bio-based_polypropylene,2025,polypropylene,0.10809908302146684
C-WEU-DNK,bio-based_polypropylene,2030,polypropylene,0.1080017607775932
C-WEU-DNK,bio-based_polypropylene,2035,polypropylene,0.10803788032317356
C-WEU-DNK,bio-based_polypropylene,2040,polypropylene,0.10797910622344116
C-WEU-DNK,bio-based_polypropylene,2045,polypropylene,0.1079013516082562
C-WEU-DNK,bio-based_polypropylene,2050,polypropylene,0.10786136614289736
C-WEU-DNK,bio-based_polypropylene,2055,polypropylene,0.10787305809121128
C-WEU-DNK,bio-based_polypropylene,2060,polypropylene,0.10787871911745628
C-WEU-DNK,bio-based_polystyrene,2020,polystyrene,0.13271926723482974
C-WEU-DNK,bio-based_polystyrene,2025,polystyrene,0.13260323886749856
C-WEU-DNK,bio-based_polystyrene,2030,polystyrene,0.13250186153227944
C-WEU-DNK,bio-based_polystyrene,2035,polystyrene,0.13253991337618748
C-WEU-DNK,bio-based_polystyrene,2040,polystyrene,0.13247908208589784
C-WEU-DNK,bio-based_polystyrene,2045,polystyrene,0.13239783435536925
C-WEU-DNK,bio-based_polystyrene,2050,polystyrene,0.13235563015798635
C-WEU-DNK,bio-based_polystyrene,2055,polystyrene,0.13236790922664565
C-WEU-DNK,bio-based_polystyrene,2060,polystyrene,0.13237384846858033
C-WEU-DNK,concrete,2020,concrete,0.00567988998144854
C-WEU-DNK,concrete,2030,concrete,0.00562365031688157
C-WEU-DNK,concrete,2040,concrete,0.00561412509634526
C-WEU-DNK,concrete,2050,concrete,0.00558873493525347
C-WEU-DNK,concrete,2060,concrete,0.00559340905608848
C-WEU-DNK,copper,2020,copper,0.00567988998144854
C-WEU-DNK,copper,2030,copper,0.00562365031688151
C-WEU-DNK,copper,2040,copper,0.00561412509634526
C-WEU-DNK,copper,2050,copper,0.00558873493525379
C-WEU-DNK,copper,2060,copper,0.00559340905608848
C-WEU-DNK,glass,2020,glass,0.00558865243574116
C-WEU-DNK,glass,2030,glass,0.00558879165417781
C-WEU-DNK,glass,2040,glass,0.00555711452131706
C-WEU-DNK,glass,2050,glass,0.00555317922246935
C-WEU-DNK,glass,2060,glass,0.00556226476746677
C-WEU-DNK,other_plastics,2020,plastic_mixture,0.1002192453096137
C-WEU-DNK,other_plastics,2025,plastic_mixture,0.10008743855971196
C-WEU-DNK,other_plastics,2030,plastic_mixture,0.09997260865603814
C-WEU-DNK,other_plastics,2035,plastic_mixture,0.10001704545305608
C-WEU-DNK,other_plastics,2040,plastic_mixture,0.09994938482014253
C-WEU-DNK,other_plastics,2045,plastic_mixture,0.09985653634337044
C-WEU-DNK,other_plastics,2050,plastic_mixture,0.09980693445285688
C-WEU-DNK,other_plastics,2055,plastic_mixture,0.0998211587312681
C-WEU-DNK,other_plastics,2060,plastic_mixture,0.09982801377885468
C-WEU-DNK,polypropylene,2020,polypropylene,0.1082103481299397
C-WEU-DNK,polypropylene,2025,polypropylene,0.10809908302146684
C-WEU-DNK,polypropylene,2030,polypropylene,0.1080017607775932
C-WEU-DNK,polypropylene,2035,polypropylene,0.10803788032317356
C-WEU-DNK,polypropylene,2040,polypropylene,0.10797910622344116
C-WEU-DNK,polypropylene,2045,polypropylene,0.1079013516082562
C-WEU-DNK,polypropylene,2050,polypropylene,0.10786136614289736
C-WEU-DNK,polypropylene,2055,polypropylene,0.10787305809121128
C-WEU-DNK,polypropylene,2060,polypropylene,0.10787871911745628
C-WEU-DNK,polystyrene,2020,polystyrene,0.13271926723482974
C-WEU-DNK,polystyrene,2025,polystyrene,0.13260323886749856
C-WEU-DNK,polystyrene,2030,polystyrene,0.13250186153227944
C-WEU-DNK,polystyrene,2035,polystyrene,0.13253991337618748
C-WEU-DNK,polystyrene,2040,polystyrene,0.13247908208589784
C-WEU-DNK,polystyrene,2045,polystyrene,0.13239783435536925
C-WEU-DNK,polystyrene,2050,polystyrene,0.13235563015798635
C-WEU-DNK,polystyrene,2055,polystyrene,0.13236790922664565
C-WEU-DNK,polystyrene,2060,polystyrene,0.13237384846858033
C-WEU-DNK,steel,2020,steel,0.00567988998144854
C-WEU-DNK,steel,2030,steel,0.00562365031688151
C-WEU-DNK,steel,2040,steel,0.00561412509634526
C-WEU-DNK,steel,2050,steel,0.00558873493525379
C-WEU-DNK,steel,2060,steel,0.00559340905608848
C-WEU-ESP,acrylonitrile_butadiene_styrene,2020,acrylonitrile_butadiene_styrene,0.11653675878446776
C-WEU-ESP,acrylonitrile_butadiene_styrene,2025,acrylonitrile_butadiene_styrene,0.11642257453873768
C-WEU-ESP,acrylonitrile_butadiene_styrene,2030,acrylonitrile_butadiene_styrene,0.11632762060731516
C-WEU-ESP,acrylonitrile_butadiene_styrene,2035,acrylonitrile_butadiene_styrene,0.11636861255537807
C-WEU-ESP,acrylonitrile_butadiene_styrene,2040,acrylonitrile_butadiene_styrene,0.1163121960772038
C-WEU-ESP,acrylonitrile_butadiene_styrene,2045,acrylonitrile_butadiene_styrene,0.1162301535555764
C-WEU-ESP,acrylonitrile_butadiene_styrene,2050,acrylonitrile_butadiene_styrene,0.11618649625742224
C-WEU-ESP,acrylonitrile_butadiene_styrene,2055,acrylonitrile_butadiene_styrene,0.11619865679865118
C-WEU-ESP,acrylonitrile_butadiene_styrene,2060,acrylonitrile_butadiene_styrene,0.11620550723792553
C-WEU-ESP,aluminium,2020,aluminium,0.02646710430596959
C-WEU-ESP,aluminium,2030,aluminium,0.02486985478126414
C-WEU-ESP,aluminium,2040,aluminium,0.02485963591968476
C-WEU-ESP,aluminium,2050,aluminium,0.02402744827004263
C-WEU-ESP,aluminium,2060,aluminium,0.02423924828828888
C-WEU-ESP,bio-based_polypropylene,2020,polypropylene,0.1082103481299397
C-WEU-ESP,bio-based_polypropylene,2025,polypropylene,0.10809908302146684
C-WEU-ESP,bio-based_polypropylene,2030,polypropylene,0.1080017607775932
C-WEU-ESP,bio-based_polypropylene,2035,polypropylene,0.10803788032317356
C-WEU-ESP,bio-based_polypropylene,2040,polypropylene,0.10797910622344116
C-WEU-ESP,bio-based_polypropylene,2045,polypropylene,0.1079013516082562
C-WEU-ESP,bio-based_polypropylene,2050,polypropylene,0.10786136614289736
C-WEU-ESP,bio-based_polypropylene,2055,polypropylene,0.10787305809121128
C-WEU-ESP,bio-based_polypropylene,2060,polypropylene,0.10787871911745628
C-WEU-ESP,bio-based_polystyrene,2020,polystyrene,0.13271926723482974
C-WEU-ESP,bio-based_polystyrene,2025,polystyrene,0.13260323886749856
C-WEU-ESP,bio-based_polystyrene,2030,polystyrene,0.13250186153227944
C-WEU-ESP,bio-based_polystyrene,2035,polystyrene,0.13253991337618748
C-WEU-ESP,bio-based_polystyrene,2040,polystyrene,0.13247908208589784
C-WEU-ESP,bio-based_polystyrene,2045,polystyrene,0.13239783435536925
C-WEU-ESP,bio-based_polystyrene,2050,polystyrene,0.13235563015798635
C-WEU-ESP,bio-based_polystyrene,2055,polystyrene,0.13236790922664565
C-WEU-ESP,bio-based_polystyrene,2060,polystyrene,0.13237384846858033
C-WEU-ESP,concrete,2020,concrete,0.00567988998144854
C-WEU-ESP,concrete,2030,concrete,0.00562365031688157
C-WEU-ESP,concrete,2040,concrete,0.00561412509634526
C-WEU-ESP,concrete,2050,concrete,0.00558873493525347
C-WEU-ESP,concrete,2060,concrete,0.00559340905608848
C-WEU-ESP,copper,2020,copper,0.00567988998144854
C-WEU-ESP,copper,2030,copper,0.00562365031688151
C-WEU-ESP,copper,2040,copper,0.00561412509634526
C-WEU-ESP,copper,2050,copper,0.00558873493525379
C-WEU-ESP,copper,2060,copper,0.00559340905608848
C-WEU-ESP,glass,2020,glass,0.00558865243574116
C-WEU-ESP,glass,2030,glass,0.00558879165417781
C-WEU-ESP,glass,2040,glass,0.00555711452131706
C-WEU-ESP,glass,2050,glass,0.00555317922246935
C-WEU-ESP,glass,2060,glass,0.00556226476746677
C-WEU-ESP,other_plastics,2020,plastic_mixture,0.1002192453096137
C-WEU-ESP,other_plastics,2025,plastic_mixture,0.10008743855971196
C-WEU-ESP,other_plastics,2030,plastic_mixture,0.09997260865603814
C-WEU-ESP,other_plastics,2035,plastic_mixture,0.10001704545305608
C-WEU-ESP,other_plastics,2040,plastic_mixture,0.09994938482014253
C-WEU-ESP,other_plastics,2045,plastic_mixture,0.09985653634337044
C-WEU-ESP,other_plastics,2050,plastic_mixture,0.09980693445285688
C-WEU-ESP,other_plastics,2055,plastic_mixture,0.0998211587312681
C-WEU-ESP,other_plastics,2060,plastic_mixture,0.09982801377885468
C-WEU-ESP,polypropylene,2020,polypropylene,0.1082103481299397
C-WEU-ESP,polypropylene,2025,polypropylene,0.10809908302146684
C-WEU-ESP,polypropylene,2030,polypropylene,0.1080017607775932
C-WEU-ESP,polypropylene,2035,polypropylene,0.10803788032317356
C-WEU-ESP,polypropylene,2040,polypropylene,0.10797910622344116
C-WEU-ESP,polypropylene,2045,polypropylene,0.1079013516082562
C-WEU-ESP,polypropylene,2050,polypropylene,0.10786136614289736
C-WEU-ESP,polypropylene,2055,polypropylene,0.10787305809121128
C-WEU-ESP,polypropylene,2060,polypropylene,0.10787871911745628
C-WEU-ESP,polystyrene,2020,polystyrene,0.13271926723482974
C-WEU-ESP,polystyrene,2025,polystyrene,0.13260323886749856
C-WEU-ESP,polystyrene,2030,polystyrene,0.13250186153227944
C-WEU-ESP,polystyrene,2035,polystyrene,0.13253991337618748
C-WEU-ESP,polystyrene,2040,polystyrene,0.13247908208589784
C-WEU-ESP,polystyrene,2045,polystyrene,0.13239783435536925
C-WEU-ESP,polystyrene,2050,polystyrene,0.13235563015798635
C-WEU-ESP,polystyrene,2055,polystyrene,0.13236790922664565
C-WEU-ESP,polystyrene,2060,polystyrene,0.13237384846858033
C-WEU-ESP,steel,2020,steel,0.00567988998144854
C-WEU-ESP,steel,2030,steel,0.00562365031688151
C-WEU-ESP,steel,2040,steel,0.00561412509634526
C-WEU-ESP,steel,2050,steel,0.00558873493525379
C-WEU-ESP,steel,2060,steel,0.00559340905608848
C-WEU-FIN,acrylonitrile_butadiene_styrene,2020,acrylonitrile_butadiene_styrene,0.11653675878446776
C-WEU-FIN,acrylonitrile_butadiene_styrene,2025,acrylonitrile_butadiene_styrene,0.11642257453873768
C-WEU-FIN,acrylonitrile_butadiene_styrene,2030,acrylonitrile_butadiene_styrene,0.11632762060731516
C-WEU-FIN,acrylonitrile_butadiene_styrene,2035,acrylonitrile_butadiene_styrene,0.11636861255537807
C-WEU-FIN,acrylonitrile_butadiene_styrene,2040,acrylonitrile_butadiene_styrene,0.1163121960772038
C-WEU-FIN,acrylonitrile_butadiene_styrene,2045,acrylonitrile_butadiene_styrene,0.1162301535555764
C-WEU-FIN,acrylonitrile_butadiene_styrene,2050,acrylonitrile_butadiene_styrene,0.11618649625742224
C-WEU-FIN,acrylonitrile_butadiene_styrene,2055,acrylonitrile_butadiene_styrene,0.11619865679865118
C-WEU-FIN,acrylonitrile_butadiene_styrene,2060,acrylonitrile_butadiene_styrene,0.11620550723792553
C-WEU-FIN,aluminium,2020,aluminium,0.02646710430596959
C-WEU-FIN,aluminium,2030,aluminium,0.02486985478126414
C-WEU-FIN,aluminium,2040,aluminium,0.02485963591968476
C-WEU-FIN,aluminium,2050,aluminium,0.02402744827004263
C-WEU-FIN,aluminium,2060,aluminium,0.02423924828828888
C-WEU-FIN,bio-based_polypropylene,2020,polypropylene,0.1082103481299397
C-WEU-FIN,bio-based_polypropylene,2025,polypropylene,0.10809908302146684
C-WEU-FIN,bio-based_polypropylene,2030,polypropylene,0.1080017607775932
C-WEU-FIN,bio-based_polypropylene,2035,polypropylene,0.10803788032317356
C-WEU-FIN,bio-based_polypropylene,2040,polypropylene,0.10797910622344116
C-WEU-FIN,bio-based_polypropylene,2045,polypropylene,0.1079013516082562
C-WEU-FIN,bio-based_polypropylene,2050,polypropylene,0.10786136614289736
C-WEU-FIN,bio-based_polypropylene,2055,polypropylene,0.10787305809121128
C-WEU-FIN,bio-based_polypropylene,2060,polypropylene,0.10787871911745628
C-WEU-FIN,bio-based_polystyrene,2020,polystyrene,0.13271926723482974
C-WEU-FIN,bio-based_polystyrene,2025,polystyrene,0.13260323886749856
C-WEU-FIN,bio-based_polystyrene,2030,polystyrene,0.13250186153227944
C-WEU-FIN,bio-based_polystyrene,2035,polystyrene,0.13253991337618748
C-WEU-FIN,bio-based_polystyrene,2040,polystyrene,0.13247908208589784
C-WEU-FIN,bio-based_polystyrene,2045,polystyrene,0.13239783435536925
C-WEU-FIN,bio-based_polystyrene,2050,polystyrene,0.13235563015798635
C-WEU-FIN,bio-based_polystyrene,2055,polystyrene,0.13236790922664565
C-WEU-FIN,bio-based_polystyrene,2060,polystyrene,0.13237384846858033
C-WEU-FIN,concrete,2020,concrete,0.00567988998144854
C-WEU-FIN,concrete,2030,concrete,0.00562365031688157
C-WEU-FIN,concrete,2040,concrete,0.00561412509634526
C-WEU-FIN,concrete,2050,concrete,0.00558873493525347
C-WEU-FIN,concrete,2060,concrete,0.00559340905608848
C-WEU-FIN,copper,2020,copper,0.00567988998144854
C-WEU-FIN,copper,2030,copper,0.00562365031688151
C-WEU-FIN,copper,2040,copper,0.00561412509634526
C-WEU-FIN,copper,2050,copper,0.00558873493525379
C-WEU-FIN,copper,2060,copper,0.00559340905608848
C-WEU-FIN,glass,2020,glass,0.00558865243574116
C-WEU-FIN,glass,2030,glass,0.00558879165417781
C-WEU-FIN,glass,2040,glass,0.00555711452131706
C-WEU-FIN,glass,2050,glass,0.00555317922246935
C-WEU-FIN,glass,2060,glass,0.00556226476746677
C-WEU-FIN,other_plastics,2020,plastic_mixture,0.1002192453096137
C-WEU-FIN,other_plastics,2025,plastic_mixture,0.10008743855971196
C-WEU-FIN,other_plastics,2030,plastic_mixture,0.09997260865603814
C-WEU-FIN,other_plastics,2035,plastic_mixture,0.10001704545305608
C-WEU-FIN,other_plastics,2040,plastic_mixture,0.09994938482014253
C-WEU-FIN,other_plastics,2045,plastic_mixture,0.09985653634337044
C-WEU-FIN,other_plastics,2050,plastic_mixture,0.09980693445285688
C-WEU-FIN,other_plastics,2055,plastic_mixture,0.0998211587312681
C-WEU-FIN,other_plastics,2060,plastic_mixture,0.09982801377885468
C-WEU-FIN,polypropylene,2020,polypropylene,0.1082103481299397
C-WEU-FIN,polypropylene,2025,polypropylene,0.10809908302146684
C-WEU-FIN,polypropylene,2030,polypropylene,0.1080017607775932
C-WEU-FIN,polypropylene,2035,polypropylene,0.10803788032317356
C-WEU-FIN,polypropylene,2040,polypropylene,0.10797910622344116
C-WEU-FIN,polypropylene,2045,polypropylene,0.1079013516082562
C-WEU-FIN,polypropylene,2050,polypropylene,0.10786136614289736
C-WEU-FIN,polypropylene,2055,polypropylene,0.10787305809121128
C-WEU-FIN,polypropylene,2060,polypropylene,0.10787871911745628
C-WEU-FIN,polystyrene,2020,polystyrene,0.13271926723482974
C-WEU-FIN,polystyrene,2025,polystyrene,0.13260323886749856
C-WEU-FIN,polystyrene,2030,polystyrene,0.13250186153227944
C-WEU-FIN,polystyrene,2035,polystyrene,0.13253991337618748
C-WEU-FIN,polystyrene,2040,polystyrene,0.13247908208589784
C-WEU-FIN,polystyrene,2045,polystyrene,0.13239783435536925
C-WEU-FIN,polystyrene,2050,polystyrene,0.13235563015798635
C-WEU-FIN,polystyrene,2055,polystyrene,0.13236790922664565
C-WEU-FIN,polystyrene,2060,polystyrene,0.13237384846858033
C-WEU-FIN,steel,2020,steel,0.00567988998144854
C-WEU-FIN,steel,2030,steel,0.00562365031688151
C-WEU-FIN,steel,2040,steel,0.00561412509634526
C-WEU-FIN,steel,2050,steel,0.00558873493525379
C-WEU-FIN,steel,2060,steel,0.00559340905608848
C-WEU-FRA,acrylonitrile_butadiene_styrene,2020,acrylonitrile_butadiene_styrene,0.11653675878446776
C-WEU-FRA,acrylonitrile_butadiene_styrene,2025,acrylonitrile_butadiene_styrene,0.11642257453873768
C-WEU-FRA,acrylonitrile_butadiene_styrene,2030,acrylonitrile_butadiene_styrene,0.11632762060731516
C-WEU-FRA,acrylonitrile_butadiene_styrene,2035,acrylonitrile_butadiene_styrene,0.11636861255537807
C-WEU-FRA,acrylonitrile_butadiene_styrene,2040,acrylonitrile_butadiene_styrene,0.1163121960772038
C-WEU-FRA,acrylonitrile_butadiene_styrene,2045,acrylonitrile_butadiene_styrene,0.1162301535555764
C-WEU-FRA,acrylonitrile_butadiene_styrene,2050,acrylonitrile_butadiene_styrene,0.11618649625742224
C-WEU-FRA,acrylonitrile_butadiene_styrene,2055,acrylonitrile_butadiene_styrene,0.11619865679865118
C-WEU-FRA,acrylonitrile_butadiene_styrene,2060,acrylonitrile_butadiene_styrene,0.11620550723792553
C-WEU-FRA,aluminium,2020,aluminium,0.02646710430596959
C-WEU-FRA,aluminium,2030,aluminium,0.02486985478126414
C-WEU-FRA,aluminium,2040,aluminium,0.02485963591968476
C-WEU-FRA,aluminium,2050,aluminium,0.02402744827004263
C-WEU-FRA,aluminium,2060,aluminium,0.02423924828828888
C-WEU-FRA,bio-based_polypropylene,2020,polypropylene,0.1082103481299397
C-WEU-FRA,bio-based_polypropylene,2025,polypropylene,0.10809908302146684
C-WEU-FRA,bio-based_polypropylene,2030,polypropylene,0.1080017607775932
C-WEU-FRA,bio-based_polypropylene,2035,polypropylene,0.10803788032317356
C-WEU-FRA,bio-based_polypropylene,2040,polypropylene,0.10797910622344116
C-WEU-FRA,bio-based_polypropylene,2045,polypropylene,0.1079013516082562
C-WEU-FRA,bio-based_polypropylene,2050,polypropylene,0.10786136614289736
C-WEU-FRA,bio-based_polypropylene,2055,polypropylene,0.10787305809121128
C-WEU-FRA,bio-based_polypropylene,2060,polypropylene,0.10787871911745628
C-WEU-FRA,bio-based_polystyrene,2020,polystyrene,0.13271926723482974
C-WEU-FRA,bio-based_polystyrene,2025,polystyrene,0.13260323886749856
C-WEU-FRA,bio-based_polystyrene,2030,polystyrene,0.13250186153227944
C-WEU-FRA,bio-based_polystyrene,2035,polystyrene,0.13253991337618748
C-WEU-FRA,bio-based_polystyrene,2040,polystyrene,0.13247908208589784
C-WEU-FRA,bio-based_polystyrene,2045,polystyrene,0.13239783435536925
C-WEU-FRA,bio-based_polystyrene,2050,polystyrene,0.13235563015798635
C-WEU-FRA,bio-based_polystyrene,2055,polystyrene,0.13236790922664565
C-WEU-FRA,bio-based_polystyrene,2060,polystyrene,0.13237384846858033
C-WEU-FRA,concrete,2020,concrete,0.00567988998144854
C-WEU-FRA,concrete,2030,concrete,0.00562365031688157
C-WEU-FRA,concrete,2040,concrete,0.00561412509634526
C-WEU-FRA,concrete,2050,concrete,0.00558873493525347
C-WEU-FRA,concrete,2060,concrete,0.00559340905608848
C-WEU-FRA,copper,2020,copper,0.00567988998144854
C-WEU-FRA,copper,2030,copper,0.00562365031688151
C-WEU-FRA,copper,2040,copper,0.00561412509634526
C-WEU-FRA,copper,2050,copper,0.00558873493525379
C-WEU-FRA,copper,2060,copper,0.00559340905608848
C-WEU-FRA,glass,2020,glass,0.00558865243574116
C-WEU-FRA,glass,2030,glass,0.00558879165417781
C-WEU-FRA,glass,2040,glass,0.00555711452131706
C-WEU-FRA,glass,2050,glass,0.00555317922246935
C-WEU-FRA,glass,2060,glass,0.00556226476746677
C-WEU-FRA,other_plastics,2020,plastic_mixture,0.1002192453096137
C-WEU-FRA,other_plastics,2025,plastic_mixture,0.10008743855971196
C-WEU-FRA,other_plastics,2030,plastic_mixture,0.09997260865603814
C-WEU-FRA,other_plastics,2035,plastic_mixture,0.10001704545305608
C-WEU-FRA,other_plastics,2040,plastic_mixture,0.09994938482014253
C-WEU-FRA,other_plastics,2045,plastic_mixture,0.09985653634337044
C-WEU-FRA,other_plastics,2050,plastic_mixture,0.09980693445285688
C-WEU-FRA,other_plastics,2055,plastic_mixture,0.0998211587312681
C-WEU-FRA,other_plastics,2060,plastic_mixture,0.09982801377885468
C-WEU-FRA,polypropylene,2020,polypropylene,0.1082103481299397
C-WEU-FRA,polypropylene,2025,polypropylene,0.10809908302146684
C-WEU-FRA,polypropylene,2030,polypropylene,0.1080017607775932
C-WEU-FRA,polypropylene,2035,polypropylene,0.10803788032317356
C-WEU-FRA,polypropylene,2040,polypropylene,0.10797910622344116
C-WEU-FRA,polypropylene,2045,polypropylene,0.1079013516082562
C-WEU-FRA,polypropylene,2050,polypropylene,0.10786136614289736
C-WEU-FRA,polypropylene,2055,polypropylene,0.10787305809121128
C-WEU-FRA,polypropylene,2060,polypropylene,0.10787871911745628
C-WEU-FRA,polystyrene,2020,polystyrene,0.13271926723482974
C-WEU-FRA,polystyrene,2025,polystyrene,0.13260323886749856
C-WEU-FRA,polystyrene,2030,polystyrene,0.13250186153227944
C-WEU-FRA,polystyrene,2035,polystyrene,0.13253991337618748
C-WEU-FRA,polystyrene,2040,polystyrene,0.13247908208589784
C-WEU-FRA,polystyrene,2045,polystyrene,0.13239783435536925
C-WEU-FRA,polystyrene,2050,polystyrene,0.13235563015798635
C-WEU-FRA,polystyrene,2055,polystyrene,0.13236790922664565
C-WEU-FRA,polystyrene,2060,polystyrene,0.13237384846858033
C-WEU-FRA,steel,2020,steel,0.00567988998144854
C-WEU-FRA,steel,2030,steel,0.00562365031688151
C-WEU-FRA,steel,2040,steel,0.00561412509634526
C-WEU-FRA,steel,2050,steel,0.00558873493525379
C-WEU-FRA,steel,2060,steel,0.00559340905608848
C-WEU-GBR,acrylonitrile_butadiene_styrene,2020,acrylonitrile_butadiene_styrene,0.11653675878446776
C-WEU-GBR,acrylonitrile_butadiene_styrene,2025,acrylonitrile_butadiene_styrene,0.11642257453873768
C-WEU-GBR,acrylonitrile_butadiene_styrene,2030,acrylonitrile_butadiene_styrene,0.11632762060731516
C-WEU-GBR,acrylonitrile_butadiene_styrene,2035,acrylonitrile_butadiene_styrene,0.11636861255537807
C-WEU-GBR,acrylonitrile_butadiene_styrene,2040,acrylonitrile_butadiene_styrene,0.1163121960772038
C-WEU-GBR,acrylonitrile_butadiene_styrene,2045,acrylonitrile_butadiene_styrene,0.1162301535555764
C-WEU-GBR,acrylonitrile_butadiene_styrene,2050,acrylonitrile_butadiene_styrene,0.11618649625742224
C-WEU-GBR,acrylonitrile_butadiene_styrene,2055,acrylonitrile_butadiene_styrene,0.11619865679865118
C-WEU-GBR,acrylonitrile_butadiene_styrene,2060,acrylonitrile_butadiene_styrene,0.11620550723792553
C-WEU-GBR,aluminium,2020,aluminium,0.02646710430596959
C-WEU-GBR,aluminium,2030,aluminium,0.02486985478126414
C-WEU-GBR,aluminium,2040,aluminium,0.02485963591968476
C-WEU-GBR,aluminium,2050,aluminium,0.02402744827004263
C-WEU-GBR,aluminium,2060,aluminium,0.02423924828828888
C-WEU-GBR,bio-based_polypropylene,2020,polypropylene,0.1082103481299397
C-WEU-GBR,bio-based_polypropylene,2025,polypropylene,0.10809908302146684
C-WEU-GBR,bio-based_polypropylene,2030,polypropylene,0.1080017607775932
C-WEU-GBR,bio-based_polypropylene,2035,polypropylene,0.10803788032317356
C-WEU-GBR,bio-based_polypropylene,2040,polypropylene,0.10797910622344116
C-WEU-GBR,bio-based_polypropylene,2045,polypropylene,0.1079013516082562
C-WEU-GBR,bio-based_polypropylene,2050,polypropylene,0.10786136614289736
C-WEU-GBR,bio-based_polypropylene,2055,polypropylene,0.10787305809121128
C-WEU-GBR,bio-based_polypropylene,2060,polypropylene,0.10787871911745628
C-WEU-GBR,bio-based_polystyrene,2020,polystyrene,0.13271926723482974
C-WEU-GBR,bio-based_polystyrene,2025,polystyrene,0.13260323886749856
C-WEU-GBR,bio-based_polystyrene,2030,polystyrene,0.13250186153227944
C-WEU-GBR,bio-based_polystyrene,2035,polystyrene,0.13253991337618748
C-WEU-GBR,bio-based_polystyrene,2040,polystyrene,0.13247908208589784
C-WEU-GBR,bio-based_polystyrene,2045,polystyrene,0.13239783435536925
C-WEU-GBR,bio-based_polystyrene,2050,polystyrene,0.13235563015798635
C-WEU-GBR,bio-based_polystyrene,2055,polystyrene,0.13236790922664565
C-WEU-GBR,bio-based_polystyrene,2060,polystyrene,0.13237384846858033
C-WEU-GBR,concrete,2020,concrete,0.00567988998144854
C-WEU-GBR,concrete,2030,concrete,0.00562365031688157
C-WEU-GBR,concrete,2040,concrete,0.00561412509634526
C-WEU-GBR,concrete,2050,concrete,0.00558873493525347
C-WEU-GBR,concrete,2060,concrete,0.00559340905608848
C-WEU-GBR,copper,2020,copper,0.00567988998144854
C-WEU-GBR,copper,2030,copper,0.00562365031688151
C-WEU-GBR,copper,2040,copper,0.00561412509634526
C-WEU-GBR,copper,2050,copper,0.00558873493525379
C-WEU-GBR,copper,2060,copper,0.00559340905608848
C-WEU-GBR,glass,2020,glass,0.00558865243574116
C-WEU-GBR,glass,2030,glass,0.00558879165417781
C-WEU-GBR,glass,2040,glass,0.00555711452131706
C-WEU-GBR,glass,2050,glass,0.00555317922246935
C-WEU-GBR,glass,2060,glass,0.00556226476746677
C-WEU-GBR,other_plastics,2020,plastic_mixture,0.1002192453096137
C-WEU-GBR,other_plastics,2025,plastic_mixture,0.10008743855971196
C-WEU-GBR,other_plastics,2030,plastic_mixture,0.09997260865603814
C-WEU-GBR,other_plastics,2035,plastic_mixture,0.10001704545305608
C-WEU-GBR,other_plastics,2040,plastic_mixture,0.09994938482014253
C-WEU-GBR,other_plastics,2045,plastic_mixture,0.09985653634337044
C-WEU-GBR,other_plastics,2050,plastic_mixture,0.09980693445285688
C-WEU-GBR,other_plastics,2055,plastic_mixture,0.0998211587312681
C-WEU-GBR,other_plastics,2060,plastic_mixture,0.09982801377885468
C-WEU-GBR,polypropylene,2020,polypropylene,0.1082103481299397
C-WEU-GBR,polypropylene,2025,polypropylene,0.10809908302146684
C-WEU-GBR,polypropylene,2030,polypropylene,0.1080017607775932
C-WEU-GBR,polypropylene,2035,polypropylene,0.10803788032317356
C-WEU-GBR,polypropylene,2040,polypropylene,0.10797910622344116
C-WEU-GBR,polypropylene,2045,polypropylene,0.1079013516082562
C-WEU-GBR,polypropylene,2050,polypropylene,0.10786136614289736
C-WEU-GBR,polypropylene,2055,polypropylene,0.10787305809121128
C-WEU-GBR,polypropylene,2060,polypropylene,0.10787871911745628
C-WEU-GBR,polystyrene,2020,polystyrene,0.13271926723482974
C-WEU-GBR,polystyrene,2025,polystyrene,0.13260323886749856
C-WEU-GBR,polystyrene,2030,polystyrene,0.13250186153227944
C-WEU-GBR,polystyrene,2035,polystyrene,0.13253991337618748
C-WEU-GBR,polystyrene,2040,polystyrene,0.13247908208589784
C-WEU-GBR,polystyrene,2045,polystyrene,0.13239783435536925
C-WEU-GBR,polystyrene,2050,polystyrene,0.13235563015798635
C-WEU-GBR,polystyrene,2055,polystyrene,0.13236790922664565
C-WEU-GBR,polystyrene,2060,polystyrene,0.13237384846858033
C-WEU-GBR,steel,2020,steel,0.00567988998144854
C-WEU-GBR,steel,2030,steel,0.00562365031688151
C-WEU-GBR,steel,2040,steel,0.00561412509634526
C-WEU-GBR,steel,2050,steel,0.00558873493525379
C-WEU-GBR,steel,2060,steel,0.00559340905608848
C-WEU-GRC,acrylonitrile_butadiene_styrene,2020,acrylonitrile_butadiene_styrene,0.11653675878446776
C-WEU-GRC,acrylonitrile_butadiene_styrene,2025,acrylonitrile_butadiene_styrene,0.11642257453873768
C-WEU-GRC,acrylonitrile_butadiene_styrene,2030,acrylonitrile_butadiene_styrene,0.11632762060731516
C-WEU-GRC,acrylonitrile_butadiene_styrene,2035,acrylonitrile_butadiene_styrene,0.11636861255537807
C-WEU-GRC,acrylonitrile_butadiene_styrene,2040,acrylonitrile_butadiene_styrene,0.1163121960772038
C-WEU-GRC,acrylonitrile_butadiene_styrene,2045,acrylonitrile_butadiene_styrene,0.1162301535555764
C-WEU-GRC,acrylonitrile_butadiene_styrene,2050,acrylonitrile_butadiene_styrene,0.11618649625742224
C-WEU-GRC,acrylonitrile_butadiene_styrene,2055,acrylonitrile_butadiene_styrene,0.11619865679865118
C-WEU-GRC,acrylonitrile_butadiene_styrene,2060,acrylonitrile_butadiene_styrene,0.11620550723792553
C-WEU-GRC,aluminium,2020,aluminium,0.02646710430596959
C-WEU-GRC,aluminium,2030,aluminium,0.02486985478126414
C-WEU-GRC,aluminium,2040,aluminium,0.02485963591968476
C-WEU-GRC,aluminium,2050,aluminium,0.02402744827004263
C-WEU-GRC,aluminium,2060,aluminium,0.02423924828828888
C-WEU-GRC,bio-based_polypropylene,2020,polypropylene,0.1082103481299397
C-WEU-GRC,bio-based_polypropylene,2025,polypropylene,0.10809908302146684
C-WEU-GRC,bio-based_polypropylene,2030,polypropylene,0.1080017607775932
C-WEU-GRC,bio-based_polypropylene,2035,polypropylene,0.10803788032317356
C-WEU-GRC,bio-based_polypropylene,2040,polypropylene,0.10797910622344116
C-WEU-GRC,bio-based_polypropylene,2045,polypropylene,0.1079013516082562
C-WEU-GRC,bio-based_polypropylene,2050,polypropylene,0.10786136614289736
C-WEU-GRC,bio-based_polypropylene,2055,polypropylene,0.10787305809121128
C-WEU-GRC,bio-based_polypropylene,2060,polypropylene,0.10787871911745628
C-WEU-GRC,bio-based_polystyrene,2020,polystyrene,0.13271926723482974
C-WEU-GRC,bio-based_polystyrene,2025,polystyrene,0.13260323886749856
C-WEU-GRC,bio-based_polystyrene,2030,polystyrene,0.13250186153227944
C-WEU-GRC,bio-based_polystyrene,2035,polystyrene,0.13253991337618748
C-WEU-GRC,bio-based_polystyrene,2040,polystyrene,0.13247908208589784
C-WEU-GRC,bio-based_polystyrene,2045,polystyrene,0.13239783435536925
C-WEU-GRC,bio-based_polystyrene,2050,polystyrene,0.13235563015798635
C-WEU-GRC,bio-based_polystyrene,2055,polystyrene,0.13236790922664565
C-WEU-GRC,bio-based_polystyrene,2060,polystyrene,0.13237384846858033
C-WEU-GRC,concrete,2020,concrete,0.00567988998144854
C-WEU-GRC,concrete,2030,concrete,0.00562365031688157
C-WEU-GRC,concrete,2040,concrete,0.00561412509634526
C-WEU-GRC,concrete,2050,concrete,0.00558873493525347
C-WEU-GRC,concrete,2060,concrete,0.00559340905608848
C-WEU-GRC,copper,2020,copper,0.00567988998144854
C-WEU-GRC,copper,2030,copper,0.00562365031688151
C-WEU-GRC,copper,2040,copper,0.00561412509634526
C-WEU-GRC,copper,2050,copper,0.00558873493525379
C-WEU-GRC,copper,2060,copper,0.00559340905608848
C-WEU-GRC,glass,2020,glass,0.00558865243574116
C-WEU-GRC,glass,2030,glass,0.00558879165417781
C-WEU-GRC,glass,2040,glass,0.00555711452131706
C-WEU-GRC,glass,2050,glass,0.00555317922246935
C-WEU-GRC,glass,2060,glass,0.00556226476746677
C-WEU-GRC,other_plastics,2020,plastic_mixture,0.1002192453096137
C-WEU-GRC,other_plastics,2025,plastic_mixture,0.10008743855971196
C-WEU-GRC,other_plastics,2030,plastic_mixture,0.09997260865603814
C-WEU-GRC,other_plastics,2035,plastic_mixture,0.10001704545305608
C-WEU-GRC,other_plastics,2040,plastic_mixture,0.09994938482014253
C-WEU-GRC,other_plastics,2045,plastic_mixture,0.09985653634337044
C-WEU-GRC,other_plastics,2050,plastic_mixture,0.09980693445285688
C-WEU-GRC,other_plastics,2055,plastic_mixture,0.0998211587312681
C-WEU-GRC,other_plastics,2060,plastic_mixture,0.09982801377885468
C-WEU-GRC,polypropylene,2020,polypropylene,0.1082103481299397
C-WEU-GRC,polypropylene,2025,polypropylene,0.10809908302146684
C-WEU-GRC,polypropylene,2030,polypropylene,0.1080017607775932
C-WEU-GRC,polypropylene,2035,polypropylene,0.10803788032317356
C-WEU-GRC,polypropylene,2040,polypropylene,0.10797910622344116
C-WEU-GRC,polypropylene,2045,polypropylene,0.1079013516082562
C-WEU-GRC,polypropylene,2050,polypropylene,0.10786136614289736
C-WEU-GRC,polypropylene,2055,polypropylene,0.10787305809121128
C-WEU-GRC,polypropylene,2060,polypropylene,0.10787871911745628
C-WEU-GRC,polystyrene,2020,polystyrene,0.13271926723482974
C-WEU-GRC,polystyrene,2025,polystyrene,0.13260323886749856
C-WEU-GRC,polystyrene,2030,polystyrene,0.13250186153227944
C-WEU-GRC,polystyrene,2035,polystyrene,0.13253991337618748
C-WEU-GRC,polystyrene,2040,polystyrene,0.13247908208589784
C-WEU-GRC,polystyrene,2045,polystyrene,0.13239783435536925
C-WEU-GRC,polystyrene,2050,polystyrene,0.13235563015798635
C-WEU-GRC,polystyrene,2055,polystyrene,0.13236790922664565
C-WEU-GRC,polystyrene,2060,polystyrene,0.13237384846858033
C-WEU-GRC,steel,2020,steel,0.00567988998144854
C-WEU-GRC,steel,2030,steel,0.00562365031688151
C-WEU-GRC,steel,2040,steel,0.00561412509634526
C-WEU-GRC,steel,2050,steel,0.00558873493525379
C-WEU-GRC,steel,2060,steel,0.00559340905608848
C-WEU-IRL,acrylonitrile_butadiene_styrene,2020,acrylonitrile_butadiene_styrene,0.11653675878446776
C-WEU-IRL,acrylonitrile_butadiene_styrene,2025,acrylonitrile_butadiene_styrene,0.11642257453873768
C-WEU-IRL,acrylonitrile_butadiene_styrene,2030,acrylonitrile_butadiene_styrene,0.11632762060731516
C-WEU-IRL,acrylonitrile_butadiene_styrene,2035,acrylonitrile_butadiene_styrene,0.11636861255537807
C-WEU-IRL,acrylonitrile_butadiene_styrene,2040,acrylonitrile_butadiene_styrene,0.1163121960772038
C-WEU-IRL,acrylonitrile_butadiene_styrene,2045,acrylonitrile_butadiene_styrene,0.1162301535555764
C-WEU-IRL,acrylonitrile_butadiene_styrene,2050,acrylonitrile_butadiene_styrene,0.11618649625742224
C-WEU-IRL,acrylonitrile_butadiene_styrene,2055,acrylonitrile_butadiene_styrene,0.11619865679865118
C-WEU-IRL,acrylonitrile_butadiene_styrene,2060,acrylonitrile_butadiene_styrene,0.11620550723792553
C-WEU-IRL,aluminium,2020,aluminium,0.02646710430596959
C-WEU-IRL,aluminium,2030,aluminium,0.02486985478126414
C-WEU-IRL,aluminium,2040,aluminium,0.02485963591968476
C-WEU-IRL,aluminium,2050,aluminium,0.02402744827004263
C-WEU-IRL,aluminium,2060,aluminium,0.02423924828828888
C-WEU-IRL,bio-based_polypropylene,2020,polypropylene,0.1082103481299397
C-WEU-IRL,bio-based_polypropylene,2025,polypropylene,0.10809908302146684
C-WEU-IRL,bio-based_polypropylene,2030,polypropylene,0.1080017607775932
C-WEU-IRL,bio-based_polypropylene,2035,polypropylene,0.10803788032317356
C-WEU-IRL,bio-based_polypropylene,2040,polypropylene,0.10797910622344116
C-WEU-IRL,bio-based_polypropylene,2045,polypropylene,0.1079013516082562
C-WEU-IRL,bio-based_polypropylene,2050,polypropylene,0.10786136614289736
C-WEU-IRL,bio-based_polypropylene,2055,polypropylene,0.10787305809121128
C-WEU-IRL,bio-based_polypropylene,2060,polypropylene,0.10787871911745628
C-WEU-IRL,bio-based_polystyrene,2020,polystyrene,0.13271926723482974
C-WEU-IRL,bio-based_polystyrene,2025,polystyrene,0.13260323886749856
C-WEU-IRL,bio-based_polystyrene,2030,polystyrene,0.13250186153227944
C-WEU-IRL,bio-based_polystyrene,2035,polystyrene,0.13253991337618748
C-WEU-IRL,bio-based_polystyrene,2040,polystyrene,0.13247908208589784
C-WEU-IRL,bio-based_polystyrene,2045,polystyrene,0.13239783435536925
C-WEU-IRL,bio-based_polystyrene,2050,polystyrene,0.13235563015798635
C-WEU-IRL,bio-based_polystyrene,2055,polystyrene,0.13236790922664565
C-WEU-IRL,bio-based_polystyrene,2060,polystyrene,0.13237384846858033
C-WEU-IRL,concrete,2020,concrete,0.00567988998144854
C-WEU-IRL,concrete,2030,concrete,0.00562365031688157
C-WEU-IRL,concrete,2040,concrete,0.00561412509634526
C-WEU-IRL,concrete,2050,concrete,0.00558873493525347
C-WEU-IRL,concrete,2060,concrete,0.00559340905608848
C-WEU-IRL,copper,2020,copper,0.00567988998144854
C-WEU-IRL,copper,2030,copper,0.00562365031688151
C-WEU-IRL,copper,2040,copper,0.00561412509634526
C-WEU-IRL,copper,2050,copper,0.00558873493525379
C-WEU-IRL,copper,2060,copper,0.00559340905608848
C-WEU-IRL,glass,2020,glass,0.00558865243574116
C-WEU-IRL,glass,2030,glass,0.00558879165417781
C-WEU-IRL,glass,2040,glass,0.00555711452131706
C-WEU-IRL,glass,2050,glass,0.00555317922246935
C-WEU-IRL,glass,2060,glass,0.00556226476746677
C-WEU-IRL,other_plastics,2020,plastic_mixture,0.1002192453096137
C-WEU-IRL,other_plastics,2025,plastic_mixture,0.10008743855971196
C-WEU-IRL,other_plastics,2030,plastic_mixture,0.09997260865603814
C-WEU-IRL,other_plastics,2035,plastic_mixture,0.10001704545305608
C-WEU-IRL,other_plastics,2040,plastic_mixture,0.09994938482014253
C-WEU-IRL,other_plastics,2045,plastic_mixture,0.09985653634337044
C-WEU-IRL,other_plastics,2050,plastic_mixture,0.09980693445285688
C-WEU-IRL,other_plastics,2055,plastic_mixture,0.0998211587312681
C-WEU-IRL,other_plastics,2060,plastic_mixture,0.09982801377885468
C-WEU-IRL,polypropylene,2020,polypropylene,0.1082103481299397
C-WEU-IRL,polypropylene,2025,polypropylene,0.10809908302146684
C-WEU-IRL,polypropylene,2030,polypropylene,0.1080017607775932
C-WEU-IRL,polypropylene,2035,polypropylene,0.10803788032317356
C-WEU-IRL,polypropylene,2040,polypropylene,0.10797910622344116
C-WEU-IRL,polypropylene,2045,polypropylene,0.1079013516082562
C-WEU-IRL,polypropylene,2050,polypropylene,0.10786136614289736
C-WEU-IRL,polypropylene,2055,polypropylene,0.10787305809121128
C-WEU-IRL,polypropylene,2060,polypropylene,0.10787871911745628
C-WEU-IRL,polystyrene,2020,polystyrene,0.13271926723482974
C-WEU-IRL,polystyrene,2025,polystyrene,0.13260323886749856
C-WEU-IRL,polystyrene,2030,polystyrene,0.13250186153227944
C-WEU-IRL,polystyrene,2035,polystyrene,0.13253991337618748
C-WEU-IRL,polystyrene,2040,polystyrene,0.13247908208589784
C-WEU-IRL,polystyrene,2045,polystyrene,0.13239783435536925
C-WEU-IRL,polystyrene,2050,polystyrene,0.13235563015798635
C-WEU-IRL,polystyrene,2055,polystyrene,0.13236790922664565
C-WEU-IRL,polystyrene,2060,polystyrene,0.13237384846858033
C-WEU-IRL,steel,2020,steel,0.00567988998144854
C-WEU-IRL,steel,2030,steel,0.00562365031688151
C-WEU-IRL,steel,2040,steel,0.00561412509634526
C-WEU-IRL,steel,2050,steel,0.00558873493525379
C-WEU-IRL,steel,2060,steel,0.00559340905608848
C-WEU-ISL,acrylonitrile_butadiene_styrene,2020,acrylonitrile_butadiene_styrene,0.11653675878446776
C-WEU-ISL,acrylonitrile_butadiene_styrene,2025,acrylonitrile_butadiene_styrene,0.11642257453873768
C-WEU-ISL,acrylonitrile_butadiene_styrene,2030,acrylonitrile_butadiene_styrene,0.11632762060731516
C-WEU-ISL,acrylonitrile_butadiene_styrene,2035,acrylonitrile_butadiene_styrene,0.11636861255537807
C-WEU-ISL,acrylonitrile_butadiene_styrene,2040,acrylonitrile_butadiene_styrene,0.1163121960772038
C-WEU-ISL,acrylonitrile_butadiene_styrene,2045,acrylonitrile_butadiene_styrene,0.1162301535555764
C-WEU-ISL,acrylonitrile_butadiene_styrene,2050,acrylonitrile_butadiene_styrene,0.11618649625742224
C-WEU-ISL,acrylonitrile_butadiene_styrene,2055,acrylonitrile_butadiene_styrene,0.11619865679865118
C-WEU-ISL,acrylonitrile_butadiene_styrene,2060,acrylonitrile_butadiene_styrene,0.11620550723792553
C-WEU-ISL,aluminium,2020,aluminium,0.02646710430596959
C-WEU-ISL,aluminium,2030,aluminium,0.02486985478126414
C-WEU-ISL,aluminium,2040,aluminium,0.02485963591968476
C-WEU-ISL,aluminium,2050,aluminium,0.02402744827004263
C-WEU-ISL,aluminium,2060,aluminium,0.02423924828828888
C-WEU-ISL,bio-based_polypropylene,2020,polypropylene,0.1082103481299397
C-WEU-ISL,bio-based_polypropylene,2025,polypropylene,0.10809908302146684
C-WEU-ISL,bio-based_polypropylene,2030,polypropylene,0.1080017607775932
C-WEU-ISL,bio-based_polypropylene,2035,polypropylene,0.10803788032317356
C-WEU-ISL,bio-based_polypropylene,2040,polypropylene,0.10797910622344116
C-WEU-ISL,bio-based_polypropylene,2045,polypropylene,0.1079013516082562
C-WEU-ISL,bio-based_polypropylene,2050,polypropylene,0.10786136614289736
C-WEU-ISL,bio-based_polypropylene,2055,polypropylene,0.10787305809121128
C-WEU-ISL,bio-based_polypropylene,2060,polypropylene,0.10787871911745628
C-WEU-ISL,bio-based_polystyrene,2020,polystyrene,0.13271926723482974
C-WEU-ISL,bio-based_polystyrene,2025,polystyrene,0.13260323886749856
C-WEU-ISL,bio-based_polystyrene,2030,polystyrene,0.13250186153227944
C-WEU-ISL,bio-based_polystyrene,2035,polystyrene,0.13253991337618748
C-WEU-ISL,bio-based_polystyrene,2040,polystyrene,0.13247908208589784
C-WEU-ISL,bio-based_polystyrene,2045,polystyrene,0.13239783435536925
C-WEU-ISL,bio-based_polystyrene,2050,polystyrene,0.13235563015798635
C-WEU-ISL,bio-based_polystyrene,2055,polystyrene,0.13236790922664565
C-WEU-ISL,bio-based_polystyrene,2060,polystyrene,0.13237384846858033
C-WEU-ISL,concrete,2020,concrete,0.00567988998144854
C-WEU-ISL,concrete,2030,concrete,0.00562365031688157
C-WEU-ISL,concrete,2040,concrete,0.00561412509634526
C-WEU-ISL,concrete,2050,concrete,0.00558873493525347
C-WEU-ISL,concrete,2060,concrete,0.00559340905608848
C-WEU-ISL,copper,2020,copper,0.00567988998144854
C-WEU-ISL,copper,2030,copper,0.00562365031688151
C-WEU-ISL,copper,2040,copper,0.00561412509634526
C-WEU-ISL,copper,2050,copper,0.00558873493525379
C-WEU-ISL,copper,2060,copper,0.00559340905608848
C-WEU-ISL,glass,2020,glass,0.00558865243574116
C-WEU-ISL,glass,2030,glass,0.00558879165417781
C-WEU-ISL,glass,2040,glass,0.00555711452131706
C-WEU-ISL,glass,2050,glass,0.00555317922246935
C-WEU-ISL,glass,2060,glass,0.00556226476746677
C-WEU-ISL,other_plastics,2020,plastic_mixture,0.1002192453096137
C-WEU-ISL,other_plastics,2025,plastic_mixture,0.10008743855971196
C-WEU-ISL,other_plastics,2030,plastic_mixture,0.09997260865603814
C-WEU-ISL,other_plastics,2035,plastic_mixture,0.10001704545305608
C-WEU-ISL,other_plastics,2040,plastic_mixture,0.09994938482014253
C-WEU-ISL,other_plastics,2045,plastic_mixture,0.09985653634337044
C-WEU-ISL,other_plastics,2050,plastic_mixture,0.09980693445285688
C-WEU-ISL,other_plastics,2055,plastic_mixture,0.0998211587312681
C-WEU-ISL,other_plastics,2060,plastic_mixture,0.09982801377885468
C-WEU-ISL,polypropylene,2020,polypropylene,0.1082103481299397
C-WEU-ISL,polypropylene,2025,polypropylene,0.10809908302146684
C-WEU-ISL,polypropylene,2030,polypropylene,0.1080017607775932
C-WEU-ISL,polypropylene,2035,polypropylene,0.10803788032317356
C-WEU-ISL,polypropylene,2040,polypropylene,0.10797910622344116
C-WEU-ISL,polypropylene,2045,polypropylene,0.1079013516082562
C-WEU-ISL,polypropylene,2050,polypropylene,0.10786136614289736
C-WEU-ISL,polypropylene,2055,polypropylene,0.10787305809121128
C-WEU-ISL,polypropylene,2060,polypropylene,0.10787871911745628
C-WEU-ISL,polystyrene,2020,polystyrene,0.13271926723482974
C-WEU-ISL,polystyrene,2025,polystyrene,0.13260323886749856
C-WEU-ISL,polystyrene,2030,polystyrene,0.13250186153227944
C-WEU-ISL,polystyrene,2035,polystyrene,0.13253991337618748
C-WEU-ISL,polystyrene,2040,polystyrene,0.13247908208589784
C-WEU-ISL,polystyrene,2045,polystyrene,0.13239783435536925
C-WEU-ISL,polystyrene,2050,polystyrene,0.13235563015798635
C-WEU-ISL,polystyrene,2055,polystyrene,0.13236790922664565
C-WEU-ISL,polystyrene,2060,polystyrene,0.13237384846858033
C-WEU-ISL,steel,2020,steel,0.00567988998144854
C-WEU-ISL,steel,2030,steel,0.00562365031688151
C-WEU-ISL,steel,2040,steel,0.00561412509634526
C-WEU-ISL,steel,2050,steel,0.00558873493525379
C-WEU-ISL,steel,2060,steel,0.00559340905608848
C-WEU-ITA,acrylonitrile_butadiene_styrene,2020,acrylonitrile_butadiene_styrene,0.11653675878446776
C-WEU-ITA,acrylonitrile_butadiene_styrene,2025,acrylonitrile_butadiene_styrene,0.11642257453873768
C-WEU-ITA,acrylonitrile_butadiene_styrene,2030,acrylonitrile_butadiene_styrene,0.11632762060731516
C-WEU-ITA,acrylonitrile_butadiene_styrene,2035,acrylonitrile_butadiene_styrene,0.11636861255537807
C-WEU-ITA,acrylonitrile_butadiene_styrene,2040,acrylonitrile_butadiene_styrene,0.1163121960772038
C-WEU-ITA,acrylonitrile_butadiene_styrene,2045,acrylonitrile_butadiene_styrene,0.1162301535555764
C-WEU-ITA,acrylonitrile_butadiene_styrene,2050,acrylonitrile_butadiene_styrene,0.11618649625742224
C-WEU-ITA,acrylonitrile_butadiene_styrene,2055,acrylonitrile_butadiene_styrene,0.11619865679865118
C-WEU-ITA,acrylonitrile_butadiene_styrene,2060,acrylonitrile_butadiene_styrene,0.11620550723792553
C-WEU-ITA,aluminium,2020,aluminium,0.02646710430596959
C-WEU-ITA,aluminium,2030,aluminium,0.02486985478126414
C-WEU-ITA,aluminium,2040,aluminium,0.02485963591968476
C-WEU-ITA,aluminium,2050,aluminium,0.02402744827004263
C-WEU-ITA,aluminium,2060,aluminium,0.02423924828828888
C-WEU-ITA,bio-based_polypropylene,2020,polypropylene,0.1082103481299397
C-WEU-ITA,bio-based_polypropylene,2025,polypropylene,0.10809908302146684
C-WEU-ITA,bio-based_polypropylene,2030,polypropylene,0.1080017607775932
C-WEU-ITA,bio-based_polypropylene,2035,polypropylene,0.10803788032317356
C-WEU-ITA,bio-based_polypropylene,2040,polypropylene,0.10797910622344116
C-WEU-ITA,bio-based_polypropylene,2045,polypropylene,0.1079013516082562
C-WEU-ITA,bio-based_polypropylene,2050,polypropylene,0.10786136614289736
C-WEU-ITA,bio-based_polypropylene,2055,polypropylene,0.10787305809121128
C-WEU-ITA,bio-based_polypropylene,2060,polypropylene,0.10787871911745628
C-WEU-ITA,bio-based_polystyrene,2020,polystyrene,0.13271926723482974
C-WEU-ITA,bio-based_polystyrene,2025,polystyrene,0.13260323886749856
C-WEU-ITA,bio-based_polystyrene,2030,polystyrene,0.13250186153227944
C-WEU-ITA,bio-based_polystyrene,2035,polystyrene,0.13253991337618748
C-WEU-ITA,bio-based_polystyrene,2040,polystyrene,0.13247908208589784
C-WEU-ITA,bio-based_polystyrene,2045,polystyrene,0.13239783435536925
C-WEU-ITA,bio-based_polystyrene,2050,polystyrene,0.13235563015798635
C-WEU-ITA,bio-based_polystyrene,2055,polystyrene,0.13236790922664565
C-WEU-ITA,bio-based_polystyrene,2060,polystyrene,0.13237384846858033
C-WEU-ITA,concrete,2020,concrete,0.00567988998144854
C-WEU-ITA,concrete,2030,concrete,0.00562365031688157
C-WEU-ITA,concrete,2040,concrete,0.00561412509634526
C-WEU-ITA,concrete,2050,concrete,0.00558873493525347
C-WEU-ITA,concrete,2060,concrete,0.00559340905608848
C-WEU-ITA,copper,2020,copper,0.00567988998144854
C-WEU-ITA,copper,2030,copper,0.00562365031688151
C-WEU-ITA,copper,2040,copper,0.00561412509634526
C-WEU-ITA,copper,2050,copper,0.00558873493525379
C-WEU-ITA,copper,2060,copper,0.00559340905608848
C-WEU-ITA,glass,2020,glass,0.00558865243574116
C-WEU-ITA,glass,2030,glass,0.00558879165417781
C-WEU-ITA,glass,2040,glass,0.00555711452131706
C-WEU-ITA,glass,2050,glass,0.00555317922246935
C-WEU-ITA,glass,2060,glass,0.00556226476746677
C-WEU-ITA,other_plastics,2020,plastic_mixture,0.1002192453096137
C-WEU-ITA,other_plastics,2025,plastic_mixture,0.10008743855971196
C-WEU-ITA,other_plastics,2030,plastic_mixture,0.09997260865603814
C-WEU-ITA,other_plastics,2035,plastic_mixture,0.10001704545305608
C-WEU-ITA,other_plastics,2040,plastic_mixture,0.09994938482014253
C-WEU-ITA,other_plastics,2045,plastic_mixture,0.09985653634337044
C-WEU-ITA,other_plastics,2050,plastic_mixture,0.09980693445285688
C-WEU-ITA,other_plastics,2055,plastic_mixture,0.0998211587312681
C-WEU-ITA,other_plastics,2060,plastic_mixture,0.09982801377885468
C-WEU-ITA,polypropylene,2020,polypropylene,0.1082103481299397
C-WEU-ITA,polypropylene,2025,polypropylene,0.10809908302146684
C-WEU-ITA,polypropylene,2030,polypropylene,0.1080017607775932
C-WEU-ITA,polypropylene,2035,polypropylene,0.10803788032317356
C-WEU-ITA,polypropylene,2040,polypropylene,0.10797910622344116
C-WEU-ITA,polypropylene,2045,polypropylene,0.1079013516082562
C-WEU-ITA,polypropylene,2050,polypropylene,0.10786136614289736
C-WEU-ITA,polypropylene,2055,polypropylene,0.10787305809121128
C-WEU-ITA,polypropylene,2060,polypropylene,0.10787871911745628
C-WEU-ITA,polystyrene,2020,polystyrene,0.13271926723482974
C-WEU-ITA,polystyrene,2025,polystyrene,0.13260323886749856
C-WEU-ITA,polystyrene,2030,polystyrene,0.13250186153227944
C-WEU-ITA,polystyrene,2035,polystyrene,0.13253991337618748
C-WEU-ITA,polystyrene,2040,polystyrene,0.13247908208589784
C-WEU-ITA,polystyrene,2045,polystyrene,0.13239783435536925
C-WEU-ITA,polystyrene,2050,polystyrene,0.13235563015798635
C-WEU-ITA,polystyrene,2055,polystyrene,0.13236790922664565
C-WEU-ITA,polystyrene,2060,polystyrene,0.13237384846858033
C-WEU-ITA,steel,2020,steel,0.00567988998144854
C-WEU-ITA,steel,2030,steel,0.00562365031688151
C-WEU-ITA,steel,2040,steel,0.00561412509634526
C-WEU-ITA,steel,2050,steel,0.00558873493525379
C-WEU-ITA,steel,2060,steel,0.00559340905608848
C-WEU-LUX,acrylonitrile_butadiene_styrene,2020,acrylonitrile_butadiene_styrene,0.11653675878446776
C-WEU-LUX,acrylonitrile_butadiene_styrene,2025,acrylonitrile_butadiene_styrene,0.11642257453873768
C-WEU-LUX,acrylonitrile_butadiene_styrene,2030,acrylonitrile_butadiene_styrene,0.11632762060731516
C-WEU-LUX,acrylonitrile_butadiene_styrene,2035,acrylonitrile_butadiene_styrene,0.11636861255537807
C-WEU-LUX,acrylonitrile_butadiene_styrene,2040,acrylonitrile_butadiene_styrene,0.1163121960772038
C-WEU-LUX,acrylonitrile_butadiene_styrene,2045,acrylonitrile_butadiene_styrene,0.1162301535555764
C-WEU-LUX,acrylonitrile_butadiene_styrene,2050,acrylonitrile_butadiene_styrene,0.11618649625742224
C-WEU-LUX,acrylonitrile_butadiene_styrene,2055,acrylonitrile_butadiene_styrene,0.11619865679865118
C-WEU-LUX,acrylonitrile_butadiene_styrene,2060,acrylonitrile_butadiene_styrene,0.11620550723792553
C-WEU-LUX,aluminium,2020,aluminium,0.02646710430596959
C-WEU-LUX,aluminium,2030,aluminium,0.02486985478126414
C-WEU-LUX,aluminium,2040,aluminium,0.02485963591968476
C-WEU-LUX,aluminium,2050,aluminium,0.02402744827004263
C-WEU-LUX,aluminium,2060,aluminium,0.02423924828828888
C-WEU-LUX,bio-based_polypropylene,2020,polypropylene,0.1082103481299397
C-WEU-LUX,bio-based_polypropylene,2025,polypropylene,0.10809908302146684
C-WEU-LUX,bio-based_polypropylene,2030,polypropylene,0.1080017607775932
C-WEU-LUX,bio-based_polypropylene,2035,polypropylene,0.10803788032317356
C-WEU-LUX,bio-based_polypropylene,2040,polypropylene,0.10797910622344116
C-WEU-LUX,bio-based_polypropylene,2045,polypropylene,0.1079013516082562
C-WEU-LUX,bio-based_polypropylene,2050,polypropylene,0.10786136614289736
C-WEU-LUX,bio-based_polypropylene,2055,polypropylene,0.10787305809121128
C-WEU-LUX,bio-based_polypropylene,2060,polypropylene,0.10787871911745628
C-WEU-LUX,bio-based_polystyrene,2020,polystyrene,0.13271926723482974
C-WEU-LUX,bio-based_polystyrene,2025,polystyrene,0.13260323886749856
C-WEU-LUX,bio-based_polystyrene,2030,polystyrene,0.13250186153227944
C-WEU-LUX,bio-based_polystyrene,2035,polystyrene,0.13253991337618748
C-WEU-LUX,bio-based_polystyrene,2040,polystyrene,0.13247908208589784
C-WEU-LUX,bio-based_polystyrene,2045,polystyrene,0.13239783435536925
C-WEU-LUX,bio-based_polystyrene,2050,polystyrene,0.13235563015798635
C-WEU-LUX,bio-based_polystyrene,2055,polystyrene,0.13236790922664565
C-WEU-LUX,bio-based_polystyrene,2060,polystyrene,0.13237384846858033
C-WEU-LUX,concrete,2020,concrete,0.00567988998144854
C-WEU-LUX,concrete,2030,concrete,0.00562365031688157
C-WEU-LUX,concrete,2040,concrete,0.00561412509634526
C-WEU-LUX,concrete,2050,concrete,0.00558873493525347
C-WEU-LUX,concrete,2060,concrete,0.00559340905608848
C-WEU-LUX,copper,2020,copper,0.00567988998144854
C-WEU-LUX,copper,2030,copper,0.00562365031688151
C-WEU-LUX,copper,2040,copper,0.00561412509634526
C-WEU-LUX,copper,2050,copper,0.00558873493525379
C-WEU-LUX,copper,2060,copper,0.00559340905608848
C-WEU-LUX,glass,2020,glass,0.00558865243574116
C-WEU-LUX,glass,2030,glass,0.00558879165417781
C-WEU-LUX,glass,2040,glass,0.00555711452131706
C-WEU-LUX,glass,2050,glass,0.00555317922246935
C-WEU-LUX,glass,2060,glass,0.00556226476746677
C-WEU-LUX,other_plastics,2020,plastic_mixture,0.1002192453096137
C-WEU-LUX,other_plastics,2025,plastic_mixture,0.10008743855971196
C-WEU-LUX,other_plastics,2030,plastic_mixture,0.09997260865603814
C-WEU-LUX,other_plastics,2035,plastic_mixture,0.10001704545305608
C-WEU-LUX,other_plastics,2040,plastic_mixture,0.09994938482014253
C-WEU-LUX,other_plastics,2045,plastic_mixture,0.09985653634337044
C-WEU-LUX,other_plastics,2050,plastic_mixture,0.09980693445285688
C-WEU-LUX,other_plastics,2055,plastic_mixture,0.0998211587312681
C-WEU-LUX,other_plastics,2060,plastic_mixture,0.09982801377885468
C-WEU-LUX,polypropylene,2020,polypropylene,0.1082103481299397
C-WEU-LUX,polypropylene,2025,polypropylene,0.10809908302146684
C-WEU-LUX,polypropylene,2030,polypropylene,0.1080017607775932
C-WEU-LUX,polypropylene,2035,polypropylene,0.10803788032317356
C-WEU-LUX,polypropylene,2040,polypropylene,0.10797910622344116
C-WEU-LUX,polypropylene,2045,polypropylene,0.1079013516082562
C-WEU-LUX,polypropylene,2050,polypropylene,0.10786136614289736
C-WEU-LUX,polypropylene,2055,polypropylene,0.10787305809121128
C-WEU-LUX,polypropylene,2060,polypropylene,0.10787871911745628
C-WEU-LUX,polystyrene,2020,polystyrene,0.13271926723482974
C-WEU-LUX,polystyrene,2025,polystyrene,0.13260323886749856
C-WEU-LUX,polystyrene,2030,polystyrene,0.13250186153227944
C-WEU-LUX,polystyrene,2035,polystyrene,0.13253991337618748
C-WEU-LUX,polystyrene,2040,polystyrene,0.13247908208589784
C-WEU-LUX,polystyrene,2045,polystyrene,0.13239783435536925
C-WEU-LUX,polystyrene,2050,polystyrene,0.13235563015798635
C-WEU-LUX,polystyrene,2055,polystyrene,0.13236790922664565
C-WEU-LUX,polystyrene,2060,polystyrene,0.13237384846858033
C-WEU-LUX,steel,2020,steel,0.00567988998144854
C-WEU-LUX,steel,2030,steel,0.00562365031688151
C-WEU-LUX,steel,2040,steel,0.00561412509634526
C-WEU-LUX,steel,2050,steel,0.00558873493525379
C-WEU-LUX,steel,2060,steel,0.00559340905608848
C-WEU-MLT,acrylonitrile_butadiene_styrene,2020,acrylonitrile_butadiene_styrene,0.11653675878446776
C-WEU-MLT,acrylonitrile_butadiene_styrene,2025,acrylonitrile_butadiene_styrene,0.11642257453873768
C-WEU-MLT,acrylonitrile_butadiene_styrene,2030,acrylonitrile_butadiene_styrene,0.11632762060731516
C-WEU-MLT,acrylonitrile_butadiene_styrene,2035,acrylonitrile_butadiene_styrene,0.11636861255537807
C-WEU-MLT,acrylonitrile_butadiene_styrene,2040,acrylonitrile_butadiene_styrene,0.1163121960772038
C-WEU-MLT,acrylonitrile_butadiene_styrene,2045,acrylonitrile_butadiene_styrene,0.1162301535555764
C-WEU-MLT,acrylonitrile_butadiene_styrene,2050,acrylonitrile_butadiene_styrene,0.11618649625742224
C-WEU-MLT,acrylonitrile_butadiene_styrene,2055,acrylonitrile_butadiene_styrene,0.11619865679865118
C-WEU-MLT,acrylonitrile_butadiene_styrene,2060,acrylonitrile_butadiene_styrene,0.11620550723792553
C-WEU-MLT,aluminium,2020,aluminium,0.02646710430596959
C-WEU-MLT,aluminium,2030,aluminium,0.02486985478126414
C-WEU-MLT,aluminium,2040,aluminium,0.02485963591968476
C-WEU-MLT,aluminium,2050,aluminium,0.02402744827004263
C-WEU-MLT,aluminium,2060,aluminium,0.02423924828828888
C-WEU-MLT,bio-based_polypropylene,2020,polypropylene,0.1082103481299397
C-WEU-MLT,bio-based_polypropylene,2025,polypropylene,0.10809908302146684
C-WEU-MLT,bio-based_polypropylene,2030,polypropylene,0.1080017607775932
C-WEU-MLT,bio-based_polypropylene,2035,polypropylene,0.10803788032317356
C-WEU-MLT,bio-based_polypropylene,2040,polypropylene,0.10797910622344116
C-WEU-MLT,bio-based_polypropylene,2045,polypropylene,0.1079013516082562
C-WEU-MLT,bio-based_polypropylene,2050,polypropylene,0.10786136614289736
C-WEU-MLT,bio-based_polypropylene,2055,polypropylene,0.10787305809121128
C-WEU-MLT,bio-based_polypropylene,2060,polypropylene,0.10787871911745628
C-WEU-MLT,bio-based_polystyrene,2020,polystyrene,0.13271926723482974
C-WEU-MLT,bio-based_polystyrene,2025,polystyrene,0.13260323886749856
C-WEU-MLT,bio-based_polystyrene,2030,polystyrene,0.13250186153227944
C-WEU-MLT,bio-based_polystyrene,2035,polystyrene,0.13253991337618748
C-WEU-MLT,bio-based_polystyrene,2040,polystyrene,0.13247908208589784
C-WEU-MLT,bio-based_polystyrene,2045,polystyrene,0.13239783435536925
C-WEU-MLT,bio-based_polystyrene,2050,polystyrene,0.13235563015798635
C-WEU-MLT,bio-based_polystyrene,2055,polystyrene,0.13236790922664565
C-WEU-MLT,bio-based_polystyrene,2060,polystyrene,0.13237384846858033
C-WEU-MLT,concrete,2020,concrete,0.00567988998144854
C-WEU-MLT,concrete,2030,concrete,0.00562365031688157
C-WEU-MLT,concrete,2040,concrete,0.00561412509634526
C-WEU-MLT,concrete,2050,concrete,0.00558873493525347
C-WEU-MLT,concrete,2060,concrete,0.00559340905608848
C-WEU-MLT,copper,2020,copper,0.00567988998144854
C-WEU-MLT,copper,2030,copper,0.00562365031688151
C-WEU-MLT,copper,2040,copper,0.00561412509634526
C-WEU-MLT,copper,2050,copper,0.00558873493525379
C-WEU-MLT,copper,2060,copper,0.00559340905608848
C-WEU-MLT,glass,2020,glass,0.00558865243574116
C-WEU-MLT,glass,2030,glass,0.00558879165417781
C-WEU-MLT,glass,2040,glass,0.00555711452131706
C-WEU-MLT,glass,2050,glass,0.00555317922246935
C-WEU-MLT,glass,2060,glass,0.00556226476746677
C-WEU-MLT,other_plastics,2020,plastic_mixture,0.1002192453096137
C-WEU-MLT,other_plastics,2025,plastic_mixture,0.10008743855971196
C-WEU-MLT,other_plastics,2030,plastic_mixture,0.09997260865603814
C-WEU-MLT,other_plastics,2035,plastic_mixture,0.10001704545305608
C-WEU-MLT,other_plastics,2040,plastic_mixture,0.09994938482014253
C-WEU-MLT,other_plastics,2045,plastic_mixture,0.09985653634337044
C-WEU-MLT,other_plastics,2050,plastic_mixture,0.09980693445285688
C-WEU-MLT,other_plastics,2055,plastic_mixture,0.0998211587312681
C-WEU-MLT,other_plastics,2060,plastic_mixture,0.09982801377885468
C-WEU-MLT,polypropylene,2020,polypropylene,0.1082103481299397
C-WEU-MLT,polypropylene,2025,polypropylene,0.10809908302146684
C-WEU-MLT,polypropylene,2030,polypropylene,0.1080017607775932
C-WEU-MLT,polypropylene,2035,polypropylene,0.10803788032317356
C-WEU-MLT,polypropylene,2040,polypropylene,0.10797910622344116
C-WEU-MLT,polypropylene,2045,polypropylene,0.1079013516082562
C-WEU-MLT,polypropylene,2050,polypropylene,0.10786136614289736
C-WEU-MLT,polypropylene,2055,polypropylene,0.10787305809121128
C-WEU-MLT,polypropylene,2060,polypropylene,0.10787871911745628
C-WEU-MLT,polystyrene,2020,polystyrene,0.13271926723482974
C-WEU-MLT,polystyrene,2025,polystyrene,0.13260323886749856
C-WEU-MLT,polystyrene,2030,polystyrene,0.13250186153227944
C-WEU-MLT,polystyrene,2035,polystyrene,0.13253991337618748
C-WEU-MLT,polystyrene,2040,polystyrene,0.13247908208589784
C-WEU-MLT,polystyrene,2045,polystyrene,0.13239783435536925
C-WEU-MLT,polystyrene,2050,polystyrene,0.13235563015798635
C-WEU-MLT,polystyrene,2055,polystyrene,0.13236790922664565
C-WEU-MLT,polystyrene,2060,polystyrene,0.13237384846858033
C-WEU-MLT,steel,2020,steel,0.00567988998144854
C-WEU-MLT,steel,2030,steel,0.00562365031688151
C-WEU-MLT,steel,2040,steel,0.00561412509634526
C-WEU-MLT,steel,2050,steel,0.00558873493525379
C-WEU-MLT,steel,2060,steel,0.00559340905608848
C-WEU-NLD,acrylonitrile_butadiene_styrene,2020,acrylonitrile_butadiene_styrene,0.11653675878446776
C-WEU-NLD,acrylonitrile_butadiene_styrene,2025,acrylonitrile_butadiene_styrene,0.11642257453873768
C-WEU-NLD,acrylonitrile_butadiene_styrene,2030,acrylonitrile_butadiene_styrene,0.11632762060731516
C-WEU-NLD,acrylonitrile_butadiene_styrene,2035,acrylonitrile_butadiene_styrene,0.11636861255537807
C-WEU-NLD,acrylonitrile_butadiene_styrene,2040,acrylonitrile_butadiene_styrene,0.1163121960772038
C-WEU-NLD,acrylonitrile_butadiene_styrene,2045,acrylonitrile_butadiene_styrene,0.1162301535555764
C-WEU-NLD,acrylonitrile_butadiene_styrene,2050,acrylonitrile_butadiene_styrene,0.11618649625742224
C-WEU-NLD,acrylonitrile_butadiene_styrene,2055,acrylonitrile_butadiene_styrene,0.11619865679865118
C-WEU-NLD,acrylonitrile_butadiene_styrene,2060,acrylonitrile_butadiene_styrene,0.11620550723792553
C-WEU-NLD,aluminium,2020,aluminium,0.02646710430596959
C-WEU-NLD,aluminium,2030,aluminium,0.02486985478126414
C-WEU-NLD,aluminium,2040,aluminium,0.02485963591968476
C-WEU-NLD,aluminium,2050,aluminium,0.02402744827004263
C-WEU-NLD,aluminium,2060,aluminium,0.02423924828828888
C-WEU-NLD,bio-based_polypropylene,2020,polypropylene,0.1082103481299397
C-WEU-NLD,bio-based_polypropylene,2025,polypropylene,0.10809908302146684
C-WEU-NLD,bio-based_polypropylene,2030,polypropylene,0.1080017607775932
C-WEU-NLD,bio-based_polypropylene,2035,polypropylene,0.10803788032317356
C-WEU-NLD,bio-based_polypropylene,2040,polypropylene,0.10797910622344116
C-WEU-NLD,bio-based_polypropylene,2045,polypropylene,0.1079013516082562
C-WEU-NLD,bio-based_polypropylene,2050,polypropylene,0.10786136614289736
C-WEU-NLD,bio-based_polypropylene,2055,polypropylene,0.10787305809121128
C-WEU-NLD,bio-based_polypropylene,2060,polypropylene,0.10787871911745628
C-WEU-NLD,bio-based_polystyrene,2020,polystyrene,0.13271926723482974
C-WEU-NLD,bio-based_polystyrene,2025,polystyrene,0.13260323886749856
C-WEU-NLD,bio-based_polystyrene,2030,polystyrene,0.13250186153227944
C-WEU-NLD,bio-based_polystyrene,2035,polystyrene,0.13253991337618748
C-WEU-NLD,bio-based_polystyrene,2040,polystyrene,0.13247908208589784
C-WEU-NLD,bio-based_polystyrene,2045,polystyrene,0.13239783435536925
C-WEU-NLD,bio-based_polystyrene,2050,polystyrene,0.13235563015798635
C-WEU-NLD,bio-based_polystyrene,2055,polystyrene,0.13236790922664565
C-WEU-NLD,bio-based_polystyrene,2060,polystyrene,0.13237384846858033
C-WEU-NLD,concrete,2020,concrete,0.00567988998144854
C-WEU-NLD,concrete,2030,concrete,0.00562365031688157
C-WEU-NLD,concrete,2040,concrete,0.00561412509634526
C-WEU-NLD,concrete,2050,concrete,0.00558873493525347
C-WEU-NLD,concrete,2060,concrete,0.00559340905608848
C-WEU-NLD,copper,2020,copper,0.00567988998144854
C-WEU-NLD,copper,2030,copper,0.00562365031688151
C-WEU-NLD,copper,2040,copper,0.00561412509634526
C-WEU-NLD,copper,2050,copper,0.00558873493525379
C-WEU-NLD,copper,2060,copper,0.00559340905608848
C-WEU-NLD,glass,2020,glass,0.00558865243574116
C-WEU-NLD,glass,2030,glass,0.00558879165417781
C-WEU-NLD,glass,2040,glass,0.00555711452131706
C-WEU-NLD,glass,2050,glass,0.00555317922246935
C-WEU-NLD,glass,2060,glass,0.00556226476746677
C-WEU-NLD,other_plastics,2020,plastic_mixture,0.1002192453096137
C-WEU-NLD,other_plastics,2025,plastic_mixture,0.10008743855971196
C-WEU-NLD,other_plastics,2030,plastic_mixture,0.09997260865603814
C-WEU-NLD,other_plastics,2035,plastic_mixture,0.10001704545305608
C-WEU-NLD,other_plastics,2040,plastic_mixture,0.09994938482014253
C-WEU-NLD,other_plastics,2045,plastic_mixture,0.09985653634337044
C-WEU-NLD,other_plastics,2050,plastic_mixture,0.09980693445285688
C-WEU-NLD,other_plastics,2055,plastic_mixture,0.0998211587312681
C-WEU-NLD,other_plastics,2060,plastic_mixture,0.09982801377885468
C-WEU-NLD,polypropylene,2020,polypropylene,0.1082103481299397
C-WEU-NLD,polypropylene,2025,polypropylene,0.10809908302146684
C-WEU-NLD,polypropylene,2030,polypropylene,0.1080017607775932
C-WEU-NLD,polypropylene,2035,polypropylene,0.10803788032317356
C-WEU-NLD,polypropylene,2040,polypropylene,0.10797910622344116
C-WEU-NLD,polypropylene,2045,polypropylene,0.1079013516082562
C-WEU-NLD,polypropylene,2050,polypropylene,0.10786136614289736
C-WEU-NLD,polypropylene,2055,polypropylene,0.10787305809121128
C-WEU-NLD,polypropylene,2060,polypropylene,0.10787871911745628
C-WEU-NLD,polystyrene,2020,polystyrene,0.13271926723482974
C-WEU-NLD,polystyrene,2025,polystyrene,0.13260323886749856
C-WEU-NLD,polystyrene,2030,polystyrene,0.13250186153227944
C-WEU-NLD,polystyrene,2035,polystyrene,0.13253991337618748
C-WEU-NLD,polystyrene,2040,polystyrene,0.13247908208589784
C-WEU-NLD,polystyrene,2045,polystyrene,0.13239783435536925
C-WEU-NLD,polystyrene,2050,polystyrene,0.13235563015798635
C-WEU-NLD,polystyrene,2055,polystyrene,0.13236790922664565
C-WEU-NLD,polystyrene,2060,polystyrene,0.13237384846858033
C-WEU-NLD,steel,2020,steel,0.00567988998144854
C-WEU-NLD,steel,2030,steel,0.00562365031688151
C-WEU-NLD,steel,2040,steel,0.00561412509634526
C-WEU-NLD,steel,2050,steel,0.00558873493525379
C-WEU-NLD,steel,2060,steel,0.00559340905608848
C-WEU-NOR,acrylonitrile_butadiene_styrene,2020,acrylonitrile_butadiene_styrene,0.11653675878446776
C-WEU-NOR,acrylonitrile_butadiene_styrene,2025,acrylonitrile_butadiene_styrene,0.11642257453873768
C-WEU-NOR,acrylonitrile_butadiene_styrene,2030,acrylonitrile_butadiene_styrene,0.11632762060731516
C-WEU-NOR,acrylonitrile_butadiene_styrene,2035,acrylonitrile_butadiene_styrene,0.11636861255537807
C-WEU-NOR,acrylonitrile_butadiene_styrene,2040,acrylonitrile_butadiene_styrene,0.1163121960772038
C-WEU-NOR,acrylonitrile_butadiene_styrene,2045,acrylonitrile_butadiene_styrene,0.1162301535555764
C-WEU-NOR,acrylonitrile_butadiene_styrene,2050,acrylonitrile_butadiene_styrene,0.11618649625742224
C-WEU-NOR,acrylonitrile_butadiene_styrene,2055,acrylonitrile_butadiene_styrene,0.11619865679865118
C-WEU-NOR,acrylonitrile_butadiene_styrene,2060,acrylonitrile_butadiene_styrene,0.11620550723792553
C-WEU-NOR,aluminium,2020,aluminium,0.02646710430596959
C-WEU-NOR,aluminium,2030,aluminium,0.02486985478126414
C-WEU-NOR,aluminium,2040,aluminium,0.02485963591968476
C-WEU-NOR,aluminium,2050,aluminium,0.02402744827004263
C-WEU-NOR,aluminium,2060,aluminium,0.02423924828828888
C-WEU-NOR,bio-based_polypropylene,2020,polypropylene,0.1082103481299397
C-WEU-NOR,bio-based_polypropylene,2025,polypropylene,0.10809908302146684
C-WEU-NOR,bio-based_polypropylene,2030,polypropylene,0.1080017607775932
C-WEU-NOR,bio-based_polypropylene,2035,polypropylene,0.10803788032317356
C-WEU-NOR,bio-based_polypropylene,2040,polypropylene,0.10797910622344116
C-WEU-NOR,bio-based_polypropylene,2045,polypropylene,0.1079013516082562
C-WEU-NOR,bio-based_polypropylene,2050,polypropylene,0.10786136614289736
C-WEU-NOR,bio-based_polypropylene,2055,polypropylene,0.10787305809121128
C-WEU-NOR,bio-based_polypropylene,2060,polypropylene,0.10787871911745628
C-WEU-NOR,bio-based_polystyrene,2020,polystyrene,0.13271926723482974
C-WEU-NOR,bio-based_polystyrene,2025,polystyrene,0.13260323886749856
C-WEU-NOR,bio-based_polystyrene,2030,polystyrene,0.13250186153227944
C-WEU-NOR,bio-based_polystyrene,2035,polystyrene,0.13253991337618748
C-WEU-NOR,bio-based_polystyrene,2040,polystyrene,0.13247908208589784
C-WEU-NOR,bio-based_polystyrene,2045,polystyrene,0.13239783435536925
C-WEU-NOR,bio-based_polystyrene,2050,polystyrene,0.13235563015798635
C-WEU-NOR,bio-based_polystyrene,2055,polystyrene,0.13236790922664565
C-WEU-NOR,bio-based_polystyrene,2060,polystyrene,0.13237384846858033
C-WEU-NOR,concrete,2020,concrete,0.00567988998144854
C-WEU-NOR,concrete,2030,concrete,0.00562365031688157
C-WEU-NOR,concrete,2040,concrete,0.00561412509634526
C-WEU-NOR,concrete,2050,concrete,0.00558873493525347
C-WEU-NOR,concrete,2060,concrete,0.00559340905608848
C-WEU-NOR,copper,2020,copper,0.00567988998144854
C-WEU-NOR,copper,2030,copper,0.00562365031688151
C-WEU-NOR,copper,2040,copper,0.00561412509634526
C-WEU-NOR,copper,2050,copper,0.00558873493525379
C-WEU-NOR,copper,2060,copper,0.00559340905608848
C-WEU-NOR,glass,2020,glass,0.00558865243574116
C-WEU-NOR,glass,2030,glass,0.00558879165417781
C-WEU-NOR,glass,2040,glass,0.00555711452131706
C-WEU-NOR,glass,2050,glass,0.00555317922246935
C-WEU-NOR,glass,2060,glass,0.00556226476746677
C-WEU-NOR,other_plastics,2020,plastic_mixture,0.1002192453096137
C-WEU-NOR,other_plastics,2025,plastic_mixture,0.10008743855971196
C-WEU-NOR,other_plastics,2030,plastic_mixture,0.09997260865603814
C-WEU-NOR,other_plastics,2035,plastic_mixture,0.10001704545305608
C-WEU-NOR,other_plastics,2040,plastic_mixture,0.09994938482014253
C-WEU-NOR,other_plastics,2045,plastic_mixture,0.09985653634337044
C-WEU-NOR,other_plastics,2050,plastic_mixture,0.09980693445285688
C-WEU-NOR,other_plastics,2055,plastic_mixture,0.0998211587312681
C-WEU-NOR,other_plastics,2060,plastic_mixture,0.09982801377885468
C-WEU-NOR,polypropylene,2020,polypropylene,0.1082103481299397
C-WEU-NOR,polypropylene,2025,polypropylene,0.10809908302146684
C-WEU-NOR,polypropylene,2030,polypropylene,0.1080017607775932
C-WEU-NOR,polypropylene,2035,polypropylene,0.10803788032317356
C-WEU-NOR,polypropylene,2040,polypropylene,0.10797910622344116
C-WEU-NOR,polypropylene,2045,polypropylene,0.1079013516082562
C-WEU-NOR,polypropylene,2050,polypropylene,0.10786136614289736
C-WEU-NOR,polypropylene,2055,polypropylene,0.10787305809121128
C-WEU-NOR,polypropylene,2060,polypropylene,0.10787871911745628
C-WEU-NOR,polystyrene,2020,polystyrene,0.13271926723482974
C-WEU-NOR,polystyrene,2025,polystyrene,0.13260323886749856
C-WEU-NOR,polystyrene,2030,polystyrene,0.13250186153227944
C-WEU-NOR,polystyrene,2035,polystyrene,0.13253991337618748
C-WEU-NOR,polystyrene,2040,polystyrene,0.13247908208589784
C-WEU-NOR,polystyrene,2045,polystyrene,0.13239783435536925
C-WEU-NOR,polystyrene,2050,polystyrene,0.13235563015798635
C-WEU-NOR,polystyrene,2055,polystyrene,0.13236790922664565
C-WEU-NOR,polystyrene,2060,polystyrene,0.13237384846858033
C-WEU-NOR,steel,2020,steel,0.00567988998144854
C-WEU-NOR,steel,2030,steel,0.00562365031688151
C-WEU-NOR,steel,2040,steel,0.00561412509634526
C-WEU-NOR,steel,2050,steel,0.00558873493525379
C-WEU-NOR,steel,2060,steel,0.00559340905608848
C-WEU-PRT,acrylonitrile_butadiene_styrene,2020,acrylonitrile_butadiene_styrene,0.11653675878446776
C-WEU-PRT,acrylonitrile_butadiene_styrene,2025,acrylonitrile_butadiene_styrene,0.11642257453873768
C-WEU-PRT,acrylonitrile_butadiene_styrene,2030,acrylonitrile_butadiene_styrene,0.11632762060731516
C-WEU-PRT,acrylonitrile_butadiene_styrene,2035,acrylonitrile_butadiene_styrene,0.11636861255537807
C-WEU-PRT,acrylonitrile_butadiene_styrene,2040,acrylonitrile_butadiene_styrene,0.1163121960772038
C-WEU-PRT,acrylonitrile_butadiene_styrene,2045,acrylonitrile_butadiene_styrene,0.1162301535555764
C-WEU-PRT,acrylonitrile_butadiene_styrene,2050,acrylonitrile_butadiene_styrene,0.11618649625742224
C-WEU-PRT,acrylonitrile_butadiene_styrene,2055,acrylonitrile_butadiene_styrene,0.11619865679865118
C-WEU-PRT,acrylonitrile_butadiene_styrene,2060,acrylonitrile_butadiene_styrene,0.11620550723792553
C-WEU-PRT,aluminium,2020,aluminium,0.02646710430596959
C-WEU-PRT,aluminium,2030,aluminium,0.02486985478126414
C-WEU-PRT,aluminium,2040,aluminium,0.02485963591968476
C-WEU-PRT,aluminium,2050,aluminium,0.02402744827004263
C-WEU-PRT,aluminium,2060,aluminium,0.02423924828828888
C-WEU-PRT,bio-based_polypropylene,2020,polypropylene,0.1082103481299397
C-WEU-PRT,bio-based_polypropylene,2025,polypropylene,0.10809908302146684
C-WEU-PRT,bio-based_polypropylene,2030,polypropylene,0.1080017607775932
C-WEU-PRT,bio-based_polypropylene,2035,polypropylene,0.10803788032317356
C-WEU-PRT,bio-based_polypropylene,2040,polypropylene,0.10797910622344116
C-WEU-PRT,bio-based_polypropylene,2045,polypropylene,0.1079013516082562
C-WEU-PRT,bio-based_polypropylene,2050,polypropylene,0.10786136614289736
C-WEU-PRT,bio-based_polypropylene,2055,polypropylene,0.10787305809121128
C-WEU-PRT,bio-based_polypropylene,2060,polypropylene,0.10787871911745628
C-WEU-PRT,bio-based_polystyrene,2020,polystyrene,0.13271926723482974
C-WEU-PRT,bio-based_polystyrene,2025,polystyrene,0.13260323886749856
C-WEU-PRT,bio-based_polystyrene,2030,polystyrene,0.13250186153227944
C-WEU-PRT,bio-based_polystyrene,2035,polystyrene,0.13253991337618748
C-WEU-PRT,bio-based_polystyrene,2040,polystyrene,0.13247908208589784
C-WEU-PRT,bio-based_polystyrene,2045,polystyrene,0.13239783435536925
C-WEU-PRT,bio-based_polystyrene,2050,polystyrene,0.13235563015798635
C-WEU-PRT,bio-based_polystyrene,2055,polystyrene,0.13236790922664565
C-WEU-PRT,bio-based_polystyrene,2060,polystyrene,0.13237384846858033
C-WEU-PRT,concrete,2020,concrete,0.00567988998144854
C-WEU-PRT,concrete,2030,concrete,0.00562365031688157
C-WEU-PRT,concrete,2040,concrete,0.00561412509634526
C-WEU-PRT,concrete,2050,concrete,0.00558873493525347
C-WEU-PRT,concrete,2060,concrete,0.00559340905608848
C-WEU-PRT,copper,2020,copper,0.00567988998144854
C-WEU-PRT,copper,2030,copper,0.00562365031688151
C-WEU-PRT,copper,2040,copper,0.00561412509634526
C-WEU-PRT,copper,2050,copper,0.00558873493525379
C-WEU-PRT,copper,2060,copper,0.00559340905608848
C-WEU-PRT,glass,2020,glass,0.00558865243574116
C-WEU-PRT,glass,2030,glass,0.00558879165417781
C-WEU-PRT,glass,2040,glass,0.00555711452131706
C-WEU-PRT,glass,2050,glass,0.00555317922246935
C-WEU-PRT,glass,2060,glass,0.00556226476746677
C-WEU-PRT,other_plastics,2020,plastic_mixture,0.1002192453096137
C-WEU-PRT,other_plastics,2025,plastic_mixture,0.10008743855971196
C-WEU-PRT,other_plastics,2030,plastic_mixture,0.09997260865603814
C-WEU-PRT,other_plastics,2035,plastic_mixture,0.10001704545305608
C-WEU-PRT,other_plastics,2040,plastic_mixture,0.09994938482014253
C-WEU-PRT,other_plastics,2045,plastic_mixture,0.09985653634337044
C-WEU-PRT,other_plastics,2050,plastic_mixture,0.09980693445285688
C-WEU-PRT,other_plastics,2055,plastic_mixture,0.0998211587312681
C-WEU-PRT,other_plastics,2060,plastic_mixture,0.09982801377885468
C-WEU-PRT,polypropylene,2020,polypropylene,0.1082103481299397
C-WEU-PRT,polypropylene,2025,polypropylene,0.10809908302146684
C-WEU-PRT,polypropylene,2030,polypropylene,0.1080017607775932
C-WEU-PRT,polypropylene,2035,polypropylene,0.10803788032317356
C-WEU-PRT,polypropylene,2040,polypropylene,0.10797910622344116
C-WEU-PRT,polypropylene,2045,polypropylene,0.1079013516082562
C-WEU-PRT,polypropylene,2050,polypropylene,0.10786136614289736
C-WEU-PRT,polypropylene,2055,polypropylene,0.10787305809121128
C-WEU-PRT,polypropylene,2060,polypropylene,0.10787871911745628
C-WEU-PRT,polystyrene,2020,polystyrene,0.13271926723482974
C-WEU-PRT,polystyrene,2025,polystyrene,0.13260323886749856
C-WEU-PRT,polystyrene,2030,polystyrene,0.13250186153227944
C-WEU-PRT,polystyrene,2035,polystyrene,0.13253991337618748
C-WEU-PRT,polystyrene,2040,polystyrene,0.13247908208589784
C-WEU-PRT,polystyrene,2045,polystyrene,0.13239783435536925
C-WEU-PRT,polystyrene,2050,polystyrene,0.13235563015798635
C-WEU-PRT,polystyrene,2055,polystyrene,0.13236790922664565
C-WEU-PRT,polystyrene,2060,polystyrene,0.13237384846858033
C-WEU-PRT,steel,2020,steel,0.00567988998144854
C-WEU-PRT,steel,2030,steel,0.00562365031688151
C-WEU-PRT,steel,2040,steel,0.00561412509634526
C-WEU-PRT,steel,2050,steel,0.00558873493525379
C-WEU-PRT,steel,2060,steel,0.00559340905608848
C-WEU-SWE,acrylonitrile_butadiene_styrene,2020,acrylonitrile_butadiene_styrene,0.11653675878446776
C-WEU-SWE,acrylonitrile_butadiene_styrene,2025,acrylonitrile_butadiene_styrene,0.11642257453873768
C-WEU-SWE,acrylonitrile_butadiene_styrene,2030,acrylonitrile_butadiene_styrene,0.11632762060731516
C-WEU-SWE,acrylonitrile_butadiene_styrene,2035,acrylonitrile_butadiene_styrene,0.11636861255537807
C-WEU-SWE,acrylonitrile_butadiene_styrene,2040,acrylonitrile_butadiene_styrene,0.1163121960772038
C-WEU-SWE,acrylonitrile_butadiene_styrene,2045,acrylonitrile_butadiene_styrene,0.1162301535555764
C-WEU-SWE,acrylonitrile_butadiene_styrene,2050,acrylonitrile_butadiene_styrene,0.11618649625742224
C-WEU-SWE,acrylonitrile_butadiene_styrene,2055,acrylonitrile_butadiene_styrene,0.11619865679865118
C-WEU-SWE,acrylonitrile_butadiene_styrene,2060,acrylonitrile_butadiene_styrene,0.11620550723792553
C-WEU-SWE,aluminium,2020,aluminium,0.02646710430596959
C-WEU-SWE,aluminium,2030,aluminium,0.02486985478126414
C-WEU-SWE,aluminium,2040,aluminium,0.02485963591968476
C-WEU-SWE,aluminium,2050,aluminium,0.02402744827004263
C-WEU-SWE,aluminium,2060,aluminium,0.02423924828828888
C-WEU-SWE,bio-based_polypropylene,2020,polypropylene,0.1082103481299397
C-WEU-SWE,bio-based_polypropylene,2025,polypropylene,0.10809908302146684
C-WEU-SWE,bio-based_polypropylene,2030,polypropylene,0.1080017607775932
C-WEU-SWE,bio-based_polypropylene,2035,polypropylene,0.10803788032317356
C-WEU-SWE,bio-based_polypropylene,2040,polypropylene,0.10797910622344116
C-WEU-SWE,bio-based_polypropylene,2045,polypropylene,0.1079013516082562
C-WEU-SWE,bio-based_polypropylene,2050,polypropylene,0.10786136614289736
C-WEU-SWE,bio-based_polypropylene,2055,polypropylene,0.10787305809121128
C-WEU-SWE,bio-based_polypropylene,2060,polypropylene,0.10787871911745628
C-WEU-SWE,bio-based_polystyrene,2020,polystyrene,0.13271926723482974
C-WEU-SWE,bio-based_polystyrene,2025,polystyrene,0.13260323886749856
C-WEU-SWE,bio-based_polystyrene,2030,polystyrene,0.13250186153227944
C-WEU-SWE,bio-based_polystyrene,2035,polystyrene,0.13253991337618748
C-WEU-SWE,bio-based_polystyrene,2040,polystyrene,0.13247908208589784
C-WEU-SWE,bio-based_polystyrene,2045,polystyrene,0.13239783435536925
C-WEU-SWE,bio-based_polystyrene,2050,polystyrene,0.13235563015798635
C-WEU-SWE,bio-based_polystyrene,2055,polystyrene,0.13236790922664565
C-WEU-SWE,bio-based_polystyrene,2060,polystyrene,0.13237384846858033
C-WEU-SWE,concrete,2020,concrete,0.00567988998144854
C-WEU-SWE,concrete,2030,concrete,0.00562365031688157
C-WEU-SWE,concrete,2040,concrete,0.00561412509634526
C-WEU-SWE,concrete,2050,concrete,0.00558873493525347
C-WEU-SWE,concrete,2060,concrete,0.00559340905608848
C-WEU-SWE,copper,2020,copper,0.00567988998144854
C-WEU-SWE,copper,2030,copper,0.00562365031688151
C-WEU-SWE,copper,2040,copper,0.00561412509634526
C-WEU-SWE,copper,2050,copper,0.00558873493525379
C-WEU-SWE,copper,2060,copper,0.00559340905608848
C-WEU-SWE,glass,2020,glass,0.00558865243574116
C-WEU-SWE,glass,2030,glass,0.00558879165417781
C-WEU-SWE,glass,2040,glass,0.00555711452131706
C-WEU-SWE,glass,2050,glass,0.00555317922246935
C-WEU-SWE,glass,2060,glass,0.00556226476746677
C-WEU-SWE,other_plastics,2020,plastic_mixture,0.1002192453096137
C-WEU-SWE,other_plastics,2025,plastic_mixture,0.10008743855971196
C-WEU-SWE,other_plastics,2030,plastic_mixture,0.09997260865603814
C-WEU-SWE,other_plastics,2035,plastic_mixture,0.10001704545305608
C-WEU-SWE,other_plastics,2040,plastic_mixture,0.09994938482014253
C-WEU-SWE,other_plastics,2045,plastic_mixture,0.09985653634337044
C-WEU-SWE,other_plastics,2050,plastic_mixture,0.09980693445285688
C-WEU-SWE,other_plastics,2055,plastic_mixture,0.0998211587312681
C-WEU-SWE,other_plastics,2060,plastic_mixture,0.09982801377885468
C-WEU-SWE,polypropylene,2020,polypropylene,0.1082103481299397
C-WEU-SWE,polypropylene,2025,polypropylene,0.10809908302146684
C-WEU-SWE,polypropylene,2030,polypropylene,0.1080017607775932
C-WEU-SWE,polypropylene,2035,polypropylene,0.10803788032317356
C-WEU-SWE,polypropylene,2040,polypropylene,0.10797910622344116
C-WEU-SWE,polypropylene,2045,polypropylene,0.1079013516082562
C-WEU-SWE,polypropylene,2050,polypropylene,0.10786136614289736
C-WEU-SWE,polypropylene,2055,polypropylene,0.10787305809121128
C-WEU-SWE,polypropylene,2060,polypropylene,0.10787871911745628
C-WEU-SWE,polystyrene,2020,polystyrene,0.13271926723482974
C-WEU-SWE,polystyrene,2025,polystyrene,0.13260323886749856
C-WEU-SWE,polystyrene,2030,polystyrene,0.13250186153227944
C-WEU-SWE,polystyrene,2035,polystyrene,0.13253991337618748
C-WEU-SWE,polystyrene,2040,polystyrene,0.13247908208589784
C-WEU-SWE,polystyrene,2045,polystyrene,0.13239783435536925
C-WEU-SWE,polystyrene,2050,polystyrene,0.13235563015798635
C-WEU-SWE,polystyrene,2055,polystyrene,0.13236790922664565
C-WEU-SWE,polystyrene,2060,polystyrene,0.13237384846858033
C-WEU-SWE,steel,2020,steel,0.00567988998144854
C-WEU-SWE,steel,2030,steel,0.00562365031688151
C-WEU-SWE,steel,2040,steel,0.00561412509634526
C-WEU-SWE,steel,2050,steel,0.00558873493525379
C-WEU-SWE,steel,2060,steel,0.00559340905608848
R32ANUZ,acrylonitrile_butadiene_styrene,2020,acrylonitrile_butadiene_styrene,0.11653675878446776
R32ANUZ,acrylonitrile_butadiene_styrene,2025,acrylonitrile_butadiene_styrene,0.11642257453873768
R32ANUZ,acrylonitrile_butadiene_styrene,2030,acrylonitrile_butadiene_styrene,0.11632762060731516
R32ANUZ,acrylonitrile_butadiene_styrene,2035,acrylonitrile_butadiene_styrene,0.11636861255537807
R32ANUZ,acrylonitrile_butadiene_styrene,2040,acrylonitrile_butadiene_styrene,0.1163121960772038
R32ANUZ,acrylonitrile_butadiene_styrene,2045,acrylonitrile_butadiene_styrene,0.1162301535555764
R32ANUZ,acrylonitrile_butadiene_styrene,2050,acrylonitrile_butadiene_styrene,0.11618649625742224
R32ANUZ,acrylonitrile_butadiene_styrene,2055,acrylonitrile_butadiene_styrene,0.11619865679865118
R32ANUZ,acrylonitrile_butadiene_styrene,2060,acrylonitrile_butadiene_styrene,0.11620550723792553
R32ANUZ,bio-based_polypropylene,2020,polypropylene,0.1082103481299397
R32ANUZ,bio-based_polypropylene,2025,polypropylene,0.10809908302146684
R32ANUZ,bio-based_polypropylene,2030,polypropylene,0.1080017607775932
R32ANUZ,bio-based_polypropylene,2035,polypropylene,0.10803788032317356
R32ANUZ,bio-based_polypropylene,2040,polypropylene,0.10797910622344116
R32ANUZ,bio-based_polypropylene,2045,polypropylene,0.1079013516082562
R32ANUZ,bio-based_polypropylene,2050,polypropylene,0.10786136614289736
R32ANUZ,bio-based_polypropylene,2055,polypropylene,0.10787305809121128
R32ANUZ,bio-based_polypropylene,2060,polypropylene,0.10787871911745628
R32ANUZ,bio-based_polystyrene,2020,polystyrene,0.13271926723482974
R32ANUZ,bio-based_polystyrene,2025,polystyrene,0.13260323886749856
R32ANUZ,bio-based_polystyrene,2030,polystyrene,0.13250186153227944
R32ANUZ,bio-based_polystyrene,2035,polystyrene,0.13253991337618748
R32ANUZ,bio-based_polystyrene,2040,polystyrene,0.13247908208589784
R32ANUZ,bio-based_polystyrene,2045,polystyrene,0.13239783435536925
R32ANUZ,bio-based_polystyrene,2050,polystyrene,0.13235563015798635
R32ANUZ,bio-based_polystyrene,2055,polystyrene,0.13236790922664565
R32ANUZ,bio-based_polystyrene,2060,polystyrene,0.13237384846858033
R32ANUZ,other_plastics,2020,plastic_mixture,0.1002192453096137
R32ANUZ,other_plastics,2025,plastic_mixture,0.10008743855971196
R32ANUZ,other_plastics,2030,plastic_mixture,0.09997260865603814
R32ANUZ,other_plastics,2035,plastic_mixture,0.10001704545305608
R32ANUZ,other_plastics,2040,plastic_mixture,0.09994938482014253
R32ANUZ,other_plastics,2045,plastic_mixture,0.09985653634337044
R32ANUZ,other_plastics,2050,plastic_mixture,0.09980693445285688
R32ANUZ,other_plastics,2055,plastic_mixture,0.0998211587312681
R32ANUZ,other_plastics,2060,plastic_mixture,0.09982801377885468
R32ANUZ,polypropylene,2020,polypropylene,0.1082103481299397
R32ANUZ,polypropylene,2025,polypropylene,0.10809908302146684
R32ANUZ,polypropylene,2030,polypropylene,0.1080017607775932
R32ANUZ,polypropylene,2035,polypropylene,0.10803788032317356
R32ANUZ,polypropylene,2040,polypropylene,0.10797910622344116
R32ANUZ,polypropylene,2045,polypropylene,0.1079013516082562
R32ANUZ,polypropylene,2050,polypropylene,0.10786136614289736
R32ANUZ,polypropylene,2055,polypropylene,0.10787305809121128
R32ANUZ,polypropylene,2060,polypropylene,0.10787871911745628
R32ANUZ,polystyrene,2020,polystyrene,0.13271926723482974
R32ANUZ,polystyrene,2025,polystyrene,0.13260323886749856
R32ANUZ,polystyrene,2030,polystyrene,0.13250186153227944
R32ANUZ,polystyrene,2035,polystyrene,0.13253991337618748
R32ANUZ,polystyrene,2040,polystyrene,0.13247908208589784
R32ANUZ,polystyrene,2045,polystyrene,0.13239783435536925
R32ANUZ,polystyrene,2050,polystyrene,0.13235563015798635
R32ANUZ,polystyrene,2055,polystyrene,0.13236790922664565
R32ANUZ,polystyrene,2060,polystyrene,0.13237384846858033
R32BRA,acrylonitrile_butadiene_styrene,2020,acrylonitrile_butadiene_styrene,0.11653675878446776
R32BRA,acrylonitrile_butadiene_styrene,2025,acrylonitrile_butadiene_styrene,0.11642257453873768
R32BRA,acrylonitrile_butadiene_styrene,2030,acrylonitrile_butadiene_styrene,0.11632762060731516
R32BRA,acrylonitrile_butadiene_styrene,2035,acrylonitrile_butadiene_styrene,0.11636861255537807
R32BRA,acrylonitrile_butadiene_styrene,2040,acrylonitrile_butadiene_styrene,0.1163121960772038
R32BRA,acrylonitrile_butadiene_styrene,2045,acrylonitrile_butadiene_styrene,0.1162301535555764
R32BRA,acrylonitrile_butadiene_styrene,2050,acrylonitrile_butadiene_styrene,0.11618649625742224
R32BRA,acrylonitrile_butadiene_styrene,2055,acrylonitrile_butadiene_styrene,0.11619865679865118
R32BRA,acrylonitrile_butadiene_styrene,2060,acrylonitrile_butadiene_styrene,0.11620550723792553
R32BRA,bio-based_polypropylene,2020,polypropylene,0.1082103481299397
R32BRA,bio-based_polypropylene,2025,polypropylene,0.10809908302146684
R32BRA,bio-based_polypropylene,2030,polypropylene,0.1080017607775932
R32BRA,bio-based_polypropylene,2035,polypropylene,0.10803788032317356
R32BRA,bio-based_polypropylene,2040,polypropylene,0.10797910622344116
R32BRA,bio-based_polypropylene,2045,polypropylene,0.1079013516082562
R32BRA,bio-based_polypropylene,2050,polypropylene,0.10786136614289736
R32BRA,bio-based_polypropylene,2055,polypropylene,0.10787305809121128
R32BRA,bio-based_polypropylene,2060,polypropylene,0.10787871911745628
R32BRA,bio-based_polystyrene,2020,polystyrene,0.13271926723482974
R32BRA,bio-based_polystyrene,2025,polystyrene,0.13260323886749856
R32BRA,bio-based_polystyrene,2030,polystyrene,0.13250186153227944
R32BRA,bio-based_polystyrene,2035,polystyrene,0.13253991337618748
R32BRA,bio-based_polystyrene,2040,polystyrene,0.13247908208589784
R32BRA,bio-based_polystyrene,2045,polystyrene,0.13239783435536925
R32BRA,bio-based_polystyrene,2050,polystyrene,0.13235563015798635
R32BRA,bio-based_polystyrene,2055,polystyrene,0.13236790922664565
R32BRA,bio-based_polystyrene,2060,polystyrene,0.13237384846858033
R32BRA,other_plastics,2020,plastic_mixture,0.1002192453096137
R32BRA,other_plastics,2025,plastic_mixture,0.10008743855971196
R32BRA,other_plastics,2030,plastic_mixture,0.09997260865603814
R32BRA,other_plastics,2035,plastic_mixture,0.10001704545305608
R32BRA,other_plastics,2040,plastic_mixture,0.09994938482014253
R32BRA,other_plastics,2045,plastic_mixture,0.09985653634337044
R32BRA,other_plastics,2050,plastic_mixture,0.09980693445285688
R32BRA,other_plastics,2055,plastic_mixture,0.0998211587312681
R32BRA,other_plastics,2060,plastic_mixture,0.09982801377885468
R32BRA,polypropylene,2020,polypropylene,0.1082103481299397
R32BRA,polypropylene,2025,polypropylene,0.10809908302146684
R32BRA,polypropylene,2030,polypropylene,0.1080017607775932
R32BRA,polypropylene,2035,polypropylene,0.10803788032317356
R32BRA,polypropylene,2040,polypropylene,0.10797910622344116
R32BRA,polypropylene,2045,polypropylene,0.1079013516082562
R32BRA,polypropylene,2050,polypropylene,0.10786136614289736
R32BRA,polypropylene,2055,polypropylene,0.10787305809121128
R32BRA,polypropylene,2060,polypropylene,0.10787871911745628
R32BRA,polystyrene,2020,polystyrene,0.13271926723482974
R32BRA,polystyrene,2025,polystyrene,0.13260323886749856
R32BRA,polystyrene,2030,polystyrene,0.13250186153227944
R32BRA,polystyrene,2035,polystyrene,0.13253991337618748
R32BRA,polystyrene,2040,polystyrene,0.13247908208589784
R32BRA,polystyrene,2045,polystyrene,0.13239783435536925
R32BRA,polystyrene,2050,polystyrene,0.13235563015798635
R32BRA,polystyrene,2055,polystyrene,0.13236790922664565
R32BRA,polystyrene,2060,polystyrene,0.13237384846858033
R32CAN,acrylonitrile_butadiene_styrene,2020,acrylonitrile_butadiene_styrene,0.11653675878446776
R32CAN,acrylonitrile_butadiene_styrene,2025,acrylonitrile_butadiene_styrene,0.11642257453873768
R32CAN,acrylonitrile_butadiene_styrene,2030,acrylonitrile_butadiene_styrene,0.11632762060731516
R32CAN,acrylonitrile_butadiene_styrene,2035,acrylonitrile_butadiene_styrene,0.11636861255537807
R32CAN,acrylonitrile_butadiene_styrene,2040,acrylonitrile_butadiene_styrene,0.1163121960772038
R32CAN,acrylonitrile_butadiene_styrene,2045,acrylonitrile_butadiene_styrene,0.1162301535555764
R32CAN,acrylonitrile_butadiene_styrene,2050,acrylonitrile_butadiene_styrene,0.11618649625742224
R32CAN,acrylonitrile_butadiene_styrene,2055,acrylonitrile_butadiene_styrene,0.11619865679865118
R32CAN,acrylonitrile_butadiene_styrene,2060,acrylonitrile_butadiene_styrene,0.11620550723792553
R32CAN,bio-based_polypropylene,2020,polypropylene,0.1082103481299397
R32CAN,bio-based_polypropylene,2025,polypropylene,0.10809908302146684
R32CAN,bio-based_polypropylene,2030,polypropylene,0.1080017607775932
R32CAN,bio-based_polypropylene,2035,polypropylene,0.10803788032317356
R32CAN,bio-based_polypropylene,2040,polypropylene,0.10797910622344116
R32CAN,bio-based_polypropylene,2045,polypropylene,0.1079013516082562
R32CAN,bio-based_polypropylene,2050,polypropylene,0.10786136614289736
R32CAN,bio-based_polypropylene,2055,polypropylene,0.10787305809121128
R32CAN,bio-based_polypropylene,2060,polypropylene,0.10787871911745628
R32CAN,bio-based_polystyrene,2020,polystyrene,0.13271926723482974
R32CAN,bio-based_polystyrene,2025,polystyrene,0.13260323886749856
R32CAN,bio-based_polystyrene,2030,polystyrene,0.13250186153227944
R32CAN,bio-based_polystyrene,2035,polystyrene,0.13253991337618748
R32CAN,bio-based_polystyrene,2040,polystyrene,0.13247908208589784
R32CAN,bio-based_polystyrene,2045,polystyrene,0.13239783435536925
R32CAN,bio-based_polystyrene,2050,polystyrene,0.13235563015798635
R32CAN,bio-based_polystyrene,2055,polystyrene,0.13236790922664565
R32CAN,bio-based_polystyrene,2060,polystyrene,0.13237384846858033
R32CAN,other_plastics,2020,plastic_mixture,0.1002192453096137
R32CAN,other_plastics,2025,plastic_mixture,0.10008743855971196
R32CAN,other_plastics,2030,plastic_mixture,0.09997260865603814
R32CAN,other_plastics,2035,plastic_mixture,0.10001704545305608
R32CAN,other_plastics,2040,plastic_mixture,0.09994938482014253
R32CAN,other_plastics,2045,plastic_mixture,0.09985653634337044
R32CAN,other_plastics,2050,plastic_mixture,0.09980693445285688
R32CAN,other_plastics,2055,plastic_mixture,0.0998211587312681
R32CAN,other_plastics,2060,plastic_mixture,0.09982801377885468
R32CAN,polypropylene,2020,polypropylene,0.1082103481299397
R32CAN,polypropylene,2025,polypropylene,0.10809908302146684
R32CAN,polypropylene,2030,polypropylene,0.1080017607775932
R32CAN,polypropylene,2035,polypropylene,0.10803788032317356
R32CAN,polypropylene,2040,polypropylene,0.10797910622344116
R32CAN,polypropylene,2045,polypropylene,0.1079013516082562
R32CAN,polypropylene,2050,polypropylene,0.10786136614289736
R32CAN,polypropylene,2055,polypropylene,0.10787305809121128
R32CAN,polypropylene,2060,polypropylene,0.10787871911745628
R32CAN,polystyrene,2020,polystyrene,0.13271926723482974
R32CAN,polystyrene,2025,polystyrene,0.13260323886749856
R32CAN,polystyrene,2030,polystyrene,0.13250186153227944
R32CAN,polystyrene,2035,polystyrene,0.13253991337618748
R32CAN,polystyrene,2040,polystyrene,0.13247908208589784
R32CAN,polystyrene,2045,polystyrene,0.13239783435536925
R32CAN,polystyrene,2050,polystyrene,0.13235563015798635
R32CAN,polystyrene,2055,polystyrene,0.13236790922664565
R32CAN,polystyrene,2060,polystyrene,0.13237384846858033
R32CAS-CAU,acrylonitrile_butadiene_styrene,2020,acrylonitrile_butadiene_styrene,0.11653675878446776
R32CAS-CAU,acrylonitrile_butadiene_styrene,2025,acrylonitrile_butadiene_styrene,0.11642257453873768
R32CAS-CAU,acrylonitrile_butadiene_styrene,2030,acrylonitrile_butadiene_styrene,0.11632762060731516
R32CAS-CAU,acrylonitrile_butadiene_styrene,2035,acrylonitrile_butadiene_styrene,0.11636861255537807
R32CAS-CAU,acrylonitrile_butadiene_styrene,2040,acrylonitrile_butadiene_styrene,0.1163121960772038
R32CAS-CAU,acrylonitrile_butadiene_styrene,2045,acrylonitrile_butadiene_styrene,0.1162301535555764
R32CAS-CAU,acrylonitrile_butadiene_styrene,2050,acrylonitrile_butadiene_styrene,0.11618649625742224
R32CAS-CAU,acrylonitrile_butadiene_styrene,2055,acrylonitrile_butadiene_styrene,0.11619865679865118
R32CAS-CAU,acrylonitrile_butadiene_styrene,2060,acrylonitrile_butadiene_styrene,0.11620550723792553
R32CAS-CAU,bio-based_polypropylene,2020,polypropylene,0.1082103481299397
R32CAS-CAU,bio-based_polypropylene,2025,polypropylene,0.10809908302146684
R32CAS-CAU,bio-based_polypropylene,2030,polypropylene,0.1080017607775932
R32CAS-CAU,bio-based_polypropylene,2035,polypropylene,0.10803788032317356
R32CAS-CAU,bio-based_polypropylene,2040,polypropylene,0.10797910622344116
R32CAS-CAU,bio-based_polypropylene,2045,polypropylene,0.1079013516082562
R32CAS-CAU,bio-based_polypropylene,2050,polypropylene,0.10786136614289736
R32CAS-CAU,bio-based_polypropylene,2055,polypropylene,0.10787305809121128
R32CAS-CAU,bio-based_polypropylene,2060,polypropylene,0.10787871911745628
R32CAS-CAU,bio-based_polystyrene,2020,polystyrene,0.13271926723482974
R32CAS-CAU,bio-based_polystyrene,2025,polystyrene,0.13260323886749856
R32CAS-CAU,bio-based_polystyrene,2030,polystyrene,0.13250186153227944
R32CAS-CAU,bio-based_polystyrene,2035,polystyrene,0.13253991337618748
R32CAS-CAU,bio-based_polystyrene,2040,polystyrene,0.13247908208589784
R32CAS-CAU,bio-based_polystyrene,2045,polystyrene,0.13239783435536925
R32CAS-CAU,bio-based_polystyrene,2050,polystyrene,0.13235563015798635
R32CAS-CAU,bio-based_polystyrene,2055,polystyrene,0.13236790922664565
R32CAS-CAU,bio-based_polystyrene,2060,polystyrene,0.13237384846858033
R32CAS-CAU,other_plastics,2020,plastic_mixture,0.1002192453096137
R32CAS-CAU,other_plastics,2025,plastic_mixture,0.10008743855971196
R32CAS-CAU,other_plastics,2030,plastic_mixture,0.09997260865603814
R32CAS-CAU,other_plastics,2035,plastic_mixture,0.10001704545305608
R32CAS-CAU,other_plastics,2040,plastic_mixture,0.09994938482014253
R32CAS-CAU,other_plastics,2045,plastic_mixture,0.09985653634337044
R32CAS-CAU,other_plastics,2050,plastic_mixture,0.09980693445285688
R32CAS-CAU,other_plastics,2055,plastic_mixture,0.0998211587312681
R32CAS-CAU,other_plastics,2060,plastic_mixture,0.09982801377885468
R32CAS-CAU,polypropylene,2020,polypropylene,0.1082103481299397
R32CAS-CAU,polypropylene,2025,polypropylene,0.10809908302146684
R32CAS-CAU,polypropylene,2030,polypropylene,0.1080017607775932
R32CAS-CAU,polypropylene,2035,polypropylene,0.10803788032317356
R32CAS-CAU,polypropylene,2040,polypropylene,0.10797910622344116
R32CAS-CAU,polypropylene,2045,polypropylene,0.1079013516082562
R32CAS-CAU,polypropylene,2050,polypropylene,0.10786136614289736
R32CAS-CAU,polypropylene,2055,polypropylene,0.10787305809121128
R32CAS-CAU,polypropylene,2060,polypropylene,0.10787871911745628
R32CAS-CAU,polystyrene,2020,polystyrene,0.13271926723482974
R32CAS-CAU,polystyrene,2025,polystyrene,0.13260323886749856
R32CAS-CAU,polystyrene,2030,polystyrene,0.13250186153227944
R32CAS-CAU,polystyrene,2035,polystyrene,0.13253991337618748
R32CAS-CAU,polystyrene,2040,polystyrene,0.13247908208589784
R32CAS-CAU,polystyrene,2045,polystyrene,0.13239783435536925
R32CAS-CAU,polystyrene,2050,polystyrene,0.13235563015798635
R32CAS-CAU,polystyrene,2055,polystyrene,0.13236790922664565
R32CAS-CAU,polystyrene,2060,polystyrene,0.13237384846858033
R32CAS-OTH,acrylonitrile_butadiene_styrene,2020,acrylonitrile_butadiene_styrene,0.11653675878446776
R32CAS-OTH,acrylonitrile_butadiene_styrene,2025,acrylonitrile_butadiene_styrene,0.11642257453873768
R32CAS-OTH,acrylonitrile_butadiene_styrene,2030,acrylonitrile_butadiene_styrene,0.11632762060731516
R32CAS-OTH,acrylonitrile_butadiene_styrene,2035,acrylonitrile_butadiene_styrene,0.11636861255537807
R32CAS-OTH,acrylonitrile_butadiene_styrene,2040,acrylonitrile_butadiene_styrene,0.1163121960772038
R32CAS-OTH,acrylonitrile_butadiene_styrene,2045,acrylonitrile_butadiene_styrene,0.1162301535555764
R32CAS-OTH,acrylonitrile_butadiene_styrene,2050,acrylonitrile_butadiene_styrene,0.11618649625742224
R32CAS-OTH,acrylonitrile_butadiene_styrene,2055,acrylonitrile_butadiene_styrene,0.11619865679865118
R32CAS-OTH,acrylonitrile_butadiene_styrene,2060,acrylonitrile_butadiene_styrene,0.11620550723792553
R32CAS-OTH,bio-based_polypropylene,2020,polypropylene,0.1082103481299397
R32CAS-OTH,bio-based_polypropylene,2025,polypropylene,0.10809908302146684
R32CAS-OTH,bio-based_polypropylene,2030,polypropylene,0.1080017607775932
R32CAS-OTH,bio-based_polypropylene,2035,polypropylene,0.10803788032317356
R32CAS-OTH,bio-based_polypropylene,2040,polypropylene,0.10797910622344116
R32CAS-OTH,bio-based_polypropylene,2045,polypropylene,0.1079013516082562
R32CAS-OTH,bio-based_polypropylene,2050,polypropylene,0.10786136614289736
R32CAS-OTH,bio-based_polypropylene,2055,polypropylene,0.10787305809121128
R32CAS-OTH,bio-based_polypropylene,2060,polypropylene,0.10787871911745628
R32CAS-OTH,bio-based_polystyrene,2020,polystyrene,0.13271926723482974
R32CAS-OTH,bio-based_polystyrene,2025,polystyrene,0.13260323886749856
R32CAS-OTH,bio-based_polystyrene,2030,polystyrene,0.13250186153227944
R32CAS-OTH,bio-based_polystyrene,2035,polystyrene,0.13253991337618748
R32CAS-OTH,bio-based_polystyrene,2040,polystyrene,0.13247908208589784
R32CAS-OTH,bio-based_polystyrene,2045,polystyrene,0.13239783435536925
R32CAS-OTH,bio-based_polystyrene,2050,polystyrene,0.13235563015798635
R32CAS-OTH,bio-based_polystyrene,2055,polystyrene,0.13236790922664565
R32CAS-OTH,bio-based_polystyrene,2060,polystyrene,0.13237384846858033
R32CAS-OTH,other_plastics,2020,plastic_mixture,0.1002192453096137
R32CAS-OTH,other_plastics,2025,plastic_mixture,0.10008743855971196
R32CAS-OTH,other_plastics,2030,plastic_mixture,0.09997260865603814
R32CAS-OTH,other_plastics,2035,plastic_mixture,0.10001704545305608
R32CAS-OTH,other_plastics,2040,plastic_mixture,0.09994938482014253
R32CAS-OTH,other_plastics,2045,plastic_mixture,0.09985653634337044
R32CAS-OTH,other_plastics,2050,plastic_mixture,0.09980693445285688
R32CAS-OTH,other_plastics,2055,plastic_mixture,0.0998211587312681
R32CAS-OTH,other_plastics,2060,plastic_mixture,0.09982801377885468
R32CAS-OTH,polypropylene,2020,polypropylene,0.1082103481299397
R32CAS-OTH,polypropylene,2025,polypropylene,0.10809908302146684
R32CAS-OTH,polypropylene,2030,polypropylene,0.1080017607775932
R32CAS-OTH,polypropylene,2035,polypropylene,0.10803788032317356
R32CAS-OTH,polypropylene,2040,polypropylene,0.10797910622344116
R32CAS-OTH,polypropylene,2045,polypropylene,0.1079013516082562
R32CAS-OTH,polypropylene,2050,polypropylene,0.10786136614289736
R32CAS-OTH,polypropylene,2055,polypropylene,0.10787305809121128
R32CAS-OTH,polypropylene,2060,polypropylene,0.10787871911745628
R32CAS-OTH,polystyrene,2020,polystyrene,0.13271926723482974
R32CAS-OTH,polystyrene,2025,polystyrene,0.13260323886749856
R32CAS-OTH,polystyrene,2030,polystyrene,0.13250186153227944
R32CAS-OTH,polystyrene,2035,polystyrene,0.13253991337618748
R32CAS-OTH,polystyrene,2040,polystyrene,0.13247908208589784
R32CAS-OTH,polystyrene,2045,polystyrene,0.13239783435536925
R32CAS-OTH,polystyrene,2050,polystyrene,0.13235563015798635
R32CAS-OTH,polystyrene,2055,polystyrene,0.13236790922664565
R32CAS-OTH,polystyrene,2060,polystyrene,0.13237384846858033
R32CHN,acrylonitrile_butadiene_styrene,2020,acrylonitrile_butadiene_styrene,0.11653675878446776
R32CHN,acrylonitrile_butadiene_styrene,2025,acrylonitrile_butadiene_styrene,0.11642257453873768
R32CHN,acrylonitrile_butadiene_styrene,2030,acrylonitrile_butadiene_styrene,0.11632762060731516
R32CHN,acrylonitrile_butadiene_styrene,2035,acrylonitrile_butadiene_styrene,0.11636861255537807
R32CHN,acrylonitrile_butadiene_styrene,2040,acrylonitrile_butadiene_styrene,0.1163121960772038
R32CHN,acrylonitrile_butadiene_styrene,2045,acrylonitrile_butadiene_styrene,0.1162301535555764
R32CHN,acrylonitrile_butadiene_styrene,2050,acrylonitrile_butadiene_styrene,0.11618649625742224
R32CHN,acrylonitrile_butadiene_styrene,2055,acrylonitrile_butadiene_styrene,0.11619865679865118
R32CHN,acrylonitrile_butadiene_styrene,2060,acrylonitrile_butadiene_styrene,0.11620550723792553
R32CHN,bio-based_polypropylene,2020,polypropylene,0.1082103481299397
R32CHN,bio-based_polypropylene,2025,polypropylene,0.10809908302146684
R32CHN,bio-based_polypropylene,2030,polypropylene,0.1080017607775932
R32CHN,bio-based_polypropylene,2035,polypropylene,0.10803788032317356
R32CHN,bio-based_polypropylene,2040,polypropylene,0.10797910622344116
R32CHN,bio-based_polypropylene,2045,polypropylene,0.1079013516082562
R32CHN,bio-based_polypropylene,2050,polypropylene,0.10786136614289736
R32CHN,bio-based_polypropylene,2055,polypropylene,0.10787305809121128
R32CHN,bio-based_polypropylene,2060,polypropylene,0.10787871911745628
R32CHN,bio-based_polystyrene,2020,polystyrene,0.13271926723482974
R32CHN,bio-based_polystyrene,2025,polystyrene,0.13260323886749856
R32CHN,bio-based_polystyrene,2030,polystyrene,0.13250186153227944
R32CHN,bio-based_polystyrene,2035,polystyrene,0.13253991337618748
R32CHN,bio-based_polystyrene,2040,polystyrene,0.13247908208589784
R32CHN,bio-based_polystyrene,2045,polystyrene,0.13239783435536925
R32CHN,bio-based_polystyrene,2050,polystyrene,0.13235563015798635
R32CHN,bio-based_polystyrene,2055,polystyrene,0.13236790922664565
R32CHN,bio-based_polystyrene,2060,polystyrene,0.13237384846858033
R32CHN,other_plastics,2020,plastic_mixture,0.1002192453096137
R32CHN,other_plastics,2025,plastic_mixture,0.10008743855971196
R32CHN,other_plastics,2030,plastic_mixture,0.09997260865603814
R32CHN,other_plastics,2035,plastic_mixture,0.10001704545305608
R32CHN,other_plastics,2040,plastic_mixture,0.09994938482014253
R32CHN,other_plastics,2045,plastic_mixture,0.09985653634337044
R32CHN,other_plastics,2050,plastic_mixture,0.09980693445285688
R32CHN,other_plastics,2055,plastic_mixture,0.0998211587312681
R32CHN,other_plastics,2060,plastic_mixture,0.09982801377885468
R32CHN,polypropylene,2020,polypropylene,0.1082103481299397
R32CHN,polypropylene,2025,polypropylene,0.10809908302146684
R32CHN,polypropylene,2030,polypropylene,0.1080017607775932
R32CHN,polypropylene,2035,polypropylene,0.10803788032317356
R32CHN,polypropylene,2040,polypropylene,0.10797910622344116
R32CHN,polypropylene,2045,polypropylene,0.1079013516082562
R32CHN,polypropylene,2050,polypropylene,0.10786136614289736
R32CHN,polypropylene,2055,polypropylene,0.10787305809121128
R32CHN,polypropylene,2060,polypropylene,0.10787871911745628
R32CHN,polystyrene,2020,polystyrene,0.13271926723482974
R32CHN,polystyrene,2025,polystyrene,0.13260323886749856
R32CHN,polystyrene,2030,polystyrene,0.13250186153227944
R32CHN,polystyrene,2035,polystyrene,0.13253991337618748
R32CHN,polystyrene,2040,polystyrene,0.13247908208589784
R32CHN,polystyrene,2045,polystyrene,0.13239783435536925
R32CHN,polystyrene,2050,polystyrene,0.13235563015798635
R32CHN,polystyrene,2055,polystyrene,0.13236790922664565
R32CHN,polystyrene,2060,polystyrene,0.13237384846858033
R32EEU,acrylonitrile_butadiene_styrene,2020,acrylonitrile_butadiene_styrene,0.11653675878446776
R32EEU,acrylonitrile_butadiene_styrene,2025,acrylonitrile_butadiene_styrene,0.11642257453873768
R32EEU,acrylonitrile_butadiene_styrene,2030,acrylonitrile_butadiene_styrene,0.11632762060731516
R32EEU,acrylonitrile_butadiene_styrene,2035,acrylonitrile_butadiene_styrene,0.11636861255537807
R32EEU,acrylonitrile_butadiene_styrene,2040,acrylonitrile_butadiene_styrene,0.1163121960772038
R32EEU,acrylonitrile_butadiene_styrene,2045,acrylonitrile_butadiene_styrene,0.1162301535555764
R32EEU,acrylonitrile_butadiene_styrene,2050,acrylonitrile_butadiene_styrene,0.11618649625742224
R32EEU,acrylonitrile_butadiene_styrene,2055,acrylonitrile_butadiene_styrene,0.11619865679865118
R32EEU,acrylonitrile_butadiene_styrene,2060,acrylonitrile_butadiene_styrene,0.11620550723792553
R32EEU,bio-based_polypropylene,2020,polypropylene,0.1082103481299397
R32EEU,bio-based_polypropylene,2025,polypropylene,0.10809908302146684
R32EEU,bio-based_polypropylene,2030,polypropylene,0.1080017607775932
R32EEU,bio-based_polypropylene,2035,polypropylene,0.10803788032317356
R32EEU,bio-based_polypropylene,2040,polypropylene,0.10797910622344116
R32EEU,bio-based_polypropylene,2045,polypropylene,0.1079013516082562
R32EEU,bio-based_polypropylene,2050,polypropylene,0.10786136614289736
R32EEU,bio-based_polypropylene,2055,polypropylene,0.10787305809121128
R32EEU,bio-based_polypropylene,2060,polypropylene,0.10787871911745628
R32EEU,bio-based_polystyrene,2020,polystyrene,0.13271926723482974
R32EEU,bio-based_polystyrene,2025,polystyrene,0.13260323886749856
R32EEU,bio-based_polystyrene,2030,polystyrene,0.13250186153227944
R32EEU,bio-based_polystyrene,2035,polystyrene,0.13253991337618748
R32EEU,bio-based_polystyrene,2040,polystyrene,0.13247908208589784
R32EEU,bio-based_polystyrene,2045,polystyrene,0.13239783435536925
R32EEU,bio-based_polystyrene,2050,polystyrene,0.13235563015798635
R32EEU,bio-based_polystyrene,2055,polystyrene,0.13236790922664565
R32EEU,bio-based_polystyrene,2060,polystyrene,0.13237384846858033
R32EEU,other_plastics,2020,plastic_mixture,0.1002192453096137
R32EEU,other_plastics,2025,plastic_mixture,0.10008743855971196
R32EEU,other_plastics,2030,plastic_mixture,0.09997260865603814
R32EEU,other_plastics,2035,plastic_mixture,0.10001704545305608
R32EEU,other_plastics,2040,plastic_mixture,0.09994938482014253
R32EEU,other_plastics,2045,plastic_mixture,0.09985653634337044
R32EEU,other_plastics,2050,plastic_mixture,0.09980693445285688
R32EEU,other_plastics,2055,plastic_mixture,0.0998211587312681
R32EEU,other_plastics,2060,plastic_mixture,0.09982801377885468
R32EEU,polypropylene,2020,polypropylene,0.1082103481299397
R32EEU,polypropylene,2025,polypropylene,0.10809908302146684
R32EEU,polypropylene,2030,polypropylene,0.1080017607775932
R32EEU,polypropylene,2035,polypropylene,0.10803788032317356
R32EEU,polypropylene,2040,polypropylene,0.10797910622344116
R32EEU,polypropylene,2045,polypropylene,0.1079013516082562
R32EEU,polypropylene,2050,polypropylene,0.10786136614289736
R32EEU,polypropylene,2055,polypropylene,0.10787305809121128
R32EEU,polypropylene,2060,polypropylene,0.10787871911745628
R32EEU,polystyrene,2020,polystyrene,0.13271926723482974
R32EEU,polystyrene,2025,polystyrene,0.13260323886749856
R32EEU,polystyrene,2030,polystyrene,0.13250186153227944
R32EEU,polystyrene,2035,polystyrene,0.13253991337618748
R32EEU,polystyrene,2040,polystyrene,0.13247908208589784
R32EEU,polystyrene,2045,polystyrene,0.13239783435536925
R32EEU,polystyrene,2050,polystyrene,0.13235563015798635
R32EEU,polystyrene,2055,polystyrene,0.13236790922664565
R32EEU,polystyrene,2060,polystyrene,0.13237384846858033
R32EEU-FSU,acrylonitrile_butadiene_styrene,2020,acrylonitrile_butadiene_styrene,0.11653675878446776
R32EEU-FSU,acrylonitrile_butadiene_styrene,2025,acrylonitrile_butadiene_styrene,0.11642257453873768
R32EEU-FSU,acrylonitrile_butadiene_styrene,2030,acrylonitrile_butadiene_styrene,0.11632762060731516
R32EEU-FSU,acrylonitrile_butadiene_styrene,2035,acrylonitrile_butadiene_styrene,0.11636861255537807
R32EEU-FSU,acrylonitrile_butadiene_styrene,2040,acrylonitrile_butadiene_styrene,0.1163121960772038
R32EEU-FSU,acrylonitrile_butadiene_styrene,2045,acrylonitrile_butadiene_styrene,0.1162301535555764
R32EEU-FSU,acrylonitrile_butadiene_styrene,2050,acrylonitrile_butadiene_styrene,0.11618649625742224
R32EEU-FSU,acrylonitrile_butadiene_styrene,2055,acrylonitrile_butadiene_styrene,0.11619865679865118
R32EEU-FSU,acrylonitrile_butadiene_styrene,2060,acrylonitrile_butadiene_styrene,0.11620550723792553
R32EEU-FSU,bio-based_polypropylene,2020,polypropylene,0.1082103481299397
R32EEU-FSU,bio-based_polypropylene,2025,polypropylene,0.10809908302146684
R32EEU-FSU,bio-based_polypropylene,2030,polypropylene,0.1080017607775932
R32EEU-FSU,bio-based_polypropylene,2035,polypropylene,0.10803788032317356
R32EEU-FSU,bio-based_polypropylene,2040,polypropylene,0.10797910622344116
R32EEU-FSU,bio-based_polypropylene,2045,polypropylene,0.1079013516082562
R32EEU-FSU,bio-based_polypropylene,2050,polypropylene,0.10786136614289736
R32EEU-FSU,bio-based_polypropylene,2055,polypropylene,0.10787305809121128
R32EEU-FSU,bio-based_polypropylene,2060,polypropylene,0.10787871911745628
R32EEU-FSU,bio-based_polystyrene,2020,polystyrene,0.13271926723482974
R32EEU-FSU,bio-based_polystyrene,2025,polystyrene,0.13260323886749856
R32EEU-FSU,bio-based_polystyrene,2030,polystyrene,0.13250186153227944
R32EEU-FSU,bio-based_polystyrene,2035,polystyrene,0.13253991337618748
R32EEU-FSU,bio-based_polystyrene,2040,polystyrene,0.13247908208589784
R32EEU-FSU,bio-based_polystyrene,2045,polystyrene,0.13239783435536925
R32EEU-FSU,bio-based_polystyrene,2050,polystyrene,0.13235563015798635
R32EEU-FSU,bio-based_polystyrene,2055,polystyrene,0.13236790922664565
R32EEU-FSU,bio-based_polystyrene,2060,polystyrene,0.13237384846858033
R32EEU-FSU,other_plastics,2020,plastic_mixture,0.1002192453096137
R32EEU-FSU,other_plastics,2025,plastic_mixture,0.10008743855971196
R32EEU-FSU,other_plastics,2030,plastic_mixture,0.09997260865603814
R32EEU-FSU,other_plastics,2035,plastic_mixture,0.10001704545305608
R32EEU-FSU,other_plastics,2040,plastic_mixture,0.09994938482014253
R32EEU-FSU,other_plastics,2045,plastic_mixture,0.09985653634337044
R32EEU-FSU,other_plastics,2050,plastic_mixture,0.09980693445285688
R32EEU-FSU,other_plastics,2055,plastic_mixture,0.0998211587312681
R32EEU-FSU,other_plastics,2060,plastic_mixture,0.09982801377885468
R32EEU-FSU,polypropylene,2020,polypropylene,0.1082103481299397
R32EEU-FSU,polypropylene,2025,polypropylene,0.10809908302146684
R32EEU-FSU,polypropylene,2030,polypropylene,0.1080017607775932
R32EEU-FSU,polypropylene,2035,polypropylene,0.10803788032317356
R32EEU-FSU,polypropylene,2040,polypropylene,0.10797910622344116
R32EEU-FSU,polypropylene,2045,polypropylene,0.1079013516082562
R32EEU-FSU,polypropylene,2050,polypropylene,0.10786136614289736
R32EEU-FSU,polypropylene,2055,polypropylene,0.10787305809121128
R32EEU-FSU,polypropylene,2060,polypropylene,0.10787871911745628
R32EEU-FSU,polystyrene,2020,polystyrene,0.13271926723482974
R32EEU-FSU,polystyrene,2025,polystyrene,0.13260323886749856
R32EEU-FSU,polystyrene,2030,polystyrene,0.13250186153227944
R32EEU-FSU,polystyrene,2035,polystyrene,0.13253991337618748
R32EEU-FSU,polystyrene,2040,polystyrene,0.13247908208589784
R32EEU-FSU,polystyrene,2045,polystyrene,0.13239783435536925
R32EEU-FSU,polystyrene,2050,polystyrene,0.13235563015798635
R32EEU-FSU,polystyrene,2055,polystyrene,0.13236790922664565
R32EEU-FSU,polystyrene,2060,polystyrene,0.13237384846858033
R32IDN,acrylonitrile_butadiene_styrene,2020,acrylonitrile_butadiene_styrene,0.11653675878446776
R32IDN,acrylonitrile_butadiene_styrene,2025,acrylonitrile_butadiene_styrene,0.11642257453873768
R32IDN,acrylonitrile_butadiene_styrene,2030,acrylonitrile_butadiene_styrene,0.11632762060731516
R32IDN,acrylonitrile_butadiene_styrene,2035,acrylonitrile_butadiene_styrene,0.11636861255537807
R32IDN,acrylonitrile_butadiene_styrene,2040,acrylonitrile_butadiene_styrene,0.1163121960772038
R32IDN,acrylonitrile_butadiene_styrene,2045,acrylonitrile_butadiene_styrene,0.1162301535555764
R32IDN,acrylonitrile_butadiene_styrene,2050,acrylonitrile_butadiene_styrene,0.11618649625742224
R32IDN,acrylonitrile_butadiene_styrene,2055,acrylonitrile_butadiene_styrene,0.11619865679865118
R32IDN,acrylonitrile_butadiene_styrene,2060,acrylonitrile_butadiene_styrene,0.11620550723792553
R32IDN,bio-based_polypropylene,2020,polypropylene,0.1082103481299397
R32IDN,bio-based_polypropylene,2025,polypropylene,0.10809908302146684
R32IDN,bio-based_polypropylene,2030,polypropylene,0.1080017607775932
R32IDN,bio-based_polypropylene,2035,polypropylene,0.10803788032317356
R32IDN,bio-based_polypropylene,2040,polypropylene,0.10797910622344116
R32IDN,bio-based_polypropylene,2045,polypropylene,0.1079013516082562
R32IDN,bio-based_polypropylene,2050,polypropylene,0.10786136614289736
R32IDN,bio-based_polypropylene,2055,polypropylene,0.10787305809121128
R32IDN,bio-based_polypropylene,2060,polypropylene,0.10787871911745628
R32IDN,bio-based_polystyrene,2020,polystyrene,0.13271926723482974
R32IDN,bio-based_polystyrene,2025,polystyrene,0.13260323886749856
R32IDN,bio-based_polystyrene,2030,polystyrene,0.13250186153227944
R32IDN,bio-based_polystyrene,2035,polystyrene,0.13253991337618748
R32IDN,bio-based_polystyrene,2040,polystyrene,0.13247908208589784
R32IDN,bio-based_polystyrene,2045,polystyrene,0.13239783435536925
R32IDN,bio-based_polystyrene,2050,polystyrene,0.13235563015798635
R32IDN,bio-based_polystyrene,2055,polystyrene,0.13236790922664565
R32IDN,bio-based_polystyrene,2060,polystyrene,0.13237384846858033
R32IDN,other_plastics,2020,plastic_mixture,0.1002192453096137
R32IDN,other_plastics,2025,plastic_mixture,0.10008743855971196
R32IDN,other_plastics,2030,plastic_mixture,0.09997260865603814
R32IDN,other_plastics,2035,plastic_mixture,0.10001704545305608
R32IDN,other_plastics,2040,plastic_mixture,0.09994938482014253
R32IDN,other_plastics,2045,plastic_mixture,0.09985653634337044
R32IDN,other_plastics,2050,plastic_mixture,0.09980693445285688
R32IDN,other_plastics,2055,plastic_mixture,0.0998211587312681
R32IDN,other_plastics,2060,plastic_mixture,0.09982801377885468
R32IDN,polypropylene,2020,polypropylene,0.1082103481299397
R32IDN,polypropylene,2025,polypropylene,0.10809908302146684
R32IDN,polypropylene,2030,polypropylene,0.1080017607775932
R32IDN,polypropylene,2035,polypropylene,0.10803788032317356
R32IDN,polypropylene,2040,polypropylene,0.10797910622344116
R32IDN,polypropylene,2045,polypropylene,0.1079013516082562
R32IDN,polypropylene,2050,polypropylene,0.10786136614289736
R32IDN,polypropylene,2055,polypropylene,0.10787305809121128
R32IDN,polypropylene,2060,polypropylene,0.10787871911745628
R32IDN,polystyrene,2020,polystyrene,0.13271926723482974
R32IDN,polystyrene,2025,polystyrene,0.13260323886749856
R32IDN,polystyrene,2030,polystyrene,0.13250186153227944
R32IDN,polystyrene,2035,polystyrene,0.13253991337618748
R32IDN,polystyrene,2040,polystyrene,0.13247908208589784
R32IDN,polystyrene,2045,polystyrene,0.13239783435536925
R32IDN,polystyrene,2050,polystyrene,0.13235563015798635
R32IDN,polystyrene,2055,polystyrene,0.13236790922664565
R32IDN,polystyrene,2060,polystyrene,0.13237384846858033
R32IND,acrylonitrile_butadiene_styrene,2020,acrylonitrile_butadiene_styrene,0.11653675878446776
R32IND,acrylonitrile_butadiene_styrene,2025,acrylonitrile_butadiene_styrene,0.11642257453873768
R32IND,acrylonitrile_butadiene_styrene,2030,acrylonitrile_butadiene_styrene,0.11632762060731516
R32IND,acrylonitrile_butadiene_styrene,2035,acrylonitrile_butadiene_styrene,0.11636861255537807
R32IND,acrylonitrile_butadiene_styrene,2040,acrylonitrile_butadiene_styrene,0.1163121960772038
R32IND,acrylonitrile_butadiene_styrene,2045,acrylonitrile_butadiene_styrene,0.1162301535555764
R32IND,acrylonitrile_butadiene_styrene,2050,acrylonitrile_butadiene_styrene,0.11618649625742224
R32IND,acrylonitrile_butadiene_styrene,2055,acrylonitrile_butadiene_styrene,0.11619865679865118
R32IND,acrylonitrile_butadiene_styrene,2060,acrylonitrile_butadiene_styrene,0.11620550723792553
R32IND,bio-based_polypropylene,2020,polypropylene,0.1082103481299397
R32IND,bio-based_polypropylene,2025,polypropylene,0.10809908302146684
R32IND,bio-based_polypropylene,2030,polypropylene,0.1080017607775932
R32IND,bio-based_polypropylene,2035,polypropylene,0.10803788032317356
R32IND,bio-based_polypropylene,2040,polypropylene,0.10797910622344116
R32IND,bio-based_polypropylene,2045,polypropylene,0.1079013516082562
R32IND,bio-based_polypropylene,2050,polypropylene,0.10786136614289736
R32IND,bio-based_polypropylene,2055,polypropylene,0.10787305809121128
R32IND,bio-based_polypropylene,2060,polypropylene,0.10787871911745628
R32IND,bio-based_polystyrene,2020,polystyrene,0.13271926723482974
R32IND,bio-based_polystyrene,2025,polystyrene,0.13260323886749856
R32IND,bio-based_polystyrene,2030,polystyrene,0.13250186153227944
R32IND,bio-based_polystyrene,2035,polystyrene,0.13253991337618748
R32IND,bio-based_polystyrene,2040,polystyrene,0.13247908208589784
R32IND,bio-based_polystyrene,2045,polystyrene,0.13239783435536925
R32IND,bio-based_polystyrene,2050,polystyrene,0.13235563015798635
R32IND,bio-based_polystyrene,2055,polystyrene,0.13236790922664565
R32IND,bio-based_polystyrene,2060,polystyrene,0.13237384846858033
R32IND,other_plastics,2020,plastic_mixture,0.1002192453096137
R32IND,other_plastics,2025,plastic_mixture,0.10008743855971196
R32IND,other_plastics,2030,plastic_mixture,0.09997260865603814
R32IND,other_plastics,2035,plastic_mixture,0.10001704545305608
R32IND,other_plastics,2040,plastic_mixture,0.09994938482014253
R32IND,other_plastics,2045,plastic_mixture,0.09985653634337044
R32IND,other_plastics,2050,plastic_mixture,0.09980693445285688
R32IND,other_plastics,2055,plastic_mixture,0.0998211587312681
R32IND,other_plastics,2060,plastic_mixture,0.09982801377885468
R32IND,polypropylene,2020,polypropylene,0.1082103481299397
R32IND,polypropylene,2025,polypropylene,0.10809908302146684
R32IND,polypropylene,2030,polypropylene,0.1080017607775932
R32IND,polypropylene,2035,polypropylene,0.10803788032317356
R32IND,polypropylene,2040,polypropylene,0.10797910622344116
R32IND,polypropylene,2045,polypropylene,0.1079013516082562
R32IND,polypropylene,2050,polypropylene,0.10786136614289736
R32IND,polypropylene,2055,polypropylene,0.10787305809121128
R32IND,polypropylene,2060,polypropylene,0.10787871911745628
R32IND,polystyrene,2020,polystyrene,0.13271926723482974
R32IND,polystyrene,2025,polystyrene,0.13260323886749856
R32IND,polystyrene,2030,polystyrene,0.13250186153227944
R32IND,polystyrene,2035,polystyrene,0.13253991337618748
R32IND,polystyrene,2040,polystyrene,0.13247908208589784
R32IND,polystyrene,2045,polystyrene,0.13239783435536925
R32IND,polystyrene,2050,polystyrene,0.13235563015798635
R32IND,polystyrene,2055,polystyrene,0.13236790922664565
R32IND,polystyrene,2060,polystyrene,0.13237384846858033
R32JPN,acrylonitrile_butadiene_styrene,2020,acrylonitrile_butadiene_styrene,0.11653675878446776
R32JPN,acrylonitrile_butadiene_styrene,2025,acrylonitrile_butadiene_styrene,0.11642257453873768
R32JPN,acrylonitrile_butadiene_styrene,2030,acrylonitrile_butadiene_styrene,0.11632762060731516
R32JPN,acrylonitrile_butadiene_styrene,2035,acrylonitrile_butadiene_styrene,0.11636861255537807
R32JPN,acrylonitrile_butadiene_styrene,2040,acrylonitrile_butadiene_styrene,0.1163121960772038
R32JPN,acrylonitrile_butadiene_styrene,2045,acrylonitrile_butadiene_styrene,0.1162301535555764
R32JPN,acrylonitrile_butadiene_styrene,2050,acrylonitrile_butadiene_styrene,0.11618649625742224
R32JPN,acrylonitrile_butadiene_styrene,2055,acrylonitrile_butadiene_styrene,0.11619865679865118
R32JPN,acrylonitrile_butadiene_styrene,2060,acrylonitrile_butadiene_styrene,0.11620550723792553
R32JPN,bio-based_polypropylene,2020,polypropylene,0.1082103481299397
R32JPN,bio-based_polypropylene,2025,polypropylene,0.10809908302146684
R32JPN,bio-based_polypropylene,2030,polypropylene,0.1080017607775932
R32JPN,bio-based_polypropylene,2035,polypropylene,0.10803788032317356
R32JPN,bio-based_polypropylene,2040,polypropylene,0.10797910622344116
R32JPN,bio-based_polypropylene,2045,polypropylene,0.1079013516082562
R32JPN,bio-based_polypropylene,2050,polypropylene,0.10786136614289736
R32JPN,bio-based_polypropylene,2055,polypropylene,0.10787305809121128
R32JPN,bio-based_polypropylene,2060,polypropylene,0.10787871911745628
R32JPN,bio-based_polystyrene,2020,polystyrene,0.13271926723482974
R32JPN,bio-based_polystyrene,2025,polystyrene,0.13260323886749856
R32JPN,bio-based_polystyrene,2030,polystyrene,0.13250186153227944
R32JPN,bio-based_polystyrene,2035,polystyrene,0.13253991337618748
R32JPN,bio-based_polystyrene,2040,polystyrene,0.13247908208589784
R32JPN,bio-based_polystyrene,2045,polystyrene,0.13239783435536925
R32JPN,bio-based_polystyrene,2050,polystyrene,0.13235563015798635
R32JPN,bio-based_polystyrene,2055,polystyrene,0.13236790922664565
R32JPN,bio-based_polystyrene,2060,polystyrene,0.13237384846858033
R32JPN,other_plastics,2020,plastic_mixture,0.1002192453096137
R32JPN,other_plastics,2025,plastic_mixture,0.10008743855971196
R32JPN,other_plastics,2030,plastic_mixture,0.09997260865603814
R32JPN,other_plastics,2035,plastic_mixture,0.10001704545305608
R32JPN,other_plastics,2040,plastic_mixture,0.09994938482014253
R32JPN,other_plastics,2045,plastic_mixture,0.09985653634337044
R32JPN,other_plastics,2050,plastic_mixture,0.09980693445285688
R32JPN,other_plastics,2055,plastic_mixture,0.0998211587312681
R32JPN,other_plastics,2060,plastic_mixture,0.09982801377885468
R32JPN,polypropylene,2020,polypropylene,0.1082103481299397
R32JPN,polypropylene,2025,polypropylene,0.10809908302146684
R32JPN,polypropylene,2030,polypropylene,0.1080017607775932
R32JPN,polypropylene,2035,polypropylene,0.10803788032317356
R32JPN,polypropylene,2040,polypropylene,0.10797910622344116
R32JPN,polypropylene,2045,polypropylene,0.1079013516082562
R32JPN,polypropylene,2050,polypropylene,0.10786136614289736
R32JPN,polypropylene,2055,polypropylene,0.10787305809121128
R32JPN,polypropylene,2060,polypropylene,0.10787871911745628
R32JPN,polystyrene,2020,polystyrene,0.13271926723482974
R32JPN,polystyrene,2025,polystyrene,0.13260323886749856
R32JPN,polystyrene,2030,polystyrene,0.13250186153227944
R32JPN,polystyrene,2035,polystyrene,0.13253991337618748
R32JPN,polystyrene,2040,polystyrene,0.13247908208589784
R32JPN,polystyrene,2045,polystyrene,0.13239783435536925
R32JPN,polystyrene,2050,polystyrene,0.13235563015798635
R32JPN,polystyrene,2055,polystyrene,0.13236790922664565
R32JPN,polystyrene,2060,polystyrene,0.13237384846858033
R32KOR,acrylonitrile_butadiene_styrene,2020,acrylonitrile_butadiene_styrene,0.11653675878446776
R32KOR,acrylonitrile_butadiene_styrene,2025,acrylonitrile_butadiene_styrene,0.11642257453873768
R32KOR,acrylonitrile_butadiene_styrene,2030,acrylonitrile_butadiene_styrene,0.11632762060731516
R32KOR,acrylonitrile_butadiene_styrene,2035,acrylonitrile_butadiene_styrene,0.11636861255537807
R32KOR,acrylonitrile_butadiene_styrene,2040,acrylonitrile_butadiene_styrene,0.1163121960772038
R32KOR,acrylonitrile_butadiene_styrene,2045,acrylonitrile_butadiene_styrene,0.1162301535555764
R32KOR,acrylonitrile_butadiene_styrene,2050,acrylonitrile_butadiene_styrene,0.11618649625742224
R32KOR,acrylonitrile_butadiene_styrene,2055,acrylonitrile_butadiene_styrene,0.11619865679865118
R32KOR,acrylonitrile_butadiene_styrene,2060,acrylonitrile_butadiene_styrene,0.11620550723792553
R32KOR,bio-based_polypropylene,2020,polypropylene,0.1082103481299397
R32KOR,bio-based_polypropylene,2025,polypropylene,0.10809908302146684
R32KOR,bio-based_polypropylene,2030,polypropylene,0.1080017607775932
R32KOR,bio-based_polypropylene,2035,polypropylene,0.10803788032317356
R32KOR,bio-based_polypropylene,2040,polypropylene,0.10797910622344116
R32KOR,bio-based_polypropylene,2045,polypropylene,0.1079013516082562
R32KOR,bio-based_polypropylene,2050,polypropylene,0.10786136614289736
R32KOR,bio-based_polypropylene,2055,polypropylene,0.10787305809121128
R32KOR,bio-based_polypropylene,2060,polypropylene,0.10787871911745628
R32KOR,bio-based_polystyrene,2020,polystyrene,0.13271926723482974
R32KOR,bio-based_polystyrene,2025,polystyrene,0.13260323886749856
R32KOR,bio-based_polystyrene,2030,polystyrene,0.13250186153227944
R32KOR,bio-based_polystyrene,2035,polystyrene,0.13253991337618748
R32KOR,bio-based_polystyrene,2040,polystyrene,0.13247908208589784
R32KOR,bio-based_polystyrene,2045,polystyrene,0.13239783435536925
R32KOR,bio-based_polystyrene,2050,polystyrene,0.13235563015798635
R32KOR,bio-based_polystyrene,2055,polystyrene,0.13236790922664565
R32KOR,bio-based_polystyrene,2060,polystyrene,0.13237384846858033
R32KOR,other_plastics,2020,plastic_mixture,0.1002192453096137
R32KOR,other_plastics,2025,plastic_mixture,0.10008743855971196
R32KOR,other_plastics,2030,plastic_mixture,0.09997260865603814
R32KOR,other_plastics,2035,plastic_mixture,0.10001704545305608
R32KOR,other_plastics,2040,plastic_mixture,0.09994938482014253
R32KOR,other_plastics,2045,plastic_mixture,0.09985653634337044
R32KOR,other_plastics,2050,plastic_mixture,0.09980693445285688
R32KOR,other_plastics,2055,plastic_mixture,0.0998211587312681
R32KOR,other_plastics,2060,plastic_mixture,0.09982801377885468
R32KOR,polypropylene,2020,polypropylene,0.1082103481299397
R32KOR,polypropylene,2025,polypropylene,0.10809908302146684
R32KOR,polypropylene,2030,polypropylene,0.1080017607775932
R32KOR,polypropylene,2035,polypropylene,0.10803788032317356
R32KOR,polypropylene,2040,polypropylene,0.10797910622344116
R32KOR,polypropylene,2045,polypropylene,0.1079013516082562
R32KOR,polypropylene,2050,polypropylene,0.10786136614289736
R32KOR,polypropylene,2055,polypropylene,0.10787305809121128
R32KOR,polypropylene,2060,polypropylene,0.10787871911745628
R32KOR,polystyrene,2020,polystyrene,0.13271926723482974
R32KOR,polystyrene,2025,polystyrene,0.13260323886749856
R32KOR,polystyrene,2030,polystyrene,0.13250186153227944
R32KOR,polystyrene,2035,polystyrene,0.13253991337618748
R32KOR,polystyrene,2040,polystyrene,0.13247908208589784
R32KOR,polystyrene,2045,polystyrene,0.13239783435536925
R32KOR,polystyrene,2050,polystyrene,0.13235563015798635
R32KOR,polystyrene,2055,polystyrene,0.13236790922664565
R32KOR,polystyrene,2060,polystyrene,0.13237384846858033
R32LAM-L,acrylonitrile_butadiene_styrene,2020,acrylonitrile_butadiene_styrene,0.11653675878446776
R32LAM-L,acrylonitrile_butadiene_styrene,2025,acrylonitrile_butadiene_styrene,0.11642257453873768
R32LAM-L,acrylonitrile_butadiene_styrene,2030,acrylonitrile_butadiene_styrene,0.11632762060731516
R32LAM-L,acrylonitrile_butadiene_styrene,2035,acrylonitrile_butadiene_styrene,0.11636861255537807
R32LAM-L,acrylonitrile_butadiene_styrene,2040,acrylonitrile_butadiene_styrene,0.1163121960772038
R32LAM-L,acrylonitrile_butadiene_styrene,2045,acrylonitrile_butadiene_styrene,0.1162301535555764
R32LAM-L,acrylonitrile_butadiene_styrene,2050,acrylonitrile_butadiene_styrene,0.11618649625742224
R32LAM-L,acrylonitrile_butadiene_styrene,2055,acrylonitrile_butadiene_styrene,0.11619865679865118
R32LAM-L,acrylonitrile_butadiene_styrene,2060,acrylonitrile_butadiene_styrene,0.11620550723792553
R32LAM-L,bio-based_polypropylene,2020,polypropylene,0.1082103481299397
R32LAM-L,bio-based_polypropylene,2025,polypropylene,0.10809908302146684
R32LAM-L,bio-based_polypropylene,2030,polypropylene,0.1080017607775932
R32LAM-L,bio-based_polypropylene,2035,polypropylene,0.10803788032317356
R32LAM-L,bio-based_polypropylene,2040,polypropylene,0.10797910622344116
R32LAM-L,bio-based_polypropylene,2045,polypropylene,0.1079013516082562
R32LAM-L,bio-based_polypropylene,2050,polypropylene,0.10786136614289736
R32LAM-L,bio-based_polypropylene,2055,polypropylene,0.10787305809121128
R32LAM-L,bio-based_polypropylene,2060,polypropylene,0.10787871911745628
R32LAM-L,bio-based_polystyrene,2020,polystyrene,0.13271926723482974
R32LAM-L,bio-based_polystyrene,2025,polystyrene,0.13260323886749856
R32LAM-L,bio-based_polystyrene,2030,polystyrene,0.13250186153227944
R32LAM-L,bio-based_polystyrene,2035,polystyrene,0.13253991337618748
R32LAM-L,bio-based_polystyrene,2040,polystyrene,0.13247908208589784
R32LAM-L,bio-based_polystyrene,2045,polystyrene,0.13239783435536925
R32LAM-L,bio-based_polystyrene,2050,polystyrene,0.13235563015798635
R32LAM-L,bio-based_polystyrene,2055,polystyrene,0.13236790922664565
R32LAM-L,bio-based_polystyrene,2060,polystyrene,0.13237384846858033
R32LAM-L,other_plastics,2020,plastic_mixture,0.1002192453096137
R32LAM-L,other_plastics,2025,plastic_mixture,0.10008743855971196
R32LAM-L,other_plastics,2030,plastic_mixture,0.09997260865603814
R32LAM-L,other_plastics,2035,plastic_mixture,0.10001704545305608
R32LAM-L,other_plastics,2040,plastic_mixture,0.09994938482014253
R32LAM-L,other_plastics,2045,plastic_mixture,0.09985653634337044
R32LAM-L,other_plastics,2050,plastic_mixture,0.09980693445285688
R32LAM-L,other_plastics,2055,plastic_mixture,0.0998211587312681
R32LAM-L,other_plastics,2060,plastic_mixture,0.09982801377885468
R32LAM-L,polypropylene,2020,polypropylene,0.1082103481299397
R32LAM-L,polypropylene,2025,polypropylene,0.10809908302146684
R32LAM-L,polypropylene,2030,polypropylene,0.1080017607775932
R32LAM-L,polypropylene,2035,polypropylene,0.10803788032317356
R32LAM-L,polypropylene,2040,polypropylene,0.10797910622344116
R32LAM-L,polypropylene,2045,polypropylene,0.1079013516082562
R32LAM-L,polypropylene,2050,polypropylene,0.10786136614289736
R32LAM-L,polypropylene,2055,polypropylene,0.10787305809121128
R32LAM-L,polypropylene,2060,polypropylene,0.10787871911745628
R32LAM-L,polystyrene,2020,polystyrene,0.13271926723482974
R32LAM-L,polystyrene,2025,polystyrene,0.13260323886749856
R32LAM-L,polystyrene,2030,polystyrene,0.13250186153227944
R32LAM-L,polystyrene,2035,polystyrene,0.13253991337618748
R32LAM-L,polystyrene,2040,polystyrene,0.13247908208589784
R32LAM-L,polystyrene,2045,polystyrene,0.13239783435536925
R32LAM-L,polystyrene,2050,polystyrene,0.13235563015798635
R32LAM-L,polystyrene,2055,polystyrene,0.13236790922664565
R32LAM-L,polystyrene,2060,polystyrene,0.13237384846858033
R32LAM-M,acrylonitrile_butadiene_styrene,2020,acrylonitrile_butadiene_styrene,0.11653675878446776
R32LAM-M,acrylonitrile_butadiene_styrene,2025,acrylonitrile_butadiene_styrene,0.11642257453873768
R32LAM-M,acrylonitrile_butadiene_styrene,2030,acrylonitrile_butadiene_styrene,0.11632762060731516
R32LAM-M,acrylonitrile_butadiene_styrene,2035,acrylonitrile_butadiene_styrene,0.11636861255537807
R32LAM-M,acrylonitrile_butadiene_styrene,2040,acrylonitrile_butadiene_styrene,0.1163121960772038
R32LAM-M,acrylonitrile_butadiene_styrene,2045,acrylonitrile_butadiene_styrene,0.1162301535555764
R32LAM-M,acrylonitrile_butadiene_styrene,2050,acrylonitrile_butadiene_styrene,0.11618649625742224
R32LAM-M,acrylonitrile_butadiene_styrene,2055,acrylonitrile_butadiene_styrene,0.11619865679865118
R32LAM-M,acrylonitrile_butadiene_styrene,2060,acrylonitrile_butadiene_styrene,0.11620550723792553
R32LAM-M,bio-based_polypropylene,2020,polypropylene,0.1082103481299397
R32LAM-M,bio-based_polypropylene,2025,polypropylene,0.10809908302146684
R32LAM-M,bio-based_polypropylene,2030,polypropylene,0.1080017607775932
R32LAM-M,bio-based_polypropylene,2035,polypropylene,0.10803788032317356
R32LAM-M,bio-based_polypropylene,2040,polypropylene,0.10797910622344116
R32LAM-M,bio-based_polypropylene,2045,polypropylene,0.1079013516082562
R32LAM-M,bio-based_polypropylene,2050,polypropylene,0.10786136614289736
R32LAM-M,bio-based_polypropylene,2055,polypropylene,0.10787305809121128
R32LAM-M,bio-based_polypropylene,2060,polypropylene,0.10787871911745628
R32LAM-M,bio-based_polystyrene,2020,polystyrene,0.13271926723482974
R32LAM-M,bio-based_polystyrene,2025,polystyrene,0.13260323886749856
R32LAM-M,bio-based_polystyrene,2030,polystyrene,0.13250186153227944
R32LAM-M,bio-based_polystyrene,2035,polystyrene,0.13253991337618748
R32LAM-M,bio-based_polystyrene,2040,polystyrene,0.13247908208589784
R32LAM-M,bio-based_polystyrene,2045,polystyrene,0.13239783435536925
R32LAM-M,bio-based_polystyrene,2050,polystyrene,0.13235563015798635
R32LAM-M,bio-based_polystyrene,2055,polystyrene,0.13236790922664565
R32LAM-M,bio-based_polystyrene,2060,polystyrene,0.13237384846858033
R32LAM-M,other_plastics,2020,plastic_mixture,0.1002192453096137
R32LAM-M,other_plastics,2025,plastic_mixture,0.10008743855971196
R32LAM-M,other_plastics,2030,plastic_mixture,0.09997260865603814
R32LAM-M,other_plastics,2035,plastic_mixture,0.10001704545305608
R32LAM-M,other_plastics,2040,plastic_mixture,0.09994938482014253
R32LAM-M,other_plastics,2045,plastic_mixture,0.09985653634337044
R32LAM-M,other_plastics,2050,plastic_mixture,0.09980693445285688
R32LAM-M,other_plastics,2055,plastic_mixture,0.0998211587312681
R32LAM-M,other_plastics,2060,plastic_mixture,0.09982801377885468
R32LAM-M,polypropylene,2020,polypropylene,0.1082103481299397
R32LAM-M,polypropylene,2025,polypropylene,0.10809908302146684
R32LAM-M,polypropylene,2030,polypropylene,0.1080017607775932
R32LAM-M,polypropylene,2035,polypropylene,0.10803788032317356
R32LAM-M,polypropylene,2040,polypropylene,0.10797910622344116
R32LAM-M,polypropylene,2045,polypropylene,0.1079013516082562
R32LAM-M,polypropylene,2050,polypropylene,0.10786136614289736
R32LAM-M,polypropylene,2055,polypropylene,0.10787305809121128
R32LAM-M,polypropylene,2060,polypropylene,0.10787871911745628
R32LAM-M,polystyrene,2020,polystyrene,0.13271926723482974
R32LAM-M,polystyrene,2025,polystyrene,0.13260323886749856
R32LAM-M,polystyrene,2030,polystyrene,0.13250186153227944
R32LAM-M,polystyrene,2035,polystyrene,0.13253991337618748
R32LAM-M,polystyrene,2040,polystyrene,0.13247908208589784
R32LAM-M,polystyrene,2045,polystyrene,0.13239783435536925
R32LAM-M,polystyrene,2050,polystyrene,0.13235563015798635
R32LAM-M,polystyrene,2055,polystyrene,0.13236790922664565
R32LAM-M,polystyrene,2060,polystyrene,0.13237384846858033
R32MEA-H,acrylonitrile_butadiene_styrene,2020,acrylonitrile_butadiene_styrene,0.11653675878446776
R32MEA-H,acrylonitrile_butadiene_styrene,2025,acrylonitrile_butadiene_styrene,0.11642257453873768
R32MEA-H,acrylonitrile_butadiene_styrene,2030,acrylonitrile_butadiene_styrene,0.11632762060731516
R32MEA-H,acrylonitrile_butadiene_styrene,2035,acrylonitrile_butadiene_styrene,0.11636861255537807
R32MEA-H,acrylonitrile_butadiene_styrene,2040,acrylonitrile_butadiene_styrene,0.1163121960772038
R32MEA-H,acrylonitrile_butadiene_styrene,2045,acrylonitrile_butadiene_styrene,0.1162301535555764
R32MEA-H,acrylonitrile_butadiene_styrene,2050,acrylonitrile_butadiene_styrene,0.11618649625742224
R32MEA-H,acrylonitrile_butadiene_styrene,2055,acrylonitrile_butadiene_styrene,0.11619865679865118
R32MEA-H,acrylonitrile_butadiene_styrene,2060,acrylonitrile_butadiene_styrene,0.11620550723792553
R32MEA-H,bio-based_polypropylene,2020,polypropylene,0.1082103481299397
R32MEA-H,bio-based_polypropylene,2025,polypropylene,0.10809908302146684
R32MEA-H,bio-based_polypropylene,2030,polypropylene,0.1080017607775932
R32MEA-H,bio-based_polypropylene,2035,polypropylene,0.10803788032317356
R32MEA-H,bio-based_polypropylene,2040,polypropylene,0.10797910622344116
R32MEA-H,bio-based_polypropylene,2045,polypropylene,0.1079013516082562
R32MEA-H,bio-based_polypropylene,2050,polypropylene,0.10786136614289736
R32MEA-H,bio-based_polypropylene,2055,polypropylene,0.10787305809121128
R32MEA-H,bio-based_polypropylene,2060,polypropylene,0.10787871911745628
R32MEA-H,bio-based_polystyrene,2020,polystyrene,0.13271926723482974
R32MEA-H,bio-based_polystyrene,2025,polystyrene,0.13260323886749856
R32MEA-H,bio-based_polystyrene,2030,polystyrene,0.13250186153227944
R32MEA-H,bio-based_polystyrene,2035,polystyrene,0.13253991337618748
R32MEA-H,bio-based_polystyrene,2040,polystyrene,0.13247908208589784
R32MEA-H,bio-based_polystyrene,2045,polystyrene,0.13239783435536925
R32MEA-H,bio-based_polystyrene,2050,polystyrene,0.13235563015798635
R32MEA-H,bio-based_polystyrene,2055,polystyrene,0.13236790922664565
R32MEA-H,bio-based_polystyrene,2060,polystyrene,0.13237384846858033
R32MEA-H,other_plastics,2020,plastic_mixture,0.1002192453096137
R32MEA-H,other_plastics,2025,plastic_mixture,0.10008743855971196
R32MEA-H,other_plastics,2030,plastic_mixture,0.09997260865603814
R32MEA-H,other_plastics,2035,plastic_mixture,0.10001704545305608
R32MEA-H,other_plastics,2040,plastic_mixture,0.09994938482014253
R32MEA-H,other_plastics,2045,plastic_mixture,0.09985653634337044
R32MEA-H,other_plastics,2050,plastic_mixture,0.09980693445285688
R32MEA-H,other_plastics,2055,plastic_mixture,0.0998211587312681
R32MEA-H,other_plastics,2060,plastic_mixture,0.09982801377885468
R32MEA-H,polypropylene,2020,polypropylene,0.1082103481299397
R32MEA-H,polypropylene,2025,polypropylene,0.10809908302146684
R32MEA-H,polypropylene,2030,polypropylene,0.1080017607775932
R32MEA-H,polypropylene,2035,polypropylene,0.10803788032317356
R32MEA-H,polypropylene,2040,polypropylene,0.10797910622344116
R32MEA-H,polypropylene,2045,polypropylene,0.1079013516082562
R32MEA-H,polypropylene,2050,polypropylene,0.10786136614289736
R32MEA-H,polypropylene,2055,polypropylene,0.10787305809121128
R32MEA-H,polypropylene,2060,polypropylene,0.10787871911745628
R32MEA-H,polystyrene,2020,polystyrene,0.13271926723482974
R32MEA-H,polystyrene,2025,polystyrene,0.13260323886749856
R32MEA-H,polystyrene,2030,polystyrene,0.13250186153227944
R32MEA-H,polystyrene,2035,polystyrene,0.13253991337618748
R32MEA-H,polystyrene,2040,polystyrene,0.13247908208589784
R32MEA-H,polystyrene,2045,polystyrene,0.13239783435536925
R32MEA-H,polystyrene,2050,polystyrene,0.13235563015798635
R32MEA-H,polystyrene,2055,polystyrene,0.13236790922664565
R32MEA-H,polystyrene,2060,polystyrene,0.13237384846858033
R32MEA-M,acrylonitrile_butadiene_styrene,2020,acrylonitrile_butadiene_styrene,0.11653675878446776
R32MEA-M,acrylonitrile_butadiene_styrene,2025,acrylonitrile_butadiene_styrene,0.11642257453873768
R32MEA-M,acrylonitrile_butadiene_styrene,2030,acrylonitrile_butadiene_styrene,0.11632762060731516
R32MEA-M,acrylonitrile_butadiene_styrene,2035,acrylonitrile_butadiene_styrene,0.11636861255537807
R32MEA-M,acrylonitrile_butadiene_styrene,2040,acrylonitrile_butadiene_styrene,0.1163121960772038
R32MEA-M,acrylonitrile_butadiene_styrene,2045,acrylonitrile_butadiene_styrene,0.1162301535555764
R32MEA-M,acrylonitrile_butadiene_styrene,2050,acrylonitrile_butadiene_styrene,0.11618649625742224
R32MEA-M,acrylonitrile_butadiene_styrene,2055,acrylonitrile_butadiene_styrene,0.11619865679865118
R32MEA-M,acrylonitrile_butadiene_styrene,2060,acrylonitrile_butadiene_styrene,0.11620550723792553
R32MEA-M,bio-based_polypropylene,2020,polypropylene,0.1082103481299397
R32MEA-M,bio-based_polypropylene,2025,polypropylene,0.10809908302146684
R32MEA-M,bio-based_polypropylene,2030,polypropylene,0.1080017607775932
R32MEA-M,bio-based_polypropylene,2035,polypropylene,0.10803788032317356
R32MEA-M,bio-based_polypropylene,2040,polypropylene,0.10797910622344116
R32MEA-M,bio-based_polypropylene,2045,polypropylene,0.1079013516082562
R32MEA-M,bio-based_polypropylene,2050,polypropylene,0.10786136614289736
R32MEA-M,bio-based_polypropylene,2055,polypropylene,0.10787305809121128
R32MEA-M,bio-based_polypropylene,2060,polypropylene,0.10787871911745628
R32MEA-M,bio-based_polystyrene,2020,polystyrene,0.13271926723482974
R32MEA-M,bio-based_polystyrene,2025,polystyrene,0.13260323886749856
R32MEA-M,bio-based_polystyrene,2030,polystyrene,0.13250186153227944
R32MEA-M,bio-based_polystyrene,2035,polystyrene,0.13253991337618748
R32MEA-M,bio-based_polystyrene,2040,polystyrene,0.13247908208589784
R32MEA-M,bio-based_polystyrene,2045,polystyrene,0.13239783435536925
R32MEA-M,bio-based_polystyrene,2050,polystyrene,0.13235563015798635
R32MEA-M,bio-based_polystyrene,2055,polystyrene,0.13236790922664565
R32MEA-M,bio-based_polystyrene,2060,polystyrene,0.13237384846858033
R32MEA-M,other_plastics,2020,plastic_mixture,0.1002192453096137
R32MEA-M,other_plastics,2025,plastic_mixture,0.10008743855971196
R32MEA-M,other_plastics,2030,plastic_mixture,0.09997260865603814
R32MEA-M,other_plastics,2035,plastic_mixture,0.10001704545305608
R32MEA-M,other_plastics,2040,plastic_mixture,0.09994938482014253
R32MEA-M,other_plastics,2045,plastic_mixture,0.09985653634337044
R32MEA-M,other_plastics,2050,plastic_mixture,0.09980693445285688
R32MEA-M,other_plastics,2055,plastic_mixture,0.0998211587312681
R32MEA-M,other_plastics,2060,plastic_mixture,0.09982801377885468
R32MEA-M,polypropylene,2020,polypropylene,0.1082103481299397
R32MEA-M,polypropylene,2025,polypropylene,0.10809908302146684
R32MEA-M,polypropylene,2030,polypropylene,0.1080017607775932
R32MEA-M,polypropylene,2035,polypropylene,0.10803788032317356
R32MEA-M,polypropylene,2040,polypropylene,0.10797910622344116
R32MEA-M,polypropylene,2045,polypropylene,0.1079013516082562
R32MEA-M,polypropylene,2050,polypropylene,0.10786136614289736
R32MEA-M,polypropylene,2055,polypropylene,0.10787305809121128
R32MEA-M,polypropylene,2060,polypropylene,0.10787871911745628
R32MEA-M,polystyrene,2020,polystyrene,0.13271926723482974
R32MEA-M,polystyrene,2025,polystyrene,0.13260323886749856
R32MEA-M,polystyrene,2030,polystyrene,0.13250186153227944
R32MEA-M,polystyrene,2035,polystyrene,0.13253991337618748
R32MEA-M,polystyrene,2040,polystyrene,0.13247908208589784
R32MEA-M,polystyrene,2045,polystyrene,0.13239783435536925
R32MEA-M,polystyrene,2050,polystyrene,0.13235563015798635
R32MEA-M,polystyrene,2055,polystyrene,0.13236790922664565
R32MEA-M,polystyrene,2060,polystyrene,0.13237384846858033
R32MEX,acrylonitrile_butadiene_styrene,2020,acrylonitrile_butadiene_styrene,0.11653675878446776
R32MEX,acrylonitrile_butadiene_styrene,2025,acrylonitrile_butadiene_styrene,0.11642257453873768
R32MEX,acrylonitrile_butadiene_styrene,2030,acrylonitrile_butadiene_styrene,0.11632762060731516
R32MEX,acrylonitrile_butadiene_styrene,2035,acrylonitrile_butadiene_styrene,0.11636861255537807
R32MEX,acrylonitrile_butadiene_styrene,2040,acrylonitrile_butadiene_styrene,0.1163121960772038
R32MEX,acrylonitrile_butadiene_styrene,2045,acrylonitrile_butadiene_styrene,0.1162301535555764
R32MEX,acrylonitrile_butadiene_styrene,2050,acrylonitrile_butadiene_styrene,0.11618649625742224
R32MEX,acrylonitrile_butadiene_styrene,2055,acrylonitrile_butadiene_styrene,0.11619865679865118
R32MEX,acrylonitrile_butadiene_styrene,2060,acrylonitrile_butadiene_styrene,0.11620550723792553
R32MEX,bio-based_polypropylene,2020,polypropylene,0.1082103481299397
R32MEX,bio-based_polypropylene,2025,polypropylene,0.10809908302146684
R32MEX,bio-based_polypropylene,2030,polypropylene,0.1080017607775932
R32MEX,bio-based_polypropylene,2035,polypropylene,0.10803788032317356
R32MEX,bio-based_polypropylene,2040,polypropylene,0.10797910622344116
R32MEX,bio-based_polypropylene,2045,polypropylene,0.1079013516082562
R32MEX,bio-based_polypropylene,2050,polypropylene,0.10786136614289736
R32MEX,bio-based_polypropylene,2055,polypropylene,0.10787305809121128
R32MEX,bio-based_polypropylene,2060,polypropylene,0.10787871911745628
R32MEX,bio-based_polystyrene,2020,polystyrene,0.13271926723482974
R32MEX,bio-based_polystyrene,2025,polystyrene,0.13260323886749856
R32MEX,bio-based_polystyrene,2030,polystyrene,0.13250186153227944
R32MEX,bio-based_polystyrene,2035,polystyrene,0.13253991337618748
R32MEX,bio-based_polystyrene,2040,polystyrene,0.13247908208589784
R32MEX,bio-based_polystyrene,2045,polystyrene,0.13239783435536925
R32MEX,bio-based_polystyrene,2050,polystyrene,0.13235563015798635
R32MEX,bio-based_polystyrene,2055,polystyrene,0.13236790922664565
R32MEX,bio-based_polystyrene,2060,polystyrene,0.13237384846858033
R32MEX,other_plastics,2020,plastic_mixture,0.1002192453096137
R32MEX,other_plastics,2025,plastic_mixture,0.10008743855971196
R32MEX,other_plastics,2030,plastic_mixture,0.09997260865603814
R32MEX,other_plastics,2035,plastic_mixture,0.10001704545305608
R32MEX,other_plastics,2040,plastic_mixture,0.09994938482014253
R32MEX,other_plastics,2045,plastic_mixture,0.09985653634337044
R32MEX,other_plastics,2050,plastic_mixture,0.09980693445285688
R32MEX,other_plastics,2055,plastic_mixture,0.0998211587312681
R32MEX,other_plastics,2060,plastic_mixture,0.09982801377885468
R32MEX,polypropylene,2020,polypropylene,0.1082103481299397
R32MEX,polypropylene,2025,polypropylene,0.10809908302146684
R32MEX,polypropylene,2030,polypropylene,0.1080017607775932
R32MEX,polypropylene,2035,polypropylene,0.10803788032317356
R32MEX,polypropylene,2040,polypropylene,0.10797910622344116
R32MEX,polypropylene,2045,polypropylene,0.1079013516082562
R32MEX,polypropylene,2050,polypropylene,0.10786136614289736
R32MEX,polypropylene,2055,polypropylene,0.10787305809121128
R32MEX,polypropylene,2060,polypropylene,0.10787871911745628
R32MEX,polystyrene,2020,polystyrene,0.13271926723482974
R32MEX,polystyrene,2025,polystyrene,0.13260323886749856
R32MEX,polystyrene,2030,polystyrene,0.13250186153227944
R32MEX,polystyrene,2035,polystyrene,0.13253991337618748
R32MEX,polystyrene,2040,polystyrene,0.13247908208589784
R32MEX,polystyrene,2045,polystyrene,0.13239783435536925
R32MEX,polystyrene,2050,polystyrene,0.13235563015798635
R32MEX,polystyrene,2055,polystyrene,0.13236790922664565
R32MEX,polystyrene,2060,polystyrene,0.13237384846858033
R32NAF,acrylonitrile_butadiene_styrene,2020,acrylonitrile_butadiene_styrene,0.11653675878446776
R32NAF,acrylonitrile_butadiene_styrene,2025,acrylonitrile_butadiene_styrene,0.11642257453873768
R32NAF,acrylonitrile_butadiene_styrene,2030,acrylonitrile_butadiene_styrene,0.11632762060731516
R32NAF,acrylonitrile_butadiene_styrene,2035,acrylonitrile_butadiene_styrene,0.11636861255537807
R32NAF,acrylonitrile_butadiene_styrene,2040,acrylonitrile_butadiene_styrene,0.1163121960772038
R32NAF,acrylonitrile_butadiene_styrene,2045,acrylonitrile_butadiene_styrene,0.1162301535555764
R32NAF,acrylonitrile_butadiene_styrene,2050,acrylonitrile_butadiene_styrene,0.11618649625742224
R32NAF,acrylonitrile_butadiene_styrene,2055,acrylonitrile_butadiene_styrene,0.11619865679865118
R32NAF,acrylonitrile_butadiene_styrene,2060,acrylonitrile_butadiene_styrene,0.11620550723792553
R32NAF,bio-based_polypropylene,2020,polypropylene,0.1082103481299397
R32NAF,bio-based_polypropylene,2025,polypropylene,0.10809908302146684
R32NAF,bio-based_polypropylene,2030,polypropylene,0.1080017607775932
R32NAF,bio-based_polypropylene,2035,polypropylene,0.10803788032317356
R32NAF,bio-based_polypropylene,2040,polypropylene,0.10797910622344116
R32NAF,bio-based_polypropylene,2045,polypropylene,0.1079013516082562
R32NAF,bio-based_polypropylene,2050,polypropylene,0.10786136614289736
R32NAF,bio-based_polypropylene,2055,polypropylene,0.10787305809121128
R32NAF,bio-based_polypropylene,2060,polypropylene,0.10787871911745628
R32NAF,bio-based_polystyrene,2020,polystyrene,0.13271926723482974
R32NAF,bio-based_polystyrene,2025,polystyrene,0.13260323886749856
R32NAF,bio-based_polystyrene,2030,polystyrene,0.13250186153227944
R32NAF,bio-based_polystyrene,2035,polystyrene,0.13253991337618748
R32NAF,bio-based_polystyrene,2040,polystyrene,0.13247908208589784
R32NAF,bio-based_polystyrene,2045,polystyrene,0.13239783435536925
R32NAF,bio-based_polystyrene,2050,polystyrene,0.13235563015798635
R32NAF,bio-based_polystyrene,2055,polystyrene,0.13236790922664565
R32NAF,bio-based_polystyrene,2060,polystyrene,0.13237384846858033
R32NAF,other_plastics,2020,plastic_mixture,0.1002192453096137
R32NAF,other_plastics,2025,plastic_mixture,0.10008743855971196
R32NAF,other_plastics,2030,plastic_mixture,0.09997260865603814
R32NAF,other_plastics,2035,plastic_mixture,0.10001704545305608
R32NAF,other_plastics,2040,plastic_mixture,0.09994938482014253
R32NAF,other_plastics,2045,plastic_mixture,0.09985653634337044
R32NAF,other_plastics,2050,plastic_mixture,0.09980693445285688
R32NAF,other_plastics,2055,plastic_mixture,0.0998211587312681
R32NAF,other_plastics,2060,plastic_mixture,0.09982801377885468
R32NAF,polypropylene,2020,polypropylene,0.1082103481299397
R32NAF,polypropylene,2025,polypropylene,0.10809908302146684
R32NAF,polypropylene,2030,polypropylene,0.1080017607775932
R32NAF,polypropylene,2035,polypropylene,0.10803788032317356
R32NAF,polypropylene,2040,polypropylene,0.10797910622344116
R32NAF,polypropylene,2045,polypropylene,0.1079013516082562
R32NAF,polypropylene,2050,polypropylene,0.10786136614289736
R32NAF,polypropylene,2055,polypropylene,0.10787305809121128
R32NAF,polypropylene,2060,polypropylene,0.10787871911745628
R32NAF,polystyrene,2020,polystyrene,0.13271926723482974
R32NAF,polystyrene,2025,polystyrene,0.13260323886749856
R32NAF,polystyrene,2030,polystyrene,0.13250186153227944
R32NAF,polystyrene,2035,polystyrene,0.13253991337618748
R32NAF,polystyrene,2040,polystyrene,0.13247908208589784
R32NAF,polystyrene,2045,polystyrene,0.13239783435536925
R32NAF,polystyrene,2050,polystyrene,0.13235563015798635
R32NAF,polystyrene,2055,polystyrene,0.13236790922664565
R32NAF,polystyrene,2060,polystyrene,0.13237384846858033
R32OAS-CPA,acrylonitrile_butadiene_styrene,2020,acrylonitrile_butadiene_styrene,0.11653675878446776
R32OAS-CPA,acrylonitrile_butadiene_styrene,2025,acrylonitrile_butadiene_styrene,0.11642257453873768
R32OAS-CPA,acrylonitrile_butadiene_styrene,2030,acrylonitrile_butadiene_styrene,0.11632762060731516
R32OAS-CPA,acrylonitrile_butadiene_styrene,2035,acrylonitrile_butadiene_styrene,0.11636861255537807
R32OAS-CPA,acrylonitrile_butadiene_styrene,2040,acrylonitrile_butadiene_styrene,0.1163121960772038
R32OAS-CPA,acrylonitrile_butadiene_styrene,2045,acrylonitrile_butadiene_styrene,0.1162301535555764
R32OAS-CPA,acrylonitrile_butadiene_styrene,2050,acrylonitrile_butadiene_styrene,0.11618649625742224
R32OAS-CPA,acrylonitrile_butadiene_styrene,2055,acrylonitrile_butadiene_styrene,0.11619865679865118
R32OAS-CPA,acrylonitrile_butadiene_styrene,2060,acrylonitrile_butadiene_styrene,0.11620550723792553
R32OAS-CPA,bio-based_polypropylene,2020,polypropylene,0.1082103481299397
R32OAS-CPA,bio-based_polypropylene,2025,polypropylene,0.10809908302146684
R32OAS-CPA,bio-based_polypropylene,2030,polypropylene,0.1080017607775932
R32OAS-CPA,bio-based_polypropylene,2035,polypropylene,0.10803788032317356
R32OAS-CPA,bio-based_polypropylene,2040,polypropylene,0.10797910622344116
R32OAS-CPA,bio-based_polypropylene,2045,polypropylene,0.1079013516082562
R32OAS-CPA,bio-based_polypropylene,2050,polypropylene,0.10786136614289736
R32OAS-CPA,bio-based_polypropylene,2055,polypropylene,0.10787305809121128
R32OAS-CPA,bio-based_polypropylene,2060,polypropylene,0.10787871911745628
R32OAS-CPA,bio-based_polystyrene,2020,polystyrene,0.13271926723482974
R32OAS-CPA,bio-based_polystyrene,2025,polystyrene,0.13260323886749856
R32OAS-CPA,bio-based_polystyrene,2030,polystyrene,0.13250186153227944
R32OAS-CPA,bio-based_polystyrene,2035,polystyrene,0.13253991337618748
R32OAS-CPA,bio-based_polystyrene,2040,polystyrene,0.13247908208589784
R32OAS-CPA,bio-based_polystyrene,2045,polystyrene,0.13239783435536925
R32OAS-CPA,bio-based_polystyrene,2050,polystyrene,0.13235563015798635
R32OAS-CPA,bio-based_polystyrene,2055,polystyrene,0.13236790922664565
R32OAS-CPA,bio-based_polystyrene,2060,polystyrene,0.13237384846858033
R32OAS-CPA,other_plastics,2020,plastic_mixture,0.1002192453096137
R32OAS-CPA,other_plastics,2025,plastic_mixture,0.10008743855971196
R32OAS-CPA,other_plastics,2030,plastic_mixture,0.09997260865603814
R32OAS-CPA,other_plastics,2035,plastic_mixture,0.10001704545305608
R32OAS-CPA,other_plastics,2040,plastic_mixture,0.09994938482014253
R32OAS-CPA,other_plastics,2045,plastic_mixture,0.09985653634337044
R32OAS-CPA,other_plastics,2050,plastic_mixture,0.09980693445285688
R32OAS-CPA,other_plastics,2055,plastic_mixture,0.0998211587312681
R32OAS-CPA,other_plastics,2060,plastic_mixture,0.09982801377885468
R32OAS-CPA,polypropylene,2020,polypropylene,0.1082103481299397
R32OAS-CPA,polypropylene,2025,polypropylene,0.10809908302146684
R32OAS-CPA,polypropylene,2030,polypropylene,0.1080017607775932
R32OAS-CPA,polypropylene,2035,polypropylene,0.10803788032317356
R32OAS-CPA,polypropylene,2040,polypropylene,0.10797910622344116
R32OAS-CPA,polypropylene,2045,polypropylene,0.1079013516082562
R32OAS-CPA,polypropylene,2050,polypropylene,0.10786136614289736
R32OAS-CPA,polypropylene,2055,polypropylene,0.10787305809121128
R32OAS-CPA,polypropylene,2060,polypropylene,0.10787871911745628
R32OAS-CPA,polystyrene,2020,polystyrene,0.13271926723482974
R32OAS-CPA,polystyrene,2025,polystyrene,0.13260323886749856
R32OAS-CPA,polystyrene,2030,polystyrene,0.13250186153227944
R32OAS-CPA,polystyrene,2035,polystyrene,0.13253991337618748
R32OAS-CPA,polystyrene,2040,polystyrene,0.13247908208589784
R32OAS-CPA,polystyrene,2045,polystyrene,0.13239783435536925
R32OAS-CPA,polystyrene,2050,polystyrene,0.13235563015798635
R32OAS-CPA,polystyrene,2055,polystyrene,0.13236790922664565
R32OAS-CPA,polystyrene,2060,polystyrene,0.13237384846858033
R32OAS-L-PAS,acrylonitrile_butadiene_styrene,2020,acrylonitrile_butadiene_styrene,0.11653675878446776
R32OAS-L-PAS,acrylonitrile_butadiene_styrene,2025,acrylonitrile_butadiene_styrene,0.11642257453873768
R32OAS-L-PAS,acrylonitrile_butadiene_styrene,2030,acrylonitrile_butadiene_styrene,0.11632762060731516
R32OAS-L-PAS,acrylonitrile_butadiene_styrene,2035,acrylonitrile_butadiene_styrene,0.11636861255537807
R32OAS-L-PAS,acrylonitrile_butadiene_styrene,2040,acrylonitrile_butadiene_styrene,0.1163121960772038
R32OAS-L-PAS,acrylonitrile_butadiene_styrene,2045,acrylonitrile_butadiene_styrene,0.1162301535555764
R32OAS-L-PAS,acrylonitrile_butadiene_styrene,2050,acrylonitrile_butadiene_styrene,0.11618649625742224
R32OAS-L-PAS,acrylonitrile_butadiene_styrene,2055,acrylonitrile_butadiene_styrene,0.11619865679865118
R32OAS-L-PAS,acrylonitrile_butadiene_styrene,2060,acrylonitrile_butadiene_styrene,0.11620550723792553
R32OAS-L-PAS,bio-based_polypropylene,2020,polypropylene,0.1082103481299397
R32OAS-L-PAS,bio-based_polypropylene,2025,polypropylene,0.10809908302146684
R32OAS-L-PAS,bio-based_polypropylene,2030,polypropylene,0.1080017607775932
R32OAS-L-PAS,bio-based_polypropylene,2035,polypropylene,0.10803788032317356
R32OAS-L-PAS,bio-based_polypropylene,2040,polypropylene,0.10797910622344116
R32OAS-L-PAS,bio-based_polypropylene,2045,polypropylene,0.1079013516082562
R32OAS-L-PAS,bio-based_polypropylene,2050,polypropylene,0.10786136614289736
R32OAS-L-PAS,bio-based_polypropylene,2055,polypropylene,0.10787305809121128
R32OAS-L-PAS,bio-based_polypropylene,2060,polypropylene,0.10787871911745628
R32OAS-L-PAS,bio-based_polystyrene,2020,polystyrene,0.13271926723482974
R32OAS-L-PAS,bio-based_polystyrene,2025,polystyrene,0.13260323886749856
R32OAS-L-PAS,bio-based_polystyrene,2030,polystyrene,0.13250186153227944
R32OAS-L-PAS,bio-based_polystyrene,2035,polystyrene,0.13253991337618748
R32OAS-L-PAS,bio-based_polystyrene,2040,polystyrene,0.13247908208589784
R32OAS-L-PAS,bio-based_polystyrene,2045,polystyrene,0.13239783435536925
R32OAS-L-PAS,bio-based_polystyrene,2050,polystyrene,0.13235563015798635
R32OAS-L-PAS,bio-based_polystyrene,2055,polystyrene,0.13236790922664565
R32OAS-L-PAS,bio-based_polystyrene,2060,polystyrene,0.13237384846858033
R32OAS-L-PAS,other_plastics,2020,plastic_mixture,0.1002192453096137
R32OAS-L-PAS,other_plastics,2025,plastic_mixture,0.10008743855971196
R32OAS-L-PAS,other_plastics,2030,plastic_mixture,0.09997260865603814
R32OAS-L-PAS,other_plastics,2035,plastic_mixture,0.10001704545305608
R32OAS-L-PAS,other_plastics,2040,plastic_mixture,0.09994938482014253
R32OAS-L-PAS,other_plastics,2045,plastic_mixture,0.09985653634337044
R32OAS-L-PAS,other_plastics,2050,plastic_mixture,0.09980693445285688
R32OAS-L-PAS,other_plastics,2055,plastic_mixture,0.0998211587312681
R32OAS-L-PAS,other_plastics,2060,plastic_mixture,0.09982801377885468
R32OAS-L-PAS,polypropylene,2020,polypropylene,0.1082103481299397
R32OAS-L-PAS,polypropylene,2025,polypropylene,0.10809908302146684
R32OAS-L-PAS,polypropylene,2030,polypropylene,0.1080017607775932
R32OAS-L-PAS,polypropylene,2035,polypropylene,0.10803788032317356
R32OAS-L-PAS,polypropylene,2040,polypropylene,0.10797910622344116
R32OAS-L-PAS,polypropylene,2045,polypropylene,0.1079013516082562
R32OAS-L-PAS,polypropylene,2050,polypropylene,0.10786136614289736
R32OAS-L-PAS,polypropylene,2055,polypropylene,0.10787305809121128
R32OAS-L-PAS,polypropylene,2060,polypropylene,0.10787871911745628
R32OAS-L-PAS,polystyrene,2020,polystyrene,0.13271926723482974
R32OAS-L-PAS,polystyrene,2025,polystyrene,0.13260323886749856
R32OAS-L-PAS,polystyrene,2030,polystyrene,0.13250186153227944
R32OAS-L-PAS,polystyrene,2035,polystyrene,0.13253991337618748
R32OAS-L-PAS,polystyrene,2040,polystyrene,0.13247908208589784
R32OAS-L-PAS,polystyrene,2045,polystyrene,0.13239783435536925
R32OAS-L-PAS,polystyrene,2050,polystyrene,0.13235563015798635
R32OAS-L-PAS,polystyrene,2055,polystyrene,0.13236790922664565
R32OAS-L-PAS,polystyrene,2060,polystyrene,0.13237384846858033
R32OAS-L-SAS,acrylonitrile_butadiene_styrene,2020,acrylonitrile_butadiene_styrene,0.11653675878446776
R32OAS-L-SAS,acrylonitrile_butadiene_styrene,2025,acrylonitrile_butadiene_styrene,0.11642257453873768
R32OAS-L-SAS,acrylonitrile_butadiene_styrene,2030,acrylonitrile_butadiene_styrene,0.11632762060731516
R32OAS-L-SAS,acrylonitrile_butadiene_styrene,2035,acrylonitrile_butadiene_styrene,0.11636861255537807
R32OAS-L-SAS,acrylonitrile_butadiene_styrene,2040,acrylonitrile_butadiene_styrene,0.1163121960772038
R32OAS-L-SAS,acrylonitrile_butadiene_styrene,2045,acrylonitrile_butadiene_styrene,0.1162301535555764
R32OAS-L-SAS,acrylonitrile_butadiene_styrene,2050,acrylonitrile_butadiene_styrene,0.11618649625742224
R32OAS-L-SAS,acrylonitrile_butadiene_styrene,2055,acrylonitrile_butadiene_styrene,0.11619865679865118
R32OAS-L-SAS,acrylonitrile_butadiene_styrene,2060,acrylonitrile_butadiene_styrene,0.11620550723792553
R32OAS-L-SAS,bio-based_polypropylene,2020,polypropylene,0.1082103481299397
R32OAS-L-SAS,bio-based_polypropylene,2025,polypropylene,0.10809908302146684
R32OAS-L-SAS,bio-based_polypropylene,2030,polypropylene,0.1080017607775932
R32OAS-L-SAS,bio-based_polypropylene,2035,polypropylene,0.10803788032317356
R32OAS-L-SAS,bio-based_polypropylene,2040,polypropylene,0.10797910622344116
R32OAS-L-SAS,bio-based_polypropylene,2045,polypropylene,0.1079013516082562
R32OAS-L-SAS,bio-based_polypropylene,2050,polypropylene,0.10786136614289736
R32OAS-L-SAS,bio-based_polypropylene,2055,polypropylene,0.10787305809121128
R32OAS-L-SAS,bio-based_polypropylene,2060,polypropylene,0.10787871911745628
R32OAS-L-SAS,bio-based_polystyrene,2020,polystyrene,0.13271926723482974
R32OAS-L-SAS,bio-based_polystyrene,2025,polystyrene,0.13260323886749856
R32OAS-L-SAS,bio-based_polystyrene,2030,polystyrene,0.13250186153227944
R32OAS-L-SAS,bio-based_polystyrene,2035,polystyrene,0.13253991337618748
R32OAS-L-SAS,bio-based_polystyrene,2040,polystyrene,0.13247908208589784
R32OAS-L-SAS,bio-based_polystyrene,2045,polystyrene,0.13239783435536925
R32OAS-L-SAS,bio-based_polystyrene,2050,polystyrene,0.13235563015798635
R32OAS-L-SAS,bio-based_polystyrene,2055,polystyrene,0.13236790922664565
R32OAS-L-SAS,bio-based_polystyrene,2060,polystyrene,0.13237384846858033
R32OAS-L-SAS,other_plastics,2020,plastic_mixture,0.1002192453096137
R32OAS-L-SAS,other_plastics,2025,plastic_mixture,0.10008743855971196
R32OAS-L-SAS,other_plastics,2030,plastic_mixture,0.09997260865603814
R32OAS-L-SAS,other_plastics,2035,plastic_mixture,0.10001704545305608
R32OAS-L-SAS,other_plastics,2040,plastic_mixture,0.09994938482014253
R32OAS-L-SAS,other_plastics,2045,plastic_mixture,0.09985653634337044
R32OAS-L-SAS,other_plastics,2050,plastic_mixture,0.09980693445285688
R32OAS-L-SAS,other_plastics,2055,plastic_mixture,0.0998211587312681
R32OAS-L-SAS,other_plastics,2060,plastic_mixture,0.09982801377885468
R32OAS-L-SAS,polypropylene,2020,polypropylene,0.1082103481299397
R32OAS-L-SAS,polypropylene,2025,polypropylene,0.10809908302146684
R32OAS-L-SAS,polypropylene,2030,polypropylene,0.1080017607775932
R32OAS-L-SAS,polypropylene,2035,polypropylene,0.10803788032317356
R32OAS-L-SAS,polypropylene,2040,polypropylene,0.10797910622344116
R32OAS-L-SAS,polypropylene,2045,polypropylene,0.1079013516082562
R32OAS-L-SAS,polypropylene,2050,polypropylene,0.10786136614289736
R32OAS-L-SAS,polypropylene,2055,polypropylene,0.10787305809121128
R32OAS-L-SAS,polypropylene,2060,polypropylene,0.10787871911745628
R32OAS-L-SAS,polystyrene,2020,polystyrene,0.13271926723482974
R32OAS-L-SAS,polystyrene,2025,polystyrene,0.13260323886749856
R32OAS-L-SAS,polystyrene,2030,polystyrene,0.13250186153227944
R32OAS-L-SAS,polystyrene,2035,polystyrene,0.13253991337618748
R32OAS-L-SAS,polystyrene,2040,polystyrene,0.13247908208589784
R32OAS-L-SAS,polystyrene,2045,polystyrene,0.13239783435536925
R32OAS-L-SAS,polystyrene,2050,polystyrene,0.13235563015798635
R32OAS-L-SAS,polystyrene,2055,polystyrene,0.13236790922664565
R32OAS-L-SAS,polystyrene,2060,polystyrene,0.13237384846858033
R32OAS-M-PAS,acrylonitrile_butadiene_styrene,2020,acrylonitrile_butadiene_styrene,0.11653675878446776
R32OAS-M-PAS,acrylonitrile_butadiene_styrene,2025,acrylonitrile_butadiene_styrene,0.11642257453873768
R32OAS-M-PAS,acrylonitrile_butadiene_styrene,2030,acrylonitrile_butadiene_styrene,0.11632762060731516
R32OAS-M-PAS,acrylonitrile_butadiene_styrene,2035,acrylonitrile_butadiene_styrene,0.11636861255537807
R32OAS-M-PAS,acrylonitrile_butadiene_styrene,2040,acrylonitrile_butadiene_styrene,0.1163121960772038
R32OAS-M-PAS,acrylonitrile_butadiene_styrene,2045,acrylonitrile_butadiene_styrene,0.1162301535555764
R32OAS-M-PAS,acrylonitrile_butadiene_styrene,2050,acrylonitrile_butadiene_styrene,0.11618649625742224
R32OAS-M-PAS,acrylonitrile_butadiene_styrene,2055,acrylonitrile_butadiene_styrene,0.11619865679865118
R32OAS-M-PAS,acrylonitrile_butadiene_styrene,2060,acrylonitrile_butadiene_styrene,0.11620550723792553
R32OAS-M-PAS,bio-based_polypropylene,2020,polypropylene,0.1082103481299397
R32OAS-M-PAS,bio-based_polypropylene,2025,polypropylene,0.10809908302146684
R32OAS-M-PAS,bio-based_polypropylene,2030,polypropylene,0.1080017607775932
R32OAS-M-PAS,bio-based_polypropylene,2035,polypropylene,0.10803788032317356
R32OAS-M-PAS,bio-based_polypropylene,2040,polypropylene,0.10797910622344116
R32OAS-M-PAS,bio-based_polypropylene,2045,polypropylene,0.1079013516082562
R32OAS-M-PAS,bio-based_polypropylene,2050,polypropylene,0.10786136614289736
R32OAS-M-PAS,bio-based_polypropylene,2055,polypropylene,0.10787305809121128
R32OAS-M-PAS,bio-based_polypropylene,2060,polypropylene,0.10787871911745628
R32OAS-M-PAS,bio-based_polystyrene,2020,polystyrene,0.13271926723482974
R32OAS-M-PAS,bio-based_polystyrene,2025,polystyrene,0.13260323886749856
R32OAS-M-PAS,bio-based_polystyrene,2030,polystyrene,0.13250186153227944
R32OAS-M-PAS,bio-based_polystyrene,2035,polystyrene,0.13253991337618748
R32OAS-M-PAS,bio-based_polystyrene,2040,polystyrene,0.13247908208589784
R32OAS-M-PAS,bio-based_polystyrene,2045,polystyrene,0.13239783435536925
R32OAS-M-PAS,bio-based_polystyrene,2050,polystyrene,0.13235563015798635
R32OAS-M-PAS,bio-based_polystyrene,2055,polystyrene,0.13236790922664565
R32OAS-M-PAS,bio-based_polystyrene,2060,polystyrene,0.13237384846858033
R32OAS-M-PAS,other_plastics,2020,plastic_mixture,0.1002192453096137
R32OAS-M-PAS,other_plastics,2025,plastic_mixture,0.10008743855971196
R32OAS-M-PAS,other_plastics,2030,plastic_mixture,0.09997260865603814
R32OAS-M-PAS,other_plastics,2035,plastic_mixture,0.10001704545305608
R32OAS-M-PAS,other_plastics,2040,plastic_mixture,0.09994938482014253
R32OAS-M-PAS,other_plastics,2045,plastic_mixture,0.09985653634337044
R32OAS-M-PAS,other_plastics,2050,plastic_mixture,0.09980693445285688
R32OAS-M-PAS,other_plastics,2055,plastic_mixture,0.0998211587312681
R32OAS-M-PAS,other_plastics,2060,plastic_mixture,0.09982801377885468
R32OAS-M-PAS,polypropylene,2020,polypropylene,0.1082103481299397
R32OAS-M-PAS,polypropylene,2025,polypropylene,0.10809908302146684
R32OAS-M-PAS,polypropylene,2030,polypropylene,0.1080017607775932
R32OAS-M-PAS,polypropylene,2035,polypropylene,0.10803788032317356
R32OAS-M-PAS,polypropylene,2040,polypropylene,0.10797910622344116
R32OAS-M-PAS,polypropylene,2045,polypropylene,0.1079013516082562
R32OAS-M-PAS,polypropylene,2050,polypropylene,0.10786136614289736
R32OAS-M-PAS,polypropylene,2055,polypropylene,0.10787305809121128
R32OAS-M-PAS,polypropylene,2060,polypropylene,0.10787871911745628
R32OAS-M-PAS,polystyrene,2020,polystyrene,0.13271926723482974
R32OAS-M-PAS,polystyrene,2025,polystyrene,0.13260323886749856
R32OAS-M-PAS,polystyrene,2030,polystyrene,0.13250186153227944
R32OAS-M-PAS,polystyrene,2035,polystyrene,0.13253991337618748
R32OAS-M-PAS,polystyrene,2040,polystyrene,0.13247908208589784
R32OAS-M-PAS,polystyrene,2045,polystyrene,0.13239783435536925
R32OAS-M-PAS,polystyrene,2050,polystyrene,0.13235563015798635
R32OAS-M-PAS,polystyrene,2055,polystyrene,0.13236790922664565
R32OAS-M-PAS,polystyrene,2060,polystyrene,0.13237384846858033
R32OAS-M-SAS,acrylonitrile_butadiene_styrene,2020,acrylonitrile_butadiene_styrene,0.11653675878446776
R32OAS-M-SAS,acrylonitrile_butadiene_styrene,2025,acrylonitrile_butadiene_styrene,0.11642257453873768
R32OAS-M-SAS,acrylonitrile_butadiene_styrene,2030,acrylonitrile_butadiene_styrene,0.11632762060731516
R32OAS-M-SAS,acrylonitrile_butadiene_styrene,2035,acrylonitrile_butadiene_styrene,0.11636861255537807
R32OAS-M-SAS,acrylonitrile_butadiene_styrene,2040,acrylonitrile_butadiene_styrene,0.1163121960772038
R32OAS-M-SAS,acrylonitrile_butadiene_styrene,2045,acrylonitrile_butadiene_styrene,0.1162301535555764
R32OAS-M-SAS,acrylonitrile_butadiene_styrene,2050,acrylonitrile_butadiene_styrene,0.11618649625742224
R32OAS-M-SAS,acrylonitrile_butadiene_styrene,2055,acrylonitrile_butadiene_styrene,0.11619865679865118
R32OAS-M-SAS,acrylonitrile_butadiene_styrene,2060,acrylonitrile_butadiene_styrene,0.11620550723792553
R32OAS-M-SAS,bio-based_polypropylene,2020,polypropylene,0.1082103481299397
R32OAS-M-SAS,bio-based_polypropylene,2025,polypropylene,0.10809908302146684
R32OAS-M-SAS,bio-based_polypropylene,2030,polypropylene,0.1080017607775932
R32OAS-M-SAS,bio-based_polypropylene,2035,polypropylene,0.10803788032317356
R32OAS-M-SAS,bio-based_polypropylene,2040,polypropylene,0.10797910622344116
R32OAS-M-SAS,bio-based_polypropylene,2045,polypropylene,0.1079013516082562
R32OAS-M-SAS,bio-based_polypropylene,2050,polypropylene,0.10786136614289736
R32OAS-M-SAS,bio-based_polypropylene,2055,polypropylene,0.10787305809121128
R32OAS-M-SAS,bio-based_polypropylene,2060,polypropylene,0.10787871911745628
R32OAS-M-SAS,bio-based_polystyrene,2020,polystyrene,0.13271926723482974
R32OAS-M-SAS,bio-based_polystyrene,2025,polystyrene,0.13260323886749856
R32OAS-M-SAS,bio-based_polystyrene,2030,polystyrene,0.13250186153227944
R32OAS-M-SAS,bio-based_polystyrene,2035,polystyrene,0.13253991337618748
R32OAS-M-SAS,bio-based_polystyrene,2040,polystyrene,0.13247908208589784
R32OAS-M-SAS,bio-based_polystyrene,2045,polystyrene,0.13239783435536925
R32OAS-M-SAS,bio-based_polystyrene,2050,polystyrene,0.13235563015798635
R32OAS-M-SAS,bio-based_polystyrene,2055,polystyrene,0.13236790922664565
R32OAS-M-SAS,bio-based_polystyrene,2060,polystyrene,0.13237384846858033
R32OAS-M-SAS,other_plastics,2020,plastic_mixture,0.1002192453096137
R32OAS-M-SAS,other_plastics,2025,plastic_mixture,0.10008743855971196
R32OAS-M-SAS,other_plastics,2030,plastic_mixture,0.09997260865603814
R32OAS-M-SAS,other_plastics,2035,plastic_mixture,0.10001704545305608
R32OAS-M-SAS,other_plastics,2040,plastic_mixture,0.09994938482014253
R32OAS-M-SAS,other_plastics,2045,plastic_mixture,0.09985653634337044
R32OAS-M-SAS,other_plastics,2050,plastic_mixture,0.09980693445285688
R32OAS-M-SAS,other_plastics,2055,plastic_mixture,0.0998211587312681
R32OAS-M-SAS,other_plastics,2060,plastic_mixture,0.09982801377885468
R32OAS-M-SAS,polypropylene,2020,polypropylene,0.1082103481299397
R32OAS-M-SAS,polypropylene,2025,polypropylene,0.10809908302146684
R32OAS-M-SAS,polypropylene,2030,polypropylene,0.1080017607775932
R32OAS-M-SAS,polypropylene,2035,polypropylene,0.10803788032317356
R32OAS-M-SAS,polypropylene,2040,polypropylene,0.10797910622344116
R32OAS-M-SAS,polypropylene,2045,polypropylene,0.1079013516082562
R32OAS-M-SAS,polypropylene,2050,polypropylene,0.10786136614289736
R32OAS-M-SAS,polypropylene,2055,polypropylene,0.10787305809121128
R32OAS-M-SAS,polypropylene,2060,polypropylene,0.10787871911745628
R32OAS-M-SAS,polystyrene,2020,polystyrene,0.13271926723482974
R32OAS-M-SAS,polystyrene,2025,polystyrene,0.13260323886749856
R32OAS-M-SAS,polystyrene,2030,polystyrene,0.13250186153227944
R32OAS-M-SAS,polystyrene,2035,polystyrene,0.13253991337618748
R32OAS-M-SAS,polystyrene,2040,polystyrene,0.13247908208589784
R32OAS-M-SAS,polystyrene,2045,polystyrene,0.13239783435536925
R32OAS-M-SAS,polystyrene,2050,polystyrene,0.13235563015798635
R32OAS-M-SAS,polystyrene,2055,polystyrene,0.13236790922664565
R32OAS-M-SAS,polystyrene,2060,polystyrene,0.13237384846858033
R32PAK,acrylonitrile_butadiene_styrene,2020,acrylonitrile_butadiene_styrene,0.11653675878446776
R32PAK,acrylonitrile_butadiene_styrene,2025,acrylonitrile_butadiene_styrene,0.11642257453873768
R32PAK,acrylonitrile_butadiene_styrene,2030,acrylonitrile_butadiene_styrene,0.11632762060731516
R32PAK,acrylonitrile_butadiene_styrene,2035,acrylonitrile_butadiene_styrene,0.11636861255537807
R32PAK,acrylonitrile_butadiene_styrene,2040,acrylonitrile_butadiene_styrene,0.1163121960772038
R32PAK,acrylonitrile_butadiene_styrene,2045,acrylonitrile_butadiene_styrene,0.1162301535555764
R32PAK,acrylonitrile_butadiene_styrene,2050,acrylonitrile_butadiene_styrene,0.11618649625742224
R32PAK,acrylonitrile_butadiene_styrene,2055,acrylonitrile_butadiene_styrene,0.11619865679865118
R32PAK,acrylonitrile_butadiene_styrene,2060,acrylonitrile_butadiene_styrene,0.11620550723792553
R32PAK,bio-based_polypropylene,2020,polypropylene,0.1082103481299397
R32PAK,bio-based_polypropylene,2025,polypropylene,0.10809908302146684
R32PAK,bio-based_polypropylene,2030,polypropylene,0.1080017607775932
R32PAK,bio-based_polypropylene,2035,polypropylene,0.10803788032317356
R32PAK,bio-based_polypropylene,2040,polypropylene,0.10797910622344116
R32PAK,bio-based_polypropylene,2045,polypropylene,0.1079013516082562
R32PAK,bio-based_polypropylene,2050,polypropylene,0.10786136614289736
R32PAK,bio-based_polypropylene,2055,polypropylene,0.10787305809121128
R32PAK,bio-based_polypropylene,2060,polypropylene,0.10787871911745628
R32PAK,bio-based_polystyrene,2020,polystyrene,0.13271926723482974
R32PAK,bio-based_polystyrene,2025,polystyrene,0.13260323886749856
R32PAK,bio-based_polystyrene,2030,polystyrene,0.13250186153227944
R32PAK,bio-based_polystyrene,2035,polystyrene,0.13253991337618748
R32PAK,bio-based_polystyrene,2040,polystyrene,0.13247908208589784
R32PAK,bio-based_polystyrene,2045,polystyrene,0.13239783435536925
R32PAK,bio-based_polystyrene,2050,polystyrene,0.13235563015798635
R32PAK,bio-based_polystyrene,2055,polystyrene,0.13236790922664565
R32PAK,bio-based_polystyrene,2060,polystyrene,0.13237384846858033
R32PAK,other_plastics,2020,plastic_mixture,0.1002192453096137
R32PAK,other_plastics,2025,plastic_mixture,0.10008743855971196
R32PAK,other_plastics,2030,plastic_mixture,0.09997260865603814
R32PAK,other_plastics,2035,plastic_mixture,0.10001704545305608
R32PAK,other_plastics,2040,plastic_mixture,0.09994938482014253
R32PAK,other_plastics,2045,plastic_mixture,0.09985653634337044
R32PAK,other_plastics,2050,plastic_mixture,0.09980693445285688
R32PAK,other_plastics,2055,plastic_mixture,0.0998211587312681
R32PAK,other_plastics,2060,plastic_mixture,0.09982801377885468
R32PAK,polypropylene,2020,polypropylene,0.1082103481299397
R32PAK,polypropylene,2025,polypropylene,0.10809908302146684
R32PAK,polypropylene,2030,polypropylene,0.1080017607775932
R32PAK,polypropylene,2035,polypropylene,0.10803788032317356
R32PAK,polypropylene,2040,polypropylene,0.10797910622344116
R32PAK,polypropylene,2045,polypropylene,0.1079013516082562
R32PAK,polypropylene,2050,polypropylene,0.10786136614289736
R32PAK,polypropylene,2055,polypropylene,0.10787305809121128
R32PAK,polypropylene,2060,polypropylene,0.10787871911745628
R32PAK,polystyrene,2020,polystyrene,0.13271926723482974
R32PAK,polystyrene,2025,polystyrene,0.13260323886749856
R32PAK,polystyrene,2030,polystyrene,0.13250186153227944
R32PAK,polystyrene,2035,polystyrene,0.13253991337618748
R32PAK,polystyrene,2040,polystyrene,0.13247908208589784
R32PAK,polystyrene,2045,polystyrene,0.13239783435536925
R32PAK,polystyrene,2050,polystyrene,0.13235563015798635
R32PAK,polystyrene,2055,polystyrene,0.13236790922664565
R32PAK,polystyrene,2060,polystyrene,0.13237384846858033
R32RUS,acrylonitrile_butadiene_styrene,2020,acrylonitrile_butadiene_styrene,0.11653675878446776
R32RUS,acrylonitrile_butadiene_styrene,2025,acrylonitrile_butadiene_styrene,0.11642257453873768
R32RUS,acrylonitrile_butadiene_styrene,2030,acrylonitrile_butadiene_styrene,0.11632762060731516
R32RUS,acrylonitrile_butadiene_styrene,2035,acrylonitrile_butadiene_styrene,0.11636861255537807
R32RUS,acrylonitrile_butadiene_styrene,2040,acrylonitrile_butadiene_styrene,0.1163121960772038
R32RUS,acrylonitrile_butadiene_styrene,2045,acrylonitrile_butadiene_styrene,0.1162301535555764
R32RUS,acrylonitrile_butadiene_styrene,2050,acrylonitrile_butadiene_styrene,0.11618649625742224
R32RUS,acrylonitrile_butadiene_styrene,2055,acrylonitrile_butadiene_styrene,0.11619865679865118
R32RUS,acrylonitrile_butadiene_styrene,2060,acrylonitrile_butadiene_styrene,0.11620550723792553
R32RUS,bio-based_polypropylene,2020,polypropylene,0.1082103481299397
R32RUS,bio-based_polypropylene,2025,polypropylene,0.10809908302146684
R32RUS,bio-based_polypropylene,2030,polypropylene,0.1080017607775932
R32RUS,bio-based_polypropylene,2035,polypropylene,0.10803788032317356
R32RUS,bio-based_polypropylene,2040,polypropylene,0.10797910622344116
R32RUS,bio-based_polypropylene,2045,polypropylene,0.1079013516082562
R32RUS,bio-based_polypropylene,2050,polypropylene,0.10786136614289736
R32RUS,bio-based_polypropylene,2055,polypropylene,0.10787305809121128
R32RUS,bio-based_polypropylene,2060,polypropylene,0.10787871911745628
R32RUS,bio-based_polystyrene,2020,polystyrene,0.13271926723482974
R32RUS,bio-based_polystyrene,2025,polystyrene,0.13260323886749856
R32RUS,bio-based_polystyrene,2030,polystyrene,0.13250186153227944
R32RUS,bio-based_polystyrene,2035,polystyrene,0.13253991337618748
R32RUS,bio-based_polystyrene,2040,polystyrene,0.13247908208589784
R32RUS,bio-based_polystyrene,2045,polystyrene,0.13239783435536925
R32RUS,bio-based_polystyrene,2050,polystyrene,0.13235563015798635
R32RUS,bio-based_polystyrene,2055,polystyrene,0.13236790922664565
R32RUS,bio-based_polystyrene,2060,polystyrene,0.13237384846858033
R32RUS,other_plastics,2020,plastic_mixture,0.1002192453096137
R32RUS,other_plastics,2025,plastic_mixture,0.10008743855971196
R32RUS,other_plastics,2030,plastic_mixture,0.09997260865603814
R32RUS,other_plastics,2035,plastic_mixture,0.10001704545305608
R32RUS,other_plastics,2040,plastic_mixture,0.09994938482014253
R32RUS,other_plastics,2045,plastic_mixture,0.09985653634337044
R32RUS,other_plastics,2050,plastic_mixture,0.09980693445285688
R32RUS,other_plastics,2055,plastic_mixture,0.0998211587312681
R32RUS,other_plastics,2060,plastic_mixture,0.09982801377885468
R32RUS,polypropylene,2020,polypropylene,0.1082103481299397
R32RUS,polypropylene,2025,polypropylene,0.10809908302146684
R32RUS,polypropylene,2030,polypropylene,0.1080017607775932
R32RUS,polypropylene,2035,polypropylene,0.10803788032317356
R32RUS,polypropylene,2040,polypropylene,0.10797910622344116
R32RUS,polypropylene,2045,polypropylene,0.1079013516082562
R32RUS,polypropylene,2050,polypropylene,0.10786136614289736
R32RUS,polypropylene,2055,polypropylene,0.10787305809121128
R32RUS,polypropylene,2060,polypropylene,0.10787871911745628
R32RUS,polystyrene,2020,polystyrene,0.13271926723482974
R32RUS,polystyrene,2025,polystyrene,0.13260323886749856
R32RUS,polystyrene,2030,polystyrene,0.13250186153227944
R32RUS,polystyrene,2035,polystyrene,0.13253991337618748
R32RUS,polystyrene,2040,polystyrene,0.13247908208589784
R32RUS,polystyrene,2045,polystyrene,0.13239783435536925
R32RUS,polystyrene,2050,polystyrene,0.13235563015798635
R32RUS,polystyrene,2055,polystyrene,0.13236790922664565
R32RUS,polystyrene,2060,polystyrene,0.13237384846858033
R32SAF,acrylonitrile_butadiene_styrene,2020,acrylonitrile_butadiene_styrene,0.11653675878446776
R32SAF,acrylonitrile_butadiene_styrene,2025,acrylonitrile_butadiene_styrene,0.11642257453873768
R32SAF,acrylonitrile_butadiene_styrene,2030,acrylonitrile_butadiene_styrene,0.11632762060731516
R32SAF,acrylonitrile_butadiene_styrene,2035,acrylonitrile_butadiene_styrene,0.11636861255537807
R32SAF,acrylonitrile_butadiene_styrene,2040,acrylonitrile_butadiene_styrene,0.1163121960772038
R32SAF,acrylonitrile_butadiene_styrene,2045,acrylonitrile_butadiene_styrene,0.1162301535555764
R32SAF,acrylonitrile_butadiene_styrene,2050,acrylonitrile_butadiene_styrene,0.11618649625742224
R32SAF,acrylonitrile_butadiene_styrene,2055,acrylonitrile_butadiene_styrene,0.11619865679865118
R32SAF,acrylonitrile_butadiene_styrene,2060,acrylonitrile_butadiene_styrene,0.11620550723792553
R32SAF,bio-based_polypropylene,2020,polypropylene,0.1082103481299397
R32SAF,bio-based_polypropylene,2025,polypropylene,0.10809908302146684
R32SAF,bio-based_polypropylene,2030,polypropylene,0.1080017607775932
R32SAF,bio-based_polypropylene,2035,polypropylene,0.10803788032317356
R32SAF,bio-based_polypropylene,2040,polypropylene,0.10797910622344116
R32SAF,bio-based_polypropylene,2045,polypropylene,0.1079013516082562
R32SAF,bio-based_polypropylene,2050,polypropylene,0.10786136614289736
R32SAF,bio-based_polypropylene,2055,polypropylene,0.10787305809121128
R32SAF,bio-based_polypropylene,2060,polypropylene,0.10787871911745628
R32SAF,bio-based_polystyrene,2020,polystyrene,0.13271926723482974
R32SAF,bio-based_polystyrene,2025,polystyrene,0.13260323886749856
R32SAF,bio-based_polystyrene,2030,polystyrene,0.13250186153227944
R32SAF,bio-based_polystyrene,2035,polystyrene,0.13253991337618748
R32SAF,bio-based_polystyrene,2040,polystyrene,0.13247908208589784
R32SAF,bio-based_polystyrene,2045,polystyrene,0.13239783435536925
R32SAF,bio-based_polystyrene,2050,polystyrene,0.13235563015798635
R32SAF,bio-based_polystyrene,2055,polystyrene,0.13236790922664565
R32SAF,bio-based_polystyrene,2060,polystyrene,0.13237384846858033
R32SAF,other_plastics,2020,plastic_mixture,0.1002192453096137
R32SAF,other_plastics,2025,plastic_mixture,0.10008743855971196
R32SAF,other_plastics,2030,plastic_mixture,0.09997260865603814
R32SAF,other_plastics,2035,plastic_mixture,0.10001704545305608
R32SAF,other_plastics,2040,plastic_mixture,0.09994938482014253
R32SAF,other_plastics,2045,plastic_mixture,0.09985653634337044
R32SAF,other_plastics,2050,plastic_mixture,0.09980693445285688
R32SAF,other_plastics,2055,plastic_mixture,0.0998211587312681
R32SAF,other_plastics,2060,plastic_mixture,0.09982801377885468
R32SAF,polypropylene,2020,polypropylene,0.1082103481299397
R32SAF,polypropylene,2025,polypropylene,0.10809908302146684
R32SAF,polypropylene,2030,polypropylene,0.1080017607775932
R32SAF,polypropylene,2035,polypropylene,0.10803788032317356
R32SAF,polypropylene,2040,polypropylene,0.10797910622344116
R32SAF,polypropylene,2045,polypropylene,0.1079013516082562
R32SAF,polypropylene,2050,polypropylene,0.10786136614289736
R32SAF,polypropylene,2055,polypropylene,0.10787305809121128
R32SAF,polypropylene,2060,polypropylene,0.10787871911745628
R32SAF,polystyrene,2020,polystyrene,0.13271926723482974
R32SAF,polystyrene,2025,polystyrene,0.13260323886749856
R32SAF,polystyrene,2030,polystyrene,0.13250186153227944
R32SAF,polystyrene,2035,polystyrene,0.13253991337618748
R32SAF,polystyrene,2040,polystyrene,0.13247908208589784
R32SAF,polystyrene,2045,polystyrene,0.13239783435536925
R32SAF,polystyrene,2050,polystyrene,0.13235563015798635
R32SAF,polystyrene,2055,polystyrene,0.13236790922664565
R32SAF,polystyrene,2060,polystyrene,0.13237384846858033
R32SSA-L,acrylonitrile_butadiene_styrene,2020,acrylonitrile_butadiene_styrene,0.11653675878446776
R32SSA-L,acrylonitrile_butadiene_styrene,2025,acrylonitrile_butadiene_styrene,0.11642257453873768
R32SSA-L,acrylonitrile_butadiene_styrene,2030,acrylonitrile_butadiene_styrene,0.11632762060731516
R32SSA-L,acrylonitrile_butadiene_styrene,2035,acrylonitrile_butadiene_styrene,0.11636861255537807
R32SSA-L,acrylonitrile_butadiene_styrene,2040,acrylonitrile_butadiene_styrene,0.1163121960772038
R32SSA-L,acrylonitrile_butadiene_styrene,2045,acrylonitrile_butadiene_styrene,0.1162301535555764
R32SSA-L,acrylonitrile_butadiene_styrene,2050,acrylonitrile_butadiene_styrene,0.11618649625742224
R32SSA-L,acrylonitrile_butadiene_styrene,2055,acrylonitrile_butadiene_styrene,0.11619865679865118
R32SSA-L,acrylonitrile_butadiene_styrene,2060,acrylonitrile_butadiene_styrene,0.11620550723792553
R32SSA-L,bio-based_polypropylene,2020,polypropylene,0.1082103481299397
R32SSA-L,bio-based_polypropylene,2025,polypropylene,0.10809908302146684
R32SSA-L,bio-based_polypropylene,2030,polypropylene,0.1080017607775932
R32SSA-L,bio-based_polypropylene,2035,polypropylene,0.10803788032317356
R32SSA-L,bio-based_polypropylene,2040,polypropylene,0.10797910622344116
R32SSA-L,bio-based_polypropylene,2045,polypropylene,0.1079013516082562
R32SSA-L,bio-based_polypropylene,2050,polypropylene,0.10786136614289736
R32SSA-L,bio-based_polypropylene,2055,polypropylene,0.10787305809121128
R32SSA-L,bio-based_polypropylene,2060,polypropylene,0.10787871911745628
R32SSA-L,bio-based_polystyrene,2020,polystyrene,0.13271926723482974
R32SSA-L,bio-based_polystyrene,2025,polystyrene,0.13260323886749856
R32SSA-L,bio-based_polystyrene,2030,polystyrene,0.13250186153227944
R32SSA-L,bio-based_polystyrene,2035,polystyrene,0.13253991337618748
R32SSA-L,bio-based_polystyrene,2040,polystyrene,0.13247908208589784
R32SSA-L,bio-based_polystyrene,2045,polystyrene,0.13239783435536925
R32SSA-L,bio-based_polystyrene,2050,polystyrene,0.13235563015798635
R32SSA-L,bio-based_polystyrene,2055,polystyrene,0.13236790922664565
R32SSA-L,bio-based_polystyrene,2060,polystyrene,0.13237384846858033
R32SSA-L,other_plastics,2020,plastic_mixture,0.1002192453096137
R32SSA-L,other_plastics,2025,plastic_mixture,0.10008743855971196
R32SSA-L,other_plastics,2030,plastic_mixture,0.09997260865603814
R32SSA-L,other_plastics,2035,plastic_mixture,0.10001704545305608
R32SSA-L,other_plastics,2040,plastic_mixture,0.09994938482014253
R32SSA-L,other_plastics,2045,plastic_mixture,0.09985653634337044
R32SSA-L,other_plastics,2050,plastic_mixture,0.09980693445285688
R32SSA-L,other_plastics,2055,plastic_mixture,0.0998211587312681
R32SSA-L,other_plastics,2060,plastic_mixture,0.09982801377885468
R32SSA-L,polypropylene,2020,polypropylene,0.1082103481299397
R32SSA-L,polypropylene,2025,polypropylene,0.10809908302146684
R32SSA-L,polypropylene,2030,polypropylene,0.1080017607775932
R32SSA-L,polypropylene,2035,polypropylene,0.10803788032317356
R32SSA-L,polypropylene,2040,polypropylene,0.10797910622344116
R32SSA-L,polypropylene,2045,polypropylene,0.1079013516082562
R32SSA-L,polypropylene,2050,polypropylene,0.10786136614289736
R32SSA-L,polypropylene,2055,polypropylene,0.10787305809121128
R32SSA-L,polypropylene,2060,polypropylene,0.10787871911745628
R32SSA-L,polystyrene,2020,polystyrene,0.13271926723482974
R32SSA-L,polystyrene,2025,polystyrene,0.13260323886749856
R32SSA-L,polystyrene,2030,polystyrene,0.13250186153227944
R32SSA-L,polystyrene,2035,polystyrene,0.13253991337618748
R32SSA-L,polystyrene,2040,polystyrene,0.13247908208589784
R32SSA-L,polystyrene,2045,polystyrene,0.13239783435536925
R32SSA-L,polystyrene,2050,polystyrene,0.13235563015798635
R32SSA-L,polystyrene,2055,polystyrene,0.13236790922664565
R32SSA-L,polystyrene,2060,polystyrene,0.13237384846858033
R32SSA-M,acrylonitrile_butadiene_styrene,2020,acrylonitrile_butadiene_styrene,0.11653675878446776
R32SSA-M,acrylonitrile_butadiene_styrene,2025,acrylonitrile_butadiene_styrene,0.11642257453873768
R32SSA-M,acrylonitrile_butadiene_styrene,2030,acrylonitrile_butadiene_styrene,0.11632762060731516
R32SSA-M,acrylonitrile_butadiene_styrene,2035,acrylonitrile_butadiene_styrene,0.11636861255537807
R32SSA-M,acrylonitrile_butadiene_styrene,2040,acrylonitrile_butadiene_styrene,0.1163121960772038
R32SSA-M,acrylonitrile_butadiene_styrene,2045,acrylonitrile_butadiene_styrene,0.1162301535555764
R32SSA-M,acrylonitrile_butadiene_styrene,2050,acrylonitrile_butadiene_styrene,0.11618649625742224
R32SSA-M,acrylonitrile_butadiene_styrene,2055,acrylonitrile_butadiene_styrene,0.11619865679865118
R32SSA-M,acrylonitrile_butadiene_styrene,2060,acrylonitrile_butadiene_styrene,0.11620550723792553
R32SSA-M,bio-based_polypropylene,2020,polypropylene,0.1082103481299397
R32SSA-M,bio-based_polypropylene,2025,polypropylene,0.10809908302146684
R32SSA-M,bio-based_polypropylene,2030,polypropylene,0.1080017607775932
R32SSA-M,bio-based_polypropylene,2035,polypropylene,0.10803788032317356
R32SSA-M,bio-based_polypropylene,2040,polypropylene,0.10797910622344116
R32SSA-M,bio-based_polypropylene,2045,polypropylene,0.1079013516082562
R32SSA-M,bio-based_polypropylene,2050,polypropylene,0.10786136614289736
R32SSA-M,bio-based_polypropylene,2055,polypropylene,0.10787305809121128
R32SSA-M,bio-based_polypropylene,2060,polypropylene,0.10787871911745628
R32SSA-M,bio-based_polystyrene,2020,polystyrene,0.13271926723482974
R32SSA-M,bio-based_polystyrene,2025,polystyrene,0.13260323886749856
R32SSA-M,bio-based_polystyrene,2030,polystyrene,0.13250186153227944
R32SSA-M,bio-based_polystyrene,2035,polystyrene,0.13253991337618748
R32SSA-M,bio-based_polystyrene,2040,polystyrene,0.13247908208589784
R32SSA-M,bio-based_polystyrene,2045,polystyrene,0.13239783435536925
R32SSA-M,bio-based_polystyrene,2050,polystyrene,0.13235563015798635
R32SSA-M,bio-based_polystyrene,2055,polystyrene,0.13236790922664565
R32SSA-M,bio-based_polystyrene,2060,polystyrene,0.13237384846858033
R32SSA-M,other_plastics,2020,plastic_mixture,0.1002192453096137
R32SSA-M,other_plastics,2025,plastic_mixture,0.10008743855971196
R32SSA-M,other_plastics,2030,plastic_mixture,0.09997260865603814
R32SSA-M,other_plastics,2035,plastic_mixture,0.10001704545305608
R32SSA-M,other_plastics,2040,plastic_mixture,0.09994938482014253
R32SSA-M,other_plastics,2045,plastic_mixture,0.09985653634337044
R32SSA-M,other_plastics,2050,plastic_mixture,0.09980693445285688
R32SSA-M,other_plastics,2055,plastic_mixture,0.0998211587312681
R32SSA-M,other_plastics,2060,plastic_mixture,0.09982801377885468
R32SSA-M,polypropylene,2020,polypropylene,0.1082103481299397
R32SSA-M,polypropylene,2025,polypropylene,0.10809908302146684
R32SSA-M,polypropylene,2030,polypropylene,0.1080017607775932
R32SSA-M,polypropylene,2035,polypropylene,0.10803788032317356
R32SSA-M,polypropylene,2040,polypropylene,0.10797910622344116
R32SSA-M,polypropylene,2045,polypropylene,0.1079013516082562
R32SSA-M,polypropylene,2050,polypropylene,0.10786136614289736
R32SSA-M,polypropylene,2055,polypropylene,0.10787305809121128
R32SSA-M,polypropylene,2060,polypropylene,0.10787871911745628
R32SSA-M,polystyrene,2020,polystyrene,0.13271926723482974
R32SSA-M,polystyrene,2025,polystyrene,0.13260323886749856
R32SSA-M,polystyrene,2030,polystyrene,0.13250186153227944
R32SSA-M,polystyrene,2035,polystyrene,0.13253991337618748
R32SSA-M,polystyrene,2040,polystyrene,0.13247908208589784
R32SSA-M,polystyrene,2045,polystyrene,0.13239783435536925
R32SSA-M,polystyrene,2050,polystyrene,0.13235563015798635
R32SSA-M,polystyrene,2055,polystyrene,0.13236790922664565
R32SSA-M,polystyrene,2060,polystyrene,0.13237384846858033
R32TUR,acrylonitrile_butadiene_styrene,2020,acrylonitrile_butadiene_styrene,0.11653675878446776
R32TUR,acrylonitrile_butadiene_styrene,2025,acrylonitrile_butadiene_styrene,0.11642257453873768
R32TUR,acrylonitrile_butadiene_styrene,2030,acrylonitrile_butadiene_styrene,0.11632762060731516
R32TUR,acrylonitrile_butadiene_styrene,2035,acrylonitrile_butadiene_styrene,0.11636861255537807
R32TUR,acrylonitrile_butadiene_styrene,2040,acrylonitrile_butadiene_styrene,0.1163121960772038
R32TUR,acrylonitrile_butadiene_styrene,2045,acrylonitrile_butadiene_styrene,0.1162301535555764
R32TUR,acrylonitrile_butadiene_styrene,2050,acrylonitrile_butadiene_styrene,0.11618649625742224
R32TUR,acrylonitrile_butadiene_styrene,2055,acrylonitrile_butadiene_styrene,0.11619865679865118
R32TUR,acrylonitrile_butadiene_styrene,2060,acrylonitrile_butadiene_styrene,0.11620550723792553
R32TUR,bio-based_polypropylene,2020,polypropylene,0.1082103481299397
R32TUR,bio-based_polypropylene,2025,polypropylene,0.10809908302146684
R32TUR,bio-based_polypropylene,2030,polypropylene,0.1080017607775932
R32TUR,bio-based_polypropylene,2035,polypropylene,0.10803788032317356
R32TUR,bio-based_polypropylene,2040,polypropylene,0.10797910622344116
R32TUR,bio-based_polypropylene,2045,polypropylene,0.1079013516082562
R32TUR,bio-based_polypropylene,2050,polypropylene,0.10786136614289736
R32TUR,bio-based_polypropylene,2055,polypropylene,0.10787305809121128
R32TUR,bio-based_polypropylene,2060,polypropylene,0.10787871911745628
R32TUR,bio-based_polystyrene,2020,polystyrene,0.13271926723482974
R32TUR,bio-based_polystyrene,2025,polystyrene,0.13260323886749856
R32TUR,bio-based_polystyrene,2030,polystyrene,0.13250186153227944
R32TUR,bio-based_polystyrene,2035,polystyrene,0.13253991337618748
R32TUR,bio-based_polystyrene,2040,polystyrene,0.13247908208589784
R32TUR,bio-based_polystyrene,2045,polystyrene,0.13239783435536925
R32TUR,bio-based_polystyrene,2050,polystyrene,0.13235563015798635
R32TUR,bio-based_polystyrene,2055,polystyrene,0.13236790922664565
R32TUR,bio-based_polystyrene,2060,polystyrene,0.13237384846858033
R32TUR,other_plastics,2020,plastic_mixture,0.1002192453096137
R32TUR,other_plastics,2025,plastic_mixture,0.10008743855971196
R32TUR,other_plastics,2030,plastic_mixture,0.09997260865603814
R32TUR,other_plastics,2035,plastic_mixture,0.10001704545305608
R32TUR,other_plastics,2040,plastic_mixture,0.09994938482014253
R32TUR,other_plastics,2045,plastic_mixture,0.09985653634337044
R32TUR,other_plastics,2050,plastic_mixture,0.09980693445285688
R32TUR,other_plastics,2055,plastic_mixture,0.0998211587312681
R32TUR,other_plastics,2060,plastic_mixture,0.09982801377885468
R32TUR,polypropylene,2020,polypropylene,0.1082103481299397
R32TUR,polypropylene,2025,polypropylene,0.10809908302146684
R32TUR,polypropylene,2030,polypropylene,0.1080017607775932
R32TUR,polypropylene,2035,polypropylene,0.10803788032317356
R32TUR,polypropylene,2040,polypropylene,0.10797910622344116
R32TUR,polypropylene,2045,polypropylene,0.1079013516082562
R32TUR,polypropylene,2050,polypropylene,0.10786136614289736
R32TUR,polypropylene,2055,polypropylene,0.10787305809121128
R32TUR,polypropylene,2060,polypropylene,0.10787871911745628
R32TUR,polystyrene,2020,polystyrene,0.13271926723482974
R32TUR,polystyrene,2025,polystyrene,0.13260323886749856
R32TUR,polystyrene,2030,polystyrene,0.13250186153227944
R32TUR,polystyrene,2035,polystyrene,0.13253991337618748
R32TUR,polystyrene,2040,polystyrene,0.13247908208589784
R32TUR,polystyrene,2045,polystyrene,0.13239783435536925
R32TUR,polystyrene,2050,polystyrene,0.13235563015798635
R32TUR,polystyrene,2055,polystyrene,0.13236790922664565
R32TUR,polystyrene,2060,polystyrene,0.13237384846858033
R32USA,acrylonitrile_butadiene_styrene,2020,acrylonitrile_butadiene_styrene,0.11653675878446776
R32USA,acrylonitrile_butadiene_styrene,2025,acrylonitrile_butadiene_styrene,0.11642257453873768
R32USA,acrylonitrile_butadiene_styrene,2030,acrylonitrile_butadiene_styrene,0.11632762060731516
R32USA,acrylonitrile_butadiene_styrene,2035,acrylonitrile_butadiene_styrene,0.11636861255537807
R32USA,acrylonitrile_butadiene_styrene,2040,acrylonitrile_butadiene_styrene,0.1163121960772038
R32USA,acrylonitrile_butadiene_styrene,2045,acrylonitrile_butadiene_styrene,0.1162301535555764
R32USA,acrylonitrile_butadiene_styrene,2050,acrylonitrile_butadiene_styrene,0.11618649625742224
R32USA,acrylonitrile_butadiene_styrene,2055,acrylonitrile_butadiene_styrene,0.11619865679865118
R32USA,acrylonitrile_butadiene_styrene,2060,acrylonitrile_butadiene_styrene,0.11620550723792553
R32USA,bio-based_polypropylene,2020,polypropylene,0.1082103481299397
R32USA,bio-based_polypropylene,2025,polypropylene,0.10809908302146684
R32USA,bio-based_polypropylene,2030,polypropylene,0.1080017607775932
R32USA,bio-based_polypropylene,2035,polypropylene,0.10803788032317356
R32USA,bio-based_polypropylene,2040,polypropylene,0.10797910622344116
R32USA,bio-based_polypropylene,2045,polypropylene,0.1079013516082562
R32USA,bio-based_polypropylene,2050,polypropylene,0.10786136614289736
R32USA,bio-based_polypropylene,2055,polypropylene,0.10787305809121128
R32USA,bio-based_polypropylene,2060,polypropylene,0.10787871911745628
R32USA,bio-based_polystyrene,2020,polystyrene,0.13271926723482974
R32USA,bio-based_polystyrene,2025,polystyrene,0.13260323886749856
R32USA,bio-based_polystyrene,2030,polystyrene,0.13250186153227944
R32USA,bio-based_polystyrene,2035,polystyrene,0.13253991337618748
R32USA,bio-based_polystyrene,2040,polystyrene,0.13247908208589784
R32USA,bio-based_polystyrene,2045,polystyrene,0.13239783435536925
R32USA,bio-based_polystyrene,2050,polystyrene,0.13235563015798635
R32USA,bio-based_polystyrene,2055,polystyrene,0.13236790922664565
R32USA,bio-based_polystyrene,2060,polystyrene,0.13237384846858033
R32USA,other_plastics,2020,plastic_mixture,0.1002192453096137
R32USA,other_plastics,2025,plastic_mixture,0.10008743855971196
R32USA,other_plastics,2030,plastic_mixture,0.09997260865603814
R32USA,other_plastics,2035,plastic_mixture,0.10001704545305608
R32USA,other_plastics,2040,plastic_mixture,0.09994938482014253
R32USA,other_plastics,2045,plastic_mixture,0.09985653634337044
R32USA,other_plastics,2050,plastic_mixture,0.09980693445285688
R32USA,other_plastics,2055,plastic_mixture,0.0998211587312681
R32USA,other_plastics,2060,plastic_mixture,0.09982801377885468
R32USA,polypropylene,2020,polypropylene,0.1082103481299397
R32USA,polypropylene,2025,polypropylene,0.10809908302146684
R32USA,polypropylene,2030,polypropylene,0.1080017607775932
R32USA,polypropylene,2035,polypropylene,0.10803788032317356
R32USA,polypropylene,2040,polypropylene,0.10797910622344116
R32USA,polypropylene,2045,polypropylene,0.1079013516082562
R32USA,polypropylene,2050,polypropylene,0.10786136614289736
R32USA,polypropylene,2055,polypropylene,0.10787305809121128
R32USA,polypropylene,2060,polypropylene,0.10787871911745628
R32USA,polystyrene,2020,polystyrene,0.13271926723482974
R32USA,polystyrene,2025,polystyrene,0.13260323886749856
R32USA,polystyrene,2030,polystyrene,0.13250186153227944
R32USA,polystyrene,2035,polystyrene,0.13253991337618748
R32USA,polystyrene,2040,polystyrene,0.13247908208589784
R32USA,polystyrene,2045,polystyrene,0.13239783435536925
R32USA,polystyrene,2050,polystyrene,0.13235563015798635
R32USA,polystyrene,2055,polystyrene,0.13236790922664565
R32USA,polystyrene,2060,polystyrene,0.13237384846858033
