"region","material_type","year","emission_factor"
"C-EEU-BGR","acrylonitrile_butadiene_styrene",2020,4.19
"C-EEU-BGR","acrylonitrile_butadiene_styrene",2025,4.19
"C-EEU-BGR","acrylonitrile_butadiene_styrene",2030,4.19
"C-EEU-BGR","acrylonitrile_butadiene_styrene",2035,4.19
"C-EEU-BGR","acrylonitrile_butadiene_styrene",2040,4.19
"C-EEU-BGR","acrylonitrile_butadiene_styrene",2045,4.19
"C-EEU-BGR","acrylonitrile_butadiene_styrene",2050,4.19
"C-EEU-BGR","acrylonitrile_butadiene_styrene",2055,4.19
"C-EEU-BGR","acrylonitrile_butadiene_styrene",2060,4.19
"C-EEU-BGR","acrylonitrile_butadiene_styrene",2065,4.19
"C-EEU-BGR","acrylonitrile_butadiene_styrene",2070,4.19
"C-EEU-BGR","acrylonitrile_butadiene_styrene",2075,4.19
"C-EEU-BGR","acrylonitrile_butadiene_styrene",2080,4.19
"C-EEU-BGR","acrylonitrile_butadiene_styrene",2085,4.19
"C-EEU-BGR","acrylonitrile_butadiene_styrene",2090,4.19
"C-EEU-BGR","acrylonitrile_butadiene_styrene",2095,4.19
"C-EEU-BGR","acrylonitrile_butadiene_styrene",2100,4.19
"C-EEU-BGR","aluminium",2020,14.5075193220672
"C-EEU-BGR","aluminium",2030,14.2596740244073
"C-EEU-BGR","aluminium",2040,14.1431842283059
"C-EEU-BGR","aluminium",2050,13.7128182589558
"C-EEU-BGR","aluminium",2060,12.2380939921977
"C-EEU-BGR","aluminium",2070,11.626246883642
"C-EEU-BGR","aluminium",2080,11.2203701639442
"C-EEU-BGR","aluminium",2090,10.8206822897633
"C-EEU-BGR","aluminium",2100,10.6050333265886
"C-EEU-BGR","bio-based_polypropylene",2020,1.745
"C-EEU-BGR","bio-based_polypropylene",2025,1.745
"C-EEU-BGR","bio-based_polypropylene",2030,1.745
"C-EEU-BGR","bio-based_polypropylene",2035,1.745
"C-EEU-BGR","bio-based_polypropylene",2040,1.745
"C-EEU-BGR","bio-based_polypropylene",2045,1.745
"C-EEU-BGR","bio-based_polypropylene",2050,1.745
"C-EEU-BGR","bio-based_polypropylene",2055,1.745
"C-EEU-BGR","bio-based_polypropylene",2060,1.745
"C-EEU-BGR","bio-based_polypropylene",2065,1.745
"C-EEU-BGR","bio-based_polypropylene",2070,1.745
"C-EEU-BGR","bio-based_polypropylene",2075,1.745
"C-EEU-BGR","bio-based_polypropylene",2080,1.745
"C-EEU-BGR","bio-based_polypropylene",2085,1.745
"C-EEU-BGR","bio-based_polypropylene",2090,1.745
"C-EEU-BGR","bio-based_polypropylene",2095,1.745
"C-EEU-BGR","bio-based_polypropylene",2100,1.745
"C-EEU-BGR","bio-based_polystyrene",2020,1.745
"C-EEU-BGR","bio-based_polystyrene",2025,1.745
"C-EEU-BGR","bio-based_polystyrene",2030,1.745
"C-EEU-BGR","bio-based_polystyrene",2035,1.745
"C-EEU-BGR","bio-based_polystyrene",2040,1.745
"C-EEU-BGR","bio-based_polystyrene",2045,1.745
"C-EEU-BGR","bio-based_polystyrene",2050,1.745
"C-EEU-BGR","bio-based_polystyrene",2055,1.745
"C-EEU-BGR","bio-based_polystyrene",2060,1.745
"C-EEU-BGR","bio-based_polystyrene",2065,1.745
"C-EEU-BGR","bio-based_polystyrene",2070,1.745
"C-EEU-BGR","bio-based_polystyrene",2075,1.745
"C-EEU-BGR","bio-based_polystyrene",2080,1.745
"C-EEU-BGR","bio-based_polystyrene",2085,1.745
"C-EEU-BGR","bio-based_polystyrene",2090,1.745
"C-EEU-BGR","bio-based_polystyrene",2095,1.745
"C-EEU-BGR","bio-based_polystyrene",2100,1.745
"C-EEU-BGR","brick",2020,0.255354211059323
"C-EEU-BGR","brick",2030,0.253436368881112
"C-EEU-BGR","brick",2040,0.252067883933655
"C-EEU-BGR","brick",2050,0.249216103092977
"C-EEU-BGR","brick",2060,0.242895938067345
"C-EEU-BGR","brick",2070,0.239871420112532
"C-EEU-BGR","brick",2080,0.23864220810427
"C-EEU-BGR","brick",2090,0.236807361914845
"C-EEU-BGR","brick",2100,0.234254489674243
"C-EEU-BGR","concrete",2020,0.825349510201989
"C-EEU-BGR","concrete",2030,0.79802661435771
"C-EEU-BGR","concrete",2040,0.740798042870699
"C-EEU-BGR","concrete",2050,0.710818580398354
"C-EEU-BGR","concrete",2060,0.689925322815031
"C-EEU-BGR","concrete",2070,0.680203461352861
"C-EEU-BGR","concrete",2080,0.67453668911707
"C-EEU-BGR","concrete",2090,0.668619515507331
"C-EEU-BGR","concrete",2100,0.664333779969531
"C-EEU-BGR","copper",2020,5.67166444082771
"C-EEU-BGR","copper",2030,5.47573566435761
"C-EEU-BGR","copper",2040,5.3823136803621
"C-EEU-BGR","copper",2050,5.26754024419668
"C-EEU-BGR","copper",2060,4.75059903307488
"C-EEU-BGR","copper",2070,4.5332657836101
"C-EEU-BGR","copper",2080,4.38949323163255
"C-EEU-BGR","copper",2090,4.22391605761607
"C-EEU-BGR","copper",2100,4.11636329938511
"C-EEU-BGR","glass",2020,1.12804238296091
"C-EEU-BGR","glass",2030,1.0991971437951
"C-EEU-BGR","glass",2040,1.04173136056578
"C-EEU-BGR","glass",2050,1.00997904439863
"C-EEU-BGR","glass",2060,0.982933418822496
"C-EEU-BGR","glass",2070,0.970526350755339
"C-EEU-BGR","glass",2080,0.963779188400643
"C-EEU-BGR","glass",2090,0.955943364650483
"C-EEU-BGR","glass",2100,0.949564751334641
"C-EEU-BGR","mortar",2020,0.219366781733747
"C-EEU-BGR","mortar",2030,0.216356666815275
"C-EEU-BGR","mortar",2040,0.213760047127738
"C-EEU-BGR","mortar",2050,0.210694837059892
"C-EEU-BGR","mortar",2060,0.204638321144783
"C-EEU-BGR","mortar",2070,0.201597547225779
"C-EEU-BGR","mortar",2080,0.200170427421674
"C-EEU-BGR","mortar",2090,0.198248595633224
"C-EEU-BGR","mortar",2100,0.196304553839926
"C-EEU-BGR","other_materials",2020,2.95
"C-EEU-BGR","other_materials",2025,2.95
"C-EEU-BGR","other_materials",2030,2.95
"C-EEU-BGR","other_materials",2035,2.95
"C-EEU-BGR","other_materials",2040,2.95
"C-EEU-BGR","other_materials",2045,2.95
"C-EEU-BGR","other_materials",2050,2.95
"C-EEU-BGR","other_materials",2055,2.95
"C-EEU-BGR","other_materials",2060,2.95
"C-EEU-BGR","other_materials",2065,2.95
"C-EEU-BGR","other_materials",2070,2.95
"C-EEU-BGR","other_materials",2075,2.95
"C-EEU-BGR","other_materials",2080,2.95
"C-EEU-BGR","other_materials",2085,2.95
"C-EEU-BGR","other_materials",2090,2.95
"C-EEU-BGR","other_materials",2095,2.95
"C-EEU-BGR","other_materials",2100,2.95
"C-EEU-BGR","other_plastics",2020,3.45
"C-EEU-BGR","other_plastics",2025,3.45
"C-EEU-BGR","other_plastics",2030,3.45
"C-EEU-BGR","other_plastics",2035,3.45
"C-EEU-BGR","other_plastics",2040,3.45
"C-EEU-BGR","other_plastics",2045,3.45
"C-EEU-BGR","other_plastics",2050,3.45
"C-EEU-BGR","other_plastics",2055,3.45
"C-EEU-BGR","other_plastics",2060,3.45
"C-EEU-BGR","other_plastics",2065,3.45
"C-EEU-BGR","other_plastics",2070,3.45
"C-EEU-BGR","other_plastics",2075,3.45
"C-EEU-BGR","other_plastics",2080,3.45
"C-EEU-BGR","other_plastics",2085,3.45
"C-EEU-BGR","other_plastics",2090,3.45
"C-EEU-BGR","other_plastics",2095,3.45
"C-EEU-BGR","other_plastics",2100,3.45
"C-EEU-BGR","plaster",2020,0.907684029470872
"C-EEU-BGR","plaster",2030,0.885176815467904
"C-EEU-BGR","plaster",2040,0.841361850987335
"C-EEU-BGR","plaster",2050,0.816687669613535
"C-EEU-BGR","plaster",2060,0.794590192956287
"C-EEU-BGR","plaster",2070,0.784393741324948
"C-EEU-BGR","plaster",2080,0.778910404544169
"C-EEU-BGR","plaster",2090,0.772450747271682
"C-EEU-BGR","plaster",2100,0.767100043368631
"C-EEU-BGR","polypropylene",2020,2.85
"C-EEU-BGR","polypropylene",2025,2.85
"C-EEU-BGR","polypropylene",2030,2.85
"C-EEU-BGR","polypropylene",2035,2.85
"C-EEU-BGR","polypropylene",2040,2.85
"C-EEU-BGR","polypropylene",2045,2.85
"C-EEU-BGR","polypropylene",2050,2.85
"C-EEU-BGR","polypropylene",2055,2.85
"C-EEU-BGR","polypropylene",2060,2.85
"C-EEU-BGR","polypropylene",2065,2.85
"C-EEU-BGR","polypropylene",2070,2.85
"C-EEU-BGR","polypropylene",2075,2.85
"C-EEU-BGR","polypropylene",2080,2.85
"C-EEU-BGR","polypropylene",2085,2.85
"C-EEU-BGR","polypropylene",2090,2.85
"C-EEU-BGR","polypropylene",2095,2.85
"C-EEU-BGR","polypropylene",2100,2.85
"C-EEU-BGR","polystyrene",2020,4.19
"C-EEU-BGR","polystyrene",2025,4.19
"C-EEU-BGR","polystyrene",2030,4.19
"C-EEU-BGR","polystyrene",2035,4.19
"C-EEU-BGR","polystyrene",2040,4.19
"C-EEU-BGR","polystyrene",2045,4.19
"C-EEU-BGR","polystyrene",2050,4.19
"C-EEU-BGR","polystyrene",2055,4.19
"C-EEU-BGR","polystyrene",2060,4.19
"C-EEU-BGR","polystyrene",2065,4.19
"C-EEU-BGR","polystyrene",2070,4.19
"C-EEU-BGR","polystyrene",2075,4.19
"C-EEU-BGR","polystyrene",2080,4.19
"C-EEU-BGR","polystyrene",2085,4.19
"C-EEU-BGR","polystyrene",2090,4.19
"C-EEU-BGR","polystyrene",2095,4.19
"C-EEU-BGR","polystyrene",2100,4.19
"C-EEU-BGR","steel",2020,0.880637011769495
"C-EEU-BGR","steel",2030,0.858519884815397
"C-EEU-BGR","steel",2040,0.814925974206866
"C-EEU-BGR","steel",2050,0.790561411586921
"C-EEU-BGR","steel",2060,0.769424212774861
"C-EEU-BGR","steel",2070,0.759651179498065
"C-EEU-BGR","steel",2080,0.754380233819922
"C-EEU-BGR","steel",2090,0.748247745643613
"C-EEU-BGR","steel",2100,0.743160103423421
"C-EEU-BGR","wood",2020,0.131523388973096
"C-EEU-BGR","wood",2030,0.127918747330539
"C-EEU-BGR","wood",2040,0.125486657550788
"C-EEU-BGR","wood",2050,0.118844379619748
"C-EEU-BGR","wood",2060,0.10425698929116
"C-EEU-BGR","wood",2070,0.0970234452844144
"C-EEU-BGR","wood",2080,0.094039006612327
"C-EEU-BGR","wood",2090,0.0899482567735193
"C-EEU-BGR","wood",2100,0.0840177761480068
"C-EEU-CZE","acrylonitrile_butadiene_styrene",2020,4.19
"C-EEU-CZE","acrylonitrile_butadiene_styrene",2025,4.19
"C-EEU-CZE","acrylonitrile_butadiene_styrene",2030,4.19
"C-EEU-CZE","acrylonitrile_butadiene_styrene",2035,4.19
"C-EEU-CZE","acrylonitrile_butadiene_styrene",2040,4.19
"C-EEU-CZE","acrylonitrile_butadiene_styrene",2045,4.19
"C-EEU-CZE","acrylonitrile_butadiene_styrene",2050,4.19
"C-EEU-CZE","acrylonitrile_butadiene_styrene",2055,4.19
"C-EEU-CZE","acrylonitrile_butadiene_styrene",2060,4.19
"C-EEU-CZE","acrylonitrile_butadiene_styrene",2065,4.19
"C-EEU-CZE","acrylonitrile_butadiene_styrene",2070,4.19
"C-EEU-CZE","acrylonitrile_butadiene_styrene",2075,4.19
"C-EEU-CZE","acrylonitrile_butadiene_styrene",2080,4.19
"C-EEU-CZE","acrylonitrile_butadiene_styrene",2085,4.19
"C-EEU-CZE","acrylonitrile_butadiene_styrene",2090,4.19
"C-EEU-CZE","acrylonitrile_butadiene_styrene",2095,4.19
"C-EEU-CZE","acrylonitrile_butadiene_styrene",2100,4.19
"C-EEU-CZE","aluminium",2020,14.5075193220672
"C-EEU-CZE","aluminium",2030,14.2596740244073
"C-EEU-CZE","aluminium",2040,14.1431842283059
"C-EEU-CZE","aluminium",2050,13.7128182589558
"C-EEU-CZE","aluminium",2060,12.2380939921977
"C-EEU-CZE","aluminium",2070,11.626246883642
"C-EEU-CZE","aluminium",2080,11.2203701639442
"C-EEU-CZE","aluminium",2090,10.8206822897633
"C-EEU-CZE","aluminium",2100,10.6050333265886
"C-EEU-CZE","bio-based_polypropylene",2020,1.745
"C-EEU-CZE","bio-based_polypropylene",2025,1.745
"C-EEU-CZE","bio-based_polypropylene",2030,1.745
"C-EEU-CZE","bio-based_polypropylene",2035,1.745
"C-EEU-CZE","bio-based_polypropylene",2040,1.745
"C-EEU-CZE","bio-based_polypropylene",2045,1.745
"C-EEU-CZE","bio-based_polypropylene",2050,1.745
"C-EEU-CZE","bio-based_polypropylene",2055,1.745
"C-EEU-CZE","bio-based_polypropylene",2060,1.745
"C-EEU-CZE","bio-based_polypropylene",2065,1.745
"C-EEU-CZE","bio-based_polypropylene",2070,1.745
"C-EEU-CZE","bio-based_polypropylene",2075,1.745
"C-EEU-CZE","bio-based_polypropylene",2080,1.745
"C-EEU-CZE","bio-based_polypropylene",2085,1.745
"C-EEU-CZE","bio-based_polypropylene",2090,1.745
"C-EEU-CZE","bio-based_polypropylene",2095,1.745
"C-EEU-CZE","bio-based_polypropylene",2100,1.745
"C-EEU-CZE","bio-based_polystyrene",2020,1.745
"C-EEU-CZE","bio-based_polystyrene",2025,1.745
"C-EEU-CZE","bio-based_polystyrene",2030,1.745
"C-EEU-CZE","bio-based_polystyrene",2035,1.745
"C-EEU-CZE","bio-based_polystyrene",2040,1.745
"C-EEU-CZE","bio-based_polystyrene",2045,1.745
"C-EEU-CZE","bio-based_polystyrene",2050,1.745
"C-EEU-CZE","bio-based_polystyrene",2055,1.745
"C-EEU-CZE","bio-based_polystyrene",2060,1.745
"C-EEU-CZE","bio-based_polystyrene",2065,1.745
"C-EEU-CZE","bio-based_polystyrene",2070,1.745
"C-EEU-CZE","bio-based_polystyrene",2075,1.745
"C-EEU-CZE","bio-based_polystyrene",2080,1.745
"C-EEU-CZE","bio-based_polystyrene",2085,1.745
"C-EEU-CZE","bio-based_polystyrene",2090,1.745
"C-EEU-CZE","bio-based_polystyrene",2095,1.745
"C-EEU-CZE","bio-based_polystyrene",2100,1.745
"C-EEU-CZE","brick",2020,0.255354211059323
"C-EEU-CZE","brick",2030,0.253436368881112
"C-EEU-CZE","brick",2040,0.252067883933655
"C-EEU-CZE","brick",2050,0.249216103092977
"C-EEU-CZE","brick",2060,0.242895938067345
"C-EEU-CZE","brick",2070,0.239871420112532
"C-EEU-CZE","brick",2080,0.23864220810427
"C-EEU-CZE","brick",2090,0.236807361914845
"C-EEU-CZE","brick",2100,0.234254489674243
"C-EEU-CZE","concrete",2020,0.825349510201989
"C-EEU-CZE","concrete",2030,0.79802661435771
"C-EEU-CZE","concrete",2040,0.740798042870699
"C-EEU-CZE","concrete",2050,0.710818580398354
"C-EEU-CZE","concrete",2060,0.689925322815031
"C-EEU-CZE","concrete",2070,0.680203461352861
"C-EEU-CZE","concrete",2080,0.67453668911707
"C-EEU-CZE","concrete",2090,0.668619515507331
"C-EEU-CZE","concrete",2100,0.664333779969531
"C-EEU-CZE","copper",2020,5.67166444082771
"C-EEU-CZE","copper",2030,5.47573566435761
"C-EEU-CZE","copper",2040,5.3823136803621
"C-EEU-CZE","copper",2050,5.26754024419668
"C-EEU-CZE","copper",2060,4.75059903307488
"C-EEU-CZE","copper",2070,4.5332657836101
"C-EEU-CZE","copper",2080,4.38949323163255
"C-EEU-CZE","copper",2090,4.22391605761607
"C-EEU-CZE","copper",2100,4.11636329938511
"C-EEU-CZE","glass",2020,1.12804238296091
"C-EEU-CZE","glass",2030,1.0991971437951
"C-EEU-CZE","glass",2040,1.04173136056578
"C-EEU-CZE","glass",2050,1.00997904439863
"C-EEU-CZE","glass",2060,0.982933418822496
"C-EEU-CZE","glass",2070,0.970526350755339
"C-EEU-CZE","glass",2080,0.963779188400643
"C-EEU-CZE","glass",2090,0.955943364650483
"C-EEU-CZE","glass",2100,0.949564751334641
"C-EEU-CZE","mortar",2020,0.219366781733747
"C-EEU-CZE","mortar",2030,0.216356666815275
"C-EEU-CZE","mortar",2040,0.213760047127738
"C-EEU-CZE","mortar",2050,0.210694837059892
"C-EEU-CZE","mortar",2060,0.204638321144783
"C-EEU-CZE","mortar",2070,0.201597547225779
"C-EEU-CZE","mortar",2080,0.200170427421674
"C-EEU-CZE","mortar",2090,0.198248595633224
"C-EEU-CZE","mortar",2100,0.196304553839926
"C-EEU-CZE","other_materials",2020,2.95
"C-EEU-CZE","other_materials",2025,2.95
"C-EEU-CZE","other_materials",2030,2.95
"C-EEU-CZE","other_materials",2035,2.95
"C-EEU-CZE","other_materials",2040,2.95
"C-EEU-CZE","other_materials",2045,2.95
"C-EEU-CZE","other_materials",2050,2.95
"C-EEU-CZE","other_materials",2055,2.95
"C-EEU-CZE","other_materials",2060,2.95
"C-EEU-CZE","other_materials",2065,2.95
"C-EEU-CZE","other_materials",2070,2.95
"C-EEU-CZE","other_materials",2075,2.95
"C-EEU-CZE","other_materials",2080,2.95
"C-EEU-CZE","other_materials",2085,2.95
"C-EEU-CZE","other_materials",2090,2.95
"C-EEU-CZE","other_materials",2095,2.95
"C-EEU-CZE","other_materials",2100,2.95
"C-EEU-CZE","other_plastics",2020,3.45
"C-EEU-CZE","other_plastics",2025,3.45
"C-EEU-CZE","other_plastics",2030,3.45
"C-EEU-CZE","other_plastics",2035,3.45
"C-EEU-CZE","other_plastics",2040,3.45
"C-EEU-CZE","other_plastics",2045,3.45
"C-EEU-CZE","other_plastics",2050,3.45
"C-EEU-CZE","other_plastics",2055,3.45
"C-EEU-CZE","other_plastics",2060,3.45
"C-EEU-CZE","other_plastics",2065,3.45
"C-EEU-CZE","other_plastics",2070,3.45
"C-EEU-CZE","other_plastics",2075,3.45
"C-EEU-CZE","other_plastics",2080,3.45
"C-EEU-CZE","other_plastics",2085,3.45
"C-EEU-CZE","other_plastics",2090,3.45
"C-EEU-CZE","other_plastics",2095,3.45
"C-EEU-CZE","other_plastics",2100,3.45
"C-EEU-CZE","plaster",2020,0.907684029470872
"C-EEU-CZE","plaster",2030,0.885176815467904
"C-EEU-CZE","plaster",2040,0.841361850987335
"C-EEU-CZE","plaster",2050,0.816687669613535
"C-EEU-CZE","plaster",2060,0.794590192956287
"C-EEU-CZE","plaster",2070,0.784393741324948
"C-EEU-CZE","plaster",2080,0.778910404544169
"C-EEU-CZE","plaster",2090,0.772450747271682
"C-EEU-CZE","plaster",2100,0.767100043368631
"C-EEU-CZE","polypropylene",2020,2.85
"C-EEU-CZE","polypropylene",2025,2.85
"C-EEU-CZE","polypropylene",2030,2.85
"C-EEU-CZE","polypropylene",2035,2.85
"C-EEU-CZE","polypropylene",2040,2.85
"C-EEU-CZE","polypropylene",2045,2.85
"C-EEU-CZE","polypropylene",2050,2.85
"C-EEU-CZE","polypropylene",2055,2.85
"C-EEU-CZE","polypropylene",2060,2.85
"C-EEU-CZE","polypropylene",2065,2.85
"C-EEU-CZE","polypropylene",2070,2.85
"C-EEU-CZE","polypropylene",2075,2.85
"C-EEU-CZE","polypropylene",2080,2.85
"C-EEU-CZE","polypropylene",2085,2.85
"C-EEU-CZE","polypropylene",2090,2.85
"C-EEU-CZE","polypropylene",2095,2.85
"C-EEU-CZE","polypropylene",2100,2.85
"C-EEU-CZE","polystyrene",2020,4.19
"C-EEU-CZE","polystyrene",2025,4.19
"C-EEU-CZE","polystyrene",2030,4.19
"C-EEU-CZE","polystyrene",2035,4.19
"C-EEU-CZE","polystyrene",2040,4.19
"C-EEU-CZE","polystyrene",2045,4.19
"C-EEU-CZE","polystyrene",2050,4.19
"C-EEU-CZE","polystyrene",2055,4.19
"C-EEU-CZE","polystyrene",2060,4.19
"C-EEU-CZE","polystyrene",2065,4.19
"C-EEU-CZE","polystyrene",2070,4.19
"C-EEU-CZE","polystyrene",2075,4.19
"C-EEU-CZE","polystyrene",2080,4.19
"C-EEU-CZE","polystyrene",2085,4.19
"C-EEU-CZE","polystyrene",2090,4.19
"C-EEU-CZE","polystyrene",2095,4.19
"C-EEU-CZE","polystyrene",2100,4.19
"C-EEU-CZE","steel",2020,0.880637011769495
"C-EEU-CZE","steel",2030,0.858519884815397
"C-EEU-CZE","steel",2040,0.814925974206866
"C-EEU-CZE","steel",2050,0.790561411586921
"C-EEU-CZE","steel",2060,0.769424212774861
"C-EEU-CZE","steel",2070,0.759651179498065
"C-EEU-CZE","steel",2080,0.754380233819922
"C-EEU-CZE","steel",2090,0.748247745643613
"C-EEU-CZE","steel",2100,0.743160103423421
"C-EEU-CZE","wood",2020,0.131523388973096
"C-EEU-CZE","wood",2030,0.127918747330539
"C-EEU-CZE","wood",2040,0.125486657550788
"C-EEU-CZE","wood",2050,0.118844379619748
"C-EEU-CZE","wood",2060,0.10425698929116
"C-EEU-CZE","wood",2070,0.0970234452844144
"C-EEU-CZE","wood",2080,0.094039006612327
"C-EEU-CZE","wood",2090,0.0899482567735193
"C-EEU-CZE","wood",2100,0.0840177761480068
"C-EEU-EST","acrylonitrile_butadiene_styrene",2020,4.19
"C-EEU-EST","acrylonitrile_butadiene_styrene",2025,4.19
"C-EEU-EST","acrylonitrile_butadiene_styrene",2030,4.19
"C-EEU-EST","acrylonitrile_butadiene_styrene",2035,4.19
"C-EEU-EST","acrylonitrile_butadiene_styrene",2040,4.19
"C-EEU-EST","acrylonitrile_butadiene_styrene",2045,4.19
"C-EEU-EST","acrylonitrile_butadiene_styrene",2050,4.19
"C-EEU-EST","acrylonitrile_butadiene_styrene",2055,4.19
"C-EEU-EST","acrylonitrile_butadiene_styrene",2060,4.19
"C-EEU-EST","acrylonitrile_butadiene_styrene",2065,4.19
"C-EEU-EST","acrylonitrile_butadiene_styrene",2070,4.19
"C-EEU-EST","acrylonitrile_butadiene_styrene",2075,4.19
"C-EEU-EST","acrylonitrile_butadiene_styrene",2080,4.19
"C-EEU-EST","acrylonitrile_butadiene_styrene",2085,4.19
"C-EEU-EST","acrylonitrile_butadiene_styrene",2090,4.19
"C-EEU-EST","acrylonitrile_butadiene_styrene",2095,4.19
"C-EEU-EST","acrylonitrile_butadiene_styrene",2100,4.19
"C-EEU-EST","aluminium",2020,14.5075193220672
"C-EEU-EST","aluminium",2030,14.2596740244073
"C-EEU-EST","aluminium",2040,14.1431842283059
"C-EEU-EST","aluminium",2050,13.7128182589558
"C-EEU-EST","aluminium",2060,12.2380939921977
"C-EEU-EST","aluminium",2070,11.626246883642
"C-EEU-EST","aluminium",2080,11.2203701639442
"C-EEU-EST","aluminium",2090,10.8206822897633
"C-EEU-EST","aluminium",2100,10.6050333265886
"C-EEU-EST","bio-based_polypropylene",2020,1.745
"C-EEU-EST","bio-based_polypropylene",2025,1.745
"C-EEU-EST","bio-based_polypropylene",2030,1.745
"C-EEU-EST","bio-based_polypropylene",2035,1.745
"C-EEU-EST","bio-based_polypropylene",2040,1.745
"C-EEU-EST","bio-based_polypropylene",2045,1.745
"C-EEU-EST","bio-based_polypropylene",2050,1.745
"C-EEU-EST","bio-based_polypropylene",2055,1.745
"C-EEU-EST","bio-based_polypropylene",2060,1.745
"C-EEU-EST","bio-based_polypropylene",2065,1.745
"C-EEU-EST","bio-based_polypropylene",2070,1.745
"C-EEU-EST","bio-based_polypropylene",2075,1.745
"C-EEU-EST","bio-based_polypropylene",2080,1.745
"C-EEU-EST","bio-based_polypropylene",2085,1.745
"C-EEU-EST","bio-based_polypropylene",2090,1.745
"C-EEU-EST","bio-based_polypropylene",2095,1.745
"C-EEU-EST","bio-based_polypropylene",2100,1.745
"C-EEU-EST","bio-based_polystyrene",2020,1.745
"C-EEU-EST","bio-based_polystyrene",2025,1.745
"C-EEU-EST","bio-based_polystyrene",2030,1.745
"C-EEU-EST","bio-based_polystyrene",2035,1.745
"C-EEU-EST","bio-based_polystyrene",2040,1.745
"C-EEU-EST","bio-based_polystyrene",2045,1.745
"C-EEU-EST","bio-based_polystyrene",2050,1.745
"C-EEU-EST","bio-based_polystyrene",2055,1.745
"C-EEU-EST","bio-based_polystyrene",2060,1.745
"C-EEU-EST","bio-based_polystyrene",2065,1.745
"C-EEU-EST","bio-based_polystyrene",2070,1.745
"C-EEU-EST","bio-based_polystyrene",2075,1.745
"C-EEU-EST","bio-based_polystyrene",2080,1.745
"C-EEU-EST","bio-based_polystyrene",2085,1.745
"C-EEU-EST","bio-based_polystyrene",2090,1.745
"C-EEU-EST","bio-based_polystyrene",2095,1.745
"C-EEU-EST","bio-based_polystyrene",2100,1.745
"C-EEU-EST","brick",2020,0.255354211059323
"C-EEU-EST","brick",2030,0.253436368881112
"C-EEU-EST","brick",2040,0.252067883933655
"C-EEU-EST","brick",2050,0.249216103092977
"C-EEU-EST","brick",2060,0.242895938067345
"C-EEU-EST","brick",2070,0.239871420112532
"C-EEU-EST","brick",2080,0.23864220810427
"C-EEU-EST","brick",2090,0.236807361914845
"C-EEU-EST","brick",2100,0.234254489674243
"C-EEU-EST","concrete",2020,0.825349510201989
"C-EEU-EST","concrete",2030,0.79802661435771
"C-EEU-EST","concrete",2040,0.740798042870699
"C-EEU-EST","concrete",2050,0.710818580398354
"C-EEU-EST","concrete",2060,0.689925322815031
"C-EEU-EST","concrete",2070,0.680203461352861
"C-EEU-EST","concrete",2080,0.67453668911707
"C-EEU-EST","concrete",2090,0.668619515507331
"C-EEU-EST","concrete",2100,0.664333779969531
"C-EEU-EST","copper",2020,5.67166444082771
"C-EEU-EST","copper",2030,5.47573566435761
"C-EEU-EST","copper",2040,5.3823136803621
"C-EEU-EST","copper",2050,5.26754024419668
"C-EEU-EST","copper",2060,4.75059903307488
"C-EEU-EST","copper",2070,4.5332657836101
"C-EEU-EST","copper",2080,4.38949323163255
"C-EEU-EST","copper",2090,4.22391605761607
"C-EEU-EST","copper",2100,4.11636329938511
"C-EEU-EST","glass",2020,1.12804238296091
"C-EEU-EST","glass",2030,1.0991971437951
"C-EEU-EST","glass",2040,1.04173136056578
"C-EEU-EST","glass",2050,1.00997904439863
"C-EEU-EST","glass",2060,0.982933418822496
"C-EEU-EST","glass",2070,0.970526350755339
"C-EEU-EST","glass",2080,0.963779188400643
"C-EEU-EST","glass",2090,0.955943364650483
"C-EEU-EST","glass",2100,0.949564751334641
"C-EEU-EST","mortar",2020,0.219366781733747
"C-EEU-EST","mortar",2030,0.216356666815275
"C-EEU-EST","mortar",2040,0.213760047127738
"C-EEU-EST","mortar",2050,0.210694837059892
"C-EEU-EST","mortar",2060,0.204638321144783
"C-EEU-EST","mortar",2070,0.201597547225779
"C-EEU-EST","mortar",2080,0.200170427421674
"C-EEU-EST","mortar",2090,0.198248595633224
"C-EEU-EST","mortar",2100,0.196304553839926
"C-EEU-EST","other_materials",2020,2.95
"C-EEU-EST","other_materials",2025,2.95
"C-EEU-EST","other_materials",2030,2.95
"C-EEU-EST","other_materials",2035,2.95
"C-EEU-EST","other_materials",2040,2.95
"C-EEU-EST","other_materials",2045,2.95
"C-EEU-EST","other_materials",2050,2.95
"C-EEU-EST","other_materials",2055,2.95
"C-EEU-EST","other_materials",2060,2.95
"C-EEU-EST","other_materials",2065,2.95
"C-EEU-EST","other_materials",2070,2.95
"C-EEU-EST","other_materials",2075,2.95
"C-EEU-EST","other_materials",2080,2.95
"C-EEU-EST","other_materials",2085,2.95
"C-EEU-EST","other_materials",2090,2.95
"C-EEU-EST","other_materials",2095,2.95
"C-EEU-EST","other_materials",2100,2.95
"C-EEU-EST","other_plastics",2020,3.45
"C-EEU-EST","other_plastics",2025,3.45
"C-EEU-EST","other_plastics",2030,3.45
"C-EEU-EST","other_plastics",2035,3.45
"C-EEU-EST","other_plastics",2040,3.45
"C-EEU-EST","other_plastics",2045,3.45
"C-EEU-EST","other_plastics",2050,3.45
"C-EEU-EST","other_plastics",2055,3.45
"C-EEU-EST","other_plastics",2060,3.45
"C-EEU-EST","other_plastics",2065,3.45
"C-EEU-EST","other_plastics",2070,3.45
"C-EEU-EST","other_plastics",2075,3.45
"C-EEU-EST","other_plastics",2080,3.45
"C-EEU-EST","other_plastics",2085,3.45
"C-EEU-EST","other_plastics",2090,3.45
"C-EEU-EST","other_plastics",2095,3.45
"C-EEU-EST","other_plastics",2100,3.45
"C-EEU-EST","plaster",2020,0.907684029470872
"C-EEU-EST","plaster",2030,0.885176815467904
"C-EEU-EST","plaster",2040,0.841361850987335
"C-EEU-EST","plaster",2050,0.816687669613535
"C-EEU-EST","plaster",2060,0.794590192956287
"C-EEU-EST","plaster",2070,0.784393741324948
"C-EEU-EST","plaster",2080,0.778910404544169
"C-EEU-EST","plaster",2090,0.772450747271682
"C-EEU-EST","plaster",2100,0.767100043368631
"C-EEU-EST","polypropylene",2020,2.85
"C-EEU-EST","polypropylene",2025,2.85
"C-EEU-EST","polypropylene",2030,2.85
"C-EEU-EST","polypropylene",2035,2.85
"C-EEU-EST","polypropylene",2040,2.85
"C-EEU-EST","polypropylene",2045,2.85
"C-EEU-EST","polypropylene",2050,2.85
"C-EEU-EST","polypropylene",2055,2.85
"C-EEU-EST","polypropylene",2060,2.85
"C-EEU-EST","polypropylene",2065,2.85
"C-EEU-EST","polypropylene",2070,2.85
"C-EEU-EST","polypropylene",2075,2.85
"C-EEU-EST","polypropylene",2080,2.85
"C-EEU-EST","polypropylene",2085,2.85
"C-EEU-EST","polypropylene",2090,2.85
"C-EEU-EST","polypropylene",2095,2.85
"C-EEU-EST","polypropylene",2100,2.85
"C-EEU-EST","polystyrene",2020,4.19
"C-EEU-EST","polystyrene",2025,4.19
"C-EEU-EST","polystyrene",2030,4.19
"C-EEU-EST","polystyrene",2035,4.19
"C-EEU-EST","polystyrene",2040,4.19
"C-EEU-EST","polystyrene",2045,4.19
"C-EEU-EST","polystyrene",2050,4.19
"C-EEU-EST","polystyrene",2055,4.19
"C-EEU-EST","polystyrene",2060,4.19
"C-EEU-EST","polystyrene",2065,4.19
"C-EEU-EST","polystyrene",2070,4.19
"C-EEU-EST","polystyrene",2075,4.19
"C-EEU-EST","polystyrene",2080,4.19
"C-EEU-EST","polystyrene",2085,4.19
"C-EEU-EST","polystyrene",2090,4.19
"C-EEU-EST","polystyrene",2095,4.19
"C-EEU-EST","polystyrene",2100,4.19
"C-EEU-EST","steel",2020,0.880637011769495
"C-EEU-EST","steel",2030,0.858519884815397
"C-EEU-EST","steel",2040,0.814925974206866
"C-EEU-EST","steel",2050,0.790561411586921
"C-EEU-EST","steel",2060,0.769424212774861
"C-EEU-EST","steel",2070,0.759651179498065
"C-EEU-EST","steel",2080,0.754380233819922
"C-EEU-EST","steel",2090,0.748247745643613
"C-EEU-EST","steel",2100,0.743160103423421
"C-EEU-EST","wood",2020,0.131523388973096
"C-EEU-EST","wood",2030,0.127918747330539
"C-EEU-EST","wood",2040,0.125486657550788
"C-EEU-EST","wood",2050,0.118844379619748
"C-EEU-EST","wood",2060,0.10425698929116
"C-EEU-EST","wood",2070,0.0970234452844144
"C-EEU-EST","wood",2080,0.094039006612327
"C-EEU-EST","wood",2090,0.0899482567735193
"C-EEU-EST","wood",2100,0.0840177761480068
"C-EEU-HRV","acrylonitrile_butadiene_styrene",2020,4.19
"C-EEU-HRV","acrylonitrile_butadiene_styrene",2025,4.19
"C-EEU-HRV","acrylonitrile_butadiene_styrene",2030,4.19
"C-EEU-HRV","acrylonitrile_butadiene_styrene",2035,4.19
"C-EEU-HRV","acrylonitrile_butadiene_styrene",2040,4.19
"C-EEU-HRV","acrylonitrile_butadiene_styrene",2045,4.19
"C-EEU-HRV","acrylonitrile_butadiene_styrene",2050,4.19
"C-EEU-HRV","acrylonitrile_butadiene_styrene",2055,4.19
"C-EEU-HRV","acrylonitrile_butadiene_styrene",2060,4.19
"C-EEU-HRV","acrylonitrile_butadiene_styrene",2065,4.19
"C-EEU-HRV","acrylonitrile_butadiene_styrene",2070,4.19
"C-EEU-HRV","acrylonitrile_butadiene_styrene",2075,4.19
"C-EEU-HRV","acrylonitrile_butadiene_styrene",2080,4.19
"C-EEU-HRV","acrylonitrile_butadiene_styrene",2085,4.19
"C-EEU-HRV","acrylonitrile_butadiene_styrene",2090,4.19
"C-EEU-HRV","acrylonitrile_butadiene_styrene",2095,4.19
"C-EEU-HRV","acrylonitrile_butadiene_styrene",2100,4.19
"C-EEU-HRV","aluminium",2020,14.5075193220672
"C-EEU-HRV","aluminium",2030,14.2596740244073
"C-EEU-HRV","aluminium",2040,14.1431842283059
"C-EEU-HRV","aluminium",2050,13.7128182589558
"C-EEU-HRV","aluminium",2060,12.2380939921977
"C-EEU-HRV","aluminium",2070,11.626246883642
"C-EEU-HRV","aluminium",2080,11.2203701639442
"C-EEU-HRV","aluminium",2090,10.8206822897633
"C-EEU-HRV","aluminium",2100,10.6050333265886
"C-EEU-HRV","bio-based_polypropylene",2020,1.745
"C-EEU-HRV","bio-based_polypropylene",2025,1.745
"C-EEU-HRV","bio-based_polypropylene",2030,1.745
"C-EEU-HRV","bio-based_polypropylene",2035,1.745
"C-EEU-HRV","bio-based_polypropylene",2040,1.745
"C-EEU-HRV","bio-based_polypropylene",2045,1.745
"C-EEU-HRV","bio-based_polypropylene",2050,1.745
"C-EEU-HRV","bio-based_polypropylene",2055,1.745
"C-EEU-HRV","bio-based_polypropylene",2060,1.745
"C-EEU-HRV","bio-based_polypropylene",2065,1.745
"C-EEU-HRV","bio-based_polypropylene",2070,1.745
"C-EEU-HRV","bio-based_polypropylene",2075,1.745
"C-EEU-HRV","bio-based_polypropylene",2080,1.745
"C-EEU-HRV","bio-based_polypropylene",2085,1.745
"C-EEU-HRV","bio-based_polypropylene",2090,1.745
"C-EEU-HRV","bio-based_polypropylene",2095,1.745
"C-EEU-HRV","bio-based_polypropylene",2100,1.745
"C-EEU-HRV","bio-based_polystyrene",2020,1.745
"C-EEU-HRV","bio-based_polystyrene",2025,1.745
"C-EEU-HRV","bio-based_polystyrene",2030,1.745
"C-EEU-HRV","bio-based_polystyrene",2035,1.745
"C-EEU-HRV","bio-based_polystyrene",2040,1.745
"C-EEU-HRV","bio-based_polystyrene",2045,1.745
"C-EEU-HRV","bio-based_polystyrene",2050,1.745
"C-EEU-HRV","bio-based_polystyrene",2055,1.745
"C-EEU-HRV","bio-based_polystyrene",2060,1.745
"C-EEU-HRV","bio-based_polystyrene",2065,1.745
"C-EEU-HRV","bio-based_polystyrene",2070,1.745
"C-EEU-HRV","bio-based_polystyrene",2075,1.745
"C-EEU-HRV","bio-based_polystyrene",2080,1.745
"C-EEU-HRV","bio-based_polystyrene",2085,1.745
"C-EEU-HRV","bio-based_polystyrene",2090,1.745
"C-EEU-HRV","bio-based_polystyrene",2095,1.745
"C-EEU-HRV","bio-based_polystyrene",2100,1.745
"C-EEU-HRV","brick",2020,0.255354211059323
"C-EEU-HRV","brick",2030,0.253436368881112
"C-EEU-HRV","brick",2040,0.252067883933655
"C-EEU-HRV","brick",2050,0.249216103092977
"C-EEU-HRV","brick",2060,0.242895938067345
"C-EEU-HRV","brick",2070,0.239871420112532
"C-EEU-HRV","brick",2080,0.23864220810427
"C-EEU-HRV","brick",2090,0.236807361914845
"C-EEU-HRV","brick",2100,0.234254489674243
"C-EEU-HRV","concrete",2020,0.825349510201989
"C-EEU-HRV","concrete",2030,0.79802661435771
"C-EEU-HRV","concrete",2040,0.740798042870699
"C-EEU-HRV","concrete",2050,0.710818580398354
"C-EEU-HRV","concrete",2060,0.689925322815031
"C-EEU-HRV","concrete",2070,0.680203461352861
"C-EEU-HRV","concrete",2080,0.67453668911707
"C-EEU-HRV","concrete",2090,0.668619515507331
"C-EEU-HRV","concrete",2100,0.664333779969531
"C-EEU-HRV","copper",2020,5.67166444082771
"C-EEU-HRV","copper",2030,5.47573566435761
"C-EEU-HRV","copper",2040,5.3823136803621
"C-EEU-HRV","copper",2050,5.26754024419668
"C-EEU-HRV","copper",2060,4.75059903307488
"C-EEU-HRV","copper",2070,4.5332657836101
"C-EEU-HRV","copper",2080,4.38949323163255
"C-EEU-HRV","copper",2090,4.22391605761607
"C-EEU-HRV","copper",2100,4.11636329938511
"C-EEU-HRV","glass",2020,1.12804238296091
"C-EEU-HRV","glass",2030,1.0991971437951
"C-EEU-HRV","glass",2040,1.04173136056578
"C-EEU-HRV","glass",2050,1.00997904439863
"C-EEU-HRV","glass",2060,0.982933418822496
"C-EEU-HRV","glass",2070,0.970526350755339
"C-EEU-HRV","glass",2080,0.963779188400643
"C-EEU-HRV","glass",2090,0.955943364650483
"C-EEU-HRV","glass",2100,0.949564751334641
"C-EEU-HRV","mortar",2020,0.219366781733747
"C-EEU-HRV","mortar",2030,0.216356666815275
"C-EEU-HRV","mortar",2040,0.213760047127738
"C-EEU-HRV","mortar",2050,0.210694837059892
"C-EEU-HRV","mortar",2060,0.204638321144783
"C-EEU-HRV","mortar",2070,0.201597547225779
"C-EEU-HRV","mortar",2080,0.200170427421674
"C-EEU-HRV","mortar",2090,0.198248595633224
"C-EEU-HRV","mortar",2100,0.196304553839926
"C-EEU-HRV","other_materials",2020,2.95
"C-EEU-HRV","other_materials",2025,2.95
"C-EEU-HRV","other_materials",2030,2.95
"C-EEU-HRV","other_materials",2035,2.95
"C-EEU-HRV","other_materials",2040,2.95
"C-EEU-HRV","other_materials",2045,2.95
"C-EEU-HRV","other_materials",2050,2.95
"C-EEU-HRV","other_materials",2055,2.95
"C-EEU-HRV","other_materials",2060,2.95
"C-EEU-HRV","other_materials",2065,2.95
"C-EEU-HRV","other_materials",2070,2.95
"C-EEU-HRV","other_materials",2075,2.95
"C-EEU-HRV","other_materials",2080,2.95
"C-EEU-HRV","other_materials",2085,2.95
"C-EEU-HRV","other_materials",2090,2.95
"C-EEU-HRV","other_materials",2095,2.95
"C-EEU-HRV","other_materials",2100,2.95
"C-EEU-HRV","other_plastics",2020,3.45
"C-EEU-HRV","other_plastics",2025,3.45
"C-EEU-HRV","other_plastics",2030,3.45
"C-EEU-HRV","other_plastics",2035,3.45
"C-EEU-HRV","other_plastics",2040,3.45
"C-EEU-HRV","other_plastics",2045,3.45
"C-EEU-HRV","other_plastics",2050,3.45
"C-EEU-HRV","other_plastics",2055,3.45
"C-EEU-HRV","other_plastics",2060,3.45
"C-EEU-HRV","other_plastics",2065,3.45
"C-EEU-HRV","other_plastics",2070,3.45
"C-EEU-HRV","other_plastics",2075,3.45
"C-EEU-HRV","other_plastics",2080,3.45
"C-EEU-HRV","other_plastics",2085,3.45
"C-EEU-HRV","other_plastics",2090,3.45
"C-EEU-HRV","other_plastics",2095,3.45
"C-EEU-HRV","other_plastics",2100,3.45
"C-EEU-HRV","plaster",2020,0.907684029470872
"C-EEU-HRV","plaster",2030,0.885176815467904
"C-EEU-HRV","plaster",2040,0.841361850987335
"C-EEU-HRV","plaster",2050,0.816687669613535
"C-EEU-HRV","plaster",2060,0.794590192956287
"C-EEU-HRV","plaster",2070,0.784393741324948
"C-EEU-HRV","plaster",2080,0.778910404544169
"C-EEU-HRV","plaster",2090,0.772450747271682
"C-EEU-HRV","plaster",2100,0.767100043368631
"C-EEU-HRV","polypropylene",2020,2.85
"C-EEU-HRV","polypropylene",2025,2.85
"C-EEU-HRV","polypropylene",2030,2.85
"C-EEU-HRV","polypropylene",2035,2.85
"C-EEU-HRV","polypropylene",2040,2.85
"C-EEU-HRV","polypropylene",2045,2.85
"C-EEU-HRV","polypropylene",2050,2.85
"C-EEU-HRV","polypropylene",2055,2.85
"C-EEU-HRV","polypropylene",2060,2.85
"C-EEU-HRV","polypropylene",2065,2.85
"C-EEU-HRV","polypropylene",2070,2.85
"C-EEU-HRV","polypropylene",2075,2.85
"C-EEU-HRV","polypropylene",2080,2.85
"C-EEU-HRV","polypropylene",2085,2.85
"C-EEU-HRV","polypropylene",2090,2.85
"C-EEU-HRV","polypropylene",2095,2.85
"C-EEU-HRV","polypropylene",2100,2.85
"C-EEU-HRV","polystyrene",2020,4.19
"C-EEU-HRV","polystyrene",2025,4.19
"C-EEU-HRV","polystyrene",2030,4.19
"C-EEU-HRV","polystyrene",2035,4.19
"C-EEU-HRV","polystyrene",2040,4.19
"C-EEU-HRV","polystyrene",2045,4.19
"C-EEU-HRV","polystyrene",2050,4.19
"C-EEU-HRV","polystyrene",2055,4.19
"C-EEU-HRV","polystyrene",2060,4.19
"C-EEU-HRV","polystyrene",2065,4.19
"C-EEU-HRV","polystyrene",2070,4.19
"C-EEU-HRV","polystyrene",2075,4.19
"C-EEU-HRV","polystyrene",2080,4.19
"C-EEU-HRV","polystyrene",2085,4.19
"C-EEU-HRV","polystyrene",2090,4.19
"C-EEU-HRV","polystyrene",2095,4.19
"C-EEU-HRV","polystyrene",2100,4.19
"C-EEU-HRV","steel",2020,0.880637011769495
"C-EEU-HRV","steel",2030,0.858519884815397
"C-EEU-HRV","steel",2040,0.814925974206866
"C-EEU-HRV","steel",2050,0.790561411586921
"C-EEU-HRV","steel",2060,0.769424212774861
"C-EEU-HRV","steel",2070,0.759651179498065
"C-EEU-HRV","steel",2080,0.754380233819922
"C-EEU-HRV","steel",2090,0.748247745643613
"C-EEU-HRV","steel",2100,0.743160103423421
"C-EEU-HRV","wood",2020,0.131523388973096
"C-EEU-HRV","wood",2030,0.127918747330539
"C-EEU-HRV","wood",2040,0.125486657550788
"C-EEU-HRV","wood",2050,0.118844379619748
"C-EEU-HRV","wood",2060,0.10425698929116
"C-EEU-HRV","wood",2070,0.0970234452844144
"C-EEU-HRV","wood",2080,0.094039006612327
"C-EEU-HRV","wood",2090,0.0899482567735193
"C-EEU-HRV","wood",2100,0.0840177761480068
"C-EEU-HUN","acrylonitrile_butadiene_styrene",2020,4.19
"C-EEU-HUN","acrylonitrile_butadiene_styrene",2025,4.19
"C-EEU-HUN","acrylonitrile_butadiene_styrene",2030,4.19
"C-EEU-HUN","acrylonitrile_butadiene_styrene",2035,4.19
"C-EEU-HUN","acrylonitrile_butadiene_styrene",2040,4.19
"C-EEU-HUN","acrylonitrile_butadiene_styrene",2045,4.19
"C-EEU-HUN","acrylonitrile_butadiene_styrene",2050,4.19
"C-EEU-HUN","acrylonitrile_butadiene_styrene",2055,4.19
"C-EEU-HUN","acrylonitrile_butadiene_styrene",2060,4.19
"C-EEU-HUN","acrylonitrile_butadiene_styrene",2065,4.19
"C-EEU-HUN","acrylonitrile_butadiene_styrene",2070,4.19
"C-EEU-HUN","acrylonitrile_butadiene_styrene",2075,4.19
"C-EEU-HUN","acrylonitrile_butadiene_styrene",2080,4.19
"C-EEU-HUN","acrylonitrile_butadiene_styrene",2085,4.19
"C-EEU-HUN","acrylonitrile_butadiene_styrene",2090,4.19
"C-EEU-HUN","acrylonitrile_butadiene_styrene",2095,4.19
"C-EEU-HUN","acrylonitrile_butadiene_styrene",2100,4.19
"C-EEU-HUN","aluminium",2020,14.5075193220672
"C-EEU-HUN","aluminium",2030,14.2596740244073
"C-EEU-HUN","aluminium",2040,14.1431842283059
"C-EEU-HUN","aluminium",2050,13.7128182589558
"C-EEU-HUN","aluminium",2060,12.2380939921977
"C-EEU-HUN","aluminium",2070,11.626246883642
"C-EEU-HUN","aluminium",2080,11.2203701639442
"C-EEU-HUN","aluminium",2090,10.8206822897633
"C-EEU-HUN","aluminium",2100,10.6050333265886
"C-EEU-HUN","bio-based_polypropylene",2020,1.745
"C-EEU-HUN","bio-based_polypropylene",2025,1.745
"C-EEU-HUN","bio-based_polypropylene",2030,1.745
"C-EEU-HUN","bio-based_polypropylene",2035,1.745
"C-EEU-HUN","bio-based_polypropylene",2040,1.745
"C-EEU-HUN","bio-based_polypropylene",2045,1.745
"C-EEU-HUN","bio-based_polypropylene",2050,1.745
"C-EEU-HUN","bio-based_polypropylene",2055,1.745
"C-EEU-HUN","bio-based_polypropylene",2060,1.745
"C-EEU-HUN","bio-based_polypropylene",2065,1.745
"C-EEU-HUN","bio-based_polypropylene",2070,1.745
"C-EEU-HUN","bio-based_polypropylene",2075,1.745
"C-EEU-HUN","bio-based_polypropylene",2080,1.745
"C-EEU-HUN","bio-based_polypropylene",2085,1.745
"C-EEU-HUN","bio-based_polypropylene",2090,1.745
"C-EEU-HUN","bio-based_polypropylene",2095,1.745
"C-EEU-HUN","bio-based_polypropylene",2100,1.745
"C-EEU-HUN","bio-based_polystyrene",2020,1.745
"C-EEU-HUN","bio-based_polystyrene",2025,1.745
"C-EEU-HUN","bio-based_polystyrene",2030,1.745
"C-EEU-HUN","bio-based_polystyrene",2035,1.745
"C-EEU-HUN","bio-based_polystyrene",2040,1.745
"C-EEU-HUN","bio-based_polystyrene",2045,1.745
"C-EEU-HUN","bio-based_polystyrene",2050,1.745
"C-EEU-HUN","bio-based_polystyrene",2055,1.745
"C-EEU-HUN","bio-based_polystyrene",2060,1.745
"C-EEU-HUN","bio-based_polystyrene",2065,1.745
"C-EEU-HUN","bio-based_polystyrene",2070,1.745
"C-EEU-HUN","bio-based_polystyrene",2075,1.745
"C-EEU-HUN","bio-based_polystyrene",2080,1.745
"C-EEU-HUN","bio-based_polystyrene",2085,1.745
"C-EEU-HUN","bio-based_polystyrene",2090,1.745
"C-EEU-HUN","bio-based_polystyrene",2095,1.745
"C-EEU-HUN","bio-based_polystyrene",2100,1.745
"C-EEU-HUN","brick",2020,0.255354211059323
"C-EEU-HUN","brick",2030,0.253436368881112
"C-EEU-HUN","brick",2040,0.252067883933655
"C-EEU-HUN","brick",2050,0.249216103092977
"C-EEU-HUN","brick",2060,0.242895938067345
"C-EEU-HUN","brick",2070,0.239871420112532
"C-EEU-HUN","brick",2080,0.23864220810427
"C-EEU-HUN","brick",2090,0.236807361914845
"C-EEU-HUN","brick",2100,0.234254489674243
"C-EEU-HUN","concrete",2020,0.825349510201989
"C-EEU-HUN","concrete",2030,0.79802661435771
"C-EEU-HUN","concrete",2040,0.740798042870699
"C-EEU-HUN","concrete",2050,0.710818580398354
"C-EEU-HUN","concrete",2060,0.689925322815031
"C-EEU-HUN","concrete",2070,0.680203461352861
"C-EEU-HUN","concrete",2080,0.67453668911707
"C-EEU-HUN","concrete",2090,0.668619515507331
"C-EEU-HUN","concrete",2100,0.664333779969531
"C-EEU-HUN","copper",2020,5.67166444082771
"C-EEU-HUN","copper",2030,5.47573566435761
"C-EEU-HUN","copper",2040,5.3823136803621
"C-EEU-HUN","copper",2050,5.26754024419668
"C-EEU-HUN","copper",2060,4.75059903307488
"C-EEU-HUN","copper",2070,4.5332657836101
"C-EEU-HUN","copper",2080,4.38949323163255
"C-EEU-HUN","copper",2090,4.22391605761607
"C-EEU-HUN","copper",2100,4.11636329938511
"C-EEU-HUN","glass",2020,1.12804238296091
"C-EEU-HUN","glass",2030,1.0991971437951
"C-EEU-HUN","glass",2040,1.04173136056578
"C-EEU-HUN","glass",2050,1.00997904439863
"C-EEU-HUN","glass",2060,0.982933418822496
"C-EEU-HUN","glass",2070,0.970526350755339
"C-EEU-HUN","glass",2080,0.963779188400643
"C-EEU-HUN","glass",2090,0.955943364650483
"C-EEU-HUN","glass",2100,0.949564751334641
"C-EEU-HUN","mortar",2020,0.219366781733747
"C-EEU-HUN","mortar",2030,0.216356666815275
"C-EEU-HUN","mortar",2040,0.213760047127738
"C-EEU-HUN","mortar",2050,0.210694837059892
"C-EEU-HUN","mortar",2060,0.204638321144783
"C-EEU-HUN","mortar",2070,0.201597547225779
"C-EEU-HUN","mortar",2080,0.200170427421674
"C-EEU-HUN","mortar",2090,0.198248595633224
"C-EEU-HUN","mortar",2100,0.196304553839926
"C-EEU-HUN","other_materials",2020,2.95
"C-EEU-HUN","other_materials",2025,2.95
"C-EEU-HUN","other_materials",2030,2.95
"C-EEU-HUN","other_materials",2035,2.95
"C-EEU-HUN","other_materials",2040,2.95
"C-EEU-HUN","other_materials",2045,2.95
"C-EEU-HUN","other_materials",2050,2.95
"C-EEU-HUN","other_materials",2055,2.95
"C-EEU-HUN","other_materials",2060,2.95
"C-EEU-HUN","other_materials",2065,2.95
"C-EEU-HUN","other_materials",2070,2.95
"C-EEU-HUN","other_materials",2075,2.95
"C-EEU-HUN","other_materials",2080,2.95
"C-EEU-HUN","other_materials",2085,2.95
"C-EEU-HUN","other_materials",2090,2.95
"C-EEU-HUN","other_materials",2095,2.95
"C-EEU-HUN","other_materials",2100,2.95
"C-EEU-HUN","other_plastics",2020,3.45
"C-EEU-HUN","other_plastics",2025,3.45
"C-EEU-HUN","other_plastics",2030,3.45
"C-EEU-HUN","other_plastics",2035,3.45
"C-EEU-HUN","other_plastics",2040,3.45
"C-EEU-HUN","other_plastics",2045,3.45
"C-EEU-HUN","other_plastics",2050,3.45
"C-EEU-HUN","other_plastics",2055,3.45
"C-EEU-HUN","other_plastics",2060,3.45
"C-EEU-HUN","other_plastics",2065,3.45
"C-EEU-HUN","other_plastics",2070,3.45
"C-EEU-HUN","other_plastics",2075,3.45
"C-EEU-HUN","other_plastics",2080,3.45
"C-EEU-HUN","other_plastics",2085,3.45
"C-EEU-HUN","other_plastics",2090,3.45
"C-EEU-HUN","other_plastics",2095,3.45
"C-EEU-HUN","other_plastics",2100,3.45
"C-EEU-HUN","plaster",2020,0.907684029470872
"C-EEU-HUN","plaster",2030,0.885176815467904
"C-EEU-HUN","plaster",2040,0.841361850987335
"C-EEU-HUN","plaster",2050,0.816687669613535
"C-EEU-HUN","plaster",2060,0.794590192956287
"C-EEU-HUN","plaster",2070,0.784393741324948
"C-EEU-HUN","plaster",2080,0.778910404544169
"C-EEU-HUN","plaster",2090,0.772450747271682
"C-EEU-HUN","plaster",2100,0.767100043368631
"C-EEU-HUN","polypropylene",2020,2.85
"C-EEU-HUN","polypropylene",2025,2.85
"C-EEU-HUN","polypropylene",2030,2.85
"C-EEU-HUN","polypropylene",2035,2.85
"C-EEU-HUN","polypropylene",2040,2.85
"C-EEU-HUN","polypropylene",2045,2.85
"C-EEU-HUN","polypropylene",2050,2.85
"C-EEU-HUN","polypropylene",2055,2.85
"C-EEU-HUN","polypropylene",2060,2.85
"C-EEU-HUN","polypropylene",2065,2.85
"C-EEU-HUN","polypropylene",2070,2.85
"C-EEU-HUN","polypropylene",2075,2.85
"C-EEU-HUN","polypropylene",2080,2.85
"C-EEU-HUN","polypropylene",2085,2.85
"C-EEU-HUN","polypropylene",2090,2.85
"C-EEU-HUN","polypropylene",2095,2.85
"C-EEU-HUN","polypropylene",2100,2.85
"C-EEU-HUN","polystyrene",2020,4.19
"C-EEU-HUN","polystyrene",2025,4.19
"C-EEU-HUN","polystyrene",2030,4.19
"C-EEU-HUN","polystyrene",2035,4.19
"C-EEU-HUN","polystyrene",2040,4.19
"C-EEU-HUN","polystyrene",2045,4.19
"C-EEU-HUN","polystyrene",2050,4.19
"C-EEU-HUN","polystyrene",2055,4.19
"C-EEU-HUN","polystyrene",2060,4.19
"C-EEU-HUN","polystyrene",2065,4.19
"C-EEU-HUN","polystyrene",2070,4.19
"C-EEU-HUN","polystyrene",2075,4.19
"C-EEU-HUN","polystyrene",2080,4.19
"C-EEU-HUN","polystyrene",2085,4.19
"C-EEU-HUN","polystyrene",2090,4.19
"C-EEU-HUN","polystyrene",2095,4.19
"C-EEU-HUN","polystyrene",2100,4.19
"C-EEU-HUN","steel",2020,0.880637011769495
"C-EEU-HUN","steel",2030,0.858519884815397
"C-EEU-HUN","steel",2040,0.814925974206866
"C-EEU-HUN","steel",2050,0.790561411586921
"C-EEU-HUN","steel",2060,0.769424212774861
"C-EEU-HUN","steel",2070,0.759651179498065
"C-EEU-HUN","steel",2080,0.754380233819922
"C-EEU-HUN","steel",2090,0.748247745643613
"C-EEU-HUN","steel",2100,0.743160103423421
"C-EEU-HUN","wood",2020,0.131523388973096
"C-EEU-HUN","wood",2030,0.127918747330539
"C-EEU-HUN","wood",2040,0.125486657550788
"C-EEU-HUN","wood",2050,0.118844379619748
"C-EEU-HUN","wood",2060,0.10425698929116
"C-EEU-HUN","wood",2070,0.0970234452844144
"C-EEU-HUN","wood",2080,0.094039006612327
"C-EEU-HUN","wood",2090,0.0899482567735193
"C-EEU-HUN","wood",2100,0.0840177761480068
"C-EEU-LTU","acrylonitrile_butadiene_styrene",2020,4.19
"C-EEU-LTU","acrylonitrile_butadiene_styrene",2025,4.19
"C-EEU-LTU","acrylonitrile_butadiene_styrene",2030,4.19
"C-EEU-LTU","acrylonitrile_butadiene_styrene",2035,4.19
"C-EEU-LTU","acrylonitrile_butadiene_styrene",2040,4.19
"C-EEU-LTU","acrylonitrile_butadiene_styrene",2045,4.19
"C-EEU-LTU","acrylonitrile_butadiene_styrene",2050,4.19
"C-EEU-LTU","acrylonitrile_butadiene_styrene",2055,4.19
"C-EEU-LTU","acrylonitrile_butadiene_styrene",2060,4.19
"C-EEU-LTU","acrylonitrile_butadiene_styrene",2065,4.19
"C-EEU-LTU","acrylonitrile_butadiene_styrene",2070,4.19
"C-EEU-LTU","acrylonitrile_butadiene_styrene",2075,4.19
"C-EEU-LTU","acrylonitrile_butadiene_styrene",2080,4.19
"C-EEU-LTU","acrylonitrile_butadiene_styrene",2085,4.19
"C-EEU-LTU","acrylonitrile_butadiene_styrene",2090,4.19
"C-EEU-LTU","acrylonitrile_butadiene_styrene",2095,4.19
"C-EEU-LTU","acrylonitrile_butadiene_styrene",2100,4.19
"C-EEU-LTU","aluminium",2020,14.5075193220672
"C-EEU-LTU","aluminium",2030,14.2596740244073
"C-EEU-LTU","aluminium",2040,14.1431842283059
"C-EEU-LTU","aluminium",2050,13.7128182589558
"C-EEU-LTU","aluminium",2060,12.2380939921977
"C-EEU-LTU","aluminium",2070,11.626246883642
"C-EEU-LTU","aluminium",2080,11.2203701639442
"C-EEU-LTU","aluminium",2090,10.8206822897633
"C-EEU-LTU","aluminium",2100,10.6050333265886
"C-EEU-LTU","bio-based_polypropylene",2020,1.745
"C-EEU-LTU","bio-based_polypropylene",2025,1.745
"C-EEU-LTU","bio-based_polypropylene",2030,1.745
"C-EEU-LTU","bio-based_polypropylene",2035,1.745
"C-EEU-LTU","bio-based_polypropylene",2040,1.745
"C-EEU-LTU","bio-based_polypropylene",2045,1.745
"C-EEU-LTU","bio-based_polypropylene",2050,1.745
"C-EEU-LTU","bio-based_polypropylene",2055,1.745
"C-EEU-LTU","bio-based_polypropylene",2060,1.745
"C-EEU-LTU","bio-based_polypropylene",2065,1.745
"C-EEU-LTU","bio-based_polypropylene",2070,1.745
"C-EEU-LTU","bio-based_polypropylene",2075,1.745
"C-EEU-LTU","bio-based_polypropylene",2080,1.745
"C-EEU-LTU","bio-based_polypropylene",2085,1.745
"C-EEU-LTU","bio-based_polypropylene",2090,1.745
"C-EEU-LTU","bio-based_polypropylene",2095,1.745
"C-EEU-LTU","bio-based_polypropylene",2100,1.745
"C-EEU-LTU","bio-based_polystyrene",2020,1.745
"C-EEU-LTU","bio-based_polystyrene",2025,1.745
"C-EEU-LTU","bio-based_polystyrene",2030,1.745
"C-EEU-LTU","bio-based_polystyrene",2035,1.745
"C-EEU-LTU","bio-based_polystyrene",2040,1.745
"C-EEU-LTU","bio-based_polystyrene",2045,1.745
"C-EEU-LTU","bio-based_polystyrene",2050,1.745
"C-EEU-LTU","bio-based_polystyrene",2055,1.745
"C-EEU-LTU","bio-based_polystyrene",2060,1.745
"C-EEU-LTU","bio-based_polystyrene",2065,1.745
"C-EEU-LTU","bio-based_polystyrene",2070,1.745
"C-EEU-LTU","bio-based_polystyrene",2075,1.745
"C-EEU-LTU","bio-based_polystyrene",2080,1.745
"C-EEU-LTU","bio-based_polystyrene",2085,1.745
"C-EEU-LTU","bio-based_polystyrene",2090,1.745
"C-EEU-LTU","bio-based_polystyrene",2095,1.745
"C-EEU-LTU","bio-based_polystyrene",2100,1.745
"C-EEU-LTU","brick",2020,0.255354211059323
"C-EEU-LTU","brick",2030,0.253436368881112
"C-EEU-LTU","brick",2040,0.252067883933655
"C-EEU-LTU","brick",2050,0.249216103092977
"C-EEU-LTU","brick",2060,0.242895938067345
"C-EEU-LTU","brick",2070,0.239871420112532
"C-EEU-LTU","brick",2080,0.23864220810427
"C-EEU-LTU","brick",2090,0.236807361914845
"C-EEU-LTU","brick",2100,0.234254489674243
"C-EEU-LTU","concrete",2020,0.825349510201989
"C-EEU-LTU","concrete",2030,0.79802661435771
"C-EEU-LTU","concrete",2040,0.740798042870699
"C-EEU-LTU","concrete",2050,0.710818580398354
"C-EEU-LTU","concrete",2060,0.689925322815031
"C-EEU-LTU","concrete",2070,0.680203461352861
"C-EEU-LTU","concrete",2080,0.67453668911707
"C-EEU-LTU","concrete",2090,0.668619515507331
"C-EEU-LTU","concrete",2100,0.664333779969531
"C-EEU-LTU","copper",2020,5.67166444082771
"C-EEU-LTU","copper",2030,5.47573566435761
"C-EEU-LTU","copper",2040,5.3823136803621
"C-EEU-LTU","copper",2050,5.26754024419668
"C-EEU-LTU","copper",2060,4.75059903307488
"C-EEU-LTU","copper",2070,4.5332657836101
"C-EEU-LTU","copper",2080,4.38949323163255
"C-EEU-LTU","copper",2090,4.22391605761607
"C-EEU-LTU","copper",2100,4.11636329938511
"C-EEU-LTU","glass",2020,1.12804238296091
"C-EEU-LTU","glass",2030,1.0991971437951
"C-EEU-LTU","glass",2040,1.04173136056578
"C-EEU-LTU","glass",2050,1.00997904439863
"C-EEU-LTU","glass",2060,0.982933418822496
"C-EEU-LTU","glass",2070,0.970526350755339
"C-EEU-LTU","glass",2080,0.963779188400643
"C-EEU-LTU","glass",2090,0.955943364650483
"C-EEU-LTU","glass",2100,0.949564751334641
"C-EEU-LTU","mortar",2020,0.219366781733747
"C-EEU-LTU","mortar",2030,0.216356666815275
"C-EEU-LTU","mortar",2040,0.213760047127738
"C-EEU-LTU","mortar",2050,0.210694837059892
"C-EEU-LTU","mortar",2060,0.204638321144783
"C-EEU-LTU","mortar",2070,0.201597547225779
"C-EEU-LTU","mortar",2080,0.200170427421674
"C-EEU-LTU","mortar",2090,0.198248595633224
"C-EEU-LTU","mortar",2100,0.196304553839926
"C-EEU-LTU","other_materials",2020,2.95
"C-EEU-LTU","other_materials",2025,2.95
"C-EEU-LTU","other_materials",2030,2.95
"C-EEU-LTU","other_materials",2035,2.95
"C-EEU-LTU","other_materials",2040,2.95
"C-EEU-LTU","other_materials",2045,2.95
"C-EEU-LTU","other_materials",2050,2.95
"C-EEU-LTU","other_materials",2055,2.95
"C-EEU-LTU","other_materials",2060,2.95
"C-EEU-LTU","other_materials",2065,2.95
"C-EEU-LTU","other_materials",2070,2.95
"C-EEU-LTU","other_materials",2075,2.95
"C-EEU-LTU","other_materials",2080,2.95
"C-EEU-LTU","other_materials",2085,2.95
"C-EEU-LTU","other_materials",2090,2.95
"C-EEU-LTU","other_materials",2095,2.95
"C-EEU-LTU","other_materials",2100,2.95
"C-EEU-LTU","other_plastics",2020,3.45
"C-EEU-LTU","other_plastics",2025,3.45
"C-EEU-LTU","other_plastics",2030,3.45
"C-EEU-LTU","other_plastics",2035,3.45
"C-EEU-LTU","other_plastics",2040,3.45
"C-EEU-LTU","other_plastics",2045,3.45
"C-EEU-LTU","other_plastics",2050,3.45
"C-EEU-LTU","other_plastics",2055,3.45
"C-EEU-LTU","other_plastics",2060,3.45
"C-EEU-LTU","other_plastics",2065,3.45
"C-EEU-LTU","other_plastics",2070,3.45
"C-EEU-LTU","other_plastics",2075,3.45
"C-EEU-LTU","other_plastics",2080,3.45
"C-EEU-LTU","other_plastics",2085,3.45
"C-EEU-LTU","other_plastics",2090,3.45
"C-EEU-LTU","other_plastics",2095,3.45
"C-EEU-LTU","other_plastics",2100,3.45
"C-EEU-LTU","plaster",2020,0.907684029470872
"C-EEU-LTU","plaster",2030,0.885176815467904
"C-EEU-LTU","plaster",2040,0.841361850987335
"C-EEU-LTU","plaster",2050,0.816687669613535
"C-EEU-LTU","plaster",2060,0.794590192956287
"C-EEU-LTU","plaster",2070,0.784393741324948
"C-EEU-LTU","plaster",2080,0.778910404544169
"C-EEU-LTU","plaster",2090,0.772450747271682
"C-EEU-LTU","plaster",2100,0.767100043368631
"C-EEU-LTU","polypropylene",2020,2.85
"C-EEU-LTU","polypropylene",2025,2.85
"C-EEU-LTU","polypropylene",2030,2.85
"C-EEU-LTU","polypropylene",2035,2.85
"C-EEU-LTU","polypropylene",2040,2.85
"C-EEU-LTU","polypropylene",2045,2.85
"C-EEU-LTU","polypropylene",2050,2.85
"C-EEU-LTU","polypropylene",2055,2.85
"C-EEU-LTU","polypropylene",2060,2.85
"C-EEU-LTU","polypropylene",2065,2.85
"C-EEU-LTU","polypropylene",2070,2.85
"C-EEU-LTU","polypropylene",2075,2.85
"C-EEU-LTU","polypropylene",2080,2.85
"C-EEU-LTU","polypropylene",2085,2.85
"C-EEU-LTU","polypropylene",2090,2.85
"C-EEU-LTU","polypropylene",2095,2.85
"C-EEU-LTU","polypropylene",2100,2.85
"C-EEU-LTU","polystyrene",2020,4.19
"C-EEU-LTU","polystyrene",2025,4.19
"C-EEU-LTU","polystyrene",2030,4.19
"C-EEU-LTU","polystyrene",2035,4.19
"C-EEU-LTU","polystyrene",2040,4.19
"C-EEU-LTU","polystyrene",2045,4.19
"C-EEU-LTU","polystyrene",2050,4.19
"C-EEU-LTU","polystyrene",2055,4.19
"C-EEU-LTU","polystyrene",2060,4.19
"C-EEU-LTU","polystyrene",2065,4.19
"C-EEU-LTU","polystyrene",2070,4.19
"C-EEU-LTU","polystyrene",2075,4.19
"C-EEU-LTU","polystyrene",2080,4.19
"C-EEU-LTU","polystyrene",2085,4.19
"C-EEU-LTU","polystyrene",2090,4.19
"C-EEU-LTU","polystyrene",2095,4.19
"C-EEU-LTU","polystyrene",2100,4.19
"C-EEU-LTU","steel",2020,0.880637011769495
"C-EEU-LTU","steel",2030,0.858519884815397
"C-EEU-LTU","steel",2040,0.814925974206866
"C-EEU-LTU","steel",2050,0.790561411586921
"C-EEU-LTU","steel",2060,0.769424212774861
"C-EEU-LTU","steel",2070,0.759651179498065
"C-EEU-LTU","steel",2080,0.754380233819922
"C-EEU-LTU","steel",2090,0.748247745643613
"C-EEU-LTU","steel",2100,0.743160103423421
"C-EEU-LTU","wood",2020,0.131523388973096
"C-EEU-LTU","wood",2030,0.127918747330539
"C-EEU-LTU","wood",2040,0.125486657550788
"C-EEU-LTU","wood",2050,0.118844379619748
"C-EEU-LTU","wood",2060,0.10425698929116
"C-EEU-LTU","wood",2070,0.0970234452844144
"C-EEU-LTU","wood",2080,0.094039006612327
"C-EEU-LTU","wood",2090,0.0899482567735193
"C-EEU-LTU","wood",2100,0.0840177761480068
"C-EEU-LVA","acrylonitrile_butadiene_styrene",2020,4.19
"C-EEU-LVA","acrylonitrile_butadiene_styrene",2025,4.19
"C-EEU-LVA","acrylonitrile_butadiene_styrene",2030,4.19
"C-EEU-LVA","acrylonitrile_butadiene_styrene",2035,4.19
"C-EEU-LVA","acrylonitrile_butadiene_styrene",2040,4.19
"C-EEU-LVA","acrylonitrile_butadiene_styrene",2045,4.19
"C-EEU-LVA","acrylonitrile_butadiene_styrene",2050,4.19
"C-EEU-LVA","acrylonitrile_butadiene_styrene",2055,4.19
"C-EEU-LVA","acrylonitrile_butadiene_styrene",2060,4.19
"C-EEU-LVA","acrylonitrile_butadiene_styrene",2065,4.19
"C-EEU-LVA","acrylonitrile_butadiene_styrene",2070,4.19
"C-EEU-LVA","acrylonitrile_butadiene_styrene",2075,4.19
"C-EEU-LVA","acrylonitrile_butadiene_styrene",2080,4.19
"C-EEU-LVA","acrylonitrile_butadiene_styrene",2085,4.19
"C-EEU-LVA","acrylonitrile_butadiene_styrene",2090,4.19
"C-EEU-LVA","acrylonitrile_butadiene_styrene",2095,4.19
"C-EEU-LVA","acrylonitrile_butadiene_styrene",2100,4.19
"C-EEU-LVA","aluminium",2020,14.5075193220672
"C-EEU-LVA","aluminium",2030,14.2596740244073
"C-EEU-LVA","aluminium",2040,14.1431842283059
"C-EEU-LVA","aluminium",2050,13.7128182589558
"C-EEU-LVA","aluminium",2060,12.2380939921977
"C-EEU-LVA","aluminium",2070,11.626246883642
"C-EEU-LVA","aluminium",2080,11.2203701639442
"C-EEU-LVA","aluminium",2090,10.8206822897633
"C-EEU-LVA","aluminium",2100,10.6050333265886
"C-EEU-LVA","bio-based_polypropylene",2020,1.745
"C-EEU-LVA","bio-based_polypropylene",2025,1.745
"C-EEU-LVA","bio-based_polypropylene",2030,1.745
"C-EEU-LVA","bio-based_polypropylene",2035,1.745
"C-EEU-LVA","bio-based_polypropylene",2040,1.745
"C-EEU-LVA","bio-based_polypropylene",2045,1.745
"C-EEU-LVA","bio-based_polypropylene",2050,1.745
"C-EEU-LVA","bio-based_polypropylene",2055,1.745
"C-EEU-LVA","bio-based_polypropylene",2060,1.745
"C-EEU-LVA","bio-based_polypropylene",2065,1.745
"C-EEU-LVA","bio-based_polypropylene",2070,1.745
"C-EEU-LVA","bio-based_polypropylene",2075,1.745
"C-EEU-LVA","bio-based_polypropylene",2080,1.745
"C-EEU-LVA","bio-based_polypropylene",2085,1.745
"C-EEU-LVA","bio-based_polypropylene",2090,1.745
"C-EEU-LVA","bio-based_polypropylene",2095,1.745
"C-EEU-LVA","bio-based_polypropylene",2100,1.745
"C-EEU-LVA","bio-based_polystyrene",2020,1.745
"C-EEU-LVA","bio-based_polystyrene",2025,1.745
"C-EEU-LVA","bio-based_polystyrene",2030,1.745
"C-EEU-LVA","bio-based_polystyrene",2035,1.745
"C-EEU-LVA","bio-based_polystyrene",2040,1.745
"C-EEU-LVA","bio-based_polystyrene",2045,1.745
"C-EEU-LVA","bio-based_polystyrene",2050,1.745
"C-EEU-LVA","bio-based_polystyrene",2055,1.745
"C-EEU-LVA","bio-based_polystyrene",2060,1.745
"C-EEU-LVA","bio-based_polystyrene",2065,1.745
"C-EEU-LVA","bio-based_polystyrene",2070,1.745
"C-EEU-LVA","bio-based_polystyrene",2075,1.745
"C-EEU-LVA","bio-based_polystyrene",2080,1.745
"C-EEU-LVA","bio-based_polystyrene",2085,1.745
"C-EEU-LVA","bio-based_polystyrene",2090,1.745
"C-EEU-LVA","bio-based_polystyrene",2095,1.745
"C-EEU-LVA","bio-based_polystyrene",2100,1.745
"C-EEU-LVA","brick",2020,0.255354211059323
"C-EEU-LVA","brick",2030,0.253436368881112
"C-EEU-LVA","brick",2040,0.252067883933655
"C-EEU-LVA","brick",2050,0.249216103092977
"C-EEU-LVA","brick",2060,0.242895938067345
"C-EEU-LVA","brick",2070,0.239871420112532
"C-EEU-LVA","brick",2080,0.23864220810427
"C-EEU-LVA","brick",2090,0.236807361914845
"C-EEU-LVA","brick",2100,0.234254489674243
"C-EEU-LVA","concrete",2020,0.825349510201989
"C-EEU-LVA","concrete",2030,0.79802661435771
"C-EEU-LVA","concrete",2040,0.740798042870699
"C-EEU-LVA","concrete",2050,0.710818580398354
"C-EEU-LVA","concrete",2060,0.689925322815031
"C-EEU-LVA","concrete",2070,0.680203461352861
"C-EEU-LVA","concrete",2080,0.67453668911707
"C-EEU-LVA","concrete",2090,0.668619515507331
"C-EEU-LVA","concrete",2100,0.664333779969531
"C-EEU-LVA","copper",2020,5.67166444082771
"C-EEU-LVA","copper",2030,5.47573566435761
"C-EEU-LVA","copper",2040,5.3823136803621
"C-EEU-LVA","copper",2050,5.26754024419668
"C-EEU-LVA","copper",2060,4.75059903307488
"C-EEU-LVA","copper",2070,4.5332657836101
"C-EEU-LVA","copper",2080,4.38949323163255
"C-EEU-LVA","copper",2090,4.22391605761607
"C-EEU-LVA","copper",2100,4.11636329938511
"C-EEU-LVA","glass",2020,1.12804238296091
"C-EEU-LVA","glass",2030,1.0991971437951
"C-EEU-LVA","glass",2040,1.04173136056578
"C-EEU-LVA","glass",2050,1.00997904439863
"C-EEU-LVA","glass",2060,0.982933418822496
"C-EEU-LVA","glass",2070,0.970526350755339
"C-EEU-LVA","glass",2080,0.963779188400643
"C-EEU-LVA","glass",2090,0.955943364650483
"C-EEU-LVA","glass",2100,0.949564751334641
"C-EEU-LVA","mortar",2020,0.219366781733747
"C-EEU-LVA","mortar",2030,0.216356666815275
"C-EEU-LVA","mortar",2040,0.213760047127738
"C-EEU-LVA","mortar",2050,0.210694837059892
"C-EEU-LVA","mortar",2060,0.204638321144783
"C-EEU-LVA","mortar",2070,0.201597547225779
"C-EEU-LVA","mortar",2080,0.200170427421674
"C-EEU-LVA","mortar",2090,0.198248595633224
"C-EEU-LVA","mortar",2100,0.196304553839926
"C-EEU-LVA","other_materials",2020,2.95
"C-EEU-LVA","other_materials",2025,2.95
"C-EEU-LVA","other_materials",2030,2.95
"C-EEU-LVA","other_materials",2035,2.95
"C-EEU-LVA","other_materials",2040,2.95
"C-EEU-LVA","other_materials",2045,2.95
"C-EEU-LVA","other_materials",2050,2.95
"C-EEU-LVA","other_materials",2055,2.95
"C-EEU-LVA","other_materials",2060,2.95
"C-EEU-LVA","other_materials",2065,2.95
"C-EEU-LVA","other_materials",2070,2.95
"C-EEU-LVA","other_materials",2075,2.95
"C-EEU-LVA","other_materials",2080,2.95
"C-EEU-LVA","other_materials",2085,2.95
"C-EEU-LVA","other_materials",2090,2.95
"C-EEU-LVA","other_materials",2095,2.95
"C-EEU-LVA","other_materials",2100,2.95
"C-EEU-LVA","other_plastics",2020,3.45
"C-EEU-LVA","other_plastics",2025,3.45
"C-EEU-LVA","other_plastics",2030,3.45
"C-EEU-LVA","other_plastics",2035,3.45
"C-EEU-LVA","other_plastics",2040,3.45
"C-EEU-LVA","other_plastics",2045,3.45
"C-EEU-LVA","other_plastics",2050,3.45
"C-EEU-LVA","other_plastics",2055,3.45
"C-EEU-LVA","other_plastics",2060,3.45
"C-EEU-LVA","other_plastics",2065,3.45
"C-EEU-LVA","other_plastics",2070,3.45
"C-EEU-LVA","other_plastics",2075,3.45
"C-EEU-LVA","other_plastics",2080,3.45
"C-EEU-LVA","other_plastics",2085,3.45
"C-EEU-LVA","other_plastics",2090,3.45
"C-EEU-LVA","other_plastics",2095,3.45
"C-EEU-LVA","other_plastics",2100,3.45
"C-EEU-LVA","plaster",2020,0.907684029470872
"C-EEU-LVA","plaster",2030,0.885176815467904
"C-EEU-LVA","plaster",2040,0.841361850987335
"C-EEU-LVA","plaster",2050,0.816687669613535
"C-EEU-LVA","plaster",2060,0.794590192956287
"C-EEU-LVA","plaster",2070,0.784393741324948
"C-EEU-LVA","plaster",2080,0.778910404544169
"C-EEU-LVA","plaster",2090,0.772450747271682
"C-EEU-LVA","plaster",2100,0.767100043368631
"C-EEU-LVA","polypropylene",2020,2.85
"C-EEU-LVA","polypropylene",2025,2.85
"C-EEU-LVA","polypropylene",2030,2.85
"C-EEU-LVA","polypropylene",2035,2.85
"C-EEU-LVA","polypropylene",2040,2.85
"C-EEU-LVA","polypropylene",2045,2.85
"C-EEU-LVA","polypropylene",2050,2.85
"C-EEU-LVA","polypropylene",2055,2.85
"C-EEU-LVA","polypropylene",2060,2.85
"C-EEU-LVA","polypropylene",2065,2.85
"C-EEU-LVA","polypropylene",2070,2.85
"C-EEU-LVA","polypropylene",2075,2.85
"C-EEU-LVA","polypropylene",2080,2.85
"C-EEU-LVA","polypropylene",2085,2.85
"C-EEU-LVA","polypropylene",2090,2.85
"C-EEU-LVA","polypropylene",2095,2.85
"C-EEU-LVA","polypropylene",2100,2.85
"C-EEU-LVA","polystyrene",2020,4.19
"C-EEU-LVA","polystyrene",2025,4.19
"C-EEU-LVA","polystyrene",2030,4.19
"C-EEU-LVA","polystyrene",2035,4.19
"C-EEU-LVA","polystyrene",2040,4.19
"C-EEU-LVA","polystyrene",2045,4.19
"C-EEU-LVA","polystyrene",2050,4.19
"C-EEU-LVA","polystyrene",2055,4.19
"C-EEU-LVA","polystyrene",2060,4.19
"C-EEU-LVA","polystyrene",2065,4.19
"C-EEU-LVA","polystyrene",2070,4.19
"C-EEU-LVA","polystyrene",2075,4.19
"C-EEU-LVA","polystyrene",2080,4.19
"C-EEU-LVA","polystyrene",2085,4.19
"C-EEU-LVA","polystyrene",2090,4.19
"C-EEU-LVA","polystyrene",2095,4.19
"C-EEU-LVA","polystyrene",2100,4.19
"C-EEU-LVA","steel",2020,0.880637011769495
"C-EEU-LVA","steel",2030,0.858519884815397
"C-EEU-LVA","steel",2040,0.814925974206866
"C-EEU-LVA","steel",2050,0.790561411586921
"C-EEU-LVA","steel",2060,0.769424212774861
"C-EEU-LVA","steel",2070,0.759651179498065
"C-EEU-LVA","steel",2080,0.754380233819922
"C-EEU-LVA","steel",2090,0.748247745643613
"C-EEU-LVA","steel",2100,0.743160103423421
"C-EEU-LVA","wood",2020,0.131523388973096
"C-EEU-LVA","wood",2030,0.127918747330539
"C-EEU-LVA","wood",2040,0.125486657550788
"C-EEU-LVA","wood",2050,0.118844379619748
"C-EEU-LVA","wood",2060,0.10425698929116
"C-EEU-LVA","wood",2070,0.0970234452844144
"C-EEU-LVA","wood",2080,0.094039006612327
"C-EEU-LVA","wood",2090,0.0899482567735193
"C-EEU-LVA","wood",2100,0.0840177761480068
"C-EEU-POL","acrylonitrile_butadiene_styrene",2020,4.19
"C-EEU-POL","acrylonitrile_butadiene_styrene",2025,4.19
"C-EEU-POL","acrylonitrile_butadiene_styrene",2030,4.19
"C-EEU-POL","acrylonitrile_butadiene_styrene",2035,4.19
"C-EEU-POL","acrylonitrile_butadiene_styrene",2040,4.19
"C-EEU-POL","acrylonitrile_butadiene_styrene",2045,4.19
"C-EEU-POL","acrylonitrile_butadiene_styrene",2050,4.19
"C-EEU-POL","acrylonitrile_butadiene_styrene",2055,4.19
"C-EEU-POL","acrylonitrile_butadiene_styrene",2060,4.19
"C-EEU-POL","acrylonitrile_butadiene_styrene",2065,4.19
"C-EEU-POL","acrylonitrile_butadiene_styrene",2070,4.19
"C-EEU-POL","acrylonitrile_butadiene_styrene",2075,4.19
"C-EEU-POL","acrylonitrile_butadiene_styrene",2080,4.19
"C-EEU-POL","acrylonitrile_butadiene_styrene",2085,4.19
"C-EEU-POL","acrylonitrile_butadiene_styrene",2090,4.19
"C-EEU-POL","acrylonitrile_butadiene_styrene",2095,4.19
"C-EEU-POL","acrylonitrile_butadiene_styrene",2100,4.19
"C-EEU-POL","aluminium",2020,14.5075193220672
"C-EEU-POL","aluminium",2030,14.2596740244073
"C-EEU-POL","aluminium",2040,14.1431842283059
"C-EEU-POL","aluminium",2050,13.7128182589558
"C-EEU-POL","aluminium",2060,12.2380939921977
"C-EEU-POL","aluminium",2070,11.626246883642
"C-EEU-POL","aluminium",2080,11.2203701639442
"C-EEU-POL","aluminium",2090,10.8206822897633
"C-EEU-POL","aluminium",2100,10.6050333265886
"C-EEU-POL","bio-based_polypropylene",2020,1.745
"C-EEU-POL","bio-based_polypropylene",2025,1.745
"C-EEU-POL","bio-based_polypropylene",2030,1.745
"C-EEU-POL","bio-based_polypropylene",2035,1.745
"C-EEU-POL","bio-based_polypropylene",2040,1.745
"C-EEU-POL","bio-based_polypropylene",2045,1.745
"C-EEU-POL","bio-based_polypropylene",2050,1.745
"C-EEU-POL","bio-based_polypropylene",2055,1.745
"C-EEU-POL","bio-based_polypropylene",2060,1.745
"C-EEU-POL","bio-based_polypropylene",2065,1.745
"C-EEU-POL","bio-based_polypropylene",2070,1.745
"C-EEU-POL","bio-based_polypropylene",2075,1.745
"C-EEU-POL","bio-based_polypropylene",2080,1.745
"C-EEU-POL","bio-based_polypropylene",2085,1.745
"C-EEU-POL","bio-based_polypropylene",2090,1.745
"C-EEU-POL","bio-based_polypropylene",2095,1.745
"C-EEU-POL","bio-based_polypropylene",2100,1.745
"C-EEU-POL","bio-based_polystyrene",2020,1.745
"C-EEU-POL","bio-based_polystyrene",2025,1.745
"C-EEU-POL","bio-based_polystyrene",2030,1.745
"C-EEU-POL","bio-based_polystyrene",2035,1.745
"C-EEU-POL","bio-based_polystyrene",2040,1.745
"C-EEU-POL","bio-based_polystyrene",2045,1.745
"C-EEU-POL","bio-based_polystyrene",2050,1.745
"C-EEU-POL","bio-based_polystyrene",2055,1.745
"C-EEU-POL","bio-based_polystyrene",2060,1.745
"C-EEU-POL","bio-based_polystyrene",2065,1.745
"C-EEU-POL","bio-based_polystyrene",2070,1.745
"C-EEU-POL","bio-based_polystyrene",2075,1.745
"C-EEU-POL","bio-based_polystyrene",2080,1.745
"C-EEU-POL","bio-based_polystyrene",2085,1.745
"C-EEU-POL","bio-based_polystyrene",2090,1.745
"C-EEU-POL","bio-based_polystyrene",2095,1.745
"C-EEU-POL","bio-based_polystyrene",2100,1.745
"C-EEU-POL","brick",2020,0.255354211059323
"C-EEU-POL","brick",2030,0.253436368881112
"C-EEU-POL","brick",2040,0.252067883933655
"C-EEU-POL","brick",2050,0.249216103092977
"C-EEU-POL","brick",2060,0.242895938067345
"C-EEU-POL","brick",2070,0.239871420112532
"C-EEU-POL","brick",2080,0.23864220810427
"C-EEU-POL","brick",2090,0.236807361914845
"C-EEU-POL","brick",2100,0.234254489674243
"C-EEU-POL","concrete",2020,0.825349510201989
"C-EEU-POL","concrete",2030,0.79802661435771
"C-EEU-POL","concrete",2040,0.740798042870699
"C-EEU-POL","concrete",2050,0.710818580398354
"C-EEU-POL","concrete",2060,0.689925322815031
"C-EEU-POL","concrete",2070,0.680203461352861
"C-EEU-POL","concrete",2080,0.67453668911707
"C-EEU-POL","concrete",2090,0.668619515507331
"C-EEU-POL","concrete",2100,0.664333779969531
"C-EEU-POL","copper",2020,5.67166444082771
"C-EEU-POL","copper",2030,5.47573566435761
"C-EEU-POL","copper",2040,5.3823136803621
"C-EEU-POL","copper",2050,5.26754024419668
"C-EEU-POL","copper",2060,4.75059903307488
"C-EEU-POL","copper",2070,4.5332657836101
"C-EEU-POL","copper",2080,4.38949323163255
"C-EEU-POL","copper",2090,4.22391605761607
"C-EEU-POL","copper",2100,4.11636329938511
"C-EEU-POL","glass",2020,1.12804238296091
"C-EEU-POL","glass",2030,1.0991971437951
"C-EEU-POL","glass",2040,1.04173136056578
"C-EEU-POL","glass",2050,1.00997904439863
"C-EEU-POL","glass",2060,0.982933418822496
"C-EEU-POL","glass",2070,0.970526350755339
"C-EEU-POL","glass",2080,0.963779188400643
"C-EEU-POL","glass",2090,0.955943364650483
"C-EEU-POL","glass",2100,0.949564751334641
"C-EEU-POL","mortar",2020,0.219366781733747
"C-EEU-POL","mortar",2030,0.216356666815275
"C-EEU-POL","mortar",2040,0.213760047127738
"C-EEU-POL","mortar",2050,0.210694837059892
"C-EEU-POL","mortar",2060,0.204638321144783
"C-EEU-POL","mortar",2070,0.201597547225779
"C-EEU-POL","mortar",2080,0.200170427421674
"C-EEU-POL","mortar",2090,0.198248595633224
"C-EEU-POL","mortar",2100,0.196304553839926
"C-EEU-POL","other_materials",2020,2.95
"C-EEU-POL","other_materials",2025,2.95
"C-EEU-POL","other_materials",2030,2.95
"C-EEU-POL","other_materials",2035,2.95
"C-EEU-POL","other_materials",2040,2.95
"C-EEU-POL","other_materials",2045,2.95
"C-EEU-POL","other_materials",2050,2.95
"C-EEU-POL","other_materials",2055,2.95
"C-EEU-POL","other_materials",2060,2.95
"C-EEU-POL","other_materials",2065,2.95
"C-EEU-POL","other_materials",2070,2.95
"C-EEU-POL","other_materials",2075,2.95
"C-EEU-POL","other_materials",2080,2.95
"C-EEU-POL","other_materials",2085,2.95
"C-EEU-POL","other_materials",2090,2.95
"C-EEU-POL","other_materials",2095,2.95
"C-EEU-POL","other_materials",2100,2.95
"C-EEU-POL","other_plastics",2020,3.45
"C-EEU-POL","other_plastics",2025,3.45
"C-EEU-POL","other_plastics",2030,3.45
"C-EEU-POL","other_plastics",2035,3.45
"C-EEU-POL","other_plastics",2040,3.45
"C-EEU-POL","other_plastics",2045,3.45
"C-EEU-POL","other_plastics",2050,3.45
"C-EEU-POL","other_plastics",2055,3.45
"C-EEU-POL","other_plastics",2060,3.45
"C-EEU-POL","other_plastics",2065,3.45
"C-EEU-POL","other_plastics",2070,3.45
"C-EEU-POL","other_plastics",2075,3.45
"C-EEU-POL","other_plastics",2080,3.45
"C-EEU-POL","other_plastics",2085,3.45
"C-EEU-POL","other_plastics",2090,3.45
"C-EEU-POL","other_plastics",2095,3.45
"C-EEU-POL","other_plastics",2100,3.45
"C-EEU-POL","plaster",2020,0.907684029470872
"C-EEU-POL","plaster",2030,0.885176815467904
"C-EEU-POL","plaster",2040,0.841361850987335
"C-EEU-POL","plaster",2050,0.816687669613535
"C-EEU-POL","plaster",2060,0.794590192956287
"C-EEU-POL","plaster",2070,0.784393741324948
"C-EEU-POL","plaster",2080,0.778910404544169
"C-EEU-POL","plaster",2090,0.772450747271682
"C-EEU-POL","plaster",2100,0.767100043368631
"C-EEU-POL","polypropylene",2020,2.85
"C-EEU-POL","polypropylene",2025,2.85
"C-EEU-POL","polypropylene",2030,2.85
"C-EEU-POL","polypropylene",2035,2.85
"C-EEU-POL","polypropylene",2040,2.85
"C-EEU-POL","polypropylene",2045,2.85
"C-EEU-POL","polypropylene",2050,2.85
"C-EEU-POL","polypropylene",2055,2.85
"C-EEU-POL","polypropylene",2060,2.85
"C-EEU-POL","polypropylene",2065,2.85
"C-EEU-POL","polypropylene",2070,2.85
"C-EEU-POL","polypropylene",2075,2.85
"C-EEU-POL","polypropylene",2080,2.85
"C-EEU-POL","polypropylene",2085,2.85
"C-EEU-POL","polypropylene",2090,2.85
"C-EEU-POL","polypropylene",2095,2.85
"C-EEU-POL","polypropylene",2100,2.85
"C-EEU-POL","polystyrene",2020,4.19
"C-EEU-POL","polystyrene",2025,4.19
"C-EEU-POL","polystyrene",2030,4.19
"C-EEU-POL","polystyrene",2035,4.19
"C-EEU-POL","polystyrene",2040,4.19
"C-EEU-POL","polystyrene",2045,4.19
"C-EEU-POL","polystyrene",2050,4.19
"C-EEU-POL","polystyrene",2055,4.19
"C-EEU-POL","polystyrene",2060,4.19
"C-EEU-POL","polystyrene",2065,4.19
"C-EEU-POL","polystyrene",2070,4.19
"C-EEU-POL","polystyrene",2075,4.19
"C-EEU-POL","polystyrene",2080,4.19
"C-EEU-POL","polystyrene",2085,4.19
"C-EEU-POL","polystyrene",2090,4.19
"C-EEU-POL","polystyrene",2095,4.19
"C-EEU-POL","polystyrene",2100,4.19
"C-EEU-POL","steel",2020,0.880637011769495
"C-EEU-POL","steel",2030,0.858519884815397
"C-EEU-POL","steel",2040,0.814925974206866
"C-EEU-POL","steel",2050,0.790561411586921
"C-EEU-POL","steel",2060,0.769424212774861
"C-EEU-POL","steel",2070,0.759651179498065
"C-EEU-POL","steel",2080,0.754380233819922
"C-EEU-POL","steel",2090,0.748247745643613
"C-EEU-POL","steel",2100,0.743160103423421
"C-EEU-POL","wood",2020,0.131523388973096
"C-EEU-POL","wood",2030,0.127918747330539
"C-EEU-POL","wood",2040,0.125486657550788
"C-EEU-POL","wood",2050,0.118844379619748
"C-EEU-POL","wood",2060,0.10425698929116
"C-EEU-POL","wood",2070,0.0970234452844144
"C-EEU-POL","wood",2080,0.094039006612327
"C-EEU-POL","wood",2090,0.0899482567735193
"C-EEU-POL","wood",2100,0.0840177761480068
"C-EEU-ROU","acrylonitrile_butadiene_styrene",2020,4.19
"C-EEU-ROU","acrylonitrile_butadiene_styrene",2025,4.19
"C-EEU-ROU","acrylonitrile_butadiene_styrene",2030,4.19
"C-EEU-ROU","acrylonitrile_butadiene_styrene",2035,4.19
"C-EEU-ROU","acrylonitrile_butadiene_styrene",2040,4.19
"C-EEU-ROU","acrylonitrile_butadiene_styrene",2045,4.19
"C-EEU-ROU","acrylonitrile_butadiene_styrene",2050,4.19
"C-EEU-ROU","acrylonitrile_butadiene_styrene",2055,4.19
"C-EEU-ROU","acrylonitrile_butadiene_styrene",2060,4.19
"C-EEU-ROU","acrylonitrile_butadiene_styrene",2065,4.19
"C-EEU-ROU","acrylonitrile_butadiene_styrene",2070,4.19
"C-EEU-ROU","acrylonitrile_butadiene_styrene",2075,4.19
"C-EEU-ROU","acrylonitrile_butadiene_styrene",2080,4.19
"C-EEU-ROU","acrylonitrile_butadiene_styrene",2085,4.19
"C-EEU-ROU","acrylonitrile_butadiene_styrene",2090,4.19
"C-EEU-ROU","acrylonitrile_butadiene_styrene",2095,4.19
"C-EEU-ROU","acrylonitrile_butadiene_styrene",2100,4.19
"C-EEU-ROU","aluminium",2020,14.5075193220672
"C-EEU-ROU","aluminium",2030,14.2596740244073
"C-EEU-ROU","aluminium",2040,14.1431842283059
"C-EEU-ROU","aluminium",2050,13.7128182589558
"C-EEU-ROU","aluminium",2060,12.2380939921977
"C-EEU-ROU","aluminium",2070,11.626246883642
"C-EEU-ROU","aluminium",2080,11.2203701639442
"C-EEU-ROU","aluminium",2090,10.8206822897633
"C-EEU-ROU","aluminium",2100,10.6050333265886
"C-EEU-ROU","bio-based_polypropylene",2020,1.745
"C-EEU-ROU","bio-based_polypropylene",2025,1.745
"C-EEU-ROU","bio-based_polypropylene",2030,1.745
"C-EEU-ROU","bio-based_polypropylene",2035,1.745
"C-EEU-ROU","bio-based_polypropylene",2040,1.745
"C-EEU-ROU","bio-based_polypropylene",2045,1.745
"C-EEU-ROU","bio-based_polypropylene",2050,1.745
"C-EEU-ROU","bio-based_polypropylene",2055,1.745
"C-EEU-ROU","bio-based_polypropylene",2060,1.745
"C-EEU-ROU","bio-based_polypropylene",2065,1.745
"C-EEU-ROU","bio-based_polypropylene",2070,1.745
"C-EEU-ROU","bio-based_polypropylene",2075,1.745
"C-EEU-ROU","bio-based_polypropylene",2080,1.745
"C-EEU-ROU","bio-based_polypropylene",2085,1.745
"C-EEU-ROU","bio-based_polypropylene",2090,1.745
"C-EEU-ROU","bio-based_polypropylene",2095,1.745
"C-EEU-ROU","bio-based_polypropylene",2100,1.745
"C-EEU-ROU","bio-based_polystyrene",2020,1.745
"C-EEU-ROU","bio-based_polystyrene",2025,1.745
"C-EEU-ROU","bio-based_polystyrene",2030,1.745
"C-EEU-ROU","bio-based_polystyrene",2035,1.745
"C-EEU-ROU","bio-based_polystyrene",2040,1.745
"C-EEU-ROU","bio-based_polystyrene",2045,1.745
"C-EEU-ROU","bio-based_polystyrene",2050,1.745
"C-EEU-ROU","bio-based_polystyrene",2055,1.745
"C-EEU-ROU","bio-based_polystyrene",2060,1.745
"C-EEU-ROU","bio-based_polystyrene",2065,1.745
"C-EEU-ROU","bio-based_polystyrene",2070,1.745
"C-EEU-ROU","bio-based_polystyrene",2075,1.745
"C-EEU-ROU","bio-based_polystyrene",2080,1.745
"C-EEU-ROU","bio-based_polystyrene",2085,1.745
"C-EEU-ROU","bio-based_polystyrene",2090,1.745
"C-EEU-ROU","bio-based_polystyrene",2095,1.745
"C-EEU-ROU","bio-based_polystyrene",2100,1.745
"C-EEU-ROU","brick",2020,0.255354211059323
"C-EEU-ROU","brick",2030,0.253436368881112
"C-EEU-ROU","brick",2040,0.252067883933655
"C-EEU-ROU","brick",2050,0.249216103092977
"C-EEU-ROU","brick",2060,0.242895938067345
"C-EEU-ROU","brick",2070,0.239871420112532
"C-EEU-ROU","brick",2080,0.23864220810427
"C-EEU-ROU","brick",2090,0.236807361914845
"C-EEU-ROU","brick",2100,0.234254489674243
"C-EEU-ROU","concrete",2020,0.825349510201989
"C-EEU-ROU","concrete",2030,0.79802661435771
"C-EEU-ROU","concrete",2040,0.740798042870699
"C-EEU-ROU","concrete",2050,0.710818580398354
"C-EEU-ROU","concrete",2060,0.689925322815031
"C-EEU-ROU","concrete",2070,0.680203461352861
"C-EEU-ROU","concrete",2080,0.67453668911707
"C-EEU-ROU","concrete",2090,0.668619515507331
"C-EEU-ROU","concrete",2100,0.664333779969531
"C-EEU-ROU","copper",2020,5.67166444082771
"C-EEU-ROU","copper",2030,5.47573566435761
"C-EEU-ROU","copper",2040,5.3823136803621
"C-EEU-ROU","copper",2050,5.26754024419668
"C-EEU-ROU","copper",2060,4.75059903307488
"C-EEU-ROU","copper",2070,4.5332657836101
"C-EEU-ROU","copper",2080,4.38949323163255
"C-EEU-ROU","copper",2090,4.22391605761607
"C-EEU-ROU","copper",2100,4.11636329938511
"C-EEU-ROU","glass",2020,1.12804238296091
"C-EEU-ROU","glass",2030,1.0991971437951
"C-EEU-ROU","glass",2040,1.04173136056578
"C-EEU-ROU","glass",2050,1.00997904439863
"C-EEU-ROU","glass",2060,0.982933418822496
"C-EEU-ROU","glass",2070,0.970526350755339
"C-EEU-ROU","glass",2080,0.963779188400643
"C-EEU-ROU","glass",2090,0.955943364650483
"C-EEU-ROU","glass",2100,0.949564751334641
"C-EEU-ROU","mortar",2020,0.219366781733747
"C-EEU-ROU","mortar",2030,0.216356666815275
"C-EEU-ROU","mortar",2040,0.213760047127738
"C-EEU-ROU","mortar",2050,0.210694837059892
"C-EEU-ROU","mortar",2060,0.204638321144783
"C-EEU-ROU","mortar",2070,0.201597547225779
"C-EEU-ROU","mortar",2080,0.200170427421674
"C-EEU-ROU","mortar",2090,0.198248595633224
"C-EEU-ROU","mortar",2100,0.196304553839926
"C-EEU-ROU","other_materials",2020,2.95
"C-EEU-ROU","other_materials",2025,2.95
"C-EEU-ROU","other_materials",2030,2.95
"C-EEU-ROU","other_materials",2035,2.95
"C-EEU-ROU","other_materials",2040,2.95
"C-EEU-ROU","other_materials",2045,2.95
"C-EEU-ROU","other_materials",2050,2.95
"C-EEU-ROU","other_materials",2055,2.95
"C-EEU-ROU","other_materials",2060,2.95
"C-EEU-ROU","other_materials",2065,2.95
"C-EEU-ROU","other_materials",2070,2.95
"C-EEU-ROU","other_materials",2075,2.95
"C-EEU-ROU","other_materials",2080,2.95
"C-EEU-ROU","other_materials",2085,2.95
"C-EEU-ROU","other_materials",2090,2.95
"C-EEU-ROU","other_materials",2095,2.95
"C-EEU-ROU","other_materials",2100,2.95
"C-EEU-ROU","other_plastics",2020,3.45
"C-EEU-ROU","other_plastics",2025,3.45
"C-EEU-ROU","other_plastics",2030,3.45
"C-EEU-ROU","other_plastics",2035,3.45
"C-EEU-ROU","other_plastics",2040,3.45
"C-EEU-ROU","other_plastics",2045,3.45
"C-EEU-ROU","other_plastics",2050,3.45
"C-EEU-ROU","other_plastics",2055,3.45
"C-EEU-ROU","other_plastics",2060,3.45
"C-EEU-ROU","other_plastics",2065,3.45
"C-EEU-ROU","other_plastics",2070,3.45
"C-EEU-ROU","other_plastics",2075,3.45
"C-EEU-ROU","other_plastics",2080,3.45
"C-EEU-ROU","other_plastics",2085,3.45
"C-EEU-ROU","other_plastics",2090,3.45
"C-EEU-ROU","other_plastics",2095,3.45
"C-EEU-ROU","other_plastics",2100,3.45
"C-EEU-ROU","plaster",2020,0.907684029470872
"C-EEU-ROU","plaster",2030,0.885176815467904
"C-EEU-ROU","plaster",2040,0.841361850987335
"C-EEU-ROU","plaster",2050,0.816687669613535
"C-EEU-ROU","plaster",2060,0.794590192956287
"C-EEU-ROU","plaster",2070,0.784393741324948
"C-EEU-ROU","plaster",2080,0.778910404544169
"C-EEU-ROU","plaster",2090,0.772450747271682
"C-EEU-ROU","plaster",2100,0.767100043368631
"C-EEU-ROU","polypropylene",2020,2.85
"C-EEU-ROU","polypropylene",2025,2.85
"C-EEU-ROU","polypropylene",2030,2.85
"C-EEU-ROU","polypropylene",2035,2.85
"C-EEU-ROU","polypropylene",2040,2.85
"C-EEU-ROU","polypropylene",2045,2.85
"C-EEU-ROU","polypropylene",2050,2.85
"C-EEU-ROU","polypropylene",2055,2.85
"C-EEU-ROU","polypropylene",2060,2.85
"C-EEU-ROU","polypropylene",2065,2.85
"C-EEU-ROU","polypropylene",2070,2.85
"C-EEU-ROU","polypropylene",2075,2.85
"C-EEU-ROU","polypropylene",2080,2.85
"C-EEU-ROU","polypropylene",2085,2.85
"C-EEU-ROU","polypropylene",2090,2.85
"C-EEU-ROU","polypropylene",2095,2.85
"C-EEU-ROU","polypropylene",2100,2.85
"C-EEU-ROU","polystyrene",2020,4.19
"C-EEU-ROU","polystyrene",2025,4.19
"C-EEU-ROU","polystyrene",2030,4.19
"C-EEU-ROU","polystyrene",2035,4.19
"C-EEU-ROU","polystyrene",2040,4.19
"C-EEU-ROU","polystyrene",2045,4.19
"C-EEU-ROU","polystyrene",2050,4.19
"C-EEU-ROU","polystyrene",2055,4.19
"C-EEU-ROU","polystyrene",2060,4.19
"C-EEU-ROU","polystyrene",2065,4.19
"C-EEU-ROU","polystyrene",2070,4.19
"C-EEU-ROU","polystyrene",2075,4.19
"C-EEU-ROU","polystyrene",2080,4.19
"C-EEU-ROU","polystyrene",2085,4.19
"C-EEU-ROU","polystyrene",2090,4.19
"C-EEU-ROU","polystyrene",2095,4.19
"C-EEU-ROU","polystyrene",2100,4.19
"C-EEU-ROU","steel",2020,0.880637011769495
"C-EEU-ROU","steel",2030,0.858519884815397
"C-EEU-ROU","steel",2040,0.814925974206866
"C-EEU-ROU","steel",2050,0.790561411586921
"C-EEU-ROU","steel",2060,0.769424212774861
"C-EEU-ROU","steel",2070,0.759651179498065
"C-EEU-ROU","steel",2080,0.754380233819922
"C-EEU-ROU","steel",2090,0.748247745643613
"C-EEU-ROU","steel",2100,0.743160103423421
"C-EEU-ROU","wood",2020,0.131523388973096
"C-EEU-ROU","wood",2030,0.127918747330539
"C-EEU-ROU","wood",2040,0.125486657550788
"C-EEU-ROU","wood",2050,0.118844379619748
"C-EEU-ROU","wood",2060,0.10425698929116
"C-EEU-ROU","wood",2070,0.0970234452844144
"C-EEU-ROU","wood",2080,0.094039006612327
"C-EEU-ROU","wood",2090,0.0899482567735193
"C-EEU-ROU","wood",2100,0.0840177761480068
"C-EEU-SVK","acrylonitrile_butadiene_styrene",2020,4.19
"C-EEU-SVK","acrylonitrile_butadiene_styrene",2025,4.19
"C-EEU-SVK","acrylonitrile_butadiene_styrene",2030,4.19
"C-EEU-SVK","acrylonitrile_butadiene_styrene",2035,4.19
"C-EEU-SVK","acrylonitrile_butadiene_styrene",2040,4.19
"C-EEU-SVK","acrylonitrile_butadiene_styrene",2045,4.19
"C-EEU-SVK","acrylonitrile_butadiene_styrene",2050,4.19
"C-EEU-SVK","acrylonitrile_butadiene_styrene",2055,4.19
"C-EEU-SVK","acrylonitrile_butadiene_styrene",2060,4.19
"C-EEU-SVK","acrylonitrile_butadiene_styrene",2065,4.19
"C-EEU-SVK","acrylonitrile_butadiene_styrene",2070,4.19
"C-EEU-SVK","acrylonitrile_butadiene_styrene",2075,4.19
"C-EEU-SVK","acrylonitrile_butadiene_styrene",2080,4.19
"C-EEU-SVK","acrylonitrile_butadiene_styrene",2085,4.19
"C-EEU-SVK","acrylonitrile_butadiene_styrene",2090,4.19
"C-EEU-SVK","acrylonitrile_butadiene_styrene",2095,4.19
"C-EEU-SVK","acrylonitrile_butadiene_styrene",2100,4.19
"C-EEU-SVK","aluminium",2020,14.5075193220672
"C-EEU-SVK","aluminium",2030,14.2596740244073
"C-EEU-SVK","aluminium",2040,14.1431842283059
"C-EEU-SVK","aluminium",2050,13.7128182589558
"C-EEU-SVK","aluminium",2060,12.2380939921977
"C-EEU-SVK","aluminium",2070,11.626246883642
"C-EEU-SVK","aluminium",2080,11.2203701639442
"C-EEU-SVK","aluminium",2090,10.8206822897633
"C-EEU-SVK","aluminium",2100,10.6050333265886
"C-EEU-SVK","bio-based_polypropylene",2020,1.745
"C-EEU-SVK","bio-based_polypropylene",2025,1.745
"C-EEU-SVK","bio-based_polypropylene",2030,1.745
"C-EEU-SVK","bio-based_polypropylene",2035,1.745
"C-EEU-SVK","bio-based_polypropylene",2040,1.745
"C-EEU-SVK","bio-based_polypropylene",2045,1.745
"C-EEU-SVK","bio-based_polypropylene",2050,1.745
"C-EEU-SVK","bio-based_polypropylene",2055,1.745
"C-EEU-SVK","bio-based_polypropylene",2060,1.745
"C-EEU-SVK","bio-based_polypropylene",2065,1.745
"C-EEU-SVK","bio-based_polypropylene",2070,1.745
"C-EEU-SVK","bio-based_polypropylene",2075,1.745
"C-EEU-SVK","bio-based_polypropylene",2080,1.745
"C-EEU-SVK","bio-based_polypropylene",2085,1.745
"C-EEU-SVK","bio-based_polypropylene",2090,1.745
"C-EEU-SVK","bio-based_polypropylene",2095,1.745
"C-EEU-SVK","bio-based_polypropylene",2100,1.745
"C-EEU-SVK","bio-based_polystyrene",2020,1.745
"C-EEU-SVK","bio-based_polystyrene",2025,1.745
"C-EEU-SVK","bio-based_polystyrene",2030,1.745
"C-EEU-SVK","bio-based_polystyrene",2035,1.745
"C-EEU-SVK","bio-based_polystyrene",2040,1.745
"C-EEU-SVK","bio-based_polystyrene",2045,1.745
"C-EEU-SVK","bio-based_polystyrene",2050,1.745
"C-EEU-SVK","bio-based_polystyrene",2055,1.745
"C-EEU-SVK","bio-based_polystyrene",2060,1.745
"C-EEU-SVK","bio-based_polystyrene",2065,1.745
"C-EEU-SVK","bio-based_polystyrene",2070,1.745
"C-EEU-SVK","bio-based_polystyrene",2075,1.745
"C-EEU-SVK","bio-based_polystyrene",2080,1.745
"C-EEU-SVK","bio-based_polystyrene",2085,1.745
"C-EEU-SVK","bio-based_polystyrene",2090,1.745
"C-EEU-SVK","bio-based_polystyrene",2095,1.745
"C-EEU-SVK","bio-based_polystyrene",2100,1.745
"C-EEU-SVK","brick",2020,0.255354211059323
"C-EEU-SVK","brick",2030,0.253436368881112
"C-EEU-SVK","brick",2040,0.252067883933655
"C-EEU-SVK","brick",2050,0.249216103092977
"C-EEU-SVK","brick",2060,0.242895938067345
"C-EEU-SVK","brick",2070,0.239871420112532
"C-EEU-SVK","brick",2080,0.23864220810427
"C-EEU-SVK","brick",2090,0.236807361914845
"C-EEU-SVK","brick",2100,0.234254489674243
"C-EEU-SVK","concrete",2020,0.825349510201989
"C-EEU-SVK","concrete",2030,0.79802661435771
"C-EEU-SVK","concrete",2040,0.740798042870699
"C-EEU-SVK","concrete",2050,0.710818580398354
"C-EEU-SVK","concrete",2060,0.689925322815031
"C-EEU-SVK","concrete",2070,0.680203461352861
"C-EEU-SVK","concrete",2080,0.67453668911707
"C-EEU-SVK","concrete",2090,0.668619515507331
"C-EEU-SVK","concrete",2100,0.664333779969531
"C-EEU-SVK","copper",2020,5.67166444082771
"C-EEU-SVK","copper",2030,5.47573566435761
"C-EEU-SVK","copper",2040,5.3823136803621
"C-EEU-SVK","copper",2050,5.26754024419668
"C-EEU-SVK","copper",2060,4.75059903307488
"C-EEU-SVK","copper",2070,4.5332657836101
"C-EEU-SVK","copper",2080,4.38949323163255
"C-EEU-SVK","copper",2090,4.22391605761607
"C-EEU-SVK","copper",2100,4.11636329938511
"C-EEU-SVK","glass",2020,1.12804238296091
"C-EEU-SVK","glass",2030,1.0991971437951
"C-EEU-SVK","glass",2040,1.04173136056578
"C-EEU-SVK","glass",2050,1.00997904439863
"C-EEU-SVK","glass",2060,0.982933418822496
"C-EEU-SVK","glass",2070,0.970526350755339
"C-EEU-SVK","glass",2080,0.963779188400643
"C-EEU-SVK","glass",2090,0.955943364650483
"C-EEU-SVK","glass",2100,0.949564751334641
"C-EEU-SVK","mortar",2020,0.219366781733747
"C-EEU-SVK","mortar",2030,0.216356666815275
"C-EEU-SVK","mortar",2040,0.213760047127738
"C-EEU-SVK","mortar",2050,0.210694837059892
"C-EEU-SVK","mortar",2060,0.204638321144783
"C-EEU-SVK","mortar",2070,0.201597547225779
"C-EEU-SVK","mortar",2080,0.200170427421674
"C-EEU-SVK","mortar",2090,0.198248595633224
"C-EEU-SVK","mortar",2100,0.196304553839926
"C-EEU-SVK","other_materials",2020,2.95
"C-EEU-SVK","other_materials",2025,2.95
"C-EEU-SVK","other_materials",2030,2.95
"C-EEU-SVK","other_materials",2035,2.95
"C-EEU-SVK","other_materials",2040,2.95
"C-EEU-SVK","other_materials",2045,2.95
"C-EEU-SVK","other_materials",2050,2.95
"C-EEU-SVK","other_materials",2055,2.95
"C-EEU-SVK","other_materials",2060,2.95
"C-EEU-SVK","other_materials",2065,2.95
"C-EEU-SVK","other_materials",2070,2.95
"C-EEU-SVK","other_materials",2075,2.95
"C-EEU-SVK","other_materials",2080,2.95
"C-EEU-SVK","other_materials",2085,2.95
"C-EEU-SVK","other_materials",2090,2.95
"C-EEU-SVK","other_materials",2095,2.95
"C-EEU-SVK","other_materials",2100,2.95
"C-EEU-SVK","other_plastics",2020,3.45
"C-EEU-SVK","other_plastics",2025,3.45
"C-EEU-SVK","other_plastics",2030,3.45
"C-EEU-SVK","other_plastics",2035,3.45
"C-EEU-SVK","other_plastics",2040,3.45
"C-EEU-SVK","other_plastics",2045,3.45
"C-EEU-SVK","other_plastics",2050,3.45
"C-EEU-SVK","other_plastics",2055,3.45
"C-EEU-SVK","other_plastics",2060,3.45
"C-EEU-SVK","other_plastics",2065,3.45
"C-EEU-SVK","other_plastics",2070,3.45
"C-EEU-SVK","other_plastics",2075,3.45
"C-EEU-SVK","other_plastics",2080,3.45
"C-EEU-SVK","other_plastics",2085,3.45
"C-EEU-SVK","other_plastics",2090,3.45
"C-EEU-SVK","other_plastics",2095,3.45
"C-EEU-SVK","other_plastics",2100,3.45
"C-EEU-SVK","plaster",2020,0.907684029470872
"C-EEU-SVK","plaster",2030,0.885176815467904
"C-EEU-SVK","plaster",2040,0.841361850987335
"C-EEU-SVK","plaster",2050,0.816687669613535
"C-EEU-SVK","plaster",2060,0.794590192956287
"C-EEU-SVK","plaster",2070,0.784393741324948
"C-EEU-SVK","plaster",2080,0.778910404544169
"C-EEU-SVK","plaster",2090,0.772450747271682
"C-EEU-SVK","plaster",2100,0.767100043368631
"C-EEU-SVK","polypropylene",2020,2.85
"C-EEU-SVK","polypropylene",2025,2.85
"C-EEU-SVK","polypropylene",2030,2.85
"C-EEU-SVK","polypropylene",2035,2.85
"C-EEU-SVK","polypropylene",2040,2.85
"C-EEU-SVK","polypropylene",2045,2.85
"C-EEU-SVK","polypropylene",2050,2.85
"C-EEU-SVK","polypropylene",2055,2.85
"C-EEU-SVK","polypropylene",2060,2.85
"C-EEU-SVK","polypropylene",2065,2.85
"C-EEU-SVK","polypropylene",2070,2.85
"C-EEU-SVK","polypropylene",2075,2.85
"C-EEU-SVK","polypropylene",2080,2.85
"C-EEU-SVK","polypropylene",2085,2.85
"C-EEU-SVK","polypropylene",2090,2.85
"C-EEU-SVK","polypropylene",2095,2.85
"C-EEU-SVK","polypropylene",2100,2.85
"C-EEU-SVK","polystyrene",2020,4.19
"C-EEU-SVK","polystyrene",2025,4.19
"C-EEU-SVK","polystyrene",2030,4.19
"C-EEU-SVK","polystyrene",2035,4.19
"C-EEU-SVK","polystyrene",2040,4.19
"C-EEU-SVK","polystyrene",2045,4.19
"C-EEU-SVK","polystyrene",2050,4.19
"C-EEU-SVK","polystyrene",2055,4.19
"C-EEU-SVK","polystyrene",2060,4.19
"C-EEU-SVK","polystyrene",2065,4.19
"C-EEU-SVK","polystyrene",2070,4.19
"C-EEU-SVK","polystyrene",2075,4.19
"C-EEU-SVK","polystyrene",2080,4.19
"C-EEU-SVK","polystyrene",2085,4.19
"C-EEU-SVK","polystyrene",2090,4.19
"C-EEU-SVK","polystyrene",2095,4.19
"C-EEU-SVK","polystyrene",2100,4.19
"C-EEU-SVK","steel",2020,0.880637011769495
"C-EEU-SVK","steel",2030,0.858519884815397
"C-EEU-SVK","steel",2040,0.814925974206866
"C-EEU-SVK","steel",2050,0.790561411586921
"C-EEU-SVK","steel",2060,0.769424212774861
"C-EEU-SVK","steel",2070,0.759651179498065
"C-EEU-SVK","steel",2080,0.754380233819922
"C-EEU-SVK","steel",2090,0.748247745643613
"C-EEU-SVK","steel",2100,0.743160103423421
"C-EEU-SVK","wood",2020,0.131523388973096
"C-EEU-SVK","wood",2030,0.127918747330539
"C-EEU-SVK","wood",2040,0.125486657550788
"C-EEU-SVK","wood",2050,0.118844379619748
"C-EEU-SVK","wood",2060,0.10425698929116
"C-EEU-SVK","wood",2070,0.0970234452844144
"C-EEU-SVK","wood",2080,0.094039006612327
"C-EEU-SVK","wood",2090,0.0899482567735193
"C-EEU-SVK","wood",2100,0.0840177761480068
"C-EEU-SVN","acrylonitrile_butadiene_styrene",2020,4.19
"C-EEU-SVN","acrylonitrile_butadiene_styrene",2025,4.19
"C-EEU-SVN","acrylonitrile_butadiene_styrene",2030,4.19
"C-EEU-SVN","acrylonitrile_butadiene_styrene",2035,4.19
"C-EEU-SVN","acrylonitrile_butadiene_styrene",2040,4.19
"C-EEU-SVN","acrylonitrile_butadiene_styrene",2045,4.19
"C-EEU-SVN","acrylonitrile_butadiene_styrene",2050,4.19
"C-EEU-SVN","acrylonitrile_butadiene_styrene",2055,4.19
"C-EEU-SVN","acrylonitrile_butadiene_styrene",2060,4.19
"C-EEU-SVN","acrylonitrile_butadiene_styrene",2065,4.19
"C-EEU-SVN","acrylonitrile_butadiene_styrene",2070,4.19
"C-EEU-SVN","acrylonitrile_butadiene_styrene",2075,4.19
"C-EEU-SVN","acrylonitrile_butadiene_styrene",2080,4.19
"C-EEU-SVN","acrylonitrile_butadiene_styrene",2085,4.19
"C-EEU-SVN","acrylonitrile_butadiene_styrene",2090,4.19
"C-EEU-SVN","acrylonitrile_butadiene_styrene",2095,4.19
"C-EEU-SVN","acrylonitrile_butadiene_styrene",2100,4.19
"C-EEU-SVN","aluminium",2020,14.5075193220672
"C-EEU-SVN","aluminium",2030,14.2596740244073
"C-EEU-SVN","aluminium",2040,14.1431842283059
"C-EEU-SVN","aluminium",2050,13.7128182589558
"C-EEU-SVN","aluminium",2060,12.2380939921977
"C-EEU-SVN","aluminium",2070,11.626246883642
"C-EEU-SVN","aluminium",2080,11.2203701639442
"C-EEU-SVN","aluminium",2090,10.8206822897633
"C-EEU-SVN","aluminium",2100,10.6050333265886
"C-EEU-SVN","bio-based_polypropylene",2020,1.745
"C-EEU-SVN","bio-based_polypropylene",2025,1.745
"C-EEU-SVN","bio-based_polypropylene",2030,1.745
"C-EEU-SVN","bio-based_polypropylene",2035,1.745
"C-EEU-SVN","bio-based_polypropylene",2040,1.745
"C-EEU-SVN","bio-based_polypropylene",2045,1.745
"C-EEU-SVN","bio-based_polypropylene",2050,1.745
"C-EEU-SVN","bio-based_polypropylene",2055,1.745
"C-EEU-SVN","bio-based_polypropylene",2060,1.745
"C-EEU-SVN","bio-based_polypropylene",2065,1.745
"C-EEU-SVN","bio-based_polypropylene",2070,1.745
"C-EEU-SVN","bio-based_polypropylene",2075,1.745
"C-EEU-SVN","bio-based_polypropylene",2080,1.745
"C-EEU-SVN","bio-based_polypropylene",2085,1.745
"C-EEU-SVN","bio-based_polypropylene",2090,1.745
"C-EEU-SVN","bio-based_polypropylene",2095,1.745
"C-EEU-SVN","bio-based_polypropylene",2100,1.745
"C-EEU-SVN","bio-based_polystyrene",2020,1.745
"C-EEU-SVN","bio-based_polystyrene",2025,1.745
"C-EEU-SVN","bio-based_polystyrene",2030,1.745
"C-EEU-SVN","bio-based_polystyrene",2035,1.745
"C-EEU-SVN","bio-based_polystyrene",2040,1.745
"C-EEU-SVN","bio-based_polystyrene",2045,1.745
"C-EEU-SVN","bio-based_polystyrene",2050,1.745
"C-EEU-SVN","bio-based_polystyrene",2055,1.745
"C-EEU-SVN","bio-based_polystyrene",2060,1.745
"C-EEU-SVN","bio-based_polystyrene",2065,1.745
"C-EEU-SVN","bio-based_polystyrene",2070,1.745
"C-EEU-SVN","bio-based_polystyrene",2075,1.745
"C-EEU-SVN","bio-based_polystyrene",2080,1.745
"C-EEU-SVN","bio-based_polystyrene",2085,1.745
"C-EEU-SVN","bio-based_polystyrene",2090,1.745
"C-EEU-SVN","bio-based_polystyrene",2095,1.745
"C-EEU-SVN","bio-based_polystyrene",2100,1.745
"C-EEU-SVN","brick",2020,0.255354211059323
"C-EEU-SVN","brick",2030,0.253436368881112
"C-EEU-SVN","brick",2040,0.252067883933655
"C-EEU-SVN","brick",2050,0.249216103092977
"C-EEU-SVN","brick",2060,0.242895938067345
"C-EEU-SVN","brick",2070,0.239871420112532
"C-EEU-SVN","brick",2080,0.23864220810427
"C-EEU-SVN","brick",2090,0.236807361914845
"C-EEU-SVN","brick",2100,0.234254489674243
"C-EEU-SVN","concrete",2020,0.825349510201989
"C-EEU-SVN","concrete",2030,0.79802661435771
"C-EEU-SVN","concrete",2040,0.740798042870699
"C-EEU-SVN","concrete",2050,0.710818580398354
"C-EEU-SVN","concrete",2060,0.689925322815031
"C-EEU-SVN","concrete",2070,0.680203461352861
"C-EEU-SVN","concrete",2080,0.67453668911707
"C-EEU-SVN","concrete",2090,0.668619515507331
"C-EEU-SVN","concrete",2100,0.664333779969531
"C-EEU-SVN","copper",2020,5.67166444082771
"C-EEU-SVN","copper",2030,5.47573566435761
"C-EEU-SVN","copper",2040,5.3823136803621
"C-EEU-SVN","copper",2050,5.26754024419668
"C-EEU-SVN","copper",2060,4.75059903307488
"C-EEU-SVN","copper",2070,4.5332657836101
"C-EEU-SVN","copper",2080,4.38949323163255
"C-EEU-SVN","copper",2090,4.22391605761607
"C-EEU-SVN","copper",2100,4.11636329938511
"C-EEU-SVN","glass",2020,1.12804238296091
"C-EEU-SVN","glass",2030,1.0991971437951
"C-EEU-SVN","glass",2040,1.04173136056578
"C-EEU-SVN","glass",2050,1.00997904439863
"C-EEU-SVN","glass",2060,0.982933418822496
"C-EEU-SVN","glass",2070,0.970526350755339
"C-EEU-SVN","glass",2080,0.963779188400643
"C-EEU-SVN","glass",2090,0.955943364650483
"C-EEU-SVN","glass",2100,0.949564751334641
"C-EEU-SVN","mortar",2020,0.219366781733747
"C-EEU-SVN","mortar",2030,0.216356666815275
"C-EEU-SVN","mortar",2040,0.213760047127738
"C-EEU-SVN","mortar",2050,0.210694837059892
"C-EEU-SVN","mortar",2060,0.204638321144783
"C-EEU-SVN","mortar",2070,0.201597547225779
"C-EEU-SVN","mortar",2080,0.200170427421674
"C-EEU-SVN","mortar",2090,0.198248595633224
"C-EEU-SVN","mortar",2100,0.196304553839926
"C-EEU-SVN","other_materials",2020,2.95
"C-EEU-SVN","other_materials",2025,2.95
"C-EEU-SVN","other_materials",2030,2.95
"C-EEU-SVN","other_materials",2035,2.95
"C-EEU-SVN","other_materials",2040,2.95
"C-EEU-SVN","other_materials",2045,2.95
"C-EEU-SVN","other_materials",2050,2.95
"C-EEU-SVN","other_materials",2055,2.95
"C-EEU-SVN","other_materials",2060,2.95
"C-EEU-SVN","other_materials",2065,2.95
"C-EEU-SVN","other_materials",2070,2.95
"C-EEU-SVN","other_materials",2075,2.95
"C-EEU-SVN","other_materials",2080,2.95
"C-EEU-SVN","other_materials",2085,2.95
"C-EEU-SVN","other_materials",2090,2.95
"C-EEU-SVN","other_materials",2095,2.95
"C-EEU-SVN","other_materials",2100,2.95
"C-EEU-SVN","other_plastics",2020,3.45
"C-EEU-SVN","other_plastics",2025,3.45
"C-EEU-SVN","other_plastics",2030,3.45
"C-EEU-SVN","other_plastics",2035,3.45
"C-EEU-SVN","other_plastics",2040,3.45
"C-EEU-SVN","other_plastics",2045,3.45
"C-EEU-SVN","other_plastics",2050,3.45
"C-EEU-SVN","other_plastics",2055,3.45
"C-EEU-SVN","other_plastics",2060,3.45
"C-EEU-SVN","other_plastics",2065,3.45
"C-EEU-SVN","other_plastics",2070,3.45
"C-EEU-SVN","other_plastics",2075,3.45
"C-EEU-SVN","other_plastics",2080,3.45
"C-EEU-SVN","other_plastics",2085,3.45
"C-EEU-SVN","other_plastics",2090,3.45
"C-EEU-SVN","other_plastics",2095,3.45
"C-EEU-SVN","other_plastics",2100,3.45
"C-EEU-SVN","plaster",2020,0.907684029470872
"C-EEU-SVN","plaster",2030,0.885176815467904
"C-EEU-SVN","plaster",2040,0.841361850987335
"C-EEU-SVN","plaster",2050,0.816687669613535
"C-EEU-SVN","plaster",2060,0.794590192956287
"C-EEU-SVN","plaster",2070,0.784393741324948
"C-EEU-SVN","plaster",2080,0.778910404544169
"C-EEU-SVN","plaster",2090,0.772450747271682
"C-EEU-SVN","plaster",2100,0.767100043368631
"C-EEU-SVN","polypropylene",2020,2.85
"C-EEU-SVN","polypropylene",2025,2.85
"C-EEU-SVN","polypropylene",2030,2.85
"C-EEU-SVN","polypropylene",2035,2.85
"C-EEU-SVN","polypropylene",2040,2.85
"C-EEU-SVN","polypropylene",2045,2.85
"C-EEU-SVN","polypropylene",2050,2.85
"C-EEU-SVN","polypropylene",2055,2.85
"C-EEU-SVN","polypropylene",2060,2.85
"C-EEU-SVN","polypropylene",2065,2.85
"C-EEU-SVN","polypropylene",2070,2.85
"C-EEU-SVN","polypropylene",2075,2.85
"C-EEU-SVN","polypropylene",2080,2.85
"C-EEU-SVN","polypropylene",2085,2.85
"C-EEU-SVN","polypropylene",2090,2.85
"C-EEU-SVN","polypropylene",2095,2.85
"C-EEU-SVN","polypropylene",2100,2.85
"C-EEU-SVN","polystyrene",2020,4.19
"C-EEU-SVN","polystyrene",2025,4.19
"C-EEU-SVN","polystyrene",2030,4.19
"C-EEU-SVN","polystyrene",2035,4.19
"C-EEU-SVN","polystyrene",2040,4.19
"C-EEU-SVN","polystyrene",2045,4.19
"C-EEU-SVN","polystyrene",2050,4.19
"C-EEU-SVN","polystyrene",2055,4.19
"C-EEU-SVN","polystyrene",2060,4.19
"C-EEU-SVN","polystyrene",2065,4.19
"C-EEU-SVN","polystyrene",2070,4.19
"C-EEU-SVN","polystyrene",2075,4.19
"C-EEU-SVN","polystyrene",2080,4.19
"C-EEU-SVN","polystyrene",2085,4.19
"C-EEU-SVN","polystyrene",2090,4.19
"C-EEU-SVN","polystyrene",2095,4.19
"C-EEU-SVN","polystyrene",2100,4.19
"C-EEU-SVN","steel",2020,0.880637011769495
"C-EEU-SVN","steel",2030,0.858519884815397
"C-EEU-SVN","steel",2040,0.814925974206866
"C-EEU-SVN","steel",2050,0.790561411586921
"C-EEU-SVN","steel",2060,0.769424212774861
"C-EEU-SVN","steel",2070,0.759651179498065
"C-EEU-SVN","steel",2080,0.754380233819922
"C-EEU-SVN","steel",2090,0.748247745643613
"C-EEU-SVN","steel",2100,0.743160103423421
"C-EEU-SVN","wood",2020,0.131523388973096
"C-EEU-SVN","wood",2030,0.127918747330539
"C-EEU-SVN","wood",2040,0.125486657550788
"C-EEU-SVN","wood",2050,0.118844379619748
"C-EEU-SVN","wood",2060,0.10425698929116
"C-EEU-SVN","wood",2070,0.0970234452844144
"C-EEU-SVN","wood",2080,0.094039006612327
"C-EEU-SVN","wood",2090,0.0899482567735193
"C-EEU-SVN","wood",2100,0.0840177761480068
"C-WEU-AUT","acrylonitrile_butadiene_styrene",2020,4.19
"C-WEU-AUT","acrylonitrile_butadiene_styrene",2025,4.19
"C-WEU-AUT","acrylonitrile_butadiene_styrene",2030,4.19
"C-WEU-AUT","acrylonitrile_butadiene_styrene",2035,4.19
"C-WEU-AUT","acrylonitrile_butadiene_styrene",2040,4.19
"C-WEU-AUT","acrylonitrile_butadiene_styrene",2045,4.19
"C-WEU-AUT","acrylonitrile_butadiene_styrene",2050,4.19
"C-WEU-AUT","acrylonitrile_butadiene_styrene",2055,4.19
"C-WEU-AUT","acrylonitrile_butadiene_styrene",2060,4.19
"C-WEU-AUT","acrylonitrile_butadiene_styrene",2065,4.19
"C-WEU-AUT","acrylonitrile_butadiene_styrene",2070,4.19
"C-WEU-AUT","acrylonitrile_butadiene_styrene",2075,4.19
"C-WEU-AUT","acrylonitrile_butadiene_styrene",2080,4.19
"C-WEU-AUT","acrylonitrile_butadiene_styrene",2085,4.19
"C-WEU-AUT","acrylonitrile_butadiene_styrene",2090,4.19
"C-WEU-AUT","acrylonitrile_butadiene_styrene",2095,4.19
"C-WEU-AUT","acrylonitrile_butadiene_styrene",2100,4.19
"C-WEU-AUT","aluminium",2020,14.5075193220672
"C-WEU-AUT","aluminium",2030,14.2596740244073
"C-WEU-AUT","aluminium",2040,14.1431842283059
"C-WEU-AUT","aluminium",2050,13.7128182589558
"C-WEU-AUT","aluminium",2060,12.2380939921977
"C-WEU-AUT","aluminium",2070,11.626246883642
"C-WEU-AUT","aluminium",2080,11.2203701639442
"C-WEU-AUT","aluminium",2090,10.8206822897633
"C-WEU-AUT","aluminium",2100,10.6050333265886
"C-WEU-AUT","bio-based_polypropylene",2020,1.745
"C-WEU-AUT","bio-based_polypropylene",2025,1.745
"C-WEU-AUT","bio-based_polypropylene",2030,1.745
"C-WEU-AUT","bio-based_polypropylene",2035,1.745
"C-WEU-AUT","bio-based_polypropylene",2040,1.745
"C-WEU-AUT","bio-based_polypropylene",2045,1.745
"C-WEU-AUT","bio-based_polypropylene",2050,1.745
"C-WEU-AUT","bio-based_polypropylene",2055,1.745
"C-WEU-AUT","bio-based_polypropylene",2060,1.745
"C-WEU-AUT","bio-based_polypropylene",2065,1.745
"C-WEU-AUT","bio-based_polypropylene",2070,1.745
"C-WEU-AUT","bio-based_polypropylene",2075,1.745
"C-WEU-AUT","bio-based_polypropylene",2080,1.745
"C-WEU-AUT","bio-based_polypropylene",2085,1.745
"C-WEU-AUT","bio-based_polypropylene",2090,1.745
"C-WEU-AUT","bio-based_polypropylene",2095,1.745
"C-WEU-AUT","bio-based_polypropylene",2100,1.745
"C-WEU-AUT","bio-based_polystyrene",2020,1.745
"C-WEU-AUT","bio-based_polystyrene",2025,1.745
"C-WEU-AUT","bio-based_polystyrene",2030,1.745
"C-WEU-AUT","bio-based_polystyrene",2035,1.745
"C-WEU-AUT","bio-based_polystyrene",2040,1.745
"C-WEU-AUT","bio-based_polystyrene",2045,1.745
"C-WEU-AUT","bio-based_polystyrene",2050,1.745
"C-WEU-AUT","bio-based_polystyrene",2055,1.745
"C-WEU-AUT","bio-based_polystyrene",2060,1.745
"C-WEU-AUT","bio-based_polystyrene",2065,1.745
"C-WEU-AUT","bio-based_polystyrene",2070,1.745
"C-WEU-AUT","bio-based_polystyrene",2075,1.745
"C-WEU-AUT","bio-based_polystyrene",2080,1.745
"C-WEU-AUT","bio-based_polystyrene",2085,1.745
"C-WEU-AUT","bio-based_polystyrene",2090,1.745
"C-WEU-AUT","bio-based_polystyrene",2095,1.745
"C-WEU-AUT","bio-based_polystyrene",2100,1.745
"C-WEU-AUT","brick",2020,0.255354211059323
"C-WEU-AUT","brick",2030,0.253436368881112
"C-WEU-AUT","brick",2040,0.252067883933655
"C-WEU-AUT","brick",2050,0.249216103092977
"C-WEU-AUT","brick",2060,0.242895938067345
"C-WEU-AUT","brick",2070,0.239871420112532
"C-WEU-AUT","brick",2080,0.23864220810427
"C-WEU-AUT","brick",2090,0.236807361914845
"C-WEU-AUT","brick",2100,0.234254489674243
"C-WEU-AUT","concrete",2020,0.825349510201989
"C-WEU-AUT","concrete",2030,0.79802661435771
"C-WEU-AUT","concrete",2040,0.740798042870699
"C-WEU-AUT","concrete",2050,0.710818580398354
"C-WEU-AUT","concrete",2060,0.689925322815031
"C-WEU-AUT","concrete",2070,0.680203461352861
"C-WEU-AUT","concrete",2080,0.67453668911707
"C-WEU-AUT","concrete",2090,0.668619515507331
"C-WEU-AUT","concrete",2100,0.664333779969531
"C-WEU-AUT","copper",2020,5.67166444082771
"C-WEU-AUT","copper",2030,5.47573566435761
"C-WEU-AUT","copper",2040,5.3823136803621
"C-WEU-AUT","copper",2050,5.26754024419668
"C-WEU-AUT","copper",2060,4.75059903307488
"C-WEU-AUT","copper",2070,4.5332657836101
"C-WEU-AUT","copper",2080,4.38949323163255
"C-WEU-AUT","copper",2090,4.22391605761607
"C-WEU-AUT","copper",2100,4.11636329938511
"C-WEU-AUT","glass",2020,1.12804238296091
"C-WEU-AUT","glass",2030,1.0991971437951
"C-WEU-AUT","glass",2040,1.04173136056578
"C-WEU-AUT","glass",2050,1.00997904439863
"C-WEU-AUT","glass",2060,0.982933418822496
"C-WEU-AUT","glass",2070,0.970526350755339
"C-WEU-AUT","glass",2080,0.963779188400643
"C-WEU-AUT","glass",2090,0.955943364650483
"C-WEU-AUT","glass",2100,0.949564751334641
"C-WEU-AUT","mortar",2020,0.219366781733747
"C-WEU-AUT","mortar",2030,0.216356666815275
"C-WEU-AUT","mortar",2040,0.213760047127738
"C-WEU-AUT","mortar",2050,0.210694837059892
"C-WEU-AUT","mortar",2060,0.204638321144783
"C-WEU-AUT","mortar",2070,0.201597547225779
"C-WEU-AUT","mortar",2080,0.200170427421674
"C-WEU-AUT","mortar",2090,0.198248595633224
"C-WEU-AUT","mortar",2100,0.196304553839926
"C-WEU-AUT","other_materials",2020,2.95
"C-WEU-AUT","other_materials",2025,2.95
"C-WEU-AUT","other_materials",2030,2.95
"C-WEU-AUT","other_materials",2035,2.95
"C-WEU-AUT","other_materials",2040,2.95
"C-WEU-AUT","other_materials",2045,2.95
"C-WEU-AUT","other_materials",2050,2.95
"C-WEU-AUT","other_materials",2055,2.95
"C-WEU-AUT","other_materials",2060,2.95
"C-WEU-AUT","other_materials",2065,2.95
"C-WEU-AUT","other_materials",2070,2.95
"C-WEU-AUT","other_materials",2075,2.95
"C-WEU-AUT","other_materials",2080,2.95
"C-WEU-AUT","other_materials",2085,2.95
"C-WEU-AUT","other_materials",2090,2.95
"C-WEU-AUT","other_materials",2095,2.95
"C-WEU-AUT","other_materials",2100,2.95
"C-WEU-AUT","other_plastics",2020,3.45
"C-WEU-AUT","other_plastics",2025,3.45
"C-WEU-AUT","other_plastics",2030,3.45
"C-WEU-AUT","other_plastics",2035,3.45
"C-WEU-AUT","other_plastics",2040,3.45
"C-WEU-AUT","other_plastics",2045,3.45
"C-WEU-AUT","other_plastics",2050,3.45
"C-WEU-AUT","other_plastics",2055,3.45
"C-WEU-AUT","other_plastics",2060,3.45
"C-WEU-AUT","other_plastics",2065,3.45
"C-WEU-AUT","other_plastics",2070,3.45
"C-WEU-AUT","other_plastics",2075,3.45
"C-WEU-AUT","other_plastics",2080,3.45
"C-WEU-AUT","other_plastics",2085,3.45
"C-WEU-AUT","other_plastics",2090,3.45
"C-WEU-AUT","other_plastics",2095,3.45
"C-WEU-AUT","other_plastics",2100,3.45
"C-WEU-AUT","plaster",2020,0.907684029470872
"C-WEU-AUT","plaster",2030,0.885176815467904
"C-WEU-AUT","plaster",2040,0.841361850987335
"C-WEU-AUT","plaster",2050,0.816687669613535
"C-WEU-AUT","plaster",2060,0.794590192956287
"C-WEU-AUT","plaster",2070,0.784393741324948
"C-WEU-AUT","plaster",2080,0.778910404544169
"C-WEU-AUT","plaster",2090,0.772450747271682
"C-WEU-AUT","plaster",2100,0.767100043368631
"C-WEU-AUT","polypropylene",2020,2.85
"C-WEU-AUT","polypropylene",2025,2.85
"C-WEU-AUT","polypropylene",2030,2.85
"C-WEU-AUT","polypropylene",2035,2.85
"C-WEU-AUT","polypropylene",2040,2.85
"C-WEU-AUT","polypropylene",2045,2.85
"C-WEU-AUT","polypropylene",2050,2.85
"C-WEU-AUT","polypropylene",2055,2.85
"C-WEU-AUT","polypropylene",2060,2.85
"C-WEU-AUT","polypropylene",2065,2.85
"C-WEU-AUT","polypropylene",2070,2.85
"C-WEU-AUT","polypropylene",2075,2.85
"C-WEU-AUT","polypropylene",2080,2.85
"C-WEU-AUT","polypropylene",2085,2.85
"C-WEU-AUT","polypropylene",2090,2.85
"C-WEU-AUT","polypropylene",2095,2.85
"C-WEU-AUT","polypropylene",2100,2.85
"C-WEU-AUT","polystyrene",2020,4.19
"C-WEU-AUT","polystyrene",2025,4.19
"C-WEU-AUT","polystyrene",2030,4.19
"C-WEU-AUT","polystyrene",2035,4.19
"C-WEU-AUT","polystyrene",2040,4.19
"C-WEU-AUT","polystyrene",2045,4.19
"C-WEU-AUT","polystyrene",2050,4.19
"C-WEU-AUT","polystyrene",2055,4.19
"C-WEU-AUT","polystyrene",2060,4.19
"C-WEU-AUT","polystyrene",2065,4.19
"C-WEU-AUT","polystyrene",2070,4.19
"C-WEU-AUT","polystyrene",2075,4.19
"C-WEU-AUT","polystyrene",2080,4.19
"C-WEU-AUT","polystyrene",2085,4.19
"C-WEU-AUT","polystyrene",2090,4.19
"C-WEU-AUT","polystyrene",2095,4.19
"C-WEU-AUT","polystyrene",2100,4.19
"C-WEU-AUT","steel",2020,0.880637011769495
"C-WEU-AUT","steel",2030,0.858519884815397
"C-WEU-AUT","steel",2040,0.814925974206866
"C-WEU-AUT","steel",2050,0.790561411586921
"C-WEU-AUT","steel",2060,0.769424212774861
"C-WEU-AUT","steel",2070,0.759651179498065
"C-WEU-AUT","steel",2080,0.754380233819922
"C-WEU-AUT","steel",2090,0.748247745643613
"C-WEU-AUT","steel",2100,0.743160103423421
"C-WEU-AUT","wood",2020,0.131523388973096
"C-WEU-AUT","wood",2030,0.127918747330539
"C-WEU-AUT","wood",2040,0.125486657550788
"C-WEU-AUT","wood",2050,0.118844379619748
"C-WEU-AUT","wood",2060,0.10425698929116
"C-WEU-AUT","wood",2070,0.0970234452844144
"C-WEU-AUT","wood",2080,0.094039006612327
"C-WEU-AUT","wood",2090,0.0899482567735193
"C-WEU-AUT","wood",2100,0.0840177761480068
"C-WEU-BEL","acrylonitrile_butadiene_styrene",2020,4.19
"C-WEU-BEL","acrylonitrile_butadiene_styrene",2025,4.19
"C-WEU-BEL","acrylonitrile_butadiene_styrene",2030,4.19
"C-WEU-BEL","acrylonitrile_butadiene_styrene",2035,4.19
"C-WEU-BEL","acrylonitrile_butadiene_styrene",2040,4.19
"C-WEU-BEL","acrylonitrile_butadiene_styrene",2045,4.19
"C-WEU-BEL","acrylonitrile_butadiene_styrene",2050,4.19
"C-WEU-BEL","acrylonitrile_butadiene_styrene",2055,4.19
"C-WEU-BEL","acrylonitrile_butadiene_styrene",2060,4.19
"C-WEU-BEL","acrylonitrile_butadiene_styrene",2065,4.19
"C-WEU-BEL","acrylonitrile_butadiene_styrene",2070,4.19
"C-WEU-BEL","acrylonitrile_butadiene_styrene",2075,4.19
"C-WEU-BEL","acrylonitrile_butadiene_styrene",2080,4.19
"C-WEU-BEL","acrylonitrile_butadiene_styrene",2085,4.19
"C-WEU-BEL","acrylonitrile_butadiene_styrene",2090,4.19
"C-WEU-BEL","acrylonitrile_butadiene_styrene",2095,4.19
"C-WEU-BEL","acrylonitrile_butadiene_styrene",2100,4.19
"C-WEU-BEL","aluminium",2020,14.5075193220672
"C-WEU-BEL","aluminium",2030,14.2596740244073
"C-WEU-BEL","aluminium",2040,14.1431842283059
"C-WEU-BEL","aluminium",2050,13.7128182589558
"C-WEU-BEL","aluminium",2060,12.2380939921977
"C-WEU-BEL","aluminium",2070,11.626246883642
"C-WEU-BEL","aluminium",2080,11.2203701639442
"C-WEU-BEL","aluminium",2090,10.8206822897633
"C-WEU-BEL","aluminium",2100,10.6050333265886
"C-WEU-BEL","bio-based_polypropylene",2020,1.745
"C-WEU-BEL","bio-based_polypropylene",2025,1.745
"C-WEU-BEL","bio-based_polypropylene",2030,1.745
"C-WEU-BEL","bio-based_polypropylene",2035,1.745
"C-WEU-BEL","bio-based_polypropylene",2040,1.745
"C-WEU-BEL","bio-based_polypropylene",2045,1.745
"C-WEU-BEL","bio-based_polypropylene",2050,1.745
"C-WEU-BEL","bio-based_polypropylene",2055,1.745
"C-WEU-BEL","bio-based_polypropylene",2060,1.745
"C-WEU-BEL","bio-based_polypropylene",2065,1.745
"C-WEU-BEL","bio-based_polypropylene",2070,1.745
"C-WEU-BEL","bio-based_polypropylene",2075,1.745
"C-WEU-BEL","bio-based_polypropylene",2080,1.745
"C-WEU-BEL","bio-based_polypropylene",2085,1.745
"C-WEU-BEL","bio-based_polypropylene",2090,1.745
"C-WEU-BEL","bio-based_polypropylene",2095,1.745
"C-WEU-BEL","bio-based_polypropylene",2100,1.745
"C-WEU-BEL","bio-based_polystyrene",2020,1.745
"C-WEU-BEL","bio-based_polystyrene",2025,1.745
"C-WEU-BEL","bio-based_polystyrene",2030,1.745
"C-WEU-BEL","bio-based_polystyrene",2035,1.745
"C-WEU-BEL","bio-based_polystyrene",2040,1.745
"C-WEU-BEL","bio-based_polystyrene",2045,1.745
"C-WEU-BEL","bio-based_polystyrene",2050,1.745
"C-WEU-BEL","bio-based_polystyrene",2055,1.745
"C-WEU-BEL","bio-based_polystyrene",2060,1.745
"C-WEU-BEL","bio-based_polystyrene",2065,1.745
"C-WEU-BEL","bio-based_polystyrene",2070,1.745
"C-WEU-BEL","bio-based_polystyrene",2075,1.745
"C-WEU-BEL","bio-based_polystyrene",2080,1.745
"C-WEU-BEL","bio-based_polystyrene",2085,1.745
"C-WEU-BEL","bio-based_polystyrene",2090,1.745
"C-WEU-BEL","bio-based_polystyrene",2095,1.745
"C-WEU-BEL","bio-based_polystyrene",2100,1.745
"C-WEU-BEL","brick",2020,0.255354211059323
"C-WEU-BEL","brick",2030,0.253436368881112
"C-WEU-BEL","brick",2040,0.252067883933655
"C-WEU-BEL","brick",2050,0.249216103092977
"C-WEU-BEL","brick",2060,0.242895938067345
"C-WEU-BEL","brick",2070,0.239871420112532
"C-WEU-BEL","brick",2080,0.23864220810427
"C-WEU-BEL","brick",2090,0.236807361914845
"C-WEU-BEL","brick",2100,0.234254489674243
"C-WEU-BEL","concrete",2020,0.825349510201989
"C-WEU-BEL","concrete",2030,0.79802661435771
"C-WEU-BEL","concrete",2040,0.740798042870699
"C-WEU-BEL","concrete",2050,0.710818580398354
"C-WEU-BEL","concrete",2060,0.689925322815031
"C-WEU-BEL","concrete",2070,0.680203461352861
"C-WEU-BEL","concrete",2080,0.67453668911707
"C-WEU-BEL","concrete",2090,0.668619515507331
"C-WEU-BEL","concrete",2100,0.664333779969531
"C-WEU-BEL","copper",2020,5.67166444082771
"C-WEU-BEL","copper",2030,5.47573566435761
"C-WEU-BEL","copper",2040,5.3823136803621
"C-WEU-BEL","copper",2050,5.26754024419668
"C-WEU-BEL","copper",2060,4.75059903307488
"C-WEU-BEL","copper",2070,4.5332657836101
"C-WEU-BEL","copper",2080,4.38949323163255
"C-WEU-BEL","copper",2090,4.22391605761607
"C-WEU-BEL","copper",2100,4.11636329938511
"C-WEU-BEL","glass",2020,1.12804238296091
"C-WEU-BEL","glass",2030,1.0991971437951
"C-WEU-BEL","glass",2040,1.04173136056578
"C-WEU-BEL","glass",2050,1.00997904439863
"C-WEU-BEL","glass",2060,0.982933418822496
"C-WEU-BEL","glass",2070,0.970526350755339
"C-WEU-BEL","glass",2080,0.963779188400643
"C-WEU-BEL","glass",2090,0.955943364650483
"C-WEU-BEL","glass",2100,0.949564751334641
"C-WEU-BEL","mortar",2020,0.219366781733747
"C-WEU-BEL","mortar",2030,0.216356666815275
"C-WEU-BEL","mortar",2040,0.213760047127738
"C-WEU-BEL","mortar",2050,0.210694837059892
"C-WEU-BEL","mortar",2060,0.204638321144783
"C-WEU-BEL","mortar",2070,0.201597547225779
"C-WEU-BEL","mortar",2080,0.200170427421674
"C-WEU-BEL","mortar",2090,0.198248595633224
"C-WEU-BEL","mortar",2100,0.196304553839926
"C-WEU-BEL","other_materials",2020,2.95
"C-WEU-BEL","other_materials",2025,2.95
"C-WEU-BEL","other_materials",2030,2.95
"C-WEU-BEL","other_materials",2035,2.95
"C-WEU-BEL","other_materials",2040,2.95
"C-WEU-BEL","other_materials",2045,2.95
"C-WEU-BEL","other_materials",2050,2.95
"C-WEU-BEL","other_materials",2055,2.95
"C-WEU-BEL","other_materials",2060,2.95
"C-WEU-BEL","other_materials",2065,2.95
"C-WEU-BEL","other_materials",2070,2.95
"C-WEU-BEL","other_materials",2075,2.95
"C-WEU-BEL","other_materials",2080,2.95
"C-WEU-BEL","other_materials",2085,2.95
"C-WEU-BEL","other_materials",2090,2.95
"C-WEU-BEL","other_materials",2095,2.95
"C-WEU-BEL","other_materials",2100,2.95
"C-WEU-BEL","other_plastics",2020,3.45
"C-WEU-BEL","other_plastics",2025,3.45
"C-WEU-BEL","other_plastics",2030,3.45
"C-WEU-BEL","other_plastics",2035,3.45
"C-WEU-BEL","other_plastics",2040,3.45
"C-WEU-BEL","other_plastics",2045,3.45
"C-WEU-BEL","other_plastics",2050,3.45
"C-WEU-BEL","other_plastics",2055,3.45
"C-WEU-BEL","other_plastics",2060,3.45
"C-WEU-BEL","other_plastics",2065,3.45
"C-WEU-BEL","other_plastics",2070,3.45
"C-WEU-BEL","other_plastics",2075,3.45
"C-WEU-BEL","other_plastics",2080,3.45
"C-WEU-BEL","other_plastics",2085,3.45
"C-WEU-BEL","other_plastics",2090,3.45
"C-WEU-BEL","other_plastics",2095,3.45
"C-WEU-BEL","other_plastics",2100,3.45
"C-WEU-BEL","plaster",2020,0.907684029470872
"C-WEU-BEL","plaster",2030,0.885176815467904
"C-WEU-BEL","plaster",2040,0.841361850987335
"C-WEU-BEL","plaster",2050,0.816687669613535
"C-WEU-BEL","plaster",2060,0.794590192956287
"C-WEU-BEL","plaster",2070,0.784393741324948
"C-WEU-BEL","plaster",2080,0.778910404544169
"C-WEU-BEL","plaster",2090,0.772450747271682
"C-WEU-BEL","plaster",2100,0.767100043368631
"C-WEU-BEL","polypropylene",2020,2.85
"C-WEU-BEL","polypropylene",2025,2.85
"C-WEU-BEL","polypropylene",2030,2.85
"C-WEU-BEL","polypropylene",2035,2.85
"C-WEU-BEL","polypropylene",2040,2.85
"C-WEU-BEL","polypropylene",2045,2.85
"C-WEU-BEL","polypropylene",2050,2.85
"C-WEU-BEL","polypropylene",2055,2.85
"C-WEU-BEL","polypropylene",2060,2.85
"C-WEU-BEL","polypropylene",2065,2.85
"C-WEU-BEL","polypropylene",2070,2.85
"C-WEU-BEL","polypropylene",2075,2.85
"C-WEU-BEL","polypropylene",2080,2.85
"C-WEU-BEL","polypropylene",2085,2.85
"C-WEU-BEL","polypropylene",2090,2.85
"C-WEU-BEL","polypropylene",2095,2.85
"C-WEU-BEL","polypropylene",2100,2.85
"C-WEU-BEL","polystyrene",2020,4.19
"C-WEU-BEL","polystyrene",2025,4.19
"C-WEU-BEL","polystyrene",2030,4.19
"C-WEU-BEL","polystyrene",2035,4.19
"C-WEU-BEL","polystyrene",2040,4.19
"C-WEU-BEL","polystyrene",2045,4.19
"C-WEU-BEL","polystyrene",2050,4.19
"C-WEU-BEL","polystyrene",2055,4.19
"C-WEU-BEL","polystyrene",2060,4.19
"C-WEU-BEL","polystyrene",2065,4.19
"C-WEU-BEL","polystyrene",2070,4.19
"C-WEU-BEL","polystyrene",2075,4.19
"C-WEU-BEL","polystyrene",2080,4.19
"C-WEU-BEL","polystyrene",2085,4.19
"C-WEU-BEL","polystyrene",2090,4.19
"C-WEU-BEL","polystyrene",2095,4.19
"C-WEU-BEL","polystyrene",2100,4.19
"C-WEU-BEL","steel",2020,0.880637011769495
"C-WEU-BEL","steel",2030,0.858519884815397
"C-WEU-BEL","steel",2040,0.814925974206866
"C-WEU-BEL","steel",2050,0.790561411586921
"C-WEU-BEL","steel",2060,0.769424212774861
"C-WEU-BEL","steel",2070,0.759651179498065
"C-WEU-BEL","steel",2080,0.754380233819922
"C-WEU-BEL","steel",2090,0.748247745643613
"C-WEU-BEL","steel",2100,0.743160103423421
"C-WEU-BEL","wood",2020,0.131523388973096
"C-WEU-BEL","wood",2030,0.127918747330539
"C-WEU-BEL","wood",2040,0.125486657550788
"C-WEU-BEL","wood",2050,0.118844379619748
"C-WEU-BEL","wood",2060,0.10425698929116
"C-WEU-BEL","wood",2070,0.0970234452844144
"C-WEU-BEL","wood",2080,0.094039006612327
"C-WEU-BEL","wood",2090,0.0899482567735193
"C-WEU-BEL","wood",2100,0.0840177761480068
"C-WEU-CHE","acrylonitrile_butadiene_styrene",2020,4.19
"C-WEU-CHE","acrylonitrile_butadiene_styrene",2025,4.19
"C-WEU-CHE","acrylonitrile_butadiene_styrene",2030,4.19
"C-WEU-CHE","acrylonitrile_butadiene_styrene",2035,4.19
"C-WEU-CHE","acrylonitrile_butadiene_styrene",2040,4.19
"C-WEU-CHE","acrylonitrile_butadiene_styrene",2045,4.19
"C-WEU-CHE","acrylonitrile_butadiene_styrene",2050,4.19
"C-WEU-CHE","acrylonitrile_butadiene_styrene",2055,4.19
"C-WEU-CHE","acrylonitrile_butadiene_styrene",2060,4.19
"C-WEU-CHE","acrylonitrile_butadiene_styrene",2065,4.19
"C-WEU-CHE","acrylonitrile_butadiene_styrene",2070,4.19
"C-WEU-CHE","acrylonitrile_butadiene_styrene",2075,4.19
"C-WEU-CHE","acrylonitrile_butadiene_styrene",2080,4.19
"C-WEU-CHE","acrylonitrile_butadiene_styrene",2085,4.19
"C-WEU-CHE","acrylonitrile_butadiene_styrene",2090,4.19
"C-WEU-CHE","acrylonitrile_butadiene_styrene",2095,4.19
"C-WEU-CHE","acrylonitrile_butadiene_styrene",2100,4.19
"C-WEU-CHE","aluminium",2020,14.5075193220672
"C-WEU-CHE","aluminium",2030,14.2596740244073
"C-WEU-CHE","aluminium",2040,14.1431842283059
"C-WEU-CHE","aluminium",2050,13.7128182589558
"C-WEU-CHE","aluminium",2060,12.2380939921977
"C-WEU-CHE","aluminium",2070,11.626246883642
"C-WEU-CHE","aluminium",2080,11.2203701639442
"C-WEU-CHE","aluminium",2090,10.8206822897633
"C-WEU-CHE","aluminium",2100,10.6050333265886
"C-WEU-CHE","bio-based_polypropylene",2020,1.745
"C-WEU-CHE","bio-based_polypropylene",2025,1.745
"C-WEU-CHE","bio-based_polypropylene",2030,1.745
"C-WEU-CHE","bio-based_polypropylene",2035,1.745
"C-WEU-CHE","bio-based_polypropylene",2040,1.745
"C-WEU-CHE","bio-based_polypropylene",2045,1.745
"C-WEU-CHE","bio-based_polypropylene",2050,1.745
"C-WEU-CHE","bio-based_polypropylene",2055,1.745
"C-WEU-CHE","bio-based_polypropylene",2060,1.745
"C-WEU-CHE","bio-based_polypropylene",2065,1.745
"C-WEU-CHE","bio-based_polypropylene",2070,1.745
"C-WEU-CHE","bio-based_polypropylene",2075,1.745
"C-WEU-CHE","bio-based_polypropylene",2080,1.745
"C-WEU-CHE","bio-based_polypropylene",2085,1.745
"C-WEU-CHE","bio-based_polypropylene",2090,1.745
"C-WEU-CHE","bio-based_polypropylene",2095,1.745
"C-WEU-CHE","bio-based_polypropylene",2100,1.745
"C-WEU-CHE","bio-based_polystyrene",2020,1.745
"C-WEU-CHE","bio-based_polystyrene",2025,1.745
"C-WEU-CHE","bio-based_polystyrene",2030,1.745
"C-WEU-CHE","bio-based_polystyrene",2035,1.745
"C-WEU-CHE","bio-based_polystyrene",2040,1.745
"C-WEU-CHE","bio-based_polystyrene",2045,1.745
"C-WEU-CHE","bio-based_polystyrene",2050,1.745
"C-WEU-CHE","bio-based_polystyrene",2055,1.745
"C-WEU-CHE","bio-based_polystyrene",2060,1.745
"C-WEU-CHE","bio-based_polystyrene",2065,1.745
"C-WEU-CHE","bio-based_polystyrene",2070,1.745
"C-WEU-CHE","bio-based_polystyrene",2075,1.745
"C-WEU-CHE","bio-based_polystyrene",2080,1.745
"C-WEU-CHE","bio-based_polystyrene",2085,1.745
"C-WEU-CHE","bio-based_polystyrene",2090,1.745
"C-WEU-CHE","bio-based_polystyrene",2095,1.745
"C-WEU-CHE","bio-based_polystyrene",2100,1.745
"C-WEU-CHE","brick",2020,0.255354211059323
"C-WEU-CHE","brick",2030,0.253436368881112
"C-WEU-CHE","brick",2040,0.252067883933655
"C-WEU-CHE","brick",2050,0.249216103092977
"C-WEU-CHE","brick",2060,0.242895938067345
"C-WEU-CHE","brick",2070,0.239871420112532
"C-WEU-CHE","brick",2080,0.23864220810427
"C-WEU-CHE","brick",2090,0.236807361914845
"C-WEU-CHE","brick",2100,0.234254489674243
"C-WEU-CHE","concrete",2020,0.825349510201989
"C-WEU-CHE","concrete",2030,0.79802661435771
"C-WEU-CHE","concrete",2040,0.740798042870699
"C-WEU-CHE","concrete",2050,0.710818580398354
"C-WEU-CHE","concrete",2060,0.689925322815031
"C-WEU-CHE","concrete",2070,0.680203461352861
"C-WEU-CHE","concrete",2080,0.67453668911707
"C-WEU-CHE","concrete",2090,0.668619515507331
"C-WEU-CHE","concrete",2100,0.664333779969531
"C-WEU-CHE","copper",2020,5.67166444082771
"C-WEU-CHE","copper",2030,5.47573566435761
"C-WEU-CHE","copper",2040,5.3823136803621
"C-WEU-CHE","copper",2050,5.26754024419668
"C-WEU-CHE","copper",2060,4.75059903307488
"C-WEU-CHE","copper",2070,4.5332657836101
"C-WEU-CHE","copper",2080,4.38949323163255
"C-WEU-CHE","copper",2090,4.22391605761607
"C-WEU-CHE","copper",2100,4.11636329938511
"C-WEU-CHE","glass",2020,1.12804238296091
"C-WEU-CHE","glass",2030,1.0991971437951
"C-WEU-CHE","glass",2040,1.04173136056578
"C-WEU-CHE","glass",2050,1.00997904439863
"C-WEU-CHE","glass",2060,0.982933418822496
"C-WEU-CHE","glass",2070,0.970526350755339
"C-WEU-CHE","glass",2080,0.963779188400643
"C-WEU-CHE","glass",2090,0.955943364650483
"C-WEU-CHE","glass",2100,0.949564751334641
"C-WEU-CHE","mortar",2020,0.219366781733747
"C-WEU-CHE","mortar",2030,0.216356666815275
"C-WEU-CHE","mortar",2040,0.213760047127738
"C-WEU-CHE","mortar",2050,0.210694837059892
"C-WEU-CHE","mortar",2060,0.204638321144783
"C-WEU-CHE","mortar",2070,0.201597547225779
"C-WEU-CHE","mortar",2080,0.200170427421674
"C-WEU-CHE","mortar",2090,0.198248595633224
"C-WEU-CHE","mortar",2100,0.196304553839926
"C-WEU-CHE","other_materials",2020,2.95
"C-WEU-CHE","other_materials",2025,2.95
"C-WEU-CHE","other_materials",2030,2.95
"C-WEU-CHE","other_materials",2035,2.95
"C-WEU-CHE","other_materials",2040,2.95
"C-WEU-CHE","other_materials",2045,2.95
"C-WEU-CHE","other_materials",2050,2.95
"C-WEU-CHE","other_materials",2055,2.95
"C-WEU-CHE","other_materials",2060,2.95
"C-WEU-CHE","other_materials",2065,2.95
"C-WEU-CHE","other_materials",2070,2.95
"C-WEU-CHE","other_materials",2075,2.95
"C-WEU-CHE","other_materials",2080,2.95
"C-WEU-CHE","other_materials",2085,2.95
"C-WEU-CHE","other_materials",2090,2.95
"C-WEU-CHE","other_materials",2095,2.95
"C-WEU-CHE","other_materials",2100,2.95
"C-WEU-CHE","other_plastics",2020,3.45
"C-WEU-CHE","other_plastics",2025,3.45
"C-WEU-CHE","other_plastics",2030,3.45
"C-WEU-CHE","other_plastics",2035,3.45
"C-WEU-CHE","other_plastics",2040,3.45
"C-WEU-CHE","other_plastics",2045,3.45
"C-WEU-CHE","other_plastics",2050,3.45
"C-WEU-CHE","other_plastics",2055,3.45
"C-WEU-CHE","other_plastics",2060,3.45
"C-WEU-CHE","other_plastics",2065,3.45
"C-WEU-CHE","other_plastics",2070,3.45
"C-WEU-CHE","other_plastics",2075,3.45
"C-WEU-CHE","other_plastics",2080,3.45
"C-WEU-CHE","other_plastics",2085,3.45
"C-WEU-CHE","other_plastics",2090,3.45
"C-WEU-CHE","other_plastics",2095,3.45
"C-WEU-CHE","other_plastics",2100,3.45
"C-WEU-CHE","plaster",2020,0.907684029470872
"C-WEU-CHE","plaster",2030,0.885176815467904
"C-WEU-CHE","plaster",2040,0.841361850987335
"C-WEU-CHE","plaster",2050,0.816687669613535
"C-WEU-CHE","plaster",2060,0.794590192956287
"C-WEU-CHE","plaster",2070,0.784393741324948
"C-WEU-CHE","plaster",2080,0.778910404544169
"C-WEU-CHE","plaster",2090,0.772450747271682
"C-WEU-CHE","plaster",2100,0.767100043368631
"C-WEU-CHE","polypropylene",2020,2.85
"C-WEU-CHE","polypropylene",2025,2.85
"C-WEU-CHE","polypropylene",2030,2.85
"C-WEU-CHE","polypropylene",2035,2.85
"C-WEU-CHE","polypropylene",2040,2.85
"C-WEU-CHE","polypropylene",2045,2.85
"C-WEU-CHE","polypropylene",2050,2.85
"C-WEU-CHE","polypropylene",2055,2.85
"C-WEU-CHE","polypropylene",2060,2.85
"C-WEU-CHE","polypropylene",2065,2.85
"C-WEU-CHE","polypropylene",2070,2.85
"C-WEU-CHE","polypropylene",2075,2.85
"C-WEU-CHE","polypropylene",2080,2.85
"C-WEU-CHE","polypropylene",2085,2.85
"C-WEU-CHE","polypropylene",2090,2.85
"C-WEU-CHE","polypropylene",2095,2.85
"C-WEU-CHE","polypropylene",2100,2.85
"C-WEU-CHE","polystyrene",2020,4.19
"C-WEU-CHE","polystyrene",2025,4.19
"C-WEU-CHE","polystyrene",2030,4.19
"C-WEU-CHE","polystyrene",2035,4.19
"C-WEU-CHE","polystyrene",2040,4.19
"C-WEU-CHE","polystyrene",2045,4.19
"C-WEU-CHE","polystyrene",2050,4.19
"C-WEU-CHE","polystyrene",2055,4.19
"C-WEU-CHE","polystyrene",2060,4.19
"C-WEU-CHE","polystyrene",2065,4.19
"C-WEU-CHE","polystyrene",2070,4.19
"C-WEU-CHE","polystyrene",2075,4.19
"C-WEU-CHE","polystyrene",2080,4.19
"C-WEU-CHE","polystyrene",2085,4.19
"C-WEU-CHE","polystyrene",2090,4.19
"C-WEU-CHE","polystyrene",2095,4.19
"C-WEU-CHE","polystyrene",2100,4.19
"C-WEU-CHE","steel",2020,0.880637011769495
"C-WEU-CHE","steel",2030,0.858519884815397
"C-WEU-CHE","steel",2040,0.814925974206866
"C-WEU-CHE","steel",2050,0.790561411586921
"C-WEU-CHE","steel",2060,0.769424212774861
"C-WEU-CHE","steel",2070,0.759651179498065
"C-WEU-CHE","steel",2080,0.754380233819922
"C-WEU-CHE","steel",2090,0.748247745643613
"C-WEU-CHE","steel",2100,0.743160103423421
"C-WEU-CHE","wood",2020,0.131523388973096
"C-WEU-CHE","wood",2030,0.127918747330539
"C-WEU-CHE","wood",2040,0.125486657550788
"C-WEU-CHE","wood",2050,0.118844379619748
"C-WEU-CHE","wood",2060,0.10425698929116
"C-WEU-CHE","wood",2070,0.0970234452844144
"C-WEU-CHE","wood",2080,0.094039006612327
"C-WEU-CHE","wood",2090,0.0899482567735193
"C-WEU-CHE","wood",2100,0.0840177761480068
"C-WEU-CYP","acrylonitrile_butadiene_styrene",2020,4.19
"C-WEU-CYP","acrylonitrile_butadiene_styrene",2025,4.19
"C-WEU-CYP","acrylonitrile_butadiene_styrene",2030,4.19
"C-WEU-CYP","acrylonitrile_butadiene_styrene",2035,4.19
"C-WEU-CYP","acrylonitrile_butadiene_styrene",2040,4.19
"C-WEU-CYP","acrylonitrile_butadiene_styrene",2045,4.19
"C-WEU-CYP","acrylonitrile_butadiene_styrene",2050,4.19
"C-WEU-CYP","acrylonitrile_butadiene_styrene",2055,4.19
"C-WEU-CYP","acrylonitrile_butadiene_styrene",2060,4.19
"C-WEU-CYP","acrylonitrile_butadiene_styrene",2065,4.19
"C-WEU-CYP","acrylonitrile_butadiene_styrene",2070,4.19
"C-WEU-CYP","acrylonitrile_butadiene_styrene",2075,4.19
"C-WEU-CYP","acrylonitrile_butadiene_styrene",2080,4.19
"C-WEU-CYP","acrylonitrile_butadiene_styrene",2085,4.19
"C-WEU-CYP","acrylonitrile_butadiene_styrene",2090,4.19
"C-WEU-CYP","acrylonitrile_butadiene_styrene",2095,4.19
"C-WEU-CYP","acrylonitrile_butadiene_styrene",2100,4.19
"C-WEU-CYP","aluminium",2020,14.5075193220672
"C-WEU-CYP","aluminium",2030,14.2596740244073
"C-WEU-CYP","aluminium",2040,14.1431842283059
"C-WEU-CYP","aluminium",2050,13.7128182589558
"C-WEU-CYP","aluminium",2060,12.2380939921977
"C-WEU-CYP","aluminium",2070,11.626246883642
"C-WEU-CYP","aluminium",2080,11.2203701639442
"C-WEU-CYP","aluminium",2090,10.8206822897633
"C-WEU-CYP","aluminium",2100,10.6050333265886
"C-WEU-CYP","bio-based_polypropylene",2020,1.745
"C-WEU-CYP","bio-based_polypropylene",2025,1.745
"C-WEU-CYP","bio-based_polypropylene",2030,1.745
"C-WEU-CYP","bio-based_polypropylene",2035,1.745
"C-WEU-CYP","bio-based_polypropylene",2040,1.745
"C-WEU-CYP","bio-based_polypropylene",2045,1.745
"C-WEU-CYP","bio-based_polypropylene",2050,1.745
"C-WEU-CYP","bio-based_polypropylene",2055,1.745
"C-WEU-CYP","bio-based_polypropylene",2060,1.745
"C-WEU-CYP","bio-based_polypropylene",2065,1.745
"C-WEU-CYP","bio-based_polypropylene",2070,1.745
"C-WEU-CYP","bio-based_polypropylene",2075,1.745
"C-WEU-CYP","bio-based_polypropylene",2080,1.745
"C-WEU-CYP","bio-based_polypropylene",2085,1.745
"C-WEU-CYP","bio-based_polypropylene",2090,1.745
"C-WEU-CYP","bio-based_polypropylene",2095,1.745
"C-WEU-CYP","bio-based_polypropylene",2100,1.745
"C-WEU-CYP","bio-based_polystyrene",2020,1.745
"C-WEU-CYP","bio-based_polystyrene",2025,1.745
"C-WEU-CYP","bio-based_polystyrene",2030,1.745
"C-WEU-CYP","bio-based_polystyrene",2035,1.745
"C-WEU-CYP","bio-based_polystyrene",2040,1.745
"C-WEU-CYP","bio-based_polystyrene",2045,1.745
"C-WEU-CYP","bio-based_polystyrene",2050,1.745
"C-WEU-CYP","bio-based_polystyrene",2055,1.745
"C-WEU-CYP","bio-based_polystyrene",2060,1.745
"C-WEU-CYP","bio-based_polystyrene",2065,1.745
"C-WEU-CYP","bio-based_polystyrene",2070,1.745
"C-WEU-CYP","bio-based_polystyrene",2075,1.745
"C-WEU-CYP","bio-based_polystyrene",2080,1.745
"C-WEU-CYP","bio-based_polystyrene",2085,1.745
"C-WEU-CYP","bio-based_polystyrene",2090,1.745
"C-WEU-CYP","bio-based_polystyrene",2095,1.745
"C-WEU-CYP","bio-based_polystyrene",2100,1.745
"C-WEU-CYP","brick",2020,0.255354211059323
"C-WEU-CYP","brick",2030,0.253436368881112
"C-WEU-CYP","brick",2040,0.252067883933655
"C-WEU-CYP","brick",2050,0.249216103092977
"C-WEU-CYP","brick",2060,0.242895938067345
"C-WEU-CYP","brick",2070,0.239871420112532
"C-WEU-CYP","brick",2080,0.23864220810427
"C-WEU-CYP","brick",2090,0.236807361914845
"C-WEU-CYP","brick",2100,0.234254489674243
"C-WEU-CYP","concrete",2020,0.825349510201989
"C-WEU-CYP","concrete",2030,0.79802661435771
"C-WEU-CYP","concrete",2040,0.740798042870699
"C-WEU-CYP","concrete",2050,0.710818580398354
"C-WEU-CYP","concrete",2060,0.689925322815031
"C-WEU-CYP","concrete",2070,0.680203461352861
"C-WEU-CYP","concrete",2080,0.67453668911707
"C-WEU-CYP","concrete",2090,0.668619515507331
"C-WEU-CYP","concrete",2100,0.664333779969531
"C-WEU-CYP","copper",2020,5.67166444082771
"C-WEU-CYP","copper",2030,5.47573566435761
"C-WEU-CYP","copper",2040,5.3823136803621
"C-WEU-CYP","copper",2050,5.26754024419668
"C-WEU-CYP","copper",2060,4.75059903307488
"C-WEU-CYP","copper",2070,4.5332657836101
"C-WEU-CYP","copper",2080,4.38949323163255
"C-WEU-CYP","copper",2090,4.22391605761607
"C-WEU-CYP","copper",2100,4.11636329938511
"C-WEU-CYP","glass",2020,1.12804238296091
"C-WEU-CYP","glass",2030,1.0991971437951
"C-WEU-CYP","glass",2040,1.04173136056578
"C-WEU-CYP","glass",2050,1.00997904439863
"C-WEU-CYP","glass",2060,0.982933418822496
"C-WEU-CYP","glass",2070,0.970526350755339
"C-WEU-CYP","glass",2080,0.963779188400643
"C-WEU-CYP","glass",2090,0.955943364650483
"C-WEU-CYP","glass",2100,0.949564751334641
"C-WEU-CYP","mortar",2020,0.219366781733747
"C-WEU-CYP","mortar",2030,0.216356666815275
"C-WEU-CYP","mortar",2040,0.213760047127738
"C-WEU-CYP","mortar",2050,0.210694837059892
"C-WEU-CYP","mortar",2060,0.204638321144783
"C-WEU-CYP","mortar",2070,0.201597547225779
"C-WEU-CYP","mortar",2080,0.200170427421674
"C-WEU-CYP","mortar",2090,0.198248595633224
"C-WEU-CYP","mortar",2100,0.196304553839926
"C-WEU-CYP","other_materials",2020,2.95
"C-WEU-CYP","other_materials",2025,2.95
"C-WEU-CYP","other_materials",2030,2.95
"C-WEU-CYP","other_materials",2035,2.95
"C-WEU-CYP","other_materials",2040,2.95
"C-WEU-CYP","other_materials",2045,2.95
"C-WEU-CYP","other_materials",2050,2.95
"C-WEU-CYP","other_materials",2055,2.95
"C-WEU-CYP","other_materials",2060,2.95
"C-WEU-CYP","other_materials",2065,2.95
"C-WEU-CYP","other_materials",2070,2.95
"C-WEU-CYP","other_materials",2075,2.95
"C-WEU-CYP","other_materials",2080,2.95
"C-WEU-CYP","other_materials",2085,2.95
"C-WEU-CYP","other_materials",2090,2.95
"C-WEU-CYP","other_materials",2095,2.95
"C-WEU-CYP","other_materials",2100,2.95
"C-WEU-CYP","other_plastics",2020,3.45
"C-WEU-CYP","other_plastics",2025,3.45
"C-WEU-CYP","other_plastics",2030,3.45
"C-WEU-CYP","other_plastics",2035,3.45
"C-WEU-CYP","other_plastics",2040,3.45
"C-WEU-CYP","other_plastics",2045,3.45
"C-WEU-CYP","other_plastics",2050,3.45
"C-WEU-CYP","other_plastics",2055,3.45
"C-WEU-CYP","other_plastics",2060,3.45
"C-WEU-CYP","other_plastics",2065,3.45
"C-WEU-CYP","other_plastics",2070,3.45
"C-WEU-CYP","other_plastics",2075,3.45
"C-WEU-CYP","other_plastics",2080,3.45
"C-WEU-CYP","other_plastics",2085,3.45
"C-WEU-CYP","other_plastics",2090,3.45
"C-WEU-CYP","other_plastics",2095,3.45
"C-WEU-CYP","other_plastics",2100,3.45
"C-WEU-CYP","plaster",2020,0.907684029470872
"C-WEU-CYP","plaster",2030,0.885176815467904
"C-WEU-CYP","plaster",2040,0.841361850987335
"C-WEU-CYP","plaster",2050,0.816687669613535
"C-WEU-CYP","plaster",2060,0.794590192956287
"C-WEU-CYP","plaster",2070,0.784393741324948
"C-WEU-CYP","plaster",2080,0.778910404544169
"C-WEU-CYP","plaster",2090,0.772450747271682
"C-WEU-CYP","plaster",2100,0.767100043368631
"C-WEU-CYP","polypropylene",2020,2.85
"C-WEU-CYP","polypropylene",2025,2.85
"C-WEU-CYP","polypropylene",2030,2.85
"C-WEU-CYP","polypropylene",2035,2.85
"C-WEU-CYP","polypropylene",2040,2.85
"C-WEU-CYP","polypropylene",2045,2.85
"C-WEU-CYP","polypropylene",2050,2.85
"C-WEU-CYP","polypropylene",2055,2.85
"C-WEU-CYP","polypropylene",2060,2.85
"C-WEU-CYP","polypropylene",2065,2.85
"C-WEU-CYP","polypropylene",2070,2.85
"C-WEU-CYP","polypropylene",2075,2.85
"C-WEU-CYP","polypropylene",2080,2.85
"C-WEU-CYP","polypropylene",2085,2.85
"C-WEU-CYP","polypropylene",2090,2.85
"C-WEU-CYP","polypropylene",2095,2.85
"C-WEU-CYP","polypropylene",2100,2.85
"C-WEU-CYP","polystyrene",2020,4.19
"C-WEU-CYP","polystyrene",2025,4.19
"C-WEU-CYP","polystyrene",2030,4.19
"C-WEU-CYP","polystyrene",2035,4.19
"C-WEU-CYP","polystyrene",2040,4.19
"C-WEU-CYP","polystyrene",2045,4.19
"C-WEU-CYP","polystyrene",2050,4.19
"C-WEU-CYP","polystyrene",2055,4.19
"C-WEU-CYP","polystyrene",2060,4.19
"C-WEU-CYP","polystyrene",2065,4.19
"C-WEU-CYP","polystyrene",2070,4.19
"C-WEU-CYP","polystyrene",2075,4.19
"C-WEU-CYP","polystyrene",2080,4.19
"C-WEU-CYP","polystyrene",2085,4.19
"C-WEU-CYP","polystyrene",2090,4.19
"C-WEU-CYP","polystyrene",2095,4.19
"C-WEU-CYP","polystyrene",2100,4.19
"C-WEU-CYP","steel",2020,0.880637011769495
"C-WEU-CYP","steel",2030,0.858519884815397
"C-WEU-CYP","steel",2040,0.814925974206866
"C-WEU-CYP","steel",2050,0.790561411586921
"C-WEU-CYP","steel",2060,0.769424212774861
"C-WEU-CYP","steel",2070,0.759651179498065
"C-WEU-CYP","steel",2080,0.754380233819922
"C-WEU-CYP","steel",2090,0.748247745643613
"C-WEU-CYP","steel",2100,0.743160103423421
"C-WEU-CYP","wood",2020,0.131523388973096
"C-WEU-CYP","wood",2030,0.127918747330539
"C-WEU-CYP","wood",2040,0.125486657550788
"C-WEU-CYP","wood",2050,0.118844379619748
"C-WEU-CYP","wood",2060,0.10425698929116
"C-WEU-CYP","wood",2070,0.0970234452844144
"C-WEU-CYP","wood",2080,0.094039006612327
"C-WEU-CYP","wood",2090,0.0899482567735193
"C-WEU-CYP","wood",2100,0.0840177761480068
"C-WEU-DEU","acrylonitrile_butadiene_styrene",2020,4.19
"C-WEU-DEU","acrylonitrile_butadiene_styrene",2025,4.19
"C-WEU-DEU","acrylonitrile_butadiene_styrene",2030,4.19
"C-WEU-DEU","acrylonitrile_butadiene_styrene",2035,4.19
"C-WEU-DEU","acrylonitrile_butadiene_styrene",2040,4.19
"C-WEU-DEU","acrylonitrile_butadiene_styrene",2045,4.19
"C-WEU-DEU","acrylonitrile_butadiene_styrene",2050,4.19
"C-WEU-DEU","acrylonitrile_butadiene_styrene",2055,4.19
"C-WEU-DEU","acrylonitrile_butadiene_styrene",2060,4.19
"C-WEU-DEU","acrylonitrile_butadiene_styrene",2065,4.19
"C-WEU-DEU","acrylonitrile_butadiene_styrene",2070,4.19
"C-WEU-DEU","acrylonitrile_butadiene_styrene",2075,4.19
"C-WEU-DEU","acrylonitrile_butadiene_styrene",2080,4.19
"C-WEU-DEU","acrylonitrile_butadiene_styrene",2085,4.19
"C-WEU-DEU","acrylonitrile_butadiene_styrene",2090,4.19
"C-WEU-DEU","acrylonitrile_butadiene_styrene",2095,4.19
"C-WEU-DEU","acrylonitrile_butadiene_styrene",2100,4.19
"C-WEU-DEU","aluminium",2020,14.5075193220672
"C-WEU-DEU","aluminium",2030,14.2596740244073
"C-WEU-DEU","aluminium",2040,14.1431842283059
"C-WEU-DEU","aluminium",2050,13.7128182589558
"C-WEU-DEU","aluminium",2060,12.2380939921977
"C-WEU-DEU","aluminium",2070,11.626246883642
"C-WEU-DEU","aluminium",2080,11.2203701639442
"C-WEU-DEU","aluminium",2090,10.8206822897633
"C-WEU-DEU","aluminium",2100,10.6050333265886
"C-WEU-DEU","bio-based_polypropylene",2020,1.745
"C-WEU-DEU","bio-based_polypropylene",2025,1.745
"C-WEU-DEU","bio-based_polypropylene",2030,1.745
"C-WEU-DEU","bio-based_polypropylene",2035,1.745
"C-WEU-DEU","bio-based_polypropylene",2040,1.745
"C-WEU-DEU","bio-based_polypropylene",2045,1.745
"C-WEU-DEU","bio-based_polypropylene",2050,1.745
"C-WEU-DEU","bio-based_polypropylene",2055,1.745
"C-WEU-DEU","bio-based_polypropylene",2060,1.745
"C-WEU-DEU","bio-based_polypropylene",2065,1.745
"C-WEU-DEU","bio-based_polypropylene",2070,1.745
"C-WEU-DEU","bio-based_polypropylene",2075,1.745
"C-WEU-DEU","bio-based_polypropylene",2080,1.745
"C-WEU-DEU","bio-based_polypropylene",2085,1.745
"C-WEU-DEU","bio-based_polypropylene",2090,1.745
"C-WEU-DEU","bio-based_polypropylene",2095,1.745
"C-WEU-DEU","bio-based_polypropylene",2100,1.745
"C-WEU-DEU","bio-based_polystyrene",2020,1.745
"C-WEU-DEU","bio-based_polystyrene",2025,1.745
"C-WEU-DEU","bio-based_polystyrene",2030,1.745
"C-WEU-DEU","bio-based_polystyrene",2035,1.745
"C-WEU-DEU","bio-based_polystyrene",2040,1.745
"C-WEU-DEU","bio-based_polystyrene",2045,1.745
"C-WEU-DEU","bio-based_polystyrene",2050,1.745
"C-WEU-DEU","bio-based_polystyrene",2055,1.745
"C-WEU-DEU","bio-based_polystyrene",2060,1.745
"C-WEU-DEU","bio-based_polystyrene",2065,1.745
"C-WEU-DEU","bio-based_polystyrene",2070,1.745
"C-WEU-DEU","bio-based_polystyrene",2075,1.745
"C-WEU-DEU","bio-based_polystyrene",2080,1.745
"C-WEU-DEU","bio-based_polystyrene",2085,1.745
"C-WEU-DEU","bio-based_polystyrene",2090,1.745
"C-WEU-DEU","bio-based_polystyrene",2095,1.745
"C-WEU-DEU","bio-based_polystyrene",2100,1.745
"C-WEU-DEU","brick",2020,0.255354211059323
"C-WEU-DEU","brick",2030,0.253436368881112
"C-WEU-DEU","brick",2040,0.252067883933655
"C-WEU-DEU","brick",2050,0.249216103092977
"C-WEU-DEU","brick",2060,0.242895938067345
"C-WEU-DEU","brick",2070,0.239871420112532
"C-WEU-DEU","brick",2080,0.23864220810427
"C-WEU-DEU","brick",2090,0.236807361914845
"C-WEU-DEU","brick",2100,0.234254489674243
"C-WEU-DEU","concrete",2020,0.825349510201989
"C-WEU-DEU","concrete",2030,0.79802661435771
"C-WEU-DEU","concrete",2040,0.740798042870699
"C-WEU-DEU","concrete",2050,0.710818580398354
"C-WEU-DEU","concrete",2060,0.689925322815031
"C-WEU-DEU","concrete",2070,0.680203461352861
"C-WEU-DEU","concrete",2080,0.67453668911707
"C-WEU-DEU","concrete",2090,0.668619515507331
"C-WEU-DEU","concrete",2100,0.664333779969531
"C-WEU-DEU","copper",2020,5.67166444082771
"C-WEU-DEU","copper",2030,5.47573566435761
"C-WEU-DEU","copper",2040,5.3823136803621
"C-WEU-DEU","copper",2050,5.26754024419668
"C-WEU-DEU","copper",2060,4.75059903307488
"C-WEU-DEU","copper",2070,4.5332657836101
"C-WEU-DEU","copper",2080,4.38949323163255
"C-WEU-DEU","copper",2090,4.22391605761607
"C-WEU-DEU","copper",2100,4.11636329938511
"C-WEU-DEU","glass",2020,1.12804238296091
"C-WEU-DEU","glass",2030,1.0991971437951
"C-WEU-DEU","glass",2040,1.04173136056578
"C-WEU-DEU","glass",2050,1.00997904439863
"C-WEU-DEU","glass",2060,0.982933418822496
"C-WEU-DEU","glass",2070,0.970526350755339
"C-WEU-DEU","glass",2080,0.963779188400643
"C-WEU-DEU","glass",2090,0.955943364650483
"C-WEU-DEU","glass",2100,0.949564751334641
"C-WEU-DEU","mortar",2020,0.219366781733747
"C-WEU-DEU","mortar",2030,0.216356666815275
"C-WEU-DEU","mortar",2040,0.213760047127738
"C-WEU-DEU","mortar",2050,0.210694837059892
"C-WEU-DEU","mortar",2060,0.204638321144783
"C-WEU-DEU","mortar",2070,0.201597547225779
"C-WEU-DEU","mortar",2080,0.200170427421674
"C-WEU-DEU","mortar",2090,0.198248595633224
"C-WEU-DEU","mortar",2100,0.196304553839926
"C-WEU-DEU","other_materials",2020,2.95
"C-WEU-DEU","other_materials",2025,2.95
"C-WEU-DEU","other_materials",2030,2.95
"C-WEU-DEU","other_materials",2035,2.95
"C-WEU-DEU","other_materials",2040,2.95
"C-WEU-DEU","other_materials",2045,2.95
"C-WEU-DEU","other_materials",2050,2.95
"C-WEU-DEU","other_materials",2055,2.95
"C-WEU-DEU","other_materials",2060,2.95
"C-WEU-DEU","other_materials",2065,2.95
"C-WEU-DEU","other_materials",2070,2.95
"C-WEU-DEU","other_materials",2075,2.95
"C-WEU-DEU","other_materials",2080,2.95
"C-WEU-DEU","other_materials",2085,2.95
"C-WEU-DEU","other_materials",2090,2.95
"C-WEU-DEU","other_materials",2095,2.95
"C-WEU-DEU","other_materials",2100,2.95
"C-WEU-DEU","other_plastics",2020,3.45
"C-WEU-DEU","other_plastics",2025,3.45
"C-WEU-DEU","other_plastics",2030,3.45
"C-WEU-DEU","other_plastics",2035,3.45
"C-WEU-DEU","other_plastics",2040,3.45
"C-WEU-DEU","other_plastics",2045,3.45
"C-WEU-DEU","other_plastics",2050,3.45
"C-WEU-DEU","other_plastics",2055,3.45
"C-WEU-DEU","other_plastics",2060,3.45
"C-WEU-DEU","other_plastics",2065,3.45
"C-WEU-DEU","other_plastics",2070,3.45
"C-WEU-DEU","other_plastics",2075,3.45
"C-WEU-DEU","other_plastics",2080,3.45
"C-WEU-DEU","other_plastics",2085,3.45
"C-WEU-DEU","other_plastics",2090,3.45
"C-WEU-DEU","other_plastics",2095,3.45
"C-WEU-DEU","other_plastics",2100,3.45
"C-WEU-DEU","plaster",2020,0.907684029470872
"C-WEU-DEU","plaster",2030,0.885176815467904
"C-WEU-DEU","plaster",2040,0.841361850987335
"C-WEU-DEU","plaster",2050,0.816687669613535
"C-WEU-DEU","plaster",2060,0.794590192956287
"C-WEU-DEU","plaster",2070,0.784393741324948
"C-WEU-DEU","plaster",2080,0.778910404544169
"C-WEU-DEU","plaster",2090,0.772450747271682
"C-WEU-DEU","plaster",2100,0.767100043368631
"C-WEU-DEU","polypropylene",2020,2.85
"C-WEU-DEU","polypropylene",2025,2.85
"C-WEU-DEU","polypropylene",2030,2.85
"C-WEU-DEU","polypropylene",2035,2.85
"C-WEU-DEU","polypropylene",2040,2.85
"C-WEU-DEU","polypropylene",2045,2.85
"C-WEU-DEU","polypropylene",2050,2.85
"C-WEU-DEU","polypropylene",2055,2.85
"C-WEU-DEU","polypropylene",2060,2.85
"C-WEU-DEU","polypropylene",2065,2.85
"C-WEU-DEU","polypropylene",2070,2.85
"C-WEU-DEU","polypropylene",2075,2.85
"C-WEU-DEU","polypropylene",2080,2.85
"C-WEU-DEU","polypropylene",2085,2.85
"C-WEU-DEU","polypropylene",2090,2.85
"C-WEU-DEU","polypropylene",2095,2.85
"C-WEU-DEU","polypropylene",2100,2.85
"C-WEU-DEU","polystyrene",2020,4.19
"C-WEU-DEU","polystyrene",2025,4.19
"C-WEU-DEU","polystyrene",2030,4.19
"C-WEU-DEU","polystyrene",2035,4.19
"C-WEU-DEU","polystyrene",2040,4.19
"C-WEU-DEU","polystyrene",2045,4.19
"C-WEU-DEU","polystyrene",2050,4.19
"C-WEU-DEU","polystyrene",2055,4.19
"C-WEU-DEU","polystyrene",2060,4.19
"C-WEU-DEU","polystyrene",2065,4.19
"C-WEU-DEU","polystyrene",2070,4.19
"C-WEU-DEU","polystyrene",2075,4.19
"C-WEU-DEU","polystyrene",2080,4.19
"C-WEU-DEU","polystyrene",2085,4.19
"C-WEU-DEU","polystyrene",2090,4.19
"C-WEU-DEU","polystyrene",2095,4.19
"C-WEU-DEU","polystyrene",2100,4.19
"C-WEU-DEU","steel",2020,0.880637011769495
"C-WEU-DEU","steel",2030,0.858519884815397
"C-WEU-DEU","steel",2040,0.814925974206866
"C-WEU-DEU","steel",2050,0.790561411586921
"C-WEU-DEU","steel",2060,0.769424212774861
"C-WEU-DEU","steel",2070,0.759651179498065
"C-WEU-DEU","steel",2080,0.754380233819922
"C-WEU-DEU","steel",2090,0.748247745643613
"C-WEU-DEU","steel",2100,0.743160103423421
"C-WEU-DEU","wood",2020,0.131523388973096
"C-WEU-DEU","wood",2030,0.127918747330539
"C-WEU-DEU","wood",2040,0.125486657550788
"C-WEU-DEU","wood",2050,0.118844379619748
"C-WEU-DEU","wood",2060,0.10425698929116
"C-WEU-DEU","wood",2070,0.0970234452844144
"C-WEU-DEU","wood",2080,0.094039006612327
"C-WEU-DEU","wood",2090,0.0899482567735193
"C-WEU-DEU","wood",2100,0.0840177761480068
"C-WEU-DNK","acrylonitrile_butadiene_styrene",2020,4.19
"C-WEU-DNK","acrylonitrile_butadiene_styrene",2025,4.19
"C-WEU-DNK","acrylonitrile_butadiene_styrene",2030,4.19
"C-WEU-DNK","acrylonitrile_butadiene_styrene",2035,4.19
"C-WEU-DNK","acrylonitrile_butadiene_styrene",2040,4.19
"C-WEU-DNK","acrylonitrile_butadiene_styrene",2045,4.19
"C-WEU-DNK","acrylonitrile_butadiene_styrene",2050,4.19
"C-WEU-DNK","acrylonitrile_butadiene_styrene",2055,4.19
"C-WEU-DNK","acrylonitrile_butadiene_styrene",2060,4.19
"C-WEU-DNK","acrylonitrile_butadiene_styrene",2065,4.19
"C-WEU-DNK","acrylonitrile_butadiene_styrene",2070,4.19
"C-WEU-DNK","acrylonitrile_butadiene_styrene",2075,4.19
"C-WEU-DNK","acrylonitrile_butadiene_styrene",2080,4.19
"C-WEU-DNK","acrylonitrile_butadiene_styrene",2085,4.19
"C-WEU-DNK","acrylonitrile_butadiene_styrene",2090,4.19
"C-WEU-DNK","acrylonitrile_butadiene_styrene",2095,4.19
"C-WEU-DNK","acrylonitrile_butadiene_styrene",2100,4.19
"C-WEU-DNK","aluminium",2020,14.5075193220672
"C-WEU-DNK","aluminium",2030,14.2596740244073
"C-WEU-DNK","aluminium",2040,14.1431842283059
"C-WEU-DNK","aluminium",2050,13.7128182589558
"C-WEU-DNK","aluminium",2060,12.2380939921977
"C-WEU-DNK","aluminium",2070,11.626246883642
"C-WEU-DNK","aluminium",2080,11.2203701639442
"C-WEU-DNK","aluminium",2090,10.8206822897633
"C-WEU-DNK","aluminium",2100,10.6050333265886
"C-WEU-DNK","bio-based_polypropylene",2020,1.745
"C-WEU-DNK","bio-based_polypropylene",2025,1.745
"C-WEU-DNK","bio-based_polypropylene",2030,1.745
"C-WEU-DNK","bio-based_polypropylene",2035,1.745
"C-WEU-DNK","bio-based_polypropylene",2040,1.745
"C-WEU-DNK","bio-based_polypropylene",2045,1.745
"C-WEU-DNK","bio-based_polypropylene",2050,1.745
"C-WEU-DNK","bio-based_polypropylene",2055,1.745
"C-WEU-DNK","bio-based_polypropylene",2060,1.745
"C-WEU-DNK","bio-based_polypropylene",2065,1.745
"C-WEU-DNK","bio-based_polypropylene",2070,1.745
"C-WEU-DNK","bio-based_polypropylene",2075,1.745
"C-WEU-DNK","bio-based_polypropylene",2080,1.745
"C-WEU-DNK","bio-based_polypropylene",2085,1.745
"C-WEU-DNK","bio-based_polypropylene",2090,1.745
"C-WEU-DNK","bio-based_polypropylene",2095,1.745
"C-WEU-DNK","bio-based_polypropylene",2100,1.745
"C-WEU-DNK","bio-based_polystyrene",2020,1.745
"C-WEU-DNK","bio-based_polystyrene",2025,1.745
"C-WEU-DNK","bio-based_polystyrene",2030,1.745
"C-WEU-DNK","bio-based_polystyrene",2035,1.745
"C-WEU-DNK","bio-based_polystyrene",2040,1.745
"C-WEU-DNK","bio-based_polystyrene",2045,1.745
"C-WEU-DNK","bio-based_polystyrene",2050,1.745
"C-WEU-DNK","bio-based_polystyrene",2055,1.745
"C-WEU-DNK","bio-based_polystyrene",2060,1.745
"C-WEU-DNK","bio-based_polystyrene",2065,1.745
"C-WEU-DNK","bio-based_polystyrene",2070,1.745
"C-WEU-DNK","bio-based_polystyrene",2075,1.745
"C-WEU-DNK","bio-based_polystyrene",2080,1.745
"C-WEU-DNK","bio-based_polystyrene",2085,1.745
"C-WEU-DNK","bio-based_polystyrene",2090,1.745
"C-WEU-DNK","bio-based_polystyrene",2095,1.745
"C-WEU-DNK","bio-based_polystyrene",2100,1.745
"C-WEU-DNK","brick",2020,0.255354211059323
"C-WEU-DNK","brick",2030,0.253436368881112
"C-WEU-DNK","brick",2040,0.252067883933655
"C-WEU-DNK","brick",2050,0.249216103092977
"C-WEU-DNK","brick",2060,0.242895938067345
"C-WEU-DNK","brick",2070,0.239871420112532
"C-WEU-DNK","brick",2080,0.23864220810427
"C-WEU-DNK","brick",2090,0.236807361914845
"C-WEU-DNK","brick",2100,0.234254489674243
"C-WEU-DNK","concrete",2020,0.825349510201989
"C-WEU-DNK","concrete",2030,0.79802661435771
"C-WEU-DNK","concrete",2040,0.740798042870699
"C-WEU-DNK","concrete",2050,0.710818580398354
"C-WEU-DNK","concrete",2060,0.689925322815031
"C-WEU-DNK","concrete",2070,0.680203461352861
"C-WEU-DNK","concrete",2080,0.67453668911707
"C-WEU-DNK","concrete",2090,0.668619515507331
"C-WEU-DNK","concrete",2100,0.664333779969531
"C-WEU-DNK","copper",2020,5.67166444082771
"C-WEU-DNK","copper",2030,5.47573566435761
"C-WEU-DNK","copper",2040,5.3823136803621
"C-WEU-DNK","copper",2050,5.26754024419668
"C-WEU-DNK","copper",2060,4.75059903307488
"C-WEU-DNK","copper",2070,4.5332657836101
"C-WEU-DNK","copper",2080,4.38949323163255
"C-WEU-DNK","copper",2090,4.22391605761607
"C-WEU-DNK","copper",2100,4.11636329938511
"C-WEU-DNK","glass",2020,1.12804238296091
"C-WEU-DNK","glass",2030,1.0991971437951
"C-WEU-DNK","glass",2040,1.04173136056578
"C-WEU-DNK","glass",2050,1.00997904439863
"C-WEU-DNK","glass",2060,0.982933418822496
"C-WEU-DNK","glass",2070,0.970526350755339
"C-WEU-DNK","glass",2080,0.963779188400643
"C-WEU-DNK","glass",2090,0.955943364650483
"C-WEU-DNK","glass",2100,0.949564751334641
"C-WEU-DNK","mortar",2020,0.219366781733747
"C-WEU-DNK","mortar",2030,0.216356666815275
"C-WEU-DNK","mortar",2040,0.213760047127738
"C-WEU-DNK","mortar",2050,0.210694837059892
"C-WEU-DNK","mortar",2060,0.204638321144783
"C-WEU-DNK","mortar",2070,0.201597547225779
"C-WEU-DNK","mortar",2080,0.200170427421674
"C-WEU-DNK","mortar",2090,0.198248595633224
"C-WEU-DNK","mortar",2100,0.196304553839926
"C-WEU-DNK","other_materials",2020,2.95
"C-WEU-DNK","other_materials",2025,2.95
"C-WEU-DNK","other_materials",2030,2.95
"C-WEU-DNK","other_materials",2035,2.95
"C-WEU-DNK","other_materials",2040,2.95
"C-WEU-DNK","other_materials",2045,2.95
"C-WEU-DNK","other_materials",2050,2.95
"C-WEU-DNK","other_materials",2055,2.95
"C-WEU-DNK","other_materials",2060,2.95
"C-WEU-DNK","other_materials",2065,2.95
"C-WEU-DNK","other_materials",2070,2.95
"C-WEU-DNK","other_materials",2075,2.95
"C-WEU-DNK","other_materials",2080,2.95
"C-WEU-DNK","other_materials",2085,2.95
"C-WEU-DNK","other_materials",2090,2.95
"C-WEU-DNK","other_materials",2095,2.95
"C-WEU-DNK","other_materials",2100,2.95
"C-WEU-DNK","other_plastics",2020,3.45
"C-WEU-DNK","other_plastics",2025,3.45
"C-WEU-DNK","other_plastics",2030,3.45
"C-WEU-DNK","other_plastics",2035,3.45
"C-WEU-DNK","other_plastics",2040,3.45
"C-WEU-DNK","other_plastics",2045,3.45
"C-WEU-DNK","other_plastics",2050,3.45
"C-WEU-DNK","other_plastics",2055,3.45
"C-WEU-DNK","other_plastics",2060,3.45
"C-WEU-DNK","other_plastics",2065,3.45
"C-WEU-DNK","other_plastics",2070,3.45
"C-WEU-DNK","other_plastics",2075,3.45
"C-WEU-DNK","other_plastics",2080,3.45
"C-WEU-DNK","other_plastics",2085,3.45
"C-WEU-DNK","other_plastics",2090,3.45
"C-WEU-DNK","other_plastics",2095,3.45
"C-WEU-DNK","other_plastics",2100,3.45
"C-WEU-DNK","plaster",2020,0.907684029470872
"C-WEU-DNK","plaster",2030,0.885176815467904
"C-WEU-DNK","plaster",2040,0.841361850987335
"C-WEU-DNK","plaster",2050,0.816687669613535
"C-WEU-DNK","plaster",2060,0.794590192956287
"C-WEU-DNK","plaster",2070,0.784393741324948
"C-WEU-DNK","plaster",2080,0.778910404544169
"C-WEU-DNK","plaster",2090,0.772450747271682
"C-WEU-DNK","plaster",2100,0.767100043368631
"C-WEU-DNK","polypropylene",2020,2.85
"C-WEU-DNK","polypropylene",2025,2.85
"C-WEU-DNK","polypropylene",2030,2.85
"C-WEU-DNK","polypropylene",2035,2.85
"C-WEU-DNK","polypropylene",2040,2.85
"C-WEU-DNK","polypropylene",2045,2.85
"C-WEU-DNK","polypropylene",2050,2.85
"C-WEU-DNK","polypropylene",2055,2.85
"C-WEU-DNK","polypropylene",2060,2.85
"C-WEU-DNK","polypropylene",2065,2.85
"C-WEU-DNK","polypropylene",2070,2.85
"C-WEU-DNK","polypropylene",2075,2.85
"C-WEU-DNK","polypropylene",2080,2.85
"C-WEU-DNK","polypropylene",2085,2.85
"C-WEU-DNK","polypropylene",2090,2.85
"C-WEU-DNK","polypropylene",2095,2.85
"C-WEU-DNK","polypropylene",2100,2.85
"C-WEU-DNK","polystyrene",2020,4.19
"C-WEU-DNK","polystyrene",2025,4.19
"C-WEU-DNK","polystyrene",2030,4.19
"C-WEU-DNK","polystyrene",2035,4.19
"C-WEU-DNK","polystyrene",2040,4.19
"C-WEU-DNK","polystyrene",2045,4.19
"C-WEU-DNK","polystyrene",2050,4.19
"C-WEU-DNK","polystyrene",2055,4.19
"C-WEU-DNK","polystyrene",2060,4.19
"C-WEU-DNK","polystyrene",2065,4.19
"C-WEU-DNK","polystyrene",2070,4.19
"C-WEU-DNK","polystyrene",2075,4.19
"C-WEU-DNK","polystyrene",2080,4.19
"C-WEU-DNK","polystyrene",2085,4.19
"C-WEU-DNK","polystyrene",2090,4.19
"C-WEU-DNK","polystyrene",2095,4.19
"C-WEU-DNK","polystyrene",2100,4.19
"C-WEU-DNK","steel",2020,0.880637011769495
"C-WEU-DNK","steel",2030,0.858519884815397
"C-WEU-DNK","steel",2040,0.814925974206866
"C-WEU-DNK","steel",2050,0.790561411586921
"C-WEU-DNK","steel",2060,0.769424212774861
"C-WEU-DNK","steel",2070,0.759651179498065
"C-WEU-DNK","steel",2080,0.754380233819922
"C-WEU-DNK","steel",2090,0.748247745643613
"C-WEU-DNK","steel",2100,0.743160103423421
"C-WEU-DNK","wood",2020,0.131523388973096
"C-WEU-DNK","wood",2030,0.127918747330539
"C-WEU-DNK","wood",2040,0.125486657550788
"C-WEU-DNK","wood",2050,0.118844379619748
"C-WEU-DNK","wood",2060,0.10425698929116
"C-WEU-DNK","wood",2070,0.0970234452844144
"C-WEU-DNK","wood",2080,0.094039006612327
"C-WEU-DNK","wood",2090,0.0899482567735193
"C-WEU-DNK","wood",2100,0.0840177761480068
"C-WEU-ESP","acrylonitrile_butadiene_styrene",2020,4.19
"C-WEU-ESP","acrylonitrile_butadiene_styrene",2025,4.19
"C-WEU-ESP","acrylonitrile_butadiene_styrene",2030,4.19
"C-WEU-ESP","acrylonitrile_butadiene_styrene",2035,4.19
"C-WEU-ESP","acrylonitrile_butadiene_styrene",2040,4.19
"C-WEU-ESP","acrylonitrile_butadiene_styrene",2045,4.19
"C-WEU-ESP","acrylonitrile_butadiene_styrene",2050,4.19
"C-WEU-ESP","acrylonitrile_butadiene_styrene",2055,4.19
"C-WEU-ESP","acrylonitrile_butadiene_styrene",2060,4.19
"C-WEU-ESP","acrylonitrile_butadiene_styrene",2065,4.19
"C-WEU-ESP","acrylonitrile_butadiene_styrene",2070,4.19
"C-WEU-ESP","acrylonitrile_butadiene_styrene",2075,4.19
"C-WEU-ESP","acrylonitrile_butadiene_styrene",2080,4.19
"C-WEU-ESP","acrylonitrile_butadiene_styrene",2085,4.19
"C-WEU-ESP","acrylonitrile_butadiene_styrene",2090,4.19
"C-WEU-ESP","acrylonitrile_butadiene_styrene",2095,4.19
"C-WEU-ESP","acrylonitrile_butadiene_styrene",2100,4.19
"C-WEU-ESP","aluminium",2020,14.5075193220672
"C-WEU-ESP","aluminium",2030,14.2596740244073
"C-WEU-ESP","aluminium",2040,14.1431842283059
"C-WEU-ESP","aluminium",2050,13.7128182589558
"C-WEU-ESP","aluminium",2060,12.2380939921977
"C-WEU-ESP","aluminium",2070,11.626246883642
"C-WEU-ESP","aluminium",2080,11.2203701639442
"C-WEU-ESP","aluminium",2090,10.8206822897633
"C-WEU-ESP","aluminium",2100,10.6050333265886
"C-WEU-ESP","bio-based_polypropylene",2020,1.745
"C-WEU-ESP","bio-based_polypropylene",2025,1.745
"C-WEU-ESP","bio-based_polypropylene",2030,1.745
"C-WEU-ESP","bio-based_polypropylene",2035,1.745
"C-WEU-ESP","bio-based_polypropylene",2040,1.745
"C-WEU-ESP","bio-based_polypropylene",2045,1.745
"C-WEU-ESP","bio-based_polypropylene",2050,1.745
"C-WEU-ESP","bio-based_polypropylene",2055,1.745
"C-WEU-ESP","bio-based_polypropylene",2060,1.745
"C-WEU-ESP","bio-based_polypropylene",2065,1.745
"C-WEU-ESP","bio-based_polypropylene",2070,1.745
"C-WEU-ESP","bio-based_polypropylene",2075,1.745
"C-WEU-ESP","bio-based_polypropylene",2080,1.745
"C-WEU-ESP","bio-based_polypropylene",2085,1.745
"C-WEU-ESP","bio-based_polypropylene",2090,1.745
"C-WEU-ESP","bio-based_polypropylene",2095,1.745
"C-WEU-ESP","bio-based_polypropylene",2100,1.745
"C-WEU-ESP","bio-based_polystyrene",2020,1.745
"C-WEU-ESP","bio-based_polystyrene",2025,1.745
"C-WEU-ESP","bio-based_polystyrene",2030,1.745
"C-WEU-ESP","bio-based_polystyrene",2035,1.745
"C-WEU-ESP","bio-based_polystyrene",2040,1.745
"C-WEU-ESP","bio-based_polystyrene",2045,1.745
"C-WEU-ESP","bio-based_polystyrene",2050,1.745
"C-WEU-ESP","bio-based_polystyrene",2055,1.745
"C-WEU-ESP","bio-based_polystyrene",2060,1.745
"C-WEU-ESP","bio-based_polystyrene",2065,1.745
"C-WEU-ESP","bio-based_polystyrene",2070,1.745
"C-WEU-ESP","bio-based_polystyrene",2075,1.745
"C-WEU-ESP","bio-based_polystyrene",2080,1.745
"C-WEU-ESP","bio-based_polystyrene",2085,1.745
"C-WEU-ESP","bio-based_polystyrene",2090,1.745
"C-WEU-ESP","bio-based_polystyrene",2095,1.745
"C-WEU-ESP","bio-based_polystyrene",2100,1.745
"C-WEU-ESP","brick",2020,0.255354211059323
"C-WEU-ESP","brick",2030,0.253436368881112
"C-WEU-ESP","brick",2040,0.252067883933655
"C-WEU-ESP","brick",2050,0.249216103092977
"C-WEU-ESP","brick",2060,0.242895938067345
"C-WEU-ESP","brick",2070,0.239871420112532
"C-WEU-ESP","brick",2080,0.23864220810427
"C-WEU-ESP","brick",2090,0.236807361914845
"C-WEU-ESP","brick",2100,0.234254489674243
"C-WEU-ESP","concrete",2020,0.825349510201989
"C-WEU-ESP","concrete",2030,0.79802661435771
"C-WEU-ESP","concrete",2040,0.740798042870699
"C-WEU-ESP","concrete",2050,0.710818580398354
"C-WEU-ESP","concrete",2060,0.689925322815031
"C-WEU-ESP","concrete",2070,0.680203461352861
"C-WEU-ESP","concrete",2080,0.67453668911707
"C-WEU-ESP","concrete",2090,0.668619515507331
"C-WEU-ESP","concrete",2100,0.664333779969531
"C-WEU-ESP","copper",2020,5.67166444082771
"C-WEU-ESP","copper",2030,5.47573566435761
"C-WEU-ESP","copper",2040,5.3823136803621
"C-WEU-ESP","copper",2050,5.26754024419668
"C-WEU-ESP","copper",2060,4.75059903307488
"C-WEU-ESP","copper",2070,4.5332657836101
"C-WEU-ESP","copper",2080,4.38949323163255
"C-WEU-ESP","copper",2090,4.22391605761607
"C-WEU-ESP","copper",2100,4.11636329938511
"C-WEU-ESP","glass",2020,1.12804238296091
"C-WEU-ESP","glass",2030,1.0991971437951
"C-WEU-ESP","glass",2040,1.04173136056578
"C-WEU-ESP","glass",2050,1.00997904439863
"C-WEU-ESP","glass",2060,0.982933418822496
"C-WEU-ESP","glass",2070,0.970526350755339
"C-WEU-ESP","glass",2080,0.963779188400643
"C-WEU-ESP","glass",2090,0.955943364650483
"C-WEU-ESP","glass",2100,0.949564751334641
"C-WEU-ESP","mortar",2020,0.219366781733747
"C-WEU-ESP","mortar",2030,0.216356666815275
"C-WEU-ESP","mortar",2040,0.213760047127738
"C-WEU-ESP","mortar",2050,0.210694837059892
"C-WEU-ESP","mortar",2060,0.204638321144783
"C-WEU-ESP","mortar",2070,0.201597547225779
"C-WEU-ESP","mortar",2080,0.200170427421674
"C-WEU-ESP","mortar",2090,0.198248595633224
"C-WEU-ESP","mortar",2100,0.196304553839926
"C-WEU-ESP","other_materials",2020,2.95
"C-WEU-ESP","other_materials",2025,2.95
"C-WEU-ESP","other_materials",2030,2.95
"C-WEU-ESP","other_materials",2035,2.95
"C-WEU-ESP","other_materials",2040,2.95
"C-WEU-ESP","other_materials",2045,2.95
"C-WEU-ESP","other_materials",2050,2.95
"C-WEU-ESP","other_materials",2055,2.95
"C-WEU-ESP","other_materials",2060,2.95
"C-WEU-ESP","other_materials",2065,2.95
"C-WEU-ESP","other_materials",2070,2.95
"C-WEU-ESP","other_materials",2075,2.95
"C-WEU-ESP","other_materials",2080,2.95
"C-WEU-ESP","other_materials",2085,2.95
"C-WEU-ESP","other_materials",2090,2.95
"C-WEU-ESP","other_materials",2095,2.95
"C-WEU-ESP","other_materials",2100,2.95
"C-WEU-ESP","other_plastics",2020,3.45
"C-WEU-ESP","other_plastics",2025,3.45
"C-WEU-ESP","other_plastics",2030,3.45
"C-WEU-ESP","other_plastics",2035,3.45
"C-WEU-ESP","other_plastics",2040,3.45
"C-WEU-ESP","other_plastics",2045,3.45
"C-WEU-ESP","other_plastics",2050,3.45
"C-WEU-ESP","other_plastics",2055,3.45
"C-WEU-ESP","other_plastics",2060,3.45
"C-WEU-ESP","other_plastics",2065,3.45
"C-WEU-ESP","other_plastics",2070,3.45
"C-WEU-ESP","other_plastics",2075,3.45
"C-WEU-ESP","other_plastics",2080,3.45
"C-WEU-ESP","other_plastics",2085,3.45
"C-WEU-ESP","other_plastics",2090,3.45
"C-WEU-ESP","other_plastics",2095,3.45
"C-WEU-ESP","other_plastics",2100,3.45
"C-WEU-ESP","plaster",2020,0.907684029470872
"C-WEU-ESP","plaster",2030,0.885176815467904
"C-WEU-ESP","plaster",2040,0.841361850987335
"C-WEU-ESP","plaster",2050,0.816687669613535
"C-WEU-ESP","plaster",2060,0.794590192956287
"C-WEU-ESP","plaster",2070,0.784393741324948
"C-WEU-ESP","plaster",2080,0.778910404544169
"C-WEU-ESP","plaster",2090,0.772450747271682
"C-WEU-ESP","plaster",2100,0.767100043368631
"C-WEU-ESP","polypropylene",2020,2.85
"C-WEU-ESP","polypropylene",2025,2.85
"C-WEU-ESP","polypropylene",2030,2.85
"C-WEU-ESP","polypropylene",2035,2.85
"C-WEU-ESP","polypropylene",2040,2.85
"C-WEU-ESP","polypropylene",2045,2.85
"C-WEU-ESP","polypropylene",2050,2.85
"C-WEU-ESP","polypropylene",2055,2.85
"C-WEU-ESP","polypropylene",2060,2.85
"C-WEU-ESP","polypropylene",2065,2.85
"C-WEU-ESP","polypropylene",2070,2.85
"C-WEU-ESP","polypropylene",2075,2.85
"C-WEU-ESP","polypropylene",2080,2.85
"C-WEU-ESP","polypropylene",2085,2.85
"C-WEU-ESP","polypropylene",2090,2.85
"C-WEU-ESP","polypropylene",2095,2.85
"C-WEU-ESP","polypropylene",2100,2.85
"C-WEU-ESP","polystyrene",2020,4.19
"C-WEU-ESP","polystyrene",2025,4.19
"C-WEU-ESP","polystyrene",2030,4.19
"C-WEU-ESP","polystyrene",2035,4.19
"C-WEU-ESP","polystyrene",2040,4.19
"C-WEU-ESP","polystyrene",2045,4.19
"C-WEU-ESP","polystyrene",2050,4.19
"C-WEU-ESP","polystyrene",2055,4.19
"C-WEU-ESP","polystyrene",2060,4.19
"C-WEU-ESP","polystyrene",2065,4.19
"C-WEU-ESP","polystyrene",2070,4.19
"C-WEU-ESP","polystyrene",2075,4.19
"C-WEU-ESP","polystyrene",2080,4.19
"C-WEU-ESP","polystyrene",2085,4.19
"C-WEU-ESP","polystyrene",2090,4.19
"C-WEU-ESP","polystyrene",2095,4.19
"C-WEU-ESP","polystyrene",2100,4.19
"C-WEU-ESP","steel",2020,0.880637011769495
"C-WEU-ESP","steel",2030,0.858519884815397
"C-WEU-ESP","steel",2040,0.814925974206866
"C-WEU-ESP","steel",2050,0.790561411586921
"C-WEU-ESP","steel",2060,0.769424212774861
"C-WEU-ESP","steel",2070,0.759651179498065
"C-WEU-ESP","steel",2080,0.754380233819922
"C-WEU-ESP","steel",2090,0.748247745643613
"C-WEU-ESP","steel",2100,0.743160103423421
"C-WEU-ESP","wood",2020,0.131523388973096
"C-WEU-ESP","wood",2030,0.127918747330539
"C-WEU-ESP","wood",2040,0.125486657550788
"C-WEU-ESP","wood",2050,0.118844379619748
"C-WEU-ESP","wood",2060,0.10425698929116
"C-WEU-ESP","wood",2070,0.0970234452844144
"C-WEU-ESP","wood",2080,0.094039006612327
"C-WEU-ESP","wood",2090,0.0899482567735193
"C-WEU-ESP","wood",2100,0.0840177761480068
"C-WEU-FIN","acrylonitrile_butadiene_styrene",2020,4.19
"C-WEU-FIN","acrylonitrile_butadiene_styrene",2025,4.19
"C-WEU-FIN","acrylonitrile_butadiene_styrene",2030,4.19
"C-WEU-FIN","acrylonitrile_butadiene_styrene",2035,4.19
"C-WEU-FIN","acrylonitrile_butadiene_styrene",2040,4.19
"C-WEU-FIN","acrylonitrile_butadiene_styrene",2045,4.19
"C-WEU-FIN","acrylonitrile_butadiene_styrene",2050,4.19
"C-WEU-FIN","acrylonitrile_butadiene_styrene",2055,4.19
"C-WEU-FIN","acrylonitrile_butadiene_styrene",2060,4.19
"C-WEU-FIN","acrylonitrile_butadiene_styrene",2065,4.19
"C-WEU-FIN","acrylonitrile_butadiene_styrene",2070,4.19
"C-WEU-FIN","acrylonitrile_butadiene_styrene",2075,4.19
"C-WEU-FIN","acrylonitrile_butadiene_styrene",2080,4.19
"C-WEU-FIN","acrylonitrile_butadiene_styrene",2085,4.19
"C-WEU-FIN","acrylonitrile_butadiene_styrene",2090,4.19
"C-WEU-FIN","acrylonitrile_butadiene_styrene",2095,4.19
"C-WEU-FIN","acrylonitrile_butadiene_styrene",2100,4.19
"C-WEU-FIN","aluminium",2020,14.5075193220672
"C-WEU-FIN","aluminium",2030,14.2596740244073
"C-WEU-FIN","aluminium",2040,14.1431842283059
"C-WEU-FIN","aluminium",2050,13.7128182589558
"C-WEU-FIN","aluminium",2060,12.2380939921977
"C-WEU-FIN","aluminium",2070,11.626246883642
"C-WEU-FIN","aluminium",2080,11.2203701639442
"C-WEU-FIN","aluminium",2090,10.8206822897633
"C-WEU-FIN","aluminium",2100,10.6050333265886
"C-WEU-FIN","bio-based_polypropylene",2020,1.745
"C-WEU-FIN","bio-based_polypropylene",2025,1.745
"C-WEU-FIN","bio-based_polypropylene",2030,1.745
"C-WEU-FIN","bio-based_polypropylene",2035,1.745
"C-WEU-FIN","bio-based_polypropylene",2040,1.745
"C-WEU-FIN","bio-based_polypropylene",2045,1.745
"C-WEU-FIN","bio-based_polypropylene",2050,1.745
"C-WEU-FIN","bio-based_polypropylene",2055,1.745
"C-WEU-FIN","bio-based_polypropylene",2060,1.745
"C-WEU-FIN","bio-based_polypropylene",2065,1.745
"C-WEU-FIN","bio-based_polypropylene",2070,1.745
"C-WEU-FIN","bio-based_polypropylene",2075,1.745
"C-WEU-FIN","bio-based_polypropylene",2080,1.745
"C-WEU-FIN","bio-based_polypropylene",2085,1.745
"C-WEU-FIN","bio-based_polypropylene",2090,1.745
"C-WEU-FIN","bio-based_polypropylene",2095,1.745
"C-WEU-FIN","bio-based_polypropylene",2100,1.745
"C-WEU-FIN","bio-based_polystyrene",2020,1.745
"C-WEU-FIN","bio-based_polystyrene",2025,1.745
"C-WEU-FIN","bio-based_polystyrene",2030,1.745
"C-WEU-FIN","bio-based_polystyrene",2035,1.745
"C-WEU-FIN","bio-based_polystyrene",2040,1.745
"C-WEU-FIN","bio-based_polystyrene",2045,1.745
"C-WEU-FIN","bio-based_polystyrene",2050,1.745
"C-WEU-FIN","bio-based_polystyrene",2055,1.745
"C-WEU-FIN","bio-based_polystyrene",2060,1.745
"C-WEU-FIN","bio-based_polystyrene",2065,1.745
"C-WEU-FIN","bio-based_polystyrene",2070,1.745
"C-WEU-FIN","bio-based_polystyrene",2075,1.745
"C-WEU-FIN","bio-based_polystyrene",2080,1.745
"C-WEU-FIN","bio-based_polystyrene",2085,1.745
"C-WEU-FIN","bio-based_polystyrene",2090,1.745
"C-WEU-FIN","bio-based_polystyrene",2095,1.745
"C-WEU-FIN","bio-based_polystyrene",2100,1.745
"C-WEU-FIN","brick",2020,0.255354211059323
"C-WEU-FIN","brick",2030,0.253436368881112
"C-WEU-FIN","brick",2040,0.252067883933655
"C-WEU-FIN","brick",2050,0.249216103092977
"C-WEU-FIN","brick",2060,0.242895938067345
"C-WEU-FIN","brick",2070,0.239871420112532
"C-WEU-FIN","brick",2080,0.23864220810427
"C-WEU-FIN","brick",2090,0.236807361914845
"C-WEU-FIN","brick",2100,0.234254489674243
"C-WEU-FIN","concrete",2020,0.825349510201989
"C-WEU-FIN","concrete",2030,0.79802661435771
"C-WEU-FIN","concrete",2040,0.740798042870699
"C-WEU-FIN","concrete",2050,0.710818580398354
"C-WEU-FIN","concrete",2060,0.689925322815031
"C-WEU-FIN","concrete",2070,0.680203461352861
"C-WEU-FIN","concrete",2080,0.67453668911707
"C-WEU-FIN","concrete",2090,0.668619515507331
"C-WEU-FIN","concrete",2100,0.664333779969531
"C-WEU-FIN","copper",2020,5.67166444082771
"C-WEU-FIN","copper",2030,5.47573566435761
"C-WEU-FIN","copper",2040,5.3823136803621
"C-WEU-FIN","copper",2050,5.26754024419668
"C-WEU-FIN","copper",2060,4.75059903307488
"C-WEU-FIN","copper",2070,4.5332657836101
"C-WEU-FIN","copper",2080,4.38949323163255
"C-WEU-FIN","copper",2090,4.22391605761607
"C-WEU-FIN","copper",2100,4.11636329938511
"C-WEU-FIN","glass",2020,1.12804238296091
"C-WEU-FIN","glass",2030,1.0991971437951
"C-WEU-FIN","glass",2040,1.04173136056578
"C-WEU-FIN","glass",2050,1.00997904439863
"C-WEU-FIN","glass",2060,0.982933418822496
"C-WEU-FIN","glass",2070,0.970526350755339
"C-WEU-FIN","glass",2080,0.963779188400643
"C-WEU-FIN","glass",2090,0.955943364650483
"C-WEU-FIN","glass",2100,0.949564751334641
"C-WEU-FIN","mortar",2020,0.219366781733747
"C-WEU-FIN","mortar",2030,0.216356666815275
"C-WEU-FIN","mortar",2040,0.213760047127738
"C-WEU-FIN","mortar",2050,0.210694837059892
"C-WEU-FIN","mortar",2060,0.204638321144783
"C-WEU-FIN","mortar",2070,0.201597547225779
"C-WEU-FIN","mortar",2080,0.200170427421674
"C-WEU-FIN","mortar",2090,0.198248595633224
"C-WEU-FIN","mortar",2100,0.196304553839926
"C-WEU-FIN","other_materials",2020,2.95
"C-WEU-FIN","other_materials",2025,2.95
"C-WEU-FIN","other_materials",2030,2.95
"C-WEU-FIN","other_materials",2035,2.95
"C-WEU-FIN","other_materials",2040,2.95
"C-WEU-FIN","other_materials",2045,2.95
"C-WEU-FIN","other_materials",2050,2.95
"C-WEU-FIN","other_materials",2055,2.95
"C-WEU-FIN","other_materials",2060,2.95
"C-WEU-FIN","other_materials",2065,2.95
"C-WEU-FIN","other_materials",2070,2.95
"C-WEU-FIN","other_materials",2075,2.95
"C-WEU-FIN","other_materials",2080,2.95
"C-WEU-FIN","other_materials",2085,2.95
"C-WEU-FIN","other_materials",2090,2.95
"C-WEU-FIN","other_materials",2095,2.95
"C-WEU-FIN","other_materials",2100,2.95
"C-WEU-FIN","other_plastics",2020,3.45
"C-WEU-FIN","other_plastics",2025,3.45
"C-WEU-FIN","other_plastics",2030,3.45
"C-WEU-FIN","other_plastics",2035,3.45
"C-WEU-FIN","other_plastics",2040,3.45
"C-WEU-FIN","other_plastics",2045,3.45
"C-WEU-FIN","other_plastics",2050,3.45
"C-WEU-FIN","other_plastics",2055,3.45
"C-WEU-FIN","other_plastics",2060,3.45
"C-WEU-FIN","other_plastics",2065,3.45
"C-WEU-FIN","other_plastics",2070,3.45
"C-WEU-FIN","other_plastics",2075,3.45
"C-WEU-FIN","other_plastics",2080,3.45
"C-WEU-FIN","other_plastics",2085,3.45
"C-WEU-FIN","other_plastics",2090,3.45
"C-WEU-FIN","other_plastics",2095,3.45
"C-WEU-FIN","other_plastics",2100,3.45
"C-WEU-FIN","plaster",2020,0.907684029470872
"C-WEU-FIN","plaster",2030,0.885176815467904
"C-WEU-FIN","plaster",2040,0.841361850987335
"C-WEU-FIN","plaster",2050,0.816687669613535
"C-WEU-FIN","plaster",2060,0.794590192956287
"C-WEU-FIN","plaster",2070,0.784393741324948
"C-WEU-FIN","plaster",2080,0.778910404544169
"C-WEU-FIN","plaster",2090,0.772450747271682
"C-WEU-FIN","plaster",2100,0.767100043368631
"C-WEU-FIN","polypropylene",2020,2.85
"C-WEU-FIN","polypropylene",2025,2.85
"C-WEU-FIN","polypropylene",2030,2.85
"C-WEU-FIN","polypropylene",2035,2.85
"C-WEU-FIN","polypropylene",2040,2.85
"C-WEU-FIN","polypropylene",2045,2.85
"C-WEU-FIN","polypropylene",2050,2.85
"C-WEU-FIN","polypropylene",2055,2.85
"C-WEU-FIN","polypropylene",2060,2.85
"C-WEU-FIN","polypropylene",2065,2.85
"C-WEU-FIN","polypropylene",2070,2.85
"C-WEU-FIN","polypropylene",2075,2.85
"C-WEU-FIN","polypropylene",2080,2.85
"C-WEU-FIN","polypropylene",2085,2.85
"C-WEU-FIN","polypropylene",2090,2.85
"C-WEU-FIN","polypropylene",2095,2.85
"C-WEU-FIN","polypropylene",2100,2.85
"C-WEU-FIN","polystyrene",2020,4.19
"C-WEU-FIN","polystyrene",2025,4.19
"C-WEU-FIN","polystyrene",2030,4.19
"C-WEU-FIN","polystyrene",2035,4.19
"C-WEU-FIN","polystyrene",2040,4.19
"C-WEU-FIN","polystyrene",2045,4.19
"C-WEU-FIN","polystyrene",2050,4.19
"C-WEU-FIN","polystyrene",2055,4.19
"C-WEU-FIN","polystyrene",2060,4.19
"C-WEU-FIN","polystyrene",2065,4.19
"C-WEU-FIN","polystyrene",2070,4.19
"C-WEU-FIN","polystyrene",2075,4.19
"C-WEU-FIN","polystyrene",2080,4.19
"C-WEU-FIN","polystyrene",2085,4.19
"C-WEU-FIN","polystyrene",2090,4.19
"C-WEU-FIN","polystyrene",2095,4.19
"C-WEU-FIN","polystyrene",2100,4.19
"C-WEU-FIN","steel",2020,0.880637011769495
"C-WEU-FIN","steel",2030,0.858519884815397
"C-WEU-FIN","steel",2040,0.814925974206866
"C-WEU-FIN","steel",2050,0.790561411586921
"C-WEU-FIN","steel",2060,0.769424212774861
"C-WEU-FIN","steel",2070,0.759651179498065
"C-WEU-FIN","steel",2080,0.754380233819922
"C-WEU-FIN","steel",2090,0.748247745643613
"C-WEU-FIN","steel",2100,0.743160103423421
"C-WEU-FIN","wood",2020,0.131523388973096
"C-WEU-FIN","wood",2030,0.127918747330539
"C-WEU-FIN","wood",2040,0.125486657550788
"C-WEU-FIN","wood",2050,0.118844379619748
"C-WEU-FIN","wood",2060,0.10425698929116
"C-WEU-FIN","wood",2070,0.0970234452844144
"C-WEU-FIN","wood",2080,0.094039006612327
"C-WEU-FIN","wood",2090,0.0899482567735193
"C-WEU-FIN","wood",2100,0.0840177761480068
"C-WEU-FRA","acrylonitrile_butadiene_styrene",2020,4.19
"C-WEU-FRA","acrylonitrile_butadiene_styrene",2025,4.19
"C-WEU-FRA","acrylonitrile_butadiene_styrene",2030,4.19
"C-WEU-FRA","acrylonitrile_butadiene_styrene",2035,4.19
"C-WEU-FRA","acrylonitrile_butadiene_styrene",2040,4.19
"C-WEU-FRA","acrylonitrile_butadiene_styrene",2045,4.19
"C-WEU-FRA","acrylonitrile_butadiene_styrene",2050,4.19
"C-WEU-FRA","acrylonitrile_butadiene_styrene",2055,4.19
"C-WEU-FRA","acrylonitrile_butadiene_styrene",2060,4.19
"C-WEU-FRA","acrylonitrile_butadiene_styrene",2065,4.19
"C-WEU-FRA","acrylonitrile_butadiene_styrene",2070,4.19
"C-WEU-FRA","acrylonitrile_butadiene_styrene",2075,4.19
"C-WEU-FRA","acrylonitrile_butadiene_styrene",2080,4.19
"C-WEU-FRA","acrylonitrile_butadiene_styrene",2085,4.19
"C-WEU-FRA","acrylonitrile_butadiene_styrene",2090,4.19
"C-WEU-FRA","acrylonitrile_butadiene_styrene",2095,4.19
"C-WEU-FRA","acrylonitrile_butadiene_styrene",2100,4.19
"C-WEU-FRA","aluminium",2020,14.5075193220672
"C-WEU-FRA","aluminium",2030,14.2596740244073
"C-WEU-FRA","aluminium",2040,14.1431842283059
"C-WEU-FRA","aluminium",2050,13.7128182589558
"C-WEU-FRA","aluminium",2060,12.2380939921977
"C-WEU-FRA","aluminium",2070,11.626246883642
"C-WEU-FRA","aluminium",2080,11.2203701639442
"C-WEU-FRA","aluminium",2090,10.8206822897633
"C-WEU-FRA","aluminium",2100,10.6050333265886
"C-WEU-FRA","bio-based_polypropylene",2020,1.745
"C-WEU-FRA","bio-based_polypropylene",2025,1.745
"C-WEU-FRA","bio-based_polypropylene",2030,1.745
"C-WEU-FRA","bio-based_polypropylene",2035,1.745
"C-WEU-FRA","bio-based_polypropylene",2040,1.745
"C-WEU-FRA","bio-based_polypropylene",2045,1.745
"C-WEU-FRA","bio-based_polypropylene",2050,1.745
"C-WEU-FRA","bio-based_polypropylene",2055,1.745
"C-WEU-FRA","bio-based_polypropylene",2060,1.745
"C-WEU-FRA","bio-based_polypropylene",2065,1.745
"C-WEU-FRA","bio-based_polypropylene",2070,1.745
"C-WEU-FRA","bio-based_polypropylene",2075,1.745
"C-WEU-FRA","bio-based_polypropylene",2080,1.745
"C-WEU-FRA","bio-based_polypropylene",2085,1.745
"C-WEU-FRA","bio-based_polypropylene",2090,1.745
"C-WEU-FRA","bio-based_polypropylene",2095,1.745
"C-WEU-FRA","bio-based_polypropylene",2100,1.745
"C-WEU-FRA","bio-based_polystyrene",2020,1.745
"C-WEU-FRA","bio-based_polystyrene",2025,1.745
"C-WEU-FRA","bio-based_polystyrene",2030,1.745
"C-WEU-FRA","bio-based_polystyrene",2035,1.745
"C-WEU-FRA","bio-based_polystyrene",2040,1.745
"C-WEU-FRA","bio-based_polystyrene",2045,1.745
"C-WEU-FRA","bio-based_polystyrene",2050,1.745
"C-WEU-FRA","bio-based_polystyrene",2055,1.745
"C-WEU-FRA","bio-based_polystyrene",2060,1.745
"C-WEU-FRA","bio-based_polystyrene",2065,1.745
"C-WEU-FRA","bio-based_polystyrene",2070,1.745
"C-WEU-FRA","bio-based_polystyrene",2075,1.745
"C-WEU-FRA","bio-based_polystyrene",2080,1.745
"C-WEU-FRA","bio-based_polystyrene",2085,1.745
"C-WEU-FRA","bio-based_polystyrene",2090,1.745
"C-WEU-FRA","bio-based_polystyrene",2095,1.745
"C-WEU-FRA","bio-based_polystyrene",2100,1.745
"C-WEU-FRA","brick",2020,0.255354211059323
"C-WEU-FRA","brick",2030,0.253436368881112
"C-WEU-FRA","brick",2040,0.252067883933655
"C-WEU-FRA","brick",2050,0.249216103092977
"C-WEU-FRA","brick",2060,0.242895938067345
"C-WEU-FRA","brick",2070,0.239871420112532
"C-WEU-FRA","brick",2080,0.23864220810427
"C-WEU-FRA","brick",2090,0.236807361914845
"C-WEU-FRA","brick",2100,0.234254489674243
"C-WEU-FRA","concrete",2020,0.825349510201989
"C-WEU-FRA","concrete",2030,0.79802661435771
"C-WEU-FRA","concrete",2040,0.740798042870699
"C-WEU-FRA","concrete",2050,0.710818580398354
"C-WEU-FRA","concrete",2060,0.689925322815031
"C-WEU-FRA","concrete",2070,0.680203461352861
"C-WEU-FRA","concrete",2080,0.67453668911707
"C-WEU-FRA","concrete",2090,0.668619515507331
"C-WEU-FRA","concrete",2100,0.664333779969531
"C-WEU-FRA","copper",2020,5.67166444082771
"C-WEU-FRA","copper",2030,5.47573566435761
"C-WEU-FRA","copper",2040,5.3823136803621
"C-WEU-FRA","copper",2050,5.26754024419668
"C-WEU-FRA","copper",2060,4.75059903307488
"C-WEU-FRA","copper",2070,4.5332657836101
"C-WEU-FRA","copper",2080,4.38949323163255
"C-WEU-FRA","copper",2090,4.22391605761607
"C-WEU-FRA","copper",2100,4.11636329938511
"C-WEU-FRA","glass",2020,1.12804238296091
"C-WEU-FRA","glass",2030,1.0991971437951
"C-WEU-FRA","glass",2040,1.04173136056578
"C-WEU-FRA","glass",2050,1.00997904439863
"C-WEU-FRA","glass",2060,0.982933418822496
"C-WEU-FRA","glass",2070,0.970526350755339
"C-WEU-FRA","glass",2080,0.963779188400643
"C-WEU-FRA","glass",2090,0.955943364650483
"C-WEU-FRA","glass",2100,0.949564751334641
"C-WEU-FRA","mortar",2020,0.219366781733747
"C-WEU-FRA","mortar",2030,0.216356666815275
"C-WEU-FRA","mortar",2040,0.213760047127738
"C-WEU-FRA","mortar",2050,0.210694837059892
"C-WEU-FRA","mortar",2060,0.204638321144783
"C-WEU-FRA","mortar",2070,0.201597547225779
"C-WEU-FRA","mortar",2080,0.200170427421674
"C-WEU-FRA","mortar",2090,0.198248595633224
"C-WEU-FRA","mortar",2100,0.196304553839926
"C-WEU-FRA","other_materials",2020,2.95
"C-WEU-FRA","other_materials",2025,2.95
"C-WEU-FRA","other_materials",2030,2.95
"C-WEU-FRA","other_materials",2035,2.95
"C-WEU-FRA","other_materials",2040,2.95
"C-WEU-FRA","other_materials",2045,2.95
"C-WEU-FRA","other_materials",2050,2.95
"C-WEU-FRA","other_materials",2055,2.95
"C-WEU-FRA","other_materials",2060,2.95
"C-WEU-FRA","other_materials",2065,2.95
"C-WEU-FRA","other_materials",2070,2.95
"C-WEU-FRA","other_materials",2075,2.95
"C-WEU-FRA","other_materials",2080,2.95
"C-WEU-FRA","other_materials",2085,2.95
"C-WEU-FRA","other_materials",2090,2.95
"C-WEU-FRA","other_materials",2095,2.95
"C-WEU-FRA","other_materials",2100,2.95
"C-WEU-FRA","other_plastics",2020,3.45
"C-WEU-FRA","other_plastics",2025,3.45
"C-WEU-FRA","other_plastics",2030,3.45
"C-WEU-FRA","other_plastics",2035,3.45
"C-WEU-FRA","other_plastics",2040,3.45
"C-WEU-FRA","other_plastics",2045,3.45
"C-WEU-FRA","other_plastics",2050,3.45
"C-WEU-FRA","other_plastics",2055,3.45
"C-WEU-FRA","other_plastics",2060,3.45
"C-WEU-FRA","other_plastics",2065,3.45
"C-WEU-FRA","other_plastics",2070,3.45
"C-WEU-FRA","other_plastics",2075,3.45
"C-WEU-FRA","other_plastics",2080,3.45
"C-WEU-FRA","other_plastics",2085,3.45
"C-WEU-FRA","other_plastics",2090,3.45
"C-WEU-FRA","other_plastics",2095,3.45
"C-WEU-FRA","other_plastics",2100,3.45
"C-WEU-FRA","plaster",2020,0.907684029470872
"C-WEU-FRA","plaster",2030,0.885176815467904
"C-WEU-FRA","plaster",2040,0.841361850987335
"C-WEU-FRA","plaster",2050,0.816687669613535
"C-WEU-FRA","plaster",2060,0.794590192956287
"C-WEU-FRA","plaster",2070,0.784393741324948
"C-WEU-FRA","plaster",2080,0.778910404544169
"C-WEU-FRA","plaster",2090,0.772450747271682
"C-WEU-FRA","plaster",2100,0.767100043368631
"C-WEU-FRA","polypropylene",2020,2.85
"C-WEU-FRA","polypropylene",2025,2.85
"C-WEU-FRA","polypropylene",2030,2.85
"C-WEU-FRA","polypropylene",2035,2.85
"C-WEU-FRA","polypropylene",2040,2.85
"C-WEU-FRA","polypropylene",2045,2.85
"C-WEU-FRA","polypropylene",2050,2.85
"C-WEU-FRA","polypropylene",2055,2.85
"C-WEU-FRA","polypropylene",2060,2.85
"C-WEU-FRA","polypropylene",2065,2.85
"C-WEU-FRA","polypropylene",2070,2.85
"C-WEU-FRA","polypropylene",2075,2.85
"C-WEU-FRA","polypropylene",2080,2.85
"C-WEU-FRA","polypropylene",2085,2.85
"C-WEU-FRA","polypropylene",2090,2.85
"C-WEU-FRA","polypropylene",2095,2.85
"C-WEU-FRA","polypropylene",2100,2.85
"C-WEU-FRA","polystyrene",2020,4.19
"C-WEU-FRA","polystyrene",2025,4.19
"C-WEU-FRA","polystyrene",2030,4.19
"C-WEU-FRA","polystyrene",2035,4.19
"C-WEU-FRA","polystyrene",2040,4.19
"C-WEU-FRA","polystyrene",2045,4.19
"C-WEU-FRA","polystyrene",2050,4.19
"C-WEU-FRA","polystyrene",2055,4.19
"C-WEU-FRA","polystyrene",2060,4.19
"C-WEU-FRA","polystyrene",2065,4.19
"C-WEU-FRA","polystyrene",2070,4.19
"C-WEU-FRA","polystyrene",2075,4.19
"C-WEU-FRA","polystyrene",2080,4.19
"C-WEU-FRA","polystyrene",2085,4.19
"C-WEU-FRA","polystyrene",2090,4.19
"C-WEU-FRA","polystyrene",2095,4.19
"C-WEU-FRA","polystyrene",2100,4.19
"C-WEU-FRA","steel",2020,0.880637011769495
"C-WEU-FRA","steel",2030,0.858519884815397
"C-WEU-FRA","steel",2040,0.814925974206866
"C-WEU-FRA","steel",2050,0.790561411586921
"C-WEU-FRA","steel",2060,0.769424212774861
"C-WEU-FRA","steel",2070,0.759651179498065
"C-WEU-FRA","steel",2080,0.754380233819922
"C-WEU-FRA","steel",2090,0.748247745643613
"C-WEU-FRA","steel",2100,0.743160103423421
"C-WEU-FRA","wood",2020,0.131523388973096
"C-WEU-FRA","wood",2030,0.127918747330539
"C-WEU-FRA","wood",2040,0.125486657550788
"C-WEU-FRA","wood",2050,0.118844379619748
"C-WEU-FRA","wood",2060,0.10425698929116
"C-WEU-FRA","wood",2070,0.0970234452844144
"C-WEU-FRA","wood",2080,0.094039006612327
"C-WEU-FRA","wood",2090,0.0899482567735193
"C-WEU-FRA","wood",2100,0.0840177761480068
"C-WEU-GBR","acrylonitrile_butadiene_styrene",2020,4.19
"C-WEU-GBR","acrylonitrile_butadiene_styrene",2025,4.19
"C-WEU-GBR","acrylonitrile_butadiene_styrene",2030,4.19
"C-WEU-GBR","acrylonitrile_butadiene_styrene",2035,4.19
"C-WEU-GBR","acrylonitrile_butadiene_styrene",2040,4.19
"C-WEU-GBR","acrylonitrile_butadiene_styrene",2045,4.19
"C-WEU-GBR","acrylonitrile_butadiene_styrene",2050,4.19
"C-WEU-GBR","acrylonitrile_butadiene_styrene",2055,4.19
"C-WEU-GBR","acrylonitrile_butadiene_styrene",2060,4.19
"C-WEU-GBR","acrylonitrile_butadiene_styrene",2065,4.19
"C-WEU-GBR","acrylonitrile_butadiene_styrene",2070,4.19
"C-WEU-GBR","acrylonitrile_butadiene_styrene",2075,4.19
"C-WEU-GBR","acrylonitrile_butadiene_styrene",2080,4.19
"C-WEU-GBR","acrylonitrile_butadiene_styrene",2085,4.19
"C-WEU-GBR","acrylonitrile_butadiene_styrene",2090,4.19
"C-WEU-GBR","acrylonitrile_butadiene_styrene",2095,4.19
"C-WEU-GBR","acrylonitrile_butadiene_styrene",2100,4.19
"C-WEU-GBR","aluminium",2020,14.5075193220672
"C-WEU-GBR","aluminium",2030,14.2596740244073
"C-WEU-GBR","aluminium",2040,14.1431842283059
"C-WEU-GBR","aluminium",2050,13.7128182589558
"C-WEU-GBR","aluminium",2060,12.2380939921977
"C-WEU-GBR","aluminium",2070,11.626246883642
"C-WEU-GBR","aluminium",2080,11.2203701639442
"C-WEU-GBR","aluminium",2090,10.8206822897633
"C-WEU-GBR","aluminium",2100,10.6050333265886
"C-WEU-GBR","bio-based_polypropylene",2020,1.745
"C-WEU-GBR","bio-based_polypropylene",2025,1.745
"C-WEU-GBR","bio-based_polypropylene",2030,1.745
"C-WEU-GBR","bio-based_polypropylene",2035,1.745
"C-WEU-GBR","bio-based_polypropylene",2040,1.745
"C-WEU-GBR","bio-based_polypropylene",2045,1.745
"C-WEU-GBR","bio-based_polypropylene",2050,1.745
"C-WEU-GBR","bio-based_polypropylene",2055,1.745
"C-WEU-GBR","bio-based_polypropylene",2060,1.745
"C-WEU-GBR","bio-based_polypropylene",2065,1.745
"C-WEU-GBR","bio-based_polypropylene",2070,1.745
"C-WEU-GBR","bio-based_polypropylene",2075,1.745
"C-WEU-GBR","bio-based_polypropylene",2080,1.745
"C-WEU-GBR","bio-based_polypropylene",2085,1.745
"C-WEU-GBR","bio-based_polypropylene",2090,1.745
"C-WEU-GBR","bio-based_polypropylene",2095,1.745
"C-WEU-GBR","bio-based_polypropylene",2100,1.745
"C-WEU-GBR","bio-based_polystyrene",2020,1.745
"C-WEU-GBR","bio-based_polystyrene",2025,1.745
"C-WEU-GBR","bio-based_polystyrene",2030,1.745
"C-WEU-GBR","bio-based_polystyrene",2035,1.745
"C-WEU-GBR","bio-based_polystyrene",2040,1.745
"C-WEU-GBR","bio-based_polystyrene",2045,1.745
"C-WEU-GBR","bio-based_polystyrene",2050,1.745
"C-WEU-GBR","bio-based_polystyrene",2055,1.745
"C-WEU-GBR","bio-based_polystyrene",2060,1.745
"C-WEU-GBR","bio-based_polystyrene",2065,1.745
"C-WEU-GBR","bio-based_polystyrene",2070,1.745
"C-WEU-GBR","bio-based_polystyrene",2075,1.745
"C-WEU-GBR","bio-based_polystyrene",2080,1.745
"C-WEU-GBR","bio-based_polystyrene",2085,1.745
"C-WEU-GBR","bio-based_polystyrene",2090,1.745
"C-WEU-GBR","bio-based_polystyrene",2095,1.745
"C-WEU-GBR","bio-based_polystyrene",2100,1.745
"C-WEU-GBR","brick",2020,0.255354211059323
"C-WEU-GBR","brick",2030,0.253436368881112
"C-WEU-GBR","brick",2040,0.252067883933655
"C-WEU-GBR","brick",2050,0.249216103092977
"C-WEU-GBR","brick",2060,0.242895938067345
"C-WEU-GBR","brick",2070,0.239871420112532
"C-WEU-GBR","brick",2080,0.23864220810427
"C-WEU-GBR","brick",2090,0.236807361914845
"C-WEU-GBR","brick",2100,0.234254489674243
"C-WEU-GBR","concrete",2020,0.825349510201989
"C-WEU-GBR","concrete",2030,0.79802661435771
"C-WEU-GBR","concrete",2040,0.740798042870699
"C-WEU-GBR","concrete",2050,0.710818580398354
"C-WEU-GBR","concrete",2060,0.689925322815031
"C-WEU-GBR","concrete",2070,0.680203461352861
"C-WEU-GBR","concrete",2080,0.67453668911707
"C-WEU-GBR","concrete",2090,0.668619515507331
"C-WEU-GBR","concrete",2100,0.664333779969531
"C-WEU-GBR","copper",2020,5.67166444082771
"C-WEU-GBR","copper",2030,5.47573566435761
"C-WEU-GBR","copper",2040,5.3823136803621
"C-WEU-GBR","copper",2050,5.26754024419668
"C-WEU-GBR","copper",2060,4.75059903307488
"C-WEU-GBR","copper",2070,4.5332657836101
"C-WEU-GBR","copper",2080,4.38949323163255
"C-WEU-GBR","copper",2090,4.22391605761607
"C-WEU-GBR","copper",2100,4.11636329938511
"C-WEU-GBR","glass",2020,1.12804238296091
"C-WEU-GBR","glass",2030,1.0991971437951
"C-WEU-GBR","glass",2040,1.04173136056578
"C-WEU-GBR","glass",2050,1.00997904439863
"C-WEU-GBR","glass",2060,0.982933418822496
"C-WEU-GBR","glass",2070,0.970526350755339
"C-WEU-GBR","glass",2080,0.963779188400643
"C-WEU-GBR","glass",2090,0.955943364650483
"C-WEU-GBR","glass",2100,0.949564751334641
"C-WEU-GBR","mortar",2020,0.219366781733747
"C-WEU-GBR","mortar",2030,0.216356666815275
"C-WEU-GBR","mortar",2040,0.213760047127738
"C-WEU-GBR","mortar",2050,0.210694837059892
"C-WEU-GBR","mortar",2060,0.204638321144783
"C-WEU-GBR","mortar",2070,0.201597547225779
"C-WEU-GBR","mortar",2080,0.200170427421674
"C-WEU-GBR","mortar",2090,0.198248595633224
"C-WEU-GBR","mortar",2100,0.196304553839926
"C-WEU-GBR","other_materials",2020,2.95
"C-WEU-GBR","other_materials",2025,2.95
"C-WEU-GBR","other_materials",2030,2.95
"C-WEU-GBR","other_materials",2035,2.95
"C-WEU-GBR","other_materials",2040,2.95
"C-WEU-GBR","other_materials",2045,2.95
"C-WEU-GBR","other_materials",2050,2.95
"C-WEU-GBR","other_materials",2055,2.95
"C-WEU-GBR","other_materials",2060,2.95
"C-WEU-GBR","other_materials",2065,2.95
"C-WEU-GBR","other_materials",2070,2.95
"C-WEU-GBR","other_materials",2075,2.95
"C-WEU-GBR","other_materials",2080,2.95
"C-WEU-GBR","other_materials",2085,2.95
"C-WEU-GBR","other_materials",2090,2.95
"C-WEU-GBR","other_materials",2095,2.95
"C-WEU-GBR","other_materials",2100,2.95
"C-WEU-GBR","other_plastics",2020,3.45
"C-WEU-GBR","other_plastics",2025,3.45
"C-WEU-GBR","other_plastics",2030,3.45
"C-WEU-GBR","other_plastics",2035,3.45
"C-WEU-GBR","other_plastics",2040,3.45
"C-WEU-GBR","other_plastics",2045,3.45
"C-WEU-GBR","other_plastics",2050,3.45
"C-WEU-GBR","other_plastics",2055,3.45
"C-WEU-GBR","other_plastics",2060,3.45
"C-WEU-GBR","other_plastics",2065,3.45
"C-WEU-GBR","other_plastics",2070,3.45
"C-WEU-GBR","other_plastics",2075,3.45
"C-WEU-GBR","other_plastics",2080,3.45
"C-WEU-GBR","other_plastics",2085,3.45
"C-WEU-GBR","other_plastics",2090,3.45
"C-WEU-GBR","other_plastics",2095,3.45
"C-WEU-GBR","other_plastics",2100,3.45
"C-WEU-GBR","plaster",2020,0.907684029470872
"C-WEU-GBR","plaster",2030,0.885176815467904
"C-WEU-GBR","plaster",2040,0.841361850987335
"C-WEU-GBR","plaster",2050,0.816687669613535
"C-WEU-GBR","plaster",2060,0.794590192956287
"C-WEU-GBR","plaster",2070,0.784393741324948
"C-WEU-GBR","plaster",2080,0.778910404544169
"C-WEU-GBR","plaster",2090,0.772450747271682
"C-WEU-GBR","plaster",2100,0.767100043368631
"C-WEU-GBR","polypropylene",2020,2.85
"C-WEU-GBR","polypropylene",2025,2.85
"C-WEU-GBR","polypropylene",2030,2.85
"C-WEU-GBR","polypropylene",2035,2.85
"C-WEU-GBR","polypropylene",2040,2.85
"C-WEU-GBR","polypropylene",2045,2.85
"C-WEU-GBR","polypropylene",2050,2.85
"C-WEU-GBR","polypropylene",2055,2.85
"C-WEU-GBR","polypropylene",2060,2.85
"C-WEU-GBR","polypropylene",2065,2.85
"C-WEU-GBR","polypropylene",2070,2.85
"C-WEU-GBR","polypropylene",2075,2.85
"C-WEU-GBR","polypropylene",2080,2.85
"C-WEU-GBR","polypropylene",2085,2.85
"C-WEU-GBR","polypropylene",2090,2.85
"C-WEU-GBR","polypropylene",2095,2.85
"C-WEU-GBR","polypropylene",2100,2.85
"C-WEU-GBR","polystyrene",2020,4.19
"C-WEU-GBR","polystyrene",2025,4.19
"C-WEU-GBR","polystyrene",2030,4.19
"C-WEU-GBR","polystyrene",2035,4.19
"C-WEU-GBR","polystyrene",2040,4.19
"C-WEU-GBR","polystyrene",2045,4.19
"C-WEU-GBR","polystyrene",2050,4.19
"C-WEU-GBR","polystyrene",2055,4.19
"C-WEU-GBR","polystyrene",2060,4.19
"C-WEU-GBR","polystyrene",2065,4.19
"C-WEU-GBR","polystyrene",2070,4.19
"C-WEU-GBR","polystyrene",2075,4.19
"C-WEU-GBR","polystyrene",2080,4.19
"C-WEU-GBR","polystyrene",2085,4.19
"C-WEU-GBR","polystyrene",2090,4.19
"C-WEU-GBR","polystyrene",2095,4.19
"C-WEU-GBR","polystyrene",2100,4.19
"C-WEU-GBR","steel",2020,0.880637011769495
"C-WEU-GBR","steel",2030,0.858519884815397
"C-WEU-GBR","steel",2040,0.814925974206866
"C-WEU-GBR","steel",2050,0.790561411586921
"C-WEU-GBR","steel",2060,0.769424212774861
"C-WEU-GBR","steel",2070,0.759651179498065
"C-WEU-GBR","steel",2080,0.754380233819922
"C-WEU-GBR","steel",2090,0.748247745643613
"C-WEU-GBR","steel",2100,0.743160103423421
"C-WEU-GBR","wood",2020,0.131523388973096
"C-WEU-GBR","wood",2030,0.127918747330539
"C-WEU-GBR","wood",2040,0.125486657550788
"C-WEU-GBR","wood",2050,0.118844379619748
"C-WEU-GBR","wood",2060,0.10425698929116
"C-WEU-GBR","wood",2070,0.0970234452844144
"C-WEU-GBR","wood",2080,0.094039006612327
"C-WEU-GBR","wood",2090,0.0899482567735193
"C-WEU-GBR","wood",2100,0.0840177761480068
"C-WEU-GRC","acrylonitrile_butadiene_styrene",2020,4.19
"C-WEU-GRC","acrylonitrile_butadiene_styrene",2025,4.19
"C-WEU-GRC","acrylonitrile_butadiene_styrene",2030,4.19
"C-WEU-GRC","acrylonitrile_butadiene_styrene",2035,4.19
"C-WEU-GRC","acrylonitrile_butadiene_styrene",2040,4.19
"C-WEU-GRC","acrylonitrile_butadiene_styrene",2045,4.19
"C-WEU-GRC","acrylonitrile_butadiene_styrene",2050,4.19
"C-WEU-GRC","acrylonitrile_butadiene_styrene",2055,4.19
"C-WEU-GRC","acrylonitrile_butadiene_styrene",2060,4.19
"C-WEU-GRC","acrylonitrile_butadiene_styrene",2065,4.19
"C-WEU-GRC","acrylonitrile_butadiene_styrene",2070,4.19
"C-WEU-GRC","acrylonitrile_butadiene_styrene",2075,4.19
"C-WEU-GRC","acrylonitrile_butadiene_styrene",2080,4.19
"C-WEU-GRC","acrylonitrile_butadiene_styrene",2085,4.19
"C-WEU-GRC","acrylonitrile_butadiene_styrene",2090,4.19
"C-WEU-GRC","acrylonitrile_butadiene_styrene",2095,4.19
"C-WEU-GRC","acrylonitrile_butadiene_styrene",2100,4.19
"C-WEU-GRC","aluminium",2020,14.5075193220672
"C-WEU-GRC","aluminium",2030,14.2596740244073
"C-WEU-GRC","aluminium",2040,14.1431842283059
"C-WEU-GRC","aluminium",2050,13.7128182589558
"C-WEU-GRC","aluminium",2060,12.2380939921977
"C-WEU-GRC","aluminium",2070,11.626246883642
"C-WEU-GRC","aluminium",2080,11.2203701639442
"C-WEU-GRC","aluminium",2090,10.8206822897633
"C-WEU-GRC","aluminium",2100,10.6050333265886
"C-WEU-GRC","bio-based_polypropylene",2020,1.745
"C-WEU-GRC","bio-based_polypropylene",2025,1.745
"C-WEU-GRC","bio-based_polypropylene",2030,1.745
"C-WEU-GRC","bio-based_polypropylene",2035,1.745
"C-WEU-GRC","bio-based_polypropylene",2040,1.745
"C-WEU-GRC","bio-based_polypropylene",2045,1.745
"C-WEU-GRC","bio-based_polypropylene",2050,1.745
"C-WEU-GRC","bio-based_polypropylene",2055,1.745
"C-WEU-GRC","bio-based_polypropylene",2060,1.745
"C-WEU-GRC","bio-based_polypropylene",2065,1.745
"C-WEU-GRC","bio-based_polypropylene",2070,1.745
"C-WEU-GRC","bio-based_polypropylene",2075,1.745
"C-WEU-GRC","bio-based_polypropylene",2080,1.745
"C-WEU-GRC","bio-based_polypropylene",2085,1.745
"C-WEU-GRC","bio-based_polypropylene",2090,1.745
"C-WEU-GRC","bio-based_polypropylene",2095,1.745
"C-WEU-GRC","bio-based_polypropylene",2100,1.745
"C-WEU-GRC","bio-based_polystyrene",2020,1.745
"C-WEU-GRC","bio-based_polystyrene",2025,1.745
"C-WEU-GRC","bio-based_polystyrene",2030,1.745
"C-WEU-GRC","bio-based_polystyrene",2035,1.745
"C-WEU-GRC","bio-based_polystyrene",2040,1.745
"C-WEU-GRC","bio-based_polystyrene",2045,1.745
"C-WEU-GRC","bio-based_polystyrene",2050,1.745
"C-WEU-GRC","bio-based_polystyrene",2055,1.745
"C-WEU-GRC","bio-based_polystyrene",2060,1.745
"C-WEU-GRC","bio-based_polystyrene",2065,1.745
"C-WEU-GRC","bio-based_polystyrene",2070,1.745
"C-WEU-GRC","bio-based_polystyrene",2075,1.745
"C-WEU-GRC","bio-based_polystyrene",2080,1.745
"C-WEU-GRC","bio-based_polystyrene",2085,1.745
"C-WEU-GRC","bio-based_polystyrene",2090,1.745
"C-WEU-GRC","bio-based_polystyrene",2095,1.745
"C-WEU-GRC","bio-based_polystyrene",2100,1.745
"C-WEU-GRC","brick",2020,0.255354211059323
"C-WEU-GRC","brick",2030,0.253436368881112
"C-WEU-GRC","brick",2040,0.252067883933655
"C-WEU-GRC","brick",2050,0.249216103092977
"C-WEU-GRC","brick",2060,0.242895938067345
"C-WEU-GRC","brick",2070,0.239871420112532
"C-WEU-GRC","brick",2080,0.23864220810427
"C-WEU-GRC","brick",2090,0.236807361914845
"C-WEU-GRC","brick",2100,0.234254489674243
"C-WEU-GRC","concrete",2020,0.825349510201989
"C-WEU-GRC","concrete",2030,0.79802661435771
"C-WEU-GRC","concrete",2040,0.740798042870699
"C-WEU-GRC","concrete",2050,0.710818580398354
"C-WEU-GRC","concrete",2060,0.689925322815031
"C-WEU-GRC","concrete",2070,0.680203461352861
"C-WEU-GRC","concrete",2080,0.67453668911707
"C-WEU-GRC","concrete",2090,0.668619515507331
"C-WEU-GRC","concrete",2100,0.664333779969531
"C-WEU-GRC","copper",2020,5.67166444082771
"C-WEU-GRC","copper",2030,5.47573566435761
"C-WEU-GRC","copper",2040,5.3823136803621
"C-WEU-GRC","copper",2050,5.26754024419668
"C-WEU-GRC","copper",2060,4.75059903307488
"C-WEU-GRC","copper",2070,4.5332657836101
"C-WEU-GRC","copper",2080,4.38949323163255
"C-WEU-GRC","copper",2090,4.22391605761607
"C-WEU-GRC","copper",2100,4.11636329938511
"C-WEU-GRC","glass",2020,1.12804238296091
"C-WEU-GRC","glass",2030,1.0991971437951
"C-WEU-GRC","glass",2040,1.04173136056578
"C-WEU-GRC","glass",2050,1.00997904439863
"C-WEU-GRC","glass",2060,0.982933418822496
"C-WEU-GRC","glass",2070,0.970526350755339
"C-WEU-GRC","glass",2080,0.963779188400643
"C-WEU-GRC","glass",2090,0.955943364650483
"C-WEU-GRC","glass",2100,0.949564751334641
"C-WEU-GRC","mortar",2020,0.219366781733747
"C-WEU-GRC","mortar",2030,0.216356666815275
"C-WEU-GRC","mortar",2040,0.213760047127738
"C-WEU-GRC","mortar",2050,0.210694837059892
"C-WEU-GRC","mortar",2060,0.204638321144783
"C-WEU-GRC","mortar",2070,0.201597547225779
"C-WEU-GRC","mortar",2080,0.200170427421674
"C-WEU-GRC","mortar",2090,0.198248595633224
"C-WEU-GRC","mortar",2100,0.196304553839926
"C-WEU-GRC","other_materials",2020,2.95
"C-WEU-GRC","other_materials",2025,2.95
"C-WEU-GRC","other_materials",2030,2.95
"C-WEU-GRC","other_materials",2035,2.95
"C-WEU-GRC","other_materials",2040,2.95
"C-WEU-GRC","other_materials",2045,2.95
"C-WEU-GRC","other_materials",2050,2.95
"C-WEU-GRC","other_materials",2055,2.95
"C-WEU-GRC","other_materials",2060,2.95
"C-WEU-GRC","other_materials",2065,2.95
"C-WEU-GRC","other_materials",2070,2.95
"C-WEU-GRC","other_materials",2075,2.95
"C-WEU-GRC","other_materials",2080,2.95
"C-WEU-GRC","other_materials",2085,2.95
"C-WEU-GRC","other_materials",2090,2.95
"C-WEU-GRC","other_materials",2095,2.95
"C-WEU-GRC","other_materials",2100,2.95
"C-WEU-GRC","other_plastics",2020,3.45
"C-WEU-GRC","other_plastics",2025,3.45
"C-WEU-GRC","other_plastics",2030,3.45
"C-WEU-GRC","other_plastics",2035,3.45
"C-WEU-GRC","other_plastics",2040,3.45
"C-WEU-GRC","other_plastics",2045,3.45
"C-WEU-GRC","other_plastics",2050,3.45
"C-WEU-GRC","other_plastics",2055,3.45
"C-WEU-GRC","other_plastics",2060,3.45
"C-WEU-GRC","other_plastics",2065,3.45
"C-WEU-GRC","other_plastics",2070,3.45
"C-WEU-GRC","other_plastics",2075,3.45
"C-WEU-GRC","other_plastics",2080,3.45
"C-WEU-GRC","other_plastics",2085,3.45
"C-WEU-GRC","other_plastics",2090,3.45
"C-WEU-GRC","other_plastics",2095,3.45
"C-WEU-GRC","other_plastics",2100,3.45
"C-WEU-GRC","plaster",2020,0.907684029470872
"C-WEU-GRC","plaster",2030,0.885176815467904
"C-WEU-GRC","plaster",2040,0.841361850987335
"C-WEU-GRC","plaster",2050,0.816687669613535
"C-WEU-GRC","plaster",2060,0.794590192956287
"C-WEU-GRC","plaster",2070,0.784393741324948
"C-WEU-GRC","plaster",2080,0.778910404544169
"C-WEU-GRC","plaster",2090,0.772450747271682
"C-WEU-GRC","plaster",2100,0.767100043368631
"C-WEU-GRC","polypropylene",2020,2.85
"C-WEU-GRC","polypropylene",2025,2.85
"C-WEU-GRC","polypropylene",2030,2.85
"C-WEU-GRC","polypropylene",2035,2.85
"C-WEU-GRC","polypropylene",2040,2.85
"C-WEU-GRC","polypropylene",2045,2.85
"C-WEU-GRC","polypropylene",2050,2.85
"C-WEU-GRC","polypropylene",2055,2.85
"C-WEU-GRC","polypropylene",2060,2.85
"C-WEU-GRC","polypropylene",2065,2.85
"C-WEU-GRC","polypropylene",2070,2.85
"C-WEU-GRC","polypropylene",2075,2.85
"C-WEU-GRC","polypropylene",2080,2.85
"C-WEU-GRC","polypropylene",2085,2.85
"C-WEU-GRC","polypropylene",2090,2.85
"C-WEU-GRC","polypropylene",2095,2.85
"C-WEU-GRC","polypropylene",2100,2.85
"C-WEU-GRC","polystyrene",2020,4.19
"C-WEU-GRC","polystyrene",2025,4.19
"C-WEU-GRC","polystyrene",2030,4.19
"C-WEU-GRC","polystyrene",2035,4.19
"C-WEU-GRC","polystyrene",2040,4.19
"C-WEU-GRC","polystyrene",2045,4.19
"C-WEU-GRC","polystyrene",2050,4.19
"C-WEU-GRC","polystyrene",2055,4.19
"C-WEU-GRC","polystyrene",2060,4.19
"C-WEU-GRC","polystyrene",2065,4.19
"C-WEU-GRC","polystyrene",2070,4.19
"C-WEU-GRC","polystyrene",2075,4.19
"C-WEU-GRC","polystyrene",2080,4.19
"C-WEU-GRC","polystyrene",2085,4.19
"C-WEU-GRC","polystyrene",2090,4.19
"C-WEU-GRC","polystyrene",2095,4.19
"C-WEU-GRC","polystyrene",2100,4.19
"C-WEU-GRC","steel",2020,0.880637011769495
"C-WEU-GRC","steel",2030,0.858519884815397
"C-WEU-GRC","steel",2040,0.814925974206866
"C-WEU-GRC","steel",2050,0.790561411586921
"C-WEU-GRC","steel",2060,0.769424212774861
"C-WEU-GRC","steel",2070,0.759651179498065
"C-WEU-GRC","steel",2080,0.754380233819922
"C-WEU-GRC","steel",2090,0.748247745643613
"C-WEU-GRC","steel",2100,0.743160103423421
"C-WEU-GRC","wood",2020,0.131523388973096
"C-WEU-GRC","wood",2030,0.127918747330539
"C-WEU-GRC","wood",2040,0.125486657550788
"C-WEU-GRC","wood",2050,0.118844379619748
"C-WEU-GRC","wood",2060,0.10425698929116
"C-WEU-GRC","wood",2070,0.0970234452844144
"C-WEU-GRC","wood",2080,0.094039006612327
"C-WEU-GRC","wood",2090,0.0899482567735193
"C-WEU-GRC","wood",2100,0.0840177761480068
"C-WEU-IRL","acrylonitrile_butadiene_styrene",2020,4.19
"C-WEU-IRL","acrylonitrile_butadiene_styrene",2025,4.19
"C-WEU-IRL","acrylonitrile_butadiene_styrene",2030,4.19
"C-WEU-IRL","acrylonitrile_butadiene_styrene",2035,4.19
"C-WEU-IRL","acrylonitrile_butadiene_styrene",2040,4.19
"C-WEU-IRL","acrylonitrile_butadiene_styrene",2045,4.19
"C-WEU-IRL","acrylonitrile_butadiene_styrene",2050,4.19
"C-WEU-IRL","acrylonitrile_butadiene_styrene",2055,4.19
"C-WEU-IRL","acrylonitrile_butadiene_styrene",2060,4.19
"C-WEU-IRL","acrylonitrile_butadiene_styrene",2065,4.19
"C-WEU-IRL","acrylonitrile_butadiene_styrene",2070,4.19
"C-WEU-IRL","acrylonitrile_butadiene_styrene",2075,4.19
"C-WEU-IRL","acrylonitrile_butadiene_styrene",2080,4.19
"C-WEU-IRL","acrylonitrile_butadiene_styrene",2085,4.19
"C-WEU-IRL","acrylonitrile_butadiene_styrene",2090,4.19
"C-WEU-IRL","acrylonitrile_butadiene_styrene",2095,4.19
"C-WEU-IRL","acrylonitrile_butadiene_styrene",2100,4.19
"C-WEU-IRL","aluminium",2020,14.5075193220672
"C-WEU-IRL","aluminium",2030,14.2596740244073
"C-WEU-IRL","aluminium",2040,14.1431842283059
"C-WEU-IRL","aluminium",2050,13.7128182589558
"C-WEU-IRL","aluminium",2060,12.2380939921977
"C-WEU-IRL","aluminium",2070,11.626246883642
"C-WEU-IRL","aluminium",2080,11.2203701639442
"C-WEU-IRL","aluminium",2090,10.8206822897633
"C-WEU-IRL","aluminium",2100,10.6050333265886
"C-WEU-IRL","bio-based_polypropylene",2020,1.745
"C-WEU-IRL","bio-based_polypropylene",2025,1.745
"C-WEU-IRL","bio-based_polypropylene",2030,1.745
"C-WEU-IRL","bio-based_polypropylene",2035,1.745
"C-WEU-IRL","bio-based_polypropylene",2040,1.745
"C-WEU-IRL","bio-based_polypropylene",2045,1.745
"C-WEU-IRL","bio-based_polypropylene",2050,1.745
"C-WEU-IRL","bio-based_polypropylene",2055,1.745
"C-WEU-IRL","bio-based_polypropylene",2060,1.745
"C-WEU-IRL","bio-based_polypropylene",2065,1.745
"C-WEU-IRL","bio-based_polypropylene",2070,1.745
"C-WEU-IRL","bio-based_polypropylene",2075,1.745
"C-WEU-IRL","bio-based_polypropylene",2080,1.745
"C-WEU-IRL","bio-based_polypropylene",2085,1.745
"C-WEU-IRL","bio-based_polypropylene",2090,1.745
"C-WEU-IRL","bio-based_polypropylene",2095,1.745
"C-WEU-IRL","bio-based_polypropylene",2100,1.745
"C-WEU-IRL","bio-based_polystyrene",2020,1.745
"C-WEU-IRL","bio-based_polystyrene",2025,1.745
"C-WEU-IRL","bio-based_polystyrene",2030,1.745
"C-WEU-IRL","bio-based_polystyrene",2035,1.745
"C-WEU-IRL","bio-based_polystyrene",2040,1.745
"C-WEU-IRL","bio-based_polystyrene",2045,1.745
"C-WEU-IRL","bio-based_polystyrene",2050,1.745
"C-WEU-IRL","bio-based_polystyrene",2055,1.745
"C-WEU-IRL","bio-based_polystyrene",2060,1.745
"C-WEU-IRL","bio-based_polystyrene",2065,1.745
"C-WEU-IRL","bio-based_polystyrene",2070,1.745
"C-WEU-IRL","bio-based_polystyrene",2075,1.745
"C-WEU-IRL","bio-based_polystyrene",2080,1.745
"C-WEU-IRL","bio-based_polystyrene",2085,1.745
"C-WEU-IRL","bio-based_polystyrene",2090,1.745
"C-WEU-IRL","bio-based_polystyrene",2095,1.745
"C-WEU-IRL","bio-based_polystyrene",2100,1.745
"C-WEU-IRL","brick",2020,0.255354211059323
"C-WEU-IRL","brick",2030,0.253436368881112
"C-WEU-IRL","brick",2040,0.252067883933655
"C-WEU-IRL","brick",2050,0.249216103092977
"C-WEU-IRL","brick",2060,0.242895938067345
"C-WEU-IRL","brick",2070,0.239871420112532
"C-WEU-IRL","brick",2080,0.23864220810427
"C-WEU-IRL","brick",2090,0.236807361914845
"C-WEU-IRL","brick",2100,0.234254489674243
"C-WEU-IRL","concrete",2020,0.825349510201989
"C-WEU-IRL","concrete",2030,0.79802661435771
"C-WEU-IRL","concrete",2040,0.740798042870699
"C-WEU-IRL","concrete",2050,0.710818580398354
"C-WEU-IRL","concrete",2060,0.689925322815031
"C-WEU-IRL","concrete",2070,0.680203461352861
"C-WEU-IRL","concrete",2080,0.67453668911707
"C-WEU-IRL","concrete",2090,0.668619515507331
"C-WEU-IRL","concrete",2100,0.664333779969531
"C-WEU-IRL","copper",2020,5.67166444082771
"C-WEU-IRL","copper",2030,5.47573566435761
"C-WEU-IRL","copper",2040,5.3823136803621
"C-WEU-IRL","copper",2050,5.26754024419668
"C-WEU-IRL","copper",2060,4.75059903307488
"C-WEU-IRL","copper",2070,4.5332657836101
"C-WEU-IRL","copper",2080,4.38949323163255
"C-WEU-IRL","copper",2090,4.22391605761607
"C-WEU-IRL","copper",2100,4.11636329938511
"C-WEU-IRL","glass",2020,1.12804238296091
"C-WEU-IRL","glass",2030,1.0991971437951
"C-WEU-IRL","glass",2040,1.04173136056578
"C-WEU-IRL","glass",2050,1.00997904439863
"C-WEU-IRL","glass",2060,0.982933418822496
"C-WEU-IRL","glass",2070,0.970526350755339
"C-WEU-IRL","glass",2080,0.963779188400643
"C-WEU-IRL","glass",2090,0.955943364650483
"C-WEU-IRL","glass",2100,0.949564751334641
"C-WEU-IRL","mortar",2020,0.219366781733747
"C-WEU-IRL","mortar",2030,0.216356666815275
"C-WEU-IRL","mortar",2040,0.213760047127738
"C-WEU-IRL","mortar",2050,0.210694837059892
"C-WEU-IRL","mortar",2060,0.204638321144783
"C-WEU-IRL","mortar",2070,0.201597547225779
"C-WEU-IRL","mortar",2080,0.200170427421674
"C-WEU-IRL","mortar",2090,0.198248595633224
"C-WEU-IRL","mortar",2100,0.196304553839926
"C-WEU-IRL","other_materials",2020,2.95
"C-WEU-IRL","other_materials",2025,2.95
"C-WEU-IRL","other_materials",2030,2.95
"C-WEU-IRL","other_materials",2035,2.95
"C-WEU-IRL","other_materials",2040,2.95
"C-WEU-IRL","other_materials",2045,2.95
"C-WEU-IRL","other_materials",2050,2.95
"C-WEU-IRL","other_materials",2055,2.95
"C-WEU-IRL","other_materials",2060,2.95
"C-WEU-IRL","other_materials",2065,2.95
"C-WEU-IRL","other_materials",2070,2.95
"C-WEU-IRL","other_materials",2075,2.95
"C-WEU-IRL","other_materials",2080,2.95
"C-WEU-IRL","other_materials",2085,2.95
"C-WEU-IRL","other_materials",2090,2.95
"C-WEU-IRL","other_materials",2095,2.95
"C-WEU-IRL","other_materials",2100,2.95
"C-WEU-IRL","other_plastics",2020,3.45
"C-WEU-IRL","other_plastics",2025,3.45
"C-WEU-IRL","other_plastics",2030,3.45
"C-WEU-IRL","other_plastics",2035,3.45
"C-WEU-IRL","other_plastics",2040,3.45
"C-WEU-IRL","other_plastics",2045,3.45
"C-WEU-IRL","other_plastics",2050,3.45
"C-WEU-IRL","other_plastics",2055,3.45
"C-WEU-IRL","other_plastics",2060,3.45
"C-WEU-IRL","other_plastics",2065,3.45
"C-WEU-IRL","other_plastics",2070,3.45
"C-WEU-IRL","other_plastics",2075,3.45
"C-WEU-IRL","other_plastics",2080,3.45
"C-WEU-IRL","other_plastics",2085,3.45
"C-WEU-IRL","other_plastics",2090,3.45
"C-WEU-IRL","other_plastics",2095,3.45
"C-WEU-IRL","other_plastics",2100,3.45
"C-WEU-IRL","plaster",2020,0.907684029470872
"C-WEU-IRL","plaster",2030,0.885176815467904
"C-WEU-IRL","plaster",2040,0.841361850987335
"C-WEU-IRL","plaster",2050,0.816687669613535
"C-WEU-IRL","plaster",2060,0.794590192956287
"C-WEU-IRL","plaster",2070,0.784393741324948
"C-WEU-IRL","plaster",2080,0.778910404544169
"C-WEU-IRL","plaster",2090,0.772450747271682
"C-WEU-IRL","plaster",2100,0.767100043368631
"C-WEU-IRL","polypropylene",2020,2.85
"C-WEU-IRL","polypropylene",2025,2.85
"C-WEU-IRL","polypropylene",2030,2.85
"C-WEU-IRL","polypropylene",2035,2.85
"C-WEU-IRL","polypropylene",2040,2.85
"C-WEU-IRL","polypropylene",2045,2.85
"C-WEU-IRL","polypropylene",2050,2.85
"C-WEU-IRL","polypropylene",2055,2.85
"C-WEU-IRL","polypropylene",2060,2.85
"C-WEU-IRL","polypropylene",2065,2.85
"C-WEU-IRL","polypropylene",2070,2.85
"C-WEU-IRL","polypropylene",2075,2.85
"C-WEU-IRL","polypropylene",2080,2.85
"C-WEU-IRL","polypropylene",2085,2.85
"C-WEU-IRL","polypropylene",2090,2.85
"C-WEU-IRL","polypropylene",2095,2.85
"C-WEU-IRL","polypropylene",2100,2.85
"C-WEU-IRL","polystyrene",2020,4.19
"C-WEU-IRL","polystyrene",2025,4.19
"C-WEU-IRL","polystyrene",2030,4.19
"C-WEU-IRL","polystyrene",2035,4.19
"C-WEU-IRL","polystyrene",2040,4.19
"C-WEU-IRL","polystyrene",2045,4.19
"C-WEU-IRL","polystyrene",2050,4.19
"C-WEU-IRL","polystyrene",2055,4.19
"C-WEU-IRL","polystyrene",2060,4.19
"C-WEU-IRL","polystyrene",2065,4.19
"C-WEU-IRL","polystyrene",2070,4.19
"C-WEU-IRL","polystyrene",2075,4.19
"C-WEU-IRL","polystyrene",2080,4.19
"C-WEU-IRL","polystyrene",2085,4.19
"C-WEU-IRL","polystyrene",2090,4.19
"C-WEU-IRL","polystyrene",2095,4.19
"C-WEU-IRL","polystyrene",2100,4.19
"C-WEU-IRL","steel",2020,0.880637011769495
"C-WEU-IRL","steel",2030,0.858519884815397
"C-WEU-IRL","steel",2040,0.814925974206866
"C-WEU-IRL","steel",2050,0.790561411586921
"C-WEU-IRL","steel",2060,0.769424212774861
"C-WEU-IRL","steel",2070,0.759651179498065
"C-WEU-IRL","steel",2080,0.754380233819922
"C-WEU-IRL","steel",2090,0.748247745643613
"C-WEU-IRL","steel",2100,0.743160103423421
"C-WEU-IRL","wood",2020,0.131523388973096
"C-WEU-IRL","wood",2030,0.127918747330539
"C-WEU-IRL","wood",2040,0.125486657550788
"C-WEU-IRL","wood",2050,0.118844379619748
"C-WEU-IRL","wood",2060,0.10425698929116
"C-WEU-IRL","wood",2070,0.0970234452844144
"C-WEU-IRL","wood",2080,0.094039006612327
"C-WEU-IRL","wood",2090,0.0899482567735193
"C-WEU-IRL","wood",2100,0.0840177761480068
"C-WEU-ISL","acrylonitrile_butadiene_styrene",2020,4.19
"C-WEU-ISL","acrylonitrile_butadiene_styrene",2025,4.19
"C-WEU-ISL","acrylonitrile_butadiene_styrene",2030,4.19
"C-WEU-ISL","acrylonitrile_butadiene_styrene",2035,4.19
"C-WEU-ISL","acrylonitrile_butadiene_styrene",2040,4.19
"C-WEU-ISL","acrylonitrile_butadiene_styrene",2045,4.19
"C-WEU-ISL","acrylonitrile_butadiene_styrene",2050,4.19
"C-WEU-ISL","acrylonitrile_butadiene_styrene",2055,4.19
"C-WEU-ISL","acrylonitrile_butadiene_styrene",2060,4.19
"C-WEU-ISL","acrylonitrile_butadiene_styrene",2065,4.19
"C-WEU-ISL","acrylonitrile_butadiene_styrene",2070,4.19
"C-WEU-ISL","acrylonitrile_butadiene_styrene",2075,4.19
"C-WEU-ISL","acrylonitrile_butadiene_styrene",2080,4.19
"C-WEU-ISL","acrylonitrile_butadiene_styrene",2085,4.19
"C-WEU-ISL","acrylonitrile_butadiene_styrene",2090,4.19
"C-WEU-ISL","acrylonitrile_butadiene_styrene",2095,4.19
"C-WEU-ISL","acrylonitrile_butadiene_styrene",2100,4.19
"C-WEU-ISL","aluminium",2020,14.5075193220672
"C-WEU-ISL","aluminium",2030,14.2596740244073
"C-WEU-ISL","aluminium",2040,14.1431842283059
"C-WEU-ISL","aluminium",2050,13.7128182589558
"C-WEU-ISL","aluminium",2060,12.2380939921977
"C-WEU-ISL","aluminium",2070,11.626246883642
"C-WEU-ISL","aluminium",2080,11.2203701639442
"C-WEU-ISL","aluminium",2090,10.8206822897633
"C-WEU-ISL","aluminium",2100,10.6050333265886
"C-WEU-ISL","bio-based_polypropylene",2020,1.745
"C-WEU-ISL","bio-based_polypropylene",2025,1.745
"C-WEU-ISL","bio-based_polypropylene",2030,1.745
"C-WEU-ISL","bio-based_polypropylene",2035,1.745
"C-WEU-ISL","bio-based_polypropylene",2040,1.745
"C-WEU-ISL","bio-based_polypropylene",2045,1.745
"C-WEU-ISL","bio-based_polypropylene",2050,1.745
"C-WEU-ISL","bio-based_polypropylene",2055,1.745
"C-WEU-ISL","bio-based_polypropylene",2060,1.745
"C-WEU-ISL","bio-based_polypropylene",2065,1.745
"C-WEU-ISL","bio-based_polypropylene",2070,1.745
"C-WEU-ISL","bio-based_polypropylene",2075,1.745
"C-WEU-ISL","bio-based_polypropylene",2080,1.745
"C-WEU-ISL","bio-based_polypropylene",2085,1.745
"C-WEU-ISL","bio-based_polypropylene",2090,1.745
"C-WEU-ISL","bio-based_polypropylene",2095,1.745
"C-WEU-ISL","bio-based_polypropylene",2100,1.745
"C-WEU-ISL","bio-based_polystyrene",2020,1.745
"C-WEU-ISL","bio-based_polystyrene",2025,1.745
"C-WEU-ISL","bio-based_polystyrene",2030,1.745
"C-WEU-ISL","bio-based_polystyrene",2035,1.745
"C-WEU-ISL","bio-based_polystyrene",2040,1.745
"C-WEU-ISL","bio-based_polystyrene",2045,1.745
"C-WEU-ISL","bio-based_polystyrene",2050,1.745
"C-WEU-ISL","bio-based_polystyrene",2055,1.745
"C-WEU-ISL","bio-based_polystyrene",2060,1.745
"C-WEU-ISL","bio-based_polystyrene",2065,1.745
"C-WEU-ISL","bio-based_polystyrene",2070,1.745
"C-WEU-ISL","bio-based_polystyrene",2075,1.745
"C-WEU-ISL","bio-based_polystyrene",2080,1.745
"C-WEU-ISL","bio-based_polystyrene",2085,1.745
"C-WEU-ISL","bio-based_polystyrene",2090,1.745
"C-WEU-ISL","bio-based_polystyrene",2095,1.745
"C-WEU-ISL","bio-based_polystyrene",2100,1.745
"C-WEU-ISL","brick",2020,0.255354211059323
"C-WEU-ISL","brick",2030,0.253436368881112
"C-WEU-ISL","brick",2040,0.252067883933655
"C-WEU-ISL","brick",2050,0.249216103092977
"C-WEU-ISL","brick",2060,0.242895938067345
"C-WEU-ISL","brick",2070,0.239871420112532
"C-WEU-ISL","brick",2080,0.23864220810427
"C-WEU-ISL","brick",2090,0.236807361914845
"C-WEU-ISL","brick",2100,0.234254489674243
"C-WEU-ISL","concrete",2020,0.825349510201989
"C-WEU-ISL","concrete",2030,0.79802661435771
"C-WEU-ISL","concrete",2040,0.740798042870699
"C-WEU-ISL","concrete",2050,0.710818580398354
"C-WEU-ISL","concrete",2060,0.689925322815031
"C-WEU-ISL","concrete",2070,0.680203461352861
"C-WEU-ISL","concrete",2080,0.67453668911707
"C-WEU-ISL","concrete",2090,0.668619515507331
"C-WEU-ISL","concrete",2100,0.664333779969531
"C-WEU-ISL","copper",2020,5.67166444082771
"C-WEU-ISL","copper",2030,5.47573566435761
"C-WEU-ISL","copper",2040,5.3823136803621
"C-WEU-ISL","copper",2050,5.26754024419668
"C-WEU-ISL","copper",2060,4.75059903307488
"C-WEU-ISL","copper",2070,4.5332657836101
"C-WEU-ISL","copper",2080,4.38949323163255
"C-WEU-ISL","copper",2090,4.22391605761607
"C-WEU-ISL","copper",2100,4.11636329938511
"C-WEU-ISL","glass",2020,1.12804238296091
"C-WEU-ISL","glass",2030,1.0991971437951
"C-WEU-ISL","glass",2040,1.04173136056578
"C-WEU-ISL","glass",2050,1.00997904439863
"C-WEU-ISL","glass",2060,0.982933418822496
"C-WEU-ISL","glass",2070,0.970526350755339
"C-WEU-ISL","glass",2080,0.963779188400643
"C-WEU-ISL","glass",2090,0.955943364650483
"C-WEU-ISL","glass",2100,0.949564751334641
"C-WEU-ISL","mortar",2020,0.219366781733747
"C-WEU-ISL","mortar",2030,0.216356666815275
"C-WEU-ISL","mortar",2040,0.213760047127738
"C-WEU-ISL","mortar",2050,0.210694837059892
"C-WEU-ISL","mortar",2060,0.204638321144783
"C-WEU-ISL","mortar",2070,0.201597547225779
"C-WEU-ISL","mortar",2080,0.200170427421674
"C-WEU-ISL","mortar",2090,0.198248595633224
"C-WEU-ISL","mortar",2100,0.196304553839926
"C-WEU-ISL","other_materials",2020,2.95
"C-WEU-ISL","other_materials",2025,2.95
"C-WEU-ISL","other_materials",2030,2.95
"C-WEU-ISL","other_materials",2035,2.95
"C-WEU-ISL","other_materials",2040,2.95
"C-WEU-ISL","other_materials",2045,2.95
"C-WEU-ISL","other_materials",2050,2.95
"C-WEU-ISL","other_materials",2055,2.95
"C-WEU-ISL","other_materials",2060,2.95
"C-WEU-ISL","other_materials",2065,2.95
"C-WEU-ISL","other_materials",2070,2.95
"C-WEU-ISL","other_materials",2075,2.95
"C-WEU-ISL","other_materials",2080,2.95
"C-WEU-ISL","other_materials",2085,2.95
"C-WEU-ISL","other_materials",2090,2.95
"C-WEU-ISL","other_materials",2095,2.95
"C-WEU-ISL","other_materials",2100,2.95
"C-WEU-ISL","other_plastics",2020,3.45
"C-WEU-ISL","other_plastics",2025,3.45
"C-WEU-ISL","other_plastics",2030,3.45
"C-WEU-ISL","other_plastics",2035,3.45
"C-WEU-ISL","other_plastics",2040,3.45
"C-WEU-ISL","other_plastics",2045,3.45
"C-WEU-ISL","other_plastics",2050,3.45
"C-WEU-ISL","other_plastics",2055,3.45
"C-WEU-ISL","other_plastics",2060,3.45
"C-WEU-ISL","other_plastics",2065,3.45
"C-WEU-ISL","other_plastics",2070,3.45
"C-WEU-ISL","other_plastics",2075,3.45
"C-WEU-ISL","other_plastics",2080,3.45
"C-WEU-ISL","other_plastics",2085,3.45
"C-WEU-ISL","other_plastics",2090,3.45
"C-WEU-ISL","other_plastics",2095,3.45
"C-WEU-ISL","other_plastics",2100,3.45
"C-WEU-ISL","plaster",2020,0.907684029470872
"C-WEU-ISL","plaster",2030,0.885176815467904
"C-WEU-ISL","plaster",2040,0.841361850987335
"C-WEU-ISL","plaster",2050,0.816687669613535
"C-WEU-ISL","plaster",2060,0.794590192956287
"C-WEU-ISL","plaster",2070,0.784393741324948
"C-WEU-ISL","plaster",2080,0.778910404544169
"C-WEU-ISL","plaster",2090,0.772450747271682
"C-WEU-ISL","plaster",2100,0.767100043368631
"C-WEU-ISL","polypropylene",2020,2.85
"C-WEU-ISL","polypropylene",2025,2.85
"C-WEU-ISL","polypropylene",2030,2.85
"C-WEU-ISL","polypropylene",2035,2.85
"C-WEU-ISL","polypropylene",2040,2.85
"C-WEU-ISL","polypropylene",2045,2.85
"C-WEU-ISL","polypropylene",2050,2.85
"C-WEU-ISL","polypropylene",2055,2.85
"C-WEU-ISL","polypropylene",2060,2.85
"C-WEU-ISL","polypropylene",2065,2.85
"C-WEU-ISL","polypropylene",2070,2.85
"C-WEU-ISL","polypropylene",2075,2.85
"C-WEU-ISL","polypropylene",2080,2.85
"C-WEU-ISL","polypropylene",2085,2.85
"C-WEU-ISL","polypropylene",2090,2.85
"C-WEU-ISL","polypropylene",2095,2.85
"C-WEU-ISL","polypropylene",2100,2.85
"C-WEU-ISL","polystyrene",2020,4.19
"C-WEU-ISL","polystyrene",2025,4.19
"C-WEU-ISL","polystyrene",2030,4.19
"C-WEU-ISL","polystyrene",2035,4.19
"C-WEU-ISL","polystyrene",2040,4.19
"C-WEU-ISL","polystyrene",2045,4.19
"C-WEU-ISL","polystyrene",2050,4.19
"C-WEU-ISL","polystyrene",2055,4.19
"C-WEU-ISL","polystyrene",2060,4.19
"C-WEU-ISL","polystyrene",2065,4.19
"C-WEU-ISL","polystyrene",2070,4.19
"C-WEU-ISL","polystyrene",2075,4.19
"C-WEU-ISL","polystyrene",2080,4.19
"C-WEU-ISL","polystyrene",2085,4.19
"C-WEU-ISL","polystyrene",2090,4.19
"C-WEU-ISL","polystyrene",2095,4.19
"C-WEU-ISL","polystyrene",2100,4.19
"C-WEU-ISL","steel",2020,0.880637011769495
"C-WEU-ISL","steel",2030,0.858519884815397
"C-WEU-ISL","steel",2040,0.814925974206866
"C-WEU-ISL","steel",2050,0.790561411586921
"C-WEU-ISL","steel",2060,0.769424212774861
"C-WEU-ISL","steel",2070,0.759651179498065
"C-WEU-ISL","steel",2080,0.754380233819922
"C-WEU-ISL","steel",2090,0.748247745643613
"C-WEU-ISL","steel",2100,0.743160103423421
"C-WEU-ISL","wood",2020,0.131523388973096
"C-WEU-ISL","wood",2030,0.127918747330539
"C-WEU-ISL","wood",2040,0.125486657550788
"C-WEU-ISL","wood",2050,0.118844379619748
"C-WEU-ISL","wood",2060,0.10425698929116
"C-WEU-ISL","wood",2070,0.0970234452844144
"C-WEU-ISL","wood",2080,0.094039006612327
"C-WEU-ISL","wood",2090,0.0899482567735193
"C-WEU-ISL","wood",2100,0.0840177761480068
"C-WEU-ITA","acrylonitrile_butadiene_styrene",2020,4.19
"C-WEU-ITA","acrylonitrile_butadiene_styrene",2025,4.19
"C-WEU-ITA","acrylonitrile_butadiene_styrene",2030,4.19
"C-WEU-ITA","acrylonitrile_butadiene_styrene",2035,4.19
"C-WEU-ITA","acrylonitrile_butadiene_styrene",2040,4.19
"C-WEU-ITA","acrylonitrile_butadiene_styrene",2045,4.19
"C-WEU-ITA","acrylonitrile_butadiene_styrene",2050,4.19
"C-WEU-ITA","acrylonitrile_butadiene_styrene",2055,4.19
"C-WEU-ITA","acrylonitrile_butadiene_styrene",2060,4.19
"C-WEU-ITA","acrylonitrile_butadiene_styrene",2065,4.19
"C-WEU-ITA","acrylonitrile_butadiene_styrene",2070,4.19
"C-WEU-ITA","acrylonitrile_butadiene_styrene",2075,4.19
"C-WEU-ITA","acrylonitrile_butadiene_styrene",2080,4.19
"C-WEU-ITA","acrylonitrile_butadiene_styrene",2085,4.19
"C-WEU-ITA","acrylonitrile_butadiene_styrene",2090,4.19
"C-WEU-ITA","acrylonitrile_butadiene_styrene",2095,4.19
"C-WEU-ITA","acrylonitrile_butadiene_styrene",2100,4.19
"C-WEU-ITA","aluminium",2020,14.5075193220672
"C-WEU-ITA","aluminium",2030,14.2596740244073
"C-WEU-ITA","aluminium",2040,14.1431842283059
"C-WEU-ITA","aluminium",2050,13.7128182589558
"C-WEU-ITA","aluminium",2060,12.2380939921977
"C-WEU-ITA","aluminium",2070,11.626246883642
"C-WEU-ITA","aluminium",2080,11.2203701639442
"C-WEU-ITA","aluminium",2090,10.8206822897633
"C-WEU-ITA","aluminium",2100,10.6050333265886
"C-WEU-ITA","bio-based_polypropylene",2020,1.745
"C-WEU-ITA","bio-based_polypropylene",2025,1.745
"C-WEU-ITA","bio-based_polypropylene",2030,1.745
"C-WEU-ITA","bio-based_polypropylene",2035,1.745
"C-WEU-ITA","bio-based_polypropylene",2040,1.745
"C-WEU-ITA","bio-based_polypropylene",2045,1.745
"C-WEU-ITA","bio-based_polypropylene",2050,1.745
"C-WEU-ITA","bio-based_polypropylene",2055,1.745
"C-WEU-ITA","bio-based_polypropylene",2060,1.745
"C-WEU-ITA","bio-based_polypropylene",2065,1.745
"C-WEU-ITA","bio-based_polypropylene",2070,1.745
"C-WEU-ITA","bio-based_polypropylene",2075,1.745
"C-WEU-ITA","bio-based_polypropylene",2080,1.745
"C-WEU-ITA","bio-based_polypropylene",2085,1.745
"C-WEU-ITA","bio-based_polypropylene",2090,1.745
"C-WEU-ITA","bio-based_polypropylene",2095,1.745
"C-WEU-ITA","bio-based_polypropylene",2100,1.745
"C-WEU-ITA","bio-based_polystyrene",2020,1.745
"C-WEU-ITA","bio-based_polystyrene",2025,1.745
"C-WEU-ITA","bio-based_polystyrene",2030,1.745
"C-WEU-ITA","bio-based_polystyrene",2035,1.745
"C-WEU-ITA","bio-based_polystyrene",2040,1.745
"C-WEU-ITA","bio-based_polystyrene",2045,1.745
"C-WEU-ITA","bio-based_polystyrene",2050,1.745
"C-WEU-ITA","bio-based_polystyrene",2055,1.745
"C-WEU-ITA","bio-based_polystyrene",2060,1.745
"C-WEU-ITA","bio-based_polystyrene",2065,1.745
"C-WEU-ITA","bio-based_polystyrene",2070,1.745
"C-WEU-ITA","bio-based_polystyrene",2075,1.745
"C-WEU-ITA","bio-based_polystyrene",2080,1.745
"C-WEU-ITA","bio-based_polystyrene",2085,1.745
"C-WEU-ITA","bio-based_polystyrene",2090,1.745
"C-WEU-ITA","bio-based_polystyrene",2095,1.745
"C-WEU-ITA","bio-based_polystyrene",2100,1.745
"C-WEU-ITA","brick",2020,0.255354211059323
"C-WEU-ITA","brick",2030,0.253436368881112
"C-WEU-ITA","brick",2040,0.252067883933655
"C-WEU-ITA","brick",2050,0.249216103092977
"C-WEU-ITA","brick",2060,0.242895938067345
"C-WEU-ITA","brick",2070,0.239871420112532
"C-WEU-ITA","brick",2080,0.23864220810427
"C-WEU-ITA","brick",2090,0.236807361914845
"C-WEU-ITA","brick",2100,0.234254489674243
"C-WEU-ITA","concrete",2020,0.825349510201989
"C-WEU-ITA","concrete",2030,0.79802661435771
"C-WEU-ITA","concrete",2040,0.740798042870699
"C-WEU-ITA","concrete",2050,0.710818580398354
"C-WEU-ITA","concrete",2060,0.689925322815031
"C-WEU-ITA","concrete",2070,0.680203461352861
"C-WEU-ITA","concrete",2080,0.67453668911707
"C-WEU-ITA","concrete",2090,0.668619515507331
"C-WEU-ITA","concrete",2100,0.664333779969531
"C-WEU-ITA","copper",2020,5.67166444082771
"C-WEU-ITA","copper",2030,5.47573566435761
"C-WEU-ITA","copper",2040,5.3823136803621
"C-WEU-ITA","copper",2050,5.26754024419668
"C-WEU-ITA","copper",2060,4.75059903307488
"C-WEU-ITA","copper",2070,4.5332657836101
"C-WEU-ITA","copper",2080,4.38949323163255
"C-WEU-ITA","copper",2090,4.22391605761607
"C-WEU-ITA","copper",2100,4.11636329938511
"C-WEU-ITA","glass",2020,1.12804238296091
"C-WEU-ITA","glass",2030,1.0991971437951
"C-WEU-ITA","glass",2040,1.04173136056578
"C-WEU-ITA","glass",2050,1.00997904439863
"C-WEU-ITA","glass",2060,0.982933418822496
"C-WEU-ITA","glass",2070,0.970526350755339
"C-WEU-ITA","glass",2080,0.963779188400643
"C-WEU-ITA","glass",2090,0.955943364650483
"C-WEU-ITA","glass",2100,0.949564751334641
"C-WEU-ITA","mortar",2020,0.219366781733747
"C-WEU-ITA","mortar",2030,0.216356666815275
"C-WEU-ITA","mortar",2040,0.213760047127738
"C-WEU-ITA","mortar",2050,0.210694837059892
"C-WEU-ITA","mortar",2060,0.204638321144783
"C-WEU-ITA","mortar",2070,0.201597547225779
"C-WEU-ITA","mortar",2080,0.200170427421674
"C-WEU-ITA","mortar",2090,0.198248595633224
"C-WEU-ITA","mortar",2100,0.196304553839926
"C-WEU-ITA","other_materials",2020,2.95
"C-WEU-ITA","other_materials",2025,2.95
"C-WEU-ITA","other_materials",2030,2.95
"C-WEU-ITA","other_materials",2035,2.95
"C-WEU-ITA","other_materials",2040,2.95
"C-WEU-ITA","other_materials",2045,2.95
"C-WEU-ITA","other_materials",2050,2.95
"C-WEU-ITA","other_materials",2055,2.95
"C-WEU-ITA","other_materials",2060,2.95
"C-WEU-ITA","other_materials",2065,2.95
"C-WEU-ITA","other_materials",2070,2.95
"C-WEU-ITA","other_materials",2075,2.95
"C-WEU-ITA","other_materials",2080,2.95
"C-WEU-ITA","other_materials",2085,2.95
"C-WEU-ITA","other_materials",2090,2.95
"C-WEU-ITA","other_materials",2095,2.95
"C-WEU-ITA","other_materials",2100,2.95
"C-WEU-ITA","other_plastics",2020,3.45
"C-WEU-ITA","other_plastics",2025,3.45
"C-WEU-ITA","other_plastics",2030,3.45
"C-WEU-ITA","other_plastics",2035,3.45
"C-WEU-ITA","other_plastics",2040,3.45
"C-WEU-ITA","other_plastics",2045,3.45
"C-WEU-ITA","other_plastics",2050,3.45
"C-WEU-ITA","other_plastics",2055,3.45
"C-WEU-ITA","other_plastics",2060,3.45
"C-WEU-ITA","other_plastics",2065,3.45
"C-WEU-ITA","other_plastics",2070,3.45
"C-WEU-ITA","other_plastics",2075,3.45
"C-WEU-ITA","other_plastics",2080,3.45
"C-WEU-ITA","other_plastics",2085,3.45
"C-WEU-ITA","other_plastics",2090,3.45
"C-WEU-ITA","other_plastics",2095,3.45
"C-WEU-ITA","other_plastics",2100,3.45
"C-WEU-ITA","plaster",2020,0.907684029470872
"C-WEU-ITA","plaster",2030,0.885176815467904
"C-WEU-ITA","plaster",2040,0.841361850987335
"C-WEU-ITA","plaster",2050,0.816687669613535
"C-WEU-ITA","plaster",2060,0.794590192956287
"C-WEU-ITA","plaster",2070,0.784393741324948
"C-WEU-ITA","plaster",2080,0.778910404544169
"C-WEU-ITA","plaster",2090,0.772450747271682
"C-WEU-ITA","plaster",2100,0.767100043368631
"C-WEU-ITA","polypropylene",2020,2.85
"C-WEU-ITA","polypropylene",2025,2.85
"C-WEU-ITA","polypropylene",2030,2.85
"C-WEU-ITA","polypropylene",2035,2.85
"C-WEU-ITA","polypropylene",2040,2.85
"C-WEU-ITA","polypropylene",2045,2.85
"C-WEU-ITA","polypropylene",2050,2.85
"C-WEU-ITA","polypropylene",2055,2.85
"C-WEU-ITA","polypropylene",2060,2.85
"C-WEU-ITA","polypropylene",2065,2.85
"C-WEU-ITA","polypropylene",2070,2.85
"C-WEU-ITA","polypropylene",2075,2.85
"C-WEU-ITA","polypropylene",2080,2.85
"C-WEU-ITA","polypropylene",2085,2.85
"C-WEU-ITA","polypropylene",2090,2.85
"C-WEU-ITA","polypropylene",2095,2.85
"C-WEU-ITA","polypropylene",2100,2.85
"C-WEU-ITA","polystyrene",2020,4.19
"C-WEU-ITA","polystyrene",2025,4.19
"C-WEU-ITA","polystyrene",2030,4.19
"C-WEU-ITA","polystyrene",2035,4.19
"C-WEU-ITA","polystyrene",2040,4.19
"C-WEU-ITA","polystyrene",2045,4.19
"C-WEU-ITA","polystyrene",2050,4.19
"C-WEU-ITA","polystyrene",2055,4.19
"C-WEU-ITA","polystyrene",2060,4.19
"C-WEU-ITA","polystyrene",2065,4.19
"C-WEU-ITA","polystyrene",2070,4.19
"C-WEU-ITA","polystyrene",2075,4.19
"C-WEU-ITA","polystyrene",2080,4.19
"C-WEU-ITA","polystyrene",2085,4.19
"C-WEU-ITA","polystyrene",2090,4.19
"C-WEU-ITA","polystyrene",2095,4.19
"C-WEU-ITA","polystyrene",2100,4.19
"C-WEU-ITA","steel",2020,0.880637011769495
"C-WEU-ITA","steel",2030,0.858519884815397
"C-WEU-ITA","steel",2040,0.814925974206866
"C-WEU-ITA","steel",2050,0.790561411586921
"C-WEU-ITA","steel",2060,0.769424212774861
"C-WEU-ITA","steel",2070,0.759651179498065
"C-WEU-ITA","steel",2080,0.754380233819922
"C-WEU-ITA","steel",2090,0.748247745643613
"C-WEU-ITA","steel",2100,0.743160103423421
"C-WEU-ITA","wood",2020,0.131523388973096
"C-WEU-ITA","wood",2030,0.127918747330539
"C-WEU-ITA","wood",2040,0.125486657550788
"C-WEU-ITA","wood",2050,0.118844379619748
"C-WEU-ITA","wood",2060,0.10425698929116
"C-WEU-ITA","wood",2070,0.0970234452844144
"C-WEU-ITA","wood",2080,0.094039006612327
"C-WEU-ITA","wood",2090,0.0899482567735193
"C-WEU-ITA","wood",2100,0.0840177761480068
"C-WEU-LUX","acrylonitrile_butadiene_styrene",2020,4.19
"C-WEU-LUX","acrylonitrile_butadiene_styrene",2025,4.19
"C-WEU-LUX","acrylonitrile_butadiene_styrene",2030,4.19
"C-WEU-LUX","acrylonitrile_butadiene_styrene",2035,4.19
"C-WEU-LUX","acrylonitrile_butadiene_styrene",2040,4.19
"C-WEU-LUX","acrylonitrile_butadiene_styrene",2045,4.19
"C-WEU-LUX","acrylonitrile_butadiene_styrene",2050,4.19
"C-WEU-LUX","acrylonitrile_butadiene_styrene",2055,4.19
"C-WEU-LUX","acrylonitrile_butadiene_styrene",2060,4.19
"C-WEU-LUX","acrylonitrile_butadiene_styrene",2065,4.19
"C-WEU-LUX","acrylonitrile_butadiene_styrene",2070,4.19
"C-WEU-LUX","acrylonitrile_butadiene_styrene",2075,4.19
"C-WEU-LUX","acrylonitrile_butadiene_styrene",2080,4.19
"C-WEU-LUX","acrylonitrile_butadiene_styrene",2085,4.19
"C-WEU-LUX","acrylonitrile_butadiene_styrene",2090,4.19
"C-WEU-LUX","acrylonitrile_butadiene_styrene",2095,4.19
"C-WEU-LUX","acrylonitrile_butadiene_styrene",2100,4.19
"C-WEU-LUX","aluminium",2020,14.5075193220672
"C-WEU-LUX","aluminium",2030,14.2596740244073
"C-WEU-LUX","aluminium",2040,14.1431842283059
"C-WEU-LUX","aluminium",2050,13.7128182589558
"C-WEU-LUX","aluminium",2060,12.2380939921977
"C-WEU-LUX","aluminium",2070,11.626246883642
"C-WEU-LUX","aluminium",2080,11.2203701639442
"C-WEU-LUX","aluminium",2090,10.8206822897633
"C-WEU-LUX","aluminium",2100,10.6050333265886
"C-WEU-LUX","bio-based_polypropylene",2020,1.745
"C-WEU-LUX","bio-based_polypropylene",2025,1.745
"C-WEU-LUX","bio-based_polypropylene",2030,1.745
"C-WEU-LUX","bio-based_polypropylene",2035,1.745
"C-WEU-LUX","bio-based_polypropylene",2040,1.745
"C-WEU-LUX","bio-based_polypropylene",2045,1.745
"C-WEU-LUX","bio-based_polypropylene",2050,1.745
"C-WEU-LUX","bio-based_polypropylene",2055,1.745
"C-WEU-LUX","bio-based_polypropylene",2060,1.745
"C-WEU-LUX","bio-based_polypropylene",2065,1.745
"C-WEU-LUX","bio-based_polypropylene",2070,1.745
"C-WEU-LUX","bio-based_polypropylene",2075,1.745
"C-WEU-LUX","bio-based_polypropylene",2080,1.745
"C-WEU-LUX","bio-based_polypropylene",2085,1.745
"C-WEU-LUX","bio-based_polypropylene",2090,1.745
"C-WEU-LUX","bio-based_polypropylene",2095,1.745
"C-WEU-LUX","bio-based_polypropylene",2100,1.745
"C-WEU-LUX","bio-based_polystyrene",2020,1.745
"C-WEU-LUX","bio-based_polystyrene",2025,1.745
"C-WEU-LUX","bio-based_polystyrene",2030,1.745
"C-WEU-LUX","bio-based_polystyrene",2035,1.745
"C-WEU-LUX","bio-based_polystyrene",2040,1.745
"C-WEU-LUX","bio-based_polystyrene",2045,1.745
"C-WEU-LUX","bio-based_polystyrene",2050,1.745
"C-WEU-LUX","bio-based_polystyrene",2055,1.745
"C-WEU-LUX","bio-based_polystyrene",2060,1.745
"C-WEU-LUX","bio-based_polystyrene",2065,1.745
"C-WEU-LUX","bio-based_polystyrene",2070,1.745
"C-WEU-LUX","bio-based_polystyrene",2075,1.745
"C-WEU-LUX","bio-based_polystyrene",2080,1.745
"C-WEU-LUX","bio-based_polystyrene",2085,1.745
"C-WEU-LUX","bio-based_polystyrene",2090,1.745
"C-WEU-LUX","bio-based_polystyrene",2095,1.745
"C-WEU-LUX","bio-based_polystyrene",2100,1.745
"C-WEU-LUX","brick",2020,0.255354211059323
"C-WEU-LUX","brick",2030,0.253436368881112
"C-WEU-LUX","brick",2040,0.252067883933655
"C-WEU-LUX","brick",2050,0.249216103092977
"C-WEU-LUX","brick",2060,0.242895938067345
"C-WEU-LUX","brick",2070,0.239871420112532
"C-WEU-LUX","brick",2080,0.23864220810427
"C-WEU-LUX","brick",2090,0.236807361914845
"C-WEU-LUX","brick",2100,0.234254489674243
"C-WEU-LUX","concrete",2020,0.825349510201989
"C-WEU-LUX","concrete",2030,0.79802661435771
"C-WEU-LUX","concrete",2040,0.740798042870699
"C-WEU-LUX","concrete",2050,0.710818580398354
"C-WEU-LUX","concrete",2060,0.689925322815031
"C-WEU-LUX","concrete",2070,0.680203461352861
"C-WEU-LUX","concrete",2080,0.67453668911707
"C-WEU-LUX","concrete",2090,0.668619515507331
"C-WEU-LUX","concrete",2100,0.664333779969531
"C-WEU-LUX","copper",2020,5.67166444082771
"C-WEU-LUX","copper",2030,5.47573566435761
"C-WEU-LUX","copper",2040,5.3823136803621
"C-WEU-LUX","copper",2050,5.26754024419668
"C-WEU-LUX","copper",2060,4.75059903307488
"C-WEU-LUX","copper",2070,4.5332657836101
"C-WEU-LUX","copper",2080,4.38949323163255
"C-WEU-LUX","copper",2090,4.22391605761607
"C-WEU-LUX","copper",2100,4.11636329938511
"C-WEU-LUX","glass",2020,1.12804238296091
"C-WEU-LUX","glass",2030,1.0991971437951
"C-WEU-LUX","glass",2040,1.04173136056578
"C-WEU-LUX","glass",2050,1.00997904439863
"C-WEU-LUX","glass",2060,0.982933418822496
"C-WEU-LUX","glass",2070,0.970526350755339
"C-WEU-LUX","glass",2080,0.963779188400643
"C-WEU-LUX","glass",2090,0.955943364650483
"C-WEU-LUX","glass",2100,0.949564751334641
"C-WEU-LUX","mortar",2020,0.219366781733747
"C-WEU-LUX","mortar",2030,0.216356666815275
"C-WEU-LUX","mortar",2040,0.213760047127738
"C-WEU-LUX","mortar",2050,0.210694837059892
"C-WEU-LUX","mortar",2060,0.204638321144783
"C-WEU-LUX","mortar",2070,0.201597547225779
"C-WEU-LUX","mortar",2080,0.200170427421674
"C-WEU-LUX","mortar",2090,0.198248595633224
"C-WEU-LUX","mortar",2100,0.196304553839926
"C-WEU-LUX","other_materials",2020,2.95
"C-WEU-LUX","other_materials",2025,2.95
"C-WEU-LUX","other_materials",2030,2.95
"C-WEU-LUX","other_materials",2035,2.95
"C-WEU-LUX","other_materials",2040,2.95
"C-WEU-LUX","other_materials",2045,2.95
"C-WEU-LUX","other_materials",2050,2.95
"C-WEU-LUX","other_materials",2055,2.95
"C-WEU-LUX","other_materials",2060,2.95
"C-WEU-LUX","other_materials",2065,2.95
"C-WEU-LUX","other_materials",2070,2.95
"C-WEU-LUX","other_materials",2075,2.95
"C-WEU-LUX","other_materials",2080,2.95
"C-WEU-LUX","other_materials",2085,2.95
"C-WEU-LUX","other_materials",2090,2.95
"C-WEU-LUX","other_materials",2095,2.95
"C-WEU-LUX","other_materials",2100,2.95
"C-WEU-LUX","other_plastics",2020,3.45
"C-WEU-LUX","other_plastics",2025,3.45
"C-WEU-LUX","other_plastics",2030,3.45
"C-WEU-LUX","other_plastics",2035,3.45
"C-WEU-LUX","other_plastics",2040,3.45
"C-WEU-LUX","other_plastics",2045,3.45
"C-WEU-LUX","other_plastics",2050,3.45
"C-WEU-LUX","other_plastics",2055,3.45
"C-WEU-LUX","other_plastics",2060,3.45
"C-WEU-LUX","other_plastics",2065,3.45
"C-WEU-LUX","other_plastics",2070,3.45
"C-WEU-LUX","other_plastics",2075,3.45
"C-WEU-LUX","other_plastics",2080,3.45
"C-WEU-LUX","other_plastics",2085,3.45
"C-WEU-LUX","other_plastics",2090,3.45
"C-WEU-LUX","other_plastics",2095,3.45
"C-WEU-LUX","other_plastics",2100,3.45
"C-WEU-LUX","plaster",2020,0.907684029470872
"C-WEU-LUX","plaster",2030,0.885176815467904
"C-WEU-LUX","plaster",2040,0.841361850987335
"C-WEU-LUX","plaster",2050,0.816687669613535
"C-WEU-LUX","plaster",2060,0.794590192956287
"C-WEU-LUX","plaster",2070,0.784393741324948
"C-WEU-LUX","plaster",2080,0.778910404544169
"C-WEU-LUX","plaster",2090,0.772450747271682
"C-WEU-LUX","plaster",2100,0.767100043368631
"C-WEU-LUX","polypropylene",2020,2.85
"C-WEU-LUX","polypropylene",2025,2.85
"C-WEU-LUX","polypropylene",2030,2.85
"C-WEU-LUX","polypropylene",2035,2.85
"C-WEU-LUX","polypropylene",2040,2.85
"C-WEU-LUX","polypropylene",2045,2.85
"C-WEU-LUX","polypropylene",2050,2.85
"C-WEU-LUX","polypropylene",2055,2.85
"C-WEU-LUX","polypropylene",2060,2.85
"C-WEU-LUX","polypropylene",2065,2.85
"C-WEU-LUX","polypropylene",2070,2.85
"C-WEU-LUX","polypropylene",2075,2.85
"C-WEU-LUX","polypropylene",2080,2.85
"C-WEU-LUX","polypropylene",2085,2.85
"C-WEU-LUX","polypropylene",2090,2.85
"C-WEU-LUX","polypropylene",2095,2.85
"C-WEU-LUX","polypropylene",2100,2.85
"C-WEU-LUX","polystyrene",2020,4.19
"C-WEU-LUX","polystyrene",2025,4.19
"C-WEU-LUX","polystyrene",2030,4.19
"C-WEU-LUX","polystyrene",2035,4.19
"C-WEU-LUX","polystyrene",2040,4.19
"C-WEU-LUX","polystyrene",2045,4.19
"C-WEU-LUX","polystyrene",2050,4.19
"C-WEU-LUX","polystyrene",2055,4.19
"C-WEU-LUX","polystyrene",2060,4.19
"C-WEU-LUX","polystyrene",2065,4.19
"C-WEU-LUX","polystyrene",2070,4.19
"C-WEU-LUX","polystyrene",2075,4.19
"C-WEU-LUX","polystyrene",2080,4.19
"C-WEU-LUX","polystyrene",2085,4.19
"C-WEU-LUX","polystyrene",2090,4.19
"C-WEU-LUX","polystyrene",2095,4.19
"C-WEU-LUX","polystyrene",2100,4.19
"C-WEU-LUX","steel",2020,0.880637011769495
"C-WEU-LUX","steel",2030,0.858519884815397
"C-WEU-LUX","steel",2040,0.814925974206866
"C-WEU-LUX","steel",2050,0.790561411586921
"C-WEU-LUX","steel",2060,0.769424212774861
"C-WEU-LUX","steel",2070,0.759651179498065
"C-WEU-LUX","steel",2080,0.754380233819922
"C-WEU-LUX","steel",2090,0.748247745643613
"C-WEU-LUX","steel",2100,0.743160103423421
"C-WEU-LUX","wood",2020,0.131523388973096
"C-WEU-LUX","wood",2030,0.127918747330539
"C-WEU-LUX","wood",2040,0.125486657550788
"C-WEU-LUX","wood",2050,0.118844379619748
"C-WEU-LUX","wood",2060,0.10425698929116
"C-WEU-LUX","wood",2070,0.0970234452844144
"C-WEU-LUX","wood",2080,0.094039006612327
"C-WEU-LUX","wood",2090,0.0899482567735193
"C-WEU-LUX","wood",2100,0.0840177761480068
"C-WEU-MLT","acrylonitrile_butadiene_styrene",2020,4.19
"C-WEU-MLT","acrylonitrile_butadiene_styrene",2025,4.19
"C-WEU-MLT","acrylonitrile_butadiene_styrene",2030,4.19
"C-WEU-MLT","acrylonitrile_butadiene_styrene",2035,4.19
"C-WEU-MLT","acrylonitrile_butadiene_styrene",2040,4.19
"C-WEU-MLT","acrylonitrile_butadiene_styrene",2045,4.19
"C-WEU-MLT","acrylonitrile_butadiene_styrene",2050,4.19
"C-WEU-MLT","acrylonitrile_butadiene_styrene",2055,4.19
"C-WEU-MLT","acrylonitrile_butadiene_styrene",2060,4.19
"C-WEU-MLT","acrylonitrile_butadiene_styrene",2065,4.19
"C-WEU-MLT","acrylonitrile_butadiene_styrene",2070,4.19
"C-WEU-MLT","acrylonitrile_butadiene_styrene",2075,4.19
"C-WEU-MLT","acrylonitrile_butadiene_styrene",2080,4.19
"C-WEU-MLT","acrylonitrile_butadiene_styrene",2085,4.19
"C-WEU-MLT","acrylonitrile_butadiene_styrene",2090,4.19
"C-WEU-MLT","acrylonitrile_butadiene_styrene",2095,4.19
"C-WEU-MLT","acrylonitrile_butadiene_styrene",2100,4.19
"C-WEU-MLT","aluminium",2020,14.5075193220672
"C-WEU-MLT","aluminium",2030,14.2596740244073
"C-WEU-MLT","aluminium",2040,14.1431842283059
"C-WEU-MLT","aluminium",2050,13.7128182589558
"C-WEU-MLT","aluminium",2060,12.2380939921977
"C-WEU-MLT","aluminium",2070,11.626246883642
"C-WEU-MLT","aluminium",2080,11.2203701639442
"C-WEU-MLT","aluminium",2090,10.8206822897633
"C-WEU-MLT","aluminium",2100,10.6050333265886
"C-WEU-MLT","bio-based_polypropylene",2020,1.745
"C-WEU-MLT","bio-based_polypropylene",2025,1.745
"C-WEU-MLT","bio-based_polypropylene",2030,1.745
"C-WEU-MLT","bio-based_polypropylene",2035,1.745
"C-WEU-MLT","bio-based_polypropylene",2040,1.745
"C-WEU-MLT","bio-based_polypropylene",2045,1.745
"C-WEU-MLT","bio-based_polypropylene",2050,1.745
"C-WEU-MLT","bio-based_polypropylene",2055,1.745
"C-WEU-MLT","bio-based_polypropylene",2060,1.745
"C-WEU-MLT","bio-based_polypropylene",2065,1.745
"C-WEU-MLT","bio-based_polypropylene",2070,1.745
"C-WEU-MLT","bio-based_polypropylene",2075,1.745
"C-WEU-MLT","bio-based_polypropylene",2080,1.745
"C-WEU-MLT","bio-based_polypropylene",2085,1.745
"C-WEU-MLT","bio-based_polypropylene",2090,1.745
"C-WEU-MLT","bio-based_polypropylene",2095,1.745
"C-WEU-MLT","bio-based_polypropylene",2100,1.745
"C-WEU-MLT","bio-based_polystyrene",2020,1.745
"C-WEU-MLT","bio-based_polystyrene",2025,1.745
"C-WEU-MLT","bio-based_polystyrene",2030,1.745
"C-WEU-MLT","bio-based_polystyrene",2035,1.745
"C-WEU-MLT","bio-based_polystyrene",2040,1.745
"C-WEU-MLT","bio-based_polystyrene",2045,1.745
"C-WEU-MLT","bio-based_polystyrene",2050,1.745
"C-WEU-MLT","bio-based_polystyrene",2055,1.745
"C-WEU-MLT","bio-based_polystyrene",2060,1.745
"C-WEU-MLT","bio-based_polystyrene",2065,1.745
"C-WEU-MLT","bio-based_polystyrene",2070,1.745
"C-WEU-MLT","bio-based_polystyrene",2075,1.745
"C-WEU-MLT","bio-based_polystyrene",2080,1.745
"C-WEU-MLT","bio-based_polystyrene",2085,1.745
"C-WEU-MLT","bio-based_polystyrene",2090,1.745
"C-WEU-MLT","bio-based_polystyrene",2095,1.745
"C-WEU-MLT","bio-based_polystyrene",2100,1.745
"C-WEU-MLT","brick",2020,0.255354211059323
"C-WEU-MLT","brick",2030,0.253436368881112
"C-WEU-MLT","brick",2040,0.252067883933655
"C-WEU-MLT","brick",2050,0.249216103092977
"C-WEU-MLT","brick",2060,0.242895938067345
"C-WEU-MLT","brick",2070,0.239871420112532
"C-WEU-MLT","brick",2080,0.23864220810427
"C-WEU-MLT","brick",2090,0.236807361914845
"C-WEU-MLT","brick",2100,0.234254489674243
"C-WEU-MLT","concrete",2020,0.825349510201989
"C-WEU-MLT","concrete",2030,0.79802661435771
"C-WEU-MLT","concrete",2040,0.740798042870699
"C-WEU-MLT","concrete",2050,0.710818580398354
"C-WEU-MLT","concrete",2060,0.689925322815031
"C-WEU-MLT","concrete",2070,0.680203461352861
"C-WEU-MLT","concrete",2080,0.67453668911707
"C-WEU-MLT","concrete",2090,0.668619515507331
"C-WEU-MLT","concrete",2100,0.664333779969531
"C-WEU-MLT","copper",2020,5.67166444082771
"C-WEU-MLT","copper",2030,5.47573566435761
"C-WEU-MLT","copper",2040,5.3823136803621
"C-WEU-MLT","copper",2050,5.26754024419668
"C-WEU-MLT","copper",2060,4.75059903307488
"C-WEU-MLT","copper",2070,4.5332657836101
"C-WEU-MLT","copper",2080,4.38949323163255
"C-WEU-MLT","copper",2090,4.22391605761607
"C-WEU-MLT","copper",2100,4.11636329938511
"C-WEU-MLT","glass",2020,1.12804238296091
"C-WEU-MLT","glass",2030,1.0991971437951
"C-WEU-MLT","glass",2040,1.04173136056578
"C-WEU-MLT","glass",2050,1.00997904439863
"C-WEU-MLT","glass",2060,0.982933418822496
"C-WEU-MLT","glass",2070,0.970526350755339
"C-WEU-MLT","glass",2080,0.963779188400643
"C-WEU-MLT","glass",2090,0.955943364650483
"C-WEU-MLT","glass",2100,0.949564751334641
"C-WEU-MLT","mortar",2020,0.219366781733747
"C-WEU-MLT","mortar",2030,0.216356666815275
"C-WEU-MLT","mortar",2040,0.213760047127738
"C-WEU-MLT","mortar",2050,0.210694837059892
"C-WEU-MLT","mortar",2060,0.204638321144783
"C-WEU-MLT","mortar",2070,0.201597547225779
"C-WEU-MLT","mortar",2080,0.200170427421674
"C-WEU-MLT","mortar",2090,0.198248595633224
"C-WEU-MLT","mortar",2100,0.196304553839926
"C-WEU-MLT","other_materials",2020,2.95
"C-WEU-MLT","other_materials",2025,2.95
"C-WEU-MLT","other_materials",2030,2.95
"C-WEU-MLT","other_materials",2035,2.95
"C-WEU-MLT","other_materials",2040,2.95
"C-WEU-MLT","other_materials",2045,2.95
"C-WEU-MLT","other_materials",2050,2.95
"C-WEU-MLT","other_materials",2055,2.95
"C-WEU-MLT","other_materials",2060,2.95
"C-WEU-MLT","other_materials",2065,2.95
"C-WEU-MLT","other_materials",2070,2.95
"C-WEU-MLT","other_materials",2075,2.95
"C-WEU-MLT","other_materials",2080,2.95
"C-WEU-MLT","other_materials",2085,2.95
"C-WEU-MLT","other_materials",2090,2.95
"C-WEU-MLT","other_materials",2095,2.95
"C-WEU-MLT","other_materials",2100,2.95
"C-WEU-MLT","other_plastics",2020,3.45
"C-WEU-MLT","other_plastics",2025,3.45
"C-WEU-MLT","other_plastics",2030,3.45
"C-WEU-MLT","other_plastics",2035,3.45
"C-WEU-MLT","other_plastics",2040,3.45
"C-WEU-MLT","other_plastics",2045,3.45
"C-WEU-MLT","other_plastics",2050,3.45
"C-WEU-MLT","other_plastics",2055,3.45
"C-WEU-MLT","other_plastics",2060,3.45
"C-WEU-MLT","other_plastics",2065,3.45
"C-WEU-MLT","other_plastics",2070,3.45
"C-WEU-MLT","other_plastics",2075,3.45
"C-WEU-MLT","other_plastics",2080,3.45
"C-WEU-MLT","other_plastics",2085,3.45
"C-WEU-MLT","other_plastics",2090,3.45
"C-WEU-MLT","other_plastics",2095,3.45
"C-WEU-MLT","other_plastics",2100,3.45
"C-WEU-MLT","plaster",2020,0.907684029470872
"C-WEU-MLT","plaster",2030,0.885176815467904
"C-WEU-MLT","plaster",2040,0.841361850987335
"C-WEU-MLT","plaster",2050,0.816687669613535
"C-WEU-MLT","plaster",2060,0.794590192956287
"C-WEU-MLT","plaster",2070,0.784393741324948
"C-WEU-MLT","plaster",2080,0.778910404544169
"C-WEU-MLT","plaster",2090,0.772450747271682
"C-WEU-MLT","plaster",2100,0.767100043368631
"C-WEU-MLT","polypropylene",2020,2.85
"C-WEU-MLT","polypropylene",2025,2.85
"C-WEU-MLT","polypropylene",2030,2.85
"C-WEU-MLT","polypropylene",2035,2.85
"C-WEU-MLT","polypropylene",2040,2.85
"C-WEU-MLT","polypropylene",2045,2.85
"C-WEU-MLT","polypropylene",2050,2.85
"C-WEU-MLT","polypropylene",2055,2.85
"C-WEU-MLT","polypropylene",2060,2.85
"C-WEU-MLT","polypropylene",2065,2.85
"C-WEU-MLT","polypropylene",2070,2.85
"C-WEU-MLT","polypropylene",2075,2.85
"C-WEU-MLT","polypropylene",2080,2.85
"C-WEU-MLT","polypropylene",2085,2.85
"C-WEU-MLT","polypropylene",2090,2.85
"C-WEU-MLT","polypropylene",2095,2.85
"C-WEU-MLT","polypropylene",2100,2.85
"C-WEU-MLT","polystyrene",2020,4.19
"C-WEU-MLT","polystyrene",2025,4.19
"C-WEU-MLT","polystyrene",2030,4.19
"C-WEU-MLT","polystyrene",2035,4.19
"C-WEU-MLT","polystyrene",2040,4.19
"C-WEU-MLT","polystyrene",2045,4.19
"C-WEU-MLT","polystyrene",2050,4.19
"C-WEU-MLT","polystyrene",2055,4.19
"C-WEU-MLT","polystyrene",2060,4.19
"C-WEU-MLT","polystyrene",2065,4.19
"C-WEU-MLT","polystyrene",2070,4.19
"C-WEU-MLT","polystyrene",2075,4.19
"C-WEU-MLT","polystyrene",2080,4.19
"C-WEU-MLT","polystyrene",2085,4.19
"C-WEU-MLT","polystyrene",2090,4.19
"C-WEU-MLT","polystyrene",2095,4.19
"C-WEU-MLT","polystyrene",2100,4.19
"C-WEU-MLT","steel",2020,0.880637011769495
"C-WEU-MLT","steel",2030,0.858519884815397
"C-WEU-MLT","steel",2040,0.814925974206866
"C-WEU-MLT","steel",2050,0.790561411586921
"C-WEU-MLT","steel",2060,0.769424212774861
"C-WEU-MLT","steel",2070,0.759651179498065
"C-WEU-MLT","steel",2080,0.754380233819922
"C-WEU-MLT","steel",2090,0.748247745643613
"C-WEU-MLT","steel",2100,0.743160103423421
"C-WEU-MLT","wood",2020,0.131523388973096
"C-WEU-MLT","wood",2030,0.127918747330539
"C-WEU-MLT","wood",2040,0.125486657550788
"C-WEU-MLT","wood",2050,0.118844379619748
"C-WEU-MLT","wood",2060,0.10425698929116
"C-WEU-MLT","wood",2070,0.0970234452844144
"C-WEU-MLT","wood",2080,0.094039006612327
"C-WEU-MLT","wood",2090,0.0899482567735193
"C-WEU-MLT","wood",2100,0.0840177761480068
"C-WEU-NLD","acrylonitrile_butadiene_styrene",2020,4.19
"C-WEU-NLD","acrylonitrile_butadiene_styrene",2025,4.19
"C-WEU-NLD","acrylonitrile_butadiene_styrene",2030,4.19
"C-WEU-NLD","acrylonitrile_butadiene_styrene",2035,4.19
"C-WEU-NLD","acrylonitrile_butadiene_styrene",2040,4.19
"C-WEU-NLD","acrylonitrile_butadiene_styrene",2045,4.19
"C-WEU-NLD","acrylonitrile_butadiene_styrene",2050,4.19
"C-WEU-NLD","acrylonitrile_butadiene_styrene",2055,4.19
"C-WEU-NLD","acrylonitrile_butadiene_styrene",2060,4.19
"C-WEU-NLD","acrylonitrile_butadiene_styrene",2065,4.19
"C-WEU-NLD","acrylonitrile_butadiene_styrene",2070,4.19
"C-WEU-NLD","acrylonitrile_butadiene_styrene",2075,4.19
"C-WEU-NLD","acrylonitrile_butadiene_styrene",2080,4.19
"C-WEU-NLD","acrylonitrile_butadiene_styrene",2085,4.19
"C-WEU-NLD","acrylonitrile_butadiene_styrene",2090,4.19
"C-WEU-NLD","acrylonitrile_butadiene_styrene",2095,4.19
"C-WEU-NLD","acrylonitrile_butadiene_styrene",2100,4.19
"C-WEU-NLD","aluminium",2020,14.5075193220672
"C-WEU-NLD","aluminium",2030,14.2596740244073
"C-WEU-NLD","aluminium",2040,14.1431842283059
"C-WEU-NLD","aluminium",2050,13.7128182589558
"C-WEU-NLD","aluminium",2060,12.2380939921977
"C-WEU-NLD","aluminium",2070,11.626246883642
"C-WEU-NLD","aluminium",2080,11.2203701639442
"C-WEU-NLD","aluminium",2090,10.8206822897633
"C-WEU-NLD","aluminium",2100,10.6050333265886
"C-WEU-NLD","bio-based_polypropylene",2020,1.745
"C-WEU-NLD","bio-based_polypropylene",2025,1.745
"C-WEU-NLD","bio-based_polypropylene",2030,1.745
"C-WEU-NLD","bio-based_polypropylene",2035,1.745
"C-WEU-NLD","bio-based_polypropylene",2040,1.745
"C-WEU-NLD","bio-based_polypropylene",2045,1.745
"C-WEU-NLD","bio-based_polypropylene",2050,1.745
"C-WEU-NLD","bio-based_polypropylene",2055,1.745
"C-WEU-NLD","bio-based_polypropylene",2060,1.745
"C-WEU-NLD","bio-based_polypropylene",2065,1.745
"C-WEU-NLD","bio-based_polypropylene",2070,1.745
"C-WEU-NLD","bio-based_polypropylene",2075,1.745
"C-WEU-NLD","bio-based_polypropylene",2080,1.745
"C-WEU-NLD","bio-based_polypropylene",2085,1.745
"C-WEU-NLD","bio-based_polypropylene",2090,1.745
"C-WEU-NLD","bio-based_polypropylene",2095,1.745
"C-WEU-NLD","bio-based_polypropylene",2100,1.745
"C-WEU-NLD","bio-based_polystyrene",2020,1.745
"C-WEU-NLD","bio-based_polystyrene",2025,1.745
"C-WEU-NLD","bio-based_polystyrene",2030,1.745
"C-WEU-NLD","bio-based_polystyrene",2035,1.745
"C-WEU-NLD","bio-based_polystyrene",2040,1.745
"C-WEU-NLD","bio-based_polystyrene",2045,1.745
"C-WEU-NLD","bio-based_polystyrene",2050,1.745
"C-WEU-NLD","bio-based_polystyrene",2055,1.745
"C-WEU-NLD","bio-based_polystyrene",2060,1.745
"C-WEU-NLD","bio-based_polystyrene",2065,1.745
"C-WEU-NLD","bio-based_polystyrene",2070,1.745
"C-WEU-NLD","bio-based_polystyrene",2075,1.745
"C-WEU-NLD","bio-based_polystyrene",2080,1.745
"C-WEU-NLD","bio-based_polystyrene",2085,1.745
"C-WEU-NLD","bio-based_polystyrene",2090,1.745
"C-WEU-NLD","bio-based_polystyrene",2095,1.745
"C-WEU-NLD","bio-based_polystyrene",2100,1.745
"C-WEU-NLD","brick",2020,0.255354211059323
"C-WEU-NLD","brick",2030,0.253436368881112
"C-WEU-NLD","brick",2040,0.252067883933655
"C-WEU-NLD","brick",2050,0.249216103092977
"C-WEU-NLD","brick",2060,0.242895938067345
"C-WEU-NLD","brick",2070,0.239871420112532
"C-WEU-NLD","brick",2080,0.23864220810427
"C-WEU-NLD","brick",2090,0.236807361914845
"C-WEU-NLD","brick",2100,0.234254489674243
"C-WEU-NLD","concrete",2020,0.825349510201989
"C-WEU-NLD","concrete",2030,0.79802661435771
"C-WEU-NLD","concrete",2040,0.740798042870699
"C-WEU-NLD","concrete",2050,0.710818580398354
"C-WEU-NLD","concrete",2060,0.689925322815031
"C-WEU-NLD","concrete",2070,0.680203461352861
"C-WEU-NLD","concrete",2080,0.67453668911707
"C-WEU-NLD","concrete",2090,0.668619515507331
"C-WEU-NLD","concrete",2100,0.664333779969531
"C-WEU-NLD","copper",2020,5.67166444082771
"C-WEU-NLD","copper",2030,5.47573566435761
"C-WEU-NLD","copper",2040,5.3823136803621
"C-WEU-NLD","copper",2050,5.26754024419668
"C-WEU-NLD","copper",2060,4.75059903307488
"C-WEU-NLD","copper",2070,4.5332657836101
"C-WEU-NLD","copper",2080,4.38949323163255
"C-WEU-NLD","copper",2090,4.22391605761607
"C-WEU-NLD","copper",2100,4.11636329938511
"C-WEU-NLD","glass",2020,1.12804238296091
"C-WEU-NLD","glass",2030,1.0991971437951
"C-WEU-NLD","glass",2040,1.04173136056578
"C-WEU-NLD","glass",2050,1.00997904439863
"C-WEU-NLD","glass",2060,0.982933418822496
"C-WEU-NLD","glass",2070,0.970526350755339
"C-WEU-NLD","glass",2080,0.963779188400643
"C-WEU-NLD","glass",2090,0.955943364650483
"C-WEU-NLD","glass",2100,0.949564751334641
"C-WEU-NLD","mortar",2020,0.219366781733747
"C-WEU-NLD","mortar",2030,0.216356666815275
"C-WEU-NLD","mortar",2040,0.213760047127738
"C-WEU-NLD","mortar",2050,0.210694837059892
"C-WEU-NLD","mortar",2060,0.204638321144783
"C-WEU-NLD","mortar",2070,0.201597547225779
"C-WEU-NLD","mortar",2080,0.200170427421674
"C-WEU-NLD","mortar",2090,0.198248595633224
"C-WEU-NLD","mortar",2100,0.196304553839926
"C-WEU-NLD","other_materials",2020,2.95
"C-WEU-NLD","other_materials",2025,2.95
"C-WEU-NLD","other_materials",2030,2.95
"C-WEU-NLD","other_materials",2035,2.95
"C-WEU-NLD","other_materials",2040,2.95
"C-WEU-NLD","other_materials",2045,2.95
"C-WEU-NLD","other_materials",2050,2.95
"C-WEU-NLD","other_materials",2055,2.95
"C-WEU-NLD","other_materials",2060,2.95
"C-WEU-NLD","other_materials",2065,2.95
"C-WEU-NLD","other_materials",2070,2.95
"C-WEU-NLD","other_materials",2075,2.95
"C-WEU-NLD","other_materials",2080,2.95
"C-WEU-NLD","other_materials",2085,2.95
"C-WEU-NLD","other_materials",2090,2.95
"C-WEU-NLD","other_materials",2095,2.95
"C-WEU-NLD","other_materials",2100,2.95
"C-WEU-NLD","other_plastics",2020,3.45
"C-WEU-NLD","other_plastics",2025,3.45
"C-WEU-NLD","other_plastics",2030,3.45
"C-WEU-NLD","other_plastics",2035,3.45
"C-WEU-NLD","other_plastics",2040,3.45
"C-WEU-NLD","other_plastics",2045,3.45
"C-WEU-NLD","other_plastics",2050,3.45
"C-WEU-NLD","other_plastics",2055,3.45
"C-WEU-NLD","other_plastics",2060,3.45
"C-WEU-NLD","other_plastics",2065,3.45
"C-WEU-NLD","other_plastics",2070,3.45
"C-WEU-NLD","other_plastics",2075,3.45
"C-WEU-NLD","other_plastics",2080,3.45
"C-WEU-NLD","other_plastics",2085,3.45
"C-WEU-NLD","other_plastics",2090,3.45
"C-WEU-NLD","other_plastics",2095,3.45
"C-WEU-NLD","other_plastics",2100,3.45
"C-WEU-NLD","plaster",2020,0.907684029470872
"C-WEU-NLD","plaster",2030,0.885176815467904
"C-WEU-NLD","plaster",2040,0.841361850987335
"C-WEU-NLD","plaster",2050,0.816687669613535
"C-WEU-NLD","plaster",2060,0.794590192956287
"C-WEU-NLD","plaster",2070,0.784393741324948
"C-WEU-NLD","plaster",2080,0.778910404544169
"C-WEU-NLD","plaster",2090,0.772450747271682
"C-WEU-NLD","plaster",2100,0.767100043368631
"C-WEU-NLD","polypropylene",2020,2.85
"C-WEU-NLD","polypropylene",2025,2.85
"C-WEU-NLD","polypropylene",2030,2.85
"C-WEU-NLD","polypropylene",2035,2.85
"C-WEU-NLD","polypropylene",2040,2.85
"C-WEU-NLD","polypropylene",2045,2.85
"C-WEU-NLD","polypropylene",2050,2.85
"C-WEU-NLD","polypropylene",2055,2.85
"C-WEU-NLD","polypropylene",2060,2.85
"C-WEU-NLD","polypropylene",2065,2.85
"C-WEU-NLD","polypropylene",2070,2.85
"C-WEU-NLD","polypropylene",2075,2.85
"C-WEU-NLD","polypropylene",2080,2.85
"C-WEU-NLD","polypropylene",2085,2.85
"C-WEU-NLD","polypropylene",2090,2.85
"C-WEU-NLD","polypropylene",2095,2.85
"C-WEU-NLD","polypropylene",2100,2.85
"C-WEU-NLD","polystyrene",2020,4.19
"C-WEU-NLD","polystyrene",2025,4.19
"C-WEU-NLD","polystyrene",2030,4.19
"C-WEU-NLD","polystyrene",2035,4.19
"C-WEU-NLD","polystyrene",2040,4.19
"C-WEU-NLD","polystyrene",2045,4.19
"C-WEU-NLD","polystyrene",2050,4.19
"C-WEU-NLD","polystyrene",2055,4.19
"C-WEU-NLD","polystyrene",2060,4.19
"C-WEU-NLD","polystyrene",2065,4.19
"C-WEU-NLD","polystyrene",2070,4.19
"C-WEU-NLD","polystyrene",2075,4.19
"C-WEU-NLD","polystyrene",2080,4.19
"C-WEU-NLD","polystyrene",2085,4.19
"C-WEU-NLD","polystyrene",2090,4.19
"C-WEU-NLD","polystyrene",2095,4.19
"C-WEU-NLD","polystyrene",2100,4.19
"C-WEU-NLD","steel",2020,0.880637011769495
"C-WEU-NLD","steel",2030,0.858519884815397
"C-WEU-NLD","steel",2040,0.814925974206866
"C-WEU-NLD","steel",2050,0.790561411586921
"C-WEU-NLD","steel",2060,0.769424212774861
"C-WEU-NLD","steel",2070,0.759651179498065
"C-WEU-NLD","steel",2080,0.754380233819922
"C-WEU-NLD","steel",2090,0.748247745643613
"C-WEU-NLD","steel",2100,0.743160103423421
"C-WEU-NLD","wood",2020,0.131523388973096
"C-WEU-NLD","wood",2030,0.127918747330539
"C-WEU-NLD","wood",2040,0.125486657550788
"C-WEU-NLD","wood",2050,0.118844379619748
"C-WEU-NLD","wood",2060,0.10425698929116
"C-WEU-NLD","wood",2070,0.0970234452844144
"C-WEU-NLD","wood",2080,0.094039006612327
"C-WEU-NLD","wood",2090,0.0899482567735193
"C-WEU-NLD","wood",2100,0.0840177761480068
"C-WEU-NOR","acrylonitrile_butadiene_styrene",2020,4.19
"C-WEU-NOR","acrylonitrile_butadiene_styrene",2025,4.19
"C-WEU-NOR","acrylonitrile_butadiene_styrene",2030,4.19
"C-WEU-NOR","acrylonitrile_butadiene_styrene",2035,4.19
"C-WEU-NOR","acrylonitrile_butadiene_styrene",2040,4.19
"C-WEU-NOR","acrylonitrile_butadiene_styrene",2045,4.19
"C-WEU-NOR","acrylonitrile_butadiene_styrene",2050,4.19
"C-WEU-NOR","acrylonitrile_butadiene_styrene",2055,4.19
"C-WEU-NOR","acrylonitrile_butadiene_styrene",2060,4.19
"C-WEU-NOR","acrylonitrile_butadiene_styrene",2065,4.19
"C-WEU-NOR","acrylonitrile_butadiene_styrene",2070,4.19
"C-WEU-NOR","acrylonitrile_butadiene_styrene",2075,4.19
"C-WEU-NOR","acrylonitrile_butadiene_styrene",2080,4.19
"C-WEU-NOR","acrylonitrile_butadiene_styrene",2085,4.19
"C-WEU-NOR","acrylonitrile_butadiene_styrene",2090,4.19
"C-WEU-NOR","acrylonitrile_butadiene_styrene",2095,4.19
"C-WEU-NOR","acrylonitrile_butadiene_styrene",2100,4.19
"C-WEU-NOR","aluminium",2020,14.5075193220672
"C-WEU-NOR","aluminium",2030,14.2596740244073
"C-WEU-NOR","aluminium",2040,14.1431842283059
"C-WEU-NOR","aluminium",2050,13.7128182589558
"C-WEU-NOR","aluminium",2060,12.2380939921977
"C-WEU-NOR","aluminium",2070,11.626246883642
"C-WEU-NOR","aluminium",2080,11.2203701639442
"C-WEU-NOR","aluminium",2090,10.8206822897633
"C-WEU-NOR","aluminium",2100,10.6050333265886
"C-WEU-NOR","bio-based_polypropylene",2020,1.745
"C-WEU-NOR","bio-based_polypropylene",2025,1.745
"C-WEU-NOR","bio-based_polypropylene",2030,1.745
"C-WEU-NOR","bio-based_polypropylene",2035,1.745
"C-WEU-NOR","bio-based_polypropylene",2040,1.745
"C-WEU-NOR","bio-based_polypropylene",2045,1.745
"C-WEU-NOR","bio-based_polypropylene",2050,1.745
"C-WEU-NOR","bio-based_polypropylene",2055,1.745
"C-WEU-NOR","bio-based_polypropylene",2060,1.745
"C-WEU-NOR","bio-based_polypropylene",2065,1.745
"C-WEU-NOR","bio-based_polypropylene",2070,1.745
"C-WEU-NOR","bio-based_polypropylene",2075,1.745
"C-WEU-NOR","bio-based_polypropylene",2080,1.745
"C-WEU-NOR","bio-based_polypropylene",2085,1.745
"C-WEU-NOR","bio-based_polypropylene",2090,1.745
"C-WEU-NOR","bio-based_polypropylene",2095,1.745
"C-WEU-NOR","bio-based_polypropylene",2100,1.745
"C-WEU-NOR","bio-based_polystyrene",2020,1.745
"C-WEU-NOR","bio-based_polystyrene",2025,1.745
"C-WEU-NOR","bio-based_polystyrene",2030,1.745
"C-WEU-NOR","bio-based_polystyrene",2035,1.745
"C-WEU-NOR","bio-based_polystyrene",2040,1.745
"C-WEU-NOR","bio-based_polystyrene",2045,1.745
"C-WEU-NOR","bio-based_polystyrene",2050,1.745
"C-WEU-NOR","bio-based_polystyrene",2055,1.745
"C-WEU-NOR","bio-based_polystyrene",2060,1.745
"C-WEU-NOR","bio-based_polystyrene",2065,1.745
"C-WEU-NOR","bio-based_polystyrene",2070,1.745
"C-WEU-NOR","bio-based_polystyrene",2075,1.745
"C-WEU-NOR","bio-based_polystyrene",2080,1.745
"C-WEU-NOR","bio-based_polystyrene",2085,1.745
"C-WEU-NOR","bio-based_polystyrene",2090,1.745
"C-WEU-NOR","bio-based_polystyrene",2095,1.745
"C-WEU-NOR","bio-based_polystyrene",2100,1.745
"C-WEU-NOR","brick",2020,0.255354211059323
"C-WEU-NOR","brick",2030,0.253436368881112
"C-WEU-NOR","brick",2040,0.252067883933655
"C-WEU-NOR","brick",2050,0.249216103092977
"C-WEU-NOR","brick",2060,0.242895938067345
"C-WEU-NOR","brick",2070,0.239871420112532
"C-WEU-NOR","brick",2080,0.23864220810427
"C-WEU-NOR","brick",2090,0.236807361914845
"C-WEU-NOR","brick",2100,0.234254489674243
"C-WEU-NOR","concrete",2020,0.825349510201989
"C-WEU-NOR","concrete",2030,0.79802661435771
"C-WEU-NOR","concrete",2040,0.740798042870699
"C-WEU-NOR","concrete",2050,0.710818580398354
"C-WEU-NOR","concrete",2060,0.689925322815031
"C-WEU-NOR","concrete",2070,0.680203461352861
"C-WEU-NOR","concrete",2080,0.67453668911707
"C-WEU-NOR","concrete",2090,0.668619515507331
"C-WEU-NOR","concrete",2100,0.664333779969531
"C-WEU-NOR","copper",2020,5.67166444082771
"C-WEU-NOR","copper",2030,5.47573566435761
"C-WEU-NOR","copper",2040,5.3823136803621
"C-WEU-NOR","copper",2050,5.26754024419668
"C-WEU-NOR","copper",2060,4.75059903307488
"C-WEU-NOR","copper",2070,4.5332657836101
"C-WEU-NOR","copper",2080,4.38949323163255
"C-WEU-NOR","copper",2090,4.22391605761607
"C-WEU-NOR","copper",2100,4.11636329938511
"C-WEU-NOR","glass",2020,1.12804238296091
"C-WEU-NOR","glass",2030,1.0991971437951
"C-WEU-NOR","glass",2040,1.04173136056578
"C-WEU-NOR","glass",2050,1.00997904439863
"C-WEU-NOR","glass",2060,0.982933418822496
"C-WEU-NOR","glass",2070,0.970526350755339
"C-WEU-NOR","glass",2080,0.963779188400643
"C-WEU-NOR","glass",2090,0.955943364650483
"C-WEU-NOR","glass",2100,0.949564751334641
"C-WEU-NOR","mortar",2020,0.219366781733747
"C-WEU-NOR","mortar",2030,0.216356666815275
"C-WEU-NOR","mortar",2040,0.213760047127738
"C-WEU-NOR","mortar",2050,0.210694837059892
"C-WEU-NOR","mortar",2060,0.204638321144783
"C-WEU-NOR","mortar",2070,0.201597547225779
"C-WEU-NOR","mortar",2080,0.200170427421674
"C-WEU-NOR","mortar",2090,0.198248595633224
"C-WEU-NOR","mortar",2100,0.196304553839926
"C-WEU-NOR","other_materials",2020,2.95
"C-WEU-NOR","other_materials",2025,2.95
"C-WEU-NOR","other_materials",2030,2.95
"C-WEU-NOR","other_materials",2035,2.95
"C-WEU-NOR","other_materials",2040,2.95
"C-WEU-NOR","other_materials",2045,2.95
"C-WEU-NOR","other_materials",2050,2.95
"C-WEU-NOR","other_materials",2055,2.95
"C-WEU-NOR","other_materials",2060,2.95
"C-WEU-NOR","other_materials",2065,2.95
"C-WEU-NOR","other_materials",2070,2.95
"C-WEU-NOR","other_materials",2075,2.95
"C-WEU-NOR","other_materials",2080,2.95
"C-WEU-NOR","other_materials",2085,2.95
"C-WEU-NOR","other_materials",2090,2.95
"C-WEU-NOR","other_materials",2095,2.95
"C-WEU-NOR","other_materials",2100,2.95
"C-WEU-NOR","other_plastics",2020,3.45
"C-WEU-NOR","other_plastics",2025,3.45
"C-WEU-NOR","other_plastics",2030,3.45
"C-WEU-NOR","other_plastics",2035,3.45
"C-WEU-NOR","other_plastics",2040,3.45
"C-WEU-NOR","other_plastics",2045,3.45
"C-WEU-NOR","other_plastics",2050,3.45
"C-WEU-NOR","other_plastics",2055,3.45
"C-WEU-NOR","other_plastics",2060,3.45
"C-WEU-NOR","other_plastics",2065,3.45
"C-WEU-NOR","other_plastics",2070,3.45
"C-WEU-NOR","other_plastics",2075,3.45
"C-WEU-NOR","other_plastics",2080,3.45
"C-WEU-NOR","other_plastics",2085,3.45
"C-WEU-NOR","other_plastics",2090,3.45
"C-WEU-NOR","other_plastics",2095,3.45
"C-WEU-NOR","other_plastics",2100,3.45
"C-WEU-NOR","plaster",2020,0.907684029470872
"C-WEU-NOR","plaster",2030,0.885176815467904
"C-WEU-NOR","plaster",2040,0.841361850987335
"C-WEU-NOR","plaster",2050,0.816687669613535
"C-WEU-NOR","plaster",2060,0.794590192956287
"C-WEU-NOR","plaster",2070,0.784393741324948
"C-WEU-NOR","plaster",2080,0.778910404544169
"C-WEU-NOR","plaster",2090,0.772450747271682
"C-WEU-NOR","plaster",2100,0.767100043368631
"C-WEU-NOR","polypropylene",2020,2.85
"C-WEU-NOR","polypropylene",2025,2.85
"C-WEU-NOR","polypropylene",2030,2.85
"C-WEU-NOR","polypropylene",2035,2.85
"C-WEU-NOR","polypropylene",2040,2.85
"C-WEU-NOR","polypropylene",2045,2.85
"C-WEU-NOR","polypropylene",2050,2.85
"C-WEU-NOR","polypropylene",2055,2.85
"C-WEU-NOR","polypropylene",2060,2.85
"C-WEU-NOR","polypropylene",2065,2.85
"C-WEU-NOR","polypropylene",2070,2.85
"C-WEU-NOR","polypropylene",2075,2.85
"C-WEU-NOR","polypropylene",2080,2.85
"C-WEU-NOR","polypropylene",2085,2.85
"C-WEU-NOR","polypropylene",2090,2.85
"C-WEU-NOR","polypropylene",2095,2.85
"C-WEU-NOR","polypropylene",2100,2.85
"C-WEU-NOR","polystyrene",2020,4.19
"C-WEU-NOR","polystyrene",2025,4.19
"C-WEU-NOR","polystyrene",2030,4.19
"C-WEU-NOR","polystyrene",2035,4.19
"C-WEU-NOR","polystyrene",2040,4.19
"C-WEU-NOR","polystyrene",2045,4.19
"C-WEU-NOR","polystyrene",2050,4.19
"C-WEU-NOR","polystyrene",2055,4.19
"C-WEU-NOR","polystyrene",2060,4.19
"C-WEU-NOR","polystyrene",2065,4.19
"C-WEU-NOR","polystyrene",2070,4.19
"C-WEU-NOR","polystyrene",2075,4.19
"C-WEU-NOR","polystyrene",2080,4.19
"C-WEU-NOR","polystyrene",2085,4.19
"C-WEU-NOR","polystyrene",2090,4.19
"C-WEU-NOR","polystyrene",2095,4.19
"C-WEU-NOR","polystyrene",2100,4.19
"C-WEU-NOR","steel",2020,0.880637011769495
"C-WEU-NOR","steel",2030,0.858519884815397
"C-WEU-NOR","steel",2040,0.814925974206866
"C-WEU-NOR","steel",2050,0.790561411586921
"C-WEU-NOR","steel",2060,0.769424212774861
"C-WEU-NOR","steel",2070,0.759651179498065
"C-WEU-NOR","steel",2080,0.754380233819922
"C-WEU-NOR","steel",2090,0.748247745643613
"C-WEU-NOR","steel",2100,0.743160103423421
"C-WEU-NOR","wood",2020,0.131523388973096
"C-WEU-NOR","wood",2030,0.127918747330539
"C-WEU-NOR","wood",2040,0.125486657550788
"C-WEU-NOR","wood",2050,0.118844379619748
"C-WEU-NOR","wood",2060,0.10425698929116
"C-WEU-NOR","wood",2070,0.0970234452844144
"C-WEU-NOR","wood",2080,0.094039006612327
"C-WEU-NOR","wood",2090,0.0899482567735193
"C-WEU-NOR","wood",2100,0.0840177761480068
"C-WEU-PRT","acrylonitrile_butadiene_styrene",2020,4.19
"C-WEU-PRT","acrylonitrile_butadiene_styrene",2025,4.19
"C-WEU-PRT","acrylonitrile_butadiene_styrene",2030,4.19
"C-WEU-PRT","acrylonitrile_butadiene_styrene",2035,4.19
"C-WEU-PRT","acrylonitrile_butadiene_styrene",2040,4.19
"C-WEU-PRT","acrylonitrile_butadiene_styrene",2045,4.19
"C-WEU-PRT","acrylonitrile_butadiene_styrene",2050,4.19
"C-WEU-PRT","acrylonitrile_butadiene_styrene",2055,4.19
"C-WEU-PRT","acrylonitrile_butadiene_styrene",2060,4.19
"C-WEU-PRT","acrylonitrile_butadiene_styrene",2065,4.19
"C-WEU-PRT","acrylonitrile_butadiene_styrene",2070,4.19
"C-WEU-PRT","acrylonitrile_butadiene_styrene",2075,4.19
"C-WEU-PRT","acrylonitrile_butadiene_styrene",2080,4.19
"C-WEU-PRT","acrylonitrile_butadiene_styrene",2085,4.19
"C-WEU-PRT","acrylonitrile_butadiene_styrene",2090,4.19
"C-WEU-PRT","acrylonitrile_butadiene_styrene",2095,4.19
"C-WEU-PRT","acrylonitrile_butadiene_styrene",2100,4.19
"C-WEU-PRT","aluminium",2020,14.5075193220672
"C-WEU-PRT","aluminium",2030,14.2596740244073
"C-WEU-PRT","aluminium",2040,14.1431842283059
"C-WEU-PRT","aluminium",2050,13.7128182589558
"C-WEU-PRT","aluminium",2060,12.2380939921977
"C-WEU-PRT","aluminium",2070,11.626246883642
"C-WEU-PRT","aluminium",2080,11.2203701639442
"C-WEU-PRT","aluminium",2090,10.8206822897633
"C-WEU-PRT","aluminium",2100,10.6050333265886
"C-WEU-PRT","bio-based_polypropylene",2020,1.745
"C-WEU-PRT","bio-based_polypropylene",2025,1.745
"C-WEU-PRT","bio-based_polypropylene",2030,1.745
"C-WEU-PRT","bio-based_polypropylene",2035,1.745
"C-WEU-PRT","bio-based_polypropylene",2040,1.745
"C-WEU-PRT","bio-based_polypropylene",2045,1.745
"C-WEU-PRT","bio-based_polypropylene",2050,1.745
"C-WEU-PRT","bio-based_polypropylene",2055,1.745
"C-WEU-PRT","bio-based_polypropylene",2060,1.745
"C-WEU-PRT","bio-based_polypropylene",2065,1.745
"C-WEU-PRT","bio-based_polypropylene",2070,1.745
"C-WEU-PRT","bio-based_polypropylene",2075,1.745
"C-WEU-PRT","bio-based_polypropylene",2080,1.745
"C-WEU-PRT","bio-based_polypropylene",2085,1.745
"C-WEU-PRT","bio-based_polypropylene",2090,1.745
"C-WEU-PRT","bio-based_polypropylene",2095,1.745
"C-WEU-PRT","bio-based_polypropylene",2100,1.745
"C-WEU-PRT","bio-based_polystyrene",2020,1.745
"C-WEU-PRT","bio-based_polystyrene",2025,1.745
"C-WEU-PRT","bio-based_polystyrene",2030,1.745
"C-WEU-PRT","bio-based_polystyrene",2035,1.745
"C-WEU-PRT","bio-based_polystyrene",2040,1.745
"C-WEU-PRT","bio-based_polystyrene",2045,1.745
"C-WEU-PRT","bio-based_polystyrene",2050,1.745
"C-WEU-PRT","bio-based_polystyrene",2055,1.745
"C-WEU-PRT","bio-based_polystyrene",2060,1.745
"C-WEU-PRT","bio-based_polystyrene",2065,1.745
"C-WEU-PRT","bio-based_polystyrene",2070,1.745
"C-WEU-PRT","bio-based_polystyrene",2075,1.745
"C-WEU-PRT","bio-based_polystyrene",2080,1.745
"C-WEU-PRT","bio-based_polystyrene",2085,1.745
"C-WEU-PRT","bio-based_polystyrene",2090,1.745
"C-WEU-PRT","bio-based_polystyrene",2095,1.745
"C-WEU-PRT","bio-based_polystyrene",2100,1.745
"C-WEU-PRT","brick",2020,0.255354211059323
"C-WEU-PRT","brick",2030,0.253436368881112
"C-WEU-PRT","brick",2040,0.252067883933655
"C-WEU-PRT","brick",2050,0.249216103092977
"C-WEU-PRT","brick",2060,0.242895938067345
"C-WEU-PRT","brick",2070,0.239871420112532
"C-WEU-PRT","brick",2080,0.23864220810427
"C-WEU-PRT","brick",2090,0.236807361914845
"C-WEU-PRT","brick",2100,0.234254489674243
"C-WEU-PRT","concrete",2020,0.825349510201989
"C-WEU-PRT","concrete",2030,0.79802661435771
"C-WEU-PRT","concrete",2040,0.740798042870699
"C-WEU-PRT","concrete",2050,0.710818580398354
"C-WEU-PRT","concrete",2060,0.689925322815031
"C-WEU-PRT","concrete",2070,0.680203461352861
"C-WEU-PRT","concrete",2080,0.67453668911707
"C-WEU-PRT","concrete",2090,0.668619515507331
"C-WEU-PRT","concrete",2100,0.664333779969531
"C-WEU-PRT","copper",2020,5.67166444082771
"C-WEU-PRT","copper",2030,5.47573566435761
"C-WEU-PRT","copper",2040,5.3823136803621
"C-WEU-PRT","copper",2050,5.26754024419668
"C-WEU-PRT","copper",2060,4.75059903307488
"C-WEU-PRT","copper",2070,4.5332657836101
"C-WEU-PRT","copper",2080,4.38949323163255
"C-WEU-PRT","copper",2090,4.22391605761607
"C-WEU-PRT","copper",2100,4.11636329938511
"C-WEU-PRT","glass",2020,1.12804238296091
"C-WEU-PRT","glass",2030,1.0991971437951
"C-WEU-PRT","glass",2040,1.04173136056578
"C-WEU-PRT","glass",2050,1.00997904439863
"C-WEU-PRT","glass",2060,0.982933418822496
"C-WEU-PRT","glass",2070,0.970526350755339
"C-WEU-PRT","glass",2080,0.963779188400643
"C-WEU-PRT","glass",2090,0.955943364650483
"C-WEU-PRT","glass",2100,0.949564751334641
"C-WEU-PRT","mortar",2020,0.219366781733747
"C-WEU-PRT","mortar",2030,0.216356666815275
"C-WEU-PRT","mortar",2040,0.213760047127738
"C-WEU-PRT","mortar",2050,0.210694837059892
"C-WEU-PRT","mortar",2060,0.204638321144783
"C-WEU-PRT","mortar",2070,0.201597547225779
"C-WEU-PRT","mortar",2080,0.200170427421674
"C-WEU-PRT","mortar",2090,0.198248595633224
"C-WEU-PRT","mortar",2100,0.196304553839926
"C-WEU-PRT","other_materials",2020,2.95
"C-WEU-PRT","other_materials",2025,2.95
"C-WEU-PRT","other_materials",2030,2.95
"C-WEU-PRT","other_materials",2035,2.95
"C-WEU-PRT","other_materials",2040,2.95
"C-WEU-PRT","other_materials",2045,2.95
"C-WEU-PRT","other_materials",2050,2.95
"C-WEU-PRT","other_materials",2055,2.95
"C-WEU-PRT","other_materials",2060,2.95
"C-WEU-PRT","other_materials",2065,2.95
"C-WEU-PRT","other_materials",2070,2.95
"C-WEU-PRT","other_materials",2075,2.95
"C-WEU-PRT","other_materials",2080,2.95
"C-WEU-PRT","other_materials",2085,2.95
"C-WEU-PRT","other_materials",2090,2.95
"C-WEU-PRT","other_materials",2095,2.95
"C-WEU-PRT","other_materials",2100,2.95
"C-WEU-PRT","other_plastics",2020,3.45
"C-WEU-PRT","other_plastics",2025,3.45
"C-WEU-PRT","other_plastics",2030,3.45
"C-WEU-PRT","other_plastics",2035,3.45
"C-WEU-PRT","other_plastics",2040,3.45
"C-WEU-PRT","other_plastics",2045,3.45
"C-WEU-PRT","other_plastics",2050,3.45
"C-WEU-PRT","other_plastics",2055,3.45
"C-WEU-PRT","other_plastics",2060,3.45
"C-WEU-PRT","other_plastics",2065,3.45
"C-WEU-PRT","other_plastics",2070,3.45
"C-WEU-PRT","other_plastics",2075,3.45
"C-WEU-PRT","other_plastics",2080,3.45
"C-WEU-PRT","other_plastics",2085,3.45
"C-WEU-PRT","other_plastics",2090,3.45
"C-WEU-PRT","other_plastics",2095,3.45
"C-WEU-PRT","other_plastics",2100,3.45
"C-WEU-PRT","plaster",2020,0.907684029470872
"C-WEU-PRT","plaster",2030,0.885176815467904
"C-WEU-PRT","plaster",2040,0.841361850987335
"C-WEU-PRT","plaster",2050,0.816687669613535
"C-WEU-PRT","plaster",2060,0.794590192956287
"C-WEU-PRT","plaster",2070,0.784393741324948
"C-WEU-PRT","plaster",2080,0.778910404544169
"C-WEU-PRT","plaster",2090,0.772450747271682
"C-WEU-PRT","plaster",2100,0.767100043368631
"C-WEU-PRT","polypropylene",2020,2.85
"C-WEU-PRT","polypropylene",2025,2.85
"C-WEU-PRT","polypropylene",2030,2.85
"C-WEU-PRT","polypropylene",2035,2.85
"C-WEU-PRT","polypropylene",2040,2.85
"C-WEU-PRT","polypropylene",2045,2.85
"C-WEU-PRT","polypropylene",2050,2.85
"C-WEU-PRT","polypropylene",2055,2.85
"C-WEU-PRT","polypropylene",2060,2.85
"C-WEU-PRT","polypropylene",2065,2.85
"C-WEU-PRT","polypropylene",2070,2.85
"C-WEU-PRT","polypropylene",2075,2.85
"C-WEU-PRT","polypropylene",2080,2.85
"C-WEU-PRT","polypropylene",2085,2.85
"C-WEU-PRT","polypropylene",2090,2.85
"C-WEU-PRT","polypropylene",2095,2.85
"C-WEU-PRT","polypropylene",2100,2.85
"C-WEU-PRT","polystyrene",2020,4.19
"C-WEU-PRT","polystyrene",2025,4.19
"C-WEU-PRT","polystyrene",2030,4.19
"C-WEU-PRT","polystyrene",2035,4.19
"C-WEU-PRT","polystyrene",2040,4.19
"C-WEU-PRT","polystyrene",2045,4.19
"C-WEU-PRT","polystyrene",2050,4.19
"C-WEU-PRT","polystyrene",2055,4.19
"C-WEU-PRT","polystyrene",2060,4.19
"C-WEU-PRT","polystyrene",2065,4.19
"C-WEU-PRT","polystyrene",2070,4.19
"C-WEU-PRT","polystyrene",2075,4.19
"C-WEU-PRT","polystyrene",2080,4.19
"C-WEU-PRT","polystyrene",2085,4.19
"C-WEU-PRT","polystyrene",2090,4.19
"C-WEU-PRT","polystyrene",2095,4.19
"C-WEU-PRT","polystyrene",2100,4.19
"C-WEU-PRT","steel",2020,0.880637011769495
"C-WEU-PRT","steel",2030,0.858519884815397
"C-WEU-PRT","steel",2040,0.814925974206866
"C-WEU-PRT","steel",2050,0.790561411586921
"C-WEU-PRT","steel",2060,0.769424212774861
"C-WEU-PRT","steel",2070,0.759651179498065
"C-WEU-PRT","steel",2080,0.754380233819922
"C-WEU-PRT","steel",2090,0.748247745643613
"C-WEU-PRT","steel",2100,0.743160103423421
"C-WEU-PRT","wood",2020,0.131523388973096
"C-WEU-PRT","wood",2030,0.127918747330539
"C-WEU-PRT","wood",2040,0.125486657550788
"C-WEU-PRT","wood",2050,0.118844379619748
"C-WEU-PRT","wood",2060,0.10425698929116
"C-WEU-PRT","wood",2070,0.0970234452844144
"C-WEU-PRT","wood",2080,0.094039006612327
"C-WEU-PRT","wood",2090,0.0899482567735193
"C-WEU-PRT","wood",2100,0.0840177761480068
"C-WEU-SWE","acrylonitrile_butadiene_styrene",2020,4.19
"C-WEU-SWE","acrylonitrile_butadiene_styrene",2025,4.19
"C-WEU-SWE","acrylonitrile_butadiene_styrene",2030,4.19
"C-WEU-SWE","acrylonitrile_butadiene_styrene",2035,4.19
"C-WEU-SWE","acrylonitrile_butadiene_styrene",2040,4.19
"C-WEU-SWE","acrylonitrile_butadiene_styrene",2045,4.19
"C-WEU-SWE","acrylonitrile_butadiene_styrene",2050,4.19
"C-WEU-SWE","acrylonitrile_butadiene_styrene",2055,4.19
"C-WEU-SWE","acrylonitrile_butadiene_styrene",2060,4.19
"C-WEU-SWE","acrylonitrile_butadiene_styrene",2065,4.19
"C-WEU-SWE","acrylonitrile_butadiene_styrene",2070,4.19
"C-WEU-SWE","acrylonitrile_butadiene_styrene",2075,4.19
"C-WEU-SWE","acrylonitrile_butadiene_styrene",2080,4.19
"C-WEU-SWE","acrylonitrile_butadiene_styrene",2085,4.19
"C-WEU-SWE","acrylonitrile_butadiene_styrene",2090,4.19
"C-WEU-SWE","acrylonitrile_butadiene_styrene",2095,4.19
"C-WEU-SWE","acrylonitrile_butadiene_styrene",2100,4.19
"C-WEU-SWE","aluminium",2020,14.5075193220672
"C-WEU-SWE","aluminium",2030,14.2596740244073
"C-WEU-SWE","aluminium",2040,14.1431842283059
"C-WEU-SWE","aluminium",2050,13.7128182589558
"C-WEU-SWE","aluminium",2060,12.2380939921977
"C-WEU-SWE","aluminium",2070,11.626246883642
"C-WEU-SWE","aluminium",2080,11.2203701639442
"C-WEU-SWE","aluminium",2090,10.8206822897633
"C-WEU-SWE","aluminium",2100,10.6050333265886
"C-WEU-SWE","bio-based_polypropylene",2020,1.745
"C-WEU-SWE","bio-based_polypropylene",2025,1.745
"C-WEU-SWE","bio-based_polypropylene",2030,1.745
"C-WEU-SWE","bio-based_polypropylene",2035,1.745
"C-WEU-SWE","bio-based_polypropylene",2040,1.745
"C-WEU-SWE","bio-based_polypropylene",2045,1.745
"C-WEU-SWE","bio-based_polypropylene",2050,1.745
"C-WEU-SWE","bio-based_polypropylene",2055,1.745
"C-WEU-SWE","bio-based_polypropylene",2060,1.745
"C-WEU-SWE","bio-based_polypropylene",2065,1.745
"C-WEU-SWE","bio-based_polypropylene",2070,1.745
"C-WEU-SWE","bio-based_polypropylene",2075,1.745
"C-WEU-SWE","bio-based_polypropylene",2080,1.745
"C-WEU-SWE","bio-based_polypropylene",2085,1.745
"C-WEU-SWE","bio-based_polypropylene",2090,1.745
"C-WEU-SWE","bio-based_polypropylene",2095,1.745
"C-WEU-SWE","bio-based_polypropylene",2100,1.745
"C-WEU-SWE","bio-based_polystyrene",2020,1.745
"C-WEU-SWE","bio-based_polystyrene",2025,1.745
"C-WEU-SWE","bio-based_polystyrene",2030,1.745
"C-WEU-SWE","bio-based_polystyrene",2035,1.745
"C-WEU-SWE","bio-based_polystyrene",2040,1.745
"C-WEU-SWE","bio-based_polystyrene",2045,1.745
"C-WEU-SWE","bio-based_polystyrene",2050,1.745
"C-WEU-SWE","bio-based_polystyrene",2055,1.745
"C-WEU-SWE","bio-based_polystyrene",2060,1.745
"C-WEU-SWE","bio-based_polystyrene",2065,1.745
"C-WEU-SWE","bio-based_polystyrene",2070,1.745
"C-WEU-SWE","bio-based_polystyrene",2075,1.745
"C-WEU-SWE","bio-based_polystyrene",2080,1.745
"C-WEU-SWE","bio-based_polystyrene",2085,1.745
"C-WEU-SWE","bio-based_polystyrene",2090,1.745
"C-WEU-SWE","bio-based_polystyrene",2095,1.745
"C-WEU-SWE","bio-based_polystyrene",2100,1.745
"C-WEU-SWE","brick",2020,0.255354211059323
"C-WEU-SWE","brick",2030,0.253436368881112
"C-WEU-SWE","brick",2040,0.252067883933655
"C-WEU-SWE","brick",2050,0.249216103092977
"C-WEU-SWE","brick",2060,0.242895938067345
"C-WEU-SWE","brick",2070,0.239871420112532
"C-WEU-SWE","brick",2080,0.23864220810427
"C-WEU-SWE","brick",2090,0.236807361914845
"C-WEU-SWE","brick",2100,0.234254489674243
"C-WEU-SWE","concrete",2020,0.825349510201989
"C-WEU-SWE","concrete",2030,0.79802661435771
"C-WEU-SWE","concrete",2040,0.740798042870699
"C-WEU-SWE","concrete",2050,0.710818580398354
"C-WEU-SWE","concrete",2060,0.689925322815031
"C-WEU-SWE","concrete",2070,0.680203461352861
"C-WEU-SWE","concrete",2080,0.67453668911707
"C-WEU-SWE","concrete",2090,0.668619515507331
"C-WEU-SWE","concrete",2100,0.664333779969531
"C-WEU-SWE","copper",2020,5.67166444082771
"C-WEU-SWE","copper",2030,5.47573566435761
"C-WEU-SWE","copper",2040,5.3823136803621
"C-WEU-SWE","copper",2050,5.26754024419668
"C-WEU-SWE","copper",2060,4.75059903307488
"C-WEU-SWE","copper",2070,4.5332657836101
"C-WEU-SWE","copper",2080,4.38949323163255
"C-WEU-SWE","copper",2090,4.22391605761607
"C-WEU-SWE","copper",2100,4.11636329938511
"C-WEU-SWE","glass",2020,1.12804238296091
"C-WEU-SWE","glass",2030,1.0991971437951
"C-WEU-SWE","glass",2040,1.04173136056578
"C-WEU-SWE","glass",2050,1.00997904439863
"C-WEU-SWE","glass",2060,0.982933418822496
"C-WEU-SWE","glass",2070,0.970526350755339
"C-WEU-SWE","glass",2080,0.963779188400643
"C-WEU-SWE","glass",2090,0.955943364650483
"C-WEU-SWE","glass",2100,0.949564751334641
"C-WEU-SWE","mortar",2020,0.219366781733747
"C-WEU-SWE","mortar",2030,0.216356666815275
"C-WEU-SWE","mortar",2040,0.213760047127738
"C-WEU-SWE","mortar",2050,0.210694837059892
"C-WEU-SWE","mortar",2060,0.204638321144783
"C-WEU-SWE","mortar",2070,0.201597547225779
"C-WEU-SWE","mortar",2080,0.200170427421674
"C-WEU-SWE","mortar",2090,0.198248595633224
"C-WEU-SWE","mortar",2100,0.196304553839926
"C-WEU-SWE","other_materials",2020,2.95
"C-WEU-SWE","other_materials",2025,2.95
"C-WEU-SWE","other_materials",2030,2.95
"C-WEU-SWE","other_materials",2035,2.95
"C-WEU-SWE","other_materials",2040,2.95
"C-WEU-SWE","other_materials",2045,2.95
"C-WEU-SWE","other_materials",2050,2.95
"C-WEU-SWE","other_materials",2055,2.95
"C-WEU-SWE","other_materials",2060,2.95
"C-WEU-SWE","other_materials",2065,2.95
"C-WEU-SWE","other_materials",2070,2.95
"C-WEU-SWE","other_materials",2075,2.95
"C-WEU-SWE","other_materials",2080,2.95
"C-WEU-SWE","other_materials",2085,2.95
"C-WEU-SWE","other_materials",2090,2.95
"C-WEU-SWE","other_materials",2095,2.95
"C-WEU-SWE","other_materials",2100,2.95
"C-WEU-SWE","other_plastics",2020,3.45
"C-WEU-SWE","other_plastics",2025,3.45
"C-WEU-SWE","other_plastics",2030,3.45
"C-WEU-SWE","other_plastics",2035,3.45
"C-WEU-SWE","other_plastics",2040,3.45
"C-WEU-SWE","other_plastics",2045,3.45
"C-WEU-SWE","other_plastics",2050,3.45
"C-WEU-SWE","other_plastics",2055,3.45
"C-WEU-SWE","other_plastics",2060,3.45
"C-WEU-SWE","other_plastics",2065,3.45
"C-WEU-SWE","other_plastics",2070,3.45
"C-WEU-SWE","other_plastics",2075,3.45
"C-WEU-SWE","other_plastics",2080,3.45
"C-WEU-SWE","other_plastics",2085,3.45
"C-WEU-SWE","other_plastics",2090,3.45
"C-WEU-SWE","other_plastics",2095,3.45
"C-WEU-SWE","other_plastics",2100,3.45
"C-WEU-SWE","plaster",2020,0.907684029470872
"C-WEU-SWE","plaster",2030,0.885176815467904
"C-WEU-SWE","plaster",2040,0.841361850987335
"C-WEU-SWE","plaster",2050,0.816687669613535
"C-WEU-SWE","plaster",2060,0.794590192956287
"C-WEU-SWE","plaster",2070,0.784393741324948
"C-WEU-SWE","plaster",2080,0.778910404544169
"C-WEU-SWE","plaster",2090,0.772450747271682
"C-WEU-SWE","plaster",2100,0.767100043368631
"C-WEU-SWE","polypropylene",2020,2.85
"C-WEU-SWE","polypropylene",2025,2.85
"C-WEU-SWE","polypropylene",2030,2.85
"C-WEU-SWE","polypropylene",2035,2.85
"C-WEU-SWE","polypropylene",2040,2.85
"C-WEU-SWE","polypropylene",2045,2.85
"C-WEU-SWE","polypropylene",2050,2.85
"C-WEU-SWE","polypropylene",2055,2.85
"C-WEU-SWE","polypropylene",2060,2.85
"C-WEU-SWE","polypropylene",2065,2.85
"C-WEU-SWE","polypropylene",2070,2.85
"C-WEU-SWE","polypropylene",2075,2.85
"C-WEU-SWE","polypropylene",2080,2.85
"C-WEU-SWE","polypropylene",2085,2.85
"C-WEU-SWE","polypropylene",2090,2.85
"C-WEU-SWE","polypropylene",2095,2.85
"C-WEU-SWE","polypropylene",2100,2.85
"C-WEU-SWE","polystyrene",2020,4.19
"C-WEU-SWE","polystyrene",2025,4.19
"C-WEU-SWE","polystyrene",2030,4.19
"C-WEU-SWE","polystyrene",2035,4.19
"C-WEU-SWE","polystyrene",2040,4.19
"C-WEU-SWE","polystyrene",2045,4.19
"C-WEU-SWE","polystyrene",2050,4.19
"C-WEU-SWE","polystyrene",2055,4.19
"C-WEU-SWE","polystyrene",2060,4.19
"C-WEU-SWE","polystyrene",2065,4.19
"C-WEU-SWE","polystyrene",2070,4.19
"C-WEU-SWE","polystyrene",2075,4.19
"C-WEU-SWE","polystyrene",2080,4.19
"C-WEU-SWE","polystyrene",2085,4.19
"C-WEU-SWE","polystyrene",2090,4.19
"C-WEU-SWE","polystyrene",2095,4.19
"C-WEU-SWE","polystyrene",2100,4.19
"C-WEU-SWE","steel",2020,0.880637011769495
"C-WEU-SWE","steel",2030,0.858519884815397
"C-WEU-SWE","steel",2040,0.814925974206866
"C-WEU-SWE","steel",2050,0.790561411586921
"C-WEU-SWE","steel",2060,0.769424212774861
"C-WEU-SWE","steel",2070,0.759651179498065
"C-WEU-SWE","steel",2080,0.754380233819922
"C-WEU-SWE","steel",2090,0.748247745643613
"C-WEU-SWE","steel",2100,0.743160103423421
"C-WEU-SWE","wood",2020,0.131523388973096
"C-WEU-SWE","wood",2030,0.127918747330539
"C-WEU-SWE","wood",2040,0.125486657550788
"C-WEU-SWE","wood",2050,0.118844379619748
"C-WEU-SWE","wood",2060,0.10425698929116
"C-WEU-SWE","wood",2070,0.0970234452844144
"C-WEU-SWE","wood",2080,0.094039006612327
"C-WEU-SWE","wood",2090,0.0899482567735193
"C-WEU-SWE","wood",2100,0.0840177761480068
"R32ANUZ","acrylonitrile_butadiene_styrene",2020,4.19
"R32ANUZ","acrylonitrile_butadiene_styrene",2025,4.19
"R32ANUZ","acrylonitrile_butadiene_styrene",2030,4.19
"R32ANUZ","acrylonitrile_butadiene_styrene",2035,4.19
"R32ANUZ","acrylonitrile_butadiene_styrene",2040,4.19
"R32ANUZ","acrylonitrile_butadiene_styrene",2045,4.19
"R32ANUZ","acrylonitrile_butadiene_styrene",2050,4.19
"R32ANUZ","acrylonitrile_butadiene_styrene",2055,4.19
"R32ANUZ","acrylonitrile_butadiene_styrene",2060,4.19
"R32ANUZ","acrylonitrile_butadiene_styrene",2065,4.19
"R32ANUZ","acrylonitrile_butadiene_styrene",2070,4.19
"R32ANUZ","acrylonitrile_butadiene_styrene",2075,4.19
"R32ANUZ","acrylonitrile_butadiene_styrene",2080,4.19
"R32ANUZ","acrylonitrile_butadiene_styrene",2085,4.19
"R32ANUZ","acrylonitrile_butadiene_styrene",2090,4.19
"R32ANUZ","acrylonitrile_butadiene_styrene",2095,4.19
"R32ANUZ","acrylonitrile_butadiene_styrene",2100,4.19
"R32ANUZ","bio-based_polypropylene",2020,1.745
"R32ANUZ","bio-based_polypropylene",2025,1.745
"R32ANUZ","bio-based_polypropylene",2030,1.745
"R32ANUZ","bio-based_polypropylene",2035,1.745
"R32ANUZ","bio-based_polypropylene",2040,1.745
"R32ANUZ","bio-based_polypropylene",2045,1.745
"R32ANUZ","bio-based_polypropylene",2050,1.745
"R32ANUZ","bio-based_polypropylene",2055,1.745
"R32ANUZ","bio-based_polypropylene",2060,1.745
"R32ANUZ","bio-based_polypropylene",2065,1.745
"R32ANUZ","bio-based_polypropylene",2070,1.745
"R32ANUZ","bio-based_polypropylene",2075,1.745
"R32ANUZ","bio-based_polypropylene",2080,1.745
"R32ANUZ","bio-based_polypropylene",2085,1.745
"R32ANUZ","bio-based_polypropylene",2090,1.745
"R32ANUZ","bio-based_polypropylene",2095,1.745
"R32ANUZ","bio-based_polypropylene",2100,1.745
"R32ANUZ","bio-based_polystyrene",2020,1.745
"R32ANUZ","bio-based_polystyrene",2025,1.745
"R32ANUZ","bio-based_polystyrene",2030,1.745
"R32ANUZ","bio-based_polystyrene",2035,1.745
"R32ANUZ","bio-based_polystyrene",2040,1.745
"R32ANUZ","bio-based_polystyrene",2045,1.745
"R32ANUZ","bio-based_polystyrene",2050,1.745
"R32ANUZ","bio-based_polystyrene",2055,1.745
"R32ANUZ","bio-based_polystyrene",2060,1.745
"R32ANUZ","bio-based_polystyrene",2065,1.745
"R32ANUZ","bio-based_polystyrene",2070,1.745
"R32ANUZ","bio-based_polystyrene",2075,1.745
"R32ANUZ","bio-based_polystyrene",2080,1.745
"R32ANUZ","bio-based_polystyrene",2085,1.745
"R32ANUZ","bio-based_polystyrene",2090,1.745
"R32ANUZ","bio-based_polystyrene",2095,1.745
"R32ANUZ","bio-based_polystyrene",2100,1.745
"R32ANUZ","other_materials",2020,2.95
"R32ANUZ","other_materials",2025,2.95
"R32ANUZ","other_materials",2030,2.95
"R32ANUZ","other_materials",2035,2.95
"R32ANUZ","other_materials",2040,2.95
"R32ANUZ","other_materials",2045,2.95
"R32ANUZ","other_materials",2050,2.95
"R32ANUZ","other_materials",2055,2.95
"R32ANUZ","other_materials",2060,2.95
"R32ANUZ","other_materials",2065,2.95
"R32ANUZ","other_materials",2070,2.95
"R32ANUZ","other_materials",2075,2.95
"R32ANUZ","other_materials",2080,2.95
"R32ANUZ","other_materials",2085,2.95
"R32ANUZ","other_materials",2090,2.95
"R32ANUZ","other_materials",2095,2.95
"R32ANUZ","other_materials",2100,2.95
"R32ANUZ","other_plastics",2020,3.45
"R32ANUZ","other_plastics",2025,3.45
"R32ANUZ","other_plastics",2030,3.45
"R32ANUZ","other_plastics",2035,3.45
"R32ANUZ","other_plastics",2040,3.45
"R32ANUZ","other_plastics",2045,3.45
"R32ANUZ","other_plastics",2050,3.45
"R32ANUZ","other_plastics",2055,3.45
"R32ANUZ","other_plastics",2060,3.45
"R32ANUZ","other_plastics",2065,3.45
"R32ANUZ","other_plastics",2070,3.45
"R32ANUZ","other_plastics",2075,3.45
"R32ANUZ","other_plastics",2080,3.45
"R32ANUZ","other_plastics",2085,3.45
"R32ANUZ","other_plastics",2090,3.45
"R32ANUZ","other_plastics",2095,3.45
"R32ANUZ","other_plastics",2100,3.45
"R32ANUZ","polypropylene",2020,2.85
"R32ANUZ","polypropylene",2025,2.85
"R32ANUZ","polypropylene",2030,2.85
"R32ANUZ","polypropylene",2035,2.85
"R32ANUZ","polypropylene",2040,2.85
"R32ANUZ","polypropylene",2045,2.85
"R32ANUZ","polypropylene",2050,2.85
"R32ANUZ","polypropylene",2055,2.85
"R32ANUZ","polypropylene",2060,2.85
"R32ANUZ","polypropylene",2065,2.85
"R32ANUZ","polypropylene",2070,2.85
"R32ANUZ","polypropylene",2075,2.85
"R32ANUZ","polypropylene",2080,2.85
"R32ANUZ","polypropylene",2085,2.85
"R32ANUZ","polypropylene",2090,2.85
"R32ANUZ","polypropylene",2095,2.85
"R32ANUZ","polypropylene",2100,2.85
"R32ANUZ","polystyrene",2020,4.19
"R32ANUZ","polystyrene",2025,4.19
"R32ANUZ","polystyrene",2030,4.19
"R32ANUZ","polystyrene",2035,4.19
"R32ANUZ","polystyrene",2040,4.19
"R32ANUZ","polystyrene",2045,4.19
"R32ANUZ","polystyrene",2050,4.19
"R32ANUZ","polystyrene",2055,4.19
"R32ANUZ","polystyrene",2060,4.19
"R32ANUZ","polystyrene",2065,4.19
"R32ANUZ","polystyrene",2070,4.19
"R32ANUZ","polystyrene",2075,4.19
"R32ANUZ","polystyrene",2080,4.19
"R32ANUZ","polystyrene",2085,4.19
"R32ANUZ","polystyrene",2090,4.19
"R32ANUZ","polystyrene",2095,4.19
"R32ANUZ","polystyrene",2100,4.19
"R32BRA","acrylonitrile_butadiene_styrene",2020,4.19
"R32BRA","acrylonitrile_butadiene_styrene",2025,4.19
"R32BRA","acrylonitrile_butadiene_styrene",2030,4.19
"R32BRA","acrylonitrile_butadiene_styrene",2035,4.19
"R32BRA","acrylonitrile_butadiene_styrene",2040,4.19
"R32BRA","acrylonitrile_butadiene_styrene",2045,4.19
"R32BRA","acrylonitrile_butadiene_styrene",2050,4.19
"R32BRA","acrylonitrile_butadiene_styrene",2055,4.19
"R32BRA","acrylonitrile_butadiene_styrene",2060,4.19
"R32BRA","acrylonitrile_butadiene_styrene",2065,4.19
"R32BRA","acrylonitrile_butadiene_styrene",2070,4.19
"R32BRA","acrylonitrile_butadiene_styrene",2075,4.19
"R32BRA","acrylonitrile_butadiene_styrene",2080,4.19
"R32BRA","acrylonitrile_butadiene_styrene",2085,4.19
"R32BRA","acrylonitrile_butadiene_styrene",2090,4.19
"R32BRA","acrylonitrile_butadiene_styrene",2095,4.19
"R32BRA","acrylonitrile_butadiene_styrene",2100,4.19
"R32BRA","bio-based_polypropylene",2020,1.745
"R32BRA","bio-based_polypropylene",2025,1.745
"R32BRA","bio-based_polypropylene",2030,1.745
"R32BRA","bio-based_polypropylene",2035,1.745
"R32BRA","bio-based_polypropylene",2040,1.745
"R32BRA","bio-based_polypropylene",2045,1.745
"R32BRA","bio-based_polypropylene",2050,1.745
"R32BRA","bio-based_polypropylene",2055,1.745
"R32BRA","bio-based_polypropylene",2060,1.745
"R32BRA","bio-based_polypropylene",2065,1.745
"R32BRA","bio-based_polypropylene",2070,1.745
"R32BRA","bio-based_polypropylene",2075,1.745
"R32BRA","bio-based_polypropylene",2080,1.745
"R32BRA","bio-based_polypropylene",2085,1.745
"R32BRA","bio-based_polypropylene",2090,1.745
"R32BRA","bio-based_polypropylene",2095,1.745
"R32BRA","bio-based_polypropylene",2100,1.745
"R32BRA","bio-based_polystyrene",2020,1.745
"R32BRA","bio-based_polystyrene",2025,1.745
"R32BRA","bio-based_polystyrene",2030,1.745
"R32BRA","bio-based_polystyrene",2035,1.745
"R32BRA","bio-based_polystyrene",2040,1.745
"R32BRA","bio-based_polystyrene",2045,1.745
"R32BRA","bio-based_polystyrene",2050,1.745
"R32BRA","bio-based_polystyrene",2055,1.745
"R32BRA","bio-based_polystyrene",2060,1.745
"R32BRA","bio-based_polystyrene",2065,1.745
"R32BRA","bio-based_polystyrene",2070,1.745
"R32BRA","bio-based_polystyrene",2075,1.745
"R32BRA","bio-based_polystyrene",2080,1.745
"R32BRA","bio-based_polystyrene",2085,1.745
"R32BRA","bio-based_polystyrene",2090,1.745
"R32BRA","bio-based_polystyrene",2095,1.745
"R32BRA","bio-based_polystyrene",2100,1.745
"R32BRA","other_materials",2020,2.95
"R32BRA","other_materials",2025,2.95
"R32BRA","other_materials",2030,2.95
"R32BRA","other_materials",2035,2.95
"R32BRA","other_materials",2040,2.95
"R32BRA","other_materials",2045,2.95
"R32BRA","other_materials",2050,2.95
"R32BRA","other_materials",2055,2.95
"R32BRA","other_materials",2060,2.95
"R32BRA","other_materials",2065,2.95
"R32BRA","other_materials",2070,2.95
"R32BRA","other_materials",2075,2.95
"R32BRA","other_materials",2080,2.95
"R32BRA","other_materials",2085,2.95
"R32BRA","other_materials",2090,2.95
"R32BRA","other_materials",2095,2.95
"R32BRA","other_materials",2100,2.95
"R32BRA","other_plastics",2020,3.45
"R32BRA","other_plastics",2025,3.45
"R32BRA","other_plastics",2030,3.45
"R32BRA","other_plastics",2035,3.45
"R32BRA","other_plastics",2040,3.45
"R32BRA","other_plastics",2045,3.45
"R32BRA","other_plastics",2050,3.45
"R32BRA","other_plastics",2055,3.45
"R32BRA","other_plastics",2060,3.45
"R32BRA","other_plastics",2065,3.45
"R32BRA","other_plastics",2070,3.45
"R32BRA","other_plastics",2075,3.45
"R32BRA","other_plastics",2080,3.45
"R32BRA","other_plastics",2085,3.45
"R32BRA","other_plastics",2090,3.45
"R32BRA","other_plastics",2095,3.45
"R32BRA","other_plastics",2100,3.45
"R32BRA","polypropylene",2020,2.85
"R32BRA","polypropylene",2025,2.85
"R32BRA","polypropylene",2030,2.85
"R32BRA","polypropylene",2035,2.85
"R32BRA","polypropylene",2040,2.85
"R32BRA","polypropylene",2045,2.85
"R32BRA","polypropylene",2050,2.85
"R32BRA","polypropylene",2055,2.85
"R32BRA","polypropylene",2060,2.85
"R32BRA","polypropylene",2065,2.85
"R32BRA","polypropylene",2070,2.85
"R32BRA","polypropylene",2075,2.85
"R32BRA","polypropylene",2080,2.85
"R32BRA","polypropylene",2085,2.85
"R32BRA","polypropylene",2090,2.85
"R32BRA","polypropylene",2095,2.85
"R32BRA","polypropylene",2100,2.85
"R32BRA","polystyrene",2020,4.19
"R32BRA","polystyrene",2025,4.19
"R32BRA","polystyrene",2030,4.19
"R32BRA","polystyrene",2035,4.19
"R32BRA","polystyrene",2040,4.19
"R32BRA","polystyrene",2045,4.19
"R32BRA","polystyrene",2050,4.19
"R32BRA","polystyrene",2055,4.19
"R32BRA","polystyrene",2060,4.19
"R32BRA","polystyrene",2065,4.19
"R32BRA","polystyrene",2070,4.19
"R32BRA","polystyrene",2075,4.19
"R32BRA","polystyrene",2080,4.19
"R32BRA","polystyrene",2085,4.19
"R32BRA","polystyrene",2090,4.19
"R32BRA","polystyrene",2095,4.19
"R32BRA","polystyrene",2100,4.19
"R32CAN","acrylonitrile_butadiene_styrene",2020,4.19
"R32CAN","acrylonitrile_butadiene_styrene",2025,4.19
"R32CAN","acrylonitrile_butadiene_styrene",2030,4.19
"R32CAN","acrylonitrile_butadiene_styrene",2035,4.19
"R32CAN","acrylonitrile_butadiene_styrene",2040,4.19
"R32CAN","acrylonitrile_butadiene_styrene",2045,4.19
"R32CAN","acrylonitrile_butadiene_styrene",2050,4.19
"R32CAN","acrylonitrile_butadiene_styrene",2055,4.19
"R32CAN","acrylonitrile_butadiene_styrene",2060,4.19
"R32CAN","acrylonitrile_butadiene_styrene",2065,4.19
"R32CAN","acrylonitrile_butadiene_styrene",2070,4.19
"R32CAN","acrylonitrile_butadiene_styrene",2075,4.19
"R32CAN","acrylonitrile_butadiene_styrene",2080,4.19
"R32CAN","acrylonitrile_butadiene_styrene",2085,4.19
"R32CAN","acrylonitrile_butadiene_styrene",2090,4.19
"R32CAN","acrylonitrile_butadiene_styrene",2095,4.19
"R32CAN","acrylonitrile_butadiene_styrene",2100,4.19
"R32CAN","bio-based_polypropylene",2020,1.745
"R32CAN","bio-based_polypropylene",2025,1.745
"R32CAN","bio-based_polypropylene",2030,1.745
"R32CAN","bio-based_polypropylene",2035,1.745
"R32CAN","bio-based_polypropylene",2040,1.745
"R32CAN","bio-based_polypropylene",2045,1.745
"R32CAN","bio-based_polypropylene",2050,1.745
"R32CAN","bio-based_polypropylene",2055,1.745
"R32CAN","bio-based_polypropylene",2060,1.745
"R32CAN","bio-based_polypropylene",2065,1.745
"R32CAN","bio-based_polypropylene",2070,1.745
"R32CAN","bio-based_polypropylene",2075,1.745
"R32CAN","bio-based_polypropylene",2080,1.745
"R32CAN","bio-based_polypropylene",2085,1.745
"R32CAN","bio-based_polypropylene",2090,1.745
"R32CAN","bio-based_polypropylene",2095,1.745
"R32CAN","bio-based_polypropylene",2100,1.745
"R32CAN","bio-based_polystyrene",2020,1.745
"R32CAN","bio-based_polystyrene",2025,1.745
"R32CAN","bio-based_polystyrene",2030,1.745
"R32CAN","bio-based_polystyrene",2035,1.745
"R32CAN","bio-based_polystyrene",2040,1.745
"R32CAN","bio-based_polystyrene",2045,1.745
"R32CAN","bio-based_polystyrene",2050,1.745
"R32CAN","bio-based_polystyrene",2055,1.745
"R32CAN","bio-based_polystyrene",2060,1.745
"R32CAN","bio-based_polystyrene",2065,1.745
"R32CAN","bio-based_polystyrene",2070,1.745
"R32CAN","bio-based_polystyrene",2075,1.745
"R32CAN","bio-based_polystyrene",2080,1.745
"R32CAN","bio-based_polystyrene",2085,1.745
"R32CAN","bio-based_polystyrene",2090,1.745
"R32CAN","bio-based_polystyrene",2095,1.745
"R32CAN","bio-based_polystyrene",2100,1.745
"R32CAN","other_materials",2020,2.95
"R32CAN","other_materials",2025,2.95
"R32CAN","other_materials",2030,2.95
"R32CAN","other_materials",2035,2.95
"R32CAN","other_materials",2040,2.95
"R32CAN","other_materials",2045,2.95
"R32CAN","other_materials",2050,2.95
"R32CAN","other_materials",2055,2.95
"R32CAN","other_materials",2060,2.95
"R32CAN","other_materials",2065,2.95
"R32CAN","other_materials",2070,2.95
"R32CAN","other_materials",2075,2.95
"R32CAN","other_materials",2080,2.95
"R32CAN","other_materials",2085,2.95
"R32CAN","other_materials",2090,2.95
"R32CAN","other_materials",2095,2.95
"R32CAN","other_materials",2100,2.95
"R32CAN","other_plastics",2020,3.45
"R32CAN","other_plastics",2025,3.45
"R32CAN","other_plastics",2030,3.45
"R32CAN","other_plastics",2035,3.45
"R32CAN","other_plastics",2040,3.45
"R32CAN","other_plastics",2045,3.45
"R32CAN","other_plastics",2050,3.45
"R32CAN","other_plastics",2055,3.45
"R32CAN","other_plastics",2060,3.45
"R32CAN","other_plastics",2065,3.45
"R32CAN","other_plastics",2070,3.45
"R32CAN","other_plastics",2075,3.45
"R32CAN","other_plastics",2080,3.45
"R32CAN","other_plastics",2085,3.45
"R32CAN","other_plastics",2090,3.45
"R32CAN","other_plastics",2095,3.45
"R32CAN","other_plastics",2100,3.45
"R32CAN","polypropylene",2020,2.85
"R32CAN","polypropylene",2025,2.85
"R32CAN","polypropylene",2030,2.85
"R32CAN","polypropylene",2035,2.85
"R32CAN","polypropylene",2040,2.85
"R32CAN","polypropylene",2045,2.85
"R32CAN","polypropylene",2050,2.85
"R32CAN","polypropylene",2055,2.85
"R32CAN","polypropylene",2060,2.85
"R32CAN","polypropylene",2065,2.85
"R32CAN","polypropylene",2070,2.85
"R32CAN","polypropylene",2075,2.85
"R32CAN","polypropylene",2080,2.85
"R32CAN","polypropylene",2085,2.85
"R32CAN","polypropylene",2090,2.85
"R32CAN","polypropylene",2095,2.85
"R32CAN","polypropylene",2100,2.85
"R32CAN","polystyrene",2020,4.19
"R32CAN","polystyrene",2025,4.19
"R32CAN","polystyrene",2030,4.19
"R32CAN","polystyrene",2035,4.19
"R32CAN","polystyrene",2040,4.19
"R32CAN","polystyrene",2045,4.19
"R32CAN","polystyrene",2050,4.19
"R32CAN","polystyrene",2055,4.19
"R32CAN","polystyrene",2060,4.19
"R32CAN","polystyrene",2065,4.19
"R32CAN","polystyrene",2070,4.19
"R32CAN","polystyrene",2075,4.19
"R32CAN","polystyrene",2080,4.19
"R32CAN","polystyrene",2085,4.19
"R32CAN","polystyrene",2090,4.19
"R32CAN","polystyrene",2095,4.19
"R32CAN","polystyrene",2100,4.19
"R32CAS-CAU","acrylonitrile_butadiene_styrene",2020,4.19
"R32CAS-CAU","acrylonitrile_butadiene_styrene",2025,4.19
"R32CAS-CAU","acrylonitrile_butadiene_styrene",2030,4.19
"R32CAS-CAU","acrylonitrile_butadiene_styrene",2035,4.19
"R32CAS-CAU","acrylonitrile_butadiene_styrene",2040,4.19
"R32CAS-CAU","acrylonitrile_butadiene_styrene",2045,4.19
"R32CAS-CAU","acrylonitrile_butadiene_styrene",2050,4.19
"R32CAS-CAU","acrylonitrile_butadiene_styrene",2055,4.19
"R32CAS-CAU","acrylonitrile_butadiene_styrene",2060,4.19
"R32CAS-CAU","acrylonitrile_butadiene_styrene",2065,4.19
"R32CAS-CAU","acrylonitrile_butadiene_styrene",2070,4.19
"R32CAS-CAU","acrylonitrile_butadiene_styrene",2075,4.19
"R32CAS-CAU","acrylonitrile_butadiene_styrene",2080,4.19
"R32CAS-CAU","acrylonitrile_butadiene_styrene",2085,4.19
"R32CAS-CAU","acrylonitrile_butadiene_styrene",2090,4.19
"R32CAS-CAU","acrylonitrile_butadiene_styrene",2095,4.19
"R32CAS-CAU","acrylonitrile_butadiene_styrene",2100,4.19
"R32CAS-CAU","bio-based_polypropylene",2020,1.745
"R32CAS-CAU","bio-based_polypropylene",2025,1.745
"R32CAS-CAU","bio-based_polypropylene",2030,1.745
"R32CAS-CAU","bio-based_polypropylene",2035,1.745
"R32CAS-CAU","bio-based_polypropylene",2040,1.745
"R32CAS-CAU","bio-based_polypropylene",2045,1.745
"R32CAS-CAU","bio-based_polypropylene",2050,1.745
"R32CAS-CAU","bio-based_polypropylene",2055,1.745
"R32CAS-CAU","bio-based_polypropylene",2060,1.745
"R32CAS-CAU","bio-based_polypropylene",2065,1.745
"R32CAS-CAU","bio-based_polypropylene",2070,1.745
"R32CAS-CAU","bio-based_polypropylene",2075,1.745
"R32CAS-CAU","bio-based_polypropylene",2080,1.745
"R32CAS-CAU","bio-based_polypropylene",2085,1.745
"R32CAS-CAU","bio-based_polypropylene",2090,1.745
"R32CAS-CAU","bio-based_polypropylene",2095,1.745
"R32CAS-CAU","bio-based_polypropylene",2100,1.745
"R32CAS-CAU","bio-based_polystyrene",2020,1.745
"R32CAS-CAU","bio-based_polystyrene",2025,1.745
"R32CAS-CAU","bio-based_polystyrene",2030,1.745
"R32CAS-CAU","bio-based_polystyrene",2035,1.745
"R32CAS-CAU","bio-based_polystyrene",2040,1.745
"R32CAS-CAU","bio-based_polystyrene",2045,1.745
"R32CAS-CAU","bio-based_polystyrene",2050,1.745
"R32CAS-CAU","bio-based_polystyrene",2055,1.745
"R32CAS-CAU","bio-based_polystyrene",2060,1.745
"R32CAS-CAU","bio-based_polystyrene",2065,1.745
"R32CAS-CAU","bio-based_polystyrene",2070,1.745
"R32CAS-CAU","bio-based_polystyrene",2075,1.745
"R32CAS-CAU","bio-based_polystyrene",2080,1.745
"R32CAS-CAU","bio-based_polystyrene",2085,1.745
"R32CAS-CAU","bio-based_polystyrene",2090,1.745
"R32CAS-CAU","bio-based_polystyrene",2095,1.745
"R32CAS-CAU","bio-based_polystyrene",2100,1.745
"R32CAS-CAU","other_materials",2020,2.95
"R32CAS-CAU","other_materials",2025,2.95
"R32CAS-CAU","other_materials",2030,2.95
"R32CAS-CAU","other_materials",2035,2.95
"R32CAS-CAU","other_materials",2040,2.95
"R32CAS-CAU","other_materials",2045,2.95
"R32CAS-CAU","other_materials",2050,2.95
"R32CAS-CAU","other_materials",2055,2.95
"R32CAS-CAU","other_materials",2060,2.95
"R32CAS-CAU","other_materials",2065,2.95
"R32CAS-CAU","other_materials",2070,2.95
"R32CAS-CAU","other_materials",2075,2.95
"R32CAS-CAU","other_materials",2080,2.95
"R32CAS-CAU","other_materials",2085,2.95
"R32CAS-CAU","other_materials",2090,2.95
"R32CAS-CAU","other_materials",2095,2.95
"R32CAS-CAU","other_materials",2100,2.95
"R32CAS-CAU","other_plastics",2020,3.45
"R32CAS-CAU","other_plastics",2025,3.45
"R32CAS-CAU","other_plastics",2030,3.45
"R32CAS-CAU","other_plastics",2035,3.45
"R32CAS-CAU","other_plastics",2040,3.45
"R32CAS-CAU","other_plastics",2045,3.45
"R32CAS-CAU","other_plastics",2050,3.45
"R32CAS-CAU","other_plastics",2055,3.45
"R32CAS-CAU","other_plastics",2060,3.45
"R32CAS-CAU","other_plastics",2065,3.45
"R32CAS-CAU","other_plastics",2070,3.45
"R32CAS-CAU","other_plastics",2075,3.45
"R32CAS-CAU","other_plastics",2080,3.45
"R32CAS-CAU","other_plastics",2085,3.45
"R32CAS-CAU","other_plastics",2090,3.45
"R32CAS-CAU","other_plastics",2095,3.45
"R32CAS-CAU","other_plastics",2100,3.45
"R32CAS-CAU","polypropylene",2020,2.85
"R32CAS-CAU","polypropylene",2025,2.85
"R32CAS-CAU","polypropylene",2030,2.85
"R32CAS-CAU","polypropylene",2035,2.85
"R32CAS-CAU","polypropylene",2040,2.85
"R32CAS-CAU","polypropylene",2045,2.85
"R32CAS-CAU","polypropylene",2050,2.85
"R32CAS-CAU","polypropylene",2055,2.85
"R32CAS-CAU","polypropylene",2060,2.85
"R32CAS-CAU","polypropylene",2065,2.85
"R32CAS-CAU","polypropylene",2070,2.85
"R32CAS-CAU","polypropylene",2075,2.85
"R32CAS-CAU","polypropylene",2080,2.85
"R32CAS-CAU","polypropylene",2085,2.85
"R32CAS-CAU","polypropylene",2090,2.85
"R32CAS-CAU","polypropylene",2095,2.85
"R32CAS-CAU","polypropylene",2100,2.85
"R32CAS-CAU","polystyrene",2020,4.19
"R32CAS-CAU","polystyrene",2025,4.19
"R32CAS-CAU","polystyrene",2030,4.19
"R32CAS-CAU","polystyrene",2035,4.19
"R32CAS-CAU","polystyrene",2040,4.19
"R32CAS-CAU","polystyrene",2045,4.19
"R32CAS-CAU","polystyrene",2050,4.19
"R32CAS-CAU","polystyrene",2055,4.19
"R32CAS-CAU","polystyrene",2060,4.19
"R32CAS-CAU","polystyrene",2065,4.19
"R32CAS-CAU","polystyrene",2070,4.19
"R32CAS-CAU","polystyrene",2075,4.19
"R32CAS-CAU","polystyrene",2080,4.19
"R32CAS-CAU","polystyrene",2085,4.19
"R32CAS-CAU","polystyrene",2090,4.19
"R32CAS-CAU","polystyrene",2095,4.19
"R32CAS-CAU","polystyrene",2100,4.19
"R32CAS-OTH","acrylonitrile_butadiene_styrene",2020,4.19
"R32CAS-OTH","acrylonitrile_butadiene_styrene",2025,4.19
"R32CAS-OTH","acrylonitrile_butadiene_styrene",2030,4.19
"R32CAS-OTH","acrylonitrile_butadiene_styrene",2035,4.19
"R32CAS-OTH","acrylonitrile_butadiene_styrene",2040,4.19
"R32CAS-OTH","acrylonitrile_butadiene_styrene",2045,4.19
"R32CAS-OTH","acrylonitrile_butadiene_styrene",2050,4.19
"R32CAS-OTH","acrylonitrile_butadiene_styrene",2055,4.19
"R32CAS-OTH","acrylonitrile_butadiene_styrene",2060,4.19
"R32CAS-OTH","acrylonitrile_butadiene_styrene",2065,4.19
"R32CAS-OTH","acrylonitrile_butadiene_styrene",2070,4.19
"R32CAS-OTH","acrylonitrile_butadiene_styrene",2075,4.19
"R32CAS-OTH","acrylonitrile_butadiene_styrene",2080,4.19
"R32CAS-OTH","acrylonitrile_butadiene_styrene",2085,4.19
"R32CAS-OTH","acrylonitrile_butadiene_styrene",2090,4.19
"R32CAS-OTH","acrylonitrile_butadiene_styrene",2095,4.19
"R32CAS-OTH","acrylonitrile_butadiene_styrene",2100,4.19
"R32CAS-OTH","bio-based_polypropylene",2020,1.745
"R32CAS-OTH","bio-based_polypropylene",2025,1.745
"R32CAS-OTH","bio-based_polypropylene",2030,1.745
"R32CAS-OTH","bio-based_polypropylene",2035,1.745
"R32CAS-OTH","bio-based_polypropylene",2040,1.745
"R32CAS-OTH","bio-based_polypropylene",2045,1.745
"R32CAS-OTH","bio-based_polypropylene",2050,1.745
"R32CAS-OTH","bio-based_polypropylene",2055,1.745
"R32CAS-OTH","bio-based_polypropylene",2060,1.745
"R32CAS-OTH","bio-based_polypropylene",2065,1.745
"R32CAS-OTH","bio-based_polypropylene",2070,1.745
"R32CAS-OTH","bio-based_polypropylene",2075,1.745
"R32CAS-OTH","bio-based_polypropylene",2080,1.745
"R32CAS-OTH","bio-based_polypropylene",2085,1.745
"R32CAS-OTH","bio-based_polypropylene",2090,1.745
"R32CAS-OTH","bio-based_polypropylene",2095,1.745
"R32CAS-OTH","bio-based_polypropylene",2100,1.745
"R32CAS-OTH","bio-based_polystyrene",2020,1.745
"R32CAS-OTH","bio-based_polystyrene",2025,1.745
"R32CAS-OTH","bio-based_polystyrene",2030,1.745
"R32CAS-OTH","bio-based_polystyrene",2035,1.745
"R32CAS-OTH","bio-based_polystyrene",2040,1.745
"R32CAS-OTH","bio-based_polystyrene",2045,1.745
"R32CAS-OTH","bio-based_polystyrene",2050,1.745
"R32CAS-OTH","bio-based_polystyrene",2055,1.745
"R32CAS-OTH","bio-based_polystyrene",2060,1.745
"R32CAS-OTH","bio-based_polystyrene",2065,1.745
"R32CAS-OTH","bio-based_polystyrene",2070,1.745
"R32CAS-OTH","bio-based_polystyrene",2075,1.745
"R32CAS-OTH","bio-based_polystyrene",2080,1.745
"R32CAS-OTH","bio-based_polystyrene",2085,1.745
"R32CAS-OTH","bio-based_polystyrene",2090,1.745
"R32CAS-OTH","bio-based_polystyrene",2095,1.745
"R32CAS-OTH","bio-based_polystyrene",2100,1.745
"R32CAS-OTH","other_materials",2020,2.95
"R32CAS-OTH","other_materials",2025,2.95
"R32CAS-OTH","other_materials",2030,2.95
"R32CAS-OTH","other_materials",2035,2.95
"R32CAS-OTH","other_materials",2040,2.95
"R32CAS-OTH","other_materials",2045,2.95
"R32CAS-OTH","other_materials",2050,2.95
"R32CAS-OTH","other_materials",2055,2.95
"R32CAS-OTH","other_materials",2060,2.95
"R32CAS-OTH","other_materials",2065,2.95
"R32CAS-OTH","other_materials",2070,2.95
"R32CAS-OTH","other_materials",2075,2.95
"R32CAS-OTH","other_materials",2080,2.95
"R32CAS-OTH","other_materials",2085,2.95
"R32CAS-OTH","other_materials",2090,2.95
"R32CAS-OTH","other_materials",2095,2.95
"R32CAS-OTH","other_materials",2100,2.95
"R32CAS-OTH","other_plastics",2020,3.45
"R32CAS-OTH","other_plastics",2025,3.45
"R32CAS-OTH","other_plastics",2030,3.45
"R32CAS-OTH","other_plastics",2035,3.45
"R32CAS-OTH","other_plastics",2040,3.45
"R32CAS-OTH","other_plastics",2045,3.45
"R32CAS-OTH","other_plastics",2050,3.45
"R32CAS-OTH","other_plastics",2055,3.45
"R32CAS-OTH","other_plastics",2060,3.45
"R32CAS-OTH","other_plastics",2065,3.45
"R32CAS-OTH","other_plastics",2070,3.45
"R32CAS-OTH","other_plastics",2075,3.45
"R32CAS-OTH","other_plastics",2080,3.45
"R32CAS-OTH","other_plastics",2085,3.45
"R32CAS-OTH","other_plastics",2090,3.45
"R32CAS-OTH","other_plastics",2095,3.45
"R32CAS-OTH","other_plastics",2100,3.45
"R32CAS-OTH","polypropylene",2020,2.85
"R32CAS-OTH","polypropylene",2025,2.85
"R32CAS-OTH","polypropylene",2030,2.85
"R32CAS-OTH","polypropylene",2035,2.85
"R32CAS-OTH","polypropylene",2040,2.85
"R32CAS-OTH","polypropylene",2045,2.85
"R32CAS-OTH","polypropylene",2050,2.85
"R32CAS-OTH","polypropylene",2055,2.85
"R32CAS-OTH","polypropylene",2060,2.85
"R32CAS-OTH","polypropylene",2065,2.85
"R32CAS-OTH","polypropylene",2070,2.85
"R32CAS-OTH","polypropylene",2075,2.85
"R32CAS-OTH","polypropylene",2080,2.85
"R32CAS-OTH","polypropylene",2085,2.85
"R32CAS-OTH","polypropylene",2090,2.85
"R32CAS-OTH","polypropylene",2095,2.85
"R32CAS-OTH","polypropylene",2100,2.85
"R32CAS-OTH","polystyrene",2020,4.19
"R32CAS-OTH","polystyrene",2025,4.19
"R32CAS-OTH","polystyrene",2030,4.19
"R32CAS-OTH","polystyrene",2035,4.19
"R32CAS-OTH","polystyrene",2040,4.19
"R32CAS-OTH","polystyrene",2045,4.19
"R32CAS-OTH","polystyrene",2050,4.19
"R32CAS-OTH","polystyrene",2055,4.19
"R32CAS-OTH","polystyrene",2060,4.19
"R32CAS-OTH","polystyrene",2065,4.19
"R32CAS-OTH","polystyrene",2070,4.19
"R32CAS-OTH","polystyrene",2075,4.19
"R32CAS-OTH","polystyrene",2080,4.19
"R32CAS-OTH","polystyrene",2085,4.19
"R32CAS-OTH","polystyrene",2090,4.19
"R32CAS-OTH","polystyrene",2095,4.19
"R32CAS-OTH","polystyrene",2100,4.19
"R32CHN","acrylonitrile_butadiene_styrene",2020,4.19
"R32CHN","acrylonitrile_butadiene_styrene",2025,4.19
"R32CHN","acrylonitrile_butadiene_styrene",2030,4.19
"R32CHN","acrylonitrile_butadiene_styrene",2035,4.19
"R32CHN","acrylonitrile_butadiene_styrene",2040,4.19
"R32CHN","acrylonitrile_butadiene_styrene",2045,4.19
"R32CHN","acrylonitrile_butadiene_styrene",2050,4.19
"R32CHN","acrylonitrile_butadiene_styrene",2055,4.19
"R32CHN","acrylonitrile_butadiene_styrene",2060,4.19
"R32CHN","acrylonitrile_butadiene_styrene",2065,4.19
"R32CHN","acrylonitrile_butadiene_styrene",2070,4.19
"R32CHN","acrylonitrile_butadiene_styrene",2075,4.19
"R32CHN","acrylonitrile_butadiene_styrene",2080,4.19
"R32CHN","acrylonitrile_butadiene_styrene",2085,4.19
"R32CHN","acrylonitrile_butadiene_styrene",2090,4.19
"R32CHN","acrylonitrile_butadiene_styrene",2095,4.19
"R32CHN","acrylonitrile_butadiene_styrene",2100,4.19
"R32CHN","bio-based_polypropylene",2020,1.745
"R32CHN","bio-based_polypropylene",2025,1.745
"R32CHN","bio-based_polypropylene",2030,1.745
"R32CHN","bio-based_polypropylene",2035,1.745
"R32CHN","bio-based_polypropylene",2040,1.745
"R32CHN","bio-based_polypropylene",2045,1.745
"R32CHN","bio-based_polypropylene",2050,1.745
"R32CHN","bio-based_polypropylene",2055,1.745
"R32CHN","bio-based_polypropylene",2060,1.745
"R32CHN","bio-based_polypropylene",2065,1.745
"R32CHN","bio-based_polypropylene",2070,1.745
"R32CHN","bio-based_polypropylene",2075,1.745
"R32CHN","bio-based_polypropylene",2080,1.745
"R32CHN","bio-based_polypropylene",2085,1.745
"R32CHN","bio-based_polypropylene",2090,1.745
"R32CHN","bio-based_polypropylene",2095,1.745
"R32CHN","bio-based_polypropylene",2100,1.745
"R32CHN","bio-based_polystyrene",2020,1.745
"R32CHN","bio-based_polystyrene",2025,1.745
"R32CHN","bio-based_polystyrene",2030,1.745
"R32CHN","bio-based_polystyrene",2035,1.745
"R32CHN","bio-based_polystyrene",2040,1.745
"R32CHN","bio-based_polystyrene",2045,1.745
"R32CHN","bio-based_polystyrene",2050,1.745
"R32CHN","bio-based_polystyrene",2055,1.745
"R32CHN","bio-based_polystyrene",2060,1.745
"R32CHN","bio-based_polystyrene",2065,1.745
"R32CHN","bio-based_polystyrene",2070,1.745
"R32CHN","bio-based_polystyrene",2075,1.745
"R32CHN","bio-based_polystyrene",2080,1.745
"R32CHN","bio-based_polystyrene",2085,1.745
"R32CHN","bio-based_polystyrene",2090,1.745
"R32CHN","bio-based_polystyrene",2095,1.745
"R32CHN","bio-based_polystyrene",2100,1.745
"R32CHN","other_materials",2020,2.95
"R32CHN","other_materials",2025,2.95
"R32CHN","other_materials",2030,2.95
"R32CHN","other_materials",2035,2.95
"R32CHN","other_materials",2040,2.95
"R32CHN","other_materials",2045,2.95
"R32CHN","other_materials",2050,2.95
"R32CHN","other_materials",2055,2.95
"R32CHN","other_materials",2060,2.95
"R32CHN","other_materials",2065,2.95
"R32CHN","other_materials",2070,2.95
"R32CHN","other_materials",2075,2.95
"R32CHN","other_materials",2080,2.95
"R32CHN","other_materials",2085,2.95
"R32CHN","other_materials",2090,2.95
"R32CHN","other_materials",2095,2.95
"R32CHN","other_materials",2100,2.95
"R32CHN","other_plastics",2020,3.45
"R32CHN","other_plastics",2025,3.45
"R32CHN","other_plastics",2030,3.45
"R32CHN","other_plastics",2035,3.45
"R32CHN","other_plastics",2040,3.45
"R32CHN","other_plastics",2045,3.45
"R32CHN","other_plastics",2050,3.45
"R32CHN","other_plastics",2055,3.45
"R32CHN","other_plastics",2060,3.45
"R32CHN","other_plastics",2065,3.45
"R32CHN","other_plastics",2070,3.45
"R32CHN","other_plastics",2075,3.45
"R32CHN","other_plastics",2080,3.45
"R32CHN","other_plastics",2085,3.45
"R32CHN","other_plastics",2090,3.45
"R32CHN","other_plastics",2095,3.45
"R32CHN","other_plastics",2100,3.45
"R32CHN","polypropylene",2020,2.85
"R32CHN","polypropylene",2025,2.85
"R32CHN","polypropylene",2030,2.85
"R32CHN","polypropylene",2035,2.85
"R32CHN","polypropylene",2040,2.85
"R32CHN","polypropylene",2045,2.85
"R32CHN","polypropylene",2050,2.85
"R32CHN","polypropylene",2055,2.85
"R32CHN","polypropylene",2060,2.85
"R32CHN","polypropylene",2065,2.85
"R32CHN","polypropylene",2070,2.85
"R32CHN","polypropylene",2075,2.85
"R32CHN","polypropylene",2080,2.85
"R32CHN","polypropylene",2085,2.85
"R32CHN","polypropylene",2090,2.85
"R32CHN","polypropylene",2095,2.85
"R32CHN","polypropylene",2100,2.85
"R32CHN","polystyrene",2020,4.19
"R32CHN","polystyrene",2025,4.19
"R32CHN","polystyrene",2030,4.19
"R32CHN","polystyrene",2035,4.19
"R32CHN","polystyrene",2040,4.19
"R32CHN","polystyrene",2045,4.19
"R32CHN","polystyrene",2050,4.19
"R32CHN","polystyrene",2055,4.19
"R32CHN","polystyrene",2060,4.19
"R32CHN","polystyrene",2065,4.19
"R32CHN","polystyrene",2070,4.19
"R32CHN","polystyrene",2075,4.19
"R32CHN","polystyrene",2080,4.19
"R32CHN","polystyrene",2085,4.19
"R32CHN","polystyrene",2090,4.19
"R32CHN","polystyrene",2095,4.19
"R32CHN","polystyrene",2100,4.19
"R32EEU","acrylonitrile_butadiene_styrene",2020,4.19
"R32EEU","acrylonitrile_butadiene_styrene",2025,4.19
"R32EEU","acrylonitrile_butadiene_styrene",2030,4.19
"R32EEU","acrylonitrile_butadiene_styrene",2035,4.19
"R32EEU","acrylonitrile_butadiene_styrene",2040,4.19
"R32EEU","acrylonitrile_butadiene_styrene",2045,4.19
"R32EEU","acrylonitrile_butadiene_styrene",2050,4.19
"R32EEU","acrylonitrile_butadiene_styrene",2055,4.19
"R32EEU","acrylonitrile_butadiene_styrene",2060,4.19
"R32EEU","acrylonitrile_butadiene_styrene",2065,4.19
"R32EEU","acrylonitrile_butadiene_styrene",2070,4.19
"R32EEU","acrylonitrile_butadiene_styrene",2075,4.19
"R32EEU","acrylonitrile_butadiene_styrene",2080,4.19
"R32EEU","acrylonitrile_butadiene_styrene",2085,4.19
"R32EEU","acrylonitrile_butadiene_styrene",2090,4.19
"R32EEU","acrylonitrile_butadiene_styrene",2095,4.19
"R32EEU","acrylonitrile_butadiene_styrene",2100,4.19
"R32EEU","bio-based_polypropylene",2020,1.745
"R32EEU","bio-based_polypropylene",2025,1.745
"R32EEU","bio-based_polypropylene",2030,1.745
"R32EEU","bio-based_polypropylene",2035,1.745
"R32EEU","bio-based_polypropylene",2040,1.745
"R32EEU","bio-based_polypropylene",2045,1.745
"R32EEU","bio-based_polypropylene",2050,1.745
"R32EEU","bio-based_polypropylene",2055,1.745
"R32EEU","bio-based_polypropylene",2060,1.745
"R32EEU","bio-based_polypropylene",2065,1.745
"R32EEU","bio-based_polypropylene",2070,1.745
"R32EEU","bio-based_polypropylene",2075,1.745
"R32EEU","bio-based_polypropylene",2080,1.745
"R32EEU","bio-based_polypropylene",2085,1.745
"R32EEU","bio-based_polypropylene",2090,1.745
"R32EEU","bio-based_polypropylene",2095,1.745
"R32EEU","bio-based_polypropylene",2100,1.745
"R32EEU","bio-based_polystyrene",2020,1.745
"R32EEU","bio-based_polystyrene",2025,1.745
"R32EEU","bio-based_polystyrene",2030,1.745
"R32EEU","bio-based_polystyrene",2035,1.745
"R32EEU","bio-based_polystyrene",2040,1.745
"R32EEU","bio-based_polystyrene",2045,1.745
"R32EEU","bio-based_polystyrene",2050,1.745
"R32EEU","bio-based_polystyrene",2055,1.745
"R32EEU","bio-based_polystyrene",2060,1.745
"R32EEU","bio-based_polystyrene",2065,1.745
"R32EEU","bio-based_polystyrene",2070,1.745
"R32EEU","bio-based_polystyrene",2075,1.745
"R32EEU","bio-based_polystyrene",2080,1.745
"R32EEU","bio-based_polystyrene",2085,1.745
"R32EEU","bio-based_polystyrene",2090,1.745
"R32EEU","bio-based_polystyrene",2095,1.745
"R32EEU","bio-based_polystyrene",2100,1.745
"R32EEU","other_materials",2020,2.95
"R32EEU","other_materials",2025,2.95
"R32EEU","other_materials",2030,2.95
"R32EEU","other_materials",2035,2.95
"R32EEU","other_materials",2040,2.95
"R32EEU","other_materials",2045,2.95
"R32EEU","other_materials",2050,2.95
"R32EEU","other_materials",2055,2.95
"R32EEU","other_materials",2060,2.95
"R32EEU","other_materials",2065,2.95
"R32EEU","other_materials",2070,2.95
"R32EEU","other_materials",2075,2.95
"R32EEU","other_materials",2080,2.95
"R32EEU","other_materials",2085,2.95
"R32EEU","other_materials",2090,2.95
"R32EEU","other_materials",2095,2.95
"R32EEU","other_materials",2100,2.95
"R32EEU","other_plastics",2020,3.45
"R32EEU","other_plastics",2025,3.45
"R32EEU","other_plastics",2030,3.45
"R32EEU","other_plastics",2035,3.45
"R32EEU","other_plastics",2040,3.45
"R32EEU","other_plastics",2045,3.45
"R32EEU","other_plastics",2050,3.45
"R32EEU","other_plastics",2055,3.45
"R32EEU","other_plastics",2060,3.45
"R32EEU","other_plastics",2065,3.45
"R32EEU","other_plastics",2070,3.45
"R32EEU","other_plastics",2075,3.45
"R32EEU","other_plastics",2080,3.45
"R32EEU","other_plastics",2085,3.45
"R32EEU","other_plastics",2090,3.45
"R32EEU","other_plastics",2095,3.45
"R32EEU","other_plastics",2100,3.45
"R32EEU","polypropylene",2020,2.85
"R32EEU","polypropylene",2025,2.85
"R32EEU","polypropylene",2030,2.85
"R32EEU","polypropylene",2035,2.85
"R32EEU","polypropylene",2040,2.85
"R32EEU","polypropylene",2045,2.85
"R32EEU","polypropylene",2050,2.85
"R32EEU","polypropylene",2055,2.85
"R32EEU","polypropylene",2060,2.85
"R32EEU","polypropylene",2065,2.85
"R32EEU","polypropylene",2070,2.85
"R32EEU","polypropylene",2075,2.85
"R32EEU","polypropylene",2080,2.85
"R32EEU","polypropylene",2085,2.85
"R32EEU","polypropylene",2090,2.85
"R32EEU","polypropylene",2095,2.85
"R32EEU","polypropylene",2100,2.85
"R32EEU","polystyrene",2020,4.19
"R32EEU","polystyrene",2025,4.19
"R32EEU","polystyrene",2030,4.19
"R32EEU","polystyrene",2035,4.19
"R32EEU","polystyrene",2040,4.19
"R32EEU","polystyrene",2045,4.19
"R32EEU","polystyrene",2050,4.19
"R32EEU","polystyrene",2055,4.19
"R32EEU","polystyrene",2060,4.19
"R32EEU","polystyrene",2065,4.19
"R32EEU","polystyrene",2070,4.19
"R32EEU","polystyrene",2075,4.19
"R32EEU","polystyrene",2080,4.19
"R32EEU","polystyrene",2085,4.19
"R32EEU","polystyrene",2090,4.19
"R32EEU","polystyrene",2095,4.19
"R32EEU","polystyrene",2100,4.19
"R32EEU-FSU","acrylonitrile_butadiene_styrene",2020,4.19
"R32EEU-FSU","acrylonitrile_butadiene_styrene",2025,4.19
"R32EEU-FSU","acrylonitrile_butadiene_styrene",2030,4.19
"R32EEU-FSU","acrylonitrile_butadiene_styrene",2035,4.19
"R32EEU-FSU","acrylonitrile_butadiene_styrene",2040,4.19
"R32EEU-FSU","acrylonitrile_butadiene_styrene",2045,4.19
"R32EEU-FSU","acrylonitrile_butadiene_styrene",2050,4.19
"R32EEU-FSU","acrylonitrile_butadiene_styrene",2055,4.19
"R32EEU-FSU","acrylonitrile_butadiene_styrene",2060,4.19
"R32EEU-FSU","acrylonitrile_butadiene_styrene",2065,4.19
"R32EEU-FSU","acrylonitrile_butadiene_styrene",2070,4.19
"R32EEU-FSU","acrylonitrile_butadiene_styrene",2075,4.19
"R32EEU-FSU","acrylonitrile_butadiene_styrene",2080,4.19
"R32EEU-FSU","acrylonitrile_butadiene_styrene",2085,4.19
"R32EEU-FSU","acrylonitrile_butadiene_styrene",2090,4.19
"R32EEU-FSU","acrylonitrile_butadiene_styrene",2095,4.19
"R32EEU-FSU","acrylonitrile_butadiene_styrene",2100,4.19
"R32EEU-FSU","bio-based_polypropylene",2020,1.745
"R32EEU-FSU","bio-based_polypropylene",2025,1.745
"R32EEU-FSU","bio-based_polypropylene",2030,1.745
"R32EEU-FSU","bio-based_polypropylene",2035,1.745
"R32EEU-FSU","bio-based_polypropylene",2040,1.745
"R32EEU-FSU","bio-based_polypropylene",2045,1.745
"R32EEU-FSU","bio-based_polypropylene",2050,1.745
"R32EEU-FSU","bio-based_polypropylene",2055,1.745
"R32EEU-FSU","bio-based_polypropylene",2060,1.745
"R32EEU-FSU","bio-based_polypropylene",2065,1.745
"R32EEU-FSU","bio-based_polypropylene",2070,1.745
"R32EEU-FSU","bio-based_polypropylene",2075,1.745
"R32EEU-FSU","bio-based_polypropylene",2080,1.745
"R32EEU-FSU","bio-based_polypropylene",2085,1.745
"R32EEU-FSU","bio-based_polypropylene",2090,1.745
"R32EEU-FSU","bio-based_polypropylene",2095,1.745
"R32EEU-FSU","bio-based_polypropylene",2100,1.745
"R32EEU-FSU","bio-based_polystyrene",2020,1.745
"R32EEU-FSU","bio-based_polystyrene",2025,1.745
"R32EEU-FSU","bio-based_polystyrene",2030,1.745
"R32EEU-FSU","bio-based_polystyrene",2035,1.745
"R32EEU-FSU","bio-based_polystyrene",2040,1.745
"R32EEU-FSU","bio-based_polystyrene",2045,1.745
"R32EEU-FSU","bio-based_polystyrene",2050,1.745
"R32EEU-FSU","bio-based_polystyrene",2055,1.745
"R32EEU-FSU","bio-based_polystyrene",2060,1.745
"R32EEU-FSU","bio-based_polystyrene",2065,1.745
"R32EEU-FSU","bio-based_polystyrene",2070,1.745
"R32EEU-FSU","bio-based_polystyrene",2075,1.745
"R32EEU-FSU","bio-based_polystyrene",2080,1.745
"R32EEU-FSU","bio-based_polystyrene",2085,1.745
"R32EEU-FSU","bio-based_polystyrene",2090,1.745
"R32EEU-FSU","bio-based_polystyrene",2095,1.745
"R32EEU-FSU","bio-based_polystyrene",2100,1.745
"R32EEU-FSU","other_materials",2020,2.95
"R32EEU-FSU","other_materials",2025,2.95
"R32EEU-FSU","other_materials",2030,2.95
"R32EEU-FSU","other_materials",2035,2.95
"R32EEU-FSU","other_materials",2040,2.95
"R32EEU-FSU","other_materials",2045,2.95
"R32EEU-FSU","other_materials",2050,2.95
"R32EEU-FSU","other_materials",2055,2.95
"R32EEU-FSU","other_materials",2060,2.95
"R32EEU-FSU","other_materials",2065,2.95
"R32EEU-FSU","other_materials",2070,2.95
"R32EEU-FSU","other_materials",2075,2.95
"R32EEU-FSU","other_materials",2080,2.95
"R32EEU-FSU","other_materials",2085,2.95
"R32EEU-FSU","other_materials",2090,2.95
"R32EEU-FSU","other_materials",2095,2.95
"R32EEU-FSU","other_materials",2100,2.95
"R32EEU-FSU","other_plastics",2020,3.45
"R32EEU-FSU","other_plastics",2025,3.45
"R32EEU-FSU","other_plastics",2030,3.45
"R32EEU-FSU","other_plastics",2035,3.45
"R32EEU-FSU","other_plastics",2040,3.45
"R32EEU-FSU","other_plastics",2045,3.45
"R32EEU-FSU","other_plastics",2050,3.45
"R32EEU-FSU","other_plastics",2055,3.45
"R32EEU-FSU","other_plastics",2060,3.45
"R32EEU-FSU","other_plastics",2065,3.45
"R32EEU-FSU","other_plastics",2070,3.45
"R32EEU-FSU","other_plastics",2075,3.45
"R32EEU-FSU","other_plastics",2080,3.45
"R32EEU-FSU","other_plastics",2085,3.45
"R32EEU-FSU","other_plastics",2090,3.45
"R32EEU-FSU","other_plastics",2095,3.45
"R32EEU-FSU","other_plastics",2100,3.45
"R32EEU-FSU","polypropylene",2020,2.85
"R32EEU-FSU","polypropylene",2025,2.85
"R32EEU-FSU","polypropylene",2030,2.85
"R32EEU-FSU","polypropylene",2035,2.85
"R32EEU-FSU","polypropylene",2040,2.85
"R32EEU-FSU","polypropylene",2045,2.85
"R32EEU-FSU","polypropylene",2050,2.85
"R32EEU-FSU","polypropylene",2055,2.85
"R32EEU-FSU","polypropylene",2060,2.85
"R32EEU-FSU","polypropylene",2065,2.85
"R32EEU-FSU","polypropylene",2070,2.85
"R32EEU-FSU","polypropylene",2075,2.85
"R32EEU-FSU","polypropylene",2080,2.85
"R32EEU-FSU","polypropylene",2085,2.85
"R32EEU-FSU","polypropylene",2090,2.85
"R32EEU-FSU","polypropylene",2095,2.85
"R32EEU-FSU","polypropylene",2100,2.85
"R32EEU-FSU","polystyrene",2020,4.19
"R32EEU-FSU","polystyrene",2025,4.19
"R32EEU-FSU","polystyrene",2030,4.19
"R32EEU-FSU","polystyrene",2035,4.19
"R32EEU-FSU","polystyrene",2040,4.19
"R32EEU-FSU","polystyrene",2045,4.19
"R32EEU-FSU","polystyrene",2050,4.19
"R32EEU-FSU","polystyrene",2055,4.19
"R32EEU-FSU","polystyrene",2060,4.19
"R32EEU-FSU","polystyrene",2065,4.19
"R32EEU-FSU","polystyrene",2070,4.19
"R32EEU-FSU","polystyrene",2075,4.19
"R32EEU-FSU","polystyrene",2080,4.19
"R32EEU-FSU","polystyrene",2085,4.19
"R32EEU-FSU","polystyrene",2090,4.19
"R32EEU-FSU","polystyrene",2095,4.19
"R32EEU-FSU","polystyrene",2100,4.19
"R32IDN","acrylonitrile_butadiene_styrene",2020,4.19
"R32IDN","acrylonitrile_butadiene_styrene",2025,4.19
"R32IDN","acrylonitrile_butadiene_styrene",2030,4.19
"R32IDN","acrylonitrile_butadiene_styrene",2035,4.19
"R32IDN","acrylonitrile_butadiene_styrene",2040,4.19
"R32IDN","acrylonitrile_butadiene_styrene",2045,4.19
"R32IDN","acrylonitrile_butadiene_styrene",2050,4.19
"R32IDN","acrylonitrile_butadiene_styrene",2055,4.19
"R32IDN","acrylonitrile_butadiene_styrene",2060,4.19
"R32IDN","acrylonitrile_butadiene_styrene",2065,4.19
"R32IDN","acrylonitrile_butadiene_styrene",2070,4.19
"R32IDN","acrylonitrile_butadiene_styrene",2075,4.19
"R32IDN","acrylonitrile_butadiene_styrene",2080,4.19
"R32IDN","acrylonitrile_butadiene_styrene",2085,4.19
"R32IDN","acrylonitrile_butadiene_styrene",2090,4.19
"R32IDN","acrylonitrile_butadiene_styrene",2095,4.19
"R32IDN","acrylonitrile_butadiene_styrene",2100,4.19
"R32IDN","bio-based_polypropylene",2020,1.745
"R32IDN","bio-based_polypropylene",2025,1.745
"R32IDN","bio-based_polypropylene",2030,1.745
"R32IDN","bio-based_polypropylene",2035,1.745
"R32IDN","bio-based_polypropylene",2040,1.745
"R32IDN","bio-based_polypropylene",2045,1.745
"R32IDN","bio-based_polypropylene",2050,1.745
"R32IDN","bio-based_polypropylene",2055,1.745
"R32IDN","bio-based_polypropylene",2060,1.745
"R32IDN","bio-based_polypropylene",2065,1.745
"R32IDN","bio-based_polypropylene",2070,1.745
"R32IDN","bio-based_polypropylene",2075,1.745
"R32IDN","bio-based_polypropylene",2080,1.745
"R32IDN","bio-based_polypropylene",2085,1.745
"R32IDN","bio-based_polypropylene",2090,1.745
"R32IDN","bio-based_polypropylene",2095,1.745
"R32IDN","bio-based_polypropylene",2100,1.745
"R32IDN","bio-based_polystyrene",2020,1.745
"R32IDN","bio-based_polystyrene",2025,1.745
"R32IDN","bio-based_polystyrene",2030,1.745
"R32IDN","bio-based_polystyrene",2035,1.745
"R32IDN","bio-based_polystyrene",2040,1.745
"R32IDN","bio-based_polystyrene",2045,1.745
"R32IDN","bio-based_polystyrene",2050,1.745
"R32IDN","bio-based_polystyrene",2055,1.745
"R32IDN","bio-based_polystyrene",2060,1.745
"R32IDN","bio-based_polystyrene",2065,1.745
"R32IDN","bio-based_polystyrene",2070,1.745
"R32IDN","bio-based_polystyrene",2075,1.745
"R32IDN","bio-based_polystyrene",2080,1.745
"R32IDN","bio-based_polystyrene",2085,1.745
"R32IDN","bio-based_polystyrene",2090,1.745
"R32IDN","bio-based_polystyrene",2095,1.745
"R32IDN","bio-based_polystyrene",2100,1.745
"R32IDN","other_materials",2020,2.95
"R32IDN","other_materials",2025,2.95
"R32IDN","other_materials",2030,2.95
"R32IDN","other_materials",2035,2.95
"R32IDN","other_materials",2040,2.95
"R32IDN","other_materials",2045,2.95
"R32IDN","other_materials",2050,2.95
"R32IDN","other_materials",2055,2.95
"R32IDN","other_materials",2060,2.95
"R32IDN","other_materials",2065,2.95
"R32IDN","other_materials",2070,2.95
"R32IDN","other_materials",2075,2.95
"R32IDN","other_materials",2080,2.95
"R32IDN","other_materials",2085,2.95
"R32IDN","other_materials",2090,2.95
"R32IDN","other_materials",2095,2.95
"R32IDN","other_materials",2100,2.95
"R32IDN","other_plastics",2020,3.45
"R32IDN","other_plastics",2025,3.45
"R32IDN","other_plastics",2030,3.45
"R32IDN","other_plastics",2035,3.45
"R32IDN","other_plastics",2040,3.45
"R32IDN","other_plastics",2045,3.45
"R32IDN","other_plastics",2050,3.45
"R32IDN","other_plastics",2055,3.45
"R32IDN","other_plastics",2060,3.45
"R32IDN","other_plastics",2065,3.45
"R32IDN","other_plastics",2070,3.45
"R32IDN","other_plastics",2075,3.45
"R32IDN","other_plastics",2080,3.45
"R32IDN","other_plastics",2085,3.45
"R32IDN","other_plastics",2090,3.45
"R32IDN","other_plastics",2095,3.45
"R32IDN","other_plastics",2100,3.45
"R32IDN","polypropylene",2020,2.85
"R32IDN","polypropylene",2025,2.85
"R32IDN","polypropylene",2030,2.85
"R32IDN","polypropylene",2035,2.85
"R32IDN","polypropylene",2040,2.85
"R32IDN","polypropylene",2045,2.85
"R32IDN","polypropylene",2050,2.85
"R32IDN","polypropylene",2055,2.85
"R32IDN","polypropylene",2060,2.85
"R32IDN","polypropylene",2065,2.85
"R32IDN","polypropylene",2070,2.85
"R32IDN","polypropylene",2075,2.85
"R32IDN","polypropylene",2080,2.85
"R32IDN","polypropylene",2085,2.85
"R32IDN","polypropylene",2090,2.85
"R32IDN","polypropylene",2095,2.85
"R32IDN","polypropylene",2100,2.85
"R32IDN","polystyrene",2020,4.19
"R32IDN","polystyrene",2025,4.19
"R32IDN","polystyrene",2030,4.19
"R32IDN","polystyrene",2035,4.19
"R32IDN","polystyrene",2040,4.19
"R32IDN","polystyrene",2045,4.19
"R32IDN","polystyrene",2050,4.19
"R32IDN","polystyrene",2055,4.19
"R32IDN","polystyrene",2060,4.19
"R32IDN","polystyrene",2065,4.19
"R32IDN","polystyrene",2070,4.19
"R32IDN","polystyrene",2075,4.19
"R32IDN","polystyrene",2080,4.19
"R32IDN","polystyrene",2085,4.19
"R32IDN","polystyrene",2090,4.19
"R32IDN","polystyrene",2095,4.19
"R32IDN","polystyrene",2100,4.19
"R32IND","acrylonitrile_butadiene_styrene",2020,4.19
"R32IND","acrylonitrile_butadiene_styrene",2025,4.19
"R32IND","acrylonitrile_butadiene_styrene",2030,4.19
"R32IND","acrylonitrile_butadiene_styrene",2035,4.19
"R32IND","acrylonitrile_butadiene_styrene",2040,4.19
"R32IND","acrylonitrile_butadiene_styrene",2045,4.19
"R32IND","acrylonitrile_butadiene_styrene",2050,4.19
"R32IND","acrylonitrile_butadiene_styrene",2055,4.19
"R32IND","acrylonitrile_butadiene_styrene",2060,4.19
"R32IND","acrylonitrile_butadiene_styrene",2065,4.19
"R32IND","acrylonitrile_butadiene_styrene",2070,4.19
"R32IND","acrylonitrile_butadiene_styrene",2075,4.19
"R32IND","acrylonitrile_butadiene_styrene",2080,4.19
"R32IND","acrylonitrile_butadiene_styrene",2085,4.19
"R32IND","acrylonitrile_butadiene_styrene",2090,4.19
"R32IND","acrylonitrile_butadiene_styrene",2095,4.19
"R32IND","acrylonitrile_butadiene_styrene",2100,4.19
"R32IND","bio-based_polypropylene",2020,1.745
"R32IND","bio-based_polypropylene",2025,1.745
"R32IND","bio-based_polypropylene",2030,1.745
"R32IND","bio-based_polypropylene",2035,1.745
"R32IND","bio-based_polypropylene",2040,1.745
"R32IND","bio-based_polypropylene",2045,1.745
"R32IND","bio-based_polypropylene",2050,1.745
"R32IND","bio-based_polypropylene",2055,1.745
"R32IND","bio-based_polypropylene",2060,1.745
"R32IND","bio-based_polypropylene",2065,1.745
"R32IND","bio-based_polypropylene",2070,1.745
"R32IND","bio-based_polypropylene",2075,1.745
"R32IND","bio-based_polypropylene",2080,1.745
"R32IND","bio-based_polypropylene",2085,1.745
"R32IND","bio-based_polypropylene",2090,1.745
"R32IND","bio-based_polypropylene",2095,1.745
"R32IND","bio-based_polypropylene",2100,1.745
"R32IND","bio-based_polystyrene",2020,1.745
"R32IND","bio-based_polystyrene",2025,1.745
"R32IND","bio-based_polystyrene",2030,1.745
"R32IND","bio-based_polystyrene",2035,1.745
"R32IND","bio-based_polystyrene",2040,1.745
"R32IND","bio-based_polystyrene",2045,1.745
"R32IND","bio-based_polystyrene",2050,1.745
"R32IND","bio-based_polystyrene",2055,1.745
"R32IND","bio-based_polystyrene",2060,1.745
"R32IND","bio-based_polystyrene",2065,1.745
"R32IND","bio-based_polystyrene",2070,1.745
"R32IND","bio-based_polystyrene",2075,1.745
"R32IND","bio-based_polystyrene",2080,1.745
"R32IND","bio-based_polystyrene",2085,1.745
"R32IND","bio-based_polystyrene",2090,1.745
"R32IND","bio-based_polystyrene",2095,1.745
"R32IND","bio-based_polystyrene",2100,1.745
"R32IND","other_materials",2020,2.95
"R32IND","other_materials",2025,2.95
"R32IND","other_materials",2030,2.95
"R32IND","other_materials",2035,2.95
"R32IND","other_materials",2040,2.95
"R32IND","other_materials",2045,2.95
"R32IND","other_materials",2050,2.95
"R32IND","other_materials",2055,2.95
"R32IND","other_materials",2060,2.95
"R32IND","other_materials",2065,2.95
"R32IND","other_materials",2070,2.95
"R32IND","other_materials",2075,2.95
"R32IND","other_materials",2080,2.95
"R32IND","other_materials",2085,2.95
"R32IND","other_materials",2090,2.95
"R32IND","other_materials",2095,2.95
"R32IND","other_materials",2100,2.95
"R32IND","other_plastics",2020,3.45
"R32IND","other_plastics",2025,3.45
"R32IND","other_plastics",2030,3.45
"R32IND","other_plastics",2035,3.45
"R32IND","other_plastics",2040,3.45
"R32IND","other_plastics",2045,3.45
"R32IND","other_plastics",2050,3.45
"R32IND","other_plastics",2055,3.45
"R32IND","other_plastics",2060,3.45
"R32IND","other_plastics",2065,3.45
"R32IND","other_plastics",2070,3.45
"R32IND","other_plastics",2075,3.45
"R32IND","other_plastics",2080,3.45
"R32IND","other_plastics",2085,3.45
"R32IND","other_plastics",2090,3.45
"R32IND","other_plastics",2095,3.45
"R32IND","other_plastics",2100,3.45
"R32IND","polypropylene",2020,2.85
"R32IND","polypropylene",2025,2.85
"R32IND","polypropylene",2030,2.85
"R32IND","polypropylene",2035,2.85
"R32IND","polypropylene",2040,2.85
"R32IND","polypropylene",2045,2.85
"R32IND","polypropylene",2050,2.85
"R32IND","polypropylene",2055,2.85
"R32IND","polypropylene",2060,2.85
"R32IND","polypropylene",2065,2.85
"R32IND","polypropylene",2070,2.85
"R32IND","polypropylene",2075,2.85
"R32IND","polypropylene",2080,2.85
"R32IND","polypropylene",2085,2.85
"R32IND","polypropylene",2090,2.85
"R32IND","polypropylene",2095,2.85
"R32IND","polypropylene",2100,2.85
"R32IND","polystyrene",2020,4.19
"R32IND","polystyrene",2025,4.19
"R32IND","polystyrene",2030,4.19
"R32IND","polystyrene",2035,4.19
"R32IND","polystyrene",2040,4.19
"R32IND","polystyrene",2045,4.19
"R32IND","polystyrene",2050,4.19
"R32IND","polystyrene",2055,4.19
"R32IND","polystyrene",2060,4.19
"R32IND","polystyrene",2065,4.19
"R32IND","polystyrene",2070,4.19
"R32IND","polystyrene",2075,4.19
"R32IND","polystyrene",2080,4.19
"R32IND","polystyrene",2085,4.19
"R32IND","polystyrene",2090,4.19
"R32IND","polystyrene",2095,4.19
"R32IND","polystyrene",2100,4.19
"R32JPN","acrylonitrile_butadiene_styrene",2020,4.19
"R32JPN","acrylonitrile_butadiene_styrene",2025,4.19
"R32JPN","acrylonitrile_butadiene_styrene",2030,4.19
"R32JPN","acrylonitrile_butadiene_styrene",2035,4.19
"R32JPN","acrylonitrile_butadiene_styrene",2040,4.19
"R32JPN","acrylonitrile_butadiene_styrene",2045,4.19
"R32JPN","acrylonitrile_butadiene_styrene",2050,4.19
"R32JPN","acrylonitrile_butadiene_styrene",2055,4.19
"R32JPN","acrylonitrile_butadiene_styrene",2060,4.19
"R32JPN","acrylonitrile_butadiene_styrene",2065,4.19
"R32JPN","acrylonitrile_butadiene_styrene",2070,4.19
"R32JPN","acrylonitrile_butadiene_styrene",2075,4.19
"R32JPN","acrylonitrile_butadiene_styrene",2080,4.19
"R32JPN","acrylonitrile_butadiene_styrene",2085,4.19
"R32JPN","acrylonitrile_butadiene_styrene",2090,4.19
"R32JPN","acrylonitrile_butadiene_styrene",2095,4.19
"R32JPN","acrylonitrile_butadiene_styrene",2100,4.19
"R32JPN","bio-based_polypropylene",2020,1.745
"R32JPN","bio-based_polypropylene",2025,1.745
"R32JPN","bio-based_polypropylene",2030,1.745
"R32JPN","bio-based_polypropylene",2035,1.745
"R32JPN","bio-based_polypropylene",2040,1.745
"R32JPN","bio-based_polypropylene",2045,1.745
"R32JPN","bio-based_polypropylene",2050,1.745
"R32JPN","bio-based_polypropylene",2055,1.745
"R32JPN","bio-based_polypropylene",2060,1.745
"R32JPN","bio-based_polypropylene",2065,1.745
"R32JPN","bio-based_polypropylene",2070,1.745
"R32JPN","bio-based_polypropylene",2075,1.745
"R32JPN","bio-based_polypropylene",2080,1.745
"R32JPN","bio-based_polypropylene",2085,1.745
"R32JPN","bio-based_polypropylene",2090,1.745
"R32JPN","bio-based_polypropylene",2095,1.745
"R32JPN","bio-based_polypropylene",2100,1.745
"R32JPN","bio-based_polystyrene",2020,1.745
"R32JPN","bio-based_polystyrene",2025,1.745
"R32JPN","bio-based_polystyrene",2030,1.745
"R32JPN","bio-based_polystyrene",2035,1.745
"R32JPN","bio-based_polystyrene",2040,1.745
"R32JPN","bio-based_polystyrene",2045,1.745
"R32JPN","bio-based_polystyrene",2050,1.745
"R32JPN","bio-based_polystyrene",2055,1.745
"R32JPN","bio-based_polystyrene",2060,1.745
"R32JPN","bio-based_polystyrene",2065,1.745
"R32JPN","bio-based_polystyrene",2070,1.745
"R32JPN","bio-based_polystyrene",2075,1.745
"R32JPN","bio-based_polystyrene",2080,1.745
"R32JPN","bio-based_polystyrene",2085,1.745
"R32JPN","bio-based_polystyrene",2090,1.745
"R32JPN","bio-based_polystyrene",2095,1.745
"R32JPN","bio-based_polystyrene",2100,1.745
"R32JPN","other_materials",2020,2.95
"R32JPN","other_materials",2025,2.95
"R32JPN","other_materials",2030,2.95
"R32JPN","other_materials",2035,2.95
"R32JPN","other_materials",2040,2.95
"R32JPN","other_materials",2045,2.95
"R32JPN","other_materials",2050,2.95
"R32JPN","other_materials",2055,2.95
"R32JPN","other_materials",2060,2.95
"R32JPN","other_materials",2065,2.95
"R32JPN","other_materials",2070,2.95
"R32JPN","other_materials",2075,2.95
"R32JPN","other_materials",2080,2.95
"R32JPN","other_materials",2085,2.95
"R32JPN","other_materials",2090,2.95
"R32JPN","other_materials",2095,2.95
"R32JPN","other_materials",2100,2.95
"R32JPN","other_plastics",2020,3.45
"R32JPN","other_plastics",2025,3.45
"R32JPN","other_plastics",2030,3.45
"R32JPN","other_plastics",2035,3.45
"R32JPN","other_plastics",2040,3.45
"R32JPN","other_plastics",2045,3.45
"R32JPN","other_plastics",2050,3.45
"R32JPN","other_plastics",2055,3.45
"R32JPN","other_plastics",2060,3.45
"R32JPN","other_plastics",2065,3.45
"R32JPN","other_plastics",2070,3.45
"R32JPN","other_plastics",2075,3.45
"R32JPN","other_plastics",2080,3.45
"R32JPN","other_plastics",2085,3.45
"R32JPN","other_plastics",2090,3.45
"R32JPN","other_plastics",2095,3.45
"R32JPN","other_plastics",2100,3.45
"R32JPN","polypropylene",2020,2.85
"R32JPN","polypropylene",2025,2.85
"R32JPN","polypropylene",2030,2.85
"R32JPN","polypropylene",2035,2.85
"R32JPN","polypropylene",2040,2.85
"R32JPN","polypropylene",2045,2.85
"R32JPN","polypropylene",2050,2.85
"R32JPN","polypropylene",2055,2.85
"R32JPN","polypropylene",2060,2.85
"R32JPN","polypropylene",2065,2.85
"R32JPN","polypropylene",2070,2.85
"R32JPN","polypropylene",2075,2.85
"R32JPN","polypropylene",2080,2.85
"R32JPN","polypropylene",2085,2.85
"R32JPN","polypropylene",2090,2.85
"R32JPN","polypropylene",2095,2.85
"R32JPN","polypropylene",2100,2.85
"R32JPN","polystyrene",2020,4.19
"R32JPN","polystyrene",2025,4.19
"R32JPN","polystyrene",2030,4.19
"R32JPN","polystyrene",2035,4.19
"R32JPN","polystyrene",2040,4.19
"R32JPN","polystyrene",2045,4.19
"R32JPN","polystyrene",2050,4.19
"R32JPN","polystyrene",2055,4.19
"R32JPN","polystyrene",2060,4.19
"R32JPN","polystyrene",2065,4.19
"R32JPN","polystyrene",2070,4.19
"R32JPN","polystyrene",2075,4.19
"R32JPN","polystyrene",2080,4.19
"R32JPN","polystyrene",2085,4.19
"R32JPN","polystyrene",2090,4.19
"R32JPN","polystyrene",2095,4.19
"R32JPN","polystyrene",2100,4.19
"R32KOR","acrylonitrile_butadiene_styrene",2020,4.19
"R32KOR","acrylonitrile_butadiene_styrene",2025,4.19
"R32KOR","acrylonitrile_butadiene_styrene",2030,4.19
"R32KOR","acrylonitrile_butadiene_styrene",2035,4.19
"R32KOR","acrylonitrile_butadiene_styrene",2040,4.19
"R32KOR","acrylonitrile_butadiene_styrene",2045,4.19
"R32KOR","acrylonitrile_butadiene_styrene",2050,4.19
"R32KOR","acrylonitrile_butadiene_styrene",2055,4.19
"R32KOR","acrylonitrile_butadiene_styrene",2060,4.19
"R32KOR","acrylonitrile_butadiene_styrene",2065,4.19
"R32KOR","acrylonitrile_butadiene_styrene",2070,4.19
"R32KOR","acrylonitrile_butadiene_styrene",2075,4.19
"R32KOR","acrylonitrile_butadiene_styrene",2080,4.19
"R32KOR","acrylonitrile_butadiene_styrene",2085,4.19
"R32KOR","acrylonitrile_butadiene_styrene",2090,4.19
"R32KOR","acrylonitrile_butadiene_styrene",2095,4.19
"R32KOR","acrylonitrile_butadiene_styrene",2100,4.19
"R32KOR","bio-based_polypropylene",2020,1.745
"R32KOR","bio-based_polypropylene",2025,1.745
"R32KOR","bio-based_polypropylene",2030,1.745
"R32KOR","bio-based_polypropylene",2035,1.745
"R32KOR","bio-based_polypropylene",2040,1.745
"R32KOR","bio-based_polypropylene",2045,1.745
"R32KOR","bio-based_polypropylene",2050,1.745
"R32KOR","bio-based_polypropylene",2055,1.745
"R32KOR","bio-based_polypropylene",2060,1.745
"R32KOR","bio-based_polypropylene",2065,1.745
"R32KOR","bio-based_polypropylene",2070,1.745
"R32KOR","bio-based_polypropylene",2075,1.745
"R32KOR","bio-based_polypropylene",2080,1.745
"R32KOR","bio-based_polypropylene",2085,1.745
"R32KOR","bio-based_polypropylene",2090,1.745
"R32KOR","bio-based_polypropylene",2095,1.745
"R32KOR","bio-based_polypropylene",2100,1.745
"R32KOR","bio-based_polystyrene",2020,1.745
"R32KOR","bio-based_polystyrene",2025,1.745
"R32KOR","bio-based_polystyrene",2030,1.745
"R32KOR","bio-based_polystyrene",2035,1.745
"R32KOR","bio-based_polystyrene",2040,1.745
"R32KOR","bio-based_polystyrene",2045,1.745
"R32KOR","bio-based_polystyrene",2050,1.745
"R32KOR","bio-based_polystyrene",2055,1.745
"R32KOR","bio-based_polystyrene",2060,1.745
"R32KOR","bio-based_polystyrene",2065,1.745
"R32KOR","bio-based_polystyrene",2070,1.745
"R32KOR","bio-based_polystyrene",2075,1.745
"R32KOR","bio-based_polystyrene",2080,1.745
"R32KOR","bio-based_polystyrene",2085,1.745
"R32KOR","bio-based_polystyrene",2090,1.745
"R32KOR","bio-based_polystyrene",2095,1.745
"R32KOR","bio-based_polystyrene",2100,1.745
"R32KOR","other_materials",2020,2.95
"R32KOR","other_materials",2025,2.95
"R32KOR","other_materials",2030,2.95
"R32KOR","other_materials",2035,2.95
"R32KOR","other_materials",2040,2.95
"R32KOR","other_materials",2045,2.95
"R32KOR","other_materials",2050,2.95
"R32KOR","other_materials",2055,2.95
"R32KOR","other_materials",2060,2.95
"R32KOR","other_materials",2065,2.95
"R32KOR","other_materials",2070,2.95
"R32KOR","other_materials",2075,2.95
"R32KOR","other_materials",2080,2.95
"R32KOR","other_materials",2085,2.95
"R32KOR","other_materials",2090,2.95
"R32KOR","other_materials",2095,2.95
"R32KOR","other_materials",2100,2.95
"R32KOR","other_plastics",2020,3.45
"R32KOR","other_plastics",2025,3.45
"R32KOR","other_plastics",2030,3.45
"R32KOR","other_plastics",2035,3.45
"R32KOR","other_plastics",2040,3.45
"R32KOR","other_plastics",2045,3.45
"R32KOR","other_plastics",2050,3.45
"R32KOR","other_plastics",2055,3.45
"R32KOR","other_plastics",2060,3.45
"R32KOR","other_plastics",2065,3.45
"R32KOR","other_plastics",2070,3.45
"R32KOR","other_plastics",2075,3.45
"R32KOR","other_plastics",2080,3.45
"R32KOR","other_plastics",2085,3.45
"R32KOR","other_plastics",2090,3.45
"R32KOR","other_plastics",2095,3.45
"R32KOR","other_plastics",2100,3.45
"R32KOR","polypropylene",2020,2.85
"R32KOR","polypropylene",2025,2.85
"R32KOR","polypropylene",2030,2.85
"R32KOR","polypropylene",2035,2.85
"R32KOR","polypropylene",2040,2.85
"R32KOR","polypropylene",2045,2.85
"R32KOR","polypropylene",2050,2.85
"R32KOR","polypropylene",2055,2.85
"R32KOR","polypropylene",2060,2.85
"R32KOR","polypropylene",2065,2.85
"R32KOR","polypropylene",2070,2.85
"R32KOR","polypropylene",2075,2.85
"R32KOR","polypropylene",2080,2.85
"R32KOR","polypropylene",2085,2.85
"R32KOR","polypropylene",2090,2.85
"R32KOR","polypropylene",2095,2.85
"R32KOR","polypropylene",2100,2.85
"R32KOR","polystyrene",2020,4.19
"R32KOR","polystyrene",2025,4.19
"R32KOR","polystyrene",2030,4.19
"R32KOR","polystyrene",2035,4.19
"R32KOR","polystyrene",2040,4.19
"R32KOR","polystyrene",2045,4.19
"R32KOR","polystyrene",2050,4.19
"R32KOR","polystyrene",2055,4.19
"R32KOR","polystyrene",2060,4.19
"R32KOR","polystyrene",2065,4.19
"R32KOR","polystyrene",2070,4.19
"R32KOR","polystyrene",2075,4.19
"R32KOR","polystyrene",2080,4.19
"R32KOR","polystyrene",2085,4.19
"R32KOR","polystyrene",2090,4.19
"R32KOR","polystyrene",2095,4.19
"R32KOR","polystyrene",2100,4.19
"R32LAM-L","acrylonitrile_butadiene_styrene",2020,4.19
"R32LAM-L","acrylonitrile_butadiene_styrene",2025,4.19
"R32LAM-L","acrylonitrile_butadiene_styrene",2030,4.19
"R32LAM-L","acrylonitrile_butadiene_styrene",2035,4.19
"R32LAM-L","acrylonitrile_butadiene_styrene",2040,4.19
"R32LAM-L","acrylonitrile_butadiene_styrene",2045,4.19
"R32LAM-L","acrylonitrile_butadiene_styrene",2050,4.19
"R32LAM-L","acrylonitrile_butadiene_styrene",2055,4.19
"R32LAM-L","acrylonitrile_butadiene_styrene",2060,4.19
"R32LAM-L","acrylonitrile_butadiene_styrene",2065,4.19
"R32LAM-L","acrylonitrile_butadiene_styrene",2070,4.19
"R32LAM-L","acrylonitrile_butadiene_styrene",2075,4.19
"R32LAM-L","acrylonitrile_butadiene_styrene",2080,4.19
"R32LAM-L","acrylonitrile_butadiene_styrene",2085,4.19
"R32LAM-L","acrylonitrile_butadiene_styrene",2090,4.19
"R32LAM-L","acrylonitrile_butadiene_styrene",2095,4.19
"R32LAM-L","acrylonitrile_butadiene_styrene",2100,4.19
"R32LAM-L","bio-based_polypropylene",2020,1.745
"R32LAM-L","bio-based_polypropylene",2025,1.745
"R32LAM-L","bio-based_polypropylene",2030,1.745
"R32LAM-L","bio-based_polypropylene",2035,1.745
"R32LAM-L","bio-based_polypropylene",2040,1.745
"R32LAM-L","bio-based_polypropylene",2045,1.745
"R32LAM-L","bio-based_polypropylene",2050,1.745
"R32LAM-L","bio-based_polypropylene",2055,1.745
"R32LAM-L","bio-based_polypropylene",2060,1.745
"R32LAM-L","bio-based_polypropylene",2065,1.745
"R32LAM-L","bio-based_polypropylene",2070,1.745
"R32LAM-L","bio-based_polypropylene",2075,1.745
"R32LAM-L","bio-based_polypropylene",2080,1.745
"R32LAM-L","bio-based_polypropylene",2085,1.745
"R32LAM-L","bio-based_polypropylene",2090,1.745
"R32LAM-L","bio-based_polypropylene",2095,1.745
"R32LAM-L","bio-based_polypropylene",2100,1.745
"R32LAM-L","bio-based_polystyrene",2020,1.745
"R32LAM-L","bio-based_polystyrene",2025,1.745
"R32LAM-L","bio-based_polystyrene",2030,1.745
"R32LAM-L","bio-based_polystyrene",2035,1.745
"R32LAM-L","bio-based_polystyrene",2040,1.745
"R32LAM-L","bio-based_polystyrene",2045,1.745
"R32LAM-L","bio-based_polystyrene",2050,1.745
"R32LAM-L","bio-based_polystyrene",2055,1.745
"R32LAM-L","bio-based_polystyrene",2060,1.745
"R32LAM-L","bio-based_polystyrene",2065,1.745
"R32LAM-L","bio-based_polystyrene",2070,1.745
"R32LAM-L","bio-based_polystyrene",2075,1.745
"R32LAM-L","bio-based_polystyrene",2080,1.745
"R32LAM-L","bio-based_polystyrene",2085,1.745
"R32LAM-L","bio-based_polystyrene",2090,1.745
"R32LAM-L","bio-based_polystyrene",2095,1.745
"R32LAM-L","bio-based_polystyrene",2100,1.745
"R32LAM-L","other_materials",2020,2.95
"R32LAM-L","other_materials",2025,2.95
"R32LAM-L","other_materials",2030,2.95
"R32LAM-L","other_materials",2035,2.95
"R32LAM-L","other_materials",2040,2.95
"R32LAM-L","other_materials",2045,2.95
"R32LAM-L","other_materials",2050,2.95
"R32LAM-L","other_materials",2055,2.95
"R32LAM-L","other_materials",2060,2.95
"R32LAM-L","other_materials",2065,2.95
"R32LAM-L","other_materials",2070,2.95
"R32LAM-L","other_materials",2075,2.95
"R32LAM-L","other_materials",2080,2.95
"R32LAM-L","other_materials",2085,2.95
"R32LAM-L","other_materials",2090,2.95
"R32LAM-L","other_materials",2095,2.95
"R32LAM-L","other_materials",2100,2.95
"R32LAM-L","other_plastics",2020,3.45
"R32LAM-L","other_plastics",2025,3.45
"R32LAM-L","other_plastics",2030,3.45
"R32LAM-L","other_plastics",2035,3.45
"R32LAM-L","other_plastics",2040,3.45
"R32LAM-L","other_plastics",2045,3.45
"R32LAM-L","other_plastics",2050,3.45
"R32LAM-L","other_plastics",2055,3.45
"R32LAM-L","other_plastics",2060,3.45
"R32LAM-L","other_plastics",2065,3.45
"R32LAM-L","other_plastics",2070,3.45
"R32LAM-L","other_plastics",2075,3.45
"R32LAM-L","other_plastics",2080,3.45
"R32LAM-L","other_plastics",2085,3.45
"R32LAM-L","other_plastics",2090,3.45
"R32LAM-L","other_plastics",2095,3.45
"R32LAM-L","other_plastics",2100,3.45
"R32LAM-L","polypropylene",2020,2.85
"R32LAM-L","polypropylene",2025,2.85
"R32LAM-L","polypropylene",2030,2.85
"R32LAM-L","polypropylene",2035,2.85
"R32LAM-L","polypropylene",2040,2.85
"R32LAM-L","polypropylene",2045,2.85
"R32LAM-L","polypropylene",2050,2.85
"R32LAM-L","polypropylene",2055,2.85
"R32LAM-L","polypropylene",2060,2.85
"R32LAM-L","polypropylene",2065,2.85
"R32LAM-L","polypropylene",2070,2.85
"R32LAM-L","polypropylene",2075,2.85
"R32LAM-L","polypropylene",2080,2.85
"R32LAM-L","polypropylene",2085,2.85
"R32LAM-L","polypropylene",2090,2.85
"R32LAM-L","polypropylene",2095,2.85
"R32LAM-L","polypropylene",2100,2.85
"R32LAM-L","polystyrene",2020,4.19
"R32LAM-L","polystyrene",2025,4.19
"R32LAM-L","polystyrene",2030,4.19
"R32LAM-L","polystyrene",2035,4.19
"R32LAM-L","polystyrene",2040,4.19
"R32LAM-L","polystyrene",2045,4.19
"R32LAM-L","polystyrene",2050,4.19
"R32LAM-L","polystyrene",2055,4.19
"R32LAM-L","polystyrene",2060,4.19
"R32LAM-L","polystyrene",2065,4.19
"R32LAM-L","polystyrene",2070,4.19
"R32LAM-L","polystyrene",2075,4.19
"R32LAM-L","polystyrene",2080,4.19
"R32LAM-L","polystyrene",2085,4.19
"R32LAM-L","polystyrene",2090,4.19
"R32LAM-L","polystyrene",2095,4.19
"R32LAM-L","polystyrene",2100,4.19
"R32LAM-M","acrylonitrile_butadiene_styrene",2020,4.19
"R32LAM-M","acrylonitrile_butadiene_styrene",2025,4.19
"R32LAM-M","acrylonitrile_butadiene_styrene",2030,4.19
"R32LAM-M","acrylonitrile_butadiene_styrene",2035,4.19
"R32LAM-M","acrylonitrile_butadiene_styrene",2040,4.19
"R32LAM-M","acrylonitrile_butadiene_styrene",2045,4.19
"R32LAM-M","acrylonitrile_butadiene_styrene",2050,4.19
"R32LAM-M","acrylonitrile_butadiene_styrene",2055,4.19
"R32LAM-M","acrylonitrile_butadiene_styrene",2060,4.19
"R32LAM-M","acrylonitrile_butadiene_styrene",2065,4.19
"R32LAM-M","acrylonitrile_butadiene_styrene",2070,4.19
"R32LAM-M","acrylonitrile_butadiene_styrene",2075,4.19
"R32LAM-M","acrylonitrile_butadiene_styrene",2080,4.19
"R32LAM-M","acrylonitrile_butadiene_styrene",2085,4.19
"R32LAM-M","acrylonitrile_butadiene_styrene",2090,4.19
"R32LAM-M","acrylonitrile_butadiene_styrene",2095,4.19
"R32LAM-M","acrylonitrile_butadiene_styrene",2100,4.19
"R32LAM-M","bio-based_polypropylene",2020,1.745
"R32LAM-M","bio-based_polypropylene",2025,1.745
"R32LAM-M","bio-based_polypropylene",2030,1.745
"R32LAM-M","bio-based_polypropylene",2035,1.745
"R32LAM-M","bio-based_polypropylene",2040,1.745
"R32LAM-M","bio-based_polypropylene",2045,1.745
"R32LAM-M","bio-based_polypropylene",2050,1.745
"R32LAM-M","bio-based_polypropylene",2055,1.745
"R32LAM-M","bio-based_polypropylene",2060,1.745
"R32LAM-M","bio-based_polypropylene",2065,1.745
"R32LAM-M","bio-based_polypropylene",2070,1.745
"R32LAM-M","bio-based_polypropylene",2075,1.745
"R32LAM-M","bio-based_polypropylene",2080,1.745
"R32LAM-M","bio-based_polypropylene",2085,1.745
"R32LAM-M","bio-based_polypropylene",2090,1.745
"R32LAM-M","bio-based_polypropylene",2095,1.745
"R32LAM-M","bio-based_polypropylene",2100,1.745
"R32LAM-M","bio-based_polystyrene",2020,1.745
"R32LAM-M","bio-based_polystyrene",2025,1.745
"R32LAM-M","bio-based_polystyrene",2030,1.745
"R32LAM-M","bio-based_polystyrene",2035,1.745
"R32LAM-M","bio-based_polystyrene",2040,1.745
"R32LAM-M","bio-based_polystyrene",2045,1.745
"R32LAM-M","bio-based_polystyrene",2050,1.745
"R32LAM-M","bio-based_polystyrene",2055,1.745
"R32LAM-M","bio-based_polystyrene",2060,1.745
"R32LAM-M","bio-based_polystyrene",2065,1.745
"R32LAM-M","bio-based_polystyrene",2070,1.745
"R32LAM-M","bio-based_polystyrene",2075,1.745
"R32LAM-M","bio-based_polystyrene",2080,1.745
"R32LAM-M","bio-based_polystyrene",2085,1.745
"R32LAM-M","bio-based_polystyrene",2090,1.745
"R32LAM-M","bio-based_polystyrene",2095,1.745
"R32LAM-M","bio-based_polystyrene",2100,1.745
"R32LAM-M","other_materials",2020,2.95
"R32LAM-M","other_materials",2025,2.95
"R32LAM-M","other_materials",2030,2.95
"R32LAM-M","other_materials",2035,2.95
"R32LAM-M","other_materials",2040,2.95
"R32LAM-M","other_materials",2045,2.95
"R32LAM-M","other_materials",2050,2.95
"R32LAM-M","other_materials",2055,2.95
"R32LAM-M","other_materials",2060,2.95
"R32LAM-M","other_materials",2065,2.95
"R32LAM-M","other_materials",2070,2.95
"R32LAM-M","other_materials",2075,2.95
"R32LAM-M","other_materials",2080,2.95
"R32LAM-M","other_materials",2085,2.95
"R32LAM-M","other_materials",2090,2.95
"R32LAM-M","other_materials",2095,2.95
"R32LAM-M","other_materials",2100,2.95
"R32LAM-M","other_plastics",2020,3.45
"R32LAM-M","other_plastics",2025,3.45
"R32LAM-M","other_plastics",2030,3.45
"R32LAM-M","other_plastics",2035,3.45
"R32LAM-M","other_plastics",2040,3.45
"R32LAM-M","other_plastics",2045,3.45
"R32LAM-M","other_plastics",2050,3.45
"R32LAM-M","other_plastics",2055,3.45
"R32LAM-M","other_plastics",2060,3.45
"R32LAM-M","other_plastics",2065,3.45
"R32LAM-M","other_plastics",2070,3.45
"R32LAM-M","other_plastics",2075,3.45
"R32LAM-M","other_plastics",2080,3.45
"R32LAM-M","other_plastics",2085,3.45
"R32LAM-M","other_plastics",2090,3.45
"R32LAM-M","other_plastics",2095,3.45
"R32LAM-M","other_plastics",2100,3.45
"R32LAM-M","polypropylene",2020,2.85
"R32LAM-M","polypropylene",2025,2.85
"R32LAM-M","polypropylene",2030,2.85
"R32LAM-M","polypropylene",2035,2.85
"R32LAM-M","polypropylene",2040,2.85
"R32LAM-M","polypropylene",2045,2.85
"R32LAM-M","polypropylene",2050,2.85
"R32LAM-M","polypropylene",2055,2.85
"R32LAM-M","polypropylene",2060,2.85
"R32LAM-M","polypropylene",2065,2.85
"R32LAM-M","polypropylene",2070,2.85
"R32LAM-M","polypropylene",2075,2.85
"R32LAM-M","polypropylene",2080,2.85
"R32LAM-M","polypropylene",2085,2.85
"R32LAM-M","polypropylene",2090,2.85
"R32LAM-M","polypropylene",2095,2.85
"R32LAM-M","polypropylene",2100,2.85
"R32LAM-M","polystyrene",2020,4.19
"R32LAM-M","polystyrene",2025,4.19
"R32LAM-M","polystyrene",2030,4.19
"R32LAM-M","polystyrene",2035,4.19
"R32LAM-M","polystyrene",2040,4.19
"R32LAM-M","polystyrene",2045,4.19
"R32LAM-M","polystyrene",2050,4.19
"R32LAM-M","polystyrene",2055,4.19
"R32LAM-M","polystyrene",2060,4.19
"R32LAM-M","polystyrene",2065,4.19
"R32LAM-M","polystyrene",2070,4.19
"R32LAM-M","polystyrene",2075,4.19
"R32LAM-M","polystyrene",2080,4.19
"R32LAM-M","polystyrene",2085,4.19
"R32LAM-M","polystyrene",2090,4.19
"R32LAM-M","polystyrene",2095,4.19
"R32LAM-M","polystyrene",2100,4.19
"R32MEA-H","acrylonitrile_butadiene_styrene",2020,4.19
"R32MEA-H","acrylonitrile_butadiene_styrene",2025,4.19
"R32MEA-H","acrylonitrile_butadiene_styrene",2030,4.19
"R32MEA-H","acrylonitrile_butadiene_styrene",2035,4.19
"R32MEA-H","acrylonitrile_butadiene_styrene",2040,4.19
"R32MEA-H","acrylonitrile_butadiene_styrene",2045,4.19
"R32MEA-H","acrylonitrile_butadiene_styrene",2050,4.19
"R32MEA-H","acrylonitrile_butadiene_styrene",2055,4.19
"R32MEA-H","acrylonitrile_butadiene_styrene",2060,4.19
"R32MEA-H","acrylonitrile_butadiene_styrene",2065,4.19
"R32MEA-H","acrylonitrile_butadiene_styrene",2070,4.19
"R32MEA-H","acrylonitrile_butadiene_styrene",2075,4.19
"R32MEA-H","acrylonitrile_butadiene_styrene",2080,4.19
"R32MEA-H","acrylonitrile_butadiene_styrene",2085,4.19
"R32MEA-H","acrylonitrile_butadiene_styrene",2090,4.19
"R32MEA-H","acrylonitrile_butadiene_styrene",2095,4.19
"R32MEA-H","acrylonitrile_butadiene_styrene",2100,4.19
"R32MEA-H","bio-based_polypropylene",2020,1.745
"R32MEA-H","bio-based_polypropylene",2025,1.745
"R32MEA-H","bio-based_polypropylene",2030,1.745
"R32MEA-H","bio-based_polypropylene",2035,1.745
"R32MEA-H","bio-based_polypropylene",2040,1.745
"R32MEA-H","bio-based_polypropylene",2045,1.745
"R32MEA-H","bio-based_polypropylene",2050,1.745
"R32MEA-H","bio-based_polypropylene",2055,1.745
"R32MEA-H","bio-based_polypropylene",2060,1.745
"R32MEA-H","bio-based_polypropylene",2065,1.745
"R32MEA-H","bio-based_polypropylene",2070,1.745
"R32MEA-H","bio-based_polypropylene",2075,1.745
"R32MEA-H","bio-based_polypropylene",2080,1.745
"R32MEA-H","bio-based_polypropylene",2085,1.745
"R32MEA-H","bio-based_polypropylene",2090,1.745
"R32MEA-H","bio-based_polypropylene",2095,1.745
"R32MEA-H","bio-based_polypropylene",2100,1.745
"R32MEA-H","bio-based_polystyrene",2020,1.745
"R32MEA-H","bio-based_polystyrene",2025,1.745
"R32MEA-H","bio-based_polystyrene",2030,1.745
"R32MEA-H","bio-based_polystyrene",2035,1.745
"R32MEA-H","bio-based_polystyrene",2040,1.745
"R32MEA-H","bio-based_polystyrene",2045,1.745
"R32MEA-H","bio-based_polystyrene",2050,1.745
"R32MEA-H","bio-based_polystyrene",2055,1.745
"R32MEA-H","bio-based_polystyrene",2060,1.745
"R32MEA-H","bio-based_polystyrene",2065,1.745
"R32MEA-H","bio-based_polystyrene",2070,1.745
"R32MEA-H","bio-based_polystyrene",2075,1.745
"R32MEA-H","bio-based_polystyrene",2080,1.745
"R32MEA-H","bio-based_polystyrene",2085,1.745
"R32MEA-H","bio-based_polystyrene",2090,1.745
"R32MEA-H","bio-based_polystyrene",2095,1.745
"R32MEA-H","bio-based_polystyrene",2100,1.745
"R32MEA-H","other_materials",2020,2.95
"R32MEA-H","other_materials",2025,2.95
"R32MEA-H","other_materials",2030,2.95
"R32MEA-H","other_materials",2035,2.95
"R32MEA-H","other_materials",2040,2.95
"R32MEA-H","other_materials",2045,2.95
"R32MEA-H","other_materials",2050,2.95
"R32MEA-H","other_materials",2055,2.95
"R32MEA-H","other_materials",2060,2.95
"R32MEA-H","other_materials",2065,2.95
"R32MEA-H","other_materials",2070,2.95
"R32MEA-H","other_materials",2075,2.95
"R32MEA-H","other_materials",2080,2.95
"R32MEA-H","other_materials",2085,2.95
"R32MEA-H","other_materials",2090,2.95
"R32MEA-H","other_materials",2095,2.95
"R32MEA-H","other_materials",2100,2.95
"R32MEA-H","other_plastics",2020,3.45
"R32MEA-H","other_plastics",2025,3.45
"R32MEA-H","other_plastics",2030,3.45
"R32MEA-H","other_plastics",2035,3.45
"R32MEA-H","other_plastics",2040,3.45
"R32MEA-H","other_plastics",2045,3.45
"R32MEA-H","other_plastics",2050,3.45
"R32MEA-H","other_plastics",2055,3.45
"R32MEA-H","other_plastics",2060,3.45
"R32MEA-H","other_plastics",2065,3.45
"R32MEA-H","other_plastics",2070,3.45
"R32MEA-H","other_plastics",2075,3.45
"R32MEA-H","other_plastics",2080,3.45
"R32MEA-H","other_plastics",2085,3.45
"R32MEA-H","other_plastics",2090,3.45
"R32MEA-H","other_plastics",2095,3.45
"R32MEA-H","other_plastics",2100,3.45
"R32MEA-H","polypropylene",2020,2.85
"R32MEA-H","polypropylene",2025,2.85
"R32MEA-H","polypropylene",2030,2.85
"R32MEA-H","polypropylene",2035,2.85
"R32MEA-H","polypropylene",2040,2.85
"R32MEA-H","polypropylene",2045,2.85
"R32MEA-H","polypropylene",2050,2.85
"R32MEA-H","polypropylene",2055,2.85
"R32MEA-H","polypropylene",2060,2.85
"R32MEA-H","polypropylene",2065,2.85
"R32MEA-H","polypropylene",2070,2.85
"R32MEA-H","polypropylene",2075,2.85
"R32MEA-H","polypropylene",2080,2.85
"R32MEA-H","polypropylene",2085,2.85
"R32MEA-H","polypropylene",2090,2.85
"R32MEA-H","polypropylene",2095,2.85
"R32MEA-H","polypropylene",2100,2.85
"R32MEA-H","polystyrene",2020,4.19
"R32MEA-H","polystyrene",2025,4.19
"R32MEA-H","polystyrene",2030,4.19
"R32MEA-H","polystyrene",2035,4.19
"R32MEA-H","polystyrene",2040,4.19
"R32MEA-H","polystyrene",2045,4.19
"R32MEA-H","polystyrene",2050,4.19
"R32MEA-H","polystyrene",2055,4.19
"R32MEA-H","polystyrene",2060,4.19
"R32MEA-H","polystyrene",2065,4.19
"R32MEA-H","polystyrene",2070,4.19
"R32MEA-H","polystyrene",2075,4.19
"R32MEA-H","polystyrene",2080,4.19
"R32MEA-H","polystyrene",2085,4.19
"R32MEA-H","polystyrene",2090,4.19
"R32MEA-H","polystyrene",2095,4.19
"R32MEA-H","polystyrene",2100,4.19
"R32MEA-M","acrylonitrile_butadiene_styrene",2020,4.19
"R32MEA-M","acrylonitrile_butadiene_styrene",2025,4.19
"R32MEA-M","acrylonitrile_butadiene_styrene",2030,4.19
"R32MEA-M","acrylonitrile_butadiene_styrene",2035,4.19
"R32MEA-M","acrylonitrile_butadiene_styrene",2040,4.19
"R32MEA-M","acrylonitrile_butadiene_styrene",2045,4.19
"R32MEA-M","acrylonitrile_butadiene_styrene",2050,4.19
"R32MEA-M","acrylonitrile_butadiene_styrene",2055,4.19
"R32MEA-M","acrylonitrile_butadiene_styrene",2060,4.19
"R32MEA-M","acrylonitrile_butadiene_styrene",2065,4.19
"R32MEA-M","acrylonitrile_butadiene_styrene",2070,4.19
"R32MEA-M","acrylonitrile_butadiene_styrene",2075,4.19
"R32MEA-M","acrylonitrile_butadiene_styrene",2080,4.19
"R32MEA-M","acrylonitrile_butadiene_styrene",2085,4.19
"R32MEA-M","acrylonitrile_butadiene_styrene",2090,4.19
"R32MEA-M","acrylonitrile_butadiene_styrene",2095,4.19
"R32MEA-M","acrylonitrile_butadiene_styrene",2100,4.19
"R32MEA-M","bio-based_polypropylene",2020,1.745
"R32MEA-M","bio-based_polypropylene",2025,1.745
"R32MEA-M","bio-based_polypropylene",2030,1.745
"R32MEA-M","bio-based_polypropylene",2035,1.745
"R32MEA-M","bio-based_polypropylene",2040,1.745
"R32MEA-M","bio-based_polypropylene",2045,1.745
"R32MEA-M","bio-based_polypropylene",2050,1.745
"R32MEA-M","bio-based_polypropylene",2055,1.745
"R32MEA-M","bio-based_polypropylene",2060,1.745
"R32MEA-M","bio-based_polypropylene",2065,1.745
"R32MEA-M","bio-based_polypropylene",2070,1.745
"R32MEA-M","bio-based_polypropylene",2075,1.745
"R32MEA-M","bio-based_polypropylene",2080,1.745
"R32MEA-M","bio-based_polypropylene",2085,1.745
"R32MEA-M","bio-based_polypropylene",2090,1.745
"R32MEA-M","bio-based_polypropylene",2095,1.745
"R32MEA-M","bio-based_polypropylene",2100,1.745
"R32MEA-M","bio-based_polystyrene",2020,1.745
"R32MEA-M","bio-based_polystyrene",2025,1.745
"R32MEA-M","bio-based_polystyrene",2030,1.745
"R32MEA-M","bio-based_polystyrene",2035,1.745
"R32MEA-M","bio-based_polystyrene",2040,1.745
"R32MEA-M","bio-based_polystyrene",2045,1.745
"R32MEA-M","bio-based_polystyrene",2050,1.745
"R32MEA-M","bio-based_polystyrene",2055,1.745
"R32MEA-M","bio-based_polystyrene",2060,1.745
"R32MEA-M","bio-based_polystyrene",2065,1.745
"R32MEA-M","bio-based_polystyrene",2070,1.745
"R32MEA-M","bio-based_polystyrene",2075,1.745
"R32MEA-M","bio-based_polystyrene",2080,1.745
"R32MEA-M","bio-based_polystyrene",2085,1.745
"R32MEA-M","bio-based_polystyrene",2090,1.745
"R32MEA-M","bio-based_polystyrene",2095,1.745
"R32MEA-M","bio-based_polystyrene",2100,1.745
"R32MEA-M","other_materials",2020,2.95
"R32MEA-M","other_materials",2025,2.95
"R32MEA-M","other_materials",2030,2.95
"R32MEA-M","other_materials",2035,2.95
"R32MEA-M","other_materials",2040,2.95
"R32MEA-M","other_materials",2045,2.95
"R32MEA-M","other_materials",2050,2.95
"R32MEA-M","other_materials",2055,2.95
"R32MEA-M","other_materials",2060,2.95
"R32MEA-M","other_materials",2065,2.95
"R32MEA-M","other_materials",2070,2.95
"R32MEA-M","other_materials",2075,2.95
"R32MEA-M","other_materials",2080,2.95
"R32MEA-M","other_materials",2085,2.95
"R32MEA-M","other_materials",2090,2.95
"R32MEA-M","other_materials",2095,2.95
"R32MEA-M","other_materials",2100,2.95
"R32MEA-M","other_plastics",2020,3.45
"R32MEA-M","other_plastics",2025,3.45
"R32MEA-M","other_plastics",2030,3.45
"R32MEA-M","other_plastics",2035,3.45
"R32MEA-M","other_plastics",2040,3.45
"R32MEA-M","other_plastics",2045,3.45
"R32MEA-M","other_plastics",2050,3.45
"R32MEA-M","other_plastics",2055,3.45
"R32MEA-M","other_plastics",2060,3.45
"R32MEA-M","other_plastics",2065,3.45
"R32MEA-M","other_plastics",2070,3.45
"R32MEA-M","other_plastics",2075,3.45
"R32MEA-M","other_plastics",2080,3.45
"R32MEA-M","other_plastics",2085,3.45
"R32MEA-M","other_plastics",2090,3.45
"R32MEA-M","other_plastics",2095,3.45
"R32MEA-M","other_plastics",2100,3.45
"R32MEA-M","polypropylene",2020,2.85
"R32MEA-M","polypropylene",2025,2.85
"R32MEA-M","polypropylene",2030,2.85
"R32MEA-M","polypropylene",2035,2.85
"R32MEA-M","polypropylene",2040,2.85
"R32MEA-M","polypropylene",2045,2.85
"R32MEA-M","polypropylene",2050,2.85
"R32MEA-M","polypropylene",2055,2.85
"R32MEA-M","polypropylene",2060,2.85
"R32MEA-M","polypropylene",2065,2.85
"R32MEA-M","polypropylene",2070,2.85
"R32MEA-M","polypropylene",2075,2.85
"R32MEA-M","polypropylene",2080,2.85
"R32MEA-M","polypropylene",2085,2.85
"R32MEA-M","polypropylene",2090,2.85
"R32MEA-M","polypropylene",2095,2.85
"R32MEA-M","polypropylene",2100,2.85
"R32MEA-M","polystyrene",2020,4.19
"R32MEA-M","polystyrene",2025,4.19
"R32MEA-M","polystyrene",2030,4.19
"R32MEA-M","polystyrene",2035,4.19
"R32MEA-M","polystyrene",2040,4.19
"R32MEA-M","polystyrene",2045,4.19
"R32MEA-M","polystyrene",2050,4.19
"R32MEA-M","polystyrene",2055,4.19
"R32MEA-M","polystyrene",2060,4.19
"R32MEA-M","polystyrene",2065,4.19
"R32MEA-M","polystyrene",2070,4.19
"R32MEA-M","polystyrene",2075,4.19
"R32MEA-M","polystyrene",2080,4.19
"R32MEA-M","polystyrene",2085,4.19
"R32MEA-M","polystyrene",2090,4.19
"R32MEA-M","polystyrene",2095,4.19
"R32MEA-M","polystyrene",2100,4.19
"R32MEX","acrylonitrile_butadiene_styrene",2020,4.19
"R32MEX","acrylonitrile_butadiene_styrene",2025,4.19
"R32MEX","acrylonitrile_butadiene_styrene",2030,4.19
"R32MEX","acrylonitrile_butadiene_styrene",2035,4.19
"R32MEX","acrylonitrile_butadiene_styrene",2040,4.19
"R32MEX","acrylonitrile_butadiene_styrene",2045,4.19
"R32MEX","acrylonitrile_butadiene_styrene",2050,4.19
"R32MEX","acrylonitrile_butadiene_styrene",2055,4.19
"R32MEX","acrylonitrile_butadiene_styrene",2060,4.19
"R32MEX","acrylonitrile_butadiene_styrene",2065,4.19
"R32MEX","acrylonitrile_butadiene_styrene",2070,4.19
"R32MEX","acrylonitrile_butadiene_styrene",2075,4.19
"R32MEX","acrylonitrile_butadiene_styrene",2080,4.19
"R32MEX","acrylonitrile_butadiene_styrene",2085,4.19
"R32MEX","acrylonitrile_butadiene_styrene",2090,4.19
"R32MEX","acrylonitrile_butadiene_styrene",2095,4.19
"R32MEX","acrylonitrile_butadiene_styrene",2100,4.19
"R32MEX","bio-based_polypropylene",2020,1.745
"R32MEX","bio-based_polypropylene",2025,1.745
"R32MEX","bio-based_polypropylene",2030,1.745
"R32MEX","bio-based_polypropylene",2035,1.745
"R32MEX","bio-based_polypropylene",2040,1.745
"R32MEX","bio-based_polypropylene",2045,1.745
"R32MEX","bio-based_polypropylene",2050,1.745
"R32MEX","bio-based_polypropylene",2055,1.745
"R32MEX","bio-based_polypropylene",2060,1.745
"R32MEX","bio-based_polypropylene",2065,1.745
"R32MEX","bio-based_polypropylene",2070,1.745
"R32MEX","bio-based_polypropylene",2075,1.745
"R32MEX","bio-based_polypropylene",2080,1.745
"R32MEX","bio-based_polypropylene",2085,1.745
"R32MEX","bio-based_polypropylene",2090,1.745
"R32MEX","bio-based_polypropylene",2095,1.745
"R32MEX","bio-based_polypropylene",2100,1.745
"R32MEX","bio-based_polystyrene",2020,1.745
"R32MEX","bio-based_polystyrene",2025,1.745
"R32MEX","bio-based_polystyrene",2030,1.745
"R32MEX","bio-based_polystyrene",2035,1.745
"R32MEX","bio-based_polystyrene",2040,1.745
"R32MEX","bio-based_polystyrene",2045,1.745
"R32MEX","bio-based_polystyrene",2050,1.745
"R32MEX","bio-based_polystyrene",2055,1.745
"R32MEX","bio-based_polystyrene",2060,1.745
"R32MEX","bio-based_polystyrene",2065,1.745
"R32MEX","bio-based_polystyrene",2070,1.745
"R32MEX","bio-based_polystyrene",2075,1.745
"R32MEX","bio-based_polystyrene",2080,1.745
"R32MEX","bio-based_polystyrene",2085,1.745
"R32MEX","bio-based_polystyrene",2090,1.745
"R32MEX","bio-based_polystyrene",2095,1.745
"R32MEX","bio-based_polystyrene",2100,1.745
"R32MEX","other_materials",2020,2.95
"R32MEX","other_materials",2025,2.95
"R32MEX","other_materials",2030,2.95
"R32MEX","other_materials",2035,2.95
"R32MEX","other_materials",2040,2.95
"R32MEX","other_materials",2045,2.95
"R32MEX","other_materials",2050,2.95
"R32MEX","other_materials",2055,2.95
"R32MEX","other_materials",2060,2.95
"R32MEX","other_materials",2065,2.95
"R32MEX","other_materials",2070,2.95
"R32MEX","other_materials",2075,2.95
"R32MEX","other_materials",2080,2.95
"R32MEX","other_materials",2085,2.95
"R32MEX","other_materials",2090,2.95
"R32MEX","other_materials",2095,2.95
"R32MEX","other_materials",2100,2.95
"R32MEX","other_plastics",2020,3.45
"R32MEX","other_plastics",2025,3.45
"R32MEX","other_plastics",2030,3.45
"R32MEX","other_plastics",2035,3.45
"R32MEX","other_plastics",2040,3.45
"R32MEX","other_plastics",2045,3.45
"R32MEX","other_plastics",2050,3.45
"R32MEX","other_plastics",2055,3.45
"R32MEX","other_plastics",2060,3.45
"R32MEX","other_plastics",2065,3.45
"R32MEX","other_plastics",2070,3.45
"R32MEX","other_plastics",2075,3.45
"R32MEX","other_plastics",2080,3.45
"R32MEX","other_plastics",2085,3.45
"R32MEX","other_plastics",2090,3.45
"R32MEX","other_plastics",2095,3.45
"R32MEX","other_plastics",2100,3.45
"R32MEX","polypropylene",2020,2.85
"R32MEX","polypropylene",2025,2.85
"R32MEX","polypropylene",2030,2.85
"R32MEX","polypropylene",2035,2.85
"R32MEX","polypropylene",2040,2.85
"R32MEX","polypropylene",2045,2.85
"R32MEX","polypropylene",2050,2.85
"R32MEX","polypropylene",2055,2.85
"R32MEX","polypropylene",2060,2.85
"R32MEX","polypropylene",2065,2.85
"R32MEX","polypropylene",2070,2.85
"R32MEX","polypropylene",2075,2.85
"R32MEX","polypropylene",2080,2.85
"R32MEX","polypropylene",2085,2.85
"R32MEX","polypropylene",2090,2.85
"R32MEX","polypropylene",2095,2.85
"R32MEX","polypropylene",2100,2.85
"R32MEX","polystyrene",2020,4.19
"R32MEX","polystyrene",2025,4.19
"R32MEX","polystyrene",2030,4.19
"R32MEX","polystyrene",2035,4.19
"R32MEX","polystyrene",2040,4.19
"R32MEX","polystyrene",2045,4.19
"R32MEX","polystyrene",2050,4.19
"R32MEX","polystyrene",2055,4.19
"R32MEX","polystyrene",2060,4.19
"R32MEX","polystyrene",2065,4.19
"R32MEX","polystyrene",2070,4.19
"R32MEX","polystyrene",2075,4.19
"R32MEX","polystyrene",2080,4.19
"R32MEX","polystyrene",2085,4.19
"R32MEX","polystyrene",2090,4.19
"R32MEX","polystyrene",2095,4.19
"R32MEX","polystyrene",2100,4.19
"R32NAF","acrylonitrile_butadiene_styrene",2020,4.19
"R32NAF","acrylonitrile_butadiene_styrene",2025,4.19
"R32NAF","acrylonitrile_butadiene_styrene",2030,4.19
"R32NAF","acrylonitrile_butadiene_styrene",2035,4.19
"R32NAF","acrylonitrile_butadiene_styrene",2040,4.19
"R32NAF","acrylonitrile_butadiene_styrene",2045,4.19
"R32NAF","acrylonitrile_butadiene_styrene",2050,4.19
"R32NAF","acrylonitrile_butadiene_styrene",2055,4.19
"R32NAF","acrylonitrile_butadiene_styrene",2060,4.19
"R32NAF","acrylonitrile_butadiene_styrene",2065,4.19
"R32NAF","acrylonitrile_butadiene_styrene",2070,4.19
"R32NAF","acrylonitrile_butadiene_styrene",2075,4.19
"R32NAF","acrylonitrile_butadiene_styrene",2080,4.19
"R32NAF","acrylonitrile_butadiene_styrene",2085,4.19
"R32NAF","acrylonitrile_butadiene_styrene",2090,4.19
"R32NAF","acrylonitrile_butadiene_styrene",2095,4.19
"R32NAF","acrylonitrile_butadiene_styrene",2100,4.19
"R32NAF","bio-based_polypropylene",2020,1.745
"R32NAF","bio-based_polypropylene",2025,1.745
"R32NAF","bio-based_polypropylene",2030,1.745
"R32NAF","bio-based_polypropylene",2035,1.745
"R32NAF","bio-based_polypropylene",2040,1.745
"R32NAF","bio-based_polypropylene",2045,1.745
"R32NAF","bio-based_polypropylene",2050,1.745
"R32NAF","bio-based_polypropylene",2055,1.745
"R32NAF","bio-based_polypropylene",2060,1.745
"R32NAF","bio-based_polypropylene",2065,1.745
"R32NAF","bio-based_polypropylene",2070,1.745
"R32NAF","bio-based_polypropylene",2075,1.745
"R32NAF","bio-based_polypropylene",2080,1.745
"R32NAF","bio-based_polypropylene",2085,1.745
"R32NAF","bio-based_polypropylene",2090,1.745
"R32NAF","bio-based_polypropylene",2095,1.745
"R32NAF","bio-based_polypropylene",2100,1.745
"R32NAF","bio-based_polystyrene",2020,1.745
"R32NAF","bio-based_polystyrene",2025,1.745
"R32NAF","bio-based_polystyrene",2030,1.745
"R32NAF","bio-based_polystyrene",2035,1.745
"R32NAF","bio-based_polystyrene",2040,1.745
"R32NAF","bio-based_polystyrene",2045,1.745
"R32NAF","bio-based_polystyrene",2050,1.745
"R32NAF","bio-based_polystyrene",2055,1.745
"R32NAF","bio-based_polystyrene",2060,1.745
"R32NAF","bio-based_polystyrene",2065,1.745
"R32NAF","bio-based_polystyrene",2070,1.745
"R32NAF","bio-based_polystyrene",2075,1.745
"R32NAF","bio-based_polystyrene",2080,1.745
"R32NAF","bio-based_polystyrene",2085,1.745
"R32NAF","bio-based_polystyrene",2090,1.745
"R32NAF","bio-based_polystyrene",2095,1.745
"R32NAF","bio-based_polystyrene",2100,1.745
"R32NAF","other_materials",2020,2.95
"R32NAF","other_materials",2025,2.95
"R32NAF","other_materials",2030,2.95
"R32NAF","other_materials",2035,2.95
"R32NAF","other_materials",2040,2.95
"R32NAF","other_materials",2045,2.95
"R32NAF","other_materials",2050,2.95
"R32NAF","other_materials",2055,2.95
"R32NAF","other_materials",2060,2.95
"R32NAF","other_materials",2065,2.95
"R32NAF","other_materials",2070,2.95
"R32NAF","other_materials",2075,2.95
"R32NAF","other_materials",2080,2.95
"R32NAF","other_materials",2085,2.95
"R32NAF","other_materials",2090,2.95
"R32NAF","other_materials",2095,2.95
"R32NAF","other_materials",2100,2.95
"R32NAF","other_plastics",2020,3.45
"R32NAF","other_plastics",2025,3.45
"R32NAF","other_plastics",2030,3.45
"R32NAF","other_plastics",2035,3.45
"R32NAF","other_plastics",2040,3.45
"R32NAF","other_plastics",2045,3.45
"R32NAF","other_plastics",2050,3.45
"R32NAF","other_plastics",2055,3.45
"R32NAF","other_plastics",2060,3.45
"R32NAF","other_plastics",2065,3.45
"R32NAF","other_plastics",2070,3.45
"R32NAF","other_plastics",2075,3.45
"R32NAF","other_plastics",2080,3.45
"R32NAF","other_plastics",2085,3.45
"R32NAF","other_plastics",2090,3.45
"R32NAF","other_plastics",2095,3.45
"R32NAF","other_plastics",2100,3.45
"R32NAF","polypropylene",2020,2.85
"R32NAF","polypropylene",2025,2.85
"R32NAF","polypropylene",2030,2.85
"R32NAF","polypropylene",2035,2.85
"R32NAF","polypropylene",2040,2.85
"R32NAF","polypropylene",2045,2.85
"R32NAF","polypropylene",2050,2.85
"R32NAF","polypropylene",2055,2.85
"R32NAF","polypropylene",2060,2.85
"R32NAF","polypropylene",2065,2.85
"R32NAF","polypropylene",2070,2.85
"R32NAF","polypropylene",2075,2.85
"R32NAF","polypropylene",2080,2.85
"R32NAF","polypropylene",2085,2.85
"R32NAF","polypropylene",2090,2.85
"R32NAF","polypropylene",2095,2.85
"R32NAF","polypropylene",2100,2.85
"R32NAF","polystyrene",2020,4.19
"R32NAF","polystyrene",2025,4.19
"R32NAF","polystyrene",2030,4.19
"R32NAF","polystyrene",2035,4.19
"R32NAF","polystyrene",2040,4.19
"R32NAF","polystyrene",2045,4.19
"R32NAF","polystyrene",2050,4.19
"R32NAF","polystyrene",2055,4.19
"R32NAF","polystyrene",2060,4.19
"R32NAF","polystyrene",2065,4.19
"R32NAF","polystyrene",2070,4.19
"R32NAF","polystyrene",2075,4.19
"R32NAF","polystyrene",2080,4.19
"R32NAF","polystyrene",2085,4.19
"R32NAF","polystyrene",2090,4.19
"R32NAF","polystyrene",2095,4.19
"R32NAF","polystyrene",2100,4.19
"R32OAS-CPA","acrylonitrile_butadiene_styrene",2020,4.19
"R32OAS-CPA","acrylonitrile_butadiene_styrene",2025,4.19
"R32OAS-CPA","acrylonitrile_butadiene_styrene",2030,4.19
"R32OAS-CPA","acrylonitrile_butadiene_styrene",2035,4.19
"R32OAS-CPA","acrylonitrile_butadiene_styrene",2040,4.19
"R32OAS-CPA","acrylonitrile_butadiene_styrene",2045,4.19
"R32OAS-CPA","acrylonitrile_butadiene_styrene",2050,4.19
"R32OAS-CPA","acrylonitrile_butadiene_styrene",2055,4.19
"R32OAS-CPA","acrylonitrile_butadiene_styrene",2060,4.19
"R32OAS-CPA","acrylonitrile_butadiene_styrene",2065,4.19
"R32OAS-CPA","acrylonitrile_butadiene_styrene",2070,4.19
"R32OAS-CPA","acrylonitrile_butadiene_styrene",2075,4.19
"R32OAS-CPA","acrylonitrile_butadiene_styrene",2080,4.19
"R32OAS-CPA","acrylonitrile_butadiene_styrene",2085,4.19
"R32OAS-CPA","acrylonitrile_butadiene_styrene",2090,4.19
"R32OAS-CPA","acrylonitrile_butadiene_styrene",2095,4.19
"R32OAS-CPA","acrylonitrile_butadiene_styrene",2100,4.19
"R32OAS-CPA","bio-based_polypropylene",2020,1.745
"R32OAS-CPA","bio-based_polypropylene",2025,1.745
"R32OAS-CPA","bio-based_polypropylene",2030,1.745
"R32OAS-CPA","bio-based_polypropylene",2035,1.745
"R32OAS-CPA","bio-based_polypropylene",2040,1.745
"R32OAS-CPA","bio-based_polypropylene",2045,1.745
"R32OAS-CPA","bio-based_polypropylene",2050,1.745
"R32OAS-CPA","bio-based_polypropylene",2055,1.745
"R32OAS-CPA","bio-based_polypropylene",2060,1.745
"R32OAS-CPA","bio-based_polypropylene",2065,1.745
"R32OAS-CPA","bio-based_polypropylene",2070,1.745
"R32OAS-CPA","bio-based_polypropylene",2075,1.745
"R32OAS-CPA","bio-based_polypropylene",2080,1.745
"R32OAS-CPA","bio-based_polypropylene",2085,1.745
"R32OAS-CPA","bio-based_polypropylene",2090,1.745
"R32OAS-CPA","bio-based_polypropylene",2095,1.745
"R32OAS-CPA","bio-based_polypropylene",2100,1.745
"R32OAS-CPA","bio-based_polystyrene",2020,1.745
"R32OAS-CPA","bio-based_polystyrene",2025,1.745
"R32OAS-CPA","bio-based_polystyrene",2030,1.745
"R32OAS-CPA","bio-based_polystyrene",2035,1.745
"R32OAS-CPA","bio-based_polystyrene",2040,1.745
"R32OAS-CPA","bio-based_polystyrene",2045,1.745
"R32OAS-CPA","bio-based_polystyrene",2050,1.745
"R32OAS-CPA","bio-based_polystyrene",2055,1.745
"R32OAS-CPA","bio-based_polystyrene",2060,1.745
"R32OAS-CPA","bio-based_polystyrene",2065,1.745
"R32OAS-CPA","bio-based_polystyrene",2070,1.745
"R32OAS-CPA","bio-based_polystyrene",2075,1.745
"R32OAS-CPA","bio-based_polystyrene",2080,1.745
"R32OAS-CPA","bio-based_polystyrene",2085,1.745
"R32OAS-CPA","bio-based_polystyrene",2090,1.745
"R32OAS-CPA","bio-based_polystyrene",2095,1.745
"R32OAS-CPA","bio-based_polystyrene",2100,1.745
"R32OAS-CPA","other_materials",2020,2.95
"R32OAS-CPA","other_materials",2025,2.95
"R32OAS-CPA","other_materials",2030,2.95
"R32OAS-CPA","other_materials",2035,2.95
"R32OAS-CPA","other_materials",2040,2.95
"R32OAS-CPA","other_materials",2045,2.95
"R32OAS-CPA","other_materials",2050,2.95
"R32OAS-CPA","other_materials",2055,2.95
"R32OAS-CPA","other_materials",2060,2.95
"R32OAS-CPA","other_materials",2065,2.95
"R32OAS-CPA","other_materials",2070,2.95
"R32OAS-CPA","other_materials",2075,2.95
"R32OAS-CPA","other_materials",2080,2.95
"R32OAS-CPA","other_materials",2085,2.95
"R32OAS-CPA","other_materials",2090,2.95
"R32OAS-CPA","other_materials",2095,2.95
"R32OAS-CPA","other_materials",2100,2.95
"R32OAS-CPA","other_plastics",2020,3.45
"R32OAS-CPA","other_plastics",2025,3.45
"R32OAS-CPA","other_plastics",2030,3.45
"R32OAS-CPA","other_plastics",2035,3.45
"R32OAS-CPA","other_plastics",2040,3.45
"R32OAS-CPA","other_plastics",2045,3.45
"R32OAS-CPA","other_plastics",2050,3.45
"R32OAS-CPA","other_plastics",2055,3.45
"R32OAS-CPA","other_plastics",2060,3.45
"R32OAS-CPA","other_plastics",2065,3.45
"R32OAS-CPA","other_plastics",2070,3.45
"R32OAS-CPA","other_plastics",2075,3.45
"R32OAS-CPA","other_plastics",2080,3.45
"R32OAS-CPA","other_plastics",2085,3.45
"R32OAS-CPA","other_plastics",2090,3.45
"R32OAS-CPA","other_plastics",2095,3.45
"R32OAS-CPA","other_plastics",2100,3.45
"R32OAS-CPA","polypropylene",2020,2.85
"R32OAS-CPA","polypropylene",2025,2.85
"R32OAS-CPA","polypropylene",2030,2.85
"R32OAS-CPA","polypropylene",2035,2.85
"R32OAS-CPA","polypropylene",2040,2.85
"R32OAS-CPA","polypropylene",2045,2.85
"R32OAS-CPA","polypropylene",2050,2.85
"R32OAS-CPA","polypropylene",2055,2.85
"R32OAS-CPA","polypropylene",2060,2.85
"R32OAS-CPA","polypropylene",2065,2.85
"R32OAS-CPA","polypropylene",2070,2.85
"R32OAS-CPA","polypropylene",2075,2.85
"R32OAS-CPA","polypropylene",2080,2.85
"R32OAS-CPA","polypropylene",2085,2.85
"R32OAS-CPA","polypropylene",2090,2.85
"R32OAS-CPA","polypropylene",2095,2.85
"R32OAS-CPA","polypropylene",2100,2.85
"R32OAS-CPA","polystyrene",2020,4.19
"R32OAS-CPA","polystyrene",2025,4.19
"R32OAS-CPA","polystyrene",2030,4.19
"R32OAS-CPA","polystyrene",2035,4.19
"R32OAS-CPA","polystyrene",2040,4.19
"R32OAS-CPA","polystyrene",2045,4.19
"R32OAS-CPA","polystyrene",2050,4.19
"R32OAS-CPA","polystyrene",2055,4.19
"R32OAS-CPA","polystyrene",2060,4.19
"R32OAS-CPA","polystyrene",2065,4.19
"R32OAS-CPA","polystyrene",2070,4.19
"R32OAS-CPA","polystyrene",2075,4.19
"R32OAS-CPA","polystyrene",2080,4.19
"R32OAS-CPA","polystyrene",2085,4.19
"R32OAS-CPA","polystyrene",2090,4.19
"R32OAS-CPA","polystyrene",2095,4.19
"R32OAS-CPA","polystyrene",2100,4.19
"R32OAS-L-PAS","acrylonitrile_butadiene_styrene",2020,4.19
"R32OAS-L-PAS","acrylonitrile_butadiene_styrene",2025,4.19
"R32OAS-L-PAS","acrylonitrile_butadiene_styrene",2030,4.19
"R32OAS-L-PAS","acrylonitrile_butadiene_styrene",2035,4.19
"R32OAS-L-PAS","acrylonitrile_butadiene_styrene",2040,4.19
"R32OAS-L-PAS","acrylonitrile_butadiene_styrene",2045,4.19
"R32OAS-L-PAS","acrylonitrile_butadiene_styrene",2050,4.19
"R32OAS-L-PAS","acrylonitrile_butadiene_styrene",2055,4.19
"R32OAS-L-PAS","acrylonitrile_butadiene_styrene",2060,4.19
"R32OAS-L-PAS","acrylonitrile_butadiene_styrene",2065,4.19
"R32OAS-L-PAS","acrylonitrile_butadiene_styrene",2070,4.19
"R32OAS-L-PAS","acrylonitrile_butadiene_styrene",2075,4.19
"R32OAS-L-PAS","acrylonitrile_butadiene_styrene",2080,4.19
"R32OAS-L-PAS","acrylonitrile_butadiene_styrene",2085,4.19
"R32OAS-L-PAS","acrylonitrile_butadiene_styrene",2090,4.19
"R32OAS-L-PAS","acrylonitrile_butadiene_styrene",2095,4.19
"R32OAS-L-PAS","acrylonitrile_butadiene_styrene",2100,4.19
"R32OAS-L-PAS","bio-based_polypropylene",2020,1.745
"R32OAS-L-PAS","bio-based_polypropylene",2025,1.745
"R32OAS-L-PAS","bio-based_polypropylene",2030,1.745
"R32OAS-L-PAS","bio-based_polypropylene",2035,1.745
"R32OAS-L-PAS","bio-based_polypropylene",2040,1.745
"R32OAS-L-PAS","bio-based_polypropylene",2045,1.745
"R32OAS-L-PAS","bio-based_polypropylene",2050,1.745
"R32OAS-L-PAS","bio-based_polypropylene",2055,1.745
"R32OAS-L-PAS","bio-based_polypropylene",2060,1.745
"R32OAS-L-PAS","bio-based_polypropylene",2065,1.745
"R32OAS-L-PAS","bio-based_polypropylene",2070,1.745
"R32OAS-L-PAS","bio-based_polypropylene",2075,1.745
"R32OAS-L-PAS","bio-based_polypropylene",2080,1.745
"R32OAS-L-PAS","bio-based_polypropylene",2085,1.745
"R32OAS-L-PAS","bio-based_polypropylene",2090,1.745
"R32OAS-L-PAS","bio-based_polypropylene",2095,1.745
"R32OAS-L-PAS","bio-based_polypropylene",2100,1.745
"R32OAS-L-PAS","bio-based_polystyrene",2020,1.745
"R32OAS-L-PAS","bio-based_polystyrene",2025,1.745
"R32OAS-L-PAS","bio-based_polystyrene",2030,1.745
"R32OAS-L-PAS","bio-based_polystyrene",2035,1.745
"R32OAS-L-PAS","bio-based_polystyrene",2040,1.745
"R32OAS-L-PAS","bio-based_polystyrene",2045,1.745
"R32OAS-L-PAS","bio-based_polystyrene",2050,1.745
"R32OAS-L-PAS","bio-based_polystyrene",2055,1.745
"R32OAS-L-PAS","bio-based_polystyrene",2060,1.745
"R32OAS-L-PAS","bio-based_polystyrene",2065,1.745
"R32OAS-L-PAS","bio-based_polystyrene",2070,1.745
"R32OAS-L-PAS","bio-based_polystyrene",2075,1.745
"R32OAS-L-PAS","bio-based_polystyrene",2080,1.745
"R32OAS-L-PAS","bio-based_polystyrene",2085,1.745
"R32OAS-L-PAS","bio-based_polystyrene",2090,1.745
"R32OAS-L-PAS","bio-based_polystyrene",2095,1.745
"R32OAS-L-PAS","bio-based_polystyrene",2100,1.745
"R32OAS-L-PAS","other_materials",2020,2.95
"R32OAS-L-PAS","other_materials",2025,2.95
"R32OAS-L-PAS","other_materials",2030,2.95
"R32OAS-L-PAS","other_materials",2035,2.95
"R32OAS-L-PAS","other_materials",2040,2.95
"R32OAS-L-PAS","other_materials",2045,2.95
"R32OAS-L-PAS","other_materials",2050,2.95
"R32OAS-L-PAS","other_materials",2055,2.95
"R32OAS-L-PAS","other_materials",2060,2.95
"R32OAS-L-PAS","other_materials",2065,2.95
"R32OAS-L-PAS","other_materials",2070,2.95
"R32OAS-L-PAS","other_materials",2075,2.95
"R32OAS-L-PAS","other_materials",2080,2.95
"R32OAS-L-PAS","other_materials",2085,2.95
"R32OAS-L-PAS","other_materials",2090,2.95
"R32OAS-L-PAS","other_materials",2095,2.95
"R32OAS-L-PAS","other_materials",2100,2.95
"R32OAS-L-PAS","other_plastics",2020,3.45
"R32OAS-L-PAS","other_plastics",2025,3.45
"R32OAS-L-PAS","other_plastics",2030,3.45
"R32OAS-L-PAS","other_plastics",2035,3.45
"R32OAS-L-PAS","other_plastics",2040,3.45
"R32OAS-L-PAS","other_plastics",2045,3.45
"R32OAS-L-PAS","other_plastics",2050,3.45
"R32OAS-L-PAS","other_plastics",2055,3.45
"R32OAS-L-PAS","other_plastics",2060,3.45
"R32OAS-L-PAS","other_plastics",2065,3.45
"R32OAS-L-PAS","other_plastics",2070,3.45
"R32OAS-L-PAS","other_plastics",2075,3.45
"R32OAS-L-PAS","other_plastics",2080,3.45
"R32OAS-L-PAS","other_plastics",2085,3.45
"R32OAS-L-PAS","other_plastics",2090,3.45
"R32OAS-L-PAS","other_plastics",2095,3.45
"R32OAS-L-PAS","other_plastics",2100,3.45
"R32OAS-L-PAS","polypropylene",2020,2.85
"R32OAS-L-PAS","polypropylene",2025,2.85
"R32OAS-L-PAS","polypropylene",2030,2.85
"R32OAS-L-PAS","polypropylene",2035,2.85
"R32OAS-L-PAS","polypropylene",2040,2.85
"R32OAS-L-PAS","polypropylene",2045,2.85
"R32OAS-L-PAS","polypropylene",2050,2.85
"R32OAS-L-PAS","polypropylene",2055,2.85
"R32OAS-L-PAS","polypropylene",2060,2.85
"R32OAS-L-PAS","polypropylene",2065,2.85
"R32OAS-L-PAS","polypropylene",2070,2.85
"R32OAS-L-PAS","polypropylene",2075,2.85
"R32OAS-L-PAS","polypropylene",2080,2.85
"R32OAS-L-PAS","polypropylene",2085,2.85
"R32OAS-L-PAS","polypropylene",2090,2.85
"R32OAS-L-PAS","polypropylene",2095,2.85
"R32OAS-L-PAS","polypropylene",2100,2.85
"R32OAS-L-PAS","polystyrene",2020,4.19
"R32OAS-L-PAS","polystyrene",2025,4.19
"R32OAS-L-PAS","polystyrene",2030,4.19
"R32OAS-L-PAS","polystyrene",2035,4.19
"R32OAS-L-PAS","polystyrene",2040,4.19
"R32OAS-L-PAS","polystyrene",2045,4.19
"R32OAS-L-PAS","polystyrene",2050,4.19
"R32OAS-L-PAS","polystyrene",2055,4.19
"R32OAS-L-PAS","polystyrene",2060,4.19
"R32OAS-L-PAS","polystyrene",2065,4.19
"R32OAS-L-PAS","polystyrene",2070,4.19
"R32OAS-L-PAS","polystyrene",2075,4.19
"R32OAS-L-PAS","polystyrene",2080,4.19
"R32OAS-L-PAS","polystyrene",2085,4.19
"R32OAS-L-PAS","polystyrene",2090,4.19
"R32OAS-L-PAS","polystyrene",2095,4.19
"R32OAS-L-PAS","polystyrene",2100,4.19
"R32OAS-L-SAS","acrylonitrile_butadiene_styrene",2020,4.19
"R32OAS-L-SAS","acrylonitrile_butadiene_styrene",2025,4.19
"R32OAS-L-SAS","acrylonitrile_butadiene_styrene",2030,4.19
"R32OAS-L-SAS","acrylonitrile_butadiene_styrene",2035,4.19
"R32OAS-L-SAS","acrylonitrile_butadiene_styrene",2040,4.19
"R32OAS-L-SAS","acrylonitrile_butadiene_styrene",2045,4.19
"R32OAS-L-SAS","acrylonitrile_butadiene_styrene",2050,4.19
"R32OAS-L-SAS","acrylonitrile_butadiene_styrene",2055,4.19
"R32OAS-L-SAS","acrylonitrile_butadiene_styrene",2060,4.19
"R32OAS-L-SAS","acrylonitrile_butadiene_styrene",2065,4.19
"R32OAS-L-SAS","acrylonitrile_butadiene_styrene",2070,4.19
"R32OAS-L-SAS","acrylonitrile_butadiene_styrene",2075,4.19
"R32OAS-L-SAS","acrylonitrile_butadiene_styrene",2080,4.19
"R32OAS-L-SAS","acrylonitrile_butadiene_styrene",2085,4.19
"R32OAS-L-SAS","acrylonitrile_butadiene_styrene",2090,4.19
"R32OAS-L-SAS","acrylonitrile_butadiene_styrene",2095,4.19
"R32OAS-L-SAS","acrylonitrile_butadiene_styrene",2100,4.19
"R32OAS-L-SAS","bio-based_polypropylene",2020,1.745
"R32OAS-L-SAS","bio-based_polypropylene",2025,1.745
"R32OAS-L-SAS","bio-based_polypropylene",2030,1.745
"R32OAS-L-SAS","bio-based_polypropylene",2035,1.745
"R32OAS-L-SAS","bio-based_polypropylene",2040,1.745
"R32OAS-L-SAS","bio-based_polypropylene",2045,1.745
"R32OAS-L-SAS","bio-based_polypropylene",2050,1.745
"R32OAS-L-SAS","bio-based_polypropylene",2055,1.745
"R32OAS-L-SAS","bio-based_polypropylene",2060,1.745
"R32OAS-L-SAS","bio-based_polypropylene",2065,1.745
"R32OAS-L-SAS","bio-based_polypropylene",2070,1.745
"R32OAS-L-SAS","bio-based_polypropylene",2075,1.745
"R32OAS-L-SAS","bio-based_polypropylene",2080,1.745
"R32OAS-L-SAS","bio-based_polypropylene",2085,1.745
"R32OAS-L-SAS","bio-based_polypropylene",2090,1.745
"R32OAS-L-SAS","bio-based_polypropylene",2095,1.745
"R32OAS-L-SAS","bio-based_polypropylene",2100,1.745
"R32OAS-L-SAS","bio-based_polystyrene",2020,1.745
"R32OAS-L-SAS","bio-based_polystyrene",2025,1.745
"R32OAS-L-SAS","bio-based_polystyrene",2030,1.745
"R32OAS-L-SAS","bio-based_polystyrene",2035,1.745
"R32OAS-L-SAS","bio-based_polystyrene",2040,1.745
"R32OAS-L-SAS","bio-based_polystyrene",2045,1.745
"R32OAS-L-SAS","bio-based_polystyrene",2050,1.745
"R32OAS-L-SAS","bio-based_polystyrene",2055,1.745
"R32OAS-L-SAS","bio-based_polystyrene",2060,1.745
"R32OAS-L-SAS","bio-based_polystyrene",2065,1.745
"R32OAS-L-SAS","bio-based_polystyrene",2070,1.745
"R32OAS-L-SAS","bio-based_polystyrene",2075,1.745
"R32OAS-L-SAS","bio-based_polystyrene",2080,1.745
"R32OAS-L-SAS","bio-based_polystyrene",2085,1.745
"R32OAS-L-SAS","bio-based_polystyrene",2090,1.745
"R32OAS-L-SAS","bio-based_polystyrene",2095,1.745
"R32OAS-L-SAS","bio-based_polystyrene",2100,1.745
"R32OAS-L-SAS","other_materials",2020,2.95
"R32OAS-L-SAS","other_materials",2025,2.95
"R32OAS-L-SAS","other_materials",2030,2.95
"R32OAS-L-SAS","other_materials",2035,2.95
"R32OAS-L-SAS","other_materials",2040,2.95
"R32OAS-L-SAS","other_materials",2045,2.95
"R32OAS-L-SAS","other_materials",2050,2.95
"R32OAS-L-SAS","other_materials",2055,2.95
"R32OAS-L-SAS","other_materials",2060,2.95
"R32OAS-L-SAS","other_materials",2065,2.95
"R32OAS-L-SAS","other_materials",2070,2.95
"R32OAS-L-SAS","other_materials",2075,2.95
"R32OAS-L-SAS","other_materials",2080,2.95
"R32OAS-L-SAS","other_materials",2085,2.95
"R32OAS-L-SAS","other_materials",2090,2.95
"R32OAS-L-SAS","other_materials",2095,2.95
"R32OAS-L-SAS","other_materials",2100,2.95
"R32OAS-L-SAS","other_plastics",2020,3.45
"R32OAS-L-SAS","other_plastics",2025,3.45
"R32OAS-L-SAS","other_plastics",2030,3.45
"R32OAS-L-SAS","other_plastics",2035,3.45
"R32OAS-L-SAS","other_plastics",2040,3.45
"R32OAS-L-SAS","other_plastics",2045,3.45
"R32OAS-L-SAS","other_plastics",2050,3.45
"R32OAS-L-SAS","other_plastics",2055,3.45
"R32OAS-L-SAS","other_plastics",2060,3.45
"R32OAS-L-SAS","other_plastics",2065,3.45
"R32OAS-L-SAS","other_plastics",2070,3.45
"R32OAS-L-SAS","other_plastics",2075,3.45
"R32OAS-L-SAS","other_plastics",2080,3.45
"R32OAS-L-SAS","other_plastics",2085,3.45
"R32OAS-L-SAS","other_plastics",2090,3.45
"R32OAS-L-SAS","other_plastics",2095,3.45
"R32OAS-L-SAS","other_plastics",2100,3.45
"R32OAS-L-SAS","polypropylene",2020,2.85
"R32OAS-L-SAS","polypropylene",2025,2.85
"R32OAS-L-SAS","polypropylene",2030,2.85
"R32OAS-L-SAS","polypropylene",2035,2.85
"R32OAS-L-SAS","polypropylene",2040,2.85
"R32OAS-L-SAS","polypropylene",2045,2.85
"R32OAS-L-SAS","polypropylene",2050,2.85
"R32OAS-L-SAS","polypropylene",2055,2.85
"R32OAS-L-SAS","polypropylene",2060,2.85
"R32OAS-L-SAS","polypropylene",2065,2.85
"R32OAS-L-SAS","polypropylene",2070,2.85
"R32OAS-L-SAS","polypropylene",2075,2.85
"R32OAS-L-SAS","polypropylene",2080,2.85
"R32OAS-L-SAS","polypropylene",2085,2.85
"R32OAS-L-SAS","polypropylene",2090,2.85
"R32OAS-L-SAS","polypropylene",2095,2.85
"R32OAS-L-SAS","polypropylene",2100,2.85
"R32OAS-L-SAS","polystyrene",2020,4.19
"R32OAS-L-SAS","polystyrene",2025,4.19
"R32OAS-L-SAS","polystyrene",2030,4.19
"R32OAS-L-SAS","polystyrene",2035,4.19
"R32OAS-L-SAS","polystyrene",2040,4.19
"R32OAS-L-SAS","polystyrene",2045,4.19
"R32OAS-L-SAS","polystyrene",2050,4.19
"R32OAS-L-SAS","polystyrene",2055,4.19
"R32OAS-L-SAS","polystyrene",2060,4.19
"R32OAS-L-SAS","polystyrene",2065,4.19
"R32OAS-L-SAS","polystyrene",2070,4.19
"R32OAS-L-SAS","polystyrene",2075,4.19
"R32OAS-L-SAS","polystyrene",2080,4.19
"R32OAS-L-SAS","polystyrene",2085,4.19
"R32OAS-L-SAS","polystyrene",2090,4.19
"R32OAS-L-SAS","polystyrene",2095,4.19
"R32OAS-L-SAS","polystyrene",2100,4.19
"R32OAS-M-PAS","acrylonitrile_butadiene_styrene",2020,4.19
"R32OAS-M-PAS","acrylonitrile_butadiene_styrene",2025,4.19
"R32OAS-M-PAS","acrylonitrile_butadiene_styrene",2030,4.19
"R32OAS-M-PAS","acrylonitrile_butadiene_styrene",2035,4.19
"R32OAS-M-PAS","acrylonitrile_butadiene_styrene",2040,4.19
"R32OAS-M-PAS","acrylonitrile_butadiene_styrene",2045,4.19
"R32OAS-M-PAS","acrylonitrile_butadiene_styrene",2050,4.19
"R32OAS-M-PAS","acrylonitrile_butadiene_styrene",2055,4.19
"R32OAS-M-PAS","acrylonitrile_butadiene_styrene",2060,4.19
"R32OAS-M-PAS","acrylonitrile_butadiene_styrene",2065,4.19
"R32OAS-M-PAS","acrylonitrile_butadiene_styrene",2070,4.19
"R32OAS-M-PAS","acrylonitrile_butadiene_styrene",2075,4.19
"R32OAS-M-PAS","acrylonitrile_butadiene_styrene",2080,4.19
"R32OAS-M-PAS","acrylonitrile_butadiene_styrene",2085,4.19
"R32OAS-M-PAS","acrylonitrile_butadiene_styrene",2090,4.19
"R32OAS-M-PAS","acrylonitrile_butadiene_styrene",2095,4.19
"R32OAS-M-PAS","acrylonitrile_butadiene_styrene",2100,4.19
"R32OAS-M-PAS","bio-based_polypropylene",2020,1.745
"R32OAS-M-PAS","bio-based_polypropylene",2025,1.745
"R32OAS-M-PAS","bio-based_polypropylene",2030,1.745
"R32OAS-M-PAS","bio-based_polypropylene",2035,1.745
"R32OAS-M-PAS","bio-based_polypropylene",2040,1.745
"R32OAS-M-PAS","bio-based_polypropylene",2045,1.745
"R32OAS-M-PAS","bio-based_polypropylene",2050,1.745
"R32OAS-M-PAS","bio-based_polypropylene",2055,1.745
"R32OAS-M-PAS","bio-based_polypropylene",2060,1.745
"R32OAS-M-PAS","bio-based_polypropylene",2065,1.745
"R32OAS-M-PAS","bio-based_polypropylene",2070,1.745
"R32OAS-M-PAS","bio-based_polypropylene",2075,1.745
"R32OAS-M-PAS","bio-based_polypropylene",2080,1.745
"R32OAS-M-PAS","bio-based_polypropylene",2085,1.745
"R32OAS-M-PAS","bio-based_polypropylene",2090,1.745
"R32OAS-M-PAS","bio-based_polypropylene",2095,1.745
"R32OAS-M-PAS","bio-based_polypropylene",2100,1.745
"R32OAS-M-PAS","bio-based_polystyrene",2020,1.745
"R32OAS-M-PAS","bio-based_polystyrene",2025,1.745
"R32OAS-M-PAS","bio-based_polystyrene",2030,1.745
"R32OAS-M-PAS","bio-based_polystyrene",2035,1.745
"R32OAS-M-PAS","bio-based_polystyrene",2040,1.745
"R32OAS-M-PAS","bio-based_polystyrene",2045,1.745
"R32OAS-M-PAS","bio-based_polystyrene",2050,1.745
"R32OAS-M-PAS","bio-based_polystyrene",2055,1.745
"R32OAS-M-PAS","bio-based_polystyrene",2060,1.745
"R32OAS-M-PAS","bio-based_polystyrene",2065,1.745
"R32OAS-M-PAS","bio-based_polystyrene",2070,1.745
"R32OAS-M-PAS","bio-based_polystyrene",2075,1.745
"R32OAS-M-PAS","bio-based_polystyrene",2080,1.745
"R32OAS-M-PAS","bio-based_polystyrene",2085,1.745
"R32OAS-M-PAS","bio-based_polystyrene",2090,1.745
"R32OAS-M-PAS","bio-based_polystyrene",2095,1.745
"R32OAS-M-PAS","bio-based_polystyrene",2100,1.745
"R32OAS-M-PAS","other_materials",2020,2.95
"R32OAS-M-PAS","other_materials",2025,2.95
"R32OAS-M-PAS","other_materials",2030,2.95
"R32OAS-M-PAS","other_materials",2035,2.95
"R32OAS-M-PAS","other_materials",2040,2.95
"R32OAS-M-PAS","other_materials",2045,2.95
"R32OAS-M-PAS","other_materials",2050,2.95
"R32OAS-M-PAS","other_materials",2055,2.95
"R32OAS-M-PAS","other_materials",2060,2.95
"R32OAS-M-PAS","other_materials",2065,2.95
"R32OAS-M-PAS","other_materials",2070,2.95
"R32OAS-M-PAS","other_materials",2075,2.95
"R32OAS-M-PAS","other_materials",2080,2.95
"R32OAS-M-PAS","other_materials",2085,2.95
"R32OAS-M-PAS","other_materials",2090,2.95
"R32OAS-M-PAS","other_materials",2095,2.95
"R32OAS-M-PAS","other_materials",2100,2.95
"R32OAS-M-PAS","other_plastics",2020,3.45
"R32OAS-M-PAS","other_plastics",2025,3.45
"R32OAS-M-PAS","other_plastics",2030,3.45
"R32OAS-M-PAS","other_plastics",2035,3.45
"R32OAS-M-PAS","other_plastics",2040,3.45
"R32OAS-M-PAS","other_plastics",2045,3.45
"R32OAS-M-PAS","other_plastics",2050,3.45
"R32OAS-M-PAS","other_plastics",2055,3.45
"R32OAS-M-PAS","other_plastics",2060,3.45
"R32OAS-M-PAS","other_plastics",2065,3.45
"R32OAS-M-PAS","other_plastics",2070,3.45
"R32OAS-M-PAS","other_plastics",2075,3.45
"R32OAS-M-PAS","other_plastics",2080,3.45
"R32OAS-M-PAS","other_plastics",2085,3.45
"R32OAS-M-PAS","other_plastics",2090,3.45
"R32OAS-M-PAS","other_plastics",2095,3.45
"R32OAS-M-PAS","other_plastics",2100,3.45
"R32OAS-M-PAS","polypropylene",2020,2.85
"R32OAS-M-PAS","polypropylene",2025,2.85
"R32OAS-M-PAS","polypropylene",2030,2.85
"R32OAS-M-PAS","polypropylene",2035,2.85
"R32OAS-M-PAS","polypropylene",2040,2.85
"R32OAS-M-PAS","polypropylene",2045,2.85
"R32OAS-M-PAS","polypropylene",2050,2.85
"R32OAS-M-PAS","polypropylene",2055,2.85
"R32OAS-M-PAS","polypropylene",2060,2.85
"R32OAS-M-PAS","polypropylene",2065,2.85
"R32OAS-M-PAS","polypropylene",2070,2.85
"R32OAS-M-PAS","polypropylene",2075,2.85
"R32OAS-M-PAS","polypropylene",2080,2.85
"R32OAS-M-PAS","polypropylene",2085,2.85
"R32OAS-M-PAS","polypropylene",2090,2.85
"R32OAS-M-PAS","polypropylene",2095,2.85
"R32OAS-M-PAS","polypropylene",2100,2.85
"R32OAS-M-PAS","polystyrene",2020,4.19
"R32OAS-M-PAS","polystyrene",2025,4.19
"R32OAS-M-PAS","polystyrene",2030,4.19
"R32OAS-M-PAS","polystyrene",2035,4.19
"R32OAS-M-PAS","polystyrene",2040,4.19
"R32OAS-M-PAS","polystyrene",2045,4.19
"R32OAS-M-PAS","polystyrene",2050,4.19
"R32OAS-M-PAS","polystyrene",2055,4.19
"R32OAS-M-PAS","polystyrene",2060,4.19
"R32OAS-M-PAS","polystyrene",2065,4.19
"R32OAS-M-PAS","polystyrene",2070,4.19
"R32OAS-M-PAS","polystyrene",2075,4.19
"R32OAS-M-PAS","polystyrene",2080,4.19
"R32OAS-M-PAS","polystyrene",2085,4.19
"R32OAS-M-PAS","polystyrene",2090,4.19
"R32OAS-M-PAS","polystyrene",2095,4.19
"R32OAS-M-PAS","polystyrene",2100,4.19
"R32OAS-M-SAS","acrylonitrile_butadiene_styrene",2020,4.19
"R32OAS-M-SAS","acrylonitrile_butadiene_styrene",2025,4.19
"R32OAS-M-SAS","acrylonitrile_butadiene_styrene",2030,4.19
"R32OAS-M-SAS","acrylonitrile_butadiene_styrene",2035,4.19
"R32OAS-M-SAS","acrylonitrile_butadiene_styrene",2040,4.19
"R32OAS-M-SAS","acrylonitrile_butadiene_styrene",2045,4.19
"R32OAS-M-SAS","acrylonitrile_butadiene_styrene",2050,4.19
"R32OAS-M-SAS","acrylonitrile_butadiene_styrene",2055,4.19
"R32OAS-M-SAS","acrylonitrile_butadiene_styrene",2060,4.19
"R32OAS-M-SAS","acrylonitrile_butadiene_styrene",2065,4.19
"R32OAS-M-SAS","acrylonitrile_butadiene_styrene",2070,4.19
"R32OAS-M-SAS","acrylonitrile_butadiene_styrene",2075,4.19
"R32OAS-M-SAS","acrylonitrile_butadiene_styrene",2080,4.19
"R32OAS-M-SAS","acrylonitrile_butadiene_styrene",2085,4.19
"R32OAS-M-SAS","acrylonitrile_butadiene_styrene",2090,4.19
"R32OAS-M-SAS","acrylonitrile_butadiene_styrene",2095,4.19
"R32OAS-M-SAS","acrylonitrile_butadiene_styrene",2100,4.19
"R32OAS-M-SAS","bio-based_polypropylene",2020,1.745
"R32OAS-M-SAS","bio-based_polypropylene",2025,1.745
"R32OAS-M-SAS","bio-based_polypropylene",2030,1.745
"R32OAS-M-SAS","bio-based_polypropylene",2035,1.745
"R32OAS-M-SAS","bio-based_polypropylene",2040,1.745
"R32OAS-M-SAS","bio-based_polypropylene",2045,1.745
"R32OAS-M-SAS","bio-based_polypropylene",2050,1.745
"R32OAS-M-SAS","bio-based_polypropylene",2055,1.745
"R32OAS-M-SAS","bio-based_polypropylene",2060,1.745
"R32OAS-M-SAS","bio-based_polypropylene",2065,1.745
"R32OAS-M-SAS","bio-based_polypropylene",2070,1.745
"R32OAS-M-SAS","bio-based_polypropylene",2075,1.745
"R32OAS-M-SAS","bio-based_polypropylene",2080,1.745
"R32OAS-M-SAS","bio-based_polypropylene",2085,1.745
"R32OAS-M-SAS","bio-based_polypropylene",2090,1.745
"R32OAS-M-SAS","bio-based_polypropylene",2095,1.745
"R32OAS-M-SAS","bio-based_polypropylene",2100,1.745
"R32OAS-M-SAS","bio-based_polystyrene",2020,1.745
"R32OAS-M-SAS","bio-based_polystyrene",2025,1.745
"R32OAS-M-SAS","bio-based_polystyrene",2030,1.745
"R32OAS-M-SAS","bio-based_polystyrene",2035,1.745
"R32OAS-M-SAS","bio-based_polystyrene",2040,1.745
"R32OAS-M-SAS","bio-based_polystyrene",2045,1.745
"R32OAS-M-SAS","bio-based_polystyrene",2050,1.745
"R32OAS-M-SAS","bio-based_polystyrene",2055,1.745
"R32OAS-M-SAS","bio-based_polystyrene",2060,1.745
"R32OAS-M-SAS","bio-based_polystyrene",2065,1.745
"R32OAS-M-SAS","bio-based_polystyrene",2070,1.745
"R32OAS-M-SAS","bio-based_polystyrene",2075,1.745
"R32OAS-M-SAS","bio-based_polystyrene",2080,1.745
"R32OAS-M-SAS","bio-based_polystyrene",2085,1.745
"R32OAS-M-SAS","bio-based_polystyrene",2090,1.745
"R32OAS-M-SAS","bio-based_polystyrene",2095,1.745
"R32OAS-M-SAS","bio-based_polystyrene",2100,1.745
"R32OAS-M-SAS","other_materials",2020,2.95
"R32OAS-M-SAS","other_materials",2025,2.95
"R32OAS-M-SAS","other_materials",2030,2.95
"R32OAS-M-SAS","other_materials",2035,2.95
"R32OAS-M-SAS","other_materials",2040,2.95
"R32OAS-M-SAS","other_materials",2045,2.95
"R32OAS-M-SAS","other_materials",2050,2.95
"R32OAS-M-SAS","other_materials",2055,2.95
"R32OAS-M-SAS","other_materials",2060,2.95
"R32OAS-M-SAS","other_materials",2065,2.95
"R32OAS-M-SAS","other_materials",2070,2.95
"R32OAS-M-SAS","other_materials",2075,2.95
"R32OAS-M-SAS","other_materials",2080,2.95
"R32OAS-M-SAS","other_materials",2085,2.95
"R32OAS-M-SAS","other_materials",2090,2.95
"R32OAS-M-SAS","other_materials",2095,2.95
"R32OAS-M-SAS","other_materials",2100,2.95
"R32OAS-M-SAS","other_plastics",2020,3.45
"R32OAS-M-SAS","other_plastics",2025,3.45
"R32OAS-M-SAS","other_plastics",2030,3.45
"R32OAS-M-SAS","other_plastics",2035,3.45
"R32OAS-M-SAS","other_plastics",2040,3.45
"R32OAS-M-SAS","other_plastics",2045,3.45
"R32OAS-M-SAS","other_plastics",2050,3.45
"R32OAS-M-SAS","other_plastics",2055,3.45
"R32OAS-M-SAS","other_plastics",2060,3.45
"R32OAS-M-SAS","other_plastics",2065,3.45
"R32OAS-M-SAS","other_plastics",2070,3.45
"R32OAS-M-SAS","other_plastics",2075,3.45
"R32OAS-M-SAS","other_plastics",2080,3.45
"R32OAS-M-SAS","other_plastics",2085,3.45
"R32OAS-M-SAS","other_plastics",2090,3.45
"R32OAS-M-SAS","other_plastics",2095,3.45
"R32OAS-M-SAS","other_plastics",2100,3.45
"R32OAS-M-SAS","polypropylene",2020,2.85
"R32OAS-M-SAS","polypropylene",2025,2.85
"R32OAS-M-SAS","polypropylene",2030,2.85
"R32OAS-M-SAS","polypropylene",2035,2.85
"R32OAS-M-SAS","polypropylene",2040,2.85
"R32OAS-M-SAS","polypropylene",2045,2.85
"R32OAS-M-SAS","polypropylene",2050,2.85
"R32OAS-M-SAS","polypropylene",2055,2.85
"R32OAS-M-SAS","polypropylene",2060,2.85
"R32OAS-M-SAS","polypropylene",2065,2.85
"R32OAS-M-SAS","polypropylene",2070,2.85
"R32OAS-M-SAS","polypropylene",2075,2.85
"R32OAS-M-SAS","polypropylene",2080,2.85
"R32OAS-M-SAS","polypropylene",2085,2.85
"R32OAS-M-SAS","polypropylene",2090,2.85
"R32OAS-M-SAS","polypropylene",2095,2.85
"R32OAS-M-SAS","polypropylene",2100,2.85
"R32OAS-M-SAS","polystyrene",2020,4.19
"R32OAS-M-SAS","polystyrene",2025,4.19
"R32OAS-M-SAS","polystyrene",2030,4.19
"R32OAS-M-SAS","polystyrene",2035,4.19
"R32OAS-M-SAS","polystyrene",2040,4.19
"R32OAS-M-SAS","polystyrene",2045,4.19
"R32OAS-M-SAS","polystyrene",2050,4.19
"R32OAS-M-SAS","polystyrene",2055,4.19
"R32OAS-M-SAS","polystyrene",2060,4.19
"R32OAS-M-SAS","polystyrene",2065,4.19
"R32OAS-M-SAS","polystyrene",2070,4.19
"R32OAS-M-SAS","polystyrene",2075,4.19
"R32OAS-M-SAS","polystyrene",2080,4.19
"R32OAS-M-SAS","polystyrene",2085,4.19
"R32OAS-M-SAS","polystyrene",2090,4.19
"R32OAS-M-SAS","polystyrene",2095,4.19
"R32OAS-M-SAS","polystyrene",2100,4.19
"R32PAK","acrylonitrile_butadiene_styrene",2020,4.19
"R32PAK","acrylonitrile_butadiene_styrene",2025,4.19
"R32PAK","acrylonitrile_butadiene_styrene",2030,4.19
"R32PAK","acrylonitrile_butadiene_styrene",2035,4.19
"R32PAK","acrylonitrile_butadiene_styrene",2040,4.19
"R32PAK","acrylonitrile_butadiene_styrene",2045,4.19
"R32PAK","acrylonitrile_butadiene_styrene",2050,4.19
"R32PAK","acrylonitrile_butadiene_styrene",2055,4.19
"R32PAK","acrylonitrile_butadiene_styrene",2060,4.19
"R32PAK","acrylonitrile_butadiene_styrene",2065,4.19
"R32PAK","acrylonitrile_butadiene_styrene",2070,4.19
"R32PAK","acrylonitrile_butadiene_styrene",2075,4.19
"R32PAK","acrylonitrile_butadiene_styrene",2080,4.19
"R32PAK","acrylonitrile_butadiene_styrene",2085,4.19
"R32PAK","acrylonitrile_butadiene_styrene",2090,4.19
"R32PAK","acrylonitrile_butadiene_styrene",2095,4.19
"R32PAK","acrylonitrile_butadiene_styrene",2100,4.19
"R32PAK","bio-based_polypropylene",2020,1.745
"R32PAK","bio-based_polypropylene",2025,1.745
"R32PAK","bio-based_polypropylene",2030,1.745
"R32PAK","bio-based_polypropylene",2035,1.745
"R32PAK","bio-based_polypropylene",2040,1.745
"R32PAK","bio-based_polypropylene",2045,1.745
"R32PAK","bio-based_polypropylene",2050,1.745
"R32PAK","bio-based_polypropylene",2055,1.745
"R32PAK","bio-based_polypropylene",2060,1.745
"R32PAK","bio-based_polypropylene",2065,1.745
"R32PAK","bio-based_polypropylene",2070,1.745
"R32PAK","bio-based_polypropylene",2075,1.745
"R32PAK","bio-based_polypropylene",2080,1.745
"R32PAK","bio-based_polypropylene",2085,1.745
"R32PAK","bio-based_polypropylene",2090,1.745
"R32PAK","bio-based_polypropylene",2095,1.745
"R32PAK","bio-based_polypropylene",2100,1.745
"R32PAK","bio-based_polystyrene",2020,1.745
"R32PAK","bio-based_polystyrene",2025,1.745
"R32PAK","bio-based_polystyrene",2030,1.745
"R32PAK","bio-based_polystyrene",2035,1.745
"R32PAK","bio-based_polystyrene",2040,1.745
"R32PAK","bio-based_polystyrene",2045,1.745
"R32PAK","bio-based_polystyrene",2050,1.745
"R32PAK","bio-based_polystyrene",2055,1.745
"R32PAK","bio-based_polystyrene",2060,1.745
"R32PAK","bio-based_polystyrene",2065,1.745
"R32PAK","bio-based_polystyrene",2070,1.745
"R32PAK","bio-based_polystyrene",2075,1.745
"R32PAK","bio-based_polystyrene",2080,1.745
"R32PAK","bio-based_polystyrene",2085,1.745
"R32PAK","bio-based_polystyrene",2090,1.745
"R32PAK","bio-based_polystyrene",2095,1.745
"R32PAK","bio-based_polystyrene",2100,1.745
"R32PAK","other_materials",2020,2.95
"R32PAK","other_materials",2025,2.95
"R32PAK","other_materials",2030,2.95
"R32PAK","other_materials",2035,2.95
"R32PAK","other_materials",2040,2.95
"R32PAK","other_materials",2045,2.95
"R32PAK","other_materials",2050,2.95
"R32PAK","other_materials",2055,2.95
"R32PAK","other_materials",2060,2.95
"R32PAK","other_materials",2065,2.95
"R32PAK","other_materials",2070,2.95
"R32PAK","other_materials",2075,2.95
"R32PAK","other_materials",2080,2.95
"R32PAK","other_materials",2085,2.95
"R32PAK","other_materials",2090,2.95
"R32PAK","other_materials",2095,2.95
"R32PAK","other_materials",2100,2.95
"R32PAK","other_plastics",2020,3.45
"R32PAK","other_plastics",2025,3.45
"R32PAK","other_plastics",2030,3.45
"R32PAK","other_plastics",2035,3.45
"R32PAK","other_plastics",2040,3.45
"R32PAK","other_plastics",2045,3.45
"R32PAK","other_plastics",2050,3.45
"R32PAK","other_plastics",2055,3.45
"R32PAK","other_plastics",2060,3.45
"R32PAK","other_plastics",2065,3.45
"R32PAK","other_plastics",2070,3.45
"R32PAK","other_plastics",2075,3.45
"R32PAK","other_plastics",2080,3.45
"R32PAK","other_plastics",2085,3.45
"R32PAK","other_plastics",2090,3.45
"R32PAK","other_plastics",2095,3.45
"R32PAK","other_plastics",2100,3.45
"R32PAK","polypropylene",2020,2.85
"R32PAK","polypropylene",2025,2.85
"R32PAK","polypropylene",2030,2.85
"R32PAK","polypropylene",2035,2.85
"R32PAK","polypropylene",2040,2.85
"R32PAK","polypropylene",2045,2.85
"R32PAK","polypropylene",2050,2.85
"R32PAK","polypropylene",2055,2.85
"R32PAK","polypropylene",2060,2.85
"R32PAK","polypropylene",2065,2.85
"R32PAK","polypropylene",2070,2.85
"R32PAK","polypropylene",2075,2.85
"R32PAK","polypropylene",2080,2.85
"R32PAK","polypropylene",2085,2.85
"R32PAK","polypropylene",2090,2.85
"R32PAK","polypropylene",2095,2.85
"R32PAK","polypropylene",2100,2.85
"R32PAK","polystyrene",2020,4.19
"R32PAK","polystyrene",2025,4.19
"R32PAK","polystyrene",2030,4.19
"R32PAK","polystyrene",2035,4.19
"R32PAK","polystyrene",2040,4.19
"R32PAK","polystyrene",2045,4.19
"R32PAK","polystyrene",2050,4.19
"R32PAK","polystyrene",2055,4.19
"R32PAK","polystyrene",2060,4.19
"R32PAK","polystyrene",2065,4.19
"R32PAK","polystyrene",2070,4.19
"R32PAK","polystyrene",2075,4.19
"R32PAK","polystyrene",2080,4.19
"R32PAK","polystyrene",2085,4.19
"R32PAK","polystyrene",2090,4.19
"R32PAK","polystyrene",2095,4.19
"R32PAK","polystyrene",2100,4.19
"R32RUS","acrylonitrile_butadiene_styrene",2020,4.19
"R32RUS","acrylonitrile_butadiene_styrene",2025,4.19
"R32RUS","acrylonitrile_butadiene_styrene",2030,4.19
"R32RUS","acrylonitrile_butadiene_styrene",2035,4.19
"R32RUS","acrylonitrile_butadiene_styrene",2040,4.19
"R32RUS","acrylonitrile_butadiene_styrene",2045,4.19
"R32RUS","acrylonitrile_butadiene_styrene",2050,4.19
"R32RUS","acrylonitrile_butadiene_styrene",2055,4.19
"R32RUS","acrylonitrile_butadiene_styrene",2060,4.19
"R32RUS","acrylonitrile_butadiene_styrene",2065,4.19
"R32RUS","acrylonitrile_butadiene_styrene",2070,4.19
"R32RUS","acrylonitrile_butadiene_styrene",2075,4.19
"R32RUS","acrylonitrile_butadiene_styrene",2080,4.19
"R32RUS","acrylonitrile_butadiene_styrene",2085,4.19
"R32RUS","acrylonitrile_butadiene_styrene",2090,4.19
"R32RUS","acrylonitrile_butadiene_styrene",2095,4.19
"R32RUS","acrylonitrile_butadiene_styrene",2100,4.19
"R32RUS","bio-based_polypropylene",2020,1.745
"R32RUS","bio-based_polypropylene",2025,1.745
"R32RUS","bio-based_polypropylene",2030,1.745
"R32RUS","bio-based_polypropylene",2035,1.745
"R32RUS","bio-based_polypropylene",2040,1.745
"R32RUS","bio-based_polypropylene",2045,1.745
"R32RUS","bio-based_polypropylene",2050,1.745
"R32RUS","bio-based_polypropylene",2055,1.745
"R32RUS","bio-based_polypropylene",2060,1.745
"R32RUS","bio-based_polypropylene",2065,1.745
"R32RUS","bio-based_polypropylene",2070,1.745
"R32RUS","bio-based_polypropylene",2075,1.745
"R32RUS","bio-based_polypropylene",2080,1.745
"R32RUS","bio-based_polypropylene",2085,1.745
"R32RUS","bio-based_polypropylene",2090,1.745
"R32RUS","bio-based_polypropylene",2095,1.745
"R32RUS","bio-based_polypropylene",2100,1.745
"R32RUS","bio-based_polystyrene",2020,1.745
"R32RUS","bio-based_polystyrene",2025,1.745
"R32RUS","bio-based_polystyrene",2030,1.745
"R32RUS","bio-based_polystyrene",2035,1.745
"R32RUS","bio-based_polystyrene",2040,1.745
"R32RUS","bio-based_polystyrene",2045,1.745
"R32RUS","bio-based_polystyrene",2050,1.745
"R32RUS","bio-based_polystyrene",2055,1.745
"R32RUS","bio-based_polystyrene",2060,1.745
"R32RUS","bio-based_polystyrene",2065,1.745
"R32RUS","bio-based_polystyrene",2070,1.745
"R32RUS","bio-based_polystyrene",2075,1.745
"R32RUS","bio-based_polystyrene",2080,1.745
"R32RUS","bio-based_polystyrene",2085,1.745
"R32RUS","bio-based_polystyrene",2090,1.745
"R32RUS","bio-based_polystyrene",2095,1.745
"R32RUS","bio-based_polystyrene",2100,1.745
"R32RUS","other_materials",2020,2.95
"R32RUS","other_materials",2025,2.95
"R32RUS","other_materials",2030,2.95
"R32RUS","other_materials",2035,2.95
"R32RUS","other_materials",2040,2.95
"R32RUS","other_materials",2045,2.95
"R32RUS","other_materials",2050,2.95
"R32RUS","other_materials",2055,2.95
"R32RUS","other_materials",2060,2.95
"R32RUS","other_materials",2065,2.95
"R32RUS","other_materials",2070,2.95
"R32RUS","other_materials",2075,2.95
"R32RUS","other_materials",2080,2.95
"R32RUS","other_materials",2085,2.95
"R32RUS","other_materials",2090,2.95
"R32RUS","other_materials",2095,2.95
"R32RUS","other_materials",2100,2.95
"R32RUS","other_plastics",2020,3.45
"R32RUS","other_plastics",2025,3.45
"R32RUS","other_plastics",2030,3.45
"R32RUS","other_plastics",2035,3.45
"R32RUS","other_plastics",2040,3.45
"R32RUS","other_plastics",2045,3.45
"R32RUS","other_plastics",2050,3.45
"R32RUS","other_plastics",2055,3.45
"R32RUS","other_plastics",2060,3.45
"R32RUS","other_plastics",2065,3.45
"R32RUS","other_plastics",2070,3.45
"R32RUS","other_plastics",2075,3.45
"R32RUS","other_plastics",2080,3.45
"R32RUS","other_plastics",2085,3.45
"R32RUS","other_plastics",2090,3.45
"R32RUS","other_plastics",2095,3.45
"R32RUS","other_plastics",2100,3.45
"R32RUS","polypropylene",2020,2.85
"R32RUS","polypropylene",2025,2.85
"R32RUS","polypropylene",2030,2.85
"R32RUS","polypropylene",2035,2.85
"R32RUS","polypropylene",2040,2.85
"R32RUS","polypropylene",2045,2.85
"R32RUS","polypropylene",2050,2.85
"R32RUS","polypropylene",2055,2.85
"R32RUS","polypropylene",2060,2.85
"R32RUS","polypropylene",2065,2.85
"R32RUS","polypropylene",2070,2.85
"R32RUS","polypropylene",2075,2.85
"R32RUS","polypropylene",2080,2.85
"R32RUS","polypropylene",2085,2.85
"R32RUS","polypropylene",2090,2.85
"R32RUS","polypropylene",2095,2.85
"R32RUS","polypropylene",2100,2.85
"R32RUS","polystyrene",2020,4.19
"R32RUS","polystyrene",2025,4.19
"R32RUS","polystyrene",2030,4.19
"R32RUS","polystyrene",2035,4.19
"R32RUS","polystyrene",2040,4.19
"R32RUS","polystyrene",2045,4.19
"R32RUS","polystyrene",2050,4.19
"R32RUS","polystyrene",2055,4.19
"R32RUS","polystyrene",2060,4.19
"R32RUS","polystyrene",2065,4.19
"R32RUS","polystyrene",2070,4.19
"R32RUS","polystyrene",2075,4.19
"R32RUS","polystyrene",2080,4.19
"R32RUS","polystyrene",2085,4.19
"R32RUS","polystyrene",2090,4.19
"R32RUS","polystyrene",2095,4.19
"R32RUS","polystyrene",2100,4.19
"R32SAF","acrylonitrile_butadiene_styrene",2020,4.19
"R32SAF","acrylonitrile_butadiene_styrene",2025,4.19
"R32SAF","acrylonitrile_butadiene_styrene",2030,4.19
"R32SAF","acrylonitrile_butadiene_styrene",2035,4.19
"R32SAF","acrylonitrile_butadiene_styrene",2040,4.19
"R32SAF","acrylonitrile_butadiene_styrene",2045,4.19
"R32SAF","acrylonitrile_butadiene_styrene",2050,4.19
"R32SAF","acrylonitrile_butadiene_styrene",2055,4.19
"R32SAF","acrylonitrile_butadiene_styrene",2060,4.19
"R32SAF","acrylonitrile_butadiene_styrene",2065,4.19
"R32SAF","acrylonitrile_butadiene_styrene",2070,4.19
"R32SAF","acrylonitrile_butadiene_styrene",2075,4.19
"R32SAF","acrylonitrile_butadiene_styrene",2080,4.19
"R32SAF","acrylonitrile_butadiene_styrene",2085,4.19
"R32SAF","acrylonitrile_butadiene_styrene",2090,4.19
"R32SAF","acrylonitrile_butadiene_styrene",2095,4.19
"R32SAF","acrylonitrile_butadiene_styrene",2100,4.19
"R32SAF","bio-based_polypropylene",2020,1.745
"R32SAF","bio-based_polypropylene",2025,1.745
"R32SAF","bio-based_polypropylene",2030,1.745
"R32SAF","bio-based_polypropylene",2035,1.745
"R32SAF","bio-based_polypropylene",2040,1.745
"R32SAF","bio-based_polypropylene",2045,1.745
"R32SAF","bio-based_polypropylene",2050,1.745
"R32SAF","bio-based_polypropylene",2055,1.745
"R32SAF","bio-based_polypropylene",2060,1.745
"R32SAF","bio-based_polypropylene",2065,1.745
"R32SAF","bio-based_polypropylene",2070,1.745
"R32SAF","bio-based_polypropylene",2075,1.745
"R32SAF","bio-based_polypropylene",2080,1.745
"R32SAF","bio-based_polypropylene",2085,1.745
"R32SAF","bio-based_polypropylene",2090,1.745
"R32SAF","bio-based_polypropylene",2095,1.745
"R32SAF","bio-based_polypropylene",2100,1.745
"R32SAF","bio-based_polystyrene",2020,1.745
"R32SAF","bio-based_polystyrene",2025,1.745
"R32SAF","bio-based_polystyrene",2030,1.745
"R32SAF","bio-based_polystyrene",2035,1.745
"R32SAF","bio-based_polystyrene",2040,1.745
"R32SAF","bio-based_polystyrene",2045,1.745
"R32SAF","bio-based_polystyrene",2050,1.745
"R32SAF","bio-based_polystyrene",2055,1.745
"R32SAF","bio-based_polystyrene",2060,1.745
"R32SAF","bio-based_polystyrene",2065,1.745
"R32SAF","bio-based_polystyrene",2070,1.745
"R32SAF","bio-based_polystyrene",2075,1.745
"R32SAF","bio-based_polystyrene",2080,1.745
"R32SAF","bio-based_polystyrene",2085,1.745
"R32SAF","bio-based_polystyrene",2090,1.745
"R32SAF","bio-based_polystyrene",2095,1.745
"R32SAF","bio-based_polystyrene",2100,1.745
"R32SAF","other_materials",2020,2.95
"R32SAF","other_materials",2025,2.95
"R32SAF","other_materials",2030,2.95
"R32SAF","other_materials",2035,2.95
"R32SAF","other_materials",2040,2.95
"R32SAF","other_materials",2045,2.95
"R32SAF","other_materials",2050,2.95
"R32SAF","other_materials",2055,2.95
"R32SAF","other_materials",2060,2.95
"R32SAF","other_materials",2065,2.95
"R32SAF","other_materials",2070,2.95
"R32SAF","other_materials",2075,2.95
"R32SAF","other_materials",2080,2.95
"R32SAF","other_materials",2085,2.95
"R32SAF","other_materials",2090,2.95
"R32SAF","other_materials",2095,2.95
"R32SAF","other_materials",2100,2.95
"R32SAF","other_plastics",2020,3.45
"R32SAF","other_plastics",2025,3.45
"R32SAF","other_plastics",2030,3.45
"R32SAF","other_plastics",2035,3.45
"R32SAF","other_plastics",2040,3.45
"R32SAF","other_plastics",2045,3.45
"R32SAF","other_plastics",2050,3.45
"R32SAF","other_plastics",2055,3.45
"R32SAF","other_plastics",2060,3.45
"R32SAF","other_plastics",2065,3.45
"R32SAF","other_plastics",2070,3.45
"R32SAF","other_plastics",2075,3.45
"R32SAF","other_plastics",2080,3.45
"R32SAF","other_plastics",2085,3.45
"R32SAF","other_plastics",2090,3.45
"R32SAF","other_plastics",2095,3.45
"R32SAF","other_plastics",2100,3.45
"R32SAF","polypropylene",2020,2.85
"R32SAF","polypropylene",2025,2.85
"R32SAF","polypropylene",2030,2.85
"R32SAF","polypropylene",2035,2.85
"R32SAF","polypropylene",2040,2.85
"R32SAF","polypropylene",2045,2.85
"R32SAF","polypropylene",2050,2.85
"R32SAF","polypropylene",2055,2.85
"R32SAF","polypropylene",2060,2.85
"R32SAF","polypropylene",2065,2.85
"R32SAF","polypropylene",2070,2.85
"R32SAF","polypropylene",2075,2.85
"R32SAF","polypropylene",2080,2.85
"R32SAF","polypropylene",2085,2.85
"R32SAF","polypropylene",2090,2.85
"R32SAF","polypropylene",2095,2.85
"R32SAF","polypropylene",2100,2.85
"R32SAF","polystyrene",2020,4.19
"R32SAF","polystyrene",2025,4.19
"R32SAF","polystyrene",2030,4.19
"R32SAF","polystyrene",2035,4.19
"R32SAF","polystyrene",2040,4.19
"R32SAF","polystyrene",2045,4.19
"R32SAF","polystyrene",2050,4.19
"R32SAF","polystyrene",2055,4.19
"R32SAF","polystyrene",2060,4.19
"R32SAF","polystyrene",2065,4.19
"R32SAF","polystyrene",2070,4.19
"R32SAF","polystyrene",2075,4.19
"R32SAF","polystyrene",2080,4.19
"R32SAF","polystyrene",2085,4.19
"R32SAF","polystyrene",2090,4.19
"R32SAF","polystyrene",2095,4.19
"R32SAF","polystyrene",2100,4.19
"R32SSA-L","acrylonitrile_butadiene_styrene",2020,4.19
"R32SSA-L","acrylonitrile_butadiene_styrene",2025,4.19
"R32SSA-L","acrylonitrile_butadiene_styrene",2030,4.19
"R32SSA-L","acrylonitrile_butadiene_styrene",2035,4.19
"R32SSA-L","acrylonitrile_butadiene_styrene",2040,4.19
"R32SSA-L","acrylonitrile_butadiene_styrene",2045,4.19
"R32SSA-L","acrylonitrile_butadiene_styrene",2050,4.19
"R32SSA-L","acrylonitrile_butadiene_styrene",2055,4.19
"R32SSA-L","acrylonitrile_butadiene_styrene",2060,4.19
"R32SSA-L","acrylonitrile_butadiene_styrene",2065,4.19
"R32SSA-L","acrylonitrile_butadiene_styrene",2070,4.19
"R32SSA-L","acrylonitrile_butadiene_styrene",2075,4.19
"R32SSA-L","acrylonitrile_butadiene_styrene",2080,4.19
"R32SSA-L","acrylonitrile_butadiene_styrene",2085,4.19
"R32SSA-L","acrylonitrile_butadiene_styrene",2090,4.19
"R32SSA-L","acrylonitrile_butadiene_styrene",2095,4.19
"R32SSA-L","acrylonitrile_butadiene_styrene",2100,4.19
"R32SSA-L","bio-based_polypropylene",2020,1.745
"R32SSA-L","bio-based_polypropylene",2025,1.745
"R32SSA-L","bio-based_polypropylene",2030,1.745
"R32SSA-L","bio-based_polypropylene",2035,1.745
"R32SSA-L","bio-based_polypropylene",2040,1.745
"R32SSA-L","bio-based_polypropylene",2045,1.745
"R32SSA-L","bio-based_polypropylene",2050,1.745
"R32SSA-L","bio-based_polypropylene",2055,1.745
"R32SSA-L","bio-based_polypropylene",2060,1.745
"R32SSA-L","bio-based_polypropylene",2065,1.745
"R32SSA-L","bio-based_polypropylene",2070,1.745
"R32SSA-L","bio-based_polypropylene",2075,1.745
"R32SSA-L","bio-based_polypropylene",2080,1.745
"R32SSA-L","bio-based_polypropylene",2085,1.745
"R32SSA-L","bio-based_polypropylene",2090,1.745
"R32SSA-L","bio-based_polypropylene",2095,1.745
"R32SSA-L","bio-based_polypropylene",2100,1.745
"R32SSA-L","bio-based_polystyrene",2020,1.745
"R32SSA-L","bio-based_polystyrene",2025,1.745
"R32SSA-L","bio-based_polystyrene",2030,1.745
"R32SSA-L","bio-based_polystyrene",2035,1.745
"R32SSA-L","bio-based_polystyrene",2040,1.745
"R32SSA-L","bio-based_polystyrene",2045,1.745
"R32SSA-L","bio-based_polystyrene",2050,1.745
"R32SSA-L","bio-based_polystyrene",2055,1.745
"R32SSA-L","bio-based_polystyrene",2060,1.745
"R32SSA-L","bio-based_polystyrene",2065,1.745
"R32SSA-L","bio-based_polystyrene",2070,1.745
"R32SSA-L","bio-based_polystyrene",2075,1.745
"R32SSA-L","bio-based_polystyrene",2080,1.745
"R32SSA-L","bio-based_polystyrene",2085,1.745
"R32SSA-L","bio-based_polystyrene",2090,1.745
"R32SSA-L","bio-based_polystyrene",2095,1.745
"R32SSA-L","bio-based_polystyrene",2100,1.745
"R32SSA-L","other_materials",2020,2.95
"R32SSA-L","other_materials",2025,2.95
"R32SSA-L","other_materials",2030,2.95
"R32SSA-L","other_materials",2035,2.95
"R32SSA-L","other_materials",2040,2.95
"R32SSA-L","other_materials",2045,2.95
"R32SSA-L","other_materials",2050,2.95
"R32SSA-L","other_materials",2055,2.95
"R32SSA-L","other_materials",2060,2.95
"R32SSA-L","other_materials",2065,2.95
"R32SSA-L","other_materials",2070,2.95
"R32SSA-L","other_materials",2075,2.95
"R32SSA-L","other_materials",2080,2.95
"R32SSA-L","other_materials",2085,2.95
"R32SSA-L","other_materials",2090,2.95
"R32SSA-L","other_materials",2095,2.95
"R32SSA-L","other_materials",2100,2.95
"R32SSA-L","other_plastics",2020,3.45
"R32SSA-L","other_plastics",2025,3.45
"R32SSA-L","other_plastics",2030,3.45
"R32SSA-L","other_plastics",2035,3.45
"R32SSA-L","other_plastics",2040,3.45
"R32SSA-L","other_plastics",2045,3.45
"R32SSA-L","other_plastics",2050,3.45
"R32SSA-L","other_plastics",2055,3.45
"R32SSA-L","other_plastics",2060,3.45
"R32SSA-L","other_plastics",2065,3.45
"R32SSA-L","other_plastics",2070,3.45
"R32SSA-L","other_plastics",2075,3.45
"R32SSA-L","other_plastics",2080,3.45
"R32SSA-L","other_plastics",2085,3.45
"R32SSA-L","other_plastics",2090,3.45
"R32SSA-L","other_plastics",2095,3.45
"R32SSA-L","other_plastics",2100,3.45
"R32SSA-L","polypropylene",2020,2.85
"R32SSA-L","polypropylene",2025,2.85
"R32SSA-L","polypropylene",2030,2.85
"R32SSA-L","polypropylene",2035,2.85
"R32SSA-L","polypropylene",2040,2.85
"R32SSA-L","polypropylene",2045,2.85
"R32SSA-L","polypropylene",2050,2.85
"R32SSA-L","polypropylene",2055,2.85
"R32SSA-L","polypropylene",2060,2.85
"R32SSA-L","polypropylene",2065,2.85
"R32SSA-L","polypropylene",2070,2.85
"R32SSA-L","polypropylene",2075,2.85
"R32SSA-L","polypropylene",2080,2.85
"R32SSA-L","polypropylene",2085,2.85
"R32SSA-L","polypropylene",2090,2.85
"R32SSA-L","polypropylene",2095,2.85
"R32SSA-L","polypropylene",2100,2.85
"R32SSA-L","polystyrene",2020,4.19
"R32SSA-L","polystyrene",2025,4.19
"R32SSA-L","polystyrene",2030,4.19
"R32SSA-L","polystyrene",2035,4.19
"R32SSA-L","polystyrene",2040,4.19
"R32SSA-L","polystyrene",2045,4.19
"R32SSA-L","polystyrene",2050,4.19
"R32SSA-L","polystyrene",2055,4.19
"R32SSA-L","polystyrene",2060,4.19
"R32SSA-L","polystyrene",2065,4.19
"R32SSA-L","polystyrene",2070,4.19
"R32SSA-L","polystyrene",2075,4.19
"R32SSA-L","polystyrene",2080,4.19
"R32SSA-L","polystyrene",2085,4.19
"R32SSA-L","polystyrene",2090,4.19
"R32SSA-L","polystyrene",2095,4.19
"R32SSA-L","polystyrene",2100,4.19
"R32SSA-M","acrylonitrile_butadiene_styrene",2020,4.19
"R32SSA-M","acrylonitrile_butadiene_styrene",2025,4.19
"R32SSA-M","acrylonitrile_butadiene_styrene",2030,4.19
"R32SSA-M","acrylonitrile_butadiene_styrene",2035,4.19
"R32SSA-M","acrylonitrile_butadiene_styrene",2040,4.19
"R32SSA-M","acrylonitrile_butadiene_styrene",2045,4.19
"R32SSA-M","acrylonitrile_butadiene_styrene",2050,4.19
"R32SSA-M","acrylonitrile_butadiene_styrene",2055,4.19
"R32SSA-M","acrylonitrile_butadiene_styrene",2060,4.19
"R32SSA-M","acrylonitrile_butadiene_styrene",2065,4.19
"R32SSA-M","acrylonitrile_butadiene_styrene",2070,4.19
"R32SSA-M","acrylonitrile_butadiene_styrene",2075,4.19
"R32SSA-M","acrylonitrile_butadiene_styrene",2080,4.19
"R32SSA-M","acrylonitrile_butadiene_styrene",2085,4.19
"R32SSA-M","acrylonitrile_butadiene_styrene",2090,4.19
"R32SSA-M","acrylonitrile_butadiene_styrene",2095,4.19
"R32SSA-M","acrylonitrile_butadiene_styrene",2100,4.19
"R32SSA-M","bio-based_polypropylene",2020,1.745
"R32SSA-M","bio-based_polypropylene",2025,1.745
"R32SSA-M","bio-based_polypropylene",2030,1.745
"R32SSA-M","bio-based_polypropylene",2035,1.745
"R32SSA-M","bio-based_polypropylene",2040,1.745
"R32SSA-M","bio-based_polypropylene",2045,1.745
"R32SSA-M","bio-based_polypropylene",2050,1.745
"R32SSA-M","bio-based_polypropylene",2055,1.745
"R32SSA-M","bio-based_polypropylene",2060,1.745
"R32SSA-M","bio-based_polypropylene",2065,1.745
"R32SSA-M","bio-based_polypropylene",2070,1.745
"R32SSA-M","bio-based_polypropylene",2075,1.745
"R32SSA-M","bio-based_polypropylene",2080,1.745
"R32SSA-M","bio-based_polypropylene",2085,1.745
"R32SSA-M","bio-based_polypropylene",2090,1.745
"R32SSA-M","bio-based_polypropylene",2095,1.745
"R32SSA-M","bio-based_polypropylene",2100,1.745
"R32SSA-M","bio-based_polystyrene",2020,1.745
"R32SSA-M","bio-based_polystyrene",2025,1.745
"R32SSA-M","bio-based_polystyrene",2030,1.745
"R32SSA-M","bio-based_polystyrene",2035,1.745
"R32SSA-M","bio-based_polystyrene",2040,1.745
"R32SSA-M","bio-based_polystyrene",2045,1.745
"R32SSA-M","bio-based_polystyrene",2050,1.745
"R32SSA-M","bio-based_polystyrene",2055,1.745
"R32SSA-M","bio-based_polystyrene",2060,1.745
"R32SSA-M","bio-based_polystyrene",2065,1.745
"R32SSA-M","bio-based_polystyrene",2070,1.745
"R32SSA-M","bio-based_polystyrene",2075,1.745
"R32SSA-M","bio-based_polystyrene",2080,1.745
"R32SSA-M","bio-based_polystyrene",2085,1.745
"R32SSA-M","bio-based_polystyrene",2090,1.745
"R32SSA-M","bio-based_polystyrene",2095,1.745
"R32SSA-M","bio-based_polystyrene",2100,1.745
"R32SSA-M","other_materials",2020,2.95
"R32SSA-M","other_materials",2025,2.95
"R32SSA-M","other_materials",2030,2.95
"R32SSA-M","other_materials",2035,2.95
"R32SSA-M","other_materials",2040,2.95
"R32SSA-M","other_materials",2045,2.95
"R32SSA-M","other_materials",2050,2.95
"R32SSA-M","other_materials",2055,2.95
"R32SSA-M","other_materials",2060,2.95
"R32SSA-M","other_materials",2065,2.95
"R32SSA-M","other_materials",2070,2.95
"R32SSA-M","other_materials",2075,2.95
"R32SSA-M","other_materials",2080,2.95
"R32SSA-M","other_materials",2085,2.95
"R32SSA-M","other_materials",2090,2.95
"R32SSA-M","other_materials",2095,2.95
"R32SSA-M","other_materials",2100,2.95
"R32SSA-M","other_plastics",2020,3.45
"R32SSA-M","other_plastics",2025,3.45
"R32SSA-M","other_plastics",2030,3.45
"R32SSA-M","other_plastics",2035,3.45
"R32SSA-M","other_plastics",2040,3.45
"R32SSA-M","other_plastics",2045,3.45
"R32SSA-M","other_plastics",2050,3.45
"R32SSA-M","other_plastics",2055,3.45
"R32SSA-M","other_plastics",2060,3.45
"R32SSA-M","other_plastics",2065,3.45
"R32SSA-M","other_plastics",2070,3.45
"R32SSA-M","other_plastics",2075,3.45
"R32SSA-M","other_plastics",2080,3.45
"R32SSA-M","other_plastics",2085,3.45
"R32SSA-M","other_plastics",2090,3.45
"R32SSA-M","other_plastics",2095,3.45
"R32SSA-M","other_plastics",2100,3.45
"R32SSA-M","polypropylene",2020,2.85
"R32SSA-M","polypropylene",2025,2.85
"R32SSA-M","polypropylene",2030,2.85
"R32SSA-M","polypropylene",2035,2.85
"R32SSA-M","polypropylene",2040,2.85
"R32SSA-M","polypropylene",2045,2.85
"R32SSA-M","polypropylene",2050,2.85
"R32SSA-M","polypropylene",2055,2.85
"R32SSA-M","polypropylene",2060,2.85
"R32SSA-M","polypropylene",2065,2.85
"R32SSA-M","polypropylene",2070,2.85
"R32SSA-M","polypropylene",2075,2.85
"R32SSA-M","polypropylene",2080,2.85
"R32SSA-M","polypropylene",2085,2.85
"R32SSA-M","polypropylene",2090,2.85
"R32SSA-M","polypropylene",2095,2.85
"R32SSA-M","polypropylene",2100,2.85
"R32SSA-M","polystyrene",2020,4.19
"R32SSA-M","polystyrene",2025,4.19
"R32SSA-M","polystyrene",2030,4.19
"R32SSA-M","polystyrene",2035,4.19
"R32SSA-M","polystyrene",2040,4.19
"R32SSA-M","polystyrene",2045,4.19
"R32SSA-M","polystyrene",2050,4.19
"R32SSA-M","polystyrene",2055,4.19
"R32SSA-M","polystyrene",2060,4.19
"R32SSA-M","polystyrene",2065,4.19
"R32SSA-M","polystyrene",2070,4.19
"R32SSA-M","polystyrene",2075,4.19
"R32SSA-M","polystyrene",2080,4.19
"R32SSA-M","polystyrene",2085,4.19
"R32SSA-M","polystyrene",2090,4.19
"R32SSA-M","polystyrene",2095,4.19
"R32SSA-M","polystyrene",2100,4.19
"R32TUR","acrylonitrile_butadiene_styrene",2020,4.19
"R32TUR","acrylonitrile_butadiene_styrene",2025,4.19
"R32TUR","acrylonitrile_butadiene_styrene",2030,4.19
"R32TUR","acrylonitrile_butadiene_styrene",2035,4.19
"R32TUR","acrylonitrile_butadiene_styrene",2040,4.19
"R32TUR","acrylonitrile_butadiene_styrene",2045,4.19
"R32TUR","acrylonitrile_butadiene_styrene",2050,4.19
"R32TUR","acrylonitrile_butadiene_styrene",2055,4.19
"R32TUR","acrylonitrile_butadiene_styrene",2060,4.19
"R32TUR","acrylonitrile_butadiene_styrene",2065,4.19
"R32TUR","acrylonitrile_butadiene_styrene",2070,4.19
"R32TUR","acrylonitrile_butadiene_styrene",2075,4.19
"R32TUR","acrylonitrile_butadiene_styrene",2080,4.19
"R32TUR","acrylonitrile_butadiene_styrene",2085,4.19
"R32TUR","acrylonitrile_butadiene_styrene",2090,4.19
"R32TUR","acrylonitrile_butadiene_styrene",2095,4.19
"R32TUR","acrylonitrile_butadiene_styrene",2100,4.19
"R32TUR","bio-based_polypropylene",2020,1.745
"R32TUR","bio-based_polypropylene",2025,1.745
"R32TUR","bio-based_polypropylene",2030,1.745
"R32TUR","bio-based_polypropylene",2035,1.745
"R32TUR","bio-based_polypropylene",2040,1.745
"R32TUR","bio-based_polypropylene",2045,1.745
"R32TUR","bio-based_polypropylene",2050,1.745
"R32TUR","bio-based_polypropylene",2055,1.745
"R32TUR","bio-based_polypropylene",2060,1.745
"R32TUR","bio-based_polypropylene",2065,1.745
"R32TUR","bio-based_polypropylene",2070,1.745
"R32TUR","bio-based_polypropylene",2075,1.745
"R32TUR","bio-based_polypropylene",2080,1.745
"R32TUR","bio-based_polypropylene",2085,1.745
"R32TUR","bio-based_polypropylene",2090,1.745
"R32TUR","bio-based_polypropylene",2095,1.745
"R32TUR","bio-based_polypropylene",2100,1.745
"R32TUR","bio-based_polystyrene",2020,1.745
"R32TUR","bio-based_polystyrene",2025,1.745
"R32TUR","bio-based_polystyrene",2030,1.745
"R32TUR","bio-based_polystyrene",2035,1.745
"R32TUR","bio-based_polystyrene",2040,1.745
"R32TUR","bio-based_polystyrene",2045,1.745
"R32TUR","bio-based_polystyrene",2050,1.745
"R32TUR","bio-based_polystyrene",2055,1.745
"R32TUR","bio-based_polystyrene",2060,1.745
"R32TUR","bio-based_polystyrene",2065,1.745
"R32TUR","bio-based_polystyrene",2070,1.745
"R32TUR","bio-based_polystyrene",2075,1.745
"R32TUR","bio-based_polystyrene",2080,1.745
"R32TUR","bio-based_polystyrene",2085,1.745
"R32TUR","bio-based_polystyrene",2090,1.745
"R32TUR","bio-based_polystyrene",2095,1.745
"R32TUR","bio-based_polystyrene",2100,1.745
"R32TUR","other_materials",2020,2.95
"R32TUR","other_materials",2025,2.95
"R32TUR","other_materials",2030,2.95
"R32TUR","other_materials",2035,2.95
"R32TUR","other_materials",2040,2.95
"R32TUR","other_materials",2045,2.95
"R32TUR","other_materials",2050,2.95
"R32TUR","other_materials",2055,2.95
"R32TUR","other_materials",2060,2.95
"R32TUR","other_materials",2065,2.95
"R32TUR","other_materials",2070,2.95
"R32TUR","other_materials",2075,2.95
"R32TUR","other_materials",2080,2.95
"R32TUR","other_materials",2085,2.95
"R32TUR","other_materials",2090,2.95
"R32TUR","other_materials",2095,2.95
"R32TUR","other_materials",2100,2.95
"R32TUR","other_plastics",2020,3.45
"R32TUR","other_plastics",2025,3.45
"R32TUR","other_plastics",2030,3.45
"R32TUR","other_plastics",2035,3.45
"R32TUR","other_plastics",2040,3.45
"R32TUR","other_plastics",2045,3.45
"R32TUR","other_plastics",2050,3.45
"R32TUR","other_plastics",2055,3.45
"R32TUR","other_plastics",2060,3.45
"R32TUR","other_plastics",2065,3.45
"R32TUR","other_plastics",2070,3.45
"R32TUR","other_plastics",2075,3.45
"R32TUR","other_plastics",2080,3.45
"R32TUR","other_plastics",2085,3.45
"R32TUR","other_plastics",2090,3.45
"R32TUR","other_plastics",2095,3.45
"R32TUR","other_plastics",2100,3.45
"R32TUR","polypropylene",2020,2.85
"R32TUR","polypropylene",2025,2.85
"R32TUR","polypropylene",2030,2.85
"R32TUR","polypropylene",2035,2.85
"R32TUR","polypropylene",2040,2.85
"R32TUR","polypropylene",2045,2.85
"R32TUR","polypropylene",2050,2.85
"R32TUR","polypropylene",2055,2.85
"R32TUR","polypropylene",2060,2.85
"R32TUR","polypropylene",2065,2.85
"R32TUR","polypropylene",2070,2.85
"R32TUR","polypropylene",2075,2.85
"R32TUR","polypropylene",2080,2.85
"R32TUR","polypropylene",2085,2.85
"R32TUR","polypropylene",2090,2.85
"R32TUR","polypropylene",2095,2.85
"R32TUR","polypropylene",2100,2.85
"R32TUR","polystyrene",2020,4.19
"R32TUR","polystyrene",2025,4.19
"R32TUR","polystyrene",2030,4.19
"R32TUR","polystyrene",2035,4.19
"R32TUR","polystyrene",2040,4.19
"R32TUR","polystyrene",2045,4.19
"R32TUR","polystyrene",2050,4.19
"R32TUR","polystyrene",2055,4.19
"R32TUR","polystyrene",2060,4.19
"R32TUR","polystyrene",2065,4.19
"R32TUR","polystyrene",2070,4.19
"R32TUR","polystyrene",2075,4.19
"R32TUR","polystyrene",2080,4.19
"R32TUR","polystyrene",2085,4.19
"R32TUR","polystyrene",2090,4.19
"R32TUR","polystyrene",2095,4.19
"R32TUR","polystyrene",2100,4.19
"R32USA","acrylonitrile_butadiene_styrene",2020,4.19
"R32USA","acrylonitrile_butadiene_styrene",2025,4.19
"R32USA","acrylonitrile_butadiene_styrene",2030,4.19
"R32USA","acrylonitrile_butadiene_styrene",2035,4.19
"R32USA","acrylonitrile_butadiene_styrene",2040,4.19
"R32USA","acrylonitrile_butadiene_styrene",2045,4.19
"R32USA","acrylonitrile_butadiene_styrene",2050,4.19
"R32USA","acrylonitrile_butadiene_styrene",2055,4.19
"R32USA","acrylonitrile_butadiene_styrene",2060,4.19
"R32USA","acrylonitrile_butadiene_styrene",2065,4.19
"R32USA","acrylonitrile_butadiene_styrene",2070,4.19
"R32USA","acrylonitrile_butadiene_styrene",2075,4.19
"R32USA","acrylonitrile_butadiene_styrene",2080,4.19
"R32USA","acrylonitrile_butadiene_styrene",2085,4.19
"R32USA","acrylonitrile_butadiene_styrene",2090,4.19
"R32USA","acrylonitrile_butadiene_styrene",2095,4.19
"R32USA","acrylonitrile_butadiene_styrene",2100,4.19
"R32USA","bio-based_polypropylene",2020,1.745
"R32USA","bio-based_polypropylene",2025,1.745
"R32USA","bio-based_polypropylene",2030,1.745
"R32USA","bio-based_polypropylene",2035,1.745
"R32USA","bio-based_polypropylene",2040,1.745
"R32USA","bio-based_polypropylene",2045,1.745
"R32USA","bio-based_polypropylene",2050,1.745
"R32USA","bio-based_polypropylene",2055,1.745
"R32USA","bio-based_polypropylene",2060,1.745
"R32USA","bio-based_polypropylene",2065,1.745
"R32USA","bio-based_polypropylene",2070,1.745
"R32USA","bio-based_polypropylene",2075,1.745
"R32USA","bio-based_polypropylene",2080,1.745
"R32USA","bio-based_polypropylene",2085,1.745
"R32USA","bio-based_polypropylene",2090,1.745
"R32USA","bio-based_polypropylene",2095,1.745
"R32USA","bio-based_polypropylene",2100,1.745
"R32USA","bio-based_polystyrene",2020,1.745
"R32USA","bio-based_polystyrene",2025,1.745
"R32USA","bio-based_polystyrene",2030,1.745
"R32USA","bio-based_polystyrene",2035,1.745
"R32USA","bio-based_polystyrene",2040,1.745
"R32USA","bio-based_polystyrene",2045,1.745
"R32USA","bio-based_polystyrene",2050,1.745
"R32USA","bio-based_polystyrene",2055,1.745
"R32USA","bio-based_polystyrene",2060,1.745
"R32USA","bio-based_polystyrene",2065,1.745
"R32USA","bio-based_polystyrene",2070,1.745
"R32USA","bio-based_polystyrene",2075,1.745
"R32USA","bio-based_polystyrene",2080,1.745
"R32USA","bio-based_polystyrene",2085,1.745
"R32USA","bio-based_polystyrene",2090,1.745
"R32USA","bio-based_polystyrene",2095,1.745
"R32USA","bio-based_polystyrene",2100,1.745
"R32USA","other_materials",2020,2.95
"R32USA","other_materials",2025,2.95
"R32USA","other_materials",2030,2.95
"R32USA","other_materials",2035,2.95
"R32USA","other_materials",2040,2.95
"R32USA","other_materials",2045,2.95
"R32USA","other_materials",2050,2.95
"R32USA","other_materials",2055,2.95
"R32USA","other_materials",2060,2.95
"R32USA","other_materials",2065,2.95
"R32USA","other_materials",2070,2.95
"R32USA","other_materials",2075,2.95
"R32USA","other_materials",2080,2.95
"R32USA","other_materials",2085,2.95
"R32USA","other_materials",2090,2.95
"R32USA","other_materials",2095,2.95
"R32USA","other_materials",2100,2.95
"R32USA","other_plastics",2020,3.45
"R32USA","other_plastics",2025,3.45
"R32USA","other_plastics",2030,3.45
"R32USA","other_plastics",2035,3.45
"R32USA","other_plastics",2040,3.45
"R32USA","other_plastics",2045,3.45
"R32USA","other_plastics",2050,3.45
"R32USA","other_plastics",2055,3.45
"R32USA","other_plastics",2060,3.45
"R32USA","other_plastics",2065,3.45
"R32USA","other_plastics",2070,3.45
"R32USA","other_plastics",2075,3.45
"R32USA","other_plastics",2080,3.45
"R32USA","other_plastics",2085,3.45
"R32USA","other_plastics",2090,3.45
"R32USA","other_plastics",2095,3.45
"R32USA","other_plastics",2100,3.45
"R32USA","polypropylene",2020,2.85
"R32USA","polypropylene",2025,2.85
"R32USA","polypropylene",2030,2.85
"R32USA","polypropylene",2035,2.85
"R32USA","polypropylene",2040,2.85
"R32USA","polypropylene",2045,2.85
"R32USA","polypropylene",2050,2.85
"R32USA","polypropylene",2055,2.85
"R32USA","polypropylene",2060,2.85
"R32USA","polypropylene",2065,2.85
"R32USA","polypropylene",2070,2.85
"R32USA","polypropylene",2075,2.85
"R32USA","polypropylene",2080,2.85
"R32USA","polypropylene",2085,2.85
"R32USA","polypropylene",2090,2.85
"R32USA","polypropylene",2095,2.85
"R32USA","polypropylene",2100,2.85
"R32USA","polystyrene",2020,4.19
"R32USA","polystyrene",2025,4.19
"R32USA","polystyrene",2030,4.19
"R32USA","polystyrene",2035,4.19
"R32USA","polystyrene",2040,4.19
"R32USA","polystyrene",2045,4.19
"R32USA","polystyrene",2050,4.19
"R32USA","polystyrene",2055,4.19
"R32USA","polystyrene",2060,4.19
"R32USA","polystyrene",2065,4.19
"R32USA","polystyrene",2070,4.19
"R32USA","polystyrene",2075,4.19
"R32USA","polystyrene",2080,4.19
"R32USA","polystyrene",2085,4.19
"R32USA","polystyrene",2090,4.19
"R32USA","polystyrene",2095,4.19
"R32USA","polystyrene",2100,4.19
