region,material_type,year,eol_material,emission_factor
C-EEU-BGR,acrylonitrile_butadiene_styrene,2020,acrylonitrile_butadiene_styrene,0.11572029369757623
C-EEU-BGR,acrylonitrile_butadiene_styrene,2025,acrylonitrile_butadiene_styrene,0.115609621483123
C-EEU-BGR,acrylonitrile_butadiene_styrene,2030,acrylonitrile_butadiene_styrene,0.11519206490326336
C-EEU-BGR,acrylonitrile_butadiene_styrene,2035,acrylonitrile_butadiene_styrene,0.11432027527646171
C-EEU-BGR,acrylonitrile_butadiene_styrene,2040,acrylonitrile_butadiene_styrene,0.11381980396366284
C-EEU-BGR,acrylonitrile_butadiene_styrene,2045,acrylonitrile_butadiene_styrene,0.1134454386167098
C-EEU-BGR,acrylonitrile_butadiene_styrene,2050,acrylonitrile_butadiene_styrene,0.11285835818705334
C-EEU-BGR,acrylonitrile_butadiene_styrene,2055,acrylonitrile_butadiene_styrene,0.11262169978833442
C-EEU-BGR,acrylonitrile_butadiene_styrene,2060,acrylonitrile_butadiene_styrene,0.11265996905877984
C-EEU-BGR,aluminium,2020,aluminium,0.02217584637996731
C-EEU-BGR,aluminium,2030,aluminium,0.01804265850622942
C-EEU-BGR,aluminium,2040,aluminium,0.01255386243247877
C-EEU-BGR,aluminium,2050,aluminium,0.01095388272815646
C-EEU-BGR,aluminium,2060,aluminium,0.01060841530918518
C-EEU-BGR,bio-based_polypropylene,2020,polypropylene,0.10740570937805435
C-EEU-BGR,bio-based_polypropylene,2025,polypropylene,0.10730295552490646
C-EEU-BGR,bio-based_polypropylene,2030,polypropylene,0.1068960913438739
C-EEU-BGR,bio-based_polypropylene,2035,polypropylene,0.10604496056882506
C-EEU-BGR,bio-based_polypropylene,2040,polypropylene,0.10554299746441516
C-EEU-BGR,bio-based_polypropylene,2045,polypropylene,0.10516340598045187
C-EEU-BGR,bio-based_polypropylene,2050,polypropylene,0.10457007236848968
C-EEU-BGR,bio-based_polypropylene,2055,polypropylene,0.10432951579248056
C-EEU-BGR,bio-based_polypropylene,2060,polypropylene,0.1043661913109336
C-EEU-BGR,bio-based_polystyrene,2020,polystyrene,0.13189154622921148
C-EEU-BGR,bio-based_polystyrene,2025,polystyrene,0.1317818574199766
C-EEU-BGR,bio-based_polystyrene,2030,polystyrene,0.1313599579224614
C-EEU-BGR,bio-based_polystyrene,2035,polystyrene,0.1304870727299388
C-EEU-BGR,bio-based_polystyrene,2040,polystyrene,0.12998289630123525
C-EEU-BGR,bio-based_polystyrene,2045,polystyrene,0.1296026716335613
C-EEU-BGR,bio-based_polystyrene,2050,polystyrene,0.12900906932930506
C-EEU-BGR,bio-based_polystyrene,2055,polystyrene,0.12876835773942097
C-EEU-BGR,bio-based_polystyrene,2060,polystyrene,0.12880529685805275
C-EEU-BGR,concrete,2020,concrete,0.0053927075067372
C-EEU-BGR,concrete,2030,concrete,0.0052548778819487
C-EEU-BGR,concrete,2040,concrete,0.00463851580362222
C-EEU-BGR,concrete,2050,concrete,0.00406910261846518
C-EEU-BGR,concrete,2060,concrete,0.00394709372053634
C-EEU-BGR,copper,2020,copper,0.00539270750673704
C-EEU-BGR,copper,2030,copper,0.00525487788194886
C-EEU-BGR,copper,2040,copper,0.00463851580362222
C-EEU-BGR,copper,2050,copper,0.00406910261846527
C-EEU-BGR,copper,2060,copper,0.00394709372053634
C-EEU-BGR,glass,2020,glass,0.00536004154774015
C-EEU-BGR,glass,2030,glass,0.00527873637295789
C-EEU-BGR,glass,2040,glass,0.00477620264256572
C-EEU-BGR,glass,2050,glass,0.00428668631407529
C-EEU-BGR,glass,2060,glass,0.0042075035299545
C-EEU-BGR,other_plastics,2020,plastic_mixture,0.09931519353209156
C-EEU-BGR,other_plastics,2025,plastic_mixture,0.09918248375559847
C-EEU-BGR,other_plastics,2030,plastic_mixture,0.09871082005133495
C-EEU-BGR,other_plastics,2035,plastic_mixture,0.09776593312137184
C-EEU-BGR,other_plastics,2040,plastic_mixture,0.09725455384107336
C-EEU-BGR,other_plastics,2045,plastic_mixture,0.0968723279943109
C-EEU-BGR,other_plastics,2050,plastic_mixture,0.0962779028091071
C-EEU-BGR,other_plastics,2055,plastic_mixture,0.09603671456063222
C-EEU-BGR,other_plastics,2060,plastic_mixture,0.096074529196484
C-EEU-BGR,polypropylene,2020,polypropylene,0.10740570937805435
C-EEU-BGR,polypropylene,2025,polypropylene,0.10730295552490646
C-EEU-BGR,polypropylene,2030,polypropylene,0.1068960913438739
C-EEU-BGR,polypropylene,2035,polypropylene,0.10604496056882506
C-EEU-BGR,polypropylene,2040,polypropylene,0.10554299746441516
C-EEU-BGR,polypropylene,2045,polypropylene,0.10516340598045187
C-EEU-BGR,polypropylene,2050,polypropylene,0.10457007236848968
C-EEU-BGR,polypropylene,2055,polypropylene,0.10432951579248056
C-EEU-BGR,polypropylene,2060,polypropylene,0.1043661913109336
C-EEU-BGR,polystyrene,2020,polystyrene,0.13189154622921148
C-EEU-BGR,polystyrene,2025,polystyrene,0.1317818574199766
C-EEU-BGR,polystyrene,2030,polystyrene,0.1313599579224614
C-EEU-BGR,polystyrene,2035,polystyrene,0.1304870727299388
C-EEU-BGR,polystyrene,2040,polystyrene,0.12998289630123525
C-EEU-BGR,polystyrene,2045,polystyrene,0.1296026716335613
C-EEU-BGR,polystyrene,2050,polystyrene,0.12900906932930506
C-EEU-BGR,polystyrene,2055,polystyrene,0.12876835773942097
C-EEU-BGR,polystyrene,2060,polystyrene,0.12880529685805275
C-EEU-BGR,steel,2020,steel,0.00539270750673704
C-EEU-BGR,steel,2030,steel,0.00525487788194886
C-EEU-BGR,steel,2040,steel,0.00463851580362222
C-EEU-BGR,steel,2050,steel,0.00406910261846527
C-EEU-BGR,steel,2060,steel,0.00394709372053634
C-EEU-CZE,acrylonitrile_butadiene_styrene,2020,acrylonitrile_butadiene_styrene,0.11572029369757623
C-EEU-CZE,acrylonitrile_butadiene_styrene,2025,acrylonitrile_butadiene_styrene,0.115609621483123
C-EEU-CZE,acrylonitrile_butadiene_styrene,2030,acrylonitrile_butadiene_styrene,0.11519206490326336
C-EEU-CZE,acrylonitrile_butadiene_styrene,2035,acrylonitrile_butadiene_styrene,0.11432027527646171
C-EEU-CZE,acrylonitrile_butadiene_styrene,2040,acrylonitrile_butadiene_styrene,0.11381980396366284
C-EEU-CZE,acrylonitrile_butadiene_styrene,2045,acrylonitrile_butadiene_styrene,0.1134454386167098
C-EEU-CZE,acrylonitrile_butadiene_styrene,2050,acrylonitrile_butadiene_styrene,0.11285835818705334
C-EEU-CZE,acrylonitrile_butadiene_styrene,2055,acrylonitrile_butadiene_styrene,0.11262169978833442
C-EEU-CZE,acrylonitrile_butadiene_styrene,2060,acrylonitrile_butadiene_styrene,0.11265996905877984
C-EEU-CZE,aluminium,2020,aluminium,0.02217584637996731
C-EEU-CZE,aluminium,2030,aluminium,0.01804265850622942
C-EEU-CZE,aluminium,2040,aluminium,0.01255386243247877
C-EEU-CZE,aluminium,2050,aluminium,0.01095388272815646
C-EEU-CZE,aluminium,2060,aluminium,0.01060841530918518
C-EEU-CZE,bio-based_polypropylene,2020,polypropylene,0.10740570937805435
C-EEU-CZE,bio-based_polypropylene,2025,polypropylene,0.10730295552490646
C-EEU-CZE,bio-based_polypropylene,2030,polypropylene,0.1068960913438739
C-EEU-CZE,bio-based_polypropylene,2035,polypropylene,0.10604496056882506
C-EEU-CZE,bio-based_polypropylene,2040,polypropylene,0.10554299746441516
C-EEU-CZE,bio-based_polypropylene,2045,polypropylene,0.10516340598045187
C-EEU-CZE,bio-based_polypropylene,2050,polypropylene,0.10457007236848968
C-EEU-CZE,bio-based_polypropylene,2055,polypropylene,0.10432951579248056
C-EEU-CZE,bio-based_polypropylene,2060,polypropylene,0.1043661913109336
C-EEU-CZE,bio-based_polystyrene,2020,polystyrene,0.13189154622921148
C-EEU-CZE,bio-based_polystyrene,2025,polystyrene,0.1317818574199766
C-EEU-CZE,bio-based_polystyrene,2030,polystyrene,0.1313599579224614
C-EEU-CZE,bio-based_polystyrene,2035,polystyrene,0.1304870727299388
C-EEU-CZE,bio-based_polystyrene,2040,polystyrene,0.12998289630123525
C-EEU-CZE,bio-based_polystyrene,2045,polystyrene,0.1296026716335613
C-EEU-CZE,bio-based_polystyrene,2050,polystyrene,0.12900906932930506
C-EEU-CZE,bio-based_polystyrene,2055,polystyrene,0.12876835773942097
C-EEU-CZE,bio-based_polystyrene,2060,polystyrene,0.12880529685805275
C-EEU-CZE,concrete,2020,concrete,0.0053927075067372
C-EEU-CZE,concrete,2030,concrete,0.0052548778819487
C-EEU-CZE,concrete,2040,concrete,0.00463851580362222
C-EEU-CZE,concrete,2050,concrete,0.00406910261846518
C-EEU-CZE,concrete,2060,concrete,0.00394709372053634
C-EEU-CZE,copper,2020,copper,0.00539270750673704
C-EEU-CZE,copper,2030,copper,0.00525487788194886
C-EEU-CZE,copper,2040,copper,0.00463851580362222
C-EEU-CZE,copper,2050,copper,0.00406910261846527
C-EEU-CZE,copper,2060,copper,0.00394709372053634
C-EEU-CZE,glass,2020,glass,0.00536004154774015
C-EEU-CZE,glass,2030,glass,0.00527873637295789
C-EEU-CZE,glass,2040,glass,0.00477620264256572
C-EEU-CZE,glass,2050,glass,0.00428668631407529
C-EEU-CZE,glass,2060,glass,0.0042075035299545
C-EEU-CZE,other_plastics,2020,plastic_mixture,0.09931519353209156
C-EEU-CZE,other_plastics,2025,plastic_mixture,0.09918248375559847
C-EEU-CZE,other_plastics,2030,plastic_mixture,0.09871082005133495
C-EEU-CZE,other_plastics,2035,plastic_mixture,0.09776593312137184
C-EEU-CZE,other_plastics,2040,plastic_mixture,0.09725455384107336
C-EEU-CZE,other_plastics,2045,plastic_mixture,0.0968723279943109
C-EEU-CZE,other_plastics,2050,plastic_mixture,0.0962779028091071
C-EEU-CZE,other_plastics,2055,plastic_mixture,0.09603671456063222
C-EEU-CZE,other_plastics,2060,plastic_mixture,0.096074529196484
C-EEU-CZE,polypropylene,2020,polypropylene,0.10740570937805435
C-EEU-CZE,polypropylene,2025,polypropylene,0.10730295552490646
C-EEU-CZE,polypropylene,2030,polypropylene,0.1068960913438739
C-EEU-CZE,polypropylene,2035,polypropylene,0.10604496056882506
C-EEU-CZE,polypropylene,2040,polypropylene,0.10554299746441516
C-EEU-CZE,polypropylene,2045,polypropylene,0.10516340598045187
C-EEU-CZE,polypropylene,2050,polypropylene,0.10457007236848968
C-EEU-CZE,polypropylene,2055,polypropylene,0.10432951579248056
C-EEU-CZE,polypropylene,2060,polypropylene,0.1043661913109336
C-EEU-CZE,polystyrene,2020,polystyrene,0.13189154622921148
C-EEU-CZE,polystyrene,2025,polystyrene,0.1317818574199766
C-EEU-CZE,polystyrene,2030,polystyrene,0.1313599579224614
C-EEU-CZE,polystyrene,2035,polystyrene,0.1304870727299388
C-EEU-CZE,polystyrene,2040,polystyrene,0.12998289630123525
C-EEU-CZE,polystyrene,2045,polystyrene,0.1296026716335613
C-EEU-CZE,polystyrene,2050,polystyrene,0.12900906932930506
C-EEU-CZE,polystyrene,2055,polystyrene,0.12876835773942097
C-EEU-CZE,polystyrene,2060,polystyrene,0.12880529685805275
C-EEU-CZE,steel,2020,steel,0.00539270750673704
C-EEU-CZE,steel,2030,steel,0.00525487788194886
C-EEU-CZE,steel,2040,steel,0.00463851580362222
C-EEU-CZE,steel,2050,steel,0.00406910261846527
C-EEU-CZE,steel,2060,steel,0.00394709372053634
C-EEU-EST,acrylonitrile_butadiene_styrene,2020,acrylonitrile_butadiene_styrene,0.11572029369757623
C-EEU-EST,acrylonitrile_butadiene_styrene,2025,acrylonitrile_butadiene_styrene,0.115609621483123
C-EEU-EST,acrylonitrile_butadiene_styrene,2030,acrylonitrile_butadiene_styrene,0.11519206490326336
C-EEU-EST,acrylonitrile_butadiene_styrene,2035,acrylonitrile_butadiene_styrene,0.11432027527646171
C-EEU-EST,acrylonitrile_butadiene_styrene,2040,acrylonitrile_butadiene_styrene,0.11381980396366284
C-EEU-EST,acrylonitrile_butadiene_styrene,2045,acrylonitrile_butadiene_styrene,0.1134454386167098
C-EEU-EST,acrylonitrile_butadiene_styrene,2050,acrylonitrile_butadiene_styrene,0.11285835818705334
C-EEU-EST,acrylonitrile_butadiene_styrene,2055,acrylonitrile_butadiene_styrene,0.11262169978833442
C-EEU-EST,acrylonitrile_butadiene_styrene,2060,acrylonitrile_butadiene_styrene,0.11265996905877984
C-EEU-EST,aluminium,2020,aluminium,0.02217584637996731
C-EEU-EST,aluminium,2030,aluminium,0.01804265850622942
C-EEU-EST,aluminium,2040,aluminium,0.01255386243247877
C-EEU-EST,aluminium,2050,aluminium,0.01095388272815646
C-EEU-EST,aluminium,2060,aluminium,0.01060841530918518
C-EEU-EST,bio-based_polypropylene,2020,polypropylene,0.10740570937805435
C-EEU-EST,bio-based_polypropylene,2025,polypropylene,0.10730295552490646
C-EEU-EST,bio-based_polypropylene,2030,polypropylene,0.1068960913438739
C-EEU-EST,bio-based_polypropylene,2035,polypropylene,0.10604496056882506
C-EEU-EST,bio-based_polypropylene,2040,polypropylene,0.10554299746441516
C-EEU-EST,bio-based_polypropylene,2045,polypropylene,0.10516340598045187
C-EEU-EST,bio-based_polypropylene,2050,polypropylene,0.10457007236848968
C-EEU-EST,bio-based_polypropylene,2055,polypropylene,0.10432951579248056
C-EEU-EST,bio-based_polypropylene,2060,polypropylene,0.1043661913109336
C-EEU-EST,bio-based_polystyrene,2020,polystyrene,0.13189154622921148
C-EEU-EST,bio-based_polystyrene,2025,polystyrene,0.1317818574199766
C-EEU-EST,bio-based_polystyrene,2030,polystyrene,0.1313599579224614
C-EEU-EST,bio-based_polystyrene,2035,polystyrene,0.1304870727299388
C-EEU-EST,bio-based_polystyrene,2040,polystyrene,0.12998289630123525
C-EEU-EST,bio-based_polystyrene,2045,polystyrene,0.1296026716335613
C-EEU-EST,bio-based_polystyrene,2050,polystyrene,0.12900906932930506
C-EEU-EST,bio-based_polystyrene,2055,polystyrene,0.12876835773942097
C-EEU-EST,bio-based_polystyrene,2060,polystyrene,0.12880529685805275
C-EEU-EST,concrete,2020,concrete,0.0053927075067372
C-EEU-EST,concrete,2030,concrete,0.0052548778819487
C-EEU-EST,concrete,2040,concrete,0.00463851580362222
C-EEU-EST,concrete,2050,concrete,0.00406910261846518
C-EEU-EST,concrete,2060,concrete,0.00394709372053634
C-EEU-EST,copper,2020,copper,0.00539270750673704
C-EEU-EST,copper,2030,copper,0.00525487788194886
C-EEU-EST,copper,2040,copper,0.00463851580362222
C-EEU-EST,copper,2050,copper,0.00406910261846527
C-EEU-EST,copper,2060,copper,0.00394709372053634
C-EEU-EST,glass,2020,glass,0.00536004154774015
C-EEU-EST,glass,2030,glass,0.00527873637295789
C-EEU-EST,glass,2040,glass,0.00477620264256572
C-EEU-EST,glass,2050,glass,0.00428668631407529
C-EEU-EST,glass,2060,glass,0.0042075035299545
C-EEU-EST,other_plastics,2020,plastic_mixture,0.09931519353209156
C-EEU-EST,other_plastics,2025,plastic_mixture,0.09918248375559847
C-EEU-EST,other_plastics,2030,plastic_mixture,0.09871082005133495
C-EEU-EST,other_plastics,2035,plastic_mixture,0.09776593312137184
C-EEU-EST,other_plastics,2040,plastic_mixture,0.09725455384107336
C-EEU-EST,other_plastics,2045,plastic_mixture,0.0968723279943109
C-EEU-EST,other_plastics,2050,plastic_mixture,0.0962779028091071
C-EEU-EST,other_plastics,2055,plastic_mixture,0.09603671456063222
C-EEU-EST,other_plastics,2060,plastic_mixture,0.096074529196484
C-EEU-EST,polypropylene,2020,polypropylene,0.10740570937805435
C-EEU-EST,polypropylene,2025,polypropylene,0.10730295552490646
C-EEU-EST,polypropylene,2030,polypropylene,0.1068960913438739
C-EEU-EST,polypropylene,2035,polypropylene,0.10604496056882506
C-EEU-EST,polypropylene,2040,polypropylene,0.10554299746441516
C-EEU-EST,polypropylene,2045,polypropylene,0.10516340598045187
C-EEU-EST,polypropylene,2050,polypropylene,0.10457007236848968
C-EEU-EST,polypropylene,2055,polypropylene,0.10432951579248056
C-EEU-EST,polypropylene,2060,polypropylene,0.1043661913109336
C-EEU-EST,polystyrene,2020,polystyrene,0.13189154622921148
C-EEU-EST,polystyrene,2025,polystyrene,0.1317818574199766
C-EEU-EST,polystyrene,2030,polystyrene,0.1313599579224614
C-EEU-EST,polystyrene,2035,polystyrene,0.1304870727299388
C-EEU-EST,polystyrene,2040,polystyrene,0.12998289630123525
C-EEU-EST,polystyrene,2045,polystyrene,0.1296026716335613
C-EEU-EST,polystyrene,2050,polystyrene,0.12900906932930506
C-EEU-EST,polystyrene,2055,polystyrene,0.12876835773942097
C-EEU-EST,polystyrene,2060,polystyrene,0.12880529685805275
C-EEU-EST,steel,2020,steel,0.00539270750673704
C-EEU-EST,steel,2030,steel,0.00525487788194886
C-EEU-EST,steel,2040,steel,0.00463851580362222
C-EEU-EST,steel,2050,steel,0.00406910261846527
C-EEU-EST,steel,2060,steel,0.00394709372053634
C-EEU-HRV,acrylonitrile_butadiene_styrene,2020,acrylonitrile_butadiene_styrene,0.11572029369757623
C-EEU-HRV,acrylonitrile_butadiene_styrene,2025,acrylonitrile_butadiene_styrene,0.115609621483123
C-EEU-HRV,acrylonitrile_butadiene_styrene,2030,acrylonitrile_butadiene_styrene,0.11519206490326336
C-EEU-HRV,acrylonitrile_butadiene_styrene,2035,acrylonitrile_butadiene_styrene,0.11432027527646171
C-EEU-HRV,acrylonitrile_butadiene_styrene,2040,acrylonitrile_butadiene_styrene,0.11381980396366284
C-EEU-HRV,acrylonitrile_butadiene_styrene,2045,acrylonitrile_butadiene_styrene,0.1134454386167098
C-EEU-HRV,acrylonitrile_butadiene_styrene,2050,acrylonitrile_butadiene_styrene,0.11285835818705334
C-EEU-HRV,acrylonitrile_butadiene_styrene,2055,acrylonitrile_butadiene_styrene,0.11262169978833442
C-EEU-HRV,acrylonitrile_butadiene_styrene,2060,acrylonitrile_butadiene_styrene,0.11265996905877984
C-EEU-HRV,aluminium,2020,aluminium,0.02217584637996731
C-EEU-HRV,aluminium,2030,aluminium,0.01804265850622942
C-EEU-HRV,aluminium,2040,aluminium,0.01255386243247877
C-EEU-HRV,aluminium,2050,aluminium,0.01095388272815646
C-EEU-HRV,aluminium,2060,aluminium,0.01060841530918518
C-EEU-HRV,bio-based_polypropylene,2020,polypropylene,0.10740570937805435
C-EEU-HRV,bio-based_polypropylene,2025,polypropylene,0.10730295552490646
C-EEU-HRV,bio-based_polypropylene,2030,polypropylene,0.1068960913438739
C-EEU-HRV,bio-based_polypropylene,2035,polypropylene,0.10604496056882506
C-EEU-HRV,bio-based_polypropylene,2040,polypropylene,0.10554299746441516
C-EEU-HRV,bio-based_polypropylene,2045,polypropylene,0.10516340598045187
C-EEU-HRV,bio-based_polypropylene,2050,polypropylene,0.10457007236848968
C-EEU-HRV,bio-based_polypropylene,2055,polypropylene,0.10432951579248056
C-EEU-HRV,bio-based_polypropylene,2060,polypropylene,0.1043661913109336
C-EEU-HRV,bio-based_polystyrene,2020,polystyrene,0.13189154622921148
C-EEU-HRV,bio-based_polystyrene,2025,polystyrene,0.1317818574199766
C-EEU-HRV,bio-based_polystyrene,2030,polystyrene,0.1313599579224614
C-EEU-HRV,bio-based_polystyrene,2035,polystyrene,0.1304870727299388
C-EEU-HRV,bio-based_polystyrene,2040,polystyrene,0.12998289630123525
C-EEU-HRV,bio-based_polystyrene,2045,polystyrene,0.1296026716335613
C-EEU-HRV,bio-based_polystyrene,2050,polystyrene,0.12900906932930506
C-EEU-HRV,bio-based_polystyrene,2055,polystyrene,0.12876835773942097
C-EEU-HRV,bio-based_polystyrene,2060,polystyrene,0.12880529685805275
C-EEU-HRV,concrete,2020,concrete,0.0053927075067372
C-EEU-HRV,concrete,2030,concrete,0.0052548778819487
C-EEU-HRV,concrete,2040,concrete,0.00463851580362222
C-EEU-HRV,concrete,2050,concrete,0.00406910261846518
C-EEU-HRV,concrete,2060,concrete,0.00394709372053634
C-EEU-HRV,copper,2020,copper,0.00539270750673704
C-EEU-HRV,copper,2030,copper,0.00525487788194886
C-EEU-HRV,copper,2040,copper,0.00463851580362222
C-EEU-HRV,copper,2050,copper,0.00406910261846527
C-EEU-HRV,copper,2060,copper,0.00394709372053634
C-EEU-HRV,glass,2020,glass,0.00536004154774015
C-EEU-HRV,glass,2030,glass,0.00527873637295789
C-EEU-HRV,glass,2040,glass,0.00477620264256572
C-EEU-HRV,glass,2050,glass,0.00428668631407529
C-EEU-HRV,glass,2060,glass,0.0042075035299545
C-EEU-HRV,other_plastics,2020,plastic_mixture,0.09931519353209156
C-EEU-HRV,other_plastics,2025,plastic_mixture,0.09918248375559847
C-EEU-HRV,other_plastics,2030,plastic_mixture,0.09871082005133495
C-EEU-HRV,other_plastics,2035,plastic_mixture,0.09776593312137184
C-EEU-HRV,other_plastics,2040,plastic_mixture,0.09725455384107336
C-EEU-HRV,other_plastics,2045,plastic_mixture,0.0968723279943109
C-EEU-HRV,other_plastics,2050,plastic_mixture,0.0962779028091071
C-EEU-HRV,other_plastics,2055,plastic_mixture,0.09603671456063222
C-EEU-HRV,other_plastics,2060,plastic_mixture,0.096074529196484
C-EEU-HRV,polypropylene,2020,polypropylene,0.10740570937805435
C-EEU-HRV,polypropylene,2025,polypropylene,0.10730295552490646
C-EEU-HRV,polypropylene,2030,polypropylene,0.1068960913438739
C-EEU-HRV,polypropylene,2035,polypropylene,0.10604496056882506
C-EEU-HRV,polypropylene,2040,polypropylene,0.10554299746441516
C-EEU-HRV,polypropylene,2045,polypropylene,0.10516340598045187
C-EEU-HRV,polypropylene,2050,polypropylene,0.10457007236848968
C-EEU-HRV,polypropylene,2055,polypropylene,0.10432951579248056
C-EEU-HRV,polypropylene,2060,polypropylene,0.1043661913109336
C-EEU-HRV,polystyrene,2020,polystyrene,0.13189154622921148
C-EEU-HRV,polystyrene,2025,polystyrene,0.1317818574199766
C-EEU-HRV,polystyrene,2030,polystyrene,0.1313599579224614
C-EEU-HRV,polystyrene,2035,polystyrene,0.1304870727299388
C-EEU-HRV,polystyrene,2040,polystyrene,0.12998289630123525
C-EEU-HRV,polystyrene,2045,polystyrene,0.1296026716335613
C-EEU-HRV,polystyrene,2050,polystyrene,0.12900906932930506
C-EEU-HRV,polystyrene,2055,polystyrene,0.12876835773942097
C-EEU-HRV,polystyrene,2060,polystyrene,0.12880529685805275
C-EEU-HRV,steel,2020,steel,0.00539270750673704
C-EEU-HRV,steel,2030,steel,0.00525487788194886
C-EEU-HRV,steel,2040,steel,0.00463851580362222
C-EEU-HRV,steel,2050,steel,0.00406910261846527
C-EEU-HRV,steel,2060,steel,0.00394709372053634
C-EEU-HUN,acrylonitrile_butadiene_styrene,2020,acrylonitrile_butadiene_styrene,0.11572029369757623
C-EEU-HUN,acrylonitrile_butadiene_styrene,2025,acrylonitrile_butadiene_styrene,0.115609621483123
C-EEU-HUN,acrylonitrile_butadiene_styrene,2030,acrylonitrile_butadiene_styrene,0.11519206490326336
C-EEU-HUN,acrylonitrile_butadiene_styrene,2035,acrylonitrile_butadiene_styrene,0.11432027527646171
C-EEU-HUN,acrylonitrile_butadiene_styrene,2040,acrylonitrile_butadiene_styrene,0.11381980396366284
C-EEU-HUN,acrylonitrile_butadiene_styrene,2045,acrylonitrile_butadiene_styrene,0.1134454386167098
C-EEU-HUN,acrylonitrile_butadiene_styrene,2050,acrylonitrile_butadiene_styrene,0.11285835818705334
C-EEU-HUN,acrylonitrile_butadiene_styrene,2055,acrylonitrile_butadiene_styrene,0.11262169978833442
C-EEU-HUN,acrylonitrile_butadiene_styrene,2060,acrylonitrile_butadiene_styrene,0.11265996905877984
C-EEU-HUN,aluminium,2020,aluminium,0.02217584637996731
C-EEU-HUN,aluminium,2030,aluminium,0.01804265850622942
C-EEU-HUN,aluminium,2040,aluminium,0.01255386243247877
C-EEU-HUN,aluminium,2050,aluminium,0.01095388272815646
C-EEU-HUN,aluminium,2060,aluminium,0.01060841530918518
C-EEU-HUN,bio-based_polypropylene,2020,polypropylene,0.10740570937805435
C-EEU-HUN,bio-based_polypropylene,2025,polypropylene,0.10730295552490646
C-EEU-HUN,bio-based_polypropylene,2030,polypropylene,0.1068960913438739
C-EEU-HUN,bio-based_polypropylene,2035,polypropylene,0.10604496056882506
C-EEU-HUN,bio-based_polypropylene,2040,polypropylene,0.10554299746441516
C-EEU-HUN,bio-based_polypropylene,2045,polypropylene,0.10516340598045187
C-EEU-HUN,bio-based_polypropylene,2050,polypropylene,0.10457007236848968
C-EEU-HUN,bio-based_polypropylene,2055,polypropylene,0.10432951579248056
C-EEU-HUN,bio-based_polypropylene,2060,polypropylene,0.1043661913109336
C-EEU-HUN,bio-based_polystyrene,2020,polystyrene,0.13189154622921148
C-EEU-HUN,bio-based_polystyrene,2025,polystyrene,0.1317818574199766
C-EEU-HUN,bio-based_polystyrene,2030,polystyrene,0.1313599579224614
C-EEU-HUN,bio-based_polystyrene,2035,polystyrene,0.1304870727299388
C-EEU-HUN,bio-based_polystyrene,2040,polystyrene,0.12998289630123525
C-EEU-HUN,bio-based_polystyrene,2045,polystyrene,0.1296026716335613
C-EEU-HUN,bio-based_polystyrene,2050,polystyrene,0.12900906932930506
C-EEU-HUN,bio-based_polystyrene,2055,polystyrene,0.12876835773942097
C-EEU-HUN,bio-based_polystyrene,2060,polystyrene,0.12880529685805275
C-EEU-HUN,concrete,2020,concrete,0.0053927075067372
C-EEU-HUN,concrete,2030,concrete,0.0052548778819487
C-EEU-HUN,concrete,2040,concrete,0.00463851580362222
C-EEU-HUN,concrete,2050,concrete,0.00406910261846518
C-EEU-HUN,concrete,2060,concrete,0.00394709372053634
C-EEU-HUN,copper,2020,copper,0.00539270750673704
C-EEU-HUN,copper,2030,copper,0.00525487788194886
C-EEU-HUN,copper,2040,copper,0.00463851580362222
C-EEU-HUN,copper,2050,copper,0.00406910261846527
C-EEU-HUN,copper,2060,copper,0.00394709372053634
C-EEU-HUN,glass,2020,glass,0.00536004154774015
C-EEU-HUN,glass,2030,glass,0.00527873637295789
C-EEU-HUN,glass,2040,glass,0.00477620264256572
C-EEU-HUN,glass,2050,glass,0.00428668631407529
C-EEU-HUN,glass,2060,glass,0.0042075035299545
C-EEU-HUN,other_plastics,2020,plastic_mixture,0.09931519353209156
C-EEU-HUN,other_plastics,2025,plastic_mixture,0.09918248375559847
C-EEU-HUN,other_plastics,2030,plastic_mixture,0.09871082005133495
C-EEU-HUN,other_plastics,2035,plastic_mixture,0.09776593312137184
C-EEU-HUN,other_plastics,2040,plastic_mixture,0.09725455384107336
C-EEU-HUN,other_plastics,2045,plastic_mixture,0.0968723279943109
C-EEU-HUN,other_plastics,2050,plastic_mixture,0.0962779028091071
C-EEU-HUN,other_plastics,2055,plastic_mixture,0.09603671456063222
C-EEU-HUN,other_plastics,2060,plastic_mixture,0.096074529196484
C-EEU-HUN,polypropylene,2020,polypropylene,0.10740570937805435
C-EEU-HUN,polypropylene,2025,polypropylene,0.10730295552490646
C-EEU-HUN,polypropylene,2030,polypropylene,0.1068960913438739
C-EEU-HUN,polypropylene,2035,polypropylene,0.10604496056882506
C-EEU-HUN,polypropylene,2040,polypropylene,0.10554299746441516
C-EEU-HUN,polypropylene,2045,polypropylene,0.10516340598045187
C-EEU-HUN,polypropylene,2050,polypropylene,0.10457007236848968
C-EEU-HUN,polypropylene,2055,polypropylene,0.10432951579248056
C-EEU-HUN,polypropylene,2060,polypropylene,0.1043661913109336
C-EEU-HUN,polystyrene,2020,polystyrene,0.13189154622921148
C-EEU-HUN,polystyrene,2025,polystyrene,0.1317818574199766
C-EEU-HUN,polystyrene,2030,polystyrene,0.1313599579224614
C-EEU-HUN,polystyrene,2035,polystyrene,0.1304870727299388
C-EEU-HUN,polystyrene,2040,polystyrene,0.12998289630123525
C-EEU-HUN,polystyrene,2045,polystyrene,0.1296026716335613
C-EEU-HUN,polystyrene,2050,polystyrene,0.12900906932930506
C-EEU-HUN,polystyrene,2055,polystyrene,0.12876835773942097
C-EEU-HUN,polystyrene,2060,polystyrene,0.12880529685805275
C-EEU-HUN,steel,2020,steel,0.00539270750673704
C-EEU-HUN,steel,2030,steel,0.00525487788194886
C-EEU-HUN,steel,2040,steel,0.00463851580362222
C-EEU-HUN,steel,2050,steel,0.00406910261846527
C-EEU-HUN,steel,2060,steel,0.00394709372053634
C-EEU-LTU,acrylonitrile_butadiene_styrene,2020,acrylonitrile_butadiene_styrene,0.11572029369757623
C-EEU-LTU,acrylonitrile_butadiene_styrene,2025,acrylonitrile_butadiene_styrene,0.115609621483123
C-EEU-LTU,acrylonitrile_butadiene_styrene,2030,acrylonitrile_butadiene_styrene,0.11519206490326336
C-EEU-LTU,acrylonitrile_butadiene_styrene,2035,acrylonitrile_butadiene_styrene,0.11432027527646171
C-EEU-LTU,acrylonitrile_butadiene_styrene,2040,acrylonitrile_butadiene_styrene,0.11381980396366284
C-EEU-LTU,acrylonitrile_butadiene_styrene,2045,acrylonitrile_butadiene_styrene,0.1134454386167098
C-EEU-LTU,acrylonitrile_butadiene_styrene,2050,acrylonitrile_butadiene_styrene,0.11285835818705334
C-EEU-LTU,acrylonitrile_butadiene_styrene,2055,acrylonitrile_butadiene_styrene,0.11262169978833442
C-EEU-LTU,acrylonitrile_butadiene_styrene,2060,acrylonitrile_butadiene_styrene,0.11265996905877984
C-EEU-LTU,aluminium,2020,aluminium,0.02217584637996731
C-EEU-LTU,aluminium,2030,aluminium,0.01804265850622942
C-EEU-LTU,aluminium,2040,aluminium,0.01255386243247877
C-EEU-LTU,aluminium,2050,aluminium,0.01095388272815646
C-EEU-LTU,aluminium,2060,aluminium,0.01060841530918518
C-EEU-LTU,bio-based_polypropylene,2020,polypropylene,0.10740570937805435
C-EEU-LTU,bio-based_polypropylene,2025,polypropylene,0.10730295552490646
C-EEU-LTU,bio-based_polypropylene,2030,polypropylene,0.1068960913438739
C-EEU-LTU,bio-based_polypropylene,2035,polypropylene,0.10604496056882506
C-EEU-LTU,bio-based_polypropylene,2040,polypropylene,0.10554299746441516
C-EEU-LTU,bio-based_polypropylene,2045,polypropylene,0.10516340598045187
C-EEU-LTU,bio-based_polypropylene,2050,polypropylene,0.10457007236848968
C-EEU-LTU,bio-based_polypropylene,2055,polypropylene,0.10432951579248056
C-EEU-LTU,bio-based_polypropylene,2060,polypropylene,0.1043661913109336
C-EEU-LTU,bio-based_polystyrene,2020,polystyrene,0.13189154622921148
C-EEU-LTU,bio-based_polystyrene,2025,polystyrene,0.1317818574199766
C-EEU-LTU,bio-based_polystyrene,2030,polystyrene,0.1313599579224614
C-EEU-LTU,bio-based_polystyrene,2035,polystyrene,0.1304870727299388
C-EEU-LTU,bio-based_polystyrene,2040,polystyrene,0.12998289630123525
C-EEU-LTU,bio-based_polystyrene,2045,polystyrene,0.1296026716335613
C-EEU-LTU,bio-based_polystyrene,2050,polystyrene,0.12900906932930506
C-EEU-LTU,bio-based_polystyrene,2055,polystyrene,0.12876835773942097
C-EEU-LTU,bio-based_polystyrene,2060,polystyrene,0.12880529685805275
C-EEU-LTU,concrete,2020,concrete,0.0053927075067372
C-EEU-LTU,concrete,2030,concrete,0.0052548778819487
C-EEU-LTU,concrete,2040,concrete,0.00463851580362222
C-EEU-LTU,concrete,2050,concrete,0.00406910261846518
C-EEU-LTU,concrete,2060,concrete,0.00394709372053634
C-EEU-LTU,copper,2020,copper,0.00539270750673704
C-EEU-LTU,copper,2030,copper,0.00525487788194886
C-EEU-LTU,copper,2040,copper,0.00463851580362222
C-EEU-LTU,copper,2050,copper,0.00406910261846527
C-EEU-LTU,copper,2060,copper,0.00394709372053634
C-EEU-LTU,glass,2020,glass,0.00536004154774015
C-EEU-LTU,glass,2030,glass,0.00527873637295789
C-EEU-LTU,glass,2040,glass,0.00477620264256572
C-EEU-LTU,glass,2050,glass,0.00428668631407529
C-EEU-LTU,glass,2060,glass,0.0042075035299545
C-EEU-LTU,other_plastics,2020,plastic_mixture,0.09931519353209156
C-EEU-LTU,other_plastics,2025,plastic_mixture,0.09918248375559847
C-EEU-LTU,other_plastics,2030,plastic_mixture,0.09871082005133495
C-EEU-LTU,other_plastics,2035,plastic_mixture,0.09776593312137184
C-EEU-LTU,other_plastics,2040,plastic_mixture,0.09725455384107336
C-EEU-LTU,other_plastics,2045,plastic_mixture,0.0968723279943109
C-EEU-LTU,other_plastics,2050,plastic_mixture,0.0962779028091071
C-EEU-LTU,other_plastics,2055,plastic_mixture,0.09603671456063222
C-EEU-LTU,other_plastics,2060,plastic_mixture,0.096074529196484
C-EEU-LTU,polypropylene,2020,polypropylene,0.10740570937805435
C-EEU-LTU,polypropylene,2025,polypropylene,0.10730295552490646
C-EEU-LTU,polypropylene,2030,polypropylene,0.1068960913438739
C-EEU-LTU,polypropylene,2035,polypropylene,0.10604496056882506
C-EEU-LTU,polypropylene,2040,polypropylene,0.10554299746441516
C-EEU-LTU,polypropylene,2045,polypropylene,0.10516340598045187
C-EEU-LTU,polypropylene,2050,polypropylene,0.10457007236848968
C-EEU-LTU,polypropylene,2055,polypropylene,0.10432951579248056
C-EEU-LTU,polypropylene,2060,polypropylene,0.1043661913109336
C-EEU-LTU,polystyrene,2020,polystyrene,0.13189154622921148
C-EEU-LTU,polystyrene,2025,polystyrene,0.1317818574199766
C-EEU-LTU,polystyrene,2030,polystyrene,0.1313599579224614
C-EEU-LTU,polystyrene,2035,polystyrene,0.1304870727299388
C-EEU-LTU,polystyrene,2040,polystyrene,0.12998289630123525
C-EEU-LTU,polystyrene,2045,polystyrene,0.1296026716335613
C-EEU-LTU,polystyrene,2050,polystyrene,0.12900906932930506
C-EEU-LTU,polystyrene,2055,polystyrene,0.12876835773942097
C-EEU-LTU,polystyrene,2060,polystyrene,0.12880529685805275
C-EEU-LTU,steel,2020,steel,0.00539270750673704
C-EEU-LTU,steel,2030,steel,0.00525487788194886
C-EEU-LTU,steel,2040,steel,0.00463851580362222
C-EEU-LTU,steel,2050,steel,0.00406910261846527
C-EEU-LTU,steel,2060,steel,0.00394709372053634
C-EEU-LVA,acrylonitrile_butadiene_styrene,2020,acrylonitrile_butadiene_styrene,0.11572029369757623
C-EEU-LVA,acrylonitrile_butadiene_styrene,2025,acrylonitrile_butadiene_styrene,0.115609621483123
C-EEU-LVA,acrylonitrile_butadiene_styrene,2030,acrylonitrile_butadiene_styrene,0.11519206490326336
C-EEU-LVA,acrylonitrile_butadiene_styrene,2035,acrylonitrile_butadiene_styrene,0.11432027527646171
C-EEU-LVA,acrylonitrile_butadiene_styrene,2040,acrylonitrile_butadiene_styrene,0.11381980396366284
C-EEU-LVA,acrylonitrile_butadiene_styrene,2045,acrylonitrile_butadiene_styrene,0.1134454386167098
C-EEU-LVA,acrylonitrile_butadiene_styrene,2050,acrylonitrile_butadiene_styrene,0.11285835818705334
C-EEU-LVA,acrylonitrile_butadiene_styrene,2055,acrylonitrile_butadiene_styrene,0.11262169978833442
C-EEU-LVA,acrylonitrile_butadiene_styrene,2060,acrylonitrile_butadiene_styrene,0.11265996905877984
C-EEU-LVA,aluminium,2020,aluminium,0.02217584637996731
C-EEU-LVA,aluminium,2030,aluminium,0.01804265850622942
C-EEU-LVA,aluminium,2040,aluminium,0.01255386243247877
C-EEU-LVA,aluminium,2050,aluminium,0.01095388272815646
C-EEU-LVA,aluminium,2060,aluminium,0.01060841530918518
C-EEU-LVA,bio-based_polypropylene,2020,polypropylene,0.10740570937805435
C-EEU-LVA,bio-based_polypropylene,2025,polypropylene,0.10730295552490646
C-EEU-LVA,bio-based_polypropylene,2030,polypropylene,0.1068960913438739
C-EEU-LVA,bio-based_polypropylene,2035,polypropylene,0.10604496056882506
C-EEU-LVA,bio-based_polypropylene,2040,polypropylene,0.10554299746441516
C-EEU-LVA,bio-based_polypropylene,2045,polypropylene,0.10516340598045187
C-EEU-LVA,bio-based_polypropylene,2050,polypropylene,0.10457007236848968
C-EEU-LVA,bio-based_polypropylene,2055,polypropylene,0.10432951579248056
C-EEU-LVA,bio-based_polypropylene,2060,polypropylene,0.1043661913109336
C-EEU-LVA,bio-based_polystyrene,2020,polystyrene,0.13189154622921148
C-EEU-LVA,bio-based_polystyrene,2025,polystyrene,0.1317818574199766
C-EEU-LVA,bio-based_polystyrene,2030,polystyrene,0.1313599579224614
C-EEU-LVA,bio-based_polystyrene,2035,polystyrene,0.1304870727299388
C-EEU-LVA,bio-based_polystyrene,2040,polystyrene,0.12998289630123525
C-EEU-LVA,bio-based_polystyrene,2045,polystyrene,0.1296026716335613
C-EEU-LVA,bio-based_polystyrene,2050,polystyrene,0.12900906932930506
C-EEU-LVA,bio-based_polystyrene,2055,polystyrene,0.12876835773942097
C-EEU-LVA,bio-based_polystyrene,2060,polystyrene,0.12880529685805275
C-EEU-LVA,concrete,2020,concrete,0.0053927075067372
C-EEU-LVA,concrete,2030,concrete,0.0052548778819487
C-EEU-LVA,concrete,2040,concrete,0.00463851580362222
C-EEU-LVA,concrete,2050,concrete,0.00406910261846518
C-EEU-LVA,concrete,2060,concrete,0.00394709372053634
C-EEU-LVA,copper,2020,copper,0.00539270750673704
C-EEU-LVA,copper,2030,copper,0.00525487788194886
C-EEU-LVA,copper,2040,copper,0.00463851580362222
C-EEU-LVA,copper,2050,copper,0.00406910261846527
C-EEU-LVA,copper,2060,copper,0.00394709372053634
C-EEU-LVA,glass,2020,glass,0.00536004154774015
C-EEU-LVA,glass,2030,glass,0.00527873637295789
C-EEU-LVA,glass,2040,glass,0.00477620264256572
C-EEU-LVA,glass,2050,glass,0.00428668631407529
C-EEU-LVA,glass,2060,glass,0.0042075035299545
C-EEU-LVA,other_plastics,2020,plastic_mixture,0.09931519353209156
C-EEU-LVA,other_plastics,2025,plastic_mixture,0.09918248375559847
C-EEU-LVA,other_plastics,2030,plastic_mixture,0.09871082005133495
C-EEU-LVA,other_plastics,2035,plastic_mixture,0.09776593312137184
C-EEU-LVA,other_plastics,2040,plastic_mixture,0.09725455384107336
C-EEU-LVA,other_plastics,2045,plastic_mixture,0.0968723279943109
C-EEU-LVA,other_plastics,2050,plastic_mixture,0.0962779028091071
C-EEU-LVA,other_plastics,2055,plastic_mixture,0.09603671456063222
C-EEU-LVA,other_plastics,2060,plastic_mixture,0.096074529196484
C-EEU-LVA,polypropylene,2020,polypropylene,0.10740570937805435
C-EEU-LVA,polypropylene,2025,polypropylene,0.10730295552490646
C-EEU-LVA,polypropylene,2030,polypropylene,0.1068960913438739
C-EEU-LVA,polypropylene,2035,polypropylene,0.10604496056882506
C-EEU-LVA,polypropylene,2040,polypropylene,0.10554299746441516
C-EEU-LVA,polypropylene,2045,polypropylene,0.10516340598045187
C-EEU-LVA,polypropylene,2050,polypropylene,0.10457007236848968
C-EEU-LVA,polypropylene,2055,polypropylene,0.10432951579248056
C-EEU-LVA,polypropylene,2060,polypropylene,0.1043661913109336
C-EEU-LVA,polystyrene,2020,polystyrene,0.13189154622921148
C-EEU-LVA,polystyrene,2025,polystyrene,0.1317818574199766
C-EEU-LVA,polystyrene,2030,polystyrene,0.1313599579224614
C-EEU-LVA,polystyrene,2035,polystyrene,0.1304870727299388
C-EEU-LVA,polystyrene,2040,polystyrene,0.12998289630123525
C-EEU-LVA,polystyrene,2045,polystyrene,0.1296026716335613
C-EEU-LVA,polystyrene,2050,polystyrene,0.12900906932930506
C-EEU-LVA,polystyrene,2055,polystyrene,0.12876835773942097
C-EEU-LVA,polystyrene,2060,polystyrene,0.12880529685805275
C-EEU-LVA,steel,2020,steel,0.00539270750673704
C-EEU-LVA,steel,2030,steel,0.00525487788194886
C-EEU-LVA,steel,2040,steel,0.00463851580362222
C-EEU-LVA,steel,2050,steel,0.00406910261846527
C-EEU-LVA,steel,2060,steel,0.00394709372053634
C-EEU-POL,acrylonitrile_butadiene_styrene,2020,acrylonitrile_butadiene_styrene,0.11572029369757623
C-EEU-POL,acrylonitrile_butadiene_styrene,2025,acrylonitrile_butadiene_styrene,0.115609621483123
C-EEU-POL,acrylonitrile_butadiene_styrene,2030,acrylonitrile_butadiene_styrene,0.11519206490326336
C-EEU-POL,acrylonitrile_butadiene_styrene,2035,acrylonitrile_butadiene_styrene,0.11432027527646171
C-EEU-POL,acrylonitrile_butadiene_styrene,2040,acrylonitrile_butadiene_styrene,0.11381980396366284
C-EEU-POL,acrylonitrile_butadiene_styrene,2045,acrylonitrile_butadiene_styrene,0.1134454386167098
C-EEU-POL,acrylonitrile_butadiene_styrene,2050,acrylonitrile_butadiene_styrene,0.11285835818705334
C-EEU-POL,acrylonitrile_butadiene_styrene,2055,acrylonitrile_butadiene_styrene,0.11262169978833442
C-EEU-POL,acrylonitrile_butadiene_styrene,2060,acrylonitrile_butadiene_styrene,0.11265996905877984
C-EEU-POL,aluminium,2020,aluminium,0.02217584637996731
C-EEU-POL,aluminium,2030,aluminium,0.01804265850622942
C-EEU-POL,aluminium,2040,aluminium,0.01255386243247877
C-EEU-POL,aluminium,2050,aluminium,0.01095388272815646
C-EEU-POL,aluminium,2060,aluminium,0.01060841530918518
C-EEU-POL,bio-based_polypropylene,2020,polypropylene,0.10740570937805435
C-EEU-POL,bio-based_polypropylene,2025,polypropylene,0.10730295552490646
C-EEU-POL,bio-based_polypropylene,2030,polypropylene,0.1068960913438739
C-EEU-POL,bio-based_polypropylene,2035,polypropylene,0.10604496056882506
C-EEU-POL,bio-based_polypropylene,2040,polypropylene,0.10554299746441516
C-EEU-POL,bio-based_polypropylene,2045,polypropylene,0.10516340598045187
C-EEU-POL,bio-based_polypropylene,2050,polypropylene,0.10457007236848968
C-EEU-POL,bio-based_polypropylene,2055,polypropylene,0.10432951579248056
C-EEU-POL,bio-based_polypropylene,2060,polypropylene,0.1043661913109336
C-EEU-POL,bio-based_polystyrene,2020,polystyrene,0.13189154622921148
C-EEU-POL,bio-based_polystyrene,2025,polystyrene,0.1317818574199766
C-EEU-POL,bio-based_polystyrene,2030,polystyrene,0.1313599579224614
C-EEU-POL,bio-based_polystyrene,2035,polystyrene,0.1304870727299388
C-EEU-POL,bio-based_polystyrene,2040,polystyrene,0.12998289630123525
C-EEU-POL,bio-based_polystyrene,2045,polystyrene,0.1296026716335613
C-EEU-POL,bio-based_polystyrene,2050,polystyrene,0.12900906932930506
C-EEU-POL,bio-based_polystyrene,2055,polystyrene,0.12876835773942097
C-EEU-POL,bio-based_polystyrene,2060,polystyrene,0.12880529685805275
C-EEU-POL,concrete,2020,concrete,0.0053927075067372
C-EEU-POL,concrete,2030,concrete,0.0052548778819487
C-EEU-POL,concrete,2040,concrete,0.00463851580362222
C-EEU-POL,concrete,2050,concrete,0.00406910261846518
C-EEU-POL,concrete,2060,concrete,0.00394709372053634
C-EEU-POL,copper,2020,copper,0.00539270750673704
C-EEU-POL,copper,2030,copper,0.00525487788194886
C-EEU-POL,copper,2040,copper,0.00463851580362222
C-EEU-POL,copper,2050,copper,0.00406910261846527
C-EEU-POL,copper,2060,copper,0.00394709372053634
C-EEU-POL,glass,2020,glass,0.00536004154774015
C-EEU-POL,glass,2030,glass,0.00527873637295789
C-EEU-POL,glass,2040,glass,0.00477620264256572
C-EEU-POL,glass,2050,glass,0.00428668631407529
C-EEU-POL,glass,2060,glass,0.0042075035299545
C-EEU-POL,other_plastics,2020,plastic_mixture,0.09931519353209156
C-EEU-POL,other_plastics,2025,plastic_mixture,0.09918248375559847
C-EEU-POL,other_plastics,2030,plastic_mixture,0.09871082005133495
C-EEU-POL,other_plastics,2035,plastic_mixture,0.09776593312137184
C-EEU-POL,other_plastics,2040,plastic_mixture,0.09725455384107336
C-EEU-POL,other_plastics,2045,plastic_mixture,0.0968723279943109
C-EEU-POL,other_plastics,2050,plastic_mixture,0.0962779028091071
C-EEU-POL,other_plastics,2055,plastic_mixture,0.09603671456063222
C-EEU-POL,other_plastics,2060,plastic_mixture,0.096074529196484
C-EEU-POL,polypropylene,2020,polypropylene,0.10740570937805435
C-EEU-POL,polypropylene,2025,polypropylene,0.10730295552490646
C-EEU-POL,polypropylene,2030,polypropylene,0.1068960913438739
C-EEU-POL,polypropylene,2035,polypropylene,0.10604496056882506
C-EEU-POL,polypropylene,2040,polypropylene,0.10554299746441516
C-EEU-POL,polypropylene,2045,polypropylene,0.10516340598045187
C-EEU-POL,polypropylene,2050,polypropylene,0.10457007236848968
C-EEU-POL,polypropylene,2055,polypropylene,0.10432951579248056
C-EEU-POL,polypropylene,2060,polypropylene,0.1043661913109336
C-EEU-POL,polystyrene,2020,polystyrene,0.13189154622921148
C-EEU-POL,polystyrene,2025,polystyrene,0.1317818574199766
C-EEU-POL,polystyrene,2030,polystyrene,0.1313599579224614
C-EEU-POL,polystyrene,2035,polystyrene,0.1304870727299388
C-EEU-POL,polystyrene,2040,polystyrene,0.12998289630123525
C-EEU-POL,polystyrene,2045,polystyrene,0.1296026716335613
C-EEU-POL,polystyrene,2050,polystyrene,0.12900906932930506
C-EEU-POL,polystyrene,2055,polystyrene,0.12876835773942097
C-EEU-POL,polystyrene,2060,polystyrene,0.12880529685805275
C-EEU-POL,steel,2020,steel,0.00539270750673704
C-EEU-POL,steel,2030,steel,0.00525487788194886
C-EEU-POL,steel,2040,steel,0.00463851580362222
C-EEU-POL,steel,2050,steel,0.00406910261846527
C-EEU-POL,steel,2060,steel,0.00394709372053634
C-EEU-ROU,acrylonitrile_butadiene_styrene,2020,acrylonitrile_butadiene_styrene,0.11572029369757623
C-EEU-ROU,acrylonitrile_butadiene_styrene,2025,acrylonitrile_butadiene_styrene,0.115609621483123
C-EEU-ROU,acrylonitrile_butadiene_styrene,2030,acrylonitrile_butadiene_styrene,0.11519206490326336
C-EEU-ROU,acrylonitrile_butadiene_styrene,2035,acrylonitrile_butadiene_styrene,0.11432027527646171
C-EEU-ROU,acrylonitrile_butadiene_styrene,2040,acrylonitrile_butadiene_styrene,0.11381980396366284
C-EEU-ROU,acrylonitrile_butadiene_styrene,2045,acrylonitrile_butadiene_styrene,0.1134454386167098
C-EEU-ROU,acrylonitrile_butadiene_styrene,2050,acrylonitrile_butadiene_styrene,0.11285835818705334
C-EEU-ROU,acrylonitrile_butadiene_styrene,2055,acrylonitrile_butadiene_styrene,0.11262169978833442
C-EEU-ROU,acrylonitrile_butadiene_styrene,2060,acrylonitrile_butadiene_styrene,0.11265996905877984
C-EEU-ROU,aluminium,2020,aluminium,0.02217584637996731
C-EEU-ROU,aluminium,2030,aluminium,0.01804265850622942
C-EEU-ROU,aluminium,2040,aluminium,0.01255386243247877
C-EEU-ROU,aluminium,2050,aluminium,0.01095388272815646
C-EEU-ROU,aluminium,2060,aluminium,0.01060841530918518
C-EEU-ROU,bio-based_polypropylene,2020,polypropylene,0.10740570937805435
C-EEU-ROU,bio-based_polypropylene,2025,polypropylene,0.10730295552490646
C-EEU-ROU,bio-based_polypropylene,2030,polypropylene,0.1068960913438739
C-EEU-ROU,bio-based_polypropylene,2035,polypropylene,0.10604496056882506
C-EEU-ROU,bio-based_polypropylene,2040,polypropylene,0.10554299746441516
C-EEU-ROU,bio-based_polypropylene,2045,polypropylene,0.10516340598045187
C-EEU-ROU,bio-based_polypropylene,2050,polypropylene,0.10457007236848968
C-EEU-ROU,bio-based_polypropylene,2055,polypropylene,0.10432951579248056
C-EEU-ROU,bio-based_polypropylene,2060,polypropylene,0.1043661913109336
C-EEU-ROU,bio-based_polystyrene,2020,polystyrene,0.13189154622921148
C-EEU-ROU,bio-based_polystyrene,2025,polystyrene,0.1317818574199766
C-EEU-ROU,bio-based_polystyrene,2030,polystyrene,0.1313599579224614
C-EEU-ROU,bio-based_polystyrene,2035,polystyrene,0.1304870727299388
C-EEU-ROU,bio-based_polystyrene,2040,polystyrene,0.12998289630123525
C-EEU-ROU,bio-based_polystyrene,2045,polystyrene,0.1296026716335613
C-EEU-ROU,bio-based_polystyrene,2050,polystyrene,0.12900906932930506
C-EEU-ROU,bio-based_polystyrene,2055,polystyrene,0.12876835773942097
C-EEU-ROU,bio-based_polystyrene,2060,polystyrene,0.12880529685805275
C-EEU-ROU,concrete,2020,concrete,0.0053927075067372
C-EEU-ROU,concrete,2030,concrete,0.0052548778819487
C-EEU-ROU,concrete,2040,concrete,0.00463851580362222
C-EEU-ROU,concrete,2050,concrete,0.00406910261846518
C-EEU-ROU,concrete,2060,concrete,0.00394709372053634
C-EEU-ROU,copper,2020,copper,0.00539270750673704
C-EEU-ROU,copper,2030,copper,0.00525487788194886
C-EEU-ROU,copper,2040,copper,0.00463851580362222
C-EEU-ROU,copper,2050,copper,0.00406910261846527
C-EEU-ROU,copper,2060,copper,0.00394709372053634
C-EEU-ROU,glass,2020,glass,0.00536004154774015
C-EEU-ROU,glass,2030,glass,0.00527873637295789
C-EEU-ROU,glass,2040,glass,0.00477620264256572
C-EEU-ROU,glass,2050,glass,0.00428668631407529
C-EEU-ROU,glass,2060,glass,0.0042075035299545
C-EEU-ROU,other_plastics,2020,plastic_mixture,0.09931519353209156
C-EEU-ROU,other_plastics,2025,plastic_mixture,0.09918248375559847
C-EEU-ROU,other_plastics,2030,plastic_mixture,0.09871082005133495
C-EEU-ROU,other_plastics,2035,plastic_mixture,0.09776593312137184
C-EEU-ROU,other_plastics,2040,plastic_mixture,0.09725455384107336
C-EEU-ROU,other_plastics,2045,plastic_mixture,0.0968723279943109
C-EEU-ROU,other_plastics,2050,plastic_mixture,0.0962779028091071
C-EEU-ROU,other_plastics,2055,plastic_mixture,0.09603671456063222
C-EEU-ROU,other_plastics,2060,plastic_mixture,0.096074529196484
C-EEU-ROU,polypropylene,2020,polypropylene,0.10740570937805435
C-EEU-ROU,polypropylene,2025,polypropylene,0.10730295552490646
C-EEU-ROU,polypropylene,2030,polypropylene,0.1068960913438739
C-EEU-ROU,polypropylene,2035,polypropylene,0.10604496056882506
C-EEU-ROU,polypropylene,2040,polypropylene,0.10554299746441516
C-EEU-ROU,polypropylene,2045,polypropylene,0.10516340598045187
C-EEU-ROU,polypropylene,2050,polypropylene,0.10457007236848968
C-EEU-ROU,polypropylene,2055,polypropylene,0.10432951579248056
C-EEU-ROU,polypropylene,2060,polypropylene,0.1043661913109336
C-EEU-ROU,polystyrene,2020,polystyrene,0.13189154622921148
C-EEU-ROU,polystyrene,2025,polystyrene,0.1317818574199766
C-EEU-ROU,polystyrene,2030,polystyrene,0.1313599579224614
C-EEU-ROU,polystyrene,2035,polystyrene,0.1304870727299388
C-EEU-ROU,polystyrene,2040,polystyrene,0.12998289630123525
C-EEU-ROU,polystyrene,2045,polystyrene,0.1296026716335613
C-EEU-ROU,polystyrene,2050,polystyrene,0.12900906932930506
C-EEU-ROU,polystyrene,2055,polystyrene,0.12876835773942097
C-EEU-ROU,polystyrene,2060,polystyrene,0.12880529685805275
C-EEU-ROU,steel,2020,steel,0.00539270750673704
C-EEU-ROU,steel,2030,steel,0.00525487788194886
C-EEU-ROU,steel,2040,steel,0.00463851580362222
C-EEU-ROU,steel,2050,steel,0.00406910261846527
C-EEU-ROU,steel,2060,steel,0.00394709372053634
C-EEU-SVK,acrylonitrile_butadiene_styrene,2020,acrylonitrile_butadiene_styrene,0.11572029369757623
C-EEU-SVK,acrylonitrile_butadiene_styrene,2025,acrylonitrile_butadiene_styrene,0.115609621483123
C-EEU-SVK,acrylonitrile_butadiene_styrene,2030,acrylonitrile_butadiene_styrene,0.11519206490326336
C-EEU-SVK,acrylonitrile_butadiene_styrene,2035,acrylonitrile_butadiene_styrene,0.11432027527646171
C-EEU-SVK,acrylonitrile_butadiene_styrene,2040,acrylonitrile_butadiene_styrene,0.11381980396366284
C-EEU-SVK,acrylonitrile_butadiene_styrene,2045,acrylonitrile_butadiene_styrene,0.1134454386167098
C-EEU-SVK,acrylonitrile_butadiene_styrene,2050,acrylonitrile_butadiene_styrene,0.11285835818705334
C-EEU-SVK,acrylonitrile_butadiene_styrene,2055,acrylonitrile_butadiene_styrene,0.11262169978833442
C-EEU-SVK,acrylonitrile_butadiene_styrene,2060,acrylonitrile_butadiene_styrene,0.11265996905877984
C-EEU-SVK,aluminium,2020,aluminium,0.02217584637996731
C-EEU-SVK,aluminium,2030,aluminium,0.01804265850622942
C-EEU-SVK,aluminium,2040,aluminium,0.01255386243247877
C-EEU-SVK,aluminium,2050,aluminium,0.01095388272815646
C-EEU-SVK,aluminium,2060,aluminium,0.01060841530918518
C-EEU-SVK,bio-based_polypropylene,2020,polypropylene,0.10740570937805435
C-EEU-SVK,bio-based_polypropylene,2025,polypropylene,0.10730295552490646
C-EEU-SVK,bio-based_polypropylene,2030,polypropylene,0.1068960913438739
C-EEU-SVK,bio-based_polypropylene,2035,polypropylene,0.10604496056882506
C-EEU-SVK,bio-based_polypropylene,2040,polypropylene,0.10554299746441516
C-EEU-SVK,bio-based_polypropylene,2045,polypropylene,0.10516340598045187
C-EEU-SVK,bio-based_polypropylene,2050,polypropylene,0.10457007236848968
C-EEU-SVK,bio-based_polypropylene,2055,polypropylene,0.10432951579248056
C-EEU-SVK,bio-based_polypropylene,2060,polypropylene,0.1043661913109336
C-EEU-SVK,bio-based_polystyrene,2020,polystyrene,0.13189154622921148
C-EEU-SVK,bio-based_polystyrene,2025,polystyrene,0.1317818574199766
C-EEU-SVK,bio-based_polystyrene,2030,polystyrene,0.1313599579224614
C-EEU-SVK,bio-based_polystyrene,2035,polystyrene,0.1304870727299388
C-EEU-SVK,bio-based_polystyrene,2040,polystyrene,0.12998289630123525
C-EEU-SVK,bio-based_polystyrene,2045,polystyrene,0.1296026716335613
C-EEU-SVK,bio-based_polystyrene,2050,polystyrene,0.12900906932930506
C-EEU-SVK,bio-based_polystyrene,2055,polystyrene,0.12876835773942097
C-EEU-SVK,bio-based_polystyrene,2060,polystyrene,0.12880529685805275
C-EEU-SVK,concrete,2020,concrete,0.0053927075067372
C-EEU-SVK,concrete,2030,concrete,0.0052548778819487
C-EEU-SVK,concrete,2040,concrete,0.00463851580362222
C-EEU-SVK,concrete,2050,concrete,0.00406910261846518
C-EEU-SVK,concrete,2060,concrete,0.00394709372053634
C-EEU-SVK,copper,2020,copper,0.00539270750673704
C-EEU-SVK,copper,2030,copper,0.00525487788194886
C-EEU-SVK,copper,2040,copper,0.00463851580362222
C-EEU-SVK,copper,2050,copper,0.00406910261846527
C-EEU-SVK,copper,2060,copper,0.00394709372053634
C-EEU-SVK,glass,2020,glass,0.00536004154774015
C-EEU-SVK,glass,2030,glass,0.00527873637295789
C-EEU-SVK,glass,2040,glass,0.00477620264256572
C-EEU-SVK,glass,2050,glass,0.00428668631407529
C-EEU-SVK,glass,2060,glass,0.0042075035299545
C-EEU-SVK,other_plastics,2020,plastic_mixture,0.09931519353209156
C-EEU-SVK,other_plastics,2025,plastic_mixture,0.09918248375559847
C-EEU-SVK,other_plastics,2030,plastic_mixture,0.09871082005133495
C-EEU-SVK,other_plastics,2035,plastic_mixture,0.09776593312137184
C-EEU-SVK,other_plastics,2040,plastic_mixture,0.09725455384107336
C-EEU-SVK,other_plastics,2045,plastic_mixture,0.0968723279943109
C-EEU-SVK,other_plastics,2050,plastic_mixture,0.0962779028091071
C-EEU-SVK,other_plastics,2055,plastic_mixture,0.09603671456063222
C-EEU-SVK,other_plastics,2060,plastic_mixture,0.096074529196484
C-EEU-SVK,polypropylene,2020,polypropylene,0.10740570937805435
C-EEU-SVK,polypropylene,2025,polypropylene,0.10730295552490646
C-EEU-SVK,polypropylene,2030,polypropylene,0.1068960913438739
C-EEU-SVK,polypropylene,2035,polypropylene,0.10604496056882506
C-EEU-SVK,polypropylene,2040,polypropylene,0.10554299746441516
C-EEU-SVK,polypropylene,2045,polypropylene,0.10516340598045187
C-EEU-SVK,polypropylene,2050,polypropylene,0.10457007236848968
C-EEU-SVK,polypropylene,2055,polypropylene,0.10432951579248056
C-EEU-SVK,polypropylene,2060,polypropylene,0.1043661913109336
C-EEU-SVK,polystyrene,2020,polystyrene,0.13189154622921148
C-EEU-SVK,polystyrene,2025,polystyrene,0.1317818574199766
C-EEU-SVK,polystyrene,2030,polystyrene,0.1313599579224614
C-EEU-SVK,polystyrene,2035,polystyrene,0.1304870727299388
C-EEU-SVK,polystyrene,2040,polystyrene,0.12998289630123525
C-EEU-SVK,polystyrene,2045,polystyrene,0.1296026716335613
C-EEU-SVK,polystyrene,2050,polystyrene,0.12900906932930506
C-EEU-SVK,polystyrene,2055,polystyrene,0.12876835773942097
C-EEU-SVK,polystyrene,2060,polystyrene,0.12880529685805275
C-EEU-SVK,steel,2020,steel,0.00539270750673704
C-EEU-SVK,steel,2030,steel,0.00525487788194886
C-EEU-SVK,steel,2040,steel,0.00463851580362222
C-EEU-SVK,steel,2050,steel,0.00406910261846527
C-EEU-SVK,steel,2060,steel,0.00394709372053634
C-EEU-SVN,acrylonitrile_butadiene_styrene,2020,acrylonitrile_butadiene_styrene,0.11572029369757623
C-EEU-SVN,acrylonitrile_butadiene_styrene,2025,acrylonitrile_butadiene_styrene,0.115609621483123
C-EEU-SVN,acrylonitrile_butadiene_styrene,2030,acrylonitrile_butadiene_styrene,0.11519206490326336
C-EEU-SVN,acrylonitrile_butadiene_styrene,2035,acrylonitrile_butadiene_styrene,0.11432027527646171
C-EEU-SVN,acrylonitrile_butadiene_styrene,2040,acrylonitrile_butadiene_styrene,0.11381980396366284
C-EEU-SVN,acrylonitrile_butadiene_styrene,2045,acrylonitrile_butadiene_styrene,0.1134454386167098
C-EEU-SVN,acrylonitrile_butadiene_styrene,2050,acrylonitrile_butadiene_styrene,0.11285835818705334
C-EEU-SVN,acrylonitrile_butadiene_styrene,2055,acrylonitrile_butadiene_styrene,0.11262169978833442
C-EEU-SVN,acrylonitrile_butadiene_styrene,2060,acrylonitrile_butadiene_styrene,0.11265996905877984
C-EEU-SVN,aluminium,2020,aluminium,0.02217584637996731
C-EEU-SVN,aluminium,2030,aluminium,0.01804265850622942
C-EEU-SVN,aluminium,2040,aluminium,0.01255386243247877
C-EEU-SVN,aluminium,2050,aluminium,0.01095388272815646
C-EEU-SVN,aluminium,2060,aluminium,0.01060841530918518
C-EEU-SVN,bio-based_polypropylene,2020,polypropylene,0.10740570937805435
C-EEU-SVN,bio-based_polypropylene,2025,polypropylene,0.10730295552490646
C-EEU-SVN,bio-based_polypropylene,2030,polypropylene,0.1068960913438739
C-EEU-SVN,bio-based_polypropylene,2035,polypropylene,0.10604496056882506
C-EEU-SVN,bio-based_polypropylene,2040,polypropylene,0.10554299746441516
C-EEU-SVN,bio-based_polypropylene,2045,polypropylene,0.10516340598045187
C-EEU-SVN,bio-based_polypropylene,2050,polypropylene,0.10457007236848968
C-EEU-SVN,bio-based_polypropylene,2055,polypropylene,0.10432951579248056
C-EEU-SVN,bio-based_polypropylene,2060,polypropylene,0.1043661913109336
C-EEU-SVN,bio-based_polystyrene,2020,polystyrene,0.13189154622921148
C-EEU-SVN,bio-based_polystyrene,2025,polystyrene,0.1317818574199766
C-EEU-SVN,bio-based_polystyrene,2030,polystyrene,0.1313599579224614
C-EEU-SVN,bio-based_polystyrene,2035,polystyrene,0.1304870727299388
C-EEU-SVN,bio-based_polystyrene,2040,polystyrene,0.12998289630123525
C-EEU-SVN,bio-based_polystyrene,2045,polystyrene,0.1296026716335613
C-EEU-SVN,bio-based_polystyrene,2050,polystyrene,0.12900906932930506
C-EEU-SVN,bio-based_polystyrene,2055,polystyrene,0.12876835773942097
C-EEU-SVN,bio-based_polystyrene,2060,polystyrene,0.12880529685805275
C-EEU-SVN,concrete,2020,concrete,0.0053927075067372
C-EEU-SVN,concrete,2030,concrete,0.0052548778819487
C-EEU-SVN,concrete,2040,concrete,0.00463851580362222
C-EEU-SVN,concrete,2050,concrete,0.00406910261846518
C-EEU-SVN,concrete,2060,concrete,0.00394709372053634
C-EEU-SVN,copper,2020,copper,0.00539270750673704
C-EEU-SVN,copper,2030,copper,0.00525487788194886
C-EEU-SVN,copper,2040,copper,0.00463851580362222
C-EEU-SVN,copper,2050,copper,0.00406910261846527
C-EEU-SVN,copper,2060,copper,0.00394709372053634
C-EEU-SVN,glass,2020,glass,0.00536004154774015
C-EEU-SVN,glass,2030,glass,0.00527873637295789
C-EEU-SVN,glass,2040,glass,0.00477620264256572
C-EEU-SVN,glass,2050,glass,0.00428668631407529
C-EEU-SVN,glass,2060,glass,0.0042075035299545
C-EEU-SVN,other_plastics,2020,plastic_mixture,0.09931519353209156
C-EEU-SVN,other_plastics,2025,plastic_mixture,0.09918248375559847
C-EEU-SVN,other_plastics,2030,plastic_mixture,0.09871082005133495
C-EEU-SVN,other_plastics,2035,plastic_mixture,0.09776593312137184
C-EEU-SVN,other_plastics,2040,plastic_mixture,0.09725455384107336
C-EEU-SVN,other_plastics,2045,plastic_mixture,0.0968723279943109
C-EEU-SVN,other_plastics,2050,plastic_mixture,0.0962779028091071
C-EEU-SVN,other_plastics,2055,plastic_mixture,0.09603671456063222
C-EEU-SVN,other_plastics,2060,plastic_mixture,0.096074529196484
C-EEU-SVN,polypropylene,2020,polypropylene,0.10740570937805435
C-EEU-SVN,polypropylene,2025,polypropylene,0.10730295552490646
C-EEU-SVN,polypropylene,2030,polypropylene,0.1068960913438739
C-EEU-SVN,polypropylene,2035,polypropylene,0.10604496056882506
C-EEU-SVN,polypropylene,2040,polypropylene,0.10554299746441516
C-EEU-SVN,polypropylene,2045,polypropylene,0.10516340598045187
C-EEU-SVN,polypropylene,2050,polypropylene,0.10457007236848968
C-EEU-SVN,polypropylene,2055,polypropylene,0.10432951579248056
C-EEU-SVN,polypropylene,2060,polypropylene,0.1043661913109336
C-EEU-SVN,polystyrene,2020,polystyrene,0.13189154622921148
C-EEU-SVN,polystyrene,2025,polystyrene,0.1317818574199766
C-EEU-SVN,polystyrene,2030,polystyrene,0.1313599579224614
C-EEU-SVN,polystyrene,2035,polystyrene,0.1304870727299388
C-EEU-SVN,polystyrene,2040,polystyrene,0.12998289630123525
C-EEU-SVN,polystyrene,2045,polystyrene,0.1296026716335613
C-EEU-SVN,polystyrene,2050,polystyrene,0.12900906932930506
C-EEU-SVN,polystyrene,2055,polystyrene,0.12876835773942097
C-EEU-SVN,polystyrene,2060,polystyrene,0.12880529685805275
C-EEU-SVN,steel,2020,steel,0.00539270750673704
C-EEU-SVN,steel,2030,steel,0.00525487788194886
C-EEU-SVN,steel,2040,steel,0.00463851580362222
C-EEU-SVN,steel,2050,steel,0.00406910261846527
C-EEU-SVN,steel,2060,steel,0.00394709372053634
C-WEU-AUT,acrylonitrile_butadiene_styrene,2020,acrylonitrile_butadiene_styrene,0.11572029369757623
C-WEU-AUT,acrylonitrile_butadiene_styrene,2025,acrylonitrile_butadiene_styrene,0.115609621483123
C-WEU-AUT,acrylonitrile_butadiene_styrene,2030,acrylonitrile_butadiene_styrene,0.11519206490326336
C-WEU-AUT,acrylonitrile_butadiene_styrene,2035,acrylonitrile_butadiene_styrene,0.11432027527646171
C-WEU-AUT,acrylonitrile_butadiene_styrene,2040,acrylonitrile_butadiene_styrene,0.11381980396366284
C-WEU-AUT,acrylonitrile_butadiene_styrene,2045,acrylonitrile_butadiene_styrene,0.1134454386167098
C-WEU-AUT,acrylonitrile_butadiene_styrene,2050,acrylonitrile_butadiene_styrene,0.11285835818705334
C-WEU-AUT,acrylonitrile_butadiene_styrene,2055,acrylonitrile_butadiene_styrene,0.11262169978833442
C-WEU-AUT,acrylonitrile_butadiene_styrene,2060,acrylonitrile_butadiene_styrene,0.11265996905877984
C-WEU-AUT,aluminium,2020,aluminium,0.02217584637996731
C-WEU-AUT,aluminium,2030,aluminium,0.01804265850622942
C-WEU-AUT,aluminium,2040,aluminium,0.01255386243247877
C-WEU-AUT,aluminium,2050,aluminium,0.01095388272815646
C-WEU-AUT,aluminium,2060,aluminium,0.01060841530918518
C-WEU-AUT,bio-based_polypropylene,2020,polypropylene,0.10740570937805435
C-WEU-AUT,bio-based_polypropylene,2025,polypropylene,0.10730295552490646
C-WEU-AUT,bio-based_polypropylene,2030,polypropylene,0.1068960913438739
C-WEU-AUT,bio-based_polypropylene,2035,polypropylene,0.10604496056882506
C-WEU-AUT,bio-based_polypropylene,2040,polypropylene,0.10554299746441516
C-WEU-AUT,bio-based_polypropylene,2045,polypropylene,0.10516340598045187
C-WEU-AUT,bio-based_polypropylene,2050,polypropylene,0.10457007236848968
C-WEU-AUT,bio-based_polypropylene,2055,polypropylene,0.10432951579248056
C-WEU-AUT,bio-based_polypropylene,2060,polypropylene,0.1043661913109336
C-WEU-AUT,bio-based_polystyrene,2020,polystyrene,0.13189154622921148
C-WEU-AUT,bio-based_polystyrene,2025,polystyrene,0.1317818574199766
C-WEU-AUT,bio-based_polystyrene,2030,polystyrene,0.1313599579224614
C-WEU-AUT,bio-based_polystyrene,2035,polystyrene,0.1304870727299388
C-WEU-AUT,bio-based_polystyrene,2040,polystyrene,0.12998289630123525
C-WEU-AUT,bio-based_polystyrene,2045,polystyrene,0.1296026716335613
C-WEU-AUT,bio-based_polystyrene,2050,polystyrene,0.12900906932930506
C-WEU-AUT,bio-based_polystyrene,2055,polystyrene,0.12876835773942097
C-WEU-AUT,bio-based_polystyrene,2060,polystyrene,0.12880529685805275
C-WEU-AUT,concrete,2020,concrete,0.0053927075067372
C-WEU-AUT,concrete,2030,concrete,0.0052548778819487
C-WEU-AUT,concrete,2040,concrete,0.00463851580362222
C-WEU-AUT,concrete,2050,concrete,0.00406910261846518
C-WEU-AUT,concrete,2060,concrete,0.00394709372053634
C-WEU-AUT,copper,2020,copper,0.00539270750673704
C-WEU-AUT,copper,2030,copper,0.00525487788194886
C-WEU-AUT,copper,2040,copper,0.00463851580362222
C-WEU-AUT,copper,2050,copper,0.00406910261846527
C-WEU-AUT,copper,2060,copper,0.00394709372053634
C-WEU-AUT,glass,2020,glass,0.00536004154774015
C-WEU-AUT,glass,2030,glass,0.00527873637295789
C-WEU-AUT,glass,2040,glass,0.00477620264256572
C-WEU-AUT,glass,2050,glass,0.00428668631407529
C-WEU-AUT,glass,2060,glass,0.0042075035299545
C-WEU-AUT,other_plastics,2020,plastic_mixture,0.09931519353209156
C-WEU-AUT,other_plastics,2025,plastic_mixture,0.09918248375559847
C-WEU-AUT,other_plastics,2030,plastic_mixture,0.09871082005133495
C-WEU-AUT,other_plastics,2035,plastic_mixture,0.09776593312137184
C-WEU-AUT,other_plastics,2040,plastic_mixture,0.09725455384107336
C-WEU-AUT,other_plastics,2045,plastic_mixture,0.0968723279943109
C-WEU-AUT,other_plastics,2050,plastic_mixture,0.0962779028091071
C-WEU-AUT,other_plastics,2055,plastic_mixture,0.09603671456063222
C-WEU-AUT,other_plastics,2060,plastic_mixture,0.096074529196484
C-WEU-AUT,polypropylene,2020,polypropylene,0.10740570937805435
C-WEU-AUT,polypropylene,2025,polypropylene,0.10730295552490646
C-WEU-AUT,polypropylene,2030,polypropylene,0.1068960913438739
C-WEU-AUT,polypropylene,2035,polypropylene,0.10604496056882506
C-WEU-AUT,polypropylene,2040,polypropylene,0.10554299746441516
C-WEU-AUT,polypropylene,2045,polypropylene,0.10516340598045187
C-WEU-AUT,polypropylene,2050,polypropylene,0.10457007236848968
C-WEU-AUT,polypropylene,2055,polypropylene,0.10432951579248056
C-WEU-AUT,polypropylene,2060,polypropylene,0.1043661913109336
C-WEU-AUT,polystyrene,2020,polystyrene,0.13189154622921148
C-WEU-AUT,polystyrene,2025,polystyrene,0.1317818574199766
C-WEU-AUT,polystyrene,2030,polystyrene,0.1313599579224614
C-WEU-AUT,polystyrene,2035,polystyrene,0.1304870727299388
C-WEU-AUT,polystyrene,2040,polystyrene,0.12998289630123525
C-WEU-AUT,polystyrene,2045,polystyrene,0.1296026716335613
C-WEU-AUT,polystyrene,2050,polystyrene,0.12900906932930506
C-WEU-AUT,polystyrene,2055,polystyrene,0.12876835773942097
C-WEU-AUT,polystyrene,2060,polystyrene,0.12880529685805275
C-WEU-AUT,steel,2020,steel,0.00539270750673704
C-WEU-AUT,steel,2030,steel,0.00525487788194886
C-WEU-AUT,steel,2040,steel,0.00463851580362222
C-WEU-AUT,steel,2050,steel,0.00406910261846527
C-WEU-AUT,steel,2060,steel,0.00394709372053634
C-WEU-BEL,acrylonitrile_butadiene_styrene,2020,acrylonitrile_butadiene_styrene,0.11572029369757623
C-WEU-BEL,acrylonitrile_butadiene_styrene,2025,acrylonitrile_butadiene_styrene,0.115609621483123
C-WEU-BEL,acrylonitrile_butadiene_styrene,2030,acrylonitrile_butadiene_styrene,0.11519206490326336
C-WEU-BEL,acrylonitrile_butadiene_styrene,2035,acrylonitrile_butadiene_styrene,0.11432027527646171
C-WEU-BEL,acrylonitrile_butadiene_styrene,2040,acrylonitrile_butadiene_styrene,0.11381980396366284
C-WEU-BEL,acrylonitrile_butadiene_styrene,2045,acrylonitrile_butadiene_styrene,0.1134454386167098
C-WEU-BEL,acrylonitrile_butadiene_styrene,2050,acrylonitrile_butadiene_styrene,0.11285835818705334
C-WEU-BEL,acrylonitrile_butadiene_styrene,2055,acrylonitrile_butadiene_styrene,0.11262169978833442
C-WEU-BEL,acrylonitrile_butadiene_styrene,2060,acrylonitrile_butadiene_styrene,0.11265996905877984
C-WEU-BEL,aluminium,2020,aluminium,0.02217584637996731
C-WEU-BEL,aluminium,2030,aluminium,0.01804265850622942
C-WEU-BEL,aluminium,2040,aluminium,0.01255386243247877
C-WEU-BEL,aluminium,2050,aluminium,0.01095388272815646
C-WEU-BEL,aluminium,2060,aluminium,0.01060841530918518
C-WEU-BEL,bio-based_polypropylene,2020,polypropylene,0.10740570937805435
C-WEU-BEL,bio-based_polypropylene,2025,polypropylene,0.10730295552490646
C-WEU-BEL,bio-based_polypropylene,2030,polypropylene,0.1068960913438739
C-WEU-BEL,bio-based_polypropylene,2035,polypropylene,0.10604496056882506
C-WEU-BEL,bio-based_polypropylene,2040,polypropylene,0.10554299746441516
C-WEU-BEL,bio-based_polypropylene,2045,polypropylene,0.10516340598045187
C-WEU-BEL,bio-based_polypropylene,2050,polypropylene,0.10457007236848968
C-WEU-BEL,bio-based_polypropylene,2055,polypropylene,0.10432951579248056
C-WEU-BEL,bio-based_polypropylene,2060,polypropylene,0.1043661913109336
C-WEU-BEL,bio-based_polystyrene,2020,polystyrene,0.13189154622921148
C-WEU-BEL,bio-based_polystyrene,2025,polystyrene,0.1317818574199766
C-WEU-BEL,bio-based_polystyrene,2030,polystyrene,0.1313599579224614
C-WEU-BEL,bio-based_polystyrene,2035,polystyrene,0.1304870727299388
C-WEU-BEL,bio-based_polystyrene,2040,polystyrene,0.12998289630123525
C-WEU-BEL,bio-based_polystyrene,2045,polystyrene,0.1296026716335613
C-WEU-BEL,bio-based_polystyrene,2050,polystyrene,0.12900906932930506
C-WEU-BEL,bio-based_polystyrene,2055,polystyrene,0.12876835773942097
C-WEU-BEL,bio-based_polystyrene,2060,polystyrene,0.12880529685805275
C-WEU-BEL,concrete,2020,concrete,0.0053927075067372
C-WEU-BEL,concrete,2030,concrete,0.0052548778819487
C-WEU-BEL,concrete,2040,concrete,0.00463851580362222
C-WEU-BEL,concrete,2050,concrete,0.00406910261846518
C-WEU-BEL,concrete,2060,concrete,0.00394709372053634
C-WEU-BEL,copper,2020,copper,0.00539270750673704
C-WEU-BEL,copper,2030,copper,0.00525487788194886
C-WEU-BEL,copper,2040,copper,0.00463851580362222
C-WEU-BEL,copper,2050,copper,0.00406910261846527
C-WEU-BEL,copper,2060,copper,0.00394709372053634
C-WEU-BEL,glass,2020,glass,0.00536004154774015
C-WEU-BEL,glass,2030,glass,0.00527873637295789
C-WEU-BEL,glass,2040,glass,0.00477620264256572
C-WEU-BEL,glass,2050,glass,0.00428668631407529
C-WEU-BEL,glass,2060,glass,0.0042075035299545
C-WEU-BEL,other_plastics,2020,plastic_mixture,0.09931519353209156
C-WEU-BEL,other_plastics,2025,plastic_mixture,0.09918248375559847
C-WEU-BEL,other_plastics,2030,plastic_mixture,0.09871082005133495
C-WEU-BEL,other_plastics,2035,plastic_mixture,0.09776593312137184
C-WEU-BEL,other_plastics,2040,plastic_mixture,0.09725455384107336
C-WEU-BEL,other_plastics,2045,plastic_mixture,0.0968723279943109
C-WEU-BEL,other_plastics,2050,plastic_mixture,0.0962779028091071
C-WEU-BEL,other_plastics,2055,plastic_mixture,0.09603671456063222
C-WEU-BEL,other_plastics,2060,plastic_mixture,0.096074529196484
C-WEU-BEL,polypropylene,2020,polypropylene,0.10740570937805435
C-WEU-BEL,polypropylene,2025,polypropylene,0.10730295552490646
C-WEU-BEL,polypropylene,2030,polypropylene,0.1068960913438739
C-WEU-BEL,polypropylene,2035,polypropylene,0.10604496056882506
C-WEU-BEL,polypropylene,2040,polypropylene,0.10554299746441516
C-WEU-BEL,polypropylene,2045,polypropylene,0.10516340598045187
C-WEU-BEL,polypropylene,2050,polypropylene,0.10457007236848968
C-WEU-BEL,polypropylene,2055,polypropylene,0.10432951579248056
C-WEU-BEL,polypropylene,2060,polypropylene,0.1043661913109336
C-WEU-BEL,polystyrene,2020,polystyrene,0.13189154622921148
C-WEU-BEL,polystyrene,2025,polystyrene,0.1317818574199766
C-WEU-BEL,polystyrene,2030,polystyrene,0.1313599579224614
C-WEU-BEL,polystyrene,2035,polystyrene,0.1304870727299388
C-WEU-BEL,polystyrene,2040,polystyrene,0.12998289630123525
C-WEU-BEL,polystyrene,2045,polystyrene,0.1296026716335613
C-WEU-BEL,polystyrene,2050,polystyrene,0.12900906932930506
C-WEU-BEL,polystyrene,2055,polystyrene,0.12876835773942097
C-WEU-BEL,polystyrene,2060,polystyrene,0.12880529685805275
C-WEU-BEL,steel,2020,steel,0.00539270750673704
C-WEU-BEL,steel,2030,steel,0.00525487788194886
C-WEU-BEL,steel,2040,steel,0.00463851580362222
C-WEU-BEL,steel,2050,steel,0.00406910261846527
C-WEU-BEL,steel,2060,steel,0.00394709372053634
C-WEU-CHE,acrylonitrile_butadiene_styrene,2020,acrylonitrile_butadiene_styrene,0.11572029369757623
C-WEU-CHE,acrylonitrile_butadiene_styrene,2025,acrylonitrile_butadiene_styrene,0.115609621483123
C-WEU-CHE,acrylonitrile_butadiene_styrene,2030,acrylonitrile_butadiene_styrene,0.11519206490326336
C-WEU-CHE,acrylonitrile_butadiene_styrene,2035,acrylonitrile_butadiene_styrene,0.11432027527646171
C-WEU-CHE,acrylonitrile_butadiene_styrene,2040,acrylonitrile_butadiene_styrene,0.11381980396366284
C-WEU-CHE,acrylonitrile_butadiene_styrene,2045,acrylonitrile_butadiene_styrene,0.1134454386167098
C-WEU-CHE,acrylonitrile_butadiene_styrene,2050,acrylonitrile_butadiene_styrene,0.11285835818705334
C-WEU-CHE,acrylonitrile_butadiene_styrene,2055,acrylonitrile_butadiene_styrene,0.11262169978833442
C-WEU-CHE,acrylonitrile_butadiene_styrene,2060,acrylonitrile_butadiene_styrene,0.11265996905877984
C-WEU-CHE,aluminium,2020,aluminium,0.02217584637996731
C-WEU-CHE,aluminium,2030,aluminium,0.01804265850622942
C-WEU-CHE,aluminium,2040,aluminium,0.01255386243247877
C-WEU-CHE,aluminium,2050,aluminium,0.01095388272815646
C-WEU-CHE,aluminium,2060,aluminium,0.01060841530918518
C-WEU-CHE,bio-based_polypropylene,2020,polypropylene,0.10740570937805435
C-WEU-CHE,bio-based_polypropylene,2025,polypropylene,0.10730295552490646
C-WEU-CHE,bio-based_polypropylene,2030,polypropylene,0.1068960913438739
C-WEU-CHE,bio-based_polypropylene,2035,polypropylene,0.10604496056882506
C-WEU-CHE,bio-based_polypropylene,2040,polypropylene,0.10554299746441516
C-WEU-CHE,bio-based_polypropylene,2045,polypropylene,0.10516340598045187
C-WEU-CHE,bio-based_polypropylene,2050,polypropylene,0.10457007236848968
C-WEU-CHE,bio-based_polypropylene,2055,polypropylene,0.10432951579248056
C-WEU-CHE,bio-based_polypropylene,2060,polypropylene,0.1043661913109336
C-WEU-CHE,bio-based_polystyrene,2020,polystyrene,0.13189154622921148
C-WEU-CHE,bio-based_polystyrene,2025,polystyrene,0.1317818574199766
C-WEU-CHE,bio-based_polystyrene,2030,polystyrene,0.1313599579224614
C-WEU-CHE,bio-based_polystyrene,2035,polystyrene,0.1304870727299388
C-WEU-CHE,bio-based_polystyrene,2040,polystyrene,0.12998289630123525
C-WEU-CHE,bio-based_polystyrene,2045,polystyrene,0.1296026716335613
C-WEU-CHE,bio-based_polystyrene,2050,polystyrene,0.12900906932930506
C-WEU-CHE,bio-based_polystyrene,2055,polystyrene,0.12876835773942097
C-WEU-CHE,bio-based_polystyrene,2060,polystyrene,0.12880529685805275
C-WEU-CHE,concrete,2020,concrete,0.0053927075067372
C-WEU-CHE,concrete,2030,concrete,0.0052548778819487
C-WEU-CHE,concrete,2040,concrete,0.00463851580362222
C-WEU-CHE,concrete,2050,concrete,0.00406910261846518
C-WEU-CHE,concrete,2060,concrete,0.00394709372053634
C-WEU-CHE,copper,2020,copper,0.00539270750673704
C-WEU-CHE,copper,2030,copper,0.00525487788194886
C-WEU-CHE,copper,2040,copper,0.00463851580362222
C-WEU-CHE,copper,2050,copper,0.00406910261846527
C-WEU-CHE,copper,2060,copper,0.00394709372053634
C-WEU-CHE,glass,2020,glass,0.00536004154774015
C-WEU-CHE,glass,2030,glass,0.00527873637295789
C-WEU-CHE,glass,2040,glass,0.00477620264256572
C-WEU-CHE,glass,2050,glass,0.00428668631407529
C-WEU-CHE,glass,2060,glass,0.0042075035299545
C-WEU-CHE,other_plastics,2020,plastic_mixture,0.09931519353209156
C-WEU-CHE,other_plastics,2025,plastic_mixture,0.09918248375559847
C-WEU-CHE,other_plastics,2030,plastic_mixture,0.09871082005133495
C-WEU-CHE,other_plastics,2035,plastic_mixture,0.09776593312137184
C-WEU-CHE,other_plastics,2040,plastic_mixture,0.09725455384107336
C-WEU-CHE,other_plastics,2045,plastic_mixture,0.0968723279943109
C-WEU-CHE,other_plastics,2050,plastic_mixture,0.0962779028091071
C-WEU-CHE,other_plastics,2055,plastic_mixture,0.09603671456063222
C-WEU-CHE,other_plastics,2060,plastic_mixture,0.096074529196484
C-WEU-CHE,polypropylene,2020,polypropylene,0.10740570937805435
C-WEU-CHE,polypropylene,2025,polypropylene,0.10730295552490646
C-WEU-CHE,polypropylene,2030,polypropylene,0.1068960913438739
C-WEU-CHE,polypropylene,2035,polypropylene,0.10604496056882506
C-WEU-CHE,polypropylene,2040,polypropylene,0.10554299746441516
C-WEU-CHE,polypropylene,2045,polypropylene,0.10516340598045187
C-WEU-CHE,polypropylene,2050,polypropylene,0.10457007236848968
C-WEU-CHE,polypropylene,2055,polypropylene,0.10432951579248056
C-WEU-CHE,polypropylene,2060,polypropylene,0.1043661913109336
C-WEU-CHE,polystyrene,2020,polystyrene,0.13189154622921148
C-WEU-CHE,polystyrene,2025,polystyrene,0.1317818574199766
C-WEU-CHE,polystyrene,2030,polystyrene,0.1313599579224614
C-WEU-CHE,polystyrene,2035,polystyrene,0.1304870727299388
C-WEU-CHE,polystyrene,2040,polystyrene,0.12998289630123525
C-WEU-CHE,polystyrene,2045,polystyrene,0.1296026716335613
C-WEU-CHE,polystyrene,2050,polystyrene,0.12900906932930506
C-WEU-CHE,polystyrene,2055,polystyrene,0.12876835773942097
C-WEU-CHE,polystyrene,2060,polystyrene,0.12880529685805275
C-WEU-CHE,steel,2020,steel,0.00539270750673704
C-WEU-CHE,steel,2030,steel,0.00525487788194886
C-WEU-CHE,steel,2040,steel,0.00463851580362222
C-WEU-CHE,steel,2050,steel,0.00406910261846527
C-WEU-CHE,steel,2060,steel,0.00394709372053634
C-WEU-CYP,acrylonitrile_butadiene_styrene,2020,acrylonitrile_butadiene_styrene,0.11572029369757623
C-WEU-CYP,acrylonitrile_butadiene_styrene,2025,acrylonitrile_butadiene_styrene,0.115609621483123
C-WEU-CYP,acrylonitrile_butadiene_styrene,2030,acrylonitrile_butadiene_styrene,0.11519206490326336
C-WEU-CYP,acrylonitrile_butadiene_styrene,2035,acrylonitrile_butadiene_styrene,0.11432027527646171
C-WEU-CYP,acrylonitrile_butadiene_styrene,2040,acrylonitrile_butadiene_styrene,0.11381980396366284
C-WEU-CYP,acrylonitrile_butadiene_styrene,2045,acrylonitrile_butadiene_styrene,0.1134454386167098
C-WEU-CYP,acrylonitrile_butadiene_styrene,2050,acrylonitrile_butadiene_styrene,0.11285835818705334
C-WEU-CYP,acrylonitrile_butadiene_styrene,2055,acrylonitrile_butadiene_styrene,0.11262169978833442
C-WEU-CYP,acrylonitrile_butadiene_styrene,2060,acrylonitrile_butadiene_styrene,0.11265996905877984
C-WEU-CYP,aluminium,2020,aluminium,0.02217584637996731
C-WEU-CYP,aluminium,2030,aluminium,0.01804265850622942
C-WEU-CYP,aluminium,2040,aluminium,0.01255386243247877
C-WEU-CYP,aluminium,2050,aluminium,0.01095388272815646
C-WEU-CYP,aluminium,2060,aluminium,0.01060841530918518
C-WEU-CYP,bio-based_polypropylene,2020,polypropylene,0.10740570937805435
C-WEU-CYP,bio-based_polypropylene,2025,polypropylene,0.10730295552490646
C-WEU-CYP,bio-based_polypropylene,2030,polypropylene,0.1068960913438739
C-WEU-CYP,bio-based_polypropylene,2035,polypropylene,0.10604496056882506
C-WEU-CYP,bio-based_polypropylene,2040,polypropylene,0.10554299746441516
C-WEU-CYP,bio-based_polypropylene,2045,polypropylene,0.10516340598045187
C-WEU-CYP,bio-based_polypropylene,2050,polypropylene,0.10457007236848968
C-WEU-CYP,bio-based_polypropylene,2055,polypropylene,0.10432951579248056
C-WEU-CYP,bio-based_polypropylene,2060,polypropylene,0.1043661913109336
C-WEU-CYP,bio-based_polystyrene,2020,polystyrene,0.13189154622921148
C-WEU-CYP,bio-based_polystyrene,2025,polystyrene,0.1317818574199766
C-WEU-CYP,bio-based_polystyrene,2030,polystyrene,0.1313599579224614
C-WEU-CYP,bio-based_polystyrene,2035,polystyrene,0.1304870727299388
C-WEU-CYP,bio-based_polystyrene,2040,polystyrene,0.12998289630123525
C-WEU-CYP,bio-based_polystyrene,2045,polystyrene,0.1296026716335613
C-WEU-CYP,bio-based_polystyrene,2050,polystyrene,0.12900906932930506
C-WEU-CYP,bio-based_polystyrene,2055,polystyrene,0.12876835773942097
C-WEU-CYP,bio-based_polystyrene,2060,polystyrene,0.12880529685805275
C-WEU-CYP,concrete,2020,concrete,0.0053927075067372
C-WEU-CYP,concrete,2030,concrete,0.0052548778819487
C-WEU-CYP,concrete,2040,concrete,0.00463851580362222
C-WEU-CYP,concrete,2050,concrete,0.00406910261846518
C-WEU-CYP,concrete,2060,concrete,0.00394709372053634
C-WEU-CYP,copper,2020,copper,0.00539270750673704
C-WEU-CYP,copper,2030,copper,0.00525487788194886
C-WEU-CYP,copper,2040,copper,0.00463851580362222
C-WEU-CYP,copper,2050,copper,0.00406910261846527
C-WEU-CYP,copper,2060,copper,0.00394709372053634
C-WEU-CYP,glass,2020,glass,0.00536004154774015
C-WEU-CYP,glass,2030,glass,0.00527873637295789
C-WEU-CYP,glass,2040,glass,0.00477620264256572
C-WEU-CYP,glass,2050,glass,0.00428668631407529
C-WEU-CYP,glass,2060,glass,0.0042075035299545
C-WEU-CYP,other_plastics,2020,plastic_mixture,0.09931519353209156
C-WEU-CYP,other_plastics,2025,plastic_mixture,0.09918248375559847
C-WEU-CYP,other_plastics,2030,plastic_mixture,0.09871082005133495
C-WEU-CYP,other_plastics,2035,plastic_mixture,0.09776593312137184
C-WEU-CYP,other_plastics,2040,plastic_mixture,0.09725455384107336
C-WEU-CYP,other_plastics,2045,plastic_mixture,0.0968723279943109
C-WEU-CYP,other_plastics,2050,plastic_mixture,0.0962779028091071
C-WEU-CYP,other_plastics,2055,plastic_mixture,0.09603671456063222
C-WEU-CYP,other_plastics,2060,plastic_mixture,0.096074529196484
C-WEU-CYP,polypropylene,2020,polypropylene,0.10740570937805435
C-WEU-CYP,polypropylene,2025,polypropylene,0.10730295552490646
C-WEU-CYP,polypropylene,2030,polypropylene,0.1068960913438739
C-WEU-CYP,polypropylene,2035,polypropylene,0.10604496056882506
C-WEU-CYP,polypropylene,2040,polypropylene,0.10554299746441516
C-WEU-CYP,polypropylene,2045,polypropylene,0.10516340598045187
C-WEU-CYP,polypropylene,2050,polypropylene,0.10457007236848968
C-WEU-CYP,polypropylene,2055,polypropylene,0.10432951579248056
C-WEU-CYP,polypropylene,2060,polypropylene,0.1043661913109336
C-WEU-CYP,polystyrene,2020,polystyrene,0.13189154622921148
C-WEU-CYP,polystyrene,2025,polystyrene,0.1317818574199766
C-WEU-CYP,polystyrene,2030,polystyrene,0.1313599579224614
C-WEU-CYP,polystyrene,2035,polystyrene,0.1304870727299388
C-WEU-CYP,polystyrene,2040,polystyrene,0.12998289630123525
C-WEU-CYP,polystyrene,2045,polystyrene,0.1296026716335613
C-WEU-CYP,polystyrene,2050,polystyrene,0.12900906932930506
C-WEU-CYP,polystyrene,2055,polystyrene,0.12876835773942097
C-WEU-CYP,polystyrene,2060,polystyrene,0.12880529685805275
C-WEU-CYP,steel,2020,steel,0.00539270750673704
C-WEU-CYP,steel,2030,steel,0.00525487788194886
C-WEU-CYP,steel,2040,steel,0.00463851580362222
C-WEU-CYP,steel,2050,steel,0.00406910261846527
C-WEU-CYP,steel,2060,steel,0.00394709372053634
C-WEU-DEU,acrylonitrile_butadiene_styrene,2020,acrylonitrile_butadiene_styrene,0.11572029369757623
C-WEU-DEU,acrylonitrile_butadiene_styrene,2025,acrylonitrile_butadiene_styrene,0.115609621483123
C-WEU-DEU,acrylonitrile_butadiene_styrene,2030,acrylonitrile_butadiene_styrene,0.11519206490326336
C-WEU-DEU,acrylonitrile_butadiene_styrene,2035,acrylonitrile_butadiene_styrene,0.11432027527646171
C-WEU-DEU,acrylonitrile_butadiene_styrene,2040,acrylonitrile_butadiene_styrene,0.11381980396366284
C-WEU-DEU,acrylonitrile_butadiene_styrene,2045,acrylonitrile_butadiene_styrene,0.1134454386167098
C-WEU-DEU,acrylonitrile_butadiene_styrene,2050,acrylonitrile_butadiene_styrene,0.11285835818705334
C-WEU-DEU,acrylonitrile_butadiene_styrene,2055,acrylonitrile_butadiene_styrene,0.11262169978833442
C-WEU-DEU,acrylonitrile_butadiene_styrene,2060,acrylonitrile_butadiene_styrene,0.11265996905877984
C-WEU-DEU,aluminium,2020,aluminium,0.02217584637996731
C-WEU-DEU,aluminium,2030,aluminium,0.01804265850622942
C-WEU-DEU,aluminium,2040,aluminium,0.01255386243247877
C-WEU-DEU,aluminium,2050,aluminium,0.01095388272815646
C-WEU-DEU,aluminium,2060,aluminium,0.01060841530918518
C-WEU-DEU,bio-based_polypropylene,2020,polypropylene,0.10740570937805435
C-WEU-DEU,bio-based_polypropylene,2025,polypropylene,0.10730295552490646
C-WEU-DEU,bio-based_polypropylene,2030,polypropylene,0.1068960913438739
C-WEU-DEU,bio-based_polypropylene,2035,polypropylene,0.10604496056882506
C-WEU-DEU,bio-based_polypropylene,2040,polypropylene,0.10554299746441516
C-WEU-DEU,bio-based_polypropylene,2045,polypropylene,0.10516340598045187
C-WEU-DEU,bio-based_polypropylene,2050,polypropylene,0.10457007236848968
C-WEU-DEU,bio-based_polypropylene,2055,polypropylene,0.10432951579248056
C-WEU-DEU,bio-based_polypropylene,2060,polypropylene,0.1043661913109336
C-WEU-DEU,bio-based_polystyrene,2020,polystyrene,0.13189154622921148
C-WEU-DEU,bio-based_polystyrene,2025,polystyrene,0.1317818574199766
C-WEU-DEU,bio-based_polystyrene,2030,polystyrene,0.1313599579224614
C-WEU-DEU,bio-based_polystyrene,2035,polystyrene,0.1304870727299388
C-WEU-DEU,bio-based_polystyrene,2040,polystyrene,0.12998289630123525
C-WEU-DEU,bio-based_polystyrene,2045,polystyrene,0.1296026716335613
C-WEU-DEU,bio-based_polystyrene,2050,polystyrene,0.12900906932930506
C-WEU-DEU,bio-based_polystyrene,2055,polystyrene,0.12876835773942097
C-WEU-DEU,bio-based_polystyrene,2060,polystyrene,0.12880529685805275
C-WEU-DEU,concrete,2020,concrete,0.0053927075067372
C-WEU-DEU,concrete,2030,concrete,0.0052548778819487
C-WEU-DEU,concrete,2040,concrete,0.00463851580362222
C-WEU-DEU,concrete,2050,concrete,0.00406910261846518
C-WEU-DEU,concrete,2060,concrete,0.00394709372053634
C-WEU-DEU,copper,2020,copper,0.00539270750673704
C-WEU-DEU,copper,2030,copper,0.00525487788194886
C-WEU-DEU,copper,2040,copper,0.00463851580362222
C-WEU-DEU,copper,2050,copper,0.00406910261846527
C-WEU-DEU,copper,2060,copper,0.00394709372053634
C-WEU-DEU,glass,2020,glass,0.00536004154774015
C-WEU-DEU,glass,2030,glass,0.00527873637295789
C-WEU-DEU,glass,2040,glass,0.00477620264256572
C-WEU-DEU,glass,2050,glass,0.00428668631407529
C-WEU-DEU,glass,2060,glass,0.0042075035299545
C-WEU-DEU,other_plastics,2020,plastic_mixture,0.09931519353209156
C-WEU-DEU,other_plastics,2025,plastic_mixture,0.09918248375559847
C-WEU-DEU,other_plastics,2030,plastic_mixture,0.09871082005133495
C-WEU-DEU,other_plastics,2035,plastic_mixture,0.09776593312137184
C-WEU-DEU,other_plastics,2040,plastic_mixture,0.09725455384107336
C-WEU-DEU,other_plastics,2045,plastic_mixture,0.0968723279943109
C-WEU-DEU,other_plastics,2050,plastic_mixture,0.0962779028091071
C-WEU-DEU,other_plastics,2055,plastic_mixture,0.09603671456063222
C-WEU-DEU,other_plastics,2060,plastic_mixture,0.096074529196484
C-WEU-DEU,polypropylene,2020,polypropylene,0.10740570937805435
C-WEU-DEU,polypropylene,2025,polypropylene,0.10730295552490646
C-WEU-DEU,polypropylene,2030,polypropylene,0.1068960913438739
C-WEU-DEU,polypropylene,2035,polypropylene,0.10604496056882506
C-WEU-DEU,polypropylene,2040,polypropylene,0.10554299746441516
C-WEU-DEU,polypropylene,2045,polypropylene,0.10516340598045187
C-WEU-DEU,polypropylene,2050,polypropylene,0.10457007236848968
C-WEU-DEU,polypropylene,2055,polypropylene,0.10432951579248056
C-WEU-DEU,polypropylene,2060,polypropylene,0.1043661913109336
C-WEU-DEU,polystyrene,2020,polystyrene,0.13189154622921148
C-WEU-DEU,polystyrene,2025,polystyrene,0.1317818574199766
C-WEU-DEU,polystyrene,2030,polystyrene,0.1313599579224614
C-WEU-DEU,polystyrene,2035,polystyrene,0.1304870727299388
C-WEU-DEU,polystyrene,2040,polystyrene,0.12998289630123525
C-WEU-DEU,polystyrene,2045,polystyrene,0.1296026716335613
C-WEU-DEU,polystyrene,2050,polystyrene,0.12900906932930506
C-WEU-DEU,polystyrene,2055,polystyrene,0.12876835773942097
C-WEU-DEU,polystyrene,2060,polystyrene,0.12880529685805275
C-WEU-DEU,steel,2020,steel,0.00539270750673704
C-WEU-DEU,steel,2030,steel,0.00525487788194886
C-WEU-DEU,steel,2040,steel,0.00463851580362222
C-WEU-DEU,steel,2050,steel,0.00406910261846527
C-WEU-DEU,steel,2060,steel,0.00394709372053634
C-WEU-DNK,acrylonitrile_butadiene_styrene,2020,acrylonitrile_butadiene_styrene,0.11572029369757623
C-WEU-DNK,acrylonitrile_butadiene_styrene,2025,acrylonitrile_butadiene_styrene,0.115609621483123
C-WEU-DNK,acrylonitrile_butadiene_styrene,2030,acrylonitrile_butadiene_styrene,0.11519206490326336
C-WEU-DNK,acrylonitrile_butadiene_styrene,2035,acrylonitrile_butadiene_styrene,0.11432027527646171
C-WEU-DNK,acrylonitrile_butadiene_styrene,2040,acrylonitrile_butadiene_styrene,0.11381980396366284
C-WEU-DNK,acrylonitrile_butadiene_styrene,2045,acrylonitrile_butadiene_styrene,0.1134454386167098
C-WEU-DNK,acrylonitrile_butadiene_styrene,2050,acrylonitrile_butadiene_styrene,0.11285835818705334
C-WEU-DNK,acrylonitrile_butadiene_styrene,2055,acrylonitrile_butadiene_styrene,0.11262169978833442
C-WEU-DNK,acrylonitrile_butadiene_styrene,2060,acrylonitrile_butadiene_styrene,0.11265996905877984
C-WEU-DNK,aluminium,2020,aluminium,0.02217584637996731
C-WEU-DNK,aluminium,2030,aluminium,0.01804265850622942
C-WEU-DNK,aluminium,2040,aluminium,0.01255386243247877
C-WEU-DNK,aluminium,2050,aluminium,0.01095388272815646
C-WEU-DNK,aluminium,2060,aluminium,0.01060841530918518
C-WEU-DNK,bio-based_polypropylene,2020,polypropylene,0.10740570937805435
C-WEU-DNK,bio-based_polypropylene,2025,polypropylene,0.10730295552490646
C-WEU-DNK,bio-based_polypropylene,2030,polypropylene,0.1068960913438739
C-WEU-DNK,bio-based_polypropylene,2035,polypropylene,0.10604496056882506
C-WEU-DNK,bio-based_polypropylene,2040,polypropylene,0.10554299746441516
C-WEU-DNK,bio-based_polypropylene,2045,polypropylene,0.10516340598045187
C-WEU-DNK,bio-based_polypropylene,2050,polypropylene,0.10457007236848968
C-WEU-DNK,bio-based_polypropylene,2055,polypropylene,0.10432951579248056
C-WEU-DNK,bio-based_polypropylene,2060,polypropylene,0.1043661913109336
C-WEU-DNK,bio-based_polystyrene,2020,polystyrene,0.13189154622921148
C-WEU-DNK,bio-based_polystyrene,2025,polystyrene,0.1317818574199766
C-WEU-DNK,bio-based_polystyrene,2030,polystyrene,0.1313599579224614
C-WEU-DNK,bio-based_polystyrene,2035,polystyrene,0.1304870727299388
C-WEU-DNK,bio-based_polystyrene,2040,polystyrene,0.12998289630123525
C-WEU-DNK,bio-based_polystyrene,2045,polystyrene,0.1296026716335613
C-WEU-DNK,bio-based_polystyrene,2050,polystyrene,0.12900906932930506
C-WEU-DNK,bio-based_polystyrene,2055,polystyrene,0.12876835773942097
C-WEU-DNK,bio-based_polystyrene,2060,polystyrene,0.12880529685805275
C-WEU-DNK,concrete,2020,concrete,0.0053927075067372
C-WEU-DNK,concrete,2030,concrete,0.0052548778819487
C-WEU-DNK,concrete,2040,concrete,0.00463851580362222
C-WEU-DNK,concrete,2050,concrete,0.00406910261846518
C-WEU-DNK,concrete,2060,concrete,0.00394709372053634
C-WEU-DNK,copper,2020,copper,0.00539270750673704
C-WEU-DNK,copper,2030,copper,0.00525487788194886
C-WEU-DNK,copper,2040,copper,0.00463851580362222
C-WEU-DNK,copper,2050,copper,0.00406910261846527
C-WEU-DNK,copper,2060,copper,0.00394709372053634
C-WEU-DNK,glass,2020,glass,0.00536004154774015
C-WEU-DNK,glass,2030,glass,0.00527873637295789
C-WEU-DNK,glass,2040,glass,0.00477620264256572
C-WEU-DNK,glass,2050,glass,0.00428668631407529
C-WEU-DNK,glass,2060,glass,0.0042075035299545
C-WEU-DNK,other_plastics,2020,plastic_mixture,0.09931519353209156
C-WEU-DNK,other_plastics,2025,plastic_mixture,0.09918248375559847
C-WEU-DNK,other_plastics,2030,plastic_mixture,0.09871082005133495
C-WEU-DNK,other_plastics,2035,plastic_mixture,0.09776593312137184
C-WEU-DNK,other_plastics,2040,plastic_mixture,0.09725455384107336
C-WEU-DNK,other_plastics,2045,plastic_mixture,0.0968723279943109
C-WEU-DNK,other_plastics,2050,plastic_mixture,0.0962779028091071
C-WEU-DNK,other_plastics,2055,plastic_mixture,0.09603671456063222
C-WEU-DNK,other_plastics,2060,plastic_mixture,0.096074529196484
C-WEU-DNK,polypropylene,2020,polypropylene,0.10740570937805435
C-WEU-DNK,polypropylene,2025,polypropylene,0.10730295552490646
C-WEU-DNK,polypropylene,2030,polypropylene,0.1068960913438739
C-WEU-DNK,polypropylene,2035,polypropylene,0.10604496056882506
C-WEU-DNK,polypropylene,2040,polypropylene,0.10554299746441516
C-WEU-DNK,polypropylene,2045,polypropylene,0.10516340598045187
C-WEU-DNK,polypropylene,2050,polypropylene,0.10457007236848968
C-WEU-DNK,polypropylene,2055,polypropylene,0.10432951579248056
C-WEU-DNK,polypropylene,2060,polypropylene,0.1043661913109336
C-WEU-DNK,polystyrene,2020,polystyrene,0.13189154622921148
C-WEU-DNK,polystyrene,2025,polystyrene,0.1317818574199766
C-WEU-DNK,polystyrene,2030,polystyrene,0.1313599579224614
C-WEU-DNK,polystyrene,2035,polystyrene,0.1304870727299388
C-WEU-DNK,polystyrene,2040,polystyrene,0.12998289630123525
C-WEU-DNK,polystyrene,2045,polystyrene,0.1296026716335613
C-WEU-DNK,polystyrene,2050,polystyrene,0.12900906932930506
C-WEU-DNK,polystyrene,2055,polystyrene,0.12876835773942097
C-WEU-DNK,polystyrene,2060,polystyrene,0.12880529685805275
C-WEU-DNK,steel,2020,steel,0.00539270750673704
C-WEU-DNK,steel,2030,steel,0.00525487788194886
C-WEU-DNK,steel,2040,steel,0.00463851580362222
C-WEU-DNK,steel,2050,steel,0.00406910261846527
C-WEU-DNK,steel,2060,steel,0.00394709372053634
C-WEU-ESP,acrylonitrile_butadiene_styrene,2020,acrylonitrile_butadiene_styrene,0.11572029369757623
C-WEU-ESP,acrylonitrile_butadiene_styrene,2025,acrylonitrile_butadiene_styrene,0.115609621483123
C-WEU-ESP,acrylonitrile_butadiene_styrene,2030,acrylonitrile_butadiene_styrene,0.11519206490326336
C-WEU-ESP,acrylonitrile_butadiene_styrene,2035,acrylonitrile_butadiene_styrene,0.11432027527646171
C-WEU-ESP,acrylonitrile_butadiene_styrene,2040,acrylonitrile_butadiene_styrene,0.11381980396366284
C-WEU-ESP,acrylonitrile_butadiene_styrene,2045,acrylonitrile_butadiene_styrene,0.1134454386167098
C-WEU-ESP,acrylonitrile_butadiene_styrene,2050,acrylonitrile_butadiene_styrene,0.11285835818705334
C-WEU-ESP,acrylonitrile_butadiene_styrene,2055,acrylonitrile_butadiene_styrene,0.11262169978833442
C-WEU-ESP,acrylonitrile_butadiene_styrene,2060,acrylonitrile_butadiene_styrene,0.11265996905877984
C-WEU-ESP,aluminium,2020,aluminium,0.02217584637996731
C-WEU-ESP,aluminium,2030,aluminium,0.01804265850622942
C-WEU-ESP,aluminium,2040,aluminium,0.01255386243247877
C-WEU-ESP,aluminium,2050,aluminium,0.01095388272815646
C-WEU-ESP,aluminium,2060,aluminium,0.01060841530918518
C-WEU-ESP,bio-based_polypropylene,2020,polypropylene,0.10740570937805435
C-WEU-ESP,bio-based_polypropylene,2025,polypropylene,0.10730295552490646
C-WEU-ESP,bio-based_polypropylene,2030,polypropylene,0.1068960913438739
C-WEU-ESP,bio-based_polypropylene,2035,polypropylene,0.10604496056882506
C-WEU-ESP,bio-based_polypropylene,2040,polypropylene,0.10554299746441516
C-WEU-ESP,bio-based_polypropylene,2045,polypropylene,0.10516340598045187
C-WEU-ESP,bio-based_polypropylene,2050,polypropylene,0.10457007236848968
C-WEU-ESP,bio-based_polypropylene,2055,polypropylene,0.10432951579248056
C-WEU-ESP,bio-based_polypropylene,2060,polypropylene,0.1043661913109336
C-WEU-ESP,bio-based_polystyrene,2020,polystyrene,0.13189154622921148
C-WEU-ESP,bio-based_polystyrene,2025,polystyrene,0.1317818574199766
C-WEU-ESP,bio-based_polystyrene,2030,polystyrene,0.1313599579224614
C-WEU-ESP,bio-based_polystyrene,2035,polystyrene,0.1304870727299388
C-WEU-ESP,bio-based_polystyrene,2040,polystyrene,0.12998289630123525
C-WEU-ESP,bio-based_polystyrene,2045,polystyrene,0.1296026716335613
C-WEU-ESP,bio-based_polystyrene,2050,polystyrene,0.12900906932930506
C-WEU-ESP,bio-based_polystyrene,2055,polystyrene,0.12876835773942097
C-WEU-ESP,bio-based_polystyrene,2060,polystyrene,0.12880529685805275
C-WEU-ESP,concrete,2020,concrete,0.0053927075067372
C-WEU-ESP,concrete,2030,concrete,0.0052548778819487
C-WEU-ESP,concrete,2040,concrete,0.00463851580362222
C-WEU-ESP,concrete,2050,concrete,0.00406910261846518
C-WEU-ESP,concrete,2060,concrete,0.00394709372053634
C-WEU-ESP,copper,2020,copper,0.00539270750673704
C-WEU-ESP,copper,2030,copper,0.00525487788194886
C-WEU-ESP,copper,2040,copper,0.00463851580362222
C-WEU-ESP,copper,2050,copper,0.00406910261846527
C-WEU-ESP,copper,2060,copper,0.00394709372053634
C-WEU-ESP,glass,2020,glass,0.00536004154774015
C-WEU-ESP,glass,2030,glass,0.00527873637295789
C-WEU-ESP,glass,2040,glass,0.00477620264256572
C-WEU-ESP,glass,2050,glass,0.00428668631407529
C-WEU-ESP,glass,2060,glass,0.0042075035299545
C-WEU-ESP,other_plastics,2020,plastic_mixture,0.09931519353209156
C-WEU-ESP,other_plastics,2025,plastic_mixture,0.09918248375559847
C-WEU-ESP,other_plastics,2030,plastic_mixture,0.09871082005133495
C-WEU-ESP,other_plastics,2035,plastic_mixture,0.09776593312137184
C-WEU-ESP,other_plastics,2040,plastic_mixture,0.09725455384107336
C-WEU-ESP,other_plastics,2045,plastic_mixture,0.0968723279943109
C-WEU-ESP,other_plastics,2050,plastic_mixture,0.0962779028091071
C-WEU-ESP,other_plastics,2055,plastic_mixture,0.09603671456063222
C-WEU-ESP,other_plastics,2060,plastic_mixture,0.096074529196484
C-WEU-ESP,polypropylene,2020,polypropylene,0.10740570937805435
C-WEU-ESP,polypropylene,2025,polypropylene,0.10730295552490646
C-WEU-ESP,polypropylene,2030,polypropylene,0.1068960913438739
C-WEU-ESP,polypropylene,2035,polypropylene,0.10604496056882506
C-WEU-ESP,polypropylene,2040,polypropylene,0.10554299746441516
C-WEU-ESP,polypropylene,2045,polypropylene,0.10516340598045187
C-WEU-ESP,polypropylene,2050,polypropylene,0.10457007236848968
C-WEU-ESP,polypropylene,2055,polypropylene,0.10432951579248056
C-WEU-ESP,polypropylene,2060,polypropylene,0.1043661913109336
C-WEU-ESP,polystyrene,2020,polystyrene,0.13189154622921148
C-WEU-ESP,polystyrene,2025,polystyrene,0.1317818574199766
C-WEU-ESP,polystyrene,2030,polystyrene,0.1313599579224614
C-WEU-ESP,polystyrene,2035,polystyrene,0.1304870727299388
C-WEU-ESP,polystyrene,2040,polystyrene,0.12998289630123525
C-WEU-ESP,polystyrene,2045,polystyrene,0.1296026716335613
C-WEU-ESP,polystyrene,2050,polystyrene,0.12900906932930506
C-WEU-ESP,polystyrene,2055,polystyrene,0.12876835773942097
C-WEU-ESP,polystyrene,2060,polystyrene,0.12880529685805275
C-WEU-ESP,steel,2020,steel,0.00539270750673704
C-WEU-ESP,steel,2030,steel,0.00525487788194886
C-WEU-ESP,steel,2040,steel,0.00463851580362222
C-WEU-ESP,steel,2050,steel,0.00406910261846527
C-WEU-ESP,steel,2060,steel,0.00394709372053634
C-WEU-FIN,acrylonitrile_butadiene_styrene,2020,acrylonitrile_butadiene_styrene,0.11572029369757623
C-WEU-FIN,acrylonitrile_butadiene_styrene,2025,acrylonitrile_butadiene_styrene,0.115609621483123
C-WEU-FIN,acrylonitrile_butadiene_styrene,2030,acrylonitrile_butadiene_styrene,0.11519206490326336
C-WEU-FIN,acrylonitrile_butadiene_styrene,2035,acrylonitrile_butadiene_styrene,0.11432027527646171
C-WEU-FIN,acrylonitrile_butadiene_styrene,2040,acrylonitrile_butadiene_styrene,0.11381980396366284
C-WEU-FIN,acrylonitrile_butadiene_styrene,2045,acrylonitrile_butadiene_styrene,0.1134454386167098
C-WEU-FIN,acrylonitrile_butadiene_styrene,2050,acrylonitrile_butadiene_styrene,0.11285835818705334
C-WEU-FIN,acrylonitrile_butadiene_styrene,2055,acrylonitrile_butadiene_styrene,0.11262169978833442
C-WEU-FIN,acrylonitrile_butadiene_styrene,2060,acrylonitrile_butadiene_styrene,0.11265996905877984
C-WEU-FIN,aluminium,2020,aluminium,0.02217584637996731
C-WEU-FIN,aluminium,2030,aluminium,0.01804265850622942
C-WEU-FIN,aluminium,2040,aluminium,0.01255386243247877
C-WEU-FIN,aluminium,2050,aluminium,0.01095388272815646
C-WEU-FIN,aluminium,2060,aluminium,0.01060841530918518
C-WEU-FIN,bio-based_polypropylene,2020,polypropylene,0.10740570937805435
C-WEU-FIN,bio-based_polypropylene,2025,polypropylene,0.10730295552490646
C-WEU-FIN,bio-based_polypropylene,2030,polypropylene,0.1068960913438739
C-WEU-FIN,bio-based_polypropylene,2035,polypropylene,0.10604496056882506
C-WEU-FIN,bio-based_polypropylene,2040,polypropylene,0.10554299746441516
C-WEU-FIN,bio-based_polypropylene,2045,polypropylene,0.10516340598045187
C-WEU-FIN,bio-based_polypropylene,2050,polypropylene,0.10457007236848968
C-WEU-FIN,bio-based_polypropylene,2055,polypropylene,0.10432951579248056
C-WEU-FIN,bio-based_polypropylene,2060,polypropylene,0.1043661913109336
C-WEU-FIN,bio-based_polystyrene,2020,polystyrene,0.13189154622921148
C-WEU-FIN,bio-based_polystyrene,2025,polystyrene,0.1317818574199766
C-WEU-FIN,bio-based_polystyrene,2030,polystyrene,0.1313599579224614
C-WEU-FIN,bio-based_polystyrene,2035,polystyrene,0.1304870727299388
C-WEU-FIN,bio-based_polystyrene,2040,polystyrene,0.12998289630123525
C-WEU-FIN,bio-based_polystyrene,2045,polystyrene,0.1296026716335613
C-WEU-FIN,bio-based_polystyrene,2050,polystyrene,0.12900906932930506
C-WEU-FIN,bio-based_polystyrene,2055,polystyrene,0.12876835773942097
C-WEU-FIN,bio-based_polystyrene,2060,polystyrene,0.12880529685805275
C-WEU-FIN,concrete,2020,concrete,0.0053927075067372
C-WEU-FIN,concrete,2030,concrete,0.0052548778819487
C-WEU-FIN,concrete,2040,concrete,0.00463851580362222
C-WEU-FIN,concrete,2050,concrete,0.00406910261846518
C-WEU-FIN,concrete,2060,concrete,0.00394709372053634
C-WEU-FIN,copper,2020,copper,0.00539270750673704
C-WEU-FIN,copper,2030,copper,0.00525487788194886
C-WEU-FIN,copper,2040,copper,0.00463851580362222
C-WEU-FIN,copper,2050,copper,0.00406910261846527
C-WEU-FIN,copper,2060,copper,0.00394709372053634
C-WEU-FIN,glass,2020,glass,0.00536004154774015
C-WEU-FIN,glass,2030,glass,0.00527873637295789
C-WEU-FIN,glass,2040,glass,0.00477620264256572
C-WEU-FIN,glass,2050,glass,0.00428668631407529
C-WEU-FIN,glass,2060,glass,0.0042075035299545
C-WEU-FIN,other_plastics,2020,plastic_mixture,0.09931519353209156
C-WEU-FIN,other_plastics,2025,plastic_mixture,0.09918248375559847
C-WEU-FIN,other_plastics,2030,plastic_mixture,0.09871082005133495
C-WEU-FIN,other_plastics,2035,plastic_mixture,0.09776593312137184
C-WEU-FIN,other_plastics,2040,plastic_mixture,0.09725455384107336
C-WEU-FIN,other_plastics,2045,plastic_mixture,0.0968723279943109
C-WEU-FIN,other_plastics,2050,plastic_mixture,0.0962779028091071
C-WEU-FIN,other_plastics,2055,plastic_mixture,0.09603671456063222
C-WEU-FIN,other_plastics,2060,plastic_mixture,0.096074529196484
C-WEU-FIN,polypropylene,2020,polypropylene,0.10740570937805435
C-WEU-FIN,polypropylene,2025,polypropylene,0.10730295552490646
C-WEU-FIN,polypropylene,2030,polypropylene,0.1068960913438739
C-WEU-FIN,polypropylene,2035,polypropylene,0.10604496056882506
C-WEU-FIN,polypropylene,2040,polypropylene,0.10554299746441516
C-WEU-FIN,polypropylene,2045,polypropylene,0.10516340598045187
C-WEU-FIN,polypropylene,2050,polypropylene,0.10457007236848968
C-WEU-FIN,polypropylene,2055,polypropylene,0.10432951579248056
C-WEU-FIN,polypropylene,2060,polypropylene,0.1043661913109336
C-WEU-FIN,polystyrene,2020,polystyrene,0.13189154622921148
C-WEU-FIN,polystyrene,2025,polystyrene,0.1317818574199766
C-WEU-FIN,polystyrene,2030,polystyrene,0.1313599579224614
C-WEU-FIN,polystyrene,2035,polystyrene,0.1304870727299388
C-WEU-FIN,polystyrene,2040,polystyrene,0.12998289630123525
C-WEU-FIN,polystyrene,2045,polystyrene,0.1296026716335613
C-WEU-FIN,polystyrene,2050,polystyrene,0.12900906932930506
C-WEU-FIN,polystyrene,2055,polystyrene,0.12876835773942097
C-WEU-FIN,polystyrene,2060,polystyrene,0.12880529685805275
C-WEU-FIN,steel,2020,steel,0.00539270750673704
C-WEU-FIN,steel,2030,steel,0.00525487788194886
C-WEU-FIN,steel,2040,steel,0.00463851580362222
C-WEU-FIN,steel,2050,steel,0.00406910261846527
C-WEU-FIN,steel,2060,steel,0.00394709372053634
C-WEU-FRA,acrylonitrile_butadiene_styrene,2020,acrylonitrile_butadiene_styrene,0.11572029369757623
C-WEU-FRA,acrylonitrile_butadiene_styrene,2025,acrylonitrile_butadiene_styrene,0.115609621483123
C-WEU-FRA,acrylonitrile_butadiene_styrene,2030,acrylonitrile_butadiene_styrene,0.11519206490326336
C-WEU-FRA,acrylonitrile_butadiene_styrene,2035,acrylonitrile_butadiene_styrene,0.11432027527646171
C-WEU-FRA,acrylonitrile_butadiene_styrene,2040,acrylonitrile_butadiene_styrene,0.11381980396366284
C-WEU-FRA,acrylonitrile_butadiene_styrene,2045,acrylonitrile_butadiene_styrene,0.1134454386167098
C-WEU-FRA,acrylonitrile_butadiene_styrene,2050,acrylonitrile_butadiene_styrene,0.11285835818705334
C-WEU-FRA,acrylonitrile_butadiene_styrene,2055,acrylonitrile_butadiene_styrene,0.11262169978833442
C-WEU-FRA,acrylonitrile_butadiene_styrene,2060,acrylonitrile_butadiene_styrene,0.11265996905877984
C-WEU-FRA,aluminium,2020,aluminium,0.02217584637996731
C-WEU-FRA,aluminium,2030,aluminium,0.01804265850622942
C-WEU-FRA,aluminium,2040,aluminium,0.01255386243247877
C-WEU-FRA,aluminium,2050,aluminium,0.01095388272815646
C-WEU-FRA,aluminium,2060,aluminium,0.01060841530918518
C-WEU-FRA,bio-based_polypropylene,2020,polypropylene,0.10740570937805435
C-WEU-FRA,bio-based_polypropylene,2025,polypropylene,0.10730295552490646
C-WEU-FRA,bio-based_polypropylene,2030,polypropylene,0.1068960913438739
C-WEU-FRA,bio-based_polypropylene,2035,polypropylene,0.10604496056882506
C-WEU-FRA,bio-based_polypropylene,2040,polypropylene,0.10554299746441516
C-WEU-FRA,bio-based_polypropylene,2045,polypropylene,0.10516340598045187
C-WEU-FRA,bio-based_polypropylene,2050,polypropylene,0.10457007236848968
C-WEU-FRA,bio-based_polypropylene,2055,polypropylene,0.10432951579248056
C-WEU-FRA,bio-based_polypropylene,2060,polypropylene,0.1043661913109336
C-WEU-FRA,bio-based_polystyrene,2020,polystyrene,0.13189154622921148
C-WEU-FRA,bio-based_polystyrene,2025,polystyrene,0.1317818574199766
C-WEU-FRA,bio-based_polystyrene,2030,polystyrene,0.1313599579224614
C-WEU-FRA,bio-based_polystyrene,2035,polystyrene,0.1304870727299388
C-WEU-FRA,bio-based_polystyrene,2040,polystyrene,0.12998289630123525
C-WEU-FRA,bio-based_polystyrene,2045,polystyrene,0.1296026716335613
C-WEU-FRA,bio-based_polystyrene,2050,polystyrene,0.12900906932930506
C-WEU-FRA,bio-based_polystyrene,2055,polystyrene,0.12876835773942097
C-WEU-FRA,bio-based_polystyrene,2060,polystyrene,0.12880529685805275
C-WEU-FRA,concrete,2020,concrete,0.0053927075067372
C-WEU-FRA,concrete,2030,concrete,0.0052548778819487
C-WEU-FRA,concrete,2040,concrete,0.00463851580362222
C-WEU-FRA,concrete,2050,concrete,0.00406910261846518
C-WEU-FRA,concrete,2060,concrete,0.00394709372053634
C-WEU-FRA,copper,2020,copper,0.00539270750673704
C-WEU-FRA,copper,2030,copper,0.00525487788194886
C-WEU-FRA,copper,2040,copper,0.00463851580362222
C-WEU-FRA,copper,2050,copper,0.00406910261846527
C-WEU-FRA,copper,2060,copper,0.00394709372053634
C-WEU-FRA,glass,2020,glass,0.00536004154774015
C-WEU-FRA,glass,2030,glass,0.00527873637295789
C-WEU-FRA,glass,2040,glass,0.00477620264256572
C-WEU-FRA,glass,2050,glass,0.00428668631407529
C-WEU-FRA,glass,2060,glass,0.0042075035299545
C-WEU-FRA,other_plastics,2020,plastic_mixture,0.09931519353209156
C-WEU-FRA,other_plastics,2025,plastic_mixture,0.09918248375559847
C-WEU-FRA,other_plastics,2030,plastic_mixture,0.09871082005133495
C-WEU-FRA,other_plastics,2035,plastic_mixture,0.09776593312137184
C-WEU-FRA,other_plastics,2040,plastic_mixture,0.09725455384107336
C-WEU-FRA,other_plastics,2045,plastic_mixture,0.0968723279943109
C-WEU-FRA,other_plastics,2050,plastic_mixture,0.0962779028091071
C-WEU-FRA,other_plastics,2055,plastic_mixture,0.09603671456063222
C-WEU-FRA,other_plastics,2060,plastic_mixture,0.096074529196484
C-WEU-FRA,polypropylene,2020,polypropylene,0.10740570937805435
C-WEU-FRA,polypropylene,2025,polypropylene,0.10730295552490646
C-WEU-FRA,polypropylene,2030,polypropylene,0.1068960913438739
C-WEU-FRA,polypropylene,2035,polypropylene,0.10604496056882506
C-WEU-FRA,polypropylene,2040,polypropylene,0.10554299746441516
C-WEU-FRA,polypropylene,2045,polypropylene,0.10516340598045187
C-WEU-FRA,polypropylene,2050,polypropylene,0.10457007236848968
C-WEU-FRA,polypropylene,2055,polypropylene,0.10432951579248056
C-WEU-FRA,polypropylene,2060,polypropylene,0.1043661913109336
C-WEU-FRA,polystyrene,2020,polystyrene,0.13189154622921148
C-WEU-FRA,polystyrene,2025,polystyrene,0.1317818574199766
C-WEU-FRA,polystyrene,2030,polystyrene,0.1313599579224614
C-WEU-FRA,polystyrene,2035,polystyrene,0.1304870727299388
C-WEU-FRA,polystyrene,2040,polystyrene,0.12998289630123525
C-WEU-FRA,polystyrene,2045,polystyrene,0.1296026716335613
C-WEU-FRA,polystyrene,2050,polystyrene,0.12900906932930506
C-WEU-FRA,polystyrene,2055,polystyrene,0.12876835773942097
C-WEU-FRA,polystyrene,2060,polystyrene,0.12880529685805275
C-WEU-FRA,steel,2020,steel,0.00539270750673704
C-WEU-FRA,steel,2030,steel,0.00525487788194886
C-WEU-FRA,steel,2040,steel,0.00463851580362222
C-WEU-FRA,steel,2050,steel,0.00406910261846527
C-WEU-FRA,steel,2060,steel,0.00394709372053634
C-WEU-GBR,acrylonitrile_butadiene_styrene,2020,acrylonitrile_butadiene_styrene,0.11572029369757623
C-WEU-GBR,acrylonitrile_butadiene_styrene,2025,acrylonitrile_butadiene_styrene,0.115609621483123
C-WEU-GBR,acrylonitrile_butadiene_styrene,2030,acrylonitrile_butadiene_styrene,0.11519206490326336
C-WEU-GBR,acrylonitrile_butadiene_styrene,2035,acrylonitrile_butadiene_styrene,0.11432027527646171
C-WEU-GBR,acrylonitrile_butadiene_styrene,2040,acrylonitrile_butadiene_styrene,0.11381980396366284
C-WEU-GBR,acrylonitrile_butadiene_styrene,2045,acrylonitrile_butadiene_styrene,0.1134454386167098
C-WEU-GBR,acrylonitrile_butadiene_styrene,2050,acrylonitrile_butadiene_styrene,0.11285835818705334
C-WEU-GBR,acrylonitrile_butadiene_styrene,2055,acrylonitrile_butadiene_styrene,0.11262169978833442
C-WEU-GBR,acrylonitrile_butadiene_styrene,2060,acrylonitrile_butadiene_styrene,0.11265996905877984
C-WEU-GBR,aluminium,2020,aluminium,0.02217584637996731
C-WEU-GBR,aluminium,2030,aluminium,0.01804265850622942
C-WEU-GBR,aluminium,2040,aluminium,0.01255386243247877
C-WEU-GBR,aluminium,2050,aluminium,0.01095388272815646
C-WEU-GBR,aluminium,2060,aluminium,0.01060841530918518
C-WEU-GBR,bio-based_polypropylene,2020,polypropylene,0.10740570937805435
C-WEU-GBR,bio-based_polypropylene,2025,polypropylene,0.10730295552490646
C-WEU-GBR,bio-based_polypropylene,2030,polypropylene,0.1068960913438739
C-WEU-GBR,bio-based_polypropylene,2035,polypropylene,0.10604496056882506
C-WEU-GBR,bio-based_polypropylene,2040,polypropylene,0.10554299746441516
C-WEU-GBR,bio-based_polypropylene,2045,polypropylene,0.10516340598045187
C-WEU-GBR,bio-based_polypropylene,2050,polypropylene,0.10457007236848968
C-WEU-GBR,bio-based_polypropylene,2055,polypropylene,0.10432951579248056
C-WEU-GBR,bio-based_polypropylene,2060,polypropylene,0.1043661913109336
C-WEU-GBR,bio-based_polystyrene,2020,polystyrene,0.13189154622921148
C-WEU-GBR,bio-based_polystyrene,2025,polystyrene,0.1317818574199766
C-WEU-GBR,bio-based_polystyrene,2030,polystyrene,0.1313599579224614
C-WEU-GBR,bio-based_polystyrene,2035,polystyrene,0.1304870727299388
C-WEU-GBR,bio-based_polystyrene,2040,polystyrene,0.12998289630123525
C-WEU-GBR,bio-based_polystyrene,2045,polystyrene,0.1296026716335613
C-WEU-GBR,bio-based_polystyrene,2050,polystyrene,0.12900906932930506
C-WEU-GBR,bio-based_polystyrene,2055,polystyrene,0.12876835773942097
C-WEU-GBR,bio-based_polystyrene,2060,polystyrene,0.12880529685805275
C-WEU-GBR,concrete,2020,concrete,0.0053927075067372
C-WEU-GBR,concrete,2030,concrete,0.0052548778819487
C-WEU-GBR,concrete,2040,concrete,0.00463851580362222
C-WEU-GBR,concrete,2050,concrete,0.00406910261846518
C-WEU-GBR,concrete,2060,concrete,0.00394709372053634
C-WEU-GBR,copper,2020,copper,0.00539270750673704
C-WEU-GBR,copper,2030,copper,0.00525487788194886
C-WEU-GBR,copper,2040,copper,0.00463851580362222
C-WEU-GBR,copper,2050,copper,0.00406910261846527
C-WEU-GBR,copper,2060,copper,0.00394709372053634
C-WEU-GBR,glass,2020,glass,0.00536004154774015
C-WEU-GBR,glass,2030,glass,0.00527873637295789
C-WEU-GBR,glass,2040,glass,0.00477620264256572
C-WEU-GBR,glass,2050,glass,0.00428668631407529
C-WEU-GBR,glass,2060,glass,0.0042075035299545
C-WEU-GBR,other_plastics,2020,plastic_mixture,0.09931519353209156
C-WEU-GBR,other_plastics,2025,plastic_mixture,0.09918248375559847
C-WEU-GBR,other_plastics,2030,plastic_mixture,0.09871082005133495
C-WEU-GBR,other_plastics,2035,plastic_mixture,0.09776593312137184
C-WEU-GBR,other_plastics,2040,plastic_mixture,0.09725455384107336
C-WEU-GBR,other_plastics,2045,plastic_mixture,0.0968723279943109
C-WEU-GBR,other_plastics,2050,plastic_mixture,0.0962779028091071
C-WEU-GBR,other_plastics,2055,plastic_mixture,0.09603671456063222
C-WEU-GBR,other_plastics,2060,plastic_mixture,0.096074529196484
C-WEU-GBR,polypropylene,2020,polypropylene,0.10740570937805435
C-WEU-GBR,polypropylene,2025,polypropylene,0.10730295552490646
C-WEU-GBR,polypropylene,2030,polypropylene,0.1068960913438739
C-WEU-GBR,polypropylene,2035,polypropylene,0.10604496056882506
C-WEU-GBR,polypropylene,2040,polypropylene,0.10554299746441516
C-WEU-GBR,polypropylene,2045,polypropylene,0.10516340598045187
C-WEU-GBR,polypropylene,2050,polypropylene,0.10457007236848968
C-WEU-GBR,polypropylene,2055,polypropylene,0.10432951579248056
C-WEU-GBR,polypropylene,2060,polypropylene,0.1043661913109336
C-WEU-GBR,polystyrene,2020,polystyrene,0.13189154622921148
C-WEU-GBR,polystyrene,2025,polystyrene,0.1317818574199766
C-WEU-GBR,polystyrene,2030,polystyrene,0.1313599579224614
C-WEU-GBR,polystyrene,2035,polystyrene,0.1304870727299388
C-WEU-GBR,polystyrene,2040,polystyrene,0.12998289630123525
C-WEU-GBR,polystyrene,2045,polystyrene,0.1296026716335613
C-WEU-GBR,polystyrene,2050,polystyrene,0.12900906932930506
C-WEU-GBR,polystyrene,2055,polystyrene,0.12876835773942097
C-WEU-GBR,polystyrene,2060,polystyrene,0.12880529685805275
C-WEU-GBR,steel,2020,steel,0.00539270750673704
C-WEU-GBR,steel,2030,steel,0.00525487788194886
C-WEU-GBR,steel,2040,steel,0.00463851580362222
C-WEU-GBR,steel,2050,steel,0.00406910261846527
C-WEU-GBR,steel,2060,steel,0.00394709372053634
C-WEU-GRC,acrylonitrile_butadiene_styrene,2020,acrylonitrile_butadiene_styrene,0.11572029369757623
C-WEU-GRC,acrylonitrile_butadiene_styrene,2025,acrylonitrile_butadiene_styrene,0.115609621483123
C-WEU-GRC,acrylonitrile_butadiene_styrene,2030,acrylonitrile_butadiene_styrene,0.11519206490326336
C-WEU-GRC,acrylonitrile_butadiene_styrene,2035,acrylonitrile_butadiene_styrene,0.11432027527646171
C-WEU-GRC,acrylonitrile_butadiene_styrene,2040,acrylonitrile_butadiene_styrene,0.11381980396366284
C-WEU-GRC,acrylonitrile_butadiene_styrene,2045,acrylonitrile_butadiene_styrene,0.1134454386167098
C-WEU-GRC,acrylonitrile_butadiene_styrene,2050,acrylonitrile_butadiene_styrene,0.11285835818705334
C-WEU-GRC,acrylonitrile_butadiene_styrene,2055,acrylonitrile_butadiene_styrene,0.11262169978833442
C-WEU-GRC,acrylonitrile_butadiene_styrene,2060,acrylonitrile_butadiene_styrene,0.11265996905877984
C-WEU-GRC,aluminium,2020,aluminium,0.02217584637996731
C-WEU-GRC,aluminium,2030,aluminium,0.01804265850622942
C-WEU-GRC,aluminium,2040,aluminium,0.01255386243247877
C-WEU-GRC,aluminium,2050,aluminium,0.01095388272815646
C-WEU-GRC,aluminium,2060,aluminium,0.01060841530918518
C-WEU-GRC,bio-based_polypropylene,2020,polypropylene,0.10740570937805435
C-WEU-GRC,bio-based_polypropylene,2025,polypropylene,0.10730295552490646
C-WEU-GRC,bio-based_polypropylene,2030,polypropylene,0.1068960913438739
C-WEU-GRC,bio-based_polypropylene,2035,polypropylene,0.10604496056882506
C-WEU-GRC,bio-based_polypropylene,2040,polypropylene,0.10554299746441516
C-WEU-GRC,bio-based_polypropylene,2045,polypropylene,0.10516340598045187
C-WEU-GRC,bio-based_polypropylene,2050,polypropylene,0.10457007236848968
C-WEU-GRC,bio-based_polypropylene,2055,polypropylene,0.10432951579248056
C-WEU-GRC,bio-based_polypropylene,2060,polypropylene,0.1043661913109336
C-WEU-GRC,bio-based_polystyrene,2020,polystyrene,0.13189154622921148
C-WEU-GRC,bio-based_polystyrene,2025,polystyrene,0.1317818574199766
C-WEU-GRC,bio-based_polystyrene,2030,polystyrene,0.1313599579224614
C-WEU-GRC,bio-based_polystyrene,2035,polystyrene,0.1304870727299388
C-WEU-GRC,bio-based_polystyrene,2040,polystyrene,0.12998289630123525
C-WEU-GRC,bio-based_polystyrene,2045,polystyrene,0.1296026716335613
C-WEU-GRC,bio-based_polystyrene,2050,polystyrene,0.12900906932930506
C-WEU-GRC,bio-based_polystyrene,2055,polystyrene,0.12876835773942097
C-WEU-GRC,bio-based_polystyrene,2060,polystyrene,0.12880529685805275
C-WEU-GRC,concrete,2020,concrete,0.0053927075067372
C-WEU-GRC,concrete,2030,concrete,0.0052548778819487
C-WEU-GRC,concrete,2040,concrete,0.00463851580362222
C-WEU-GRC,concrete,2050,concrete,0.00406910261846518
C-WEU-GRC,concrete,2060,concrete,0.00394709372053634
C-WEU-GRC,copper,2020,copper,0.00539270750673704
C-WEU-GRC,copper,2030,copper,0.00525487788194886
C-WEU-GRC,copper,2040,copper,0.00463851580362222
C-WEU-GRC,copper,2050,copper,0.00406910261846527
C-WEU-GRC,copper,2060,copper,0.00394709372053634
C-WEU-GRC,glass,2020,glass,0.00536004154774015
C-WEU-GRC,glass,2030,glass,0.00527873637295789
C-WEU-GRC,glass,2040,glass,0.00477620264256572
C-WEU-GRC,glass,2050,glass,0.00428668631407529
C-WEU-GRC,glass,2060,glass,0.0042075035299545
C-WEU-GRC,other_plastics,2020,plastic_mixture,0.09931519353209156
C-WEU-GRC,other_plastics,2025,plastic_mixture,0.09918248375559847
C-WEU-GRC,other_plastics,2030,plastic_mixture,0.09871082005133495
C-WEU-GRC,other_plastics,2035,plastic_mixture,0.09776593312137184
C-WEU-GRC,other_plastics,2040,plastic_mixture,0.09725455384107336
C-WEU-GRC,other_plastics,2045,plastic_mixture,0.0968723279943109
C-WEU-GRC,other_plastics,2050,plastic_mixture,0.0962779028091071
C-WEU-GRC,other_plastics,2055,plastic_mixture,0.09603671456063222
C-WEU-GRC,other_plastics,2060,plastic_mixture,0.096074529196484
C-WEU-GRC,polypropylene,2020,polypropylene,0.10740570937805435
C-WEU-GRC,polypropylene,2025,polypropylene,0.10730295552490646
C-WEU-GRC,polypropylene,2030,polypropylene,0.1068960913438739
C-WEU-GRC,polypropylene,2035,polypropylene,0.10604496056882506
C-WEU-GRC,polypropylene,2040,polypropylene,0.10554299746441516
C-WEU-GRC,polypropylene,2045,polypropylene,0.10516340598045187
C-WEU-GRC,polypropylene,2050,polypropylene,0.10457007236848968
C-WEU-GRC,polypropylene,2055,polypropylene,0.10432951579248056
C-WEU-GRC,polypropylene,2060,polypropylene,0.1043661913109336
C-WEU-GRC,polystyrene,2020,polystyrene,0.13189154622921148
C-WEU-GRC,polystyrene,2025,polystyrene,0.1317818574199766
C-WEU-GRC,polystyrene,2030,polystyrene,0.1313599579224614
C-WEU-GRC,polystyrene,2035,polystyrene,0.1304870727299388
C-WEU-GRC,polystyrene,2040,polystyrene,0.12998289630123525
C-WEU-GRC,polystyrene,2045,polystyrene,0.1296026716335613
C-WEU-GRC,polystyrene,2050,polystyrene,0.12900906932930506
C-WEU-GRC,polystyrene,2055,polystyrene,0.12876835773942097
C-WEU-GRC,polystyrene,2060,polystyrene,0.12880529685805275
C-WEU-GRC,steel,2020,steel,0.00539270750673704
C-WEU-GRC,steel,2030,steel,0.00525487788194886
C-WEU-GRC,steel,2040,steel,0.00463851580362222
C-WEU-GRC,steel,2050,steel,0.00406910261846527
C-WEU-GRC,steel,2060,steel,0.00394709372053634
C-WEU-IRL,acrylonitrile_butadiene_styrene,2020,acrylonitrile_butadiene_styrene,0.11572029369757623
C-WEU-IRL,acrylonitrile_butadiene_styrene,2025,acrylonitrile_butadiene_styrene,0.115609621483123
C-WEU-IRL,acrylonitrile_butadiene_styrene,2030,acrylonitrile_butadiene_styrene,0.11519206490326336
C-WEU-IRL,acrylonitrile_butadiene_styrene,2035,acrylonitrile_butadiene_styrene,0.11432027527646171
C-WEU-IRL,acrylonitrile_butadiene_styrene,2040,acrylonitrile_butadiene_styrene,0.11381980396366284
C-WEU-IRL,acrylonitrile_butadiene_styrene,2045,acrylonitrile_butadiene_styrene,0.1134454386167098
C-WEU-IRL,acrylonitrile_butadiene_styrene,2050,acrylonitrile_butadiene_styrene,0.11285835818705334
C-WEU-IRL,acrylonitrile_butadiene_styrene,2055,acrylonitrile_butadiene_styrene,0.11262169978833442
C-WEU-IRL,acrylonitrile_butadiene_styrene,2060,acrylonitrile_butadiene_styrene,0.11265996905877984
C-WEU-IRL,aluminium,2020,aluminium,0.02217584637996731
C-WEU-IRL,aluminium,2030,aluminium,0.01804265850622942
C-WEU-IRL,aluminium,2040,aluminium,0.01255386243247877
C-WEU-IRL,aluminium,2050,aluminium,0.01095388272815646
C-WEU-IRL,aluminium,2060,aluminium,0.01060841530918518
C-WEU-IRL,bio-based_polypropylene,2020,polypropylene,0.10740570937805435
C-WEU-IRL,bio-based_polypropylene,2025,polypropylene,0.10730295552490646
C-WEU-IRL,bio-based_polypropylene,2030,polypropylene,0.1068960913438739
C-WEU-IRL,bio-based_polypropylene,2035,polypropylene,0.10604496056882506
C-WEU-IRL,bio-based_polypropylene,2040,polypropylene,0.10554299746441516
C-WEU-IRL,bio-based_polypropylene,2045,polypropylene,0.10516340598045187
C-WEU-IRL,bio-based_polypropylene,2050,polypropylene,0.10457007236848968
C-WEU-IRL,bio-based_polypropylene,2055,polypropylene,0.10432951579248056
C-WEU-IRL,bio-based_polypropylene,2060,polypropylene,0.1043661913109336
C-WEU-IRL,bio-based_polystyrene,2020,polystyrene,0.13189154622921148
C-WEU-IRL,bio-based_polystyrene,2025,polystyrene,0.1317818574199766
C-WEU-IRL,bio-based_polystyrene,2030,polystyrene,0.1313599579224614
C-WEU-IRL,bio-based_polystyrene,2035,polystyrene,0.1304870727299388
C-WEU-IRL,bio-based_polystyrene,2040,polystyrene,0.12998289630123525
C-WEU-IRL,bio-based_polystyrene,2045,polystyrene,0.1296026716335613
C-WEU-IRL,bio-based_polystyrene,2050,polystyrene,0.12900906932930506
C-WEU-IRL,bio-based_polystyrene,2055,polystyrene,0.12876835773942097
C-WEU-IRL,bio-based_polystyrene,2060,polystyrene,0.12880529685805275
C-WEU-IRL,concrete,2020,concrete,0.0053927075067372
C-WEU-IRL,concrete,2030,concrete,0.0052548778819487
C-WEU-IRL,concrete,2040,concrete,0.00463851580362222
C-WEU-IRL,concrete,2050,concrete,0.00406910261846518
C-WEU-IRL,concrete,2060,concrete,0.00394709372053634
C-WEU-IRL,copper,2020,copper,0.00539270750673704
C-WEU-IRL,copper,2030,copper,0.00525487788194886
C-WEU-IRL,copper,2040,copper,0.00463851580362222
C-WEU-IRL,copper,2050,copper,0.00406910261846527
C-WEU-IRL,copper,2060,copper,0.00394709372053634
C-WEU-IRL,glass,2020,glass,0.00536004154774015
C-WEU-IRL,glass,2030,glass,0.00527873637295789
C-WEU-IRL,glass,2040,glass,0.00477620264256572
C-WEU-IRL,glass,2050,glass,0.00428668631407529
C-WEU-IRL,glass,2060,glass,0.0042075035299545
C-WEU-IRL,other_plastics,2020,plastic_mixture,0.09931519353209156
C-WEU-IRL,other_plastics,2025,plastic_mixture,0.09918248375559847
C-WEU-IRL,other_plastics,2030,plastic_mixture,0.09871082005133495
C-WEU-IRL,other_plastics,2035,plastic_mixture,0.09776593312137184
C-WEU-IRL,other_plastics,2040,plastic_mixture,0.09725455384107336
C-WEU-IRL,other_plastics,2045,plastic_mixture,0.0968723279943109
C-WEU-IRL,other_plastics,2050,plastic_mixture,0.0962779028091071
C-WEU-IRL,other_plastics,2055,plastic_mixture,0.09603671456063222
C-WEU-IRL,other_plastics,2060,plastic_mixture,0.096074529196484
C-WEU-IRL,polypropylene,2020,polypropylene,0.10740570937805435
C-WEU-IRL,polypropylene,2025,polypropylene,0.10730295552490646
C-WEU-IRL,polypropylene,2030,polypropylene,0.1068960913438739
C-WEU-IRL,polypropylene,2035,polypropylene,0.10604496056882506
C-WEU-IRL,polypropylene,2040,polypropylene,0.10554299746441516
C-WEU-IRL,polypropylene,2045,polypropylene,0.10516340598045187
C-WEU-IRL,polypropylene,2050,polypropylene,0.10457007236848968
C-WEU-IRL,polypropylene,2055,polypropylene,0.10432951579248056
C-WEU-IRL,polypropylene,2060,polypropylene,0.1043661913109336
C-WEU-IRL,polystyrene,2020,polystyrene,0.13189154622921148
C-WEU-IRL,polystyrene,2025,polystyrene,0.1317818574199766
C-WEU-IRL,polystyrene,2030,polystyrene,0.1313599579224614
C-WEU-IRL,polystyrene,2035,polystyrene,0.1304870727299388
C-WEU-IRL,polystyrene,2040,polystyrene,0.12998289630123525
C-WEU-IRL,polystyrene,2045,polystyrene,0.1296026716335613
C-WEU-IRL,polystyrene,2050,polystyrene,0.12900906932930506
C-WEU-IRL,polystyrene,2055,polystyrene,0.12876835773942097
C-WEU-IRL,polystyrene,2060,polystyrene,0.12880529685805275
C-WEU-IRL,steel,2020,steel,0.00539270750673704
C-WEU-IRL,steel,2030,steel,0.00525487788194886
C-WEU-IRL,steel,2040,steel,0.00463851580362222
C-WEU-IRL,steel,2050,steel,0.00406910261846527
C-WEU-IRL,steel,2060,steel,0.00394709372053634
C-WEU-ISL,acrylonitrile_butadiene_styrene,2020,acrylonitrile_butadiene_styrene,0.11572029369757623
C-WEU-ISL,acrylonitrile_butadiene_styrene,2025,acrylonitrile_butadiene_styrene,0.115609621483123
C-WEU-ISL,acrylonitrile_butadiene_styrene,2030,acrylonitrile_butadiene_styrene,0.11519206490326336
C-WEU-ISL,acrylonitrile_butadiene_styrene,2035,acrylonitrile_butadiene_styrene,0.11432027527646171
C-WEU-ISL,acrylonitrile_butadiene_styrene,2040,acrylonitrile_butadiene_styrene,0.11381980396366284
C-WEU-ISL,acrylonitrile_butadiene_styrene,2045,acrylonitrile_butadiene_styrene,0.1134454386167098
C-WEU-ISL,acrylonitrile_butadiene_styrene,2050,acrylonitrile_butadiene_styrene,0.11285835818705334
C-WEU-ISL,acrylonitrile_butadiene_styrene,2055,acrylonitrile_butadiene_styrene,0.11262169978833442
C-WEU-ISL,acrylonitrile_butadiene_styrene,2060,acrylonitrile_butadiene_styrene,0.11265996905877984
C-WEU-ISL,aluminium,2020,aluminium,0.02217584637996731
C-WEU-ISL,aluminium,2030,aluminium,0.01804265850622942
C-WEU-ISL,aluminium,2040,aluminium,0.01255386243247877
C-WEU-ISL,aluminium,2050,aluminium,0.01095388272815646
C-WEU-ISL,aluminium,2060,aluminium,0.01060841530918518
C-WEU-ISL,bio-based_polypropylene,2020,polypropylene,0.10740570937805435
C-WEU-ISL,bio-based_polypropylene,2025,polypropylene,0.10730295552490646
C-WEU-ISL,bio-based_polypropylene,2030,polypropylene,0.1068960913438739
C-WEU-ISL,bio-based_polypropylene,2035,polypropylene,0.10604496056882506
C-WEU-ISL,bio-based_polypropylene,2040,polypropylene,0.10554299746441516
C-WEU-ISL,bio-based_polypropylene,2045,polypropylene,0.10516340598045187
C-WEU-ISL,bio-based_polypropylene,2050,polypropylene,0.10457007236848968
C-WEU-ISL,bio-based_polypropylene,2055,polypropylene,0.10432951579248056
C-WEU-ISL,bio-based_polypropylene,2060,polypropylene,0.1043661913109336
C-WEU-ISL,bio-based_polystyrene,2020,polystyrene,0.13189154622921148
C-WEU-ISL,bio-based_polystyrene,2025,polystyrene,0.1317818574199766
C-WEU-ISL,bio-based_polystyrene,2030,polystyrene,0.1313599579224614
C-WEU-ISL,bio-based_polystyrene,2035,polystyrene,0.1304870727299388
C-WEU-ISL,bio-based_polystyrene,2040,polystyrene,0.12998289630123525
C-WEU-ISL,bio-based_polystyrene,2045,polystyrene,0.1296026716335613
C-WEU-ISL,bio-based_polystyrene,2050,polystyrene,0.12900906932930506
C-WEU-ISL,bio-based_polystyrene,2055,polystyrene,0.12876835773942097
C-WEU-ISL,bio-based_polystyrene,2060,polystyrene,0.12880529685805275
C-WEU-ISL,concrete,2020,concrete,0.0053927075067372
C-WEU-ISL,concrete,2030,concrete,0.0052548778819487
C-WEU-ISL,concrete,2040,concrete,0.00463851580362222
C-WEU-ISL,concrete,2050,concrete,0.00406910261846518
C-WEU-ISL,concrete,2060,concrete,0.00394709372053634
C-WEU-ISL,copper,2020,copper,0.00539270750673704
C-WEU-ISL,copper,2030,copper,0.00525487788194886
C-WEU-ISL,copper,2040,copper,0.00463851580362222
C-WEU-ISL,copper,2050,copper,0.00406910261846527
C-WEU-ISL,copper,2060,copper,0.00394709372053634
C-WEU-ISL,glass,2020,glass,0.00536004154774015
C-WEU-ISL,glass,2030,glass,0.00527873637295789
C-WEU-ISL,glass,2040,glass,0.00477620264256572
C-WEU-ISL,glass,2050,glass,0.00428668631407529
C-WEU-ISL,glass,2060,glass,0.0042075035299545
C-WEU-ISL,other_plastics,2020,plastic_mixture,0.09931519353209156
C-WEU-ISL,other_plastics,2025,plastic_mixture,0.09918248375559847
C-WEU-ISL,other_plastics,2030,plastic_mixture,0.09871082005133495
C-WEU-ISL,other_plastics,2035,plastic_mixture,0.09776593312137184
C-WEU-ISL,other_plastics,2040,plastic_mixture,0.09725455384107336
C-WEU-ISL,other_plastics,2045,plastic_mixture,0.0968723279943109
C-WEU-ISL,other_plastics,2050,plastic_mixture,0.0962779028091071
C-WEU-ISL,other_plastics,2055,plastic_mixture,0.09603671456063222
C-WEU-ISL,other_plastics,2060,plastic_mixture,0.096074529196484
C-WEU-ISL,polypropylene,2020,polypropylene,0.10740570937805435
C-WEU-ISL,polypropylene,2025,polypropylene,0.10730295552490646
C-WEU-ISL,polypropylene,2030,polypropylene,0.1068960913438739
C-WEU-ISL,polypropylene,2035,polypropylene,0.10604496056882506
C-WEU-ISL,polypropylene,2040,polypropylene,0.10554299746441516
C-WEU-ISL,polypropylene,2045,polypropylene,0.10516340598045187
C-WEU-ISL,polypropylene,2050,polypropylene,0.10457007236848968
C-WEU-ISL,polypropylene,2055,polypropylene,0.10432951579248056
C-WEU-ISL,polypropylene,2060,polypropylene,0.1043661913109336
C-WEU-ISL,polystyrene,2020,polystyrene,0.13189154622921148
C-WEU-ISL,polystyrene,2025,polystyrene,0.1317818574199766
C-WEU-ISL,polystyrene,2030,polystyrene,0.1313599579224614
C-WEU-ISL,polystyrene,2035,polystyrene,0.1304870727299388
C-WEU-ISL,polystyrene,2040,polystyrene,0.12998289630123525
C-WEU-ISL,polystyrene,2045,polystyrene,0.1296026716335613
C-WEU-ISL,polystyrene,2050,polystyrene,0.12900906932930506
C-WEU-ISL,polystyrene,2055,polystyrene,0.12876835773942097
C-WEU-ISL,polystyrene,2060,polystyrene,0.12880529685805275
C-WEU-ISL,steel,2020,steel,0.00539270750673704
C-WEU-ISL,steel,2030,steel,0.00525487788194886
C-WEU-ISL,steel,2040,steel,0.00463851580362222
C-WEU-ISL,steel,2050,steel,0.00406910261846527
C-WEU-ISL,steel,2060,steel,0.00394709372053634
C-WEU-ITA,acrylonitrile_butadiene_styrene,2020,acrylonitrile_butadiene_styrene,0.11572029369757623
C-WEU-ITA,acrylonitrile_butadiene_styrene,2025,acrylonitrile_butadiene_styrene,0.115609621483123
C-WEU-ITA,acrylonitrile_butadiene_styrene,2030,acrylonitrile_butadiene_styrene,0.11519206490326336
C-WEU-ITA,acrylonitrile_butadiene_styrene,2035,acrylonitrile_butadiene_styrene,0.11432027527646171
C-WEU-ITA,acrylonitrile_butadiene_styrene,2040,acrylonitrile_butadiene_styrene,0.11381980396366284
C-WEU-ITA,acrylonitrile_butadiene_styrene,2045,acrylonitrile_butadiene_styrene,0.1134454386167098
C-WEU-ITA,acrylonitrile_butadiene_styrene,2050,acrylonitrile_butadiene_styrene,0.11285835818705334
C-WEU-ITA,acrylonitrile_butadiene_styrene,2055,acrylonitrile_butadiene_styrene,0.11262169978833442
C-WEU-ITA,acrylonitrile_butadiene_styrene,2060,acrylonitrile_butadiene_styrene,0.11265996905877984
C-WEU-ITA,aluminium,2020,aluminium,0.02217584637996731
C-WEU-ITA,aluminium,2030,aluminium,0.01804265850622942
C-WEU-ITA,aluminium,2040,aluminium,0.01255386243247877
C-WEU-ITA,aluminium,2050,aluminium,0.01095388272815646
C-WEU-ITA,aluminium,2060,aluminium,0.01060841530918518
C-WEU-ITA,bio-based_polypropylene,2020,polypropylene,0.10740570937805435
C-WEU-ITA,bio-based_polypropylene,2025,polypropylene,0.10730295552490646
C-WEU-ITA,bio-based_polypropylene,2030,polypropylene,0.1068960913438739
C-WEU-ITA,bio-based_polypropylene,2035,polypropylene,0.10604496056882506
C-WEU-ITA,bio-based_polypropylene,2040,polypropylene,0.10554299746441516
C-WEU-ITA,bio-based_polypropylene,2045,polypropylene,0.10516340598045187
C-WEU-ITA,bio-based_polypropylene,2050,polypropylene,0.10457007236848968
C-WEU-ITA,bio-based_polypropylene,2055,polypropylene,0.10432951579248056
C-WEU-ITA,bio-based_polypropylene,2060,polypropylene,0.1043661913109336
C-WEU-ITA,bio-based_polystyrene,2020,polystyrene,0.13189154622921148
C-WEU-ITA,bio-based_polystyrene,2025,polystyrene,0.1317818574199766
C-WEU-ITA,bio-based_polystyrene,2030,polystyrene,0.1313599579224614
C-WEU-ITA,bio-based_polystyrene,2035,polystyrene,0.1304870727299388
C-WEU-ITA,bio-based_polystyrene,2040,polystyrene,0.12998289630123525
C-WEU-ITA,bio-based_polystyrene,2045,polystyrene,0.1296026716335613
C-WEU-ITA,bio-based_polystyrene,2050,polystyrene,0.12900906932930506
C-WEU-ITA,bio-based_polystyrene,2055,polystyrene,0.12876835773942097
C-WEU-ITA,bio-based_polystyrene,2060,polystyrene,0.12880529685805275
C-WEU-ITA,concrete,2020,concrete,0.0053927075067372
C-WEU-ITA,concrete,2030,concrete,0.0052548778819487
C-WEU-ITA,concrete,2040,concrete,0.00463851580362222
C-WEU-ITA,concrete,2050,concrete,0.00406910261846518
C-WEU-ITA,concrete,2060,concrete,0.00394709372053634
C-WEU-ITA,copper,2020,copper,0.00539270750673704
C-WEU-ITA,copper,2030,copper,0.00525487788194886
C-WEU-ITA,copper,2040,copper,0.00463851580362222
C-WEU-ITA,copper,2050,copper,0.00406910261846527
C-WEU-ITA,copper,2060,copper,0.00394709372053634
C-WEU-ITA,glass,2020,glass,0.00536004154774015
C-WEU-ITA,glass,2030,glass,0.00527873637295789
C-WEU-ITA,glass,2040,glass,0.00477620264256572
C-WEU-ITA,glass,2050,glass,0.00428668631407529
C-WEU-ITA,glass,2060,glass,0.0042075035299545
C-WEU-ITA,other_plastics,2020,plastic_mixture,0.09931519353209156
C-WEU-ITA,other_plastics,2025,plastic_mixture,0.09918248375559847
C-WEU-ITA,other_plastics,2030,plastic_mixture,0.09871082005133495
C-WEU-ITA,other_plastics,2035,plastic_mixture,0.09776593312137184
C-WEU-ITA,other_plastics,2040,plastic_mixture,0.09725455384107336
C-WEU-ITA,other_plastics,2045,plastic_mixture,0.0968723279943109
C-WEU-ITA,other_plastics,2050,plastic_mixture,0.0962779028091071
C-WEU-ITA,other_plastics,2055,plastic_mixture,0.09603671456063222
C-WEU-ITA,other_plastics,2060,plastic_mixture,0.096074529196484
C-WEU-ITA,polypropylene,2020,polypropylene,0.10740570937805435
C-WEU-ITA,polypropylene,2025,polypropylene,0.10730295552490646
C-WEU-ITA,polypropylene,2030,polypropylene,0.1068960913438739
C-WEU-ITA,polypropylene,2035,polypropylene,0.10604496056882506
C-WEU-ITA,polypropylene,2040,polypropylene,0.10554299746441516
C-WEU-ITA,polypropylene,2045,polypropylene,0.10516340598045187
C-WEU-ITA,polypropylene,2050,polypropylene,0.10457007236848968
C-WEU-ITA,polypropylene,2055,polypropylene,0.10432951579248056
C-WEU-ITA,polypropylene,2060,polypropylene,0.1043661913109336
C-WEU-ITA,polystyrene,2020,polystyrene,0.13189154622921148
C-WEU-ITA,polystyrene,2025,polystyrene,0.1317818574199766
C-WEU-ITA,polystyrene,2030,polystyrene,0.1313599579224614
C-WEU-ITA,polystyrene,2035,polystyrene,0.1304870727299388
C-WEU-ITA,polystyrene,2040,polystyrene,0.12998289630123525
C-WEU-ITA,polystyrene,2045,polystyrene,0.1296026716335613
C-WEU-ITA,polystyrene,2050,polystyrene,0.12900906932930506
C-WEU-ITA,polystyrene,2055,polystyrene,0.12876835773942097
C-WEU-ITA,polystyrene,2060,polystyrene,0.12880529685805275
C-WEU-ITA,steel,2020,steel,0.00539270750673704
C-WEU-ITA,steel,2030,steel,0.00525487788194886
C-WEU-ITA,steel,2040,steel,0.00463851580362222
C-WEU-ITA,steel,2050,steel,0.00406910261846527
C-WEU-ITA,steel,2060,steel,0.00394709372053634
C-WEU-LUX,acrylonitrile_butadiene_styrene,2020,acrylonitrile_butadiene_styrene,0.11572029369757623
C-WEU-LUX,acrylonitrile_butadiene_styrene,2025,acrylonitrile_butadiene_styrene,0.115609621483123
C-WEU-LUX,acrylonitrile_butadiene_styrene,2030,acrylonitrile_butadiene_styrene,0.11519206490326336
C-WEU-LUX,acrylonitrile_butadiene_styrene,2035,acrylonitrile_butadiene_styrene,0.11432027527646171
C-WEU-LUX,acrylonitrile_butadiene_styrene,2040,acrylonitrile_butadiene_styrene,0.11381980396366284
C-WEU-LUX,acrylonitrile_butadiene_styrene,2045,acrylonitrile_butadiene_styrene,0.1134454386167098
C-WEU-LUX,acrylonitrile_butadiene_styrene,2050,acrylonitrile_butadiene_styrene,0.11285835818705334
C-WEU-LUX,acrylonitrile_butadiene_styrene,2055,acrylonitrile_butadiene_styrene,0.11262169978833442
C-WEU-LUX,acrylonitrile_butadiene_styrene,2060,acrylonitrile_butadiene_styrene,0.11265996905877984
C-WEU-LUX,aluminium,2020,aluminium,0.02217584637996731
C-WEU-LUX,aluminium,2030,aluminium,0.01804265850622942
C-WEU-LUX,aluminium,2040,aluminium,0.01255386243247877
C-WEU-LUX,aluminium,2050,aluminium,0.01095388272815646
C-WEU-LUX,aluminium,2060,aluminium,0.01060841530918518
C-WEU-LUX,bio-based_polypropylene,2020,polypropylene,0.10740570937805435
C-WEU-LUX,bio-based_polypropylene,2025,polypropylene,0.10730295552490646
C-WEU-LUX,bio-based_polypropylene,2030,polypropylene,0.1068960913438739
C-WEU-LUX,bio-based_polypropylene,2035,polypropylene,0.10604496056882506
C-WEU-LUX,bio-based_polypropylene,2040,polypropylene,0.10554299746441516
C-WEU-LUX,bio-based_polypropylene,2045,polypropylene,0.10516340598045187
C-WEU-LUX,bio-based_polypropylene,2050,polypropylene,0.10457007236848968
C-WEU-LUX,bio-based_polypropylene,2055,polypropylene,0.10432951579248056
C-WEU-LUX,bio-based_polypropylene,2060,polypropylene,0.1043661913109336
C-WEU-LUX,bio-based_polystyrene,2020,polystyrene,0.13189154622921148
C-WEU-LUX,bio-based_polystyrene,2025,polystyrene,0.1317818574199766
C-WEU-LUX,bio-based_polystyrene,2030,polystyrene,0.1313599579224614
C-WEU-LUX,bio-based_polystyrene,2035,polystyrene,0.1304870727299388
C-WEU-LUX,bio-based_polystyrene,2040,polystyrene,0.12998289630123525
C-WEU-LUX,bio-based_polystyrene,2045,polystyrene,0.1296026716335613
C-WEU-LUX,bio-based_polystyrene,2050,polystyrene,0.12900906932930506
C-WEU-LUX,bio-based_polystyrene,2055,polystyrene,0.12876835773942097
C-WEU-LUX,bio-based_polystyrene,2060,polystyrene,0.12880529685805275
C-WEU-LUX,concrete,2020,concrete,0.0053927075067372
C-WEU-LUX,concrete,2030,concrete,0.0052548778819487
C-WEU-LUX,concrete,2040,concrete,0.00463851580362222
C-WEU-LUX,concrete,2050,concrete,0.00406910261846518
C-WEU-LUX,concrete,2060,concrete,0.00394709372053634
C-WEU-LUX,copper,2020,copper,0.00539270750673704
C-WEU-LUX,copper,2030,copper,0.00525487788194886
C-WEU-LUX,copper,2040,copper,0.00463851580362222
C-WEU-LUX,copper,2050,copper,0.00406910261846527
C-WEU-LUX,copper,2060,copper,0.00394709372053634
C-WEU-LUX,glass,2020,glass,0.00536004154774015
C-WEU-LUX,glass,2030,glass,0.00527873637295789
C-WEU-LUX,glass,2040,glass,0.00477620264256572
C-WEU-LUX,glass,2050,glass,0.00428668631407529
C-WEU-LUX,glass,2060,glass,0.0042075035299545
C-WEU-LUX,other_plastics,2020,plastic_mixture,0.09931519353209156
C-WEU-LUX,other_plastics,2025,plastic_mixture,0.09918248375559847
C-WEU-LUX,other_plastics,2030,plastic_mixture,0.09871082005133495
C-WEU-LUX,other_plastics,2035,plastic_mixture,0.09776593312137184
C-WEU-LUX,other_plastics,2040,plastic_mixture,0.09725455384107336
C-WEU-LUX,other_plastics,2045,plastic_mixture,0.0968723279943109
C-WEU-LUX,other_plastics,2050,plastic_mixture,0.0962779028091071
C-WEU-LUX,other_plastics,2055,plastic_mixture,0.09603671456063222
C-WEU-LUX,other_plastics,2060,plastic_mixture,0.096074529196484
C-WEU-LUX,polypropylene,2020,polypropylene,0.10740570937805435
C-WEU-LUX,polypropylene,2025,polypropylene,0.10730295552490646
C-WEU-LUX,polypropylene,2030,polypropylene,0.1068960913438739
C-WEU-LUX,polypropylene,2035,polypropylene,0.10604496056882506
C-WEU-LUX,polypropylene,2040,polypropylene,0.10554299746441516
C-WEU-LUX,polypropylene,2045,polypropylene,0.10516340598045187
C-WEU-LUX,polypropylene,2050,polypropylene,0.10457007236848968
C-WEU-LUX,polypropylene,2055,polypropylene,0.10432951579248056
C-WEU-LUX,polypropylene,2060,polypropylene,0.1043661913109336
C-WEU-LUX,polystyrene,2020,polystyrene,0.13189154622921148
C-WEU-LUX,polystyrene,2025,polystyrene,0.1317818574199766
C-WEU-LUX,polystyrene,2030,polystyrene,0.1313599579224614
C-WEU-LUX,polystyrene,2035,polystyrene,0.1304870727299388
C-WEU-LUX,polystyrene,2040,polystyrene,0.12998289630123525
C-WEU-LUX,polystyrene,2045,polystyrene,0.1296026716335613
C-WEU-LUX,polystyrene,2050,polystyrene,0.12900906932930506
C-WEU-LUX,polystyrene,2055,polystyrene,0.12876835773942097
C-WEU-LUX,polystyrene,2060,polystyrene,0.12880529685805275
C-WEU-LUX,steel,2020,steel,0.00539270750673704
C-WEU-LUX,steel,2030,steel,0.00525487788194886
C-WEU-LUX,steel,2040,steel,0.00463851580362222
C-WEU-LUX,steel,2050,steel,0.00406910261846527
C-WEU-LUX,steel,2060,steel,0.00394709372053634
C-WEU-MLT,acrylonitrile_butadiene_styrene,2020,acrylonitrile_butadiene_styrene,0.11572029369757623
C-WEU-MLT,acrylonitrile_butadiene_styrene,2025,acrylonitrile_butadiene_styrene,0.115609621483123
C-WEU-MLT,acrylonitrile_butadiene_styrene,2030,acrylonitrile_butadiene_styrene,0.11519206490326336
C-WEU-MLT,acrylonitrile_butadiene_styrene,2035,acrylonitrile_butadiene_styrene,0.11432027527646171
C-WEU-MLT,acrylonitrile_butadiene_styrene,2040,acrylonitrile_butadiene_styrene,0.11381980396366284
C-WEU-MLT,acrylonitrile_butadiene_styrene,2045,acrylonitrile_butadiene_styrene,0.1134454386167098
C-WEU-MLT,acrylonitrile_butadiene_styrene,2050,acrylonitrile_butadiene_styrene,0.11285835818705334
C-WEU-MLT,acrylonitrile_butadiene_styrene,2055,acrylonitrile_butadiene_styrene,0.11262169978833442
C-WEU-MLT,acrylonitrile_butadiene_styrene,2060,acrylonitrile_butadiene_styrene,0.11265996905877984
C-WEU-MLT,aluminium,2020,aluminium,0.02217584637996731
C-WEU-MLT,aluminium,2030,aluminium,0.01804265850622942
C-WEU-MLT,aluminium,2040,aluminium,0.01255386243247877
C-WEU-MLT,aluminium,2050,aluminium,0.01095388272815646
C-WEU-MLT,aluminium,2060,aluminium,0.01060841530918518
C-WEU-MLT,bio-based_polypropylene,2020,polypropylene,0.10740570937805435
C-WEU-MLT,bio-based_polypropylene,2025,polypropylene,0.10730295552490646
C-WEU-MLT,bio-based_polypropylene,2030,polypropylene,0.1068960913438739
C-WEU-MLT,bio-based_polypropylene,2035,polypropylene,0.10604496056882506
C-WEU-MLT,bio-based_polypropylene,2040,polypropylene,0.10554299746441516
C-WEU-MLT,bio-based_polypropylene,2045,polypropylene,0.10516340598045187
C-WEU-MLT,bio-based_polypropylene,2050,polypropylene,0.10457007236848968
C-WEU-MLT,bio-based_polypropylene,2055,polypropylene,0.10432951579248056
C-WEU-MLT,bio-based_polypropylene,2060,polypropylene,0.1043661913109336
C-WEU-MLT,bio-based_polystyrene,2020,polystyrene,0.13189154622921148
C-WEU-MLT,bio-based_polystyrene,2025,polystyrene,0.1317818574199766
C-WEU-MLT,bio-based_polystyrene,2030,polystyrene,0.1313599579224614
C-WEU-MLT,bio-based_polystyrene,2035,polystyrene,0.1304870727299388
C-WEU-MLT,bio-based_polystyrene,2040,polystyrene,0.12998289630123525
C-WEU-MLT,bio-based_polystyrene,2045,polystyrene,0.1296026716335613
C-WEU-MLT,bio-based_polystyrene,2050,polystyrene,0.12900906932930506
C-WEU-MLT,bio-based_polystyrene,2055,polystyrene,0.12876835773942097
C-WEU-MLT,bio-based_polystyrene,2060,polystyrene,0.12880529685805275
C-WEU-MLT,concrete,2020,concrete,0.0053927075067372
C-WEU-MLT,concrete,2030,concrete,0.0052548778819487
C-WEU-MLT,concrete,2040,concrete,0.00463851580362222
C-WEU-MLT,concrete,2050,concrete,0.00406910261846518
C-WEU-MLT,concrete,2060,concrete,0.00394709372053634
C-WEU-MLT,copper,2020,copper,0.00539270750673704
C-WEU-MLT,copper,2030,copper,0.00525487788194886
C-WEU-MLT,copper,2040,copper,0.00463851580362222
C-WEU-MLT,copper,2050,copper,0.00406910261846527
C-WEU-MLT,copper,2060,copper,0.00394709372053634
C-WEU-MLT,glass,2020,glass,0.00536004154774015
C-WEU-MLT,glass,2030,glass,0.00527873637295789
C-WEU-MLT,glass,2040,glass,0.00477620264256572
C-WEU-MLT,glass,2050,glass,0.00428668631407529
C-WEU-MLT,glass,2060,glass,0.0042075035299545
C-WEU-MLT,other_plastics,2020,plastic_mixture,0.09931519353209156
C-WEU-MLT,other_plastics,2025,plastic_mixture,0.09918248375559847
C-WEU-MLT,other_plastics,2030,plastic_mixture,0.09871082005133495
C-WEU-MLT,other_plastics,2035,plastic_mixture,0.09776593312137184
C-WEU-MLT,other_plastics,2040,plastic_mixture,0.09725455384107336
C-WEU-MLT,other_plastics,2045,plastic_mixture,0.0968723279943109
C-WEU-MLT,other_plastics,2050,plastic_mixture,0.0962779028091071
C-WEU-MLT,other_plastics,2055,plastic_mixture,0.09603671456063222
C-WEU-MLT,other_plastics,2060,plastic_mixture,0.096074529196484
C-WEU-MLT,polypropylene,2020,polypropylene,0.10740570937805435
C-WEU-MLT,polypropylene,2025,polypropylene,0.10730295552490646
C-WEU-MLT,polypropylene,2030,polypropylene,0.1068960913438739
C-WEU-MLT,polypropylene,2035,polypropylene,0.10604496056882506
C-WEU-MLT,polypropylene,2040,polypropylene,0.10554299746441516
C-WEU-MLT,polypropylene,2045,polypropylene,0.10516340598045187
C-WEU-MLT,polypropylene,2050,polypropylene,0.10457007236848968
C-WEU-MLT,polypropylene,2055,polypropylene,0.10432951579248056
C-WEU-MLT,polypropylene,2060,polypropylene,0.1043661913109336
C-WEU-MLT,polystyrene,2020,polystyrene,0.13189154622921148
C-WEU-MLT,polystyrene,2025,polystyrene,0.1317818574199766
C-WEU-MLT,polystyrene,2030,polystyrene,0.1313599579224614
C-WEU-MLT,polystyrene,2035,polystyrene,0.1304870727299388
C-WEU-MLT,polystyrene,2040,polystyrene,0.12998289630123525
C-WEU-MLT,polystyrene,2045,polystyrene,0.1296026716335613
C-WEU-MLT,polystyrene,2050,polystyrene,0.12900906932930506
C-WEU-MLT,polystyrene,2055,polystyrene,0.12876835773942097
C-WEU-MLT,polystyrene,2060,polystyrene,0.12880529685805275
C-WEU-MLT,steel,2020,steel,0.00539270750673704
C-WEU-MLT,steel,2030,steel,0.00525487788194886
C-WEU-MLT,steel,2040,steel,0.00463851580362222
C-WEU-MLT,steel,2050,steel,0.00406910261846527
C-WEU-MLT,steel,2060,steel,0.00394709372053634
C-WEU-NLD,acrylonitrile_butadiene_styrene,2020,acrylonitrile_butadiene_styrene,0.11572029369757623
C-WEU-NLD,acrylonitrile_butadiene_styrene,2025,acrylonitrile_butadiene_styrene,0.115609621483123
C-WEU-NLD,acrylonitrile_butadiene_styrene,2030,acrylonitrile_butadiene_styrene,0.11519206490326336
C-WEU-NLD,acrylonitrile_butadiene_styrene,2035,acrylonitrile_butadiene_styrene,0.11432027527646171
C-WEU-NLD,acrylonitrile_butadiene_styrene,2040,acrylonitrile_butadiene_styrene,0.11381980396366284
C-WEU-NLD,acrylonitrile_butadiene_styrene,2045,acrylonitrile_butadiene_styrene,0.1134454386167098
C-WEU-NLD,acrylonitrile_butadiene_styrene,2050,acrylonitrile_butadiene_styrene,0.11285835818705334
C-WEU-NLD,acrylonitrile_butadiene_styrene,2055,acrylonitrile_butadiene_styrene,0.11262169978833442
C-WEU-NLD,acrylonitrile_butadiene_styrene,2060,acrylonitrile_butadiene_styrene,0.11265996905877984
C-WEU-NLD,aluminium,2020,aluminium,0.02217584637996731
C-WEU-NLD,aluminium,2030,aluminium,0.01804265850622942
C-WEU-NLD,aluminium,2040,aluminium,0.01255386243247877
C-WEU-NLD,aluminium,2050,aluminium,0.01095388272815646
C-WEU-NLD,aluminium,2060,aluminium,0.01060841530918518
C-WEU-NLD,bio-based_polypropylene,2020,polypropylene,0.10740570937805435
C-WEU-NLD,bio-based_polypropylene,2025,polypropylene,0.10730295552490646
C-WEU-NLD,bio-based_polypropylene,2030,polypropylene,0.1068960913438739
C-WEU-NLD,bio-based_polypropylene,2035,polypropylene,0.10604496056882506
C-WEU-NLD,bio-based_polypropylene,2040,polypropylene,0.10554299746441516
C-WEU-NLD,bio-based_polypropylene,2045,polypropylene,0.10516340598045187
C-WEU-NLD,bio-based_polypropylene,2050,polypropylene,0.10457007236848968
C-WEU-NLD,bio-based_polypropylene,2055,polypropylene,0.10432951579248056
C-WEU-NLD,bio-based_polypropylene,2060,polypropylene,0.1043661913109336
C-WEU-NLD,bio-based_polystyrene,2020,polystyrene,0.13189154622921148
C-WEU-NLD,bio-based_polystyrene,2025,polystyrene,0.1317818574199766
C-WEU-NLD,bio-based_polystyrene,2030,polystyrene,0.1313599579224614
C-WEU-NLD,bio-based_polystyrene,2035,polystyrene,0.1304870727299388
C-WEU-NLD,bio-based_polystyrene,2040,polystyrene,0.12998289630123525
C-WEU-NLD,bio-based_polystyrene,2045,polystyrene,0.1296026716335613
C-WEU-NLD,bio-based_polystyrene,2050,polystyrene,0.12900906932930506
C-WEU-NLD,bio-based_polystyrene,2055,polystyrene,0.12876835773942097
C-WEU-NLD,bio-based_polystyrene,2060,polystyrene,0.12880529685805275
C-WEU-NLD,concrete,2020,concrete,0.0053927075067372
C-WEU-NLD,concrete,2030,concrete,0.0052548778819487
C-WEU-NLD,concrete,2040,concrete,0.00463851580362222
C-WEU-NLD,concrete,2050,concrete,0.00406910261846518
C-WEU-NLD,concrete,2060,concrete,0.00394709372053634
C-WEU-NLD,copper,2020,copper,0.00539270750673704
C-WEU-NLD,copper,2030,copper,0.00525487788194886
C-WEU-NLD,copper,2040,copper,0.00463851580362222
C-WEU-NLD,copper,2050,copper,0.00406910261846527
C-WEU-NLD,copper,2060,copper,0.00394709372053634
C-WEU-NLD,glass,2020,glass,0.00536004154774015
C-WEU-NLD,glass,2030,glass,0.00527873637295789
C-WEU-NLD,glass,2040,glass,0.00477620264256572
C-WEU-NLD,glass,2050,glass,0.00428668631407529
C-WEU-NLD,glass,2060,glass,0.0042075035299545
C-WEU-NLD,other_plastics,2020,plastic_mixture,0.09931519353209156
C-WEU-NLD,other_plastics,2025,plastic_mixture,0.09918248375559847
C-WEU-NLD,other_plastics,2030,plastic_mixture,0.09871082005133495
C-WEU-NLD,other_plastics,2035,plastic_mixture,0.09776593312137184
C-WEU-NLD,other_plastics,2040,plastic_mixture,0.09725455384107336
C-WEU-NLD,other_plastics,2045,plastic_mixture,0.0968723279943109
C-WEU-NLD,other_plastics,2050,plastic_mixture,0.0962779028091071
C-WEU-NLD,other_plastics,2055,plastic_mixture,0.09603671456063222
C-WEU-NLD,other_plastics,2060,plastic_mixture,0.096074529196484
C-WEU-NLD,polypropylene,2020,polypropylene,0.10740570937805435
C-WEU-NLD,polypropylene,2025,polypropylene,0.10730295552490646
C-WEU-NLD,polypropylene,2030,polypropylene,0.1068960913438739
C-WEU-NLD,polypropylene,2035,polypropylene,0.10604496056882506
C-WEU-NLD,polypropylene,2040,polypropylene,0.10554299746441516
C-WEU-NLD,polypropylene,2045,polypropylene,0.10516340598045187
C-WEU-NLD,polypropylene,2050,polypropylene,0.10457007236848968
C-WEU-NLD,polypropylene,2055,polypropylene,0.10432951579248056
C-WEU-NLD,polypropylene,2060,polypropylene,0.1043661913109336
C-WEU-NLD,polystyrene,2020,polystyrene,0.13189154622921148
C-WEU-NLD,polystyrene,2025,polystyrene,0.1317818574199766
C-WEU-NLD,polystyrene,2030,polystyrene,0.1313599579224614
C-WEU-NLD,polystyrene,2035,polystyrene,0.1304870727299388
C-WEU-NLD,polystyrene,2040,polystyrene,0.12998289630123525
C-WEU-NLD,polystyrene,2045,polystyrene,0.1296026716335613
C-WEU-NLD,polystyrene,2050,polystyrene,0.12900906932930506
C-WEU-NLD,polystyrene,2055,polystyrene,0.12876835773942097
C-WEU-NLD,polystyrene,2060,polystyrene,0.12880529685805275
C-WEU-NLD,steel,2020,steel,0.00539270750673704
C-WEU-NLD,steel,2030,steel,0.00525487788194886
C-WEU-NLD,steel,2040,steel,0.00463851580362222
C-WEU-NLD,steel,2050,steel,0.00406910261846527
C-WEU-NLD,steel,2060,steel,0.00394709372053634
C-WEU-NOR,acrylonitrile_butadiene_styrene,2020,acrylonitrile_butadiene_styrene,0.11572029369757623
C-WEU-NOR,acrylonitrile_butadiene_styrene,2025,acrylonitrile_butadiene_styrene,0.115609621483123
C-WEU-NOR,acrylonitrile_butadiene_styrene,2030,acrylonitrile_butadiene_styrene,0.11519206490326336
C-WEU-NOR,acrylonitrile_butadiene_styrene,2035,acrylonitrile_butadiene_styrene,0.11432027527646171
C-WEU-NOR,acrylonitrile_butadiene_styrene,2040,acrylonitrile_butadiene_styrene,0.11381980396366284
C-WEU-NOR,acrylonitrile_butadiene_styrene,2045,acrylonitrile_butadiene_styrene,0.1134454386167098
C-WEU-NOR,acrylonitrile_butadiene_styrene,2050,acrylonitrile_butadiene_styrene,0.11285835818705334
C-WEU-NOR,acrylonitrile_butadiene_styrene,2055,acrylonitrile_butadiene_styrene,0.11262169978833442
C-WEU-NOR,acrylonitrile_butadiene_styrene,2060,acrylonitrile_butadiene_styrene,0.11265996905877984
C-WEU-NOR,aluminium,2020,aluminium,0.02217584637996731
C-WEU-NOR,aluminium,2030,aluminium,0.01804265850622942
C-WEU-NOR,aluminium,2040,aluminium,0.01255386243247877
C-WEU-NOR,aluminium,2050,aluminium,0.01095388272815646
C-WEU-NOR,aluminium,2060,aluminium,0.01060841530918518
C-WEU-NOR,bio-based_polypropylene,2020,polypropylene,0.10740570937805435
C-WEU-NOR,bio-based_polypropylene,2025,polypropylene,0.10730295552490646
C-WEU-NOR,bio-based_polypropylene,2030,polypropylene,0.1068960913438739
C-WEU-NOR,bio-based_polypropylene,2035,polypropylene,0.10604496056882506
C-WEU-NOR,bio-based_polypropylene,2040,polypropylene,0.10554299746441516
C-WEU-NOR,bio-based_polypropylene,2045,polypropylene,0.10516340598045187
C-WEU-NOR,bio-based_polypropylene,2050,polypropylene,0.10457007236848968
C-WEU-NOR,bio-based_polypropylene,2055,polypropylene,0.10432951579248056
C-WEU-NOR,bio-based_polypropylene,2060,polypropylene,0.1043661913109336
C-WEU-NOR,bio-based_polystyrene,2020,polystyrene,0.13189154622921148
C-WEU-NOR,bio-based_polystyrene,2025,polystyrene,0.1317818574199766
C-WEU-NOR,bio-based_polystyrene,2030,polystyrene,0.1313599579224614
C-WEU-NOR,bio-based_polystyrene,2035,polystyrene,0.1304870727299388
C-WEU-NOR,bio-based_polystyrene,2040,polystyrene,0.12998289630123525
C-WEU-NOR,bio-based_polystyrene,2045,polystyrene,0.1296026716335613
C-WEU-NOR,bio-based_polystyrene,2050,polystyrene,0.12900906932930506
C-WEU-NOR,bio-based_polystyrene,2055,polystyrene,0.12876835773942097
C-WEU-NOR,bio-based_polystyrene,2060,polystyrene,0.12880529685805275
C-WEU-NOR,concrete,2020,concrete,0.0053927075067372
C-WEU-NOR,concrete,2030,concrete,0.0052548778819487
C-WEU-NOR,concrete,2040,concrete,0.00463851580362222
C-WEU-NOR,concrete,2050,concrete,0.00406910261846518
C-WEU-NOR,concrete,2060,concrete,0.00394709372053634
C-WEU-NOR,copper,2020,copper,0.00539270750673704
C-WEU-NOR,copper,2030,copper,0.00525487788194886
C-WEU-NOR,copper,2040,copper,0.00463851580362222
C-WEU-NOR,copper,2050,copper,0.00406910261846527
C-WEU-NOR,copper,2060,copper,0.00394709372053634
C-WEU-NOR,glass,2020,glass,0.00536004154774015
C-WEU-NOR,glass,2030,glass,0.00527873637295789
C-WEU-NOR,glass,2040,glass,0.00477620264256572
C-WEU-NOR,glass,2050,glass,0.00428668631407529
C-WEU-NOR,glass,2060,glass,0.0042075035299545
C-WEU-NOR,other_plastics,2020,plastic_mixture,0.09931519353209156
C-WEU-NOR,other_plastics,2025,plastic_mixture,0.09918248375559847
C-WEU-NOR,other_plastics,2030,plastic_mixture,0.09871082005133495
C-WEU-NOR,other_plastics,2035,plastic_mixture,0.09776593312137184
C-WEU-NOR,other_plastics,2040,plastic_mixture,0.09725455384107336
C-WEU-NOR,other_plastics,2045,plastic_mixture,0.0968723279943109
C-WEU-NOR,other_plastics,2050,plastic_mixture,0.0962779028091071
C-WEU-NOR,other_plastics,2055,plastic_mixture,0.09603671456063222
C-WEU-NOR,other_plastics,2060,plastic_mixture,0.096074529196484
C-WEU-NOR,polypropylene,2020,polypropylene,0.10740570937805435
C-WEU-NOR,polypropylene,2025,polypropylene,0.10730295552490646
C-WEU-NOR,polypropylene,2030,polypropylene,0.1068960913438739
C-WEU-NOR,polypropylene,2035,polypropylene,0.10604496056882506
C-WEU-NOR,polypropylene,2040,polypropylene,0.10554299746441516
C-WEU-NOR,polypropylene,2045,polypropylene,0.10516340598045187
C-WEU-NOR,polypropylene,2050,polypropylene,0.10457007236848968
C-WEU-NOR,polypropylene,2055,polypropylene,0.10432951579248056
C-WEU-NOR,polypropylene,2060,polypropylene,0.1043661913109336
C-WEU-NOR,polystyrene,2020,polystyrene,0.13189154622921148
C-WEU-NOR,polystyrene,2025,polystyrene,0.1317818574199766
C-WEU-NOR,polystyrene,2030,polystyrene,0.1313599579224614
C-WEU-NOR,polystyrene,2035,polystyrene,0.1304870727299388
C-WEU-NOR,polystyrene,2040,polystyrene,0.12998289630123525
C-WEU-NOR,polystyrene,2045,polystyrene,0.1296026716335613
C-WEU-NOR,polystyrene,2050,polystyrene,0.12900906932930506
C-WEU-NOR,polystyrene,2055,polystyrene,0.12876835773942097
C-WEU-NOR,polystyrene,2060,polystyrene,0.12880529685805275
C-WEU-NOR,steel,2020,steel,0.00539270750673704
C-WEU-NOR,steel,2030,steel,0.00525487788194886
C-WEU-NOR,steel,2040,steel,0.00463851580362222
C-WEU-NOR,steel,2050,steel,0.00406910261846527
C-WEU-NOR,steel,2060,steel,0.00394709372053634
C-WEU-PRT,acrylonitrile_butadiene_styrene,2020,acrylonitrile_butadiene_styrene,0.11572029369757623
C-WEU-PRT,acrylonitrile_butadiene_styrene,2025,acrylonitrile_butadiene_styrene,0.115609621483123
C-WEU-PRT,acrylonitrile_butadiene_styrene,2030,acrylonitrile_butadiene_styrene,0.11519206490326336
C-WEU-PRT,acrylonitrile_butadiene_styrene,2035,acrylonitrile_butadiene_styrene,0.11432027527646171
C-WEU-PRT,acrylonitrile_butadiene_styrene,2040,acrylonitrile_butadiene_styrene,0.11381980396366284
C-WEU-PRT,acrylonitrile_butadiene_styrene,2045,acrylonitrile_butadiene_styrene,0.1134454386167098
C-WEU-PRT,acrylonitrile_butadiene_styrene,2050,acrylonitrile_butadiene_styrene,0.11285835818705334
C-WEU-PRT,acrylonitrile_butadiene_styrene,2055,acrylonitrile_butadiene_styrene,0.11262169978833442
C-WEU-PRT,acrylonitrile_butadiene_styrene,2060,acrylonitrile_butadiene_styrene,0.11265996905877984
C-WEU-PRT,aluminium,2020,aluminium,0.02217584637996731
C-WEU-PRT,aluminium,2030,aluminium,0.01804265850622942
C-WEU-PRT,aluminium,2040,aluminium,0.01255386243247877
C-WEU-PRT,aluminium,2050,aluminium,0.01095388272815646
C-WEU-PRT,aluminium,2060,aluminium,0.01060841530918518
C-WEU-PRT,bio-based_polypropylene,2020,polypropylene,0.10740570937805435
C-WEU-PRT,bio-based_polypropylene,2025,polypropylene,0.10730295552490646
C-WEU-PRT,bio-based_polypropylene,2030,polypropylene,0.1068960913438739
C-WEU-PRT,bio-based_polypropylene,2035,polypropylene,0.10604496056882506
C-WEU-PRT,bio-based_polypropylene,2040,polypropylene,0.10554299746441516
C-WEU-PRT,bio-based_polypropylene,2045,polypropylene,0.10516340598045187
C-WEU-PRT,bio-based_polypropylene,2050,polypropylene,0.10457007236848968
C-WEU-PRT,bio-based_polypropylene,2055,polypropylene,0.10432951579248056
C-WEU-PRT,bio-based_polypropylene,2060,polypropylene,0.1043661913109336
C-WEU-PRT,bio-based_polystyrene,2020,polystyrene,0.13189154622921148
C-WEU-PRT,bio-based_polystyrene,2025,polystyrene,0.1317818574199766
C-WEU-PRT,bio-based_polystyrene,2030,polystyrene,0.1313599579224614
C-WEU-PRT,bio-based_polystyrene,2035,polystyrene,0.1304870727299388
C-WEU-PRT,bio-based_polystyrene,2040,polystyrene,0.12998289630123525
C-WEU-PRT,bio-based_polystyrene,2045,polystyrene,0.1296026716335613
C-WEU-PRT,bio-based_polystyrene,2050,polystyrene,0.12900906932930506
C-WEU-PRT,bio-based_polystyrene,2055,polystyrene,0.12876835773942097
C-WEU-PRT,bio-based_polystyrene,2060,polystyrene,0.12880529685805275
C-WEU-PRT,concrete,2020,concrete,0.0053927075067372
C-WEU-PRT,concrete,2030,concrete,0.0052548778819487
C-WEU-PRT,concrete,2040,concrete,0.00463851580362222
C-WEU-PRT,concrete,2050,concrete,0.00406910261846518
C-WEU-PRT,concrete,2060,concrete,0.00394709372053634
C-WEU-PRT,copper,2020,copper,0.00539270750673704
C-WEU-PRT,copper,2030,copper,0.00525487788194886
C-WEU-PRT,copper,2040,copper,0.00463851580362222
C-WEU-PRT,copper,2050,copper,0.00406910261846527
C-WEU-PRT,copper,2060,copper,0.00394709372053634
C-WEU-PRT,glass,2020,glass,0.00536004154774015
C-WEU-PRT,glass,2030,glass,0.00527873637295789
C-WEU-PRT,glass,2040,glass,0.00477620264256572
C-WEU-PRT,glass,2050,glass,0.00428668631407529
C-WEU-PRT,glass,2060,glass,0.0042075035299545
C-WEU-PRT,other_plastics,2020,plastic_mixture,0.09931519353209156
C-WEU-PRT,other_plastics,2025,plastic_mixture,0.09918248375559847
C-WEU-PRT,other_plastics,2030,plastic_mixture,0.09871082005133495
C-WEU-PRT,other_plastics,2035,plastic_mixture,0.09776593312137184
C-WEU-PRT,other_plastics,2040,plastic_mixture,0.09725455384107336
C-WEU-PRT,other_plastics,2045,plastic_mixture,0.0968723279943109
C-WEU-PRT,other_plastics,2050,plastic_mixture,0.0962779028091071
C-WEU-PRT,other_plastics,2055,plastic_mixture,0.09603671456063222
C-WEU-PRT,other_plastics,2060,plastic_mixture,0.096074529196484
C-WEU-PRT,polypropylene,2020,polypropylene,0.10740570937805435
C-WEU-PRT,polypropylene,2025,polypropylene,0.10730295552490646
C-WEU-PRT,polypropylene,2030,polypropylene,0.1068960913438739
C-WEU-PRT,polypropylene,2035,polypropylene,0.10604496056882506
C-WEU-PRT,polypropylene,2040,polypropylene,0.10554299746441516
C-WEU-PRT,polypropylene,2045,polypropylene,0.10516340598045187
C-WEU-PRT,polypropylene,2050,polypropylene,0.10457007236848968
C-WEU-PRT,polypropylene,2055,polypropylene,0.10432951579248056
C-WEU-PRT,polypropylene,2060,polypropylene,0.1043661913109336
C-WEU-PRT,polystyrene,2020,polystyrene,0.13189154622921148
C-WEU-PRT,polystyrene,2025,polystyrene,0.1317818574199766
C-WEU-PRT,polystyrene,2030,polystyrene,0.1313599579224614
C-WEU-PRT,polystyrene,2035,polystyrene,0.1304870727299388
C-WEU-PRT,polystyrene,2040,polystyrene,0.12998289630123525
C-WEU-PRT,polystyrene,2045,polystyrene,0.1296026716335613
C-WEU-PRT,polystyrene,2050,polystyrene,0.12900906932930506
C-WEU-PRT,polystyrene,2055,polystyrene,0.12876835773942097
C-WEU-PRT,polystyrene,2060,polystyrene,0.12880529685805275
C-WEU-PRT,steel,2020,steel,0.00539270750673704
C-WEU-PRT,steel,2030,steel,0.00525487788194886
C-WEU-PRT,steel,2040,steel,0.00463851580362222
C-WEU-PRT,steel,2050,steel,0.00406910261846527
C-WEU-PRT,steel,2060,steel,0.00394709372053634
C-WEU-SWE,acrylonitrile_butadiene_styrene,2020,acrylonitrile_butadiene_styrene,0.11572029369757623
C-WEU-SWE,acrylonitrile_butadiene_styrene,2025,acrylonitrile_butadiene_styrene,0.115609621483123
C-WEU-SWE,acrylonitrile_butadiene_styrene,2030,acrylonitrile_butadiene_styrene,0.11519206490326336
C-WEU-SWE,acrylonitrile_butadiene_styrene,2035,acrylonitrile_butadiene_styrene,0.11432027527646171
C-WEU-SWE,acrylonitrile_butadiene_styrene,2040,acrylonitrile_butadiene_styrene,0.11381980396366284
C-WEU-SWE,acrylonitrile_butadiene_styrene,2045,acrylonitrile_butadiene_styrene,0.1134454386167098
C-WEU-SWE,acrylonitrile_butadiene_styrene,2050,acrylonitrile_butadiene_styrene,0.11285835818705334
C-WEU-SWE,acrylonitrile_butadiene_styrene,2055,acrylonitrile_butadiene_styrene,0.11262169978833442
C-WEU-SWE,acrylonitrile_butadiene_styrene,2060,acrylonitrile_butadiene_styrene,0.11265996905877984
C-WEU-SWE,aluminium,2020,aluminium,0.02217584637996731
C-WEU-SWE,aluminium,2030,aluminium,0.01804265850622942
C-WEU-SWE,aluminium,2040,aluminium,0.01255386243247877
C-WEU-SWE,aluminium,2050,aluminium,0.01095388272815646
C-WEU-SWE,aluminium,2060,aluminium,0.01060841530918518
C-WEU-SWE,bio-based_polypropylene,2020,polypropylene,0.10740570937805435
C-WEU-SWE,bio-based_polypropylene,2025,polypropylene,0.10730295552490646
C-WEU-SWE,bio-based_polypropylene,2030,polypropylene,0.1068960913438739
C-WEU-SWE,bio-based_polypropylene,2035,polypropylene,0.10604496056882506
C-WEU-SWE,bio-based_polypropylene,2040,polypropylene,0.10554299746441516
C-WEU-SWE,bio-based_polypropylene,2045,polypropylene,0.10516340598045187
C-WEU-SWE,bio-based_polypropylene,2050,polypropylene,0.10457007236848968
C-WEU-SWE,bio-based_polypropylene,2055,polypropylene,0.10432951579248056
C-WEU-SWE,bio-based_polypropylene,2060,polypropylene,0.1043661913109336
C-WEU-SWE,bio-based_polystyrene,2020,polystyrene,0.13189154622921148
C-WEU-SWE,bio-based_polystyrene,2025,polystyrene,0.1317818574199766
C-WEU-SWE,bio-based_polystyrene,2030,polystyrene,0.1313599579224614
C-WEU-SWE,bio-based_polystyrene,2035,polystyrene,0.1304870727299388
C-WEU-SWE,bio-based_polystyrene,2040,polystyrene,0.12998289630123525
C-WEU-SWE,bio-based_polystyrene,2045,polystyrene,0.1296026716335613
C-WEU-SWE,bio-based_polystyrene,2050,polystyrene,0.12900906932930506
C-WEU-SWE,bio-based_polystyrene,2055,polystyrene,0.12876835773942097
C-WEU-SWE,bio-based_polystyrene,2060,polystyrene,0.12880529685805275
C-WEU-SWE,concrete,2020,concrete,0.0053927075067372
C-WEU-SWE,concrete,2030,concrete,0.0052548778819487
C-WEU-SWE,concrete,2040,concrete,0.00463851580362222
C-WEU-SWE,concrete,2050,concrete,0.00406910261846518
C-WEU-SWE,concrete,2060,concrete,0.00394709372053634
C-WEU-SWE,copper,2020,copper,0.00539270750673704
C-WEU-SWE,copper,2030,copper,0.00525487788194886
C-WEU-SWE,copper,2040,copper,0.00463851580362222
C-WEU-SWE,copper,2050,copper,0.00406910261846527
C-WEU-SWE,copper,2060,copper,0.00394709372053634
C-WEU-SWE,glass,2020,glass,0.00536004154774015
C-WEU-SWE,glass,2030,glass,0.00527873637295789
C-WEU-SWE,glass,2040,glass,0.00477620264256572
C-WEU-SWE,glass,2050,glass,0.00428668631407529
C-WEU-SWE,glass,2060,glass,0.0042075035299545
C-WEU-SWE,other_plastics,2020,plastic_mixture,0.09931519353209156
C-WEU-SWE,other_plastics,2025,plastic_mixture,0.09918248375559847
C-WEU-SWE,other_plastics,2030,plastic_mixture,0.09871082005133495
C-WEU-SWE,other_plastics,2035,plastic_mixture,0.09776593312137184
C-WEU-SWE,other_plastics,2040,plastic_mixture,0.09725455384107336
C-WEU-SWE,other_plastics,2045,plastic_mixture,0.0968723279943109
C-WEU-SWE,other_plastics,2050,plastic_mixture,0.0962779028091071
C-WEU-SWE,other_plastics,2055,plastic_mixture,0.09603671456063222
C-WEU-SWE,other_plastics,2060,plastic_mixture,0.096074529196484
C-WEU-SWE,polypropylene,2020,polypropylene,0.10740570937805435
C-WEU-SWE,polypropylene,2025,polypropylene,0.10730295552490646
C-WEU-SWE,polypropylene,2030,polypropylene,0.1068960913438739
C-WEU-SWE,polypropylene,2035,polypropylene,0.10604496056882506
C-WEU-SWE,polypropylene,2040,polypropylene,0.10554299746441516
C-WEU-SWE,polypropylene,2045,polypropylene,0.10516340598045187
C-WEU-SWE,polypropylene,2050,polypropylene,0.10457007236848968
C-WEU-SWE,polypropylene,2055,polypropylene,0.10432951579248056
C-WEU-SWE,polypropylene,2060,polypropylene,0.1043661913109336
C-WEU-SWE,polystyrene,2020,polystyrene,0.13189154622921148
C-WEU-SWE,polystyrene,2025,polystyrene,0.1317818574199766
C-WEU-SWE,polystyrene,2030,polystyrene,0.1313599579224614
C-WEU-SWE,polystyrene,2035,polystyrene,0.1304870727299388
C-WEU-SWE,polystyrene,2040,polystyrene,0.12998289630123525
C-WEU-SWE,polystyrene,2045,polystyrene,0.1296026716335613
C-WEU-SWE,polystyrene,2050,polystyrene,0.12900906932930506
C-WEU-SWE,polystyrene,2055,polystyrene,0.12876835773942097
C-WEU-SWE,polystyrene,2060,polystyrene,0.12880529685805275
C-WEU-SWE,steel,2020,steel,0.00539270750673704
C-WEU-SWE,steel,2030,steel,0.00525487788194886
C-WEU-SWE,steel,2040,steel,0.00463851580362222
C-WEU-SWE,steel,2050,steel,0.00406910261846527
C-WEU-SWE,steel,2060,steel,0.00394709372053634
R32ANUZ,acrylonitrile_butadiene_styrene,2020,acrylonitrile_butadiene_styrene,0.11572029369757623
R32ANUZ,acrylonitrile_butadiene_styrene,2025,acrylonitrile_butadiene_styrene,0.115609621483123
R32ANUZ,acrylonitrile_butadiene_styrene,2030,acrylonitrile_butadiene_styrene,0.11519206490326336
R32ANUZ,acrylonitrile_butadiene_styrene,2035,acrylonitrile_butadiene_styrene,0.11432027527646171
R32ANUZ,acrylonitrile_butadiene_styrene,2040,acrylonitrile_butadiene_styrene,0.11381980396366284
R32ANUZ,acrylonitrile_butadiene_styrene,2045,acrylonitrile_butadiene_styrene,0.1134454386167098
R32ANUZ,acrylonitrile_butadiene_styrene,2050,acrylonitrile_butadiene_styrene,0.11285835818705334
R32ANUZ,acrylonitrile_butadiene_styrene,2055,acrylonitrile_butadiene_styrene,0.11262169978833442
R32ANUZ,acrylonitrile_butadiene_styrene,2060,acrylonitrile_butadiene_styrene,0.11265996905877984
R32ANUZ,bio-based_polypropylene,2020,polypropylene,0.10740570937805435
R32ANUZ,bio-based_polypropylene,2025,polypropylene,0.10730295552490646
R32ANUZ,bio-based_polypropylene,2030,polypropylene,0.1068960913438739
R32ANUZ,bio-based_polypropylene,2035,polypropylene,0.10604496056882506
R32ANUZ,bio-based_polypropylene,2040,polypropylene,0.10554299746441516
R32ANUZ,bio-based_polypropylene,2045,polypropylene,0.10516340598045187
R32ANUZ,bio-based_polypropylene,2050,polypropylene,0.10457007236848968
R32ANUZ,bio-based_polypropylene,2055,polypropylene,0.10432951579248056
R32ANUZ,bio-based_polypropylene,2060,polypropylene,0.1043661913109336
R32ANUZ,bio-based_polystyrene,2020,polystyrene,0.13189154622921148
R32ANUZ,bio-based_polystyrene,2025,polystyrene,0.1317818574199766
R32ANUZ,bio-based_polystyrene,2030,polystyrene,0.1313599579224614
R32ANUZ,bio-based_polystyrene,2035,polystyrene,0.1304870727299388
R32ANUZ,bio-based_polystyrene,2040,polystyrene,0.12998289630123525
R32ANUZ,bio-based_polystyrene,2045,polystyrene,0.1296026716335613
R32ANUZ,bio-based_polystyrene,2050,polystyrene,0.12900906932930506
R32ANUZ,bio-based_polystyrene,2055,polystyrene,0.12876835773942097
R32ANUZ,bio-based_polystyrene,2060,polystyrene,0.12880529685805275
R32ANUZ,other_plastics,2020,plastic_mixture,0.09931519353209156
R32ANUZ,other_plastics,2025,plastic_mixture,0.09918248375559847
R32ANUZ,other_plastics,2030,plastic_mixture,0.09871082005133495
R32ANUZ,other_plastics,2035,plastic_mixture,0.09776593312137184
R32ANUZ,other_plastics,2040,plastic_mixture,0.09725455384107336
R32ANUZ,other_plastics,2045,plastic_mixture,0.0968723279943109
R32ANUZ,other_plastics,2050,plastic_mixture,0.0962779028091071
R32ANUZ,other_plastics,2055,plastic_mixture,0.09603671456063222
R32ANUZ,other_plastics,2060,plastic_mixture,0.096074529196484
R32ANUZ,polypropylene,2020,polypropylene,0.10740570937805435
R32ANUZ,polypropylene,2025,polypropylene,0.10730295552490646
R32ANUZ,polypropylene,2030,polypropylene,0.1068960913438739
R32ANUZ,polypropylene,2035,polypropylene,0.10604496056882506
R32ANUZ,polypropylene,2040,polypropylene,0.10554299746441516
R32ANUZ,polypropylene,2045,polypropylene,0.10516340598045187
R32ANUZ,polypropylene,2050,polypropylene,0.10457007236848968
R32ANUZ,polypropylene,2055,polypropylene,0.10432951579248056
R32ANUZ,polypropylene,2060,polypropylene,0.1043661913109336
R32ANUZ,polystyrene,2020,polystyrene,0.13189154622921148
R32ANUZ,polystyrene,2025,polystyrene,0.1317818574199766
R32ANUZ,polystyrene,2030,polystyrene,0.1313599579224614
R32ANUZ,polystyrene,2035,polystyrene,0.1304870727299388
R32ANUZ,polystyrene,2040,polystyrene,0.12998289630123525
R32ANUZ,polystyrene,2045,polystyrene,0.1296026716335613
R32ANUZ,polystyrene,2050,polystyrene,0.12900906932930506
R32ANUZ,polystyrene,2055,polystyrene,0.12876835773942097
R32ANUZ,polystyrene,2060,polystyrene,0.12880529685805275
R32BRA,acrylonitrile_butadiene_styrene,2020,acrylonitrile_butadiene_styrene,0.11572029369757623
R32BRA,acrylonitrile_butadiene_styrene,2025,acrylonitrile_butadiene_styrene,0.115609621483123
R32BRA,acrylonitrile_butadiene_styrene,2030,acrylonitrile_butadiene_styrene,0.11519206490326336
R32BRA,acrylonitrile_butadiene_styrene,2035,acrylonitrile_butadiene_styrene,0.11432027527646171
R32BRA,acrylonitrile_butadiene_styrene,2040,acrylonitrile_butadiene_styrene,0.11381980396366284
R32BRA,acrylonitrile_butadiene_styrene,2045,acrylonitrile_butadiene_styrene,0.1134454386167098
R32BRA,acrylonitrile_butadiene_styrene,2050,acrylonitrile_butadiene_styrene,0.11285835818705334
R32BRA,acrylonitrile_butadiene_styrene,2055,acrylonitrile_butadiene_styrene,0.11262169978833442
R32BRA,acrylonitrile_butadiene_styrene,2060,acrylonitrile_butadiene_styrene,0.11265996905877984
R32BRA,bio-based_polypropylene,2020,polypropylene,0.10740570937805435
R32BRA,bio-based_polypropylene,2025,polypropylene,0.10730295552490646
R32BRA,bio-based_polypropylene,2030,polypropylene,0.1068960913438739
R32BRA,bio-based_polypropylene,2035,polypropylene,0.10604496056882506
R32BRA,bio-based_polypropylene,2040,polypropylene,0.10554299746441516
R32BRA,bio-based_polypropylene,2045,polypropylene,0.10516340598045187
R32BRA,bio-based_polypropylene,2050,polypropylene,0.10457007236848968
R32BRA,bio-based_polypropylene,2055,polypropylene,0.10432951579248056
R32BRA,bio-based_polypropylene,2060,polypropylene,0.1043661913109336
R32BRA,bio-based_polystyrene,2020,polystyrene,0.13189154622921148
R32BRA,bio-based_polystyrene,2025,polystyrene,0.1317818574199766
R32BRA,bio-based_polystyrene,2030,polystyrene,0.1313599579224614
R32BRA,bio-based_polystyrene,2035,polystyrene,0.1304870727299388
R32BRA,bio-based_polystyrene,2040,polystyrene,0.12998289630123525
R32BRA,bio-based_polystyrene,2045,polystyrene,0.1296026716335613
R32BRA,bio-based_polystyrene,2050,polystyrene,0.12900906932930506
R32BRA,bio-based_polystyrene,2055,polystyrene,0.12876835773942097
R32BRA,bio-based_polystyrene,2060,polystyrene,0.12880529685805275
R32BRA,other_plastics,2020,plastic_mixture,0.09931519353209156
R32BRA,other_plastics,2025,plastic_mixture,0.09918248375559847
R32BRA,other_plastics,2030,plastic_mixture,0.09871082005133495
R32BRA,other_plastics,2035,plastic_mixture,0.09776593312137184
R32BRA,other_plastics,2040,plastic_mixture,0.09725455384107336
R32BRA,other_plastics,2045,plastic_mixture,0.0968723279943109
R32BRA,other_plastics,2050,plastic_mixture,0.0962779028091071
R32BRA,other_plastics,2055,plastic_mixture,0.09603671456063222
R32BRA,other_plastics,2060,plastic_mixture,0.096074529196484
R32BRA,polypropylene,2020,polypropylene,0.10740570937805435
R32BRA,polypropylene,2025,polypropylene,0.10730295552490646
R32BRA,polypropylene,2030,polypropylene,0.1068960913438739
R32BRA,polypropylene,2035,polypropylene,0.10604496056882506
R32BRA,polypropylene,2040,polypropylene,0.10554299746441516
R32BRA,polypropylene,2045,polypropylene,0.10516340598045187
R32BRA,polypropylene,2050,polypropylene,0.10457007236848968
R32BRA,polypropylene,2055,polypropylene,0.10432951579248056
R32BRA,polypropylene,2060,polypropylene,0.1043661913109336
R32BRA,polystyrene,2020,polystyrene,0.13189154622921148
R32BRA,polystyrene,2025,polystyrene,0.1317818574199766
R32BRA,polystyrene,2030,polystyrene,0.1313599579224614
R32BRA,polystyrene,2035,polystyrene,0.1304870727299388
R32BRA,polystyrene,2040,polystyrene,0.12998289630123525
R32BRA,polystyrene,2045,polystyrene,0.1296026716335613
R32BRA,polystyrene,2050,polystyrene,0.12900906932930506
R32BRA,polystyrene,2055,polystyrene,0.12876835773942097
R32BRA,polystyrene,2060,polystyrene,0.12880529685805275
R32CAN,acrylonitrile_butadiene_styrene,2020,acrylonitrile_butadiene_styrene,0.11572029369757623
R32CAN,acrylonitrile_butadiene_styrene,2025,acrylonitrile_butadiene_styrene,0.115609621483123
R32CAN,acrylonitrile_butadiene_styrene,2030,acrylonitrile_butadiene_styrene,0.11519206490326336
R32CAN,acrylonitrile_butadiene_styrene,2035,acrylonitrile_butadiene_styrene,0.11432027527646171
R32CAN,acrylonitrile_butadiene_styrene,2040,acrylonitrile_butadiene_styrene,0.11381980396366284
R32CAN,acrylonitrile_butadiene_styrene,2045,acrylonitrile_butadiene_styrene,0.1134454386167098
R32CAN,acrylonitrile_butadiene_styrene,2050,acrylonitrile_butadiene_styrene,0.11285835818705334
R32CAN,acrylonitrile_butadiene_styrene,2055,acrylonitrile_butadiene_styrene,0.11262169978833442
R32CAN,acrylonitrile_butadiene_styrene,2060,acrylonitrile_butadiene_styrene,0.11265996905877984
R32CAN,bio-based_polypropylene,2020,polypropylene,0.10740570937805435
R32CAN,bio-based_polypropylene,2025,polypropylene,0.10730295552490646
R32CAN,bio-based_polypropylene,2030,polypropylene,0.1068960913438739
R32CAN,bio-based_polypropylene,2035,polypropylene,0.10604496056882506
R32CAN,bio-based_polypropylene,2040,polypropylene,0.10554299746441516
R32CAN,bio-based_polypropylene,2045,polypropylene,0.10516340598045187
R32CAN,bio-based_polypropylene,2050,polypropylene,0.10457007236848968
R32CAN,bio-based_polypropylene,2055,polypropylene,0.10432951579248056
R32CAN,bio-based_polypropylene,2060,polypropylene,0.1043661913109336
R32CAN,bio-based_polystyrene,2020,polystyrene,0.13189154622921148
R32CAN,bio-based_polystyrene,2025,polystyrene,0.1317818574199766
R32CAN,bio-based_polystyrene,2030,polystyrene,0.1313599579224614
R32CAN,bio-based_polystyrene,2035,polystyrene,0.1304870727299388
R32CAN,bio-based_polystyrene,2040,polystyrene,0.12998289630123525
R32CAN,bio-based_polystyrene,2045,polystyrene,0.1296026716335613
R32CAN,bio-based_polystyrene,2050,polystyrene,0.12900906932930506
R32CAN,bio-based_polystyrene,2055,polystyrene,0.12876835773942097
R32CAN,bio-based_polystyrene,2060,polystyrene,0.12880529685805275
R32CAN,other_plastics,2020,plastic_mixture,0.09931519353209156
R32CAN,other_plastics,2025,plastic_mixture,0.09918248375559847
R32CAN,other_plastics,2030,plastic_mixture,0.09871082005133495
R32CAN,other_plastics,2035,plastic_mixture,0.09776593312137184
R32CAN,other_plastics,2040,plastic_mixture,0.09725455384107336
R32CAN,other_plastics,2045,plastic_mixture,0.0968723279943109
R32CAN,other_plastics,2050,plastic_mixture,0.0962779028091071
R32CAN,other_plastics,2055,plastic_mixture,0.09603671456063222
R32CAN,other_plastics,2060,plastic_mixture,0.096074529196484
R32CAN,polypropylene,2020,polypropylene,0.10740570937805435
R32CAN,polypropylene,2025,polypropylene,0.10730295552490646
R32CAN,polypropylene,2030,polypropylene,0.1068960913438739
R32CAN,polypropylene,2035,polypropylene,0.10604496056882506
R32CAN,polypropylene,2040,polypropylene,0.10554299746441516
R32CAN,polypropylene,2045,polypropylene,0.10516340598045187
R32CAN,polypropylene,2050,polypropylene,0.10457007236848968
R32CAN,polypropylene,2055,polypropylene,0.10432951579248056
R32CAN,polypropylene,2060,polypropylene,0.1043661913109336
R32CAN,polystyrene,2020,polystyrene,0.13189154622921148
R32CAN,polystyrene,2025,polystyrene,0.1317818574199766
R32CAN,polystyrene,2030,polystyrene,0.1313599579224614
R32CAN,polystyrene,2035,polystyrene,0.1304870727299388
R32CAN,polystyrene,2040,polystyrene,0.12998289630123525
R32CAN,polystyrene,2045,polystyrene,0.1296026716335613
R32CAN,polystyrene,2050,polystyrene,0.12900906932930506
R32CAN,polystyrene,2055,polystyrene,0.12876835773942097
R32CAN,polystyrene,2060,polystyrene,0.12880529685805275
R32CAS-CAU,acrylonitrile_butadiene_styrene,2020,acrylonitrile_butadiene_styrene,0.11572029369757623
R32CAS-CAU,acrylonitrile_butadiene_styrene,2025,acrylonitrile_butadiene_styrene,0.115609621483123
R32CAS-CAU,acrylonitrile_butadiene_styrene,2030,acrylonitrile_butadiene_styrene,0.11519206490326336
R32CAS-CAU,acrylonitrile_butadiene_styrene,2035,acrylonitrile_butadiene_styrene,0.11432027527646171
R32CAS-CAU,acrylonitrile_butadiene_styrene,2040,acrylonitrile_butadiene_styrene,0.11381980396366284
R32CAS-CAU,acrylonitrile_butadiene_styrene,2045,acrylonitrile_butadiene_styrene,0.1134454386167098
R32CAS-CAU,acrylonitrile_butadiene_styrene,2050,acrylonitrile_butadiene_styrene,0.11285835818705334
R32CAS-CAU,acrylonitrile_butadiene_styrene,2055,acrylonitrile_butadiene_styrene,0.11262169978833442
R32CAS-CAU,acrylonitrile_butadiene_styrene,2060,acrylonitrile_butadiene_styrene,0.11265996905877984
R32CAS-CAU,bio-based_polypropylene,2020,polypropylene,0.10740570937805435
R32CAS-CAU,bio-based_polypropylene,2025,polypropylene,0.10730295552490646
R32CAS-CAU,bio-based_polypropylene,2030,polypropylene,0.1068960913438739
R32CAS-CAU,bio-based_polypropylene,2035,polypropylene,0.10604496056882506
R32CAS-CAU,bio-based_polypropylene,2040,polypropylene,0.10554299746441516
R32CAS-CAU,bio-based_polypropylene,2045,polypropylene,0.10516340598045187
R32CAS-CAU,bio-based_polypropylene,2050,polypropylene,0.10457007236848968
R32CAS-CAU,bio-based_polypropylene,2055,polypropylene,0.10432951579248056
R32CAS-CAU,bio-based_polypropylene,2060,polypropylene,0.1043661913109336
R32CAS-CAU,bio-based_polystyrene,2020,polystyrene,0.13189154622921148
R32CAS-CAU,bio-based_polystyrene,2025,polystyrene,0.1317818574199766
R32CAS-CAU,bio-based_polystyrene,2030,polystyrene,0.1313599579224614
R32CAS-CAU,bio-based_polystyrene,2035,polystyrene,0.1304870727299388
R32CAS-CAU,bio-based_polystyrene,2040,polystyrene,0.12998289630123525
R32CAS-CAU,bio-based_polystyrene,2045,polystyrene,0.1296026716335613
R32CAS-CAU,bio-based_polystyrene,2050,polystyrene,0.12900906932930506
R32CAS-CAU,bio-based_polystyrene,2055,polystyrene,0.12876835773942097
R32CAS-CAU,bio-based_polystyrene,2060,polystyrene,0.12880529685805275
R32CAS-CAU,other_plastics,2020,plastic_mixture,0.09931519353209156
R32CAS-CAU,other_plastics,2025,plastic_mixture,0.09918248375559847
R32CAS-CAU,other_plastics,2030,plastic_mixture,0.09871082005133495
R32CAS-CAU,other_plastics,2035,plastic_mixture,0.09776593312137184
R32CAS-CAU,other_plastics,2040,plastic_mixture,0.09725455384107336
R32CAS-CAU,other_plastics,2045,plastic_mixture,0.0968723279943109
R32CAS-CAU,other_plastics,2050,plastic_mixture,0.0962779028091071
R32CAS-CAU,other_plastics,2055,plastic_mixture,0.09603671456063222
R32CAS-CAU,other_plastics,2060,plastic_mixture,0.096074529196484
R32CAS-CAU,polypropylene,2020,polypropylene,0.10740570937805435
R32CAS-CAU,polypropylene,2025,polypropylene,0.10730295552490646
R32CAS-CAU,polypropylene,2030,polypropylene,0.1068960913438739
R32CAS-CAU,polypropylene,2035,polypropylene,0.10604496056882506
R32CAS-CAU,polypropylene,2040,polypropylene,0.10554299746441516
R32CAS-CAU,polypropylene,2045,polypropylene,0.10516340598045187
R32CAS-CAU,polypropylene,2050,polypropylene,0.10457007236848968
R32CAS-CAU,polypropylene,2055,polypropylene,0.10432951579248056
R32CAS-CAU,polypropylene,2060,polypropylene,0.1043661913109336
R32CAS-CAU,polystyrene,2020,polystyrene,0.13189154622921148
R32CAS-CAU,polystyrene,2025,polystyrene,0.1317818574199766
R32CAS-CAU,polystyrene,2030,polystyrene,0.1313599579224614
R32CAS-CAU,polystyrene,2035,polystyrene,0.1304870727299388
R32CAS-CAU,polystyrene,2040,polystyrene,0.12998289630123525
R32CAS-CAU,polystyrene,2045,polystyrene,0.1296026716335613
R32CAS-CAU,polystyrene,2050,polystyrene,0.12900906932930506
R32CAS-CAU,polystyrene,2055,polystyrene,0.12876835773942097
R32CAS-CAU,polystyrene,2060,polystyrene,0.12880529685805275
R32CAS-OTH,acrylonitrile_butadiene_styrene,2020,acrylonitrile_butadiene_styrene,0.11572029369757623
R32CAS-OTH,acrylonitrile_butadiene_styrene,2025,acrylonitrile_butadiene_styrene,0.115609621483123
R32CAS-OTH,acrylonitrile_butadiene_styrene,2030,acrylonitrile_butadiene_styrene,0.11519206490326336
R32CAS-OTH,acrylonitrile_butadiene_styrene,2035,acrylonitrile_butadiene_styrene,0.11432027527646171
R32CAS-OTH,acrylonitrile_butadiene_styrene,2040,acrylonitrile_butadiene_styrene,0.11381980396366284
R32CAS-OTH,acrylonitrile_butadiene_styrene,2045,acrylonitrile_butadiene_styrene,0.1134454386167098
R32CAS-OTH,acrylonitrile_butadiene_styrene,2050,acrylonitrile_butadiene_styrene,0.11285835818705334
R32CAS-OTH,acrylonitrile_butadiene_styrene,2055,acrylonitrile_butadiene_styrene,0.11262169978833442
R32CAS-OTH,acrylonitrile_butadiene_styrene,2060,acrylonitrile_butadiene_styrene,0.11265996905877984
R32CAS-OTH,bio-based_polypropylene,2020,polypropylene,0.10740570937805435
R32CAS-OTH,bio-based_polypropylene,2025,polypropylene,0.10730295552490646
R32CAS-OTH,bio-based_polypropylene,2030,polypropylene,0.1068960913438739
R32CAS-OTH,bio-based_polypropylene,2035,polypropylene,0.10604496056882506
R32CAS-OTH,bio-based_polypropylene,2040,polypropylene,0.10554299746441516
R32CAS-OTH,bio-based_polypropylene,2045,polypropylene,0.10516340598045187
R32CAS-OTH,bio-based_polypropylene,2050,polypropylene,0.10457007236848968
R32CAS-OTH,bio-based_polypropylene,2055,polypropylene,0.10432951579248056
R32CAS-OTH,bio-based_polypropylene,2060,polypropylene,0.1043661913109336
R32CAS-OTH,bio-based_polystyrene,2020,polystyrene,0.13189154622921148
R32CAS-OTH,bio-based_polystyrene,2025,polystyrene,0.1317818574199766
R32CAS-OTH,bio-based_polystyrene,2030,polystyrene,0.1313599579224614
R32CAS-OTH,bio-based_polystyrene,2035,polystyrene,0.1304870727299388
R32CAS-OTH,bio-based_polystyrene,2040,polystyrene,0.12998289630123525
R32CAS-OTH,bio-based_polystyrene,2045,polystyrene,0.1296026716335613
R32CAS-OTH,bio-based_polystyrene,2050,polystyrene,0.12900906932930506
R32CAS-OTH,bio-based_polystyrene,2055,polystyrene,0.12876835773942097
R32CAS-OTH,bio-based_polystyrene,2060,polystyrene,0.12880529685805275
R32CAS-OTH,other_plastics,2020,plastic_mixture,0.09931519353209156
R32CAS-OTH,other_plastics,2025,plastic_mixture,0.09918248375559847
R32CAS-OTH,other_plastics,2030,plastic_mixture,0.09871082005133495
R32CAS-OTH,other_plastics,2035,plastic_mixture,0.09776593312137184
R32CAS-OTH,other_plastics,2040,plastic_mixture,0.09725455384107336
R32CAS-OTH,other_plastics,2045,plastic_mixture,0.0968723279943109
R32CAS-OTH,other_plastics,2050,plastic_mixture,0.0962779028091071
R32CAS-OTH,other_plastics,2055,plastic_mixture,0.09603671456063222
R32CAS-OTH,other_plastics,2060,plastic_mixture,0.096074529196484
R32CAS-OTH,polypropylene,2020,polypropylene,0.10740570937805435
R32CAS-OTH,polypropylene,2025,polypropylene,0.10730295552490646
R32CAS-OTH,polypropylene,2030,polypropylene,0.1068960913438739
R32CAS-OTH,polypropylene,2035,polypropylene,0.10604496056882506
R32CAS-OTH,polypropylene,2040,polypropylene,0.10554299746441516
R32CAS-OTH,polypropylene,2045,polypropylene,0.10516340598045187
R32CAS-OTH,polypropylene,2050,polypropylene,0.10457007236848968
R32CAS-OTH,polypropylene,2055,polypropylene,0.10432951579248056
R32CAS-OTH,polypropylene,2060,polypropylene,0.1043661913109336
R32CAS-OTH,polystyrene,2020,polystyrene,0.13189154622921148
R32CAS-OTH,polystyrene,2025,polystyrene,0.1317818574199766
R32CAS-OTH,polystyrene,2030,polystyrene,0.1313599579224614
R32CAS-OTH,polystyrene,2035,polystyrene,0.1304870727299388
R32CAS-OTH,polystyrene,2040,polystyrene,0.12998289630123525
R32CAS-OTH,polystyrene,2045,polystyrene,0.1296026716335613
R32CAS-OTH,polystyrene,2050,polystyrene,0.12900906932930506
R32CAS-OTH,polystyrene,2055,polystyrene,0.12876835773942097
R32CAS-OTH,polystyrene,2060,polystyrene,0.12880529685805275
R32CHN,acrylonitrile_butadiene_styrene,2020,acrylonitrile_butadiene_styrene,0.11572029369757623
R32CHN,acrylonitrile_butadiene_styrene,2025,acrylonitrile_butadiene_styrene,0.115609621483123
R32CHN,acrylonitrile_butadiene_styrene,2030,acrylonitrile_butadiene_styrene,0.11519206490326336
R32CHN,acrylonitrile_butadiene_styrene,2035,acrylonitrile_butadiene_styrene,0.11432027527646171
R32CHN,acrylonitrile_butadiene_styrene,2040,acrylonitrile_butadiene_styrene,0.11381980396366284
R32CHN,acrylonitrile_butadiene_styrene,2045,acrylonitrile_butadiene_styrene,0.1134454386167098
R32CHN,acrylonitrile_butadiene_styrene,2050,acrylonitrile_butadiene_styrene,0.11285835818705334
R32CHN,acrylonitrile_butadiene_styrene,2055,acrylonitrile_butadiene_styrene,0.11262169978833442
R32CHN,acrylonitrile_butadiene_styrene,2060,acrylonitrile_butadiene_styrene,0.11265996905877984
R32CHN,bio-based_polypropylene,2020,polypropylene,0.10740570937805435
R32CHN,bio-based_polypropylene,2025,polypropylene,0.10730295552490646
R32CHN,bio-based_polypropylene,2030,polypropylene,0.1068960913438739
R32CHN,bio-based_polypropylene,2035,polypropylene,0.10604496056882506
R32CHN,bio-based_polypropylene,2040,polypropylene,0.10554299746441516
R32CHN,bio-based_polypropylene,2045,polypropylene,0.10516340598045187
R32CHN,bio-based_polypropylene,2050,polypropylene,0.10457007236848968
R32CHN,bio-based_polypropylene,2055,polypropylene,0.10432951579248056
R32CHN,bio-based_polypropylene,2060,polypropylene,0.1043661913109336
R32CHN,bio-based_polystyrene,2020,polystyrene,0.13189154622921148
R32CHN,bio-based_polystyrene,2025,polystyrene,0.1317818574199766
R32CHN,bio-based_polystyrene,2030,polystyrene,0.1313599579224614
R32CHN,bio-based_polystyrene,2035,polystyrene,0.1304870727299388
R32CHN,bio-based_polystyrene,2040,polystyrene,0.12998289630123525
R32CHN,bio-based_polystyrene,2045,polystyrene,0.1296026716335613
R32CHN,bio-based_polystyrene,2050,polystyrene,0.12900906932930506
R32CHN,bio-based_polystyrene,2055,polystyrene,0.12876835773942097
R32CHN,bio-based_polystyrene,2060,polystyrene,0.12880529685805275
R32CHN,other_plastics,2020,plastic_mixture,0.09931519353209156
R32CHN,other_plastics,2025,plastic_mixture,0.09918248375559847
R32CHN,other_plastics,2030,plastic_mixture,0.09871082005133495
R32CHN,other_plastics,2035,plastic_mixture,0.09776593312137184
R32CHN,other_plastics,2040,plastic_mixture,0.09725455384107336
R32CHN,other_plastics,2045,plastic_mixture,0.0968723279943109
R32CHN,other_plastics,2050,plastic_mixture,0.0962779028091071
R32CHN,other_plastics,2055,plastic_mixture,0.09603671456063222
R32CHN,other_plastics,2060,plastic_mixture,0.096074529196484
R32CHN,polypropylene,2020,polypropylene,0.10740570937805435
R32CHN,polypropylene,2025,polypropylene,0.10730295552490646
R32CHN,polypropylene,2030,polypropylene,0.1068960913438739
R32CHN,polypropylene,2035,polypropylene,0.10604496056882506
R32CHN,polypropylene,2040,polypropylene,0.10554299746441516
R32CHN,polypropylene,2045,polypropylene,0.10516340598045187
R32CHN,polypropylene,2050,polypropylene,0.10457007236848968
R32CHN,polypropylene,2055,polypropylene,0.10432951579248056
R32CHN,polypropylene,2060,polypropylene,0.1043661913109336
R32CHN,polystyrene,2020,polystyrene,0.13189154622921148
R32CHN,polystyrene,2025,polystyrene,0.1317818574199766
R32CHN,polystyrene,2030,polystyrene,0.1313599579224614
R32CHN,polystyrene,2035,polystyrene,0.1304870727299388
R32CHN,polystyrene,2040,polystyrene,0.12998289630123525
R32CHN,polystyrene,2045,polystyrene,0.1296026716335613
R32CHN,polystyrene,2050,polystyrene,0.12900906932930506
R32CHN,polystyrene,2055,polystyrene,0.12876835773942097
R32CHN,polystyrene,2060,polystyrene,0.12880529685805275
R32EEU,acrylonitrile_butadiene_styrene,2020,acrylonitrile_butadiene_styrene,0.11572029369757623
R32EEU,acrylonitrile_butadiene_styrene,2025,acrylonitrile_butadiene_styrene,0.115609621483123
R32EEU,acrylonitrile_butadiene_styrene,2030,acrylonitrile_butadiene_styrene,0.11519206490326336
R32EEU,acrylonitrile_butadiene_styrene,2035,acrylonitrile_butadiene_styrene,0.11432027527646171
R32EEU,acrylonitrile_butadiene_styrene,2040,acrylonitrile_butadiene_styrene,0.11381980396366284
R32EEU,acrylonitrile_butadiene_styrene,2045,acrylonitrile_butadiene_styrene,0.1134454386167098
R32EEU,acrylonitrile_butadiene_styrene,2050,acrylonitrile_butadiene_styrene,0.11285835818705334
R32EEU,acrylonitrile_butadiene_styrene,2055,acrylonitrile_butadiene_styrene,0.11262169978833442
R32EEU,acrylonitrile_butadiene_styrene,2060,acrylonitrile_butadiene_styrene,0.11265996905877984
R32EEU,bio-based_polypropylene,2020,polypropylene,0.10740570937805435
R32EEU,bio-based_polypropylene,2025,polypropylene,0.10730295552490646
R32EEU,bio-based_polypropylene,2030,polypropylene,0.1068960913438739
R32EEU,bio-based_polypropylene,2035,polypropylene,0.10604496056882506
R32EEU,bio-based_polypropylene,2040,polypropylene,0.10554299746441516
R32EEU,bio-based_polypropylene,2045,polypropylene,0.10516340598045187
R32EEU,bio-based_polypropylene,2050,polypropylene,0.10457007236848968
R32EEU,bio-based_polypropylene,2055,polypropylene,0.10432951579248056
R32EEU,bio-based_polypropylene,2060,polypropylene,0.1043661913109336
R32EEU,bio-based_polystyrene,2020,polystyrene,0.13189154622921148
R32EEU,bio-based_polystyrene,2025,polystyrene,0.1317818574199766
R32EEU,bio-based_polystyrene,2030,polystyrene,0.1313599579224614
R32EEU,bio-based_polystyrene,2035,polystyrene,0.1304870727299388
R32EEU,bio-based_polystyrene,2040,polystyrene,0.12998289630123525
R32EEU,bio-based_polystyrene,2045,polystyrene,0.1296026716335613
R32EEU,bio-based_polystyrene,2050,polystyrene,0.12900906932930506
R32EEU,bio-based_polystyrene,2055,polystyrene,0.12876835773942097
R32EEU,bio-based_polystyrene,2060,polystyrene,0.12880529685805275
R32EEU,other_plastics,2020,plastic_mixture,0.09931519353209156
R32EEU,other_plastics,2025,plastic_mixture,0.09918248375559847
R32EEU,other_plastics,2030,plastic_mixture,0.09871082005133495
R32EEU,other_plastics,2035,plastic_mixture,0.09776593312137184
R32EEU,other_plastics,2040,plastic_mixture,0.09725455384107336
R32EEU,other_plastics,2045,plastic_mixture,0.0968723279943109
R32EEU,other_plastics,2050,plastic_mixture,0.0962779028091071
R32EEU,other_plastics,2055,plastic_mixture,0.09603671456063222
R32EEU,other_plastics,2060,plastic_mixture,0.096074529196484
R32EEU,polypropylene,2020,polypropylene,0.10740570937805435
R32EEU,polypropylene,2025,polypropylene,0.10730295552490646
R32EEU,polypropylene,2030,polypropylene,0.1068960913438739
R32EEU,polypropylene,2035,polypropylene,0.10604496056882506
R32EEU,polypropylene,2040,polypropylene,0.10554299746441516
R32EEU,polypropylene,2045,polypropylene,0.10516340598045187
R32EEU,polypropylene,2050,polypropylene,0.10457007236848968
R32EEU,polypropylene,2055,polypropylene,0.10432951579248056
R32EEU,polypropylene,2060,polypropylene,0.1043661913109336
R32EEU,polystyrene,2020,polystyrene,0.13189154622921148
R32EEU,polystyrene,2025,polystyrene,0.1317818574199766
R32EEU,polystyrene,2030,polystyrene,0.1313599579224614
R32EEU,polystyrene,2035,polystyrene,0.1304870727299388
R32EEU,polystyrene,2040,polystyrene,0.12998289630123525
R32EEU,polystyrene,2045,polystyrene,0.1296026716335613
R32EEU,polystyrene,2050,polystyrene,0.12900906932930506
R32EEU,polystyrene,2055,polystyrene,0.12876835773942097
R32EEU,polystyrene,2060,polystyrene,0.12880529685805275
R32EEU-FSU,acrylonitrile_butadiene_styrene,2020,acrylonitrile_butadiene_styrene,0.11572029369757623
R32EEU-FSU,acrylonitrile_butadiene_styrene,2025,acrylonitrile_butadiene_styrene,0.115609621483123
R32EEU-FSU,acrylonitrile_butadiene_styrene,2030,acrylonitrile_butadiene_styrene,0.11519206490326336
R32EEU-FSU,acrylonitrile_butadiene_styrene,2035,acrylonitrile_butadiene_styrene,0.11432027527646171
R32EEU-FSU,acrylonitrile_butadiene_styrene,2040,acrylonitrile_butadiene_styrene,0.11381980396366284
R32EEU-FSU,acrylonitrile_butadiene_styrene,2045,acrylonitrile_butadiene_styrene,0.1134454386167098
R32EEU-FSU,acrylonitrile_butadiene_styrene,2050,acrylonitrile_butadiene_styrene,0.11285835818705334
R32EEU-FSU,acrylonitrile_butadiene_styrene,2055,acrylonitrile_butadiene_styrene,0.11262169978833442
R32EEU-FSU,acrylonitrile_butadiene_styrene,2060,acrylonitrile_butadiene_styrene,0.11265996905877984
R32EEU-FSU,bio-based_polypropylene,2020,polypropylene,0.10740570937805435
R32EEU-FSU,bio-based_polypropylene,2025,polypropylene,0.10730295552490646
R32EEU-FSU,bio-based_polypropylene,2030,polypropylene,0.1068960913438739
R32EEU-FSU,bio-based_polypropylene,2035,polypropylene,0.10604496056882506
R32EEU-FSU,bio-based_polypropylene,2040,polypropylene,0.10554299746441516
R32EEU-FSU,bio-based_polypropylene,2045,polypropylene,0.10516340598045187
R32EEU-FSU,bio-based_polypropylene,2050,polypropylene,0.10457007236848968
R32EEU-FSU,bio-based_polypropylene,2055,polypropylene,0.10432951579248056
R32EEU-FSU,bio-based_polypropylene,2060,polypropylene,0.1043661913109336
R32EEU-FSU,bio-based_polystyrene,2020,polystyrene,0.13189154622921148
R32EEU-FSU,bio-based_polystyrene,2025,polystyrene,0.1317818574199766
R32EEU-FSU,bio-based_polystyrene,2030,polystyrene,0.1313599579224614
R32EEU-FSU,bio-based_polystyrene,2035,polystyrene,0.1304870727299388
R32EEU-FSU,bio-based_polystyrene,2040,polystyrene,0.12998289630123525
R32EEU-FSU,bio-based_polystyrene,2045,polystyrene,0.1296026716335613
R32EEU-FSU,bio-based_polystyrene,2050,polystyrene,0.12900906932930506
R32EEU-FSU,bio-based_polystyrene,2055,polystyrene,0.12876835773942097
R32EEU-FSU,bio-based_polystyrene,2060,polystyrene,0.12880529685805275
R32EEU-FSU,other_plastics,2020,plastic_mixture,0.09931519353209156
R32EEU-FSU,other_plastics,2025,plastic_mixture,0.09918248375559847
R32EEU-FSU,other_plastics,2030,plastic_mixture,0.09871082005133495
R32EEU-FSU,other_plastics,2035,plastic_mixture,0.09776593312137184
R32EEU-FSU,other_plastics,2040,plastic_mixture,0.09725455384107336
R32EEU-FSU,other_plastics,2045,plastic_mixture,0.0968723279943109
R32EEU-FSU,other_plastics,2050,plastic_mixture,0.0962779028091071
R32EEU-FSU,other_plastics,2055,plastic_mixture,0.09603671456063222
R32EEU-FSU,other_plastics,2060,plastic_mixture,0.096074529196484
R32EEU-FSU,polypropylene,2020,polypropylene,0.10740570937805435
R32EEU-FSU,polypropylene,2025,polypropylene,0.10730295552490646
R32EEU-FSU,polypropylene,2030,polypropylene,0.1068960913438739
R32EEU-FSU,polypropylene,2035,polypropylene,0.10604496056882506
R32EEU-FSU,polypropylene,2040,polypropylene,0.10554299746441516
R32EEU-FSU,polypropylene,2045,polypropylene,0.10516340598045187
R32EEU-FSU,polypropylene,2050,polypropylene,0.10457007236848968
R32EEU-FSU,polypropylene,2055,polypropylene,0.10432951579248056
R32EEU-FSU,polypropylene,2060,polypropylene,0.1043661913109336
R32EEU-FSU,polystyrene,2020,polystyrene,0.13189154622921148
R32EEU-FSU,polystyrene,2025,polystyrene,0.1317818574199766
R32EEU-FSU,polystyrene,2030,polystyrene,0.1313599579224614
R32EEU-FSU,polystyrene,2035,polystyrene,0.1304870727299388
R32EEU-FSU,polystyrene,2040,polystyrene,0.12998289630123525
R32EEU-FSU,polystyrene,2045,polystyrene,0.1296026716335613
R32EEU-FSU,polystyrene,2050,polystyrene,0.12900906932930506
R32EEU-FSU,polystyrene,2055,polystyrene,0.12876835773942097
R32EEU-FSU,polystyrene,2060,polystyrene,0.12880529685805275
R32IDN,acrylonitrile_butadiene_styrene,2020,acrylonitrile_butadiene_styrene,0.11572029369757623
R32IDN,acrylonitrile_butadiene_styrene,2025,acrylonitrile_butadiene_styrene,0.115609621483123
R32IDN,acrylonitrile_butadiene_styrene,2030,acrylonitrile_butadiene_styrene,0.11519206490326336
R32IDN,acrylonitrile_butadiene_styrene,2035,acrylonitrile_butadiene_styrene,0.11432027527646171
R32IDN,acrylonitrile_butadiene_styrene,2040,acrylonitrile_butadiene_styrene,0.11381980396366284
R32IDN,acrylonitrile_butadiene_styrene,2045,acrylonitrile_butadiene_styrene,0.1134454386167098
R32IDN,acrylonitrile_butadiene_styrene,2050,acrylonitrile_butadiene_styrene,0.11285835818705334
R32IDN,acrylonitrile_butadiene_styrene,2055,acrylonitrile_butadiene_styrene,0.11262169978833442
R32IDN,acrylonitrile_butadiene_styrene,2060,acrylonitrile_butadiene_styrene,0.11265996905877984
R32IDN,bio-based_polypropylene,2020,polypropylene,0.10740570937805435
R32IDN,bio-based_polypropylene,2025,polypropylene,0.10730295552490646
R32IDN,bio-based_polypropylene,2030,polypropylene,0.1068960913438739
R32IDN,bio-based_polypropylene,2035,polypropylene,0.10604496056882506
R32IDN,bio-based_polypropylene,2040,polypropylene,0.10554299746441516
R32IDN,bio-based_polypropylene,2045,polypropylene,0.10516340598045187
R32IDN,bio-based_polypropylene,2050,polypropylene,0.10457007236848968
R32IDN,bio-based_polypropylene,2055,polypropylene,0.10432951579248056
R32IDN,bio-based_polypropylene,2060,polypropylene,0.1043661913109336
R32IDN,bio-based_polystyrene,2020,polystyrene,0.13189154622921148
R32IDN,bio-based_polystyrene,2025,polystyrene,0.1317818574199766
R32IDN,bio-based_polystyrene,2030,polystyrene,0.1313599579224614
R32IDN,bio-based_polystyrene,2035,polystyrene,0.1304870727299388
R32IDN,bio-based_polystyrene,2040,polystyrene,0.12998289630123525
R32IDN,bio-based_polystyrene,2045,polystyrene,0.1296026716335613
R32IDN,bio-based_polystyrene,2050,polystyrene,0.12900906932930506
R32IDN,bio-based_polystyrene,2055,polystyrene,0.12876835773942097
R32IDN,bio-based_polystyrene,2060,polystyrene,0.12880529685805275
R32IDN,other_plastics,2020,plastic_mixture,0.09931519353209156
R32IDN,other_plastics,2025,plastic_mixture,0.09918248375559847
R32IDN,other_plastics,2030,plastic_mixture,0.09871082005133495
R32IDN,other_plastics,2035,plastic_mixture,0.09776593312137184
R32IDN,other_plastics,2040,plastic_mixture,0.09725455384107336
R32IDN,other_plastics,2045,plastic_mixture,0.0968723279943109
R32IDN,other_plastics,2050,plastic_mixture,0.0962779028091071
R32IDN,other_plastics,2055,plastic_mixture,0.09603671456063222
R32IDN,other_plastics,2060,plastic_mixture,0.096074529196484
R32IDN,polypropylene,2020,polypropylene,0.10740570937805435
R32IDN,polypropylene,2025,polypropylene,0.10730295552490646
R32IDN,polypropylene,2030,polypropylene,0.1068960913438739
R32IDN,polypropylene,2035,polypropylene,0.10604496056882506
R32IDN,polypropylene,2040,polypropylene,0.10554299746441516
R32IDN,polypropylene,2045,polypropylene,0.10516340598045187
R32IDN,polypropylene,2050,polypropylene,0.10457007236848968
R32IDN,polypropylene,2055,polypropylene,0.10432951579248056
R32IDN,polypropylene,2060,polypropylene,0.1043661913109336
R32IDN,polystyrene,2020,polystyrene,0.13189154622921148
R32IDN,polystyrene,2025,polystyrene,0.1317818574199766
R32IDN,polystyrene,2030,polystyrene,0.1313599579224614
R32IDN,polystyrene,2035,polystyrene,0.1304870727299388
R32IDN,polystyrene,2040,polystyrene,0.12998289630123525
R32IDN,polystyrene,2045,polystyrene,0.1296026716335613
R32IDN,polystyrene,2050,polystyrene,0.12900906932930506
R32IDN,polystyrene,2055,polystyrene,0.12876835773942097
R32IDN,polystyrene,2060,polystyrene,0.12880529685805275
R32IND,acrylonitrile_butadiene_styrene,2020,acrylonitrile_butadiene_styrene,0.11572029369757623
R32IND,acrylonitrile_butadiene_styrene,2025,acrylonitrile_butadiene_styrene,0.115609621483123
R32IND,acrylonitrile_butadiene_styrene,2030,acrylonitrile_butadiene_styrene,0.11519206490326336
R32IND,acrylonitrile_butadiene_styrene,2035,acrylonitrile_butadiene_styrene,0.11432027527646171
R32IND,acrylonitrile_butadiene_styrene,2040,acrylonitrile_butadiene_styrene,0.11381980396366284
R32IND,acrylonitrile_butadiene_styrene,2045,acrylonitrile_butadiene_styrene,0.1134454386167098
R32IND,acrylonitrile_butadiene_styrene,2050,acrylonitrile_butadiene_styrene,0.11285835818705334
R32IND,acrylonitrile_butadiene_styrene,2055,acrylonitrile_butadiene_styrene,0.11262169978833442
R32IND,acrylonitrile_butadiene_styrene,2060,acrylonitrile_butadiene_styrene,0.11265996905877984
R32IND,bio-based_polypropylene,2020,polypropylene,0.10740570937805435
R32IND,bio-based_polypropylene,2025,polypropylene,0.10730295552490646
R32IND,bio-based_polypropylene,2030,polypropylene,0.1068960913438739
R32IND,bio-based_polypropylene,2035,polypropylene,0.10604496056882506
R32IND,bio-based_polypropylene,2040,polypropylene,0.10554299746441516
R32IND,bio-based_polypropylene,2045,polypropylene,0.10516340598045187
R32IND,bio-based_polypropylene,2050,polypropylene,0.10457007236848968
R32IND,bio-based_polypropylene,2055,polypropylene,0.10432951579248056
R32IND,bio-based_polypropylene,2060,polypropylene,0.1043661913109336
R32IND,bio-based_polystyrene,2020,polystyrene,0.13189154622921148
R32IND,bio-based_polystyrene,2025,polystyrene,0.1317818574199766
R32IND,bio-based_polystyrene,2030,polystyrene,0.1313599579224614
R32IND,bio-based_polystyrene,2035,polystyrene,0.1304870727299388
R32IND,bio-based_polystyrene,2040,polystyrene,0.12998289630123525
R32IND,bio-based_polystyrene,2045,polystyrene,0.1296026716335613
R32IND,bio-based_polystyrene,2050,polystyrene,0.12900906932930506
R32IND,bio-based_polystyrene,2055,polystyrene,0.12876835773942097
R32IND,bio-based_polystyrene,2060,polystyrene,0.12880529685805275
R32IND,other_plastics,2020,plastic_mixture,0.09931519353209156
R32IND,other_plastics,2025,plastic_mixture,0.09918248375559847
R32IND,other_plastics,2030,plastic_mixture,0.09871082005133495
R32IND,other_plastics,2035,plastic_mixture,0.09776593312137184
R32IND,other_plastics,2040,plastic_mixture,0.09725455384107336
R32IND,other_plastics,2045,plastic_mixture,0.0968723279943109
R32IND,other_plastics,2050,plastic_mixture,0.0962779028091071
R32IND,other_plastics,2055,plastic_mixture,0.09603671456063222
R32IND,other_plastics,2060,plastic_mixture,0.096074529196484
R32IND,polypropylene,2020,polypropylene,0.10740570937805435
R32IND,polypropylene,2025,polypropylene,0.10730295552490646
R32IND,polypropylene,2030,polypropylene,0.1068960913438739
R32IND,polypropylene,2035,polypropylene,0.10604496056882506
R32IND,polypropylene,2040,polypropylene,0.10554299746441516
R32IND,polypropylene,2045,polypropylene,0.10516340598045187
R32IND,polypropylene,2050,polypropylene,0.10457007236848968
R32IND,polypropylene,2055,polypropylene,0.10432951579248056
R32IND,polypropylene,2060,polypropylene,0.1043661913109336
R32IND,polystyrene,2020,polystyrene,0.13189154622921148
R32IND,polystyrene,2025,polystyrene,0.1317818574199766
R32IND,polystyrene,2030,polystyrene,0.1313599579224614
R32IND,polystyrene,2035,polystyrene,0.1304870727299388
R32IND,polystyrene,2040,polystyrene,0.12998289630123525
R32IND,polystyrene,2045,polystyrene,0.1296026716335613
R32IND,polystyrene,2050,polystyrene,0.12900906932930506
R32IND,polystyrene,2055,polystyrene,0.12876835773942097
R32IND,polystyrene,2060,polystyrene,0.12880529685805275
R32JPN,acrylonitrile_butadiene_styrene,2020,acrylonitrile_butadiene_styrene,0.11572029369757623
R32JPN,acrylonitrile_butadiene_styrene,2025,acrylonitrile_butadiene_styrene,0.115609621483123
R32JPN,acrylonitrile_butadiene_styrene,2030,acrylonitrile_butadiene_styrene,0.11519206490326336
R32JPN,acrylonitrile_butadiene_styrene,2035,acrylonitrile_butadiene_styrene,0.11432027527646171
R32JPN,acrylonitrile_butadiene_styrene,2040,acrylonitrile_butadiene_styrene,0.11381980396366284
R32JPN,acrylonitrile_butadiene_styrene,2045,acrylonitrile_butadiene_styrene,0.1134454386167098
R32JPN,acrylonitrile_butadiene_styrene,2050,acrylonitrile_butadiene_styrene,0.11285835818705334
R32JPN,acrylonitrile_butadiene_styrene,2055,acrylonitrile_butadiene_styrene,0.11262169978833442
R32JPN,acrylonitrile_butadiene_styrene,2060,acrylonitrile_butadiene_styrene,0.11265996905877984
R32JPN,bio-based_polypropylene,2020,polypropylene,0.10740570937805435
R32JPN,bio-based_polypropylene,2025,polypropylene,0.10730295552490646
R32JPN,bio-based_polypropylene,2030,polypropylene,0.1068960913438739
R32JPN,bio-based_polypropylene,2035,polypropylene,0.10604496056882506
R32JPN,bio-based_polypropylene,2040,polypropylene,0.10554299746441516
R32JPN,bio-based_polypropylene,2045,polypropylene,0.10516340598045187
R32JPN,bio-based_polypropylene,2050,polypropylene,0.10457007236848968
R32JPN,bio-based_polypropylene,2055,polypropylene,0.10432951579248056
R32JPN,bio-based_polypropylene,2060,polypropylene,0.1043661913109336
R32JPN,bio-based_polystyrene,2020,polystyrene,0.13189154622921148
R32JPN,bio-based_polystyrene,2025,polystyrene,0.1317818574199766
R32JPN,bio-based_polystyrene,2030,polystyrene,0.1313599579224614
R32JPN,bio-based_polystyrene,2035,polystyrene,0.1304870727299388
R32JPN,bio-based_polystyrene,2040,polystyrene,0.12998289630123525
R32JPN,bio-based_polystyrene,2045,polystyrene,0.1296026716335613
R32JPN,bio-based_polystyrene,2050,polystyrene,0.12900906932930506
R32JPN,bio-based_polystyrene,2055,polystyrene,0.12876835773942097
R32JPN,bio-based_polystyrene,2060,polystyrene,0.12880529685805275
R32JPN,other_plastics,2020,plastic_mixture,0.09931519353209156
R32JPN,other_plastics,2025,plastic_mixture,0.09918248375559847
R32JPN,other_plastics,2030,plastic_mixture,0.09871082005133495
R32JPN,other_plastics,2035,plastic_mixture,0.09776593312137184
R32JPN,other_plastics,2040,plastic_mixture,0.09725455384107336
R32JPN,other_plastics,2045,plastic_mixture,0.0968723279943109
R32JPN,other_plastics,2050,plastic_mixture,0.0962779028091071
R32JPN,other_plastics,2055,plastic_mixture,0.09603671456063222
R32JPN,other_plastics,2060,plastic_mixture,0.096074529196484
R32JPN,polypropylene,2020,polypropylene,0.10740570937805435
R32JPN,polypropylene,2025,polypropylene,0.10730295552490646
R32JPN,polypropylene,2030,polypropylene,0.1068960913438739
R32JPN,polypropylene,2035,polypropylene,0.10604496056882506
R32JPN,polypropylene,2040,polypropylene,0.10554299746441516
R32JPN,polypropylene,2045,polypropylene,0.10516340598045187
R32JPN,polypropylene,2050,polypropylene,0.10457007236848968
R32JPN,polypropylene,2055,polypropylene,0.10432951579248056
R32JPN,polypropylene,2060,polypropylene,0.1043661913109336
R32JPN,polystyrene,2020,polystyrene,0.13189154622921148
R32JPN,polystyrene,2025,polystyrene,0.1317818574199766
R32JPN,polystyrene,2030,polystyrene,0.1313599579224614
R32JPN,polystyrene,2035,polystyrene,0.1304870727299388
R32JPN,polystyrene,2040,polystyrene,0.12998289630123525
R32JPN,polystyrene,2045,polystyrene,0.1296026716335613
R32JPN,polystyrene,2050,polystyrene,0.12900906932930506
R32JPN,polystyrene,2055,polystyrene,0.12876835773942097
R32JPN,polystyrene,2060,polystyrene,0.12880529685805275
R32KOR,acrylonitrile_butadiene_styrene,2020,acrylonitrile_butadiene_styrene,0.11572029369757623
R32KOR,acrylonitrile_butadiene_styrene,2025,acrylonitrile_butadiene_styrene,0.115609621483123
R32KOR,acrylonitrile_butadiene_styrene,2030,acrylonitrile_butadiene_styrene,0.11519206490326336
R32KOR,acrylonitrile_butadiene_styrene,2035,acrylonitrile_butadiene_styrene,0.11432027527646171
R32KOR,acrylonitrile_butadiene_styrene,2040,acrylonitrile_butadiene_styrene,0.11381980396366284
R32KOR,acrylonitrile_butadiene_styrene,2045,acrylonitrile_butadiene_styrene,0.1134454386167098
R32KOR,acrylonitrile_butadiene_styrene,2050,acrylonitrile_butadiene_styrene,0.11285835818705334
R32KOR,acrylonitrile_butadiene_styrene,2055,acrylonitrile_butadiene_styrene,0.11262169978833442
R32KOR,acrylonitrile_butadiene_styrene,2060,acrylonitrile_butadiene_styrene,0.11265996905877984
R32KOR,bio-based_polypropylene,2020,polypropylene,0.10740570937805435
R32KOR,bio-based_polypropylene,2025,polypropylene,0.10730295552490646
R32KOR,bio-based_polypropylene,2030,polypropylene,0.1068960913438739
R32KOR,bio-based_polypropylene,2035,polypropylene,0.10604496056882506
R32KOR,bio-based_polypropylene,2040,polypropylene,0.10554299746441516
R32KOR,bio-based_polypropylene,2045,polypropylene,0.10516340598045187
R32KOR,bio-based_polypropylene,2050,polypropylene,0.10457007236848968
R32KOR,bio-based_polypropylene,2055,polypropylene,0.10432951579248056
R32KOR,bio-based_polypropylene,2060,polypropylene,0.1043661913109336
R32KOR,bio-based_polystyrene,2020,polystyrene,0.13189154622921148
R32KOR,bio-based_polystyrene,2025,polystyrene,0.1317818574199766
R32KOR,bio-based_polystyrene,2030,polystyrene,0.1313599579224614
R32KOR,bio-based_polystyrene,2035,polystyrene,0.1304870727299388
R32KOR,bio-based_polystyrene,2040,polystyrene,0.12998289630123525
R32KOR,bio-based_polystyrene,2045,polystyrene,0.1296026716335613
R32KOR,bio-based_polystyrene,2050,polystyrene,0.12900906932930506
R32KOR,bio-based_polystyrene,2055,polystyrene,0.12876835773942097
R32KOR,bio-based_polystyrene,2060,polystyrene,0.12880529685805275
R32KOR,other_plastics,2020,plastic_mixture,0.09931519353209156
R32KOR,other_plastics,2025,plastic_mixture,0.09918248375559847
R32KOR,other_plastics,2030,plastic_mixture,0.09871082005133495
R32KOR,other_plastics,2035,plastic_mixture,0.09776593312137184
R32KOR,other_plastics,2040,plastic_mixture,0.09725455384107336
R32KOR,other_plastics,2045,plastic_mixture,0.0968723279943109
R32KOR,other_plastics,2050,plastic_mixture,0.0962779028091071
R32KOR,other_plastics,2055,plastic_mixture,0.09603671456063222
R32KOR,other_plastics,2060,plastic_mixture,0.096074529196484
R32KOR,polypropylene,2020,polypropylene,0.10740570937805435
R32KOR,polypropylene,2025,polypropylene,0.10730295552490646
R32KOR,polypropylene,2030,polypropylene,0.1068960913438739
R32KOR,polypropylene,2035,polypropylene,0.10604496056882506
R32KOR,polypropylene,2040,polypropylene,0.10554299746441516
R32KOR,polypropylene,2045,polypropylene,0.10516340598045187
R32KOR,polypropylene,2050,polypropylene,0.10457007236848968
R32KOR,polypropylene,2055,polypropylene,0.10432951579248056
R32KOR,polypropylene,2060,polypropylene,0.1043661913109336
R32KOR,polystyrene,2020,polystyrene,0.13189154622921148
R32KOR,polystyrene,2025,polystyrene,0.1317818574199766
R32KOR,polystyrene,2030,polystyrene,0.1313599579224614
R32KOR,polystyrene,2035,polystyrene,0.1304870727299388
R32KOR,polystyrene,2040,polystyrene,0.12998289630123525
R32KOR,polystyrene,2045,polystyrene,0.1296026716335613
R32KOR,polystyrene,2050,polystyrene,0.12900906932930506
R32KOR,polystyrene,2055,polystyrene,0.12876835773942097
R32KOR,polystyrene,2060,polystyrene,0.12880529685805275
R32LAM-L,acrylonitrile_butadiene_styrene,2020,acrylonitrile_butadiene_styrene,0.11572029369757623
R32LAM-L,acrylonitrile_butadiene_styrene,2025,acrylonitrile_butadiene_styrene,0.115609621483123
R32LAM-L,acrylonitrile_butadiene_styrene,2030,acrylonitrile_butadiene_styrene,0.11519206490326336
R32LAM-L,acrylonitrile_butadiene_styrene,2035,acrylonitrile_butadiene_styrene,0.11432027527646171
R32LAM-L,acrylonitrile_butadiene_styrene,2040,acrylonitrile_butadiene_styrene,0.11381980396366284
R32LAM-L,acrylonitrile_butadiene_styrene,2045,acrylonitrile_butadiene_styrene,0.1134454386167098
R32LAM-L,acrylonitrile_butadiene_styrene,2050,acrylonitrile_butadiene_styrene,0.11285835818705334
R32LAM-L,acrylonitrile_butadiene_styrene,2055,acrylonitrile_butadiene_styrene,0.11262169978833442
R32LAM-L,acrylonitrile_butadiene_styrene,2060,acrylonitrile_butadiene_styrene,0.11265996905877984
R32LAM-L,bio-based_polypropylene,2020,polypropylene,0.10740570937805435
R32LAM-L,bio-based_polypropylene,2025,polypropylene,0.10730295552490646
R32LAM-L,bio-based_polypropylene,2030,polypropylene,0.1068960913438739
R32LAM-L,bio-based_polypropylene,2035,polypropylene,0.10604496056882506
R32LAM-L,bio-based_polypropylene,2040,polypropylene,0.10554299746441516
R32LAM-L,bio-based_polypropylene,2045,polypropylene,0.10516340598045187
R32LAM-L,bio-based_polypropylene,2050,polypropylene,0.10457007236848968
R32LAM-L,bio-based_polypropylene,2055,polypropylene,0.10432951579248056
R32LAM-L,bio-based_polypropylene,2060,polypropylene,0.1043661913109336
R32LAM-L,bio-based_polystyrene,2020,polystyrene,0.13189154622921148
R32LAM-L,bio-based_polystyrene,2025,polystyrene,0.1317818574199766
R32LAM-L,bio-based_polystyrene,2030,polystyrene,0.1313599579224614
R32LAM-L,bio-based_polystyrene,2035,polystyrene,0.1304870727299388
R32LAM-L,bio-based_polystyrene,2040,polystyrene,0.12998289630123525
R32LAM-L,bio-based_polystyrene,2045,polystyrene,0.1296026716335613
R32LAM-L,bio-based_polystyrene,2050,polystyrene,0.12900906932930506
R32LAM-L,bio-based_polystyrene,2055,polystyrene,0.12876835773942097
R32LAM-L,bio-based_polystyrene,2060,polystyrene,0.12880529685805275
R32LAM-L,other_plastics,2020,plastic_mixture,0.09931519353209156
R32LAM-L,other_plastics,2025,plastic_mixture,0.09918248375559847
R32LAM-L,other_plastics,2030,plastic_mixture,0.09871082005133495
R32LAM-L,other_plastics,2035,plastic_mixture,0.09776593312137184
R32LAM-L,other_plastics,2040,plastic_mixture,0.09725455384107336
R32LAM-L,other_plastics,2045,plastic_mixture,0.0968723279943109
R32LAM-L,other_plastics,2050,plastic_mixture,0.0962779028091071
R32LAM-L,other_plastics,2055,plastic_mixture,0.09603671456063222
R32LAM-L,other_plastics,2060,plastic_mixture,0.096074529196484
R32LAM-L,polypropylene,2020,polypropylene,0.10740570937805435
R32LAM-L,polypropylene,2025,polypropylene,0.10730295552490646
R32LAM-L,polypropylene,2030,polypropylene,0.1068960913438739
R32LAM-L,polypropylene,2035,polypropylene,0.10604496056882506
R32LAM-L,polypropylene,2040,polypropylene,0.10554299746441516
R32LAM-L,polypropylene,2045,polypropylene,0.10516340598045187
R32LAM-L,polypropylene,2050,polypropylene,0.10457007236848968
R32LAM-L,polypropylene,2055,polypropylene,0.10432951579248056
R32LAM-L,polypropylene,2060,polypropylene,0.1043661913109336
R32LAM-L,polystyrene,2020,polystyrene,0.13189154622921148
R32LAM-L,polystyrene,2025,polystyrene,0.1317818574199766
R32LAM-L,polystyrene,2030,polystyrene,0.1313599579224614
R32LAM-L,polystyrene,2035,polystyrene,0.1304870727299388
R32LAM-L,polystyrene,2040,polystyrene,0.12998289630123525
R32LAM-L,polystyrene,2045,polystyrene,0.1296026716335613
R32LAM-L,polystyrene,2050,polystyrene,0.12900906932930506
R32LAM-L,polystyrene,2055,polystyrene,0.12876835773942097
R32LAM-L,polystyrene,2060,polystyrene,0.12880529685805275
R32LAM-M,acrylonitrile_butadiene_styrene,2020,acrylonitrile_butadiene_styrene,0.11572029369757623
R32LAM-M,acrylonitrile_butadiene_styrene,2025,acrylonitrile_butadiene_styrene,0.115609621483123
R32LAM-M,acrylonitrile_butadiene_styrene,2030,acrylonitrile_butadiene_styrene,0.11519206490326336
R32LAM-M,acrylonitrile_butadiene_styrene,2035,acrylonitrile_butadiene_styrene,0.11432027527646171
R32LAM-M,acrylonitrile_butadiene_styrene,2040,acrylonitrile_butadiene_styrene,0.11381980396366284
R32LAM-M,acrylonitrile_butadiene_styrene,2045,acrylonitrile_butadiene_styrene,0.1134454386167098
R32LAM-M,acrylonitrile_butadiene_styrene,2050,acrylonitrile_butadiene_styrene,0.11285835818705334
R32LAM-M,acrylonitrile_butadiene_styrene,2055,acrylonitrile_butadiene_styrene,0.11262169978833442
R32LAM-M,acrylonitrile_butadiene_styrene,2060,acrylonitrile_butadiene_styrene,0.11265996905877984
R32LAM-M,bio-based_polypropylene,2020,polypropylene,0.10740570937805435
R32LAM-M,bio-based_polypropylene,2025,polypropylene,0.10730295552490646
R32LAM-M,bio-based_polypropylene,2030,polypropylene,0.1068960913438739
R32LAM-M,bio-based_polypropylene,2035,polypropylene,0.10604496056882506
R32LAM-M,bio-based_polypropylene,2040,polypropylene,0.10554299746441516
R32LAM-M,bio-based_polypropylene,2045,polypropylene,0.10516340598045187
R32LAM-M,bio-based_polypropylene,2050,polypropylene,0.10457007236848968
R32LAM-M,bio-based_polypropylene,2055,polypropylene,0.10432951579248056
R32LAM-M,bio-based_polypropylene,2060,polypropylene,0.1043661913109336
R32LAM-M,bio-based_polystyrene,2020,polystyrene,0.13189154622921148
R32LAM-M,bio-based_polystyrene,2025,polystyrene,0.1317818574199766
R32LAM-M,bio-based_polystyrene,2030,polystyrene,0.1313599579224614
R32LAM-M,bio-based_polystyrene,2035,polystyrene,0.1304870727299388
R32LAM-M,bio-based_polystyrene,2040,polystyrene,0.12998289630123525
R32LAM-M,bio-based_polystyrene,2045,polystyrene,0.1296026716335613
R32LAM-M,bio-based_polystyrene,2050,polystyrene,0.12900906932930506
R32LAM-M,bio-based_polystyrene,2055,polystyrene,0.12876835773942097
R32LAM-M,bio-based_polystyrene,2060,polystyrene,0.12880529685805275
R32LAM-M,other_plastics,2020,plastic_mixture,0.09931519353209156
R32LAM-M,other_plastics,2025,plastic_mixture,0.09918248375559847
R32LAM-M,other_plastics,2030,plastic_mixture,0.09871082005133495
R32LAM-M,other_plastics,2035,plastic_mixture,0.09776593312137184
R32LAM-M,other_plastics,2040,plastic_mixture,0.09725455384107336
R32LAM-M,other_plastics,2045,plastic_mixture,0.0968723279943109
R32LAM-M,other_plastics,2050,plastic_mixture,0.0962779028091071
R32LAM-M,other_plastics,2055,plastic_mixture,0.09603671456063222
R32LAM-M,other_plastics,2060,plastic_mixture,0.096074529196484
R32LAM-M,polypropylene,2020,polypropylene,0.10740570937805435
R32LAM-M,polypropylene,2025,polypropylene,0.10730295552490646
R32LAM-M,polypropylene,2030,polypropylene,0.1068960913438739
R32LAM-M,polypropylene,2035,polypropylene,0.10604496056882506
R32LAM-M,polypropylene,2040,polypropylene,0.10554299746441516
R32LAM-M,polypropylene,2045,polypropylene,0.10516340598045187
R32LAM-M,polypropylene,2050,polypropylene,0.10457007236848968
R32LAM-M,polypropylene,2055,polypropylene,0.10432951579248056
R32LAM-M,polypropylene,2060,polypropylene,0.1043661913109336
R32LAM-M,polystyrene,2020,polystyrene,0.13189154622921148
R32LAM-M,polystyrene,2025,polystyrene,0.1317818574199766
R32LAM-M,polystyrene,2030,polystyrene,0.1313599579224614
R32LAM-M,polystyrene,2035,polystyrene,0.1304870727299388
R32LAM-M,polystyrene,2040,polystyrene,0.12998289630123525
R32LAM-M,polystyrene,2045,polystyrene,0.1296026716335613
R32LAM-M,polystyrene,2050,polystyrene,0.12900906932930506
R32LAM-M,polystyrene,2055,polystyrene,0.12876835773942097
R32LAM-M,polystyrene,2060,polystyrene,0.12880529685805275
R32MEA-H,acrylonitrile_butadiene_styrene,2020,acrylonitrile_butadiene_styrene,0.11572029369757623
R32MEA-H,acrylonitrile_butadiene_styrene,2025,acrylonitrile_butadiene_styrene,0.115609621483123
R32MEA-H,acrylonitrile_butadiene_styrene,2030,acrylonitrile_butadiene_styrene,0.11519206490326336
R32MEA-H,acrylonitrile_butadiene_styrene,2035,acrylonitrile_butadiene_styrene,0.11432027527646171
R32MEA-H,acrylonitrile_butadiene_styrene,2040,acrylonitrile_butadiene_styrene,0.11381980396366284
R32MEA-H,acrylonitrile_butadiene_styrene,2045,acrylonitrile_butadiene_styrene,0.1134454386167098
R32MEA-H,acrylonitrile_butadiene_styrene,2050,acrylonitrile_butadiene_styrene,0.11285835818705334
R32MEA-H,acrylonitrile_butadiene_styrene,2055,acrylonitrile_butadiene_styrene,0.11262169978833442
R32MEA-H,acrylonitrile_butadiene_styrene,2060,acrylonitrile_butadiene_styrene,0.11265996905877984
R32MEA-H,bio-based_polypropylene,2020,polypropylene,0.10740570937805435
R32MEA-H,bio-based_polypropylene,2025,polypropylene,0.10730295552490646
R32MEA-H,bio-based_polypropylene,2030,polypropylene,0.1068960913438739
R32MEA-H,bio-based_polypropylene,2035,polypropylene,0.10604496056882506
R32MEA-H,bio-based_polypropylene,2040,polypropylene,0.10554299746441516
R32MEA-H,bio-based_polypropylene,2045,polypropylene,0.10516340598045187
R32MEA-H,bio-based_polypropylene,2050,polypropylene,0.10457007236848968
R32MEA-H,bio-based_polypropylene,2055,polypropylene,0.10432951579248056
R32MEA-H,bio-based_polypropylene,2060,polypropylene,0.1043661913109336
R32MEA-H,bio-based_polystyrene,2020,polystyrene,0.13189154622921148
R32MEA-H,bio-based_polystyrene,2025,polystyrene,0.1317818574199766
R32MEA-H,bio-based_polystyrene,2030,polystyrene,0.1313599579224614
R32MEA-H,bio-based_polystyrene,2035,polystyrene,0.1304870727299388
R32MEA-H,bio-based_polystyrene,2040,polystyrene,0.12998289630123525
R32MEA-H,bio-based_polystyrene,2045,polystyrene,0.1296026716335613
R32MEA-H,bio-based_polystyrene,2050,polystyrene,0.12900906932930506
R32MEA-H,bio-based_polystyrene,2055,polystyrene,0.12876835773942097
R32MEA-H,bio-based_polystyrene,2060,polystyrene,0.12880529685805275
R32MEA-H,other_plastics,2020,plastic_mixture,0.09931519353209156
R32MEA-H,other_plastics,2025,plastic_mixture,0.09918248375559847
R32MEA-H,other_plastics,2030,plastic_mixture,0.09871082005133495
R32MEA-H,other_plastics,2035,plastic_mixture,0.09776593312137184
R32MEA-H,other_plastics,2040,plastic_mixture,0.09725455384107336
R32MEA-H,other_plastics,2045,plastic_mixture,0.0968723279943109
R32MEA-H,other_plastics,2050,plastic_mixture,0.0962779028091071
R32MEA-H,other_plastics,2055,plastic_mixture,0.09603671456063222
R32MEA-H,other_plastics,2060,plastic_mixture,0.096074529196484
R32MEA-H,polypropylene,2020,polypropylene,0.10740570937805435
R32MEA-H,polypropylene,2025,polypropylene,0.10730295552490646
R32MEA-H,polypropylene,2030,polypropylene,0.1068960913438739
R32MEA-H,polypropylene,2035,polypropylene,0.10604496056882506
R32MEA-H,polypropylene,2040,polypropylene,0.10554299746441516
R32MEA-H,polypropylene,2045,polypropylene,0.10516340598045187
R32MEA-H,polypropylene,2050,polypropylene,0.10457007236848968
R32MEA-H,polypropylene,2055,polypropylene,0.10432951579248056
R32MEA-H,polypropylene,2060,polypropylene,0.1043661913109336
R32MEA-H,polystyrene,2020,polystyrene,0.13189154622921148
R32MEA-H,polystyrene,2025,polystyrene,0.1317818574199766
R32MEA-H,polystyrene,2030,polystyrene,0.1313599579224614
R32MEA-H,polystyrene,2035,polystyrene,0.1304870727299388
R32MEA-H,polystyrene,2040,polystyrene,0.12998289630123525
R32MEA-H,polystyrene,2045,polystyrene,0.1296026716335613
R32MEA-H,polystyrene,2050,polystyrene,0.12900906932930506
R32MEA-H,polystyrene,2055,polystyrene,0.12876835773942097
R32MEA-H,polystyrene,2060,polystyrene,0.12880529685805275
R32MEA-M,acrylonitrile_butadiene_styrene,2020,acrylonitrile_butadiene_styrene,0.11572029369757623
R32MEA-M,acrylonitrile_butadiene_styrene,2025,acrylonitrile_butadiene_styrene,0.115609621483123
R32MEA-M,acrylonitrile_butadiene_styrene,2030,acrylonitrile_butadiene_styrene,0.11519206490326336
R32MEA-M,acrylonitrile_butadiene_styrene,2035,acrylonitrile_butadiene_styrene,0.11432027527646171
R32MEA-M,acrylonitrile_butadiene_styrene,2040,acrylonitrile_butadiene_styrene,0.11381980396366284
R32MEA-M,acrylonitrile_butadiene_styrene,2045,acrylonitrile_butadiene_styrene,0.1134454386167098
R32MEA-M,acrylonitrile_butadiene_styrene,2050,acrylonitrile_butadiene_styrene,0.11285835818705334
R32MEA-M,acrylonitrile_butadiene_styrene,2055,acrylonitrile_butadiene_styrene,0.11262169978833442
R32MEA-M,acrylonitrile_butadiene_styrene,2060,acrylonitrile_butadiene_styrene,0.11265996905877984
R32MEA-M,bio-based_polypropylene,2020,polypropylene,0.10740570937805435
R32MEA-M,bio-based_polypropylene,2025,polypropylene,0.10730295552490646
R32MEA-M,bio-based_polypropylene,2030,polypropylene,0.1068960913438739
R32MEA-M,bio-based_polypropylene,2035,polypropylene,0.10604496056882506
R32MEA-M,bio-based_polypropylene,2040,polypropylene,0.10554299746441516
R32MEA-M,bio-based_polypropylene,2045,polypropylene,0.10516340598045187
R32MEA-M,bio-based_polypropylene,2050,polypropylene,0.10457007236848968
R32MEA-M,bio-based_polypropylene,2055,polypropylene,0.10432951579248056
R32MEA-M,bio-based_polypropylene,2060,polypropylene,0.1043661913109336
R32MEA-M,bio-based_polystyrene,2020,polystyrene,0.13189154622921148
R32MEA-M,bio-based_polystyrene,2025,polystyrene,0.1317818574199766
R32MEA-M,bio-based_polystyrene,2030,polystyrene,0.1313599579224614
R32MEA-M,bio-based_polystyrene,2035,polystyrene,0.1304870727299388
R32MEA-M,bio-based_polystyrene,2040,polystyrene,0.12998289630123525
R32MEA-M,bio-based_polystyrene,2045,polystyrene,0.1296026716335613
R32MEA-M,bio-based_polystyrene,2050,polystyrene,0.12900906932930506
R32MEA-M,bio-based_polystyrene,2055,polystyrene,0.12876835773942097
R32MEA-M,bio-based_polystyrene,2060,polystyrene,0.12880529685805275
R32MEA-M,other_plastics,2020,plastic_mixture,0.09931519353209156
R32MEA-M,other_plastics,2025,plastic_mixture,0.09918248375559847
R32MEA-M,other_plastics,2030,plastic_mixture,0.09871082005133495
R32MEA-M,other_plastics,2035,plastic_mixture,0.09776593312137184
R32MEA-M,other_plastics,2040,plastic_mixture,0.09725455384107336
R32MEA-M,other_plastics,2045,plastic_mixture,0.0968723279943109
R32MEA-M,other_plastics,2050,plastic_mixture,0.0962779028091071
R32MEA-M,other_plastics,2055,plastic_mixture,0.09603671456063222
R32MEA-M,other_plastics,2060,plastic_mixture,0.096074529196484
R32MEA-M,polypropylene,2020,polypropylene,0.10740570937805435
R32MEA-M,polypropylene,2025,polypropylene,0.10730295552490646
R32MEA-M,polypropylene,2030,polypropylene,0.1068960913438739
R32MEA-M,polypropylene,2035,polypropylene,0.10604496056882506
R32MEA-M,polypropylene,2040,polypropylene,0.10554299746441516
R32MEA-M,polypropylene,2045,polypropylene,0.10516340598045187
R32MEA-M,polypropylene,2050,polypropylene,0.10457007236848968
R32MEA-M,polypropylene,2055,polypropylene,0.10432951579248056
R32MEA-M,polypropylene,2060,polypropylene,0.1043661913109336
R32MEA-M,polystyrene,2020,polystyrene,0.13189154622921148
R32MEA-M,polystyrene,2025,polystyrene,0.1317818574199766
R32MEA-M,polystyrene,2030,polystyrene,0.1313599579224614
R32MEA-M,polystyrene,2035,polystyrene,0.1304870727299388
R32MEA-M,polystyrene,2040,polystyrene,0.12998289630123525
R32MEA-M,polystyrene,2045,polystyrene,0.1296026716335613
R32MEA-M,polystyrene,2050,polystyrene,0.12900906932930506
R32MEA-M,polystyrene,2055,polystyrene,0.12876835773942097
R32MEA-M,polystyrene,2060,polystyrene,0.12880529685805275
R32MEX,acrylonitrile_butadiene_styrene,2020,acrylonitrile_butadiene_styrene,0.11572029369757623
R32MEX,acrylonitrile_butadiene_styrene,2025,acrylonitrile_butadiene_styrene,0.115609621483123
R32MEX,acrylonitrile_butadiene_styrene,2030,acrylonitrile_butadiene_styrene,0.11519206490326336
R32MEX,acrylonitrile_butadiene_styrene,2035,acrylonitrile_butadiene_styrene,0.11432027527646171
R32MEX,acrylonitrile_butadiene_styrene,2040,acrylonitrile_butadiene_styrene,0.11381980396366284
R32MEX,acrylonitrile_butadiene_styrene,2045,acrylonitrile_butadiene_styrene,0.1134454386167098
R32MEX,acrylonitrile_butadiene_styrene,2050,acrylonitrile_butadiene_styrene,0.11285835818705334
R32MEX,acrylonitrile_butadiene_styrene,2055,acrylonitrile_butadiene_styrene,0.11262169978833442
R32MEX,acrylonitrile_butadiene_styrene,2060,acrylonitrile_butadiene_styrene,0.11265996905877984
R32MEX,bio-based_polypropylene,2020,polypropylene,0.10740570937805435
R32MEX,bio-based_polypropylene,2025,polypropylene,0.10730295552490646
R32MEX,bio-based_polypropylene,2030,polypropylene,0.1068960913438739
R32MEX,bio-based_polypropylene,2035,polypropylene,0.10604496056882506
R32MEX,bio-based_polypropylene,2040,polypropylene,0.10554299746441516
R32MEX,bio-based_polypropylene,2045,polypropylene,0.10516340598045187
R32MEX,bio-based_polypropylene,2050,polypropylene,0.10457007236848968
R32MEX,bio-based_polypropylene,2055,polypropylene,0.10432951579248056
R32MEX,bio-based_polypropylene,2060,polypropylene,0.1043661913109336
R32MEX,bio-based_polystyrene,2020,polystyrene,0.13189154622921148
R32MEX,bio-based_polystyrene,2025,polystyrene,0.1317818574199766
R32MEX,bio-based_polystyrene,2030,polystyrene,0.1313599579224614
R32MEX,bio-based_polystyrene,2035,polystyrene,0.1304870727299388
R32MEX,bio-based_polystyrene,2040,polystyrene,0.12998289630123525
R32MEX,bio-based_polystyrene,2045,polystyrene,0.1296026716335613
R32MEX,bio-based_polystyrene,2050,polystyrene,0.12900906932930506
R32MEX,bio-based_polystyrene,2055,polystyrene,0.12876835773942097
R32MEX,bio-based_polystyrene,2060,polystyrene,0.12880529685805275
R32MEX,other_plastics,2020,plastic_mixture,0.09931519353209156
R32MEX,other_plastics,2025,plastic_mixture,0.09918248375559847
R32MEX,other_plastics,2030,plastic_mixture,0.09871082005133495
R32MEX,other_plastics,2035,plastic_mixture,0.09776593312137184
R32MEX,other_plastics,2040,plastic_mixture,0.09725455384107336
R32MEX,other_plastics,2045,plastic_mixture,0.0968723279943109
R32MEX,other_plastics,2050,plastic_mixture,0.0962779028091071
R32MEX,other_plastics,2055,plastic_mixture,0.09603671456063222
R32MEX,other_plastics,2060,plastic_mixture,0.096074529196484
R32MEX,polypropylene,2020,polypropylene,0.10740570937805435
R32MEX,polypropylene,2025,polypropylene,0.10730295552490646
R32MEX,polypropylene,2030,polypropylene,0.1068960913438739
R32MEX,polypropylene,2035,polypropylene,0.10604496056882506
R32MEX,polypropylene,2040,polypropylene,0.10554299746441516
R32MEX,polypropylene,2045,polypropylene,0.10516340598045187
R32MEX,polypropylene,2050,polypropylene,0.10457007236848968
R32MEX,polypropylene,2055,polypropylene,0.10432951579248056
R32MEX,polypropylene,2060,polypropylene,0.1043661913109336
R32MEX,polystyrene,2020,polystyrene,0.13189154622921148
R32MEX,polystyrene,2025,polystyrene,0.1317818574199766
R32MEX,polystyrene,2030,polystyrene,0.1313599579224614
R32MEX,polystyrene,2035,polystyrene,0.1304870727299388
R32MEX,polystyrene,2040,polystyrene,0.12998289630123525
R32MEX,polystyrene,2045,polystyrene,0.1296026716335613
R32MEX,polystyrene,2050,polystyrene,0.12900906932930506
R32MEX,polystyrene,2055,polystyrene,0.12876835773942097
R32MEX,polystyrene,2060,polystyrene,0.12880529685805275
R32NAF,acrylonitrile_butadiene_styrene,2020,acrylonitrile_butadiene_styrene,0.11572029369757623
R32NAF,acrylonitrile_butadiene_styrene,2025,acrylonitrile_butadiene_styrene,0.115609621483123
R32NAF,acrylonitrile_butadiene_styrene,2030,acrylonitrile_butadiene_styrene,0.11519206490326336
R32NAF,acrylonitrile_butadiene_styrene,2035,acrylonitrile_butadiene_styrene,0.11432027527646171
R32NAF,acrylonitrile_butadiene_styrene,2040,acrylonitrile_butadiene_styrene,0.11381980396366284
R32NAF,acrylonitrile_butadiene_styrene,2045,acrylonitrile_butadiene_styrene,0.1134454386167098
R32NAF,acrylonitrile_butadiene_styrene,2050,acrylonitrile_butadiene_styrene,0.11285835818705334
R32NAF,acrylonitrile_butadiene_styrene,2055,acrylonitrile_butadiene_styrene,0.11262169978833442
R32NAF,acrylonitrile_butadiene_styrene,2060,acrylonitrile_butadiene_styrene,0.11265996905877984
R32NAF,bio-based_polypropylene,2020,polypropylene,0.10740570937805435
R32NAF,bio-based_polypropylene,2025,polypropylene,0.10730295552490646
R32NAF,bio-based_polypropylene,2030,polypropylene,0.1068960913438739
R32NAF,bio-based_polypropylene,2035,polypropylene,0.10604496056882506
R32NAF,bio-based_polypropylene,2040,polypropylene,0.10554299746441516
R32NAF,bio-based_polypropylene,2045,polypropylene,0.10516340598045187
R32NAF,bio-based_polypropylene,2050,polypropylene,0.10457007236848968
R32NAF,bio-based_polypropylene,2055,polypropylene,0.10432951579248056
R32NAF,bio-based_polypropylene,2060,polypropylene,0.1043661913109336
R32NAF,bio-based_polystyrene,2020,polystyrene,0.13189154622921148
R32NAF,bio-based_polystyrene,2025,polystyrene,0.1317818574199766
R32NAF,bio-based_polystyrene,2030,polystyrene,0.1313599579224614
R32NAF,bio-based_polystyrene,2035,polystyrene,0.1304870727299388
R32NAF,bio-based_polystyrene,2040,polystyrene,0.12998289630123525
R32NAF,bio-based_polystyrene,2045,polystyrene,0.1296026716335613
R32NAF,bio-based_polystyrene,2050,polystyrene,0.12900906932930506
R32NAF,bio-based_polystyrene,2055,polystyrene,0.12876835773942097
R32NAF,bio-based_polystyrene,2060,polystyrene,0.12880529685805275
R32NAF,other_plastics,2020,plastic_mixture,0.09931519353209156
R32NAF,other_plastics,2025,plastic_mixture,0.09918248375559847
R32NAF,other_plastics,2030,plastic_mixture,0.09871082005133495
R32NAF,other_plastics,2035,plastic_mixture,0.09776593312137184
R32NAF,other_plastics,2040,plastic_mixture,0.09725455384107336
R32NAF,other_plastics,2045,plastic_mixture,0.0968723279943109
R32NAF,other_plastics,2050,plastic_mixture,0.0962779028091071
R32NAF,other_plastics,2055,plastic_mixture,0.09603671456063222
R32NAF,other_plastics,2060,plastic_mixture,0.096074529196484
R32NAF,polypropylene,2020,polypropylene,0.10740570937805435
R32NAF,polypropylene,2025,polypropylene,0.10730295552490646
R32NAF,polypropylene,2030,polypropylene,0.1068960913438739
R32NAF,polypropylene,2035,polypropylene,0.10604496056882506
R32NAF,polypropylene,2040,polypropylene,0.10554299746441516
R32NAF,polypropylene,2045,polypropylene,0.10516340598045187
R32NAF,polypropylene,2050,polypropylene,0.10457007236848968
R32NAF,polypropylene,2055,polypropylene,0.10432951579248056
R32NAF,polypropylene,2060,polypropylene,0.1043661913109336
R32NAF,polystyrene,2020,polystyrene,0.13189154622921148
R32NAF,polystyrene,2025,polystyrene,0.1317818574199766
R32NAF,polystyrene,2030,polystyrene,0.1313599579224614
R32NAF,polystyrene,2035,polystyrene,0.1304870727299388
R32NAF,polystyrene,2040,polystyrene,0.12998289630123525
R32NAF,polystyrene,2045,polystyrene,0.1296026716335613
R32NAF,polystyrene,2050,polystyrene,0.12900906932930506
R32NAF,polystyrene,2055,polystyrene,0.12876835773942097
R32NAF,polystyrene,2060,polystyrene,0.12880529685805275
R32OAS-CPA,acrylonitrile_butadiene_styrene,2020,acrylonitrile_butadiene_styrene,0.11572029369757623
R32OAS-CPA,acrylonitrile_butadiene_styrene,2025,acrylonitrile_butadiene_styrene,0.115609621483123
R32OAS-CPA,acrylonitrile_butadiene_styrene,2030,acrylonitrile_butadiene_styrene,0.11519206490326336
R32OAS-CPA,acrylonitrile_butadiene_styrene,2035,acrylonitrile_butadiene_styrene,0.11432027527646171
R32OAS-CPA,acrylonitrile_butadiene_styrene,2040,acrylonitrile_butadiene_styrene,0.11381980396366284
R32OAS-CPA,acrylonitrile_butadiene_styrene,2045,acrylonitrile_butadiene_styrene,0.1134454386167098
R32OAS-CPA,acrylonitrile_butadiene_styrene,2050,acrylonitrile_butadiene_styrene,0.11285835818705334
R32OAS-CPA,acrylonitrile_butadiene_styrene,2055,acrylonitrile_butadiene_styrene,0.11262169978833442
R32OAS-CPA,acrylonitrile_butadiene_styrene,2060,acrylonitrile_butadiene_styrene,0.11265996905877984
R32OAS-CPA,bio-based_polypropylene,2020,polypropylene,0.10740570937805435
R32OAS-CPA,bio-based_polypropylene,2025,polypropylene,0.10730295552490646
R32OAS-CPA,bio-based_polypropylene,2030,polypropylene,0.1068960913438739
R32OAS-CPA,bio-based_polypropylene,2035,polypropylene,0.10604496056882506
R32OAS-CPA,bio-based_polypropylene,2040,polypropylene,0.10554299746441516
R32OAS-CPA,bio-based_polypropylene,2045,polypropylene,0.10516340598045187
R32OAS-CPA,bio-based_polypropylene,2050,polypropylene,0.10457007236848968
R32OAS-CPA,bio-based_polypropylene,2055,polypropylene,0.10432951579248056
R32OAS-CPA,bio-based_polypropylene,2060,polypropylene,0.1043661913109336
R32OAS-CPA,bio-based_polystyrene,2020,polystyrene,0.13189154622921148
R32OAS-CPA,bio-based_polystyrene,2025,polystyrene,0.1317818574199766
R32OAS-CPA,bio-based_polystyrene,2030,polystyrene,0.1313599579224614
R32OAS-CPA,bio-based_polystyrene,2035,polystyrene,0.1304870727299388
R32OAS-CPA,bio-based_polystyrene,2040,polystyrene,0.12998289630123525
R32OAS-CPA,bio-based_polystyrene,2045,polystyrene,0.1296026716335613
R32OAS-CPA,bio-based_polystyrene,2050,polystyrene,0.12900906932930506
R32OAS-CPA,bio-based_polystyrene,2055,polystyrene,0.12876835773942097
R32OAS-CPA,bio-based_polystyrene,2060,polystyrene,0.12880529685805275
R32OAS-CPA,other_plastics,2020,plastic_mixture,0.09931519353209156
R32OAS-CPA,other_plastics,2025,plastic_mixture,0.09918248375559847
R32OAS-CPA,other_plastics,2030,plastic_mixture,0.09871082005133495
R32OAS-CPA,other_plastics,2035,plastic_mixture,0.09776593312137184
R32OAS-CPA,other_plastics,2040,plastic_mixture,0.09725455384107336
R32OAS-CPA,other_plastics,2045,plastic_mixture,0.0968723279943109
R32OAS-CPA,other_plastics,2050,plastic_mixture,0.0962779028091071
R32OAS-CPA,other_plastics,2055,plastic_mixture,0.09603671456063222
R32OAS-CPA,other_plastics,2060,plastic_mixture,0.096074529196484
R32OAS-CPA,polypropylene,2020,polypropylene,0.10740570937805435
R32OAS-CPA,polypropylene,2025,polypropylene,0.10730295552490646
R32OAS-CPA,polypropylene,2030,polypropylene,0.1068960913438739
R32OAS-CPA,polypropylene,2035,polypropylene,0.10604496056882506
R32OAS-CPA,polypropylene,2040,polypropylene,0.10554299746441516
R32OAS-CPA,polypropylene,2045,polypropylene,0.10516340598045187
R32OAS-CPA,polypropylene,2050,polypropylene,0.10457007236848968
R32OAS-CPA,polypropylene,2055,polypropylene,0.10432951579248056
R32OAS-CPA,polypropylene,2060,polypropylene,0.1043661913109336
R32OAS-CPA,polystyrene,2020,polystyrene,0.13189154622921148
R32OAS-CPA,polystyrene,2025,polystyrene,0.1317818574199766
R32OAS-CPA,polystyrene,2030,polystyrene,0.1313599579224614
R32OAS-CPA,polystyrene,2035,polystyrene,0.1304870727299388
R32OAS-CPA,polystyrene,2040,polystyrene,0.12998289630123525
R32OAS-CPA,polystyrene,2045,polystyrene,0.1296026716335613
R32OAS-CPA,polystyrene,2050,polystyrene,0.12900906932930506
R32OAS-CPA,polystyrene,2055,polystyrene,0.12876835773942097
R32OAS-CPA,polystyrene,2060,polystyrene,0.12880529685805275
R32OAS-L-PAS,acrylonitrile_butadiene_styrene,2020,acrylonitrile_butadiene_styrene,0.11572029369757623
R32OAS-L-PAS,acrylonitrile_butadiene_styrene,2025,acrylonitrile_butadiene_styrene,0.115609621483123
R32OAS-L-PAS,acrylonitrile_butadiene_styrene,2030,acrylonitrile_butadiene_styrene,0.11519206490326336
R32OAS-L-PAS,acrylonitrile_butadiene_styrene,2035,acrylonitrile_butadiene_styrene,0.11432027527646171
R32OAS-L-PAS,acrylonitrile_butadiene_styrene,2040,acrylonitrile_butadiene_styrene,0.11381980396366284
R32OAS-L-PAS,acrylonitrile_butadiene_styrene,2045,acrylonitrile_butadiene_styrene,0.1134454386167098
R32OAS-L-PAS,acrylonitrile_butadiene_styrene,2050,acrylonitrile_butadiene_styrene,0.11285835818705334
R32OAS-L-PAS,acrylonitrile_butadiene_styrene,2055,acrylonitrile_butadiene_styrene,0.11262169978833442
R32OAS-L-PAS,acrylonitrile_butadiene_styrene,2060,acrylonitrile_butadiene_styrene,0.11265996905877984
R32OAS-L-PAS,bio-based_polypropylene,2020,polypropylene,0.10740570937805435
R32OAS-L-PAS,bio-based_polypropylene,2025,polypropylene,0.10730295552490646
R32OAS-L-PAS,bio-based_polypropylene,2030,polypropylene,0.1068960913438739
R32OAS-L-PAS,bio-based_polypropylene,2035,polypropylene,0.10604496056882506
R32OAS-L-PAS,bio-based_polypropylene,2040,polypropylene,0.10554299746441516
R32OAS-L-PAS,bio-based_polypropylene,2045,polypropylene,0.10516340598045187
R32OAS-L-PAS,bio-based_polypropylene,2050,polypropylene,0.10457007236848968
R32OAS-L-PAS,bio-based_polypropylene,2055,polypropylene,0.10432951579248056
R32OAS-L-PAS,bio-based_polypropylene,2060,polypropylene,0.1043661913109336
R32OAS-L-PAS,bio-based_polystyrene,2020,polystyrene,0.13189154622921148
R32OAS-L-PAS,bio-based_polystyrene,2025,polystyrene,0.1317818574199766
R32OAS-L-PAS,bio-based_polystyrene,2030,polystyrene,0.1313599579224614
R32OAS-L-PAS,bio-based_polystyrene,2035,polystyrene,0.1304870727299388
R32OAS-L-PAS,bio-based_polystyrene,2040,polystyrene,0.12998289630123525
R32OAS-L-PAS,bio-based_polystyrene,2045,polystyrene,0.1296026716335613
R32OAS-L-PAS,bio-based_polystyrene,2050,polystyrene,0.12900906932930506
R32OAS-L-PAS,bio-based_polystyrene,2055,polystyrene,0.12876835773942097
R32OAS-L-PAS,bio-based_polystyrene,2060,polystyrene,0.12880529685805275
R32OAS-L-PAS,other_plastics,2020,plastic_mixture,0.09931519353209156
R32OAS-L-PAS,other_plastics,2025,plastic_mixture,0.09918248375559847
R32OAS-L-PAS,other_plastics,2030,plastic_mixture,0.09871082005133495
R32OAS-L-PAS,other_plastics,2035,plastic_mixture,0.09776593312137184
R32OAS-L-PAS,other_plastics,2040,plastic_mixture,0.09725455384107336
R32OAS-L-PAS,other_plastics,2045,plastic_mixture,0.0968723279943109
R32OAS-L-PAS,other_plastics,2050,plastic_mixture,0.0962779028091071
R32OAS-L-PAS,other_plastics,2055,plastic_mixture,0.09603671456063222
R32OAS-L-PAS,other_plastics,2060,plastic_mixture,0.096074529196484
R32OAS-L-PAS,polypropylene,2020,polypropylene,0.10740570937805435
R32OAS-L-PAS,polypropylene,2025,polypropylene,0.10730295552490646
R32OAS-L-PAS,polypropylene,2030,polypropylene,0.1068960913438739
R32OAS-L-PAS,polypropylene,2035,polypropylene,0.10604496056882506
R32OAS-L-PAS,polypropylene,2040,polypropylene,0.10554299746441516
R32OAS-L-PAS,polypropylene,2045,polypropylene,0.10516340598045187
R32OAS-L-PAS,polypropylene,2050,polypropylene,0.10457007236848968
R32OAS-L-PAS,polypropylene,2055,polypropylene,0.10432951579248056
R32OAS-L-PAS,polypropylene,2060,polypropylene,0.1043661913109336
R32OAS-L-PAS,polystyrene,2020,polystyrene,0.13189154622921148
R32OAS-L-PAS,polystyrene,2025,polystyrene,0.1317818574199766
R32OAS-L-PAS,polystyrene,2030,polystyrene,0.1313599579224614
R32OAS-L-PAS,polystyrene,2035,polystyrene,0.1304870727299388
R32OAS-L-PAS,polystyrene,2040,polystyrene,0.12998289630123525
R32OAS-L-PAS,polystyrene,2045,polystyrene,0.1296026716335613
R32OAS-L-PAS,polystyrene,2050,polystyrene,0.12900906932930506
R32OAS-L-PAS,polystyrene,2055,polystyrene,0.12876835773942097
R32OAS-L-PAS,polystyrene,2060,polystyrene,0.12880529685805275
R32OAS-L-SAS,acrylonitrile_butadiene_styrene,2020,acrylonitrile_butadiene_styrene,0.11572029369757623
R32OAS-L-SAS,acrylonitrile_butadiene_styrene,2025,acrylonitrile_butadiene_styrene,0.115609621483123
R32OAS-L-SAS,acrylonitrile_butadiene_styrene,2030,acrylonitrile_butadiene_styrene,0.11519206490326336
R32OAS-L-SAS,acrylonitrile_butadiene_styrene,2035,acrylonitrile_butadiene_styrene,0.11432027527646171
R32OAS-L-SAS,acrylonitrile_butadiene_styrene,2040,acrylonitrile_butadiene_styrene,0.11381980396366284
R32OAS-L-SAS,acrylonitrile_butadiene_styrene,2045,acrylonitrile_butadiene_styrene,0.1134454386167098
R32OAS-L-SAS,acrylonitrile_butadiene_styrene,2050,acrylonitrile_butadiene_styrene,0.11285835818705334
R32OAS-L-SAS,acrylonitrile_butadiene_styrene,2055,acrylonitrile_butadiene_styrene,0.11262169978833442
R32OAS-L-SAS,acrylonitrile_butadiene_styrene,2060,acrylonitrile_butadiene_styrene,0.11265996905877984
R32OAS-L-SAS,bio-based_polypropylene,2020,polypropylene,0.10740570937805435
R32OAS-L-SAS,bio-based_polypropylene,2025,polypropylene,0.10730295552490646
R32OAS-L-SAS,bio-based_polypropylene,2030,polypropylene,0.1068960913438739
R32OAS-L-SAS,bio-based_polypropylene,2035,polypropylene,0.10604496056882506
R32OAS-L-SAS,bio-based_polypropylene,2040,polypropylene,0.10554299746441516
R32OAS-L-SAS,bio-based_polypropylene,2045,polypropylene,0.10516340598045187
R32OAS-L-SAS,bio-based_polypropylene,2050,polypropylene,0.10457007236848968
R32OAS-L-SAS,bio-based_polypropylene,2055,polypropylene,0.10432951579248056
R32OAS-L-SAS,bio-based_polypropylene,2060,polypropylene,0.1043661913109336
R32OAS-L-SAS,bio-based_polystyrene,2020,polystyrene,0.13189154622921148
R32OAS-L-SAS,bio-based_polystyrene,2025,polystyrene,0.1317818574199766
R32OAS-L-SAS,bio-based_polystyrene,2030,polystyrene,0.1313599579224614
R32OAS-L-SAS,bio-based_polystyrene,2035,polystyrene,0.1304870727299388
R32OAS-L-SAS,bio-based_polystyrene,2040,polystyrene,0.12998289630123525
R32OAS-L-SAS,bio-based_polystyrene,2045,polystyrene,0.1296026716335613
R32OAS-L-SAS,bio-based_polystyrene,2050,polystyrene,0.12900906932930506
R32OAS-L-SAS,bio-based_polystyrene,2055,polystyrene,0.12876835773942097
R32OAS-L-SAS,bio-based_polystyrene,2060,polystyrene,0.12880529685805275
R32OAS-L-SAS,other_plastics,2020,plastic_mixture,0.09931519353209156
R32OAS-L-SAS,other_plastics,2025,plastic_mixture,0.09918248375559847
R32OAS-L-SAS,other_plastics,2030,plastic_mixture,0.09871082005133495
R32OAS-L-SAS,other_plastics,2035,plastic_mixture,0.09776593312137184
R32OAS-L-SAS,other_plastics,2040,plastic_mixture,0.09725455384107336
R32OAS-L-SAS,other_plastics,2045,plastic_mixture,0.0968723279943109
R32OAS-L-SAS,other_plastics,2050,plastic_mixture,0.0962779028091071
R32OAS-L-SAS,other_plastics,2055,plastic_mixture,0.09603671456063222
R32OAS-L-SAS,other_plastics,2060,plastic_mixture,0.096074529196484
R32OAS-L-SAS,polypropylene,2020,polypropylene,0.10740570937805435
R32OAS-L-SAS,polypropylene,2025,polypropylene,0.10730295552490646
R32OAS-L-SAS,polypropylene,2030,polypropylene,0.1068960913438739
R32OAS-L-SAS,polypropylene,2035,polypropylene,0.10604496056882506
R32OAS-L-SAS,polypropylene,2040,polypropylene,0.10554299746441516
R32OAS-L-SAS,polypropylene,2045,polypropylene,0.10516340598045187
R32OAS-L-SAS,polypropylene,2050,polypropylene,0.10457007236848968
R32OAS-L-SAS,polypropylene,2055,polypropylene,0.10432951579248056
R32OAS-L-SAS,polypropylene,2060,polypropylene,0.1043661913109336
R32OAS-L-SAS,polystyrene,2020,polystyrene,0.13189154622921148
R32OAS-L-SAS,polystyrene,2025,polystyrene,0.1317818574199766
R32OAS-L-SAS,polystyrene,2030,polystyrene,0.1313599579224614
R32OAS-L-SAS,polystyrene,2035,polystyrene,0.1304870727299388
R32OAS-L-SAS,polystyrene,2040,polystyrene,0.12998289630123525
R32OAS-L-SAS,polystyrene,2045,polystyrene,0.1296026716335613
R32OAS-L-SAS,polystyrene,2050,polystyrene,0.12900906932930506
R32OAS-L-SAS,polystyrene,2055,polystyrene,0.12876835773942097
R32OAS-L-SAS,polystyrene,2060,polystyrene,0.12880529685805275
R32OAS-M-PAS,acrylonitrile_butadiene_styrene,2020,acrylonitrile_butadiene_styrene,0.11572029369757623
R32OAS-M-PAS,acrylonitrile_butadiene_styrene,2025,acrylonitrile_butadiene_styrene,0.115609621483123
R32OAS-M-PAS,acrylonitrile_butadiene_styrene,2030,acrylonitrile_butadiene_styrene,0.11519206490326336
R32OAS-M-PAS,acrylonitrile_butadiene_styrene,2035,acrylonitrile_butadiene_styrene,0.11432027527646171
R32OAS-M-PAS,acrylonitrile_butadiene_styrene,2040,acrylonitrile_butadiene_styrene,0.11381980396366284
R32OAS-M-PAS,acrylonitrile_butadiene_styrene,2045,acrylonitrile_butadiene_styrene,0.1134454386167098
R32OAS-M-PAS,acrylonitrile_butadiene_styrene,2050,acrylonitrile_butadiene_styrene,0.11285835818705334
R32OAS-M-PAS,acrylonitrile_butadiene_styrene,2055,acrylonitrile_butadiene_styrene,0.11262169978833442
R32OAS-M-PAS,acrylonitrile_butadiene_styrene,2060,acrylonitrile_butadiene_styrene,0.11265996905877984
R32OAS-M-PAS,bio-based_polypropylene,2020,polypropylene,0.10740570937805435
R32OAS-M-PAS,bio-based_polypropylene,2025,polypropylene,0.10730295552490646
R32OAS-M-PAS,bio-based_polypropylene,2030,polypropylene,0.1068960913438739
R32OAS-M-PAS,bio-based_polypropylene,2035,polypropylene,0.10604496056882506
R32OAS-M-PAS,bio-based_polypropylene,2040,polypropylene,0.10554299746441516
R32OAS-M-PAS,bio-based_polypropylene,2045,polypropylene,0.10516340598045187
R32OAS-M-PAS,bio-based_polypropylene,2050,polypropylene,0.10457007236848968
R32OAS-M-PAS,bio-based_polypropylene,2055,polypropylene,0.10432951579248056
R32OAS-M-PAS,bio-based_polypropylene,2060,polypropylene,0.1043661913109336
R32OAS-M-PAS,bio-based_polystyrene,2020,polystyrene,0.13189154622921148
R32OAS-M-PAS,bio-based_polystyrene,2025,polystyrene,0.1317818574199766
R32OAS-M-PAS,bio-based_polystyrene,2030,polystyrene,0.1313599579224614
R32OAS-M-PAS,bio-based_polystyrene,2035,polystyrene,0.1304870727299388
R32OAS-M-PAS,bio-based_polystyrene,2040,polystyrene,0.12998289630123525
R32OAS-M-PAS,bio-based_polystyrene,2045,polystyrene,0.1296026716335613
R32OAS-M-PAS,bio-based_polystyrene,2050,polystyrene,0.12900906932930506
R32OAS-M-PAS,bio-based_polystyrene,2055,polystyrene,0.12876835773942097
R32OAS-M-PAS,bio-based_polystyrene,2060,polystyrene,0.12880529685805275
R32OAS-M-PAS,other_plastics,2020,plastic_mixture,0.09931519353209156
R32OAS-M-PAS,other_plastics,2025,plastic_mixture,0.09918248375559847
R32OAS-M-PAS,other_plastics,2030,plastic_mixture,0.09871082005133495
R32OAS-M-PAS,other_plastics,2035,plastic_mixture,0.09776593312137184
R32OAS-M-PAS,other_plastics,2040,plastic_mixture,0.09725455384107336
R32OAS-M-PAS,other_plastics,2045,plastic_mixture,0.0968723279943109
R32OAS-M-PAS,other_plastics,2050,plastic_mixture,0.0962779028091071
R32OAS-M-PAS,other_plastics,2055,plastic_mixture,0.09603671456063222
R32OAS-M-PAS,other_plastics,2060,plastic_mixture,0.096074529196484
R32OAS-M-PAS,polypropylene,2020,polypropylene,0.10740570937805435
R32OAS-M-PAS,polypropylene,2025,polypropylene,0.10730295552490646
R32OAS-M-PAS,polypropylene,2030,polypropylene,0.1068960913438739
R32OAS-M-PAS,polypropylene,2035,polypropylene,0.10604496056882506
R32OAS-M-PAS,polypropylene,2040,polypropylene,0.10554299746441516
R32OAS-M-PAS,polypropylene,2045,polypropylene,0.10516340598045187
R32OAS-M-PAS,polypropylene,2050,polypropylene,0.10457007236848968
R32OAS-M-PAS,polypropylene,2055,polypropylene,0.10432951579248056
R32OAS-M-PAS,polypropylene,2060,polypropylene,0.1043661913109336
R32OAS-M-PAS,polystyrene,2020,polystyrene,0.13189154622921148
R32OAS-M-PAS,polystyrene,2025,polystyrene,0.1317818574199766
R32OAS-M-PAS,polystyrene,2030,polystyrene,0.1313599579224614
R32OAS-M-PAS,polystyrene,2035,polystyrene,0.1304870727299388
R32OAS-M-PAS,polystyrene,2040,polystyrene,0.12998289630123525
R32OAS-M-PAS,polystyrene,2045,polystyrene,0.1296026716335613
R32OAS-M-PAS,polystyrene,2050,polystyrene,0.12900906932930506
R32OAS-M-PAS,polystyrene,2055,polystyrene,0.12876835773942097
R32OAS-M-PAS,polystyrene,2060,polystyrene,0.12880529685805275
R32OAS-M-SAS,acrylonitrile_butadiene_styrene,2020,acrylonitrile_butadiene_styrene,0.11572029369757623
R32OAS-M-SAS,acrylonitrile_butadiene_styrene,2025,acrylonitrile_butadiene_styrene,0.115609621483123
R32OAS-M-SAS,acrylonitrile_butadiene_styrene,2030,acrylonitrile_butadiene_styrene,0.11519206490326336
R32OAS-M-SAS,acrylonitrile_butadiene_styrene,2035,acrylonitrile_butadiene_styrene,0.11432027527646171
R32OAS-M-SAS,acrylonitrile_butadiene_styrene,2040,acrylonitrile_butadiene_styrene,0.11381980396366284
R32OAS-M-SAS,acrylonitrile_butadiene_styrene,2045,acrylonitrile_butadiene_styrene,0.1134454386167098
R32OAS-M-SAS,acrylonitrile_butadiene_styrene,2050,acrylonitrile_butadiene_styrene,0.11285835818705334
R32OAS-M-SAS,acrylonitrile_butadiene_styrene,2055,acrylonitrile_butadiene_styrene,0.11262169978833442
R32OAS-M-SAS,acrylonitrile_butadiene_styrene,2060,acrylonitrile_butadiene_styrene,0.11265996905877984
R32OAS-M-SAS,bio-based_polypropylene,2020,polypropylene,0.10740570937805435
R32OAS-M-SAS,bio-based_polypropylene,2025,polypropylene,0.10730295552490646
R32OAS-M-SAS,bio-based_polypropylene,2030,polypropylene,0.1068960913438739
R32OAS-M-SAS,bio-based_polypropylene,2035,polypropylene,0.10604496056882506
R32OAS-M-SAS,bio-based_polypropylene,2040,polypropylene,0.10554299746441516
R32OAS-M-SAS,bio-based_polypropylene,2045,polypropylene,0.10516340598045187
R32OAS-M-SAS,bio-based_polypropylene,2050,polypropylene,0.10457007236848968
R32OAS-M-SAS,bio-based_polypropylene,2055,polypropylene,0.10432951579248056
R32OAS-M-SAS,bio-based_polypropylene,2060,polypropylene,0.1043661913109336
R32OAS-M-SAS,bio-based_polystyrene,2020,polystyrene,0.13189154622921148
R32OAS-M-SAS,bio-based_polystyrene,2025,polystyrene,0.1317818574199766
R32OAS-M-SAS,bio-based_polystyrene,2030,polystyrene,0.1313599579224614
R32OAS-M-SAS,bio-based_polystyrene,2035,polystyrene,0.1304870727299388
R32OAS-M-SAS,bio-based_polystyrene,2040,polystyrene,0.12998289630123525
R32OAS-M-SAS,bio-based_polystyrene,2045,polystyrene,0.1296026716335613
R32OAS-M-SAS,bio-based_polystyrene,2050,polystyrene,0.12900906932930506
R32OAS-M-SAS,bio-based_polystyrene,2055,polystyrene,0.12876835773942097
R32OAS-M-SAS,bio-based_polystyrene,2060,polystyrene,0.12880529685805275
R32OAS-M-SAS,other_plastics,2020,plastic_mixture,0.09931519353209156
R32OAS-M-SAS,other_plastics,2025,plastic_mixture,0.09918248375559847
R32OAS-M-SAS,other_plastics,2030,plastic_mixture,0.09871082005133495
R32OAS-M-SAS,other_plastics,2035,plastic_mixture,0.09776593312137184
R32OAS-M-SAS,other_plastics,2040,plastic_mixture,0.09725455384107336
R32OAS-M-SAS,other_plastics,2045,plastic_mixture,0.0968723279943109
R32OAS-M-SAS,other_plastics,2050,plastic_mixture,0.0962779028091071
R32OAS-M-SAS,other_plastics,2055,plastic_mixture,0.09603671456063222
R32OAS-M-SAS,other_plastics,2060,plastic_mixture,0.096074529196484
R32OAS-M-SAS,polypropylene,2020,polypropylene,0.10740570937805435
R32OAS-M-SAS,polypropylene,2025,polypropylene,0.10730295552490646
R32OAS-M-SAS,polypropylene,2030,polypropylene,0.1068960913438739
R32OAS-M-SAS,polypropylene,2035,polypropylene,0.10604496056882506
R32OAS-M-SAS,polypropylene,2040,polypropylene,0.10554299746441516
R32OAS-M-SAS,polypropylene,2045,polypropylene,0.10516340598045187
R32OAS-M-SAS,polypropylene,2050,polypropylene,0.10457007236848968
R32OAS-M-SAS,polypropylene,2055,polypropylene,0.10432951579248056
R32OAS-M-SAS,polypropylene,2060,polypropylene,0.1043661913109336
R32OAS-M-SAS,polystyrene,2020,polystyrene,0.13189154622921148
R32OAS-M-SAS,polystyrene,2025,polystyrene,0.1317818574199766
R32OAS-M-SAS,polystyrene,2030,polystyrene,0.1313599579224614
R32OAS-M-SAS,polystyrene,2035,polystyrene,0.1304870727299388
R32OAS-M-SAS,polystyrene,2040,polystyrene,0.12998289630123525
R32OAS-M-SAS,polystyrene,2045,polystyrene,0.1296026716335613
R32OAS-M-SAS,polystyrene,2050,polystyrene,0.12900906932930506
R32OAS-M-SAS,polystyrene,2055,polystyrene,0.12876835773942097
R32OAS-M-SAS,polystyrene,2060,polystyrene,0.12880529685805275
R32PAK,acrylonitrile_butadiene_styrene,2020,acrylonitrile_butadiene_styrene,0.11572029369757623
R32PAK,acrylonitrile_butadiene_styrene,2025,acrylonitrile_butadiene_styrene,0.115609621483123
R32PAK,acrylonitrile_butadiene_styrene,2030,acrylonitrile_butadiene_styrene,0.11519206490326336
R32PAK,acrylonitrile_butadiene_styrene,2035,acrylonitrile_butadiene_styrene,0.11432027527646171
R32PAK,acrylonitrile_butadiene_styrene,2040,acrylonitrile_butadiene_styrene,0.11381980396366284
R32PAK,acrylonitrile_butadiene_styrene,2045,acrylonitrile_butadiene_styrene,0.1134454386167098
R32PAK,acrylonitrile_butadiene_styrene,2050,acrylonitrile_butadiene_styrene,0.11285835818705334
R32PAK,acrylonitrile_butadiene_styrene,2055,acrylonitrile_butadiene_styrene,0.11262169978833442
R32PAK,acrylonitrile_butadiene_styrene,2060,acrylonitrile_butadiene_styrene,0.11265996905877984
R32PAK,bio-based_polypropylene,2020,polypropylene,0.10740570937805435
R32PAK,bio-based_polypropylene,2025,polypropylene,0.10730295552490646
R32PAK,bio-based_polypropylene,2030,polypropylene,0.1068960913438739
R32PAK,bio-based_polypropylene,2035,polypropylene,0.10604496056882506
R32PAK,bio-based_polypropylene,2040,polypropylene,0.10554299746441516
R32PAK,bio-based_polypropylene,2045,polypropylene,0.10516340598045187
R32PAK,bio-based_polypropylene,2050,polypropylene,0.10457007236848968
R32PAK,bio-based_polypropylene,2055,polypropylene,0.10432951579248056
R32PAK,bio-based_polypropylene,2060,polypropylene,0.1043661913109336
R32PAK,bio-based_polystyrene,2020,polystyrene,0.13189154622921148
R32PAK,bio-based_polystyrene,2025,polystyrene,0.1317818574199766
R32PAK,bio-based_polystyrene,2030,polystyrene,0.1313599579224614
R32PAK,bio-based_polystyrene,2035,polystyrene,0.1304870727299388
R32PAK,bio-based_polystyrene,2040,polystyrene,0.12998289630123525
R32PAK,bio-based_polystyrene,2045,polystyrene,0.1296026716335613
R32PAK,bio-based_polystyrene,2050,polystyrene,0.12900906932930506
R32PAK,bio-based_polystyrene,2055,polystyrene,0.12876835773942097
R32PAK,bio-based_polystyrene,2060,polystyrene,0.12880529685805275
R32PAK,other_plastics,2020,plastic_mixture,0.09931519353209156
R32PAK,other_plastics,2025,plastic_mixture,0.09918248375559847
R32PAK,other_plastics,2030,plastic_mixture,0.09871082005133495
R32PAK,other_plastics,2035,plastic_mixture,0.09776593312137184
R32PAK,other_plastics,2040,plastic_mixture,0.09725455384107336
R32PAK,other_plastics,2045,plastic_mixture,0.0968723279943109
R32PAK,other_plastics,2050,plastic_mixture,0.0962779028091071
R32PAK,other_plastics,2055,plastic_mixture,0.09603671456063222
R32PAK,other_plastics,2060,plastic_mixture,0.096074529196484
R32PAK,polypropylene,2020,polypropylene,0.10740570937805435
R32PAK,polypropylene,2025,polypropylene,0.10730295552490646
R32PAK,polypropylene,2030,polypropylene,0.1068960913438739
R32PAK,polypropylene,2035,polypropylene,0.10604496056882506
R32PAK,polypropylene,2040,polypropylene,0.10554299746441516
R32PAK,polypropylene,2045,polypropylene,0.10516340598045187
R32PAK,polypropylene,2050,polypropylene,0.10457007236848968
R32PAK,polypropylene,2055,polypropylene,0.10432951579248056
R32PAK,polypropylene,2060,polypropylene,0.1043661913109336
R32PAK,polystyrene,2020,polystyrene,0.13189154622921148
R32PAK,polystyrene,2025,polystyrene,0.1317818574199766
R32PAK,polystyrene,2030,polystyrene,0.1313599579224614
R32PAK,polystyrene,2035,polystyrene,0.1304870727299388
R32PAK,polystyrene,2040,polystyrene,0.12998289630123525
R32PAK,polystyrene,2045,polystyrene,0.1296026716335613
R32PAK,polystyrene,2050,polystyrene,0.12900906932930506
R32PAK,polystyrene,2055,polystyrene,0.12876835773942097
R32PAK,polystyrene,2060,polystyrene,0.12880529685805275
R32RUS,acrylonitrile_butadiene_styrene,2020,acrylonitrile_butadiene_styrene,0.11572029369757623
R32RUS,acrylonitrile_butadiene_styrene,2025,acrylonitrile_butadiene_styrene,0.115609621483123
R32RUS,acrylonitrile_butadiene_styrene,2030,acrylonitrile_butadiene_styrene,0.11519206490326336
R32RUS,acrylonitrile_butadiene_styrene,2035,acrylonitrile_butadiene_styrene,0.11432027527646171
R32RUS,acrylonitrile_butadiene_styrene,2040,acrylonitrile_butadiene_styrene,0.11381980396366284
R32RUS,acrylonitrile_butadiene_styrene,2045,acrylonitrile_butadiene_styrene,0.1134454386167098
R32RUS,acrylonitrile_butadiene_styrene,2050,acrylonitrile_butadiene_styrene,0.11285835818705334
R32RUS,acrylonitrile_butadiene_styrene,2055,acrylonitrile_butadiene_styrene,0.11262169978833442
R32RUS,acrylonitrile_butadiene_styrene,2060,acrylonitrile_butadiene_styrene,0.11265996905877984
R32RUS,bio-based_polypropylene,2020,polypropylene,0.10740570937805435
R32RUS,bio-based_polypropylene,2025,polypropylene,0.10730295552490646
R32RUS,bio-based_polypropylene,2030,polypropylene,0.1068960913438739
R32RUS,bio-based_polypropylene,2035,polypropylene,0.10604496056882506
R32RUS,bio-based_polypropylene,2040,polypropylene,0.10554299746441516
R32RUS,bio-based_polypropylene,2045,polypropylene,0.10516340598045187
R32RUS,bio-based_polypropylene,2050,polypropylene,0.10457007236848968
R32RUS,bio-based_polypropylene,2055,polypropylene,0.10432951579248056
R32RUS,bio-based_polypropylene,2060,polypropylene,0.1043661913109336
R32RUS,bio-based_polystyrene,2020,polystyrene,0.13189154622921148
R32RUS,bio-based_polystyrene,2025,polystyrene,0.1317818574199766
R32RUS,bio-based_polystyrene,2030,polystyrene,0.1313599579224614
R32RUS,bio-based_polystyrene,2035,polystyrene,0.1304870727299388
R32RUS,bio-based_polystyrene,2040,polystyrene,0.12998289630123525
R32RUS,bio-based_polystyrene,2045,polystyrene,0.1296026716335613
R32RUS,bio-based_polystyrene,2050,polystyrene,0.12900906932930506
R32RUS,bio-based_polystyrene,2055,polystyrene,0.12876835773942097
R32RUS,bio-based_polystyrene,2060,polystyrene,0.12880529685805275
R32RUS,other_plastics,2020,plastic_mixture,0.09931519353209156
R32RUS,other_plastics,2025,plastic_mixture,0.09918248375559847
R32RUS,other_plastics,2030,plastic_mixture,0.09871082005133495
R32RUS,other_plastics,2035,plastic_mixture,0.09776593312137184
R32RUS,other_plastics,2040,plastic_mixture,0.09725455384107336
R32RUS,other_plastics,2045,plastic_mixture,0.0968723279943109
R32RUS,other_plastics,2050,plastic_mixture,0.0962779028091071
R32RUS,other_plastics,2055,plastic_mixture,0.09603671456063222
R32RUS,other_plastics,2060,plastic_mixture,0.096074529196484
R32RUS,polypropylene,2020,polypropylene,0.10740570937805435
R32RUS,polypropylene,2025,polypropylene,0.10730295552490646
R32RUS,polypropylene,2030,polypropylene,0.1068960913438739
R32RUS,polypropylene,2035,polypropylene,0.10604496056882506
R32RUS,polypropylene,2040,polypropylene,0.10554299746441516
R32RUS,polypropylene,2045,polypropylene,0.10516340598045187
R32RUS,polypropylene,2050,polypropylene,0.10457007236848968
R32RUS,polypropylene,2055,polypropylene,0.10432951579248056
R32RUS,polypropylene,2060,polypropylene,0.1043661913109336
R32RUS,polystyrene,2020,polystyrene,0.13189154622921148
R32RUS,polystyrene,2025,polystyrene,0.1317818574199766
R32RUS,polystyrene,2030,polystyrene,0.1313599579224614
R32RUS,polystyrene,2035,polystyrene,0.1304870727299388
R32RUS,polystyrene,2040,polystyrene,0.12998289630123525
R32RUS,polystyrene,2045,polystyrene,0.1296026716335613
R32RUS,polystyrene,2050,polystyrene,0.12900906932930506
R32RUS,polystyrene,2055,polystyrene,0.12876835773942097
R32RUS,polystyrene,2060,polystyrene,0.12880529685805275
R32SAF,acrylonitrile_butadiene_styrene,2020,acrylonitrile_butadiene_styrene,0.11572029369757623
R32SAF,acrylonitrile_butadiene_styrene,2025,acrylonitrile_butadiene_styrene,0.115609621483123
R32SAF,acrylonitrile_butadiene_styrene,2030,acrylonitrile_butadiene_styrene,0.11519206490326336
R32SAF,acrylonitrile_butadiene_styrene,2035,acrylonitrile_butadiene_styrene,0.11432027527646171
R32SAF,acrylonitrile_butadiene_styrene,2040,acrylonitrile_butadiene_styrene,0.11381980396366284
R32SAF,acrylonitrile_butadiene_styrene,2045,acrylonitrile_butadiene_styrene,0.1134454386167098
R32SAF,acrylonitrile_butadiene_styrene,2050,acrylonitrile_butadiene_styrene,0.11285835818705334
R32SAF,acrylonitrile_butadiene_styrene,2055,acrylonitrile_butadiene_styrene,0.11262169978833442
R32SAF,acrylonitrile_butadiene_styrene,2060,acrylonitrile_butadiene_styrene,0.11265996905877984
R32SAF,bio-based_polypropylene,2020,polypropylene,0.10740570937805435
R32SAF,bio-based_polypropylene,2025,polypropylene,0.10730295552490646
R32SAF,bio-based_polypropylene,2030,polypropylene,0.1068960913438739
R32SAF,bio-based_polypropylene,2035,polypropylene,0.10604496056882506
R32SAF,bio-based_polypropylene,2040,polypropylene,0.10554299746441516
R32SAF,bio-based_polypropylene,2045,polypropylene,0.10516340598045187
R32SAF,bio-based_polypropylene,2050,polypropylene,0.10457007236848968
R32SAF,bio-based_polypropylene,2055,polypropylene,0.10432951579248056
R32SAF,bio-based_polypropylene,2060,polypropylene,0.1043661913109336
R32SAF,bio-based_polystyrene,2020,polystyrene,0.13189154622921148
R32SAF,bio-based_polystyrene,2025,polystyrene,0.1317818574199766
R32SAF,bio-based_polystyrene,2030,polystyrene,0.1313599579224614
R32SAF,bio-based_polystyrene,2035,polystyrene,0.1304870727299388
R32SAF,bio-based_polystyrene,2040,polystyrene,0.12998289630123525
R32SAF,bio-based_polystyrene,2045,polystyrene,0.1296026716335613
R32SAF,bio-based_polystyrene,2050,polystyrene,0.12900906932930506
R32SAF,bio-based_polystyrene,2055,polystyrene,0.12876835773942097
R32SAF,bio-based_polystyrene,2060,polystyrene,0.12880529685805275
R32SAF,other_plastics,2020,plastic_mixture,0.09931519353209156
R32SAF,other_plastics,2025,plastic_mixture,0.09918248375559847
R32SAF,other_plastics,2030,plastic_mixture,0.09871082005133495
R32SAF,other_plastics,2035,plastic_mixture,0.09776593312137184
R32SAF,other_plastics,2040,plastic_mixture,0.09725455384107336
R32SAF,other_plastics,2045,plastic_mixture,0.0968723279943109
R32SAF,other_plastics,2050,plastic_mixture,0.0962779028091071
R32SAF,other_plastics,2055,plastic_mixture,0.09603671456063222
R32SAF,other_plastics,2060,plastic_mixture,0.096074529196484
R32SAF,polypropylene,2020,polypropylene,0.10740570937805435
R32SAF,polypropylene,2025,polypropylene,0.10730295552490646
R32SAF,polypropylene,2030,polypropylene,0.1068960913438739
R32SAF,polypropylene,2035,polypropylene,0.10604496056882506
R32SAF,polypropylene,2040,polypropylene,0.10554299746441516
R32SAF,polypropylene,2045,polypropylene,0.10516340598045187
R32SAF,polypropylene,2050,polypropylene,0.10457007236848968
R32SAF,polypropylene,2055,polypropylene,0.10432951579248056
R32SAF,polypropylene,2060,polypropylene,0.1043661913109336
R32SAF,polystyrene,2020,polystyrene,0.13189154622921148
R32SAF,polystyrene,2025,polystyrene,0.1317818574199766
R32SAF,polystyrene,2030,polystyrene,0.1313599579224614
R32SAF,polystyrene,2035,polystyrene,0.1304870727299388
R32SAF,polystyrene,2040,polystyrene,0.12998289630123525
R32SAF,polystyrene,2045,polystyrene,0.1296026716335613
R32SAF,polystyrene,2050,polystyrene,0.12900906932930506
R32SAF,polystyrene,2055,polystyrene,0.12876835773942097
R32SAF,polystyrene,2060,polystyrene,0.12880529685805275
R32SSA-L,acrylonitrile_butadiene_styrene,2020,acrylonitrile_butadiene_styrene,0.11572029369757623
R32SSA-L,acrylonitrile_butadiene_styrene,2025,acrylonitrile_butadiene_styrene,0.115609621483123
R32SSA-L,acrylonitrile_butadiene_styrene,2030,acrylonitrile_butadiene_styrene,0.11519206490326336
R32SSA-L,acrylonitrile_butadiene_styrene,2035,acrylonitrile_butadiene_styrene,0.11432027527646171
R32SSA-L,acrylonitrile_butadiene_styrene,2040,acrylonitrile_butadiene_styrene,0.11381980396366284
R32SSA-L,acrylonitrile_butadiene_styrene,2045,acrylonitrile_butadiene_styrene,0.1134454386167098
R32SSA-L,acrylonitrile_butadiene_styrene,2050,acrylonitrile_butadiene_styrene,0.11285835818705334
R32SSA-L,acrylonitrile_butadiene_styrene,2055,acrylonitrile_butadiene_styrene,0.11262169978833442
R32SSA-L,acrylonitrile_butadiene_styrene,2060,acrylonitrile_butadiene_styrene,0.11265996905877984
R32SSA-L,bio-based_polypropylene,2020,polypropylene,0.10740570937805435
R32SSA-L,bio-based_polypropylene,2025,polypropylene,0.10730295552490646
R32SSA-L,bio-based_polypropylene,2030,polypropylene,0.1068960913438739
R32SSA-L,bio-based_polypropylene,2035,polypropylene,0.10604496056882506
R32SSA-L,bio-based_polypropylene,2040,polypropylene,0.10554299746441516
R32SSA-L,bio-based_polypropylene,2045,polypropylene,0.10516340598045187
R32SSA-L,bio-based_polypropylene,2050,polypropylene,0.10457007236848968
R32SSA-L,bio-based_polypropylene,2055,polypropylene,0.10432951579248056
R32SSA-L,bio-based_polypropylene,2060,polypropylene,0.1043661913109336
R32SSA-L,bio-based_polystyrene,2020,polystyrene,0.13189154622921148
R32SSA-L,bio-based_polystyrene,2025,polystyrene,0.1317818574199766
R32SSA-L,bio-based_polystyrene,2030,polystyrene,0.1313599579224614
R32SSA-L,bio-based_polystyrene,2035,polystyrene,0.1304870727299388
R32SSA-L,bio-based_polystyrene,2040,polystyrene,0.12998289630123525
R32SSA-L,bio-based_polystyrene,2045,polystyrene,0.1296026716335613
R32SSA-L,bio-based_polystyrene,2050,polystyrene,0.12900906932930506
R32SSA-L,bio-based_polystyrene,2055,polystyrene,0.12876835773942097
R32SSA-L,bio-based_polystyrene,2060,polystyrene,0.12880529685805275
R32SSA-L,other_plastics,2020,plastic_mixture,0.09931519353209156
R32SSA-L,other_plastics,2025,plastic_mixture,0.09918248375559847
R32SSA-L,other_plastics,2030,plastic_mixture,0.09871082005133495
R32SSA-L,other_plastics,2035,plastic_mixture,0.09776593312137184
R32SSA-L,other_plastics,2040,plastic_mixture,0.09725455384107336
R32SSA-L,other_plastics,2045,plastic_mixture,0.0968723279943109
R32SSA-L,other_plastics,2050,plastic_mixture,0.0962779028091071
R32SSA-L,other_plastics,2055,plastic_mixture,0.09603671456063222
R32SSA-L,other_plastics,2060,plastic_mixture,0.096074529196484
R32SSA-L,polypropylene,2020,polypropylene,0.10740570937805435
R32SSA-L,polypropylene,2025,polypropylene,0.10730295552490646
R32SSA-L,polypropylene,2030,polypropylene,0.1068960913438739
R32SSA-L,polypropylene,2035,polypropylene,0.10604496056882506
R32SSA-L,polypropylene,2040,polypropylene,0.10554299746441516
R32SSA-L,polypropylene,2045,polypropylene,0.10516340598045187
R32SSA-L,polypropylene,2050,polypropylene,0.10457007236848968
R32SSA-L,polypropylene,2055,polypropylene,0.10432951579248056
R32SSA-L,polypropylene,2060,polypropylene,0.1043661913109336
R32SSA-L,polystyrene,2020,polystyrene,0.13189154622921148
R32SSA-L,polystyrene,2025,polystyrene,0.1317818574199766
R32SSA-L,polystyrene,2030,polystyrene,0.1313599579224614
R32SSA-L,polystyrene,2035,polystyrene,0.1304870727299388
R32SSA-L,polystyrene,2040,polystyrene,0.12998289630123525
R32SSA-L,polystyrene,2045,polystyrene,0.1296026716335613
R32SSA-L,polystyrene,2050,polystyrene,0.12900906932930506
R32SSA-L,polystyrene,2055,polystyrene,0.12876835773942097
R32SSA-L,polystyrene,2060,polystyrene,0.12880529685805275
R32SSA-M,acrylonitrile_butadiene_styrene,2020,acrylonitrile_butadiene_styrene,0.11572029369757623
R32SSA-M,acrylonitrile_butadiene_styrene,2025,acrylonitrile_butadiene_styrene,0.115609621483123
R32SSA-M,acrylonitrile_butadiene_styrene,2030,acrylonitrile_butadiene_styrene,0.11519206490326336
R32SSA-M,acrylonitrile_butadiene_styrene,2035,acrylonitrile_butadiene_styrene,0.11432027527646171
R32SSA-M,acrylonitrile_butadiene_styrene,2040,acrylonitrile_butadiene_styrene,0.11381980396366284
R32SSA-M,acrylonitrile_butadiene_styrene,2045,acrylonitrile_butadiene_styrene,0.1134454386167098
R32SSA-M,acrylonitrile_butadiene_styrene,2050,acrylonitrile_butadiene_styrene,0.11285835818705334
R32SSA-M,acrylonitrile_butadiene_styrene,2055,acrylonitrile_butadiene_styrene,0.11262169978833442
R32SSA-M,acrylonitrile_butadiene_styrene,2060,acrylonitrile_butadiene_styrene,0.11265996905877984
R32SSA-M,bio-based_polypropylene,2020,polypropylene,0.10740570937805435
R32SSA-M,bio-based_polypropylene,2025,polypropylene,0.10730295552490646
R32SSA-M,bio-based_polypropylene,2030,polypropylene,0.1068960913438739
R32SSA-M,bio-based_polypropylene,2035,polypropylene,0.10604496056882506
R32SSA-M,bio-based_polypropylene,2040,polypropylene,0.10554299746441516
R32SSA-M,bio-based_polypropylene,2045,polypropylene,0.10516340598045187
R32SSA-M,bio-based_polypropylene,2050,polypropylene,0.10457007236848968
R32SSA-M,bio-based_polypropylene,2055,polypropylene,0.10432951579248056
R32SSA-M,bio-based_polypropylene,2060,polypropylene,0.1043661913109336
R32SSA-M,bio-based_polystyrene,2020,polystyrene,0.13189154622921148
R32SSA-M,bio-based_polystyrene,2025,polystyrene,0.1317818574199766
R32SSA-M,bio-based_polystyrene,2030,polystyrene,0.1313599579224614
R32SSA-M,bio-based_polystyrene,2035,polystyrene,0.1304870727299388
R32SSA-M,bio-based_polystyrene,2040,polystyrene,0.12998289630123525
R32SSA-M,bio-based_polystyrene,2045,polystyrene,0.1296026716335613
R32SSA-M,bio-based_polystyrene,2050,polystyrene,0.12900906932930506
R32SSA-M,bio-based_polystyrene,2055,polystyrene,0.12876835773942097
R32SSA-M,bio-based_polystyrene,2060,polystyrene,0.12880529685805275
R32SSA-M,other_plastics,2020,plastic_mixture,0.09931519353209156
R32SSA-M,other_plastics,2025,plastic_mixture,0.09918248375559847
R32SSA-M,other_plastics,2030,plastic_mixture,0.09871082005133495
R32SSA-M,other_plastics,2035,plastic_mixture,0.09776593312137184
R32SSA-M,other_plastics,2040,plastic_mixture,0.09725455384107336
R32SSA-M,other_plastics,2045,plastic_mixture,0.0968723279943109
R32SSA-M,other_plastics,2050,plastic_mixture,0.0962779028091071
R32SSA-M,other_plastics,2055,plastic_mixture,0.09603671456063222
R32SSA-M,other_plastics,2060,plastic_mixture,0.096074529196484
R32SSA-M,polypropylene,2020,polypropylene,0.10740570937805435
R32SSA-M,polypropylene,2025,polypropylene,0.10730295552490646
R32SSA-M,polypropylene,2030,polypropylene,0.1068960913438739
R32SSA-M,polypropylene,2035,polypropylene,0.10604496056882506
R32SSA-M,polypropylene,2040,polypropylene,0.10554299746441516
R32SSA-M,polypropylene,2045,polypropylene,0.10516340598045187
R32SSA-M,polypropylene,2050,polypropylene,0.10457007236848968
R32SSA-M,polypropylene,2055,polypropylene,0.10432951579248056
R32SSA-M,polypropylene,2060,polypropylene,0.1043661913109336
R32SSA-M,polystyrene,2020,polystyrene,0.13189154622921148
R32SSA-M,polystyrene,2025,polystyrene,0.1317818574199766
R32SSA-M,polystyrene,2030,polystyrene,0.1313599579224614
R32SSA-M,polystyrene,2035,polystyrene,0.1304870727299388
R32SSA-M,polystyrene,2040,polystyrene,0.12998289630123525
R32SSA-M,polystyrene,2045,polystyrene,0.1296026716335613
R32SSA-M,polystyrene,2050,polystyrene,0.12900906932930506
R32SSA-M,polystyrene,2055,polystyrene,0.12876835773942097
R32SSA-M,polystyrene,2060,polystyrene,0.12880529685805275
R32TUR,acrylonitrile_butadiene_styrene,2020,acrylonitrile_butadiene_styrene,0.11572029369757623
R32TUR,acrylonitrile_butadiene_styrene,2025,acrylonitrile_butadiene_styrene,0.115609621483123
R32TUR,acrylonitrile_butadiene_styrene,2030,acrylonitrile_butadiene_styrene,0.11519206490326336
R32TUR,acrylonitrile_butadiene_styrene,2035,acrylonitrile_butadiene_styrene,0.11432027527646171
R32TUR,acrylonitrile_butadiene_styrene,2040,acrylonitrile_butadiene_styrene,0.11381980396366284
R32TUR,acrylonitrile_butadiene_styrene,2045,acrylonitrile_butadiene_styrene,0.1134454386167098
R32TUR,acrylonitrile_butadiene_styrene,2050,acrylonitrile_butadiene_styrene,0.11285835818705334
R32TUR,acrylonitrile_butadiene_styrene,2055,acrylonitrile_butadiene_styrene,0.11262169978833442
R32TUR,acrylonitrile_butadiene_styrene,2060,acrylonitrile_butadiene_styrene,0.11265996905877984
R32TUR,bio-based_polypropylene,2020,polypropylene,0.10740570937805435
R32TUR,bio-based_polypropylene,2025,polypropylene,0.10730295552490646
R32TUR,bio-based_polypropylene,2030,polypropylene,0.1068960913438739
R32TUR,bio-based_polypropylene,2035,polypropylene,0.10604496056882506
R32TUR,bio-based_polypropylene,2040,polypropylene,0.10554299746441516
R32TUR,bio-based_polypropylene,2045,polypropylene,0.10516340598045187
R32TUR,bio-based_polypropylene,2050,polypropylene,0.10457007236848968
R32TUR,bio-based_polypropylene,2055,polypropylene,0.10432951579248056
R32TUR,bio-based_polypropylene,2060,polypropylene,0.1043661913109336
R32TUR,bio-based_polystyrene,2020,polystyrene,0.13189154622921148
R32TUR,bio-based_polystyrene,2025,polystyrene,0.1317818574199766
R32TUR,bio-based_polystyrene,2030,polystyrene,0.1313599579224614
R32TUR,bio-based_polystyrene,2035,polystyrene,0.1304870727299388
R32TUR,bio-based_polystyrene,2040,polystyrene,0.12998289630123525
R32TUR,bio-based_polystyrene,2045,polystyrene,0.1296026716335613
R32TUR,bio-based_polystyrene,2050,polystyrene,0.12900906932930506
R32TUR,bio-based_polystyrene,2055,polystyrene,0.12876835773942097
R32TUR,bio-based_polystyrene,2060,polystyrene,0.12880529685805275
R32TUR,other_plastics,2020,plastic_mixture,0.09931519353209156
R32TUR,other_plastics,2025,plastic_mixture,0.09918248375559847
R32TUR,other_plastics,2030,plastic_mixture,0.09871082005133495
R32TUR,other_plastics,2035,plastic_mixture,0.09776593312137184
R32TUR,other_plastics,2040,plastic_mixture,0.09725455384107336
R32TUR,other_plastics,2045,plastic_mixture,0.0968723279943109
R32TUR,other_plastics,2050,plastic_mixture,0.0962779028091071
R32TUR,other_plastics,2055,plastic_mixture,0.09603671456063222
R32TUR,other_plastics,2060,plastic_mixture,0.096074529196484
R32TUR,polypropylene,2020,polypropylene,0.10740570937805435
R32TUR,polypropylene,2025,polypropylene,0.10730295552490646
R32TUR,polypropylene,2030,polypropylene,0.1068960913438739
R32TUR,polypropylene,2035,polypropylene,0.10604496056882506
R32TUR,polypropylene,2040,polypropylene,0.10554299746441516
R32TUR,polypropylene,2045,polypropylene,0.10516340598045187
R32TUR,polypropylene,2050,polypropylene,0.10457007236848968
R32TUR,polypropylene,2055,polypropylene,0.10432951579248056
R32TUR,polypropylene,2060,polypropylene,0.1043661913109336
R32TUR,polystyrene,2020,polystyrene,0.13189154622921148
R32TUR,polystyrene,2025,polystyrene,0.1317818574199766
R32TUR,polystyrene,2030,polystyrene,0.1313599579224614
R32TUR,polystyrene,2035,polystyrene,0.1304870727299388
R32TUR,polystyrene,2040,polystyrene,0.12998289630123525
R32TUR,polystyrene,2045,polystyrene,0.1296026716335613
R32TUR,polystyrene,2050,polystyrene,0.12900906932930506
R32TUR,polystyrene,2055,polystyrene,0.12876835773942097
R32TUR,polystyrene,2060,polystyrene,0.12880529685805275
R32USA,acrylonitrile_butadiene_styrene,2020,acrylonitrile_butadiene_styrene,0.11572029369757623
R32USA,acrylonitrile_butadiene_styrene,2025,acrylonitrile_butadiene_styrene,0.115609621483123
R32USA,acrylonitrile_butadiene_styrene,2030,acrylonitrile_butadiene_styrene,0.11519206490326336
R32USA,acrylonitrile_butadiene_styrene,2035,acrylonitrile_butadiene_styrene,0.11432027527646171
R32USA,acrylonitrile_butadiene_styrene,2040,acrylonitrile_butadiene_styrene,0.11381980396366284
R32USA,acrylonitrile_butadiene_styrene,2045,acrylonitrile_butadiene_styrene,0.1134454386167098
R32USA,acrylonitrile_butadiene_styrene,2050,acrylonitrile_butadiene_styrene,0.11285835818705334
R32USA,acrylonitrile_butadiene_styrene,2055,acrylonitrile_butadiene_styrene,0.11262169978833442
R32USA,acrylonitrile_butadiene_styrene,2060,acrylonitrile_butadiene_styrene,0.11265996905877984
R32USA,bio-based_polypropylene,2020,polypropylene,0.10740570937805435
R32USA,bio-based_polypropylene,2025,polypropylene,0.10730295552490646
R32USA,bio-based_polypropylene,2030,polypropylene,0.1068960913438739
R32USA,bio-based_polypropylene,2035,polypropylene,0.10604496056882506
R32USA,bio-based_polypropylene,2040,polypropylene,0.10554299746441516
R32USA,bio-based_polypropylene,2045,polypropylene,0.10516340598045187
R32USA,bio-based_polypropylene,2050,polypropylene,0.10457007236848968
R32USA,bio-based_polypropylene,2055,polypropylene,0.10432951579248056
R32USA,bio-based_polypropylene,2060,polypropylene,0.1043661913109336
R32USA,bio-based_polystyrene,2020,polystyrene,0.13189154622921148
R32USA,bio-based_polystyrene,2025,polystyrene,0.1317818574199766
R32USA,bio-based_polystyrene,2030,polystyrene,0.1313599579224614
R32USA,bio-based_polystyrene,2035,polystyrene,0.1304870727299388
R32USA,bio-based_polystyrene,2040,polystyrene,0.12998289630123525
R32USA,bio-based_polystyrene,2045,polystyrene,0.1296026716335613
R32USA,bio-based_polystyrene,2050,polystyrene,0.12900906932930506
R32USA,bio-based_polystyrene,2055,polystyrene,0.12876835773942097
R32USA,bio-based_polystyrene,2060,polystyrene,0.12880529685805275
R32USA,other_plastics,2020,plastic_mixture,0.09931519353209156
R32USA,other_plastics,2025,plastic_mixture,0.09918248375559847
R32USA,other_plastics,2030,plastic_mixture,0.09871082005133495
R32USA,other_plastics,2035,plastic_mixture,0.09776593312137184
R32USA,other_plastics,2040,plastic_mixture,0.09725455384107336
R32USA,other_plastics,2045,plastic_mixture,0.0968723279943109
R32USA,other_plastics,2050,plastic_mixture,0.0962779028091071
R32USA,other_plastics,2055,plastic_mixture,0.09603671456063222
R32USA,other_plastics,2060,plastic_mixture,0.096074529196484
R32USA,polypropylene,2020,polypropylene,0.10740570937805435
R32USA,polypropylene,2025,polypropylene,0.10730295552490646
R32USA,polypropylene,2030,polypropylene,0.1068960913438739
R32USA,polypropylene,2035,polypropylene,0.10604496056882506
R32USA,polypropylene,2040,polypropylene,0.10554299746441516
R32USA,polypropylene,2045,polypropylene,0.10516340598045187
R32USA,polypropylene,2050,polypropylene,0.10457007236848968
R32USA,polypropylene,2055,polypropylene,0.10432951579248056
R32USA,polypropylene,2060,polypropylene,0.1043661913109336
R32USA,polystyrene,2020,polystyrene,0.13189154622921148
R32USA,polystyrene,2025,polystyrene,0.1317818574199766
R32USA,polystyrene,2030,polystyrene,0.1313599579224614
R32USA,polystyrene,2035,polystyrene,0.1304870727299388
R32USA,polystyrene,2040,polystyrene,0.12998289630123525
R32USA,polystyrene,2045,polystyrene,0.1296026716335613
R32USA,polystyrene,2050,polystyrene,0.12900906932930506
R32USA,polystyrene,2055,polystyrene,0.12876835773942097
R32USA,polystyrene,2060,polystyrene,0.12880529685805275
