region,yrs_prod,type,material_type,material_intensity
C-EEU-BGR,2005,WASH_MACH,aluminium,2721.36
C-EEU-BGR,2005,WASH_MACH,copper,1520.76
C-EEU-BGR,2005,WASH_MACH,glass,1600.8
C-EEU-BGR,2005,WASH_MACH,other_materials,19769.88
C-EEU-BGR,2005,WASH_MACH,acrylonitrile_butadiene_styrene,1280.64
C-EEU-BGR,2005,WASH_MACH,other_plastics,7603.8
C-EEU-BGR,2005,WASH_MACH,polypropylene,5282.64
C-EEU-BGR,2005,WASH_MACH,bio-based_polypropylene,0
C-EEU-BGR,2005,WASH_MACH,steel,40260.12
C-EEU-BGR,2010,WASH_MACH,aluminium,2721.36
C-EEU-BGR,2010,WASH_MACH,copper,1520.76
C-EEU-BGR,2010,WASH_MACH,glass,1600.8
C-EEU-BGR,2010,WASH_MACH,other_materials,19769.88
C-EEU-BGR,2010,WASH_MACH,acrylonitrile_butadiene_styrene,1280.64
C-EEU-BGR,2010,WASH_MACH,other_plastics,7603.8
C-EEU-BGR,2010,WASH_MACH,polypropylene,5282.64
C-EEU-BGR,2010,WASH_MACH,bio-based_polypropylene,0
C-EEU-BGR,2010,WASH_MACH,steel,40260.12
C-EEU-BGR,2015,WASH_MACH,aluminium,2721.36
C-EEU-BGR,2015,WASH_MACH,copper,1520.76
C-EEU-BGR,2015,WASH_MACH,glass,1600.8
C-EEU-BGR,2015,WASH_MACH,other_materials,19769.88
C-EEU-BGR,2015,WASH_MACH,acrylonitrile_butadiene_styrene,1280.64
C-EEU-BGR,2015,WASH_MACH,other_plastics,7603.8
C-EEU-BGR,2015,WASH_MACH,polypropylene,5282.64
C-EEU-BGR,2015,WASH_MACH,bio-based_polypropylene,0
C-EEU-BGR,2015,WASH_MACH,steel,40260.12
C-EEU-BGR,2020,WASH_MACH,aluminium,2721.36
C-EEU-BGR,2020,WASH_MACH,copper,1520.76
C-EEU-BGR,2020,WASH_MACH,glass,1600.8
C-EEU-BGR,2020,WASH_MACH,other_materials,19769.88
C-EEU-BGR,2020,WASH_MACH,acrylonitrile_butadiene_styrene,1280.64
C-EEU-BGR,2020,WASH_MACH,other_plastics,7603.8
C-EEU-BGR,2020,WASH_MACH,polypropylene,5282.64
C-EEU-BGR,2020,WASH_MACH,bio-based_polypropylene,0
C-EEU-BGR,2020,WASH_MACH,steel,40260.12
C-EEU-BGR,2025,WASH_MACH,aluminium,2721.36
C-EEU-BGR,2025,WASH_MACH,copper,1520.76
C-EEU-BGR,2025,WASH_MACH,glass,1600.8
C-EEU-BGR,2025,WASH_MACH,other_materials,19769.88
C-EEU-BGR,2025,WASH_MACH,acrylonitrile_butadiene_styrene,1280.64
C-EEU-BGR,2025,WASH_MACH,other_plastics,7603.8
C-EEU-BGR,2025,WASH_MACH,polypropylene,5282.64
C-EEU-BGR,2025,WASH_MACH,bio-based_polypropylene,0
C-EEU-BGR,2025,WASH_MACH,steel,40260.12
C-EEU-BGR,2030,WASH_MACH,aluminium,2721.36
C-EEU-BGR,2030,WASH_MACH,copper,1520.76
C-EEU-BGR,2030,WASH_MACH,glass,1600.8
C-EEU-BGR,2030,WASH_MACH,other_materials,19769.88
C-EEU-BGR,2030,WASH_MACH,acrylonitrile_butadiene_styrene,1280.64
C-EEU-BGR,2030,WASH_MACH,other_plastics,7603.8
C-EEU-BGR,2030,WASH_MACH,polypropylene,5282.64
C-EEU-BGR,2030,WASH_MACH,bio-based_polypropylene,0
C-EEU-BGR,2030,WASH_MACH,steel,40260.12
C-EEU-BGR,2035,WASH_MACH,aluminium,2721.36
C-EEU-BGR,2035,WASH_MACH,copper,1520.76
C-EEU-BGR,2035,WASH_MACH,glass,1600.8
C-EEU-BGR,2035,WASH_MACH,other_materials,19769.88
C-EEU-BGR,2035,WASH_MACH,acrylonitrile_butadiene_styrene,1280.64
C-EEU-BGR,2035,WASH_MACH,other_plastics,7603.8
C-EEU-BGR,2035,WASH_MACH,polypropylene,5282.64
C-EEU-BGR,2035,WASH_MACH,bio-based_polypropylene,0
C-EEU-BGR,2035,WASH_MACH,steel,40260.12
C-EEU-BGR,2040,WASH_MACH,aluminium,2721.36
C-EEU-BGR,2040,WASH_MACH,copper,1520.76
C-EEU-BGR,2040,WASH_MACH,glass,1600.8
C-EEU-BGR,2040,WASH_MACH,other_materials,19769.88
C-EEU-BGR,2040,WASH_MACH,acrylonitrile_butadiene_styrene,1280.64
C-EEU-BGR,2040,WASH_MACH,other_plastics,7603.8
C-EEU-BGR,2040,WASH_MACH,polypropylene,5282.64
C-EEU-BGR,2040,WASH_MACH,bio-based_polypropylene,0
C-EEU-BGR,2040,WASH_MACH,steel,40260.12
C-EEU-BGR,2045,WASH_MACH,aluminium,2721.36
C-EEU-BGR,2045,WASH_MACH,copper,1520.76
C-EEU-BGR,2045,WASH_MACH,glass,1600.8
C-EEU-BGR,2045,WASH_MACH,other_materials,19769.88
C-EEU-BGR,2045,WASH_MACH,acrylonitrile_butadiene_styrene,1280.64
C-EEU-BGR,2045,WASH_MACH,other_plastics,7603.8
C-EEU-BGR,2045,WASH_MACH,polypropylene,5282.64
C-EEU-BGR,2045,WASH_MACH,bio-based_polypropylene,0
C-EEU-BGR,2045,WASH_MACH,steel,40260.12
C-EEU-BGR,2050,WASH_MACH,aluminium,2721.36
C-EEU-BGR,2050,WASH_MACH,copper,1520.76
C-EEU-BGR,2050,WASH_MACH,glass,1600.8
C-EEU-BGR,2050,WASH_MACH,other_materials,19769.88
C-EEU-BGR,2050,WASH_MACH,acrylonitrile_butadiene_styrene,1280.64
C-EEU-BGR,2050,WASH_MACH,other_plastics,7603.8
C-EEU-BGR,2050,WASH_MACH,polypropylene,5282.64
C-EEU-BGR,2050,WASH_MACH,bio-based_polypropylene,0
C-EEU-BGR,2050,WASH_MACH,steel,40260.12
C-EEU-BGR,2005,WASH_MACH_COM,aluminium,35424
C-EEU-BGR,2005,WASH_MACH_COM,copper,14956.8
C-EEU-BGR,2005,WASH_MACH_COM,glass,5116.8
C-EEU-BGR,2005,WASH_MACH_COM,other_materials,80333.76
C-EEU-BGR,2005,WASH_MACH_COM,acrylonitrile_butadiene_styrene,1613.76
C-EEU-BGR,2005,WASH_MACH_COM,other_plastics,9446.4
C-EEU-BGR,2005,WASH_MACH_COM,polypropylene,6612.48
C-EEU-BGR,2005,WASH_MACH_COM,bio-based_polypropylene,0
C-EEU-BGR,2005,WASH_MACH_COM,steel,240096
C-EEU-BGR,2010,WASH_MACH_COM,aluminium,35424
C-EEU-BGR,2010,WASH_MACH_COM,copper,14956.8
C-EEU-BGR,2010,WASH_MACH_COM,glass,5116.8
C-EEU-BGR,2010,WASH_MACH_COM,other_materials,80333.76
C-EEU-BGR,2010,WASH_MACH_COM,acrylonitrile_butadiene_styrene,1613.76
C-EEU-BGR,2010,WASH_MACH_COM,other_plastics,9446.4
C-EEU-BGR,2010,WASH_MACH_COM,polypropylene,6612.48
C-EEU-BGR,2010,WASH_MACH_COM,bio-based_polypropylene,0
C-EEU-BGR,2010,WASH_MACH_COM,steel,240096
C-EEU-BGR,2015,WASH_MACH_COM,aluminium,35424
C-EEU-BGR,2015,WASH_MACH_COM,copper,14956.8
C-EEU-BGR,2015,WASH_MACH_COM,glass,5116.8
C-EEU-BGR,2015,WASH_MACH_COM,other_materials,80333.76
C-EEU-BGR,2015,WASH_MACH_COM,acrylonitrile_butadiene_styrene,1613.76
C-EEU-BGR,2015,WASH_MACH_COM,other_plastics,9446.4
C-EEU-BGR,2015,WASH_MACH_COM,polypropylene,6612.48
C-EEU-BGR,2015,WASH_MACH_COM,bio-based_polypropylene,0
C-EEU-BGR,2015,WASH_MACH_COM,steel,240096
C-EEU-BGR,2020,WASH_MACH_COM,aluminium,35424
C-EEU-BGR,2020,WASH_MACH_COM,copper,14956.8
C-EEU-BGR,2020,WASH_MACH_COM,glass,5116.8
C-EEU-BGR,2020,WASH_MACH_COM,other_materials,80333.76
C-EEU-BGR,2020,WASH_MACH_COM,acrylonitrile_butadiene_styrene,1613.76
C-EEU-BGR,2020,WASH_MACH_COM,other_plastics,9446.4
C-EEU-BGR,2020,WASH_MACH_COM,polypropylene,6612.48
C-EEU-BGR,2020,WASH_MACH_COM,bio-based_polypropylene,0
C-EEU-BGR,2020,WASH_MACH_COM,steel,240096
C-EEU-BGR,2025,WASH_MACH_COM,aluminium,35424
C-EEU-BGR,2025,WASH_MACH_COM,copper,14956.8
C-EEU-BGR,2025,WASH_MACH_COM,glass,5116.8
C-EEU-BGR,2025,WASH_MACH_COM,other_materials,80333.76
C-EEU-BGR,2025,WASH_MACH_COM,acrylonitrile_butadiene_styrene,1613.76
C-EEU-BGR,2025,WASH_MACH_COM,other_plastics,9446.4
C-EEU-BGR,2025,WASH_MACH_COM,polypropylene,6612.48
C-EEU-BGR,2025,WASH_MACH_COM,bio-based_polypropylene,0
C-EEU-BGR,2025,WASH_MACH_COM,steel,240096
C-EEU-BGR,2030,WASH_MACH_COM,aluminium,35424
C-EEU-BGR,2030,WASH_MACH_COM,copper,14956.8
C-EEU-BGR,2030,WASH_MACH_COM,glass,5116.8
C-EEU-BGR,2030,WASH_MACH_COM,other_materials,80333.76
C-EEU-BGR,2030,WASH_MACH_COM,acrylonitrile_butadiene_styrene,1613.76
C-EEU-BGR,2030,WASH_MACH_COM,other_plastics,9446.4
C-EEU-BGR,2030,WASH_MACH_COM,polypropylene,6612.48
C-EEU-BGR,2030,WASH_MACH_COM,bio-based_polypropylene,0
C-EEU-BGR,2030,WASH_MACH_COM,steel,240096
C-EEU-BGR,2035,WASH_MACH_COM,aluminium,35424
C-EEU-BGR,2035,WASH_MACH_COM,copper,14956.8
C-EEU-BGR,2035,WASH_MACH_COM,glass,5116.8
C-EEU-BGR,2035,WASH_MACH_COM,other_materials,80333.76
C-EEU-BGR,2035,WASH_MACH_COM,acrylonitrile_butadiene_styrene,1613.76
C-EEU-BGR,2035,WASH_MACH_COM,other_plastics,9446.4
C-EEU-BGR,2035,WASH_MACH_COM,polypropylene,6612.48
C-EEU-BGR,2035,WASH_MACH_COM,bio-based_polypropylene,0
C-EEU-BGR,2035,WASH_MACH_COM,steel,240096
C-EEU-BGR,2040,WASH_MACH_COM,aluminium,35424
C-EEU-BGR,2040,WASH_MACH_COM,copper,14956.8
C-EEU-BGR,2040,WASH_MACH_COM,glass,5116.8
C-EEU-BGR,2040,WASH_MACH_COM,other_materials,80333.76
C-EEU-BGR,2040,WASH_MACH_COM,acrylonitrile_butadiene_styrene,1613.76
C-EEU-BGR,2040,WASH_MACH_COM,other_plastics,9446.4
C-EEU-BGR,2040,WASH_MACH_COM,polypropylene,6612.48
C-EEU-BGR,2040,WASH_MACH_COM,bio-based_polypropylene,0
C-EEU-BGR,2040,WASH_MACH_COM,steel,240096
C-EEU-BGR,2045,WASH_MACH_COM,aluminium,35424
C-EEU-BGR,2045,WASH_MACH_COM,copper,14956.8
C-EEU-BGR,2045,WASH_MACH_COM,glass,5116.8
C-EEU-BGR,2045,WASH_MACH_COM,other_materials,80333.76
C-EEU-BGR,2045,WASH_MACH_COM,acrylonitrile_butadiene_styrene,1613.76
C-EEU-BGR,2045,WASH_MACH_COM,other_plastics,9446.4
C-EEU-BGR,2045,WASH_MACH_COM,polypropylene,6612.48
C-EEU-BGR,2045,WASH_MACH_COM,bio-based_polypropylene,0
C-EEU-BGR,2045,WASH_MACH_COM,steel,240096
C-EEU-BGR,2050,WASH_MACH_COM,aluminium,35424
C-EEU-BGR,2050,WASH_MACH_COM,copper,14956.8
C-EEU-BGR,2050,WASH_MACH_COM,glass,5116.8
C-EEU-BGR,2050,WASH_MACH_COM,other_materials,80333.76
C-EEU-BGR,2050,WASH_MACH_COM,acrylonitrile_butadiene_styrene,1613.76
C-EEU-BGR,2050,WASH_MACH_COM,other_plastics,9446.4
C-EEU-BGR,2050,WASH_MACH_COM,polypropylene,6612.48
C-EEU-BGR,2050,WASH_MACH_COM,bio-based_polypropylene,0
C-EEU-BGR,2050,WASH_MACH_COM,steel,240096
C-EEU-CZE,2005,WASH_MACH,aluminium,2721.36
C-EEU-CZE,2005,WASH_MACH,copper,1520.76
C-EEU-CZE,2005,WASH_MACH,glass,1600.8
C-EEU-CZE,2005,WASH_MACH,other_materials,19769.88
C-EEU-CZE,2005,WASH_MACH,acrylonitrile_butadiene_styrene,1280.64
C-EEU-CZE,2005,WASH_MACH,other_plastics,7603.8
C-EEU-CZE,2005,WASH_MACH,polypropylene,5282.64
C-EEU-CZE,2005,WASH_MACH,bio-based_polypropylene,0
C-EEU-CZE,2005,WASH_MACH,steel,40260.12
C-EEU-CZE,2010,WASH_MACH,aluminium,2721.36
C-EEU-CZE,2010,WASH_MACH,copper,1520.76
C-EEU-CZE,2010,WASH_MACH,glass,1600.8
C-EEU-CZE,2010,WASH_MACH,other_materials,19769.88
C-EEU-CZE,2010,WASH_MACH,acrylonitrile_butadiene_styrene,1280.64
C-EEU-CZE,2010,WASH_MACH,other_plastics,7603.8
C-EEU-CZE,2010,WASH_MACH,polypropylene,5282.64
C-EEU-CZE,2010,WASH_MACH,bio-based_polypropylene,0
C-EEU-CZE,2010,WASH_MACH,steel,40260.12
C-EEU-CZE,2015,WASH_MACH,aluminium,2721.36
C-EEU-CZE,2015,WASH_MACH,copper,1520.76
C-EEU-CZE,2015,WASH_MACH,glass,1600.8
C-EEU-CZE,2015,WASH_MACH,other_materials,19769.88
C-EEU-CZE,2015,WASH_MACH,acrylonitrile_butadiene_styrene,1280.64
C-EEU-CZE,2015,WASH_MACH,other_plastics,7603.8
C-EEU-CZE,2015,WASH_MACH,polypropylene,5282.64
C-EEU-CZE,2015,WASH_MACH,bio-based_polypropylene,0
C-EEU-CZE,2015,WASH_MACH,steel,40260.12
C-EEU-CZE,2020,WASH_MACH,aluminium,2721.36
C-EEU-CZE,2020,WASH_MACH,copper,1520.76
C-EEU-CZE,2020,WASH_MACH,glass,1600.8
C-EEU-CZE,2020,WASH_MACH,other_materials,19769.88
C-EEU-CZE,2020,WASH_MACH,acrylonitrile_butadiene_styrene,1280.64
C-EEU-CZE,2020,WASH_MACH,other_plastics,7603.8
C-EEU-CZE,2020,WASH_MACH,polypropylene,5282.64
C-EEU-CZE,2020,WASH_MACH,bio-based_polypropylene,0
C-EEU-CZE,2020,WASH_MACH,steel,40260.12
C-EEU-CZE,2025,WASH_MACH,aluminium,2721.36
C-EEU-CZE,2025,WASH_MACH,copper,1520.76
C-EEU-CZE,2025,WASH_MACH,glass,1600.8
C-EEU-CZE,2025,WASH_MACH,other_materials,19769.88
C-EEU-CZE,2025,WASH_MACH,acrylonitrile_butadiene_styrene,1280.64
C-EEU-CZE,2025,WASH_MACH,other_plastics,7603.8
C-EEU-CZE,2025,WASH_MACH,polypropylene,5282.64
C-EEU-CZE,2025,WASH_MACH,bio-based_polypropylene,0
C-EEU-CZE,2025,WASH_MACH,steel,40260.12
C-EEU-CZE,2030,WASH_MACH,aluminium,2721.36
C-EEU-CZE,2030,WASH_MACH,copper,1520.76
C-EEU-CZE,2030,WASH_MACH,glass,1600.8
C-EEU-CZE,2030,WASH_MACH,other_materials,19769.88
C-EEU-CZE,2030,WASH_MACH,acrylonitrile_butadiene_styrene,1280.64
C-EEU-CZE,2030,WASH_MACH,other_plastics,7603.8
C-EEU-CZE,2030,WASH_MACH,polypropylene,5282.64
C-EEU-CZE,2030,WASH_MACH,bio-based_polypropylene,0
C-EEU-CZE,2030,WASH_MACH,steel,40260.12
C-EEU-CZE,2035,WASH_MACH,aluminium,2721.36
C-EEU-CZE,2035,WASH_MACH,copper,1520.76
C-EEU-CZE,2035,WASH_MACH,glass,1600.8
C-EEU-CZE,2035,WASH_MACH,other_materials,19769.88
C-EEU-CZE,2035,WASH_MACH,acrylonitrile_butadiene_styrene,1280.64
C-EEU-CZE,2035,WASH_MACH,other_plastics,7603.8
C-EEU-CZE,2035,WASH_MACH,polypropylene,5282.64
C-EEU-CZE,2035,WASH_MACH,bio-based_polypropylene,0
C-EEU-CZE,2035,WASH_MACH,steel,40260.12
C-EEU-CZE,2040,WASH_MACH,aluminium,2721.36
C-EEU-CZE,2040,WASH_MACH,copper,1520.76
C-EEU-CZE,2040,WASH_MACH,glass,1600.8
C-EEU-CZE,2040,WASH_MACH,other_materials,19769.88
C-EEU-CZE,2040,WASH_MACH,acrylonitrile_butadiene_styrene,1280.64
C-EEU-CZE,2040,WASH_MACH,other_plastics,7603.8
C-EEU-CZE,2040,WASH_MACH,polypropylene,5282.64
C-EEU-CZE,2040,WASH_MACH,bio-based_polypropylene,0
C-EEU-CZE,2040,WASH_MACH,steel,40260.12
C-EEU-CZE,2045,WASH_MACH,aluminium,2721.36
C-EEU-CZE,2045,WASH_MACH,copper,1520.76
C-EEU-CZE,2045,WASH_MACH,glass,1600.8
C-EEU-CZE,2045,WASH_MACH,other_materials,19769.88
C-EEU-CZE,2045,WASH_MACH,acrylonitrile_butadiene_styrene,1280.64
C-EEU-CZE,2045,WASH_MACH,other_plastics,7603.8
C-EEU-CZE,2045,WASH_MACH,polypropylene,5282.64
C-EEU-CZE,2045,WASH_MACH,bio-based_polypropylene,0
C-EEU-CZE,2045,WASH_MACH,steel,40260.12
C-EEU-CZE,2050,WASH_MACH,aluminium,2721.36
C-EEU-CZE,2050,WASH_MACH,copper,1520.76
C-EEU-CZE,2050,WASH_MACH,glass,1600.8
C-EEU-CZE,2050,WASH_MACH,other_materials,19769.88
C-EEU-CZE,2050,WASH_MACH,acrylonitrile_butadiene_styrene,1280.64
C-EEU-CZE,2050,WASH_MACH,other_plastics,7603.8
C-EEU-CZE,2050,WASH_MACH,polypropylene,5282.64
C-EEU-CZE,2050,WASH_MACH,bio-based_polypropylene,0
C-EEU-CZE,2050,WASH_MACH,steel,40260.12
C-EEU-CZE,2005,WASH_MACH_COM,aluminium,35424
C-EEU-CZE,2005,WASH_MACH_COM,copper,14956.8
C-EEU-CZE,2005,WASH_MACH_COM,glass,5116.8
C-EEU-CZE,2005,WASH_MACH_COM,other_materials,80333.76
C-EEU-CZE,2005,WASH_MACH_COM,acrylonitrile_butadiene_styrene,1613.76
C-EEU-CZE,2005,WASH_MACH_COM,other_plastics,9446.4
C-EEU-CZE,2005,WASH_MACH_COM,polypropylene,6612.48
C-EEU-CZE,2005,WASH_MACH_COM,bio-based_polypropylene,0
C-EEU-CZE,2005,WASH_MACH_COM,steel,240096
C-EEU-CZE,2010,WASH_MACH_COM,aluminium,35424
C-EEU-CZE,2010,WASH_MACH_COM,copper,14956.8
C-EEU-CZE,2010,WASH_MACH_COM,glass,5116.8
C-EEU-CZE,2010,WASH_MACH_COM,other_materials,80333.76
C-EEU-CZE,2010,WASH_MACH_COM,acrylonitrile_butadiene_styrene,1613.76
C-EEU-CZE,2010,WASH_MACH_COM,other_plastics,9446.4
C-EEU-CZE,2010,WASH_MACH_COM,polypropylene,6612.48
C-EEU-CZE,2010,WASH_MACH_COM,bio-based_polypropylene,0
C-EEU-CZE,2010,WASH_MACH_COM,steel,240096
C-EEU-CZE,2015,WASH_MACH_COM,aluminium,35424
C-EEU-CZE,2015,WASH_MACH_COM,copper,14956.8
C-EEU-CZE,2015,WASH_MACH_COM,glass,5116.8
C-EEU-CZE,2015,WASH_MACH_COM,other_materials,80333.76
C-EEU-CZE,2015,WASH_MACH_COM,acrylonitrile_butadiene_styrene,1613.76
C-EEU-CZE,2015,WASH_MACH_COM,other_plastics,9446.4
C-EEU-CZE,2015,WASH_MACH_COM,polypropylene,6612.48
C-EEU-CZE,2015,WASH_MACH_COM,bio-based_polypropylene,0
C-EEU-CZE,2015,WASH_MACH_COM,steel,240096
C-EEU-CZE,2020,WASH_MACH_COM,aluminium,35424
C-EEU-CZE,2020,WASH_MACH_COM,copper,14956.8
C-EEU-CZE,2020,WASH_MACH_COM,glass,5116.8
C-EEU-CZE,2020,WASH_MACH_COM,other_materials,80333.76
C-EEU-CZE,2020,WASH_MACH_COM,acrylonitrile_butadiene_styrene,1613.76
C-EEU-CZE,2020,WASH_MACH_COM,other_plastics,9446.4
C-EEU-CZE,2020,WASH_MACH_COM,polypropylene,6612.48
C-EEU-CZE,2020,WASH_MACH_COM,bio-based_polypropylene,0
C-EEU-CZE,2020,WASH_MACH_COM,steel,240096
C-EEU-CZE,2025,WASH_MACH_COM,aluminium,35424
C-EEU-CZE,2025,WASH_MACH_COM,copper,14956.8
C-EEU-CZE,2025,WASH_MACH_COM,glass,5116.8
C-EEU-CZE,2025,WASH_MACH_COM,other_materials,80333.76
C-EEU-CZE,2025,WASH_MACH_COM,acrylonitrile_butadiene_styrene,1613.76
C-EEU-CZE,2025,WASH_MACH_COM,other_plastics,9446.4
C-EEU-CZE,2025,WASH_MACH_COM,polypropylene,6612.48
C-EEU-CZE,2025,WASH_MACH_COM,bio-based_polypropylene,0
C-EEU-CZE,2025,WASH_MACH_COM,steel,240096
C-EEU-CZE,2030,WASH_MACH_COM,aluminium,35424
C-EEU-CZE,2030,WASH_MACH_COM,copper,14956.8
C-EEU-CZE,2030,WASH_MACH_COM,glass,5116.8
C-EEU-CZE,2030,WASH_MACH_COM,other_materials,80333.76
C-EEU-CZE,2030,WASH_MACH_COM,acrylonitrile_butadiene_styrene,1613.76
C-EEU-CZE,2030,WASH_MACH_COM,other_plastics,9446.4
C-EEU-CZE,2030,WASH_MACH_COM,polypropylene,6612.48
C-EEU-CZE,2030,WASH_MACH_COM,bio-based_polypropylene,0
C-EEU-CZE,2030,WASH_MACH_COM,steel,240096
C-EEU-CZE,2035,WASH_MACH_COM,aluminium,35424
C-EEU-CZE,2035,WASH_MACH_COM,copper,14956.8
C-EEU-CZE,2035,WASH_MACH_COM,glass,5116.8
C-EEU-CZE,2035,WASH_MACH_COM,other_materials,80333.76
C-EEU-CZE,2035,WASH_MACH_COM,acrylonitrile_butadiene_styrene,1613.76
C-EEU-CZE,2035,WASH_MACH_COM,other_plastics,9446.4
C-EEU-CZE,2035,WASH_MACH_COM,polypropylene,6612.48
C-EEU-CZE,2035,WASH_MACH_COM,bio-based_polypropylene,0
C-EEU-CZE,2035,WASH_MACH_COM,steel,240096
C-EEU-CZE,2040,WASH_MACH_COM,aluminium,35424
C-EEU-CZE,2040,WASH_MACH_COM,copper,14956.8
C-EEU-CZE,2040,WASH_MACH_COM,glass,5116.8
C-EEU-CZE,2040,WASH_MACH_COM,other_materials,80333.76
C-EEU-CZE,2040,WASH_MACH_COM,acrylonitrile_butadiene_styrene,1613.76
C-EEU-CZE,2040,WASH_MACH_COM,other_plastics,9446.4
C-EEU-CZE,2040,WASH_MACH_COM,polypropylene,6612.48
C-EEU-CZE,2040,WASH_MACH_COM,bio-based_polypropylene,0
C-EEU-CZE,2040,WASH_MACH_COM,steel,240096
C-EEU-CZE,2045,WASH_MACH_COM,aluminium,35424
C-EEU-CZE,2045,WASH_MACH_COM,copper,14956.8
C-EEU-CZE,2045,WASH_MACH_COM,glass,5116.8
C-EEU-CZE,2045,WASH_MACH_COM,other_materials,80333.76
C-EEU-CZE,2045,WASH_MACH_COM,acrylonitrile_butadiene_styrene,1613.76
C-EEU-CZE,2045,WASH_MACH_COM,other_plastics,9446.4
C-EEU-CZE,2045,WASH_MACH_COM,polypropylene,6612.48
C-EEU-CZE,2045,WASH_MACH_COM,bio-based_polypropylene,0
C-EEU-CZE,2045,WASH_MACH_COM,steel,240096
C-EEU-CZE,2050,WASH_MACH_COM,aluminium,35424
C-EEU-CZE,2050,WASH_MACH_COM,copper,14956.8
C-EEU-CZE,2050,WASH_MACH_COM,glass,5116.8
C-EEU-CZE,2050,WASH_MACH_COM,other_materials,80333.76
C-EEU-CZE,2050,WASH_MACH_COM,acrylonitrile_butadiene_styrene,1613.76
C-EEU-CZE,2050,WASH_MACH_COM,other_plastics,9446.4
C-EEU-CZE,2050,WASH_MACH_COM,polypropylene,6612.48
C-EEU-CZE,2050,WASH_MACH_COM,bio-based_polypropylene,0
C-EEU-CZE,2050,WASH_MACH_COM,steel,240096
C-EEU-EST,2005,WASH_MACH,aluminium,2721.36
C-EEU-EST,2005,WASH_MACH,copper,1520.76
C-EEU-EST,2005,WASH_MACH,glass,1600.8
C-EEU-EST,2005,WASH_MACH,other_materials,19769.88
C-EEU-EST,2005,WASH_MACH,acrylonitrile_butadiene_styrene,1280.64
C-EEU-EST,2005,WASH_MACH,other_plastics,7603.8
C-EEU-EST,2005,WASH_MACH,polypropylene,5282.64
C-EEU-EST,2005,WASH_MACH,bio-based_polypropylene,0
C-EEU-EST,2005,WASH_MACH,steel,40260.12
C-EEU-EST,2010,WASH_MACH,aluminium,2721.36
C-EEU-EST,2010,WASH_MACH,copper,1520.76
C-EEU-EST,2010,WASH_MACH,glass,1600.8
C-EEU-EST,2010,WASH_MACH,other_materials,19769.88
C-EEU-EST,2010,WASH_MACH,acrylonitrile_butadiene_styrene,1280.64
C-EEU-EST,2010,WASH_MACH,other_plastics,7603.8
C-EEU-EST,2010,WASH_MACH,polypropylene,5282.64
C-EEU-EST,2010,WASH_MACH,bio-based_polypropylene,0
C-EEU-EST,2010,WASH_MACH,steel,40260.12
C-EEU-EST,2015,WASH_MACH,aluminium,2721.36
C-EEU-EST,2015,WASH_MACH,copper,1520.76
C-EEU-EST,2015,WASH_MACH,glass,1600.8
C-EEU-EST,2015,WASH_MACH,other_materials,19769.88
C-EEU-EST,2015,WASH_MACH,acrylonitrile_butadiene_styrene,1280.64
C-EEU-EST,2015,WASH_MACH,other_plastics,7603.8
C-EEU-EST,2015,WASH_MACH,polypropylene,5282.64
C-EEU-EST,2015,WASH_MACH,bio-based_polypropylene,0
C-EEU-EST,2015,WASH_MACH,steel,40260.12
C-EEU-EST,2020,WASH_MACH,aluminium,2721.36
C-EEU-EST,2020,WASH_MACH,copper,1520.76
C-EEU-EST,2020,WASH_MACH,glass,1600.8
C-EEU-EST,2020,WASH_MACH,other_materials,19769.88
C-EEU-EST,2020,WASH_MACH,acrylonitrile_butadiene_styrene,1280.64
C-EEU-EST,2020,WASH_MACH,other_plastics,7603.8
C-EEU-EST,2020,WASH_MACH,polypropylene,5282.64
C-EEU-EST,2020,WASH_MACH,bio-based_polypropylene,0
C-EEU-EST,2020,WASH_MACH,steel,40260.12
C-EEU-EST,2025,WASH_MACH,aluminium,2721.36
C-EEU-EST,2025,WASH_MACH,copper,1520.76
C-EEU-EST,2025,WASH_MACH,glass,1600.8
C-EEU-EST,2025,WASH_MACH,other_materials,19769.88
C-EEU-EST,2025,WASH_MACH,acrylonitrile_butadiene_styrene,1280.64
C-EEU-EST,2025,WASH_MACH,other_plastics,7603.8
C-EEU-EST,2025,WASH_MACH,polypropylene,5282.64
C-EEU-EST,2025,WASH_MACH,bio-based_polypropylene,0
C-EEU-EST,2025,WASH_MACH,steel,40260.12
C-EEU-EST,2030,WASH_MACH,aluminium,2721.36
C-EEU-EST,2030,WASH_MACH,copper,1520.76
C-EEU-EST,2030,WASH_MACH,glass,1600.8
C-EEU-EST,2030,WASH_MACH,other_materials,19769.88
C-EEU-EST,2030,WASH_MACH,acrylonitrile_butadiene_styrene,1280.64
C-EEU-EST,2030,WASH_MACH,other_plastics,7603.8
C-EEU-EST,2030,WASH_MACH,polypropylene,5282.64
C-EEU-EST,2030,WASH_MACH,bio-based_polypropylene,0
C-EEU-EST,2030,WASH_MACH,steel,40260.12
C-EEU-EST,2035,WASH_MACH,aluminium,2721.36
C-EEU-EST,2035,WASH_MACH,copper,1520.76
C-EEU-EST,2035,WASH_MACH,glass,1600.8
C-EEU-EST,2035,WASH_MACH,other_materials,19769.88
C-EEU-EST,2035,WASH_MACH,acrylonitrile_butadiene_styrene,1280.64
C-EEU-EST,2035,WASH_MACH,other_plastics,7603.8
C-EEU-EST,2035,WASH_MACH,polypropylene,5282.64
C-EEU-EST,2035,WASH_MACH,bio-based_polypropylene,0
C-EEU-EST,2035,WASH_MACH,steel,40260.12
C-EEU-EST,2040,WASH_MACH,aluminium,2721.36
C-EEU-EST,2040,WASH_MACH,copper,1520.76
C-EEU-EST,2040,WASH_MACH,glass,1600.8
C-EEU-EST,2040,WASH_MACH,other_materials,19769.88
C-EEU-EST,2040,WASH_MACH,acrylonitrile_butadiene_styrene,1280.64
C-EEU-EST,2040,WASH_MACH,other_plastics,7603.8
C-EEU-EST,2040,WASH_MACH,polypropylene,5282.64
C-EEU-EST,2040,WASH_MACH,bio-based_polypropylene,0
C-EEU-EST,2040,WASH_MACH,steel,40260.12
C-EEU-EST,2045,WASH_MACH,aluminium,2721.36
C-EEU-EST,2045,WASH_MACH,copper,1520.76
C-EEU-EST,2045,WASH_MACH,glass,1600.8
C-EEU-EST,2045,WASH_MACH,other_materials,19769.88
C-EEU-EST,2045,WASH_MACH,acrylonitrile_butadiene_styrene,1280.64
C-EEU-EST,2045,WASH_MACH,other_plastics,7603.8
C-EEU-EST,2045,WASH_MACH,polypropylene,5282.64
C-EEU-EST,2045,WASH_MACH,bio-based_polypropylene,0
C-EEU-EST,2045,WASH_MACH,steel,40260.12
C-EEU-EST,2050,WASH_MACH,aluminium,2721.36
C-EEU-EST,2050,WASH_MACH,copper,1520.76
C-EEU-EST,2050,WASH_MACH,glass,1600.8
C-EEU-EST,2050,WASH_MACH,other_materials,19769.88
C-EEU-EST,2050,WASH_MACH,acrylonitrile_butadiene_styrene,1280.64
C-EEU-EST,2050,WASH_MACH,other_plastics,7603.8
C-EEU-EST,2050,WASH_MACH,polypropylene,5282.64
C-EEU-EST,2050,WASH_MACH,bio-based_polypropylene,0
C-EEU-EST,2050,WASH_MACH,steel,40260.12
C-EEU-EST,2005,WASH_MACH_COM,aluminium,35424
C-EEU-EST,2005,WASH_MACH_COM,copper,14956.8
C-EEU-EST,2005,WASH_MACH_COM,glass,5116.8
C-EEU-EST,2005,WASH_MACH_COM,other_materials,80333.76
C-EEU-EST,2005,WASH_MACH_COM,acrylonitrile_butadiene_styrene,1613.76
C-EEU-EST,2005,WASH_MACH_COM,other_plastics,9446.4
C-EEU-EST,2005,WASH_MACH_COM,polypropylene,6612.48
C-EEU-EST,2005,WASH_MACH_COM,bio-based_polypropylene,0
C-EEU-EST,2005,WASH_MACH_COM,steel,240096
C-EEU-EST,2010,WASH_MACH_COM,aluminium,35424
C-EEU-EST,2010,WASH_MACH_COM,copper,14956.8
C-EEU-EST,2010,WASH_MACH_COM,glass,5116.8
C-EEU-EST,2010,WASH_MACH_COM,other_materials,80333.76
C-EEU-EST,2010,WASH_MACH_COM,acrylonitrile_butadiene_styrene,1613.76
C-EEU-EST,2010,WASH_MACH_COM,other_plastics,9446.4
C-EEU-EST,2010,WASH_MACH_COM,polypropylene,6612.48
C-EEU-EST,2010,WASH_MACH_COM,bio-based_polypropylene,0
C-EEU-EST,2010,WASH_MACH_COM,steel,240096
C-EEU-EST,2015,WASH_MACH_COM,aluminium,35424
C-EEU-EST,2015,WASH_MACH_COM,copper,14956.8
C-EEU-EST,2015,WASH_MACH_COM,glass,5116.8
C-EEU-EST,2015,WASH_MACH_COM,other_materials,80333.76
C-EEU-EST,2015,WASH_MACH_COM,acrylonitrile_butadiene_styrene,1613.76
C-EEU-EST,2015,WASH_MACH_COM,other_plastics,9446.4
C-EEU-EST,2015,WASH_MACH_COM,polypropylene,6612.48
C-EEU-EST,2015,WASH_MACH_COM,bio-based_polypropylene,0
C-EEU-EST,2015,WASH_MACH_COM,steel,240096
C-EEU-EST,2020,WASH_MACH_COM,aluminium,35424
C-EEU-EST,2020,WASH_MACH_COM,copper,14956.8
C-EEU-EST,2020,WASH_MACH_COM,glass,5116.8
C-EEU-EST,2020,WASH_MACH_COM,other_materials,80333.76
C-EEU-EST,2020,WASH_MACH_COM,acrylonitrile_butadiene_styrene,1613.76
C-EEU-EST,2020,WASH_MACH_COM,other_plastics,9446.4
C-EEU-EST,2020,WASH_MACH_COM,polypropylene,6612.48
C-EEU-EST,2020,WASH_MACH_COM,bio-based_polypropylene,0
C-EEU-EST,2020,WASH_MACH_COM,steel,240096
C-EEU-EST,2025,WASH_MACH_COM,aluminium,35424
C-EEU-EST,2025,WASH_MACH_COM,copper,14956.8
C-EEU-EST,2025,WASH_MACH_COM,glass,5116.8
C-EEU-EST,2025,WASH_MACH_COM,other_materials,80333.76
C-EEU-EST,2025,WASH_MACH_COM,acrylonitrile_butadiene_styrene,1613.76
C-EEU-EST,2025,WASH_MACH_COM,other_plastics,9446.4
C-EEU-EST,2025,WASH_MACH_COM,polypropylene,6612.48
C-EEU-EST,2025,WASH_MACH_COM,bio-based_polypropylene,0
C-EEU-EST,2025,WASH_MACH_COM,steel,240096
C-EEU-EST,2030,WASH_MACH_COM,aluminium,35424
C-EEU-EST,2030,WASH_MACH_COM,copper,14956.8
C-EEU-EST,2030,WASH_MACH_COM,glass,5116.8
C-EEU-EST,2030,WASH_MACH_COM,other_materials,80333.76
C-EEU-EST,2030,WASH_MACH_COM,acrylonitrile_butadiene_styrene,1613.76
C-EEU-EST,2030,WASH_MACH_COM,other_plastics,9446.4
C-EEU-EST,2030,WASH_MACH_COM,polypropylene,6612.48
C-EEU-EST,2030,WASH_MACH_COM,bio-based_polypropylene,0
C-EEU-EST,2030,WASH_MACH_COM,steel,240096
C-EEU-EST,2035,WASH_MACH_COM,aluminium,35424
C-EEU-EST,2035,WASH_MACH_COM,copper,14956.8
C-EEU-EST,2035,WASH_MACH_COM,glass,5116.8
C-EEU-EST,2035,WASH_MACH_COM,other_materials,80333.76
C-EEU-EST,2035,WASH_MACH_COM,acrylonitrile_butadiene_styrene,1613.76
C-EEU-EST,2035,WASH_MACH_COM,other_plastics,9446.4
C-EEU-EST,2035,WASH_MACH_COM,polypropylene,6612.48
C-EEU-EST,2035,WASH_MACH_COM,bio-based_polypropylene,0
C-EEU-EST,2035,WASH_MACH_COM,steel,240096
C-EEU-EST,2040,WASH_MACH_COM,aluminium,35424
C-EEU-EST,2040,WASH_MACH_COM,copper,14956.8
C-EEU-EST,2040,WASH_MACH_COM,glass,5116.8
C-EEU-EST,2040,WASH_MACH_COM,other_materials,80333.76
C-EEU-EST,2040,WASH_MACH_COM,acrylonitrile_butadiene_styrene,1613.76
C-EEU-EST,2040,WASH_MACH_COM,other_plastics,9446.4
C-EEU-EST,2040,WASH_MACH_COM,polypropylene,6612.48
C-EEU-EST,2040,WASH_MACH_COM,bio-based_polypropylene,0
C-EEU-EST,2040,WASH_MACH_COM,steel,240096
C-EEU-EST,2045,WASH_MACH_COM,aluminium,35424
C-EEU-EST,2045,WASH_MACH_COM,copper,14956.8
C-EEU-EST,2045,WASH_MACH_COM,glass,5116.8
C-EEU-EST,2045,WASH_MACH_COM,other_materials,80333.76
C-EEU-EST,2045,WASH_MACH_COM,acrylonitrile_butadiene_styrene,1613.76
C-EEU-EST,2045,WASH_MACH_COM,other_plastics,9446.4
C-EEU-EST,2045,WASH_MACH_COM,polypropylene,6612.48
C-EEU-EST,2045,WASH_MACH_COM,bio-based_polypropylene,0
C-EEU-EST,2045,WASH_MACH_COM,steel,240096
C-EEU-EST,2050,WASH_MACH_COM,aluminium,35424
C-EEU-EST,2050,WASH_MACH_COM,copper,14956.8
C-EEU-EST,2050,WASH_MACH_COM,glass,5116.8
C-EEU-EST,2050,WASH_MACH_COM,other_materials,80333.76
C-EEU-EST,2050,WASH_MACH_COM,acrylonitrile_butadiene_styrene,1613.76
C-EEU-EST,2050,WASH_MACH_COM,other_plastics,9446.4
C-EEU-EST,2050,WASH_MACH_COM,polypropylene,6612.48
C-EEU-EST,2050,WASH_MACH_COM,bio-based_polypropylene,0
C-EEU-EST,2050,WASH_MACH_COM,steel,240096
C-EEU-HRV,2005,WASH_MACH,aluminium,2721.36
C-EEU-HRV,2005,WASH_MACH,copper,1520.76
C-EEU-HRV,2005,WASH_MACH,glass,1600.8
C-EEU-HRV,2005,WASH_MACH,other_materials,19769.88
C-EEU-HRV,2005,WASH_MACH,acrylonitrile_butadiene_styrene,1280.64
C-EEU-HRV,2005,WASH_MACH,other_plastics,7603.8
C-EEU-HRV,2005,WASH_MACH,polypropylene,5282.64
C-EEU-HRV,2005,WASH_MACH,bio-based_polypropylene,0
C-EEU-HRV,2005,WASH_MACH,steel,40260.12
C-EEU-HRV,2010,WASH_MACH,aluminium,2721.36
C-EEU-HRV,2010,WASH_MACH,copper,1520.76
C-EEU-HRV,2010,WASH_MACH,glass,1600.8
C-EEU-HRV,2010,WASH_MACH,other_materials,19769.88
C-EEU-HRV,2010,WASH_MACH,acrylonitrile_butadiene_styrene,1280.64
C-EEU-HRV,2010,WASH_MACH,other_plastics,7603.8
C-EEU-HRV,2010,WASH_MACH,polypropylene,5282.64
C-EEU-HRV,2010,WASH_MACH,bio-based_polypropylene,0
C-EEU-HRV,2010,WASH_MACH,steel,40260.12
C-EEU-HRV,2015,WASH_MACH,aluminium,2721.36
C-EEU-HRV,2015,WASH_MACH,copper,1520.76
C-EEU-HRV,2015,WASH_MACH,glass,1600.8
C-EEU-HRV,2015,WASH_MACH,other_materials,19769.88
C-EEU-HRV,2015,WASH_MACH,acrylonitrile_butadiene_styrene,1280.64
C-EEU-HRV,2015,WASH_MACH,other_plastics,7603.8
C-EEU-HRV,2015,WASH_MACH,polypropylene,5282.64
C-EEU-HRV,2015,WASH_MACH,bio-based_polypropylene,0
C-EEU-HRV,2015,WASH_MACH,steel,40260.12
C-EEU-HRV,2020,WASH_MACH,aluminium,2721.36
C-EEU-HRV,2020,WASH_MACH,copper,1520.76
C-EEU-HRV,2020,WASH_MACH,glass,1600.8
C-EEU-HRV,2020,WASH_MACH,other_materials,19769.88
C-EEU-HRV,2020,WASH_MACH,acrylonitrile_butadiene_styrene,1280.64
C-EEU-HRV,2020,WASH_MACH,other_plastics,7603.8
C-EEU-HRV,2020,WASH_MACH,polypropylene,5282.64
C-EEU-HRV,2020,WASH_MACH,bio-based_polypropylene,0
C-EEU-HRV,2020,WASH_MACH,steel,40260.12
C-EEU-HRV,2025,WASH_MACH,aluminium,2721.36
C-EEU-HRV,2025,WASH_MACH,copper,1520.76
C-EEU-HRV,2025,WASH_MACH,glass,1600.8
C-EEU-HRV,2025,WASH_MACH,other_materials,19769.88
C-EEU-HRV,2025,WASH_MACH,acrylonitrile_butadiene_styrene,1280.64
C-EEU-HRV,2025,WASH_MACH,other_plastics,7603.8
C-EEU-HRV,2025,WASH_MACH,polypropylene,5282.64
C-EEU-HRV,2025,WASH_MACH,bio-based_polypropylene,0
C-EEU-HRV,2025,WASH_MACH,steel,40260.12
C-EEU-HRV,2030,WASH_MACH,aluminium,2721.36
C-EEU-HRV,2030,WASH_MACH,copper,1520.76
C-EEU-HRV,2030,WASH_MACH,glass,1600.8
C-EEU-HRV,2030,WASH_MACH,other_materials,19769.88
C-EEU-HRV,2030,WASH_MACH,acrylonitrile_butadiene_styrene,1280.64
C-EEU-HRV,2030,WASH_MACH,other_plastics,7603.8
C-EEU-HRV,2030,WASH_MACH,polypropylene,5282.64
C-EEU-HRV,2030,WASH_MACH,bio-based_polypropylene,0
C-EEU-HRV,2030,WASH_MACH,steel,40260.12
C-EEU-HRV,2035,WASH_MACH,aluminium,2721.36
C-EEU-HRV,2035,WASH_MACH,copper,1520.76
C-EEU-HRV,2035,WASH_MACH,glass,1600.8
C-EEU-HRV,2035,WASH_MACH,other_materials,19769.88
C-EEU-HRV,2035,WASH_MACH,acrylonitrile_butadiene_styrene,1280.64
C-EEU-HRV,2035,WASH_MACH,other_plastics,7603.8
C-EEU-HRV,2035,WASH_MACH,polypropylene,5282.64
C-EEU-HRV,2035,WASH_MACH,bio-based_polypropylene,0
C-EEU-HRV,2035,WASH_MACH,steel,40260.12
C-EEU-HRV,2040,WASH_MACH,aluminium,2721.36
C-EEU-HRV,2040,WASH_MACH,copper,1520.76
C-EEU-HRV,2040,WASH_MACH,glass,1600.8
C-EEU-HRV,2040,WASH_MACH,other_materials,19769.88
C-EEU-HRV,2040,WASH_MACH,acrylonitrile_butadiene_styrene,1280.64
C-EEU-HRV,2040,WASH_MACH,other_plastics,7603.8
C-EEU-HRV,2040,WASH_MACH,polypropylene,5282.64
C-EEU-HRV,2040,WASH_MACH,bio-based_polypropylene,0
C-EEU-HRV,2040,WASH_MACH,steel,40260.12
C-EEU-HRV,2045,WASH_MACH,aluminium,2721.36
C-EEU-HRV,2045,WASH_MACH,copper,1520.76
C-EEU-HRV,2045,WASH_MACH,glass,1600.8
C-EEU-HRV,2045,WASH_MACH,other_materials,19769.88
C-EEU-HRV,2045,WASH_MACH,acrylonitrile_butadiene_styrene,1280.64
C-EEU-HRV,2045,WASH_MACH,other_plastics,7603.8
C-EEU-HRV,2045,WASH_MACH,polypropylene,5282.64
C-EEU-HRV,2045,WASH_MACH,bio-based_polypropylene,0
C-EEU-HRV,2045,WASH_MACH,steel,40260.12
C-EEU-HRV,2050,WASH_MACH,aluminium,2721.36
C-EEU-HRV,2050,WASH_MACH,copper,1520.76
C-EEU-HRV,2050,WASH_MACH,glass,1600.8
C-EEU-HRV,2050,WASH_MACH,other_materials,19769.88
C-EEU-HRV,2050,WASH_MACH,acrylonitrile_butadiene_styrene,1280.64
C-EEU-HRV,2050,WASH_MACH,other_plastics,7603.8
C-EEU-HRV,2050,WASH_MACH,polypropylene,5282.64
C-EEU-HRV,2050,WASH_MACH,bio-based_polypropylene,0
C-EEU-HRV,2050,WASH_MACH,steel,40260.12
C-EEU-HRV,2005,WASH_MACH_COM,aluminium,35424
C-EEU-HRV,2005,WASH_MACH_COM,copper,14956.8
C-EEU-HRV,2005,WASH_MACH_COM,glass,5116.8
C-EEU-HRV,2005,WASH_MACH_COM,other_materials,80333.76
C-EEU-HRV,2005,WASH_MACH_COM,acrylonitrile_butadiene_styrene,1613.76
C-EEU-HRV,2005,WASH_MACH_COM,other_plastics,9446.4
C-EEU-HRV,2005,WASH_MACH_COM,polypropylene,6612.48
C-EEU-HRV,2005,WASH_MACH_COM,bio-based_polypropylene,0
C-EEU-HRV,2005,WASH_MACH_COM,steel,240096
C-EEU-HRV,2010,WASH_MACH_COM,aluminium,35424
C-EEU-HRV,2010,WASH_MACH_COM,copper,14956.8
C-EEU-HRV,2010,WASH_MACH_COM,glass,5116.8
C-EEU-HRV,2010,WASH_MACH_COM,other_materials,80333.76
C-EEU-HRV,2010,WASH_MACH_COM,acrylonitrile_butadiene_styrene,1613.76
C-EEU-HRV,2010,WASH_MACH_COM,other_plastics,9446.4
C-EEU-HRV,2010,WASH_MACH_COM,polypropylene,6612.48
C-EEU-HRV,2010,WASH_MACH_COM,bio-based_polypropylene,0
C-EEU-HRV,2010,WASH_MACH_COM,steel,240096
C-EEU-HRV,2015,WASH_MACH_COM,aluminium,35424
C-EEU-HRV,2015,WASH_MACH_COM,copper,14956.8
C-EEU-HRV,2015,WASH_MACH_COM,glass,5116.8
C-EEU-HRV,2015,WASH_MACH_COM,other_materials,80333.76
C-EEU-HRV,2015,WASH_MACH_COM,acrylonitrile_butadiene_styrene,1613.76
C-EEU-HRV,2015,WASH_MACH_COM,other_plastics,9446.4
C-EEU-HRV,2015,WASH_MACH_COM,polypropylene,6612.48
C-EEU-HRV,2015,WASH_MACH_COM,bio-based_polypropylene,0
C-EEU-HRV,2015,WASH_MACH_COM,steel,240096
C-EEU-HRV,2020,WASH_MACH_COM,aluminium,35424
C-EEU-HRV,2020,WASH_MACH_COM,copper,14956.8
C-EEU-HRV,2020,WASH_MACH_COM,glass,5116.8
C-EEU-HRV,2020,WASH_MACH_COM,other_materials,80333.76
C-EEU-HRV,2020,WASH_MACH_COM,acrylonitrile_butadiene_styrene,1613.76
C-EEU-HRV,2020,WASH_MACH_COM,other_plastics,9446.4
C-EEU-HRV,2020,WASH_MACH_COM,polypropylene,6612.48
C-EEU-HRV,2020,WASH_MACH_COM,bio-based_polypropylene,0
C-EEU-HRV,2020,WASH_MACH_COM,steel,240096
C-EEU-HRV,2025,WASH_MACH_COM,aluminium,35424
C-EEU-HRV,2025,WASH_MACH_COM,copper,14956.8
C-EEU-HRV,2025,WASH_MACH_COM,glass,5116.8
C-EEU-HRV,2025,WASH_MACH_COM,other_materials,80333.76
C-EEU-HRV,2025,WASH_MACH_COM,acrylonitrile_butadiene_styrene,1613.76
C-EEU-HRV,2025,WASH_MACH_COM,other_plastics,9446.4
C-EEU-HRV,2025,WASH_MACH_COM,polypropylene,6612.48
C-EEU-HRV,2025,WASH_MACH_COM,bio-based_polypropylene,0
C-EEU-HRV,2025,WASH_MACH_COM,steel,240096
C-EEU-HRV,2030,WASH_MACH_COM,aluminium,35424
C-EEU-HRV,2030,WASH_MACH_COM,copper,14956.8
C-EEU-HRV,2030,WASH_MACH_COM,glass,5116.8
C-EEU-HRV,2030,WASH_MACH_COM,other_materials,80333.76
C-EEU-HRV,2030,WASH_MACH_COM,acrylonitrile_butadiene_styrene,1613.76
C-EEU-HRV,2030,WASH_MACH_COM,other_plastics,9446.4
C-EEU-HRV,2030,WASH_MACH_COM,polypropylene,6612.48
C-EEU-HRV,2030,WASH_MACH_COM,bio-based_polypropylene,0
C-EEU-HRV,2030,WASH_MACH_COM,steel,240096
C-EEU-HRV,2035,WASH_MACH_COM,aluminium,35424
C-EEU-HRV,2035,WASH_MACH_COM,copper,14956.8
C-EEU-HRV,2035,WASH_MACH_COM,glass,5116.8
C-EEU-HRV,2035,WASH_MACH_COM,other_materials,80333.76
C-EEU-HRV,2035,WASH_MACH_COM,acrylonitrile_butadiene_styrene,1613.76
C-EEU-HRV,2035,WASH_MACH_COM,other_plastics,9446.4
C-EEU-HRV,2035,WASH_MACH_COM,polypropylene,6612.48
C-EEU-HRV,2035,WASH_MACH_COM,bio-based_polypropylene,0
C-EEU-HRV,2035,WASH_MACH_COM,steel,240096
C-EEU-HRV,2040,WASH_MACH_COM,aluminium,35424
C-EEU-HRV,2040,WASH_MACH_COM,copper,14956.8
C-EEU-HRV,2040,WASH_MACH_COM,glass,5116.8
C-EEU-HRV,2040,WASH_MACH_COM,other_materials,80333.76
C-EEU-HRV,2040,WASH_MACH_COM,acrylonitrile_butadiene_styrene,1613.76
C-EEU-HRV,2040,WASH_MACH_COM,other_plastics,9446.4
C-EEU-HRV,2040,WASH_MACH_COM,polypropylene,6612.48
C-EEU-HRV,2040,WASH_MACH_COM,bio-based_polypropylene,0
C-EEU-HRV,2040,WASH_MACH_COM,steel,240096
C-EEU-HRV,2045,WASH_MACH_COM,aluminium,35424
C-EEU-HRV,2045,WASH_MACH_COM,copper,14956.8
C-EEU-HRV,2045,WASH_MACH_COM,glass,5116.8
C-EEU-HRV,2045,WASH_MACH_COM,other_materials,80333.76
C-EEU-HRV,2045,WASH_MACH_COM,acrylonitrile_butadiene_styrene,1613.76
C-EEU-HRV,2045,WASH_MACH_COM,other_plastics,9446.4
C-EEU-HRV,2045,WASH_MACH_COM,polypropylene,6612.48
C-EEU-HRV,2045,WASH_MACH_COM,bio-based_polypropylene,0
C-EEU-HRV,2045,WASH_MACH_COM,steel,240096
C-EEU-HRV,2050,WASH_MACH_COM,aluminium,35424
C-EEU-HRV,2050,WASH_MACH_COM,copper,14956.8
C-EEU-HRV,2050,WASH_MACH_COM,glass,5116.8
C-EEU-HRV,2050,WASH_MACH_COM,other_materials,80333.76
C-EEU-HRV,2050,WASH_MACH_COM,acrylonitrile_butadiene_styrene,1613.76
C-EEU-HRV,2050,WASH_MACH_COM,other_plastics,9446.4
C-EEU-HRV,2050,WASH_MACH_COM,polypropylene,6612.48
C-EEU-HRV,2050,WASH_MACH_COM,bio-based_polypropylene,0
C-EEU-HRV,2050,WASH_MACH_COM,steel,240096
C-EEU-HUN,2005,WASH_MACH,aluminium,2721.36
C-EEU-HUN,2005,WASH_MACH,copper,1520.76
C-EEU-HUN,2005,WASH_MACH,glass,1600.8
C-EEU-HUN,2005,WASH_MACH,other_materials,19769.88
C-EEU-HUN,2005,WASH_MACH,acrylonitrile_butadiene_styrene,1280.64
C-EEU-HUN,2005,WASH_MACH,other_plastics,7603.8
C-EEU-HUN,2005,WASH_MACH,polypropylene,5282.64
C-EEU-HUN,2005,WASH_MACH,bio-based_polypropylene,0
C-EEU-HUN,2005,WASH_MACH,steel,40260.12
C-EEU-HUN,2010,WASH_MACH,aluminium,2721.36
C-EEU-HUN,2010,WASH_MACH,copper,1520.76
C-EEU-HUN,2010,WASH_MACH,glass,1600.8
C-EEU-HUN,2010,WASH_MACH,other_materials,19769.88
C-EEU-HUN,2010,WASH_MACH,acrylonitrile_butadiene_styrene,1280.64
C-EEU-HUN,2010,WASH_MACH,other_plastics,7603.8
C-EEU-HUN,2010,WASH_MACH,polypropylene,5282.64
C-EEU-HUN,2010,WASH_MACH,bio-based_polypropylene,0
C-EEU-HUN,2010,WASH_MACH,steel,40260.12
C-EEU-HUN,2015,WASH_MACH,aluminium,2721.36
C-EEU-HUN,2015,WASH_MACH,copper,1520.76
C-EEU-HUN,2015,WASH_MACH,glass,1600.8
C-EEU-HUN,2015,WASH_MACH,other_materials,19769.88
C-EEU-HUN,2015,WASH_MACH,acrylonitrile_butadiene_styrene,1280.64
C-EEU-HUN,2015,WASH_MACH,other_plastics,7603.8
C-EEU-HUN,2015,WASH_MACH,polypropylene,5282.64
C-EEU-HUN,2015,WASH_MACH,bio-based_polypropylene,0
C-EEU-HUN,2015,WASH_MACH,steel,40260.12
C-EEU-HUN,2020,WASH_MACH,aluminium,2721.36
C-EEU-HUN,2020,WASH_MACH,copper,1520.76
C-EEU-HUN,2020,WASH_MACH,glass,1600.8
C-EEU-HUN,2020,WASH_MACH,other_materials,19769.88
C-EEU-HUN,2020,WASH_MACH,acrylonitrile_butadiene_styrene,1280.64
C-EEU-HUN,2020,WASH_MACH,other_plastics,7603.8
C-EEU-HUN,2020,WASH_MACH,polypropylene,5282.64
C-EEU-HUN,2020,WASH_MACH,bio-based_polypropylene,0
C-EEU-HUN,2020,WASH_MACH,steel,40260.12
C-EEU-HUN,2025,WASH_MACH,aluminium,2721.36
C-EEU-HUN,2025,WASH_MACH,copper,1520.76
C-EEU-HUN,2025,WASH_MACH,glass,1600.8
C-EEU-HUN,2025,WASH_MACH,other_materials,19769.88
C-EEU-HUN,2025,WASH_MACH,acrylonitrile_butadiene_styrene,1280.64
C-EEU-HUN,2025,WASH_MACH,other_plastics,7603.8
C-EEU-HUN,2025,WASH_MACH,polypropylene,5282.64
C-EEU-HUN,2025,WASH_MACH,bio-based_polypropylene,0
C-EEU-HUN,2025,WASH_MACH,steel,40260.12
C-EEU-HUN,2030,WASH_MACH,aluminium,2721.36
C-EEU-HUN,2030,WASH_MACH,copper,1520.76
C-EEU-HUN,2030,WASH_MACH,glass,1600.8
C-EEU-HUN,2030,WASH_MACH,other_materials,19769.88
C-EEU-HUN,2030,WASH_MACH,acrylonitrile_butadiene_styrene,1280.64
C-EEU-HUN,2030,WASH_MACH,other_plastics,7603.8
C-EEU-HUN,2030,WASH_MACH,polypropylene,5282.64
C-EEU-HUN,2030,WASH_MACH,bio-based_polypropylene,0
C-EEU-HUN,2030,WASH_MACH,steel,40260.12
C-EEU-HUN,2035,WASH_MACH,aluminium,2721.36
C-EEU-HUN,2035,WASH_MACH,copper,1520.76
C-EEU-HUN,2035,WASH_MACH,glass,1600.8
C-EEU-HUN,2035,WASH_MACH,other_materials,19769.88
C-EEU-HUN,2035,WASH_MACH,acrylonitrile_butadiene_styrene,1280.64
C-EEU-HUN,2035,WASH_MACH,other_plastics,7603.8
C-EEU-HUN,2035,WASH_MACH,polypropylene,5282.64
C-EEU-HUN,2035,WASH_MACH,bio-based_polypropylene,0
C-EEU-HUN,2035,WASH_MACH,steel,40260.12
C-EEU-HUN,2040,WASH_MACH,aluminium,2721.36
C-EEU-HUN,2040,WASH_MACH,copper,1520.76
C-EEU-HUN,2040,WASH_MACH,glass,1600.8
C-EEU-HUN,2040,WASH_MACH,other_materials,19769.88
C-EEU-HUN,2040,WASH_MACH,acrylonitrile_butadiene_styrene,1280.64
C-EEU-HUN,2040,WASH_MACH,other_plastics,7603.8
C-EEU-HUN,2040,WASH_MACH,polypropylene,5282.64
C-EEU-HUN,2040,WASH_MACH,bio-based_polypropylene,0
C-EEU-HUN,2040,WASH_MACH,steel,40260.12
C-EEU-HUN,2045,WASH_MACH,aluminium,2721.36
C-EEU-HUN,2045,WASH_MACH,copper,1520.76
C-EEU-HUN,2045,WASH_MACH,glass,1600.8
C-EEU-HUN,2045,WASH_MACH,other_materials,19769.88
C-EEU-HUN,2045,WASH_MACH,acrylonitrile_butadiene_styrene,1280.64
C-EEU-HUN,2045,WASH_MACH,other_plastics,7603.8
C-EEU-HUN,2045,WASH_MACH,polypropylene,5282.64
C-EEU-HUN,2045,WASH_MACH,bio-based_polypropylene,0
C-EEU-HUN,2045,WASH_MACH,steel,40260.12
C-EEU-HUN,2050,WASH_MACH,aluminium,2721.36
C-EEU-HUN,2050,WASH_MACH,copper,1520.76
C-EEU-HUN,2050,WASH_MACH,glass,1600.8
C-EEU-HUN,2050,WASH_MACH,other_materials,19769.88
C-EEU-HUN,2050,WASH_MACH,acrylonitrile_butadiene_styrene,1280.64
C-EEU-HUN,2050,WASH_MACH,other_plastics,7603.8
C-EEU-HUN,2050,WASH_MACH,polypropylene,5282.64
C-EEU-HUN,2050,WASH_MACH,bio-based_polypropylene,0
C-EEU-HUN,2050,WASH_MACH,steel,40260.12
C-EEU-HUN,2005,WASH_MACH_COM,aluminium,35424
C-EEU-HUN,2005,WASH_MACH_COM,copper,14956.8
C-EEU-HUN,2005,WASH_MACH_COM,glass,5116.8
C-EEU-HUN,2005,WASH_MACH_COM,other_materials,80333.76
C-EEU-HUN,2005,WASH_MACH_COM,acrylonitrile_butadiene_styrene,1613.76
C-EEU-HUN,2005,WASH_MACH_COM,other_plastics,9446.4
C-EEU-HUN,2005,WASH_MACH_COM,polypropylene,6612.48
C-EEU-HUN,2005,WASH_MACH_COM,bio-based_polypropylene,0
C-EEU-HUN,2005,WASH_MACH_COM,steel,240096
C-EEU-HUN,2010,WASH_MACH_COM,aluminium,35424
C-EEU-HUN,2010,WASH_MACH_COM,copper,14956.8
C-EEU-HUN,2010,WASH_MACH_COM,glass,5116.8
C-EEU-HUN,2010,WASH_MACH_COM,other_materials,80333.76
C-EEU-HUN,2010,WASH_MACH_COM,acrylonitrile_butadiene_styrene,1613.76
C-EEU-HUN,2010,WASH_MACH_COM,other_plastics,9446.4
C-EEU-HUN,2010,WASH_MACH_COM,polypropylene,6612.48
C-EEU-HUN,2010,WASH_MACH_COM,bio-based_polypropylene,0
C-EEU-HUN,2010,WASH_MACH_COM,steel,240096
C-EEU-HUN,2015,WASH_MACH_COM,aluminium,35424
C-EEU-HUN,2015,WASH_MACH_COM,copper,14956.8
C-EEU-HUN,2015,WASH_MACH_COM,glass,5116.8
C-EEU-HUN,2015,WASH_MACH_COM,other_materials,80333.76
C-EEU-HUN,2015,WASH_MACH_COM,acrylonitrile_butadiene_styrene,1613.76
C-EEU-HUN,2015,WASH_MACH_COM,other_plastics,9446.4
C-EEU-HUN,2015,WASH_MACH_COM,polypropylene,6612.48
C-EEU-HUN,2015,WASH_MACH_COM,bio-based_polypropylene,0
C-EEU-HUN,2015,WASH_MACH_COM,steel,240096
C-EEU-HUN,2020,WASH_MACH_COM,aluminium,35424
C-EEU-HUN,2020,WASH_MACH_COM,copper,14956.8
C-EEU-HUN,2020,WASH_MACH_COM,glass,5116.8
C-EEU-HUN,2020,WASH_MACH_COM,other_materials,80333.76
C-EEU-HUN,2020,WASH_MACH_COM,acrylonitrile_butadiene_styrene,1613.76
C-EEU-HUN,2020,WASH_MACH_COM,other_plastics,9446.4
C-EEU-HUN,2020,WASH_MACH_COM,polypropylene,6612.48
C-EEU-HUN,2020,WASH_MACH_COM,bio-based_polypropylene,0
C-EEU-HUN,2020,WASH_MACH_COM,steel,240096
C-EEU-HUN,2025,WASH_MACH_COM,aluminium,35424
C-EEU-HUN,2025,WASH_MACH_COM,copper,14956.8
C-EEU-HUN,2025,WASH_MACH_COM,glass,5116.8
C-EEU-HUN,2025,WASH_MACH_COM,other_materials,80333.76
C-EEU-HUN,2025,WASH_MACH_COM,acrylonitrile_butadiene_styrene,1613.76
C-EEU-HUN,2025,WASH_MACH_COM,other_plastics,9446.4
C-EEU-HUN,2025,WASH_MACH_COM,polypropylene,6612.48
C-EEU-HUN,2025,WASH_MACH_COM,bio-based_polypropylene,0
C-EEU-HUN,2025,WASH_MACH_COM,steel,240096
C-EEU-HUN,2030,WASH_MACH_COM,aluminium,35424
C-EEU-HUN,2030,WASH_MACH_COM,copper,14956.8
C-EEU-HUN,2030,WASH_MACH_COM,glass,5116.8
C-EEU-HUN,2030,WASH_MACH_COM,other_materials,80333.76
C-EEU-HUN,2030,WASH_MACH_COM,acrylonitrile_butadiene_styrene,1613.76
C-EEU-HUN,2030,WASH_MACH_COM,other_plastics,9446.4
C-EEU-HUN,2030,WASH_MACH_COM,polypropylene,6612.48
C-EEU-HUN,2030,WASH_MACH_COM,bio-based_polypropylene,0
C-EEU-HUN,2030,WASH_MACH_COM,steel,240096
C-EEU-HUN,2035,WASH_MACH_COM,aluminium,35424
C-EEU-HUN,2035,WASH_MACH_COM,copper,14956.8
C-EEU-HUN,2035,WASH_MACH_COM,glass,5116.8
C-EEU-HUN,2035,WASH_MACH_COM,other_materials,80333.76
C-EEU-HUN,2035,WASH_MACH_COM,acrylonitrile_butadiene_styrene,1613.76
C-EEU-HUN,2035,WASH_MACH_COM,other_plastics,9446.4
C-EEU-HUN,2035,WASH_MACH_COM,polypropylene,6612.48
C-EEU-HUN,2035,WASH_MACH_COM,bio-based_polypropylene,0
C-EEU-HUN,2035,WASH_MACH_COM,steel,240096
C-EEU-HUN,2040,WASH_MACH_COM,aluminium,35424
C-EEU-HUN,2040,WASH_MACH_COM,copper,14956.8
C-EEU-HUN,2040,WASH_MACH_COM,glass,5116.8
C-EEU-HUN,2040,WASH_MACH_COM,other_materials,80333.76
C-EEU-HUN,2040,WASH_MACH_COM,acrylonitrile_butadiene_styrene,1613.76
C-EEU-HUN,2040,WASH_MACH_COM,other_plastics,9446.4
C-EEU-HUN,2040,WASH_MACH_COM,polypropylene,6612.48
C-EEU-HUN,2040,WASH_MACH_COM,bio-based_polypropylene,0
C-EEU-HUN,2040,WASH_MACH_COM,steel,240096
C-EEU-HUN,2045,WASH_MACH_COM,aluminium,35424
C-EEU-HUN,2045,WASH_MACH_COM,copper,14956.8
C-EEU-HUN,2045,WASH_MACH_COM,glass,5116.8
C-EEU-HUN,2045,WASH_MACH_COM,other_materials,80333.76
C-EEU-HUN,2045,WASH_MACH_COM,acrylonitrile_butadiene_styrene,1613.76
C-EEU-HUN,2045,WASH_MACH_COM,other_plastics,9446.4
C-EEU-HUN,2045,WASH_MACH_COM,polypropylene,6612.48
C-EEU-HUN,2045,WASH_MACH_COM,bio-based_polypropylene,0
C-EEU-HUN,2045,WASH_MACH_COM,steel,240096
C-EEU-HUN,2050,WASH_MACH_COM,aluminium,35424
C-EEU-HUN,2050,WASH_MACH_COM,copper,14956.8
C-EEU-HUN,2050,WASH_MACH_COM,glass,5116.8
C-EEU-HUN,2050,WASH_MACH_COM,other_materials,80333.76
C-EEU-HUN,2050,WASH_MACH_COM,acrylonitrile_butadiene_styrene,1613.76
C-EEU-HUN,2050,WASH_MACH_COM,other_plastics,9446.4
C-EEU-HUN,2050,WASH_MACH_COM,polypropylene,6612.48
C-EEU-HUN,2050,WASH_MACH_COM,bio-based_polypropylene,0
C-EEU-HUN,2050,WASH_MACH_COM,steel,240096
C-EEU-LTU,2005,WASH_MACH,aluminium,2721.36
C-EEU-LTU,2005,WASH_MACH,copper,1520.76
C-EEU-LTU,2005,WASH_MACH,glass,1600.8
C-EEU-LTU,2005,WASH_MACH,other_materials,19769.88
C-EEU-LTU,2005,WASH_MACH,acrylonitrile_butadiene_styrene,1280.64
C-EEU-LTU,2005,WASH_MACH,other_plastics,7603.8
C-EEU-LTU,2005,WASH_MACH,polypropylene,5282.64
C-EEU-LTU,2005,WASH_MACH,bio-based_polypropylene,0
C-EEU-LTU,2005,WASH_MACH,steel,40260.12
C-EEU-LTU,2010,WASH_MACH,aluminium,2721.36
C-EEU-LTU,2010,WASH_MACH,copper,1520.76
C-EEU-LTU,2010,WASH_MACH,glass,1600.8
C-EEU-LTU,2010,WASH_MACH,other_materials,19769.88
C-EEU-LTU,2010,WASH_MACH,acrylonitrile_butadiene_styrene,1280.64
C-EEU-LTU,2010,WASH_MACH,other_plastics,7603.8
C-EEU-LTU,2010,WASH_MACH,polypropylene,5282.64
C-EEU-LTU,2010,WASH_MACH,bio-based_polypropylene,0
C-EEU-LTU,2010,WASH_MACH,steel,40260.12
C-EEU-LTU,2015,WASH_MACH,aluminium,2721.36
C-EEU-LTU,2015,WASH_MACH,copper,1520.76
C-EEU-LTU,2015,WASH_MACH,glass,1600.8
C-EEU-LTU,2015,WASH_MACH,other_materials,19769.88
C-EEU-LTU,2015,WASH_MACH,acrylonitrile_butadiene_styrene,1280.64
C-EEU-LTU,2015,WASH_MACH,other_plastics,7603.8
C-EEU-LTU,2015,WASH_MACH,polypropylene,5282.64
C-EEU-LTU,2015,WASH_MACH,bio-based_polypropylene,0
C-EEU-LTU,2015,WASH_MACH,steel,40260.12
C-EEU-LTU,2020,WASH_MACH,aluminium,2721.36
C-EEU-LTU,2020,WASH_MACH,copper,1520.76
C-EEU-LTU,2020,WASH_MACH,glass,1600.8
C-EEU-LTU,2020,WASH_MACH,other_materials,19769.88
C-EEU-LTU,2020,WASH_MACH,acrylonitrile_butadiene_styrene,1280.64
C-EEU-LTU,2020,WASH_MACH,other_plastics,7603.8
C-EEU-LTU,2020,WASH_MACH,polypropylene,5282.64
C-EEU-LTU,2020,WASH_MACH,bio-based_polypropylene,0
C-EEU-LTU,2020,WASH_MACH,steel,40260.12
C-EEU-LTU,2025,WASH_MACH,aluminium,2721.36
C-EEU-LTU,2025,WASH_MACH,copper,1520.76
C-EEU-LTU,2025,WASH_MACH,glass,1600.8
C-EEU-LTU,2025,WASH_MACH,other_materials,19769.88
C-EEU-LTU,2025,WASH_MACH,acrylonitrile_butadiene_styrene,1280.64
C-EEU-LTU,2025,WASH_MACH,other_plastics,7603.8
C-EEU-LTU,2025,WASH_MACH,polypropylene,5282.64
C-EEU-LTU,2025,WASH_MACH,bio-based_polypropylene,0
C-EEU-LTU,2025,WASH_MACH,steel,40260.12
C-EEU-LTU,2030,WASH_MACH,aluminium,2721.36
C-EEU-LTU,2030,WASH_MACH,copper,1520.76
C-EEU-LTU,2030,WASH_MACH,glass,1600.8
C-EEU-LTU,2030,WASH_MACH,other_materials,19769.88
C-EEU-LTU,2030,WASH_MACH,acrylonitrile_butadiene_styrene,1280.64
C-EEU-LTU,2030,WASH_MACH,other_plastics,7603.8
C-EEU-LTU,2030,WASH_MACH,polypropylene,5282.64
C-EEU-LTU,2030,WASH_MACH,bio-based_polypropylene,0
C-EEU-LTU,2030,WASH_MACH,steel,40260.12
C-EEU-LTU,2035,WASH_MACH,aluminium,2721.36
C-EEU-LTU,2035,WASH_MACH,copper,1520.76
C-EEU-LTU,2035,WASH_MACH,glass,1600.8
C-EEU-LTU,2035,WASH_MACH,other_materials,19769.88
C-EEU-LTU,2035,WASH_MACH,acrylonitrile_butadiene_styrene,1280.64
C-EEU-LTU,2035,WASH_MACH,other_plastics,7603.8
C-EEU-LTU,2035,WASH_MACH,polypropylene,5282.64
C-EEU-LTU,2035,WASH_MACH,bio-based_polypropylene,0
C-EEU-LTU,2035,WASH_MACH,steel,40260.12
C-EEU-LTU,2040,WASH_MACH,aluminium,2721.36
C-EEU-LTU,2040,WASH_MACH,copper,1520.76
C-EEU-LTU,2040,WASH_MACH,glass,1600.8
C-EEU-LTU,2040,WASH_MACH,other_materials,19769.88
C-EEU-LTU,2040,WASH_MACH,acrylonitrile_butadiene_styrene,1280.64
C-EEU-LTU,2040,WASH_MACH,other_plastics,7603.8
C-EEU-LTU,2040,WASH_MACH,polypropylene,5282.64
C-EEU-LTU,2040,WASH_MACH,bio-based_polypropylene,0
C-EEU-LTU,2040,WASH_MACH,steel,40260.12
C-EEU-LTU,2045,WASH_MACH,aluminium,2721.36
C-EEU-LTU,2045,WASH_MACH,copper,1520.76
C-EEU-LTU,2045,WASH_MACH,glass,1600.8
C-EEU-LTU,2045,WASH_MACH,other_materials,19769.88
C-EEU-LTU,2045,WASH_MACH,acrylonitrile_butadiene_styrene,1280.64
C-EEU-LTU,2045,WASH_MACH,other_plastics,7603.8
C-EEU-LTU,2045,WASH_MACH,polypropylene,5282.64
C-EEU-LTU,2045,WASH_MACH,bio-based_polypropylene,0
C-EEU-LTU,2045,WASH_MACH,steel,40260.12
C-EEU-LTU,2050,WASH_MACH,aluminium,2721.36
C-EEU-LTU,2050,WASH_MACH,copper,1520.76
C-EEU-LTU,2050,WASH_MACH,glass,1600.8
C-EEU-LTU,2050,WASH_MACH,other_materials,19769.88
C-EEU-LTU,2050,WASH_MACH,acrylonitrile_butadiene_styrene,1280.64
C-EEU-LTU,2050,WASH_MACH,other_plastics,7603.8
C-EEU-LTU,2050,WASH_MACH,polypropylene,5282.64
C-EEU-LTU,2050,WASH_MACH,bio-based_polypropylene,0
C-EEU-LTU,2050,WASH_MACH,steel,40260.12
C-EEU-LTU,2005,WASH_MACH_COM,aluminium,35424
C-EEU-LTU,2005,WASH_MACH_COM,copper,14956.8
C-EEU-LTU,2005,WASH_MACH_COM,glass,5116.8
C-EEU-LTU,2005,WASH_MACH_COM,other_materials,80333.76
C-EEU-LTU,2005,WASH_MACH_COM,acrylonitrile_butadiene_styrene,1613.76
C-EEU-LTU,2005,WASH_MACH_COM,other_plastics,9446.4
C-EEU-LTU,2005,WASH_MACH_COM,polypropylene,6612.48
C-EEU-LTU,2005,WASH_MACH_COM,bio-based_polypropylene,0
C-EEU-LTU,2005,WASH_MACH_COM,steel,240096
C-EEU-LTU,2010,WASH_MACH_COM,aluminium,35424
C-EEU-LTU,2010,WASH_MACH_COM,copper,14956.8
C-EEU-LTU,2010,WASH_MACH_COM,glass,5116.8
C-EEU-LTU,2010,WASH_MACH_COM,other_materials,80333.76
C-EEU-LTU,2010,WASH_MACH_COM,acrylonitrile_butadiene_styrene,1613.76
C-EEU-LTU,2010,WASH_MACH_COM,other_plastics,9446.4
C-EEU-LTU,2010,WASH_MACH_COM,polypropylene,6612.48
C-EEU-LTU,2010,WASH_MACH_COM,bio-based_polypropylene,0
C-EEU-LTU,2010,WASH_MACH_COM,steel,240096
C-EEU-LTU,2015,WASH_MACH_COM,aluminium,35424
C-EEU-LTU,2015,WASH_MACH_COM,copper,14956.8
C-EEU-LTU,2015,WASH_MACH_COM,glass,5116.8
C-EEU-LTU,2015,WASH_MACH_COM,other_materials,80333.76
C-EEU-LTU,2015,WASH_MACH_COM,acrylonitrile_butadiene_styrene,1613.76
C-EEU-LTU,2015,WASH_MACH_COM,other_plastics,9446.4
C-EEU-LTU,2015,WASH_MACH_COM,polypropylene,6612.48
C-EEU-LTU,2015,WASH_MACH_COM,bio-based_polypropylene,0
C-EEU-LTU,2015,WASH_MACH_COM,steel,240096
C-EEU-LTU,2020,WASH_MACH_COM,aluminium,35424
C-EEU-LTU,2020,WASH_MACH_COM,copper,14956.8
C-EEU-LTU,2020,WASH_MACH_COM,glass,5116.8
C-EEU-LTU,2020,WASH_MACH_COM,other_materials,80333.76
C-EEU-LTU,2020,WASH_MACH_COM,acrylonitrile_butadiene_styrene,1613.76
C-EEU-LTU,2020,WASH_MACH_COM,other_plastics,9446.4
C-EEU-LTU,2020,WASH_MACH_COM,polypropylene,6612.48
C-EEU-LTU,2020,WASH_MACH_COM,bio-based_polypropylene,0
C-EEU-LTU,2020,WASH_MACH_COM,steel,240096
C-EEU-LTU,2025,WASH_MACH_COM,aluminium,35424
C-EEU-LTU,2025,WASH_MACH_COM,copper,14956.8
C-EEU-LTU,2025,WASH_MACH_COM,glass,5116.8
C-EEU-LTU,2025,WASH_MACH_COM,other_materials,80333.76
C-EEU-LTU,2025,WASH_MACH_COM,acrylonitrile_butadiene_styrene,1613.76
C-EEU-LTU,2025,WASH_MACH_COM,other_plastics,9446.4
C-EEU-LTU,2025,WASH_MACH_COM,polypropylene,6612.48
C-EEU-LTU,2025,WASH_MACH_COM,bio-based_polypropylene,0
C-EEU-LTU,2025,WASH_MACH_COM,steel,240096
C-EEU-LTU,2030,WASH_MACH_COM,aluminium,35424
C-EEU-LTU,2030,WASH_MACH_COM,copper,14956.8
C-EEU-LTU,2030,WASH_MACH_COM,glass,5116.8
C-EEU-LTU,2030,WASH_MACH_COM,other_materials,80333.76
C-EEU-LTU,2030,WASH_MACH_COM,acrylonitrile_butadiene_styrene,1613.76
C-EEU-LTU,2030,WASH_MACH_COM,other_plastics,9446.4
C-EEU-LTU,2030,WASH_MACH_COM,polypropylene,6612.48
C-EEU-LTU,2030,WASH_MACH_COM,bio-based_polypropylene,0
C-EEU-LTU,2030,WASH_MACH_COM,steel,240096
C-EEU-LTU,2035,WASH_MACH_COM,aluminium,35424
C-EEU-LTU,2035,WASH_MACH_COM,copper,14956.8
C-EEU-LTU,2035,WASH_MACH_COM,glass,5116.8
C-EEU-LTU,2035,WASH_MACH_COM,other_materials,80333.76
C-EEU-LTU,2035,WASH_MACH_COM,acrylonitrile_butadiene_styrene,1613.76
C-EEU-LTU,2035,WASH_MACH_COM,other_plastics,9446.4
C-EEU-LTU,2035,WASH_MACH_COM,polypropylene,6612.48
C-EEU-LTU,2035,WASH_MACH_COM,bio-based_polypropylene,0
C-EEU-LTU,2035,WASH_MACH_COM,steel,240096
C-EEU-LTU,2040,WASH_MACH_COM,aluminium,35424
C-EEU-LTU,2040,WASH_MACH_COM,copper,14956.8
C-EEU-LTU,2040,WASH_MACH_COM,glass,5116.8
C-EEU-LTU,2040,WASH_MACH_COM,other_materials,80333.76
C-EEU-LTU,2040,WASH_MACH_COM,acrylonitrile_butadiene_styrene,1613.76
C-EEU-LTU,2040,WASH_MACH_COM,other_plastics,9446.4
C-EEU-LTU,2040,WASH_MACH_COM,polypropylene,6612.48
C-EEU-LTU,2040,WASH_MACH_COM,bio-based_polypropylene,0
C-EEU-LTU,2040,WASH_MACH_COM,steel,240096
C-EEU-LTU,2045,WASH_MACH_COM,aluminium,35424
C-EEU-LTU,2045,WASH_MACH_COM,copper,14956.8
C-EEU-LTU,2045,WASH_MACH_COM,glass,5116.8
C-EEU-LTU,2045,WASH_MACH_COM,other_materials,80333.76
C-EEU-LTU,2045,WASH_MACH_COM,acrylonitrile_butadiene_styrene,1613.76
C-EEU-LTU,2045,WASH_MACH_COM,other_plastics,9446.4
C-EEU-LTU,2045,WASH_MACH_COM,polypropylene,6612.48
C-EEU-LTU,2045,WASH_MACH_COM,bio-based_polypropylene,0
C-EEU-LTU,2045,WASH_MACH_COM,steel,240096
C-EEU-LTU,2050,WASH_MACH_COM,aluminium,35424
C-EEU-LTU,2050,WASH_MACH_COM,copper,14956.8
C-EEU-LTU,2050,WASH_MACH_COM,glass,5116.8
C-EEU-LTU,2050,WASH_MACH_COM,other_materials,80333.76
C-EEU-LTU,2050,WASH_MACH_COM,acrylonitrile_butadiene_styrene,1613.76
C-EEU-LTU,2050,WASH_MACH_COM,other_plastics,9446.4
C-EEU-LTU,2050,WASH_MACH_COM,polypropylene,6612.48
C-EEU-LTU,2050,WASH_MACH_COM,bio-based_polypropylene,0
C-EEU-LTU,2050,WASH_MACH_COM,steel,240096
C-EEU-LVA,2005,WASH_MACH,aluminium,2721.36
C-EEU-LVA,2005,WASH_MACH,copper,1520.76
C-EEU-LVA,2005,WASH_MACH,glass,1600.8
C-EEU-LVA,2005,WASH_MACH,other_materials,19769.88
C-EEU-LVA,2005,WASH_MACH,acrylonitrile_butadiene_styrene,1280.64
C-EEU-LVA,2005,WASH_MACH,other_plastics,7603.8
C-EEU-LVA,2005,WASH_MACH,polypropylene,5282.64
C-EEU-LVA,2005,WASH_MACH,bio-based_polypropylene,0
C-EEU-LVA,2005,WASH_MACH,steel,40260.12
C-EEU-LVA,2010,WASH_MACH,aluminium,2721.36
C-EEU-LVA,2010,WASH_MACH,copper,1520.76
C-EEU-LVA,2010,WASH_MACH,glass,1600.8
C-EEU-LVA,2010,WASH_MACH,other_materials,19769.88
C-EEU-LVA,2010,WASH_MACH,acrylonitrile_butadiene_styrene,1280.64
C-EEU-LVA,2010,WASH_MACH,other_plastics,7603.8
C-EEU-LVA,2010,WASH_MACH,polypropylene,5282.64
C-EEU-LVA,2010,WASH_MACH,bio-based_polypropylene,0
C-EEU-LVA,2010,WASH_MACH,steel,40260.12
C-EEU-LVA,2015,WASH_MACH,aluminium,2721.36
C-EEU-LVA,2015,WASH_MACH,copper,1520.76
C-EEU-LVA,2015,WASH_MACH,glass,1600.8
C-EEU-LVA,2015,WASH_MACH,other_materials,19769.88
C-EEU-LVA,2015,WASH_MACH,acrylonitrile_butadiene_styrene,1280.64
C-EEU-LVA,2015,WASH_MACH,other_plastics,7603.8
C-EEU-LVA,2015,WASH_MACH,polypropylene,5282.64
C-EEU-LVA,2015,WASH_MACH,bio-based_polypropylene,0
C-EEU-LVA,2015,WASH_MACH,steel,40260.12
C-EEU-LVA,2020,WASH_MACH,aluminium,2721.36
C-EEU-LVA,2020,WASH_MACH,copper,1520.76
C-EEU-LVA,2020,WASH_MACH,glass,1600.8
C-EEU-LVA,2020,WASH_MACH,other_materials,19769.88
C-EEU-LVA,2020,WASH_MACH,acrylonitrile_butadiene_styrene,1280.64
C-EEU-LVA,2020,WASH_MACH,other_plastics,7603.8
C-EEU-LVA,2020,WASH_MACH,polypropylene,5282.64
C-EEU-LVA,2020,WASH_MACH,bio-based_polypropylene,0
C-EEU-LVA,2020,WASH_MACH,steel,40260.12
C-EEU-LVA,2025,WASH_MACH,aluminium,2721.36
C-EEU-LVA,2025,WASH_MACH,copper,1520.76
C-EEU-LVA,2025,WASH_MACH,glass,1600.8
C-EEU-LVA,2025,WASH_MACH,other_materials,19769.88
C-EEU-LVA,2025,WASH_MACH,acrylonitrile_butadiene_styrene,1280.64
C-EEU-LVA,2025,WASH_MACH,other_plastics,7603.8
C-EEU-LVA,2025,WASH_MACH,polypropylene,5282.64
C-EEU-LVA,2025,WASH_MACH,bio-based_polypropylene,0
C-EEU-LVA,2025,WASH_MACH,steel,40260.12
C-EEU-LVA,2030,WASH_MACH,aluminium,2721.36
C-EEU-LVA,2030,WASH_MACH,copper,1520.76
C-EEU-LVA,2030,WASH_MACH,glass,1600.8
C-EEU-LVA,2030,WASH_MACH,other_materials,19769.88
C-EEU-LVA,2030,WASH_MACH,acrylonitrile_butadiene_styrene,1280.64
C-EEU-LVA,2030,WASH_MACH,other_plastics,7603.8
C-EEU-LVA,2030,WASH_MACH,polypropylene,5282.64
C-EEU-LVA,2030,WASH_MACH,bio-based_polypropylene,0
C-EEU-LVA,2030,WASH_MACH,steel,40260.12
C-EEU-LVA,2035,WASH_MACH,aluminium,2721.36
C-EEU-LVA,2035,WASH_MACH,copper,1520.76
C-EEU-LVA,2035,WASH_MACH,glass,1600.8
C-EEU-LVA,2035,WASH_MACH,other_materials,19769.88
C-EEU-LVA,2035,WASH_MACH,acrylonitrile_butadiene_styrene,1280.64
C-EEU-LVA,2035,WASH_MACH,other_plastics,7603.8
C-EEU-LVA,2035,WASH_MACH,polypropylene,5282.64
C-EEU-LVA,2035,WASH_MACH,bio-based_polypropylene,0
C-EEU-LVA,2035,WASH_MACH,steel,40260.12
C-EEU-LVA,2040,WASH_MACH,aluminium,2721.36
C-EEU-LVA,2040,WASH_MACH,copper,1520.76
C-EEU-LVA,2040,WASH_MACH,glass,1600.8
C-EEU-LVA,2040,WASH_MACH,other_materials,19769.88
C-EEU-LVA,2040,WASH_MACH,acrylonitrile_butadiene_styrene,1280.64
C-EEU-LVA,2040,WASH_MACH,other_plastics,7603.8
C-EEU-LVA,2040,WASH_MACH,polypropylene,5282.64
C-EEU-LVA,2040,WASH_MACH,bio-based_polypropylene,0
C-EEU-LVA,2040,WASH_MACH,steel,40260.12
C-EEU-LVA,2045,WASH_MACH,aluminium,2721.36
C-EEU-LVA,2045,WASH_MACH,copper,1520.76
C-EEU-LVA,2045,WASH_MACH,glass,1600.8
C-EEU-LVA,2045,WASH_MACH,other_materials,19769.88
C-EEU-LVA,2045,WASH_MACH,acrylonitrile_butadiene_styrene,1280.64
C-EEU-LVA,2045,WASH_MACH,other_plastics,7603.8
C-EEU-LVA,2045,WASH_MACH,polypropylene,5282.64
C-EEU-LVA,2045,WASH_MACH,bio-based_polypropylene,0
C-EEU-LVA,2045,WASH_MACH,steel,40260.12
C-EEU-LVA,2050,WASH_MACH,aluminium,2721.36
C-EEU-LVA,2050,WASH_MACH,copper,1520.76
C-EEU-LVA,2050,WASH_MACH,glass,1600.8
C-EEU-LVA,2050,WASH_MACH,other_materials,19769.88
C-EEU-LVA,2050,WASH_MACH,acrylonitrile_butadiene_styrene,1280.64
C-EEU-LVA,2050,WASH_MACH,other_plastics,7603.8
C-EEU-LVA,2050,WASH_MACH,polypropylene,5282.64
C-EEU-LVA,2050,WASH_MACH,bio-based_polypropylene,0
C-EEU-LVA,2050,WASH_MACH,steel,40260.12
C-EEU-LVA,2005,WASH_MACH_COM,aluminium,35424
C-EEU-LVA,2005,WASH_MACH_COM,copper,14956.8
C-EEU-LVA,2005,WASH_MACH_COM,glass,5116.8
C-EEU-LVA,2005,WASH_MACH_COM,other_materials,80333.76
C-EEU-LVA,2005,WASH_MACH_COM,acrylonitrile_butadiene_styrene,1613.76
C-EEU-LVA,2005,WASH_MACH_COM,other_plastics,9446.4
C-EEU-LVA,2005,WASH_MACH_COM,polypropylene,6612.48
C-EEU-LVA,2005,WASH_MACH_COM,bio-based_polypropylene,0
C-EEU-LVA,2005,WASH_MACH_COM,steel,240096
C-EEU-LVA,2010,WASH_MACH_COM,aluminium,35424
C-EEU-LVA,2010,WASH_MACH_COM,copper,14956.8
C-EEU-LVA,2010,WASH_MACH_COM,glass,5116.8
C-EEU-LVA,2010,WASH_MACH_COM,other_materials,80333.76
C-EEU-LVA,2010,WASH_MACH_COM,acrylonitrile_butadiene_styrene,1613.76
C-EEU-LVA,2010,WASH_MACH_COM,other_plastics,9446.4
C-EEU-LVA,2010,WASH_MACH_COM,polypropylene,6612.48
C-EEU-LVA,2010,WASH_MACH_COM,bio-based_polypropylene,0
C-EEU-LVA,2010,WASH_MACH_COM,steel,240096
C-EEU-LVA,2015,WASH_MACH_COM,aluminium,35424
C-EEU-LVA,2015,WASH_MACH_COM,copper,14956.8
C-EEU-LVA,2015,WASH_MACH_COM,glass,5116.8
C-EEU-LVA,2015,WASH_MACH_COM,other_materials,80333.76
C-EEU-LVA,2015,WASH_MACH_COM,acrylonitrile_butadiene_styrene,1613.76
C-EEU-LVA,2015,WASH_MACH_COM,other_plastics,9446.4
C-EEU-LVA,2015,WASH_MACH_COM,polypropylene,6612.48
C-EEU-LVA,2015,WASH_MACH_COM,bio-based_polypropylene,0
C-EEU-LVA,2015,WASH_MACH_COM,steel,240096
C-EEU-LVA,2020,WASH_MACH_COM,aluminium,35424
C-EEU-LVA,2020,WASH_MACH_COM,copper,14956.8
C-EEU-LVA,2020,WASH_MACH_COM,glass,5116.8
C-EEU-LVA,2020,WASH_MACH_COM,other_materials,80333.76
C-EEU-LVA,2020,WASH_MACH_COM,acrylonitrile_butadiene_styrene,1613.76
C-EEU-LVA,2020,WASH_MACH_COM,other_plastics,9446.4
C-EEU-LVA,2020,WASH_MACH_COM,polypropylene,6612.48
C-EEU-LVA,2020,WASH_MACH_COM,bio-based_polypropylene,0
C-EEU-LVA,2020,WASH_MACH_COM,steel,240096
C-EEU-LVA,2025,WASH_MACH_COM,aluminium,35424
C-EEU-LVA,2025,WASH_MACH_COM,copper,14956.8
C-EEU-LVA,2025,WASH_MACH_COM,glass,5116.8
C-EEU-LVA,2025,WASH_MACH_COM,other_materials,80333.76
C-EEU-LVA,2025,WASH_MACH_COM,acrylonitrile_butadiene_styrene,1613.76
C-EEU-LVA,2025,WASH_MACH_COM,other_plastics,9446.4
C-EEU-LVA,2025,WASH_MACH_COM,polypropylene,6612.48
C-EEU-LVA,2025,WASH_MACH_COM,bio-based_polypropylene,0
C-EEU-LVA,2025,WASH_MACH_COM,steel,240096
C-EEU-LVA,2030,WASH_MACH_COM,aluminium,35424
C-EEU-LVA,2030,WASH_MACH_COM,copper,14956.8
C-EEU-LVA,2030,WASH_MACH_COM,glass,5116.8
C-EEU-LVA,2030,WASH_MACH_COM,other_materials,80333.76
C-EEU-LVA,2030,WASH_MACH_COM,acrylonitrile_butadiene_styrene,1613.76
C-EEU-LVA,2030,WASH_MACH_COM,other_plastics,9446.4
C-EEU-LVA,2030,WASH_MACH_COM,polypropylene,6612.48
C-EEU-LVA,2030,WASH_MACH_COM,bio-based_polypropylene,0
C-EEU-LVA,2030,WASH_MACH_COM,steel,240096
C-EEU-LVA,2035,WASH_MACH_COM,aluminium,35424
C-EEU-LVA,2035,WASH_MACH_COM,copper,14956.8
C-EEU-LVA,2035,WASH_MACH_COM,glass,5116.8
C-EEU-LVA,2035,WASH_MACH_COM,other_materials,80333.76
C-EEU-LVA,2035,WASH_MACH_COM,acrylonitrile_butadiene_styrene,1613.76
C-EEU-LVA,2035,WASH_MACH_COM,other_plastics,9446.4
C-EEU-LVA,2035,WASH_MACH_COM,polypropylene,6612.48
C-EEU-LVA,2035,WASH_MACH_COM,bio-based_polypropylene,0
C-EEU-LVA,2035,WASH_MACH_COM,steel,240096
C-EEU-LVA,2040,WASH_MACH_COM,aluminium,35424
C-EEU-LVA,2040,WASH_MACH_COM,copper,14956.8
C-EEU-LVA,2040,WASH_MACH_COM,glass,5116.8
C-EEU-LVA,2040,WASH_MACH_COM,other_materials,80333.76
C-EEU-LVA,2040,WASH_MACH_COM,acrylonitrile_butadiene_styrene,1613.76
C-EEU-LVA,2040,WASH_MACH_COM,other_plastics,9446.4
C-EEU-LVA,2040,WASH_MACH_COM,polypropylene,6612.48
C-EEU-LVA,2040,WASH_MACH_COM,bio-based_polypropylene,0
C-EEU-LVA,2040,WASH_MACH_COM,steel,240096
C-EEU-LVA,2045,WASH_MACH_COM,aluminium,35424
C-EEU-LVA,2045,WASH_MACH_COM,copper,14956.8
C-EEU-LVA,2045,WASH_MACH_COM,glass,5116.8
C-EEU-LVA,2045,WASH_MACH_COM,other_materials,80333.76
C-EEU-LVA,2045,WASH_MACH_COM,acrylonitrile_butadiene_styrene,1613.76
C-EEU-LVA,2045,WASH_MACH_COM,other_plastics,9446.4
C-EEU-LVA,2045,WASH_MACH_COM,polypropylene,6612.48
C-EEU-LVA,2045,WASH_MACH_COM,bio-based_polypropylene,0
C-EEU-LVA,2045,WASH_MACH_COM,steel,240096
C-EEU-LVA,2050,WASH_MACH_COM,aluminium,35424
C-EEU-LVA,2050,WASH_MACH_COM,copper,14956.8
C-EEU-LVA,2050,WASH_MACH_COM,glass,5116.8
C-EEU-LVA,2050,WASH_MACH_COM,other_materials,80333.76
C-EEU-LVA,2050,WASH_MACH_COM,acrylonitrile_butadiene_styrene,1613.76
C-EEU-LVA,2050,WASH_MACH_COM,other_plastics,9446.4
C-EEU-LVA,2050,WASH_MACH_COM,polypropylene,6612.48
C-EEU-LVA,2050,WASH_MACH_COM,bio-based_polypropylene,0
C-EEU-LVA,2050,WASH_MACH_COM,steel,240096
C-EEU-POL,2005,WASH_MACH,aluminium,2721.36
C-EEU-POL,2005,WASH_MACH,copper,1520.76
C-EEU-POL,2005,WASH_MACH,glass,1600.8
C-EEU-POL,2005,WASH_MACH,other_materials,19769.88
C-EEU-POL,2005,WASH_MACH,acrylonitrile_butadiene_styrene,1280.64
C-EEU-POL,2005,WASH_MACH,other_plastics,7603.8
C-EEU-POL,2005,WASH_MACH,polypropylene,5282.64
C-EEU-POL,2005,WASH_MACH,bio-based_polypropylene,0
C-EEU-POL,2005,WASH_MACH,steel,40260.12
C-EEU-POL,2010,WASH_MACH,aluminium,2721.36
C-EEU-POL,2010,WASH_MACH,copper,1520.76
C-EEU-POL,2010,WASH_MACH,glass,1600.8
C-EEU-POL,2010,WASH_MACH,other_materials,19769.88
C-EEU-POL,2010,WASH_MACH,acrylonitrile_butadiene_styrene,1280.64
C-EEU-POL,2010,WASH_MACH,other_plastics,7603.8
C-EEU-POL,2010,WASH_MACH,polypropylene,5282.64
C-EEU-POL,2010,WASH_MACH,bio-based_polypropylene,0
C-EEU-POL,2010,WASH_MACH,steel,40260.12
C-EEU-POL,2015,WASH_MACH,aluminium,2721.36
C-EEU-POL,2015,WASH_MACH,copper,1520.76
C-EEU-POL,2015,WASH_MACH,glass,1600.8
C-EEU-POL,2015,WASH_MACH,other_materials,19769.88
C-EEU-POL,2015,WASH_MACH,acrylonitrile_butadiene_styrene,1280.64
C-EEU-POL,2015,WASH_MACH,other_plastics,7603.8
C-EEU-POL,2015,WASH_MACH,polypropylene,5282.64
C-EEU-POL,2015,WASH_MACH,bio-based_polypropylene,0
C-EEU-POL,2015,WASH_MACH,steel,40260.12
C-EEU-POL,2020,WASH_MACH,aluminium,2721.36
C-EEU-POL,2020,WASH_MACH,copper,1520.76
C-EEU-POL,2020,WASH_MACH,glass,1600.8
C-EEU-POL,2020,WASH_MACH,other_materials,19769.88
C-EEU-POL,2020,WASH_MACH,acrylonitrile_butadiene_styrene,1280.64
C-EEU-POL,2020,WASH_MACH,other_plastics,7603.8
C-EEU-POL,2020,WASH_MACH,polypropylene,5282.64
C-EEU-POL,2020,WASH_MACH,bio-based_polypropylene,0
C-EEU-POL,2020,WASH_MACH,steel,40260.12
C-EEU-POL,2025,WASH_MACH,aluminium,2721.36
C-EEU-POL,2025,WASH_MACH,copper,1520.76
C-EEU-POL,2025,WASH_MACH,glass,1600.8
C-EEU-POL,2025,WASH_MACH,other_materials,19769.88
C-EEU-POL,2025,WASH_MACH,acrylonitrile_butadiene_styrene,1280.64
C-EEU-POL,2025,WASH_MACH,other_plastics,7603.8
C-EEU-POL,2025,WASH_MACH,polypropylene,5282.64
C-EEU-POL,2025,WASH_MACH,bio-based_polypropylene,0
C-EEU-POL,2025,WASH_MACH,steel,40260.12
C-EEU-POL,2030,WASH_MACH,aluminium,2721.36
C-EEU-POL,2030,WASH_MACH,copper,1520.76
C-EEU-POL,2030,WASH_MACH,glass,1600.8
C-EEU-POL,2030,WASH_MACH,other_materials,19769.88
C-EEU-POL,2030,WASH_MACH,acrylonitrile_butadiene_styrene,1280.64
C-EEU-POL,2030,WASH_MACH,other_plastics,7603.8
C-EEU-POL,2030,WASH_MACH,polypropylene,5282.64
C-EEU-POL,2030,WASH_MACH,bio-based_polypropylene,0
C-EEU-POL,2030,WASH_MACH,steel,40260.12
C-EEU-POL,2035,WASH_MACH,aluminium,2721.36
C-EEU-POL,2035,WASH_MACH,copper,1520.76
C-EEU-POL,2035,WASH_MACH,glass,1600.8
C-EEU-POL,2035,WASH_MACH,other_materials,19769.88
C-EEU-POL,2035,WASH_MACH,acrylonitrile_butadiene_styrene,1280.64
C-EEU-POL,2035,WASH_MACH,other_plastics,7603.8
C-EEU-POL,2035,WASH_MACH,polypropylene,5282.64
C-EEU-POL,2035,WASH_MACH,bio-based_polypropylene,0
C-EEU-POL,2035,WASH_MACH,steel,40260.12
C-EEU-POL,2040,WASH_MACH,aluminium,2721.36
C-EEU-POL,2040,WASH_MACH,copper,1520.76
C-EEU-POL,2040,WASH_MACH,glass,1600.8
C-EEU-POL,2040,WASH_MACH,other_materials,19769.88
C-EEU-POL,2040,WASH_MACH,acrylonitrile_butadiene_styrene,1280.64
C-EEU-POL,2040,WASH_MACH,other_plastics,7603.8
C-EEU-POL,2040,WASH_MACH,polypropylene,5282.64
C-EEU-POL,2040,WASH_MACH,bio-based_polypropylene,0
C-EEU-POL,2040,WASH_MACH,steel,40260.12
C-EEU-POL,2045,WASH_MACH,aluminium,2721.36
C-EEU-POL,2045,WASH_MACH,copper,1520.76
C-EEU-POL,2045,WASH_MACH,glass,1600.8
C-EEU-POL,2045,WASH_MACH,other_materials,19769.88
C-EEU-POL,2045,WASH_MACH,acrylonitrile_butadiene_styrene,1280.64
C-EEU-POL,2045,WASH_MACH,other_plastics,7603.8
C-EEU-POL,2045,WASH_MACH,polypropylene,5282.64
C-EEU-POL,2045,WASH_MACH,bio-based_polypropylene,0
C-EEU-POL,2045,WASH_MACH,steel,40260.12
C-EEU-POL,2050,WASH_MACH,aluminium,2721.36
C-EEU-POL,2050,WASH_MACH,copper,1520.76
C-EEU-POL,2050,WASH_MACH,glass,1600.8
C-EEU-POL,2050,WASH_MACH,other_materials,19769.88
C-EEU-POL,2050,WASH_MACH,acrylonitrile_butadiene_styrene,1280.64
C-EEU-POL,2050,WASH_MACH,other_plastics,7603.8
C-EEU-POL,2050,WASH_MACH,polypropylene,5282.64
C-EEU-POL,2050,WASH_MACH,bio-based_polypropylene,0
C-EEU-POL,2050,WASH_MACH,steel,40260.12
C-EEU-POL,2005,WASH_MACH_COM,aluminium,35424
C-EEU-POL,2005,WASH_MACH_COM,copper,14956.8
C-EEU-POL,2005,WASH_MACH_COM,glass,5116.8
C-EEU-POL,2005,WASH_MACH_COM,other_materials,80333.76
C-EEU-POL,2005,WASH_MACH_COM,acrylonitrile_butadiene_styrene,1613.76
C-EEU-POL,2005,WASH_MACH_COM,other_plastics,9446.4
C-EEU-POL,2005,WASH_MACH_COM,polypropylene,6612.48
C-EEU-POL,2005,WASH_MACH_COM,bio-based_polypropylene,0
C-EEU-POL,2005,WASH_MACH_COM,steel,240096
C-EEU-POL,2010,WASH_MACH_COM,aluminium,35424
C-EEU-POL,2010,WASH_MACH_COM,copper,14956.8
C-EEU-POL,2010,WASH_MACH_COM,glass,5116.8
C-EEU-POL,2010,WASH_MACH_COM,other_materials,80333.76
C-EEU-POL,2010,WASH_MACH_COM,acrylonitrile_butadiene_styrene,1613.76
C-EEU-POL,2010,WASH_MACH_COM,other_plastics,9446.4
C-EEU-POL,2010,WASH_MACH_COM,polypropylene,6612.48
C-EEU-POL,2010,WASH_MACH_COM,bio-based_polypropylene,0
C-EEU-POL,2010,WASH_MACH_COM,steel,240096
C-EEU-POL,2015,WASH_MACH_COM,aluminium,35424
C-EEU-POL,2015,WASH_MACH_COM,copper,14956.8
C-EEU-POL,2015,WASH_MACH_COM,glass,5116.8
C-EEU-POL,2015,WASH_MACH_COM,other_materials,80333.76
C-EEU-POL,2015,WASH_MACH_COM,acrylonitrile_butadiene_styrene,1613.76
C-EEU-POL,2015,WASH_MACH_COM,other_plastics,9446.4
C-EEU-POL,2015,WASH_MACH_COM,polypropylene,6612.48
C-EEU-POL,2015,WASH_MACH_COM,bio-based_polypropylene,0
C-EEU-POL,2015,WASH_MACH_COM,steel,240096
C-EEU-POL,2020,WASH_MACH_COM,aluminium,35424
C-EEU-POL,2020,WASH_MACH_COM,copper,14956.8
C-EEU-POL,2020,WASH_MACH_COM,glass,5116.8
C-EEU-POL,2020,WASH_MACH_COM,other_materials,80333.76
C-EEU-POL,2020,WASH_MACH_COM,acrylonitrile_butadiene_styrene,1613.76
C-EEU-POL,2020,WASH_MACH_COM,other_plastics,9446.4
C-EEU-POL,2020,WASH_MACH_COM,polypropylene,6612.48
C-EEU-POL,2020,WASH_MACH_COM,bio-based_polypropylene,0
C-EEU-POL,2020,WASH_MACH_COM,steel,240096
C-EEU-POL,2025,WASH_MACH_COM,aluminium,35424
C-EEU-POL,2025,WASH_MACH_COM,copper,14956.8
C-EEU-POL,2025,WASH_MACH_COM,glass,5116.8
C-EEU-POL,2025,WASH_MACH_COM,other_materials,80333.76
C-EEU-POL,2025,WASH_MACH_COM,acrylonitrile_butadiene_styrene,1613.76
C-EEU-POL,2025,WASH_MACH_COM,other_plastics,9446.4
C-EEU-POL,2025,WASH_MACH_COM,polypropylene,6612.48
C-EEU-POL,2025,WASH_MACH_COM,bio-based_polypropylene,0
C-EEU-POL,2025,WASH_MACH_COM,steel,240096
C-EEU-POL,2030,WASH_MACH_COM,aluminium,35424
C-EEU-POL,2030,WASH_MACH_COM,copper,14956.8
C-EEU-POL,2030,WASH_MACH_COM,glass,5116.8
C-EEU-POL,2030,WASH_MACH_COM,other_materials,80333.76
C-EEU-POL,2030,WASH_MACH_COM,acrylonitrile_butadiene_styrene,1613.76
C-EEU-POL,2030,WASH_MACH_COM,other_plastics,9446.4
C-EEU-POL,2030,WASH_MACH_COM,polypropylene,6612.48
C-EEU-POL,2030,WASH_MACH_COM,bio-based_polypropylene,0
C-EEU-POL,2030,WASH_MACH_COM,steel,240096
C-EEU-POL,2035,WASH_MACH_COM,aluminium,35424
C-EEU-POL,2035,WASH_MACH_COM,copper,14956.8
C-EEU-POL,2035,WASH_MACH_COM,glass,5116.8
C-EEU-POL,2035,WASH_MACH_COM,other_materials,80333.76
C-EEU-POL,2035,WASH_MACH_COM,acrylonitrile_butadiene_styrene,1613.76
C-EEU-POL,2035,WASH_MACH_COM,other_plastics,9446.4
C-EEU-POL,2035,WASH_MACH_COM,polypropylene,6612.48
C-EEU-POL,2035,WASH_MACH_COM,bio-based_polypropylene,0
C-EEU-POL,2035,WASH_MACH_COM,steel,240096
C-EEU-POL,2040,WASH_MACH_COM,aluminium,35424
C-EEU-POL,2040,WASH_MACH_COM,copper,14956.8
C-EEU-POL,2040,WASH_MACH_COM,glass,5116.8
C-EEU-POL,2040,WASH_MACH_COM,other_materials,80333.76
C-EEU-POL,2040,WASH_MACH_COM,acrylonitrile_butadiene_styrene,1613.76
C-EEU-POL,2040,WASH_MACH_COM,other_plastics,9446.4
C-EEU-POL,2040,WASH_MACH_COM,polypropylene,6612.48
C-EEU-POL,2040,WASH_MACH_COM,bio-based_polypropylene,0
C-EEU-POL,2040,WASH_MACH_COM,steel,240096
C-EEU-POL,2045,WASH_MACH_COM,aluminium,35424
C-EEU-POL,2045,WASH_MACH_COM,copper,14956.8
C-EEU-POL,2045,WASH_MACH_COM,glass,5116.8
C-EEU-POL,2045,WASH_MACH_COM,other_materials,80333.76
C-EEU-POL,2045,WASH_MACH_COM,acrylonitrile_butadiene_styrene,1613.76
C-EEU-POL,2045,WASH_MACH_COM,other_plastics,9446.4
C-EEU-POL,2045,WASH_MACH_COM,polypropylene,6612.48
C-EEU-POL,2045,WASH_MACH_COM,bio-based_polypropylene,0
C-EEU-POL,2045,WASH_MACH_COM,steel,240096
C-EEU-POL,2050,WASH_MACH_COM,aluminium,35424
C-EEU-POL,2050,WASH_MACH_COM,copper,14956.8
C-EEU-POL,2050,WASH_MACH_COM,glass,5116.8
C-EEU-POL,2050,WASH_MACH_COM,other_materials,80333.76
C-EEU-POL,2050,WASH_MACH_COM,acrylonitrile_butadiene_styrene,1613.76
C-EEU-POL,2050,WASH_MACH_COM,other_plastics,9446.4
C-EEU-POL,2050,WASH_MACH_COM,polypropylene,6612.48
C-EEU-POL,2050,WASH_MACH_COM,bio-based_polypropylene,0
C-EEU-POL,2050,WASH_MACH_COM,steel,240096
C-EEU-ROU,2005,WASH_MACH,aluminium,2721.36
C-EEU-ROU,2005,WASH_MACH,copper,1520.76
C-EEU-ROU,2005,WASH_MACH,glass,1600.8
C-EEU-ROU,2005,WASH_MACH,other_materials,19769.88
C-EEU-ROU,2005,WASH_MACH,acrylonitrile_butadiene_styrene,1280.64
C-EEU-ROU,2005,WASH_MACH,other_plastics,7603.8
C-EEU-ROU,2005,WASH_MACH,polypropylene,5282.64
C-EEU-ROU,2005,WASH_MACH,bio-based_polypropylene,0
C-EEU-ROU,2005,WASH_MACH,steel,40260.12
C-EEU-ROU,2010,WASH_MACH,aluminium,2721.36
C-EEU-ROU,2010,WASH_MACH,copper,1520.76
C-EEU-ROU,2010,WASH_MACH,glass,1600.8
C-EEU-ROU,2010,WASH_MACH,other_materials,19769.88
C-EEU-ROU,2010,WASH_MACH,acrylonitrile_butadiene_styrene,1280.64
C-EEU-ROU,2010,WASH_MACH,other_plastics,7603.8
C-EEU-ROU,2010,WASH_MACH,polypropylene,5282.64
C-EEU-ROU,2010,WASH_MACH,bio-based_polypropylene,0
C-EEU-ROU,2010,WASH_MACH,steel,40260.12
C-EEU-ROU,2015,WASH_MACH,aluminium,2721.36
C-EEU-ROU,2015,WASH_MACH,copper,1520.76
C-EEU-ROU,2015,WASH_MACH,glass,1600.8
C-EEU-ROU,2015,WASH_MACH,other_materials,19769.88
C-EEU-ROU,2015,WASH_MACH,acrylonitrile_butadiene_styrene,1280.64
C-EEU-ROU,2015,WASH_MACH,other_plastics,7603.8
C-EEU-ROU,2015,WASH_MACH,polypropylene,5282.64
C-EEU-ROU,2015,WASH_MACH,bio-based_polypropylene,0
C-EEU-ROU,2015,WASH_MACH,steel,40260.12
C-EEU-ROU,2020,WASH_MACH,aluminium,2721.36
C-EEU-ROU,2020,WASH_MACH,copper,1520.76
C-EEU-ROU,2020,WASH_MACH,glass,1600.8
C-EEU-ROU,2020,WASH_MACH,other_materials,19769.88
C-EEU-ROU,2020,WASH_MACH,acrylonitrile_butadiene_styrene,1280.64
C-EEU-ROU,2020,WASH_MACH,other_plastics,7603.8
C-EEU-ROU,2020,WASH_MACH,polypropylene,5282.64
C-EEU-ROU,2020,WASH_MACH,bio-based_polypropylene,0
C-EEU-ROU,2020,WASH_MACH,steel,40260.12
C-EEU-ROU,2025,WASH_MACH,aluminium,2721.36
C-EEU-ROU,2025,WASH_MACH,copper,1520.76
C-EEU-ROU,2025,WASH_MACH,glass,1600.8
C-EEU-ROU,2025,WASH_MACH,other_materials,19769.88
C-EEU-ROU,2025,WASH_MACH,acrylonitrile_butadiene_styrene,1280.64
C-EEU-ROU,2025,WASH_MACH,other_plastics,7603.8
C-EEU-ROU,2025,WASH_MACH,polypropylene,5282.64
C-EEU-ROU,2025,WASH_MACH,bio-based_polypropylene,0
C-EEU-ROU,2025,WASH_MACH,steel,40260.12
C-EEU-ROU,2030,WASH_MACH,aluminium,2721.36
C-EEU-ROU,2030,WASH_MACH,copper,1520.76
C-EEU-ROU,2030,WASH_MACH,glass,1600.8
C-EEU-ROU,2030,WASH_MACH,other_materials,19769.88
C-EEU-ROU,2030,WASH_MACH,acrylonitrile_butadiene_styrene,1280.64
C-EEU-ROU,2030,WASH_MACH,other_plastics,7603.8
C-EEU-ROU,2030,WASH_MACH,polypropylene,5282.64
C-EEU-ROU,2030,WASH_MACH,bio-based_polypropylene,0
C-EEU-ROU,2030,WASH_MACH,steel,40260.12
C-EEU-ROU,2035,WASH_MACH,aluminium,2721.36
C-EEU-ROU,2035,WASH_MACH,copper,1520.76
C-EEU-ROU,2035,WASH_MACH,glass,1600.8
C-EEU-ROU,2035,WASH_MACH,other_materials,19769.88
C-EEU-ROU,2035,WASH_MACH,acrylonitrile_butadiene_styrene,1280.64
C-EEU-ROU,2035,WASH_MACH,other_plastics,7603.8
C-EEU-ROU,2035,WASH_MACH,polypropylene,5282.64
C-EEU-ROU,2035,WASH_MACH,bio-based_polypropylene,0
C-EEU-ROU,2035,WASH_MACH,steel,40260.12
C-EEU-ROU,2040,WASH_MACH,aluminium,2721.36
C-EEU-ROU,2040,WASH_MACH,copper,1520.76
C-EEU-ROU,2040,WASH_MACH,glass,1600.8
C-EEU-ROU,2040,WASH_MACH,other_materials,19769.88
C-EEU-ROU,2040,WASH_MACH,acrylonitrile_butadiene_styrene,1280.64
C-EEU-ROU,2040,WASH_MACH,other_plastics,7603.8
C-EEU-ROU,2040,WASH_MACH,polypropylene,5282.64
C-EEU-ROU,2040,WASH_MACH,bio-based_polypropylene,0
C-EEU-ROU,2040,WASH_MACH,steel,40260.12
C-EEU-ROU,2045,WASH_MACH,aluminium,2721.36
C-EEU-ROU,2045,WASH_MACH,copper,1520.76
C-EEU-ROU,2045,WASH_MACH,glass,1600.8
C-EEU-ROU,2045,WASH_MACH,other_materials,19769.88
C-EEU-ROU,2045,WASH_MACH,acrylonitrile_butadiene_styrene,1280.64
C-EEU-ROU,2045,WASH_MACH,other_plastics,7603.8
C-EEU-ROU,2045,WASH_MACH,polypropylene,5282.64
C-EEU-ROU,2045,WASH_MACH,bio-based_polypropylene,0
C-EEU-ROU,2045,WASH_MACH,steel,40260.12
C-EEU-ROU,2050,WASH_MACH,aluminium,2721.36
C-EEU-ROU,2050,WASH_MACH,copper,1520.76
C-EEU-ROU,2050,WASH_MACH,glass,1600.8
C-EEU-ROU,2050,WASH_MACH,other_materials,19769.88
C-EEU-ROU,2050,WASH_MACH,acrylonitrile_butadiene_styrene,1280.64
C-EEU-ROU,2050,WASH_MACH,other_plastics,7603.8
C-EEU-ROU,2050,WASH_MACH,polypropylene,5282.64
C-EEU-ROU,2050,WASH_MACH,bio-based_polypropylene,0
C-EEU-ROU,2050,WASH_MACH,steel,40260.12
C-EEU-ROU,2005,WASH_MACH_COM,aluminium,35424
C-EEU-ROU,2005,WASH_MACH_COM,copper,14956.8
C-EEU-ROU,2005,WASH_MACH_COM,glass,5116.8
C-EEU-ROU,2005,WASH_MACH_COM,other_materials,80333.76
C-EEU-ROU,2005,WASH_MACH_COM,acrylonitrile_butadiene_styrene,1613.76
C-EEU-ROU,2005,WASH_MACH_COM,other_plastics,9446.4
C-EEU-ROU,2005,WASH_MACH_COM,polypropylene,6612.48
C-EEU-ROU,2005,WASH_MACH_COM,bio-based_polypropylene,0
C-EEU-ROU,2005,WASH_MACH_COM,steel,240096
C-EEU-ROU,2010,WASH_MACH_COM,aluminium,35424
C-EEU-ROU,2010,WASH_MACH_COM,copper,14956.8
C-EEU-ROU,2010,WASH_MACH_COM,glass,5116.8
C-EEU-ROU,2010,WASH_MACH_COM,other_materials,80333.76
C-EEU-ROU,2010,WASH_MACH_COM,acrylonitrile_butadiene_styrene,1613.76
C-EEU-ROU,2010,WASH_MACH_COM,other_plastics,9446.4
C-EEU-ROU,2010,WASH_MACH_COM,polypropylene,6612.48
C-EEU-ROU,2010,WASH_MACH_COM,bio-based_polypropylene,0
C-EEU-ROU,2010,WASH_MACH_COM,steel,240096
C-EEU-ROU,2015,WASH_MACH_COM,aluminium,35424
C-EEU-ROU,2015,WASH_MACH_COM,copper,14956.8
C-EEU-ROU,2015,WASH_MACH_COM,glass,5116.8
C-EEU-ROU,2015,WASH_MACH_COM,other_materials,80333.76
C-EEU-ROU,2015,WASH_MACH_COM,acrylonitrile_butadiene_styrene,1613.76
C-EEU-ROU,2015,WASH_MACH_COM,other_plastics,9446.4
C-EEU-ROU,2015,WASH_MACH_COM,polypropylene,6612.48
C-EEU-ROU,2015,WASH_MACH_COM,bio-based_polypropylene,0
C-EEU-ROU,2015,WASH_MACH_COM,steel,240096
C-EEU-ROU,2020,WASH_MACH_COM,aluminium,35424
C-EEU-ROU,2020,WASH_MACH_COM,copper,14956.8
C-EEU-ROU,2020,WASH_MACH_COM,glass,5116.8
C-EEU-ROU,2020,WASH_MACH_COM,other_materials,80333.76
C-EEU-ROU,2020,WASH_MACH_COM,acrylonitrile_butadiene_styrene,1613.76
C-EEU-ROU,2020,WASH_MACH_COM,other_plastics,9446.4
C-EEU-ROU,2020,WASH_MACH_COM,polypropylene,6612.48
C-EEU-ROU,2020,WASH_MACH_COM,bio-based_polypropylene,0
C-EEU-ROU,2020,WASH_MACH_COM,steel,240096
C-EEU-ROU,2025,WASH_MACH_COM,aluminium,35424
C-EEU-ROU,2025,WASH_MACH_COM,copper,14956.8
C-EEU-ROU,2025,WASH_MACH_COM,glass,5116.8
C-EEU-ROU,2025,WASH_MACH_COM,other_materials,80333.76
C-EEU-ROU,2025,WASH_MACH_COM,acrylonitrile_butadiene_styrene,1613.76
C-EEU-ROU,2025,WASH_MACH_COM,other_plastics,9446.4
C-EEU-ROU,2025,WASH_MACH_COM,polypropylene,6612.48
C-EEU-ROU,2025,WASH_MACH_COM,bio-based_polypropylene,0
C-EEU-ROU,2025,WASH_MACH_COM,steel,240096
C-EEU-ROU,2030,WASH_MACH_COM,aluminium,35424
C-EEU-ROU,2030,WASH_MACH_COM,copper,14956.8
C-EEU-ROU,2030,WASH_MACH_COM,glass,5116.8
C-EEU-ROU,2030,WASH_MACH_COM,other_materials,80333.76
C-EEU-ROU,2030,WASH_MACH_COM,acrylonitrile_butadiene_styrene,1613.76
C-EEU-ROU,2030,WASH_MACH_COM,other_plastics,9446.4
C-EEU-ROU,2030,WASH_MACH_COM,polypropylene,6612.48
C-EEU-ROU,2030,WASH_MACH_COM,bio-based_polypropylene,0
C-EEU-ROU,2030,WASH_MACH_COM,steel,240096
C-EEU-ROU,2035,WASH_MACH_COM,aluminium,35424
C-EEU-ROU,2035,WASH_MACH_COM,copper,14956.8
C-EEU-ROU,2035,WASH_MACH_COM,glass,5116.8
C-EEU-ROU,2035,WASH_MACH_COM,other_materials,80333.76
C-EEU-ROU,2035,WASH_MACH_COM,acrylonitrile_butadiene_styrene,1613.76
C-EEU-ROU,2035,WASH_MACH_COM,other_plastics,9446.4
C-EEU-ROU,2035,WASH_MACH_COM,polypropylene,6612.48
C-EEU-ROU,2035,WASH_MACH_COM,bio-based_polypropylene,0
C-EEU-ROU,2035,WASH_MACH_COM,steel,240096
C-EEU-ROU,2040,WASH_MACH_COM,aluminium,35424
C-EEU-ROU,2040,WASH_MACH_COM,copper,14956.8
C-EEU-ROU,2040,WASH_MACH_COM,glass,5116.8
C-EEU-ROU,2040,WASH_MACH_COM,other_materials,80333.76
C-EEU-ROU,2040,WASH_MACH_COM,acrylonitrile_butadiene_styrene,1613.76
C-EEU-ROU,2040,WASH_MACH_COM,other_plastics,9446.4
C-EEU-ROU,2040,WASH_MACH_COM,polypropylene,6612.48
C-EEU-ROU,2040,WASH_MACH_COM,bio-based_polypropylene,0
C-EEU-ROU,2040,WASH_MACH_COM,steel,240096
C-EEU-ROU,2045,WASH_MACH_COM,aluminium,35424
C-EEU-ROU,2045,WASH_MACH_COM,copper,14956.8
C-EEU-ROU,2045,WASH_MACH_COM,glass,5116.8
C-EEU-ROU,2045,WASH_MACH_COM,other_materials,80333.76
C-EEU-ROU,2045,WASH_MACH_COM,acrylonitrile_butadiene_styrene,1613.76
C-EEU-ROU,2045,WASH_MACH_COM,other_plastics,9446.4
C-EEU-ROU,2045,WASH_MACH_COM,polypropylene,6612.48
C-EEU-ROU,2045,WASH_MACH_COM,bio-based_polypropylene,0
C-EEU-ROU,2045,WASH_MACH_COM,steel,240096
C-EEU-ROU,2050,WASH_MACH_COM,aluminium,35424
C-EEU-ROU,2050,WASH_MACH_COM,copper,14956.8
C-EEU-ROU,2050,WASH_MACH_COM,glass,5116.8
C-EEU-ROU,2050,WASH_MACH_COM,other_materials,80333.76
C-EEU-ROU,2050,WASH_MACH_COM,acrylonitrile_butadiene_styrene,1613.76
C-EEU-ROU,2050,WASH_MACH_COM,other_plastics,9446.4
C-EEU-ROU,2050,WASH_MACH_COM,polypropylene,6612.48
C-EEU-ROU,2050,WASH_MACH_COM,bio-based_polypropylene,0
C-EEU-ROU,2050,WASH_MACH_COM,steel,240096
C-EEU-SVK,2005,WASH_MACH,aluminium,2721.36
C-EEU-SVK,2005,WASH_MACH,copper,1520.76
C-EEU-SVK,2005,WASH_MACH,glass,1600.8
C-EEU-SVK,2005,WASH_MACH,other_materials,19769.88
C-EEU-SVK,2005,WASH_MACH,acrylonitrile_butadiene_styrene,1280.64
C-EEU-SVK,2005,WASH_MACH,other_plastics,7603.8
C-EEU-SVK,2005,WASH_MACH,polypropylene,5282.64
C-EEU-SVK,2005,WASH_MACH,bio-based_polypropylene,0
C-EEU-SVK,2005,WASH_MACH,steel,40260.12
C-EEU-SVK,2010,WASH_MACH,aluminium,2721.36
C-EEU-SVK,2010,WASH_MACH,copper,1520.76
C-EEU-SVK,2010,WASH_MACH,glass,1600.8
C-EEU-SVK,2010,WASH_MACH,other_materials,19769.88
C-EEU-SVK,2010,WASH_MACH,acrylonitrile_butadiene_styrene,1280.64
C-EEU-SVK,2010,WASH_MACH,other_plastics,7603.8
C-EEU-SVK,2010,WASH_MACH,polypropylene,5282.64
C-EEU-SVK,2010,WASH_MACH,bio-based_polypropylene,0
C-EEU-SVK,2010,WASH_MACH,steel,40260.12
C-EEU-SVK,2015,WASH_MACH,aluminium,2721.36
C-EEU-SVK,2015,WASH_MACH,copper,1520.76
C-EEU-SVK,2015,WASH_MACH,glass,1600.8
C-EEU-SVK,2015,WASH_MACH,other_materials,19769.88
C-EEU-SVK,2015,WASH_MACH,acrylonitrile_butadiene_styrene,1280.64
C-EEU-SVK,2015,WASH_MACH,other_plastics,7603.8
C-EEU-SVK,2015,WASH_MACH,polypropylene,5282.64
C-EEU-SVK,2015,WASH_MACH,bio-based_polypropylene,0
C-EEU-SVK,2015,WASH_MACH,steel,40260.12
C-EEU-SVK,2020,WASH_MACH,aluminium,2721.36
C-EEU-SVK,2020,WASH_MACH,copper,1520.76
C-EEU-SVK,2020,WASH_MACH,glass,1600.8
C-EEU-SVK,2020,WASH_MACH,other_materials,19769.88
C-EEU-SVK,2020,WASH_MACH,acrylonitrile_butadiene_styrene,1280.64
C-EEU-SVK,2020,WASH_MACH,other_plastics,7603.8
C-EEU-SVK,2020,WASH_MACH,polypropylene,5282.64
C-EEU-SVK,2020,WASH_MACH,bio-based_polypropylene,0
C-EEU-SVK,2020,WASH_MACH,steel,40260.12
C-EEU-SVK,2025,WASH_MACH,aluminium,2721.36
C-EEU-SVK,2025,WASH_MACH,copper,1520.76
C-EEU-SVK,2025,WASH_MACH,glass,1600.8
C-EEU-SVK,2025,WASH_MACH,other_materials,19769.88
C-EEU-SVK,2025,WASH_MACH,acrylonitrile_butadiene_styrene,1280.64
C-EEU-SVK,2025,WASH_MACH,other_plastics,7603.8
C-EEU-SVK,2025,WASH_MACH,polypropylene,5282.64
C-EEU-SVK,2025,WASH_MACH,bio-based_polypropylene,0
C-EEU-SVK,2025,WASH_MACH,steel,40260.12
C-EEU-SVK,2030,WASH_MACH,aluminium,2721.36
C-EEU-SVK,2030,WASH_MACH,copper,1520.76
C-EEU-SVK,2030,WASH_MACH,glass,1600.8
C-EEU-SVK,2030,WASH_MACH,other_materials,19769.88
C-EEU-SVK,2030,WASH_MACH,acrylonitrile_butadiene_styrene,1280.64
C-EEU-SVK,2030,WASH_MACH,other_plastics,7603.8
C-EEU-SVK,2030,WASH_MACH,polypropylene,5282.64
C-EEU-SVK,2030,WASH_MACH,bio-based_polypropylene,0
C-EEU-SVK,2030,WASH_MACH,steel,40260.12
C-EEU-SVK,2035,WASH_MACH,aluminium,2721.36
C-EEU-SVK,2035,WASH_MACH,copper,1520.76
C-EEU-SVK,2035,WASH_MACH,glass,1600.8
C-EEU-SVK,2035,WASH_MACH,other_materials,19769.88
C-EEU-SVK,2035,WASH_MACH,acrylonitrile_butadiene_styrene,1280.64
C-EEU-SVK,2035,WASH_MACH,other_plastics,7603.8
C-EEU-SVK,2035,WASH_MACH,polypropylene,5282.64
C-EEU-SVK,2035,WASH_MACH,bio-based_polypropylene,0
C-EEU-SVK,2035,WASH_MACH,steel,40260.12
C-EEU-SVK,2040,WASH_MACH,aluminium,2721.36
C-EEU-SVK,2040,WASH_MACH,copper,1520.76
C-EEU-SVK,2040,WASH_MACH,glass,1600.8
C-EEU-SVK,2040,WASH_MACH,other_materials,19769.88
C-EEU-SVK,2040,WASH_MACH,acrylonitrile_butadiene_styrene,1280.64
C-EEU-SVK,2040,WASH_MACH,other_plastics,7603.8
C-EEU-SVK,2040,WASH_MACH,polypropylene,5282.64
C-EEU-SVK,2040,WASH_MACH,bio-based_polypropylene,0
C-EEU-SVK,2040,WASH_MACH,steel,40260.12
C-EEU-SVK,2045,WASH_MACH,aluminium,2721.36
C-EEU-SVK,2045,WASH_MACH,copper,1520.76
C-EEU-SVK,2045,WASH_MACH,glass,1600.8
C-EEU-SVK,2045,WASH_MACH,other_materials,19769.88
C-EEU-SVK,2045,WASH_MACH,acrylonitrile_butadiene_styrene,1280.64
C-EEU-SVK,2045,WASH_MACH,other_plastics,7603.8
C-EEU-SVK,2045,WASH_MACH,polypropylene,5282.64
C-EEU-SVK,2045,WASH_MACH,bio-based_polypropylene,0
C-EEU-SVK,2045,WASH_MACH,steel,40260.12
C-EEU-SVK,2050,WASH_MACH,aluminium,2721.36
C-EEU-SVK,2050,WASH_MACH,copper,1520.76
C-EEU-SVK,2050,WASH_MACH,glass,1600.8
C-EEU-SVK,2050,WASH_MACH,other_materials,19769.88
C-EEU-SVK,2050,WASH_MACH,acrylonitrile_butadiene_styrene,1280.64
C-EEU-SVK,2050,WASH_MACH,other_plastics,7603.8
C-EEU-SVK,2050,WASH_MACH,polypropylene,5282.64
C-EEU-SVK,2050,WASH_MACH,bio-based_polypropylene,0
C-EEU-SVK,2050,WASH_MACH,steel,40260.12
C-EEU-SVK,2005,WASH_MACH_COM,aluminium,35424
C-EEU-SVK,2005,WASH_MACH_COM,copper,14956.8
C-EEU-SVK,2005,WASH_MACH_COM,glass,5116.8
C-EEU-SVK,2005,WASH_MACH_COM,other_materials,80333.76
C-EEU-SVK,2005,WASH_MACH_COM,acrylonitrile_butadiene_styrene,1613.76
C-EEU-SVK,2005,WASH_MACH_COM,other_plastics,9446.4
C-EEU-SVK,2005,WASH_MACH_COM,polypropylene,6612.48
C-EEU-SVK,2005,WASH_MACH_COM,bio-based_polypropylene,0
C-EEU-SVK,2005,WASH_MACH_COM,steel,240096
C-EEU-SVK,2010,WASH_MACH_COM,aluminium,35424
C-EEU-SVK,2010,WASH_MACH_COM,copper,14956.8
C-EEU-SVK,2010,WASH_MACH_COM,glass,5116.8
C-EEU-SVK,2010,WASH_MACH_COM,other_materials,80333.76
C-EEU-SVK,2010,WASH_MACH_COM,acrylonitrile_butadiene_styrene,1613.76
C-EEU-SVK,2010,WASH_MACH_COM,other_plastics,9446.4
C-EEU-SVK,2010,WASH_MACH_COM,polypropylene,6612.48
C-EEU-SVK,2010,WASH_MACH_COM,bio-based_polypropylene,0
C-EEU-SVK,2010,WASH_MACH_COM,steel,240096
C-EEU-SVK,2015,WASH_MACH_COM,aluminium,35424
C-EEU-SVK,2015,WASH_MACH_COM,copper,14956.8
C-EEU-SVK,2015,WASH_MACH_COM,glass,5116.8
C-EEU-SVK,2015,WASH_MACH_COM,other_materials,80333.76
C-EEU-SVK,2015,WASH_MACH_COM,acrylonitrile_butadiene_styrene,1613.76
C-EEU-SVK,2015,WASH_MACH_COM,other_plastics,9446.4
C-EEU-SVK,2015,WASH_MACH_COM,polypropylene,6612.48
C-EEU-SVK,2015,WASH_MACH_COM,bio-based_polypropylene,0
C-EEU-SVK,2015,WASH_MACH_COM,steel,240096
C-EEU-SVK,2020,WASH_MACH_COM,aluminium,35424
C-EEU-SVK,2020,WASH_MACH_COM,copper,14956.8
C-EEU-SVK,2020,WASH_MACH_COM,glass,5116.8
C-EEU-SVK,2020,WASH_MACH_COM,other_materials,80333.76
C-EEU-SVK,2020,WASH_MACH_COM,acrylonitrile_butadiene_styrene,1613.76
C-EEU-SVK,2020,WASH_MACH_COM,other_plastics,9446.4
C-EEU-SVK,2020,WASH_MACH_COM,polypropylene,6612.48
C-EEU-SVK,2020,WASH_MACH_COM,bio-based_polypropylene,0
C-EEU-SVK,2020,WASH_MACH_COM,steel,240096
C-EEU-SVK,2025,WASH_MACH_COM,aluminium,35424
C-EEU-SVK,2025,WASH_MACH_COM,copper,14956.8
C-EEU-SVK,2025,WASH_MACH_COM,glass,5116.8
C-EEU-SVK,2025,WASH_MACH_COM,other_materials,80333.76
C-EEU-SVK,2025,WASH_MACH_COM,acrylonitrile_butadiene_styrene,1613.76
C-EEU-SVK,2025,WASH_MACH_COM,other_plastics,9446.4
C-EEU-SVK,2025,WASH_MACH_COM,polypropylene,6612.48
C-EEU-SVK,2025,WASH_MACH_COM,bio-based_polypropylene,0
C-EEU-SVK,2025,WASH_MACH_COM,steel,240096
C-EEU-SVK,2030,WASH_MACH_COM,aluminium,35424
C-EEU-SVK,2030,WASH_MACH_COM,copper,14956.8
C-EEU-SVK,2030,WASH_MACH_COM,glass,5116.8
C-EEU-SVK,2030,WASH_MACH_COM,other_materials,80333.76
C-EEU-SVK,2030,WASH_MACH_COM,acrylonitrile_butadiene_styrene,1613.76
C-EEU-SVK,2030,WASH_MACH_COM,other_plastics,9446.4
C-EEU-SVK,2030,WASH_MACH_COM,polypropylene,6612.48
C-EEU-SVK,2030,WASH_MACH_COM,bio-based_polypropylene,0
C-EEU-SVK,2030,WASH_MACH_COM,steel,240096
C-EEU-SVK,2035,WASH_MACH_COM,aluminium,35424
C-EEU-SVK,2035,WASH_MACH_COM,copper,14956.8
C-EEU-SVK,2035,WASH_MACH_COM,glass,5116.8
C-EEU-SVK,2035,WASH_MACH_COM,other_materials,80333.76
C-EEU-SVK,2035,WASH_MACH_COM,acrylonitrile_butadiene_styrene,1613.76
C-EEU-SVK,2035,WASH_MACH_COM,other_plastics,9446.4
C-EEU-SVK,2035,WASH_MACH_COM,polypropylene,6612.48
C-EEU-SVK,2035,WASH_MACH_COM,bio-based_polypropylene,0
C-EEU-SVK,2035,WASH_MACH_COM,steel,240096
C-EEU-SVK,2040,WASH_MACH_COM,aluminium,35424
C-EEU-SVK,2040,WASH_MACH_COM,copper,14956.8
C-EEU-SVK,2040,WASH_MACH_COM,glass,5116.8
C-EEU-SVK,2040,WASH_MACH_COM,other_materials,80333.76
C-EEU-SVK,2040,WASH_MACH_COM,acrylonitrile_butadiene_styrene,1613.76
C-EEU-SVK,2040,WASH_MACH_COM,other_plastics,9446.4
C-EEU-SVK,2040,WASH_MACH_COM,polypropylene,6612.48
C-EEU-SVK,2040,WASH_MACH_COM,bio-based_polypropylene,0
C-EEU-SVK,2040,WASH_MACH_COM,steel,240096
C-EEU-SVK,2045,WASH_MACH_COM,aluminium,35424
C-EEU-SVK,2045,WASH_MACH_COM,copper,14956.8
C-EEU-SVK,2045,WASH_MACH_COM,glass,5116.8
C-EEU-SVK,2045,WASH_MACH_COM,other_materials,80333.76
C-EEU-SVK,2045,WASH_MACH_COM,acrylonitrile_butadiene_styrene,1613.76
C-EEU-SVK,2045,WASH_MACH_COM,other_plastics,9446.4
C-EEU-SVK,2045,WASH_MACH_COM,polypropylene,6612.48
C-EEU-SVK,2045,WASH_MACH_COM,bio-based_polypropylene,0
C-EEU-SVK,2045,WASH_MACH_COM,steel,240096
C-EEU-SVK,2050,WASH_MACH_COM,aluminium,35424
C-EEU-SVK,2050,WASH_MACH_COM,copper,14956.8
C-EEU-SVK,2050,WASH_MACH_COM,glass,5116.8
C-EEU-SVK,2050,WASH_MACH_COM,other_materials,80333.76
C-EEU-SVK,2050,WASH_MACH_COM,acrylonitrile_butadiene_styrene,1613.76
C-EEU-SVK,2050,WASH_MACH_COM,other_plastics,9446.4
C-EEU-SVK,2050,WASH_MACH_COM,polypropylene,6612.48
C-EEU-SVK,2050,WASH_MACH_COM,bio-based_polypropylene,0
C-EEU-SVK,2050,WASH_MACH_COM,steel,240096
C-EEU-SVN,2005,WASH_MACH,aluminium,2721.36
C-EEU-SVN,2005,WASH_MACH,copper,1520.76
C-EEU-SVN,2005,WASH_MACH,glass,1600.8
C-EEU-SVN,2005,WASH_MACH,other_materials,19769.88
C-EEU-SVN,2005,WASH_MACH,acrylonitrile_butadiene_styrene,1280.64
C-EEU-SVN,2005,WASH_MACH,other_plastics,7603.8
C-EEU-SVN,2005,WASH_MACH,polypropylene,5282.64
C-EEU-SVN,2005,WASH_MACH,bio-based_polypropylene,0
C-EEU-SVN,2005,WASH_MACH,steel,40260.12
C-EEU-SVN,2010,WASH_MACH,aluminium,2721.36
C-EEU-SVN,2010,WASH_MACH,copper,1520.76
C-EEU-SVN,2010,WASH_MACH,glass,1600.8
C-EEU-SVN,2010,WASH_MACH,other_materials,19769.88
C-EEU-SVN,2010,WASH_MACH,acrylonitrile_butadiene_styrene,1280.64
C-EEU-SVN,2010,WASH_MACH,other_plastics,7603.8
C-EEU-SVN,2010,WASH_MACH,polypropylene,5282.64
C-EEU-SVN,2010,WASH_MACH,bio-based_polypropylene,0
C-EEU-SVN,2010,WASH_MACH,steel,40260.12
C-EEU-SVN,2015,WASH_MACH,aluminium,2721.36
C-EEU-SVN,2015,WASH_MACH,copper,1520.76
C-EEU-SVN,2015,WASH_MACH,glass,1600.8
C-EEU-SVN,2015,WASH_MACH,other_materials,19769.88
C-EEU-SVN,2015,WASH_MACH,acrylonitrile_butadiene_styrene,1280.64
C-EEU-SVN,2015,WASH_MACH,other_plastics,7603.8
C-EEU-SVN,2015,WASH_MACH,polypropylene,5282.64
C-EEU-SVN,2015,WASH_MACH,bio-based_polypropylene,0
C-EEU-SVN,2015,WASH_MACH,steel,40260.12
C-EEU-SVN,2020,WASH_MACH,aluminium,2721.36
C-EEU-SVN,2020,WASH_MACH,copper,1520.76
C-EEU-SVN,2020,WASH_MACH,glass,1600.8
C-EEU-SVN,2020,WASH_MACH,other_materials,19769.88
C-EEU-SVN,2020,WASH_MACH,acrylonitrile_butadiene_styrene,1280.64
C-EEU-SVN,2020,WASH_MACH,other_plastics,7603.8
C-EEU-SVN,2020,WASH_MACH,polypropylene,5282.64
C-EEU-SVN,2020,WASH_MACH,bio-based_polypropylene,0
C-EEU-SVN,2020,WASH_MACH,steel,40260.12
C-EEU-SVN,2025,WASH_MACH,aluminium,2721.36
C-EEU-SVN,2025,WASH_MACH,copper,1520.76
C-EEU-SVN,2025,WASH_MACH,glass,1600.8
C-EEU-SVN,2025,WASH_MACH,other_materials,19769.88
C-EEU-SVN,2025,WASH_MACH,acrylonitrile_butadiene_styrene,1280.64
C-EEU-SVN,2025,WASH_MACH,other_plastics,7603.8
C-EEU-SVN,2025,WASH_MACH,polypropylene,5282.64
C-EEU-SVN,2025,WASH_MACH,bio-based_polypropylene,0
C-EEU-SVN,2025,WASH_MACH,steel,40260.12
C-EEU-SVN,2030,WASH_MACH,aluminium,2721.36
C-EEU-SVN,2030,WASH_MACH,copper,1520.76
C-EEU-SVN,2030,WASH_MACH,glass,1600.8
C-EEU-SVN,2030,WASH_MACH,other_materials,19769.88
C-EEU-SVN,2030,WASH_MACH,acrylonitrile_butadiene_styrene,1280.64
C-EEU-SVN,2030,WASH_MACH,other_plastics,7603.8
C-EEU-SVN,2030,WASH_MACH,polypropylene,5282.64
C-EEU-SVN,2030,WASH_MACH,bio-based_polypropylene,0
C-EEU-SVN,2030,WASH_MACH,steel,40260.12
C-EEU-SVN,2035,WASH_MACH,aluminium,2721.36
C-EEU-SVN,2035,WASH_MACH,copper,1520.76
C-EEU-SVN,2035,WASH_MACH,glass,1600.8
C-EEU-SVN,2035,WASH_MACH,other_materials,19769.88
C-EEU-SVN,2035,WASH_MACH,acrylonitrile_butadiene_styrene,1280.64
C-EEU-SVN,2035,WASH_MACH,other_plastics,7603.8
C-EEU-SVN,2035,WASH_MACH,polypropylene,5282.64
C-EEU-SVN,2035,WASH_MACH,bio-based_polypropylene,0
C-EEU-SVN,2035,WASH_MACH,steel,40260.12
C-EEU-SVN,2040,WASH_MACH,aluminium,2721.36
C-EEU-SVN,2040,WASH_MACH,copper,1520.76
C-EEU-SVN,2040,WASH_MACH,glass,1600.8
C-EEU-SVN,2040,WASH_MACH,other_materials,19769.88
C-EEU-SVN,2040,WASH_MACH,acrylonitrile_butadiene_styrene,1280.64
C-EEU-SVN,2040,WASH_MACH,other_plastics,7603.8
C-EEU-SVN,2040,WASH_MACH,polypropylene,5282.64
C-EEU-SVN,2040,WASH_MACH,bio-based_polypropylene,0
C-EEU-SVN,2040,WASH_MACH,steel,40260.12
C-EEU-SVN,2045,WASH_MACH,aluminium,2721.36
C-EEU-SVN,2045,WASH_MACH,copper,1520.76
C-EEU-SVN,2045,WASH_MACH,glass,1600.8
C-EEU-SVN,2045,WASH_MACH,other_materials,19769.88
C-EEU-SVN,2045,WASH_MACH,acrylonitrile_butadiene_styrene,1280.64
C-EEU-SVN,2045,WASH_MACH,other_plastics,7603.8
C-EEU-SVN,2045,WASH_MACH,polypropylene,5282.64
C-EEU-SVN,2045,WASH_MACH,bio-based_polypropylene,0
C-EEU-SVN,2045,WASH_MACH,steel,40260.12
C-EEU-SVN,2050,WASH_MACH,aluminium,2721.36
C-EEU-SVN,2050,WASH_MACH,copper,1520.76
C-EEU-SVN,2050,WASH_MACH,glass,1600.8
C-EEU-SVN,2050,WASH_MACH,other_materials,19769.88
C-EEU-SVN,2050,WASH_MACH,acrylonitrile_butadiene_styrene,1280.64
C-EEU-SVN,2050,WASH_MACH,other_plastics,7603.8
C-EEU-SVN,2050,WASH_MACH,polypropylene,5282.64
C-EEU-SVN,2050,WASH_MACH,bio-based_polypropylene,0
C-EEU-SVN,2050,WASH_MACH,steel,40260.12
C-EEU-SVN,2005,WASH_MACH_COM,aluminium,35424
C-EEU-SVN,2005,WASH_MACH_COM,copper,14956.8
C-EEU-SVN,2005,WASH_MACH_COM,glass,5116.8
C-EEU-SVN,2005,WASH_MACH_COM,other_materials,80333.76
C-EEU-SVN,2005,WASH_MACH_COM,acrylonitrile_butadiene_styrene,1613.76
C-EEU-SVN,2005,WASH_MACH_COM,other_plastics,9446.4
C-EEU-SVN,2005,WASH_MACH_COM,polypropylene,6612.48
C-EEU-SVN,2005,WASH_MACH_COM,bio-based_polypropylene,0
C-EEU-SVN,2005,WASH_MACH_COM,steel,240096
C-EEU-SVN,2010,WASH_MACH_COM,aluminium,35424
C-EEU-SVN,2010,WASH_MACH_COM,copper,14956.8
C-EEU-SVN,2010,WASH_MACH_COM,glass,5116.8
C-EEU-SVN,2010,WASH_MACH_COM,other_materials,80333.76
C-EEU-SVN,2010,WASH_MACH_COM,acrylonitrile_butadiene_styrene,1613.76
C-EEU-SVN,2010,WASH_MACH_COM,other_plastics,9446.4
C-EEU-SVN,2010,WASH_MACH_COM,polypropylene,6612.48
C-EEU-SVN,2010,WASH_MACH_COM,bio-based_polypropylene,0
C-EEU-SVN,2010,WASH_MACH_COM,steel,240096
C-EEU-SVN,2015,WASH_MACH_COM,aluminium,35424
C-EEU-SVN,2015,WASH_MACH_COM,copper,14956.8
C-EEU-SVN,2015,WASH_MACH_COM,glass,5116.8
C-EEU-SVN,2015,WASH_MACH_COM,other_materials,80333.76
C-EEU-SVN,2015,WASH_MACH_COM,acrylonitrile_butadiene_styrene,1613.76
C-EEU-SVN,2015,WASH_MACH_COM,other_plastics,9446.4
C-EEU-SVN,2015,WASH_MACH_COM,polypropylene,6612.48
C-EEU-SVN,2015,WASH_MACH_COM,bio-based_polypropylene,0
C-EEU-SVN,2015,WASH_MACH_COM,steel,240096
C-EEU-SVN,2020,WASH_MACH_COM,aluminium,35424
C-EEU-SVN,2020,WASH_MACH_COM,copper,14956.8
C-EEU-SVN,2020,WASH_MACH_COM,glass,5116.8
C-EEU-SVN,2020,WASH_MACH_COM,other_materials,80333.76
C-EEU-SVN,2020,WASH_MACH_COM,acrylonitrile_butadiene_styrene,1613.76
C-EEU-SVN,2020,WASH_MACH_COM,other_plastics,9446.4
C-EEU-SVN,2020,WASH_MACH_COM,polypropylene,6612.48
C-EEU-SVN,2020,WASH_MACH_COM,bio-based_polypropylene,0
C-EEU-SVN,2020,WASH_MACH_COM,steel,240096
C-EEU-SVN,2025,WASH_MACH_COM,aluminium,35424
C-EEU-SVN,2025,WASH_MACH_COM,copper,14956.8
C-EEU-SVN,2025,WASH_MACH_COM,glass,5116.8
C-EEU-SVN,2025,WASH_MACH_COM,other_materials,80333.76
C-EEU-SVN,2025,WASH_MACH_COM,acrylonitrile_butadiene_styrene,1613.76
C-EEU-SVN,2025,WASH_MACH_COM,other_plastics,9446.4
C-EEU-SVN,2025,WASH_MACH_COM,polypropylene,6612.48
C-EEU-SVN,2025,WASH_MACH_COM,bio-based_polypropylene,0
C-EEU-SVN,2025,WASH_MACH_COM,steel,240096
C-EEU-SVN,2030,WASH_MACH_COM,aluminium,35424
C-EEU-SVN,2030,WASH_MACH_COM,copper,14956.8
C-EEU-SVN,2030,WASH_MACH_COM,glass,5116.8
C-EEU-SVN,2030,WASH_MACH_COM,other_materials,80333.76
C-EEU-SVN,2030,WASH_MACH_COM,acrylonitrile_butadiene_styrene,1613.76
C-EEU-SVN,2030,WASH_MACH_COM,other_plastics,9446.4
C-EEU-SVN,2030,WASH_MACH_COM,polypropylene,6612.48
C-EEU-SVN,2030,WASH_MACH_COM,bio-based_polypropylene,0
C-EEU-SVN,2030,WASH_MACH_COM,steel,240096
C-EEU-SVN,2035,WASH_MACH_COM,aluminium,35424
C-EEU-SVN,2035,WASH_MACH_COM,copper,14956.8
C-EEU-SVN,2035,WASH_MACH_COM,glass,5116.8
C-EEU-SVN,2035,WASH_MACH_COM,other_materials,80333.76
C-EEU-SVN,2035,WASH_MACH_COM,acrylonitrile_butadiene_styrene,1613.76
C-EEU-SVN,2035,WASH_MACH_COM,other_plastics,9446.4
C-EEU-SVN,2035,WASH_MACH_COM,polypropylene,6612.48
C-EEU-SVN,2035,WASH_MACH_COM,bio-based_polypropylene,0
C-EEU-SVN,2035,WASH_MACH_COM,steel,240096
C-EEU-SVN,2040,WASH_MACH_COM,aluminium,35424
C-EEU-SVN,2040,WASH_MACH_COM,copper,14956.8
C-EEU-SVN,2040,WASH_MACH_COM,glass,5116.8
C-EEU-SVN,2040,WASH_MACH_COM,other_materials,80333.76
C-EEU-SVN,2040,WASH_MACH_COM,acrylonitrile_butadiene_styrene,1613.76
C-EEU-SVN,2040,WASH_MACH_COM,other_plastics,9446.4
C-EEU-SVN,2040,WASH_MACH_COM,polypropylene,6612.48
C-EEU-SVN,2040,WASH_MACH_COM,bio-based_polypropylene,0
C-EEU-SVN,2040,WASH_MACH_COM,steel,240096
C-EEU-SVN,2045,WASH_MACH_COM,aluminium,35424
C-EEU-SVN,2045,WASH_MACH_COM,copper,14956.8
C-EEU-SVN,2045,WASH_MACH_COM,glass,5116.8
C-EEU-SVN,2045,WASH_MACH_COM,other_materials,80333.76
C-EEU-SVN,2045,WASH_MACH_COM,acrylonitrile_butadiene_styrene,1613.76
C-EEU-SVN,2045,WASH_MACH_COM,other_plastics,9446.4
C-EEU-SVN,2045,WASH_MACH_COM,polypropylene,6612.48
C-EEU-SVN,2045,WASH_MACH_COM,bio-based_polypropylene,0
C-EEU-SVN,2045,WASH_MACH_COM,steel,240096
C-EEU-SVN,2050,WASH_MACH_COM,aluminium,35424
C-EEU-SVN,2050,WASH_MACH_COM,copper,14956.8
C-EEU-SVN,2050,WASH_MACH_COM,glass,5116.8
C-EEU-SVN,2050,WASH_MACH_COM,other_materials,80333.76
C-EEU-SVN,2050,WASH_MACH_COM,acrylonitrile_butadiene_styrene,1613.76
C-EEU-SVN,2050,WASH_MACH_COM,other_plastics,9446.4
C-EEU-SVN,2050,WASH_MACH_COM,polypropylene,6612.48
C-EEU-SVN,2050,WASH_MACH_COM,bio-based_polypropylene,0
C-EEU-SVN,2050,WASH_MACH_COM,steel,240096
C-WEU-AUT,2005,WASH_MACH,aluminium,2721.36
C-WEU-AUT,2005,WASH_MACH,copper,1520.76
C-WEU-AUT,2005,WASH_MACH,glass,1600.8
C-WEU-AUT,2005,WASH_MACH,other_materials,19769.88
C-WEU-AUT,2005,WASH_MACH,acrylonitrile_butadiene_styrene,1280.64
C-WEU-AUT,2005,WASH_MACH,other_plastics,7603.8
C-WEU-AUT,2005,WASH_MACH,polypropylene,5282.64
C-WEU-AUT,2005,WASH_MACH,bio-based_polypropylene,0
C-WEU-AUT,2005,WASH_MACH,steel,40260.12
C-WEU-AUT,2010,WASH_MACH,aluminium,2721.36
C-WEU-AUT,2010,WASH_MACH,copper,1520.76
C-WEU-AUT,2010,WASH_MACH,glass,1600.8
C-WEU-AUT,2010,WASH_MACH,other_materials,19769.88
C-WEU-AUT,2010,WASH_MACH,acrylonitrile_butadiene_styrene,1280.64
C-WEU-AUT,2010,WASH_MACH,other_plastics,7603.8
C-WEU-AUT,2010,WASH_MACH,polypropylene,5282.64
C-WEU-AUT,2010,WASH_MACH,bio-based_polypropylene,0
C-WEU-AUT,2010,WASH_MACH,steel,40260.12
C-WEU-AUT,2015,WASH_MACH,aluminium,2721.36
C-WEU-AUT,2015,WASH_MACH,copper,1520.76
C-WEU-AUT,2015,WASH_MACH,glass,1600.8
C-WEU-AUT,2015,WASH_MACH,other_materials,19769.88
C-WEU-AUT,2015,WASH_MACH,acrylonitrile_butadiene_styrene,1280.64
C-WEU-AUT,2015,WASH_MACH,other_plastics,7603.8
C-WEU-AUT,2015,WASH_MACH,polypropylene,5282.64
C-WEU-AUT,2015,WASH_MACH,bio-based_polypropylene,0
C-WEU-AUT,2015,WASH_MACH,steel,40260.12
C-WEU-AUT,2020,WASH_MACH,aluminium,2721.36
C-WEU-AUT,2020,WASH_MACH,copper,1520.76
C-WEU-AUT,2020,WASH_MACH,glass,1600.8
C-WEU-AUT,2020,WASH_MACH,other_materials,19769.88
C-WEU-AUT,2020,WASH_MACH,acrylonitrile_butadiene_styrene,1280.64
C-WEU-AUT,2020,WASH_MACH,other_plastics,7603.8
C-WEU-AUT,2020,WASH_MACH,polypropylene,5282.64
C-WEU-AUT,2020,WASH_MACH,bio-based_polypropylene,0
C-WEU-AUT,2020,WASH_MACH,steel,40260.12
C-WEU-AUT,2025,WASH_MACH,aluminium,2721.36
C-WEU-AUT,2025,WASH_MACH,copper,1520.76
C-WEU-AUT,2025,WASH_MACH,glass,1600.8
C-WEU-AUT,2025,WASH_MACH,other_materials,19769.88
C-WEU-AUT,2025,WASH_MACH,acrylonitrile_butadiene_styrene,1280.64
C-WEU-AUT,2025,WASH_MACH,other_plastics,7603.8
C-WEU-AUT,2025,WASH_MACH,polypropylene,5282.64
C-WEU-AUT,2025,WASH_MACH,bio-based_polypropylene,0
C-WEU-AUT,2025,WASH_MACH,steel,40260.12
C-WEU-AUT,2030,WASH_MACH,aluminium,2721.36
C-WEU-AUT,2030,WASH_MACH,copper,1520.76
C-WEU-AUT,2030,WASH_MACH,glass,1600.8
C-WEU-AUT,2030,WASH_MACH,other_materials,19769.88
C-WEU-AUT,2030,WASH_MACH,acrylonitrile_butadiene_styrene,1280.64
C-WEU-AUT,2030,WASH_MACH,other_plastics,7603.8
C-WEU-AUT,2030,WASH_MACH,polypropylene,5282.64
C-WEU-AUT,2030,WASH_MACH,bio-based_polypropylene,0
C-WEU-AUT,2030,WASH_MACH,steel,40260.12
C-WEU-AUT,2035,WASH_MACH,aluminium,2721.36
C-WEU-AUT,2035,WASH_MACH,copper,1520.76
C-WEU-AUT,2035,WASH_MACH,glass,1600.8
C-WEU-AUT,2035,WASH_MACH,other_materials,19769.88
C-WEU-AUT,2035,WASH_MACH,acrylonitrile_butadiene_styrene,1280.64
C-WEU-AUT,2035,WASH_MACH,other_plastics,7603.8
C-WEU-AUT,2035,WASH_MACH,polypropylene,5282.64
C-WEU-AUT,2035,WASH_MACH,bio-based_polypropylene,0
C-WEU-AUT,2035,WASH_MACH,steel,40260.12
C-WEU-AUT,2040,WASH_MACH,aluminium,2721.36
C-WEU-AUT,2040,WASH_MACH,copper,1520.76
C-WEU-AUT,2040,WASH_MACH,glass,1600.8
C-WEU-AUT,2040,WASH_MACH,other_materials,19769.88
C-WEU-AUT,2040,WASH_MACH,acrylonitrile_butadiene_styrene,1280.64
C-WEU-AUT,2040,WASH_MACH,other_plastics,7603.8
C-WEU-AUT,2040,WASH_MACH,polypropylene,5282.64
C-WEU-AUT,2040,WASH_MACH,bio-based_polypropylene,0
C-WEU-AUT,2040,WASH_MACH,steel,40260.12
C-WEU-AUT,2045,WASH_MACH,aluminium,2721.36
C-WEU-AUT,2045,WASH_MACH,copper,1520.76
C-WEU-AUT,2045,WASH_MACH,glass,1600.8
C-WEU-AUT,2045,WASH_MACH,other_materials,19769.88
C-WEU-AUT,2045,WASH_MACH,acrylonitrile_butadiene_styrene,1280.64
C-WEU-AUT,2045,WASH_MACH,other_plastics,7603.8
C-WEU-AUT,2045,WASH_MACH,polypropylene,5282.64
C-WEU-AUT,2045,WASH_MACH,bio-based_polypropylene,0
C-WEU-AUT,2045,WASH_MACH,steel,40260.12
C-WEU-AUT,2050,WASH_MACH,aluminium,2721.36
C-WEU-AUT,2050,WASH_MACH,copper,1520.76
C-WEU-AUT,2050,WASH_MACH,glass,1600.8
C-WEU-AUT,2050,WASH_MACH,other_materials,19769.88
C-WEU-AUT,2050,WASH_MACH,acrylonitrile_butadiene_styrene,1280.64
C-WEU-AUT,2050,WASH_MACH,other_plastics,7603.8
C-WEU-AUT,2050,WASH_MACH,polypropylene,5282.64
C-WEU-AUT,2050,WASH_MACH,bio-based_polypropylene,0
C-WEU-AUT,2050,WASH_MACH,steel,40260.12
C-WEU-AUT,2005,WASH_MACH_COM,aluminium,35424
C-WEU-AUT,2005,WASH_MACH_COM,copper,14956.8
C-WEU-AUT,2005,WASH_MACH_COM,glass,5116.8
C-WEU-AUT,2005,WASH_MACH_COM,other_materials,80333.76
C-WEU-AUT,2005,WASH_MACH_COM,acrylonitrile_butadiene_styrene,1613.76
C-WEU-AUT,2005,WASH_MACH_COM,other_plastics,9446.4
C-WEU-AUT,2005,WASH_MACH_COM,polypropylene,6612.48
C-WEU-AUT,2005,WASH_MACH_COM,bio-based_polypropylene,0
C-WEU-AUT,2005,WASH_MACH_COM,steel,240096
C-WEU-AUT,2010,WASH_MACH_COM,aluminium,35424
C-WEU-AUT,2010,WASH_MACH_COM,copper,14956.8
C-WEU-AUT,2010,WASH_MACH_COM,glass,5116.8
C-WEU-AUT,2010,WASH_MACH_COM,other_materials,80333.76
C-WEU-AUT,2010,WASH_MACH_COM,acrylonitrile_butadiene_styrene,1613.76
C-WEU-AUT,2010,WASH_MACH_COM,other_plastics,9446.4
C-WEU-AUT,2010,WASH_MACH_COM,polypropylene,6612.48
C-WEU-AUT,2010,WASH_MACH_COM,bio-based_polypropylene,0
C-WEU-AUT,2010,WASH_MACH_COM,steel,240096
C-WEU-AUT,2015,WASH_MACH_COM,aluminium,35424
C-WEU-AUT,2015,WASH_MACH_COM,copper,14956.8
C-WEU-AUT,2015,WASH_MACH_COM,glass,5116.8
C-WEU-AUT,2015,WASH_MACH_COM,other_materials,80333.76
C-WEU-AUT,2015,WASH_MACH_COM,acrylonitrile_butadiene_styrene,1613.76
C-WEU-AUT,2015,WASH_MACH_COM,other_plastics,9446.4
C-WEU-AUT,2015,WASH_MACH_COM,polypropylene,6612.48
C-WEU-AUT,2015,WASH_MACH_COM,bio-based_polypropylene,0
C-WEU-AUT,2015,WASH_MACH_COM,steel,240096
C-WEU-AUT,2020,WASH_MACH_COM,aluminium,35424
C-WEU-AUT,2020,WASH_MACH_COM,copper,14956.8
C-WEU-AUT,2020,WASH_MACH_COM,glass,5116.8
C-WEU-AUT,2020,WASH_MACH_COM,other_materials,80333.76
C-WEU-AUT,2020,WASH_MACH_COM,acrylonitrile_butadiene_styrene,1613.76
C-WEU-AUT,2020,WASH_MACH_COM,other_plastics,9446.4
C-WEU-AUT,2020,WASH_MACH_COM,polypropylene,6612.48
C-WEU-AUT,2020,WASH_MACH_COM,bio-based_polypropylene,0
C-WEU-AUT,2020,WASH_MACH_COM,steel,240096
C-WEU-AUT,2025,WASH_MACH_COM,aluminium,35424
C-WEU-AUT,2025,WASH_MACH_COM,copper,14956.8
C-WEU-AUT,2025,WASH_MACH_COM,glass,5116.8
C-WEU-AUT,2025,WASH_MACH_COM,other_materials,80333.76
C-WEU-AUT,2025,WASH_MACH_COM,acrylonitrile_butadiene_styrene,1613.76
C-WEU-AUT,2025,WASH_MACH_COM,other_plastics,9446.4
C-WEU-AUT,2025,WASH_MACH_COM,polypropylene,6612.48
C-WEU-AUT,2025,WASH_MACH_COM,bio-based_polypropylene,0
C-WEU-AUT,2025,WASH_MACH_COM,steel,240096
C-WEU-AUT,2030,WASH_MACH_COM,aluminium,35424
C-WEU-AUT,2030,WASH_MACH_COM,copper,14956.8
C-WEU-AUT,2030,WASH_MACH_COM,glass,5116.8
C-WEU-AUT,2030,WASH_MACH_COM,other_materials,80333.76
C-WEU-AUT,2030,WASH_MACH_COM,acrylonitrile_butadiene_styrene,1613.76
C-WEU-AUT,2030,WASH_MACH_COM,other_plastics,9446.4
C-WEU-AUT,2030,WASH_MACH_COM,polypropylene,6612.48
C-WEU-AUT,2030,WASH_MACH_COM,bio-based_polypropylene,0
C-WEU-AUT,2030,WASH_MACH_COM,steel,240096
C-WEU-AUT,2035,WASH_MACH_COM,aluminium,35424
C-WEU-AUT,2035,WASH_MACH_COM,copper,14956.8
C-WEU-AUT,2035,WASH_MACH_COM,glass,5116.8
C-WEU-AUT,2035,WASH_MACH_COM,other_materials,80333.76
C-WEU-AUT,2035,WASH_MACH_COM,acrylonitrile_butadiene_styrene,1613.76
C-WEU-AUT,2035,WASH_MACH_COM,other_plastics,9446.4
C-WEU-AUT,2035,WASH_MACH_COM,polypropylene,6612.48
C-WEU-AUT,2035,WASH_MACH_COM,bio-based_polypropylene,0
C-WEU-AUT,2035,WASH_MACH_COM,steel,240096
C-WEU-AUT,2040,WASH_MACH_COM,aluminium,35424
C-WEU-AUT,2040,WASH_MACH_COM,copper,14956.8
C-WEU-AUT,2040,WASH_MACH_COM,glass,5116.8
C-WEU-AUT,2040,WASH_MACH_COM,other_materials,80333.76
C-WEU-AUT,2040,WASH_MACH_COM,acrylonitrile_butadiene_styrene,1613.76
C-WEU-AUT,2040,WASH_MACH_COM,other_plastics,9446.4
C-WEU-AUT,2040,WASH_MACH_COM,polypropylene,6612.48
C-WEU-AUT,2040,WASH_MACH_COM,bio-based_polypropylene,0
C-WEU-AUT,2040,WASH_MACH_COM,steel,240096
C-WEU-AUT,2045,WASH_MACH_COM,aluminium,35424
C-WEU-AUT,2045,WASH_MACH_COM,copper,14956.8
C-WEU-AUT,2045,WASH_MACH_COM,glass,5116.8
C-WEU-AUT,2045,WASH_MACH_COM,other_materials,80333.76
C-WEU-AUT,2045,WASH_MACH_COM,acrylonitrile_butadiene_styrene,1613.76
C-WEU-AUT,2045,WASH_MACH_COM,other_plastics,9446.4
C-WEU-AUT,2045,WASH_MACH_COM,polypropylene,6612.48
C-WEU-AUT,2045,WASH_MACH_COM,bio-based_polypropylene,0
C-WEU-AUT,2045,WASH_MACH_COM,steel,240096
C-WEU-AUT,2050,WASH_MACH_COM,aluminium,35424
C-WEU-AUT,2050,WASH_MACH_COM,copper,14956.8
C-WEU-AUT,2050,WASH_MACH_COM,glass,5116.8
C-WEU-AUT,2050,WASH_MACH_COM,other_materials,80333.76
C-WEU-AUT,2050,WASH_MACH_COM,acrylonitrile_butadiene_styrene,1613.76
C-WEU-AUT,2050,WASH_MACH_COM,other_plastics,9446.4
C-WEU-AUT,2050,WASH_MACH_COM,polypropylene,6612.48
C-WEU-AUT,2050,WASH_MACH_COM,bio-based_polypropylene,0
C-WEU-AUT,2050,WASH_MACH_COM,steel,240096
C-WEU-BEL,2005,WASH_MACH,aluminium,2721.36
C-WEU-BEL,2005,WASH_MACH,copper,1520.76
C-WEU-BEL,2005,WASH_MACH,glass,1600.8
C-WEU-BEL,2005,WASH_MACH,other_materials,19769.88
C-WEU-BEL,2005,WASH_MACH,acrylonitrile_butadiene_styrene,1280.64
C-WEU-BEL,2005,WASH_MACH,other_plastics,7603.8
C-WEU-BEL,2005,WASH_MACH,polypropylene,5282.64
C-WEU-BEL,2005,WASH_MACH,bio-based_polypropylene,0
C-WEU-BEL,2005,WASH_MACH,steel,40260.12
C-WEU-BEL,2010,WASH_MACH,aluminium,2721.36
C-WEU-BEL,2010,WASH_MACH,copper,1520.76
C-WEU-BEL,2010,WASH_MACH,glass,1600.8
C-WEU-BEL,2010,WASH_MACH,other_materials,19769.88
C-WEU-BEL,2010,WASH_MACH,acrylonitrile_butadiene_styrene,1280.64
C-WEU-BEL,2010,WASH_MACH,other_plastics,7603.8
C-WEU-BEL,2010,WASH_MACH,polypropylene,5282.64
C-WEU-BEL,2010,WASH_MACH,bio-based_polypropylene,0
C-WEU-BEL,2010,WASH_MACH,steel,40260.12
C-WEU-BEL,2015,WASH_MACH,aluminium,2721.36
C-WEU-BEL,2015,WASH_MACH,copper,1520.76
C-WEU-BEL,2015,WASH_MACH,glass,1600.8
C-WEU-BEL,2015,WASH_MACH,other_materials,19769.88
C-WEU-BEL,2015,WASH_MACH,acrylonitrile_butadiene_styrene,1280.64
C-WEU-BEL,2015,WASH_MACH,other_plastics,7603.8
C-WEU-BEL,2015,WASH_MACH,polypropylene,5282.64
C-WEU-BEL,2015,WASH_MACH,bio-based_polypropylene,0
C-WEU-BEL,2015,WASH_MACH,steel,40260.12
C-WEU-BEL,2020,WASH_MACH,aluminium,2721.36
C-WEU-BEL,2020,WASH_MACH,copper,1520.76
C-WEU-BEL,2020,WASH_MACH,glass,1600.8
C-WEU-BEL,2020,WASH_MACH,other_materials,19769.88
C-WEU-BEL,2020,WASH_MACH,acrylonitrile_butadiene_styrene,1280.64
C-WEU-BEL,2020,WASH_MACH,other_plastics,7603.8
C-WEU-BEL,2020,WASH_MACH,polypropylene,5282.64
C-WEU-BEL,2020,WASH_MACH,bio-based_polypropylene,0
C-WEU-BEL,2020,WASH_MACH,steel,40260.12
C-WEU-BEL,2025,WASH_MACH,aluminium,2721.36
C-WEU-BEL,2025,WASH_MACH,copper,1520.76
C-WEU-BEL,2025,WASH_MACH,glass,1600.8
C-WEU-BEL,2025,WASH_MACH,other_materials,19769.88
C-WEU-BEL,2025,WASH_MACH,acrylonitrile_butadiene_styrene,1280.64
C-WEU-BEL,2025,WASH_MACH,other_plastics,7603.8
C-WEU-BEL,2025,WASH_MACH,polypropylene,5282.64
C-WEU-BEL,2025,WASH_MACH,bio-based_polypropylene,0
C-WEU-BEL,2025,WASH_MACH,steel,40260.12
C-WEU-BEL,2030,WASH_MACH,aluminium,2721.36
C-WEU-BEL,2030,WASH_MACH,copper,1520.76
C-WEU-BEL,2030,WASH_MACH,glass,1600.8
C-WEU-BEL,2030,WASH_MACH,other_materials,19769.88
C-WEU-BEL,2030,WASH_MACH,acrylonitrile_butadiene_styrene,1280.64
C-WEU-BEL,2030,WASH_MACH,other_plastics,7603.8
C-WEU-BEL,2030,WASH_MACH,polypropylene,5282.64
C-WEU-BEL,2030,WASH_MACH,bio-based_polypropylene,0
C-WEU-BEL,2030,WASH_MACH,steel,40260.12
C-WEU-BEL,2035,WASH_MACH,aluminium,2721.36
C-WEU-BEL,2035,WASH_MACH,copper,1520.76
C-WEU-BEL,2035,WASH_MACH,glass,1600.8
C-WEU-BEL,2035,WASH_MACH,other_materials,19769.88
C-WEU-BEL,2035,WASH_MACH,acrylonitrile_butadiene_styrene,1280.64
C-WEU-BEL,2035,WASH_MACH,other_plastics,7603.8
C-WEU-BEL,2035,WASH_MACH,polypropylene,5282.64
C-WEU-BEL,2035,WASH_MACH,bio-based_polypropylene,0
C-WEU-BEL,2035,WASH_MACH,steel,40260.12
C-WEU-BEL,2040,WASH_MACH,aluminium,2721.36
C-WEU-BEL,2040,WASH_MACH,copper,1520.76
C-WEU-BEL,2040,WASH_MACH,glass,1600.8
C-WEU-BEL,2040,WASH_MACH,other_materials,19769.88
C-WEU-BEL,2040,WASH_MACH,acrylonitrile_butadiene_styrene,1280.64
C-WEU-BEL,2040,WASH_MACH,other_plastics,7603.8
C-WEU-BEL,2040,WASH_MACH,polypropylene,5282.64
C-WEU-BEL,2040,WASH_MACH,bio-based_polypropylene,0
C-WEU-BEL,2040,WASH_MACH,steel,40260.12
C-WEU-BEL,2045,WASH_MACH,aluminium,2721.36
C-WEU-BEL,2045,WASH_MACH,copper,1520.76
C-WEU-BEL,2045,WASH_MACH,glass,1600.8
C-WEU-BEL,2045,WASH_MACH,other_materials,19769.88
C-WEU-BEL,2045,WASH_MACH,acrylonitrile_butadiene_styrene,1280.64
C-WEU-BEL,2045,WASH_MACH,other_plastics,7603.8
C-WEU-BEL,2045,WASH_MACH,polypropylene,5282.64
C-WEU-BEL,2045,WASH_MACH,bio-based_polypropylene,0
C-WEU-BEL,2045,WASH_MACH,steel,40260.12
C-WEU-BEL,2050,WASH_MACH,aluminium,2721.36
C-WEU-BEL,2050,WASH_MACH,copper,1520.76
C-WEU-BEL,2050,WASH_MACH,glass,1600.8
C-WEU-BEL,2050,WASH_MACH,other_materials,19769.88
C-WEU-BEL,2050,WASH_MACH,acrylonitrile_butadiene_styrene,1280.64
C-WEU-BEL,2050,WASH_MACH,other_plastics,7603.8
C-WEU-BEL,2050,WASH_MACH,polypropylene,5282.64
C-WEU-BEL,2050,WASH_MACH,bio-based_polypropylene,0
C-WEU-BEL,2050,WASH_MACH,steel,40260.12
C-WEU-BEL,2005,WASH_MACH_COM,aluminium,35424
C-WEU-BEL,2005,WASH_MACH_COM,copper,14956.8
C-WEU-BEL,2005,WASH_MACH_COM,glass,5116.8
C-WEU-BEL,2005,WASH_MACH_COM,other_materials,80333.76
C-WEU-BEL,2005,WASH_MACH_COM,acrylonitrile_butadiene_styrene,1613.76
C-WEU-BEL,2005,WASH_MACH_COM,other_plastics,9446.4
C-WEU-BEL,2005,WASH_MACH_COM,polypropylene,6612.48
C-WEU-BEL,2005,WASH_MACH_COM,bio-based_polypropylene,0
C-WEU-BEL,2005,WASH_MACH_COM,steel,240096
C-WEU-BEL,2010,WASH_MACH_COM,aluminium,35424
C-WEU-BEL,2010,WASH_MACH_COM,copper,14956.8
C-WEU-BEL,2010,WASH_MACH_COM,glass,5116.8
C-WEU-BEL,2010,WASH_MACH_COM,other_materials,80333.76
C-WEU-BEL,2010,WASH_MACH_COM,acrylonitrile_butadiene_styrene,1613.76
C-WEU-BEL,2010,WASH_MACH_COM,other_plastics,9446.4
C-WEU-BEL,2010,WASH_MACH_COM,polypropylene,6612.48
C-WEU-BEL,2010,WASH_MACH_COM,bio-based_polypropylene,0
C-WEU-BEL,2010,WASH_MACH_COM,steel,240096
C-WEU-BEL,2015,WASH_MACH_COM,aluminium,35424
C-WEU-BEL,2015,WASH_MACH_COM,copper,14956.8
C-WEU-BEL,2015,WASH_MACH_COM,glass,5116.8
C-WEU-BEL,2015,WASH_MACH_COM,other_materials,80333.76
C-WEU-BEL,2015,WASH_MACH_COM,acrylonitrile_butadiene_styrene,1613.76
C-WEU-BEL,2015,WASH_MACH_COM,other_plastics,9446.4
C-WEU-BEL,2015,WASH_MACH_COM,polypropylene,6612.48
C-WEU-BEL,2015,WASH_MACH_COM,bio-based_polypropylene,0
C-WEU-BEL,2015,WASH_MACH_COM,steel,240096
C-WEU-BEL,2020,WASH_MACH_COM,aluminium,35424
C-WEU-BEL,2020,WASH_MACH_COM,copper,14956.8
C-WEU-BEL,2020,WASH_MACH_COM,glass,5116.8
C-WEU-BEL,2020,WASH_MACH_COM,other_materials,80333.76
C-WEU-BEL,2020,WASH_MACH_COM,acrylonitrile_butadiene_styrene,1613.76
C-WEU-BEL,2020,WASH_MACH_COM,other_plastics,9446.4
C-WEU-BEL,2020,WASH_MACH_COM,polypropylene,6612.48
C-WEU-BEL,2020,WASH_MACH_COM,bio-based_polypropylene,0
C-WEU-BEL,2020,WASH_MACH_COM,steel,240096
C-WEU-BEL,2025,WASH_MACH_COM,aluminium,35424
C-WEU-BEL,2025,WASH_MACH_COM,copper,14956.8
C-WEU-BEL,2025,WASH_MACH_COM,glass,5116.8
C-WEU-BEL,2025,WASH_MACH_COM,other_materials,80333.76
C-WEU-BEL,2025,WASH_MACH_COM,acrylonitrile_butadiene_styrene,1613.76
C-WEU-BEL,2025,WASH_MACH_COM,other_plastics,9446.4
C-WEU-BEL,2025,WASH_MACH_COM,polypropylene,6612.48
C-WEU-BEL,2025,WASH_MACH_COM,bio-based_polypropylene,0
C-WEU-BEL,2025,WASH_MACH_COM,steel,240096
C-WEU-BEL,2030,WASH_MACH_COM,aluminium,35424
C-WEU-BEL,2030,WASH_MACH_COM,copper,14956.8
C-WEU-BEL,2030,WASH_MACH_COM,glass,5116.8
C-WEU-BEL,2030,WASH_MACH_COM,other_materials,80333.76
C-WEU-BEL,2030,WASH_MACH_COM,acrylonitrile_butadiene_styrene,1613.76
C-WEU-BEL,2030,WASH_MACH_COM,other_plastics,9446.4
C-WEU-BEL,2030,WASH_MACH_COM,polypropylene,6612.48
C-WEU-BEL,2030,WASH_MACH_COM,bio-based_polypropylene,0
C-WEU-BEL,2030,WASH_MACH_COM,steel,240096
C-WEU-BEL,2035,WASH_MACH_COM,aluminium,35424
C-WEU-BEL,2035,WASH_MACH_COM,copper,14956.8
C-WEU-BEL,2035,WASH_MACH_COM,glass,5116.8
C-WEU-BEL,2035,WASH_MACH_COM,other_materials,80333.76
C-WEU-BEL,2035,WASH_MACH_COM,acrylonitrile_butadiene_styrene,1613.76
C-WEU-BEL,2035,WASH_MACH_COM,other_plastics,9446.4
C-WEU-BEL,2035,WASH_MACH_COM,polypropylene,6612.48
C-WEU-BEL,2035,WASH_MACH_COM,bio-based_polypropylene,0
C-WEU-BEL,2035,WASH_MACH_COM,steel,240096
C-WEU-BEL,2040,WASH_MACH_COM,aluminium,35424
C-WEU-BEL,2040,WASH_MACH_COM,copper,14956.8
C-WEU-BEL,2040,WASH_MACH_COM,glass,5116.8
C-WEU-BEL,2040,WASH_MACH_COM,other_materials,80333.76
C-WEU-BEL,2040,WASH_MACH_COM,acrylonitrile_butadiene_styrene,1613.76
C-WEU-BEL,2040,WASH_MACH_COM,other_plastics,9446.4
C-WEU-BEL,2040,WASH_MACH_COM,polypropylene,6612.48
C-WEU-BEL,2040,WASH_MACH_COM,bio-based_polypropylene,0
C-WEU-BEL,2040,WASH_MACH_COM,steel,240096
C-WEU-BEL,2045,WASH_MACH_COM,aluminium,35424
C-WEU-BEL,2045,WASH_MACH_COM,copper,14956.8
C-WEU-BEL,2045,WASH_MACH_COM,glass,5116.8
C-WEU-BEL,2045,WASH_MACH_COM,other_materials,80333.76
C-WEU-BEL,2045,WASH_MACH_COM,acrylonitrile_butadiene_styrene,1613.76
C-WEU-BEL,2045,WASH_MACH_COM,other_plastics,9446.4
C-WEU-BEL,2045,WASH_MACH_COM,polypropylene,6612.48
C-WEU-BEL,2045,WASH_MACH_COM,bio-based_polypropylene,0
C-WEU-BEL,2045,WASH_MACH_COM,steel,240096
C-WEU-BEL,2050,WASH_MACH_COM,aluminium,35424
C-WEU-BEL,2050,WASH_MACH_COM,copper,14956.8
C-WEU-BEL,2050,WASH_MACH_COM,glass,5116.8
C-WEU-BEL,2050,WASH_MACH_COM,other_materials,80333.76
C-WEU-BEL,2050,WASH_MACH_COM,acrylonitrile_butadiene_styrene,1613.76
C-WEU-BEL,2050,WASH_MACH_COM,other_plastics,9446.4
C-WEU-BEL,2050,WASH_MACH_COM,polypropylene,6612.48
C-WEU-BEL,2050,WASH_MACH_COM,bio-based_polypropylene,0
C-WEU-BEL,2050,WASH_MACH_COM,steel,240096
C-WEU-CHE,2005,WASH_MACH,aluminium,2721.36
C-WEU-CHE,2005,WASH_MACH,copper,1520.76
C-WEU-CHE,2005,WASH_MACH,glass,1600.8
C-WEU-CHE,2005,WASH_MACH,other_materials,19769.88
C-WEU-CHE,2005,WASH_MACH,acrylonitrile_butadiene_styrene,1280.64
C-WEU-CHE,2005,WASH_MACH,other_plastics,7603.8
C-WEU-CHE,2005,WASH_MACH,polypropylene,5282.64
C-WEU-CHE,2005,WASH_MACH,bio-based_polypropylene,0
C-WEU-CHE,2005,WASH_MACH,steel,40260.12
C-WEU-CHE,2010,WASH_MACH,aluminium,2721.36
C-WEU-CHE,2010,WASH_MACH,copper,1520.76
C-WEU-CHE,2010,WASH_MACH,glass,1600.8
C-WEU-CHE,2010,WASH_MACH,other_materials,19769.88
C-WEU-CHE,2010,WASH_MACH,acrylonitrile_butadiene_styrene,1280.64
C-WEU-CHE,2010,WASH_MACH,other_plastics,7603.8
C-WEU-CHE,2010,WASH_MACH,polypropylene,5282.64
C-WEU-CHE,2010,WASH_MACH,bio-based_polypropylene,0
C-WEU-CHE,2010,WASH_MACH,steel,40260.12
C-WEU-CHE,2015,WASH_MACH,aluminium,2721.36
C-WEU-CHE,2015,WASH_MACH,copper,1520.76
C-WEU-CHE,2015,WASH_MACH,glass,1600.8
C-WEU-CHE,2015,WASH_MACH,other_materials,19769.88
C-WEU-CHE,2015,WASH_MACH,acrylonitrile_butadiene_styrene,1280.64
C-WEU-CHE,2015,WASH_MACH,other_plastics,7603.8
C-WEU-CHE,2015,WASH_MACH,polypropylene,5282.64
C-WEU-CHE,2015,WASH_MACH,bio-based_polypropylene,0
C-WEU-CHE,2015,WASH_MACH,steel,40260.12
C-WEU-CHE,2020,WASH_MACH,aluminium,2721.36
C-WEU-CHE,2020,WASH_MACH,copper,1520.76
C-WEU-CHE,2020,WASH_MACH,glass,1600.8
C-WEU-CHE,2020,WASH_MACH,other_materials,19769.88
C-WEU-CHE,2020,WASH_MACH,acrylonitrile_butadiene_styrene,1280.64
C-WEU-CHE,2020,WASH_MACH,other_plastics,7603.8
C-WEU-CHE,2020,WASH_MACH,polypropylene,5282.64
C-WEU-CHE,2020,WASH_MACH,bio-based_polypropylene,0
C-WEU-CHE,2020,WASH_MACH,steel,40260.12
C-WEU-CHE,2025,WASH_MACH,aluminium,2721.36
C-WEU-CHE,2025,WASH_MACH,copper,1520.76
C-WEU-CHE,2025,WASH_MACH,glass,1600.8
C-WEU-CHE,2025,WASH_MACH,other_materials,19769.88
C-WEU-CHE,2025,WASH_MACH,acrylonitrile_butadiene_styrene,1280.64
C-WEU-CHE,2025,WASH_MACH,other_plastics,7603.8
C-WEU-CHE,2025,WASH_MACH,polypropylene,5282.64
C-WEU-CHE,2025,WASH_MACH,bio-based_polypropylene,0
C-WEU-CHE,2025,WASH_MACH,steel,40260.12
C-WEU-CHE,2030,WASH_MACH,aluminium,2721.36
C-WEU-CHE,2030,WASH_MACH,copper,1520.76
C-WEU-CHE,2030,WASH_MACH,glass,1600.8
C-WEU-CHE,2030,WASH_MACH,other_materials,19769.88
C-WEU-CHE,2030,WASH_MACH,acrylonitrile_butadiene_styrene,1280.64
C-WEU-CHE,2030,WASH_MACH,other_plastics,7603.8
C-WEU-CHE,2030,WASH_MACH,polypropylene,5282.64
C-WEU-CHE,2030,WASH_MACH,bio-based_polypropylene,0
C-WEU-CHE,2030,WASH_MACH,steel,40260.12
C-WEU-CHE,2035,WASH_MACH,aluminium,2721.36
C-WEU-CHE,2035,WASH_MACH,copper,1520.76
C-WEU-CHE,2035,WASH_MACH,glass,1600.8
C-WEU-CHE,2035,WASH_MACH,other_materials,19769.88
C-WEU-CHE,2035,WASH_MACH,acrylonitrile_butadiene_styrene,1280.64
C-WEU-CHE,2035,WASH_MACH,other_plastics,7603.8
C-WEU-CHE,2035,WASH_MACH,polypropylene,5282.64
C-WEU-CHE,2035,WASH_MACH,bio-based_polypropylene,0
C-WEU-CHE,2035,WASH_MACH,steel,40260.12
C-WEU-CHE,2040,WASH_MACH,aluminium,2721.36
C-WEU-CHE,2040,WASH_MACH,copper,1520.76
C-WEU-CHE,2040,WASH_MACH,glass,1600.8
C-WEU-CHE,2040,WASH_MACH,other_materials,19769.88
C-WEU-CHE,2040,WASH_MACH,acrylonitrile_butadiene_styrene,1280.64
C-WEU-CHE,2040,WASH_MACH,other_plastics,7603.8
C-WEU-CHE,2040,WASH_MACH,polypropylene,5282.64
C-WEU-CHE,2040,WASH_MACH,bio-based_polypropylene,0
C-WEU-CHE,2040,WASH_MACH,steel,40260.12
C-WEU-CHE,2045,WASH_MACH,aluminium,2721.36
C-WEU-CHE,2045,WASH_MACH,copper,1520.76
C-WEU-CHE,2045,WASH_MACH,glass,1600.8
C-WEU-CHE,2045,WASH_MACH,other_materials,19769.88
C-WEU-CHE,2045,WASH_MACH,acrylonitrile_butadiene_styrene,1280.64
C-WEU-CHE,2045,WASH_MACH,other_plastics,7603.8
C-WEU-CHE,2045,WASH_MACH,polypropylene,5282.64
C-WEU-CHE,2045,WASH_MACH,bio-based_polypropylene,0
C-WEU-CHE,2045,WASH_MACH,steel,40260.12
C-WEU-CHE,2050,WASH_MACH,aluminium,2721.36
C-WEU-CHE,2050,WASH_MACH,copper,1520.76
C-WEU-CHE,2050,WASH_MACH,glass,1600.8
C-WEU-CHE,2050,WASH_MACH,other_materials,19769.88
C-WEU-CHE,2050,WASH_MACH,acrylonitrile_butadiene_styrene,1280.64
C-WEU-CHE,2050,WASH_MACH,other_plastics,7603.8
C-WEU-CHE,2050,WASH_MACH,polypropylene,5282.64
C-WEU-CHE,2050,WASH_MACH,bio-based_polypropylene,0
C-WEU-CHE,2050,WASH_MACH,steel,40260.12
C-WEU-CHE,2005,WASH_MACH_COM,aluminium,35424
C-WEU-CHE,2005,WASH_MACH_COM,copper,14956.8
C-WEU-CHE,2005,WASH_MACH_COM,glass,5116.8
C-WEU-CHE,2005,WASH_MACH_COM,other_materials,80333.76
C-WEU-CHE,2005,WASH_MACH_COM,acrylonitrile_butadiene_styrene,1613.76
C-WEU-CHE,2005,WASH_MACH_COM,other_plastics,9446.4
C-WEU-CHE,2005,WASH_MACH_COM,polypropylene,6612.48
C-WEU-CHE,2005,WASH_MACH_COM,bio-based_polypropylene,0
C-WEU-CHE,2005,WASH_MACH_COM,steel,240096
C-WEU-CHE,2010,WASH_MACH_COM,aluminium,35424
C-WEU-CHE,2010,WASH_MACH_COM,copper,14956.8
C-WEU-CHE,2010,WASH_MACH_COM,glass,5116.8
C-WEU-CHE,2010,WASH_MACH_COM,other_materials,80333.76
C-WEU-CHE,2010,WASH_MACH_COM,acrylonitrile_butadiene_styrene,1613.76
C-WEU-CHE,2010,WASH_MACH_COM,other_plastics,9446.4
C-WEU-CHE,2010,WASH_MACH_COM,polypropylene,6612.48
C-WEU-CHE,2010,WASH_MACH_COM,bio-based_polypropylene,0
C-WEU-CHE,2010,WASH_MACH_COM,steel,240096
C-WEU-CHE,2015,WASH_MACH_COM,aluminium,35424
C-WEU-CHE,2015,WASH_MACH_COM,copper,14956.8
C-WEU-CHE,2015,WASH_MACH_COM,glass,5116.8
C-WEU-CHE,2015,WASH_MACH_COM,other_materials,80333.76
C-WEU-CHE,2015,WASH_MACH_COM,acrylonitrile_butadiene_styrene,1613.76
C-WEU-CHE,2015,WASH_MACH_COM,other_plastics,9446.4
C-WEU-CHE,2015,WASH_MACH_COM,polypropylene,6612.48
C-WEU-CHE,2015,WASH_MACH_COM,bio-based_polypropylene,0
C-WEU-CHE,2015,WASH_MACH_COM,steel,240096
C-WEU-CHE,2020,WASH_MACH_COM,aluminium,35424
C-WEU-CHE,2020,WASH_MACH_COM,copper,14956.8
C-WEU-CHE,2020,WASH_MACH_COM,glass,5116.8
C-WEU-CHE,2020,WASH_MACH_COM,other_materials,80333.76
C-WEU-CHE,2020,WASH_MACH_COM,acrylonitrile_butadiene_styrene,1613.76
C-WEU-CHE,2020,WASH_MACH_COM,other_plastics,9446.4
C-WEU-CHE,2020,WASH_MACH_COM,polypropylene,6612.48
C-WEU-CHE,2020,WASH_MACH_COM,bio-based_polypropylene,0
C-WEU-CHE,2020,WASH_MACH_COM,steel,240096
C-WEU-CHE,2025,WASH_MACH_COM,aluminium,35424
C-WEU-CHE,2025,WASH_MACH_COM,copper,14956.8
C-WEU-CHE,2025,WASH_MACH_COM,glass,5116.8
C-WEU-CHE,2025,WASH_MACH_COM,other_materials,80333.76
C-WEU-CHE,2025,WASH_MACH_COM,acrylonitrile_butadiene_styrene,1613.76
C-WEU-CHE,2025,WASH_MACH_COM,other_plastics,9446.4
C-WEU-CHE,2025,WASH_MACH_COM,polypropylene,6612.48
C-WEU-CHE,2025,WASH_MACH_COM,bio-based_polypropylene,0
C-WEU-CHE,2025,WASH_MACH_COM,steel,240096
C-WEU-CHE,2030,WASH_MACH_COM,aluminium,35424
C-WEU-CHE,2030,WASH_MACH_COM,copper,14956.8
C-WEU-CHE,2030,WASH_MACH_COM,glass,5116.8
C-WEU-CHE,2030,WASH_MACH_COM,other_materials,80333.76
C-WEU-CHE,2030,WASH_MACH_COM,acrylonitrile_butadiene_styrene,1613.76
C-WEU-CHE,2030,WASH_MACH_COM,other_plastics,9446.4
C-WEU-CHE,2030,WASH_MACH_COM,polypropylene,6612.48
C-WEU-CHE,2030,WASH_MACH_COM,bio-based_polypropylene,0
C-WEU-CHE,2030,WASH_MACH_COM,steel,240096
C-WEU-CHE,2035,WASH_MACH_COM,aluminium,35424
C-WEU-CHE,2035,WASH_MACH_COM,copper,14956.8
C-WEU-CHE,2035,WASH_MACH_COM,glass,5116.8
C-WEU-CHE,2035,WASH_MACH_COM,other_materials,80333.76
C-WEU-CHE,2035,WASH_MACH_COM,acrylonitrile_butadiene_styrene,1613.76
C-WEU-CHE,2035,WASH_MACH_COM,other_plastics,9446.4
C-WEU-CHE,2035,WASH_MACH_COM,polypropylene,6612.48
C-WEU-CHE,2035,WASH_MACH_COM,bio-based_polypropylene,0
C-WEU-CHE,2035,WASH_MACH_COM,steel,240096
C-WEU-CHE,2040,WASH_MACH_COM,aluminium,35424
C-WEU-CHE,2040,WASH_MACH_COM,copper,14956.8
C-WEU-CHE,2040,WASH_MACH_COM,glass,5116.8
C-WEU-CHE,2040,WASH_MACH_COM,other_materials,80333.76
C-WEU-CHE,2040,WASH_MACH_COM,acrylonitrile_butadiene_styrene,1613.76
C-WEU-CHE,2040,WASH_MACH_COM,other_plastics,9446.4
C-WEU-CHE,2040,WASH_MACH_COM,polypropylene,6612.48
C-WEU-CHE,2040,WASH_MACH_COM,bio-based_polypropylene,0
C-WEU-CHE,2040,WASH_MACH_COM,steel,240096
C-WEU-CHE,2045,WASH_MACH_COM,aluminium,35424
C-WEU-CHE,2045,WASH_MACH_COM,copper,14956.8
C-WEU-CHE,2045,WASH_MACH_COM,glass,5116.8
C-WEU-CHE,2045,WASH_MACH_COM,other_materials,80333.76
C-WEU-CHE,2045,WASH_MACH_COM,acrylonitrile_butadiene_styrene,1613.76
C-WEU-CHE,2045,WASH_MACH_COM,other_plastics,9446.4
C-WEU-CHE,2045,WASH_MACH_COM,polypropylene,6612.48
C-WEU-CHE,2045,WASH_MACH_COM,bio-based_polypropylene,0
C-WEU-CHE,2045,WASH_MACH_COM,steel,240096
C-WEU-CHE,2050,WASH_MACH_COM,aluminium,35424
C-WEU-CHE,2050,WASH_MACH_COM,copper,14956.8
C-WEU-CHE,2050,WASH_MACH_COM,glass,5116.8
C-WEU-CHE,2050,WASH_MACH_COM,other_materials,80333.76
C-WEU-CHE,2050,WASH_MACH_COM,acrylonitrile_butadiene_styrene,1613.76
C-WEU-CHE,2050,WASH_MACH_COM,other_plastics,9446.4
C-WEU-CHE,2050,WASH_MACH_COM,polypropylene,6612.48
C-WEU-CHE,2050,WASH_MACH_COM,bio-based_polypropylene,0
C-WEU-CHE,2050,WASH_MACH_COM,steel,240096
C-WEU-CYP,2005,WASH_MACH,aluminium,2721.36
C-WEU-CYP,2005,WASH_MACH,copper,1520.76
C-WEU-CYP,2005,WASH_MACH,glass,1600.8
C-WEU-CYP,2005,WASH_MACH,other_materials,19769.88
C-WEU-CYP,2005,WASH_MACH,acrylonitrile_butadiene_styrene,1280.64
C-WEU-CYP,2005,WASH_MACH,other_plastics,7603.8
C-WEU-CYP,2005,WASH_MACH,polypropylene,5282.64
C-WEU-CYP,2005,WASH_MACH,bio-based_polypropylene,0
C-WEU-CYP,2005,WASH_MACH,steel,40260.12
C-WEU-CYP,2010,WASH_MACH,aluminium,2721.36
C-WEU-CYP,2010,WASH_MACH,copper,1520.76
C-WEU-CYP,2010,WASH_MACH,glass,1600.8
C-WEU-CYP,2010,WASH_MACH,other_materials,19769.88
C-WEU-CYP,2010,WASH_MACH,acrylonitrile_butadiene_styrene,1280.64
C-WEU-CYP,2010,WASH_MACH,other_plastics,7603.8
C-WEU-CYP,2010,WASH_MACH,polypropylene,5282.64
C-WEU-CYP,2010,WASH_MACH,bio-based_polypropylene,0
C-WEU-CYP,2010,WASH_MACH,steel,40260.12
C-WEU-CYP,2015,WASH_MACH,aluminium,2721.36
C-WEU-CYP,2015,WASH_MACH,copper,1520.76
C-WEU-CYP,2015,WASH_MACH,glass,1600.8
C-WEU-CYP,2015,WASH_MACH,other_materials,19769.88
C-WEU-CYP,2015,WASH_MACH,acrylonitrile_butadiene_styrene,1280.64
C-WEU-CYP,2015,WASH_MACH,other_plastics,7603.8
C-WEU-CYP,2015,WASH_MACH,polypropylene,5282.64
C-WEU-CYP,2015,WASH_MACH,bio-based_polypropylene,0
C-WEU-CYP,2015,WASH_MACH,steel,40260.12
C-WEU-CYP,2020,WASH_MACH,aluminium,2721.36
C-WEU-CYP,2020,WASH_MACH,copper,1520.76
C-WEU-CYP,2020,WASH_MACH,glass,1600.8
C-WEU-CYP,2020,WASH_MACH,other_materials,19769.88
C-WEU-CYP,2020,WASH_MACH,acrylonitrile_butadiene_styrene,1280.64
C-WEU-CYP,2020,WASH_MACH,other_plastics,7603.8
C-WEU-CYP,2020,WASH_MACH,polypropylene,5282.64
C-WEU-CYP,2020,WASH_MACH,bio-based_polypropylene,0
C-WEU-CYP,2020,WASH_MACH,steel,40260.12
C-WEU-CYP,2025,WASH_MACH,aluminium,2721.36
C-WEU-CYP,2025,WASH_MACH,copper,1520.76
C-WEU-CYP,2025,WASH_MACH,glass,1600.8
C-WEU-CYP,2025,WASH_MACH,other_materials,19769.88
C-WEU-CYP,2025,WASH_MACH,acrylonitrile_butadiene_styrene,1280.64
C-WEU-CYP,2025,WASH_MACH,other_plastics,7603.8
C-WEU-CYP,2025,WASH_MACH,polypropylene,5282.64
C-WEU-CYP,2025,WASH_MACH,bio-based_polypropylene,0
C-WEU-CYP,2025,WASH_MACH,steel,40260.12
C-WEU-CYP,2030,WASH_MACH,aluminium,2721.36
C-WEU-CYP,2030,WASH_MACH,copper,1520.76
C-WEU-CYP,2030,WASH_MACH,glass,1600.8
C-WEU-CYP,2030,WASH_MACH,other_materials,19769.88
C-WEU-CYP,2030,WASH_MACH,acrylonitrile_butadiene_styrene,1280.64
C-WEU-CYP,2030,WASH_MACH,other_plastics,7603.8
C-WEU-CYP,2030,WASH_MACH,polypropylene,5282.64
C-WEU-CYP,2030,WASH_MACH,bio-based_polypropylene,0
C-WEU-CYP,2030,WASH_MACH,steel,40260.12
C-WEU-CYP,2035,WASH_MACH,aluminium,2721.36
C-WEU-CYP,2035,WASH_MACH,copper,1520.76
C-WEU-CYP,2035,WASH_MACH,glass,1600.8
C-WEU-CYP,2035,WASH_MACH,other_materials,19769.88
C-WEU-CYP,2035,WASH_MACH,acrylonitrile_butadiene_styrene,1280.64
C-WEU-CYP,2035,WASH_MACH,other_plastics,7603.8
C-WEU-CYP,2035,WASH_MACH,polypropylene,5282.64
C-WEU-CYP,2035,WASH_MACH,bio-based_polypropylene,0
C-WEU-CYP,2035,WASH_MACH,steel,40260.12
C-WEU-CYP,2040,WASH_MACH,aluminium,2721.36
C-WEU-CYP,2040,WASH_MACH,copper,1520.76
C-WEU-CYP,2040,WASH_MACH,glass,1600.8
C-WEU-CYP,2040,WASH_MACH,other_materials,19769.88
C-WEU-CYP,2040,WASH_MACH,acrylonitrile_butadiene_styrene,1280.64
C-WEU-CYP,2040,WASH_MACH,other_plastics,7603.8
C-WEU-CYP,2040,WASH_MACH,polypropylene,5282.64
C-WEU-CYP,2040,WASH_MACH,bio-based_polypropylene,0
C-WEU-CYP,2040,WASH_MACH,steel,40260.12
C-WEU-CYP,2045,WASH_MACH,aluminium,2721.36
C-WEU-CYP,2045,WASH_MACH,copper,1520.76
C-WEU-CYP,2045,WASH_MACH,glass,1600.8
C-WEU-CYP,2045,WASH_MACH,other_materials,19769.88
C-WEU-CYP,2045,WASH_MACH,acrylonitrile_butadiene_styrene,1280.64
C-WEU-CYP,2045,WASH_MACH,other_plastics,7603.8
C-WEU-CYP,2045,WASH_MACH,polypropylene,5282.64
C-WEU-CYP,2045,WASH_MACH,bio-based_polypropylene,0
C-WEU-CYP,2045,WASH_MACH,steel,40260.12
C-WEU-CYP,2050,WASH_MACH,aluminium,2721.36
C-WEU-CYP,2050,WASH_MACH,copper,1520.76
C-WEU-CYP,2050,WASH_MACH,glass,1600.8
C-WEU-CYP,2050,WASH_MACH,other_materials,19769.88
C-WEU-CYP,2050,WASH_MACH,acrylonitrile_butadiene_styrene,1280.64
C-WEU-CYP,2050,WASH_MACH,other_plastics,7603.8
C-WEU-CYP,2050,WASH_MACH,polypropylene,5282.64
C-WEU-CYP,2050,WASH_MACH,bio-based_polypropylene,0
C-WEU-CYP,2050,WASH_MACH,steel,40260.12
C-WEU-CYP,2005,WASH_MACH_COM,aluminium,35424
C-WEU-CYP,2005,WASH_MACH_COM,copper,14956.8
C-WEU-CYP,2005,WASH_MACH_COM,glass,5116.8
C-WEU-CYP,2005,WASH_MACH_COM,other_materials,80333.76
C-WEU-CYP,2005,WASH_MACH_COM,acrylonitrile_butadiene_styrene,1613.76
C-WEU-CYP,2005,WASH_MACH_COM,other_plastics,9446.4
C-WEU-CYP,2005,WASH_MACH_COM,polypropylene,6612.48
C-WEU-CYP,2005,WASH_MACH_COM,bio-based_polypropylene,0
C-WEU-CYP,2005,WASH_MACH_COM,steel,240096
C-WEU-CYP,2010,WASH_MACH_COM,aluminium,35424
C-WEU-CYP,2010,WASH_MACH_COM,copper,14956.8
C-WEU-CYP,2010,WASH_MACH_COM,glass,5116.8
C-WEU-CYP,2010,WASH_MACH_COM,other_materials,80333.76
C-WEU-CYP,2010,WASH_MACH_COM,acrylonitrile_butadiene_styrene,1613.76
C-WEU-CYP,2010,WASH_MACH_COM,other_plastics,9446.4
C-WEU-CYP,2010,WASH_MACH_COM,polypropylene,6612.48
C-WEU-CYP,2010,WASH_MACH_COM,bio-based_polypropylene,0
C-WEU-CYP,2010,WASH_MACH_COM,steel,240096
C-WEU-CYP,2015,WASH_MACH_COM,aluminium,35424
C-WEU-CYP,2015,WASH_MACH_COM,copper,14956.8
C-WEU-CYP,2015,WASH_MACH_COM,glass,5116.8
C-WEU-CYP,2015,WASH_MACH_COM,other_materials,80333.76
C-WEU-CYP,2015,WASH_MACH_COM,acrylonitrile_butadiene_styrene,1613.76
C-WEU-CYP,2015,WASH_MACH_COM,other_plastics,9446.4
C-WEU-CYP,2015,WASH_MACH_COM,polypropylene,6612.48
C-WEU-CYP,2015,WASH_MACH_COM,bio-based_polypropylene,0
C-WEU-CYP,2015,WASH_MACH_COM,steel,240096
C-WEU-CYP,2020,WASH_MACH_COM,aluminium,35424
C-WEU-CYP,2020,WASH_MACH_COM,copper,14956.8
C-WEU-CYP,2020,WASH_MACH_COM,glass,5116.8
C-WEU-CYP,2020,WASH_MACH_COM,other_materials,80333.76
C-WEU-CYP,2020,WASH_MACH_COM,acrylonitrile_butadiene_styrene,1613.76
C-WEU-CYP,2020,WASH_MACH_COM,other_plastics,9446.4
C-WEU-CYP,2020,WASH_MACH_COM,polypropylene,6612.48
C-WEU-CYP,2020,WASH_MACH_COM,bio-based_polypropylene,0
C-WEU-CYP,2020,WASH_MACH_COM,steel,240096
C-WEU-CYP,2025,WASH_MACH_COM,aluminium,35424
C-WEU-CYP,2025,WASH_MACH_COM,copper,14956.8
C-WEU-CYP,2025,WASH_MACH_COM,glass,5116.8
C-WEU-CYP,2025,WASH_MACH_COM,other_materials,80333.76
C-WEU-CYP,2025,WASH_MACH_COM,acrylonitrile_butadiene_styrene,1613.76
C-WEU-CYP,2025,WASH_MACH_COM,other_plastics,9446.4
C-WEU-CYP,2025,WASH_MACH_COM,polypropylene,6612.48
C-WEU-CYP,2025,WASH_MACH_COM,bio-based_polypropylene,0
C-WEU-CYP,2025,WASH_MACH_COM,steel,240096
C-WEU-CYP,2030,WASH_MACH_COM,aluminium,35424
C-WEU-CYP,2030,WASH_MACH_COM,copper,14956.8
C-WEU-CYP,2030,WASH_MACH_COM,glass,5116.8
C-WEU-CYP,2030,WASH_MACH_COM,other_materials,80333.76
C-WEU-CYP,2030,WASH_MACH_COM,acrylonitrile_butadiene_styrene,1613.76
C-WEU-CYP,2030,WASH_MACH_COM,other_plastics,9446.4
C-WEU-CYP,2030,WASH_MACH_COM,polypropylene,6612.48
C-WEU-CYP,2030,WASH_MACH_COM,bio-based_polypropylene,0
C-WEU-CYP,2030,WASH_MACH_COM,steel,240096
C-WEU-CYP,2035,WASH_MACH_COM,aluminium,35424
C-WEU-CYP,2035,WASH_MACH_COM,copper,14956.8
C-WEU-CYP,2035,WASH_MACH_COM,glass,5116.8
C-WEU-CYP,2035,WASH_MACH_COM,other_materials,80333.76
C-WEU-CYP,2035,WASH_MACH_COM,acrylonitrile_butadiene_styrene,1613.76
C-WEU-CYP,2035,WASH_MACH_COM,other_plastics,9446.4
C-WEU-CYP,2035,WASH_MACH_COM,polypropylene,6612.48
C-WEU-CYP,2035,WASH_MACH_COM,bio-based_polypropylene,0
C-WEU-CYP,2035,WASH_MACH_COM,steel,240096
C-WEU-CYP,2040,WASH_MACH_COM,aluminium,35424
C-WEU-CYP,2040,WASH_MACH_COM,copper,14956.8
C-WEU-CYP,2040,WASH_MACH_COM,glass,5116.8
C-WEU-CYP,2040,WASH_MACH_COM,other_materials,80333.76
C-WEU-CYP,2040,WASH_MACH_COM,acrylonitrile_butadiene_styrene,1613.76
C-WEU-CYP,2040,WASH_MACH_COM,other_plastics,9446.4
C-WEU-CYP,2040,WASH_MACH_COM,polypropylene,6612.48
C-WEU-CYP,2040,WASH_MACH_COM,bio-based_polypropylene,0
C-WEU-CYP,2040,WASH_MACH_COM,steel,240096
C-WEU-CYP,2045,WASH_MACH_COM,aluminium,35424
C-WEU-CYP,2045,WASH_MACH_COM,copper,14956.8
C-WEU-CYP,2045,WASH_MACH_COM,glass,5116.8
C-WEU-CYP,2045,WASH_MACH_COM,other_materials,80333.76
C-WEU-CYP,2045,WASH_MACH_COM,acrylonitrile_butadiene_styrene,1613.76
C-WEU-CYP,2045,WASH_MACH_COM,other_plastics,9446.4
C-WEU-CYP,2045,WASH_MACH_COM,polypropylene,6612.48
C-WEU-CYP,2045,WASH_MACH_COM,bio-based_polypropylene,0
C-WEU-CYP,2045,WASH_MACH_COM,steel,240096
C-WEU-CYP,2050,WASH_MACH_COM,aluminium,35424
C-WEU-CYP,2050,WASH_MACH_COM,copper,14956.8
C-WEU-CYP,2050,WASH_MACH_COM,glass,5116.8
C-WEU-CYP,2050,WASH_MACH_COM,other_materials,80333.76
C-WEU-CYP,2050,WASH_MACH_COM,acrylonitrile_butadiene_styrene,1613.76
C-WEU-CYP,2050,WASH_MACH_COM,other_plastics,9446.4
C-WEU-CYP,2050,WASH_MACH_COM,polypropylene,6612.48
C-WEU-CYP,2050,WASH_MACH_COM,bio-based_polypropylene,0
C-WEU-CYP,2050,WASH_MACH_COM,steel,240096
C-WEU-DEU,2005,WASH_MACH,aluminium,2721.36
C-WEU-DEU,2005,WASH_MACH,copper,1520.76
C-WEU-DEU,2005,WASH_MACH,glass,1600.8
C-WEU-DEU,2005,WASH_MACH,other_materials,19769.88
C-WEU-DEU,2005,WASH_MACH,acrylonitrile_butadiene_styrene,1280.64
C-WEU-DEU,2005,WASH_MACH,other_plastics,7603.8
C-WEU-DEU,2005,WASH_MACH,polypropylene,5282.64
C-WEU-DEU,2005,WASH_MACH,bio-based_polypropylene,0
C-WEU-DEU,2005,WASH_MACH,steel,40260.12
C-WEU-DEU,2010,WASH_MACH,aluminium,2721.36
C-WEU-DEU,2010,WASH_MACH,copper,1520.76
C-WEU-DEU,2010,WASH_MACH,glass,1600.8
C-WEU-DEU,2010,WASH_MACH,other_materials,19769.88
C-WEU-DEU,2010,WASH_MACH,acrylonitrile_butadiene_styrene,1280.64
C-WEU-DEU,2010,WASH_MACH,other_plastics,7603.8
C-WEU-DEU,2010,WASH_MACH,polypropylene,5282.64
C-WEU-DEU,2010,WASH_MACH,bio-based_polypropylene,0
C-WEU-DEU,2010,WASH_MACH,steel,40260.12
C-WEU-DEU,2015,WASH_MACH,aluminium,2721.36
C-WEU-DEU,2015,WASH_MACH,copper,1520.76
C-WEU-DEU,2015,WASH_MACH,glass,1600.8
C-WEU-DEU,2015,WASH_MACH,other_materials,19769.88
C-WEU-DEU,2015,WASH_MACH,acrylonitrile_butadiene_styrene,1280.64
C-WEU-DEU,2015,WASH_MACH,other_plastics,7603.8
C-WEU-DEU,2015,WASH_MACH,polypropylene,5282.64
C-WEU-DEU,2015,WASH_MACH,bio-based_polypropylene,0
C-WEU-DEU,2015,WASH_MACH,steel,40260.12
C-WEU-DEU,2020,WASH_MACH,aluminium,2721.36
C-WEU-DEU,2020,WASH_MACH,copper,1520.76
C-WEU-DEU,2020,WASH_MACH,glass,1600.8
C-WEU-DEU,2020,WASH_MACH,other_materials,19769.88
C-WEU-DEU,2020,WASH_MACH,acrylonitrile_butadiene_styrene,1280.64
C-WEU-DEU,2020,WASH_MACH,other_plastics,7603.8
C-WEU-DEU,2020,WASH_MACH,polypropylene,5282.64
C-WEU-DEU,2020,WASH_MACH,bio-based_polypropylene,0
C-WEU-DEU,2020,WASH_MACH,steel,40260.12
C-WEU-DEU,2025,WASH_MACH,aluminium,2721.36
C-WEU-DEU,2025,WASH_MACH,copper,1520.76
C-WEU-DEU,2025,WASH_MACH,glass,1600.8
C-WEU-DEU,2025,WASH_MACH,other_materials,19769.88
C-WEU-DEU,2025,WASH_MACH,acrylonitrile_butadiene_styrene,1280.64
C-WEU-DEU,2025,WASH_MACH,other_plastics,7603.8
C-WEU-DEU,2025,WASH_MACH,polypropylene,5282.64
C-WEU-DEU,2025,WASH_MACH,bio-based_polypropylene,0
C-WEU-DEU,2025,WASH_MACH,steel,40260.12
C-WEU-DEU,2030,WASH_MACH,aluminium,2721.36
C-WEU-DEU,2030,WASH_MACH,copper,1520.76
C-WEU-DEU,2030,WASH_MACH,glass,1600.8
C-WEU-DEU,2030,WASH_MACH,other_materials,19769.88
C-WEU-DEU,2030,WASH_MACH,acrylonitrile_butadiene_styrene,1280.64
C-WEU-DEU,2030,WASH_MACH,other_plastics,7603.8
C-WEU-DEU,2030,WASH_MACH,polypropylene,5282.64
C-WEU-DEU,2030,WASH_MACH,bio-based_polypropylene,0
C-WEU-DEU,2030,WASH_MACH,steel,40260.12
C-WEU-DEU,2035,WASH_MACH,aluminium,2721.36
C-WEU-DEU,2035,WASH_MACH,copper,1520.76
C-WEU-DEU,2035,WASH_MACH,glass,1600.8
C-WEU-DEU,2035,WASH_MACH,other_materials,19769.88
C-WEU-DEU,2035,WASH_MACH,acrylonitrile_butadiene_styrene,1280.64
C-WEU-DEU,2035,WASH_MACH,other_plastics,7603.8
C-WEU-DEU,2035,WASH_MACH,polypropylene,5282.64
C-WEU-DEU,2035,WASH_MACH,bio-based_polypropylene,0
C-WEU-DEU,2035,WASH_MACH,steel,40260.12
C-WEU-DEU,2040,WASH_MACH,aluminium,2721.36
C-WEU-DEU,2040,WASH_MACH,copper,1520.76
C-WEU-DEU,2040,WASH_MACH,glass,1600.8
C-WEU-DEU,2040,WASH_MACH,other_materials,19769.88
C-WEU-DEU,2040,WASH_MACH,acrylonitrile_butadiene_styrene,1280.64
C-WEU-DEU,2040,WASH_MACH,other_plastics,7603.8
C-WEU-DEU,2040,WASH_MACH,polypropylene,5282.64
C-WEU-DEU,2040,WASH_MACH,bio-based_polypropylene,0
C-WEU-DEU,2040,WASH_MACH,steel,40260.12
C-WEU-DEU,2045,WASH_MACH,aluminium,2721.36
C-WEU-DEU,2045,WASH_MACH,copper,1520.76
C-WEU-DEU,2045,WASH_MACH,glass,1600.8
C-WEU-DEU,2045,WASH_MACH,other_materials,19769.88
C-WEU-DEU,2045,WASH_MACH,acrylonitrile_butadiene_styrene,1280.64
C-WEU-DEU,2045,WASH_MACH,other_plastics,7603.8
C-WEU-DEU,2045,WASH_MACH,polypropylene,5282.64
C-WEU-DEU,2045,WASH_MACH,bio-based_polypropylene,0
C-WEU-DEU,2045,WASH_MACH,steel,40260.12
C-WEU-DEU,2050,WASH_MACH,aluminium,2721.36
C-WEU-DEU,2050,WASH_MACH,copper,1520.76
C-WEU-DEU,2050,WASH_MACH,glass,1600.8
C-WEU-DEU,2050,WASH_MACH,other_materials,19769.88
C-WEU-DEU,2050,WASH_MACH,acrylonitrile_butadiene_styrene,1280.64
C-WEU-DEU,2050,WASH_MACH,other_plastics,7603.8
C-WEU-DEU,2050,WASH_MACH,polypropylene,5282.64
C-WEU-DEU,2050,WASH_MACH,bio-based_polypropylene,0
C-WEU-DEU,2050,WASH_MACH,steel,40260.12
C-WEU-DEU,2005,WASH_MACH_COM,aluminium,35424
C-WEU-DEU,2005,WASH_MACH_COM,copper,14956.8
C-WEU-DEU,2005,WASH_MACH_COM,glass,5116.8
C-WEU-DEU,2005,WASH_MACH_COM,other_materials,80333.76
C-WEU-DEU,2005,WASH_MACH_COM,acrylonitrile_butadiene_styrene,1613.76
C-WEU-DEU,2005,WASH_MACH_COM,other_plastics,9446.4
C-WEU-DEU,2005,WASH_MACH_COM,polypropylene,6612.48
C-WEU-DEU,2005,WASH_MACH_COM,bio-based_polypropylene,0
C-WEU-DEU,2005,WASH_MACH_COM,steel,240096
C-WEU-DEU,2010,WASH_MACH_COM,aluminium,35424
C-WEU-DEU,2010,WASH_MACH_COM,copper,14956.8
C-WEU-DEU,2010,WASH_MACH_COM,glass,5116.8
C-WEU-DEU,2010,WASH_MACH_COM,other_materials,80333.76
C-WEU-DEU,2010,WASH_MACH_COM,acrylonitrile_butadiene_styrene,1613.76
C-WEU-DEU,2010,WASH_MACH_COM,other_plastics,9446.4
C-WEU-DEU,2010,WASH_MACH_COM,polypropylene,6612.48
C-WEU-DEU,2010,WASH_MACH_COM,bio-based_polypropylene,0
C-WEU-DEU,2010,WASH_MACH_COM,steel,240096
C-WEU-DEU,2015,WASH_MACH_COM,aluminium,35424
C-WEU-DEU,2015,WASH_MACH_COM,copper,14956.8
C-WEU-DEU,2015,WASH_MACH_COM,glass,5116.8
C-WEU-DEU,2015,WASH_MACH_COM,other_materials,80333.76
C-WEU-DEU,2015,WASH_MACH_COM,acrylonitrile_butadiene_styrene,1613.76
C-WEU-DEU,2015,WASH_MACH_COM,other_plastics,9446.4
C-WEU-DEU,2015,WASH_MACH_COM,polypropylene,6612.48
C-WEU-DEU,2015,WASH_MACH_COM,bio-based_polypropylene,0
C-WEU-DEU,2015,WASH_MACH_COM,steel,240096
C-WEU-DEU,2020,WASH_MACH_COM,aluminium,35424
C-WEU-DEU,2020,WASH_MACH_COM,copper,14956.8
C-WEU-DEU,2020,WASH_MACH_COM,glass,5116.8
C-WEU-DEU,2020,WASH_MACH_COM,other_materials,80333.76
C-WEU-DEU,2020,WASH_MACH_COM,acrylonitrile_butadiene_styrene,1613.76
C-WEU-DEU,2020,WASH_MACH_COM,other_plastics,9446.4
C-WEU-DEU,2020,WASH_MACH_COM,polypropylene,6612.48
C-WEU-DEU,2020,WASH_MACH_COM,bio-based_polypropylene,0
C-WEU-DEU,2020,WASH_MACH_COM,steel,240096
C-WEU-DEU,2025,WASH_MACH_COM,aluminium,35424
C-WEU-DEU,2025,WASH_MACH_COM,copper,14956.8
C-WEU-DEU,2025,WASH_MACH_COM,glass,5116.8
C-WEU-DEU,2025,WASH_MACH_COM,other_materials,80333.76
C-WEU-DEU,2025,WASH_MACH_COM,acrylonitrile_butadiene_styrene,1613.76
C-WEU-DEU,2025,WASH_MACH_COM,other_plastics,9446.4
C-WEU-DEU,2025,WASH_MACH_COM,polypropylene,6612.48
C-WEU-DEU,2025,WASH_MACH_COM,bio-based_polypropylene,0
C-WEU-DEU,2025,WASH_MACH_COM,steel,240096
C-WEU-DEU,2030,WASH_MACH_COM,aluminium,35424
C-WEU-DEU,2030,WASH_MACH_COM,copper,14956.8
C-WEU-DEU,2030,WASH_MACH_COM,glass,5116.8
C-WEU-DEU,2030,WASH_MACH_COM,other_materials,80333.76
C-WEU-DEU,2030,WASH_MACH_COM,acrylonitrile_butadiene_styrene,1613.76
C-WEU-DEU,2030,WASH_MACH_COM,other_plastics,9446.4
C-WEU-DEU,2030,WASH_MACH_COM,polypropylene,6612.48
C-WEU-DEU,2030,WASH_MACH_COM,bio-based_polypropylene,0
C-WEU-DEU,2030,WASH_MACH_COM,steel,240096
C-WEU-DEU,2035,WASH_MACH_COM,aluminium,35424
C-WEU-DEU,2035,WASH_MACH_COM,copper,14956.8
C-WEU-DEU,2035,WASH_MACH_COM,glass,5116.8
C-WEU-DEU,2035,WASH_MACH_COM,other_materials,80333.76
C-WEU-DEU,2035,WASH_MACH_COM,acrylonitrile_butadiene_styrene,1613.76
C-WEU-DEU,2035,WASH_MACH_COM,other_plastics,9446.4
C-WEU-DEU,2035,WASH_MACH_COM,polypropylene,6612.48
C-WEU-DEU,2035,WASH_MACH_COM,bio-based_polypropylene,0
C-WEU-DEU,2035,WASH_MACH_COM,steel,240096
C-WEU-DEU,2040,WASH_MACH_COM,aluminium,35424
C-WEU-DEU,2040,WASH_MACH_COM,copper,14956.8
C-WEU-DEU,2040,WASH_MACH_COM,glass,5116.8
C-WEU-DEU,2040,WASH_MACH_COM,other_materials,80333.76
C-WEU-DEU,2040,WASH_MACH_COM,acrylonitrile_butadiene_styrene,1613.76
C-WEU-DEU,2040,WASH_MACH_COM,other_plastics,9446.4
C-WEU-DEU,2040,WASH_MACH_COM,polypropylene,6612.48
C-WEU-DEU,2040,WASH_MACH_COM,bio-based_polypropylene,0
C-WEU-DEU,2040,WASH_MACH_COM,steel,240096
C-WEU-DEU,2045,WASH_MACH_COM,aluminium,35424
C-WEU-DEU,2045,WASH_MACH_COM,copper,14956.8
C-WEU-DEU,2045,WASH_MACH_COM,glass,5116.8
C-WEU-DEU,2045,WASH_MACH_COM,other_materials,80333.76
C-WEU-DEU,2045,WASH_MACH_COM,acrylonitrile_butadiene_styrene,1613.76
C-WEU-DEU,2045,WASH_MACH_COM,other_plastics,9446.4
C-WEU-DEU,2045,WASH_MACH_COM,polypropylene,6612.48
C-WEU-DEU,2045,WASH_MACH_COM,bio-based_polypropylene,0
C-WEU-DEU,2045,WASH_MACH_COM,steel,240096
C-WEU-DEU,2050,WASH_MACH_COM,aluminium,35424
C-WEU-DEU,2050,WASH_MACH_COM,copper,14956.8
C-WEU-DEU,2050,WASH_MACH_COM,glass,5116.8
C-WEU-DEU,2050,WASH_MACH_COM,other_materials,80333.76
C-WEU-DEU,2050,WASH_MACH_COM,acrylonitrile_butadiene_styrene,1613.76
C-WEU-DEU,2050,WASH_MACH_COM,other_plastics,9446.4
C-WEU-DEU,2050,WASH_MACH_COM,polypropylene,6612.48
C-WEU-DEU,2050,WASH_MACH_COM,bio-based_polypropylene,0
C-WEU-DEU,2050,WASH_MACH_COM,steel,240096
C-WEU-DNK,2005,WASH_MACH,aluminium,2721.36
C-WEU-DNK,2005,WASH_MACH,copper,1520.76
C-WEU-DNK,2005,WASH_MACH,glass,1600.8
C-WEU-DNK,2005,WASH_MACH,other_materials,19769.88
C-WEU-DNK,2005,WASH_MACH,acrylonitrile_butadiene_styrene,1280.64
C-WEU-DNK,2005,WASH_MACH,other_plastics,7603.8
C-WEU-DNK,2005,WASH_MACH,polypropylene,5282.64
C-WEU-DNK,2005,WASH_MACH,bio-based_polypropylene,0
C-WEU-DNK,2005,WASH_MACH,steel,40260.12
C-WEU-DNK,2010,WASH_MACH,aluminium,2721.36
C-WEU-DNK,2010,WASH_MACH,copper,1520.76
C-WEU-DNK,2010,WASH_MACH,glass,1600.8
C-WEU-DNK,2010,WASH_MACH,other_materials,19769.88
C-WEU-DNK,2010,WASH_MACH,acrylonitrile_butadiene_styrene,1280.64
C-WEU-DNK,2010,WASH_MACH,other_plastics,7603.8
C-WEU-DNK,2010,WASH_MACH,polypropylene,5282.64
C-WEU-DNK,2010,WASH_MACH,bio-based_polypropylene,0
C-WEU-DNK,2010,WASH_MACH,steel,40260.12
C-WEU-DNK,2015,WASH_MACH,aluminium,2721.36
C-WEU-DNK,2015,WASH_MACH,copper,1520.76
C-WEU-DNK,2015,WASH_MACH,glass,1600.8
C-WEU-DNK,2015,WASH_MACH,other_materials,19769.88
C-WEU-DNK,2015,WASH_MACH,acrylonitrile_butadiene_styrene,1280.64
C-WEU-DNK,2015,WASH_MACH,other_plastics,7603.8
C-WEU-DNK,2015,WASH_MACH,polypropylene,5282.64
C-WEU-DNK,2015,WASH_MACH,bio-based_polypropylene,0
C-WEU-DNK,2015,WASH_MACH,steel,40260.12
C-WEU-DNK,2020,WASH_MACH,aluminium,2721.36
C-WEU-DNK,2020,WASH_MACH,copper,1520.76
C-WEU-DNK,2020,WASH_MACH,glass,1600.8
C-WEU-DNK,2020,WASH_MACH,other_materials,19769.88
C-WEU-DNK,2020,WASH_MACH,acrylonitrile_butadiene_styrene,1280.64
C-WEU-DNK,2020,WASH_MACH,other_plastics,7603.8
C-WEU-DNK,2020,WASH_MACH,polypropylene,5282.64
C-WEU-DNK,2020,WASH_MACH,bio-based_polypropylene,0
C-WEU-DNK,2020,WASH_MACH,steel,40260.12
C-WEU-DNK,2025,WASH_MACH,aluminium,2721.36
C-WEU-DNK,2025,WASH_MACH,copper,1520.76
C-WEU-DNK,2025,WASH_MACH,glass,1600.8
C-WEU-DNK,2025,WASH_MACH,other_materials,19769.88
C-WEU-DNK,2025,WASH_MACH,acrylonitrile_butadiene_styrene,1280.64
C-WEU-DNK,2025,WASH_MACH,other_plastics,7603.8
C-WEU-DNK,2025,WASH_MACH,polypropylene,5282.64
C-WEU-DNK,2025,WASH_MACH,bio-based_polypropylene,0
C-WEU-DNK,2025,WASH_MACH,steel,40260.12
C-WEU-DNK,2030,WASH_MACH,aluminium,2721.36
C-WEU-DNK,2030,WASH_MACH,copper,1520.76
C-WEU-DNK,2030,WASH_MACH,glass,1600.8
C-WEU-DNK,2030,WASH_MACH,other_materials,19769.88
C-WEU-DNK,2030,WASH_MACH,acrylonitrile_butadiene_styrene,1280.64
C-WEU-DNK,2030,WASH_MACH,other_plastics,7603.8
C-WEU-DNK,2030,WASH_MACH,polypropylene,5282.64
C-WEU-DNK,2030,WASH_MACH,bio-based_polypropylene,0
C-WEU-DNK,2030,WASH_MACH,steel,40260.12
C-WEU-DNK,2035,WASH_MACH,aluminium,2721.36
C-WEU-DNK,2035,WASH_MACH,copper,1520.76
C-WEU-DNK,2035,WASH_MACH,glass,1600.8
C-WEU-DNK,2035,WASH_MACH,other_materials,19769.88
C-WEU-DNK,2035,WASH_MACH,acrylonitrile_butadiene_styrene,1280.64
C-WEU-DNK,2035,WASH_MACH,other_plastics,7603.8
C-WEU-DNK,2035,WASH_MACH,polypropylene,5282.64
C-WEU-DNK,2035,WASH_MACH,bio-based_polypropylene,0
C-WEU-DNK,2035,WASH_MACH,steel,40260.12
C-WEU-DNK,2040,WASH_MACH,aluminium,2721.36
C-WEU-DNK,2040,WASH_MACH,copper,1520.76
C-WEU-DNK,2040,WASH_MACH,glass,1600.8
C-WEU-DNK,2040,WASH_MACH,other_materials,19769.88
C-WEU-DNK,2040,WASH_MACH,acrylonitrile_butadiene_styrene,1280.64
C-WEU-DNK,2040,WASH_MACH,other_plastics,7603.8
C-WEU-DNK,2040,WASH_MACH,polypropylene,5282.64
C-WEU-DNK,2040,WASH_MACH,bio-based_polypropylene,0
C-WEU-DNK,2040,WASH_MACH,steel,40260.12
C-WEU-DNK,2045,WASH_MACH,aluminium,2721.36
C-WEU-DNK,2045,WASH_MACH,copper,1520.76
C-WEU-DNK,2045,WASH_MACH,glass,1600.8
C-WEU-DNK,2045,WASH_MACH,other_materials,19769.88
C-WEU-DNK,2045,WASH_MACH,acrylonitrile_butadiene_styrene,1280.64
C-WEU-DNK,2045,WASH_MACH,other_plastics,7603.8
C-WEU-DNK,2045,WASH_MACH,polypropylene,5282.64
C-WEU-DNK,2045,WASH_MACH,bio-based_polypropylene,0
C-WEU-DNK,2045,WASH_MACH,steel,40260.12
C-WEU-DNK,2050,WASH_MACH,aluminium,2721.36
C-WEU-DNK,2050,WASH_MACH,copper,1520.76
C-WEU-DNK,2050,WASH_MACH,glass,1600.8
C-WEU-DNK,2050,WASH_MACH,other_materials,19769.88
C-WEU-DNK,2050,WASH_MACH,acrylonitrile_butadiene_styrene,1280.64
C-WEU-DNK,2050,WASH_MACH,other_plastics,7603.8
C-WEU-DNK,2050,WASH_MACH,polypropylene,5282.64
C-WEU-DNK,2050,WASH_MACH,bio-based_polypropylene,0
C-WEU-DNK,2050,WASH_MACH,steel,40260.12
C-WEU-DNK,2005,WASH_MACH_COM,aluminium,35424
C-WEU-DNK,2005,WASH_MACH_COM,copper,14956.8
C-WEU-DNK,2005,WASH_MACH_COM,glass,5116.8
C-WEU-DNK,2005,WASH_MACH_COM,other_materials,80333.76
C-WEU-DNK,2005,WASH_MACH_COM,acrylonitrile_butadiene_styrene,1613.76
C-WEU-DNK,2005,WASH_MACH_COM,other_plastics,9446.4
C-WEU-DNK,2005,WASH_MACH_COM,polypropylene,6612.48
C-WEU-DNK,2005,WASH_MACH_COM,bio-based_polypropylene,0
C-WEU-DNK,2005,WASH_MACH_COM,steel,240096
C-WEU-DNK,2010,WASH_MACH_COM,aluminium,35424
C-WEU-DNK,2010,WASH_MACH_COM,copper,14956.8
C-WEU-DNK,2010,WASH_MACH_COM,glass,5116.8
C-WEU-DNK,2010,WASH_MACH_COM,other_materials,80333.76
C-WEU-DNK,2010,WASH_MACH_COM,acrylonitrile_butadiene_styrene,1613.76
C-WEU-DNK,2010,WASH_MACH_COM,other_plastics,9446.4
C-WEU-DNK,2010,WASH_MACH_COM,polypropylene,6612.48
C-WEU-DNK,2010,WASH_MACH_COM,bio-based_polypropylene,0
C-WEU-DNK,2010,WASH_MACH_COM,steel,240096
C-WEU-DNK,2015,WASH_MACH_COM,aluminium,35424
C-WEU-DNK,2015,WASH_MACH_COM,copper,14956.8
C-WEU-DNK,2015,WASH_MACH_COM,glass,5116.8
C-WEU-DNK,2015,WASH_MACH_COM,other_materials,80333.76
C-WEU-DNK,2015,WASH_MACH_COM,acrylonitrile_butadiene_styrene,1613.76
C-WEU-DNK,2015,WASH_MACH_COM,other_plastics,9446.4
C-WEU-DNK,2015,WASH_MACH_COM,polypropylene,6612.48
C-WEU-DNK,2015,WASH_MACH_COM,bio-based_polypropylene,0
C-WEU-DNK,2015,WASH_MACH_COM,steel,240096
C-WEU-DNK,2020,WASH_MACH_COM,aluminium,35424
C-WEU-DNK,2020,WASH_MACH_COM,copper,14956.8
C-WEU-DNK,2020,WASH_MACH_COM,glass,5116.8
C-WEU-DNK,2020,WASH_MACH_COM,other_materials,80333.76
C-WEU-DNK,2020,WASH_MACH_COM,acrylonitrile_butadiene_styrene,1613.76
C-WEU-DNK,2020,WASH_MACH_COM,other_plastics,9446.4
C-WEU-DNK,2020,WASH_MACH_COM,polypropylene,6612.48
C-WEU-DNK,2020,WASH_MACH_COM,bio-based_polypropylene,0
C-WEU-DNK,2020,WASH_MACH_COM,steel,240096
C-WEU-DNK,2025,WASH_MACH_COM,aluminium,35424
C-WEU-DNK,2025,WASH_MACH_COM,copper,14956.8
C-WEU-DNK,2025,WASH_MACH_COM,glass,5116.8
C-WEU-DNK,2025,WASH_MACH_COM,other_materials,80333.76
C-WEU-DNK,2025,WASH_MACH_COM,acrylonitrile_butadiene_styrene,1613.76
C-WEU-DNK,2025,WASH_MACH_COM,other_plastics,9446.4
C-WEU-DNK,2025,WASH_MACH_COM,polypropylene,6612.48
C-WEU-DNK,2025,WASH_MACH_COM,bio-based_polypropylene,0
C-WEU-DNK,2025,WASH_MACH_COM,steel,240096
C-WEU-DNK,2030,WASH_MACH_COM,aluminium,35424
C-WEU-DNK,2030,WASH_MACH_COM,copper,14956.8
C-WEU-DNK,2030,WASH_MACH_COM,glass,5116.8
C-WEU-DNK,2030,WASH_MACH_COM,other_materials,80333.76
C-WEU-DNK,2030,WASH_MACH_COM,acrylonitrile_butadiene_styrene,1613.76
C-WEU-DNK,2030,WASH_MACH_COM,other_plastics,9446.4
C-WEU-DNK,2030,WASH_MACH_COM,polypropylene,6612.48
C-WEU-DNK,2030,WASH_MACH_COM,bio-based_polypropylene,0
C-WEU-DNK,2030,WASH_MACH_COM,steel,240096
C-WEU-DNK,2035,WASH_MACH_COM,aluminium,35424
C-WEU-DNK,2035,WASH_MACH_COM,copper,14956.8
C-WEU-DNK,2035,WASH_MACH_COM,glass,5116.8
C-WEU-DNK,2035,WASH_MACH_COM,other_materials,80333.76
C-WEU-DNK,2035,WASH_MACH_COM,acrylonitrile_butadiene_styrene,1613.76
C-WEU-DNK,2035,WASH_MACH_COM,other_plastics,9446.4
C-WEU-DNK,2035,WASH_MACH_COM,polypropylene,6612.48
C-WEU-DNK,2035,WASH_MACH_COM,bio-based_polypropylene,0
C-WEU-DNK,2035,WASH_MACH_COM,steel,240096
C-WEU-DNK,2040,WASH_MACH_COM,aluminium,35424
C-WEU-DNK,2040,WASH_MACH_COM,copper,14956.8
C-WEU-DNK,2040,WASH_MACH_COM,glass,5116.8
C-WEU-DNK,2040,WASH_MACH_COM,other_materials,80333.76
C-WEU-DNK,2040,WASH_MACH_COM,acrylonitrile_butadiene_styrene,1613.76
C-WEU-DNK,2040,WASH_MACH_COM,other_plastics,9446.4
C-WEU-DNK,2040,WASH_MACH_COM,polypropylene,6612.48
C-WEU-DNK,2040,WASH_MACH_COM,bio-based_polypropylene,0
C-WEU-DNK,2040,WASH_MACH_COM,steel,240096
C-WEU-DNK,2045,WASH_MACH_COM,aluminium,35424
C-WEU-DNK,2045,WASH_MACH_COM,copper,14956.8
C-WEU-DNK,2045,WASH_MACH_COM,glass,5116.8
C-WEU-DNK,2045,WASH_MACH_COM,other_materials,80333.76
C-WEU-DNK,2045,WASH_MACH_COM,acrylonitrile_butadiene_styrene,1613.76
C-WEU-DNK,2045,WASH_MACH_COM,other_plastics,9446.4
C-WEU-DNK,2045,WASH_MACH_COM,polypropylene,6612.48
C-WEU-DNK,2045,WASH_MACH_COM,bio-based_polypropylene,0
C-WEU-DNK,2045,WASH_MACH_COM,steel,240096
C-WEU-DNK,2050,WASH_MACH_COM,aluminium,35424
C-WEU-DNK,2050,WASH_MACH_COM,copper,14956.8
C-WEU-DNK,2050,WASH_MACH_COM,glass,5116.8
C-WEU-DNK,2050,WASH_MACH_COM,other_materials,80333.76
C-WEU-DNK,2050,WASH_MACH_COM,acrylonitrile_butadiene_styrene,1613.76
C-WEU-DNK,2050,WASH_MACH_COM,other_plastics,9446.4
C-WEU-DNK,2050,WASH_MACH_COM,polypropylene,6612.48
C-WEU-DNK,2050,WASH_MACH_COM,bio-based_polypropylene,0
C-WEU-DNK,2050,WASH_MACH_COM,steel,240096
C-WEU-ESP,2005,WASH_MACH,aluminium,2721.36
C-WEU-ESP,2005,WASH_MACH,copper,1520.76
C-WEU-ESP,2005,WASH_MACH,glass,1600.8
C-WEU-ESP,2005,WASH_MACH,other_materials,19769.88
C-WEU-ESP,2005,WASH_MACH,acrylonitrile_butadiene_styrene,1280.64
C-WEU-ESP,2005,WASH_MACH,other_plastics,7603.8
C-WEU-ESP,2005,WASH_MACH,polypropylene,5282.64
C-WEU-ESP,2005,WASH_MACH,bio-based_polypropylene,0
C-WEU-ESP,2005,WASH_MACH,steel,40260.12
C-WEU-ESP,2010,WASH_MACH,aluminium,2721.36
C-WEU-ESP,2010,WASH_MACH,copper,1520.76
C-WEU-ESP,2010,WASH_MACH,glass,1600.8
C-WEU-ESP,2010,WASH_MACH,other_materials,19769.88
C-WEU-ESP,2010,WASH_MACH,acrylonitrile_butadiene_styrene,1280.64
C-WEU-ESP,2010,WASH_MACH,other_plastics,7603.8
C-WEU-ESP,2010,WASH_MACH,polypropylene,5282.64
C-WEU-ESP,2010,WASH_MACH,bio-based_polypropylene,0
C-WEU-ESP,2010,WASH_MACH,steel,40260.12
C-WEU-ESP,2015,WASH_MACH,aluminium,2721.36
C-WEU-ESP,2015,WASH_MACH,copper,1520.76
C-WEU-ESP,2015,WASH_MACH,glass,1600.8
C-WEU-ESP,2015,WASH_MACH,other_materials,19769.88
C-WEU-ESP,2015,WASH_MACH,acrylonitrile_butadiene_styrene,1280.64
C-WEU-ESP,2015,WASH_MACH,other_plastics,7603.8
C-WEU-ESP,2015,WASH_MACH,polypropylene,5282.64
C-WEU-ESP,2015,WASH_MACH,bio-based_polypropylene,0
C-WEU-ESP,2015,WASH_MACH,steel,40260.12
C-WEU-ESP,2020,WASH_MACH,aluminium,2721.36
C-WEU-ESP,2020,WASH_MACH,copper,1520.76
C-WEU-ESP,2020,WASH_MACH,glass,1600.8
C-WEU-ESP,2020,WASH_MACH,other_materials,19769.88
C-WEU-ESP,2020,WASH_MACH,acrylonitrile_butadiene_styrene,1280.64
C-WEU-ESP,2020,WASH_MACH,other_plastics,7603.8
C-WEU-ESP,2020,WASH_MACH,polypropylene,5282.64
C-WEU-ESP,2020,WASH_MACH,bio-based_polypropylene,0
C-WEU-ESP,2020,WASH_MACH,steel,40260.12
C-WEU-ESP,2025,WASH_MACH,aluminium,2721.36
C-WEU-ESP,2025,WASH_MACH,copper,1520.76
C-WEU-ESP,2025,WASH_MACH,glass,1600.8
C-WEU-ESP,2025,WASH_MACH,other_materials,19769.88
C-WEU-ESP,2025,WASH_MACH,acrylonitrile_butadiene_styrene,1280.64
C-WEU-ESP,2025,WASH_MACH,other_plastics,7603.8
C-WEU-ESP,2025,WASH_MACH,polypropylene,5282.64
C-WEU-ESP,2025,WASH_MACH,bio-based_polypropylene,0
C-WEU-ESP,2025,WASH_MACH,steel,40260.12
C-WEU-ESP,2030,WASH_MACH,aluminium,2721.36
C-WEU-ESP,2030,WASH_MACH,copper,1520.76
C-WEU-ESP,2030,WASH_MACH,glass,1600.8
C-WEU-ESP,2030,WASH_MACH,other_materials,19769.88
C-WEU-ESP,2030,WASH_MACH,acrylonitrile_butadiene_styrene,1280.64
C-WEU-ESP,2030,WASH_MACH,other_plastics,7603.8
C-WEU-ESP,2030,WASH_MACH,polypropylene,5282.64
C-WEU-ESP,2030,WASH_MACH,bio-based_polypropylene,0
C-WEU-ESP,2030,WASH_MACH,steel,40260.12
C-WEU-ESP,2035,WASH_MACH,aluminium,2721.36
C-WEU-ESP,2035,WASH_MACH,copper,1520.76
C-WEU-ESP,2035,WASH_MACH,glass,1600.8
C-WEU-ESP,2035,WASH_MACH,other_materials,19769.88
C-WEU-ESP,2035,WASH_MACH,acrylonitrile_butadiene_styrene,1280.64
C-WEU-ESP,2035,WASH_MACH,other_plastics,7603.8
C-WEU-ESP,2035,WASH_MACH,polypropylene,5282.64
C-WEU-ESP,2035,WASH_MACH,bio-based_polypropylene,0
C-WEU-ESP,2035,WASH_MACH,steel,40260.12
C-WEU-ESP,2040,WASH_MACH,aluminium,2721.36
C-WEU-ESP,2040,WASH_MACH,copper,1520.76
C-WEU-ESP,2040,WASH_MACH,glass,1600.8
C-WEU-ESP,2040,WASH_MACH,other_materials,19769.88
C-WEU-ESP,2040,WASH_MACH,acrylonitrile_butadiene_styrene,1280.64
C-WEU-ESP,2040,WASH_MACH,other_plastics,7603.8
C-WEU-ESP,2040,WASH_MACH,polypropylene,5282.64
C-WEU-ESP,2040,WASH_MACH,bio-based_polypropylene,0
C-WEU-ESP,2040,WASH_MACH,steel,40260.12
C-WEU-ESP,2045,WASH_MACH,aluminium,2721.36
C-WEU-ESP,2045,WASH_MACH,copper,1520.76
C-WEU-ESP,2045,WASH_MACH,glass,1600.8
C-WEU-ESP,2045,WASH_MACH,other_materials,19769.88
C-WEU-ESP,2045,WASH_MACH,acrylonitrile_butadiene_styrene,1280.64
C-WEU-ESP,2045,WASH_MACH,other_plastics,7603.8
C-WEU-ESP,2045,WASH_MACH,polypropylene,5282.64
C-WEU-ESP,2045,WASH_MACH,bio-based_polypropylene,0
C-WEU-ESP,2045,WASH_MACH,steel,40260.12
C-WEU-ESP,2050,WASH_MACH,aluminium,2721.36
C-WEU-ESP,2050,WASH_MACH,copper,1520.76
C-WEU-ESP,2050,WASH_MACH,glass,1600.8
C-WEU-ESP,2050,WASH_MACH,other_materials,19769.88
C-WEU-ESP,2050,WASH_MACH,acrylonitrile_butadiene_styrene,1280.64
C-WEU-ESP,2050,WASH_MACH,other_plastics,7603.8
C-WEU-ESP,2050,WASH_MACH,polypropylene,5282.64
C-WEU-ESP,2050,WASH_MACH,bio-based_polypropylene,0
C-WEU-ESP,2050,WASH_MACH,steel,40260.12
C-WEU-ESP,2005,WASH_MACH_COM,aluminium,35424
C-WEU-ESP,2005,WASH_MACH_COM,copper,14956.8
C-WEU-ESP,2005,WASH_MACH_COM,glass,5116.8
C-WEU-ESP,2005,WASH_MACH_COM,other_materials,80333.76
C-WEU-ESP,2005,WASH_MACH_COM,acrylonitrile_butadiene_styrene,1613.76
C-WEU-ESP,2005,WASH_MACH_COM,other_plastics,9446.4
C-WEU-ESP,2005,WASH_MACH_COM,polypropylene,6612.48
C-WEU-ESP,2005,WASH_MACH_COM,bio-based_polypropylene,0
C-WEU-ESP,2005,WASH_MACH_COM,steel,240096
C-WEU-ESP,2010,WASH_MACH_COM,aluminium,35424
C-WEU-ESP,2010,WASH_MACH_COM,copper,14956.8
C-WEU-ESP,2010,WASH_MACH_COM,glass,5116.8
C-WEU-ESP,2010,WASH_MACH_COM,other_materials,80333.76
C-WEU-ESP,2010,WASH_MACH_COM,acrylonitrile_butadiene_styrene,1613.76
C-WEU-ESP,2010,WASH_MACH_COM,other_plastics,9446.4
C-WEU-ESP,2010,WASH_MACH_COM,polypropylene,6612.48
C-WEU-ESP,2010,WASH_MACH_COM,bio-based_polypropylene,0
C-WEU-ESP,2010,WASH_MACH_COM,steel,240096
C-WEU-ESP,2015,WASH_MACH_COM,aluminium,35424
C-WEU-ESP,2015,WASH_MACH_COM,copper,14956.8
C-WEU-ESP,2015,WASH_MACH_COM,glass,5116.8
C-WEU-ESP,2015,WASH_MACH_COM,other_materials,80333.76
C-WEU-ESP,2015,WASH_MACH_COM,acrylonitrile_butadiene_styrene,1613.76
C-WEU-ESP,2015,WASH_MACH_COM,other_plastics,9446.4
C-WEU-ESP,2015,WASH_MACH_COM,polypropylene,6612.48
C-WEU-ESP,2015,WASH_MACH_COM,bio-based_polypropylene,0
C-WEU-ESP,2015,WASH_MACH_COM,steel,240096
C-WEU-ESP,2020,WASH_MACH_COM,aluminium,35424
C-WEU-ESP,2020,WASH_MACH_COM,copper,14956.8
C-WEU-ESP,2020,WASH_MACH_COM,glass,5116.8
C-WEU-ESP,2020,WASH_MACH_COM,other_materials,80333.76
C-WEU-ESP,2020,WASH_MACH_COM,acrylonitrile_butadiene_styrene,1613.76
C-WEU-ESP,2020,WASH_MACH_COM,other_plastics,9446.4
C-WEU-ESP,2020,WASH_MACH_COM,polypropylene,6612.48
C-WEU-ESP,2020,WASH_MACH_COM,bio-based_polypropylene,0
C-WEU-ESP,2020,WASH_MACH_COM,steel,240096
C-WEU-ESP,2025,WASH_MACH_COM,aluminium,35424
C-WEU-ESP,2025,WASH_MACH_COM,copper,14956.8
C-WEU-ESP,2025,WASH_MACH_COM,glass,5116.8
C-WEU-ESP,2025,WASH_MACH_COM,other_materials,80333.76
C-WEU-ESP,2025,WASH_MACH_COM,acrylonitrile_butadiene_styrene,1613.76
C-WEU-ESP,2025,WASH_MACH_COM,other_plastics,9446.4
C-WEU-ESP,2025,WASH_MACH_COM,polypropylene,6612.48
C-WEU-ESP,2025,WASH_MACH_COM,bio-based_polypropylene,0
C-WEU-ESP,2025,WASH_MACH_COM,steel,240096
C-WEU-ESP,2030,WASH_MACH_COM,aluminium,35424
C-WEU-ESP,2030,WASH_MACH_COM,copper,14956.8
C-WEU-ESP,2030,WASH_MACH_COM,glass,5116.8
C-WEU-ESP,2030,WASH_MACH_COM,other_materials,80333.76
C-WEU-ESP,2030,WASH_MACH_COM,acrylonitrile_butadiene_styrene,1613.76
C-WEU-ESP,2030,WASH_MACH_COM,other_plastics,9446.4
C-WEU-ESP,2030,WASH_MACH_COM,polypropylene,6612.48
C-WEU-ESP,2030,WASH_MACH_COM,bio-based_polypropylene,0
C-WEU-ESP,2030,WASH_MACH_COM,steel,240096
C-WEU-ESP,2035,WASH_MACH_COM,aluminium,35424
C-WEU-ESP,2035,WASH_MACH_COM,copper,14956.8
C-WEU-ESP,2035,WASH_MACH_COM,glass,5116.8
C-WEU-ESP,2035,WASH_MACH_COM,other_materials,80333.76
C-WEU-ESP,2035,WASH_MACH_COM,acrylonitrile_butadiene_styrene,1613.76
C-WEU-ESP,2035,WASH_MACH_COM,other_plastics,9446.4
C-WEU-ESP,2035,WASH_MACH_COM,polypropylene,6612.48
C-WEU-ESP,2035,WASH_MACH_COM,bio-based_polypropylene,0
C-WEU-ESP,2035,WASH_MACH_COM,steel,240096
C-WEU-ESP,2040,WASH_MACH_COM,aluminium,35424
C-WEU-ESP,2040,WASH_MACH_COM,copper,14956.8
C-WEU-ESP,2040,WASH_MACH_COM,glass,5116.8
C-WEU-ESP,2040,WASH_MACH_COM,other_materials,80333.76
C-WEU-ESP,2040,WASH_MACH_COM,acrylonitrile_butadiene_styrene,1613.76
C-WEU-ESP,2040,WASH_MACH_COM,other_plastics,9446.4
C-WEU-ESP,2040,WASH_MACH_COM,polypropylene,6612.48
C-WEU-ESP,2040,WASH_MACH_COM,bio-based_polypropylene,0
C-WEU-ESP,2040,WASH_MACH_COM,steel,240096
C-WEU-ESP,2045,WASH_MACH_COM,aluminium,35424
C-WEU-ESP,2045,WASH_MACH_COM,copper,14956.8
C-WEU-ESP,2045,WASH_MACH_COM,glass,5116.8
C-WEU-ESP,2045,WASH_MACH_COM,other_materials,80333.76
C-WEU-ESP,2045,WASH_MACH_COM,acrylonitrile_butadiene_styrene,1613.76
C-WEU-ESP,2045,WASH_MACH_COM,other_plastics,9446.4
C-WEU-ESP,2045,WASH_MACH_COM,polypropylene,6612.48
C-WEU-ESP,2045,WASH_MACH_COM,bio-based_polypropylene,0
C-WEU-ESP,2045,WASH_MACH_COM,steel,240096
C-WEU-ESP,2050,WASH_MACH_COM,aluminium,35424
C-WEU-ESP,2050,WASH_MACH_COM,copper,14956.8
C-WEU-ESP,2050,WASH_MACH_COM,glass,5116.8
C-WEU-ESP,2050,WASH_MACH_COM,other_materials,80333.76
C-WEU-ESP,2050,WASH_MACH_COM,acrylonitrile_butadiene_styrene,1613.76
C-WEU-ESP,2050,WASH_MACH_COM,other_plastics,9446.4
C-WEU-ESP,2050,WASH_MACH_COM,polypropylene,6612.48
C-WEU-ESP,2050,WASH_MACH_COM,bio-based_polypropylene,0
C-WEU-ESP,2050,WASH_MACH_COM,steel,240096
C-WEU-FIN,2005,WASH_MACH,aluminium,2721.36
C-WEU-FIN,2005,WASH_MACH,copper,1520.76
C-WEU-FIN,2005,WASH_MACH,glass,1600.8
C-WEU-FIN,2005,WASH_MACH,other_materials,19769.88
C-WEU-FIN,2005,WASH_MACH,acrylonitrile_butadiene_styrene,1280.64
C-WEU-FIN,2005,WASH_MACH,other_plastics,7603.8
C-WEU-FIN,2005,WASH_MACH,polypropylene,5282.64
C-WEU-FIN,2005,WASH_MACH,bio-based_polypropylene,0
C-WEU-FIN,2005,WASH_MACH,steel,40260.12
C-WEU-FIN,2010,WASH_MACH,aluminium,2721.36
C-WEU-FIN,2010,WASH_MACH,copper,1520.76
C-WEU-FIN,2010,WASH_MACH,glass,1600.8
C-WEU-FIN,2010,WASH_MACH,other_materials,19769.88
C-WEU-FIN,2010,WASH_MACH,acrylonitrile_butadiene_styrene,1280.64
C-WEU-FIN,2010,WASH_MACH,other_plastics,7603.8
C-WEU-FIN,2010,WASH_MACH,polypropylene,5282.64
C-WEU-FIN,2010,WASH_MACH,bio-based_polypropylene,0
C-WEU-FIN,2010,WASH_MACH,steel,40260.12
C-WEU-FIN,2015,WASH_MACH,aluminium,2721.36
C-WEU-FIN,2015,WASH_MACH,copper,1520.76
C-WEU-FIN,2015,WASH_MACH,glass,1600.8
C-WEU-FIN,2015,WASH_MACH,other_materials,19769.88
C-WEU-FIN,2015,WASH_MACH,acrylonitrile_butadiene_styrene,1280.64
C-WEU-FIN,2015,WASH_MACH,other_plastics,7603.8
C-WEU-FIN,2015,WASH_MACH,polypropylene,5282.64
C-WEU-FIN,2015,WASH_MACH,bio-based_polypropylene,0
C-WEU-FIN,2015,WASH_MACH,steel,40260.12
C-WEU-FIN,2020,WASH_MACH,aluminium,2721.36
C-WEU-FIN,2020,WASH_MACH,copper,1520.76
C-WEU-FIN,2020,WASH_MACH,glass,1600.8
C-WEU-FIN,2020,WASH_MACH,other_materials,19769.88
C-WEU-FIN,2020,WASH_MACH,acrylonitrile_butadiene_styrene,1280.64
C-WEU-FIN,2020,WASH_MACH,other_plastics,7603.8
C-WEU-FIN,2020,WASH_MACH,polypropylene,5282.64
C-WEU-FIN,2020,WASH_MACH,bio-based_polypropylene,0
C-WEU-FIN,2020,WASH_MACH,steel,40260.12
C-WEU-FIN,2025,WASH_MACH,aluminium,2721.36
C-WEU-FIN,2025,WASH_MACH,copper,1520.76
C-WEU-FIN,2025,WASH_MACH,glass,1600.8
C-WEU-FIN,2025,WASH_MACH,other_materials,19769.88
C-WEU-FIN,2025,WASH_MACH,acrylonitrile_butadiene_styrene,1280.64
C-WEU-FIN,2025,WASH_MACH,other_plastics,7603.8
C-WEU-FIN,2025,WASH_MACH,polypropylene,5282.64
C-WEU-FIN,2025,WASH_MACH,bio-based_polypropylene,0
C-WEU-FIN,2025,WASH_MACH,steel,40260.12
C-WEU-FIN,2030,WASH_MACH,aluminium,2721.36
C-WEU-FIN,2030,WASH_MACH,copper,1520.76
C-WEU-FIN,2030,WASH_MACH,glass,1600.8
C-WEU-FIN,2030,WASH_MACH,other_materials,19769.88
C-WEU-FIN,2030,WASH_MACH,acrylonitrile_butadiene_styrene,1280.64
C-WEU-FIN,2030,WASH_MACH,other_plastics,7603.8
C-WEU-FIN,2030,WASH_MACH,polypropylene,5282.64
C-WEU-FIN,2030,WASH_MACH,bio-based_polypropylene,0
C-WEU-FIN,2030,WASH_MACH,steel,40260.12
C-WEU-FIN,2035,WASH_MACH,aluminium,2721.36
C-WEU-FIN,2035,WASH_MACH,copper,1520.76
C-WEU-FIN,2035,WASH_MACH,glass,1600.8
C-WEU-FIN,2035,WASH_MACH,other_materials,19769.88
C-WEU-FIN,2035,WASH_MACH,acrylonitrile_butadiene_styrene,1280.64
C-WEU-FIN,2035,WASH_MACH,other_plastics,7603.8
C-WEU-FIN,2035,WASH_MACH,polypropylene,5282.64
C-WEU-FIN,2035,WASH_MACH,bio-based_polypropylene,0
C-WEU-FIN,2035,WASH_MACH,steel,40260.12
C-WEU-FIN,2040,WASH_MACH,aluminium,2721.36
C-WEU-FIN,2040,WASH_MACH,copper,1520.76
C-WEU-FIN,2040,WASH_MACH,glass,1600.8
C-WEU-FIN,2040,WASH_MACH,other_materials,19769.88
C-WEU-FIN,2040,WASH_MACH,acrylonitrile_butadiene_styrene,1280.64
C-WEU-FIN,2040,WASH_MACH,other_plastics,7603.8
C-WEU-FIN,2040,WASH_MACH,polypropylene,5282.64
C-WEU-FIN,2040,WASH_MACH,bio-based_polypropylene,0
C-WEU-FIN,2040,WASH_MACH,steel,40260.12
C-WEU-FIN,2045,WASH_MACH,aluminium,2721.36
C-WEU-FIN,2045,WASH_MACH,copper,1520.76
C-WEU-FIN,2045,WASH_MACH,glass,1600.8
C-WEU-FIN,2045,WASH_MACH,other_materials,19769.88
C-WEU-FIN,2045,WASH_MACH,acrylonitrile_butadiene_styrene,1280.64
C-WEU-FIN,2045,WASH_MACH,other_plastics,7603.8
C-WEU-FIN,2045,WASH_MACH,polypropylene,5282.64
C-WEU-FIN,2045,WASH_MACH,bio-based_polypropylene,0
C-WEU-FIN,2045,WASH_MACH,steel,40260.12
C-WEU-FIN,2050,WASH_MACH,aluminium,2721.36
C-WEU-FIN,2050,WASH_MACH,copper,1520.76
C-WEU-FIN,2050,WASH_MACH,glass,1600.8
C-WEU-FIN,2050,WASH_MACH,other_materials,19769.88
C-WEU-FIN,2050,WASH_MACH,acrylonitrile_butadiene_styrene,1280.64
C-WEU-FIN,2050,WASH_MACH,other_plastics,7603.8
C-WEU-FIN,2050,WASH_MACH,polypropylene,5282.64
C-WEU-FIN,2050,WASH_MACH,bio-based_polypropylene,0
C-WEU-FIN,2050,WASH_MACH,steel,40260.12
C-WEU-FIN,2005,WASH_MACH_COM,aluminium,35424
C-WEU-FIN,2005,WASH_MACH_COM,copper,14956.8
C-WEU-FIN,2005,WASH_MACH_COM,glass,5116.8
C-WEU-FIN,2005,WASH_MACH_COM,other_materials,80333.76
C-WEU-FIN,2005,WASH_MACH_COM,acrylonitrile_butadiene_styrene,1613.76
C-WEU-FIN,2005,WASH_MACH_COM,other_plastics,9446.4
C-WEU-FIN,2005,WASH_MACH_COM,polypropylene,6612.48
C-WEU-FIN,2005,WASH_MACH_COM,bio-based_polypropylene,0
C-WEU-FIN,2005,WASH_MACH_COM,steel,240096
C-WEU-FIN,2010,WASH_MACH_COM,aluminium,35424
C-WEU-FIN,2010,WASH_MACH_COM,copper,14956.8
C-WEU-FIN,2010,WASH_MACH_COM,glass,5116.8
C-WEU-FIN,2010,WASH_MACH_COM,other_materials,80333.76
C-WEU-FIN,2010,WASH_MACH_COM,acrylonitrile_butadiene_styrene,1613.76
C-WEU-FIN,2010,WASH_MACH_COM,other_plastics,9446.4
C-WEU-FIN,2010,WASH_MACH_COM,polypropylene,6612.48
C-WEU-FIN,2010,WASH_MACH_COM,bio-based_polypropylene,0
C-WEU-FIN,2010,WASH_MACH_COM,steel,240096
C-WEU-FIN,2015,WASH_MACH_COM,aluminium,35424
C-WEU-FIN,2015,WASH_MACH_COM,copper,14956.8
C-WEU-FIN,2015,WASH_MACH_COM,glass,5116.8
C-WEU-FIN,2015,WASH_MACH_COM,other_materials,80333.76
C-WEU-FIN,2015,WASH_MACH_COM,acrylonitrile_butadiene_styrene,1613.76
C-WEU-FIN,2015,WASH_MACH_COM,other_plastics,9446.4
C-WEU-FIN,2015,WASH_MACH_COM,polypropylene,6612.48
C-WEU-FIN,2015,WASH_MACH_COM,bio-based_polypropylene,0
C-WEU-FIN,2015,WASH_MACH_COM,steel,240096
C-WEU-FIN,2020,WASH_MACH_COM,aluminium,35424
C-WEU-FIN,2020,WASH_MACH_COM,copper,14956.8
C-WEU-FIN,2020,WASH_MACH_COM,glass,5116.8
C-WEU-FIN,2020,WASH_MACH_COM,other_materials,80333.76
C-WEU-FIN,2020,WASH_MACH_COM,acrylonitrile_butadiene_styrene,1613.76
C-WEU-FIN,2020,WASH_MACH_COM,other_plastics,9446.4
C-WEU-FIN,2020,WASH_MACH_COM,polypropylene,6612.48
C-WEU-FIN,2020,WASH_MACH_COM,bio-based_polypropylene,0
C-WEU-FIN,2020,WASH_MACH_COM,steel,240096
C-WEU-FIN,2025,WASH_MACH_COM,aluminium,35424
C-WEU-FIN,2025,WASH_MACH_COM,copper,14956.8
C-WEU-FIN,2025,WASH_MACH_COM,glass,5116.8
C-WEU-FIN,2025,WASH_MACH_COM,other_materials,80333.76
C-WEU-FIN,2025,WASH_MACH_COM,acrylonitrile_butadiene_styrene,1613.76
C-WEU-FIN,2025,WASH_MACH_COM,other_plastics,9446.4
C-WEU-FIN,2025,WASH_MACH_COM,polypropylene,6612.48
C-WEU-FIN,2025,WASH_MACH_COM,bio-based_polypropylene,0
C-WEU-FIN,2025,WASH_MACH_COM,steel,240096
C-WEU-FIN,2030,WASH_MACH_COM,aluminium,35424
C-WEU-FIN,2030,WASH_MACH_COM,copper,14956.8
C-WEU-FIN,2030,WASH_MACH_COM,glass,5116.8
C-WEU-FIN,2030,WASH_MACH_COM,other_materials,80333.76
C-WEU-FIN,2030,WASH_MACH_COM,acrylonitrile_butadiene_styrene,1613.76
C-WEU-FIN,2030,WASH_MACH_COM,other_plastics,9446.4
C-WEU-FIN,2030,WASH_MACH_COM,polypropylene,6612.48
C-WEU-FIN,2030,WASH_MACH_COM,bio-based_polypropylene,0
C-WEU-FIN,2030,WASH_MACH_COM,steel,240096
C-WEU-FIN,2035,WASH_MACH_COM,aluminium,35424
C-WEU-FIN,2035,WASH_MACH_COM,copper,14956.8
C-WEU-FIN,2035,WASH_MACH_COM,glass,5116.8
C-WEU-FIN,2035,WASH_MACH_COM,other_materials,80333.76
C-WEU-FIN,2035,WASH_MACH_COM,acrylonitrile_butadiene_styrene,1613.76
C-WEU-FIN,2035,WASH_MACH_COM,other_plastics,9446.4
C-WEU-FIN,2035,WASH_MACH_COM,polypropylene,6612.48
C-WEU-FIN,2035,WASH_MACH_COM,bio-based_polypropylene,0
C-WEU-FIN,2035,WASH_MACH_COM,steel,240096
C-WEU-FIN,2040,WASH_MACH_COM,aluminium,35424
C-WEU-FIN,2040,WASH_MACH_COM,copper,14956.8
C-WEU-FIN,2040,WASH_MACH_COM,glass,5116.8
C-WEU-FIN,2040,WASH_MACH_COM,other_materials,80333.76
C-WEU-FIN,2040,WASH_MACH_COM,acrylonitrile_butadiene_styrene,1613.76
C-WEU-FIN,2040,WASH_MACH_COM,other_plastics,9446.4
C-WEU-FIN,2040,WASH_MACH_COM,polypropylene,6612.48
C-WEU-FIN,2040,WASH_MACH_COM,bio-based_polypropylene,0
C-WEU-FIN,2040,WASH_MACH_COM,steel,240096
C-WEU-FIN,2045,WASH_MACH_COM,aluminium,35424
C-WEU-FIN,2045,WASH_MACH_COM,copper,14956.8
C-WEU-FIN,2045,WASH_MACH_COM,glass,5116.8
C-WEU-FIN,2045,WASH_MACH_COM,other_materials,80333.76
C-WEU-FIN,2045,WASH_MACH_COM,acrylonitrile_butadiene_styrene,1613.76
C-WEU-FIN,2045,WASH_MACH_COM,other_plastics,9446.4
C-WEU-FIN,2045,WASH_MACH_COM,polypropylene,6612.48
C-WEU-FIN,2045,WASH_MACH_COM,bio-based_polypropylene,0
C-WEU-FIN,2045,WASH_MACH_COM,steel,240096
C-WEU-FIN,2050,WASH_MACH_COM,aluminium,35424
C-WEU-FIN,2050,WASH_MACH_COM,copper,14956.8
C-WEU-FIN,2050,WASH_MACH_COM,glass,5116.8
C-WEU-FIN,2050,WASH_MACH_COM,other_materials,80333.76
C-WEU-FIN,2050,WASH_MACH_COM,acrylonitrile_butadiene_styrene,1613.76
C-WEU-FIN,2050,WASH_MACH_COM,other_plastics,9446.4
C-WEU-FIN,2050,WASH_MACH_COM,polypropylene,6612.48
C-WEU-FIN,2050,WASH_MACH_COM,bio-based_polypropylene,0
C-WEU-FIN,2050,WASH_MACH_COM,steel,240096
C-WEU-FRA,2005,WASH_MACH,aluminium,2721.36
C-WEU-FRA,2005,WASH_MACH,copper,1520.76
C-WEU-FRA,2005,WASH_MACH,glass,1600.8
C-WEU-FRA,2005,WASH_MACH,other_materials,19769.88
C-WEU-FRA,2005,WASH_MACH,acrylonitrile_butadiene_styrene,1280.64
C-WEU-FRA,2005,WASH_MACH,other_plastics,7603.8
C-WEU-FRA,2005,WASH_MACH,polypropylene,5282.64
C-WEU-FRA,2005,WASH_MACH,bio-based_polypropylene,0
C-WEU-FRA,2005,WASH_MACH,steel,40260.12
C-WEU-FRA,2010,WASH_MACH,aluminium,2721.36
C-WEU-FRA,2010,WASH_MACH,copper,1520.76
C-WEU-FRA,2010,WASH_MACH,glass,1600.8
C-WEU-FRA,2010,WASH_MACH,other_materials,19769.88
C-WEU-FRA,2010,WASH_MACH,acrylonitrile_butadiene_styrene,1280.64
C-WEU-FRA,2010,WASH_MACH,other_plastics,7603.8
C-WEU-FRA,2010,WASH_MACH,polypropylene,5282.64
C-WEU-FRA,2010,WASH_MACH,bio-based_polypropylene,0
C-WEU-FRA,2010,WASH_MACH,steel,40260.12
C-WEU-FRA,2015,WASH_MACH,aluminium,2721.36
C-WEU-FRA,2015,WASH_MACH,copper,1520.76
C-WEU-FRA,2015,WASH_MACH,glass,1600.8
C-WEU-FRA,2015,WASH_MACH,other_materials,19769.88
C-WEU-FRA,2015,WASH_MACH,acrylonitrile_butadiene_styrene,1280.64
C-WEU-FRA,2015,WASH_MACH,other_plastics,7603.8
C-WEU-FRA,2015,WASH_MACH,polypropylene,5282.64
C-WEU-FRA,2015,WASH_MACH,bio-based_polypropylene,0
C-WEU-FRA,2015,WASH_MACH,steel,40260.12
C-WEU-FRA,2020,WASH_MACH,aluminium,2721.36
C-WEU-FRA,2020,WASH_MACH,copper,1520.76
C-WEU-FRA,2020,WASH_MACH,glass,1600.8
C-WEU-FRA,2020,WASH_MACH,other_materials,19769.88
C-WEU-FRA,2020,WASH_MACH,acrylonitrile_butadiene_styrene,1280.64
C-WEU-FRA,2020,WASH_MACH,other_plastics,7603.8
C-WEU-FRA,2020,WASH_MACH,polypropylene,5282.64
C-WEU-FRA,2020,WASH_MACH,bio-based_polypropylene,0
C-WEU-FRA,2020,WASH_MACH,steel,40260.12
C-WEU-FRA,2025,WASH_MACH,aluminium,2721.36
C-WEU-FRA,2025,WASH_MACH,copper,1520.76
C-WEU-FRA,2025,WASH_MACH,glass,1600.8
C-WEU-FRA,2025,WASH_MACH,other_materials,19769.88
C-WEU-FRA,2025,WASH_MACH,acrylonitrile_butadiene_styrene,1280.64
C-WEU-FRA,2025,WASH_MACH,other_plastics,7603.8
C-WEU-FRA,2025,WASH_MACH,polypropylene,5282.64
C-WEU-FRA,2025,WASH_MACH,bio-based_polypropylene,0
C-WEU-FRA,2025,WASH_MACH,steel,40260.12
C-WEU-FRA,2030,WASH_MACH,aluminium,2721.36
C-WEU-FRA,2030,WASH_MACH,copper,1520.76
C-WEU-FRA,2030,WASH_MACH,glass,1600.8
C-WEU-FRA,2030,WASH_MACH,other_materials,19769.88
C-WEU-FRA,2030,WASH_MACH,acrylonitrile_butadiene_styrene,1280.64
C-WEU-FRA,2030,WASH_MACH,other_plastics,7603.8
C-WEU-FRA,2030,WASH_MACH,polypropylene,5282.64
C-WEU-FRA,2030,WASH_MACH,bio-based_polypropylene,0
C-WEU-FRA,2030,WASH_MACH,steel,40260.12
C-WEU-FRA,2035,WASH_MACH,aluminium,2721.36
C-WEU-FRA,2035,WASH_MACH,copper,1520.76
C-WEU-FRA,2035,WASH_MACH,glass,1600.8
C-WEU-FRA,2035,WASH_MACH,other_materials,19769.88
C-WEU-FRA,2035,WASH_MACH,acrylonitrile_butadiene_styrene,1280.64
C-WEU-FRA,2035,WASH_MACH,other_plastics,7603.8
C-WEU-FRA,2035,WASH_MACH,polypropylene,5282.64
C-WEU-FRA,2035,WASH_MACH,bio-based_polypropylene,0
C-WEU-FRA,2035,WASH_MACH,steel,40260.12
C-WEU-FRA,2040,WASH_MACH,aluminium,2721.36
C-WEU-FRA,2040,WASH_MACH,copper,1520.76
C-WEU-FRA,2040,WASH_MACH,glass,1600.8
C-WEU-FRA,2040,WASH_MACH,other_materials,19769.88
C-WEU-FRA,2040,WASH_MACH,acrylonitrile_butadiene_styrene,1280.64
C-WEU-FRA,2040,WASH_MACH,other_plastics,7603.8
C-WEU-FRA,2040,WASH_MACH,polypropylene,5282.64
C-WEU-FRA,2040,WASH_MACH,bio-based_polypropylene,0
C-WEU-FRA,2040,WASH_MACH,steel,40260.12
C-WEU-FRA,2045,WASH_MACH,aluminium,2721.36
C-WEU-FRA,2045,WASH_MACH,copper,1520.76
C-WEU-FRA,2045,WASH_MACH,glass,1600.8
C-WEU-FRA,2045,WASH_MACH,other_materials,19769.88
C-WEU-FRA,2045,WASH_MACH,acrylonitrile_butadiene_styrene,1280.64
C-WEU-FRA,2045,WASH_MACH,other_plastics,7603.8
C-WEU-FRA,2045,WASH_MACH,polypropylene,5282.64
C-WEU-FRA,2045,WASH_MACH,bio-based_polypropylene,0
C-WEU-FRA,2045,WASH_MACH,steel,40260.12
C-WEU-FRA,2050,WASH_MACH,aluminium,2721.36
C-WEU-FRA,2050,WASH_MACH,copper,1520.76
C-WEU-FRA,2050,WASH_MACH,glass,1600.8
C-WEU-FRA,2050,WASH_MACH,other_materials,19769.88
C-WEU-FRA,2050,WASH_MACH,acrylonitrile_butadiene_styrene,1280.64
C-WEU-FRA,2050,WASH_MACH,other_plastics,7603.8
C-WEU-FRA,2050,WASH_MACH,polypropylene,5282.64
C-WEU-FRA,2050,WASH_MACH,bio-based_polypropylene,0
C-WEU-FRA,2050,WASH_MACH,steel,40260.12
C-WEU-FRA,2005,WASH_MACH_COM,aluminium,35424
C-WEU-FRA,2005,WASH_MACH_COM,copper,14956.8
C-WEU-FRA,2005,WASH_MACH_COM,glass,5116.8
C-WEU-FRA,2005,WASH_MACH_COM,other_materials,80333.76
C-WEU-FRA,2005,WASH_MACH_COM,acrylonitrile_butadiene_styrene,1613.76
C-WEU-FRA,2005,WASH_MACH_COM,other_plastics,9446.4
C-WEU-FRA,2005,WASH_MACH_COM,polypropylene,6612.48
C-WEU-FRA,2005,WASH_MACH_COM,bio-based_polypropylene,0
C-WEU-FRA,2005,WASH_MACH_COM,steel,240096
C-WEU-FRA,2010,WASH_MACH_COM,aluminium,35424
C-WEU-FRA,2010,WASH_MACH_COM,copper,14956.8
C-WEU-FRA,2010,WASH_MACH_COM,glass,5116.8
C-WEU-FRA,2010,WASH_MACH_COM,other_materials,80333.76
C-WEU-FRA,2010,WASH_MACH_COM,acrylonitrile_butadiene_styrene,1613.76
C-WEU-FRA,2010,WASH_MACH_COM,other_plastics,9446.4
C-WEU-FRA,2010,WASH_MACH_COM,polypropylene,6612.48
C-WEU-FRA,2010,WASH_MACH_COM,bio-based_polypropylene,0
C-WEU-FRA,2010,WASH_MACH_COM,steel,240096
C-WEU-FRA,2015,WASH_MACH_COM,aluminium,35424
C-WEU-FRA,2015,WASH_MACH_COM,copper,14956.8
C-WEU-FRA,2015,WASH_MACH_COM,glass,5116.8
C-WEU-FRA,2015,WASH_MACH_COM,other_materials,80333.76
C-WEU-FRA,2015,WASH_MACH_COM,acrylonitrile_butadiene_styrene,1613.76
C-WEU-FRA,2015,WASH_MACH_COM,other_plastics,9446.4
C-WEU-FRA,2015,WASH_MACH_COM,polypropylene,6612.48
C-WEU-FRA,2015,WASH_MACH_COM,bio-based_polypropylene,0
C-WEU-FRA,2015,WASH_MACH_COM,steel,240096
C-WEU-FRA,2020,WASH_MACH_COM,aluminium,35424
C-WEU-FRA,2020,WASH_MACH_COM,copper,14956.8
C-WEU-FRA,2020,WASH_MACH_COM,glass,5116.8
C-WEU-FRA,2020,WASH_MACH_COM,other_materials,80333.76
C-WEU-FRA,2020,WASH_MACH_COM,acrylonitrile_butadiene_styrene,1613.76
C-WEU-FRA,2020,WASH_MACH_COM,other_plastics,9446.4
C-WEU-FRA,2020,WASH_MACH_COM,polypropylene,6612.48
C-WEU-FRA,2020,WASH_MACH_COM,bio-based_polypropylene,0
C-WEU-FRA,2020,WASH_MACH_COM,steel,240096
C-WEU-FRA,2025,WASH_MACH_COM,aluminium,35424
C-WEU-FRA,2025,WASH_MACH_COM,copper,14956.8
C-WEU-FRA,2025,WASH_MACH_COM,glass,5116.8
C-WEU-FRA,2025,WASH_MACH_COM,other_materials,80333.76
C-WEU-FRA,2025,WASH_MACH_COM,acrylonitrile_butadiene_styrene,1613.76
C-WEU-FRA,2025,WASH_MACH_COM,other_plastics,9446.4
C-WEU-FRA,2025,WASH_MACH_COM,polypropylene,6612.48
C-WEU-FRA,2025,WASH_MACH_COM,bio-based_polypropylene,0
C-WEU-FRA,2025,WASH_MACH_COM,steel,240096
C-WEU-FRA,2030,WASH_MACH_COM,aluminium,35424
C-WEU-FRA,2030,WASH_MACH_COM,copper,14956.8
C-WEU-FRA,2030,WASH_MACH_COM,glass,5116.8
C-WEU-FRA,2030,WASH_MACH_COM,other_materials,80333.76
C-WEU-FRA,2030,WASH_MACH_COM,acrylonitrile_butadiene_styrene,1613.76
C-WEU-FRA,2030,WASH_MACH_COM,other_plastics,9446.4
C-WEU-FRA,2030,WASH_MACH_COM,polypropylene,6612.48
C-WEU-FRA,2030,WASH_MACH_COM,bio-based_polypropylene,0
C-WEU-FRA,2030,WASH_MACH_COM,steel,240096
C-WEU-FRA,2035,WASH_MACH_COM,aluminium,35424
C-WEU-FRA,2035,WASH_MACH_COM,copper,14956.8
C-WEU-FRA,2035,WASH_MACH_COM,glass,5116.8
C-WEU-FRA,2035,WASH_MACH_COM,other_materials,80333.76
C-WEU-FRA,2035,WASH_MACH_COM,acrylonitrile_butadiene_styrene,1613.76
C-WEU-FRA,2035,WASH_MACH_COM,other_plastics,9446.4
C-WEU-FRA,2035,WASH_MACH_COM,polypropylene,6612.48
C-WEU-FRA,2035,WASH_MACH_COM,bio-based_polypropylene,0
C-WEU-FRA,2035,WASH_MACH_COM,steel,240096
C-WEU-FRA,2040,WASH_MACH_COM,aluminium,35424
C-WEU-FRA,2040,WASH_MACH_COM,copper,14956.8
C-WEU-FRA,2040,WASH_MACH_COM,glass,5116.8
C-WEU-FRA,2040,WASH_MACH_COM,other_materials,80333.76
C-WEU-FRA,2040,WASH_MACH_COM,acrylonitrile_butadiene_styrene,1613.76
C-WEU-FRA,2040,WASH_MACH_COM,other_plastics,9446.4
C-WEU-FRA,2040,WASH_MACH_COM,polypropylene,6612.48
C-WEU-FRA,2040,WASH_MACH_COM,bio-based_polypropylene,0
C-WEU-FRA,2040,WASH_MACH_COM,steel,240096
C-WEU-FRA,2045,WASH_MACH_COM,aluminium,35424
C-WEU-FRA,2045,WASH_MACH_COM,copper,14956.8
C-WEU-FRA,2045,WASH_MACH_COM,glass,5116.8
C-WEU-FRA,2045,WASH_MACH_COM,other_materials,80333.76
C-WEU-FRA,2045,WASH_MACH_COM,acrylonitrile_butadiene_styrene,1613.76
C-WEU-FRA,2045,WASH_MACH_COM,other_plastics,9446.4
C-WEU-FRA,2045,WASH_MACH_COM,polypropylene,6612.48
C-WEU-FRA,2045,WASH_MACH_COM,bio-based_polypropylene,0
C-WEU-FRA,2045,WASH_MACH_COM,steel,240096
C-WEU-FRA,2050,WASH_MACH_COM,aluminium,35424
C-WEU-FRA,2050,WASH_MACH_COM,copper,14956.8
C-WEU-FRA,2050,WASH_MACH_COM,glass,5116.8
C-WEU-FRA,2050,WASH_MACH_COM,other_materials,80333.76
C-WEU-FRA,2050,WASH_MACH_COM,acrylonitrile_butadiene_styrene,1613.76
C-WEU-FRA,2050,WASH_MACH_COM,other_plastics,9446.4
C-WEU-FRA,2050,WASH_MACH_COM,polypropylene,6612.48
C-WEU-FRA,2050,WASH_MACH_COM,bio-based_polypropylene,0
C-WEU-FRA,2050,WASH_MACH_COM,steel,240096
C-WEU-GBR,2005,WASH_MACH,aluminium,2721.36
C-WEU-GBR,2005,WASH_MACH,copper,1520.76
C-WEU-GBR,2005,WASH_MACH,glass,1600.8
C-WEU-GBR,2005,WASH_MACH,other_materials,19769.88
C-WEU-GBR,2005,WASH_MACH,acrylonitrile_butadiene_styrene,1280.64
C-WEU-GBR,2005,WASH_MACH,other_plastics,7603.8
C-WEU-GBR,2005,WASH_MACH,polypropylene,5282.64
C-WEU-GBR,2005,WASH_MACH,bio-based_polypropylene,0
C-WEU-GBR,2005,WASH_MACH,steel,40260.12
C-WEU-GBR,2010,WASH_MACH,aluminium,2721.36
C-WEU-GBR,2010,WASH_MACH,copper,1520.76
C-WEU-GBR,2010,WASH_MACH,glass,1600.8
C-WEU-GBR,2010,WASH_MACH,other_materials,19769.88
C-WEU-GBR,2010,WASH_MACH,acrylonitrile_butadiene_styrene,1280.64
C-WEU-GBR,2010,WASH_MACH,other_plastics,7603.8
C-WEU-GBR,2010,WASH_MACH,polypropylene,5282.64
C-WEU-GBR,2010,WASH_MACH,bio-based_polypropylene,0
C-WEU-GBR,2010,WASH_MACH,steel,40260.12
C-WEU-GBR,2015,WASH_MACH,aluminium,2721.36
C-WEU-GBR,2015,WASH_MACH,copper,1520.76
C-WEU-GBR,2015,WASH_MACH,glass,1600.8
C-WEU-GBR,2015,WASH_MACH,other_materials,19769.88
C-WEU-GBR,2015,WASH_MACH,acrylonitrile_butadiene_styrene,1280.64
C-WEU-GBR,2015,WASH_MACH,other_plastics,7603.8
C-WEU-GBR,2015,WASH_MACH,polypropylene,5282.64
C-WEU-GBR,2015,WASH_MACH,bio-based_polypropylene,0
C-WEU-GBR,2015,WASH_MACH,steel,40260.12
C-WEU-GBR,2020,WASH_MACH,aluminium,2721.36
C-WEU-GBR,2020,WASH_MACH,copper,1520.76
C-WEU-GBR,2020,WASH_MACH,glass,1600.8
C-WEU-GBR,2020,WASH_MACH,other_materials,19769.88
C-WEU-GBR,2020,WASH_MACH,acrylonitrile_butadiene_styrene,1280.64
C-WEU-GBR,2020,WASH_MACH,other_plastics,7603.8
C-WEU-GBR,2020,WASH_MACH,polypropylene,5282.64
C-WEU-GBR,2020,WASH_MACH,bio-based_polypropylene,0
C-WEU-GBR,2020,WASH_MACH,steel,40260.12
C-WEU-GBR,2025,WASH_MACH,aluminium,2721.36
C-WEU-GBR,2025,WASH_MACH,copper,1520.76
C-WEU-GBR,2025,WASH_MACH,glass,1600.8
C-WEU-GBR,2025,WASH_MACH,other_materials,19769.88
C-WEU-GBR,2025,WASH_MACH,acrylonitrile_butadiene_styrene,1280.64
C-WEU-GBR,2025,WASH_MACH,other_plastics,7603.8
C-WEU-GBR,2025,WASH_MACH,polypropylene,5282.64
C-WEU-GBR,2025,WASH_MACH,bio-based_polypropylene,0
C-WEU-GBR,2025,WASH_MACH,steel,40260.12
C-WEU-GBR,2030,WASH_MACH,aluminium,2721.36
C-WEU-GBR,2030,WASH_MACH,copper,1520.76
C-WEU-GBR,2030,WASH_MACH,glass,1600.8
C-WEU-GBR,2030,WASH_MACH,other_materials,19769.88
C-WEU-GBR,2030,WASH_MACH,acrylonitrile_butadiene_styrene,1280.64
C-WEU-GBR,2030,WASH_MACH,other_plastics,7603.8
C-WEU-GBR,2030,WASH_MACH,polypropylene,5282.64
C-WEU-GBR,2030,WASH_MACH,bio-based_polypropylene,0
C-WEU-GBR,2030,WASH_MACH,steel,40260.12
C-WEU-GBR,2035,WASH_MACH,aluminium,2721.36
C-WEU-GBR,2035,WASH_MACH,copper,1520.76
C-WEU-GBR,2035,WASH_MACH,glass,1600.8
C-WEU-GBR,2035,WASH_MACH,other_materials,19769.88
C-WEU-GBR,2035,WASH_MACH,acrylonitrile_butadiene_styrene,1280.64
C-WEU-GBR,2035,WASH_MACH,other_plastics,7603.8
C-WEU-GBR,2035,WASH_MACH,polypropylene,5282.64
C-WEU-GBR,2035,WASH_MACH,bio-based_polypropylene,0
C-WEU-GBR,2035,WASH_MACH,steel,40260.12
C-WEU-GBR,2040,WASH_MACH,aluminium,2721.36
C-WEU-GBR,2040,WASH_MACH,copper,1520.76
C-WEU-GBR,2040,WASH_MACH,glass,1600.8
C-WEU-GBR,2040,WASH_MACH,other_materials,19769.88
C-WEU-GBR,2040,WASH_MACH,acrylonitrile_butadiene_styrene,1280.64
C-WEU-GBR,2040,WASH_MACH,other_plastics,7603.8
C-WEU-GBR,2040,WASH_MACH,polypropylene,5282.64
C-WEU-GBR,2040,WASH_MACH,bio-based_polypropylene,0
C-WEU-GBR,2040,WASH_MACH,steel,40260.12
C-WEU-GBR,2045,WASH_MACH,aluminium,2721.36
C-WEU-GBR,2045,WASH_MACH,copper,1520.76
C-WEU-GBR,2045,WASH_MACH,glass,1600.8
C-WEU-GBR,2045,WASH_MACH,other_materials,19769.88
C-WEU-GBR,2045,WASH_MACH,acrylonitrile_butadiene_styrene,1280.64
C-WEU-GBR,2045,WASH_MACH,other_plastics,7603.8
C-WEU-GBR,2045,WASH_MACH,polypropylene,5282.64
C-WEU-GBR,2045,WASH_MACH,bio-based_polypropylene,0
C-WEU-GBR,2045,WASH_MACH,steel,40260.12
C-WEU-GBR,2050,WASH_MACH,aluminium,2721.36
C-WEU-GBR,2050,WASH_MACH,copper,1520.76
C-WEU-GBR,2050,WASH_MACH,glass,1600.8
C-WEU-GBR,2050,WASH_MACH,other_materials,19769.88
C-WEU-GBR,2050,WASH_MACH,acrylonitrile_butadiene_styrene,1280.64
C-WEU-GBR,2050,WASH_MACH,other_plastics,7603.8
C-WEU-GBR,2050,WASH_MACH,polypropylene,5282.64
C-WEU-GBR,2050,WASH_MACH,bio-based_polypropylene,0
C-WEU-GBR,2050,WASH_MACH,steel,40260.12
C-WEU-GBR,2005,WASH_MACH_COM,aluminium,35424
C-WEU-GBR,2005,WASH_MACH_COM,copper,14956.8
C-WEU-GBR,2005,WASH_MACH_COM,glass,5116.8
C-WEU-GBR,2005,WASH_MACH_COM,other_materials,80333.76
C-WEU-GBR,2005,WASH_MACH_COM,acrylonitrile_butadiene_styrene,1613.76
C-WEU-GBR,2005,WASH_MACH_COM,other_plastics,9446.4
C-WEU-GBR,2005,WASH_MACH_COM,polypropylene,6612.48
C-WEU-GBR,2005,WASH_MACH_COM,bio-based_polypropylene,0
C-WEU-GBR,2005,WASH_MACH_COM,steel,240096
C-WEU-GBR,2010,WASH_MACH_COM,aluminium,35424
C-WEU-GBR,2010,WASH_MACH_COM,copper,14956.8
C-WEU-GBR,2010,WASH_MACH_COM,glass,5116.8
C-WEU-GBR,2010,WASH_MACH_COM,other_materials,80333.76
C-WEU-GBR,2010,WASH_MACH_COM,acrylonitrile_butadiene_styrene,1613.76
C-WEU-GBR,2010,WASH_MACH_COM,other_plastics,9446.4
C-WEU-GBR,2010,WASH_MACH_COM,polypropylene,6612.48
C-WEU-GBR,2010,WASH_MACH_COM,bio-based_polypropylene,0
C-WEU-GBR,2010,WASH_MACH_COM,steel,240096
C-WEU-GBR,2015,WASH_MACH_COM,aluminium,35424
C-WEU-GBR,2015,WASH_MACH_COM,copper,14956.8
C-WEU-GBR,2015,WASH_MACH_COM,glass,5116.8
C-WEU-GBR,2015,WASH_MACH_COM,other_materials,80333.76
C-WEU-GBR,2015,WASH_MACH_COM,acrylonitrile_butadiene_styrene,1613.76
C-WEU-GBR,2015,WASH_MACH_COM,other_plastics,9446.4
C-WEU-GBR,2015,WASH_MACH_COM,polypropylene,6612.48
C-WEU-GBR,2015,WASH_MACH_COM,bio-based_polypropylene,0
C-WEU-GBR,2015,WASH_MACH_COM,steel,240096
C-WEU-GBR,2020,WASH_MACH_COM,aluminium,35424
C-WEU-GBR,2020,WASH_MACH_COM,copper,14956.8
C-WEU-GBR,2020,WASH_MACH_COM,glass,5116.8
C-WEU-GBR,2020,WASH_MACH_COM,other_materials,80333.76
C-WEU-GBR,2020,WASH_MACH_COM,acrylonitrile_butadiene_styrene,1613.76
C-WEU-GBR,2020,WASH_MACH_COM,other_plastics,9446.4
C-WEU-GBR,2020,WASH_MACH_COM,polypropylene,6612.48
C-WEU-GBR,2020,WASH_MACH_COM,bio-based_polypropylene,0
C-WEU-GBR,2020,WASH_MACH_COM,steel,240096
C-WEU-GBR,2025,WASH_MACH_COM,aluminium,35424
C-WEU-GBR,2025,WASH_MACH_COM,copper,14956.8
C-WEU-GBR,2025,WASH_MACH_COM,glass,5116.8
C-WEU-GBR,2025,WASH_MACH_COM,other_materials,80333.76
C-WEU-GBR,2025,WASH_MACH_COM,acrylonitrile_butadiene_styrene,1613.76
C-WEU-GBR,2025,WASH_MACH_COM,other_plastics,9446.4
C-WEU-GBR,2025,WASH_MACH_COM,polypropylene,6612.48
C-WEU-GBR,2025,WASH_MACH_COM,bio-based_polypropylene,0
C-WEU-GBR,2025,WASH_MACH_COM,steel,240096
C-WEU-GBR,2030,WASH_MACH_COM,aluminium,35424
C-WEU-GBR,2030,WASH_MACH_COM,copper,14956.8
C-WEU-GBR,2030,WASH_MACH_COM,glass,5116.8
C-WEU-GBR,2030,WASH_MACH_COM,other_materials,80333.76
C-WEU-GBR,2030,WASH_MACH_COM,acrylonitrile_butadiene_styrene,1613.76
C-WEU-GBR,2030,WASH_MACH_COM,other_plastics,9446.4
C-WEU-GBR,2030,WASH_MACH_COM,polypropylene,6612.48
C-WEU-GBR,2030,WASH_MACH_COM,bio-based_polypropylene,0
C-WEU-GBR,2030,WASH_MACH_COM,steel,240096
C-WEU-GBR,2035,WASH_MACH_COM,aluminium,35424
C-WEU-GBR,2035,WASH_MACH_COM,copper,14956.8
C-WEU-GBR,2035,WASH_MACH_COM,glass,5116.8
C-WEU-GBR,2035,WASH_MACH_COM,other_materials,80333.76
C-WEU-GBR,2035,WASH_MACH_COM,acrylonitrile_butadiene_styrene,1613.76
C-WEU-GBR,2035,WASH_MACH_COM,other_plastics,9446.4
C-WEU-GBR,2035,WASH_MACH_COM,polypropylene,6612.48
C-WEU-GBR,2035,WASH_MACH_COM,bio-based_polypropylene,0
C-WEU-GBR,2035,WASH_MACH_COM,steel,240096
C-WEU-GBR,2040,WASH_MACH_COM,aluminium,35424
C-WEU-GBR,2040,WASH_MACH_COM,copper,14956.8
C-WEU-GBR,2040,WASH_MACH_COM,glass,5116.8
C-WEU-GBR,2040,WASH_MACH_COM,other_materials,80333.76
C-WEU-GBR,2040,WASH_MACH_COM,acrylonitrile_butadiene_styrene,1613.76
C-WEU-GBR,2040,WASH_MACH_COM,other_plastics,9446.4
C-WEU-GBR,2040,WASH_MACH_COM,polypropylene,6612.48
C-WEU-GBR,2040,WASH_MACH_COM,bio-based_polypropylene,0
C-WEU-GBR,2040,WASH_MACH_COM,steel,240096
C-WEU-GBR,2045,WASH_MACH_COM,aluminium,35424
C-WEU-GBR,2045,WASH_MACH_COM,copper,14956.8
C-WEU-GBR,2045,WASH_MACH_COM,glass,5116.8
C-WEU-GBR,2045,WASH_MACH_COM,other_materials,80333.76
C-WEU-GBR,2045,WASH_MACH_COM,acrylonitrile_butadiene_styrene,1613.76
C-WEU-GBR,2045,WASH_MACH_COM,other_plastics,9446.4
C-WEU-GBR,2045,WASH_MACH_COM,polypropylene,6612.48
C-WEU-GBR,2045,WASH_MACH_COM,bio-based_polypropylene,0
C-WEU-GBR,2045,WASH_MACH_COM,steel,240096
C-WEU-GBR,2050,WASH_MACH_COM,aluminium,35424
C-WEU-GBR,2050,WASH_MACH_COM,copper,14956.8
C-WEU-GBR,2050,WASH_MACH_COM,glass,5116.8
C-WEU-GBR,2050,WASH_MACH_COM,other_materials,80333.76
C-WEU-GBR,2050,WASH_MACH_COM,acrylonitrile_butadiene_styrene,1613.76
C-WEU-GBR,2050,WASH_MACH_COM,other_plastics,9446.4
C-WEU-GBR,2050,WASH_MACH_COM,polypropylene,6612.48
C-WEU-GBR,2050,WASH_MACH_COM,bio-based_polypropylene,0
C-WEU-GBR,2050,WASH_MACH_COM,steel,240096
C-WEU-GRC,2005,WASH_MACH,aluminium,2721.36
C-WEU-GRC,2005,WASH_MACH,copper,1520.76
C-WEU-GRC,2005,WASH_MACH,glass,1600.8
C-WEU-GRC,2005,WASH_MACH,other_materials,19769.88
C-WEU-GRC,2005,WASH_MACH,acrylonitrile_butadiene_styrene,1280.64
C-WEU-GRC,2005,WASH_MACH,other_plastics,7603.8
C-WEU-GRC,2005,WASH_MACH,polypropylene,5282.64
C-WEU-GRC,2005,WASH_MACH,bio-based_polypropylene,0
C-WEU-GRC,2005,WASH_MACH,steel,40260.12
C-WEU-GRC,2010,WASH_MACH,aluminium,2721.36
C-WEU-GRC,2010,WASH_MACH,copper,1520.76
C-WEU-GRC,2010,WASH_MACH,glass,1600.8
C-WEU-GRC,2010,WASH_MACH,other_materials,19769.88
C-WEU-GRC,2010,WASH_MACH,acrylonitrile_butadiene_styrene,1280.64
C-WEU-GRC,2010,WASH_MACH,other_plastics,7603.8
C-WEU-GRC,2010,WASH_MACH,polypropylene,5282.64
C-WEU-GRC,2010,WASH_MACH,bio-based_polypropylene,0
C-WEU-GRC,2010,WASH_MACH,steel,40260.12
C-WEU-GRC,2015,WASH_MACH,aluminium,2721.36
C-WEU-GRC,2015,WASH_MACH,copper,1520.76
C-WEU-GRC,2015,WASH_MACH,glass,1600.8
C-WEU-GRC,2015,WASH_MACH,other_materials,19769.88
C-WEU-GRC,2015,WASH_MACH,acrylonitrile_butadiene_styrene,1280.64
C-WEU-GRC,2015,WASH_MACH,other_plastics,7603.8
C-WEU-GRC,2015,WASH_MACH,polypropylene,5282.64
C-WEU-GRC,2015,WASH_MACH,bio-based_polypropylene,0
C-WEU-GRC,2015,WASH_MACH,steel,40260.12
C-WEU-GRC,2020,WASH_MACH,aluminium,2721.36
C-WEU-GRC,2020,WASH_MACH,copper,1520.76
C-WEU-GRC,2020,WASH_MACH,glass,1600.8
C-WEU-GRC,2020,WASH_MACH,other_materials,19769.88
C-WEU-GRC,2020,WASH_MACH,acrylonitrile_butadiene_styrene,1280.64
C-WEU-GRC,2020,WASH_MACH,other_plastics,7603.8
C-WEU-GRC,2020,WASH_MACH,polypropylene,5282.64
C-WEU-GRC,2020,WASH_MACH,bio-based_polypropylene,0
C-WEU-GRC,2020,WASH_MACH,steel,40260.12
C-WEU-GRC,2025,WASH_MACH,aluminium,2721.36
C-WEU-GRC,2025,WASH_MACH,copper,1520.76
C-WEU-GRC,2025,WASH_MACH,glass,1600.8
C-WEU-GRC,2025,WASH_MACH,other_materials,19769.88
C-WEU-GRC,2025,WASH_MACH,acrylonitrile_butadiene_styrene,1280.64
C-WEU-GRC,2025,WASH_MACH,other_plastics,7603.8
C-WEU-GRC,2025,WASH_MACH,polypropylene,5282.64
C-WEU-GRC,2025,WASH_MACH,bio-based_polypropylene,0
C-WEU-GRC,2025,WASH_MACH,steel,40260.12
C-WEU-GRC,2030,WASH_MACH,aluminium,2721.36
C-WEU-GRC,2030,WASH_MACH,copper,1520.76
C-WEU-GRC,2030,WASH_MACH,glass,1600.8
C-WEU-GRC,2030,WASH_MACH,other_materials,19769.88
C-WEU-GRC,2030,WASH_MACH,acrylonitrile_butadiene_styrene,1280.64
C-WEU-GRC,2030,WASH_MACH,other_plastics,7603.8
C-WEU-GRC,2030,WASH_MACH,polypropylene,5282.64
C-WEU-GRC,2030,WASH_MACH,bio-based_polypropylene,0
C-WEU-GRC,2030,WASH_MACH,steel,40260.12
C-WEU-GRC,2035,WASH_MACH,aluminium,2721.36
C-WEU-GRC,2035,WASH_MACH,copper,1520.76
C-WEU-GRC,2035,WASH_MACH,glass,1600.8
C-WEU-GRC,2035,WASH_MACH,other_materials,19769.88
C-WEU-GRC,2035,WASH_MACH,acrylonitrile_butadiene_styrene,1280.64
C-WEU-GRC,2035,WASH_MACH,other_plastics,7603.8
C-WEU-GRC,2035,WASH_MACH,polypropylene,5282.64
C-WEU-GRC,2035,WASH_MACH,bio-based_polypropylene,0
C-WEU-GRC,2035,WASH_MACH,steel,40260.12
C-WEU-GRC,2040,WASH_MACH,aluminium,2721.36
C-WEU-GRC,2040,WASH_MACH,copper,1520.76
C-WEU-GRC,2040,WASH_MACH,glass,1600.8
C-WEU-GRC,2040,WASH_MACH,other_materials,19769.88
C-WEU-GRC,2040,WASH_MACH,acrylonitrile_butadiene_styrene,1280.64
C-WEU-GRC,2040,WASH_MACH,other_plastics,7603.8
C-WEU-GRC,2040,WASH_MACH,polypropylene,5282.64
C-WEU-GRC,2040,WASH_MACH,bio-based_polypropylene,0
C-WEU-GRC,2040,WASH_MACH,steel,40260.12
C-WEU-GRC,2045,WASH_MACH,aluminium,2721.36
C-WEU-GRC,2045,WASH_MACH,copper,1520.76
C-WEU-GRC,2045,WASH_MACH,glass,1600.8
C-WEU-GRC,2045,WASH_MACH,other_materials,19769.88
C-WEU-GRC,2045,WASH_MACH,acrylonitrile_butadiene_styrene,1280.64
C-WEU-GRC,2045,WASH_MACH,other_plastics,7603.8
C-WEU-GRC,2045,WASH_MACH,polypropylene,5282.64
C-WEU-GRC,2045,WASH_MACH,bio-based_polypropylene,0
C-WEU-GRC,2045,WASH_MACH,steel,40260.12
C-WEU-GRC,2050,WASH_MACH,aluminium,2721.36
C-WEU-GRC,2050,WASH_MACH,copper,1520.76
C-WEU-GRC,2050,WASH_MACH,glass,1600.8
C-WEU-GRC,2050,WASH_MACH,other_materials,19769.88
C-WEU-GRC,2050,WASH_MACH,acrylonitrile_butadiene_styrene,1280.64
C-WEU-GRC,2050,WASH_MACH,other_plastics,7603.8
C-WEU-GRC,2050,WASH_MACH,polypropylene,5282.64
C-WEU-GRC,2050,WASH_MACH,bio-based_polypropylene,0
C-WEU-GRC,2050,WASH_MACH,steel,40260.12
C-WEU-GRC,2005,WASH_MACH_COM,aluminium,35424
C-WEU-GRC,2005,WASH_MACH_COM,copper,14956.8
C-WEU-GRC,2005,WASH_MACH_COM,glass,5116.8
C-WEU-GRC,2005,WASH_MACH_COM,other_materials,80333.76
C-WEU-GRC,2005,WASH_MACH_COM,acrylonitrile_butadiene_styrene,1613.76
C-WEU-GRC,2005,WASH_MACH_COM,other_plastics,9446.4
C-WEU-GRC,2005,WASH_MACH_COM,polypropylene,6612.48
C-WEU-GRC,2005,WASH_MACH_COM,bio-based_polypropylene,0
C-WEU-GRC,2005,WASH_MACH_COM,steel,240096
C-WEU-GRC,2010,WASH_MACH_COM,aluminium,35424
C-WEU-GRC,2010,WASH_MACH_COM,copper,14956.8
C-WEU-GRC,2010,WASH_MACH_COM,glass,5116.8
C-WEU-GRC,2010,WASH_MACH_COM,other_materials,80333.76
C-WEU-GRC,2010,WASH_MACH_COM,acrylonitrile_butadiene_styrene,1613.76
C-WEU-GRC,2010,WASH_MACH_COM,other_plastics,9446.4
C-WEU-GRC,2010,WASH_MACH_COM,polypropylene,6612.48
C-WEU-GRC,2010,WASH_MACH_COM,bio-based_polypropylene,0
C-WEU-GRC,2010,WASH_MACH_COM,steel,240096
C-WEU-GRC,2015,WASH_MACH_COM,aluminium,35424
C-WEU-GRC,2015,WASH_MACH_COM,copper,14956.8
C-WEU-GRC,2015,WASH_MACH_COM,glass,5116.8
C-WEU-GRC,2015,WASH_MACH_COM,other_materials,80333.76
C-WEU-GRC,2015,WASH_MACH_COM,acrylonitrile_butadiene_styrene,1613.76
C-WEU-GRC,2015,WASH_MACH_COM,other_plastics,9446.4
C-WEU-GRC,2015,WASH_MACH_COM,polypropylene,6612.48
C-WEU-GRC,2015,WASH_MACH_COM,bio-based_polypropylene,0
C-WEU-GRC,2015,WASH_MACH_COM,steel,240096
C-WEU-GRC,2020,WASH_MACH_COM,aluminium,35424
C-WEU-GRC,2020,WASH_MACH_COM,copper,14956.8
C-WEU-GRC,2020,WASH_MACH_COM,glass,5116.8
C-WEU-GRC,2020,WASH_MACH_COM,other_materials,80333.76
C-WEU-GRC,2020,WASH_MACH_COM,acrylonitrile_butadiene_styrene,1613.76
C-WEU-GRC,2020,WASH_MACH_COM,other_plastics,9446.4
C-WEU-GRC,2020,WASH_MACH_COM,polypropylene,6612.48
C-WEU-GRC,2020,WASH_MACH_COM,bio-based_polypropylene,0
C-WEU-GRC,2020,WASH_MACH_COM,steel,240096
C-WEU-GRC,2025,WASH_MACH_COM,aluminium,35424
C-WEU-GRC,2025,WASH_MACH_COM,copper,14956.8
C-WEU-GRC,2025,WASH_MACH_COM,glass,5116.8
C-WEU-GRC,2025,WASH_MACH_COM,other_materials,80333.76
C-WEU-GRC,2025,WASH_MACH_COM,acrylonitrile_butadiene_styrene,1613.76
C-WEU-GRC,2025,WASH_MACH_COM,other_plastics,9446.4
C-WEU-GRC,2025,WASH_MACH_COM,polypropylene,6612.48
C-WEU-GRC,2025,WASH_MACH_COM,bio-based_polypropylene,0
C-WEU-GRC,2025,WASH_MACH_COM,steel,240096
C-WEU-GRC,2030,WASH_MACH_COM,aluminium,35424
C-WEU-GRC,2030,WASH_MACH_COM,copper,14956.8
C-WEU-GRC,2030,WASH_MACH_COM,glass,5116.8
C-WEU-GRC,2030,WASH_MACH_COM,other_materials,80333.76
C-WEU-GRC,2030,WASH_MACH_COM,acrylonitrile_butadiene_styrene,1613.76
C-WEU-GRC,2030,WASH_MACH_COM,other_plastics,9446.4
C-WEU-GRC,2030,WASH_MACH_COM,polypropylene,6612.48
C-WEU-GRC,2030,WASH_MACH_COM,bio-based_polypropylene,0
C-WEU-GRC,2030,WASH_MACH_COM,steel,240096
C-WEU-GRC,2035,WASH_MACH_COM,aluminium,35424
C-WEU-GRC,2035,WASH_MACH_COM,copper,14956.8
C-WEU-GRC,2035,WASH_MACH_COM,glass,5116.8
C-WEU-GRC,2035,WASH_MACH_COM,other_materials,80333.76
C-WEU-GRC,2035,WASH_MACH_COM,acrylonitrile_butadiene_styrene,1613.76
C-WEU-GRC,2035,WASH_MACH_COM,other_plastics,9446.4
C-WEU-GRC,2035,WASH_MACH_COM,polypropylene,6612.48
C-WEU-GRC,2035,WASH_MACH_COM,bio-based_polypropylene,0
C-WEU-GRC,2035,WASH_MACH_COM,steel,240096
C-WEU-GRC,2040,WASH_MACH_COM,aluminium,35424
C-WEU-GRC,2040,WASH_MACH_COM,copper,14956.8
C-WEU-GRC,2040,WASH_MACH_COM,glass,5116.8
C-WEU-GRC,2040,WASH_MACH_COM,other_materials,80333.76
C-WEU-GRC,2040,WASH_MACH_COM,acrylonitrile_butadiene_styrene,1613.76
C-WEU-GRC,2040,WASH_MACH_COM,other_plastics,9446.4
C-WEU-GRC,2040,WASH_MACH_COM,polypropylene,6612.48
C-WEU-GRC,2040,WASH_MACH_COM,bio-based_polypropylene,0
C-WEU-GRC,2040,WASH_MACH_COM,steel,240096
C-WEU-GRC,2045,WASH_MACH_COM,aluminium,35424
C-WEU-GRC,2045,WASH_MACH_COM,copper,14956.8
C-WEU-GRC,2045,WASH_MACH_COM,glass,5116.8
C-WEU-GRC,2045,WASH_MACH_COM,other_materials,80333.76
C-WEU-GRC,2045,WASH_MACH_COM,acrylonitrile_butadiene_styrene,1613.76
C-WEU-GRC,2045,WASH_MACH_COM,other_plastics,9446.4
C-WEU-GRC,2045,WASH_MACH_COM,polypropylene,6612.48
C-WEU-GRC,2045,WASH_MACH_COM,bio-based_polypropylene,0
C-WEU-GRC,2045,WASH_MACH_COM,steel,240096
C-WEU-GRC,2050,WASH_MACH_COM,aluminium,35424
C-WEU-GRC,2050,WASH_MACH_COM,copper,14956.8
C-WEU-GRC,2050,WASH_MACH_COM,glass,5116.8
C-WEU-GRC,2050,WASH_MACH_COM,other_materials,80333.76
C-WEU-GRC,2050,WASH_MACH_COM,acrylonitrile_butadiene_styrene,1613.76
C-WEU-GRC,2050,WASH_MACH_COM,other_plastics,9446.4
C-WEU-GRC,2050,WASH_MACH_COM,polypropylene,6612.48
C-WEU-GRC,2050,WASH_MACH_COM,bio-based_polypropylene,0
C-WEU-GRC,2050,WASH_MACH_COM,steel,240096
C-WEU-IRL,2005,WASH_MACH,aluminium,2721.36
C-WEU-IRL,2005,WASH_MACH,copper,1520.76
C-WEU-IRL,2005,WASH_MACH,glass,1600.8
C-WEU-IRL,2005,WASH_MACH,other_materials,19769.88
C-WEU-IRL,2005,WASH_MACH,acrylonitrile_butadiene_styrene,1280.64
C-WEU-IRL,2005,WASH_MACH,other_plastics,7603.8
C-WEU-IRL,2005,WASH_MACH,polypropylene,5282.64
C-WEU-IRL,2005,WASH_MACH,bio-based_polypropylene,0
C-WEU-IRL,2005,WASH_MACH,steel,40260.12
C-WEU-IRL,2010,WASH_MACH,aluminium,2721.36
C-WEU-IRL,2010,WASH_MACH,copper,1520.76
C-WEU-IRL,2010,WASH_MACH,glass,1600.8
C-WEU-IRL,2010,WASH_MACH,other_materials,19769.88
C-WEU-IRL,2010,WASH_MACH,acrylonitrile_butadiene_styrene,1280.64
C-WEU-IRL,2010,WASH_MACH,other_plastics,7603.8
C-WEU-IRL,2010,WASH_MACH,polypropylene,5282.64
C-WEU-IRL,2010,WASH_MACH,bio-based_polypropylene,0
C-WEU-IRL,2010,WASH_MACH,steel,40260.12
C-WEU-IRL,2015,WASH_MACH,aluminium,2721.36
C-WEU-IRL,2015,WASH_MACH,copper,1520.76
C-WEU-IRL,2015,WASH_MACH,glass,1600.8
C-WEU-IRL,2015,WASH_MACH,other_materials,19769.88
C-WEU-IRL,2015,WASH_MACH,acrylonitrile_butadiene_styrene,1280.64
C-WEU-IRL,2015,WASH_MACH,other_plastics,7603.8
C-WEU-IRL,2015,WASH_MACH,polypropylene,5282.64
C-WEU-IRL,2015,WASH_MACH,bio-based_polypropylene,0
C-WEU-IRL,2015,WASH_MACH,steel,40260.12
C-WEU-IRL,2020,WASH_MACH,aluminium,2721.36
C-WEU-IRL,2020,WASH_MACH,copper,1520.76
C-WEU-IRL,2020,WASH_MACH,glass,1600.8
C-WEU-IRL,2020,WASH_MACH,other_materials,19769.88
C-WEU-IRL,2020,WASH_MACH,acrylonitrile_butadiene_styrene,1280.64
C-WEU-IRL,2020,WASH_MACH,other_plastics,7603.8
C-WEU-IRL,2020,WASH_MACH,polypropylene,5282.64
C-WEU-IRL,2020,WASH_MACH,bio-based_polypropylene,0
C-WEU-IRL,2020,WASH_MACH,steel,40260.12
C-WEU-IRL,2025,WASH_MACH,aluminium,2721.36
C-WEU-IRL,2025,WASH_MACH,copper,1520.76
C-WEU-IRL,2025,WASH_MACH,glass,1600.8
C-WEU-IRL,2025,WASH_MACH,other_materials,19769.88
C-WEU-IRL,2025,WASH_MACH,acrylonitrile_butadiene_styrene,1280.64
C-WEU-IRL,2025,WASH_MACH,other_plastics,7603.8
C-WEU-IRL,2025,WASH_MACH,polypropylene,5282.64
C-WEU-IRL,2025,WASH_MACH,bio-based_polypropylene,0
C-WEU-IRL,2025,WASH_MACH,steel,40260.12
C-WEU-IRL,2030,WASH_MACH,aluminium,2721.36
C-WEU-IRL,2030,WASH_MACH,copper,1520.76
C-WEU-IRL,2030,WASH_MACH,glass,1600.8
C-WEU-IRL,2030,WASH_MACH,other_materials,19769.88
C-WEU-IRL,2030,WASH_MACH,acrylonitrile_butadiene_styrene,1280.64
C-WEU-IRL,2030,WASH_MACH,other_plastics,7603.8
C-WEU-IRL,2030,WASH_MACH,polypropylene,5282.64
C-WEU-IRL,2030,WASH_MACH,bio-based_polypropylene,0
C-WEU-IRL,2030,WASH_MACH,steel,40260.12
C-WEU-IRL,2035,WASH_MACH,aluminium,2721.36
C-WEU-IRL,2035,WASH_MACH,copper,1520.76
C-WEU-IRL,2035,WASH_MACH,glass,1600.8
C-WEU-IRL,2035,WASH_MACH,other_materials,19769.88
C-WEU-IRL,2035,WASH_MACH,acrylonitrile_butadiene_styrene,1280.64
C-WEU-IRL,2035,WASH_MACH,other_plastics,7603.8
C-WEU-IRL,2035,WASH_MACH,polypropylene,5282.64
C-WEU-IRL,2035,WASH_MACH,bio-based_polypropylene,0
C-WEU-IRL,2035,WASH_MACH,steel,40260.12
C-WEU-IRL,2040,WASH_MACH,aluminium,2721.36
C-WEU-IRL,2040,WASH_MACH,copper,1520.76
C-WEU-IRL,2040,WASH_MACH,glass,1600.8
C-WEU-IRL,2040,WASH_MACH,other_materials,19769.88
C-WEU-IRL,2040,WASH_MACH,acrylonitrile_butadiene_styrene,1280.64
C-WEU-IRL,2040,WASH_MACH,other_plastics,7603.8
C-WEU-IRL,2040,WASH_MACH,polypropylene,5282.64
C-WEU-IRL,2040,WASH_MACH,bio-based_polypropylene,0
C-WEU-IRL,2040,WASH_MACH,steel,40260.12
C-WEU-IRL,2045,WASH_MACH,aluminium,2721.36
C-WEU-IRL,2045,WASH_MACH,copper,1520.76
C-WEU-IRL,2045,WASH_MACH,glass,1600.8
C-WEU-IRL,2045,WASH_MACH,other_materials,19769.88
C-WEU-IRL,2045,WASH_MACH,acrylonitrile_butadiene_styrene,1280.64
C-WEU-IRL,2045,WASH_MACH,other_plastics,7603.8
C-WEU-IRL,2045,WASH_MACH,polypropylene,5282.64
C-WEU-IRL,2045,WASH_MACH,bio-based_polypropylene,0
C-WEU-IRL,2045,WASH_MACH,steel,40260.12
C-WEU-IRL,2050,WASH_MACH,aluminium,2721.36
C-WEU-IRL,2050,WASH_MACH,copper,1520.76
C-WEU-IRL,2050,WASH_MACH,glass,1600.8
C-WEU-IRL,2050,WASH_MACH,other_materials,19769.88
C-WEU-IRL,2050,WASH_MACH,acrylonitrile_butadiene_styrene,1280.64
C-WEU-IRL,2050,WASH_MACH,other_plastics,7603.8
C-WEU-IRL,2050,WASH_MACH,polypropylene,5282.64
C-WEU-IRL,2050,WASH_MACH,bio-based_polypropylene,0
C-WEU-IRL,2050,WASH_MACH,steel,40260.12
C-WEU-IRL,2005,WASH_MACH_COM,aluminium,35424
C-WEU-IRL,2005,WASH_MACH_COM,copper,14956.8
C-WEU-IRL,2005,WASH_MACH_COM,glass,5116.8
C-WEU-IRL,2005,WASH_MACH_COM,other_materials,80333.76
C-WEU-IRL,2005,WASH_MACH_COM,acrylonitrile_butadiene_styrene,1613.76
C-WEU-IRL,2005,WASH_MACH_COM,other_plastics,9446.4
C-WEU-IRL,2005,WASH_MACH_COM,polypropylene,6612.48
C-WEU-IRL,2005,WASH_MACH_COM,bio-based_polypropylene,0
C-WEU-IRL,2005,WASH_MACH_COM,steel,240096
C-WEU-IRL,2010,WASH_MACH_COM,aluminium,35424
C-WEU-IRL,2010,WASH_MACH_COM,copper,14956.8
C-WEU-IRL,2010,WASH_MACH_COM,glass,5116.8
C-WEU-IRL,2010,WASH_MACH_COM,other_materials,80333.76
C-WEU-IRL,2010,WASH_MACH_COM,acrylonitrile_butadiene_styrene,1613.76
C-WEU-IRL,2010,WASH_MACH_COM,other_plastics,9446.4
C-WEU-IRL,2010,WASH_MACH_COM,polypropylene,6612.48
C-WEU-IRL,2010,WASH_MACH_COM,bio-based_polypropylene,0
C-WEU-IRL,2010,WASH_MACH_COM,steel,240096
C-WEU-IRL,2015,WASH_MACH_COM,aluminium,35424
C-WEU-IRL,2015,WASH_MACH_COM,copper,14956.8
C-WEU-IRL,2015,WASH_MACH_COM,glass,5116.8
C-WEU-IRL,2015,WASH_MACH_COM,other_materials,80333.76
C-WEU-IRL,2015,WASH_MACH_COM,acrylonitrile_butadiene_styrene,1613.76
C-WEU-IRL,2015,WASH_MACH_COM,other_plastics,9446.4
C-WEU-IRL,2015,WASH_MACH_COM,polypropylene,6612.48
C-WEU-IRL,2015,WASH_MACH_COM,bio-based_polypropylene,0
C-WEU-IRL,2015,WASH_MACH_COM,steel,240096
C-WEU-IRL,2020,WASH_MACH_COM,aluminium,35424
C-WEU-IRL,2020,WASH_MACH_COM,copper,14956.8
C-WEU-IRL,2020,WASH_MACH_COM,glass,5116.8
C-WEU-IRL,2020,WASH_MACH_COM,other_materials,80333.76
C-WEU-IRL,2020,WASH_MACH_COM,acrylonitrile_butadiene_styrene,1613.76
C-WEU-IRL,2020,WASH_MACH_COM,other_plastics,9446.4
C-WEU-IRL,2020,WASH_MACH_COM,polypropylene,6612.48
C-WEU-IRL,2020,WASH_MACH_COM,bio-based_polypropylene,0
C-WEU-IRL,2020,WASH_MACH_COM,steel,240096
C-WEU-IRL,2025,WASH_MACH_COM,aluminium,35424
C-WEU-IRL,2025,WASH_MACH_COM,copper,14956.8
C-WEU-IRL,2025,WASH_MACH_COM,glass,5116.8
C-WEU-IRL,2025,WASH_MACH_COM,other_materials,80333.76
C-WEU-IRL,2025,WASH_MACH_COM,acrylonitrile_butadiene_styrene,1613.76
C-WEU-IRL,2025,WASH_MACH_COM,other_plastics,9446.4
C-WEU-IRL,2025,WASH_MACH_COM,polypropylene,6612.48
C-WEU-IRL,2025,WASH_MACH_COM,bio-based_polypropylene,0
C-WEU-IRL,2025,WASH_MACH_COM,steel,240096
C-WEU-IRL,2030,WASH_MACH_COM,aluminium,35424
C-WEU-IRL,2030,WASH_MACH_COM,copper,14956.8
C-WEU-IRL,2030,WASH_MACH_COM,glass,5116.8
C-WEU-IRL,2030,WASH_MACH_COM,other_materials,80333.76
C-WEU-IRL,2030,WASH_MACH_COM,acrylonitrile_butadiene_styrene,1613.76
C-WEU-IRL,2030,WASH_MACH_COM,other_plastics,9446.4
C-WEU-IRL,2030,WASH_MACH_COM,polypropylene,6612.48
C-WEU-IRL,2030,WASH_MACH_COM,bio-based_polypropylene,0
C-WEU-IRL,2030,WASH_MACH_COM,steel,240096
C-WEU-IRL,2035,WASH_MACH_COM,aluminium,35424
C-WEU-IRL,2035,WASH_MACH_COM,copper,14956.8
C-WEU-IRL,2035,WASH_MACH_COM,glass,5116.8
C-WEU-IRL,2035,WASH_MACH_COM,other_materials,80333.76
C-WEU-IRL,2035,WASH_MACH_COM,acrylonitrile_butadiene_styrene,1613.76
C-WEU-IRL,2035,WASH_MACH_COM,other_plastics,9446.4
C-WEU-IRL,2035,WASH_MACH_COM,polypropylene,6612.48
C-WEU-IRL,2035,WASH_MACH_COM,bio-based_polypropylene,0
C-WEU-IRL,2035,WASH_MACH_COM,steel,240096
C-WEU-IRL,2040,WASH_MACH_COM,aluminium,35424
C-WEU-IRL,2040,WASH_MACH_COM,copper,14956.8
C-WEU-IRL,2040,WASH_MACH_COM,glass,5116.8
C-WEU-IRL,2040,WASH_MACH_COM,other_materials,80333.76
C-WEU-IRL,2040,WASH_MACH_COM,acrylonitrile_butadiene_styrene,1613.76
C-WEU-IRL,2040,WASH_MACH_COM,other_plastics,9446.4
C-WEU-IRL,2040,WASH_MACH_COM,polypropylene,6612.48
C-WEU-IRL,2040,WASH_MACH_COM,bio-based_polypropylene,0
C-WEU-IRL,2040,WASH_MACH_COM,steel,240096
C-WEU-IRL,2045,WASH_MACH_COM,aluminium,35424
C-WEU-IRL,2045,WASH_MACH_COM,copper,14956.8
C-WEU-IRL,2045,WASH_MACH_COM,glass,5116.8
C-WEU-IRL,2045,WASH_MACH_COM,other_materials,80333.76
C-WEU-IRL,2045,WASH_MACH_COM,acrylonitrile_butadiene_styrene,1613.76
C-WEU-IRL,2045,WASH_MACH_COM,other_plastics,9446.4
C-WEU-IRL,2045,WASH_MACH_COM,polypropylene,6612.48
C-WEU-IRL,2045,WASH_MACH_COM,bio-based_polypropylene,0
C-WEU-IRL,2045,WASH_MACH_COM,steel,240096
C-WEU-IRL,2050,WASH_MACH_COM,aluminium,35424
C-WEU-IRL,2050,WASH_MACH_COM,copper,14956.8
C-WEU-IRL,2050,WASH_MACH_COM,glass,5116.8
C-WEU-IRL,2050,WASH_MACH_COM,other_materials,80333.76
C-WEU-IRL,2050,WASH_MACH_COM,acrylonitrile_butadiene_styrene,1613.76
C-WEU-IRL,2050,WASH_MACH_COM,other_plastics,9446.4
C-WEU-IRL,2050,WASH_MACH_COM,polypropylene,6612.48
C-WEU-IRL,2050,WASH_MACH_COM,bio-based_polypropylene,0
C-WEU-IRL,2050,WASH_MACH_COM,steel,240096
C-WEU-ITA,2005,WASH_MACH,aluminium,2721.36
C-WEU-ITA,2005,WASH_MACH,copper,1520.76
C-WEU-ITA,2005,WASH_MACH,glass,1600.8
C-WEU-ITA,2005,WASH_MACH,other_materials,19769.88
C-WEU-ITA,2005,WASH_MACH,acrylonitrile_butadiene_styrene,1280.64
C-WEU-ITA,2005,WASH_MACH,other_plastics,7603.8
C-WEU-ITA,2005,WASH_MACH,polypropylene,5282.64
C-WEU-ITA,2005,WASH_MACH,bio-based_polypropylene,0
C-WEU-ITA,2005,WASH_MACH,steel,40260.12
C-WEU-ITA,2010,WASH_MACH,aluminium,2721.36
C-WEU-ITA,2010,WASH_MACH,copper,1520.76
C-WEU-ITA,2010,WASH_MACH,glass,1600.8
C-WEU-ITA,2010,WASH_MACH,other_materials,19769.88
C-WEU-ITA,2010,WASH_MACH,acrylonitrile_butadiene_styrene,1280.64
C-WEU-ITA,2010,WASH_MACH,other_plastics,7603.8
C-WEU-ITA,2010,WASH_MACH,polypropylene,5282.64
C-WEU-ITA,2010,WASH_MACH,bio-based_polypropylene,0
C-WEU-ITA,2010,WASH_MACH,steel,40260.12
C-WEU-ITA,2015,WASH_MACH,aluminium,2721.36
C-WEU-ITA,2015,WASH_MACH,copper,1520.76
C-WEU-ITA,2015,WASH_MACH,glass,1600.8
C-WEU-ITA,2015,WASH_MACH,other_materials,19769.88
C-WEU-ITA,2015,WASH_MACH,acrylonitrile_butadiene_styrene,1280.64
C-WEU-ITA,2015,WASH_MACH,other_plastics,7603.8
C-WEU-ITA,2015,WASH_MACH,polypropylene,5282.64
C-WEU-ITA,2015,WASH_MACH,bio-based_polypropylene,0
C-WEU-ITA,2015,WASH_MACH,steel,40260.12
C-WEU-ITA,2020,WASH_MACH,aluminium,2721.36
C-WEU-ITA,2020,WASH_MACH,copper,1520.76
C-WEU-ITA,2020,WASH_MACH,glass,1600.8
C-WEU-ITA,2020,WASH_MACH,other_materials,19769.88
C-WEU-ITA,2020,WASH_MACH,acrylonitrile_butadiene_styrene,1280.64
C-WEU-ITA,2020,WASH_MACH,other_plastics,7603.8
C-WEU-ITA,2020,WASH_MACH,polypropylene,5282.64
C-WEU-ITA,2020,WASH_MACH,bio-based_polypropylene,0
C-WEU-ITA,2020,WASH_MACH,steel,40260.12
C-WEU-ITA,2025,WASH_MACH,aluminium,2721.36
C-WEU-ITA,2025,WASH_MACH,copper,1520.76
C-WEU-ITA,2025,WASH_MACH,glass,1600.8
C-WEU-ITA,2025,WASH_MACH,other_materials,19769.88
C-WEU-ITA,2025,WASH_MACH,acrylonitrile_butadiene_styrene,1280.64
C-WEU-ITA,2025,WASH_MACH,other_plastics,7603.8
C-WEU-ITA,2025,WASH_MACH,polypropylene,5282.64
C-WEU-ITA,2025,WASH_MACH,bio-based_polypropylene,0
C-WEU-ITA,2025,WASH_MACH,steel,40260.12
C-WEU-ITA,2030,WASH_MACH,aluminium,2721.36
C-WEU-ITA,2030,WASH_MACH,copper,1520.76
C-WEU-ITA,2030,WASH_MACH,glass,1600.8
C-WEU-ITA,2030,WASH_MACH,other_materials,19769.88
C-WEU-ITA,2030,WASH_MACH,acrylonitrile_butadiene_styrene,1280.64
C-WEU-ITA,2030,WASH_MACH,other_plastics,7603.8
C-WEU-ITA,2030,WASH_MACH,polypropylene,5282.64
C-WEU-ITA,2030,WASH_MACH,bio-based_polypropylene,0
C-WEU-ITA,2030,WASH_MACH,steel,40260.12
C-WEU-ITA,2035,WASH_MACH,aluminium,2721.36
C-WEU-ITA,2035,WASH_MACH,copper,1520.76
C-WEU-ITA,2035,WASH_MACH,glass,1600.8
C-WEU-ITA,2035,WASH_MACH,other_materials,19769.88
C-WEU-ITA,2035,WASH_MACH,acrylonitrile_butadiene_styrene,1280.64
C-WEU-ITA,2035,WASH_MACH,other_plastics,7603.8
C-WEU-ITA,2035,WASH_MACH,polypropylene,5282.64
C-WEU-ITA,2035,WASH_MACH,bio-based_polypropylene,0
C-WEU-ITA,2035,WASH_MACH,steel,40260.12
C-WEU-ITA,2040,WASH_MACH,aluminium,2721.36
C-WEU-ITA,2040,WASH_MACH,copper,1520.76
C-WEU-ITA,2040,WASH_MACH,glass,1600.8
C-WEU-ITA,2040,WASH_MACH,other_materials,19769.88
C-WEU-ITA,2040,WASH_MACH,acrylonitrile_butadiene_styrene,1280.64
C-WEU-ITA,2040,WASH_MACH,other_plastics,7603.8
C-WEU-ITA,2040,WASH_MACH,polypropylene,5282.64
C-WEU-ITA,2040,WASH_MACH,bio-based_polypropylene,0
C-WEU-ITA,2040,WASH_MACH,steel,40260.12
C-WEU-ITA,2045,WASH_MACH,aluminium,2721.36
C-WEU-ITA,2045,WASH_MACH,copper,1520.76
C-WEU-ITA,2045,WASH_MACH,glass,1600.8
C-WEU-ITA,2045,WASH_MACH,other_materials,19769.88
C-WEU-ITA,2045,WASH_MACH,acrylonitrile_butadiene_styrene,1280.64
C-WEU-ITA,2045,WASH_MACH,other_plastics,7603.8
C-WEU-ITA,2045,WASH_MACH,polypropylene,5282.64
C-WEU-ITA,2045,WASH_MACH,bio-based_polypropylene,0
C-WEU-ITA,2045,WASH_MACH,steel,40260.12
C-WEU-ITA,2050,WASH_MACH,aluminium,2721.36
C-WEU-ITA,2050,WASH_MACH,copper,1520.76
C-WEU-ITA,2050,WASH_MACH,glass,1600.8
C-WEU-ITA,2050,WASH_MACH,other_materials,19769.88
C-WEU-ITA,2050,WASH_MACH,acrylonitrile_butadiene_styrene,1280.64
C-WEU-ITA,2050,WASH_MACH,other_plastics,7603.8
C-WEU-ITA,2050,WASH_MACH,polypropylene,5282.64
C-WEU-ITA,2050,WASH_MACH,bio-based_polypropylene,0
C-WEU-ITA,2050,WASH_MACH,steel,40260.12
C-WEU-ITA,2005,WASH_MACH_COM,aluminium,35424
C-WEU-ITA,2005,WASH_MACH_COM,copper,14956.8
C-WEU-ITA,2005,WASH_MACH_COM,glass,5116.8
C-WEU-ITA,2005,WASH_MACH_COM,other_materials,80333.76
C-WEU-ITA,2005,WASH_MACH_COM,acrylonitrile_butadiene_styrene,1613.76
C-WEU-ITA,2005,WASH_MACH_COM,other_plastics,9446.4
C-WEU-ITA,2005,WASH_MACH_COM,polypropylene,6612.48
C-WEU-ITA,2005,WASH_MACH_COM,bio-based_polypropylene,0
C-WEU-ITA,2005,WASH_MACH_COM,steel,240096
C-WEU-ITA,2010,WASH_MACH_COM,aluminium,35424
C-WEU-ITA,2010,WASH_MACH_COM,copper,14956.8
C-WEU-ITA,2010,WASH_MACH_COM,glass,5116.8
C-WEU-ITA,2010,WASH_MACH_COM,other_materials,80333.76
C-WEU-ITA,2010,WASH_MACH_COM,acrylonitrile_butadiene_styrene,1613.76
C-WEU-ITA,2010,WASH_MACH_COM,other_plastics,9446.4
C-WEU-ITA,2010,WASH_MACH_COM,polypropylene,6612.48
C-WEU-ITA,2010,WASH_MACH_COM,bio-based_polypropylene,0
C-WEU-ITA,2010,WASH_MACH_COM,steel,240096
C-WEU-ITA,2015,WASH_MACH_COM,aluminium,35424
C-WEU-ITA,2015,WASH_MACH_COM,copper,14956.8
C-WEU-ITA,2015,WASH_MACH_COM,glass,5116.8
C-WEU-ITA,2015,WASH_MACH_COM,other_materials,80333.76
C-WEU-ITA,2015,WASH_MACH_COM,acrylonitrile_butadiene_styrene,1613.76
C-WEU-ITA,2015,WASH_MACH_COM,other_plastics,9446.4
C-WEU-ITA,2015,WASH_MACH_COM,polypropylene,6612.48
C-WEU-ITA,2015,WASH_MACH_COM,bio-based_polypropylene,0
C-WEU-ITA,2015,WASH_MACH_COM,steel,240096
C-WEU-ITA,2020,WASH_MACH_COM,aluminium,35424
C-WEU-ITA,2020,WASH_MACH_COM,copper,14956.8
C-WEU-ITA,2020,WASH_MACH_COM,glass,5116.8
C-WEU-ITA,2020,WASH_MACH_COM,other_materials,80333.76
C-WEU-ITA,2020,WASH_MACH_COM,acrylonitrile_butadiene_styrene,1613.76
C-WEU-ITA,2020,WASH_MACH_COM,other_plastics,9446.4
C-WEU-ITA,2020,WASH_MACH_COM,polypropylene,6612.48
C-WEU-ITA,2020,WASH_MACH_COM,bio-based_polypropylene,0
C-WEU-ITA,2020,WASH_MACH_COM,steel,240096
C-WEU-ITA,2025,WASH_MACH_COM,aluminium,35424
C-WEU-ITA,2025,WASH_MACH_COM,copper,14956.8
C-WEU-ITA,2025,WASH_MACH_COM,glass,5116.8
C-WEU-ITA,2025,WASH_MACH_COM,other_materials,80333.76
C-WEU-ITA,2025,WASH_MACH_COM,acrylonitrile_butadiene_styrene,1613.76
C-WEU-ITA,2025,WASH_MACH_COM,other_plastics,9446.4
C-WEU-ITA,2025,WASH_MACH_COM,polypropylene,6612.48
C-WEU-ITA,2025,WASH_MACH_COM,bio-based_polypropylene,0
C-WEU-ITA,2025,WASH_MACH_COM,steel,240096
C-WEU-ITA,2030,WASH_MACH_COM,aluminium,35424
C-WEU-ITA,2030,WASH_MACH_COM,copper,14956.8
C-WEU-ITA,2030,WASH_MACH_COM,glass,5116.8
C-WEU-ITA,2030,WASH_MACH_COM,other_materials,80333.76
C-WEU-ITA,2030,WASH_MACH_COM,acrylonitrile_butadiene_styrene,1613.76
C-WEU-ITA,2030,WASH_MACH_COM,other_plastics,9446.4
C-WEU-ITA,2030,WASH_MACH_COM,polypropylene,6612.48
C-WEU-ITA,2030,WASH_MACH_COM,bio-based_polypropylene,0
C-WEU-ITA,2030,WASH_MACH_COM,steel,240096
C-WEU-ITA,2035,WASH_MACH_COM,aluminium,35424
C-WEU-ITA,2035,WASH_MACH_COM,copper,14956.8
C-WEU-ITA,2035,WASH_MACH_COM,glass,5116.8
C-WEU-ITA,2035,WASH_MACH_COM,other_materials,80333.76
C-WEU-ITA,2035,WASH_MACH_COM,acrylonitrile_butadiene_styrene,1613.76
C-WEU-ITA,2035,WASH_MACH_COM,other_plastics,9446.4
C-WEU-ITA,2035,WASH_MACH_COM,polypropylene,6612.48
C-WEU-ITA,2035,WASH_MACH_COM,bio-based_polypropylene,0
C-WEU-ITA,2035,WASH_MACH_COM,steel,240096
C-WEU-ITA,2040,WASH_MACH_COM,aluminium,35424
C-WEU-ITA,2040,WASH_MACH_COM,copper,14956.8
C-WEU-ITA,2040,WASH_MACH_COM,glass,5116.8
C-WEU-ITA,2040,WASH_MACH_COM,other_materials,80333.76
C-WEU-ITA,2040,WASH_MACH_COM,acrylonitrile_butadiene_styrene,1613.76
C-WEU-ITA,2040,WASH_MACH_COM,other_plastics,9446.4
C-WEU-ITA,2040,WASH_MACH_COM,polypropylene,6612.48
C-WEU-ITA,2040,WASH_MACH_COM,bio-based_polypropylene,0
C-WEU-ITA,2040,WASH_MACH_COM,steel,240096
C-WEU-ITA,2045,WASH_MACH_COM,aluminium,35424
C-WEU-ITA,2045,WASH_MACH_COM,copper,14956.8
C-WEU-ITA,2045,WASH_MACH_COM,glass,5116.8
C-WEU-ITA,2045,WASH_MACH_COM,other_materials,80333.76
C-WEU-ITA,2045,WASH_MACH_COM,acrylonitrile_butadiene_styrene,1613.76
C-WEU-ITA,2045,WASH_MACH_COM,other_plastics,9446.4
C-WEU-ITA,2045,WASH_MACH_COM,polypropylene,6612.48
C-WEU-ITA,2045,WASH_MACH_COM,bio-based_polypropylene,0
C-WEU-ITA,2045,WASH_MACH_COM,steel,240096
C-WEU-ITA,2050,WASH_MACH_COM,aluminium,35424
C-WEU-ITA,2050,WASH_MACH_COM,copper,14956.8
C-WEU-ITA,2050,WASH_MACH_COM,glass,5116.8
C-WEU-ITA,2050,WASH_MACH_COM,other_materials,80333.76
C-WEU-ITA,2050,WASH_MACH_COM,acrylonitrile_butadiene_styrene,1613.76
C-WEU-ITA,2050,WASH_MACH_COM,other_plastics,9446.4
C-WEU-ITA,2050,WASH_MACH_COM,polypropylene,6612.48
C-WEU-ITA,2050,WASH_MACH_COM,bio-based_polypropylene,0
C-WEU-ITA,2050,WASH_MACH_COM,steel,240096
C-WEU-LUX,2005,WASH_MACH,aluminium,2721.36
C-WEU-LUX,2005,WASH_MACH,copper,1520.76
C-WEU-LUX,2005,WASH_MACH,glass,1600.8
C-WEU-LUX,2005,WASH_MACH,other_materials,19769.88
C-WEU-LUX,2005,WASH_MACH,acrylonitrile_butadiene_styrene,1280.64
C-WEU-LUX,2005,WASH_MACH,other_plastics,7603.8
C-WEU-LUX,2005,WASH_MACH,polypropylene,5282.64
C-WEU-LUX,2005,WASH_MACH,bio-based_polypropylene,0
C-WEU-LUX,2005,WASH_MACH,steel,40260.12
C-WEU-LUX,2010,WASH_MACH,aluminium,2721.36
C-WEU-LUX,2010,WASH_MACH,copper,1520.76
C-WEU-LUX,2010,WASH_MACH,glass,1600.8
C-WEU-LUX,2010,WASH_MACH,other_materials,19769.88
C-WEU-LUX,2010,WASH_MACH,acrylonitrile_butadiene_styrene,1280.64
C-WEU-LUX,2010,WASH_MACH,other_plastics,7603.8
C-WEU-LUX,2010,WASH_MACH,polypropylene,5282.64
C-WEU-LUX,2010,WASH_MACH,bio-based_polypropylene,0
C-WEU-LUX,2010,WASH_MACH,steel,40260.12
C-WEU-LUX,2015,WASH_MACH,aluminium,2721.36
C-WEU-LUX,2015,WASH_MACH,copper,1520.76
C-WEU-LUX,2015,WASH_MACH,glass,1600.8
C-WEU-LUX,2015,WASH_MACH,other_materials,19769.88
C-WEU-LUX,2015,WASH_MACH,acrylonitrile_butadiene_styrene,1280.64
C-WEU-LUX,2015,WASH_MACH,other_plastics,7603.8
C-WEU-LUX,2015,WASH_MACH,polypropylene,5282.64
C-WEU-LUX,2015,WASH_MACH,bio-based_polypropylene,0
C-WEU-LUX,2015,WASH_MACH,steel,40260.12
C-WEU-LUX,2020,WASH_MACH,aluminium,2721.36
C-WEU-LUX,2020,WASH_MACH,copper,1520.76
C-WEU-LUX,2020,WASH_MACH,glass,1600.8
C-WEU-LUX,2020,WASH_MACH,other_materials,19769.88
C-WEU-LUX,2020,WASH_MACH,acrylonitrile_butadiene_styrene,1280.64
C-WEU-LUX,2020,WASH_MACH,other_plastics,7603.8
C-WEU-LUX,2020,WASH_MACH,polypropylene,5282.64
C-WEU-LUX,2020,WASH_MACH,bio-based_polypropylene,0
C-WEU-LUX,2020,WASH_MACH,steel,40260.12
C-WEU-LUX,2025,WASH_MACH,aluminium,2721.36
C-WEU-LUX,2025,WASH_MACH,copper,1520.76
C-WEU-LUX,2025,WASH_MACH,glass,1600.8
C-WEU-LUX,2025,WASH_MACH,other_materials,19769.88
C-WEU-LUX,2025,WASH_MACH,acrylonitrile_butadiene_styrene,1280.64
C-WEU-LUX,2025,WASH_MACH,other_plastics,7603.8
C-WEU-LUX,2025,WASH_MACH,polypropylene,5282.64
C-WEU-LUX,2025,WASH_MACH,bio-based_polypropylene,0
C-WEU-LUX,2025,WASH_MACH,steel,40260.12
C-WEU-LUX,2030,WASH_MACH,aluminium,2721.36
C-WEU-LUX,2030,WASH_MACH,copper,1520.76
C-WEU-LUX,2030,WASH_MACH,glass,1600.8
C-WEU-LUX,2030,WASH_MACH,other_materials,19769.88
C-WEU-LUX,2030,WASH_MACH,acrylonitrile_butadiene_styrene,1280.64
C-WEU-LUX,2030,WASH_MACH,other_plastics,7603.8
C-WEU-LUX,2030,WASH_MACH,polypropylene,5282.64
C-WEU-LUX,2030,WASH_MACH,bio-based_polypropylene,0
C-WEU-LUX,2030,WASH_MACH,steel,40260.12
C-WEU-LUX,2035,WASH_MACH,aluminium,2721.36
C-WEU-LUX,2035,WASH_MACH,copper,1520.76
C-WEU-LUX,2035,WASH_MACH,glass,1600.8
C-WEU-LUX,2035,WASH_MACH,other_materials,19769.88
C-WEU-LUX,2035,WASH_MACH,acrylonitrile_butadiene_styrene,1280.64
C-WEU-LUX,2035,WASH_MACH,other_plastics,7603.8
C-WEU-LUX,2035,WASH_MACH,polypropylene,5282.64
C-WEU-LUX,2035,WASH_MACH,bio-based_polypropylene,0
C-WEU-LUX,2035,WASH_MACH,steel,40260.12
C-WEU-LUX,2040,WASH_MACH,aluminium,2721.36
C-WEU-LUX,2040,WASH_MACH,copper,1520.76
C-WEU-LUX,2040,WASH_MACH,glass,1600.8
C-WEU-LUX,2040,WASH_MACH,other_materials,19769.88
C-WEU-LUX,2040,WASH_MACH,acrylonitrile_butadiene_styrene,1280.64
C-WEU-LUX,2040,WASH_MACH,other_plastics,7603.8
C-WEU-LUX,2040,WASH_MACH,polypropylene,5282.64
C-WEU-LUX,2040,WASH_MACH,bio-based_polypropylene,0
C-WEU-LUX,2040,WASH_MACH,steel,40260.12
C-WEU-LUX,2045,WASH_MACH,aluminium,2721.36
C-WEU-LUX,2045,WASH_MACH,copper,1520.76
C-WEU-LUX,2045,WASH_MACH,glass,1600.8
C-WEU-LUX,2045,WASH_MACH,other_materials,19769.88
C-WEU-LUX,2045,WASH_MACH,acrylonitrile_butadiene_styrene,1280.64
C-WEU-LUX,2045,WASH_MACH,other_plastics,7603.8
C-WEU-LUX,2045,WASH_MACH,polypropylene,5282.64
C-WEU-LUX,2045,WASH_MACH,bio-based_polypropylene,0
C-WEU-LUX,2045,WASH_MACH,steel,40260.12
C-WEU-LUX,2050,WASH_MACH,aluminium,2721.36
C-WEU-LUX,2050,WASH_MACH,copper,1520.76
C-WEU-LUX,2050,WASH_MACH,glass,1600.8
C-WEU-LUX,2050,WASH_MACH,other_materials,19769.88
C-WEU-LUX,2050,WASH_MACH,acrylonitrile_butadiene_styrene,1280.64
C-WEU-LUX,2050,WASH_MACH,other_plastics,7603.8
C-WEU-LUX,2050,WASH_MACH,polypropylene,5282.64
C-WEU-LUX,2050,WASH_MACH,bio-based_polypropylene,0
C-WEU-LUX,2050,WASH_MACH,steel,40260.12
C-WEU-LUX,2005,WASH_MACH_COM,aluminium,35424
C-WEU-LUX,2005,WASH_MACH_COM,copper,14956.8
C-WEU-LUX,2005,WASH_MACH_COM,glass,5116.8
C-WEU-LUX,2005,WASH_MACH_COM,other_materials,80333.76
C-WEU-LUX,2005,WASH_MACH_COM,acrylonitrile_butadiene_styrene,1613.76
C-WEU-LUX,2005,WASH_MACH_COM,other_plastics,9446.4
C-WEU-LUX,2005,WASH_MACH_COM,polypropylene,6612.48
C-WEU-LUX,2005,WASH_MACH_COM,bio-based_polypropylene,0
C-WEU-LUX,2005,WASH_MACH_COM,steel,240096
C-WEU-LUX,2010,WASH_MACH_COM,aluminium,35424
C-WEU-LUX,2010,WASH_MACH_COM,copper,14956.8
C-WEU-LUX,2010,WASH_MACH_COM,glass,5116.8
C-WEU-LUX,2010,WASH_MACH_COM,other_materials,80333.76
C-WEU-LUX,2010,WASH_MACH_COM,acrylonitrile_butadiene_styrene,1613.76
C-WEU-LUX,2010,WASH_MACH_COM,other_plastics,9446.4
C-WEU-LUX,2010,WASH_MACH_COM,polypropylene,6612.48
C-WEU-LUX,2010,WASH_MACH_COM,bio-based_polypropylene,0
C-WEU-LUX,2010,WASH_MACH_COM,steel,240096
C-WEU-LUX,2015,WASH_MACH_COM,aluminium,35424
C-WEU-LUX,2015,WASH_MACH_COM,copper,14956.8
C-WEU-LUX,2015,WASH_MACH_COM,glass,5116.8
C-WEU-LUX,2015,WASH_MACH_COM,other_materials,80333.76
C-WEU-LUX,2015,WASH_MACH_COM,acrylonitrile_butadiene_styrene,1613.76
C-WEU-LUX,2015,WASH_MACH_COM,other_plastics,9446.4
C-WEU-LUX,2015,WASH_MACH_COM,polypropylene,6612.48
C-WEU-LUX,2015,WASH_MACH_COM,bio-based_polypropylene,0
C-WEU-LUX,2015,WASH_MACH_COM,steel,240096
C-WEU-LUX,2020,WASH_MACH_COM,aluminium,35424
C-WEU-LUX,2020,WASH_MACH_COM,copper,14956.8
C-WEU-LUX,2020,WASH_MACH_COM,glass,5116.8
C-WEU-LUX,2020,WASH_MACH_COM,other_materials,80333.76
C-WEU-LUX,2020,WASH_MACH_COM,acrylonitrile_butadiene_styrene,1613.76
C-WEU-LUX,2020,WASH_MACH_COM,other_plastics,9446.4
C-WEU-LUX,2020,WASH_MACH_COM,polypropylene,6612.48
C-WEU-LUX,2020,WASH_MACH_COM,bio-based_polypropylene,0
C-WEU-LUX,2020,WASH_MACH_COM,steel,240096
C-WEU-LUX,2025,WASH_MACH_COM,aluminium,35424
C-WEU-LUX,2025,WASH_MACH_COM,copper,14956.8
C-WEU-LUX,2025,WASH_MACH_COM,glass,5116.8
C-WEU-LUX,2025,WASH_MACH_COM,other_materials,80333.76
C-WEU-LUX,2025,WASH_MACH_COM,acrylonitrile_butadiene_styrene,1613.76
C-WEU-LUX,2025,WASH_MACH_COM,other_plastics,9446.4
C-WEU-LUX,2025,WASH_MACH_COM,polypropylene,6612.48
C-WEU-LUX,2025,WASH_MACH_COM,bio-based_polypropylene,0
C-WEU-LUX,2025,WASH_MACH_COM,steel,240096
C-WEU-LUX,2030,WASH_MACH_COM,aluminium,35424
C-WEU-LUX,2030,WASH_MACH_COM,copper,14956.8
C-WEU-LUX,2030,WASH_MACH_COM,glass,5116.8
C-WEU-LUX,2030,WASH_MACH_COM,other_materials,80333.76
C-WEU-LUX,2030,WASH_MACH_COM,acrylonitrile_butadiene_styrene,1613.76
C-WEU-LUX,2030,WASH_MACH_COM,other_plastics,9446.4
C-WEU-LUX,2030,WASH_MACH_COM,polypropylene,6612.48
C-WEU-LUX,2030,WASH_MACH_COM,bio-based_polypropylene,0
C-WEU-LUX,2030,WASH_MACH_COM,steel,240096
C-WEU-LUX,2035,WASH_MACH_COM,aluminium,35424
C-WEU-LUX,2035,WASH_MACH_COM,copper,14956.8
C-WEU-LUX,2035,WASH_MACH_COM,glass,5116.8
C-WEU-LUX,2035,WASH_MACH_COM,other_materials,80333.76
C-WEU-LUX,2035,WASH_MACH_COM,acrylonitrile_butadiene_styrene,1613.76
C-WEU-LUX,2035,WASH_MACH_COM,other_plastics,9446.4
C-WEU-LUX,2035,WASH_MACH_COM,polypropylene,6612.48
C-WEU-LUX,2035,WASH_MACH_COM,bio-based_polypropylene,0
C-WEU-LUX,2035,WASH_MACH_COM,steel,240096
C-WEU-LUX,2040,WASH_MACH_COM,aluminium,35424
C-WEU-LUX,2040,WASH_MACH_COM,copper,14956.8
C-WEU-LUX,2040,WASH_MACH_COM,glass,5116.8
C-WEU-LUX,2040,WASH_MACH_COM,other_materials,80333.76
C-WEU-LUX,2040,WASH_MACH_COM,acrylonitrile_butadiene_styrene,1613.76
C-WEU-LUX,2040,WASH_MACH_COM,other_plastics,9446.4
C-WEU-LUX,2040,WASH_MACH_COM,polypropylene,6612.48
C-WEU-LUX,2040,WASH_MACH_COM,bio-based_polypropylene,0
C-WEU-LUX,2040,WASH_MACH_COM,steel,240096
C-WEU-LUX,2045,WASH_MACH_COM,aluminium,35424
C-WEU-LUX,2045,WASH_MACH_COM,copper,14956.8
C-WEU-LUX,2045,WASH_MACH_COM,glass,5116.8
C-WEU-LUX,2045,WASH_MACH_COM,other_materials,80333.76
C-WEU-LUX,2045,WASH_MACH_COM,acrylonitrile_butadiene_styrene,1613.76
C-WEU-LUX,2045,WASH_MACH_COM,other_plastics,9446.4
C-WEU-LUX,2045,WASH_MACH_COM,polypropylene,6612.48
C-WEU-LUX,2045,WASH_MACH_COM,bio-based_polypropylene,0
C-WEU-LUX,2045,WASH_MACH_COM,steel,240096
C-WEU-LUX,2050,WASH_MACH_COM,aluminium,35424
C-WEU-LUX,2050,WASH_MACH_COM,copper,14956.8
C-WEU-LUX,2050,WASH_MACH_COM,glass,5116.8
C-WEU-LUX,2050,WASH_MACH_COM,other_materials,80333.76
C-WEU-LUX,2050,WASH_MACH_COM,acrylonitrile_butadiene_styrene,1613.76
C-WEU-LUX,2050,WASH_MACH_COM,other_plastics,9446.4
C-WEU-LUX,2050,WASH_MACH_COM,polypropylene,6612.48
C-WEU-LUX,2050,WASH_MACH_COM,bio-based_polypropylene,0
C-WEU-LUX,2050,WASH_MACH_COM,steel,240096
C-WEU-MLT,2005,WASH_MACH,aluminium,2721.36
C-WEU-MLT,2005,WASH_MACH,copper,1520.76
C-WEU-MLT,2005,WASH_MACH,glass,1600.8
C-WEU-MLT,2005,WASH_MACH,other_materials,19769.88
C-WEU-MLT,2005,WASH_MACH,acrylonitrile_butadiene_styrene,1280.64
C-WEU-MLT,2005,WASH_MACH,other_plastics,7603.8
C-WEU-MLT,2005,WASH_MACH,polypropylene,5282.64
C-WEU-MLT,2005,WASH_MACH,bio-based_polypropylene,0
C-WEU-MLT,2005,WASH_MACH,steel,40260.12
C-WEU-MLT,2010,WASH_MACH,aluminium,2721.36
C-WEU-MLT,2010,WASH_MACH,copper,1520.76
C-WEU-MLT,2010,WASH_MACH,glass,1600.8
C-WEU-MLT,2010,WASH_MACH,other_materials,19769.88
C-WEU-MLT,2010,WASH_MACH,acrylonitrile_butadiene_styrene,1280.64
C-WEU-MLT,2010,WASH_MACH,other_plastics,7603.8
C-WEU-MLT,2010,WASH_MACH,polypropylene,5282.64
C-WEU-MLT,2010,WASH_MACH,bio-based_polypropylene,0
C-WEU-MLT,2010,WASH_MACH,steel,40260.12
C-WEU-MLT,2015,WASH_MACH,aluminium,2721.36
C-WEU-MLT,2015,WASH_MACH,copper,1520.76
C-WEU-MLT,2015,WASH_MACH,glass,1600.8
C-WEU-MLT,2015,WASH_MACH,other_materials,19769.88
C-WEU-MLT,2015,WASH_MACH,acrylonitrile_butadiene_styrene,1280.64
C-WEU-MLT,2015,WASH_MACH,other_plastics,7603.8
C-WEU-MLT,2015,WASH_MACH,polypropylene,5282.64
C-WEU-MLT,2015,WASH_MACH,bio-based_polypropylene,0
C-WEU-MLT,2015,WASH_MACH,steel,40260.12
C-WEU-MLT,2020,WASH_MACH,aluminium,2721.36
C-WEU-MLT,2020,WASH_MACH,copper,1520.76
C-WEU-MLT,2020,WASH_MACH,glass,1600.8
C-WEU-MLT,2020,WASH_MACH,other_materials,19769.88
C-WEU-MLT,2020,WASH_MACH,acrylonitrile_butadiene_styrene,1280.64
C-WEU-MLT,2020,WASH_MACH,other_plastics,7603.8
C-WEU-MLT,2020,WASH_MACH,polypropylene,5282.64
C-WEU-MLT,2020,WASH_MACH,bio-based_polypropylene,0
C-WEU-MLT,2020,WASH_MACH,steel,40260.12
C-WEU-MLT,2025,WASH_MACH,aluminium,2721.36
C-WEU-MLT,2025,WASH_MACH,copper,1520.76
C-WEU-MLT,2025,WASH_MACH,glass,1600.8
C-WEU-MLT,2025,WASH_MACH,other_materials,19769.88
C-WEU-MLT,2025,WASH_MACH,acrylonitrile_butadiene_styrene,1280.64
C-WEU-MLT,2025,WASH_MACH,other_plastics,7603.8
C-WEU-MLT,2025,WASH_MACH,polypropylene,5282.64
C-WEU-MLT,2025,WASH_MACH,bio-based_polypropylene,0
C-WEU-MLT,2025,WASH_MACH,steel,40260.12
C-WEU-MLT,2030,WASH_MACH,aluminium,2721.36
C-WEU-MLT,2030,WASH_MACH,copper,1520.76
C-WEU-MLT,2030,WASH_MACH,glass,1600.8
C-WEU-MLT,2030,WASH_MACH,other_materials,19769.88
C-WEU-MLT,2030,WASH_MACH,acrylonitrile_butadiene_styrene,1280.64
C-WEU-MLT,2030,WASH_MACH,other_plastics,7603.8
C-WEU-MLT,2030,WASH_MACH,polypropylene,5282.64
C-WEU-MLT,2030,WASH_MACH,bio-based_polypropylene,0
C-WEU-MLT,2030,WASH_MACH,steel,40260.12
C-WEU-MLT,2035,WASH_MACH,aluminium,2721.36
C-WEU-MLT,2035,WASH_MACH,copper,1520.76
C-WEU-MLT,2035,WASH_MACH,glass,1600.8
C-WEU-MLT,2035,WASH_MACH,other_materials,19769.88
C-WEU-MLT,2035,WASH_MACH,acrylonitrile_butadiene_styrene,1280.64
C-WEU-MLT,2035,WASH_MACH,other_plastics,7603.8
C-WEU-MLT,2035,WASH_MACH,polypropylene,5282.64
C-WEU-MLT,2035,WASH_MACH,bio-based_polypropylene,0
C-WEU-MLT,2035,WASH_MACH,steel,40260.12
C-WEU-MLT,2040,WASH_MACH,aluminium,2721.36
C-WEU-MLT,2040,WASH_MACH,copper,1520.76
C-WEU-MLT,2040,WASH_MACH,glass,1600.8
C-WEU-MLT,2040,WASH_MACH,other_materials,19769.88
C-WEU-MLT,2040,WASH_MACH,acrylonitrile_butadiene_styrene,1280.64
C-WEU-MLT,2040,WASH_MACH,other_plastics,7603.8
C-WEU-MLT,2040,WASH_MACH,polypropylene,5282.64
C-WEU-MLT,2040,WASH_MACH,bio-based_polypropylene,0
C-WEU-MLT,2040,WASH_MACH,steel,40260.12
C-WEU-MLT,2045,WASH_MACH,aluminium,2721.36
C-WEU-MLT,2045,WASH_MACH,copper,1520.76
C-WEU-MLT,2045,WASH_MACH,glass,1600.8
C-WEU-MLT,2045,WASH_MACH,other_materials,19769.88
C-WEU-MLT,2045,WASH_MACH,acrylonitrile_butadiene_styrene,1280.64
C-WEU-MLT,2045,WASH_MACH,other_plastics,7603.8
C-WEU-MLT,2045,WASH_MACH,polypropylene,5282.64
C-WEU-MLT,2045,WASH_MACH,bio-based_polypropylene,0
C-WEU-MLT,2045,WASH_MACH,steel,40260.12
C-WEU-MLT,2050,WASH_MACH,aluminium,2721.36
C-WEU-MLT,2050,WASH_MACH,copper,1520.76
C-WEU-MLT,2050,WASH_MACH,glass,1600.8
C-WEU-MLT,2050,WASH_MACH,other_materials,19769.88
C-WEU-MLT,2050,WASH_MACH,acrylonitrile_butadiene_styrene,1280.64
C-WEU-MLT,2050,WASH_MACH,other_plastics,7603.8
C-WEU-MLT,2050,WASH_MACH,polypropylene,5282.64
C-WEU-MLT,2050,WASH_MACH,bio-based_polypropylene,0
C-WEU-MLT,2050,WASH_MACH,steel,40260.12
C-WEU-MLT,2005,WASH_MACH_COM,aluminium,35424
C-WEU-MLT,2005,WASH_MACH_COM,copper,14956.8
C-WEU-MLT,2005,WASH_MACH_COM,glass,5116.8
C-WEU-MLT,2005,WASH_MACH_COM,other_materials,80333.76
C-WEU-MLT,2005,WASH_MACH_COM,acrylonitrile_butadiene_styrene,1613.76
C-WEU-MLT,2005,WASH_MACH_COM,other_plastics,9446.4
C-WEU-MLT,2005,WASH_MACH_COM,polypropylene,6612.48
C-WEU-MLT,2005,WASH_MACH_COM,bio-based_polypropylene,0
C-WEU-MLT,2005,WASH_MACH_COM,steel,240096
C-WEU-MLT,2010,WASH_MACH_COM,aluminium,35424
C-WEU-MLT,2010,WASH_MACH_COM,copper,14956.8
C-WEU-MLT,2010,WASH_MACH_COM,glass,5116.8
C-WEU-MLT,2010,WASH_MACH_COM,other_materials,80333.76
C-WEU-MLT,2010,WASH_MACH_COM,acrylonitrile_butadiene_styrene,1613.76
C-WEU-MLT,2010,WASH_MACH_COM,other_plastics,9446.4
C-WEU-MLT,2010,WASH_MACH_COM,polypropylene,6612.48
C-WEU-MLT,2010,WASH_MACH_COM,bio-based_polypropylene,0
C-WEU-MLT,2010,WASH_MACH_COM,steel,240096
C-WEU-MLT,2015,WASH_MACH_COM,aluminium,35424
C-WEU-MLT,2015,WASH_MACH_COM,copper,14956.8
C-WEU-MLT,2015,WASH_MACH_COM,glass,5116.8
C-WEU-MLT,2015,WASH_MACH_COM,other_materials,80333.76
C-WEU-MLT,2015,WASH_MACH_COM,acrylonitrile_butadiene_styrene,1613.76
C-WEU-MLT,2015,WASH_MACH_COM,other_plastics,9446.4
C-WEU-MLT,2015,WASH_MACH_COM,polypropylene,6612.48
C-WEU-MLT,2015,WASH_MACH_COM,bio-based_polypropylene,0
C-WEU-MLT,2015,WASH_MACH_COM,steel,240096
C-WEU-MLT,2020,WASH_MACH_COM,aluminium,35424
C-WEU-MLT,2020,WASH_MACH_COM,copper,14956.8
C-WEU-MLT,2020,WASH_MACH_COM,glass,5116.8
C-WEU-MLT,2020,WASH_MACH_COM,other_materials,80333.76
C-WEU-MLT,2020,WASH_MACH_COM,acrylonitrile_butadiene_styrene,1613.76
C-WEU-MLT,2020,WASH_MACH_COM,other_plastics,9446.4
C-WEU-MLT,2020,WASH_MACH_COM,polypropylene,6612.48
C-WEU-MLT,2020,WASH_MACH_COM,bio-based_polypropylene,0
C-WEU-MLT,2020,WASH_MACH_COM,steel,240096
C-WEU-MLT,2025,WASH_MACH_COM,aluminium,35424
C-WEU-MLT,2025,WASH_MACH_COM,copper,14956.8
C-WEU-MLT,2025,WASH_MACH_COM,glass,5116.8
C-WEU-MLT,2025,WASH_MACH_COM,other_materials,80333.76
C-WEU-MLT,2025,WASH_MACH_COM,acrylonitrile_butadiene_styrene,1613.76
C-WEU-MLT,2025,WASH_MACH_COM,other_plastics,9446.4
C-WEU-MLT,2025,WASH_MACH_COM,polypropylene,6612.48
C-WEU-MLT,2025,WASH_MACH_COM,bio-based_polypropylene,0
C-WEU-MLT,2025,WASH_MACH_COM,steel,240096
C-WEU-MLT,2030,WASH_MACH_COM,aluminium,35424
C-WEU-MLT,2030,WASH_MACH_COM,copper,14956.8
C-WEU-MLT,2030,WASH_MACH_COM,glass,5116.8
C-WEU-MLT,2030,WASH_MACH_COM,other_materials,80333.76
C-WEU-MLT,2030,WASH_MACH_COM,acrylonitrile_butadiene_styrene,1613.76
C-WEU-MLT,2030,WASH_MACH_COM,other_plastics,9446.4
C-WEU-MLT,2030,WASH_MACH_COM,polypropylene,6612.48
C-WEU-MLT,2030,WASH_MACH_COM,bio-based_polypropylene,0
C-WEU-MLT,2030,WASH_MACH_COM,steel,240096
C-WEU-MLT,2035,WASH_MACH_COM,aluminium,35424
C-WEU-MLT,2035,WASH_MACH_COM,copper,14956.8
C-WEU-MLT,2035,WASH_MACH_COM,glass,5116.8
C-WEU-MLT,2035,WASH_MACH_COM,other_materials,80333.76
C-WEU-MLT,2035,WASH_MACH_COM,acrylonitrile_butadiene_styrene,1613.76
C-WEU-MLT,2035,WASH_MACH_COM,other_plastics,9446.4
C-WEU-MLT,2035,WASH_MACH_COM,polypropylene,6612.48
C-WEU-MLT,2035,WASH_MACH_COM,bio-based_polypropylene,0
C-WEU-MLT,2035,WASH_MACH_COM,steel,240096
C-WEU-MLT,2040,WASH_MACH_COM,aluminium,35424
C-WEU-MLT,2040,WASH_MACH_COM,copper,14956.8
C-WEU-MLT,2040,WASH_MACH_COM,glass,5116.8
C-WEU-MLT,2040,WASH_MACH_COM,other_materials,80333.76
C-WEU-MLT,2040,WASH_MACH_COM,acrylonitrile_butadiene_styrene,1613.76
C-WEU-MLT,2040,WASH_MACH_COM,other_plastics,9446.4
C-WEU-MLT,2040,WASH_MACH_COM,polypropylene,6612.48
C-WEU-MLT,2040,WASH_MACH_COM,bio-based_polypropylene,0
C-WEU-MLT,2040,WASH_MACH_COM,steel,240096
C-WEU-MLT,2045,WASH_MACH_COM,aluminium,35424
C-WEU-MLT,2045,WASH_MACH_COM,copper,14956.8
C-WEU-MLT,2045,WASH_MACH_COM,glass,5116.8
C-WEU-MLT,2045,WASH_MACH_COM,other_materials,80333.76
C-WEU-MLT,2045,WASH_MACH_COM,acrylonitrile_butadiene_styrene,1613.76
C-WEU-MLT,2045,WASH_MACH_COM,other_plastics,9446.4
C-WEU-MLT,2045,WASH_MACH_COM,polypropylene,6612.48
C-WEU-MLT,2045,WASH_MACH_COM,bio-based_polypropylene,0
C-WEU-MLT,2045,WASH_MACH_COM,steel,240096
C-WEU-MLT,2050,WASH_MACH_COM,aluminium,35424
C-WEU-MLT,2050,WASH_MACH_COM,copper,14956.8
C-WEU-MLT,2050,WASH_MACH_COM,glass,5116.8
C-WEU-MLT,2050,WASH_MACH_COM,other_materials,80333.76
C-WEU-MLT,2050,WASH_MACH_COM,acrylonitrile_butadiene_styrene,1613.76
C-WEU-MLT,2050,WASH_MACH_COM,other_plastics,9446.4
C-WEU-MLT,2050,WASH_MACH_COM,polypropylene,6612.48
C-WEU-MLT,2050,WASH_MACH_COM,bio-based_polypropylene,0
C-WEU-MLT,2050,WASH_MACH_COM,steel,240096
C-WEU-NLD,2005,WASH_MACH,aluminium,2721.36
C-WEU-NLD,2005,WASH_MACH,copper,1520.76
C-WEU-NLD,2005,WASH_MACH,glass,1600.8
C-WEU-NLD,2005,WASH_MACH,other_materials,19769.88
C-WEU-NLD,2005,WASH_MACH,acrylonitrile_butadiene_styrene,1280.64
C-WEU-NLD,2005,WASH_MACH,other_plastics,7603.8
C-WEU-NLD,2005,WASH_MACH,polypropylene,5282.64
C-WEU-NLD,2005,WASH_MACH,bio-based_polypropylene,0
C-WEU-NLD,2005,WASH_MACH,steel,40260.12
C-WEU-NLD,2010,WASH_MACH,aluminium,2721.36
C-WEU-NLD,2010,WASH_MACH,copper,1520.76
C-WEU-NLD,2010,WASH_MACH,glass,1600.8
C-WEU-NLD,2010,WASH_MACH,other_materials,19769.88
C-WEU-NLD,2010,WASH_MACH,acrylonitrile_butadiene_styrene,1280.64
C-WEU-NLD,2010,WASH_MACH,other_plastics,7603.8
C-WEU-NLD,2010,WASH_MACH,polypropylene,5282.64
C-WEU-NLD,2010,WASH_MACH,bio-based_polypropylene,0
C-WEU-NLD,2010,WASH_MACH,steel,40260.12
C-WEU-NLD,2015,WASH_MACH,aluminium,2721.36
C-WEU-NLD,2015,WASH_MACH,copper,1520.76
C-WEU-NLD,2015,WASH_MACH,glass,1600.8
C-WEU-NLD,2015,WASH_MACH,other_materials,19769.88
C-WEU-NLD,2015,WASH_MACH,acrylonitrile_butadiene_styrene,1280.64
C-WEU-NLD,2015,WASH_MACH,other_plastics,7603.8
C-WEU-NLD,2015,WASH_MACH,polypropylene,5282.64
C-WEU-NLD,2015,WASH_MACH,bio-based_polypropylene,0
C-WEU-NLD,2015,WASH_MACH,steel,40260.12
C-WEU-NLD,2020,WASH_MACH,aluminium,2721.36
C-WEU-NLD,2020,WASH_MACH,copper,1520.76
C-WEU-NLD,2020,WASH_MACH,glass,1600.8
C-WEU-NLD,2020,WASH_MACH,other_materials,19769.88
C-WEU-NLD,2020,WASH_MACH,acrylonitrile_butadiene_styrene,1280.64
C-WEU-NLD,2020,WASH_MACH,other_plastics,7603.8
C-WEU-NLD,2020,WASH_MACH,polypropylene,5282.64
C-WEU-NLD,2020,WASH_MACH,bio-based_polypropylene,0
C-WEU-NLD,2020,WASH_MACH,steel,40260.12
C-WEU-NLD,2025,WASH_MACH,aluminium,2721.36
C-WEU-NLD,2025,WASH_MACH,copper,1520.76
C-WEU-NLD,2025,WASH_MACH,glass,1600.8
C-WEU-NLD,2025,WASH_MACH,other_materials,19769.88
C-WEU-NLD,2025,WASH_MACH,acrylonitrile_butadiene_styrene,1280.64
C-WEU-NLD,2025,WASH_MACH,other_plastics,7603.8
C-WEU-NLD,2025,WASH_MACH,polypropylene,5282.64
C-WEU-NLD,2025,WASH_MACH,bio-based_polypropylene,0
C-WEU-NLD,2025,WASH_MACH,steel,40260.12
C-WEU-NLD,2030,WASH_MACH,aluminium,2721.36
C-WEU-NLD,2030,WASH_MACH,copper,1520.76
C-WEU-NLD,2030,WASH_MACH,glass,1600.8
C-WEU-NLD,2030,WASH_MACH,other_materials,19769.88
C-WEU-NLD,2030,WASH_MACH,acrylonitrile_butadiene_styrene,1280.64
C-WEU-NLD,2030,WASH_MACH,other_plastics,7603.8
C-WEU-NLD,2030,WASH_MACH,polypropylene,5282.64
C-WEU-NLD,2030,WASH_MACH,bio-based_polypropylene,0
C-WEU-NLD,2030,WASH_MACH,steel,40260.12
C-WEU-NLD,2035,WASH_MACH,aluminium,2721.36
C-WEU-NLD,2035,WASH_MACH,copper,1520.76
C-WEU-NLD,2035,WASH_MACH,glass,1600.8
C-WEU-NLD,2035,WASH_MACH,other_materials,19769.88
C-WEU-NLD,2035,WASH_MACH,acrylonitrile_butadiene_styrene,1280.64
C-WEU-NLD,2035,WASH_MACH,other_plastics,7603.8
C-WEU-NLD,2035,WASH_MACH,polypropylene,5282.64
C-WEU-NLD,2035,WASH_MACH,bio-based_polypropylene,0
C-WEU-NLD,2035,WASH_MACH,steel,40260.12
C-WEU-NLD,2040,WASH_MACH,aluminium,2721.36
C-WEU-NLD,2040,WASH_MACH,copper,1520.76
C-WEU-NLD,2040,WASH_MACH,glass,1600.8
C-WEU-NLD,2040,WASH_MACH,other_materials,19769.88
C-WEU-NLD,2040,WASH_MACH,acrylonitrile_butadiene_styrene,1280.64
C-WEU-NLD,2040,WASH_MACH,other_plastics,7603.8
C-WEU-NLD,2040,WASH_MACH,polypropylene,5282.64
C-WEU-NLD,2040,WASH_MACH,bio-based_polypropylene,0
C-WEU-NLD,2040,WASH_MACH,steel,40260.12
C-WEU-NLD,2045,WASH_MACH,aluminium,2721.36
C-WEU-NLD,2045,WASH_MACH,copper,1520.76
C-WEU-NLD,2045,WASH_MACH,glass,1600.8
C-WEU-NLD,2045,WASH_MACH,other_materials,19769.88
C-WEU-NLD,2045,WASH_MACH,acrylonitrile_butadiene_styrene,1280.64
C-WEU-NLD,2045,WASH_MACH,other_plastics,7603.8
C-WEU-NLD,2045,WASH_MACH,polypropylene,5282.64
C-WEU-NLD,2045,WASH_MACH,bio-based_polypropylene,0
C-WEU-NLD,2045,WASH_MACH,steel,40260.12
C-WEU-NLD,2050,WASH_MACH,aluminium,2721.36
C-WEU-NLD,2050,WASH_MACH,copper,1520.76
C-WEU-NLD,2050,WASH_MACH,glass,1600.8
C-WEU-NLD,2050,WASH_MACH,other_materials,19769.88
C-WEU-NLD,2050,WASH_MACH,acrylonitrile_butadiene_styrene,1280.64
C-WEU-NLD,2050,WASH_MACH,other_plastics,7603.8
C-WEU-NLD,2050,WASH_MACH,polypropylene,5282.64
C-WEU-NLD,2050,WASH_MACH,bio-based_polypropylene,0
C-WEU-NLD,2050,WASH_MACH,steel,40260.12
C-WEU-NLD,2005,WASH_MACH_COM,aluminium,35424
C-WEU-NLD,2005,WASH_MACH_COM,copper,14956.8
C-WEU-NLD,2005,WASH_MACH_COM,glass,5116.8
C-WEU-NLD,2005,WASH_MACH_COM,other_materials,80333.76
C-WEU-NLD,2005,WASH_MACH_COM,acrylonitrile_butadiene_styrene,1613.76
C-WEU-NLD,2005,WASH_MACH_COM,other_plastics,9446.4
C-WEU-NLD,2005,WASH_MACH_COM,polypropylene,6612.48
C-WEU-NLD,2005,WASH_MACH_COM,bio-based_polypropylene,0
C-WEU-NLD,2005,WASH_MACH_COM,steel,240096
C-WEU-NLD,2010,WASH_MACH_COM,aluminium,35424
C-WEU-NLD,2010,WASH_MACH_COM,copper,14956.8
C-WEU-NLD,2010,WASH_MACH_COM,glass,5116.8
C-WEU-NLD,2010,WASH_MACH_COM,other_materials,80333.76
C-WEU-NLD,2010,WASH_MACH_COM,acrylonitrile_butadiene_styrene,1613.76
C-WEU-NLD,2010,WASH_MACH_COM,other_plastics,9446.4
C-WEU-NLD,2010,WASH_MACH_COM,polypropylene,6612.48
C-WEU-NLD,2010,WASH_MACH_COM,bio-based_polypropylene,0
C-WEU-NLD,2010,WASH_MACH_COM,steel,240096
C-WEU-NLD,2015,WASH_MACH_COM,aluminium,35424
C-WEU-NLD,2015,WASH_MACH_COM,copper,14956.8
C-WEU-NLD,2015,WASH_MACH_COM,glass,5116.8
C-WEU-NLD,2015,WASH_MACH_COM,other_materials,80333.76
C-WEU-NLD,2015,WASH_MACH_COM,acrylonitrile_butadiene_styrene,1613.76
C-WEU-NLD,2015,WASH_MACH_COM,other_plastics,9446.4
C-WEU-NLD,2015,WASH_MACH_COM,polypropylene,6612.48
C-WEU-NLD,2015,WASH_MACH_COM,bio-based_polypropylene,0
C-WEU-NLD,2015,WASH_MACH_COM,steel,240096
C-WEU-NLD,2020,WASH_MACH_COM,aluminium,35424
C-WEU-NLD,2020,WASH_MACH_COM,copper,14956.8
C-WEU-NLD,2020,WASH_MACH_COM,glass,5116.8
C-WEU-NLD,2020,WASH_MACH_COM,other_materials,80333.76
C-WEU-NLD,2020,WASH_MACH_COM,acrylonitrile_butadiene_styrene,1613.76
C-WEU-NLD,2020,WASH_MACH_COM,other_plastics,9446.4
C-WEU-NLD,2020,WASH_MACH_COM,polypropylene,6612.48
C-WEU-NLD,2020,WASH_MACH_COM,bio-based_polypropylene,0
C-WEU-NLD,2020,WASH_MACH_COM,steel,240096
C-WEU-NLD,2025,WASH_MACH_COM,aluminium,35424
C-WEU-NLD,2025,WASH_MACH_COM,copper,14956.8
C-WEU-NLD,2025,WASH_MACH_COM,glass,5116.8
C-WEU-NLD,2025,WASH_MACH_COM,other_materials,80333.76
C-WEU-NLD,2025,WASH_MACH_COM,acrylonitrile_butadiene_styrene,1613.76
C-WEU-NLD,2025,WASH_MACH_COM,other_plastics,9446.4
C-WEU-NLD,2025,WASH_MACH_COM,polypropylene,6612.48
C-WEU-NLD,2025,WASH_MACH_COM,bio-based_polypropylene,0
C-WEU-NLD,2025,WASH_MACH_COM,steel,240096
C-WEU-NLD,2030,WASH_MACH_COM,aluminium,35424
C-WEU-NLD,2030,WASH_MACH_COM,copper,14956.8
C-WEU-NLD,2030,WASH_MACH_COM,glass,5116.8
C-WEU-NLD,2030,WASH_MACH_COM,other_materials,80333.76
C-WEU-NLD,2030,WASH_MACH_COM,acrylonitrile_butadiene_styrene,1613.76
C-WEU-NLD,2030,WASH_MACH_COM,other_plastics,9446.4
C-WEU-NLD,2030,WASH_MACH_COM,polypropylene,6612.48
C-WEU-NLD,2030,WASH_MACH_COM,bio-based_polypropylene,0
C-WEU-NLD,2030,WASH_MACH_COM,steel,240096
C-WEU-NLD,2035,WASH_MACH_COM,aluminium,35424
C-WEU-NLD,2035,WASH_MACH_COM,copper,14956.8
C-WEU-NLD,2035,WASH_MACH_COM,glass,5116.8
C-WEU-NLD,2035,WASH_MACH_COM,other_materials,80333.76
C-WEU-NLD,2035,WASH_MACH_COM,acrylonitrile_butadiene_styrene,1613.76
C-WEU-NLD,2035,WASH_MACH_COM,other_plastics,9446.4
C-WEU-NLD,2035,WASH_MACH_COM,polypropylene,6612.48
C-WEU-NLD,2035,WASH_MACH_COM,bio-based_polypropylene,0
C-WEU-NLD,2035,WASH_MACH_COM,steel,240096
C-WEU-NLD,2040,WASH_MACH_COM,aluminium,35424
C-WEU-NLD,2040,WASH_MACH_COM,copper,14956.8
C-WEU-NLD,2040,WASH_MACH_COM,glass,5116.8
C-WEU-NLD,2040,WASH_MACH_COM,other_materials,80333.76
C-WEU-NLD,2040,WASH_MACH_COM,acrylonitrile_butadiene_styrene,1613.76
C-WEU-NLD,2040,WASH_MACH_COM,other_plastics,9446.4
C-WEU-NLD,2040,WASH_MACH_COM,polypropylene,6612.48
C-WEU-NLD,2040,WASH_MACH_COM,bio-based_polypropylene,0
C-WEU-NLD,2040,WASH_MACH_COM,steel,240096
C-WEU-NLD,2045,WASH_MACH_COM,aluminium,35424
C-WEU-NLD,2045,WASH_MACH_COM,copper,14956.8
C-WEU-NLD,2045,WASH_MACH_COM,glass,5116.8
C-WEU-NLD,2045,WASH_MACH_COM,other_materials,80333.76
C-WEU-NLD,2045,WASH_MACH_COM,acrylonitrile_butadiene_styrene,1613.76
C-WEU-NLD,2045,WASH_MACH_COM,other_plastics,9446.4
C-WEU-NLD,2045,WASH_MACH_COM,polypropylene,6612.48
C-WEU-NLD,2045,WASH_MACH_COM,bio-based_polypropylene,0
C-WEU-NLD,2045,WASH_MACH_COM,steel,240096
C-WEU-NLD,2050,WASH_MACH_COM,aluminium,35424
C-WEU-NLD,2050,WASH_MACH_COM,copper,14956.8
C-WEU-NLD,2050,WASH_MACH_COM,glass,5116.8
C-WEU-NLD,2050,WASH_MACH_COM,other_materials,80333.76
C-WEU-NLD,2050,WASH_MACH_COM,acrylonitrile_butadiene_styrene,1613.76
C-WEU-NLD,2050,WASH_MACH_COM,other_plastics,9446.4
C-WEU-NLD,2050,WASH_MACH_COM,polypropylene,6612.48
C-WEU-NLD,2050,WASH_MACH_COM,bio-based_polypropylene,0
C-WEU-NLD,2050,WASH_MACH_COM,steel,240096
C-WEU-NOR,2005,WASH_MACH,aluminium,2721.36
C-WEU-NOR,2005,WASH_MACH,copper,1520.76
C-WEU-NOR,2005,WASH_MACH,glass,1600.8
C-WEU-NOR,2005,WASH_MACH,other_materials,19769.88
C-WEU-NOR,2005,WASH_MACH,acrylonitrile_butadiene_styrene,1280.64
C-WEU-NOR,2005,WASH_MACH,other_plastics,7603.8
C-WEU-NOR,2005,WASH_MACH,polypropylene,5282.64
C-WEU-NOR,2005,WASH_MACH,bio-based_polypropylene,0
C-WEU-NOR,2005,WASH_MACH,steel,40260.12
C-WEU-NOR,2010,WASH_MACH,aluminium,2721.36
C-WEU-NOR,2010,WASH_MACH,copper,1520.76
C-WEU-NOR,2010,WASH_MACH,glass,1600.8
C-WEU-NOR,2010,WASH_MACH,other_materials,19769.88
C-WEU-NOR,2010,WASH_MACH,acrylonitrile_butadiene_styrene,1280.64
C-WEU-NOR,2010,WASH_MACH,other_plastics,7603.8
C-WEU-NOR,2010,WASH_MACH,polypropylene,5282.64
C-WEU-NOR,2010,WASH_MACH,bio-based_polypropylene,0
C-WEU-NOR,2010,WASH_MACH,steel,40260.12
C-WEU-NOR,2015,WASH_MACH,aluminium,2721.36
C-WEU-NOR,2015,WASH_MACH,copper,1520.76
C-WEU-NOR,2015,WASH_MACH,glass,1600.8
C-WEU-NOR,2015,WASH_MACH,other_materials,19769.88
C-WEU-NOR,2015,WASH_MACH,acrylonitrile_butadiene_styrene,1280.64
C-WEU-NOR,2015,WASH_MACH,other_plastics,7603.8
C-WEU-NOR,2015,WASH_MACH,polypropylene,5282.64
C-WEU-NOR,2015,WASH_MACH,bio-based_polypropylene,0
C-WEU-NOR,2015,WASH_MACH,steel,40260.12
C-WEU-NOR,2020,WASH_MACH,aluminium,2721.36
C-WEU-NOR,2020,WASH_MACH,copper,1520.76
C-WEU-NOR,2020,WASH_MACH,glass,1600.8
C-WEU-NOR,2020,WASH_MACH,other_materials,19769.88
C-WEU-NOR,2020,WASH_MACH,acrylonitrile_butadiene_styrene,1280.64
C-WEU-NOR,2020,WASH_MACH,other_plastics,7603.8
C-WEU-NOR,2020,WASH_MACH,polypropylene,5282.64
C-WEU-NOR,2020,WASH_MACH,bio-based_polypropylene,0
C-WEU-NOR,2020,WASH_MACH,steel,40260.12
C-WEU-NOR,2025,WASH_MACH,aluminium,2721.36
C-WEU-NOR,2025,WASH_MACH,copper,1520.76
C-WEU-NOR,2025,WASH_MACH,glass,1600.8
C-WEU-NOR,2025,WASH_MACH,other_materials,19769.88
C-WEU-NOR,2025,WASH_MACH,acrylonitrile_butadiene_styrene,1280.64
C-WEU-NOR,2025,WASH_MACH,other_plastics,7603.8
C-WEU-NOR,2025,WASH_MACH,polypropylene,5282.64
C-WEU-NOR,2025,WASH_MACH,bio-based_polypropylene,0
C-WEU-NOR,2025,WASH_MACH,steel,40260.12
C-WEU-NOR,2030,WASH_MACH,aluminium,2721.36
C-WEU-NOR,2030,WASH_MACH,copper,1520.76
C-WEU-NOR,2030,WASH_MACH,glass,1600.8
C-WEU-NOR,2030,WASH_MACH,other_materials,19769.88
C-WEU-NOR,2030,WASH_MACH,acrylonitrile_butadiene_styrene,1280.64
C-WEU-NOR,2030,WASH_MACH,other_plastics,7603.8
C-WEU-NOR,2030,WASH_MACH,polypropylene,5282.64
C-WEU-NOR,2030,WASH_MACH,bio-based_polypropylene,0
C-WEU-NOR,2030,WASH_MACH,steel,40260.12
C-WEU-NOR,2035,WASH_MACH,aluminium,2721.36
C-WEU-NOR,2035,WASH_MACH,copper,1520.76
C-WEU-NOR,2035,WASH_MACH,glass,1600.8
C-WEU-NOR,2035,WASH_MACH,other_materials,19769.88
C-WEU-NOR,2035,WASH_MACH,acrylonitrile_butadiene_styrene,1280.64
C-WEU-NOR,2035,WASH_MACH,other_plastics,7603.8
C-WEU-NOR,2035,WASH_MACH,polypropylene,5282.64
C-WEU-NOR,2035,WASH_MACH,bio-based_polypropylene,0
C-WEU-NOR,2035,WASH_MACH,steel,40260.12
C-WEU-NOR,2040,WASH_MACH,aluminium,2721.36
C-WEU-NOR,2040,WASH_MACH,copper,1520.76
C-WEU-NOR,2040,WASH_MACH,glass,1600.8
C-WEU-NOR,2040,WASH_MACH,other_materials,19769.88
C-WEU-NOR,2040,WASH_MACH,acrylonitrile_butadiene_styrene,1280.64
C-WEU-NOR,2040,WASH_MACH,other_plastics,7603.8
C-WEU-NOR,2040,WASH_MACH,polypropylene,5282.64
C-WEU-NOR,2040,WASH_MACH,bio-based_polypropylene,0
C-WEU-NOR,2040,WASH_MACH,steel,40260.12
C-WEU-NOR,2045,WASH_MACH,aluminium,2721.36
C-WEU-NOR,2045,WASH_MACH,copper,1520.76
C-WEU-NOR,2045,WASH_MACH,glass,1600.8
C-WEU-NOR,2045,WASH_MACH,other_materials,19769.88
C-WEU-NOR,2045,WASH_MACH,acrylonitrile_butadiene_styrene,1280.64
C-WEU-NOR,2045,WASH_MACH,other_plastics,7603.8
C-WEU-NOR,2045,WASH_MACH,polypropylene,5282.64
C-WEU-NOR,2045,WASH_MACH,bio-based_polypropylene,0
C-WEU-NOR,2045,WASH_MACH,steel,40260.12
C-WEU-NOR,2050,WASH_MACH,aluminium,2721.36
C-WEU-NOR,2050,WASH_MACH,copper,1520.76
C-WEU-NOR,2050,WASH_MACH,glass,1600.8
C-WEU-NOR,2050,WASH_MACH,other_materials,19769.88
C-WEU-NOR,2050,WASH_MACH,acrylonitrile_butadiene_styrene,1280.64
C-WEU-NOR,2050,WASH_MACH,other_plastics,7603.8
C-WEU-NOR,2050,WASH_MACH,polypropylene,5282.64
C-WEU-NOR,2050,WASH_MACH,bio-based_polypropylene,0
C-WEU-NOR,2050,WASH_MACH,steel,40260.12
C-WEU-NOR,2005,WASH_MACH_COM,aluminium,35424
C-WEU-NOR,2005,WASH_MACH_COM,copper,14956.8
C-WEU-NOR,2005,WASH_MACH_COM,glass,5116.8
C-WEU-NOR,2005,WASH_MACH_COM,other_materials,80333.76
C-WEU-NOR,2005,WASH_MACH_COM,acrylonitrile_butadiene_styrene,1613.76
C-WEU-NOR,2005,WASH_MACH_COM,other_plastics,9446.4
C-WEU-NOR,2005,WASH_MACH_COM,polypropylene,6612.48
C-WEU-NOR,2005,WASH_MACH_COM,bio-based_polypropylene,0
C-WEU-NOR,2005,WASH_MACH_COM,steel,240096
C-WEU-NOR,2010,WASH_MACH_COM,aluminium,35424
C-WEU-NOR,2010,WASH_MACH_COM,copper,14956.8
C-WEU-NOR,2010,WASH_MACH_COM,glass,5116.8
C-WEU-NOR,2010,WASH_MACH_COM,other_materials,80333.76
C-WEU-NOR,2010,WASH_MACH_COM,acrylonitrile_butadiene_styrene,1613.76
C-WEU-NOR,2010,WASH_MACH_COM,other_plastics,9446.4
C-WEU-NOR,2010,WASH_MACH_COM,polypropylene,6612.48
C-WEU-NOR,2010,WASH_MACH_COM,bio-based_polypropylene,0
C-WEU-NOR,2010,WASH_MACH_COM,steel,240096
C-WEU-NOR,2015,WASH_MACH_COM,aluminium,35424
C-WEU-NOR,2015,WASH_MACH_COM,copper,14956.8
C-WEU-NOR,2015,WASH_MACH_COM,glass,5116.8
C-WEU-NOR,2015,WASH_MACH_COM,other_materials,80333.76
C-WEU-NOR,2015,WASH_MACH_COM,acrylonitrile_butadiene_styrene,1613.76
C-WEU-NOR,2015,WASH_MACH_COM,other_plastics,9446.4
C-WEU-NOR,2015,WASH_MACH_COM,polypropylene,6612.48
C-WEU-NOR,2015,WASH_MACH_COM,bio-based_polypropylene,0
C-WEU-NOR,2015,WASH_MACH_COM,steel,240096
C-WEU-NOR,2020,WASH_MACH_COM,aluminium,35424
C-WEU-NOR,2020,WASH_MACH_COM,copper,14956.8
C-WEU-NOR,2020,WASH_MACH_COM,glass,5116.8
C-WEU-NOR,2020,WASH_MACH_COM,other_materials,80333.76
C-WEU-NOR,2020,WASH_MACH_COM,acrylonitrile_butadiene_styrene,1613.76
C-WEU-NOR,2020,WASH_MACH_COM,other_plastics,9446.4
C-WEU-NOR,2020,WASH_MACH_COM,polypropylene,6612.48
C-WEU-NOR,2020,WASH_MACH_COM,bio-based_polypropylene,0
C-WEU-NOR,2020,WASH_MACH_COM,steel,240096
C-WEU-NOR,2025,WASH_MACH_COM,aluminium,35424
C-WEU-NOR,2025,WASH_MACH_COM,copper,14956.8
C-WEU-NOR,2025,WASH_MACH_COM,glass,5116.8
C-WEU-NOR,2025,WASH_MACH_COM,other_materials,80333.76
C-WEU-NOR,2025,WASH_MACH_COM,acrylonitrile_butadiene_styrene,1613.76
C-WEU-NOR,2025,WASH_MACH_COM,other_plastics,9446.4
C-WEU-NOR,2025,WASH_MACH_COM,polypropylene,6612.48
C-WEU-NOR,2025,WASH_MACH_COM,bio-based_polypropylene,0
C-WEU-NOR,2025,WASH_MACH_COM,steel,240096
C-WEU-NOR,2030,WASH_MACH_COM,aluminium,35424
C-WEU-NOR,2030,WASH_MACH_COM,copper,14956.8
C-WEU-NOR,2030,WASH_MACH_COM,glass,5116.8
C-WEU-NOR,2030,WASH_MACH_COM,other_materials,80333.76
C-WEU-NOR,2030,WASH_MACH_COM,acrylonitrile_butadiene_styrene,1613.76
C-WEU-NOR,2030,WASH_MACH_COM,other_plastics,9446.4
C-WEU-NOR,2030,WASH_MACH_COM,polypropylene,6612.48
C-WEU-NOR,2030,WASH_MACH_COM,bio-based_polypropylene,0
C-WEU-NOR,2030,WASH_MACH_COM,steel,240096
C-WEU-NOR,2035,WASH_MACH_COM,aluminium,35424
C-WEU-NOR,2035,WASH_MACH_COM,copper,14956.8
C-WEU-NOR,2035,WASH_MACH_COM,glass,5116.8
C-WEU-NOR,2035,WASH_MACH_COM,other_materials,80333.76
C-WEU-NOR,2035,WASH_MACH_COM,acrylonitrile_butadiene_styrene,1613.76
C-WEU-NOR,2035,WASH_MACH_COM,other_plastics,9446.4
C-WEU-NOR,2035,WASH_MACH_COM,polypropylene,6612.48
C-WEU-NOR,2035,WASH_MACH_COM,bio-based_polypropylene,0
C-WEU-NOR,2035,WASH_MACH_COM,steel,240096
C-WEU-NOR,2040,WASH_MACH_COM,aluminium,35424
C-WEU-NOR,2040,WASH_MACH_COM,copper,14956.8
C-WEU-NOR,2040,WASH_MACH_COM,glass,5116.8
C-WEU-NOR,2040,WASH_MACH_COM,other_materials,80333.76
C-WEU-NOR,2040,WASH_MACH_COM,acrylonitrile_butadiene_styrene,1613.76
C-WEU-NOR,2040,WASH_MACH_COM,other_plastics,9446.4
C-WEU-NOR,2040,WASH_MACH_COM,polypropylene,6612.48
C-WEU-NOR,2040,WASH_MACH_COM,bio-based_polypropylene,0
C-WEU-NOR,2040,WASH_MACH_COM,steel,240096
C-WEU-NOR,2045,WASH_MACH_COM,aluminium,35424
C-WEU-NOR,2045,WASH_MACH_COM,copper,14956.8
C-WEU-NOR,2045,WASH_MACH_COM,glass,5116.8
C-WEU-NOR,2045,WASH_MACH_COM,other_materials,80333.76
C-WEU-NOR,2045,WASH_MACH_COM,acrylonitrile_butadiene_styrene,1613.76
C-WEU-NOR,2045,WASH_MACH_COM,other_plastics,9446.4
C-WEU-NOR,2045,WASH_MACH_COM,polypropylene,6612.48
C-WEU-NOR,2045,WASH_MACH_COM,bio-based_polypropylene,0
C-WEU-NOR,2045,WASH_MACH_COM,steel,240096
C-WEU-NOR,2050,WASH_MACH_COM,aluminium,35424
C-WEU-NOR,2050,WASH_MACH_COM,copper,14956.8
C-WEU-NOR,2050,WASH_MACH_COM,glass,5116.8
C-WEU-NOR,2050,WASH_MACH_COM,other_materials,80333.76
C-WEU-NOR,2050,WASH_MACH_COM,acrylonitrile_butadiene_styrene,1613.76
C-WEU-NOR,2050,WASH_MACH_COM,other_plastics,9446.4
C-WEU-NOR,2050,WASH_MACH_COM,polypropylene,6612.48
C-WEU-NOR,2050,WASH_MACH_COM,bio-based_polypropylene,0
C-WEU-NOR,2050,WASH_MACH_COM,steel,240096
C-WEU-PRT,2005,WASH_MACH,aluminium,2721.36
C-WEU-PRT,2005,WASH_MACH,copper,1520.76
C-WEU-PRT,2005,WASH_MACH,glass,1600.8
C-WEU-PRT,2005,WASH_MACH,other_materials,19769.88
C-WEU-PRT,2005,WASH_MACH,acrylonitrile_butadiene_styrene,1280.64
C-WEU-PRT,2005,WASH_MACH,other_plastics,7603.8
C-WEU-PRT,2005,WASH_MACH,polypropylene,5282.64
C-WEU-PRT,2005,WASH_MACH,bio-based_polypropylene,0
C-WEU-PRT,2005,WASH_MACH,steel,40260.12
C-WEU-PRT,2010,WASH_MACH,aluminium,2721.36
C-WEU-PRT,2010,WASH_MACH,copper,1520.76
C-WEU-PRT,2010,WASH_MACH,glass,1600.8
C-WEU-PRT,2010,WASH_MACH,other_materials,19769.88
C-WEU-PRT,2010,WASH_MACH,acrylonitrile_butadiene_styrene,1280.64
C-WEU-PRT,2010,WASH_MACH,other_plastics,7603.8
C-WEU-PRT,2010,WASH_MACH,polypropylene,5282.64
C-WEU-PRT,2010,WASH_MACH,bio-based_polypropylene,0
C-WEU-PRT,2010,WASH_MACH,steel,40260.12
C-WEU-PRT,2015,WASH_MACH,aluminium,2721.36
C-WEU-PRT,2015,WASH_MACH,copper,1520.76
C-WEU-PRT,2015,WASH_MACH,glass,1600.8
C-WEU-PRT,2015,WASH_MACH,other_materials,19769.88
C-WEU-PRT,2015,WASH_MACH,acrylonitrile_butadiene_styrene,1280.64
C-WEU-PRT,2015,WASH_MACH,other_plastics,7603.8
C-WEU-PRT,2015,WASH_MACH,polypropylene,5282.64
C-WEU-PRT,2015,WASH_MACH,bio-based_polypropylene,0
C-WEU-PRT,2015,WASH_MACH,steel,40260.12
C-WEU-PRT,2020,WASH_MACH,aluminium,2721.36
C-WEU-PRT,2020,WASH_MACH,copper,1520.76
C-WEU-PRT,2020,WASH_MACH,glass,1600.8
C-WEU-PRT,2020,WASH_MACH,other_materials,19769.88
C-WEU-PRT,2020,WASH_MACH,acrylonitrile_butadiene_styrene,1280.64
C-WEU-PRT,2020,WASH_MACH,other_plastics,7603.8
C-WEU-PRT,2020,WASH_MACH,polypropylene,5282.64
C-WEU-PRT,2020,WASH_MACH,bio-based_polypropylene,0
C-WEU-PRT,2020,WASH_MACH,steel,40260.12
C-WEU-PRT,2025,WASH_MACH,aluminium,2721.36
C-WEU-PRT,2025,WASH_MACH,copper,1520.76
C-WEU-PRT,2025,WASH_MACH,glass,1600.8
C-WEU-PRT,2025,WASH_MACH,other_materials,19769.88
C-WEU-PRT,2025,WASH_MACH,acrylonitrile_butadiene_styrene,1280.64
C-WEU-PRT,2025,WASH_MACH,other_plastics,7603.8
C-WEU-PRT,2025,WASH_MACH,polypropylene,5282.64
C-WEU-PRT,2025,WASH_MACH,bio-based_polypropylene,0
C-WEU-PRT,2025,WASH_MACH,steel,40260.12
C-WEU-PRT,2030,WASH_MACH,aluminium,2721.36
C-WEU-PRT,2030,WASH_MACH,copper,1520.76
C-WEU-PRT,2030,WASH_MACH,glass,1600.8
C-WEU-PRT,2030,WASH_MACH,other_materials,19769.88
C-WEU-PRT,2030,WASH_MACH,acrylonitrile_butadiene_styrene,1280.64
C-WEU-PRT,2030,WASH_MACH,other_plastics,7603.8
C-WEU-PRT,2030,WASH_MACH,polypropylene,5282.64
C-WEU-PRT,2030,WASH_MACH,bio-based_polypropylene,0
C-WEU-PRT,2030,WASH_MACH,steel,40260.12
C-WEU-PRT,2035,WASH_MACH,aluminium,2721.36
C-WEU-PRT,2035,WASH_MACH,copper,1520.76
C-WEU-PRT,2035,WASH_MACH,glass,1600.8
C-WEU-PRT,2035,WASH_MACH,other_materials,19769.88
C-WEU-PRT,2035,WASH_MACH,acrylonitrile_butadiene_styrene,1280.64
C-WEU-PRT,2035,WASH_MACH,other_plastics,7603.8
C-WEU-PRT,2035,WASH_MACH,polypropylene,5282.64
C-WEU-PRT,2035,WASH_MACH,bio-based_polypropylene,0
C-WEU-PRT,2035,WASH_MACH,steel,40260.12
C-WEU-PRT,2040,WASH_MACH,aluminium,2721.36
C-WEU-PRT,2040,WASH_MACH,copper,1520.76
C-WEU-PRT,2040,WASH_MACH,glass,1600.8
C-WEU-PRT,2040,WASH_MACH,other_materials,19769.88
C-WEU-PRT,2040,WASH_MACH,acrylonitrile_butadiene_styrene,1280.64
C-WEU-PRT,2040,WASH_MACH,other_plastics,7603.8
C-WEU-PRT,2040,WASH_MACH,polypropylene,5282.64
C-WEU-PRT,2040,WASH_MACH,bio-based_polypropylene,0
C-WEU-PRT,2040,WASH_MACH,steel,40260.12
C-WEU-PRT,2045,WASH_MACH,aluminium,2721.36
C-WEU-PRT,2045,WASH_MACH,copper,1520.76
C-WEU-PRT,2045,WASH_MACH,glass,1600.8
C-WEU-PRT,2045,WASH_MACH,other_materials,19769.88
C-WEU-PRT,2045,WASH_MACH,acrylonitrile_butadiene_styrene,1280.64
C-WEU-PRT,2045,WASH_MACH,other_plastics,7603.8
C-WEU-PRT,2045,WASH_MACH,polypropylene,5282.64
C-WEU-PRT,2045,WASH_MACH,bio-based_polypropylene,0
C-WEU-PRT,2045,WASH_MACH,steel,40260.12
C-WEU-PRT,2050,WASH_MACH,aluminium,2721.36
C-WEU-PRT,2050,WASH_MACH,copper,1520.76
C-WEU-PRT,2050,WASH_MACH,glass,1600.8
C-WEU-PRT,2050,WASH_MACH,other_materials,19769.88
C-WEU-PRT,2050,WASH_MACH,acrylonitrile_butadiene_styrene,1280.64
C-WEU-PRT,2050,WASH_MACH,other_plastics,7603.8
C-WEU-PRT,2050,WASH_MACH,polypropylene,5282.64
C-WEU-PRT,2050,WASH_MACH,bio-based_polypropylene,0
C-WEU-PRT,2050,WASH_MACH,steel,40260.12
C-WEU-PRT,2005,WASH_MACH_COM,aluminium,35424
C-WEU-PRT,2005,WASH_MACH_COM,copper,14956.8
C-WEU-PRT,2005,WASH_MACH_COM,glass,5116.8
C-WEU-PRT,2005,WASH_MACH_COM,other_materials,80333.76
C-WEU-PRT,2005,WASH_MACH_COM,acrylonitrile_butadiene_styrene,1613.76
C-WEU-PRT,2005,WASH_MACH_COM,other_plastics,9446.4
C-WEU-PRT,2005,WASH_MACH_COM,polypropylene,6612.48
C-WEU-PRT,2005,WASH_MACH_COM,bio-based_polypropylene,0
C-WEU-PRT,2005,WASH_MACH_COM,steel,240096
C-WEU-PRT,2010,WASH_MACH_COM,aluminium,35424
C-WEU-PRT,2010,WASH_MACH_COM,copper,14956.8
C-WEU-PRT,2010,WASH_MACH_COM,glass,5116.8
C-WEU-PRT,2010,WASH_MACH_COM,other_materials,80333.76
C-WEU-PRT,2010,WASH_MACH_COM,acrylonitrile_butadiene_styrene,1613.76
C-WEU-PRT,2010,WASH_MACH_COM,other_plastics,9446.4
C-WEU-PRT,2010,WASH_MACH_COM,polypropylene,6612.48
C-WEU-PRT,2010,WASH_MACH_COM,bio-based_polypropylene,0
C-WEU-PRT,2010,WASH_MACH_COM,steel,240096
C-WEU-PRT,2015,WASH_MACH_COM,aluminium,35424
C-WEU-PRT,2015,WASH_MACH_COM,copper,14956.8
C-WEU-PRT,2015,WASH_MACH_COM,glass,5116.8
C-WEU-PRT,2015,WASH_MACH_COM,other_materials,80333.76
C-WEU-PRT,2015,WASH_MACH_COM,acrylonitrile_butadiene_styrene,1613.76
C-WEU-PRT,2015,WASH_MACH_COM,other_plastics,9446.4
C-WEU-PRT,2015,WASH_MACH_COM,polypropylene,6612.48
C-WEU-PRT,2015,WASH_MACH_COM,bio-based_polypropylene,0
C-WEU-PRT,2015,WASH_MACH_COM,steel,240096
C-WEU-PRT,2020,WASH_MACH_COM,aluminium,35424
C-WEU-PRT,2020,WASH_MACH_COM,copper,14956.8
C-WEU-PRT,2020,WASH_MACH_COM,glass,5116.8
C-WEU-PRT,2020,WASH_MACH_COM,other_materials,80333.76
C-WEU-PRT,2020,WASH_MACH_COM,acrylonitrile_butadiene_styrene,1613.76
C-WEU-PRT,2020,WASH_MACH_COM,other_plastics,9446.4
C-WEU-PRT,2020,WASH_MACH_COM,polypropylene,6612.48
C-WEU-PRT,2020,WASH_MACH_COM,bio-based_polypropylene,0
C-WEU-PRT,2020,WASH_MACH_COM,steel,240096
C-WEU-PRT,2025,WASH_MACH_COM,aluminium,35424
C-WEU-PRT,2025,WASH_MACH_COM,copper,14956.8
C-WEU-PRT,2025,WASH_MACH_COM,glass,5116.8
C-WEU-PRT,2025,WASH_MACH_COM,other_materials,80333.76
C-WEU-PRT,2025,WASH_MACH_COM,acrylonitrile_butadiene_styrene,1613.76
C-WEU-PRT,2025,WASH_MACH_COM,other_plastics,9446.4
C-WEU-PRT,2025,WASH_MACH_COM,polypropylene,6612.48
C-WEU-PRT,2025,WASH_MACH_COM,bio-based_polypropylene,0
C-WEU-PRT,2025,WASH_MACH_COM,steel,240096
C-WEU-PRT,2030,WASH_MACH_COM,aluminium,35424
C-WEU-PRT,2030,WASH_MACH_COM,copper,14956.8
C-WEU-PRT,2030,WASH_MACH_COM,glass,5116.8
C-WEU-PRT,2030,WASH_MACH_COM,other_materials,80333.76
C-WEU-PRT,2030,WASH_MACH_COM,acrylonitrile_butadiene_styrene,1613.76
C-WEU-PRT,2030,WASH_MACH_COM,other_plastics,9446.4
C-WEU-PRT,2030,WASH_MACH_COM,polypropylene,6612.48
C-WEU-PRT,2030,WASH_MACH_COM,bio-based_polypropylene,0
C-WEU-PRT,2030,WASH_MACH_COM,steel,240096
C-WEU-PRT,2035,WASH_MACH_COM,aluminium,35424
C-WEU-PRT,2035,WASH_MACH_COM,copper,14956.8
C-WEU-PRT,2035,WASH_MACH_COM,glass,5116.8
C-WEU-PRT,2035,WASH_MACH_COM,other_materials,80333.76
C-WEU-PRT,2035,WASH_MACH_COM,acrylonitrile_butadiene_styrene,1613.76
C-WEU-PRT,2035,WASH_MACH_COM,other_plastics,9446.4
C-WEU-PRT,2035,WASH_MACH_COM,polypropylene,6612.48
C-WEU-PRT,2035,WASH_MACH_COM,bio-based_polypropylene,0
C-WEU-PRT,2035,WASH_MACH_COM,steel,240096
C-WEU-PRT,2040,WASH_MACH_COM,aluminium,35424
C-WEU-PRT,2040,WASH_MACH_COM,copper,14956.8
C-WEU-PRT,2040,WASH_MACH_COM,glass,5116.8
C-WEU-PRT,2040,WASH_MACH_COM,other_materials,80333.76
C-WEU-PRT,2040,WASH_MACH_COM,acrylonitrile_butadiene_styrene,1613.76
C-WEU-PRT,2040,WASH_MACH_COM,other_plastics,9446.4
C-WEU-PRT,2040,WASH_MACH_COM,polypropylene,6612.48
C-WEU-PRT,2040,WASH_MACH_COM,bio-based_polypropylene,0
C-WEU-PRT,2040,WASH_MACH_COM,steel,240096
C-WEU-PRT,2045,WASH_MACH_COM,aluminium,35424
C-WEU-PRT,2045,WASH_MACH_COM,copper,14956.8
C-WEU-PRT,2045,WASH_MACH_COM,glass,5116.8
C-WEU-PRT,2045,WASH_MACH_COM,other_materials,80333.76
C-WEU-PRT,2045,WASH_MACH_COM,acrylonitrile_butadiene_styrene,1613.76
C-WEU-PRT,2045,WASH_MACH_COM,other_plastics,9446.4
C-WEU-PRT,2045,WASH_MACH_COM,polypropylene,6612.48
C-WEU-PRT,2045,WASH_MACH_COM,bio-based_polypropylene,0
C-WEU-PRT,2045,WASH_MACH_COM,steel,240096
C-WEU-PRT,2050,WASH_MACH_COM,aluminium,35424
C-WEU-PRT,2050,WASH_MACH_COM,copper,14956.8
C-WEU-PRT,2050,WASH_MACH_COM,glass,5116.8
C-WEU-PRT,2050,WASH_MACH_COM,other_materials,80333.76
C-WEU-PRT,2050,WASH_MACH_COM,acrylonitrile_butadiene_styrene,1613.76
C-WEU-PRT,2050,WASH_MACH_COM,other_plastics,9446.4
C-WEU-PRT,2050,WASH_MACH_COM,polypropylene,6612.48
C-WEU-PRT,2050,WASH_MACH_COM,bio-based_polypropylene,0
C-WEU-PRT,2050,WASH_MACH_COM,steel,240096
C-WEU-SWE,2005,WASH_MACH,aluminium,2721.36
C-WEU-SWE,2005,WASH_MACH,copper,1520.76
C-WEU-SWE,2005,WASH_MACH,glass,1600.8
C-WEU-SWE,2005,WASH_MACH,other_materials,19769.88
C-WEU-SWE,2005,WASH_MACH,acrylonitrile_butadiene_styrene,1280.64
C-WEU-SWE,2005,WASH_MACH,other_plastics,7603.8
C-WEU-SWE,2005,WASH_MACH,polypropylene,5282.64
C-WEU-SWE,2005,WASH_MACH,bio-based_polypropylene,0
C-WEU-SWE,2005,WASH_MACH,steel,40260.12
C-WEU-SWE,2010,WASH_MACH,aluminium,2721.36
C-WEU-SWE,2010,WASH_MACH,copper,1520.76
C-WEU-SWE,2010,WASH_MACH,glass,1600.8
C-WEU-SWE,2010,WASH_MACH,other_materials,19769.88
C-WEU-SWE,2010,WASH_MACH,acrylonitrile_butadiene_styrene,1280.64
C-WEU-SWE,2010,WASH_MACH,other_plastics,7603.8
C-WEU-SWE,2010,WASH_MACH,polypropylene,5282.64
C-WEU-SWE,2010,WASH_MACH,bio-based_polypropylene,0
C-WEU-SWE,2010,WASH_MACH,steel,40260.12
C-WEU-SWE,2015,WASH_MACH,aluminium,2721.36
C-WEU-SWE,2015,WASH_MACH,copper,1520.76
C-WEU-SWE,2015,WASH_MACH,glass,1600.8
C-WEU-SWE,2015,WASH_MACH,other_materials,19769.88
C-WEU-SWE,2015,WASH_MACH,acrylonitrile_butadiene_styrene,1280.64
C-WEU-SWE,2015,WASH_MACH,other_plastics,7603.8
C-WEU-SWE,2015,WASH_MACH,polypropylene,5282.64
C-WEU-SWE,2015,WASH_MACH,bio-based_polypropylene,0
C-WEU-SWE,2015,WASH_MACH,steel,40260.12
C-WEU-SWE,2020,WASH_MACH,aluminium,2721.36
C-WEU-SWE,2020,WASH_MACH,copper,1520.76
C-WEU-SWE,2020,WASH_MACH,glass,1600.8
C-WEU-SWE,2020,WASH_MACH,other_materials,19769.88
C-WEU-SWE,2020,WASH_MACH,acrylonitrile_butadiene_styrene,1280.64
C-WEU-SWE,2020,WASH_MACH,other_plastics,7603.8
C-WEU-SWE,2020,WASH_MACH,polypropylene,5282.64
C-WEU-SWE,2020,WASH_MACH,bio-based_polypropylene,0
C-WEU-SWE,2020,WASH_MACH,steel,40260.12
C-WEU-SWE,2025,WASH_MACH,aluminium,2721.36
C-WEU-SWE,2025,WASH_MACH,copper,1520.76
C-WEU-SWE,2025,WASH_MACH,glass,1600.8
C-WEU-SWE,2025,WASH_MACH,other_materials,19769.88
C-WEU-SWE,2025,WASH_MACH,acrylonitrile_butadiene_styrene,1280.64
C-WEU-SWE,2025,WASH_MACH,other_plastics,7603.8
C-WEU-SWE,2025,WASH_MACH,polypropylene,5282.64
C-WEU-SWE,2025,WASH_MACH,bio-based_polypropylene,0
C-WEU-SWE,2025,WASH_MACH,steel,40260.12
C-WEU-SWE,2030,WASH_MACH,aluminium,2721.36
C-WEU-SWE,2030,WASH_MACH,copper,1520.76
C-WEU-SWE,2030,WASH_MACH,glass,1600.8
C-WEU-SWE,2030,WASH_MACH,other_materials,19769.88
C-WEU-SWE,2030,WASH_MACH,acrylonitrile_butadiene_styrene,1280.64
C-WEU-SWE,2030,WASH_MACH,other_plastics,7603.8
C-WEU-SWE,2030,WASH_MACH,polypropylene,5282.64
C-WEU-SWE,2030,WASH_MACH,bio-based_polypropylene,0
C-WEU-SWE,2030,WASH_MACH,steel,40260.12
C-WEU-SWE,2035,WASH_MACH,aluminium,2721.36
C-WEU-SWE,2035,WASH_MACH,copper,1520.76
C-WEU-SWE,2035,WASH_MACH,glass,1600.8
C-WEU-SWE,2035,WASH_MACH,other_materials,19769.88
C-WEU-SWE,2035,WASH_MACH,acrylonitrile_butadiene_styrene,1280.64
C-WEU-SWE,2035,WASH_MACH,other_plastics,7603.8
C-WEU-SWE,2035,WASH_MACH,polypropylene,5282.64
C-WEU-SWE,2035,WASH_MACH,bio-based_polypropylene,0
C-WEU-SWE,2035,WASH_MACH,steel,40260.12
C-WEU-SWE,2040,WASH_MACH,aluminium,2721.36
C-WEU-SWE,2040,WASH_MACH,copper,1520.76
C-WEU-SWE,2040,WASH_MACH,glass,1600.8
C-WEU-SWE,2040,WASH_MACH,other_materials,19769.88
C-WEU-SWE,2040,WASH_MACH,acrylonitrile_butadiene_styrene,1280.64
C-WEU-SWE,2040,WASH_MACH,other_plastics,7603.8
C-WEU-SWE,2040,WASH_MACH,polypropylene,5282.64
C-WEU-SWE,2040,WASH_MACH,bio-based_polypropylene,0
C-WEU-SWE,2040,WASH_MACH,steel,40260.12
C-WEU-SWE,2045,WASH_MACH,aluminium,2721.36
C-WEU-SWE,2045,WASH_MACH,copper,1520.76
C-WEU-SWE,2045,WASH_MACH,glass,1600.8
C-WEU-SWE,2045,WASH_MACH,other_materials,19769.88
C-WEU-SWE,2045,WASH_MACH,acrylonitrile_butadiene_styrene,1280.64
C-WEU-SWE,2045,WASH_MACH,other_plastics,7603.8
C-WEU-SWE,2045,WASH_MACH,polypropylene,5282.64
C-WEU-SWE,2045,WASH_MACH,bio-based_polypropylene,0
C-WEU-SWE,2045,WASH_MACH,steel,40260.12
C-WEU-SWE,2050,WASH_MACH,aluminium,2721.36
C-WEU-SWE,2050,WASH_MACH,copper,1520.76
C-WEU-SWE,2050,WASH_MACH,glass,1600.8
C-WEU-SWE,2050,WASH_MACH,other_materials,19769.88
C-WEU-SWE,2050,WASH_MACH,acrylonitrile_butadiene_styrene,1280.64
C-WEU-SWE,2050,WASH_MACH,other_plastics,7603.8
C-WEU-SWE,2050,WASH_MACH,polypropylene,5282.64
C-WEU-SWE,2050,WASH_MACH,bio-based_polypropylene,0
C-WEU-SWE,2050,WASH_MACH,steel,40260.12
C-WEU-SWE,2005,WASH_MACH_COM,aluminium,35424
C-WEU-SWE,2005,WASH_MACH_COM,copper,14956.8
C-WEU-SWE,2005,WASH_MACH_COM,glass,5116.8
C-WEU-SWE,2005,WASH_MACH_COM,other_materials,80333.76
C-WEU-SWE,2005,WASH_MACH_COM,acrylonitrile_butadiene_styrene,1613.76
C-WEU-SWE,2005,WASH_MACH_COM,other_plastics,9446.4
C-WEU-SWE,2005,WASH_MACH_COM,polypropylene,6612.48
C-WEU-SWE,2005,WASH_MACH_COM,bio-based_polypropylene,0
C-WEU-SWE,2005,WASH_MACH_COM,steel,240096
C-WEU-SWE,2010,WASH_MACH_COM,aluminium,35424
C-WEU-SWE,2010,WASH_MACH_COM,copper,14956.8
C-WEU-SWE,2010,WASH_MACH_COM,glass,5116.8
C-WEU-SWE,2010,WASH_MACH_COM,other_materials,80333.76
C-WEU-SWE,2010,WASH_MACH_COM,acrylonitrile_butadiene_styrene,1613.76
C-WEU-SWE,2010,WASH_MACH_COM,other_plastics,9446.4
C-WEU-SWE,2010,WASH_MACH_COM,polypropylene,6612.48
C-WEU-SWE,2010,WASH_MACH_COM,bio-based_polypropylene,0
C-WEU-SWE,2010,WASH_MACH_COM,steel,240096
C-WEU-SWE,2015,WASH_MACH_COM,aluminium,35424
C-WEU-SWE,2015,WASH_MACH_COM,copper,14956.8
C-WEU-SWE,2015,WASH_MACH_COM,glass,5116.8
C-WEU-SWE,2015,WASH_MACH_COM,other_materials,80333.76
C-WEU-SWE,2015,WASH_MACH_COM,acrylonitrile_butadiene_styrene,1613.76
C-WEU-SWE,2015,WASH_MACH_COM,other_plastics,9446.4
C-WEU-SWE,2015,WASH_MACH_COM,polypropylene,6612.48
C-WEU-SWE,2015,WASH_MACH_COM,bio-based_polypropylene,0
C-WEU-SWE,2015,WASH_MACH_COM,steel,240096
C-WEU-SWE,2020,WASH_MACH_COM,aluminium,35424
C-WEU-SWE,2020,WASH_MACH_COM,copper,14956.8
C-WEU-SWE,2020,WASH_MACH_COM,glass,5116.8
C-WEU-SWE,2020,WASH_MACH_COM,other_materials,80333.76
C-WEU-SWE,2020,WASH_MACH_COM,acrylonitrile_butadiene_styrene,1613.76
C-WEU-SWE,2020,WASH_MACH_COM,other_plastics,9446.4
C-WEU-SWE,2020,WASH_MACH_COM,polypropylene,6612.48
C-WEU-SWE,2020,WASH_MACH_COM,bio-based_polypropylene,0
C-WEU-SWE,2020,WASH_MACH_COM,steel,240096
C-WEU-SWE,2025,WASH_MACH_COM,aluminium,35424
C-WEU-SWE,2025,WASH_MACH_COM,copper,14956.8
C-WEU-SWE,2025,WASH_MACH_COM,glass,5116.8
C-WEU-SWE,2025,WASH_MACH_COM,other_materials,80333.76
C-WEU-SWE,2025,WASH_MACH_COM,acrylonitrile_butadiene_styrene,1613.76
C-WEU-SWE,2025,WASH_MACH_COM,other_plastics,9446.4
C-WEU-SWE,2025,WASH_MACH_COM,polypropylene,6612.48
C-WEU-SWE,2025,WASH_MACH_COM,bio-based_polypropylene,0
C-WEU-SWE,2025,WASH_MACH_COM,steel,240096
C-WEU-SWE,2030,WASH_MACH_COM,aluminium,35424
C-WEU-SWE,2030,WASH_MACH_COM,copper,14956.8
C-WEU-SWE,2030,WASH_MACH_COM,glass,5116.8
C-WEU-SWE,2030,WASH_MACH_COM,other_materials,80333.76
C-WEU-SWE,2030,WASH_MACH_COM,acrylonitrile_butadiene_styrene,1613.76
C-WEU-SWE,2030,WASH_MACH_COM,other_plastics,9446.4
C-WEU-SWE,2030,WASH_MACH_COM,polypropylene,6612.48
C-WEU-SWE,2030,WASH_MACH_COM,bio-based_polypropylene,0
C-WEU-SWE,2030,WASH_MACH_COM,steel,240096
C-WEU-SWE,2035,WASH_MACH_COM,aluminium,35424
C-WEU-SWE,2035,WASH_MACH_COM,copper,14956.8
C-WEU-SWE,2035,WASH_MACH_COM,glass,5116.8
C-WEU-SWE,2035,WASH_MACH_COM,other_materials,80333.76
C-WEU-SWE,2035,WASH_MACH_COM,acrylonitrile_butadiene_styrene,1613.76
C-WEU-SWE,2035,WASH_MACH_COM,other_plastics,9446.4
C-WEU-SWE,2035,WASH_MACH_COM,polypropylene,6612.48
C-WEU-SWE,2035,WASH_MACH_COM,bio-based_polypropylene,0
C-WEU-SWE,2035,WASH_MACH_COM,steel,240096
C-WEU-SWE,2040,WASH_MACH_COM,aluminium,35424
C-WEU-SWE,2040,WASH_MACH_COM,copper,14956.8
C-WEU-SWE,2040,WASH_MACH_COM,glass,5116.8
C-WEU-SWE,2040,WASH_MACH_COM,other_materials,80333.76
C-WEU-SWE,2040,WASH_MACH_COM,acrylonitrile_butadiene_styrene,1613.76
C-WEU-SWE,2040,WASH_MACH_COM,other_plastics,9446.4
C-WEU-SWE,2040,WASH_MACH_COM,polypropylene,6612.48
C-WEU-SWE,2040,WASH_MACH_COM,bio-based_polypropylene,0
C-WEU-SWE,2040,WASH_MACH_COM,steel,240096
C-WEU-SWE,2045,WASH_MACH_COM,aluminium,35424
C-WEU-SWE,2045,WASH_MACH_COM,copper,14956.8
C-WEU-SWE,2045,WASH_MACH_COM,glass,5116.8
C-WEU-SWE,2045,WASH_MACH_COM,other_materials,80333.76
C-WEU-SWE,2045,WASH_MACH_COM,acrylonitrile_butadiene_styrene,1613.76
C-WEU-SWE,2045,WASH_MACH_COM,other_plastics,9446.4
C-WEU-SWE,2045,WASH_MACH_COM,polypropylene,6612.48
C-WEU-SWE,2045,WASH_MACH_COM,bio-based_polypropylene,0
C-WEU-SWE,2045,WASH_MACH_COM,steel,240096
C-WEU-SWE,2050,WASH_MACH_COM,aluminium,35424
C-WEU-SWE,2050,WASH_MACH_COM,copper,14956.8
C-WEU-SWE,2050,WASH_MACH_COM,glass,5116.8
C-WEU-SWE,2050,WASH_MACH_COM,other_materials,80333.76
C-WEU-SWE,2050,WASH_MACH_COM,acrylonitrile_butadiene_styrene,1613.76
C-WEU-SWE,2050,WASH_MACH_COM,other_plastics,9446.4
C-WEU-SWE,2050,WASH_MACH_COM,polypropylene,6612.48
C-WEU-SWE,2050,WASH_MACH_COM,bio-based_polypropylene,0
C-WEU-SWE,2050,WASH_MACH_COM,steel,240096
