region,year,type,generation,reuse_rate
C-EEU-BGR,2000,WASH_MACH,1,0.03
C-EEU-BGR,2000,WASH_MACH,2,0
C-EEU-BGR,2001,WASH_MACH,1,0.03
C-EEU-BGR,2001,WASH_MACH,2,0
C-EEU-BGR,2002,WASH_MACH,1,0.03
C-EEU-BGR,2002,WASH_MACH,2,0
C-EEU-BGR,2003,WASH_MACH,1,0.03
C-EEU-BGR,2003,WASH_MACH,2,0
C-EEU-BGR,2004,WASH_MACH,1,0.03
C-EEU-BGR,2004,WASH_MACH,2,0
C-EEU-BGR,2005,WASH_MACH,1,0.03
C-EEU-BGR,2005,WASH_MACH,2,0
C-EEU-BGR,2006,WASH_MACH,1,0.03
C-EEU-BGR,2006,WASH_MACH,2,0
C-EEU-BGR,2007,WASH_MACH,1,0.03
C-EEU-BGR,2007,WASH_MACH,2,0
C-EEU-BGR,2008,WASH_MACH,1,0.03
C-EEU-BGR,2008,WASH_MACH,2,0
C-EEU-BGR,2009,WASH_MACH,1,0.03
C-EEU-BGR,2009,WASH_MACH,2,0
C-EEU-BGR,2010,WASH_MACH,1,0.03
C-EEU-BGR,2010,WASH_MACH,2,0
C-EEU-BGR,2011,WASH_MACH,1,0.03
C-EEU-BGR,2011,WASH_MACH,2,0
C-EEU-BGR,2012,WASH_MACH,1,0.03
C-EEU-BGR,2012,WASH_MACH,2,0
C-EEU-BGR,2013,WASH_MACH,1,0.03
C-EEU-BGR,2013,WASH_MACH,2,0
C-EEU-BGR,2014,WASH_MACH,1,0.03
C-EEU-BGR,2014,WASH_MACH,2,0
C-EEU-BGR,2015,WASH_MACH,1,0.03
C-EEU-BGR,2015,WASH_MACH,2,0
C-EEU-BGR,2016,WASH_MACH,1,0.03
C-EEU-BGR,2016,WASH_MACH,2,0
C-EEU-BGR,2017,WASH_MACH,1,0.03
C-EEU-BGR,2017,WASH_MACH,2,0
C-EEU-BGR,2018,WASH_MACH,1,0.03
C-EEU-BGR,2018,WASH_MACH,2,0
C-EEU-BGR,2019,WASH_MACH,1,0.03
C-EEU-BGR,2019,WASH_MACH,2,0
C-EEU-BGR,2020,WASH_MACH,1,0.03
C-EEU-BGR,2020,WASH_MACH,2,0
C-EEU-BGR,2021,WASH_MACH,1,0.03
C-EEU-BGR,2021,WASH_MACH,2,0
C-EEU-BGR,2022,WASH_MACH,1,0.03
C-EEU-BGR,2022,WASH_MACH,2,0
C-EEU-BGR,2023,WASH_MACH,1,0.03
C-EEU-BGR,2023,WASH_MACH,2,0
C-EEU-BGR,2024,WASH_MACH,1,0.03
C-EEU-BGR,2024,WASH_MACH,2,0
C-EEU-BGR,2025,WASH_MACH,1,0.03
C-EEU-BGR,2025,WASH_MACH,2,0
C-EEU-BGR,2026,WASH_MACH,1,0.03
C-EEU-BGR,2026,WASH_MACH,2,0
C-EEU-BGR,2027,WASH_MACH,1,0.03
C-EEU-BGR,2027,WASH_MACH,2,0
C-EEU-BGR,2028,WASH_MACH,1,0.03
C-EEU-BGR,2028,WASH_MACH,2,0
C-EEU-BGR,2029,WASH_MACH,1,0.03
C-EEU-BGR,2029,WASH_MACH,2,0
C-EEU-BGR,2030,WASH_MACH,1,0.1
C-EEU-BGR,2030,WASH_MACH,2,0
C-EEU-BGR,2031,WASH_MACH,1,0.1
C-EEU-BGR,2031,WASH_MACH,2,0
C-EEU-BGR,2032,WASH_MACH,1,0.1
C-EEU-BGR,2032,WASH_MACH,2,0
C-EEU-BGR,2033,WASH_MACH,1,0.1
C-EEU-BGR,2033,WASH_MACH,2,0
C-EEU-BGR,2034,WASH_MACH,1,0.1
C-EEU-BGR,2034,WASH_MACH,2,0
C-EEU-BGR,2035,WASH_MACH,1,0.1
C-EEU-BGR,2035,WASH_MACH,2,0
C-EEU-BGR,2036,WASH_MACH,1,0.1
C-EEU-BGR,2036,WASH_MACH,2,0
C-EEU-BGR,2037,WASH_MACH,1,0.1
C-EEU-BGR,2037,WASH_MACH,2,0
C-EEU-BGR,2038,WASH_MACH,1,0.1
C-EEU-BGR,2038,WASH_MACH,2,0
C-EEU-BGR,2039,WASH_MACH,1,0.1
C-EEU-BGR,2039,WASH_MACH,2,0
C-EEU-BGR,2040,WASH_MACH,1,0.1
C-EEU-BGR,2040,WASH_MACH,2,0
C-EEU-BGR,2041,WASH_MACH,1,0.1
C-EEU-BGR,2041,WASH_MACH,2,0
C-EEU-BGR,2042,WASH_MACH,1,0.1
C-EEU-BGR,2042,WASH_MACH,2,0
C-EEU-BGR,2043,WASH_MACH,1,0.1
C-EEU-BGR,2043,WASH_MACH,2,0
C-EEU-BGR,2044,WASH_MACH,1,0.1
C-EEU-BGR,2044,WASH_MACH,2,0
C-EEU-BGR,2045,WASH_MACH,1,0.1
C-EEU-BGR,2045,WASH_MACH,2,0
C-EEU-BGR,2046,WASH_MACH,1,0.1
C-EEU-BGR,2046,WASH_MACH,2,0
C-EEU-BGR,2047,WASH_MACH,1,0.1
C-EEU-BGR,2047,WASH_MACH,2,0
C-EEU-BGR,2048,WASH_MACH,1,0.1
C-EEU-BGR,2048,WASH_MACH,2,0
C-EEU-BGR,2049,WASH_MACH,1,0.1
C-EEU-BGR,2049,WASH_MACH,2,0
C-EEU-BGR,2050,WASH_MACH,1,0.1
C-EEU-BGR,2050,WASH_MACH,2,0
C-EEU-BGR,2051,WASH_MACH,1,0.1
C-EEU-BGR,2051,WASH_MACH,2,0
C-EEU-BGR,2052,WASH_MACH,1,0.1
C-EEU-BGR,2052,WASH_MACH,2,0
C-EEU-BGR,2053,WASH_MACH,1,0.1
C-EEU-BGR,2053,WASH_MACH,2,0
C-EEU-BGR,2054,WASH_MACH,1,0.1
C-EEU-BGR,2054,WASH_MACH,2,0
C-EEU-BGR,2055,WASH_MACH,1,0.1
C-EEU-BGR,2055,WASH_MACH,2,0
C-EEU-BGR,2056,WASH_MACH,1,0.1
C-EEU-BGR,2056,WASH_MACH,2,0
C-EEU-BGR,2057,WASH_MACH,1,0.1
C-EEU-BGR,2057,WASH_MACH,2,0
C-EEU-BGR,2058,WASH_MACH,1,0.1
C-EEU-BGR,2058,WASH_MACH,2,0
C-EEU-BGR,2059,WASH_MACH,1,0.1
C-EEU-BGR,2059,WASH_MACH,2,0
C-EEU-BGR,2060,WASH_MACH,1,0.1
C-EEU-BGR,2060,WASH_MACH,2,0
C-EEU-BGR,2061,WASH_MACH,1,0.1
C-EEU-BGR,2061,WASH_MACH,2,0
C-EEU-BGR,2062,WASH_MACH,1,0.1
C-EEU-BGR,2062,WASH_MACH,2,0
C-EEU-BGR,2063,WASH_MACH,1,0.1
C-EEU-BGR,2063,WASH_MACH,2,0
C-EEU-BGR,2064,WASH_MACH,1,0.1
C-EEU-BGR,2064,WASH_MACH,2,0
C-EEU-BGR,2065,WASH_MACH,1,0.1
C-EEU-BGR,2065,WASH_MACH,2,0
C-EEU-BGR,2066,WASH_MACH,1,0.1
C-EEU-BGR,2066,WASH_MACH,2,0
C-EEU-BGR,2067,WASH_MACH,1,0.1
C-EEU-BGR,2067,WASH_MACH,2,0
C-EEU-BGR,2068,WASH_MACH,1,0.1
C-EEU-BGR,2068,WASH_MACH,2,0
C-EEU-BGR,2069,WASH_MACH,1,0.1
C-EEU-BGR,2069,WASH_MACH,2,0
C-EEU-BGR,2070,WASH_MACH,1,0.1
C-EEU-BGR,2070,WASH_MACH,2,0
C-EEU-BGR,2071,WASH_MACH,1,0.1
C-EEU-BGR,2071,WASH_MACH,2,0
C-EEU-BGR,2072,WASH_MACH,1,0.1
C-EEU-BGR,2072,WASH_MACH,2,0
C-EEU-BGR,2073,WASH_MACH,1,0.1
C-EEU-BGR,2073,WASH_MACH,2,0
C-EEU-BGR,2074,WASH_MACH,1,0.1
C-EEU-BGR,2074,WASH_MACH,2,0
C-EEU-BGR,2075,WASH_MACH,1,0.1
C-EEU-BGR,2075,WASH_MACH,2,0
C-EEU-BGR,2076,WASH_MACH,1,0.1
C-EEU-BGR,2076,WASH_MACH,2,0
C-EEU-BGR,2077,WASH_MACH,1,0.1
C-EEU-BGR,2077,WASH_MACH,2,0
C-EEU-BGR,2078,WASH_MACH,1,0.1
C-EEU-BGR,2078,WASH_MACH,2,0
C-EEU-BGR,2079,WASH_MACH,1,0.1
C-EEU-BGR,2079,WASH_MACH,2,0
C-EEU-BGR,2080,WASH_MACH,1,0.1
C-EEU-BGR,2080,WASH_MACH,2,0
C-EEU-BGR,2081,WASH_MACH,1,0.1
C-EEU-BGR,2081,WASH_MACH,2,0
C-EEU-BGR,2082,WASH_MACH,1,0.1
C-EEU-BGR,2082,WASH_MACH,2,0
C-EEU-BGR,2083,WASH_MACH,1,0.1
C-EEU-BGR,2083,WASH_MACH,2,0
C-EEU-BGR,2084,WASH_MACH,1,0.1
C-EEU-BGR,2084,WASH_MACH,2,0
C-EEU-BGR,2085,WASH_MACH,1,0.1
C-EEU-BGR,2085,WASH_MACH,2,0
C-EEU-BGR,2086,WASH_MACH,1,0.1
C-EEU-BGR,2086,WASH_MACH,2,0
C-EEU-BGR,2087,WASH_MACH,1,0.1
C-EEU-BGR,2087,WASH_MACH,2,0
C-EEU-BGR,2088,WASH_MACH,1,0.1
C-EEU-BGR,2088,WASH_MACH,2,0
C-EEU-BGR,2089,WASH_MACH,1,0.1
C-EEU-BGR,2089,WASH_MACH,2,0
C-EEU-BGR,2090,WASH_MACH,1,0.1
C-EEU-BGR,2090,WASH_MACH,2,0
C-EEU-BGR,2091,WASH_MACH,1,0.1
C-EEU-BGR,2091,WASH_MACH,2,0
C-EEU-BGR,2092,WASH_MACH,1,0.1
C-EEU-BGR,2092,WASH_MACH,2,0
C-EEU-BGR,2093,WASH_MACH,1,0.1
C-EEU-BGR,2093,WASH_MACH,2,0
C-EEU-BGR,2094,WASH_MACH,1,0.1
C-EEU-BGR,2094,WASH_MACH,2,0
C-EEU-BGR,2095,WASH_MACH,1,0.1
C-EEU-BGR,2095,WASH_MACH,2,0
C-EEU-BGR,2096,WASH_MACH,1,0.1
C-EEU-BGR,2096,WASH_MACH,2,0
C-EEU-BGR,2097,WASH_MACH,1,0.1
C-EEU-BGR,2097,WASH_MACH,2,0
C-EEU-BGR,2098,WASH_MACH,1,0.1
C-EEU-BGR,2098,WASH_MACH,2,0
C-EEU-BGR,2099,WASH_MACH,1,0.1
C-EEU-BGR,2099,WASH_MACH,2,0
C-EEU-BGR,2100,WASH_MACH,1,0.1
C-EEU-BGR,2100,WASH_MACH,2,0
C-EEU-BGR,2000,WASH_MACH_COM,1,0.03
C-EEU-BGR,2000,WASH_MACH_COM,2,0
C-EEU-BGR,2001,WASH_MACH_COM,1,0.03
C-EEU-BGR,2001,WASH_MACH_COM,2,0
C-EEU-BGR,2002,WASH_MACH_COM,1,0.03
C-EEU-BGR,2002,WASH_MACH_COM,2,0
C-EEU-BGR,2003,WASH_MACH_COM,1,0.03
C-EEU-BGR,2003,WASH_MACH_COM,2,0
C-EEU-BGR,2004,WASH_MACH_COM,1,0.03
C-EEU-BGR,2004,WASH_MACH_COM,2,0
C-EEU-BGR,2005,WASH_MACH_COM,1,0.03
C-EEU-BGR,2005,WASH_MACH_COM,2,0
C-EEU-BGR,2006,WASH_MACH_COM,1,0.03
C-EEU-BGR,2006,WASH_MACH_COM,2,0
C-EEU-BGR,2007,WASH_MACH_COM,1,0.03
C-EEU-BGR,2007,WASH_MACH_COM,2,0
C-EEU-BGR,2008,WASH_MACH_COM,1,0.03
C-EEU-BGR,2008,WASH_MACH_COM,2,0
C-EEU-BGR,2009,WASH_MACH_COM,1,0.03
C-EEU-BGR,2009,WASH_MACH_COM,2,0
C-EEU-BGR,2010,WASH_MACH_COM,1,0.03
C-EEU-BGR,2010,WASH_MACH_COM,2,0
C-EEU-BGR,2011,WASH_MACH_COM,1,0.03
C-EEU-BGR,2011,WASH_MACH_COM,2,0
C-EEU-BGR,2012,WASH_MACH_COM,1,0.03
C-EEU-BGR,2012,WASH_MACH_COM,2,0
C-EEU-BGR,2013,WASH_MACH_COM,1,0.03
C-EEU-BGR,2013,WASH_MACH_COM,2,0
C-EEU-BGR,2014,WASH_MACH_COM,1,0.03
C-EEU-BGR,2014,WASH_MACH_COM,2,0
C-EEU-BGR,2015,WASH_MACH_COM,1,0.03
C-EEU-BGR,2015,WASH_MACH_COM,2,0
C-EEU-BGR,2016,WASH_MACH_COM,1,0.03
C-EEU-BGR,2016,WASH_MACH_COM,2,0
C-EEU-BGR,2017,WASH_MACH_COM,1,0.03
C-EEU-BGR,2017,WASH_MACH_COM,2,0
C-EEU-BGR,2018,WASH_MACH_COM,1,0.03
C-EEU-BGR,2018,WASH_MACH_COM,2,0
C-EEU-BGR,2019,WASH_MACH_COM,1,0.03
C-EEU-BGR,2019,WASH_MACH_COM,2,0
C-EEU-BGR,2020,WASH_MACH_COM,1,0.03
C-EEU-BGR,2020,WASH_MACH_COM,2,0
C-EEU-BGR,2021,WASH_MACH_COM,1,0.03
C-EEU-BGR,2021,WASH_MACH_COM,2,0
C-EEU-BGR,2022,WASH_MACH_COM,1,0.03
C-EEU-BGR,2022,WASH_MACH_COM,2,0
C-EEU-BGR,2023,WASH_MACH_COM,1,0.03
C-EEU-BGR,2023,WASH_MACH_COM,2,0
C-EEU-BGR,2024,WASH_MACH_COM,1,0.03
C-EEU-BGR,2024,WASH_MACH_COM,2,0
C-EEU-BGR,2025,WASH_MACH_COM,1,0.03
C-EEU-BGR,2025,WASH_MACH_COM,2,0
C-EEU-BGR,2026,WASH_MACH_COM,1,0.03
C-EEU-BGR,2026,WASH_MACH_COM,2,0
C-EEU-BGR,2027,WASH_MACH_COM,1,0.03
C-EEU-BGR,2027,WASH_MACH_COM,2,0
C-EEU-BGR,2028,WASH_MACH_COM,1,0.03
C-EEU-BGR,2028,WASH_MACH_COM,2,0
C-EEU-BGR,2029,WASH_MACH_COM,1,0.03
C-EEU-BGR,2029,WASH_MACH_COM,2,0
C-EEU-BGR,2030,WASH_MACH_COM,1,0.1
C-EEU-BGR,2030,WASH_MACH_COM,2,0
C-EEU-BGR,2031,WASH_MACH_COM,1,0.1
C-EEU-BGR,2031,WASH_MACH_COM,2,0
C-EEU-BGR,2032,WASH_MACH_COM,1,0.1
C-EEU-BGR,2032,WASH_MACH_COM,2,0
C-EEU-BGR,2033,WASH_MACH_COM,1,0.1
C-EEU-BGR,2033,WASH_MACH_COM,2,0
C-EEU-BGR,2034,WASH_MACH_COM,1,0.1
C-EEU-BGR,2034,WASH_MACH_COM,2,0
C-EEU-BGR,2035,WASH_MACH_COM,1,0.1
C-EEU-BGR,2035,WASH_MACH_COM,2,0
C-EEU-BGR,2036,WASH_MACH_COM,1,0.1
C-EEU-BGR,2036,WASH_MACH_COM,2,0
C-EEU-BGR,2037,WASH_MACH_COM,1,0.1
C-EEU-BGR,2037,WASH_MACH_COM,2,0
C-EEU-BGR,2038,WASH_MACH_COM,1,0.1
C-EEU-BGR,2038,WASH_MACH_COM,2,0
C-EEU-BGR,2039,WASH_MACH_COM,1,0.1
C-EEU-BGR,2039,WASH_MACH_COM,2,0
C-EEU-BGR,2040,WASH_MACH_COM,1,0.1
C-EEU-BGR,2040,WASH_MACH_COM,2,0
C-EEU-BGR,2041,WASH_MACH_COM,1,0.1
C-EEU-BGR,2041,WASH_MACH_COM,2,0
C-EEU-BGR,2042,WASH_MACH_COM,1,0.1
C-EEU-BGR,2042,WASH_MACH_COM,2,0
C-EEU-BGR,2043,WASH_MACH_COM,1,0.1
C-EEU-BGR,2043,WASH_MACH_COM,2,0
C-EEU-BGR,2044,WASH_MACH_COM,1,0.1
C-EEU-BGR,2044,WASH_MACH_COM,2,0
C-EEU-BGR,2045,WASH_MACH_COM,1,0.1
C-EEU-BGR,2045,WASH_MACH_COM,2,0
C-EEU-BGR,2046,WASH_MACH_COM,1,0.1
C-EEU-BGR,2046,WASH_MACH_COM,2,0
C-EEU-BGR,2047,WASH_MACH_COM,1,0.1
C-EEU-BGR,2047,WASH_MACH_COM,2,0
C-EEU-BGR,2048,WASH_MACH_COM,1,0.1
C-EEU-BGR,2048,WASH_MACH_COM,2,0
C-EEU-BGR,2049,WASH_MACH_COM,1,0.1
C-EEU-BGR,2049,WASH_MACH_COM,2,0
C-EEU-BGR,2050,WASH_MACH_COM,1,0.1
C-EEU-BGR,2050,WASH_MACH_COM,2,0
C-EEU-BGR,2051,WASH_MACH_COM,1,0.1
C-EEU-BGR,2051,WASH_MACH_COM,2,0
C-EEU-BGR,2052,WASH_MACH_COM,1,0.1
C-EEU-BGR,2052,WASH_MACH_COM,2,0
C-EEU-BGR,2053,WASH_MACH_COM,1,0.1
C-EEU-BGR,2053,WASH_MACH_COM,2,0
C-EEU-BGR,2054,WASH_MACH_COM,1,0.1
C-EEU-BGR,2054,WASH_MACH_COM,2,0
C-EEU-BGR,2055,WASH_MACH_COM,1,0.1
C-EEU-BGR,2055,WASH_MACH_COM,2,0
C-EEU-BGR,2056,WASH_MACH_COM,1,0.1
C-EEU-BGR,2056,WASH_MACH_COM,2,0
C-EEU-BGR,2057,WASH_MACH_COM,1,0.1
C-EEU-BGR,2057,WASH_MACH_COM,2,0
C-EEU-BGR,2058,WASH_MACH_COM,1,0.1
C-EEU-BGR,2058,WASH_MACH_COM,2,0
C-EEU-BGR,2059,WASH_MACH_COM,1,0.1
C-EEU-BGR,2059,WASH_MACH_COM,2,0
C-EEU-BGR,2060,WASH_MACH_COM,1,0.1
C-EEU-BGR,2060,WASH_MACH_COM,2,0
C-EEU-BGR,2061,WASH_MACH_COM,1,0.1
C-EEU-BGR,2061,WASH_MACH_COM,2,0
C-EEU-BGR,2062,WASH_MACH_COM,1,0.1
C-EEU-BGR,2062,WASH_MACH_COM,2,0
C-EEU-BGR,2063,WASH_MACH_COM,1,0.1
C-EEU-BGR,2063,WASH_MACH_COM,2,0
C-EEU-BGR,2064,WASH_MACH_COM,1,0.1
C-EEU-BGR,2064,WASH_MACH_COM,2,0
C-EEU-BGR,2065,WASH_MACH_COM,1,0.1
C-EEU-BGR,2065,WASH_MACH_COM,2,0
C-EEU-BGR,2066,WASH_MACH_COM,1,0.1
C-EEU-BGR,2066,WASH_MACH_COM,2,0
C-EEU-BGR,2067,WASH_MACH_COM,1,0.1
C-EEU-BGR,2067,WASH_MACH_COM,2,0
C-EEU-BGR,2068,WASH_MACH_COM,1,0.1
C-EEU-BGR,2068,WASH_MACH_COM,2,0
C-EEU-BGR,2069,WASH_MACH_COM,1,0.1
C-EEU-BGR,2069,WASH_MACH_COM,2,0
C-EEU-BGR,2070,WASH_MACH_COM,1,0.1
C-EEU-BGR,2070,WASH_MACH_COM,2,0
C-EEU-BGR,2071,WASH_MACH_COM,1,0.1
C-EEU-BGR,2071,WASH_MACH_COM,2,0
C-EEU-BGR,2072,WASH_MACH_COM,1,0.1
C-EEU-BGR,2072,WASH_MACH_COM,2,0
C-EEU-BGR,2073,WASH_MACH_COM,1,0.1
C-EEU-BGR,2073,WASH_MACH_COM,2,0
C-EEU-BGR,2074,WASH_MACH_COM,1,0.1
C-EEU-BGR,2074,WASH_MACH_COM,2,0
C-EEU-BGR,2075,WASH_MACH_COM,1,0.1
C-EEU-BGR,2075,WASH_MACH_COM,2,0
C-EEU-BGR,2076,WASH_MACH_COM,1,0.1
C-EEU-BGR,2076,WASH_MACH_COM,2,0
C-EEU-BGR,2077,WASH_MACH_COM,1,0.1
C-EEU-BGR,2077,WASH_MACH_COM,2,0
C-EEU-BGR,2078,WASH_MACH_COM,1,0.1
C-EEU-BGR,2078,WASH_MACH_COM,2,0
C-EEU-BGR,2079,WASH_MACH_COM,1,0.1
C-EEU-BGR,2079,WASH_MACH_COM,2,0
C-EEU-BGR,2080,WASH_MACH_COM,1,0.1
C-EEU-BGR,2080,WASH_MACH_COM,2,0
C-EEU-BGR,2081,WASH_MACH_COM,1,0.1
C-EEU-BGR,2081,WASH_MACH_COM,2,0
C-EEU-BGR,2082,WASH_MACH_COM,1,0.1
C-EEU-BGR,2082,WASH_MACH_COM,2,0
C-EEU-BGR,2083,WASH_MACH_COM,1,0.1
C-EEU-BGR,2083,WASH_MACH_COM,2,0
C-EEU-BGR,2084,WASH_MACH_COM,1,0.1
C-EEU-BGR,2084,WASH_MACH_COM,2,0
C-EEU-BGR,2085,WASH_MACH_COM,1,0.1
C-EEU-BGR,2085,WASH_MACH_COM,2,0
C-EEU-BGR,2086,WASH_MACH_COM,1,0.1
C-EEU-BGR,2086,WASH_MACH_COM,2,0
C-EEU-BGR,2087,WASH_MACH_COM,1,0.1
C-EEU-BGR,2087,WASH_MACH_COM,2,0
C-EEU-BGR,2088,WASH_MACH_COM,1,0.1
C-EEU-BGR,2088,WASH_MACH_COM,2,0
C-EEU-BGR,2089,WASH_MACH_COM,1,0.1
C-EEU-BGR,2089,WASH_MACH_COM,2,0
C-EEU-BGR,2090,WASH_MACH_COM,1,0.1
C-EEU-BGR,2090,WASH_MACH_COM,2,0
C-EEU-BGR,2091,WASH_MACH_COM,1,0.1
C-EEU-BGR,2091,WASH_MACH_COM,2,0
C-EEU-BGR,2092,WASH_MACH_COM,1,0.1
C-EEU-BGR,2092,WASH_MACH_COM,2,0
C-EEU-BGR,2093,WASH_MACH_COM,1,0.1
C-EEU-BGR,2093,WASH_MACH_COM,2,0
C-EEU-BGR,2094,WASH_MACH_COM,1,0.1
C-EEU-BGR,2094,WASH_MACH_COM,2,0
C-EEU-BGR,2095,WASH_MACH_COM,1,0.1
C-EEU-BGR,2095,WASH_MACH_COM,2,0
C-EEU-BGR,2096,WASH_MACH_COM,1,0.1
C-EEU-BGR,2096,WASH_MACH_COM,2,0
C-EEU-BGR,2097,WASH_MACH_COM,1,0.1
C-EEU-BGR,2097,WASH_MACH_COM,2,0
C-EEU-BGR,2098,WASH_MACH_COM,1,0.1
C-EEU-BGR,2098,WASH_MACH_COM,2,0
C-EEU-BGR,2099,WASH_MACH_COM,1,0.1
C-EEU-BGR,2099,WASH_MACH_COM,2,0
C-EEU-BGR,2100,WASH_MACH_COM,1,0.1
C-EEU-BGR,2100,WASH_MACH_COM,2,0
C-EEU-CZE,2000,WASH_MACH,1,0.03
C-EEU-CZE,2000,WASH_MACH,2,0
C-EEU-CZE,2001,WASH_MACH,1,0.03
C-EEU-CZE,2001,WASH_MACH,2,0
C-EEU-CZE,2002,WASH_MACH,1,0.03
C-EEU-CZE,2002,WASH_MACH,2,0
C-EEU-CZE,2003,WASH_MACH,1,0.03
C-EEU-CZE,2003,WASH_MACH,2,0
C-EEU-CZE,2004,WASH_MACH,1,0.03
C-EEU-CZE,2004,WASH_MACH,2,0
C-EEU-CZE,2005,WASH_MACH,1,0.03
C-EEU-CZE,2005,WASH_MACH,2,0
C-EEU-CZE,2006,WASH_MACH,1,0.03
C-EEU-CZE,2006,WASH_MACH,2,0
C-EEU-CZE,2007,WASH_MACH,1,0.03
C-EEU-CZE,2007,WASH_MACH,2,0
C-EEU-CZE,2008,WASH_MACH,1,0.03
C-EEU-CZE,2008,WASH_MACH,2,0
C-EEU-CZE,2009,WASH_MACH,1,0.03
C-EEU-CZE,2009,WASH_MACH,2,0
C-EEU-CZE,2010,WASH_MACH,1,0.03
C-EEU-CZE,2010,WASH_MACH,2,0
C-EEU-CZE,2011,WASH_MACH,1,0.03
C-EEU-CZE,2011,WASH_MACH,2,0
C-EEU-CZE,2012,WASH_MACH,1,0.03
C-EEU-CZE,2012,WASH_MACH,2,0
C-EEU-CZE,2013,WASH_MACH,1,0.03
C-EEU-CZE,2013,WASH_MACH,2,0
C-EEU-CZE,2014,WASH_MACH,1,0.03
C-EEU-CZE,2014,WASH_MACH,2,0
C-EEU-CZE,2015,WASH_MACH,1,0.03
C-EEU-CZE,2015,WASH_MACH,2,0
C-EEU-CZE,2016,WASH_MACH,1,0.03
C-EEU-CZE,2016,WASH_MACH,2,0
C-EEU-CZE,2017,WASH_MACH,1,0.03
C-EEU-CZE,2017,WASH_MACH,2,0
C-EEU-CZE,2018,WASH_MACH,1,0.03
C-EEU-CZE,2018,WASH_MACH,2,0
C-EEU-CZE,2019,WASH_MACH,1,0.03
C-EEU-CZE,2019,WASH_MACH,2,0
C-EEU-CZE,2020,WASH_MACH,1,0.03
C-EEU-CZE,2020,WASH_MACH,2,0
C-EEU-CZE,2021,WASH_MACH,1,0.03
C-EEU-CZE,2021,WASH_MACH,2,0
C-EEU-CZE,2022,WASH_MACH,1,0.03
C-EEU-CZE,2022,WASH_MACH,2,0
C-EEU-CZE,2023,WASH_MACH,1,0.03
C-EEU-CZE,2023,WASH_MACH,2,0
C-EEU-CZE,2024,WASH_MACH,1,0.03
C-EEU-CZE,2024,WASH_MACH,2,0
C-EEU-CZE,2025,WASH_MACH,1,0.03
C-EEU-CZE,2025,WASH_MACH,2,0
C-EEU-CZE,2026,WASH_MACH,1,0.03
C-EEU-CZE,2026,WASH_MACH,2,0
C-EEU-CZE,2027,WASH_MACH,1,0.03
C-EEU-CZE,2027,WASH_MACH,2,0
C-EEU-CZE,2028,WASH_MACH,1,0.03
C-EEU-CZE,2028,WASH_MACH,2,0
C-EEU-CZE,2029,WASH_MACH,1,0.03
C-EEU-CZE,2029,WASH_MACH,2,0
C-EEU-CZE,2030,WASH_MACH,1,0.1
C-EEU-CZE,2030,WASH_MACH,2,0
C-EEU-CZE,2031,WASH_MACH,1,0.1
C-EEU-CZE,2031,WASH_MACH,2,0
C-EEU-CZE,2032,WASH_MACH,1,0.1
C-EEU-CZE,2032,WASH_MACH,2,0
C-EEU-CZE,2033,WASH_MACH,1,0.1
C-EEU-CZE,2033,WASH_MACH,2,0
C-EEU-CZE,2034,WASH_MACH,1,0.1
C-EEU-CZE,2034,WASH_MACH,2,0
C-EEU-CZE,2035,WASH_MACH,1,0.1
C-EEU-CZE,2035,WASH_MACH,2,0
C-EEU-CZE,2036,WASH_MACH,1,0.1
C-EEU-CZE,2036,WASH_MACH,2,0
C-EEU-CZE,2037,WASH_MACH,1,0.1
C-EEU-CZE,2037,WASH_MACH,2,0
C-EEU-CZE,2038,WASH_MACH,1,0.1
C-EEU-CZE,2038,WASH_MACH,2,0
C-EEU-CZE,2039,WASH_MACH,1,0.1
C-EEU-CZE,2039,WASH_MACH,2,0
C-EEU-CZE,2040,WASH_MACH,1,0.1
C-EEU-CZE,2040,WASH_MACH,2,0
C-EEU-CZE,2041,WASH_MACH,1,0.1
C-EEU-CZE,2041,WASH_MACH,2,0
C-EEU-CZE,2042,WASH_MACH,1,0.1
C-EEU-CZE,2042,WASH_MACH,2,0
C-EEU-CZE,2043,WASH_MACH,1,0.1
C-EEU-CZE,2043,WASH_MACH,2,0
C-EEU-CZE,2044,WASH_MACH,1,0.1
C-EEU-CZE,2044,WASH_MACH,2,0
C-EEU-CZE,2045,WASH_MACH,1,0.1
C-EEU-CZE,2045,WASH_MACH,2,0
C-EEU-CZE,2046,WASH_MACH,1,0.1
C-EEU-CZE,2046,WASH_MACH,2,0
C-EEU-CZE,2047,WASH_MACH,1,0.1
C-EEU-CZE,2047,WASH_MACH,2,0
C-EEU-CZE,2048,WASH_MACH,1,0.1
C-EEU-CZE,2048,WASH_MACH,2,0
C-EEU-CZE,2049,WASH_MACH,1,0.1
C-EEU-CZE,2049,WASH_MACH,2,0
C-EEU-CZE,2050,WASH_MACH,1,0.1
C-EEU-CZE,2050,WASH_MACH,2,0
C-EEU-CZE,2051,WASH_MACH,1,0.1
C-EEU-CZE,2051,WASH_MACH,2,0
C-EEU-CZE,2052,WASH_MACH,1,0.1
C-EEU-CZE,2052,WASH_MACH,2,0
C-EEU-CZE,2053,WASH_MACH,1,0.1
C-EEU-CZE,2053,WASH_MACH,2,0
C-EEU-CZE,2054,WASH_MACH,1,0.1
C-EEU-CZE,2054,WASH_MACH,2,0
C-EEU-CZE,2055,WASH_MACH,1,0.1
C-EEU-CZE,2055,WASH_MACH,2,0
C-EEU-CZE,2056,WASH_MACH,1,0.1
C-EEU-CZE,2056,WASH_MACH,2,0
C-EEU-CZE,2057,WASH_MACH,1,0.1
C-EEU-CZE,2057,WASH_MACH,2,0
C-EEU-CZE,2058,WASH_MACH,1,0.1
C-EEU-CZE,2058,WASH_MACH,2,0
C-EEU-CZE,2059,WASH_MACH,1,0.1
C-EEU-CZE,2059,WASH_MACH,2,0
C-EEU-CZE,2060,WASH_MACH,1,0.1
C-EEU-CZE,2060,WASH_MACH,2,0
C-EEU-CZE,2061,WASH_MACH,1,0.1
C-EEU-CZE,2061,WASH_MACH,2,0
C-EEU-CZE,2062,WASH_MACH,1,0.1
C-EEU-CZE,2062,WASH_MACH,2,0
C-EEU-CZE,2063,WASH_MACH,1,0.1
C-EEU-CZE,2063,WASH_MACH,2,0
C-EEU-CZE,2064,WASH_MACH,1,0.1
C-EEU-CZE,2064,WASH_MACH,2,0
C-EEU-CZE,2065,WASH_MACH,1,0.1
C-EEU-CZE,2065,WASH_MACH,2,0
C-EEU-CZE,2066,WASH_MACH,1,0.1
C-EEU-CZE,2066,WASH_MACH,2,0
C-EEU-CZE,2067,WASH_MACH,1,0.1
C-EEU-CZE,2067,WASH_MACH,2,0
C-EEU-CZE,2068,WASH_MACH,1,0.1
C-EEU-CZE,2068,WASH_MACH,2,0
C-EEU-CZE,2069,WASH_MACH,1,0.1
C-EEU-CZE,2069,WASH_MACH,2,0
C-EEU-CZE,2070,WASH_MACH,1,0.1
C-EEU-CZE,2070,WASH_MACH,2,0
C-EEU-CZE,2071,WASH_MACH,1,0.1
C-EEU-CZE,2071,WASH_MACH,2,0
C-EEU-CZE,2072,WASH_MACH,1,0.1
C-EEU-CZE,2072,WASH_MACH,2,0
C-EEU-CZE,2073,WASH_MACH,1,0.1
C-EEU-CZE,2073,WASH_MACH,2,0
C-EEU-CZE,2074,WASH_MACH,1,0.1
C-EEU-CZE,2074,WASH_MACH,2,0
C-EEU-CZE,2075,WASH_MACH,1,0.1
C-EEU-CZE,2075,WASH_MACH,2,0
C-EEU-CZE,2076,WASH_MACH,1,0.1
C-EEU-CZE,2076,WASH_MACH,2,0
C-EEU-CZE,2077,WASH_MACH,1,0.1
C-EEU-CZE,2077,WASH_MACH,2,0
C-EEU-CZE,2078,WASH_MACH,1,0.1
C-EEU-CZE,2078,WASH_MACH,2,0
C-EEU-CZE,2079,WASH_MACH,1,0.1
C-EEU-CZE,2079,WASH_MACH,2,0
C-EEU-CZE,2080,WASH_MACH,1,0.1
C-EEU-CZE,2080,WASH_MACH,2,0
C-EEU-CZE,2081,WASH_MACH,1,0.1
C-EEU-CZE,2081,WASH_MACH,2,0
C-EEU-CZE,2082,WASH_MACH,1,0.1
C-EEU-CZE,2082,WASH_MACH,2,0
C-EEU-CZE,2083,WASH_MACH,1,0.1
C-EEU-CZE,2083,WASH_MACH,2,0
C-EEU-CZE,2084,WASH_MACH,1,0.1
C-EEU-CZE,2084,WASH_MACH,2,0
C-EEU-CZE,2085,WASH_MACH,1,0.1
C-EEU-CZE,2085,WASH_MACH,2,0
C-EEU-CZE,2086,WASH_MACH,1,0.1
C-EEU-CZE,2086,WASH_MACH,2,0
C-EEU-CZE,2087,WASH_MACH,1,0.1
C-EEU-CZE,2087,WASH_MACH,2,0
C-EEU-CZE,2088,WASH_MACH,1,0.1
C-EEU-CZE,2088,WASH_MACH,2,0
C-EEU-CZE,2089,WASH_MACH,1,0.1
C-EEU-CZE,2089,WASH_MACH,2,0
C-EEU-CZE,2090,WASH_MACH,1,0.1
C-EEU-CZE,2090,WASH_MACH,2,0
C-EEU-CZE,2091,WASH_MACH,1,0.1
C-EEU-CZE,2091,WASH_MACH,2,0
C-EEU-CZE,2092,WASH_MACH,1,0.1
C-EEU-CZE,2092,WASH_MACH,2,0
C-EEU-CZE,2093,WASH_MACH,1,0.1
C-EEU-CZE,2093,WASH_MACH,2,0
C-EEU-CZE,2094,WASH_MACH,1,0.1
C-EEU-CZE,2094,WASH_MACH,2,0
C-EEU-CZE,2095,WASH_MACH,1,0.1
C-EEU-CZE,2095,WASH_MACH,2,0
C-EEU-CZE,2096,WASH_MACH,1,0.1
C-EEU-CZE,2096,WASH_MACH,2,0
C-EEU-CZE,2097,WASH_MACH,1,0.1
C-EEU-CZE,2097,WASH_MACH,2,0
C-EEU-CZE,2098,WASH_MACH,1,0.1
C-EEU-CZE,2098,WASH_MACH,2,0
C-EEU-CZE,2099,WASH_MACH,1,0.1
C-EEU-CZE,2099,WASH_MACH,2,0
C-EEU-CZE,2100,WASH_MACH,1,0.1
C-EEU-CZE,2100,WASH_MACH,2,0
C-EEU-CZE,2000,WASH_MACH_COM,1,0.03
C-EEU-CZE,2000,WASH_MACH_COM,2,0
C-EEU-CZE,2001,WASH_MACH_COM,1,0.03
C-EEU-CZE,2001,WASH_MACH_COM,2,0
C-EEU-CZE,2002,WASH_MACH_COM,1,0.03
C-EEU-CZE,2002,WASH_MACH_COM,2,0
C-EEU-CZE,2003,WASH_MACH_COM,1,0.03
C-EEU-CZE,2003,WASH_MACH_COM,2,0
C-EEU-CZE,2004,WASH_MACH_COM,1,0.03
C-EEU-CZE,2004,WASH_MACH_COM,2,0
C-EEU-CZE,2005,WASH_MACH_COM,1,0.03
C-EEU-CZE,2005,WASH_MACH_COM,2,0
C-EEU-CZE,2006,WASH_MACH_COM,1,0.03
C-EEU-CZE,2006,WASH_MACH_COM,2,0
C-EEU-CZE,2007,WASH_MACH_COM,1,0.03
C-EEU-CZE,2007,WASH_MACH_COM,2,0
C-EEU-CZE,2008,WASH_MACH_COM,1,0.03
C-EEU-CZE,2008,WASH_MACH_COM,2,0
C-EEU-CZE,2009,WASH_MACH_COM,1,0.03
C-EEU-CZE,2009,WASH_MACH_COM,2,0
C-EEU-CZE,2010,WASH_MACH_COM,1,0.03
C-EEU-CZE,2010,WASH_MACH_COM,2,0
C-EEU-CZE,2011,WASH_MACH_COM,1,0.03
C-EEU-CZE,2011,WASH_MACH_COM,2,0
C-EEU-CZE,2012,WASH_MACH_COM,1,0.03
C-EEU-CZE,2012,WASH_MACH_COM,2,0
C-EEU-CZE,2013,WASH_MACH_COM,1,0.03
C-EEU-CZE,2013,WASH_MACH_COM,2,0
C-EEU-CZE,2014,WASH_MACH_COM,1,0.03
C-EEU-CZE,2014,WASH_MACH_COM,2,0
C-EEU-CZE,2015,WASH_MACH_COM,1,0.03
C-EEU-CZE,2015,WASH_MACH_COM,2,0
C-EEU-CZE,2016,WASH_MACH_COM,1,0.03
C-EEU-CZE,2016,WASH_MACH_COM,2,0
C-EEU-CZE,2017,WASH_MACH_COM,1,0.03
C-EEU-CZE,2017,WASH_MACH_COM,2,0
C-EEU-CZE,2018,WASH_MACH_COM,1,0.03
C-EEU-CZE,2018,WASH_MACH_COM,2,0
C-EEU-CZE,2019,WASH_MACH_COM,1,0.03
C-EEU-CZE,2019,WASH_MACH_COM,2,0
C-EEU-CZE,2020,WASH_MACH_COM,1,0.03
C-EEU-CZE,2020,WASH_MACH_COM,2,0
C-EEU-CZE,2021,WASH_MACH_COM,1,0.03
C-EEU-CZE,2021,WASH_MACH_COM,2,0
C-EEU-CZE,2022,WASH_MACH_COM,1,0.03
C-EEU-CZE,2022,WASH_MACH_COM,2,0
C-EEU-CZE,2023,WASH_MACH_COM,1,0.03
C-EEU-CZE,2023,WASH_MACH_COM,2,0
C-EEU-CZE,2024,WASH_MACH_COM,1,0.03
C-EEU-CZE,2024,WASH_MACH_COM,2,0
C-EEU-CZE,2025,WASH_MACH_COM,1,0.03
C-EEU-CZE,2025,WASH_MACH_COM,2,0
C-EEU-CZE,2026,WASH_MACH_COM,1,0.03
C-EEU-CZE,2026,WASH_MACH_COM,2,0
C-EEU-CZE,2027,WASH_MACH_COM,1,0.03
C-EEU-CZE,2027,WASH_MACH_COM,2,0
C-EEU-CZE,2028,WASH_MACH_COM,1,0.03
C-EEU-CZE,2028,WASH_MACH_COM,2,0
C-EEU-CZE,2029,WASH_MACH_COM,1,0.03
C-EEU-CZE,2029,WASH_MACH_COM,2,0
C-EEU-CZE,2030,WASH_MACH_COM,1,0.1
C-EEU-CZE,2030,WASH_MACH_COM,2,0
C-EEU-CZE,2031,WASH_MACH_COM,1,0.1
C-EEU-CZE,2031,WASH_MACH_COM,2,0
C-EEU-CZE,2032,WASH_MACH_COM,1,0.1
C-EEU-CZE,2032,WASH_MACH_COM,2,0
C-EEU-CZE,2033,WASH_MACH_COM,1,0.1
C-EEU-CZE,2033,WASH_MACH_COM,2,0
C-EEU-CZE,2034,WASH_MACH_COM,1,0.1
C-EEU-CZE,2034,WASH_MACH_COM,2,0
C-EEU-CZE,2035,WASH_MACH_COM,1,0.1
C-EEU-CZE,2035,WASH_MACH_COM,2,0
C-EEU-CZE,2036,WASH_MACH_COM,1,0.1
C-EEU-CZE,2036,WASH_MACH_COM,2,0
C-EEU-CZE,2037,WASH_MACH_COM,1,0.1
C-EEU-CZE,2037,WASH_MACH_COM,2,0
C-EEU-CZE,2038,WASH_MACH_COM,1,0.1
C-EEU-CZE,2038,WASH_MACH_COM,2,0
C-EEU-CZE,2039,WASH_MACH_COM,1,0.1
C-EEU-CZE,2039,WASH_MACH_COM,2,0
C-EEU-CZE,2040,WASH_MACH_COM,1,0.1
C-EEU-CZE,2040,WASH_MACH_COM,2,0
C-EEU-CZE,2041,WASH_MACH_COM,1,0.1
C-EEU-CZE,2041,WASH_MACH_COM,2,0
C-EEU-CZE,2042,WASH_MACH_COM,1,0.1
C-EEU-CZE,2042,WASH_MACH_COM,2,0
C-EEU-CZE,2043,WASH_MACH_COM,1,0.1
C-EEU-CZE,2043,WASH_MACH_COM,2,0
C-EEU-CZE,2044,WASH_MACH_COM,1,0.1
C-EEU-CZE,2044,WASH_MACH_COM,2,0
C-EEU-CZE,2045,WASH_MACH_COM,1,0.1
C-EEU-CZE,2045,WASH_MACH_COM,2,0
C-EEU-CZE,2046,WASH_MACH_COM,1,0.1
C-EEU-CZE,2046,WASH_MACH_COM,2,0
C-EEU-CZE,2047,WASH_MACH_COM,1,0.1
C-EEU-CZE,2047,WASH_MACH_COM,2,0
C-EEU-CZE,2048,WASH_MACH_COM,1,0.1
C-EEU-CZE,2048,WASH_MACH_COM,2,0
C-EEU-CZE,2049,WASH_MACH_COM,1,0.1
C-EEU-CZE,2049,WASH_MACH_COM,2,0
C-EEU-CZE,2050,WASH_MACH_COM,1,0.1
C-EEU-CZE,2050,WASH_MACH_COM,2,0
C-EEU-CZE,2051,WASH_MACH_COM,1,0.1
C-EEU-CZE,2051,WASH_MACH_COM,2,0
C-EEU-CZE,2052,WASH_MACH_COM,1,0.1
C-EEU-CZE,2052,WASH_MACH_COM,2,0
C-EEU-CZE,2053,WASH_MACH_COM,1,0.1
C-EEU-CZE,2053,WASH_MACH_COM,2,0
C-EEU-CZE,2054,WASH_MACH_COM,1,0.1
C-EEU-CZE,2054,WASH_MACH_COM,2,0
C-EEU-CZE,2055,WASH_MACH_COM,1,0.1
C-EEU-CZE,2055,WASH_MACH_COM,2,0
C-EEU-CZE,2056,WASH_MACH_COM,1,0.1
C-EEU-CZE,2056,WASH_MACH_COM,2,0
C-EEU-CZE,2057,WASH_MACH_COM,1,0.1
C-EEU-CZE,2057,WASH_MACH_COM,2,0
C-EEU-CZE,2058,WASH_MACH_COM,1,0.1
C-EEU-CZE,2058,WASH_MACH_COM,2,0
C-EEU-CZE,2059,WASH_MACH_COM,1,0.1
C-EEU-CZE,2059,WASH_MACH_COM,2,0
C-EEU-CZE,2060,WASH_MACH_COM,1,0.1
C-EEU-CZE,2060,WASH_MACH_COM,2,0
C-EEU-CZE,2061,WASH_MACH_COM,1,0.1
C-EEU-CZE,2061,WASH_MACH_COM,2,0
C-EEU-CZE,2062,WASH_MACH_COM,1,0.1
C-EEU-CZE,2062,WASH_MACH_COM,2,0
C-EEU-CZE,2063,WASH_MACH_COM,1,0.1
C-EEU-CZE,2063,WASH_MACH_COM,2,0
C-EEU-CZE,2064,WASH_MACH_COM,1,0.1
C-EEU-CZE,2064,WASH_MACH_COM,2,0
C-EEU-CZE,2065,WASH_MACH_COM,1,0.1
C-EEU-CZE,2065,WASH_MACH_COM,2,0
C-EEU-CZE,2066,WASH_MACH_COM,1,0.1
C-EEU-CZE,2066,WASH_MACH_COM,2,0
C-EEU-CZE,2067,WASH_MACH_COM,1,0.1
C-EEU-CZE,2067,WASH_MACH_COM,2,0
C-EEU-CZE,2068,WASH_MACH_COM,1,0.1
C-EEU-CZE,2068,WASH_MACH_COM,2,0
C-EEU-CZE,2069,WASH_MACH_COM,1,0.1
C-EEU-CZE,2069,WASH_MACH_COM,2,0
C-EEU-CZE,2070,WASH_MACH_COM,1,0.1
C-EEU-CZE,2070,WASH_MACH_COM,2,0
C-EEU-CZE,2071,WASH_MACH_COM,1,0.1
C-EEU-CZE,2071,WASH_MACH_COM,2,0
C-EEU-CZE,2072,WASH_MACH_COM,1,0.1
C-EEU-CZE,2072,WASH_MACH_COM,2,0
C-EEU-CZE,2073,WASH_MACH_COM,1,0.1
C-EEU-CZE,2073,WASH_MACH_COM,2,0
C-EEU-CZE,2074,WASH_MACH_COM,1,0.1
C-EEU-CZE,2074,WASH_MACH_COM,2,0
C-EEU-CZE,2075,WASH_MACH_COM,1,0.1
C-EEU-CZE,2075,WASH_MACH_COM,2,0
C-EEU-CZE,2076,WASH_MACH_COM,1,0.1
C-EEU-CZE,2076,WASH_MACH_COM,2,0
C-EEU-CZE,2077,WASH_MACH_COM,1,0.1
C-EEU-CZE,2077,WASH_MACH_COM,2,0
C-EEU-CZE,2078,WASH_MACH_COM,1,0.1
C-EEU-CZE,2078,WASH_MACH_COM,2,0
C-EEU-CZE,2079,WASH_MACH_COM,1,0.1
C-EEU-CZE,2079,WASH_MACH_COM,2,0
C-EEU-CZE,2080,WASH_MACH_COM,1,0.1
C-EEU-CZE,2080,WASH_MACH_COM,2,0
C-EEU-CZE,2081,WASH_MACH_COM,1,0.1
C-EEU-CZE,2081,WASH_MACH_COM,2,0
C-EEU-CZE,2082,WASH_MACH_COM,1,0.1
C-EEU-CZE,2082,WASH_MACH_COM,2,0
C-EEU-CZE,2083,WASH_MACH_COM,1,0.1
C-EEU-CZE,2083,WASH_MACH_COM,2,0
C-EEU-CZE,2084,WASH_MACH_COM,1,0.1
C-EEU-CZE,2084,WASH_MACH_COM,2,0
C-EEU-CZE,2085,WASH_MACH_COM,1,0.1
C-EEU-CZE,2085,WASH_MACH_COM,2,0
C-EEU-CZE,2086,WASH_MACH_COM,1,0.1
C-EEU-CZE,2086,WASH_MACH_COM,2,0
C-EEU-CZE,2087,WASH_MACH_COM,1,0.1
C-EEU-CZE,2087,WASH_MACH_COM,2,0
C-EEU-CZE,2088,WASH_MACH_COM,1,0.1
C-EEU-CZE,2088,WASH_MACH_COM,2,0
C-EEU-CZE,2089,WASH_MACH_COM,1,0.1
C-EEU-CZE,2089,WASH_MACH_COM,2,0
C-EEU-CZE,2090,WASH_MACH_COM,1,0.1
C-EEU-CZE,2090,WASH_MACH_COM,2,0
C-EEU-CZE,2091,WASH_MACH_COM,1,0.1
C-EEU-CZE,2091,WASH_MACH_COM,2,0
C-EEU-CZE,2092,WASH_MACH_COM,1,0.1
C-EEU-CZE,2092,WASH_MACH_COM,2,0
C-EEU-CZE,2093,WASH_MACH_COM,1,0.1
C-EEU-CZE,2093,WASH_MACH_COM,2,0
C-EEU-CZE,2094,WASH_MACH_COM,1,0.1
C-EEU-CZE,2094,WASH_MACH_COM,2,0
C-EEU-CZE,2095,WASH_MACH_COM,1,0.1
C-EEU-CZE,2095,WASH_MACH_COM,2,0
C-EEU-CZE,2096,WASH_MACH_COM,1,0.1
C-EEU-CZE,2096,WASH_MACH_COM,2,0
C-EEU-CZE,2097,WASH_MACH_COM,1,0.1
C-EEU-CZE,2097,WASH_MACH_COM,2,0
C-EEU-CZE,2098,WASH_MACH_COM,1,0.1
C-EEU-CZE,2098,WASH_MACH_COM,2,0
C-EEU-CZE,2099,WASH_MACH_COM,1,0.1
C-EEU-CZE,2099,WASH_MACH_COM,2,0
C-EEU-CZE,2100,WASH_MACH_COM,1,0.1
C-EEU-CZE,2100,WASH_MACH_COM,2,0
C-EEU-EST,2000,WASH_MACH,1,0.03
C-EEU-EST,2000,WASH_MACH,2,0
C-EEU-EST,2001,WASH_MACH,1,0.03
C-EEU-EST,2001,WASH_MACH,2,0
C-EEU-EST,2002,WASH_MACH,1,0.03
C-EEU-EST,2002,WASH_MACH,2,0
C-EEU-EST,2003,WASH_MACH,1,0.03
C-EEU-EST,2003,WASH_MACH,2,0
C-EEU-EST,2004,WASH_MACH,1,0.03
C-EEU-EST,2004,WASH_MACH,2,0
C-EEU-EST,2005,WASH_MACH,1,0.03
C-EEU-EST,2005,WASH_MACH,2,0
C-EEU-EST,2006,WASH_MACH,1,0.03
C-EEU-EST,2006,WASH_MACH,2,0
C-EEU-EST,2007,WASH_MACH,1,0.03
C-EEU-EST,2007,WASH_MACH,2,0
C-EEU-EST,2008,WASH_MACH,1,0.03
C-EEU-EST,2008,WASH_MACH,2,0
C-EEU-EST,2009,WASH_MACH,1,0.03
C-EEU-EST,2009,WASH_MACH,2,0
C-EEU-EST,2010,WASH_MACH,1,0.03
C-EEU-EST,2010,WASH_MACH,2,0
C-EEU-EST,2011,WASH_MACH,1,0.03
C-EEU-EST,2011,WASH_MACH,2,0
C-EEU-EST,2012,WASH_MACH,1,0.03
C-EEU-EST,2012,WASH_MACH,2,0
C-EEU-EST,2013,WASH_MACH,1,0.03
C-EEU-EST,2013,WASH_MACH,2,0
C-EEU-EST,2014,WASH_MACH,1,0.03
C-EEU-EST,2014,WASH_MACH,2,0
C-EEU-EST,2015,WASH_MACH,1,0.03
C-EEU-EST,2015,WASH_MACH,2,0
C-EEU-EST,2016,WASH_MACH,1,0.03
C-EEU-EST,2016,WASH_MACH,2,0
C-EEU-EST,2017,WASH_MACH,1,0.03
C-EEU-EST,2017,WASH_MACH,2,0
C-EEU-EST,2018,WASH_MACH,1,0.03
C-EEU-EST,2018,WASH_MACH,2,0
C-EEU-EST,2019,WASH_MACH,1,0.03
C-EEU-EST,2019,WASH_MACH,2,0
C-EEU-EST,2020,WASH_MACH,1,0.03
C-EEU-EST,2020,WASH_MACH,2,0
C-EEU-EST,2021,WASH_MACH,1,0.03
C-EEU-EST,2021,WASH_MACH,2,0
C-EEU-EST,2022,WASH_MACH,1,0.03
C-EEU-EST,2022,WASH_MACH,2,0
C-EEU-EST,2023,WASH_MACH,1,0.03
C-EEU-EST,2023,WASH_MACH,2,0
C-EEU-EST,2024,WASH_MACH,1,0.03
C-EEU-EST,2024,WASH_MACH,2,0
C-EEU-EST,2025,WASH_MACH,1,0.03
C-EEU-EST,2025,WASH_MACH,2,0
C-EEU-EST,2026,WASH_MACH,1,0.03
C-EEU-EST,2026,WASH_MACH,2,0
C-EEU-EST,2027,WASH_MACH,1,0.03
C-EEU-EST,2027,WASH_MACH,2,0
C-EEU-EST,2028,WASH_MACH,1,0.03
C-EEU-EST,2028,WASH_MACH,2,0
C-EEU-EST,2029,WASH_MACH,1,0.03
C-EEU-EST,2029,WASH_MACH,2,0
C-EEU-EST,2030,WASH_MACH,1,0.1
C-EEU-EST,2030,WASH_MACH,2,0
C-EEU-EST,2031,WASH_MACH,1,0.1
C-EEU-EST,2031,WASH_MACH,2,0
C-EEU-EST,2032,WASH_MACH,1,0.1
C-EEU-EST,2032,WASH_MACH,2,0
C-EEU-EST,2033,WASH_MACH,1,0.1
C-EEU-EST,2033,WASH_MACH,2,0
C-EEU-EST,2034,WASH_MACH,1,0.1
C-EEU-EST,2034,WASH_MACH,2,0
C-EEU-EST,2035,WASH_MACH,1,0.1
C-EEU-EST,2035,WASH_MACH,2,0
C-EEU-EST,2036,WASH_MACH,1,0.1
C-EEU-EST,2036,WASH_MACH,2,0
C-EEU-EST,2037,WASH_MACH,1,0.1
C-EEU-EST,2037,WASH_MACH,2,0
C-EEU-EST,2038,WASH_MACH,1,0.1
C-EEU-EST,2038,WASH_MACH,2,0
C-EEU-EST,2039,WASH_MACH,1,0.1
C-EEU-EST,2039,WASH_MACH,2,0
C-EEU-EST,2040,WASH_MACH,1,0.1
C-EEU-EST,2040,WASH_MACH,2,0
C-EEU-EST,2041,WASH_MACH,1,0.1
C-EEU-EST,2041,WASH_MACH,2,0
C-EEU-EST,2042,WASH_MACH,1,0.1
C-EEU-EST,2042,WASH_MACH,2,0
C-EEU-EST,2043,WASH_MACH,1,0.1
C-EEU-EST,2043,WASH_MACH,2,0
C-EEU-EST,2044,WASH_MACH,1,0.1
C-EEU-EST,2044,WASH_MACH,2,0
C-EEU-EST,2045,WASH_MACH,1,0.1
C-EEU-EST,2045,WASH_MACH,2,0
C-EEU-EST,2046,WASH_MACH,1,0.1
C-EEU-EST,2046,WASH_MACH,2,0
C-EEU-EST,2047,WASH_MACH,1,0.1
C-EEU-EST,2047,WASH_MACH,2,0
C-EEU-EST,2048,WASH_MACH,1,0.1
C-EEU-EST,2048,WASH_MACH,2,0
C-EEU-EST,2049,WASH_MACH,1,0.1
C-EEU-EST,2049,WASH_MACH,2,0
C-EEU-EST,2050,WASH_MACH,1,0.1
C-EEU-EST,2050,WASH_MACH,2,0
C-EEU-EST,2051,WASH_MACH,1,0.1
C-EEU-EST,2051,WASH_MACH,2,0
C-EEU-EST,2052,WASH_MACH,1,0.1
C-EEU-EST,2052,WASH_MACH,2,0
C-EEU-EST,2053,WASH_MACH,1,0.1
C-EEU-EST,2053,WASH_MACH,2,0
C-EEU-EST,2054,WASH_MACH,1,0.1
C-EEU-EST,2054,WASH_MACH,2,0
C-EEU-EST,2055,WASH_MACH,1,0.1
C-EEU-EST,2055,WASH_MACH,2,0
C-EEU-EST,2056,WASH_MACH,1,0.1
C-EEU-EST,2056,WASH_MACH,2,0
C-EEU-EST,2057,WASH_MACH,1,0.1
C-EEU-EST,2057,WASH_MACH,2,0
C-EEU-EST,2058,WASH_MACH,1,0.1
C-EEU-EST,2058,WASH_MACH,2,0
C-EEU-EST,2059,WASH_MACH,1,0.1
C-EEU-EST,2059,WASH_MACH,2,0
C-EEU-EST,2060,WASH_MACH,1,0.1
C-EEU-EST,2060,WASH_MACH,2,0
C-EEU-EST,2061,WASH_MACH,1,0.1
C-EEU-EST,2061,WASH_MACH,2,0
C-EEU-EST,2062,WASH_MACH,1,0.1
C-EEU-EST,2062,WASH_MACH,2,0
C-EEU-EST,2063,WASH_MACH,1,0.1
C-EEU-EST,2063,WASH_MACH,2,0
C-EEU-EST,2064,WASH_MACH,1,0.1
C-EEU-EST,2064,WASH_MACH,2,0
C-EEU-EST,2065,WASH_MACH,1,0.1
C-EEU-EST,2065,WASH_MACH,2,0
C-EEU-EST,2066,WASH_MACH,1,0.1
C-EEU-EST,2066,WASH_MACH,2,0
C-EEU-EST,2067,WASH_MACH,1,0.1
C-EEU-EST,2067,WASH_MACH,2,0
C-EEU-EST,2068,WASH_MACH,1,0.1
C-EEU-EST,2068,WASH_MACH,2,0
C-EEU-EST,2069,WASH_MACH,1,0.1
C-EEU-EST,2069,WASH_MACH,2,0
C-EEU-EST,2070,WASH_MACH,1,0.1
C-EEU-EST,2070,WASH_MACH,2,0
C-EEU-EST,2071,WASH_MACH,1,0.1
C-EEU-EST,2071,WASH_MACH,2,0
C-EEU-EST,2072,WASH_MACH,1,0.1
C-EEU-EST,2072,WASH_MACH,2,0
C-EEU-EST,2073,WASH_MACH,1,0.1
C-EEU-EST,2073,WASH_MACH,2,0
C-EEU-EST,2074,WASH_MACH,1,0.1
C-EEU-EST,2074,WASH_MACH,2,0
C-EEU-EST,2075,WASH_MACH,1,0.1
C-EEU-EST,2075,WASH_MACH,2,0
C-EEU-EST,2076,WASH_MACH,1,0.1
C-EEU-EST,2076,WASH_MACH,2,0
C-EEU-EST,2077,WASH_MACH,1,0.1
C-EEU-EST,2077,WASH_MACH,2,0
C-EEU-EST,2078,WASH_MACH,1,0.1
C-EEU-EST,2078,WASH_MACH,2,0
C-EEU-EST,2079,WASH_MACH,1,0.1
C-EEU-EST,2079,WASH_MACH,2,0
C-EEU-EST,2080,WASH_MACH,1,0.1
C-EEU-EST,2080,WASH_MACH,2,0
C-EEU-EST,2081,WASH_MACH,1,0.1
C-EEU-EST,2081,WASH_MACH,2,0
C-EEU-EST,2082,WASH_MACH,1,0.1
C-EEU-EST,2082,WASH_MACH,2,0
C-EEU-EST,2083,WASH_MACH,1,0.1
C-EEU-EST,2083,WASH_MACH,2,0
C-EEU-EST,2084,WASH_MACH,1,0.1
C-EEU-EST,2084,WASH_MACH,2,0
C-EEU-EST,2085,WASH_MACH,1,0.1
C-EEU-EST,2085,WASH_MACH,2,0
C-EEU-EST,2086,WASH_MACH,1,0.1
C-EEU-EST,2086,WASH_MACH,2,0
C-EEU-EST,2087,WASH_MACH,1,0.1
C-EEU-EST,2087,WASH_MACH,2,0
C-EEU-EST,2088,WASH_MACH,1,0.1
C-EEU-EST,2088,WASH_MACH,2,0
C-EEU-EST,2089,WASH_MACH,1,0.1
C-EEU-EST,2089,WASH_MACH,2,0
C-EEU-EST,2090,WASH_MACH,1,0.1
C-EEU-EST,2090,WASH_MACH,2,0
C-EEU-EST,2091,WASH_MACH,1,0.1
C-EEU-EST,2091,WASH_MACH,2,0
C-EEU-EST,2092,WASH_MACH,1,0.1
C-EEU-EST,2092,WASH_MACH,2,0
C-EEU-EST,2093,WASH_MACH,1,0.1
C-EEU-EST,2093,WASH_MACH,2,0
C-EEU-EST,2094,WASH_MACH,1,0.1
C-EEU-EST,2094,WASH_MACH,2,0
C-EEU-EST,2095,WASH_MACH,1,0.1
C-EEU-EST,2095,WASH_MACH,2,0
C-EEU-EST,2096,WASH_MACH,1,0.1
C-EEU-EST,2096,WASH_MACH,2,0
C-EEU-EST,2097,WASH_MACH,1,0.1
C-EEU-EST,2097,WASH_MACH,2,0
C-EEU-EST,2098,WASH_MACH,1,0.1
C-EEU-EST,2098,WASH_MACH,2,0
C-EEU-EST,2099,WASH_MACH,1,0.1
C-EEU-EST,2099,WASH_MACH,2,0
C-EEU-EST,2100,WASH_MACH,1,0.1
C-EEU-EST,2100,WASH_MACH,2,0
C-EEU-EST,2000,WASH_MACH_COM,1,0.03
C-EEU-EST,2000,WASH_MACH_COM,2,0
C-EEU-EST,2001,WASH_MACH_COM,1,0.03
C-EEU-EST,2001,WASH_MACH_COM,2,0
C-EEU-EST,2002,WASH_MACH_COM,1,0.03
C-EEU-EST,2002,WASH_MACH_COM,2,0
C-EEU-EST,2003,WASH_MACH_COM,1,0.03
C-EEU-EST,2003,WASH_MACH_COM,2,0
C-EEU-EST,2004,WASH_MACH_COM,1,0.03
C-EEU-EST,2004,WASH_MACH_COM,2,0
C-EEU-EST,2005,WASH_MACH_COM,1,0.03
C-EEU-EST,2005,WASH_MACH_COM,2,0
C-EEU-EST,2006,WASH_MACH_COM,1,0.03
C-EEU-EST,2006,WASH_MACH_COM,2,0
C-EEU-EST,2007,WASH_MACH_COM,1,0.03
C-EEU-EST,2007,WASH_MACH_COM,2,0
C-EEU-EST,2008,WASH_MACH_COM,1,0.03
C-EEU-EST,2008,WASH_MACH_COM,2,0
C-EEU-EST,2009,WASH_MACH_COM,1,0.03
C-EEU-EST,2009,WASH_MACH_COM,2,0
C-EEU-EST,2010,WASH_MACH_COM,1,0.03
C-EEU-EST,2010,WASH_MACH_COM,2,0
C-EEU-EST,2011,WASH_MACH_COM,1,0.03
C-EEU-EST,2011,WASH_MACH_COM,2,0
C-EEU-EST,2012,WASH_MACH_COM,1,0.03
C-EEU-EST,2012,WASH_MACH_COM,2,0
C-EEU-EST,2013,WASH_MACH_COM,1,0.03
C-EEU-EST,2013,WASH_MACH_COM,2,0
C-EEU-EST,2014,WASH_MACH_COM,1,0.03
C-EEU-EST,2014,WASH_MACH_COM,2,0
C-EEU-EST,2015,WASH_MACH_COM,1,0.03
C-EEU-EST,2015,WASH_MACH_COM,2,0
C-EEU-EST,2016,WASH_MACH_COM,1,0.03
C-EEU-EST,2016,WASH_MACH_COM,2,0
C-EEU-EST,2017,WASH_MACH_COM,1,0.03
C-EEU-EST,2017,WASH_MACH_COM,2,0
C-EEU-EST,2018,WASH_MACH_COM,1,0.03
C-EEU-EST,2018,WASH_MACH_COM,2,0
C-EEU-EST,2019,WASH_MACH_COM,1,0.03
C-EEU-EST,2019,WASH_MACH_COM,2,0
C-EEU-EST,2020,WASH_MACH_COM,1,0.03
C-EEU-EST,2020,WASH_MACH_COM,2,0
C-EEU-EST,2021,WASH_MACH_COM,1,0.03
C-EEU-EST,2021,WASH_MACH_COM,2,0
C-EEU-EST,2022,WASH_MACH_COM,1,0.03
C-EEU-EST,2022,WASH_MACH_COM,2,0
C-EEU-EST,2023,WASH_MACH_COM,1,0.03
C-EEU-EST,2023,WASH_MACH_COM,2,0
C-EEU-EST,2024,WASH_MACH_COM,1,0.03
C-EEU-EST,2024,WASH_MACH_COM,2,0
C-EEU-EST,2025,WASH_MACH_COM,1,0.03
C-EEU-EST,2025,WASH_MACH_COM,2,0
C-EEU-EST,2026,WASH_MACH_COM,1,0.03
C-EEU-EST,2026,WASH_MACH_COM,2,0
C-EEU-EST,2027,WASH_MACH_COM,1,0.03
C-EEU-EST,2027,WASH_MACH_COM,2,0
C-EEU-EST,2028,WASH_MACH_COM,1,0.03
C-EEU-EST,2028,WASH_MACH_COM,2,0
C-EEU-EST,2029,WASH_MACH_COM,1,0.03
C-EEU-EST,2029,WASH_MACH_COM,2,0
C-EEU-EST,2030,WASH_MACH_COM,1,0.1
C-EEU-EST,2030,WASH_MACH_COM,2,0
C-EEU-EST,2031,WASH_MACH_COM,1,0.1
C-EEU-EST,2031,WASH_MACH_COM,2,0
C-EEU-EST,2032,WASH_MACH_COM,1,0.1
C-EEU-EST,2032,WASH_MACH_COM,2,0
C-EEU-EST,2033,WASH_MACH_COM,1,0.1
C-EEU-EST,2033,WASH_MACH_COM,2,0
C-EEU-EST,2034,WASH_MACH_COM,1,0.1
C-EEU-EST,2034,WASH_MACH_COM,2,0
C-EEU-EST,2035,WASH_MACH_COM,1,0.1
C-EEU-EST,2035,WASH_MACH_COM,2,0
C-EEU-EST,2036,WASH_MACH_COM,1,0.1
C-EEU-EST,2036,WASH_MACH_COM,2,0
C-EEU-EST,2037,WASH_MACH_COM,1,0.1
C-EEU-EST,2037,WASH_MACH_COM,2,0
C-EEU-EST,2038,WASH_MACH_COM,1,0.1
C-EEU-EST,2038,WASH_MACH_COM,2,0
C-EEU-EST,2039,WASH_MACH_COM,1,0.1
C-EEU-EST,2039,WASH_MACH_COM,2,0
C-EEU-EST,2040,WASH_MACH_COM,1,0.1
C-EEU-EST,2040,WASH_MACH_COM,2,0
C-EEU-EST,2041,WASH_MACH_COM,1,0.1
C-EEU-EST,2041,WASH_MACH_COM,2,0
C-EEU-EST,2042,WASH_MACH_COM,1,0.1
C-EEU-EST,2042,WASH_MACH_COM,2,0
C-EEU-EST,2043,WASH_MACH_COM,1,0.1
C-EEU-EST,2043,WASH_MACH_COM,2,0
C-EEU-EST,2044,WASH_MACH_COM,1,0.1
C-EEU-EST,2044,WASH_MACH_COM,2,0
C-EEU-EST,2045,WASH_MACH_COM,1,0.1
C-EEU-EST,2045,WASH_MACH_COM,2,0
C-EEU-EST,2046,WASH_MACH_COM,1,0.1
C-EEU-EST,2046,WASH_MACH_COM,2,0
C-EEU-EST,2047,WASH_MACH_COM,1,0.1
C-EEU-EST,2047,WASH_MACH_COM,2,0
C-EEU-EST,2048,WASH_MACH_COM,1,0.1
C-EEU-EST,2048,WASH_MACH_COM,2,0
C-EEU-EST,2049,WASH_MACH_COM,1,0.1
C-EEU-EST,2049,WASH_MACH_COM,2,0
C-EEU-EST,2050,WASH_MACH_COM,1,0.1
C-EEU-EST,2050,WASH_MACH_COM,2,0
C-EEU-EST,2051,WASH_MACH_COM,1,0.1
C-EEU-EST,2051,WASH_MACH_COM,2,0
C-EEU-EST,2052,WASH_MACH_COM,1,0.1
C-EEU-EST,2052,WASH_MACH_COM,2,0
C-EEU-EST,2053,WASH_MACH_COM,1,0.1
C-EEU-EST,2053,WASH_MACH_COM,2,0
C-EEU-EST,2054,WASH_MACH_COM,1,0.1
C-EEU-EST,2054,WASH_MACH_COM,2,0
C-EEU-EST,2055,WASH_MACH_COM,1,0.1
C-EEU-EST,2055,WASH_MACH_COM,2,0
C-EEU-EST,2056,WASH_MACH_COM,1,0.1
C-EEU-EST,2056,WASH_MACH_COM,2,0
C-EEU-EST,2057,WASH_MACH_COM,1,0.1
C-EEU-EST,2057,WASH_MACH_COM,2,0
C-EEU-EST,2058,WASH_MACH_COM,1,0.1
C-EEU-EST,2058,WASH_MACH_COM,2,0
C-EEU-EST,2059,WASH_MACH_COM,1,0.1
C-EEU-EST,2059,WASH_MACH_COM,2,0
C-EEU-EST,2060,WASH_MACH_COM,1,0.1
C-EEU-EST,2060,WASH_MACH_COM,2,0
C-EEU-EST,2061,WASH_MACH_COM,1,0.1
C-EEU-EST,2061,WASH_MACH_COM,2,0
C-EEU-EST,2062,WASH_MACH_COM,1,0.1
C-EEU-EST,2062,WASH_MACH_COM,2,0
C-EEU-EST,2063,WASH_MACH_COM,1,0.1
C-EEU-EST,2063,WASH_MACH_COM,2,0
C-EEU-EST,2064,WASH_MACH_COM,1,0.1
C-EEU-EST,2064,WASH_MACH_COM,2,0
C-EEU-EST,2065,WASH_MACH_COM,1,0.1
C-EEU-EST,2065,WASH_MACH_COM,2,0
C-EEU-EST,2066,WASH_MACH_COM,1,0.1
C-EEU-EST,2066,WASH_MACH_COM,2,0
C-EEU-EST,2067,WASH_MACH_COM,1,0.1
C-EEU-EST,2067,WASH_MACH_COM,2,0
C-EEU-EST,2068,WASH_MACH_COM,1,0.1
C-EEU-EST,2068,WASH_MACH_COM,2,0
C-EEU-EST,2069,WASH_MACH_COM,1,0.1
C-EEU-EST,2069,WASH_MACH_COM,2,0
C-EEU-EST,2070,WASH_MACH_COM,1,0.1
C-EEU-EST,2070,WASH_MACH_COM,2,0
C-EEU-EST,2071,WASH_MACH_COM,1,0.1
C-EEU-EST,2071,WASH_MACH_COM,2,0
C-EEU-EST,2072,WASH_MACH_COM,1,0.1
C-EEU-EST,2072,WASH_MACH_COM,2,0
C-EEU-EST,2073,WASH_MACH_COM,1,0.1
C-EEU-EST,2073,WASH_MACH_COM,2,0
C-EEU-EST,2074,WASH_MACH_COM,1,0.1
C-EEU-EST,2074,WASH_MACH_COM,2,0
C-EEU-EST,2075,WASH_MACH_COM,1,0.1
C-EEU-EST,2075,WASH_MACH_COM,2,0
C-EEU-EST,2076,WASH_MACH_COM,1,0.1
C-EEU-EST,2076,WASH_MACH_COM,2,0
C-EEU-EST,2077,WASH_MACH_COM,1,0.1
C-EEU-EST,2077,WASH_MACH_COM,2,0
C-EEU-EST,2078,WASH_MACH_COM,1,0.1
C-EEU-EST,2078,WASH_MACH_COM,2,0
C-EEU-EST,2079,WASH_MACH_COM,1,0.1
C-EEU-EST,2079,WASH_MACH_COM,2,0
C-EEU-EST,2080,WASH_MACH_COM,1,0.1
C-EEU-EST,2080,WASH_MACH_COM,2,0
C-EEU-EST,2081,WASH_MACH_COM,1,0.1
C-EEU-EST,2081,WASH_MACH_COM,2,0
C-EEU-EST,2082,WASH_MACH_COM,1,0.1
C-EEU-EST,2082,WASH_MACH_COM,2,0
C-EEU-EST,2083,WASH_MACH_COM,1,0.1
C-EEU-EST,2083,WASH_MACH_COM,2,0
C-EEU-EST,2084,WASH_MACH_COM,1,0.1
C-EEU-EST,2084,WASH_MACH_COM,2,0
C-EEU-EST,2085,WASH_MACH_COM,1,0.1
C-EEU-EST,2085,WASH_MACH_COM,2,0
C-EEU-EST,2086,WASH_MACH_COM,1,0.1
C-EEU-EST,2086,WASH_MACH_COM,2,0
C-EEU-EST,2087,WASH_MACH_COM,1,0.1
C-EEU-EST,2087,WASH_MACH_COM,2,0
C-EEU-EST,2088,WASH_MACH_COM,1,0.1
C-EEU-EST,2088,WASH_MACH_COM,2,0
C-EEU-EST,2089,WASH_MACH_COM,1,0.1
C-EEU-EST,2089,WASH_MACH_COM,2,0
C-EEU-EST,2090,WASH_MACH_COM,1,0.1
C-EEU-EST,2090,WASH_MACH_COM,2,0
C-EEU-EST,2091,WASH_MACH_COM,1,0.1
C-EEU-EST,2091,WASH_MACH_COM,2,0
C-EEU-EST,2092,WASH_MACH_COM,1,0.1
C-EEU-EST,2092,WASH_MACH_COM,2,0
C-EEU-EST,2093,WASH_MACH_COM,1,0.1
C-EEU-EST,2093,WASH_MACH_COM,2,0
C-EEU-EST,2094,WASH_MACH_COM,1,0.1
C-EEU-EST,2094,WASH_MACH_COM,2,0
C-EEU-EST,2095,WASH_MACH_COM,1,0.1
C-EEU-EST,2095,WASH_MACH_COM,2,0
C-EEU-EST,2096,WASH_MACH_COM,1,0.1
C-EEU-EST,2096,WASH_MACH_COM,2,0
C-EEU-EST,2097,WASH_MACH_COM,1,0.1
C-EEU-EST,2097,WASH_MACH_COM,2,0
C-EEU-EST,2098,WASH_MACH_COM,1,0.1
C-EEU-EST,2098,WASH_MACH_COM,2,0
C-EEU-EST,2099,WASH_MACH_COM,1,0.1
C-EEU-EST,2099,WASH_MACH_COM,2,0
C-EEU-EST,2100,WASH_MACH_COM,1,0.1
C-EEU-EST,2100,WASH_MACH_COM,2,0
C-EEU-HRV,2000,WASH_MACH,1,0.03
C-EEU-HRV,2000,WASH_MACH,2,0
C-EEU-HRV,2001,WASH_MACH,1,0.03
C-EEU-HRV,2001,WASH_MACH,2,0
C-EEU-HRV,2002,WASH_MACH,1,0.03
C-EEU-HRV,2002,WASH_MACH,2,0
C-EEU-HRV,2003,WASH_MACH,1,0.03
C-EEU-HRV,2003,WASH_MACH,2,0
C-EEU-HRV,2004,WASH_MACH,1,0.03
C-EEU-HRV,2004,WASH_MACH,2,0
C-EEU-HRV,2005,WASH_MACH,1,0.03
C-EEU-HRV,2005,WASH_MACH,2,0
C-EEU-HRV,2006,WASH_MACH,1,0.03
C-EEU-HRV,2006,WASH_MACH,2,0
C-EEU-HRV,2007,WASH_MACH,1,0.03
C-EEU-HRV,2007,WASH_MACH,2,0
C-EEU-HRV,2008,WASH_MACH,1,0.03
C-EEU-HRV,2008,WASH_MACH,2,0
C-EEU-HRV,2009,WASH_MACH,1,0.03
C-EEU-HRV,2009,WASH_MACH,2,0
C-EEU-HRV,2010,WASH_MACH,1,0.03
C-EEU-HRV,2010,WASH_MACH,2,0
C-EEU-HRV,2011,WASH_MACH,1,0.03
C-EEU-HRV,2011,WASH_MACH,2,0
C-EEU-HRV,2012,WASH_MACH,1,0.03
C-EEU-HRV,2012,WASH_MACH,2,0
C-EEU-HRV,2013,WASH_MACH,1,0.03
C-EEU-HRV,2013,WASH_MACH,2,0
C-EEU-HRV,2014,WASH_MACH,1,0.03
C-EEU-HRV,2014,WASH_MACH,2,0
C-EEU-HRV,2015,WASH_MACH,1,0.03
C-EEU-HRV,2015,WASH_MACH,2,0
C-EEU-HRV,2016,WASH_MACH,1,0.03
C-EEU-HRV,2016,WASH_MACH,2,0
C-EEU-HRV,2017,WASH_MACH,1,0.03
C-EEU-HRV,2017,WASH_MACH,2,0
C-EEU-HRV,2018,WASH_MACH,1,0.03
C-EEU-HRV,2018,WASH_MACH,2,0
C-EEU-HRV,2019,WASH_MACH,1,0.03
C-EEU-HRV,2019,WASH_MACH,2,0
C-EEU-HRV,2020,WASH_MACH,1,0.03
C-EEU-HRV,2020,WASH_MACH,2,0
C-EEU-HRV,2021,WASH_MACH,1,0.03
C-EEU-HRV,2021,WASH_MACH,2,0
C-EEU-HRV,2022,WASH_MACH,1,0.03
C-EEU-HRV,2022,WASH_MACH,2,0
C-EEU-HRV,2023,WASH_MACH,1,0.03
C-EEU-HRV,2023,WASH_MACH,2,0
C-EEU-HRV,2024,WASH_MACH,1,0.03
C-EEU-HRV,2024,WASH_MACH,2,0
C-EEU-HRV,2025,WASH_MACH,1,0.03
C-EEU-HRV,2025,WASH_MACH,2,0
C-EEU-HRV,2026,WASH_MACH,1,0.03
C-EEU-HRV,2026,WASH_MACH,2,0
C-EEU-HRV,2027,WASH_MACH,1,0.03
C-EEU-HRV,2027,WASH_MACH,2,0
C-EEU-HRV,2028,WASH_MACH,1,0.03
C-EEU-HRV,2028,WASH_MACH,2,0
C-EEU-HRV,2029,WASH_MACH,1,0.03
C-EEU-HRV,2029,WASH_MACH,2,0
C-EEU-HRV,2030,WASH_MACH,1,0.1
C-EEU-HRV,2030,WASH_MACH,2,0
C-EEU-HRV,2031,WASH_MACH,1,0.1
C-EEU-HRV,2031,WASH_MACH,2,0
C-EEU-HRV,2032,WASH_MACH,1,0.1
C-EEU-HRV,2032,WASH_MACH,2,0
C-EEU-HRV,2033,WASH_MACH,1,0.1
C-EEU-HRV,2033,WASH_MACH,2,0
C-EEU-HRV,2034,WASH_MACH,1,0.1
C-EEU-HRV,2034,WASH_MACH,2,0
C-EEU-HRV,2035,WASH_MACH,1,0.1
C-EEU-HRV,2035,WASH_MACH,2,0
C-EEU-HRV,2036,WASH_MACH,1,0.1
C-EEU-HRV,2036,WASH_MACH,2,0
C-EEU-HRV,2037,WASH_MACH,1,0.1
C-EEU-HRV,2037,WASH_MACH,2,0
C-EEU-HRV,2038,WASH_MACH,1,0.1
C-EEU-HRV,2038,WASH_MACH,2,0
C-EEU-HRV,2039,WASH_MACH,1,0.1
C-EEU-HRV,2039,WASH_MACH,2,0
C-EEU-HRV,2040,WASH_MACH,1,0.1
C-EEU-HRV,2040,WASH_MACH,2,0
C-EEU-HRV,2041,WASH_MACH,1,0.1
C-EEU-HRV,2041,WASH_MACH,2,0
C-EEU-HRV,2042,WASH_MACH,1,0.1
C-EEU-HRV,2042,WASH_MACH,2,0
C-EEU-HRV,2043,WASH_MACH,1,0.1
C-EEU-HRV,2043,WASH_MACH,2,0
C-EEU-HRV,2044,WASH_MACH,1,0.1
C-EEU-HRV,2044,WASH_MACH,2,0
C-EEU-HRV,2045,WASH_MACH,1,0.1
C-EEU-HRV,2045,WASH_MACH,2,0
C-EEU-HRV,2046,WASH_MACH,1,0.1
C-EEU-HRV,2046,WASH_MACH,2,0
C-EEU-HRV,2047,WASH_MACH,1,0.1
C-EEU-HRV,2047,WASH_MACH,2,0
C-EEU-HRV,2048,WASH_MACH,1,0.1
C-EEU-HRV,2048,WASH_MACH,2,0
C-EEU-HRV,2049,WASH_MACH,1,0.1
C-EEU-HRV,2049,WASH_MACH,2,0
C-EEU-HRV,2050,WASH_MACH,1,0.1
C-EEU-HRV,2050,WASH_MACH,2,0
C-EEU-HRV,2051,WASH_MACH,1,0.1
C-EEU-HRV,2051,WASH_MACH,2,0
C-EEU-HRV,2052,WASH_MACH,1,0.1
C-EEU-HRV,2052,WASH_MACH,2,0
C-EEU-HRV,2053,WASH_MACH,1,0.1
C-EEU-HRV,2053,WASH_MACH,2,0
C-EEU-HRV,2054,WASH_MACH,1,0.1
C-EEU-HRV,2054,WASH_MACH,2,0
C-EEU-HRV,2055,WASH_MACH,1,0.1
C-EEU-HRV,2055,WASH_MACH,2,0
C-EEU-HRV,2056,WASH_MACH,1,0.1
C-EEU-HRV,2056,WASH_MACH,2,0
C-EEU-HRV,2057,WASH_MACH,1,0.1
C-EEU-HRV,2057,WASH_MACH,2,0
C-EEU-HRV,2058,WASH_MACH,1,0.1
C-EEU-HRV,2058,WASH_MACH,2,0
C-EEU-HRV,2059,WASH_MACH,1,0.1
C-EEU-HRV,2059,WASH_MACH,2,0
C-EEU-HRV,2060,WASH_MACH,1,0.1
C-EEU-HRV,2060,WASH_MACH,2,0
C-EEU-HRV,2061,WASH_MACH,1,0.1
C-EEU-HRV,2061,WASH_MACH,2,0
C-EEU-HRV,2062,WASH_MACH,1,0.1
C-EEU-HRV,2062,WASH_MACH,2,0
C-EEU-HRV,2063,WASH_MACH,1,0.1
C-EEU-HRV,2063,WASH_MACH,2,0
C-EEU-HRV,2064,WASH_MACH,1,0.1
C-EEU-HRV,2064,WASH_MACH,2,0
C-EEU-HRV,2065,WASH_MACH,1,0.1
C-EEU-HRV,2065,WASH_MACH,2,0
C-EEU-HRV,2066,WASH_MACH,1,0.1
C-EEU-HRV,2066,WASH_MACH,2,0
C-EEU-HRV,2067,WASH_MACH,1,0.1
C-EEU-HRV,2067,WASH_MACH,2,0
C-EEU-HRV,2068,WASH_MACH,1,0.1
C-EEU-HRV,2068,WASH_MACH,2,0
C-EEU-HRV,2069,WASH_MACH,1,0.1
C-EEU-HRV,2069,WASH_MACH,2,0
C-EEU-HRV,2070,WASH_MACH,1,0.1
C-EEU-HRV,2070,WASH_MACH,2,0
C-EEU-HRV,2071,WASH_MACH,1,0.1
C-EEU-HRV,2071,WASH_MACH,2,0
C-EEU-HRV,2072,WASH_MACH,1,0.1
C-EEU-HRV,2072,WASH_MACH,2,0
C-EEU-HRV,2073,WASH_MACH,1,0.1
C-EEU-HRV,2073,WASH_MACH,2,0
C-EEU-HRV,2074,WASH_MACH,1,0.1
C-EEU-HRV,2074,WASH_MACH,2,0
C-EEU-HRV,2075,WASH_MACH,1,0.1
C-EEU-HRV,2075,WASH_MACH,2,0
C-EEU-HRV,2076,WASH_MACH,1,0.1
C-EEU-HRV,2076,WASH_MACH,2,0
C-EEU-HRV,2077,WASH_MACH,1,0.1
C-EEU-HRV,2077,WASH_MACH,2,0
C-EEU-HRV,2078,WASH_MACH,1,0.1
C-EEU-HRV,2078,WASH_MACH,2,0
C-EEU-HRV,2079,WASH_MACH,1,0.1
C-EEU-HRV,2079,WASH_MACH,2,0
C-EEU-HRV,2080,WASH_MACH,1,0.1
C-EEU-HRV,2080,WASH_MACH,2,0
C-EEU-HRV,2081,WASH_MACH,1,0.1
C-EEU-HRV,2081,WASH_MACH,2,0
C-EEU-HRV,2082,WASH_MACH,1,0.1
C-EEU-HRV,2082,WASH_MACH,2,0
C-EEU-HRV,2083,WASH_MACH,1,0.1
C-EEU-HRV,2083,WASH_MACH,2,0
C-EEU-HRV,2084,WASH_MACH,1,0.1
C-EEU-HRV,2084,WASH_MACH,2,0
C-EEU-HRV,2085,WASH_MACH,1,0.1
C-EEU-HRV,2085,WASH_MACH,2,0
C-EEU-HRV,2086,WASH_MACH,1,0.1
C-EEU-HRV,2086,WASH_MACH,2,0
C-EEU-HRV,2087,WASH_MACH,1,0.1
C-EEU-HRV,2087,WASH_MACH,2,0
C-EEU-HRV,2088,WASH_MACH,1,0.1
C-EEU-HRV,2088,WASH_MACH,2,0
C-EEU-HRV,2089,WASH_MACH,1,0.1
C-EEU-HRV,2089,WASH_MACH,2,0
C-EEU-HRV,2090,WASH_MACH,1,0.1
C-EEU-HRV,2090,WASH_MACH,2,0
C-EEU-HRV,2091,WASH_MACH,1,0.1
C-EEU-HRV,2091,WASH_MACH,2,0
C-EEU-HRV,2092,WASH_MACH,1,0.1
C-EEU-HRV,2092,WASH_MACH,2,0
C-EEU-HRV,2093,WASH_MACH,1,0.1
C-EEU-HRV,2093,WASH_MACH,2,0
C-EEU-HRV,2094,WASH_MACH,1,0.1
C-EEU-HRV,2094,WASH_MACH,2,0
C-EEU-HRV,2095,WASH_MACH,1,0.1
C-EEU-HRV,2095,WASH_MACH,2,0
C-EEU-HRV,2096,WASH_MACH,1,0.1
C-EEU-HRV,2096,WASH_MACH,2,0
C-EEU-HRV,2097,WASH_MACH,1,0.1
C-EEU-HRV,2097,WASH_MACH,2,0
C-EEU-HRV,2098,WASH_MACH,1,0.1
C-EEU-HRV,2098,WASH_MACH,2,0
C-EEU-HRV,2099,WASH_MACH,1,0.1
C-EEU-HRV,2099,WASH_MACH,2,0
C-EEU-HRV,2100,WASH_MACH,1,0.1
C-EEU-HRV,2100,WASH_MACH,2,0
C-EEU-HRV,2000,WASH_MACH_COM,1,0.03
C-EEU-HRV,2000,WASH_MACH_COM,2,0
C-EEU-HRV,2001,WASH_MACH_COM,1,0.03
C-EEU-HRV,2001,WASH_MACH_COM,2,0
C-EEU-HRV,2002,WASH_MACH_COM,1,0.03
C-EEU-HRV,2002,WASH_MACH_COM,2,0
C-EEU-HRV,2003,WASH_MACH_COM,1,0.03
C-EEU-HRV,2003,WASH_MACH_COM,2,0
C-EEU-HRV,2004,WASH_MACH_COM,1,0.03
C-EEU-HRV,2004,WASH_MACH_COM,2,0
C-EEU-HRV,2005,WASH_MACH_COM,1,0.03
C-EEU-HRV,2005,WASH_MACH_COM,2,0
C-EEU-HRV,2006,WASH_MACH_COM,1,0.03
C-EEU-HRV,2006,WASH_MACH_COM,2,0
C-EEU-HRV,2007,WASH_MACH_COM,1,0.03
C-EEU-HRV,2007,WASH_MACH_COM,2,0
C-EEU-HRV,2008,WASH_MACH_COM,1,0.03
C-EEU-HRV,2008,WASH_MACH_COM,2,0
C-EEU-HRV,2009,WASH_MACH_COM,1,0.03
C-EEU-HRV,2009,WASH_MACH_COM,2,0
C-EEU-HRV,2010,WASH_MACH_COM,1,0.03
C-EEU-HRV,2010,WASH_MACH_COM,2,0
C-EEU-HRV,2011,WASH_MACH_COM,1,0.03
C-EEU-HRV,2011,WASH_MACH_COM,2,0
C-EEU-HRV,2012,WASH_MACH_COM,1,0.03
C-EEU-HRV,2012,WASH_MACH_COM,2,0
C-EEU-HRV,2013,WASH_MACH_COM,1,0.03
C-EEU-HRV,2013,WASH_MACH_COM,2,0
C-EEU-HRV,2014,WASH_MACH_COM,1,0.03
C-EEU-HRV,2014,WASH_MACH_COM,2,0
C-EEU-HRV,2015,WASH_MACH_COM,1,0.03
C-EEU-HRV,2015,WASH_MACH_COM,2,0
C-EEU-HRV,2016,WASH_MACH_COM,1,0.03
C-EEU-HRV,2016,WASH_MACH_COM,2,0
C-EEU-HRV,2017,WASH_MACH_COM,1,0.03
C-EEU-HRV,2017,WASH_MACH_COM,2,0
C-EEU-HRV,2018,WASH_MACH_COM,1,0.03
C-EEU-HRV,2018,WASH_MACH_COM,2,0
C-EEU-HRV,2019,WASH_MACH_COM,1,0.03
C-EEU-HRV,2019,WASH_MACH_COM,2,0
C-EEU-HRV,2020,WASH_MACH_COM,1,0.03
C-EEU-HRV,2020,WASH_MACH_COM,2,0
C-EEU-HRV,2021,WASH_MACH_COM,1,0.03
C-EEU-HRV,2021,WASH_MACH_COM,2,0
C-EEU-HRV,2022,WASH_MACH_COM,1,0.03
C-EEU-HRV,2022,WASH_MACH_COM,2,0
C-EEU-HRV,2023,WASH_MACH_COM,1,0.03
C-EEU-HRV,2023,WASH_MACH_COM,2,0
C-EEU-HRV,2024,WASH_MACH_COM,1,0.03
C-EEU-HRV,2024,WASH_MACH_COM,2,0
C-EEU-HRV,2025,WASH_MACH_COM,1,0.03
C-EEU-HRV,2025,WASH_MACH_COM,2,0
C-EEU-HRV,2026,WASH_MACH_COM,1,0.03
C-EEU-HRV,2026,WASH_MACH_COM,2,0
C-EEU-HRV,2027,WASH_MACH_COM,1,0.03
C-EEU-HRV,2027,WASH_MACH_COM,2,0
C-EEU-HRV,2028,WASH_MACH_COM,1,0.03
C-EEU-HRV,2028,WASH_MACH_COM,2,0
C-EEU-HRV,2029,WASH_MACH_COM,1,0.03
C-EEU-HRV,2029,WASH_MACH_COM,2,0
C-EEU-HRV,2030,WASH_MACH_COM,1,0.1
C-EEU-HRV,2030,WASH_MACH_COM,2,0
C-EEU-HRV,2031,WASH_MACH_COM,1,0.1
C-EEU-HRV,2031,WASH_MACH_COM,2,0
C-EEU-HRV,2032,WASH_MACH_COM,1,0.1
C-EEU-HRV,2032,WASH_MACH_COM,2,0
C-EEU-HRV,2033,WASH_MACH_COM,1,0.1
C-EEU-HRV,2033,WASH_MACH_COM,2,0
C-EEU-HRV,2034,WASH_MACH_COM,1,0.1
C-EEU-HRV,2034,WASH_MACH_COM,2,0
C-EEU-HRV,2035,WASH_MACH_COM,1,0.1
C-EEU-HRV,2035,WASH_MACH_COM,2,0
C-EEU-HRV,2036,WASH_MACH_COM,1,0.1
C-EEU-HRV,2036,WASH_MACH_COM,2,0
C-EEU-HRV,2037,WASH_MACH_COM,1,0.1
C-EEU-HRV,2037,WASH_MACH_COM,2,0
C-EEU-HRV,2038,WASH_MACH_COM,1,0.1
C-EEU-HRV,2038,WASH_MACH_COM,2,0
C-EEU-HRV,2039,WASH_MACH_COM,1,0.1
C-EEU-HRV,2039,WASH_MACH_COM,2,0
C-EEU-HRV,2040,WASH_MACH_COM,1,0.1
C-EEU-HRV,2040,WASH_MACH_COM,2,0
C-EEU-HRV,2041,WASH_MACH_COM,1,0.1
C-EEU-HRV,2041,WASH_MACH_COM,2,0
C-EEU-HRV,2042,WASH_MACH_COM,1,0.1
C-EEU-HRV,2042,WASH_MACH_COM,2,0
C-EEU-HRV,2043,WASH_MACH_COM,1,0.1
C-EEU-HRV,2043,WASH_MACH_COM,2,0
C-EEU-HRV,2044,WASH_MACH_COM,1,0.1
C-EEU-HRV,2044,WASH_MACH_COM,2,0
C-EEU-HRV,2045,WASH_MACH_COM,1,0.1
C-EEU-HRV,2045,WASH_MACH_COM,2,0
C-EEU-HRV,2046,WASH_MACH_COM,1,0.1
C-EEU-HRV,2046,WASH_MACH_COM,2,0
C-EEU-HRV,2047,WASH_MACH_COM,1,0.1
C-EEU-HRV,2047,WASH_MACH_COM,2,0
C-EEU-HRV,2048,WASH_MACH_COM,1,0.1
C-EEU-HRV,2048,WASH_MACH_COM,2,0
C-EEU-HRV,2049,WASH_MACH_COM,1,0.1
C-EEU-HRV,2049,WASH_MACH_COM,2,0
C-EEU-HRV,2050,WASH_MACH_COM,1,0.1
C-EEU-HRV,2050,WASH_MACH_COM,2,0
C-EEU-HRV,2051,WASH_MACH_COM,1,0.1
C-EEU-HRV,2051,WASH_MACH_COM,2,0
C-EEU-HRV,2052,WASH_MACH_COM,1,0.1
C-EEU-HRV,2052,WASH_MACH_COM,2,0
C-EEU-HRV,2053,WASH_MACH_COM,1,0.1
C-EEU-HRV,2053,WASH_MACH_COM,2,0
C-EEU-HRV,2054,WASH_MACH_COM,1,0.1
C-EEU-HRV,2054,WASH_MACH_COM,2,0
C-EEU-HRV,2055,WASH_MACH_COM,1,0.1
C-EEU-HRV,2055,WASH_MACH_COM,2,0
C-EEU-HRV,2056,WASH_MACH_COM,1,0.1
C-EEU-HRV,2056,WASH_MACH_COM,2,0
C-EEU-HRV,2057,WASH_MACH_COM,1,0.1
C-EEU-HRV,2057,WASH_MACH_COM,2,0
C-EEU-HRV,2058,WASH_MACH_COM,1,0.1
C-EEU-HRV,2058,WASH_MACH_COM,2,0
C-EEU-HRV,2059,WASH_MACH_COM,1,0.1
C-EEU-HRV,2059,WASH_MACH_COM,2,0
C-EEU-HRV,2060,WASH_MACH_COM,1,0.1
C-EEU-HRV,2060,WASH_MACH_COM,2,0
C-EEU-HRV,2061,WASH_MACH_COM,1,0.1
C-EEU-HRV,2061,WASH_MACH_COM,2,0
C-EEU-HRV,2062,WASH_MACH_COM,1,0.1
C-EEU-HRV,2062,WASH_MACH_COM,2,0
C-EEU-HRV,2063,WASH_MACH_COM,1,0.1
C-EEU-HRV,2063,WASH_MACH_COM,2,0
C-EEU-HRV,2064,WASH_MACH_COM,1,0.1
C-EEU-HRV,2064,WASH_MACH_COM,2,0
C-EEU-HRV,2065,WASH_MACH_COM,1,0.1
C-EEU-HRV,2065,WASH_MACH_COM,2,0
C-EEU-HRV,2066,WASH_MACH_COM,1,0.1
C-EEU-HRV,2066,WASH_MACH_COM,2,0
C-EEU-HRV,2067,WASH_MACH_COM,1,0.1
C-EEU-HRV,2067,WASH_MACH_COM,2,0
C-EEU-HRV,2068,WASH_MACH_COM,1,0.1
C-EEU-HRV,2068,WASH_MACH_COM,2,0
C-EEU-HRV,2069,WASH_MACH_COM,1,0.1
C-EEU-HRV,2069,WASH_MACH_COM,2,0
C-EEU-HRV,2070,WASH_MACH_COM,1,0.1
C-EEU-HRV,2070,WASH_MACH_COM,2,0
C-EEU-HRV,2071,WASH_MACH_COM,1,0.1
C-EEU-HRV,2071,WASH_MACH_COM,2,0
C-EEU-HRV,2072,WASH_MACH_COM,1,0.1
C-EEU-HRV,2072,WASH_MACH_COM,2,0
C-EEU-HRV,2073,WASH_MACH_COM,1,0.1
C-EEU-HRV,2073,WASH_MACH_COM,2,0
C-EEU-HRV,2074,WASH_MACH_COM,1,0.1
C-EEU-HRV,2074,WASH_MACH_COM,2,0
C-EEU-HRV,2075,WASH_MACH_COM,1,0.1
C-EEU-HRV,2075,WASH_MACH_COM,2,0
C-EEU-HRV,2076,WASH_MACH_COM,1,0.1
C-EEU-HRV,2076,WASH_MACH_COM,2,0
C-EEU-HRV,2077,WASH_MACH_COM,1,0.1
C-EEU-HRV,2077,WASH_MACH_COM,2,0
C-EEU-HRV,2078,WASH_MACH_COM,1,0.1
C-EEU-HRV,2078,WASH_MACH_COM,2,0
C-EEU-HRV,2079,WASH_MACH_COM,1,0.1
C-EEU-HRV,2079,WASH_MACH_COM,2,0
C-EEU-HRV,2080,WASH_MACH_COM,1,0.1
C-EEU-HRV,2080,WASH_MACH_COM,2,0
C-EEU-HRV,2081,WASH_MACH_COM,1,0.1
C-EEU-HRV,2081,WASH_MACH_COM,2,0
C-EEU-HRV,2082,WASH_MACH_COM,1,0.1
C-EEU-HRV,2082,WASH_MACH_COM,2,0
C-EEU-HRV,2083,WASH_MACH_COM,1,0.1
C-EEU-HRV,2083,WASH_MACH_COM,2,0
C-EEU-HRV,2084,WASH_MACH_COM,1,0.1
C-EEU-HRV,2084,WASH_MACH_COM,2,0
C-EEU-HRV,2085,WASH_MACH_COM,1,0.1
C-EEU-HRV,2085,WASH_MACH_COM,2,0
C-EEU-HRV,2086,WASH_MACH_COM,1,0.1
C-EEU-HRV,2086,WASH_MACH_COM,2,0
C-EEU-HRV,2087,WASH_MACH_COM,1,0.1
C-EEU-HRV,2087,WASH_MACH_COM,2,0
C-EEU-HRV,2088,WASH_MACH_COM,1,0.1
C-EEU-HRV,2088,WASH_MACH_COM,2,0
C-EEU-HRV,2089,WASH_MACH_COM,1,0.1
C-EEU-HRV,2089,WASH_MACH_COM,2,0
C-EEU-HRV,2090,WASH_MACH_COM,1,0.1
C-EEU-HRV,2090,WASH_MACH_COM,2,0
C-EEU-HRV,2091,WASH_MACH_COM,1,0.1
C-EEU-HRV,2091,WASH_MACH_COM,2,0
C-EEU-HRV,2092,WASH_MACH_COM,1,0.1
C-EEU-HRV,2092,WASH_MACH_COM,2,0
C-EEU-HRV,2093,WASH_MACH_COM,1,0.1
C-EEU-HRV,2093,WASH_MACH_COM,2,0
C-EEU-HRV,2094,WASH_MACH_COM,1,0.1
C-EEU-HRV,2094,WASH_MACH_COM,2,0
C-EEU-HRV,2095,WASH_MACH_COM,1,0.1
C-EEU-HRV,2095,WASH_MACH_COM,2,0
C-EEU-HRV,2096,WASH_MACH_COM,1,0.1
C-EEU-HRV,2096,WASH_MACH_COM,2,0
C-EEU-HRV,2097,WASH_MACH_COM,1,0.1
C-EEU-HRV,2097,WASH_MACH_COM,2,0
C-EEU-HRV,2098,WASH_MACH_COM,1,0.1
C-EEU-HRV,2098,WASH_MACH_COM,2,0
C-EEU-HRV,2099,WASH_MACH_COM,1,0.1
C-EEU-HRV,2099,WASH_MACH_COM,2,0
C-EEU-HRV,2100,WASH_MACH_COM,1,0.1
C-EEU-HRV,2100,WASH_MACH_COM,2,0
C-EEU-HUN,2000,WASH_MACH,1,0.03
C-EEU-HUN,2000,WASH_MACH,2,0
C-EEU-HUN,2001,WASH_MACH,1,0.03
C-EEU-HUN,2001,WASH_MACH,2,0
C-EEU-HUN,2002,WASH_MACH,1,0.03
C-EEU-HUN,2002,WASH_MACH,2,0
C-EEU-HUN,2003,WASH_MACH,1,0.03
C-EEU-HUN,2003,WASH_MACH,2,0
C-EEU-HUN,2004,WASH_MACH,1,0.03
C-EEU-HUN,2004,WASH_MACH,2,0
C-EEU-HUN,2005,WASH_MACH,1,0.03
C-EEU-HUN,2005,WASH_MACH,2,0
C-EEU-HUN,2006,WASH_MACH,1,0.03
C-EEU-HUN,2006,WASH_MACH,2,0
C-EEU-HUN,2007,WASH_MACH,1,0.03
C-EEU-HUN,2007,WASH_MACH,2,0
C-EEU-HUN,2008,WASH_MACH,1,0.03
C-EEU-HUN,2008,WASH_MACH,2,0
C-EEU-HUN,2009,WASH_MACH,1,0.03
C-EEU-HUN,2009,WASH_MACH,2,0
C-EEU-HUN,2010,WASH_MACH,1,0.03
C-EEU-HUN,2010,WASH_MACH,2,0
C-EEU-HUN,2011,WASH_MACH,1,0.03
C-EEU-HUN,2011,WASH_MACH,2,0
C-EEU-HUN,2012,WASH_MACH,1,0.03
C-EEU-HUN,2012,WASH_MACH,2,0
C-EEU-HUN,2013,WASH_MACH,1,0.03
C-EEU-HUN,2013,WASH_MACH,2,0
C-EEU-HUN,2014,WASH_MACH,1,0.03
C-EEU-HUN,2014,WASH_MACH,2,0
C-EEU-HUN,2015,WASH_MACH,1,0.03
C-EEU-HUN,2015,WASH_MACH,2,0
C-EEU-HUN,2016,WASH_MACH,1,0.03
C-EEU-HUN,2016,WASH_MACH,2,0
C-EEU-HUN,2017,WASH_MACH,1,0.03
C-EEU-HUN,2017,WASH_MACH,2,0
C-EEU-HUN,2018,WASH_MACH,1,0.03
C-EEU-HUN,2018,WASH_MACH,2,0
C-EEU-HUN,2019,WASH_MACH,1,0.03
C-EEU-HUN,2019,WASH_MACH,2,0
C-EEU-HUN,2020,WASH_MACH,1,0.03
C-EEU-HUN,2020,WASH_MACH,2,0
C-EEU-HUN,2021,WASH_MACH,1,0.03
C-EEU-HUN,2021,WASH_MACH,2,0
C-EEU-HUN,2022,WASH_MACH,1,0.03
C-EEU-HUN,2022,WASH_MACH,2,0
C-EEU-HUN,2023,WASH_MACH,1,0.03
C-EEU-HUN,2023,WASH_MACH,2,0
C-EEU-HUN,2024,WASH_MACH,1,0.03
C-EEU-HUN,2024,WASH_MACH,2,0
C-EEU-HUN,2025,WASH_MACH,1,0.03
C-EEU-HUN,2025,WASH_MACH,2,0
C-EEU-HUN,2026,WASH_MACH,1,0.03
C-EEU-HUN,2026,WASH_MACH,2,0
C-EEU-HUN,2027,WASH_MACH,1,0.03
C-EEU-HUN,2027,WASH_MACH,2,0
C-EEU-HUN,2028,WASH_MACH,1,0.03
C-EEU-HUN,2028,WASH_MACH,2,0
C-EEU-HUN,2029,WASH_MACH,1,0.03
C-EEU-HUN,2029,WASH_MACH,2,0
C-EEU-HUN,2030,WASH_MACH,1,0.1
C-EEU-HUN,2030,WASH_MACH,2,0
C-EEU-HUN,2031,WASH_MACH,1,0.1
C-EEU-HUN,2031,WASH_MACH,2,0
C-EEU-HUN,2032,WASH_MACH,1,0.1
C-EEU-HUN,2032,WASH_MACH,2,0
C-EEU-HUN,2033,WASH_MACH,1,0.1
C-EEU-HUN,2033,WASH_MACH,2,0
C-EEU-HUN,2034,WASH_MACH,1,0.1
C-EEU-HUN,2034,WASH_MACH,2,0
C-EEU-HUN,2035,WASH_MACH,1,0.1
C-EEU-HUN,2035,WASH_MACH,2,0
C-EEU-HUN,2036,WASH_MACH,1,0.1
C-EEU-HUN,2036,WASH_MACH,2,0
C-EEU-HUN,2037,WASH_MACH,1,0.1
C-EEU-HUN,2037,WASH_MACH,2,0
C-EEU-HUN,2038,WASH_MACH,1,0.1
C-EEU-HUN,2038,WASH_MACH,2,0
C-EEU-HUN,2039,WASH_MACH,1,0.1
C-EEU-HUN,2039,WASH_MACH,2,0
C-EEU-HUN,2040,WASH_MACH,1,0.1
C-EEU-HUN,2040,WASH_MACH,2,0
C-EEU-HUN,2041,WASH_MACH,1,0.1
C-EEU-HUN,2041,WASH_MACH,2,0
C-EEU-HUN,2042,WASH_MACH,1,0.1
C-EEU-HUN,2042,WASH_MACH,2,0
C-EEU-HUN,2043,WASH_MACH,1,0.1
C-EEU-HUN,2043,WASH_MACH,2,0
C-EEU-HUN,2044,WASH_MACH,1,0.1
C-EEU-HUN,2044,WASH_MACH,2,0
C-EEU-HUN,2045,WASH_MACH,1,0.1
C-EEU-HUN,2045,WASH_MACH,2,0
C-EEU-HUN,2046,WASH_MACH,1,0.1
C-EEU-HUN,2046,WASH_MACH,2,0
C-EEU-HUN,2047,WASH_MACH,1,0.1
C-EEU-HUN,2047,WASH_MACH,2,0
C-EEU-HUN,2048,WASH_MACH,1,0.1
C-EEU-HUN,2048,WASH_MACH,2,0
C-EEU-HUN,2049,WASH_MACH,1,0.1
C-EEU-HUN,2049,WASH_MACH,2,0
C-EEU-HUN,2050,WASH_MACH,1,0.1
C-EEU-HUN,2050,WASH_MACH,2,0
C-EEU-HUN,2051,WASH_MACH,1,0.1
C-EEU-HUN,2051,WASH_MACH,2,0
C-EEU-HUN,2052,WASH_MACH,1,0.1
C-EEU-HUN,2052,WASH_MACH,2,0
C-EEU-HUN,2053,WASH_MACH,1,0.1
C-EEU-HUN,2053,WASH_MACH,2,0
C-EEU-HUN,2054,WASH_MACH,1,0.1
C-EEU-HUN,2054,WASH_MACH,2,0
C-EEU-HUN,2055,WASH_MACH,1,0.1
C-EEU-HUN,2055,WASH_MACH,2,0
C-EEU-HUN,2056,WASH_MACH,1,0.1
C-EEU-HUN,2056,WASH_MACH,2,0
C-EEU-HUN,2057,WASH_MACH,1,0.1
C-EEU-HUN,2057,WASH_MACH,2,0
C-EEU-HUN,2058,WASH_MACH,1,0.1
C-EEU-HUN,2058,WASH_MACH,2,0
C-EEU-HUN,2059,WASH_MACH,1,0.1
C-EEU-HUN,2059,WASH_MACH,2,0
C-EEU-HUN,2060,WASH_MACH,1,0.1
C-EEU-HUN,2060,WASH_MACH,2,0
C-EEU-HUN,2061,WASH_MACH,1,0.1
C-EEU-HUN,2061,WASH_MACH,2,0
C-EEU-HUN,2062,WASH_MACH,1,0.1
C-EEU-HUN,2062,WASH_MACH,2,0
C-EEU-HUN,2063,WASH_MACH,1,0.1
C-EEU-HUN,2063,WASH_MACH,2,0
C-EEU-HUN,2064,WASH_MACH,1,0.1
C-EEU-HUN,2064,WASH_MACH,2,0
C-EEU-HUN,2065,WASH_MACH,1,0.1
C-EEU-HUN,2065,WASH_MACH,2,0
C-EEU-HUN,2066,WASH_MACH,1,0.1
C-EEU-HUN,2066,WASH_MACH,2,0
C-EEU-HUN,2067,WASH_MACH,1,0.1
C-EEU-HUN,2067,WASH_MACH,2,0
C-EEU-HUN,2068,WASH_MACH,1,0.1
C-EEU-HUN,2068,WASH_MACH,2,0
C-EEU-HUN,2069,WASH_MACH,1,0.1
C-EEU-HUN,2069,WASH_MACH,2,0
C-EEU-HUN,2070,WASH_MACH,1,0.1
C-EEU-HUN,2070,WASH_MACH,2,0
C-EEU-HUN,2071,WASH_MACH,1,0.1
C-EEU-HUN,2071,WASH_MACH,2,0
C-EEU-HUN,2072,WASH_MACH,1,0.1
C-EEU-HUN,2072,WASH_MACH,2,0
C-EEU-HUN,2073,WASH_MACH,1,0.1
C-EEU-HUN,2073,WASH_MACH,2,0
C-EEU-HUN,2074,WASH_MACH,1,0.1
C-EEU-HUN,2074,WASH_MACH,2,0
C-EEU-HUN,2075,WASH_MACH,1,0.1
C-EEU-HUN,2075,WASH_MACH,2,0
C-EEU-HUN,2076,WASH_MACH,1,0.1
C-EEU-HUN,2076,WASH_MACH,2,0
C-EEU-HUN,2077,WASH_MACH,1,0.1
C-EEU-HUN,2077,WASH_MACH,2,0
C-EEU-HUN,2078,WASH_MACH,1,0.1
C-EEU-HUN,2078,WASH_MACH,2,0
C-EEU-HUN,2079,WASH_MACH,1,0.1
C-EEU-HUN,2079,WASH_MACH,2,0
C-EEU-HUN,2080,WASH_MACH,1,0.1
C-EEU-HUN,2080,WASH_MACH,2,0
C-EEU-HUN,2081,WASH_MACH,1,0.1
C-EEU-HUN,2081,WASH_MACH,2,0
C-EEU-HUN,2082,WASH_MACH,1,0.1
C-EEU-HUN,2082,WASH_MACH,2,0
C-EEU-HUN,2083,WASH_MACH,1,0.1
C-EEU-HUN,2083,WASH_MACH,2,0
C-EEU-HUN,2084,WASH_MACH,1,0.1
C-EEU-HUN,2084,WASH_MACH,2,0
C-EEU-HUN,2085,WASH_MACH,1,0.1
C-EEU-HUN,2085,WASH_MACH,2,0
C-EEU-HUN,2086,WASH_MACH,1,0.1
C-EEU-HUN,2086,WASH_MACH,2,0
C-EEU-HUN,2087,WASH_MACH,1,0.1
C-EEU-HUN,2087,WASH_MACH,2,0
C-EEU-HUN,2088,WASH_MACH,1,0.1
C-EEU-HUN,2088,WASH_MACH,2,0
C-EEU-HUN,2089,WASH_MACH,1,0.1
C-EEU-HUN,2089,WASH_MACH,2,0
C-EEU-HUN,2090,WASH_MACH,1,0.1
C-EEU-HUN,2090,WASH_MACH,2,0
C-EEU-HUN,2091,WASH_MACH,1,0.1
C-EEU-HUN,2091,WASH_MACH,2,0
C-EEU-HUN,2092,WASH_MACH,1,0.1
C-EEU-HUN,2092,WASH_MACH,2,0
C-EEU-HUN,2093,WASH_MACH,1,0.1
C-EEU-HUN,2093,WASH_MACH,2,0
C-EEU-HUN,2094,WASH_MACH,1,0.1
C-EEU-HUN,2094,WASH_MACH,2,0
C-EEU-HUN,2095,WASH_MACH,1,0.1
C-EEU-HUN,2095,WASH_MACH,2,0
C-EEU-HUN,2096,WASH_MACH,1,0.1
C-EEU-HUN,2096,WASH_MACH,2,0
C-EEU-HUN,2097,WASH_MACH,1,0.1
C-EEU-HUN,2097,WASH_MACH,2,0
C-EEU-HUN,2098,WASH_MACH,1,0.1
C-EEU-HUN,2098,WASH_MACH,2,0
C-EEU-HUN,2099,WASH_MACH,1,0.1
C-EEU-HUN,2099,WASH_MACH,2,0
C-EEU-HUN,2100,WASH_MACH,1,0.1
C-EEU-HUN,2100,WASH_MACH,2,0
C-EEU-HUN,2000,WASH_MACH_COM,1,0.03
C-EEU-HUN,2000,WASH_MACH_COM,2,0
C-EEU-HUN,2001,WASH_MACH_COM,1,0.03
C-EEU-HUN,2001,WASH_MACH_COM,2,0
C-EEU-HUN,2002,WASH_MACH_COM,1,0.03
C-EEU-HUN,2002,WASH_MACH_COM,2,0
C-EEU-HUN,2003,WASH_MACH_COM,1,0.03
C-EEU-HUN,2003,WASH_MACH_COM,2,0
C-EEU-HUN,2004,WASH_MACH_COM,1,0.03
C-EEU-HUN,2004,WASH_MACH_COM,2,0
C-EEU-HUN,2005,WASH_MACH_COM,1,0.03
C-EEU-HUN,2005,WASH_MACH_COM,2,0
C-EEU-HUN,2006,WASH_MACH_COM,1,0.03
C-EEU-HUN,2006,WASH_MACH_COM,2,0
C-EEU-HUN,2007,WASH_MACH_COM,1,0.03
C-EEU-HUN,2007,WASH_MACH_COM,2,0
C-EEU-HUN,2008,WASH_MACH_COM,1,0.03
C-EEU-HUN,2008,WASH_MACH_COM,2,0
C-EEU-HUN,2009,WASH_MACH_COM,1,0.03
C-EEU-HUN,2009,WASH_MACH_COM,2,0
C-EEU-HUN,2010,WASH_MACH_COM,1,0.03
C-EEU-HUN,2010,WASH_MACH_COM,2,0
C-EEU-HUN,2011,WASH_MACH_COM,1,0.03
C-EEU-HUN,2011,WASH_MACH_COM,2,0
C-EEU-HUN,2012,WASH_MACH_COM,1,0.03
C-EEU-HUN,2012,WASH_MACH_COM,2,0
C-EEU-HUN,2013,WASH_MACH_COM,1,0.03
C-EEU-HUN,2013,WASH_MACH_COM,2,0
C-EEU-HUN,2014,WASH_MACH_COM,1,0.03
C-EEU-HUN,2014,WASH_MACH_COM,2,0
C-EEU-HUN,2015,WASH_MACH_COM,1,0.03
C-EEU-HUN,2015,WASH_MACH_COM,2,0
C-EEU-HUN,2016,WASH_MACH_COM,1,0.03
C-EEU-HUN,2016,WASH_MACH_COM,2,0
C-EEU-HUN,2017,WASH_MACH_COM,1,0.03
C-EEU-HUN,2017,WASH_MACH_COM,2,0
C-EEU-HUN,2018,WASH_MACH_COM,1,0.03
C-EEU-HUN,2018,WASH_MACH_COM,2,0
C-EEU-HUN,2019,WASH_MACH_COM,1,0.03
C-EEU-HUN,2019,WASH_MACH_COM,2,0
C-EEU-HUN,2020,WASH_MACH_COM,1,0.03
C-EEU-HUN,2020,WASH_MACH_COM,2,0
C-EEU-HUN,2021,WASH_MACH_COM,1,0.03
C-EEU-HUN,2021,WASH_MACH_COM,2,0
C-EEU-HUN,2022,WASH_MACH_COM,1,0.03
C-EEU-HUN,2022,WASH_MACH_COM,2,0
C-EEU-HUN,2023,WASH_MACH_COM,1,0.03
C-EEU-HUN,2023,WASH_MACH_COM,2,0
C-EEU-HUN,2024,WASH_MACH_COM,1,0.03
C-EEU-HUN,2024,WASH_MACH_COM,2,0
C-EEU-HUN,2025,WASH_MACH_COM,1,0.03
C-EEU-HUN,2025,WASH_MACH_COM,2,0
C-EEU-HUN,2026,WASH_MACH_COM,1,0.03
C-EEU-HUN,2026,WASH_MACH_COM,2,0
C-EEU-HUN,2027,WASH_MACH_COM,1,0.03
C-EEU-HUN,2027,WASH_MACH_COM,2,0
C-EEU-HUN,2028,WASH_MACH_COM,1,0.03
C-EEU-HUN,2028,WASH_MACH_COM,2,0
C-EEU-HUN,2029,WASH_MACH_COM,1,0.03
C-EEU-HUN,2029,WASH_MACH_COM,2,0
C-EEU-HUN,2030,WASH_MACH_COM,1,0.1
C-EEU-HUN,2030,WASH_MACH_COM,2,0
C-EEU-HUN,2031,WASH_MACH_COM,1,0.1
C-EEU-HUN,2031,WASH_MACH_COM,2,0
C-EEU-HUN,2032,WASH_MACH_COM,1,0.1
C-EEU-HUN,2032,WASH_MACH_COM,2,0
C-EEU-HUN,2033,WASH_MACH_COM,1,0.1
C-EEU-HUN,2033,WASH_MACH_COM,2,0
C-EEU-HUN,2034,WASH_MACH_COM,1,0.1
C-EEU-HUN,2034,WASH_MACH_COM,2,0
C-EEU-HUN,2035,WASH_MACH_COM,1,0.1
C-EEU-HUN,2035,WASH_MACH_COM,2,0
C-EEU-HUN,2036,WASH_MACH_COM,1,0.1
C-EEU-HUN,2036,WASH_MACH_COM,2,0
C-EEU-HUN,2037,WASH_MACH_COM,1,0.1
C-EEU-HUN,2037,WASH_MACH_COM,2,0
C-EEU-HUN,2038,WASH_MACH_COM,1,0.1
C-EEU-HUN,2038,WASH_MACH_COM,2,0
C-EEU-HUN,2039,WASH_MACH_COM,1,0.1
C-EEU-HUN,2039,WASH_MACH_COM,2,0
C-EEU-HUN,2040,WASH_MACH_COM,1,0.1
C-EEU-HUN,2040,WASH_MACH_COM,2,0
C-EEU-HUN,2041,WASH_MACH_COM,1,0.1
C-EEU-HUN,2041,WASH_MACH_COM,2,0
C-EEU-HUN,2042,WASH_MACH_COM,1,0.1
C-EEU-HUN,2042,WASH_MACH_COM,2,0
C-EEU-HUN,2043,WASH_MACH_COM,1,0.1
C-EEU-HUN,2043,WASH_MACH_COM,2,0
C-EEU-HUN,2044,WASH_MACH_COM,1,0.1
C-EEU-HUN,2044,WASH_MACH_COM,2,0
C-EEU-HUN,2045,WASH_MACH_COM,1,0.1
C-EEU-HUN,2045,WASH_MACH_COM,2,0
C-EEU-HUN,2046,WASH_MACH_COM,1,0.1
C-EEU-HUN,2046,WASH_MACH_COM,2,0
C-EEU-HUN,2047,WASH_MACH_COM,1,0.1
C-EEU-HUN,2047,WASH_MACH_COM,2,0
C-EEU-HUN,2048,WASH_MACH_COM,1,0.1
C-EEU-HUN,2048,WASH_MACH_COM,2,0
C-EEU-HUN,2049,WASH_MACH_COM,1,0.1
C-EEU-HUN,2049,WASH_MACH_COM,2,0
C-EEU-HUN,2050,WASH_MACH_COM,1,0.1
C-EEU-HUN,2050,WASH_MACH_COM,2,0
C-EEU-HUN,2051,WASH_MACH_COM,1,0.1
C-EEU-HUN,2051,WASH_MACH_COM,2,0
C-EEU-HUN,2052,WASH_MACH_COM,1,0.1
C-EEU-HUN,2052,WASH_MACH_COM,2,0
C-EEU-HUN,2053,WASH_MACH_COM,1,0.1
C-EEU-HUN,2053,WASH_MACH_COM,2,0
C-EEU-HUN,2054,WASH_MACH_COM,1,0.1
C-EEU-HUN,2054,WASH_MACH_COM,2,0
C-EEU-HUN,2055,WASH_MACH_COM,1,0.1
C-EEU-HUN,2055,WASH_MACH_COM,2,0
C-EEU-HUN,2056,WASH_MACH_COM,1,0.1
C-EEU-HUN,2056,WASH_MACH_COM,2,0
C-EEU-HUN,2057,WASH_MACH_COM,1,0.1
C-EEU-HUN,2057,WASH_MACH_COM,2,0
C-EEU-HUN,2058,WASH_MACH_COM,1,0.1
C-EEU-HUN,2058,WASH_MACH_COM,2,0
C-EEU-HUN,2059,WASH_MACH_COM,1,0.1
C-EEU-HUN,2059,WASH_MACH_COM,2,0
C-EEU-HUN,2060,WASH_MACH_COM,1,0.1
C-EEU-HUN,2060,WASH_MACH_COM,2,0
C-EEU-HUN,2061,WASH_MACH_COM,1,0.1
C-EEU-HUN,2061,WASH_MACH_COM,2,0
C-EEU-HUN,2062,WASH_MACH_COM,1,0.1
C-EEU-HUN,2062,WASH_MACH_COM,2,0
C-EEU-HUN,2063,WASH_MACH_COM,1,0.1
C-EEU-HUN,2063,WASH_MACH_COM,2,0
C-EEU-HUN,2064,WASH_MACH_COM,1,0.1
C-EEU-HUN,2064,WASH_MACH_COM,2,0
C-EEU-HUN,2065,WASH_MACH_COM,1,0.1
C-EEU-HUN,2065,WASH_MACH_COM,2,0
C-EEU-HUN,2066,WASH_MACH_COM,1,0.1
C-EEU-HUN,2066,WASH_MACH_COM,2,0
C-EEU-HUN,2067,WASH_MACH_COM,1,0.1
C-EEU-HUN,2067,WASH_MACH_COM,2,0
C-EEU-HUN,2068,WASH_MACH_COM,1,0.1
C-EEU-HUN,2068,WASH_MACH_COM,2,0
C-EEU-HUN,2069,WASH_MACH_COM,1,0.1
C-EEU-HUN,2069,WASH_MACH_COM,2,0
C-EEU-HUN,2070,WASH_MACH_COM,1,0.1
C-EEU-HUN,2070,WASH_MACH_COM,2,0
C-EEU-HUN,2071,WASH_MACH_COM,1,0.1
C-EEU-HUN,2071,WASH_MACH_COM,2,0
C-EEU-HUN,2072,WASH_MACH_COM,1,0.1
C-EEU-HUN,2072,WASH_MACH_COM,2,0
C-EEU-HUN,2073,WASH_MACH_COM,1,0.1
C-EEU-HUN,2073,WASH_MACH_COM,2,0
C-EEU-HUN,2074,WASH_MACH_COM,1,0.1
C-EEU-HUN,2074,WASH_MACH_COM,2,0
C-EEU-HUN,2075,WASH_MACH_COM,1,0.1
C-EEU-HUN,2075,WASH_MACH_COM,2,0
C-EEU-HUN,2076,WASH_MACH_COM,1,0.1
C-EEU-HUN,2076,WASH_MACH_COM,2,0
C-EEU-HUN,2077,WASH_MACH_COM,1,0.1
C-EEU-HUN,2077,WASH_MACH_COM,2,0
C-EEU-HUN,2078,WASH_MACH_COM,1,0.1
C-EEU-HUN,2078,WASH_MACH_COM,2,0
C-EEU-HUN,2079,WASH_MACH_COM,1,0.1
C-EEU-HUN,2079,WASH_MACH_COM,2,0
C-EEU-HUN,2080,WASH_MACH_COM,1,0.1
C-EEU-HUN,2080,WASH_MACH_COM,2,0
C-EEU-HUN,2081,WASH_MACH_COM,1,0.1
C-EEU-HUN,2081,WASH_MACH_COM,2,0
C-EEU-HUN,2082,WASH_MACH_COM,1,0.1
C-EEU-HUN,2082,WASH_MACH_COM,2,0
C-EEU-HUN,2083,WASH_MACH_COM,1,0.1
C-EEU-HUN,2083,WASH_MACH_COM,2,0
C-EEU-HUN,2084,WASH_MACH_COM,1,0.1
C-EEU-HUN,2084,WASH_MACH_COM,2,0
C-EEU-HUN,2085,WASH_MACH_COM,1,0.1
C-EEU-HUN,2085,WASH_MACH_COM,2,0
C-EEU-HUN,2086,WASH_MACH_COM,1,0.1
C-EEU-HUN,2086,WASH_MACH_COM,2,0
C-EEU-HUN,2087,WASH_MACH_COM,1,0.1
C-EEU-HUN,2087,WASH_MACH_COM,2,0
C-EEU-HUN,2088,WASH_MACH_COM,1,0.1
C-EEU-HUN,2088,WASH_MACH_COM,2,0
C-EEU-HUN,2089,WASH_MACH_COM,1,0.1
C-EEU-HUN,2089,WASH_MACH_COM,2,0
C-EEU-HUN,2090,WASH_MACH_COM,1,0.1
C-EEU-HUN,2090,WASH_MACH_COM,2,0
C-EEU-HUN,2091,WASH_MACH_COM,1,0.1
C-EEU-HUN,2091,WASH_MACH_COM,2,0
C-EEU-HUN,2092,WASH_MACH_COM,1,0.1
C-EEU-HUN,2092,WASH_MACH_COM,2,0
C-EEU-HUN,2093,WASH_MACH_COM,1,0.1
C-EEU-HUN,2093,WASH_MACH_COM,2,0
C-EEU-HUN,2094,WASH_MACH_COM,1,0.1
C-EEU-HUN,2094,WASH_MACH_COM,2,0
C-EEU-HUN,2095,WASH_MACH_COM,1,0.1
C-EEU-HUN,2095,WASH_MACH_COM,2,0
C-EEU-HUN,2096,WASH_MACH_COM,1,0.1
C-EEU-HUN,2096,WASH_MACH_COM,2,0
C-EEU-HUN,2097,WASH_MACH_COM,1,0.1
C-EEU-HUN,2097,WASH_MACH_COM,2,0
C-EEU-HUN,2098,WASH_MACH_COM,1,0.1
C-EEU-HUN,2098,WASH_MACH_COM,2,0
C-EEU-HUN,2099,WASH_MACH_COM,1,0.1
C-EEU-HUN,2099,WASH_MACH_COM,2,0
C-EEU-HUN,2100,WASH_MACH_COM,1,0.1
C-EEU-HUN,2100,WASH_MACH_COM,2,0
C-EEU-LTU,2000,WASH_MACH,1,0.03
C-EEU-LTU,2000,WASH_MACH,2,0
C-EEU-LTU,2001,WASH_MACH,1,0.03
C-EEU-LTU,2001,WASH_MACH,2,0
C-EEU-LTU,2002,WASH_MACH,1,0.03
C-EEU-LTU,2002,WASH_MACH,2,0
C-EEU-LTU,2003,WASH_MACH,1,0.03
C-EEU-LTU,2003,WASH_MACH,2,0
C-EEU-LTU,2004,WASH_MACH,1,0.03
C-EEU-LTU,2004,WASH_MACH,2,0
C-EEU-LTU,2005,WASH_MACH,1,0.03
C-EEU-LTU,2005,WASH_MACH,2,0
C-EEU-LTU,2006,WASH_MACH,1,0.03
C-EEU-LTU,2006,WASH_MACH,2,0
C-EEU-LTU,2007,WASH_MACH,1,0.03
C-EEU-LTU,2007,WASH_MACH,2,0
C-EEU-LTU,2008,WASH_MACH,1,0.03
C-EEU-LTU,2008,WASH_MACH,2,0
C-EEU-LTU,2009,WASH_MACH,1,0.03
C-EEU-LTU,2009,WASH_MACH,2,0
C-EEU-LTU,2010,WASH_MACH,1,0.03
C-EEU-LTU,2010,WASH_MACH,2,0
C-EEU-LTU,2011,WASH_MACH,1,0.03
C-EEU-LTU,2011,WASH_MACH,2,0
C-EEU-LTU,2012,WASH_MACH,1,0.03
C-EEU-LTU,2012,WASH_MACH,2,0
C-EEU-LTU,2013,WASH_MACH,1,0.03
C-EEU-LTU,2013,WASH_MACH,2,0
C-EEU-LTU,2014,WASH_MACH,1,0.03
C-EEU-LTU,2014,WASH_MACH,2,0
C-EEU-LTU,2015,WASH_MACH,1,0.03
C-EEU-LTU,2015,WASH_MACH,2,0
C-EEU-LTU,2016,WASH_MACH,1,0.03
C-EEU-LTU,2016,WASH_MACH,2,0
C-EEU-LTU,2017,WASH_MACH,1,0.03
C-EEU-LTU,2017,WASH_MACH,2,0
C-EEU-LTU,2018,WASH_MACH,1,0.03
C-EEU-LTU,2018,WASH_MACH,2,0
C-EEU-LTU,2019,WASH_MACH,1,0.03
C-EEU-LTU,2019,WASH_MACH,2,0
C-EEU-LTU,2020,WASH_MACH,1,0.03
C-EEU-LTU,2020,WASH_MACH,2,0
C-EEU-LTU,2021,WASH_MACH,1,0.03
C-EEU-LTU,2021,WASH_MACH,2,0
C-EEU-LTU,2022,WASH_MACH,1,0.03
C-EEU-LTU,2022,WASH_MACH,2,0
C-EEU-LTU,2023,WASH_MACH,1,0.03
C-EEU-LTU,2023,WASH_MACH,2,0
C-EEU-LTU,2024,WASH_MACH,1,0.03
C-EEU-LTU,2024,WASH_MACH,2,0
C-EEU-LTU,2025,WASH_MACH,1,0.03
C-EEU-LTU,2025,WASH_MACH,2,0
C-EEU-LTU,2026,WASH_MACH,1,0.03
C-EEU-LTU,2026,WASH_MACH,2,0
C-EEU-LTU,2027,WASH_MACH,1,0.03
C-EEU-LTU,2027,WASH_MACH,2,0
C-EEU-LTU,2028,WASH_MACH,1,0.03
C-EEU-LTU,2028,WASH_MACH,2,0
C-EEU-LTU,2029,WASH_MACH,1,0.03
C-EEU-LTU,2029,WASH_MACH,2,0
C-EEU-LTU,2030,WASH_MACH,1,0.1
C-EEU-LTU,2030,WASH_MACH,2,0
C-EEU-LTU,2031,WASH_MACH,1,0.1
C-EEU-LTU,2031,WASH_MACH,2,0
C-EEU-LTU,2032,WASH_MACH,1,0.1
C-EEU-LTU,2032,WASH_MACH,2,0
C-EEU-LTU,2033,WASH_MACH,1,0.1
C-EEU-LTU,2033,WASH_MACH,2,0
C-EEU-LTU,2034,WASH_MACH,1,0.1
C-EEU-LTU,2034,WASH_MACH,2,0
C-EEU-LTU,2035,WASH_MACH,1,0.1
C-EEU-LTU,2035,WASH_MACH,2,0
C-EEU-LTU,2036,WASH_MACH,1,0.1
C-EEU-LTU,2036,WASH_MACH,2,0
C-EEU-LTU,2037,WASH_MACH,1,0.1
C-EEU-LTU,2037,WASH_MACH,2,0
C-EEU-LTU,2038,WASH_MACH,1,0.1
C-EEU-LTU,2038,WASH_MACH,2,0
C-EEU-LTU,2039,WASH_MACH,1,0.1
C-EEU-LTU,2039,WASH_MACH,2,0
C-EEU-LTU,2040,WASH_MACH,1,0.1
C-EEU-LTU,2040,WASH_MACH,2,0
C-EEU-LTU,2041,WASH_MACH,1,0.1
C-EEU-LTU,2041,WASH_MACH,2,0
C-EEU-LTU,2042,WASH_MACH,1,0.1
C-EEU-LTU,2042,WASH_MACH,2,0
C-EEU-LTU,2043,WASH_MACH,1,0.1
C-EEU-LTU,2043,WASH_MACH,2,0
C-EEU-LTU,2044,WASH_MACH,1,0.1
C-EEU-LTU,2044,WASH_MACH,2,0
C-EEU-LTU,2045,WASH_MACH,1,0.1
C-EEU-LTU,2045,WASH_MACH,2,0
C-EEU-LTU,2046,WASH_MACH,1,0.1
C-EEU-LTU,2046,WASH_MACH,2,0
C-EEU-LTU,2047,WASH_MACH,1,0.1
C-EEU-LTU,2047,WASH_MACH,2,0
C-EEU-LTU,2048,WASH_MACH,1,0.1
C-EEU-LTU,2048,WASH_MACH,2,0
C-EEU-LTU,2049,WASH_MACH,1,0.1
C-EEU-LTU,2049,WASH_MACH,2,0
C-EEU-LTU,2050,WASH_MACH,1,0.1
C-EEU-LTU,2050,WASH_MACH,2,0
C-EEU-LTU,2051,WASH_MACH,1,0.1
C-EEU-LTU,2051,WASH_MACH,2,0
C-EEU-LTU,2052,WASH_MACH,1,0.1
C-EEU-LTU,2052,WASH_MACH,2,0
C-EEU-LTU,2053,WASH_MACH,1,0.1
C-EEU-LTU,2053,WASH_MACH,2,0
C-EEU-LTU,2054,WASH_MACH,1,0.1
C-EEU-LTU,2054,WASH_MACH,2,0
C-EEU-LTU,2055,WASH_MACH,1,0.1
C-EEU-LTU,2055,WASH_MACH,2,0
C-EEU-LTU,2056,WASH_MACH,1,0.1
C-EEU-LTU,2056,WASH_MACH,2,0
C-EEU-LTU,2057,WASH_MACH,1,0.1
C-EEU-LTU,2057,WASH_MACH,2,0
C-EEU-LTU,2058,WASH_MACH,1,0.1
C-EEU-LTU,2058,WASH_MACH,2,0
C-EEU-LTU,2059,WASH_MACH,1,0.1
C-EEU-LTU,2059,WASH_MACH,2,0
C-EEU-LTU,2060,WASH_MACH,1,0.1
C-EEU-LTU,2060,WASH_MACH,2,0
C-EEU-LTU,2061,WASH_MACH,1,0.1
C-EEU-LTU,2061,WASH_MACH,2,0
C-EEU-LTU,2062,WASH_MACH,1,0.1
C-EEU-LTU,2062,WASH_MACH,2,0
C-EEU-LTU,2063,WASH_MACH,1,0.1
C-EEU-LTU,2063,WASH_MACH,2,0
C-EEU-LTU,2064,WASH_MACH,1,0.1
C-EEU-LTU,2064,WASH_MACH,2,0
C-EEU-LTU,2065,WASH_MACH,1,0.1
C-EEU-LTU,2065,WASH_MACH,2,0
C-EEU-LTU,2066,WASH_MACH,1,0.1
C-EEU-LTU,2066,WASH_MACH,2,0
C-EEU-LTU,2067,WASH_MACH,1,0.1
C-EEU-LTU,2067,WASH_MACH,2,0
C-EEU-LTU,2068,WASH_MACH,1,0.1
C-EEU-LTU,2068,WASH_MACH,2,0
C-EEU-LTU,2069,WASH_MACH,1,0.1
C-EEU-LTU,2069,WASH_MACH,2,0
C-EEU-LTU,2070,WASH_MACH,1,0.1
C-EEU-LTU,2070,WASH_MACH,2,0
C-EEU-LTU,2071,WASH_MACH,1,0.1
C-EEU-LTU,2071,WASH_MACH,2,0
C-EEU-LTU,2072,WASH_MACH,1,0.1
C-EEU-LTU,2072,WASH_MACH,2,0
C-EEU-LTU,2073,WASH_MACH,1,0.1
C-EEU-LTU,2073,WASH_MACH,2,0
C-EEU-LTU,2074,WASH_MACH,1,0.1
C-EEU-LTU,2074,WASH_MACH,2,0
C-EEU-LTU,2075,WASH_MACH,1,0.1
C-EEU-LTU,2075,WASH_MACH,2,0
C-EEU-LTU,2076,WASH_MACH,1,0.1
C-EEU-LTU,2076,WASH_MACH,2,0
C-EEU-LTU,2077,WASH_MACH,1,0.1
C-EEU-LTU,2077,WASH_MACH,2,0
C-EEU-LTU,2078,WASH_MACH,1,0.1
C-EEU-LTU,2078,WASH_MACH,2,0
C-EEU-LTU,2079,WASH_MACH,1,0.1
C-EEU-LTU,2079,WASH_MACH,2,0
C-EEU-LTU,2080,WASH_MACH,1,0.1
C-EEU-LTU,2080,WASH_MACH,2,0
C-EEU-LTU,2081,WASH_MACH,1,0.1
C-EEU-LTU,2081,WASH_MACH,2,0
C-EEU-LTU,2082,WASH_MACH,1,0.1
C-EEU-LTU,2082,WASH_MACH,2,0
C-EEU-LTU,2083,WASH_MACH,1,0.1
C-EEU-LTU,2083,WASH_MACH,2,0
C-EEU-LTU,2084,WASH_MACH,1,0.1
C-EEU-LTU,2084,WASH_MACH,2,0
C-EEU-LTU,2085,WASH_MACH,1,0.1
C-EEU-LTU,2085,WASH_MACH,2,0
C-EEU-LTU,2086,WASH_MACH,1,0.1
C-EEU-LTU,2086,WASH_MACH,2,0
C-EEU-LTU,2087,WASH_MACH,1,0.1
C-EEU-LTU,2087,WASH_MACH,2,0
C-EEU-LTU,2088,WASH_MACH,1,0.1
C-EEU-LTU,2088,WASH_MACH,2,0
C-EEU-LTU,2089,WASH_MACH,1,0.1
C-EEU-LTU,2089,WASH_MACH,2,0
C-EEU-LTU,2090,WASH_MACH,1,0.1
C-EEU-LTU,2090,WASH_MACH,2,0
C-EEU-LTU,2091,WASH_MACH,1,0.1
C-EEU-LTU,2091,WASH_MACH,2,0
C-EEU-LTU,2092,WASH_MACH,1,0.1
C-EEU-LTU,2092,WASH_MACH,2,0
C-EEU-LTU,2093,WASH_MACH,1,0.1
C-EEU-LTU,2093,WASH_MACH,2,0
C-EEU-LTU,2094,WASH_MACH,1,0.1
C-EEU-LTU,2094,WASH_MACH,2,0
C-EEU-LTU,2095,WASH_MACH,1,0.1
C-EEU-LTU,2095,WASH_MACH,2,0
C-EEU-LTU,2096,WASH_MACH,1,0.1
C-EEU-LTU,2096,WASH_MACH,2,0
C-EEU-LTU,2097,WASH_MACH,1,0.1
C-EEU-LTU,2097,WASH_MACH,2,0
C-EEU-LTU,2098,WASH_MACH,1,0.1
C-EEU-LTU,2098,WASH_MACH,2,0
C-EEU-LTU,2099,WASH_MACH,1,0.1
C-EEU-LTU,2099,WASH_MACH,2,0
C-EEU-LTU,2100,WASH_MACH,1,0.1
C-EEU-LTU,2100,WASH_MACH,2,0
C-EEU-LTU,2000,WASH_MACH_COM,1,0.03
C-EEU-LTU,2000,WASH_MACH_COM,2,0
C-EEU-LTU,2001,WASH_MACH_COM,1,0.03
C-EEU-LTU,2001,WASH_MACH_COM,2,0
C-EEU-LTU,2002,WASH_MACH_COM,1,0.03
C-EEU-LTU,2002,WASH_MACH_COM,2,0
C-EEU-LTU,2003,WASH_MACH_COM,1,0.03
C-EEU-LTU,2003,WASH_MACH_COM,2,0
C-EEU-LTU,2004,WASH_MACH_COM,1,0.03
C-EEU-LTU,2004,WASH_MACH_COM,2,0
C-EEU-LTU,2005,WASH_MACH_COM,1,0.03
C-EEU-LTU,2005,WASH_MACH_COM,2,0
C-EEU-LTU,2006,WASH_MACH_COM,1,0.03
C-EEU-LTU,2006,WASH_MACH_COM,2,0
C-EEU-LTU,2007,WASH_MACH_COM,1,0.03
C-EEU-LTU,2007,WASH_MACH_COM,2,0
C-EEU-LTU,2008,WASH_MACH_COM,1,0.03
C-EEU-LTU,2008,WASH_MACH_COM,2,0
C-EEU-LTU,2009,WASH_MACH_COM,1,0.03
C-EEU-LTU,2009,WASH_MACH_COM,2,0
C-EEU-LTU,2010,WASH_MACH_COM,1,0.03
C-EEU-LTU,2010,WASH_MACH_COM,2,0
C-EEU-LTU,2011,WASH_MACH_COM,1,0.03
C-EEU-LTU,2011,WASH_MACH_COM,2,0
C-EEU-LTU,2012,WASH_MACH_COM,1,0.03
C-EEU-LTU,2012,WASH_MACH_COM,2,0
C-EEU-LTU,2013,WASH_MACH_COM,1,0.03
C-EEU-LTU,2013,WASH_MACH_COM,2,0
C-EEU-LTU,2014,WASH_MACH_COM,1,0.03
C-EEU-LTU,2014,WASH_MACH_COM,2,0
C-EEU-LTU,2015,WASH_MACH_COM,1,0.03
C-EEU-LTU,2015,WASH_MACH_COM,2,0
C-EEU-LTU,2016,WASH_MACH_COM,1,0.03
C-EEU-LTU,2016,WASH_MACH_COM,2,0
C-EEU-LTU,2017,WASH_MACH_COM,1,0.03
C-EEU-LTU,2017,WASH_MACH_COM,2,0
C-EEU-LTU,2018,WASH_MACH_COM,1,0.03
C-EEU-LTU,2018,WASH_MACH_COM,2,0
C-EEU-LTU,2019,WASH_MACH_COM,1,0.03
C-EEU-LTU,2019,WASH_MACH_COM,2,0
C-EEU-LTU,2020,WASH_MACH_COM,1,0.03
C-EEU-LTU,2020,WASH_MACH_COM,2,0
C-EEU-LTU,2021,WASH_MACH_COM,1,0.03
C-EEU-LTU,2021,WASH_MACH_COM,2,0
C-EEU-LTU,2022,WASH_MACH_COM,1,0.03
C-EEU-LTU,2022,WASH_MACH_COM,2,0
C-EEU-LTU,2023,WASH_MACH_COM,1,0.03
C-EEU-LTU,2023,WASH_MACH_COM,2,0
C-EEU-LTU,2024,WASH_MACH_COM,1,0.03
C-EEU-LTU,2024,WASH_MACH_COM,2,0
C-EEU-LTU,2025,WASH_MACH_COM,1,0.03
C-EEU-LTU,2025,WASH_MACH_COM,2,0
C-EEU-LTU,2026,WASH_MACH_COM,1,0.03
C-EEU-LTU,2026,WASH_MACH_COM,2,0
C-EEU-LTU,2027,WASH_MACH_COM,1,0.03
C-EEU-LTU,2027,WASH_MACH_COM,2,0
C-EEU-LTU,2028,WASH_MACH_COM,1,0.03
C-EEU-LTU,2028,WASH_MACH_COM,2,0
C-EEU-LTU,2029,WASH_MACH_COM,1,0.03
C-EEU-LTU,2029,WASH_MACH_COM,2,0
C-EEU-LTU,2030,WASH_MACH_COM,1,0.1
C-EEU-LTU,2030,WASH_MACH_COM,2,0
C-EEU-LTU,2031,WASH_MACH_COM,1,0.1
C-EEU-LTU,2031,WASH_MACH_COM,2,0
C-EEU-LTU,2032,WASH_MACH_COM,1,0.1
C-EEU-LTU,2032,WASH_MACH_COM,2,0
C-EEU-LTU,2033,WASH_MACH_COM,1,0.1
C-EEU-LTU,2033,WASH_MACH_COM,2,0
C-EEU-LTU,2034,WASH_MACH_COM,1,0.1
C-EEU-LTU,2034,WASH_MACH_COM,2,0
C-EEU-LTU,2035,WASH_MACH_COM,1,0.1
C-EEU-LTU,2035,WASH_MACH_COM,2,0
C-EEU-LTU,2036,WASH_MACH_COM,1,0.1
C-EEU-LTU,2036,WASH_MACH_COM,2,0
C-EEU-LTU,2037,WASH_MACH_COM,1,0.1
C-EEU-LTU,2037,WASH_MACH_COM,2,0
C-EEU-LTU,2038,WASH_MACH_COM,1,0.1
C-EEU-LTU,2038,WASH_MACH_COM,2,0
C-EEU-LTU,2039,WASH_MACH_COM,1,0.1
C-EEU-LTU,2039,WASH_MACH_COM,2,0
C-EEU-LTU,2040,WASH_MACH_COM,1,0.1
C-EEU-LTU,2040,WASH_MACH_COM,2,0
C-EEU-LTU,2041,WASH_MACH_COM,1,0.1
C-EEU-LTU,2041,WASH_MACH_COM,2,0
C-EEU-LTU,2042,WASH_MACH_COM,1,0.1
C-EEU-LTU,2042,WASH_MACH_COM,2,0
C-EEU-LTU,2043,WASH_MACH_COM,1,0.1
C-EEU-LTU,2043,WASH_MACH_COM,2,0
C-EEU-LTU,2044,WASH_MACH_COM,1,0.1
C-EEU-LTU,2044,WASH_MACH_COM,2,0
C-EEU-LTU,2045,WASH_MACH_COM,1,0.1
C-EEU-LTU,2045,WASH_MACH_COM,2,0
C-EEU-LTU,2046,WASH_MACH_COM,1,0.1
C-EEU-LTU,2046,WASH_MACH_COM,2,0
C-EEU-LTU,2047,WASH_MACH_COM,1,0.1
C-EEU-LTU,2047,WASH_MACH_COM,2,0
C-EEU-LTU,2048,WASH_MACH_COM,1,0.1
C-EEU-LTU,2048,WASH_MACH_COM,2,0
C-EEU-LTU,2049,WASH_MACH_COM,1,0.1
C-EEU-LTU,2049,WASH_MACH_COM,2,0
C-EEU-LTU,2050,WASH_MACH_COM,1,0.1
C-EEU-LTU,2050,WASH_MACH_COM,2,0
C-EEU-LTU,2051,WASH_MACH_COM,1,0.1
C-EEU-LTU,2051,WASH_MACH_COM,2,0
C-EEU-LTU,2052,WASH_MACH_COM,1,0.1
C-EEU-LTU,2052,WASH_MACH_COM,2,0
C-EEU-LTU,2053,WASH_MACH_COM,1,0.1
C-EEU-LTU,2053,WASH_MACH_COM,2,0
C-EEU-LTU,2054,WASH_MACH_COM,1,0.1
C-EEU-LTU,2054,WASH_MACH_COM,2,0
C-EEU-LTU,2055,WASH_MACH_COM,1,0.1
C-EEU-LTU,2055,WASH_MACH_COM,2,0
C-EEU-LTU,2056,WASH_MACH_COM,1,0.1
C-EEU-LTU,2056,WASH_MACH_COM,2,0
C-EEU-LTU,2057,WASH_MACH_COM,1,0.1
C-EEU-LTU,2057,WASH_MACH_COM,2,0
C-EEU-LTU,2058,WASH_MACH_COM,1,0.1
C-EEU-LTU,2058,WASH_MACH_COM,2,0
C-EEU-LTU,2059,WASH_MACH_COM,1,0.1
C-EEU-LTU,2059,WASH_MACH_COM,2,0
C-EEU-LTU,2060,WASH_MACH_COM,1,0.1
C-EEU-LTU,2060,WASH_MACH_COM,2,0
C-EEU-LTU,2061,WASH_MACH_COM,1,0.1
C-EEU-LTU,2061,WASH_MACH_COM,2,0
C-EEU-LTU,2062,WASH_MACH_COM,1,0.1
C-EEU-LTU,2062,WASH_MACH_COM,2,0
C-EEU-LTU,2063,WASH_MACH_COM,1,0.1
C-EEU-LTU,2063,WASH_MACH_COM,2,0
C-EEU-LTU,2064,WASH_MACH_COM,1,0.1
C-EEU-LTU,2064,WASH_MACH_COM,2,0
C-EEU-LTU,2065,WASH_MACH_COM,1,0.1
C-EEU-LTU,2065,WASH_MACH_COM,2,0
C-EEU-LTU,2066,WASH_MACH_COM,1,0.1
C-EEU-LTU,2066,WASH_MACH_COM,2,0
C-EEU-LTU,2067,WASH_MACH_COM,1,0.1
C-EEU-LTU,2067,WASH_MACH_COM,2,0
C-EEU-LTU,2068,WASH_MACH_COM,1,0.1
C-EEU-LTU,2068,WASH_MACH_COM,2,0
C-EEU-LTU,2069,WASH_MACH_COM,1,0.1
C-EEU-LTU,2069,WASH_MACH_COM,2,0
C-EEU-LTU,2070,WASH_MACH_COM,1,0.1
C-EEU-LTU,2070,WASH_MACH_COM,2,0
C-EEU-LTU,2071,WASH_MACH_COM,1,0.1
C-EEU-LTU,2071,WASH_MACH_COM,2,0
C-EEU-LTU,2072,WASH_MACH_COM,1,0.1
C-EEU-LTU,2072,WASH_MACH_COM,2,0
C-EEU-LTU,2073,WASH_MACH_COM,1,0.1
C-EEU-LTU,2073,WASH_MACH_COM,2,0
C-EEU-LTU,2074,WASH_MACH_COM,1,0.1
C-EEU-LTU,2074,WASH_MACH_COM,2,0
C-EEU-LTU,2075,WASH_MACH_COM,1,0.1
C-EEU-LTU,2075,WASH_MACH_COM,2,0
C-EEU-LTU,2076,WASH_MACH_COM,1,0.1
C-EEU-LTU,2076,WASH_MACH_COM,2,0
C-EEU-LTU,2077,WASH_MACH_COM,1,0.1
C-EEU-LTU,2077,WASH_MACH_COM,2,0
C-EEU-LTU,2078,WASH_MACH_COM,1,0.1
C-EEU-LTU,2078,WASH_MACH_COM,2,0
C-EEU-LTU,2079,WASH_MACH_COM,1,0.1
C-EEU-LTU,2079,WASH_MACH_COM,2,0
C-EEU-LTU,2080,WASH_MACH_COM,1,0.1
C-EEU-LTU,2080,WASH_MACH_COM,2,0
C-EEU-LTU,2081,WASH_MACH_COM,1,0.1
C-EEU-LTU,2081,WASH_MACH_COM,2,0
C-EEU-LTU,2082,WASH_MACH_COM,1,0.1
C-EEU-LTU,2082,WASH_MACH_COM,2,0
C-EEU-LTU,2083,WASH_MACH_COM,1,0.1
C-EEU-LTU,2083,WASH_MACH_COM,2,0
C-EEU-LTU,2084,WASH_MACH_COM,1,0.1
C-EEU-LTU,2084,WASH_MACH_COM,2,0
C-EEU-LTU,2085,WASH_MACH_COM,1,0.1
C-EEU-LTU,2085,WASH_MACH_COM,2,0
C-EEU-LTU,2086,WASH_MACH_COM,1,0.1
C-EEU-LTU,2086,WASH_MACH_COM,2,0
C-EEU-LTU,2087,WASH_MACH_COM,1,0.1
C-EEU-LTU,2087,WASH_MACH_COM,2,0
C-EEU-LTU,2088,WASH_MACH_COM,1,0.1
C-EEU-LTU,2088,WASH_MACH_COM,2,0
C-EEU-LTU,2089,WASH_MACH_COM,1,0.1
C-EEU-LTU,2089,WASH_MACH_COM,2,0
C-EEU-LTU,2090,WASH_MACH_COM,1,0.1
C-EEU-LTU,2090,WASH_MACH_COM,2,0
C-EEU-LTU,2091,WASH_MACH_COM,1,0.1
C-EEU-LTU,2091,WASH_MACH_COM,2,0
C-EEU-LTU,2092,WASH_MACH_COM,1,0.1
C-EEU-LTU,2092,WASH_MACH_COM,2,0
C-EEU-LTU,2093,WASH_MACH_COM,1,0.1
C-EEU-LTU,2093,WASH_MACH_COM,2,0
C-EEU-LTU,2094,WASH_MACH_COM,1,0.1
C-EEU-LTU,2094,WASH_MACH_COM,2,0
C-EEU-LTU,2095,WASH_MACH_COM,1,0.1
C-EEU-LTU,2095,WASH_MACH_COM,2,0
C-EEU-LTU,2096,WASH_MACH_COM,1,0.1
C-EEU-LTU,2096,WASH_MACH_COM,2,0
C-EEU-LTU,2097,WASH_MACH_COM,1,0.1
C-EEU-LTU,2097,WASH_MACH_COM,2,0
C-EEU-LTU,2098,WASH_MACH_COM,1,0.1
C-EEU-LTU,2098,WASH_MACH_COM,2,0
C-EEU-LTU,2099,WASH_MACH_COM,1,0.1
C-EEU-LTU,2099,WASH_MACH_COM,2,0
C-EEU-LTU,2100,WASH_MACH_COM,1,0.1
C-EEU-LTU,2100,WASH_MACH_COM,2,0
C-EEU-LVA,2000,WASH_MACH,1,0.03
C-EEU-LVA,2000,WASH_MACH,2,0
C-EEU-LVA,2001,WASH_MACH,1,0.03
C-EEU-LVA,2001,WASH_MACH,2,0
C-EEU-LVA,2002,WASH_MACH,1,0.03
C-EEU-LVA,2002,WASH_MACH,2,0
C-EEU-LVA,2003,WASH_MACH,1,0.03
C-EEU-LVA,2003,WASH_MACH,2,0
C-EEU-LVA,2004,WASH_MACH,1,0.03
C-EEU-LVA,2004,WASH_MACH,2,0
C-EEU-LVA,2005,WASH_MACH,1,0.03
C-EEU-LVA,2005,WASH_MACH,2,0
C-EEU-LVA,2006,WASH_MACH,1,0.03
C-EEU-LVA,2006,WASH_MACH,2,0
C-EEU-LVA,2007,WASH_MACH,1,0.03
C-EEU-LVA,2007,WASH_MACH,2,0
C-EEU-LVA,2008,WASH_MACH,1,0.03
C-EEU-LVA,2008,WASH_MACH,2,0
C-EEU-LVA,2009,WASH_MACH,1,0.03
C-EEU-LVA,2009,WASH_MACH,2,0
C-EEU-LVA,2010,WASH_MACH,1,0.03
C-EEU-LVA,2010,WASH_MACH,2,0
C-EEU-LVA,2011,WASH_MACH,1,0.03
C-EEU-LVA,2011,WASH_MACH,2,0
C-EEU-LVA,2012,WASH_MACH,1,0.03
C-EEU-LVA,2012,WASH_MACH,2,0
C-EEU-LVA,2013,WASH_MACH,1,0.03
C-EEU-LVA,2013,WASH_MACH,2,0
C-EEU-LVA,2014,WASH_MACH,1,0.03
C-EEU-LVA,2014,WASH_MACH,2,0
C-EEU-LVA,2015,WASH_MACH,1,0.03
C-EEU-LVA,2015,WASH_MACH,2,0
C-EEU-LVA,2016,WASH_MACH,1,0.03
C-EEU-LVA,2016,WASH_MACH,2,0
C-EEU-LVA,2017,WASH_MACH,1,0.03
C-EEU-LVA,2017,WASH_MACH,2,0
C-EEU-LVA,2018,WASH_MACH,1,0.03
C-EEU-LVA,2018,WASH_MACH,2,0
C-EEU-LVA,2019,WASH_MACH,1,0.03
C-EEU-LVA,2019,WASH_MACH,2,0
C-EEU-LVA,2020,WASH_MACH,1,0.03
C-EEU-LVA,2020,WASH_MACH,2,0
C-EEU-LVA,2021,WASH_MACH,1,0.03
C-EEU-LVA,2021,WASH_MACH,2,0
C-EEU-LVA,2022,WASH_MACH,1,0.03
C-EEU-LVA,2022,WASH_MACH,2,0
C-EEU-LVA,2023,WASH_MACH,1,0.03
C-EEU-LVA,2023,WASH_MACH,2,0
C-EEU-LVA,2024,WASH_MACH,1,0.03
C-EEU-LVA,2024,WASH_MACH,2,0
C-EEU-LVA,2025,WASH_MACH,1,0.03
C-EEU-LVA,2025,WASH_MACH,2,0
C-EEU-LVA,2026,WASH_MACH,1,0.03
C-EEU-LVA,2026,WASH_MACH,2,0
C-EEU-LVA,2027,WASH_MACH,1,0.03
C-EEU-LVA,2027,WASH_MACH,2,0
C-EEU-LVA,2028,WASH_MACH,1,0.03
C-EEU-LVA,2028,WASH_MACH,2,0
C-EEU-LVA,2029,WASH_MACH,1,0.03
C-EEU-LVA,2029,WASH_MACH,2,0
C-EEU-LVA,2030,WASH_MACH,1,0.1
C-EEU-LVA,2030,WASH_MACH,2,0
C-EEU-LVA,2031,WASH_MACH,1,0.1
C-EEU-LVA,2031,WASH_MACH,2,0
C-EEU-LVA,2032,WASH_MACH,1,0.1
C-EEU-LVA,2032,WASH_MACH,2,0
C-EEU-LVA,2033,WASH_MACH,1,0.1
C-EEU-LVA,2033,WASH_MACH,2,0
C-EEU-LVA,2034,WASH_MACH,1,0.1
C-EEU-LVA,2034,WASH_MACH,2,0
C-EEU-LVA,2035,WASH_MACH,1,0.1
C-EEU-LVA,2035,WASH_MACH,2,0
C-EEU-LVA,2036,WASH_MACH,1,0.1
C-EEU-LVA,2036,WASH_MACH,2,0
C-EEU-LVA,2037,WASH_MACH,1,0.1
C-EEU-LVA,2037,WASH_MACH,2,0
C-EEU-LVA,2038,WASH_MACH,1,0.1
C-EEU-LVA,2038,WASH_MACH,2,0
C-EEU-LVA,2039,WASH_MACH,1,0.1
C-EEU-LVA,2039,WASH_MACH,2,0
C-EEU-LVA,2040,WASH_MACH,1,0.1
C-EEU-LVA,2040,WASH_MACH,2,0
C-EEU-LVA,2041,WASH_MACH,1,0.1
C-EEU-LVA,2041,WASH_MACH,2,0
C-EEU-LVA,2042,WASH_MACH,1,0.1
C-EEU-LVA,2042,WASH_MACH,2,0
C-EEU-LVA,2043,WASH_MACH,1,0.1
C-EEU-LVA,2043,WASH_MACH,2,0
C-EEU-LVA,2044,WASH_MACH,1,0.1
C-EEU-LVA,2044,WASH_MACH,2,0
C-EEU-LVA,2045,WASH_MACH,1,0.1
C-EEU-LVA,2045,WASH_MACH,2,0
C-EEU-LVA,2046,WASH_MACH,1,0.1
C-EEU-LVA,2046,WASH_MACH,2,0
C-EEU-LVA,2047,WASH_MACH,1,0.1
C-EEU-LVA,2047,WASH_MACH,2,0
C-EEU-LVA,2048,WASH_MACH,1,0.1
C-EEU-LVA,2048,WASH_MACH,2,0
C-EEU-LVA,2049,WASH_MACH,1,0.1
C-EEU-LVA,2049,WASH_MACH,2,0
C-EEU-LVA,2050,WASH_MACH,1,0.1
C-EEU-LVA,2050,WASH_MACH,2,0
C-EEU-LVA,2051,WASH_MACH,1,0.1
C-EEU-LVA,2051,WASH_MACH,2,0
C-EEU-LVA,2052,WASH_MACH,1,0.1
C-EEU-LVA,2052,WASH_MACH,2,0
C-EEU-LVA,2053,WASH_MACH,1,0.1
C-EEU-LVA,2053,WASH_MACH,2,0
C-EEU-LVA,2054,WASH_MACH,1,0.1
C-EEU-LVA,2054,WASH_MACH,2,0
C-EEU-LVA,2055,WASH_MACH,1,0.1
C-EEU-LVA,2055,WASH_MACH,2,0
C-EEU-LVA,2056,WASH_MACH,1,0.1
C-EEU-LVA,2056,WASH_MACH,2,0
C-EEU-LVA,2057,WASH_MACH,1,0.1
C-EEU-LVA,2057,WASH_MACH,2,0
C-EEU-LVA,2058,WASH_MACH,1,0.1
C-EEU-LVA,2058,WASH_MACH,2,0
C-EEU-LVA,2059,WASH_MACH,1,0.1
C-EEU-LVA,2059,WASH_MACH,2,0
C-EEU-LVA,2060,WASH_MACH,1,0.1
C-EEU-LVA,2060,WASH_MACH,2,0
C-EEU-LVA,2061,WASH_MACH,1,0.1
C-EEU-LVA,2061,WASH_MACH,2,0
C-EEU-LVA,2062,WASH_MACH,1,0.1
C-EEU-LVA,2062,WASH_MACH,2,0
C-EEU-LVA,2063,WASH_MACH,1,0.1
C-EEU-LVA,2063,WASH_MACH,2,0
C-EEU-LVA,2064,WASH_MACH,1,0.1
C-EEU-LVA,2064,WASH_MACH,2,0
C-EEU-LVA,2065,WASH_MACH,1,0.1
C-EEU-LVA,2065,WASH_MACH,2,0
C-EEU-LVA,2066,WASH_MACH,1,0.1
C-EEU-LVA,2066,WASH_MACH,2,0
C-EEU-LVA,2067,WASH_MACH,1,0.1
C-EEU-LVA,2067,WASH_MACH,2,0
C-EEU-LVA,2068,WASH_MACH,1,0.1
C-EEU-LVA,2068,WASH_MACH,2,0
C-EEU-LVA,2069,WASH_MACH,1,0.1
C-EEU-LVA,2069,WASH_MACH,2,0
C-EEU-LVA,2070,WASH_MACH,1,0.1
C-EEU-LVA,2070,WASH_MACH,2,0
C-EEU-LVA,2071,WASH_MACH,1,0.1
C-EEU-LVA,2071,WASH_MACH,2,0
C-EEU-LVA,2072,WASH_MACH,1,0.1
C-EEU-LVA,2072,WASH_MACH,2,0
C-EEU-LVA,2073,WASH_MACH,1,0.1
C-EEU-LVA,2073,WASH_MACH,2,0
C-EEU-LVA,2074,WASH_MACH,1,0.1
C-EEU-LVA,2074,WASH_MACH,2,0
C-EEU-LVA,2075,WASH_MACH,1,0.1
C-EEU-LVA,2075,WASH_MACH,2,0
C-EEU-LVA,2076,WASH_MACH,1,0.1
C-EEU-LVA,2076,WASH_MACH,2,0
C-EEU-LVA,2077,WASH_MACH,1,0.1
C-EEU-LVA,2077,WASH_MACH,2,0
C-EEU-LVA,2078,WASH_MACH,1,0.1
C-EEU-LVA,2078,WASH_MACH,2,0
C-EEU-LVA,2079,WASH_MACH,1,0.1
C-EEU-LVA,2079,WASH_MACH,2,0
C-EEU-LVA,2080,WASH_MACH,1,0.1
C-EEU-LVA,2080,WASH_MACH,2,0
C-EEU-LVA,2081,WASH_MACH,1,0.1
C-EEU-LVA,2081,WASH_MACH,2,0
C-EEU-LVA,2082,WASH_MACH,1,0.1
C-EEU-LVA,2082,WASH_MACH,2,0
C-EEU-LVA,2083,WASH_MACH,1,0.1
C-EEU-LVA,2083,WASH_MACH,2,0
C-EEU-LVA,2084,WASH_MACH,1,0.1
C-EEU-LVA,2084,WASH_MACH,2,0
C-EEU-LVA,2085,WASH_MACH,1,0.1
C-EEU-LVA,2085,WASH_MACH,2,0
C-EEU-LVA,2086,WASH_MACH,1,0.1
C-EEU-LVA,2086,WASH_MACH,2,0
C-EEU-LVA,2087,WASH_MACH,1,0.1
C-EEU-LVA,2087,WASH_MACH,2,0
C-EEU-LVA,2088,WASH_MACH,1,0.1
C-EEU-LVA,2088,WASH_MACH,2,0
C-EEU-LVA,2089,WASH_MACH,1,0.1
C-EEU-LVA,2089,WASH_MACH,2,0
C-EEU-LVA,2090,WASH_MACH,1,0.1
C-EEU-LVA,2090,WASH_MACH,2,0
C-EEU-LVA,2091,WASH_MACH,1,0.1
C-EEU-LVA,2091,WASH_MACH,2,0
C-EEU-LVA,2092,WASH_MACH,1,0.1
C-EEU-LVA,2092,WASH_MACH,2,0
C-EEU-LVA,2093,WASH_MACH,1,0.1
C-EEU-LVA,2093,WASH_MACH,2,0
C-EEU-LVA,2094,WASH_MACH,1,0.1
C-EEU-LVA,2094,WASH_MACH,2,0
C-EEU-LVA,2095,WASH_MACH,1,0.1
C-EEU-LVA,2095,WASH_MACH,2,0
C-EEU-LVA,2096,WASH_MACH,1,0.1
C-EEU-LVA,2096,WASH_MACH,2,0
C-EEU-LVA,2097,WASH_MACH,1,0.1
C-EEU-LVA,2097,WASH_MACH,2,0
C-EEU-LVA,2098,WASH_MACH,1,0.1
C-EEU-LVA,2098,WASH_MACH,2,0
C-EEU-LVA,2099,WASH_MACH,1,0.1
C-EEU-LVA,2099,WASH_MACH,2,0
C-EEU-LVA,2100,WASH_MACH,1,0.1
C-EEU-LVA,2100,WASH_MACH,2,0
C-EEU-LVA,2000,WASH_MACH_COM,1,0.03
C-EEU-LVA,2000,WASH_MACH_COM,2,0
C-EEU-LVA,2001,WASH_MACH_COM,1,0.03
C-EEU-LVA,2001,WASH_MACH_COM,2,0
C-EEU-LVA,2002,WASH_MACH_COM,1,0.03
C-EEU-LVA,2002,WASH_MACH_COM,2,0
C-EEU-LVA,2003,WASH_MACH_COM,1,0.03
C-EEU-LVA,2003,WASH_MACH_COM,2,0
C-EEU-LVA,2004,WASH_MACH_COM,1,0.03
C-EEU-LVA,2004,WASH_MACH_COM,2,0
C-EEU-LVA,2005,WASH_MACH_COM,1,0.03
C-EEU-LVA,2005,WASH_MACH_COM,2,0
C-EEU-LVA,2006,WASH_MACH_COM,1,0.03
C-EEU-LVA,2006,WASH_MACH_COM,2,0
C-EEU-LVA,2007,WASH_MACH_COM,1,0.03
C-EEU-LVA,2007,WASH_MACH_COM,2,0
C-EEU-LVA,2008,WASH_MACH_COM,1,0.03
C-EEU-LVA,2008,WASH_MACH_COM,2,0
C-EEU-LVA,2009,WASH_MACH_COM,1,0.03
C-EEU-LVA,2009,WASH_MACH_COM,2,0
C-EEU-LVA,2010,WASH_MACH_COM,1,0.03
C-EEU-LVA,2010,WASH_MACH_COM,2,0
C-EEU-LVA,2011,WASH_MACH_COM,1,0.03
C-EEU-LVA,2011,WASH_MACH_COM,2,0
C-EEU-LVA,2012,WASH_MACH_COM,1,0.03
C-EEU-LVA,2012,WASH_MACH_COM,2,0
C-EEU-LVA,2013,WASH_MACH_COM,1,0.03
C-EEU-LVA,2013,WASH_MACH_COM,2,0
C-EEU-LVA,2014,WASH_MACH_COM,1,0.03
C-EEU-LVA,2014,WASH_MACH_COM,2,0
C-EEU-LVA,2015,WASH_MACH_COM,1,0.03
C-EEU-LVA,2015,WASH_MACH_COM,2,0
C-EEU-LVA,2016,WASH_MACH_COM,1,0.03
C-EEU-LVA,2016,WASH_MACH_COM,2,0
C-EEU-LVA,2017,WASH_MACH_COM,1,0.03
C-EEU-LVA,2017,WASH_MACH_COM,2,0
C-EEU-LVA,2018,WASH_MACH_COM,1,0.03
C-EEU-LVA,2018,WASH_MACH_COM,2,0
C-EEU-LVA,2019,WASH_MACH_COM,1,0.03
C-EEU-LVA,2019,WASH_MACH_COM,2,0
C-EEU-LVA,2020,WASH_MACH_COM,1,0.03
C-EEU-LVA,2020,WASH_MACH_COM,2,0
C-EEU-LVA,2021,WASH_MACH_COM,1,0.03
C-EEU-LVA,2021,WASH_MACH_COM,2,0
C-EEU-LVA,2022,WASH_MACH_COM,1,0.03
C-EEU-LVA,2022,WASH_MACH_COM,2,0
C-EEU-LVA,2023,WASH_MACH_COM,1,0.03
C-EEU-LVA,2023,WASH_MACH_COM,2,0
C-EEU-LVA,2024,WASH_MACH_COM,1,0.03
C-EEU-LVA,2024,WASH_MACH_COM,2,0
C-EEU-LVA,2025,WASH_MACH_COM,1,0.03
C-EEU-LVA,2025,WASH_MACH_COM,2,0
C-EEU-LVA,2026,WASH_MACH_COM,1,0.03
C-EEU-LVA,2026,WASH_MACH_COM,2,0
C-EEU-LVA,2027,WASH_MACH_COM,1,0.03
C-EEU-LVA,2027,WASH_MACH_COM,2,0
C-EEU-LVA,2028,WASH_MACH_COM,1,0.03
C-EEU-LVA,2028,WASH_MACH_COM,2,0
C-EEU-LVA,2029,WASH_MACH_COM,1,0.03
C-EEU-LVA,2029,WASH_MACH_COM,2,0
C-EEU-LVA,2030,WASH_MACH_COM,1,0.1
C-EEU-LVA,2030,WASH_MACH_COM,2,0
C-EEU-LVA,2031,WASH_MACH_COM,1,0.1
C-EEU-LVA,2031,WASH_MACH_COM,2,0
C-EEU-LVA,2032,WASH_MACH_COM,1,0.1
C-EEU-LVA,2032,WASH_MACH_COM,2,0
C-EEU-LVA,2033,WASH_MACH_COM,1,0.1
C-EEU-LVA,2033,WASH_MACH_COM,2,0
C-EEU-LVA,2034,WASH_MACH_COM,1,0.1
C-EEU-LVA,2034,WASH_MACH_COM,2,0
C-EEU-LVA,2035,WASH_MACH_COM,1,0.1
C-EEU-LVA,2035,WASH_MACH_COM,2,0
C-EEU-LVA,2036,WASH_MACH_COM,1,0.1
C-EEU-LVA,2036,WASH_MACH_COM,2,0
C-EEU-LVA,2037,WASH_MACH_COM,1,0.1
C-EEU-LVA,2037,WASH_MACH_COM,2,0
C-EEU-LVA,2038,WASH_MACH_COM,1,0.1
C-EEU-LVA,2038,WASH_MACH_COM,2,0
C-EEU-LVA,2039,WASH_MACH_COM,1,0.1
C-EEU-LVA,2039,WASH_MACH_COM,2,0
C-EEU-LVA,2040,WASH_MACH_COM,1,0.1
C-EEU-LVA,2040,WASH_MACH_COM,2,0
C-EEU-LVA,2041,WASH_MACH_COM,1,0.1
C-EEU-LVA,2041,WASH_MACH_COM,2,0
C-EEU-LVA,2042,WASH_MACH_COM,1,0.1
C-EEU-LVA,2042,WASH_MACH_COM,2,0
C-EEU-LVA,2043,WASH_MACH_COM,1,0.1
C-EEU-LVA,2043,WASH_MACH_COM,2,0
C-EEU-LVA,2044,WASH_MACH_COM,1,0.1
C-EEU-LVA,2044,WASH_MACH_COM,2,0
C-EEU-LVA,2045,WASH_MACH_COM,1,0.1
C-EEU-LVA,2045,WASH_MACH_COM,2,0
C-EEU-LVA,2046,WASH_MACH_COM,1,0.1
C-EEU-LVA,2046,WASH_MACH_COM,2,0
C-EEU-LVA,2047,WASH_MACH_COM,1,0.1
C-EEU-LVA,2047,WASH_MACH_COM,2,0
C-EEU-LVA,2048,WASH_MACH_COM,1,0.1
C-EEU-LVA,2048,WASH_MACH_COM,2,0
C-EEU-LVA,2049,WASH_MACH_COM,1,0.1
C-EEU-LVA,2049,WASH_MACH_COM,2,0
C-EEU-LVA,2050,WASH_MACH_COM,1,0.1
C-EEU-LVA,2050,WASH_MACH_COM,2,0
C-EEU-LVA,2051,WASH_MACH_COM,1,0.1
C-EEU-LVA,2051,WASH_MACH_COM,2,0
C-EEU-LVA,2052,WASH_MACH_COM,1,0.1
C-EEU-LVA,2052,WASH_MACH_COM,2,0
C-EEU-LVA,2053,WASH_MACH_COM,1,0.1
C-EEU-LVA,2053,WASH_MACH_COM,2,0
C-EEU-LVA,2054,WASH_MACH_COM,1,0.1
C-EEU-LVA,2054,WASH_MACH_COM,2,0
C-EEU-LVA,2055,WASH_MACH_COM,1,0.1
C-EEU-LVA,2055,WASH_MACH_COM,2,0
C-EEU-LVA,2056,WASH_MACH_COM,1,0.1
C-EEU-LVA,2056,WASH_MACH_COM,2,0
C-EEU-LVA,2057,WASH_MACH_COM,1,0.1
C-EEU-LVA,2057,WASH_MACH_COM,2,0
C-EEU-LVA,2058,WASH_MACH_COM,1,0.1
C-EEU-LVA,2058,WASH_MACH_COM,2,0
C-EEU-LVA,2059,WASH_MACH_COM,1,0.1
C-EEU-LVA,2059,WASH_MACH_COM,2,0
C-EEU-LVA,2060,WASH_MACH_COM,1,0.1
C-EEU-LVA,2060,WASH_MACH_COM,2,0
C-EEU-LVA,2061,WASH_MACH_COM,1,0.1
C-EEU-LVA,2061,WASH_MACH_COM,2,0
C-EEU-LVA,2062,WASH_MACH_COM,1,0.1
C-EEU-LVA,2062,WASH_MACH_COM,2,0
C-EEU-LVA,2063,WASH_MACH_COM,1,0.1
C-EEU-LVA,2063,WASH_MACH_COM,2,0
C-EEU-LVA,2064,WASH_MACH_COM,1,0.1
C-EEU-LVA,2064,WASH_MACH_COM,2,0
C-EEU-LVA,2065,WASH_MACH_COM,1,0.1
C-EEU-LVA,2065,WASH_MACH_COM,2,0
C-EEU-LVA,2066,WASH_MACH_COM,1,0.1
C-EEU-LVA,2066,WASH_MACH_COM,2,0
C-EEU-LVA,2067,WASH_MACH_COM,1,0.1
C-EEU-LVA,2067,WASH_MACH_COM,2,0
C-EEU-LVA,2068,WASH_MACH_COM,1,0.1
C-EEU-LVA,2068,WASH_MACH_COM,2,0
C-EEU-LVA,2069,WASH_MACH_COM,1,0.1
C-EEU-LVA,2069,WASH_MACH_COM,2,0
C-EEU-LVA,2070,WASH_MACH_COM,1,0.1
C-EEU-LVA,2070,WASH_MACH_COM,2,0
C-EEU-LVA,2071,WASH_MACH_COM,1,0.1
C-EEU-LVA,2071,WASH_MACH_COM,2,0
C-EEU-LVA,2072,WASH_MACH_COM,1,0.1
C-EEU-LVA,2072,WASH_MACH_COM,2,0
C-EEU-LVA,2073,WASH_MACH_COM,1,0.1
C-EEU-LVA,2073,WASH_MACH_COM,2,0
C-EEU-LVA,2074,WASH_MACH_COM,1,0.1
C-EEU-LVA,2074,WASH_MACH_COM,2,0
C-EEU-LVA,2075,WASH_MACH_COM,1,0.1
C-EEU-LVA,2075,WASH_MACH_COM,2,0
C-EEU-LVA,2076,WASH_MACH_COM,1,0.1
C-EEU-LVA,2076,WASH_MACH_COM,2,0
C-EEU-LVA,2077,WASH_MACH_COM,1,0.1
C-EEU-LVA,2077,WASH_MACH_COM,2,0
C-EEU-LVA,2078,WASH_MACH_COM,1,0.1
C-EEU-LVA,2078,WASH_MACH_COM,2,0
C-EEU-LVA,2079,WASH_MACH_COM,1,0.1
C-EEU-LVA,2079,WASH_MACH_COM,2,0
C-EEU-LVA,2080,WASH_MACH_COM,1,0.1
C-EEU-LVA,2080,WASH_MACH_COM,2,0
C-EEU-LVA,2081,WASH_MACH_COM,1,0.1
C-EEU-LVA,2081,WASH_MACH_COM,2,0
C-EEU-LVA,2082,WASH_MACH_COM,1,0.1
C-EEU-LVA,2082,WASH_MACH_COM,2,0
C-EEU-LVA,2083,WASH_MACH_COM,1,0.1
C-EEU-LVA,2083,WASH_MACH_COM,2,0
C-EEU-LVA,2084,WASH_MACH_COM,1,0.1
C-EEU-LVA,2084,WASH_MACH_COM,2,0
C-EEU-LVA,2085,WASH_MACH_COM,1,0.1
C-EEU-LVA,2085,WASH_MACH_COM,2,0
C-EEU-LVA,2086,WASH_MACH_COM,1,0.1
C-EEU-LVA,2086,WASH_MACH_COM,2,0
C-EEU-LVA,2087,WASH_MACH_COM,1,0.1
C-EEU-LVA,2087,WASH_MACH_COM,2,0
C-EEU-LVA,2088,WASH_MACH_COM,1,0.1
C-EEU-LVA,2088,WASH_MACH_COM,2,0
C-EEU-LVA,2089,WASH_MACH_COM,1,0.1
C-EEU-LVA,2089,WASH_MACH_COM,2,0
C-EEU-LVA,2090,WASH_MACH_COM,1,0.1
C-EEU-LVA,2090,WASH_MACH_COM,2,0
C-EEU-LVA,2091,WASH_MACH_COM,1,0.1
C-EEU-LVA,2091,WASH_MACH_COM,2,0
C-EEU-LVA,2092,WASH_MACH_COM,1,0.1
C-EEU-LVA,2092,WASH_MACH_COM,2,0
C-EEU-LVA,2093,WASH_MACH_COM,1,0.1
C-EEU-LVA,2093,WASH_MACH_COM,2,0
C-EEU-LVA,2094,WASH_MACH_COM,1,0.1
C-EEU-LVA,2094,WASH_MACH_COM,2,0
C-EEU-LVA,2095,WASH_MACH_COM,1,0.1
C-EEU-LVA,2095,WASH_MACH_COM,2,0
C-EEU-LVA,2096,WASH_MACH_COM,1,0.1
C-EEU-LVA,2096,WASH_MACH_COM,2,0
C-EEU-LVA,2097,WASH_MACH_COM,1,0.1
C-EEU-LVA,2097,WASH_MACH_COM,2,0
C-EEU-LVA,2098,WASH_MACH_COM,1,0.1
C-EEU-LVA,2098,WASH_MACH_COM,2,0
C-EEU-LVA,2099,WASH_MACH_COM,1,0.1
C-EEU-LVA,2099,WASH_MACH_COM,2,0
C-EEU-LVA,2100,WASH_MACH_COM,1,0.1
C-EEU-LVA,2100,WASH_MACH_COM,2,0
C-EEU-POL,2000,WASH_MACH,1,0.03
C-EEU-POL,2000,WASH_MACH,2,0
C-EEU-POL,2001,WASH_MACH,1,0.03
C-EEU-POL,2001,WASH_MACH,2,0
C-EEU-POL,2002,WASH_MACH,1,0.03
C-EEU-POL,2002,WASH_MACH,2,0
C-EEU-POL,2003,WASH_MACH,1,0.03
C-EEU-POL,2003,WASH_MACH,2,0
C-EEU-POL,2004,WASH_MACH,1,0.03
C-EEU-POL,2004,WASH_MACH,2,0
C-EEU-POL,2005,WASH_MACH,1,0.03
C-EEU-POL,2005,WASH_MACH,2,0
C-EEU-POL,2006,WASH_MACH,1,0.03
C-EEU-POL,2006,WASH_MACH,2,0
C-EEU-POL,2007,WASH_MACH,1,0.03
C-EEU-POL,2007,WASH_MACH,2,0
C-EEU-POL,2008,WASH_MACH,1,0.03
C-EEU-POL,2008,WASH_MACH,2,0
C-EEU-POL,2009,WASH_MACH,1,0.03
C-EEU-POL,2009,WASH_MACH,2,0
C-EEU-POL,2010,WASH_MACH,1,0.03
C-EEU-POL,2010,WASH_MACH,2,0
C-EEU-POL,2011,WASH_MACH,1,0.03
C-EEU-POL,2011,WASH_MACH,2,0
C-EEU-POL,2012,WASH_MACH,1,0.03
C-EEU-POL,2012,WASH_MACH,2,0
C-EEU-POL,2013,WASH_MACH,1,0.03
C-EEU-POL,2013,WASH_MACH,2,0
C-EEU-POL,2014,WASH_MACH,1,0.03
C-EEU-POL,2014,WASH_MACH,2,0
C-EEU-POL,2015,WASH_MACH,1,0.03
C-EEU-POL,2015,WASH_MACH,2,0
C-EEU-POL,2016,WASH_MACH,1,0.03
C-EEU-POL,2016,WASH_MACH,2,0
C-EEU-POL,2017,WASH_MACH,1,0.03
C-EEU-POL,2017,WASH_MACH,2,0
C-EEU-POL,2018,WASH_MACH,1,0.03
C-EEU-POL,2018,WASH_MACH,2,0
C-EEU-POL,2019,WASH_MACH,1,0.03
C-EEU-POL,2019,WASH_MACH,2,0
C-EEU-POL,2020,WASH_MACH,1,0.03
C-EEU-POL,2020,WASH_MACH,2,0
C-EEU-POL,2021,WASH_MACH,1,0.03
C-EEU-POL,2021,WASH_MACH,2,0
C-EEU-POL,2022,WASH_MACH,1,0.03
C-EEU-POL,2022,WASH_MACH,2,0
C-EEU-POL,2023,WASH_MACH,1,0.03
C-EEU-POL,2023,WASH_MACH,2,0
C-EEU-POL,2024,WASH_MACH,1,0.03
C-EEU-POL,2024,WASH_MACH,2,0
C-EEU-POL,2025,WASH_MACH,1,0.03
C-EEU-POL,2025,WASH_MACH,2,0
C-EEU-POL,2026,WASH_MACH,1,0.03
C-EEU-POL,2026,WASH_MACH,2,0
C-EEU-POL,2027,WASH_MACH,1,0.03
C-EEU-POL,2027,WASH_MACH,2,0
C-EEU-POL,2028,WASH_MACH,1,0.03
C-EEU-POL,2028,WASH_MACH,2,0
C-EEU-POL,2029,WASH_MACH,1,0.03
C-EEU-POL,2029,WASH_MACH,2,0
C-EEU-POL,2030,WASH_MACH,1,0.1
C-EEU-POL,2030,WASH_MACH,2,0
C-EEU-POL,2031,WASH_MACH,1,0.1
C-EEU-POL,2031,WASH_MACH,2,0
C-EEU-POL,2032,WASH_MACH,1,0.1
C-EEU-POL,2032,WASH_MACH,2,0
C-EEU-POL,2033,WASH_MACH,1,0.1
C-EEU-POL,2033,WASH_MACH,2,0
C-EEU-POL,2034,WASH_MACH,1,0.1
C-EEU-POL,2034,WASH_MACH,2,0
C-EEU-POL,2035,WASH_MACH,1,0.1
C-EEU-POL,2035,WASH_MACH,2,0
C-EEU-POL,2036,WASH_MACH,1,0.1
C-EEU-POL,2036,WASH_MACH,2,0
C-EEU-POL,2037,WASH_MACH,1,0.1
C-EEU-POL,2037,WASH_MACH,2,0
C-EEU-POL,2038,WASH_MACH,1,0.1
C-EEU-POL,2038,WASH_MACH,2,0
C-EEU-POL,2039,WASH_MACH,1,0.1
C-EEU-POL,2039,WASH_MACH,2,0
C-EEU-POL,2040,WASH_MACH,1,0.1
C-EEU-POL,2040,WASH_MACH,2,0
C-EEU-POL,2041,WASH_MACH,1,0.1
C-EEU-POL,2041,WASH_MACH,2,0
C-EEU-POL,2042,WASH_MACH,1,0.1
C-EEU-POL,2042,WASH_MACH,2,0
C-EEU-POL,2043,WASH_MACH,1,0.1
C-EEU-POL,2043,WASH_MACH,2,0
C-EEU-POL,2044,WASH_MACH,1,0.1
C-EEU-POL,2044,WASH_MACH,2,0
C-EEU-POL,2045,WASH_MACH,1,0.1
C-EEU-POL,2045,WASH_MACH,2,0
C-EEU-POL,2046,WASH_MACH,1,0.1
C-EEU-POL,2046,WASH_MACH,2,0
C-EEU-POL,2047,WASH_MACH,1,0.1
C-EEU-POL,2047,WASH_MACH,2,0
C-EEU-POL,2048,WASH_MACH,1,0.1
C-EEU-POL,2048,WASH_MACH,2,0
C-EEU-POL,2049,WASH_MACH,1,0.1
C-EEU-POL,2049,WASH_MACH,2,0
C-EEU-POL,2050,WASH_MACH,1,0.1
C-EEU-POL,2050,WASH_MACH,2,0
C-EEU-POL,2051,WASH_MACH,1,0.1
C-EEU-POL,2051,WASH_MACH,2,0
C-EEU-POL,2052,WASH_MACH,1,0.1
C-EEU-POL,2052,WASH_MACH,2,0
C-EEU-POL,2053,WASH_MACH,1,0.1
C-EEU-POL,2053,WASH_MACH,2,0
C-EEU-POL,2054,WASH_MACH,1,0.1
C-EEU-POL,2054,WASH_MACH,2,0
C-EEU-POL,2055,WASH_MACH,1,0.1
C-EEU-POL,2055,WASH_MACH,2,0
C-EEU-POL,2056,WASH_MACH,1,0.1
C-EEU-POL,2056,WASH_MACH,2,0
C-EEU-POL,2057,WASH_MACH,1,0.1
C-EEU-POL,2057,WASH_MACH,2,0
C-EEU-POL,2058,WASH_MACH,1,0.1
C-EEU-POL,2058,WASH_MACH,2,0
C-EEU-POL,2059,WASH_MACH,1,0.1
C-EEU-POL,2059,WASH_MACH,2,0
C-EEU-POL,2060,WASH_MACH,1,0.1
C-EEU-POL,2060,WASH_MACH,2,0
C-EEU-POL,2061,WASH_MACH,1,0.1
C-EEU-POL,2061,WASH_MACH,2,0
C-EEU-POL,2062,WASH_MACH,1,0.1
C-EEU-POL,2062,WASH_MACH,2,0
C-EEU-POL,2063,WASH_MACH,1,0.1
C-EEU-POL,2063,WASH_MACH,2,0
C-EEU-POL,2064,WASH_MACH,1,0.1
C-EEU-POL,2064,WASH_MACH,2,0
C-EEU-POL,2065,WASH_MACH,1,0.1
C-EEU-POL,2065,WASH_MACH,2,0
C-EEU-POL,2066,WASH_MACH,1,0.1
C-EEU-POL,2066,WASH_MACH,2,0
C-EEU-POL,2067,WASH_MACH,1,0.1
C-EEU-POL,2067,WASH_MACH,2,0
C-EEU-POL,2068,WASH_MACH,1,0.1
C-EEU-POL,2068,WASH_MACH,2,0
C-EEU-POL,2069,WASH_MACH,1,0.1
C-EEU-POL,2069,WASH_MACH,2,0
C-EEU-POL,2070,WASH_MACH,1,0.1
C-EEU-POL,2070,WASH_MACH,2,0
C-EEU-POL,2071,WASH_MACH,1,0.1
C-EEU-POL,2071,WASH_MACH,2,0
C-EEU-POL,2072,WASH_MACH,1,0.1
C-EEU-POL,2072,WASH_MACH,2,0
C-EEU-POL,2073,WASH_MACH,1,0.1
C-EEU-POL,2073,WASH_MACH,2,0
C-EEU-POL,2074,WASH_MACH,1,0.1
C-EEU-POL,2074,WASH_MACH,2,0
C-EEU-POL,2075,WASH_MACH,1,0.1
C-EEU-POL,2075,WASH_MACH,2,0
C-EEU-POL,2076,WASH_MACH,1,0.1
C-EEU-POL,2076,WASH_MACH,2,0
C-EEU-POL,2077,WASH_MACH,1,0.1
C-EEU-POL,2077,WASH_MACH,2,0
C-EEU-POL,2078,WASH_MACH,1,0.1
C-EEU-POL,2078,WASH_MACH,2,0
C-EEU-POL,2079,WASH_MACH,1,0.1
C-EEU-POL,2079,WASH_MACH,2,0
C-EEU-POL,2080,WASH_MACH,1,0.1
C-EEU-POL,2080,WASH_MACH,2,0
C-EEU-POL,2081,WASH_MACH,1,0.1
C-EEU-POL,2081,WASH_MACH,2,0
C-EEU-POL,2082,WASH_MACH,1,0.1
C-EEU-POL,2082,WASH_MACH,2,0
C-EEU-POL,2083,WASH_MACH,1,0.1
C-EEU-POL,2083,WASH_MACH,2,0
C-EEU-POL,2084,WASH_MACH,1,0.1
C-EEU-POL,2084,WASH_MACH,2,0
C-EEU-POL,2085,WASH_MACH,1,0.1
C-EEU-POL,2085,WASH_MACH,2,0
C-EEU-POL,2086,WASH_MACH,1,0.1
C-EEU-POL,2086,WASH_MACH,2,0
C-EEU-POL,2087,WASH_MACH,1,0.1
C-EEU-POL,2087,WASH_MACH,2,0
C-EEU-POL,2088,WASH_MACH,1,0.1
C-EEU-POL,2088,WASH_MACH,2,0
C-EEU-POL,2089,WASH_MACH,1,0.1
C-EEU-POL,2089,WASH_MACH,2,0
C-EEU-POL,2090,WASH_MACH,1,0.1
C-EEU-POL,2090,WASH_MACH,2,0
C-EEU-POL,2091,WASH_MACH,1,0.1
C-EEU-POL,2091,WASH_MACH,2,0
C-EEU-POL,2092,WASH_MACH,1,0.1
C-EEU-POL,2092,WASH_MACH,2,0
C-EEU-POL,2093,WASH_MACH,1,0.1
C-EEU-POL,2093,WASH_MACH,2,0
C-EEU-POL,2094,WASH_MACH,1,0.1
C-EEU-POL,2094,WASH_MACH,2,0
C-EEU-POL,2095,WASH_MACH,1,0.1
C-EEU-POL,2095,WASH_MACH,2,0
C-EEU-POL,2096,WASH_MACH,1,0.1
C-EEU-POL,2096,WASH_MACH,2,0
C-EEU-POL,2097,WASH_MACH,1,0.1
C-EEU-POL,2097,WASH_MACH,2,0
C-EEU-POL,2098,WASH_MACH,1,0.1
C-EEU-POL,2098,WASH_MACH,2,0
C-EEU-POL,2099,WASH_MACH,1,0.1
C-EEU-POL,2099,WASH_MACH,2,0
C-EEU-POL,2100,WASH_MACH,1,0.1
C-EEU-POL,2100,WASH_MACH,2,0
C-EEU-POL,2000,WASH_MACH_COM,1,0.03
C-EEU-POL,2000,WASH_MACH_COM,2,0
C-EEU-POL,2001,WASH_MACH_COM,1,0.03
C-EEU-POL,2001,WASH_MACH_COM,2,0
C-EEU-POL,2002,WASH_MACH_COM,1,0.03
C-EEU-POL,2002,WASH_MACH_COM,2,0
C-EEU-POL,2003,WASH_MACH_COM,1,0.03
C-EEU-POL,2003,WASH_MACH_COM,2,0
C-EEU-POL,2004,WASH_MACH_COM,1,0.03
C-EEU-POL,2004,WASH_MACH_COM,2,0
C-EEU-POL,2005,WASH_MACH_COM,1,0.03
C-EEU-POL,2005,WASH_MACH_COM,2,0
C-EEU-POL,2006,WASH_MACH_COM,1,0.03
C-EEU-POL,2006,WASH_MACH_COM,2,0
C-EEU-POL,2007,WASH_MACH_COM,1,0.03
C-EEU-POL,2007,WASH_MACH_COM,2,0
C-EEU-POL,2008,WASH_MACH_COM,1,0.03
C-EEU-POL,2008,WASH_MACH_COM,2,0
C-EEU-POL,2009,WASH_MACH_COM,1,0.03
C-EEU-POL,2009,WASH_MACH_COM,2,0
C-EEU-POL,2010,WASH_MACH_COM,1,0.03
C-EEU-POL,2010,WASH_MACH_COM,2,0
C-EEU-POL,2011,WASH_MACH_COM,1,0.03
C-EEU-POL,2011,WASH_MACH_COM,2,0
C-EEU-POL,2012,WASH_MACH_COM,1,0.03
C-EEU-POL,2012,WASH_MACH_COM,2,0
C-EEU-POL,2013,WASH_MACH_COM,1,0.03
C-EEU-POL,2013,WASH_MACH_COM,2,0
C-EEU-POL,2014,WASH_MACH_COM,1,0.03
C-EEU-POL,2014,WASH_MACH_COM,2,0
C-EEU-POL,2015,WASH_MACH_COM,1,0.03
C-EEU-POL,2015,WASH_MACH_COM,2,0
C-EEU-POL,2016,WASH_MACH_COM,1,0.03
C-EEU-POL,2016,WASH_MACH_COM,2,0
C-EEU-POL,2017,WASH_MACH_COM,1,0.03
C-EEU-POL,2017,WASH_MACH_COM,2,0
C-EEU-POL,2018,WASH_MACH_COM,1,0.03
C-EEU-POL,2018,WASH_MACH_COM,2,0
C-EEU-POL,2019,WASH_MACH_COM,1,0.03
C-EEU-POL,2019,WASH_MACH_COM,2,0
C-EEU-POL,2020,WASH_MACH_COM,1,0.03
C-EEU-POL,2020,WASH_MACH_COM,2,0
C-EEU-POL,2021,WASH_MACH_COM,1,0.03
C-EEU-POL,2021,WASH_MACH_COM,2,0
C-EEU-POL,2022,WASH_MACH_COM,1,0.03
C-EEU-POL,2022,WASH_MACH_COM,2,0
C-EEU-POL,2023,WASH_MACH_COM,1,0.03
C-EEU-POL,2023,WASH_MACH_COM,2,0
C-EEU-POL,2024,WASH_MACH_COM,1,0.03
C-EEU-POL,2024,WASH_MACH_COM,2,0
C-EEU-POL,2025,WASH_MACH_COM,1,0.03
C-EEU-POL,2025,WASH_MACH_COM,2,0
C-EEU-POL,2026,WASH_MACH_COM,1,0.03
C-EEU-POL,2026,WASH_MACH_COM,2,0
C-EEU-POL,2027,WASH_MACH_COM,1,0.03
C-EEU-POL,2027,WASH_MACH_COM,2,0
C-EEU-POL,2028,WASH_MACH_COM,1,0.03
C-EEU-POL,2028,WASH_MACH_COM,2,0
C-EEU-POL,2029,WASH_MACH_COM,1,0.03
C-EEU-POL,2029,WASH_MACH_COM,2,0
C-EEU-POL,2030,WASH_MACH_COM,1,0.1
C-EEU-POL,2030,WASH_MACH_COM,2,0
C-EEU-POL,2031,WASH_MACH_COM,1,0.1
C-EEU-POL,2031,WASH_MACH_COM,2,0
C-EEU-POL,2032,WASH_MACH_COM,1,0.1
C-EEU-POL,2032,WASH_MACH_COM,2,0
C-EEU-POL,2033,WASH_MACH_COM,1,0.1
C-EEU-POL,2033,WASH_MACH_COM,2,0
C-EEU-POL,2034,WASH_MACH_COM,1,0.1
C-EEU-POL,2034,WASH_MACH_COM,2,0
C-EEU-POL,2035,WASH_MACH_COM,1,0.1
C-EEU-POL,2035,WASH_MACH_COM,2,0
C-EEU-POL,2036,WASH_MACH_COM,1,0.1
C-EEU-POL,2036,WASH_MACH_COM,2,0
C-EEU-POL,2037,WASH_MACH_COM,1,0.1
C-EEU-POL,2037,WASH_MACH_COM,2,0
C-EEU-POL,2038,WASH_MACH_COM,1,0.1
C-EEU-POL,2038,WASH_MACH_COM,2,0
C-EEU-POL,2039,WASH_MACH_COM,1,0.1
C-EEU-POL,2039,WASH_MACH_COM,2,0
C-EEU-POL,2040,WASH_MACH_COM,1,0.1
C-EEU-POL,2040,WASH_MACH_COM,2,0
C-EEU-POL,2041,WASH_MACH_COM,1,0.1
C-EEU-POL,2041,WASH_MACH_COM,2,0
C-EEU-POL,2042,WASH_MACH_COM,1,0.1
C-EEU-POL,2042,WASH_MACH_COM,2,0
C-EEU-POL,2043,WASH_MACH_COM,1,0.1
C-EEU-POL,2043,WASH_MACH_COM,2,0
C-EEU-POL,2044,WASH_MACH_COM,1,0.1
C-EEU-POL,2044,WASH_MACH_COM,2,0
C-EEU-POL,2045,WASH_MACH_COM,1,0.1
C-EEU-POL,2045,WASH_MACH_COM,2,0
C-EEU-POL,2046,WASH_MACH_COM,1,0.1
C-EEU-POL,2046,WASH_MACH_COM,2,0
C-EEU-POL,2047,WASH_MACH_COM,1,0.1
C-EEU-POL,2047,WASH_MACH_COM,2,0
C-EEU-POL,2048,WASH_MACH_COM,1,0.1
C-EEU-POL,2048,WASH_MACH_COM,2,0
C-EEU-POL,2049,WASH_MACH_COM,1,0.1
C-EEU-POL,2049,WASH_MACH_COM,2,0
C-EEU-POL,2050,WASH_MACH_COM,1,0.1
C-EEU-POL,2050,WASH_MACH_COM,2,0
C-EEU-POL,2051,WASH_MACH_COM,1,0.1
C-EEU-POL,2051,WASH_MACH_COM,2,0
C-EEU-POL,2052,WASH_MACH_COM,1,0.1
C-EEU-POL,2052,WASH_MACH_COM,2,0
C-EEU-POL,2053,WASH_MACH_COM,1,0.1
C-EEU-POL,2053,WASH_MACH_COM,2,0
C-EEU-POL,2054,WASH_MACH_COM,1,0.1
C-EEU-POL,2054,WASH_MACH_COM,2,0
C-EEU-POL,2055,WASH_MACH_COM,1,0.1
C-EEU-POL,2055,WASH_MACH_COM,2,0
C-EEU-POL,2056,WASH_MACH_COM,1,0.1
C-EEU-POL,2056,WASH_MACH_COM,2,0
C-EEU-POL,2057,WASH_MACH_COM,1,0.1
C-EEU-POL,2057,WASH_MACH_COM,2,0
C-EEU-POL,2058,WASH_MACH_COM,1,0.1
C-EEU-POL,2058,WASH_MACH_COM,2,0
C-EEU-POL,2059,WASH_MACH_COM,1,0.1
C-EEU-POL,2059,WASH_MACH_COM,2,0
C-EEU-POL,2060,WASH_MACH_COM,1,0.1
C-EEU-POL,2060,WASH_MACH_COM,2,0
C-EEU-POL,2061,WASH_MACH_COM,1,0.1
C-EEU-POL,2061,WASH_MACH_COM,2,0
C-EEU-POL,2062,WASH_MACH_COM,1,0.1
C-EEU-POL,2062,WASH_MACH_COM,2,0
C-EEU-POL,2063,WASH_MACH_COM,1,0.1
C-EEU-POL,2063,WASH_MACH_COM,2,0
C-EEU-POL,2064,WASH_MACH_COM,1,0.1
C-EEU-POL,2064,WASH_MACH_COM,2,0
C-EEU-POL,2065,WASH_MACH_COM,1,0.1
C-EEU-POL,2065,WASH_MACH_COM,2,0
C-EEU-POL,2066,WASH_MACH_COM,1,0.1
C-EEU-POL,2066,WASH_MACH_COM,2,0
C-EEU-POL,2067,WASH_MACH_COM,1,0.1
C-EEU-POL,2067,WASH_MACH_COM,2,0
C-EEU-POL,2068,WASH_MACH_COM,1,0.1
C-EEU-POL,2068,WASH_MACH_COM,2,0
C-EEU-POL,2069,WASH_MACH_COM,1,0.1
C-EEU-POL,2069,WASH_MACH_COM,2,0
C-EEU-POL,2070,WASH_MACH_COM,1,0.1
C-EEU-POL,2070,WASH_MACH_COM,2,0
C-EEU-POL,2071,WASH_MACH_COM,1,0.1
C-EEU-POL,2071,WASH_MACH_COM,2,0
C-EEU-POL,2072,WASH_MACH_COM,1,0.1
C-EEU-POL,2072,WASH_MACH_COM,2,0
C-EEU-POL,2073,WASH_MACH_COM,1,0.1
C-EEU-POL,2073,WASH_MACH_COM,2,0
C-EEU-POL,2074,WASH_MACH_COM,1,0.1
C-EEU-POL,2074,WASH_MACH_COM,2,0
C-EEU-POL,2075,WASH_MACH_COM,1,0.1
C-EEU-POL,2075,WASH_MACH_COM,2,0
C-EEU-POL,2076,WASH_MACH_COM,1,0.1
C-EEU-POL,2076,WASH_MACH_COM,2,0
C-EEU-POL,2077,WASH_MACH_COM,1,0.1
C-EEU-POL,2077,WASH_MACH_COM,2,0
C-EEU-POL,2078,WASH_MACH_COM,1,0.1
C-EEU-POL,2078,WASH_MACH_COM,2,0
C-EEU-POL,2079,WASH_MACH_COM,1,0.1
C-EEU-POL,2079,WASH_MACH_COM,2,0
C-EEU-POL,2080,WASH_MACH_COM,1,0.1
C-EEU-POL,2080,WASH_MACH_COM,2,0
C-EEU-POL,2081,WASH_MACH_COM,1,0.1
C-EEU-POL,2081,WASH_MACH_COM,2,0
C-EEU-POL,2082,WASH_MACH_COM,1,0.1
C-EEU-POL,2082,WASH_MACH_COM,2,0
C-EEU-POL,2083,WASH_MACH_COM,1,0.1
C-EEU-POL,2083,WASH_MACH_COM,2,0
C-EEU-POL,2084,WASH_MACH_COM,1,0.1
C-EEU-POL,2084,WASH_MACH_COM,2,0
C-EEU-POL,2085,WASH_MACH_COM,1,0.1
C-EEU-POL,2085,WASH_MACH_COM,2,0
C-EEU-POL,2086,WASH_MACH_COM,1,0.1
C-EEU-POL,2086,WASH_MACH_COM,2,0
C-EEU-POL,2087,WASH_MACH_COM,1,0.1
C-EEU-POL,2087,WASH_MACH_COM,2,0
C-EEU-POL,2088,WASH_MACH_COM,1,0.1
C-EEU-POL,2088,WASH_MACH_COM,2,0
C-EEU-POL,2089,WASH_MACH_COM,1,0.1
C-EEU-POL,2089,WASH_MACH_COM,2,0
C-EEU-POL,2090,WASH_MACH_COM,1,0.1
C-EEU-POL,2090,WASH_MACH_COM,2,0
C-EEU-POL,2091,WASH_MACH_COM,1,0.1
C-EEU-POL,2091,WASH_MACH_COM,2,0
C-EEU-POL,2092,WASH_MACH_COM,1,0.1
C-EEU-POL,2092,WASH_MACH_COM,2,0
C-EEU-POL,2093,WASH_MACH_COM,1,0.1
C-EEU-POL,2093,WASH_MACH_COM,2,0
C-EEU-POL,2094,WASH_MACH_COM,1,0.1
C-EEU-POL,2094,WASH_MACH_COM,2,0
C-EEU-POL,2095,WASH_MACH_COM,1,0.1
C-EEU-POL,2095,WASH_MACH_COM,2,0
C-EEU-POL,2096,WASH_MACH_COM,1,0.1
C-EEU-POL,2096,WASH_MACH_COM,2,0
C-EEU-POL,2097,WASH_MACH_COM,1,0.1
C-EEU-POL,2097,WASH_MACH_COM,2,0
C-EEU-POL,2098,WASH_MACH_COM,1,0.1
C-EEU-POL,2098,WASH_MACH_COM,2,0
C-EEU-POL,2099,WASH_MACH_COM,1,0.1
C-EEU-POL,2099,WASH_MACH_COM,2,0
C-EEU-POL,2100,WASH_MACH_COM,1,0.1
C-EEU-POL,2100,WASH_MACH_COM,2,0
C-EEU-ROU,2000,WASH_MACH,1,0.03
C-EEU-ROU,2000,WASH_MACH,2,0
C-EEU-ROU,2001,WASH_MACH,1,0.03
C-EEU-ROU,2001,WASH_MACH,2,0
C-EEU-ROU,2002,WASH_MACH,1,0.03
C-EEU-ROU,2002,WASH_MACH,2,0
C-EEU-ROU,2003,WASH_MACH,1,0.03
C-EEU-ROU,2003,WASH_MACH,2,0
C-EEU-ROU,2004,WASH_MACH,1,0.03
C-EEU-ROU,2004,WASH_MACH,2,0
C-EEU-ROU,2005,WASH_MACH,1,0.03
C-EEU-ROU,2005,WASH_MACH,2,0
C-EEU-ROU,2006,WASH_MACH,1,0.03
C-EEU-ROU,2006,WASH_MACH,2,0
C-EEU-ROU,2007,WASH_MACH,1,0.03
C-EEU-ROU,2007,WASH_MACH,2,0
C-EEU-ROU,2008,WASH_MACH,1,0.03
C-EEU-ROU,2008,WASH_MACH,2,0
C-EEU-ROU,2009,WASH_MACH,1,0.03
C-EEU-ROU,2009,WASH_MACH,2,0
C-EEU-ROU,2010,WASH_MACH,1,0.03
C-EEU-ROU,2010,WASH_MACH,2,0
C-EEU-ROU,2011,WASH_MACH,1,0.03
C-EEU-ROU,2011,WASH_MACH,2,0
C-EEU-ROU,2012,WASH_MACH,1,0.03
C-EEU-ROU,2012,WASH_MACH,2,0
C-EEU-ROU,2013,WASH_MACH,1,0.03
C-EEU-ROU,2013,WASH_MACH,2,0
C-EEU-ROU,2014,WASH_MACH,1,0.03
C-EEU-ROU,2014,WASH_MACH,2,0
C-EEU-ROU,2015,WASH_MACH,1,0.03
C-EEU-ROU,2015,WASH_MACH,2,0
C-EEU-ROU,2016,WASH_MACH,1,0.03
C-EEU-ROU,2016,WASH_MACH,2,0
C-EEU-ROU,2017,WASH_MACH,1,0.03
C-EEU-ROU,2017,WASH_MACH,2,0
C-EEU-ROU,2018,WASH_MACH,1,0.03
C-EEU-ROU,2018,WASH_MACH,2,0
C-EEU-ROU,2019,WASH_MACH,1,0.03
C-EEU-ROU,2019,WASH_MACH,2,0
C-EEU-ROU,2020,WASH_MACH,1,0.03
C-EEU-ROU,2020,WASH_MACH,2,0
C-EEU-ROU,2021,WASH_MACH,1,0.03
C-EEU-ROU,2021,WASH_MACH,2,0
C-EEU-ROU,2022,WASH_MACH,1,0.03
C-EEU-ROU,2022,WASH_MACH,2,0
C-EEU-ROU,2023,WASH_MACH,1,0.03
C-EEU-ROU,2023,WASH_MACH,2,0
C-EEU-ROU,2024,WASH_MACH,1,0.03
C-EEU-ROU,2024,WASH_MACH,2,0
C-EEU-ROU,2025,WASH_MACH,1,0.03
C-EEU-ROU,2025,WASH_MACH,2,0
C-EEU-ROU,2026,WASH_MACH,1,0.03
C-EEU-ROU,2026,WASH_MACH,2,0
C-EEU-ROU,2027,WASH_MACH,1,0.03
C-EEU-ROU,2027,WASH_MACH,2,0
C-EEU-ROU,2028,WASH_MACH,1,0.03
C-EEU-ROU,2028,WASH_MACH,2,0
C-EEU-ROU,2029,WASH_MACH,1,0.03
C-EEU-ROU,2029,WASH_MACH,2,0
C-EEU-ROU,2030,WASH_MACH,1,0.1
C-EEU-ROU,2030,WASH_MACH,2,0
C-EEU-ROU,2031,WASH_MACH,1,0.1
C-EEU-ROU,2031,WASH_MACH,2,0
C-EEU-ROU,2032,WASH_MACH,1,0.1
C-EEU-ROU,2032,WASH_MACH,2,0
C-EEU-ROU,2033,WASH_MACH,1,0.1
C-EEU-ROU,2033,WASH_MACH,2,0
C-EEU-ROU,2034,WASH_MACH,1,0.1
C-EEU-ROU,2034,WASH_MACH,2,0
C-EEU-ROU,2035,WASH_MACH,1,0.1
C-EEU-ROU,2035,WASH_MACH,2,0
C-EEU-ROU,2036,WASH_MACH,1,0.1
C-EEU-ROU,2036,WASH_MACH,2,0
C-EEU-ROU,2037,WASH_MACH,1,0.1
C-EEU-ROU,2037,WASH_MACH,2,0
C-EEU-ROU,2038,WASH_MACH,1,0.1
C-EEU-ROU,2038,WASH_MACH,2,0
C-EEU-ROU,2039,WASH_MACH,1,0.1
C-EEU-ROU,2039,WASH_MACH,2,0
C-EEU-ROU,2040,WASH_MACH,1,0.1
C-EEU-ROU,2040,WASH_MACH,2,0
C-EEU-ROU,2041,WASH_MACH,1,0.1
C-EEU-ROU,2041,WASH_MACH,2,0
C-EEU-ROU,2042,WASH_MACH,1,0.1
C-EEU-ROU,2042,WASH_MACH,2,0
C-EEU-ROU,2043,WASH_MACH,1,0.1
C-EEU-ROU,2043,WASH_MACH,2,0
C-EEU-ROU,2044,WASH_MACH,1,0.1
C-EEU-ROU,2044,WASH_MACH,2,0
C-EEU-ROU,2045,WASH_MACH,1,0.1
C-EEU-ROU,2045,WASH_MACH,2,0
C-EEU-ROU,2046,WASH_MACH,1,0.1
C-EEU-ROU,2046,WASH_MACH,2,0
C-EEU-ROU,2047,WASH_MACH,1,0.1
C-EEU-ROU,2047,WASH_MACH,2,0
C-EEU-ROU,2048,WASH_MACH,1,0.1
C-EEU-ROU,2048,WASH_MACH,2,0
C-EEU-ROU,2049,WASH_MACH,1,0.1
C-EEU-ROU,2049,WASH_MACH,2,0
C-EEU-ROU,2050,WASH_MACH,1,0.1
C-EEU-ROU,2050,WASH_MACH,2,0
C-EEU-ROU,2051,WASH_MACH,1,0.1
C-EEU-ROU,2051,WASH_MACH,2,0
C-EEU-ROU,2052,WASH_MACH,1,0.1
C-EEU-ROU,2052,WASH_MACH,2,0
C-EEU-ROU,2053,WASH_MACH,1,0.1
C-EEU-ROU,2053,WASH_MACH,2,0
C-EEU-ROU,2054,WASH_MACH,1,0.1
C-EEU-ROU,2054,WASH_MACH,2,0
C-EEU-ROU,2055,WASH_MACH,1,0.1
C-EEU-ROU,2055,WASH_MACH,2,0
C-EEU-ROU,2056,WASH_MACH,1,0.1
C-EEU-ROU,2056,WASH_MACH,2,0
C-EEU-ROU,2057,WASH_MACH,1,0.1
C-EEU-ROU,2057,WASH_MACH,2,0
C-EEU-ROU,2058,WASH_MACH,1,0.1
C-EEU-ROU,2058,WASH_MACH,2,0
C-EEU-ROU,2059,WASH_MACH,1,0.1
C-EEU-ROU,2059,WASH_MACH,2,0
C-EEU-ROU,2060,WASH_MACH,1,0.1
C-EEU-ROU,2060,WASH_MACH,2,0
C-EEU-ROU,2061,WASH_MACH,1,0.1
C-EEU-ROU,2061,WASH_MACH,2,0
C-EEU-ROU,2062,WASH_MACH,1,0.1
C-EEU-ROU,2062,WASH_MACH,2,0
C-EEU-ROU,2063,WASH_MACH,1,0.1
C-EEU-ROU,2063,WASH_MACH,2,0
C-EEU-ROU,2064,WASH_MACH,1,0.1
C-EEU-ROU,2064,WASH_MACH,2,0
C-EEU-ROU,2065,WASH_MACH,1,0.1
C-EEU-ROU,2065,WASH_MACH,2,0
C-EEU-ROU,2066,WASH_MACH,1,0.1
C-EEU-ROU,2066,WASH_MACH,2,0
C-EEU-ROU,2067,WASH_MACH,1,0.1
C-EEU-ROU,2067,WASH_MACH,2,0
C-EEU-ROU,2068,WASH_MACH,1,0.1
C-EEU-ROU,2068,WASH_MACH,2,0
C-EEU-ROU,2069,WASH_MACH,1,0.1
C-EEU-ROU,2069,WASH_MACH,2,0
C-EEU-ROU,2070,WASH_MACH,1,0.1
C-EEU-ROU,2070,WASH_MACH,2,0
C-EEU-ROU,2071,WASH_MACH,1,0.1
C-EEU-ROU,2071,WASH_MACH,2,0
C-EEU-ROU,2072,WASH_MACH,1,0.1
C-EEU-ROU,2072,WASH_MACH,2,0
C-EEU-ROU,2073,WASH_MACH,1,0.1
C-EEU-ROU,2073,WASH_MACH,2,0
C-EEU-ROU,2074,WASH_MACH,1,0.1
C-EEU-ROU,2074,WASH_MACH,2,0
C-EEU-ROU,2075,WASH_MACH,1,0.1
C-EEU-ROU,2075,WASH_MACH,2,0
C-EEU-ROU,2076,WASH_MACH,1,0.1
C-EEU-ROU,2076,WASH_MACH,2,0
C-EEU-ROU,2077,WASH_MACH,1,0.1
C-EEU-ROU,2077,WASH_MACH,2,0
C-EEU-ROU,2078,WASH_MACH,1,0.1
C-EEU-ROU,2078,WASH_MACH,2,0
C-EEU-ROU,2079,WASH_MACH,1,0.1
C-EEU-ROU,2079,WASH_MACH,2,0
C-EEU-ROU,2080,WASH_MACH,1,0.1
C-EEU-ROU,2080,WASH_MACH,2,0
C-EEU-ROU,2081,WASH_MACH,1,0.1
C-EEU-ROU,2081,WASH_MACH,2,0
C-EEU-ROU,2082,WASH_MACH,1,0.1
C-EEU-ROU,2082,WASH_MACH,2,0
C-EEU-ROU,2083,WASH_MACH,1,0.1
C-EEU-ROU,2083,WASH_MACH,2,0
C-EEU-ROU,2084,WASH_MACH,1,0.1
C-EEU-ROU,2084,WASH_MACH,2,0
C-EEU-ROU,2085,WASH_MACH,1,0.1
C-EEU-ROU,2085,WASH_MACH,2,0
C-EEU-ROU,2086,WASH_MACH,1,0.1
C-EEU-ROU,2086,WASH_MACH,2,0
C-EEU-ROU,2087,WASH_MACH,1,0.1
C-EEU-ROU,2087,WASH_MACH,2,0
C-EEU-ROU,2088,WASH_MACH,1,0.1
C-EEU-ROU,2088,WASH_MACH,2,0
C-EEU-ROU,2089,WASH_MACH,1,0.1
C-EEU-ROU,2089,WASH_MACH,2,0
C-EEU-ROU,2090,WASH_MACH,1,0.1
C-EEU-ROU,2090,WASH_MACH,2,0
C-EEU-ROU,2091,WASH_MACH,1,0.1
C-EEU-ROU,2091,WASH_MACH,2,0
C-EEU-ROU,2092,WASH_MACH,1,0.1
C-EEU-ROU,2092,WASH_MACH,2,0
C-EEU-ROU,2093,WASH_MACH,1,0.1
C-EEU-ROU,2093,WASH_MACH,2,0
C-EEU-ROU,2094,WASH_MACH,1,0.1
C-EEU-ROU,2094,WASH_MACH,2,0
C-EEU-ROU,2095,WASH_MACH,1,0.1
C-EEU-ROU,2095,WASH_MACH,2,0
C-EEU-ROU,2096,WASH_MACH,1,0.1
C-EEU-ROU,2096,WASH_MACH,2,0
C-EEU-ROU,2097,WASH_MACH,1,0.1
C-EEU-ROU,2097,WASH_MACH,2,0
C-EEU-ROU,2098,WASH_MACH,1,0.1
C-EEU-ROU,2098,WASH_MACH,2,0
C-EEU-ROU,2099,WASH_MACH,1,0.1
C-EEU-ROU,2099,WASH_MACH,2,0
C-EEU-ROU,2100,WASH_MACH,1,0.1
C-EEU-ROU,2100,WASH_MACH,2,0
C-EEU-ROU,2000,WASH_MACH_COM,1,0.03
C-EEU-ROU,2000,WASH_MACH_COM,2,0
C-EEU-ROU,2001,WASH_MACH_COM,1,0.03
C-EEU-ROU,2001,WASH_MACH_COM,2,0
C-EEU-ROU,2002,WASH_MACH_COM,1,0.03
C-EEU-ROU,2002,WASH_MACH_COM,2,0
C-EEU-ROU,2003,WASH_MACH_COM,1,0.03
C-EEU-ROU,2003,WASH_MACH_COM,2,0
C-EEU-ROU,2004,WASH_MACH_COM,1,0.03
C-EEU-ROU,2004,WASH_MACH_COM,2,0
C-EEU-ROU,2005,WASH_MACH_COM,1,0.03
C-EEU-ROU,2005,WASH_MACH_COM,2,0
C-EEU-ROU,2006,WASH_MACH_COM,1,0.03
C-EEU-ROU,2006,WASH_MACH_COM,2,0
C-EEU-ROU,2007,WASH_MACH_COM,1,0.03
C-EEU-ROU,2007,WASH_MACH_COM,2,0
C-EEU-ROU,2008,WASH_MACH_COM,1,0.03
C-EEU-ROU,2008,WASH_MACH_COM,2,0
C-EEU-ROU,2009,WASH_MACH_COM,1,0.03
C-EEU-ROU,2009,WASH_MACH_COM,2,0
C-EEU-ROU,2010,WASH_MACH_COM,1,0.03
C-EEU-ROU,2010,WASH_MACH_COM,2,0
C-EEU-ROU,2011,WASH_MACH_COM,1,0.03
C-EEU-ROU,2011,WASH_MACH_COM,2,0
C-EEU-ROU,2012,WASH_MACH_COM,1,0.03
C-EEU-ROU,2012,WASH_MACH_COM,2,0
C-EEU-ROU,2013,WASH_MACH_COM,1,0.03
C-EEU-ROU,2013,WASH_MACH_COM,2,0
C-EEU-ROU,2014,WASH_MACH_COM,1,0.03
C-EEU-ROU,2014,WASH_MACH_COM,2,0
C-EEU-ROU,2015,WASH_MACH_COM,1,0.03
C-EEU-ROU,2015,WASH_MACH_COM,2,0
C-EEU-ROU,2016,WASH_MACH_COM,1,0.03
C-EEU-ROU,2016,WASH_MACH_COM,2,0
C-EEU-ROU,2017,WASH_MACH_COM,1,0.03
C-EEU-ROU,2017,WASH_MACH_COM,2,0
C-EEU-ROU,2018,WASH_MACH_COM,1,0.03
C-EEU-ROU,2018,WASH_MACH_COM,2,0
C-EEU-ROU,2019,WASH_MACH_COM,1,0.03
C-EEU-ROU,2019,WASH_MACH_COM,2,0
C-EEU-ROU,2020,WASH_MACH_COM,1,0.03
C-EEU-ROU,2020,WASH_MACH_COM,2,0
C-EEU-ROU,2021,WASH_MACH_COM,1,0.03
C-EEU-ROU,2021,WASH_MACH_COM,2,0
C-EEU-ROU,2022,WASH_MACH_COM,1,0.03
C-EEU-ROU,2022,WASH_MACH_COM,2,0
C-EEU-ROU,2023,WASH_MACH_COM,1,0.03
C-EEU-ROU,2023,WASH_MACH_COM,2,0
C-EEU-ROU,2024,WASH_MACH_COM,1,0.03
C-EEU-ROU,2024,WASH_MACH_COM,2,0
C-EEU-ROU,2025,WASH_MACH_COM,1,0.03
C-EEU-ROU,2025,WASH_MACH_COM,2,0
C-EEU-ROU,2026,WASH_MACH_COM,1,0.03
C-EEU-ROU,2026,WASH_MACH_COM,2,0
C-EEU-ROU,2027,WASH_MACH_COM,1,0.03
C-EEU-ROU,2027,WASH_MACH_COM,2,0
C-EEU-ROU,2028,WASH_MACH_COM,1,0.03
C-EEU-ROU,2028,WASH_MACH_COM,2,0
C-EEU-ROU,2029,WASH_MACH_COM,1,0.03
C-EEU-ROU,2029,WASH_MACH_COM,2,0
C-EEU-ROU,2030,WASH_MACH_COM,1,0.1
C-EEU-ROU,2030,WASH_MACH_COM,2,0
C-EEU-ROU,2031,WASH_MACH_COM,1,0.1
C-EEU-ROU,2031,WASH_MACH_COM,2,0
C-EEU-ROU,2032,WASH_MACH_COM,1,0.1
C-EEU-ROU,2032,WASH_MACH_COM,2,0
C-EEU-ROU,2033,WASH_MACH_COM,1,0.1
C-EEU-ROU,2033,WASH_MACH_COM,2,0
C-EEU-ROU,2034,WASH_MACH_COM,1,0.1
C-EEU-ROU,2034,WASH_MACH_COM,2,0
C-EEU-ROU,2035,WASH_MACH_COM,1,0.1
C-EEU-ROU,2035,WASH_MACH_COM,2,0
C-EEU-ROU,2036,WASH_MACH_COM,1,0.1
C-EEU-ROU,2036,WASH_MACH_COM,2,0
C-EEU-ROU,2037,WASH_MACH_COM,1,0.1
C-EEU-ROU,2037,WASH_MACH_COM,2,0
C-EEU-ROU,2038,WASH_MACH_COM,1,0.1
C-EEU-ROU,2038,WASH_MACH_COM,2,0
C-EEU-ROU,2039,WASH_MACH_COM,1,0.1
C-EEU-ROU,2039,WASH_MACH_COM,2,0
C-EEU-ROU,2040,WASH_MACH_COM,1,0.1
C-EEU-ROU,2040,WASH_MACH_COM,2,0
C-EEU-ROU,2041,WASH_MACH_COM,1,0.1
C-EEU-ROU,2041,WASH_MACH_COM,2,0
C-EEU-ROU,2042,WASH_MACH_COM,1,0.1
C-EEU-ROU,2042,WASH_MACH_COM,2,0
C-EEU-ROU,2043,WASH_MACH_COM,1,0.1
C-EEU-ROU,2043,WASH_MACH_COM,2,0
C-EEU-ROU,2044,WASH_MACH_COM,1,0.1
C-EEU-ROU,2044,WASH_MACH_COM,2,0
C-EEU-ROU,2045,WASH_MACH_COM,1,0.1
C-EEU-ROU,2045,WASH_MACH_COM,2,0
C-EEU-ROU,2046,WASH_MACH_COM,1,0.1
C-EEU-ROU,2046,WASH_MACH_COM,2,0
C-EEU-ROU,2047,WASH_MACH_COM,1,0.1
C-EEU-ROU,2047,WASH_MACH_COM,2,0
C-EEU-ROU,2048,WASH_MACH_COM,1,0.1
C-EEU-ROU,2048,WASH_MACH_COM,2,0
C-EEU-ROU,2049,WASH_MACH_COM,1,0.1
C-EEU-ROU,2049,WASH_MACH_COM,2,0
C-EEU-ROU,2050,WASH_MACH_COM,1,0.1
C-EEU-ROU,2050,WASH_MACH_COM,2,0
C-EEU-ROU,2051,WASH_MACH_COM,1,0.1
C-EEU-ROU,2051,WASH_MACH_COM,2,0
C-EEU-ROU,2052,WASH_MACH_COM,1,0.1
C-EEU-ROU,2052,WASH_MACH_COM,2,0
C-EEU-ROU,2053,WASH_MACH_COM,1,0.1
C-EEU-ROU,2053,WASH_MACH_COM,2,0
C-EEU-ROU,2054,WASH_MACH_COM,1,0.1
C-EEU-ROU,2054,WASH_MACH_COM,2,0
C-EEU-ROU,2055,WASH_MACH_COM,1,0.1
C-EEU-ROU,2055,WASH_MACH_COM,2,0
C-EEU-ROU,2056,WASH_MACH_COM,1,0.1
C-EEU-ROU,2056,WASH_MACH_COM,2,0
C-EEU-ROU,2057,WASH_MACH_COM,1,0.1
C-EEU-ROU,2057,WASH_MACH_COM,2,0
C-EEU-ROU,2058,WASH_MACH_COM,1,0.1
C-EEU-ROU,2058,WASH_MACH_COM,2,0
C-EEU-ROU,2059,WASH_MACH_COM,1,0.1
C-EEU-ROU,2059,WASH_MACH_COM,2,0
C-EEU-ROU,2060,WASH_MACH_COM,1,0.1
C-EEU-ROU,2060,WASH_MACH_COM,2,0
C-EEU-ROU,2061,WASH_MACH_COM,1,0.1
C-EEU-ROU,2061,WASH_MACH_COM,2,0
C-EEU-ROU,2062,WASH_MACH_COM,1,0.1
C-EEU-ROU,2062,WASH_MACH_COM,2,0
C-EEU-ROU,2063,WASH_MACH_COM,1,0.1
C-EEU-ROU,2063,WASH_MACH_COM,2,0
C-EEU-ROU,2064,WASH_MACH_COM,1,0.1
C-EEU-ROU,2064,WASH_MACH_COM,2,0
C-EEU-ROU,2065,WASH_MACH_COM,1,0.1
C-EEU-ROU,2065,WASH_MACH_COM,2,0
C-EEU-ROU,2066,WASH_MACH_COM,1,0.1
C-EEU-ROU,2066,WASH_MACH_COM,2,0
C-EEU-ROU,2067,WASH_MACH_COM,1,0.1
C-EEU-ROU,2067,WASH_MACH_COM,2,0
C-EEU-ROU,2068,WASH_MACH_COM,1,0.1
C-EEU-ROU,2068,WASH_MACH_COM,2,0
C-EEU-ROU,2069,WASH_MACH_COM,1,0.1
C-EEU-ROU,2069,WASH_MACH_COM,2,0
C-EEU-ROU,2070,WASH_MACH_COM,1,0.1
C-EEU-ROU,2070,WASH_MACH_COM,2,0
C-EEU-ROU,2071,WASH_MACH_COM,1,0.1
C-EEU-ROU,2071,WASH_MACH_COM,2,0
C-EEU-ROU,2072,WASH_MACH_COM,1,0.1
C-EEU-ROU,2072,WASH_MACH_COM,2,0
C-EEU-ROU,2073,WASH_MACH_COM,1,0.1
C-EEU-ROU,2073,WASH_MACH_COM,2,0
C-EEU-ROU,2074,WASH_MACH_COM,1,0.1
C-EEU-ROU,2074,WASH_MACH_COM,2,0
C-EEU-ROU,2075,WASH_MACH_COM,1,0.1
C-EEU-ROU,2075,WASH_MACH_COM,2,0
C-EEU-ROU,2076,WASH_MACH_COM,1,0.1
C-EEU-ROU,2076,WASH_MACH_COM,2,0
C-EEU-ROU,2077,WASH_MACH_COM,1,0.1
C-EEU-ROU,2077,WASH_MACH_COM,2,0
C-EEU-ROU,2078,WASH_MACH_COM,1,0.1
C-EEU-ROU,2078,WASH_MACH_COM,2,0
C-EEU-ROU,2079,WASH_MACH_COM,1,0.1
C-EEU-ROU,2079,WASH_MACH_COM,2,0
C-EEU-ROU,2080,WASH_MACH_COM,1,0.1
C-EEU-ROU,2080,WASH_MACH_COM,2,0
C-EEU-ROU,2081,WASH_MACH_COM,1,0.1
C-EEU-ROU,2081,WASH_MACH_COM,2,0
C-EEU-ROU,2082,WASH_MACH_COM,1,0.1
C-EEU-ROU,2082,WASH_MACH_COM,2,0
C-EEU-ROU,2083,WASH_MACH_COM,1,0.1
C-EEU-ROU,2083,WASH_MACH_COM,2,0
C-EEU-ROU,2084,WASH_MACH_COM,1,0.1
C-EEU-ROU,2084,WASH_MACH_COM,2,0
C-EEU-ROU,2085,WASH_MACH_COM,1,0.1
C-EEU-ROU,2085,WASH_MACH_COM,2,0
C-EEU-ROU,2086,WASH_MACH_COM,1,0.1
C-EEU-ROU,2086,WASH_MACH_COM,2,0
C-EEU-ROU,2087,WASH_MACH_COM,1,0.1
C-EEU-ROU,2087,WASH_MACH_COM,2,0
C-EEU-ROU,2088,WASH_MACH_COM,1,0.1
C-EEU-ROU,2088,WASH_MACH_COM,2,0
C-EEU-ROU,2089,WASH_MACH_COM,1,0.1
C-EEU-ROU,2089,WASH_MACH_COM,2,0
C-EEU-ROU,2090,WASH_MACH_COM,1,0.1
C-EEU-ROU,2090,WASH_MACH_COM,2,0
C-EEU-ROU,2091,WASH_MACH_COM,1,0.1
C-EEU-ROU,2091,WASH_MACH_COM,2,0
C-EEU-ROU,2092,WASH_MACH_COM,1,0.1
C-EEU-ROU,2092,WASH_MACH_COM,2,0
C-EEU-ROU,2093,WASH_MACH_COM,1,0.1
C-EEU-ROU,2093,WASH_MACH_COM,2,0
C-EEU-ROU,2094,WASH_MACH_COM,1,0.1
C-EEU-ROU,2094,WASH_MACH_COM,2,0
C-EEU-ROU,2095,WASH_MACH_COM,1,0.1
C-EEU-ROU,2095,WASH_MACH_COM,2,0
C-EEU-ROU,2096,WASH_MACH_COM,1,0.1
C-EEU-ROU,2096,WASH_MACH_COM,2,0
C-EEU-ROU,2097,WASH_MACH_COM,1,0.1
C-EEU-ROU,2097,WASH_MACH_COM,2,0
C-EEU-ROU,2098,WASH_MACH_COM,1,0.1
C-EEU-ROU,2098,WASH_MACH_COM,2,0
C-EEU-ROU,2099,WASH_MACH_COM,1,0.1
C-EEU-ROU,2099,WASH_MACH_COM,2,0
C-EEU-ROU,2100,WASH_MACH_COM,1,0.1
C-EEU-ROU,2100,WASH_MACH_COM,2,0
C-EEU-SVK,2000,WASH_MACH,1,0.03
C-EEU-SVK,2000,WASH_MACH,2,0
C-EEU-SVK,2001,WASH_MACH,1,0.03
C-EEU-SVK,2001,WASH_MACH,2,0
C-EEU-SVK,2002,WASH_MACH,1,0.03
C-EEU-SVK,2002,WASH_MACH,2,0
C-EEU-SVK,2003,WASH_MACH,1,0.03
C-EEU-SVK,2003,WASH_MACH,2,0
C-EEU-SVK,2004,WASH_MACH,1,0.03
C-EEU-SVK,2004,WASH_MACH,2,0
C-EEU-SVK,2005,WASH_MACH,1,0.03
C-EEU-SVK,2005,WASH_MACH,2,0
C-EEU-SVK,2006,WASH_MACH,1,0.03
C-EEU-SVK,2006,WASH_MACH,2,0
C-EEU-SVK,2007,WASH_MACH,1,0.03
C-EEU-SVK,2007,WASH_MACH,2,0
C-EEU-SVK,2008,WASH_MACH,1,0.03
C-EEU-SVK,2008,WASH_MACH,2,0
C-EEU-SVK,2009,WASH_MACH,1,0.03
C-EEU-SVK,2009,WASH_MACH,2,0
C-EEU-SVK,2010,WASH_MACH,1,0.03
C-EEU-SVK,2010,WASH_MACH,2,0
C-EEU-SVK,2011,WASH_MACH,1,0.03
C-EEU-SVK,2011,WASH_MACH,2,0
C-EEU-SVK,2012,WASH_MACH,1,0.03
C-EEU-SVK,2012,WASH_MACH,2,0
C-EEU-SVK,2013,WASH_MACH,1,0.03
C-EEU-SVK,2013,WASH_MACH,2,0
C-EEU-SVK,2014,WASH_MACH,1,0.03
C-EEU-SVK,2014,WASH_MACH,2,0
C-EEU-SVK,2015,WASH_MACH,1,0.03
C-EEU-SVK,2015,WASH_MACH,2,0
C-EEU-SVK,2016,WASH_MACH,1,0.03
C-EEU-SVK,2016,WASH_MACH,2,0
C-EEU-SVK,2017,WASH_MACH,1,0.03
C-EEU-SVK,2017,WASH_MACH,2,0
C-EEU-SVK,2018,WASH_MACH,1,0.03
C-EEU-SVK,2018,WASH_MACH,2,0
C-EEU-SVK,2019,WASH_MACH,1,0.03
C-EEU-SVK,2019,WASH_MACH,2,0
C-EEU-SVK,2020,WASH_MACH,1,0.03
C-EEU-SVK,2020,WASH_MACH,2,0
C-EEU-SVK,2021,WASH_MACH,1,0.03
C-EEU-SVK,2021,WASH_MACH,2,0
C-EEU-SVK,2022,WASH_MACH,1,0.03
C-EEU-SVK,2022,WASH_MACH,2,0
C-EEU-SVK,2023,WASH_MACH,1,0.03
C-EEU-SVK,2023,WASH_MACH,2,0
C-EEU-SVK,2024,WASH_MACH,1,0.03
C-EEU-SVK,2024,WASH_MACH,2,0
C-EEU-SVK,2025,WASH_MACH,1,0.03
C-EEU-SVK,2025,WASH_MACH,2,0
C-EEU-SVK,2026,WASH_MACH,1,0.03
C-EEU-SVK,2026,WASH_MACH,2,0
C-EEU-SVK,2027,WASH_MACH,1,0.03
C-EEU-SVK,2027,WASH_MACH,2,0
C-EEU-SVK,2028,WASH_MACH,1,0.03
C-EEU-SVK,2028,WASH_MACH,2,0
C-EEU-SVK,2029,WASH_MACH,1,0.03
C-EEU-SVK,2029,WASH_MACH,2,0
C-EEU-SVK,2030,WASH_MACH,1,0.1
C-EEU-SVK,2030,WASH_MACH,2,0
C-EEU-SVK,2031,WASH_MACH,1,0.1
C-EEU-SVK,2031,WASH_MACH,2,0
C-EEU-SVK,2032,WASH_MACH,1,0.1
C-EEU-SVK,2032,WASH_MACH,2,0
C-EEU-SVK,2033,WASH_MACH,1,0.1
C-EEU-SVK,2033,WASH_MACH,2,0
C-EEU-SVK,2034,WASH_MACH,1,0.1
C-EEU-SVK,2034,WASH_MACH,2,0
C-EEU-SVK,2035,WASH_MACH,1,0.1
C-EEU-SVK,2035,WASH_MACH,2,0
C-EEU-SVK,2036,WASH_MACH,1,0.1
C-EEU-SVK,2036,WASH_MACH,2,0
C-EEU-SVK,2037,WASH_MACH,1,0.1
C-EEU-SVK,2037,WASH_MACH,2,0
C-EEU-SVK,2038,WASH_MACH,1,0.1
C-EEU-SVK,2038,WASH_MACH,2,0
C-EEU-SVK,2039,WASH_MACH,1,0.1
C-EEU-SVK,2039,WASH_MACH,2,0
C-EEU-SVK,2040,WASH_MACH,1,0.1
C-EEU-SVK,2040,WASH_MACH,2,0
C-EEU-SVK,2041,WASH_MACH,1,0.1
C-EEU-SVK,2041,WASH_MACH,2,0
C-EEU-SVK,2042,WASH_MACH,1,0.1
C-EEU-SVK,2042,WASH_MACH,2,0
C-EEU-SVK,2043,WASH_MACH,1,0.1
C-EEU-SVK,2043,WASH_MACH,2,0
C-EEU-SVK,2044,WASH_MACH,1,0.1
C-EEU-SVK,2044,WASH_MACH,2,0
C-EEU-SVK,2045,WASH_MACH,1,0.1
C-EEU-SVK,2045,WASH_MACH,2,0
C-EEU-SVK,2046,WASH_MACH,1,0.1
C-EEU-SVK,2046,WASH_MACH,2,0
C-EEU-SVK,2047,WASH_MACH,1,0.1
C-EEU-SVK,2047,WASH_MACH,2,0
C-EEU-SVK,2048,WASH_MACH,1,0.1
C-EEU-SVK,2048,WASH_MACH,2,0
C-EEU-SVK,2049,WASH_MACH,1,0.1
C-EEU-SVK,2049,WASH_MACH,2,0
C-EEU-SVK,2050,WASH_MACH,1,0.1
C-EEU-SVK,2050,WASH_MACH,2,0
C-EEU-SVK,2051,WASH_MACH,1,0.1
C-EEU-SVK,2051,WASH_MACH,2,0
C-EEU-SVK,2052,WASH_MACH,1,0.1
C-EEU-SVK,2052,WASH_MACH,2,0
C-EEU-SVK,2053,WASH_MACH,1,0.1
C-EEU-SVK,2053,WASH_MACH,2,0
C-EEU-SVK,2054,WASH_MACH,1,0.1
C-EEU-SVK,2054,WASH_MACH,2,0
C-EEU-SVK,2055,WASH_MACH,1,0.1
C-EEU-SVK,2055,WASH_MACH,2,0
C-EEU-SVK,2056,WASH_MACH,1,0.1
C-EEU-SVK,2056,WASH_MACH,2,0
C-EEU-SVK,2057,WASH_MACH,1,0.1
C-EEU-SVK,2057,WASH_MACH,2,0
C-EEU-SVK,2058,WASH_MACH,1,0.1
C-EEU-SVK,2058,WASH_MACH,2,0
C-EEU-SVK,2059,WASH_MACH,1,0.1
C-EEU-SVK,2059,WASH_MACH,2,0
C-EEU-SVK,2060,WASH_MACH,1,0.1
C-EEU-SVK,2060,WASH_MACH,2,0
C-EEU-SVK,2061,WASH_MACH,1,0.1
C-EEU-SVK,2061,WASH_MACH,2,0
C-EEU-SVK,2062,WASH_MACH,1,0.1
C-EEU-SVK,2062,WASH_MACH,2,0
C-EEU-SVK,2063,WASH_MACH,1,0.1
C-EEU-SVK,2063,WASH_MACH,2,0
C-EEU-SVK,2064,WASH_MACH,1,0.1
C-EEU-SVK,2064,WASH_MACH,2,0
C-EEU-SVK,2065,WASH_MACH,1,0.1
C-EEU-SVK,2065,WASH_MACH,2,0
C-EEU-SVK,2066,WASH_MACH,1,0.1
C-EEU-SVK,2066,WASH_MACH,2,0
C-EEU-SVK,2067,WASH_MACH,1,0.1
C-EEU-SVK,2067,WASH_MACH,2,0
C-EEU-SVK,2068,WASH_MACH,1,0.1
C-EEU-SVK,2068,WASH_MACH,2,0
C-EEU-SVK,2069,WASH_MACH,1,0.1
C-EEU-SVK,2069,WASH_MACH,2,0
C-EEU-SVK,2070,WASH_MACH,1,0.1
C-EEU-SVK,2070,WASH_MACH,2,0
C-EEU-SVK,2071,WASH_MACH,1,0.1
C-EEU-SVK,2071,WASH_MACH,2,0
C-EEU-SVK,2072,WASH_MACH,1,0.1
C-EEU-SVK,2072,WASH_MACH,2,0
C-EEU-SVK,2073,WASH_MACH,1,0.1
C-EEU-SVK,2073,WASH_MACH,2,0
C-EEU-SVK,2074,WASH_MACH,1,0.1
C-EEU-SVK,2074,WASH_MACH,2,0
C-EEU-SVK,2075,WASH_MACH,1,0.1
C-EEU-SVK,2075,WASH_MACH,2,0
C-EEU-SVK,2076,WASH_MACH,1,0.1
C-EEU-SVK,2076,WASH_MACH,2,0
C-EEU-SVK,2077,WASH_MACH,1,0.1
C-EEU-SVK,2077,WASH_MACH,2,0
C-EEU-SVK,2078,WASH_MACH,1,0.1
C-EEU-SVK,2078,WASH_MACH,2,0
C-EEU-SVK,2079,WASH_MACH,1,0.1
C-EEU-SVK,2079,WASH_MACH,2,0
C-EEU-SVK,2080,WASH_MACH,1,0.1
C-EEU-SVK,2080,WASH_MACH,2,0
C-EEU-SVK,2081,WASH_MACH,1,0.1
C-EEU-SVK,2081,WASH_MACH,2,0
C-EEU-SVK,2082,WASH_MACH,1,0.1
C-EEU-SVK,2082,WASH_MACH,2,0
C-EEU-SVK,2083,WASH_MACH,1,0.1
C-EEU-SVK,2083,WASH_MACH,2,0
C-EEU-SVK,2084,WASH_MACH,1,0.1
C-EEU-SVK,2084,WASH_MACH,2,0
C-EEU-SVK,2085,WASH_MACH,1,0.1
C-EEU-SVK,2085,WASH_MACH,2,0
C-EEU-SVK,2086,WASH_MACH,1,0.1
C-EEU-SVK,2086,WASH_MACH,2,0
C-EEU-SVK,2087,WASH_MACH,1,0.1
C-EEU-SVK,2087,WASH_MACH,2,0
C-EEU-SVK,2088,WASH_MACH,1,0.1
C-EEU-SVK,2088,WASH_MACH,2,0
C-EEU-SVK,2089,WASH_MACH,1,0.1
C-EEU-SVK,2089,WASH_MACH,2,0
C-EEU-SVK,2090,WASH_MACH,1,0.1
C-EEU-SVK,2090,WASH_MACH,2,0
C-EEU-SVK,2091,WASH_MACH,1,0.1
C-EEU-SVK,2091,WASH_MACH,2,0
C-EEU-SVK,2092,WASH_MACH,1,0.1
C-EEU-SVK,2092,WASH_MACH,2,0
C-EEU-SVK,2093,WASH_MACH,1,0.1
C-EEU-SVK,2093,WASH_MACH,2,0
C-EEU-SVK,2094,WASH_MACH,1,0.1
C-EEU-SVK,2094,WASH_MACH,2,0
C-EEU-SVK,2095,WASH_MACH,1,0.1
C-EEU-SVK,2095,WASH_MACH,2,0
C-EEU-SVK,2096,WASH_MACH,1,0.1
C-EEU-SVK,2096,WASH_MACH,2,0
C-EEU-SVK,2097,WASH_MACH,1,0.1
C-EEU-SVK,2097,WASH_MACH,2,0
C-EEU-SVK,2098,WASH_MACH,1,0.1
C-EEU-SVK,2098,WASH_MACH,2,0
C-EEU-SVK,2099,WASH_MACH,1,0.1
C-EEU-SVK,2099,WASH_MACH,2,0
C-EEU-SVK,2100,WASH_MACH,1,0.1
C-EEU-SVK,2100,WASH_MACH,2,0
C-EEU-SVK,2000,WASH_MACH_COM,1,0.03
C-EEU-SVK,2000,WASH_MACH_COM,2,0
C-EEU-SVK,2001,WASH_MACH_COM,1,0.03
C-EEU-SVK,2001,WASH_MACH_COM,2,0
C-EEU-SVK,2002,WASH_MACH_COM,1,0.03
C-EEU-SVK,2002,WASH_MACH_COM,2,0
C-EEU-SVK,2003,WASH_MACH_COM,1,0.03
C-EEU-SVK,2003,WASH_MACH_COM,2,0
C-EEU-SVK,2004,WASH_MACH_COM,1,0.03
C-EEU-SVK,2004,WASH_MACH_COM,2,0
C-EEU-SVK,2005,WASH_MACH_COM,1,0.03
C-EEU-SVK,2005,WASH_MACH_COM,2,0
C-EEU-SVK,2006,WASH_MACH_COM,1,0.03
C-EEU-SVK,2006,WASH_MACH_COM,2,0
C-EEU-SVK,2007,WASH_MACH_COM,1,0.03
C-EEU-SVK,2007,WASH_MACH_COM,2,0
C-EEU-SVK,2008,WASH_MACH_COM,1,0.03
C-EEU-SVK,2008,WASH_MACH_COM,2,0
C-EEU-SVK,2009,WASH_MACH_COM,1,0.03
C-EEU-SVK,2009,WASH_MACH_COM,2,0
C-EEU-SVK,2010,WASH_MACH_COM,1,0.03
C-EEU-SVK,2010,WASH_MACH_COM,2,0
C-EEU-SVK,2011,WASH_MACH_COM,1,0.03
C-EEU-SVK,2011,WASH_MACH_COM,2,0
C-EEU-SVK,2012,WASH_MACH_COM,1,0.03
C-EEU-SVK,2012,WASH_MACH_COM,2,0
C-EEU-SVK,2013,WASH_MACH_COM,1,0.03
C-EEU-SVK,2013,WASH_MACH_COM,2,0
C-EEU-SVK,2014,WASH_MACH_COM,1,0.03
C-EEU-SVK,2014,WASH_MACH_COM,2,0
C-EEU-SVK,2015,WASH_MACH_COM,1,0.03
C-EEU-SVK,2015,WASH_MACH_COM,2,0
C-EEU-SVK,2016,WASH_MACH_COM,1,0.03
C-EEU-SVK,2016,WASH_MACH_COM,2,0
C-EEU-SVK,2017,WASH_MACH_COM,1,0.03
C-EEU-SVK,2017,WASH_MACH_COM,2,0
C-EEU-SVK,2018,WASH_MACH_COM,1,0.03
C-EEU-SVK,2018,WASH_MACH_COM,2,0
C-EEU-SVK,2019,WASH_MACH_COM,1,0.03
C-EEU-SVK,2019,WASH_MACH_COM,2,0
C-EEU-SVK,2020,WASH_MACH_COM,1,0.03
C-EEU-SVK,2020,WASH_MACH_COM,2,0
C-EEU-SVK,2021,WASH_MACH_COM,1,0.03
C-EEU-SVK,2021,WASH_MACH_COM,2,0
C-EEU-SVK,2022,WASH_MACH_COM,1,0.03
C-EEU-SVK,2022,WASH_MACH_COM,2,0
C-EEU-SVK,2023,WASH_MACH_COM,1,0.03
C-EEU-SVK,2023,WASH_MACH_COM,2,0
C-EEU-SVK,2024,WASH_MACH_COM,1,0.03
C-EEU-SVK,2024,WASH_MACH_COM,2,0
C-EEU-SVK,2025,WASH_MACH_COM,1,0.03
C-EEU-SVK,2025,WASH_MACH_COM,2,0
C-EEU-SVK,2026,WASH_MACH_COM,1,0.03
C-EEU-SVK,2026,WASH_MACH_COM,2,0
C-EEU-SVK,2027,WASH_MACH_COM,1,0.03
C-EEU-SVK,2027,WASH_MACH_COM,2,0
C-EEU-SVK,2028,WASH_MACH_COM,1,0.03
C-EEU-SVK,2028,WASH_MACH_COM,2,0
C-EEU-SVK,2029,WASH_MACH_COM,1,0.03
C-EEU-SVK,2029,WASH_MACH_COM,2,0
C-EEU-SVK,2030,WASH_MACH_COM,1,0.1
C-EEU-SVK,2030,WASH_MACH_COM,2,0
C-EEU-SVK,2031,WASH_MACH_COM,1,0.1
C-EEU-SVK,2031,WASH_MACH_COM,2,0
C-EEU-SVK,2032,WASH_MACH_COM,1,0.1
C-EEU-SVK,2032,WASH_MACH_COM,2,0
C-EEU-SVK,2033,WASH_MACH_COM,1,0.1
C-EEU-SVK,2033,WASH_MACH_COM,2,0
C-EEU-SVK,2034,WASH_MACH_COM,1,0.1
C-EEU-SVK,2034,WASH_MACH_COM,2,0
C-EEU-SVK,2035,WASH_MACH_COM,1,0.1
C-EEU-SVK,2035,WASH_MACH_COM,2,0
C-EEU-SVK,2036,WASH_MACH_COM,1,0.1
C-EEU-SVK,2036,WASH_MACH_COM,2,0
C-EEU-SVK,2037,WASH_MACH_COM,1,0.1
C-EEU-SVK,2037,WASH_MACH_COM,2,0
C-EEU-SVK,2038,WASH_MACH_COM,1,0.1
C-EEU-SVK,2038,WASH_MACH_COM,2,0
C-EEU-SVK,2039,WASH_MACH_COM,1,0.1
C-EEU-SVK,2039,WASH_MACH_COM,2,0
C-EEU-SVK,2040,WASH_MACH_COM,1,0.1
C-EEU-SVK,2040,WASH_MACH_COM,2,0
C-EEU-SVK,2041,WASH_MACH_COM,1,0.1
C-EEU-SVK,2041,WASH_MACH_COM,2,0
C-EEU-SVK,2042,WASH_MACH_COM,1,0.1
C-EEU-SVK,2042,WASH_MACH_COM,2,0
C-EEU-SVK,2043,WASH_MACH_COM,1,0.1
C-EEU-SVK,2043,WASH_MACH_COM,2,0
C-EEU-SVK,2044,WASH_MACH_COM,1,0.1
C-EEU-SVK,2044,WASH_MACH_COM,2,0
C-EEU-SVK,2045,WASH_MACH_COM,1,0.1
C-EEU-SVK,2045,WASH_MACH_COM,2,0
C-EEU-SVK,2046,WASH_MACH_COM,1,0.1
C-EEU-SVK,2046,WASH_MACH_COM,2,0
C-EEU-SVK,2047,WASH_MACH_COM,1,0.1
C-EEU-SVK,2047,WASH_MACH_COM,2,0
C-EEU-SVK,2048,WASH_MACH_COM,1,0.1
C-EEU-SVK,2048,WASH_MACH_COM,2,0
C-EEU-SVK,2049,WASH_MACH_COM,1,0.1
C-EEU-SVK,2049,WASH_MACH_COM,2,0
C-EEU-SVK,2050,WASH_MACH_COM,1,0.1
C-EEU-SVK,2050,WASH_MACH_COM,2,0
C-EEU-SVK,2051,WASH_MACH_COM,1,0.1
C-EEU-SVK,2051,WASH_MACH_COM,2,0
C-EEU-SVK,2052,WASH_MACH_COM,1,0.1
C-EEU-SVK,2052,WASH_MACH_COM,2,0
C-EEU-SVK,2053,WASH_MACH_COM,1,0.1
C-EEU-SVK,2053,WASH_MACH_COM,2,0
C-EEU-SVK,2054,WASH_MACH_COM,1,0.1
C-EEU-SVK,2054,WASH_MACH_COM,2,0
C-EEU-SVK,2055,WASH_MACH_COM,1,0.1
C-EEU-SVK,2055,WASH_MACH_COM,2,0
C-EEU-SVK,2056,WASH_MACH_COM,1,0.1
C-EEU-SVK,2056,WASH_MACH_COM,2,0
C-EEU-SVK,2057,WASH_MACH_COM,1,0.1
C-EEU-SVK,2057,WASH_MACH_COM,2,0
C-EEU-SVK,2058,WASH_MACH_COM,1,0.1
C-EEU-SVK,2058,WASH_MACH_COM,2,0
C-EEU-SVK,2059,WASH_MACH_COM,1,0.1
C-EEU-SVK,2059,WASH_MACH_COM,2,0
C-EEU-SVK,2060,WASH_MACH_COM,1,0.1
C-EEU-SVK,2060,WASH_MACH_COM,2,0
C-EEU-SVK,2061,WASH_MACH_COM,1,0.1
C-EEU-SVK,2061,WASH_MACH_COM,2,0
C-EEU-SVK,2062,WASH_MACH_COM,1,0.1
C-EEU-SVK,2062,WASH_MACH_COM,2,0
C-EEU-SVK,2063,WASH_MACH_COM,1,0.1
C-EEU-SVK,2063,WASH_MACH_COM,2,0
C-EEU-SVK,2064,WASH_MACH_COM,1,0.1
C-EEU-SVK,2064,WASH_MACH_COM,2,0
C-EEU-SVK,2065,WASH_MACH_COM,1,0.1
C-EEU-SVK,2065,WASH_MACH_COM,2,0
C-EEU-SVK,2066,WASH_MACH_COM,1,0.1
C-EEU-SVK,2066,WASH_MACH_COM,2,0
C-EEU-SVK,2067,WASH_MACH_COM,1,0.1
C-EEU-SVK,2067,WASH_MACH_COM,2,0
C-EEU-SVK,2068,WASH_MACH_COM,1,0.1
C-EEU-SVK,2068,WASH_MACH_COM,2,0
C-EEU-SVK,2069,WASH_MACH_COM,1,0.1
C-EEU-SVK,2069,WASH_MACH_COM,2,0
C-EEU-SVK,2070,WASH_MACH_COM,1,0.1
C-EEU-SVK,2070,WASH_MACH_COM,2,0
C-EEU-SVK,2071,WASH_MACH_COM,1,0.1
C-EEU-SVK,2071,WASH_MACH_COM,2,0
C-EEU-SVK,2072,WASH_MACH_COM,1,0.1
C-EEU-SVK,2072,WASH_MACH_COM,2,0
C-EEU-SVK,2073,WASH_MACH_COM,1,0.1
C-EEU-SVK,2073,WASH_MACH_COM,2,0
C-EEU-SVK,2074,WASH_MACH_COM,1,0.1
C-EEU-SVK,2074,WASH_MACH_COM,2,0
C-EEU-SVK,2075,WASH_MACH_COM,1,0.1
C-EEU-SVK,2075,WASH_MACH_COM,2,0
C-EEU-SVK,2076,WASH_MACH_COM,1,0.1
C-EEU-SVK,2076,WASH_MACH_COM,2,0
C-EEU-SVK,2077,WASH_MACH_COM,1,0.1
C-EEU-SVK,2077,WASH_MACH_COM,2,0
C-EEU-SVK,2078,WASH_MACH_COM,1,0.1
C-EEU-SVK,2078,WASH_MACH_COM,2,0
C-EEU-SVK,2079,WASH_MACH_COM,1,0.1
C-EEU-SVK,2079,WASH_MACH_COM,2,0
C-EEU-SVK,2080,WASH_MACH_COM,1,0.1
C-EEU-SVK,2080,WASH_MACH_COM,2,0
C-EEU-SVK,2081,WASH_MACH_COM,1,0.1
C-EEU-SVK,2081,WASH_MACH_COM,2,0
C-EEU-SVK,2082,WASH_MACH_COM,1,0.1
C-EEU-SVK,2082,WASH_MACH_COM,2,0
C-EEU-SVK,2083,WASH_MACH_COM,1,0.1
C-EEU-SVK,2083,WASH_MACH_COM,2,0
C-EEU-SVK,2084,WASH_MACH_COM,1,0.1
C-EEU-SVK,2084,WASH_MACH_COM,2,0
C-EEU-SVK,2085,WASH_MACH_COM,1,0.1
C-EEU-SVK,2085,WASH_MACH_COM,2,0
C-EEU-SVK,2086,WASH_MACH_COM,1,0.1
C-EEU-SVK,2086,WASH_MACH_COM,2,0
C-EEU-SVK,2087,WASH_MACH_COM,1,0.1
C-EEU-SVK,2087,WASH_MACH_COM,2,0
C-EEU-SVK,2088,WASH_MACH_COM,1,0.1
C-EEU-SVK,2088,WASH_MACH_COM,2,0
C-EEU-SVK,2089,WASH_MACH_COM,1,0.1
C-EEU-SVK,2089,WASH_MACH_COM,2,0
C-EEU-SVK,2090,WASH_MACH_COM,1,0.1
C-EEU-SVK,2090,WASH_MACH_COM,2,0
C-EEU-SVK,2091,WASH_MACH_COM,1,0.1
C-EEU-SVK,2091,WASH_MACH_COM,2,0
C-EEU-SVK,2092,WASH_MACH_COM,1,0.1
C-EEU-SVK,2092,WASH_MACH_COM,2,0
C-EEU-SVK,2093,WASH_MACH_COM,1,0.1
C-EEU-SVK,2093,WASH_MACH_COM,2,0
C-EEU-SVK,2094,WASH_MACH_COM,1,0.1
C-EEU-SVK,2094,WASH_MACH_COM,2,0
C-EEU-SVK,2095,WASH_MACH_COM,1,0.1
C-EEU-SVK,2095,WASH_MACH_COM,2,0
C-EEU-SVK,2096,WASH_MACH_COM,1,0.1
C-EEU-SVK,2096,WASH_MACH_COM,2,0
C-EEU-SVK,2097,WASH_MACH_COM,1,0.1
C-EEU-SVK,2097,WASH_MACH_COM,2,0
C-EEU-SVK,2098,WASH_MACH_COM,1,0.1
C-EEU-SVK,2098,WASH_MACH_COM,2,0
C-EEU-SVK,2099,WASH_MACH_COM,1,0.1
C-EEU-SVK,2099,WASH_MACH_COM,2,0
C-EEU-SVK,2100,WASH_MACH_COM,1,0.1
C-EEU-SVK,2100,WASH_MACH_COM,2,0
C-EEU-SVN,2000,WASH_MACH,1,0.03
C-EEU-SVN,2000,WASH_MACH,2,0
C-EEU-SVN,2001,WASH_MACH,1,0.03
C-EEU-SVN,2001,WASH_MACH,2,0
C-EEU-SVN,2002,WASH_MACH,1,0.03
C-EEU-SVN,2002,WASH_MACH,2,0
C-EEU-SVN,2003,WASH_MACH,1,0.03
C-EEU-SVN,2003,WASH_MACH,2,0
C-EEU-SVN,2004,WASH_MACH,1,0.03
C-EEU-SVN,2004,WASH_MACH,2,0
C-EEU-SVN,2005,WASH_MACH,1,0.03
C-EEU-SVN,2005,WASH_MACH,2,0
C-EEU-SVN,2006,WASH_MACH,1,0.03
C-EEU-SVN,2006,WASH_MACH,2,0
C-EEU-SVN,2007,WASH_MACH,1,0.03
C-EEU-SVN,2007,WASH_MACH,2,0
C-EEU-SVN,2008,WASH_MACH,1,0.03
C-EEU-SVN,2008,WASH_MACH,2,0
C-EEU-SVN,2009,WASH_MACH,1,0.03
C-EEU-SVN,2009,WASH_MACH,2,0
C-EEU-SVN,2010,WASH_MACH,1,0.03
C-EEU-SVN,2010,WASH_MACH,2,0
C-EEU-SVN,2011,WASH_MACH,1,0.03
C-EEU-SVN,2011,WASH_MACH,2,0
C-EEU-SVN,2012,WASH_MACH,1,0.03
C-EEU-SVN,2012,WASH_MACH,2,0
C-EEU-SVN,2013,WASH_MACH,1,0.03
C-EEU-SVN,2013,WASH_MACH,2,0
C-EEU-SVN,2014,WASH_MACH,1,0.03
C-EEU-SVN,2014,WASH_MACH,2,0
C-EEU-SVN,2015,WASH_MACH,1,0.03
C-EEU-SVN,2015,WASH_MACH,2,0
C-EEU-SVN,2016,WASH_MACH,1,0.03
C-EEU-SVN,2016,WASH_MACH,2,0
C-EEU-SVN,2017,WASH_MACH,1,0.03
C-EEU-SVN,2017,WASH_MACH,2,0
C-EEU-SVN,2018,WASH_MACH,1,0.03
C-EEU-SVN,2018,WASH_MACH,2,0
C-EEU-SVN,2019,WASH_MACH,1,0.03
C-EEU-SVN,2019,WASH_MACH,2,0
C-EEU-SVN,2020,WASH_MACH,1,0.03
C-EEU-SVN,2020,WASH_MACH,2,0
C-EEU-SVN,2021,WASH_MACH,1,0.03
C-EEU-SVN,2021,WASH_MACH,2,0
C-EEU-SVN,2022,WASH_MACH,1,0.03
C-EEU-SVN,2022,WASH_MACH,2,0
C-EEU-SVN,2023,WASH_MACH,1,0.03
C-EEU-SVN,2023,WASH_MACH,2,0
C-EEU-SVN,2024,WASH_MACH,1,0.03
C-EEU-SVN,2024,WASH_MACH,2,0
C-EEU-SVN,2025,WASH_MACH,1,0.03
C-EEU-SVN,2025,WASH_MACH,2,0
C-EEU-SVN,2026,WASH_MACH,1,0.03
C-EEU-SVN,2026,WASH_MACH,2,0
C-EEU-SVN,2027,WASH_MACH,1,0.03
C-EEU-SVN,2027,WASH_MACH,2,0
C-EEU-SVN,2028,WASH_MACH,1,0.03
C-EEU-SVN,2028,WASH_MACH,2,0
C-EEU-SVN,2029,WASH_MACH,1,0.03
C-EEU-SVN,2029,WASH_MACH,2,0
C-EEU-SVN,2030,WASH_MACH,1,0.1
C-EEU-SVN,2030,WASH_MACH,2,0
C-EEU-SVN,2031,WASH_MACH,1,0.1
C-EEU-SVN,2031,WASH_MACH,2,0
C-EEU-SVN,2032,WASH_MACH,1,0.1
C-EEU-SVN,2032,WASH_MACH,2,0
C-EEU-SVN,2033,WASH_MACH,1,0.1
C-EEU-SVN,2033,WASH_MACH,2,0
C-EEU-SVN,2034,WASH_MACH,1,0.1
C-EEU-SVN,2034,WASH_MACH,2,0
C-EEU-SVN,2035,WASH_MACH,1,0.1
C-EEU-SVN,2035,WASH_MACH,2,0
C-EEU-SVN,2036,WASH_MACH,1,0.1
C-EEU-SVN,2036,WASH_MACH,2,0
C-EEU-SVN,2037,WASH_MACH,1,0.1
C-EEU-SVN,2037,WASH_MACH,2,0
C-EEU-SVN,2038,WASH_MACH,1,0.1
C-EEU-SVN,2038,WASH_MACH,2,0
C-EEU-SVN,2039,WASH_MACH,1,0.1
C-EEU-SVN,2039,WASH_MACH,2,0
C-EEU-SVN,2040,WASH_MACH,1,0.1
C-EEU-SVN,2040,WASH_MACH,2,0
C-EEU-SVN,2041,WASH_MACH,1,0.1
C-EEU-SVN,2041,WASH_MACH,2,0
C-EEU-SVN,2042,WASH_MACH,1,0.1
C-EEU-SVN,2042,WASH_MACH,2,0
C-EEU-SVN,2043,WASH_MACH,1,0.1
C-EEU-SVN,2043,WASH_MACH,2,0
C-EEU-SVN,2044,WASH_MACH,1,0.1
C-EEU-SVN,2044,WASH_MACH,2,0
C-EEU-SVN,2045,WASH_MACH,1,0.1
C-EEU-SVN,2045,WASH_MACH,2,0
C-EEU-SVN,2046,WASH_MACH,1,0.1
C-EEU-SVN,2046,WASH_MACH,2,0
C-EEU-SVN,2047,WASH_MACH,1,0.1
C-EEU-SVN,2047,WASH_MACH,2,0
C-EEU-SVN,2048,WASH_MACH,1,0.1
C-EEU-SVN,2048,WASH_MACH,2,0
C-EEU-SVN,2049,WASH_MACH,1,0.1
C-EEU-SVN,2049,WASH_MACH,2,0
C-EEU-SVN,2050,WASH_MACH,1,0.1
C-EEU-SVN,2050,WASH_MACH,2,0
C-EEU-SVN,2051,WASH_MACH,1,0.1
C-EEU-SVN,2051,WASH_MACH,2,0
C-EEU-SVN,2052,WASH_MACH,1,0.1
C-EEU-SVN,2052,WASH_MACH,2,0
C-EEU-SVN,2053,WASH_MACH,1,0.1
C-EEU-SVN,2053,WASH_MACH,2,0
C-EEU-SVN,2054,WASH_MACH,1,0.1
C-EEU-SVN,2054,WASH_MACH,2,0
C-EEU-SVN,2055,WASH_MACH,1,0.1
C-EEU-SVN,2055,WASH_MACH,2,0
C-EEU-SVN,2056,WASH_MACH,1,0.1
C-EEU-SVN,2056,WASH_MACH,2,0
C-EEU-SVN,2057,WASH_MACH,1,0.1
C-EEU-SVN,2057,WASH_MACH,2,0
C-EEU-SVN,2058,WASH_MACH,1,0.1
C-EEU-SVN,2058,WASH_MACH,2,0
C-EEU-SVN,2059,WASH_MACH,1,0.1
C-EEU-SVN,2059,WASH_MACH,2,0
C-EEU-SVN,2060,WASH_MACH,1,0.1
C-EEU-SVN,2060,WASH_MACH,2,0
C-EEU-SVN,2061,WASH_MACH,1,0.1
C-EEU-SVN,2061,WASH_MACH,2,0
C-EEU-SVN,2062,WASH_MACH,1,0.1
C-EEU-SVN,2062,WASH_MACH,2,0
C-EEU-SVN,2063,WASH_MACH,1,0.1
C-EEU-SVN,2063,WASH_MACH,2,0
C-EEU-SVN,2064,WASH_MACH,1,0.1
C-EEU-SVN,2064,WASH_MACH,2,0
C-EEU-SVN,2065,WASH_MACH,1,0.1
C-EEU-SVN,2065,WASH_MACH,2,0
C-EEU-SVN,2066,WASH_MACH,1,0.1
C-EEU-SVN,2066,WASH_MACH,2,0
C-EEU-SVN,2067,WASH_MACH,1,0.1
C-EEU-SVN,2067,WASH_MACH,2,0
C-EEU-SVN,2068,WASH_MACH,1,0.1
C-EEU-SVN,2068,WASH_MACH,2,0
C-EEU-SVN,2069,WASH_MACH,1,0.1
C-EEU-SVN,2069,WASH_MACH,2,0
C-EEU-SVN,2070,WASH_MACH,1,0.1
C-EEU-SVN,2070,WASH_MACH,2,0
C-EEU-SVN,2071,WASH_MACH,1,0.1
C-EEU-SVN,2071,WASH_MACH,2,0
C-EEU-SVN,2072,WASH_MACH,1,0.1
C-EEU-SVN,2072,WASH_MACH,2,0
C-EEU-SVN,2073,WASH_MACH,1,0.1
C-EEU-SVN,2073,WASH_MACH,2,0
C-EEU-SVN,2074,WASH_MACH,1,0.1
C-EEU-SVN,2074,WASH_MACH,2,0
C-EEU-SVN,2075,WASH_MACH,1,0.1
C-EEU-SVN,2075,WASH_MACH,2,0
C-EEU-SVN,2076,WASH_MACH,1,0.1
C-EEU-SVN,2076,WASH_MACH,2,0
C-EEU-SVN,2077,WASH_MACH,1,0.1
C-EEU-SVN,2077,WASH_MACH,2,0
C-EEU-SVN,2078,WASH_MACH,1,0.1
C-EEU-SVN,2078,WASH_MACH,2,0
C-EEU-SVN,2079,WASH_MACH,1,0.1
C-EEU-SVN,2079,WASH_MACH,2,0
C-EEU-SVN,2080,WASH_MACH,1,0.1
C-EEU-SVN,2080,WASH_MACH,2,0
C-EEU-SVN,2081,WASH_MACH,1,0.1
C-EEU-SVN,2081,WASH_MACH,2,0
C-EEU-SVN,2082,WASH_MACH,1,0.1
C-EEU-SVN,2082,WASH_MACH,2,0
C-EEU-SVN,2083,WASH_MACH,1,0.1
C-EEU-SVN,2083,WASH_MACH,2,0
C-EEU-SVN,2084,WASH_MACH,1,0.1
C-EEU-SVN,2084,WASH_MACH,2,0
C-EEU-SVN,2085,WASH_MACH,1,0.1
C-EEU-SVN,2085,WASH_MACH,2,0
C-EEU-SVN,2086,WASH_MACH,1,0.1
C-EEU-SVN,2086,WASH_MACH,2,0
C-EEU-SVN,2087,WASH_MACH,1,0.1
C-EEU-SVN,2087,WASH_MACH,2,0
C-EEU-SVN,2088,WASH_MACH,1,0.1
C-EEU-SVN,2088,WASH_MACH,2,0
C-EEU-SVN,2089,WASH_MACH,1,0.1
C-EEU-SVN,2089,WASH_MACH,2,0
C-EEU-SVN,2090,WASH_MACH,1,0.1
C-EEU-SVN,2090,WASH_MACH,2,0
C-EEU-SVN,2091,WASH_MACH,1,0.1
C-EEU-SVN,2091,WASH_MACH,2,0
C-EEU-SVN,2092,WASH_MACH,1,0.1
C-EEU-SVN,2092,WASH_MACH,2,0
C-EEU-SVN,2093,WASH_MACH,1,0.1
C-EEU-SVN,2093,WASH_MACH,2,0
C-EEU-SVN,2094,WASH_MACH,1,0.1
C-EEU-SVN,2094,WASH_MACH,2,0
C-EEU-SVN,2095,WASH_MACH,1,0.1
C-EEU-SVN,2095,WASH_MACH,2,0
C-EEU-SVN,2096,WASH_MACH,1,0.1
C-EEU-SVN,2096,WASH_MACH,2,0
C-EEU-SVN,2097,WASH_MACH,1,0.1
C-EEU-SVN,2097,WASH_MACH,2,0
C-EEU-SVN,2098,WASH_MACH,1,0.1
C-EEU-SVN,2098,WASH_MACH,2,0
C-EEU-SVN,2099,WASH_MACH,1,0.1
C-EEU-SVN,2099,WASH_MACH,2,0
C-EEU-SVN,2100,WASH_MACH,1,0.1
C-EEU-SVN,2100,WASH_MACH,2,0
C-EEU-SVN,2000,WASH_MACH_COM,1,0.03
C-EEU-SVN,2000,WASH_MACH_COM,2,0
C-EEU-SVN,2001,WASH_MACH_COM,1,0.03
C-EEU-SVN,2001,WASH_MACH_COM,2,0
C-EEU-SVN,2002,WASH_MACH_COM,1,0.03
C-EEU-SVN,2002,WASH_MACH_COM,2,0
C-EEU-SVN,2003,WASH_MACH_COM,1,0.03
C-EEU-SVN,2003,WASH_MACH_COM,2,0
C-EEU-SVN,2004,WASH_MACH_COM,1,0.03
C-EEU-SVN,2004,WASH_MACH_COM,2,0
C-EEU-SVN,2005,WASH_MACH_COM,1,0.03
C-EEU-SVN,2005,WASH_MACH_COM,2,0
C-EEU-SVN,2006,WASH_MACH_COM,1,0.03
C-EEU-SVN,2006,WASH_MACH_COM,2,0
C-EEU-SVN,2007,WASH_MACH_COM,1,0.03
C-EEU-SVN,2007,WASH_MACH_COM,2,0
C-EEU-SVN,2008,WASH_MACH_COM,1,0.03
C-EEU-SVN,2008,WASH_MACH_COM,2,0
C-EEU-SVN,2009,WASH_MACH_COM,1,0.03
C-EEU-SVN,2009,WASH_MACH_COM,2,0
C-EEU-SVN,2010,WASH_MACH_COM,1,0.03
C-EEU-SVN,2010,WASH_MACH_COM,2,0
C-EEU-SVN,2011,WASH_MACH_COM,1,0.03
C-EEU-SVN,2011,WASH_MACH_COM,2,0
C-EEU-SVN,2012,WASH_MACH_COM,1,0.03
C-EEU-SVN,2012,WASH_MACH_COM,2,0
C-EEU-SVN,2013,WASH_MACH_COM,1,0.03
C-EEU-SVN,2013,WASH_MACH_COM,2,0
C-EEU-SVN,2014,WASH_MACH_COM,1,0.03
C-EEU-SVN,2014,WASH_MACH_COM,2,0
C-EEU-SVN,2015,WASH_MACH_COM,1,0.03
C-EEU-SVN,2015,WASH_MACH_COM,2,0
C-EEU-SVN,2016,WASH_MACH_COM,1,0.03
C-EEU-SVN,2016,WASH_MACH_COM,2,0
C-EEU-SVN,2017,WASH_MACH_COM,1,0.03
C-EEU-SVN,2017,WASH_MACH_COM,2,0
C-EEU-SVN,2018,WASH_MACH_COM,1,0.03
C-EEU-SVN,2018,WASH_MACH_COM,2,0
C-EEU-SVN,2019,WASH_MACH_COM,1,0.03
C-EEU-SVN,2019,WASH_MACH_COM,2,0
C-EEU-SVN,2020,WASH_MACH_COM,1,0.03
C-EEU-SVN,2020,WASH_MACH_COM,2,0
C-EEU-SVN,2021,WASH_MACH_COM,1,0.03
C-EEU-SVN,2021,WASH_MACH_COM,2,0
C-EEU-SVN,2022,WASH_MACH_COM,1,0.03
C-EEU-SVN,2022,WASH_MACH_COM,2,0
C-EEU-SVN,2023,WASH_MACH_COM,1,0.03
C-EEU-SVN,2023,WASH_MACH_COM,2,0
C-EEU-SVN,2024,WASH_MACH_COM,1,0.03
C-EEU-SVN,2024,WASH_MACH_COM,2,0
C-EEU-SVN,2025,WASH_MACH_COM,1,0.03
C-EEU-SVN,2025,WASH_MACH_COM,2,0
C-EEU-SVN,2026,WASH_MACH_COM,1,0.03
C-EEU-SVN,2026,WASH_MACH_COM,2,0
C-EEU-SVN,2027,WASH_MACH_COM,1,0.03
C-EEU-SVN,2027,WASH_MACH_COM,2,0
C-EEU-SVN,2028,WASH_MACH_COM,1,0.03
C-EEU-SVN,2028,WASH_MACH_COM,2,0
C-EEU-SVN,2029,WASH_MACH_COM,1,0.03
C-EEU-SVN,2029,WASH_MACH_COM,2,0
C-EEU-SVN,2030,WASH_MACH_COM,1,0.1
C-EEU-SVN,2030,WASH_MACH_COM,2,0
C-EEU-SVN,2031,WASH_MACH_COM,1,0.1
C-EEU-SVN,2031,WASH_MACH_COM,2,0
C-EEU-SVN,2032,WASH_MACH_COM,1,0.1
C-EEU-SVN,2032,WASH_MACH_COM,2,0
C-EEU-SVN,2033,WASH_MACH_COM,1,0.1
C-EEU-SVN,2033,WASH_MACH_COM,2,0
C-EEU-SVN,2034,WASH_MACH_COM,1,0.1
C-EEU-SVN,2034,WASH_MACH_COM,2,0
C-EEU-SVN,2035,WASH_MACH_COM,1,0.1
C-EEU-SVN,2035,WASH_MACH_COM,2,0
C-EEU-SVN,2036,WASH_MACH_COM,1,0.1
C-EEU-SVN,2036,WASH_MACH_COM,2,0
C-EEU-SVN,2037,WASH_MACH_COM,1,0.1
C-EEU-SVN,2037,WASH_MACH_COM,2,0
C-EEU-SVN,2038,WASH_MACH_COM,1,0.1
C-EEU-SVN,2038,WASH_MACH_COM,2,0
C-EEU-SVN,2039,WASH_MACH_COM,1,0.1
C-EEU-SVN,2039,WASH_MACH_COM,2,0
C-EEU-SVN,2040,WASH_MACH_COM,1,0.1
C-EEU-SVN,2040,WASH_MACH_COM,2,0
C-EEU-SVN,2041,WASH_MACH_COM,1,0.1
C-EEU-SVN,2041,WASH_MACH_COM,2,0
C-EEU-SVN,2042,WASH_MACH_COM,1,0.1
C-EEU-SVN,2042,WASH_MACH_COM,2,0
C-EEU-SVN,2043,WASH_MACH_COM,1,0.1
C-EEU-SVN,2043,WASH_MACH_COM,2,0
C-EEU-SVN,2044,WASH_MACH_COM,1,0.1
C-EEU-SVN,2044,WASH_MACH_COM,2,0
C-EEU-SVN,2045,WASH_MACH_COM,1,0.1
C-EEU-SVN,2045,WASH_MACH_COM,2,0
C-EEU-SVN,2046,WASH_MACH_COM,1,0.1
C-EEU-SVN,2046,WASH_MACH_COM,2,0
C-EEU-SVN,2047,WASH_MACH_COM,1,0.1
C-EEU-SVN,2047,WASH_MACH_COM,2,0
C-EEU-SVN,2048,WASH_MACH_COM,1,0.1
C-EEU-SVN,2048,WASH_MACH_COM,2,0
C-EEU-SVN,2049,WASH_MACH_COM,1,0.1
C-EEU-SVN,2049,WASH_MACH_COM,2,0
C-EEU-SVN,2050,WASH_MACH_COM,1,0.1
C-EEU-SVN,2050,WASH_MACH_COM,2,0
C-EEU-SVN,2051,WASH_MACH_COM,1,0.1
C-EEU-SVN,2051,WASH_MACH_COM,2,0
C-EEU-SVN,2052,WASH_MACH_COM,1,0.1
C-EEU-SVN,2052,WASH_MACH_COM,2,0
C-EEU-SVN,2053,WASH_MACH_COM,1,0.1
C-EEU-SVN,2053,WASH_MACH_COM,2,0
C-EEU-SVN,2054,WASH_MACH_COM,1,0.1
C-EEU-SVN,2054,WASH_MACH_COM,2,0
C-EEU-SVN,2055,WASH_MACH_COM,1,0.1
C-EEU-SVN,2055,WASH_MACH_COM,2,0
C-EEU-SVN,2056,WASH_MACH_COM,1,0.1
C-EEU-SVN,2056,WASH_MACH_COM,2,0
C-EEU-SVN,2057,WASH_MACH_COM,1,0.1
C-EEU-SVN,2057,WASH_MACH_COM,2,0
C-EEU-SVN,2058,WASH_MACH_COM,1,0.1
C-EEU-SVN,2058,WASH_MACH_COM,2,0
C-EEU-SVN,2059,WASH_MACH_COM,1,0.1
C-EEU-SVN,2059,WASH_MACH_COM,2,0
C-EEU-SVN,2060,WASH_MACH_COM,1,0.1
C-EEU-SVN,2060,WASH_MACH_COM,2,0
C-EEU-SVN,2061,WASH_MACH_COM,1,0.1
C-EEU-SVN,2061,WASH_MACH_COM,2,0
C-EEU-SVN,2062,WASH_MACH_COM,1,0.1
C-EEU-SVN,2062,WASH_MACH_COM,2,0
C-EEU-SVN,2063,WASH_MACH_COM,1,0.1
C-EEU-SVN,2063,WASH_MACH_COM,2,0
C-EEU-SVN,2064,WASH_MACH_COM,1,0.1
C-EEU-SVN,2064,WASH_MACH_COM,2,0
C-EEU-SVN,2065,WASH_MACH_COM,1,0.1
C-EEU-SVN,2065,WASH_MACH_COM,2,0
C-EEU-SVN,2066,WASH_MACH_COM,1,0.1
C-EEU-SVN,2066,WASH_MACH_COM,2,0
C-EEU-SVN,2067,WASH_MACH_COM,1,0.1
C-EEU-SVN,2067,WASH_MACH_COM,2,0
C-EEU-SVN,2068,WASH_MACH_COM,1,0.1
C-EEU-SVN,2068,WASH_MACH_COM,2,0
C-EEU-SVN,2069,WASH_MACH_COM,1,0.1
C-EEU-SVN,2069,WASH_MACH_COM,2,0
C-EEU-SVN,2070,WASH_MACH_COM,1,0.1
C-EEU-SVN,2070,WASH_MACH_COM,2,0
C-EEU-SVN,2071,WASH_MACH_COM,1,0.1
C-EEU-SVN,2071,WASH_MACH_COM,2,0
C-EEU-SVN,2072,WASH_MACH_COM,1,0.1
C-EEU-SVN,2072,WASH_MACH_COM,2,0
C-EEU-SVN,2073,WASH_MACH_COM,1,0.1
C-EEU-SVN,2073,WASH_MACH_COM,2,0
C-EEU-SVN,2074,WASH_MACH_COM,1,0.1
C-EEU-SVN,2074,WASH_MACH_COM,2,0
C-EEU-SVN,2075,WASH_MACH_COM,1,0.1
C-EEU-SVN,2075,WASH_MACH_COM,2,0
C-EEU-SVN,2076,WASH_MACH_COM,1,0.1
C-EEU-SVN,2076,WASH_MACH_COM,2,0
C-EEU-SVN,2077,WASH_MACH_COM,1,0.1
C-EEU-SVN,2077,WASH_MACH_COM,2,0
C-EEU-SVN,2078,WASH_MACH_COM,1,0.1
C-EEU-SVN,2078,WASH_MACH_COM,2,0
C-EEU-SVN,2079,WASH_MACH_COM,1,0.1
C-EEU-SVN,2079,WASH_MACH_COM,2,0
C-EEU-SVN,2080,WASH_MACH_COM,1,0.1
C-EEU-SVN,2080,WASH_MACH_COM,2,0
C-EEU-SVN,2081,WASH_MACH_COM,1,0.1
C-EEU-SVN,2081,WASH_MACH_COM,2,0
C-EEU-SVN,2082,WASH_MACH_COM,1,0.1
C-EEU-SVN,2082,WASH_MACH_COM,2,0
C-EEU-SVN,2083,WASH_MACH_COM,1,0.1
C-EEU-SVN,2083,WASH_MACH_COM,2,0
C-EEU-SVN,2084,WASH_MACH_COM,1,0.1
C-EEU-SVN,2084,WASH_MACH_COM,2,0
C-EEU-SVN,2085,WASH_MACH_COM,1,0.1
C-EEU-SVN,2085,WASH_MACH_COM,2,0
C-EEU-SVN,2086,WASH_MACH_COM,1,0.1
C-EEU-SVN,2086,WASH_MACH_COM,2,0
C-EEU-SVN,2087,WASH_MACH_COM,1,0.1
C-EEU-SVN,2087,WASH_MACH_COM,2,0
C-EEU-SVN,2088,WASH_MACH_COM,1,0.1
C-EEU-SVN,2088,WASH_MACH_COM,2,0
C-EEU-SVN,2089,WASH_MACH_COM,1,0.1
C-EEU-SVN,2089,WASH_MACH_COM,2,0
C-EEU-SVN,2090,WASH_MACH_COM,1,0.1
C-EEU-SVN,2090,WASH_MACH_COM,2,0
C-EEU-SVN,2091,WASH_MACH_COM,1,0.1
C-EEU-SVN,2091,WASH_MACH_COM,2,0
C-EEU-SVN,2092,WASH_MACH_COM,1,0.1
C-EEU-SVN,2092,WASH_MACH_COM,2,0
C-EEU-SVN,2093,WASH_MACH_COM,1,0.1
C-EEU-SVN,2093,WASH_MACH_COM,2,0
C-EEU-SVN,2094,WASH_MACH_COM,1,0.1
C-EEU-SVN,2094,WASH_MACH_COM,2,0
C-EEU-SVN,2095,WASH_MACH_COM,1,0.1
C-EEU-SVN,2095,WASH_MACH_COM,2,0
C-EEU-SVN,2096,WASH_MACH_COM,1,0.1
C-EEU-SVN,2096,WASH_MACH_COM,2,0
C-EEU-SVN,2097,WASH_MACH_COM,1,0.1
C-EEU-SVN,2097,WASH_MACH_COM,2,0
C-EEU-SVN,2098,WASH_MACH_COM,1,0.1
C-EEU-SVN,2098,WASH_MACH_COM,2,0
C-EEU-SVN,2099,WASH_MACH_COM,1,0.1
C-EEU-SVN,2099,WASH_MACH_COM,2,0
C-EEU-SVN,2100,WASH_MACH_COM,1,0.1
C-EEU-SVN,2100,WASH_MACH_COM,2,0
C-WEU-AUT,2000,WASH_MACH,1,0.03
C-WEU-AUT,2000,WASH_MACH,2,0
C-WEU-AUT,2001,WASH_MACH,1,0.03
C-WEU-AUT,2001,WASH_MACH,2,0
C-WEU-AUT,2002,WASH_MACH,1,0.03
C-WEU-AUT,2002,WASH_MACH,2,0
C-WEU-AUT,2003,WASH_MACH,1,0.03
C-WEU-AUT,2003,WASH_MACH,2,0
C-WEU-AUT,2004,WASH_MACH,1,0.03
C-WEU-AUT,2004,WASH_MACH,2,0
C-WEU-AUT,2005,WASH_MACH,1,0.03
C-WEU-AUT,2005,WASH_MACH,2,0
C-WEU-AUT,2006,WASH_MACH,1,0.03
C-WEU-AUT,2006,WASH_MACH,2,0
C-WEU-AUT,2007,WASH_MACH,1,0.03
C-WEU-AUT,2007,WASH_MACH,2,0
C-WEU-AUT,2008,WASH_MACH,1,0.03
C-WEU-AUT,2008,WASH_MACH,2,0
C-WEU-AUT,2009,WASH_MACH,1,0.03
C-WEU-AUT,2009,WASH_MACH,2,0
C-WEU-AUT,2010,WASH_MACH,1,0.03
C-WEU-AUT,2010,WASH_MACH,2,0
C-WEU-AUT,2011,WASH_MACH,1,0.03
C-WEU-AUT,2011,WASH_MACH,2,0
C-WEU-AUT,2012,WASH_MACH,1,0.03
C-WEU-AUT,2012,WASH_MACH,2,0
C-WEU-AUT,2013,WASH_MACH,1,0.03
C-WEU-AUT,2013,WASH_MACH,2,0
C-WEU-AUT,2014,WASH_MACH,1,0.03
C-WEU-AUT,2014,WASH_MACH,2,0
C-WEU-AUT,2015,WASH_MACH,1,0.03
C-WEU-AUT,2015,WASH_MACH,2,0
C-WEU-AUT,2016,WASH_MACH,1,0.03
C-WEU-AUT,2016,WASH_MACH,2,0
C-WEU-AUT,2017,WASH_MACH,1,0.03
C-WEU-AUT,2017,WASH_MACH,2,0
C-WEU-AUT,2018,WASH_MACH,1,0.03
C-WEU-AUT,2018,WASH_MACH,2,0
C-WEU-AUT,2019,WASH_MACH,1,0.03
C-WEU-AUT,2019,WASH_MACH,2,0
C-WEU-AUT,2020,WASH_MACH,1,0.03
C-WEU-AUT,2020,WASH_MACH,2,0
C-WEU-AUT,2021,WASH_MACH,1,0.03
C-WEU-AUT,2021,WASH_MACH,2,0
C-WEU-AUT,2022,WASH_MACH,1,0.03
C-WEU-AUT,2022,WASH_MACH,2,0
C-WEU-AUT,2023,WASH_MACH,1,0.03
C-WEU-AUT,2023,WASH_MACH,2,0
C-WEU-AUT,2024,WASH_MACH,1,0.03
C-WEU-AUT,2024,WASH_MACH,2,0
C-WEU-AUT,2025,WASH_MACH,1,0.03
C-WEU-AUT,2025,WASH_MACH,2,0
C-WEU-AUT,2026,WASH_MACH,1,0.03
C-WEU-AUT,2026,WASH_MACH,2,0
C-WEU-AUT,2027,WASH_MACH,1,0.03
C-WEU-AUT,2027,WASH_MACH,2,0
C-WEU-AUT,2028,WASH_MACH,1,0.03
C-WEU-AUT,2028,WASH_MACH,2,0
C-WEU-AUT,2029,WASH_MACH,1,0.03
C-WEU-AUT,2029,WASH_MACH,2,0
C-WEU-AUT,2030,WASH_MACH,1,0.1
C-WEU-AUT,2030,WASH_MACH,2,0
C-WEU-AUT,2031,WASH_MACH,1,0.1
C-WEU-AUT,2031,WASH_MACH,2,0
C-WEU-AUT,2032,WASH_MACH,1,0.1
C-WEU-AUT,2032,WASH_MACH,2,0
C-WEU-AUT,2033,WASH_MACH,1,0.1
C-WEU-AUT,2033,WASH_MACH,2,0
C-WEU-AUT,2034,WASH_MACH,1,0.1
C-WEU-AUT,2034,WASH_MACH,2,0
C-WEU-AUT,2035,WASH_MACH,1,0.1
C-WEU-AUT,2035,WASH_MACH,2,0
C-WEU-AUT,2036,WASH_MACH,1,0.1
C-WEU-AUT,2036,WASH_MACH,2,0
C-WEU-AUT,2037,WASH_MACH,1,0.1
C-WEU-AUT,2037,WASH_MACH,2,0
C-WEU-AUT,2038,WASH_MACH,1,0.1
C-WEU-AUT,2038,WASH_MACH,2,0
C-WEU-AUT,2039,WASH_MACH,1,0.1
C-WEU-AUT,2039,WASH_MACH,2,0
C-WEU-AUT,2040,WASH_MACH,1,0.1
C-WEU-AUT,2040,WASH_MACH,2,0
C-WEU-AUT,2041,WASH_MACH,1,0.1
C-WEU-AUT,2041,WASH_MACH,2,0
C-WEU-AUT,2042,WASH_MACH,1,0.1
C-WEU-AUT,2042,WASH_MACH,2,0
C-WEU-AUT,2043,WASH_MACH,1,0.1
C-WEU-AUT,2043,WASH_MACH,2,0
C-WEU-AUT,2044,WASH_MACH,1,0.1
C-WEU-AUT,2044,WASH_MACH,2,0
C-WEU-AUT,2045,WASH_MACH,1,0.1
C-WEU-AUT,2045,WASH_MACH,2,0
C-WEU-AUT,2046,WASH_MACH,1,0.1
C-WEU-AUT,2046,WASH_MACH,2,0
C-WEU-AUT,2047,WASH_MACH,1,0.1
C-WEU-AUT,2047,WASH_MACH,2,0
C-WEU-AUT,2048,WASH_MACH,1,0.1
C-WEU-AUT,2048,WASH_MACH,2,0
C-WEU-AUT,2049,WASH_MACH,1,0.1
C-WEU-AUT,2049,WASH_MACH,2,0
C-WEU-AUT,2050,WASH_MACH,1,0.1
C-WEU-AUT,2050,WASH_MACH,2,0
C-WEU-AUT,2051,WASH_MACH,1,0.1
C-WEU-AUT,2051,WASH_MACH,2,0
C-WEU-AUT,2052,WASH_MACH,1,0.1
C-WEU-AUT,2052,WASH_MACH,2,0
C-WEU-AUT,2053,WASH_MACH,1,0.1
C-WEU-AUT,2053,WASH_MACH,2,0
C-WEU-AUT,2054,WASH_MACH,1,0.1
C-WEU-AUT,2054,WASH_MACH,2,0
C-WEU-AUT,2055,WASH_MACH,1,0.1
C-WEU-AUT,2055,WASH_MACH,2,0
C-WEU-AUT,2056,WASH_MACH,1,0.1
C-WEU-AUT,2056,WASH_MACH,2,0
C-WEU-AUT,2057,WASH_MACH,1,0.1
C-WEU-AUT,2057,WASH_MACH,2,0
C-WEU-AUT,2058,WASH_MACH,1,0.1
C-WEU-AUT,2058,WASH_MACH,2,0
C-WEU-AUT,2059,WASH_MACH,1,0.1
C-WEU-AUT,2059,WASH_MACH,2,0
C-WEU-AUT,2060,WASH_MACH,1,0.1
C-WEU-AUT,2060,WASH_MACH,2,0
C-WEU-AUT,2061,WASH_MACH,1,0.1
C-WEU-AUT,2061,WASH_MACH,2,0
C-WEU-AUT,2062,WASH_MACH,1,0.1
C-WEU-AUT,2062,WASH_MACH,2,0
C-WEU-AUT,2063,WASH_MACH,1,0.1
C-WEU-AUT,2063,WASH_MACH,2,0
C-WEU-AUT,2064,WASH_MACH,1,0.1
C-WEU-AUT,2064,WASH_MACH,2,0
C-WEU-AUT,2065,WASH_MACH,1,0.1
C-WEU-AUT,2065,WASH_MACH,2,0
C-WEU-AUT,2066,WASH_MACH,1,0.1
C-WEU-AUT,2066,WASH_MACH,2,0
C-WEU-AUT,2067,WASH_MACH,1,0.1
C-WEU-AUT,2067,WASH_MACH,2,0
C-WEU-AUT,2068,WASH_MACH,1,0.1
C-WEU-AUT,2068,WASH_MACH,2,0
C-WEU-AUT,2069,WASH_MACH,1,0.1
C-WEU-AUT,2069,WASH_MACH,2,0
C-WEU-AUT,2070,WASH_MACH,1,0.1
C-WEU-AUT,2070,WASH_MACH,2,0
C-WEU-AUT,2071,WASH_MACH,1,0.1
C-WEU-AUT,2071,WASH_MACH,2,0
C-WEU-AUT,2072,WASH_MACH,1,0.1
C-WEU-AUT,2072,WASH_MACH,2,0
C-WEU-AUT,2073,WASH_MACH,1,0.1
C-WEU-AUT,2073,WASH_MACH,2,0
C-WEU-AUT,2074,WASH_MACH,1,0.1
C-WEU-AUT,2074,WASH_MACH,2,0
C-WEU-AUT,2075,WASH_MACH,1,0.1
C-WEU-AUT,2075,WASH_MACH,2,0
C-WEU-AUT,2076,WASH_MACH,1,0.1
C-WEU-AUT,2076,WASH_MACH,2,0
C-WEU-AUT,2077,WASH_MACH,1,0.1
C-WEU-AUT,2077,WASH_MACH,2,0
C-WEU-AUT,2078,WASH_MACH,1,0.1
C-WEU-AUT,2078,WASH_MACH,2,0
C-WEU-AUT,2079,WASH_MACH,1,0.1
C-WEU-AUT,2079,WASH_MACH,2,0
C-WEU-AUT,2080,WASH_MACH,1,0.1
C-WEU-AUT,2080,WASH_MACH,2,0
C-WEU-AUT,2081,WASH_MACH,1,0.1
C-WEU-AUT,2081,WASH_MACH,2,0
C-WEU-AUT,2082,WASH_MACH,1,0.1
C-WEU-AUT,2082,WASH_MACH,2,0
C-WEU-AUT,2083,WASH_MACH,1,0.1
C-WEU-AUT,2083,WASH_MACH,2,0
C-WEU-AUT,2084,WASH_MACH,1,0.1
C-WEU-AUT,2084,WASH_MACH,2,0
C-WEU-AUT,2085,WASH_MACH,1,0.1
C-WEU-AUT,2085,WASH_MACH,2,0
C-WEU-AUT,2086,WASH_MACH,1,0.1
C-WEU-AUT,2086,WASH_MACH,2,0
C-WEU-AUT,2087,WASH_MACH,1,0.1
C-WEU-AUT,2087,WASH_MACH,2,0
C-WEU-AUT,2088,WASH_MACH,1,0.1
C-WEU-AUT,2088,WASH_MACH,2,0
C-WEU-AUT,2089,WASH_MACH,1,0.1
C-WEU-AUT,2089,WASH_MACH,2,0
C-WEU-AUT,2090,WASH_MACH,1,0.1
C-WEU-AUT,2090,WASH_MACH,2,0
C-WEU-AUT,2091,WASH_MACH,1,0.1
C-WEU-AUT,2091,WASH_MACH,2,0
C-WEU-AUT,2092,WASH_MACH,1,0.1
C-WEU-AUT,2092,WASH_MACH,2,0
C-WEU-AUT,2093,WASH_MACH,1,0.1
C-WEU-AUT,2093,WASH_MACH,2,0
C-WEU-AUT,2094,WASH_MACH,1,0.1
C-WEU-AUT,2094,WASH_MACH,2,0
C-WEU-AUT,2095,WASH_MACH,1,0.1
C-WEU-AUT,2095,WASH_MACH,2,0
C-WEU-AUT,2096,WASH_MACH,1,0.1
C-WEU-AUT,2096,WASH_MACH,2,0
C-WEU-AUT,2097,WASH_MACH,1,0.1
C-WEU-AUT,2097,WASH_MACH,2,0
C-WEU-AUT,2098,WASH_MACH,1,0.1
C-WEU-AUT,2098,WASH_MACH,2,0
C-WEU-AUT,2099,WASH_MACH,1,0.1
C-WEU-AUT,2099,WASH_MACH,2,0
C-WEU-AUT,2100,WASH_MACH,1,0.1
C-WEU-AUT,2100,WASH_MACH,2,0
C-WEU-AUT,2000,WASH_MACH_COM,1,0.03
C-WEU-AUT,2000,WASH_MACH_COM,2,0
C-WEU-AUT,2001,WASH_MACH_COM,1,0.03
C-WEU-AUT,2001,WASH_MACH_COM,2,0
C-WEU-AUT,2002,WASH_MACH_COM,1,0.03
C-WEU-AUT,2002,WASH_MACH_COM,2,0
C-WEU-AUT,2003,WASH_MACH_COM,1,0.03
C-WEU-AUT,2003,WASH_MACH_COM,2,0
C-WEU-AUT,2004,WASH_MACH_COM,1,0.03
C-WEU-AUT,2004,WASH_MACH_COM,2,0
C-WEU-AUT,2005,WASH_MACH_COM,1,0.03
C-WEU-AUT,2005,WASH_MACH_COM,2,0
C-WEU-AUT,2006,WASH_MACH_COM,1,0.03
C-WEU-AUT,2006,WASH_MACH_COM,2,0
C-WEU-AUT,2007,WASH_MACH_COM,1,0.03
C-WEU-AUT,2007,WASH_MACH_COM,2,0
C-WEU-AUT,2008,WASH_MACH_COM,1,0.03
C-WEU-AUT,2008,WASH_MACH_COM,2,0
C-WEU-AUT,2009,WASH_MACH_COM,1,0.03
C-WEU-AUT,2009,WASH_MACH_COM,2,0
C-WEU-AUT,2010,WASH_MACH_COM,1,0.03
C-WEU-AUT,2010,WASH_MACH_COM,2,0
C-WEU-AUT,2011,WASH_MACH_COM,1,0.03
C-WEU-AUT,2011,WASH_MACH_COM,2,0
C-WEU-AUT,2012,WASH_MACH_COM,1,0.03
C-WEU-AUT,2012,WASH_MACH_COM,2,0
C-WEU-AUT,2013,WASH_MACH_COM,1,0.03
C-WEU-AUT,2013,WASH_MACH_COM,2,0
C-WEU-AUT,2014,WASH_MACH_COM,1,0.03
C-WEU-AUT,2014,WASH_MACH_COM,2,0
C-WEU-AUT,2015,WASH_MACH_COM,1,0.03
C-WEU-AUT,2015,WASH_MACH_COM,2,0
C-WEU-AUT,2016,WASH_MACH_COM,1,0.03
C-WEU-AUT,2016,WASH_MACH_COM,2,0
C-WEU-AUT,2017,WASH_MACH_COM,1,0.03
C-WEU-AUT,2017,WASH_MACH_COM,2,0
C-WEU-AUT,2018,WASH_MACH_COM,1,0.03
C-WEU-AUT,2018,WASH_MACH_COM,2,0
C-WEU-AUT,2019,WASH_MACH_COM,1,0.03
C-WEU-AUT,2019,WASH_MACH_COM,2,0
C-WEU-AUT,2020,WASH_MACH_COM,1,0.03
C-WEU-AUT,2020,WASH_MACH_COM,2,0
C-WEU-AUT,2021,WASH_MACH_COM,1,0.03
C-WEU-AUT,2021,WASH_MACH_COM,2,0
C-WEU-AUT,2022,WASH_MACH_COM,1,0.03
C-WEU-AUT,2022,WASH_MACH_COM,2,0
C-WEU-AUT,2023,WASH_MACH_COM,1,0.03
C-WEU-AUT,2023,WASH_MACH_COM,2,0
C-WEU-AUT,2024,WASH_MACH_COM,1,0.03
C-WEU-AUT,2024,WASH_MACH_COM,2,0
C-WEU-AUT,2025,WASH_MACH_COM,1,0.03
C-WEU-AUT,2025,WASH_MACH_COM,2,0
C-WEU-AUT,2026,WASH_MACH_COM,1,0.03
C-WEU-AUT,2026,WASH_MACH_COM,2,0
C-WEU-AUT,2027,WASH_MACH_COM,1,0.03
C-WEU-AUT,2027,WASH_MACH_COM,2,0
C-WEU-AUT,2028,WASH_MACH_COM,1,0.03
C-WEU-AUT,2028,WASH_MACH_COM,2,0
C-WEU-AUT,2029,WASH_MACH_COM,1,0.03
C-WEU-AUT,2029,WASH_MACH_COM,2,0
C-WEU-AUT,2030,WASH_MACH_COM,1,0.1
C-WEU-AUT,2030,WASH_MACH_COM,2,0
C-WEU-AUT,2031,WASH_MACH_COM,1,0.1
C-WEU-AUT,2031,WASH_MACH_COM,2,0
C-WEU-AUT,2032,WASH_MACH_COM,1,0.1
C-WEU-AUT,2032,WASH_MACH_COM,2,0
C-WEU-AUT,2033,WASH_MACH_COM,1,0.1
C-WEU-AUT,2033,WASH_MACH_COM,2,0
C-WEU-AUT,2034,WASH_MACH_COM,1,0.1
C-WEU-AUT,2034,WASH_MACH_COM,2,0
C-WEU-AUT,2035,WASH_MACH_COM,1,0.1
C-WEU-AUT,2035,WASH_MACH_COM,2,0
C-WEU-AUT,2036,WASH_MACH_COM,1,0.1
C-WEU-AUT,2036,WASH_MACH_COM,2,0
C-WEU-AUT,2037,WASH_MACH_COM,1,0.1
C-WEU-AUT,2037,WASH_MACH_COM,2,0
C-WEU-AUT,2038,WASH_MACH_COM,1,0.1
C-WEU-AUT,2038,WASH_MACH_COM,2,0
C-WEU-AUT,2039,WASH_MACH_COM,1,0.1
C-WEU-AUT,2039,WASH_MACH_COM,2,0
C-WEU-AUT,2040,WASH_MACH_COM,1,0.1
C-WEU-AUT,2040,WASH_MACH_COM,2,0
C-WEU-AUT,2041,WASH_MACH_COM,1,0.1
C-WEU-AUT,2041,WASH_MACH_COM,2,0
C-WEU-AUT,2042,WASH_MACH_COM,1,0.1
C-WEU-AUT,2042,WASH_MACH_COM,2,0
C-WEU-AUT,2043,WASH_MACH_COM,1,0.1
C-WEU-AUT,2043,WASH_MACH_COM,2,0
C-WEU-AUT,2044,WASH_MACH_COM,1,0.1
C-WEU-AUT,2044,WASH_MACH_COM,2,0
C-WEU-AUT,2045,WASH_MACH_COM,1,0.1
C-WEU-AUT,2045,WASH_MACH_COM,2,0
C-WEU-AUT,2046,WASH_MACH_COM,1,0.1
C-WEU-AUT,2046,WASH_MACH_COM,2,0
C-WEU-AUT,2047,WASH_MACH_COM,1,0.1
C-WEU-AUT,2047,WASH_MACH_COM,2,0
C-WEU-AUT,2048,WASH_MACH_COM,1,0.1
C-WEU-AUT,2048,WASH_MACH_COM,2,0
C-WEU-AUT,2049,WASH_MACH_COM,1,0.1
C-WEU-AUT,2049,WASH_MACH_COM,2,0
C-WEU-AUT,2050,WASH_MACH_COM,1,0.1
C-WEU-AUT,2050,WASH_MACH_COM,2,0
C-WEU-AUT,2051,WASH_MACH_COM,1,0.1
C-WEU-AUT,2051,WASH_MACH_COM,2,0
C-WEU-AUT,2052,WASH_MACH_COM,1,0.1
C-WEU-AUT,2052,WASH_MACH_COM,2,0
C-WEU-AUT,2053,WASH_MACH_COM,1,0.1
C-WEU-AUT,2053,WASH_MACH_COM,2,0
C-WEU-AUT,2054,WASH_MACH_COM,1,0.1
C-WEU-AUT,2054,WASH_MACH_COM,2,0
C-WEU-AUT,2055,WASH_MACH_COM,1,0.1
C-WEU-AUT,2055,WASH_MACH_COM,2,0
C-WEU-AUT,2056,WASH_MACH_COM,1,0.1
C-WEU-AUT,2056,WASH_MACH_COM,2,0
C-WEU-AUT,2057,WASH_MACH_COM,1,0.1
C-WEU-AUT,2057,WASH_MACH_COM,2,0
C-WEU-AUT,2058,WASH_MACH_COM,1,0.1
C-WEU-AUT,2058,WASH_MACH_COM,2,0
C-WEU-AUT,2059,WASH_MACH_COM,1,0.1
C-WEU-AUT,2059,WASH_MACH_COM,2,0
C-WEU-AUT,2060,WASH_MACH_COM,1,0.1
C-WEU-AUT,2060,WASH_MACH_COM,2,0
C-WEU-AUT,2061,WASH_MACH_COM,1,0.1
C-WEU-AUT,2061,WASH_MACH_COM,2,0
C-WEU-AUT,2062,WASH_MACH_COM,1,0.1
C-WEU-AUT,2062,WASH_MACH_COM,2,0
C-WEU-AUT,2063,WASH_MACH_COM,1,0.1
C-WEU-AUT,2063,WASH_MACH_COM,2,0
C-WEU-AUT,2064,WASH_MACH_COM,1,0.1
C-WEU-AUT,2064,WASH_MACH_COM,2,0
C-WEU-AUT,2065,WASH_MACH_COM,1,0.1
C-WEU-AUT,2065,WASH_MACH_COM,2,0
C-WEU-AUT,2066,WASH_MACH_COM,1,0.1
C-WEU-AUT,2066,WASH_MACH_COM,2,0
C-WEU-AUT,2067,WASH_MACH_COM,1,0.1
C-WEU-AUT,2067,WASH_MACH_COM,2,0
C-WEU-AUT,2068,WASH_MACH_COM,1,0.1
C-WEU-AUT,2068,WASH_MACH_COM,2,0
C-WEU-AUT,2069,WASH_MACH_COM,1,0.1
C-WEU-AUT,2069,WASH_MACH_COM,2,0
C-WEU-AUT,2070,WASH_MACH_COM,1,0.1
C-WEU-AUT,2070,WASH_MACH_COM,2,0
C-WEU-AUT,2071,WASH_MACH_COM,1,0.1
C-WEU-AUT,2071,WASH_MACH_COM,2,0
C-WEU-AUT,2072,WASH_MACH_COM,1,0.1
C-WEU-AUT,2072,WASH_MACH_COM,2,0
C-WEU-AUT,2073,WASH_MACH_COM,1,0.1
C-WEU-AUT,2073,WASH_MACH_COM,2,0
C-WEU-AUT,2074,WASH_MACH_COM,1,0.1
C-WEU-AUT,2074,WASH_MACH_COM,2,0
C-WEU-AUT,2075,WASH_MACH_COM,1,0.1
C-WEU-AUT,2075,WASH_MACH_COM,2,0
C-WEU-AUT,2076,WASH_MACH_COM,1,0.1
C-WEU-AUT,2076,WASH_MACH_COM,2,0
C-WEU-AUT,2077,WASH_MACH_COM,1,0.1
C-WEU-AUT,2077,WASH_MACH_COM,2,0
C-WEU-AUT,2078,WASH_MACH_COM,1,0.1
C-WEU-AUT,2078,WASH_MACH_COM,2,0
C-WEU-AUT,2079,WASH_MACH_COM,1,0.1
C-WEU-AUT,2079,WASH_MACH_COM,2,0
C-WEU-AUT,2080,WASH_MACH_COM,1,0.1
C-WEU-AUT,2080,WASH_MACH_COM,2,0
C-WEU-AUT,2081,WASH_MACH_COM,1,0.1
C-WEU-AUT,2081,WASH_MACH_COM,2,0
C-WEU-AUT,2082,WASH_MACH_COM,1,0.1
C-WEU-AUT,2082,WASH_MACH_COM,2,0
C-WEU-AUT,2083,WASH_MACH_COM,1,0.1
C-WEU-AUT,2083,WASH_MACH_COM,2,0
C-WEU-AUT,2084,WASH_MACH_COM,1,0.1
C-WEU-AUT,2084,WASH_MACH_COM,2,0
C-WEU-AUT,2085,WASH_MACH_COM,1,0.1
C-WEU-AUT,2085,WASH_MACH_COM,2,0
C-WEU-AUT,2086,WASH_MACH_COM,1,0.1
C-WEU-AUT,2086,WASH_MACH_COM,2,0
C-WEU-AUT,2087,WASH_MACH_COM,1,0.1
C-WEU-AUT,2087,WASH_MACH_COM,2,0
C-WEU-AUT,2088,WASH_MACH_COM,1,0.1
C-WEU-AUT,2088,WASH_MACH_COM,2,0
C-WEU-AUT,2089,WASH_MACH_COM,1,0.1
C-WEU-AUT,2089,WASH_MACH_COM,2,0
C-WEU-AUT,2090,WASH_MACH_COM,1,0.1
C-WEU-AUT,2090,WASH_MACH_COM,2,0
C-WEU-AUT,2091,WASH_MACH_COM,1,0.1
C-WEU-AUT,2091,WASH_MACH_COM,2,0
C-WEU-AUT,2092,WASH_MACH_COM,1,0.1
C-WEU-AUT,2092,WASH_MACH_COM,2,0
C-WEU-AUT,2093,WASH_MACH_COM,1,0.1
C-WEU-AUT,2093,WASH_MACH_COM,2,0
C-WEU-AUT,2094,WASH_MACH_COM,1,0.1
C-WEU-AUT,2094,WASH_MACH_COM,2,0
C-WEU-AUT,2095,WASH_MACH_COM,1,0.1
C-WEU-AUT,2095,WASH_MACH_COM,2,0
C-WEU-AUT,2096,WASH_MACH_COM,1,0.1
C-WEU-AUT,2096,WASH_MACH_COM,2,0
C-WEU-AUT,2097,WASH_MACH_COM,1,0.1
C-WEU-AUT,2097,WASH_MACH_COM,2,0
C-WEU-AUT,2098,WASH_MACH_COM,1,0.1
C-WEU-AUT,2098,WASH_MACH_COM,2,0
C-WEU-AUT,2099,WASH_MACH_COM,1,0.1
C-WEU-AUT,2099,WASH_MACH_COM,2,0
C-WEU-AUT,2100,WASH_MACH_COM,1,0.1
C-WEU-AUT,2100,WASH_MACH_COM,2,0
C-WEU-BEL,2000,WASH_MACH,1,0.03
C-WEU-BEL,2000,WASH_MACH,2,0
C-WEU-BEL,2001,WASH_MACH,1,0.03
C-WEU-BEL,2001,WASH_MACH,2,0
C-WEU-BEL,2002,WASH_MACH,1,0.03
C-WEU-BEL,2002,WASH_MACH,2,0
C-WEU-BEL,2003,WASH_MACH,1,0.03
C-WEU-BEL,2003,WASH_MACH,2,0
C-WEU-BEL,2004,WASH_MACH,1,0.03
C-WEU-BEL,2004,WASH_MACH,2,0
C-WEU-BEL,2005,WASH_MACH,1,0.03
C-WEU-BEL,2005,WASH_MACH,2,0
C-WEU-BEL,2006,WASH_MACH,1,0.03
C-WEU-BEL,2006,WASH_MACH,2,0
C-WEU-BEL,2007,WASH_MACH,1,0.03
C-WEU-BEL,2007,WASH_MACH,2,0
C-WEU-BEL,2008,WASH_MACH,1,0.03
C-WEU-BEL,2008,WASH_MACH,2,0
C-WEU-BEL,2009,WASH_MACH,1,0.03
C-WEU-BEL,2009,WASH_MACH,2,0
C-WEU-BEL,2010,WASH_MACH,1,0.03
C-WEU-BEL,2010,WASH_MACH,2,0
C-WEU-BEL,2011,WASH_MACH,1,0.03
C-WEU-BEL,2011,WASH_MACH,2,0
C-WEU-BEL,2012,WASH_MACH,1,0.03
C-WEU-BEL,2012,WASH_MACH,2,0
C-WEU-BEL,2013,WASH_MACH,1,0.03
C-WEU-BEL,2013,WASH_MACH,2,0
C-WEU-BEL,2014,WASH_MACH,1,0.03
C-WEU-BEL,2014,WASH_MACH,2,0
C-WEU-BEL,2015,WASH_MACH,1,0.03
C-WEU-BEL,2015,WASH_MACH,2,0
C-WEU-BEL,2016,WASH_MACH,1,0.03
C-WEU-BEL,2016,WASH_MACH,2,0
C-WEU-BEL,2017,WASH_MACH,1,0.03
C-WEU-BEL,2017,WASH_MACH,2,0
C-WEU-BEL,2018,WASH_MACH,1,0.03
C-WEU-BEL,2018,WASH_MACH,2,0
C-WEU-BEL,2019,WASH_MACH,1,0.03
C-WEU-BEL,2019,WASH_MACH,2,0
C-WEU-BEL,2020,WASH_MACH,1,0.03
C-WEU-BEL,2020,WASH_MACH,2,0
C-WEU-BEL,2021,WASH_MACH,1,0.03
C-WEU-BEL,2021,WASH_MACH,2,0
C-WEU-BEL,2022,WASH_MACH,1,0.03
C-WEU-BEL,2022,WASH_MACH,2,0
C-WEU-BEL,2023,WASH_MACH,1,0.03
C-WEU-BEL,2023,WASH_MACH,2,0
C-WEU-BEL,2024,WASH_MACH,1,0.03
C-WEU-BEL,2024,WASH_MACH,2,0
C-WEU-BEL,2025,WASH_MACH,1,0.03
C-WEU-BEL,2025,WASH_MACH,2,0
C-WEU-BEL,2026,WASH_MACH,1,0.03
C-WEU-BEL,2026,WASH_MACH,2,0
C-WEU-BEL,2027,WASH_MACH,1,0.03
C-WEU-BEL,2027,WASH_MACH,2,0
C-WEU-BEL,2028,WASH_MACH,1,0.03
C-WEU-BEL,2028,WASH_MACH,2,0
C-WEU-BEL,2029,WASH_MACH,1,0.03
C-WEU-BEL,2029,WASH_MACH,2,0
C-WEU-BEL,2030,WASH_MACH,1,0.1
C-WEU-BEL,2030,WASH_MACH,2,0
C-WEU-BEL,2031,WASH_MACH,1,0.1
C-WEU-BEL,2031,WASH_MACH,2,0
C-WEU-BEL,2032,WASH_MACH,1,0.1
C-WEU-BEL,2032,WASH_MACH,2,0
C-WEU-BEL,2033,WASH_MACH,1,0.1
C-WEU-BEL,2033,WASH_MACH,2,0
C-WEU-BEL,2034,WASH_MACH,1,0.1
C-WEU-BEL,2034,WASH_MACH,2,0
C-WEU-BEL,2035,WASH_MACH,1,0.1
C-WEU-BEL,2035,WASH_MACH,2,0
C-WEU-BEL,2036,WASH_MACH,1,0.1
C-WEU-BEL,2036,WASH_MACH,2,0
C-WEU-BEL,2037,WASH_MACH,1,0.1
C-WEU-BEL,2037,WASH_MACH,2,0
C-WEU-BEL,2038,WASH_MACH,1,0.1
C-WEU-BEL,2038,WASH_MACH,2,0
C-WEU-BEL,2039,WASH_MACH,1,0.1
C-WEU-BEL,2039,WASH_MACH,2,0
C-WEU-BEL,2040,WASH_MACH,1,0.1
C-WEU-BEL,2040,WASH_MACH,2,0
C-WEU-BEL,2041,WASH_MACH,1,0.1
C-WEU-BEL,2041,WASH_MACH,2,0
C-WEU-BEL,2042,WASH_MACH,1,0.1
C-WEU-BEL,2042,WASH_MACH,2,0
C-WEU-BEL,2043,WASH_MACH,1,0.1
C-WEU-BEL,2043,WASH_MACH,2,0
C-WEU-BEL,2044,WASH_MACH,1,0.1
C-WEU-BEL,2044,WASH_MACH,2,0
C-WEU-BEL,2045,WASH_MACH,1,0.1
C-WEU-BEL,2045,WASH_MACH,2,0
C-WEU-BEL,2046,WASH_MACH,1,0.1
C-WEU-BEL,2046,WASH_MACH,2,0
C-WEU-BEL,2047,WASH_MACH,1,0.1
C-WEU-BEL,2047,WASH_MACH,2,0
C-WEU-BEL,2048,WASH_MACH,1,0.1
C-WEU-BEL,2048,WASH_MACH,2,0
C-WEU-BEL,2049,WASH_MACH,1,0.1
C-WEU-BEL,2049,WASH_MACH,2,0
C-WEU-BEL,2050,WASH_MACH,1,0.1
C-WEU-BEL,2050,WASH_MACH,2,0
C-WEU-BEL,2051,WASH_MACH,1,0.1
C-WEU-BEL,2051,WASH_MACH,2,0
C-WEU-BEL,2052,WASH_MACH,1,0.1
C-WEU-BEL,2052,WASH_MACH,2,0
C-WEU-BEL,2053,WASH_MACH,1,0.1
C-WEU-BEL,2053,WASH_MACH,2,0
C-WEU-BEL,2054,WASH_MACH,1,0.1
C-WEU-BEL,2054,WASH_MACH,2,0
C-WEU-BEL,2055,WASH_MACH,1,0.1
C-WEU-BEL,2055,WASH_MACH,2,0
C-WEU-BEL,2056,WASH_MACH,1,0.1
C-WEU-BEL,2056,WASH_MACH,2,0
C-WEU-BEL,2057,WASH_MACH,1,0.1
C-WEU-BEL,2057,WASH_MACH,2,0
C-WEU-BEL,2058,WASH_MACH,1,0.1
C-WEU-BEL,2058,WASH_MACH,2,0
C-WEU-BEL,2059,WASH_MACH,1,0.1
C-WEU-BEL,2059,WASH_MACH,2,0
C-WEU-BEL,2060,WASH_MACH,1,0.1
C-WEU-BEL,2060,WASH_MACH,2,0
C-WEU-BEL,2061,WASH_MACH,1,0.1
C-WEU-BEL,2061,WASH_MACH,2,0
C-WEU-BEL,2062,WASH_MACH,1,0.1
C-WEU-BEL,2062,WASH_MACH,2,0
C-WEU-BEL,2063,WASH_MACH,1,0.1
C-WEU-BEL,2063,WASH_MACH,2,0
C-WEU-BEL,2064,WASH_MACH,1,0.1
C-WEU-BEL,2064,WASH_MACH,2,0
C-WEU-BEL,2065,WASH_MACH,1,0.1
C-WEU-BEL,2065,WASH_MACH,2,0
C-WEU-BEL,2066,WASH_MACH,1,0.1
C-WEU-BEL,2066,WASH_MACH,2,0
C-WEU-BEL,2067,WASH_MACH,1,0.1
C-WEU-BEL,2067,WASH_MACH,2,0
C-WEU-BEL,2068,WASH_MACH,1,0.1
C-WEU-BEL,2068,WASH_MACH,2,0
C-WEU-BEL,2069,WASH_MACH,1,0.1
C-WEU-BEL,2069,WASH_MACH,2,0
C-WEU-BEL,2070,WASH_MACH,1,0.1
C-WEU-BEL,2070,WASH_MACH,2,0
C-WEU-BEL,2071,WASH_MACH,1,0.1
C-WEU-BEL,2071,WASH_MACH,2,0
C-WEU-BEL,2072,WASH_MACH,1,0.1
C-WEU-BEL,2072,WASH_MACH,2,0
C-WEU-BEL,2073,WASH_MACH,1,0.1
C-WEU-BEL,2073,WASH_MACH,2,0
C-WEU-BEL,2074,WASH_MACH,1,0.1
C-WEU-BEL,2074,WASH_MACH,2,0
C-WEU-BEL,2075,WASH_MACH,1,0.1
C-WEU-BEL,2075,WASH_MACH,2,0
C-WEU-BEL,2076,WASH_MACH,1,0.1
C-WEU-BEL,2076,WASH_MACH,2,0
C-WEU-BEL,2077,WASH_MACH,1,0.1
C-WEU-BEL,2077,WASH_MACH,2,0
C-WEU-BEL,2078,WASH_MACH,1,0.1
C-WEU-BEL,2078,WASH_MACH,2,0
C-WEU-BEL,2079,WASH_MACH,1,0.1
C-WEU-BEL,2079,WASH_MACH,2,0
C-WEU-BEL,2080,WASH_MACH,1,0.1
C-WEU-BEL,2080,WASH_MACH,2,0
C-WEU-BEL,2081,WASH_MACH,1,0.1
C-WEU-BEL,2081,WASH_MACH,2,0
C-WEU-BEL,2082,WASH_MACH,1,0.1
C-WEU-BEL,2082,WASH_MACH,2,0
C-WEU-BEL,2083,WASH_MACH,1,0.1
C-WEU-BEL,2083,WASH_MACH,2,0
C-WEU-BEL,2084,WASH_MACH,1,0.1
C-WEU-BEL,2084,WASH_MACH,2,0
C-WEU-BEL,2085,WASH_MACH,1,0.1
C-WEU-BEL,2085,WASH_MACH,2,0
C-WEU-BEL,2086,WASH_MACH,1,0.1
C-WEU-BEL,2086,WASH_MACH,2,0
C-WEU-BEL,2087,WASH_MACH,1,0.1
C-WEU-BEL,2087,WASH_MACH,2,0
C-WEU-BEL,2088,WASH_MACH,1,0.1
C-WEU-BEL,2088,WASH_MACH,2,0
C-WEU-BEL,2089,WASH_MACH,1,0.1
C-WEU-BEL,2089,WASH_MACH,2,0
C-WEU-BEL,2090,WASH_MACH,1,0.1
C-WEU-BEL,2090,WASH_MACH,2,0
C-WEU-BEL,2091,WASH_MACH,1,0.1
C-WEU-BEL,2091,WASH_MACH,2,0
C-WEU-BEL,2092,WASH_MACH,1,0.1
C-WEU-BEL,2092,WASH_MACH,2,0
C-WEU-BEL,2093,WASH_MACH,1,0.1
C-WEU-BEL,2093,WASH_MACH,2,0
C-WEU-BEL,2094,WASH_MACH,1,0.1
C-WEU-BEL,2094,WASH_MACH,2,0
C-WEU-BEL,2095,WASH_MACH,1,0.1
C-WEU-BEL,2095,WASH_MACH,2,0
C-WEU-BEL,2096,WASH_MACH,1,0.1
C-WEU-BEL,2096,WASH_MACH,2,0
C-WEU-BEL,2097,WASH_MACH,1,0.1
C-WEU-BEL,2097,WASH_MACH,2,0
C-WEU-BEL,2098,WASH_MACH,1,0.1
C-WEU-BEL,2098,WASH_MACH,2,0
C-WEU-BEL,2099,WASH_MACH,1,0.1
C-WEU-BEL,2099,WASH_MACH,2,0
C-WEU-BEL,2100,WASH_MACH,1,0.1
C-WEU-BEL,2100,WASH_MACH,2,0
C-WEU-BEL,2000,WASH_MACH_COM,1,0.03
C-WEU-BEL,2000,WASH_MACH_COM,2,0
C-WEU-BEL,2001,WASH_MACH_COM,1,0.03
C-WEU-BEL,2001,WASH_MACH_COM,2,0
C-WEU-BEL,2002,WASH_MACH_COM,1,0.03
C-WEU-BEL,2002,WASH_MACH_COM,2,0
C-WEU-BEL,2003,WASH_MACH_COM,1,0.03
C-WEU-BEL,2003,WASH_MACH_COM,2,0
C-WEU-BEL,2004,WASH_MACH_COM,1,0.03
C-WEU-BEL,2004,WASH_MACH_COM,2,0
C-WEU-BEL,2005,WASH_MACH_COM,1,0.03
C-WEU-BEL,2005,WASH_MACH_COM,2,0
C-WEU-BEL,2006,WASH_MACH_COM,1,0.03
C-WEU-BEL,2006,WASH_MACH_COM,2,0
C-WEU-BEL,2007,WASH_MACH_COM,1,0.03
C-WEU-BEL,2007,WASH_MACH_COM,2,0
C-WEU-BEL,2008,WASH_MACH_COM,1,0.03
C-WEU-BEL,2008,WASH_MACH_COM,2,0
C-WEU-BEL,2009,WASH_MACH_COM,1,0.03
C-WEU-BEL,2009,WASH_MACH_COM,2,0
C-WEU-BEL,2010,WASH_MACH_COM,1,0.03
C-WEU-BEL,2010,WASH_MACH_COM,2,0
C-WEU-BEL,2011,WASH_MACH_COM,1,0.03
C-WEU-BEL,2011,WASH_MACH_COM,2,0
C-WEU-BEL,2012,WASH_MACH_COM,1,0.03
C-WEU-BEL,2012,WASH_MACH_COM,2,0
C-WEU-BEL,2013,WASH_MACH_COM,1,0.03
C-WEU-BEL,2013,WASH_MACH_COM,2,0
C-WEU-BEL,2014,WASH_MACH_COM,1,0.03
C-WEU-BEL,2014,WASH_MACH_COM,2,0
C-WEU-BEL,2015,WASH_MACH_COM,1,0.03
C-WEU-BEL,2015,WASH_MACH_COM,2,0
C-WEU-BEL,2016,WASH_MACH_COM,1,0.03
C-WEU-BEL,2016,WASH_MACH_COM,2,0
C-WEU-BEL,2017,WASH_MACH_COM,1,0.03
C-WEU-BEL,2017,WASH_MACH_COM,2,0
C-WEU-BEL,2018,WASH_MACH_COM,1,0.03
C-WEU-BEL,2018,WASH_MACH_COM,2,0
C-WEU-BEL,2019,WASH_MACH_COM,1,0.03
C-WEU-BEL,2019,WASH_MACH_COM,2,0
C-WEU-BEL,2020,WASH_MACH_COM,1,0.03
C-WEU-BEL,2020,WASH_MACH_COM,2,0
C-WEU-BEL,2021,WASH_MACH_COM,1,0.03
C-WEU-BEL,2021,WASH_MACH_COM,2,0
C-WEU-BEL,2022,WASH_MACH_COM,1,0.03
C-WEU-BEL,2022,WASH_MACH_COM,2,0
C-WEU-BEL,2023,WASH_MACH_COM,1,0.03
C-WEU-BEL,2023,WASH_MACH_COM,2,0
C-WEU-BEL,2024,WASH_MACH_COM,1,0.03
C-WEU-BEL,2024,WASH_MACH_COM,2,0
C-WEU-BEL,2025,WASH_MACH_COM,1,0.03
C-WEU-BEL,2025,WASH_MACH_COM,2,0
C-WEU-BEL,2026,WASH_MACH_COM,1,0.03
C-WEU-BEL,2026,WASH_MACH_COM,2,0
C-WEU-BEL,2027,WASH_MACH_COM,1,0.03
C-WEU-BEL,2027,WASH_MACH_COM,2,0
C-WEU-BEL,2028,WASH_MACH_COM,1,0.03
C-WEU-BEL,2028,WASH_MACH_COM,2,0
C-WEU-BEL,2029,WASH_MACH_COM,1,0.03
C-WEU-BEL,2029,WASH_MACH_COM,2,0
C-WEU-BEL,2030,WASH_MACH_COM,1,0.1
C-WEU-BEL,2030,WASH_MACH_COM,2,0
C-WEU-BEL,2031,WASH_MACH_COM,1,0.1
C-WEU-BEL,2031,WASH_MACH_COM,2,0
C-WEU-BEL,2032,WASH_MACH_COM,1,0.1
C-WEU-BEL,2032,WASH_MACH_COM,2,0
C-WEU-BEL,2033,WASH_MACH_COM,1,0.1
C-WEU-BEL,2033,WASH_MACH_COM,2,0
C-WEU-BEL,2034,WASH_MACH_COM,1,0.1
C-WEU-BEL,2034,WASH_MACH_COM,2,0
C-WEU-BEL,2035,WASH_MACH_COM,1,0.1
C-WEU-BEL,2035,WASH_MACH_COM,2,0
C-WEU-BEL,2036,WASH_MACH_COM,1,0.1
C-WEU-BEL,2036,WASH_MACH_COM,2,0
C-WEU-BEL,2037,WASH_MACH_COM,1,0.1
C-WEU-BEL,2037,WASH_MACH_COM,2,0
C-WEU-BEL,2038,WASH_MACH_COM,1,0.1
C-WEU-BEL,2038,WASH_MACH_COM,2,0
C-WEU-BEL,2039,WASH_MACH_COM,1,0.1
C-WEU-BEL,2039,WASH_MACH_COM,2,0
C-WEU-BEL,2040,WASH_MACH_COM,1,0.1
C-WEU-BEL,2040,WASH_MACH_COM,2,0
C-WEU-BEL,2041,WASH_MACH_COM,1,0.1
C-WEU-BEL,2041,WASH_MACH_COM,2,0
C-WEU-BEL,2042,WASH_MACH_COM,1,0.1
C-WEU-BEL,2042,WASH_MACH_COM,2,0
C-WEU-BEL,2043,WASH_MACH_COM,1,0.1
C-WEU-BEL,2043,WASH_MACH_COM,2,0
C-WEU-BEL,2044,WASH_MACH_COM,1,0.1
C-WEU-BEL,2044,WASH_MACH_COM,2,0
C-WEU-BEL,2045,WASH_MACH_COM,1,0.1
C-WEU-BEL,2045,WASH_MACH_COM,2,0
C-WEU-BEL,2046,WASH_MACH_COM,1,0.1
C-WEU-BEL,2046,WASH_MACH_COM,2,0
C-WEU-BEL,2047,WASH_MACH_COM,1,0.1
C-WEU-BEL,2047,WASH_MACH_COM,2,0
C-WEU-BEL,2048,WASH_MACH_COM,1,0.1
C-WEU-BEL,2048,WASH_MACH_COM,2,0
C-WEU-BEL,2049,WASH_MACH_COM,1,0.1
C-WEU-BEL,2049,WASH_MACH_COM,2,0
C-WEU-BEL,2050,WASH_MACH_COM,1,0.1
C-WEU-BEL,2050,WASH_MACH_COM,2,0
C-WEU-BEL,2051,WASH_MACH_COM,1,0.1
C-WEU-BEL,2051,WASH_MACH_COM,2,0
C-WEU-BEL,2052,WASH_MACH_COM,1,0.1
C-WEU-BEL,2052,WASH_MACH_COM,2,0
C-WEU-BEL,2053,WASH_MACH_COM,1,0.1
C-WEU-BEL,2053,WASH_MACH_COM,2,0
C-WEU-BEL,2054,WASH_MACH_COM,1,0.1
C-WEU-BEL,2054,WASH_MACH_COM,2,0
C-WEU-BEL,2055,WASH_MACH_COM,1,0.1
C-WEU-BEL,2055,WASH_MACH_COM,2,0
C-WEU-BEL,2056,WASH_MACH_COM,1,0.1
C-WEU-BEL,2056,WASH_MACH_COM,2,0
C-WEU-BEL,2057,WASH_MACH_COM,1,0.1
C-WEU-BEL,2057,WASH_MACH_COM,2,0
C-WEU-BEL,2058,WASH_MACH_COM,1,0.1
C-WEU-BEL,2058,WASH_MACH_COM,2,0
C-WEU-BEL,2059,WASH_MACH_COM,1,0.1
C-WEU-BEL,2059,WASH_MACH_COM,2,0
C-WEU-BEL,2060,WASH_MACH_COM,1,0.1
C-WEU-BEL,2060,WASH_MACH_COM,2,0
C-WEU-BEL,2061,WASH_MACH_COM,1,0.1
C-WEU-BEL,2061,WASH_MACH_COM,2,0
C-WEU-BEL,2062,WASH_MACH_COM,1,0.1
C-WEU-BEL,2062,WASH_MACH_COM,2,0
C-WEU-BEL,2063,WASH_MACH_COM,1,0.1
C-WEU-BEL,2063,WASH_MACH_COM,2,0
C-WEU-BEL,2064,WASH_MACH_COM,1,0.1
C-WEU-BEL,2064,WASH_MACH_COM,2,0
C-WEU-BEL,2065,WASH_MACH_COM,1,0.1
C-WEU-BEL,2065,WASH_MACH_COM,2,0
C-WEU-BEL,2066,WASH_MACH_COM,1,0.1
C-WEU-BEL,2066,WASH_MACH_COM,2,0
C-WEU-BEL,2067,WASH_MACH_COM,1,0.1
C-WEU-BEL,2067,WASH_MACH_COM,2,0
C-WEU-BEL,2068,WASH_MACH_COM,1,0.1
C-WEU-BEL,2068,WASH_MACH_COM,2,0
C-WEU-BEL,2069,WASH_MACH_COM,1,0.1
C-WEU-BEL,2069,WASH_MACH_COM,2,0
C-WEU-BEL,2070,WASH_MACH_COM,1,0.1
C-WEU-BEL,2070,WASH_MACH_COM,2,0
C-WEU-BEL,2071,WASH_MACH_COM,1,0.1
C-WEU-BEL,2071,WASH_MACH_COM,2,0
C-WEU-BEL,2072,WASH_MACH_COM,1,0.1
C-WEU-BEL,2072,WASH_MACH_COM,2,0
C-WEU-BEL,2073,WASH_MACH_COM,1,0.1
C-WEU-BEL,2073,WASH_MACH_COM,2,0
C-WEU-BEL,2074,WASH_MACH_COM,1,0.1
C-WEU-BEL,2074,WASH_MACH_COM,2,0
C-WEU-BEL,2075,WASH_MACH_COM,1,0.1
C-WEU-BEL,2075,WASH_MACH_COM,2,0
C-WEU-BEL,2076,WASH_MACH_COM,1,0.1
C-WEU-BEL,2076,WASH_MACH_COM,2,0
C-WEU-BEL,2077,WASH_MACH_COM,1,0.1
C-WEU-BEL,2077,WASH_MACH_COM,2,0
C-WEU-BEL,2078,WASH_MACH_COM,1,0.1
C-WEU-BEL,2078,WASH_MACH_COM,2,0
C-WEU-BEL,2079,WASH_MACH_COM,1,0.1
C-WEU-BEL,2079,WASH_MACH_COM,2,0
C-WEU-BEL,2080,WASH_MACH_COM,1,0.1
C-WEU-BEL,2080,WASH_MACH_COM,2,0
C-WEU-BEL,2081,WASH_MACH_COM,1,0.1
C-WEU-BEL,2081,WASH_MACH_COM,2,0
C-WEU-BEL,2082,WASH_MACH_COM,1,0.1
C-WEU-BEL,2082,WASH_MACH_COM,2,0
C-WEU-BEL,2083,WASH_MACH_COM,1,0.1
C-WEU-BEL,2083,WASH_MACH_COM,2,0
C-WEU-BEL,2084,WASH_MACH_COM,1,0.1
C-WEU-BEL,2084,WASH_MACH_COM,2,0
C-WEU-BEL,2085,WASH_MACH_COM,1,0.1
C-WEU-BEL,2085,WASH_MACH_COM,2,0
C-WEU-BEL,2086,WASH_MACH_COM,1,0.1
C-WEU-BEL,2086,WASH_MACH_COM,2,0
C-WEU-BEL,2087,WASH_MACH_COM,1,0.1
C-WEU-BEL,2087,WASH_MACH_COM,2,0
C-WEU-BEL,2088,WASH_MACH_COM,1,0.1
C-WEU-BEL,2088,WASH_MACH_COM,2,0
C-WEU-BEL,2089,WASH_MACH_COM,1,0.1
C-WEU-BEL,2089,WASH_MACH_COM,2,0
C-WEU-BEL,2090,WASH_MACH_COM,1,0.1
C-WEU-BEL,2090,WASH_MACH_COM,2,0
C-WEU-BEL,2091,WASH_MACH_COM,1,0.1
C-WEU-BEL,2091,WASH_MACH_COM,2,0
C-WEU-BEL,2092,WASH_MACH_COM,1,0.1
C-WEU-BEL,2092,WASH_MACH_COM,2,0
C-WEU-BEL,2093,WASH_MACH_COM,1,0.1
C-WEU-BEL,2093,WASH_MACH_COM,2,0
C-WEU-BEL,2094,WASH_MACH_COM,1,0.1
C-WEU-BEL,2094,WASH_MACH_COM,2,0
C-WEU-BEL,2095,WASH_MACH_COM,1,0.1
C-WEU-BEL,2095,WASH_MACH_COM,2,0
C-WEU-BEL,2096,WASH_MACH_COM,1,0.1
C-WEU-BEL,2096,WASH_MACH_COM,2,0
C-WEU-BEL,2097,WASH_MACH_COM,1,0.1
C-WEU-BEL,2097,WASH_MACH_COM,2,0
C-WEU-BEL,2098,WASH_MACH_COM,1,0.1
C-WEU-BEL,2098,WASH_MACH_COM,2,0
C-WEU-BEL,2099,WASH_MACH_COM,1,0.1
C-WEU-BEL,2099,WASH_MACH_COM,2,0
C-WEU-BEL,2100,WASH_MACH_COM,1,0.1
C-WEU-BEL,2100,WASH_MACH_COM,2,0
C-WEU-CHE,2000,WASH_MACH,1,0.1
C-WEU-CHE,2000,WASH_MACH,2,0
C-WEU-CHE,2001,WASH_MACH,1,0.1
C-WEU-CHE,2001,WASH_MACH,2,0
C-WEU-CHE,2002,WASH_MACH,1,0.1
C-WEU-CHE,2002,WASH_MACH,2,0
C-WEU-CHE,2003,WASH_MACH,1,0.1
C-WEU-CHE,2003,WASH_MACH,2,0
C-WEU-CHE,2004,WASH_MACH,1,0.1
C-WEU-CHE,2004,WASH_MACH,2,0
C-WEU-CHE,2005,WASH_MACH,1,0.1
C-WEU-CHE,2005,WASH_MACH,2,0
C-WEU-CHE,2006,WASH_MACH,1,0.1
C-WEU-CHE,2006,WASH_MACH,2,0
C-WEU-CHE,2007,WASH_MACH,1,0.1
C-WEU-CHE,2007,WASH_MACH,2,0
C-WEU-CHE,2008,WASH_MACH,1,0.1
C-WEU-CHE,2008,WASH_MACH,2,0
C-WEU-CHE,2009,WASH_MACH,1,0.1
C-WEU-CHE,2009,WASH_MACH,2,0
C-WEU-CHE,2010,WASH_MACH,1,0.1
C-WEU-CHE,2010,WASH_MACH,2,0
C-WEU-CHE,2011,WASH_MACH,1,0.1
C-WEU-CHE,2011,WASH_MACH,2,0
C-WEU-CHE,2012,WASH_MACH,1,0.1
C-WEU-CHE,2012,WASH_MACH,2,0
C-WEU-CHE,2013,WASH_MACH,1,0.1
C-WEU-CHE,2013,WASH_MACH,2,0
C-WEU-CHE,2014,WASH_MACH,1,0.1
C-WEU-CHE,2014,WASH_MACH,2,0
C-WEU-CHE,2015,WASH_MACH,1,0.1
C-WEU-CHE,2015,WASH_MACH,2,0
C-WEU-CHE,2016,WASH_MACH,1,0.1
C-WEU-CHE,2016,WASH_MACH,2,0
C-WEU-CHE,2017,WASH_MACH,1,0.1
C-WEU-CHE,2017,WASH_MACH,2,0
C-WEU-CHE,2018,WASH_MACH,1,0.1
C-WEU-CHE,2018,WASH_MACH,2,0
C-WEU-CHE,2019,WASH_MACH,1,0.1
C-WEU-CHE,2019,WASH_MACH,2,0
C-WEU-CHE,2020,WASH_MACH,1,0.1
C-WEU-CHE,2020,WASH_MACH,2,0
C-WEU-CHE,2021,WASH_MACH,1,0.1
C-WEU-CHE,2021,WASH_MACH,2,0
C-WEU-CHE,2022,WASH_MACH,1,0.1
C-WEU-CHE,2022,WASH_MACH,2,0
C-WEU-CHE,2023,WASH_MACH,1,0.1
C-WEU-CHE,2023,WASH_MACH,2,0
C-WEU-CHE,2024,WASH_MACH,1,0.1
C-WEU-CHE,2024,WASH_MACH,2,0
C-WEU-CHE,2025,WASH_MACH,1,0.1
C-WEU-CHE,2025,WASH_MACH,2,0
C-WEU-CHE,2026,WASH_MACH,1,0.1
C-WEU-CHE,2026,WASH_MACH,2,0
C-WEU-CHE,2027,WASH_MACH,1,0.1
C-WEU-CHE,2027,WASH_MACH,2,0
C-WEU-CHE,2028,WASH_MACH,1,0.1
C-WEU-CHE,2028,WASH_MACH,2,0
C-WEU-CHE,2029,WASH_MACH,1,0.1
C-WEU-CHE,2029,WASH_MACH,2,0
C-WEU-CHE,2030,WASH_MACH,1,0.1
C-WEU-CHE,2030,WASH_MACH,2,0
C-WEU-CHE,2031,WASH_MACH,1,0.1
C-WEU-CHE,2031,WASH_MACH,2,0
C-WEU-CHE,2032,WASH_MACH,1,0.1
C-WEU-CHE,2032,WASH_MACH,2,0
C-WEU-CHE,2033,WASH_MACH,1,0.1
C-WEU-CHE,2033,WASH_MACH,2,0
C-WEU-CHE,2034,WASH_MACH,1,0.1
C-WEU-CHE,2034,WASH_MACH,2,0
C-WEU-CHE,2035,WASH_MACH,1,0.1
C-WEU-CHE,2035,WASH_MACH,2,0
C-WEU-CHE,2036,WASH_MACH,1,0.1
C-WEU-CHE,2036,WASH_MACH,2,0
C-WEU-CHE,2037,WASH_MACH,1,0.1
C-WEU-CHE,2037,WASH_MACH,2,0
C-WEU-CHE,2038,WASH_MACH,1,0.1
C-WEU-CHE,2038,WASH_MACH,2,0
C-WEU-CHE,2039,WASH_MACH,1,0.1
C-WEU-CHE,2039,WASH_MACH,2,0
C-WEU-CHE,2040,WASH_MACH,1,0.1
C-WEU-CHE,2040,WASH_MACH,2,0
C-WEU-CHE,2041,WASH_MACH,1,0.1
C-WEU-CHE,2041,WASH_MACH,2,0
C-WEU-CHE,2042,WASH_MACH,1,0.1
C-WEU-CHE,2042,WASH_MACH,2,0
C-WEU-CHE,2043,WASH_MACH,1,0.1
C-WEU-CHE,2043,WASH_MACH,2,0
C-WEU-CHE,2044,WASH_MACH,1,0.1
C-WEU-CHE,2044,WASH_MACH,2,0
C-WEU-CHE,2045,WASH_MACH,1,0.1
C-WEU-CHE,2045,WASH_MACH,2,0
C-WEU-CHE,2046,WASH_MACH,1,0.1
C-WEU-CHE,2046,WASH_MACH,2,0
C-WEU-CHE,2047,WASH_MACH,1,0.1
C-WEU-CHE,2047,WASH_MACH,2,0
C-WEU-CHE,2048,WASH_MACH,1,0.1
C-WEU-CHE,2048,WASH_MACH,2,0
C-WEU-CHE,2049,WASH_MACH,1,0.1
C-WEU-CHE,2049,WASH_MACH,2,0
C-WEU-CHE,2050,WASH_MACH,1,0.1
C-WEU-CHE,2050,WASH_MACH,2,0
C-WEU-CHE,2051,WASH_MACH,1,0.1
C-WEU-CHE,2051,WASH_MACH,2,0
C-WEU-CHE,2052,WASH_MACH,1,0.1
C-WEU-CHE,2052,WASH_MACH,2,0
C-WEU-CHE,2053,WASH_MACH,1,0.1
C-WEU-CHE,2053,WASH_MACH,2,0
C-WEU-CHE,2054,WASH_MACH,1,0.1
C-WEU-CHE,2054,WASH_MACH,2,0
C-WEU-CHE,2055,WASH_MACH,1,0.1
C-WEU-CHE,2055,WASH_MACH,2,0
C-WEU-CHE,2056,WASH_MACH,1,0.1
C-WEU-CHE,2056,WASH_MACH,2,0
C-WEU-CHE,2057,WASH_MACH,1,0.1
C-WEU-CHE,2057,WASH_MACH,2,0
C-WEU-CHE,2058,WASH_MACH,1,0.1
C-WEU-CHE,2058,WASH_MACH,2,0
C-WEU-CHE,2059,WASH_MACH,1,0.1
C-WEU-CHE,2059,WASH_MACH,2,0
C-WEU-CHE,2060,WASH_MACH,1,0.1
C-WEU-CHE,2060,WASH_MACH,2,0
C-WEU-CHE,2061,WASH_MACH,1,0.1
C-WEU-CHE,2061,WASH_MACH,2,0
C-WEU-CHE,2062,WASH_MACH,1,0.1
C-WEU-CHE,2062,WASH_MACH,2,0
C-WEU-CHE,2063,WASH_MACH,1,0.1
C-WEU-CHE,2063,WASH_MACH,2,0
C-WEU-CHE,2064,WASH_MACH,1,0.1
C-WEU-CHE,2064,WASH_MACH,2,0
C-WEU-CHE,2065,WASH_MACH,1,0.1
C-WEU-CHE,2065,WASH_MACH,2,0
C-WEU-CHE,2066,WASH_MACH,1,0.1
C-WEU-CHE,2066,WASH_MACH,2,0
C-WEU-CHE,2067,WASH_MACH,1,0.1
C-WEU-CHE,2067,WASH_MACH,2,0
C-WEU-CHE,2068,WASH_MACH,1,0.1
C-WEU-CHE,2068,WASH_MACH,2,0
C-WEU-CHE,2069,WASH_MACH,1,0.1
C-WEU-CHE,2069,WASH_MACH,2,0
C-WEU-CHE,2070,WASH_MACH,1,0.1
C-WEU-CHE,2070,WASH_MACH,2,0
C-WEU-CHE,2071,WASH_MACH,1,0.1
C-WEU-CHE,2071,WASH_MACH,2,0
C-WEU-CHE,2072,WASH_MACH,1,0.1
C-WEU-CHE,2072,WASH_MACH,2,0
C-WEU-CHE,2073,WASH_MACH,1,0.1
C-WEU-CHE,2073,WASH_MACH,2,0
C-WEU-CHE,2074,WASH_MACH,1,0.1
C-WEU-CHE,2074,WASH_MACH,2,0
C-WEU-CHE,2075,WASH_MACH,1,0.1
C-WEU-CHE,2075,WASH_MACH,2,0
C-WEU-CHE,2076,WASH_MACH,1,0.1
C-WEU-CHE,2076,WASH_MACH,2,0
C-WEU-CHE,2077,WASH_MACH,1,0.1
C-WEU-CHE,2077,WASH_MACH,2,0
C-WEU-CHE,2078,WASH_MACH,1,0.1
C-WEU-CHE,2078,WASH_MACH,2,0
C-WEU-CHE,2079,WASH_MACH,1,0.1
C-WEU-CHE,2079,WASH_MACH,2,0
C-WEU-CHE,2080,WASH_MACH,1,0.1
C-WEU-CHE,2080,WASH_MACH,2,0
C-WEU-CHE,2081,WASH_MACH,1,0.1
C-WEU-CHE,2081,WASH_MACH,2,0
C-WEU-CHE,2082,WASH_MACH,1,0.1
C-WEU-CHE,2082,WASH_MACH,2,0
C-WEU-CHE,2083,WASH_MACH,1,0.1
C-WEU-CHE,2083,WASH_MACH,2,0
C-WEU-CHE,2084,WASH_MACH,1,0.1
C-WEU-CHE,2084,WASH_MACH,2,0
C-WEU-CHE,2085,WASH_MACH,1,0.1
C-WEU-CHE,2085,WASH_MACH,2,0
C-WEU-CHE,2086,WASH_MACH,1,0.1
C-WEU-CHE,2086,WASH_MACH,2,0
C-WEU-CHE,2087,WASH_MACH,1,0.1
C-WEU-CHE,2087,WASH_MACH,2,0
C-WEU-CHE,2088,WASH_MACH,1,0.1
C-WEU-CHE,2088,WASH_MACH,2,0
C-WEU-CHE,2089,WASH_MACH,1,0.1
C-WEU-CHE,2089,WASH_MACH,2,0
C-WEU-CHE,2090,WASH_MACH,1,0.1
C-WEU-CHE,2090,WASH_MACH,2,0
C-WEU-CHE,2091,WASH_MACH,1,0.1
C-WEU-CHE,2091,WASH_MACH,2,0
C-WEU-CHE,2092,WASH_MACH,1,0.1
C-WEU-CHE,2092,WASH_MACH,2,0
C-WEU-CHE,2093,WASH_MACH,1,0.1
C-WEU-CHE,2093,WASH_MACH,2,0
C-WEU-CHE,2094,WASH_MACH,1,0.1
C-WEU-CHE,2094,WASH_MACH,2,0
C-WEU-CHE,2095,WASH_MACH,1,0.1
C-WEU-CHE,2095,WASH_MACH,2,0
C-WEU-CHE,2096,WASH_MACH,1,0.1
C-WEU-CHE,2096,WASH_MACH,2,0
C-WEU-CHE,2097,WASH_MACH,1,0.1
C-WEU-CHE,2097,WASH_MACH,2,0
C-WEU-CHE,2098,WASH_MACH,1,0.1
C-WEU-CHE,2098,WASH_MACH,2,0
C-WEU-CHE,2099,WASH_MACH,1,0.1
C-WEU-CHE,2099,WASH_MACH,2,0
C-WEU-CHE,2100,WASH_MACH,1,0.1
C-WEU-CHE,2100,WASH_MACH,2,0
C-WEU-CHE,2000,WASH_MACH_COM,1,0.1
C-WEU-CHE,2000,WASH_MACH_COM,2,0
C-WEU-CHE,2001,WASH_MACH_COM,1,0.1
C-WEU-CHE,2001,WASH_MACH_COM,2,0
C-WEU-CHE,2002,WASH_MACH_COM,1,0.1
C-WEU-CHE,2002,WASH_MACH_COM,2,0
C-WEU-CHE,2003,WASH_MACH_COM,1,0.1
C-WEU-CHE,2003,WASH_MACH_COM,2,0
C-WEU-CHE,2004,WASH_MACH_COM,1,0.1
C-WEU-CHE,2004,WASH_MACH_COM,2,0
C-WEU-CHE,2005,WASH_MACH_COM,1,0.1
C-WEU-CHE,2005,WASH_MACH_COM,2,0
C-WEU-CHE,2006,WASH_MACH_COM,1,0.1
C-WEU-CHE,2006,WASH_MACH_COM,2,0
C-WEU-CHE,2007,WASH_MACH_COM,1,0.1
C-WEU-CHE,2007,WASH_MACH_COM,2,0
C-WEU-CHE,2008,WASH_MACH_COM,1,0.1
C-WEU-CHE,2008,WASH_MACH_COM,2,0
C-WEU-CHE,2009,WASH_MACH_COM,1,0.1
C-WEU-CHE,2009,WASH_MACH_COM,2,0
C-WEU-CHE,2010,WASH_MACH_COM,1,0.1
C-WEU-CHE,2010,WASH_MACH_COM,2,0
C-WEU-CHE,2011,WASH_MACH_COM,1,0.1
C-WEU-CHE,2011,WASH_MACH_COM,2,0
C-WEU-CHE,2012,WASH_MACH_COM,1,0.1
C-WEU-CHE,2012,WASH_MACH_COM,2,0
C-WEU-CHE,2013,WASH_MACH_COM,1,0.1
C-WEU-CHE,2013,WASH_MACH_COM,2,0
C-WEU-CHE,2014,WASH_MACH_COM,1,0.1
C-WEU-CHE,2014,WASH_MACH_COM,2,0
C-WEU-CHE,2015,WASH_MACH_COM,1,0.1
C-WEU-CHE,2015,WASH_MACH_COM,2,0
C-WEU-CHE,2016,WASH_MACH_COM,1,0.1
C-WEU-CHE,2016,WASH_MACH_COM,2,0
C-WEU-CHE,2017,WASH_MACH_COM,1,0.1
C-WEU-CHE,2017,WASH_MACH_COM,2,0
C-WEU-CHE,2018,WASH_MACH_COM,1,0.1
C-WEU-CHE,2018,WASH_MACH_COM,2,0
C-WEU-CHE,2019,WASH_MACH_COM,1,0.1
C-WEU-CHE,2019,WASH_MACH_COM,2,0
C-WEU-CHE,2020,WASH_MACH_COM,1,0.1
C-WEU-CHE,2020,WASH_MACH_COM,2,0
C-WEU-CHE,2021,WASH_MACH_COM,1,0.1
C-WEU-CHE,2021,WASH_MACH_COM,2,0
C-WEU-CHE,2022,WASH_MACH_COM,1,0.1
C-WEU-CHE,2022,WASH_MACH_COM,2,0
C-WEU-CHE,2023,WASH_MACH_COM,1,0.1
C-WEU-CHE,2023,WASH_MACH_COM,2,0
C-WEU-CHE,2024,WASH_MACH_COM,1,0.1
C-WEU-CHE,2024,WASH_MACH_COM,2,0
C-WEU-CHE,2025,WASH_MACH_COM,1,0.1
C-WEU-CHE,2025,WASH_MACH_COM,2,0
C-WEU-CHE,2026,WASH_MACH_COM,1,0.1
C-WEU-CHE,2026,WASH_MACH_COM,2,0
C-WEU-CHE,2027,WASH_MACH_COM,1,0.1
C-WEU-CHE,2027,WASH_MACH_COM,2,0
C-WEU-CHE,2028,WASH_MACH_COM,1,0.1
C-WEU-CHE,2028,WASH_MACH_COM,2,0
C-WEU-CHE,2029,WASH_MACH_COM,1,0.1
C-WEU-CHE,2029,WASH_MACH_COM,2,0
C-WEU-CHE,2030,WASH_MACH_COM,1,0.1
C-WEU-CHE,2030,WASH_MACH_COM,2,0
C-WEU-CHE,2031,WASH_MACH_COM,1,0.1
C-WEU-CHE,2031,WASH_MACH_COM,2,0
C-WEU-CHE,2032,WASH_MACH_COM,1,0.1
C-WEU-CHE,2032,WASH_MACH_COM,2,0
C-WEU-CHE,2033,WASH_MACH_COM,1,0.1
C-WEU-CHE,2033,WASH_MACH_COM,2,0
C-WEU-CHE,2034,WASH_MACH_COM,1,0.1
C-WEU-CHE,2034,WASH_MACH_COM,2,0
C-WEU-CHE,2035,WASH_MACH_COM,1,0.1
C-WEU-CHE,2035,WASH_MACH_COM,2,0
C-WEU-CHE,2036,WASH_MACH_COM,1,0.1
C-WEU-CHE,2036,WASH_MACH_COM,2,0
C-WEU-CHE,2037,WASH_MACH_COM,1,0.1
C-WEU-CHE,2037,WASH_MACH_COM,2,0
C-WEU-CHE,2038,WASH_MACH_COM,1,0.1
C-WEU-CHE,2038,WASH_MACH_COM,2,0
C-WEU-CHE,2039,WASH_MACH_COM,1,0.1
C-WEU-CHE,2039,WASH_MACH_COM,2,0
C-WEU-CHE,2040,WASH_MACH_COM,1,0.1
C-WEU-CHE,2040,WASH_MACH_COM,2,0
C-WEU-CHE,2041,WASH_MACH_COM,1,0.1
C-WEU-CHE,2041,WASH_MACH_COM,2,0
C-WEU-CHE,2042,WASH_MACH_COM,1,0.1
C-WEU-CHE,2042,WASH_MACH_COM,2,0
C-WEU-CHE,2043,WASH_MACH_COM,1,0.1
C-WEU-CHE,2043,WASH_MACH_COM,2,0
C-WEU-CHE,2044,WASH_MACH_COM,1,0.1
C-WEU-CHE,2044,WASH_MACH_COM,2,0
C-WEU-CHE,2045,WASH_MACH_COM,1,0.1
C-WEU-CHE,2045,WASH_MACH_COM,2,0
C-WEU-CHE,2046,WASH_MACH_COM,1,0.1
C-WEU-CHE,2046,WASH_MACH_COM,2,0
C-WEU-CHE,2047,WASH_MACH_COM,1,0.1
C-WEU-CHE,2047,WASH_MACH_COM,2,0
C-WEU-CHE,2048,WASH_MACH_COM,1,0.1
C-WEU-CHE,2048,WASH_MACH_COM,2,0
C-WEU-CHE,2049,WASH_MACH_COM,1,0.1
C-WEU-CHE,2049,WASH_MACH_COM,2,0
C-WEU-CHE,2050,WASH_MACH_COM,1,0.1
C-WEU-CHE,2050,WASH_MACH_COM,2,0
C-WEU-CHE,2051,WASH_MACH_COM,1,0.1
C-WEU-CHE,2051,WASH_MACH_COM,2,0
C-WEU-CHE,2052,WASH_MACH_COM,1,0.1
C-WEU-CHE,2052,WASH_MACH_COM,2,0
C-WEU-CHE,2053,WASH_MACH_COM,1,0.1
C-WEU-CHE,2053,WASH_MACH_COM,2,0
C-WEU-CHE,2054,WASH_MACH_COM,1,0.1
C-WEU-CHE,2054,WASH_MACH_COM,2,0
C-WEU-CHE,2055,WASH_MACH_COM,1,0.1
C-WEU-CHE,2055,WASH_MACH_COM,2,0
C-WEU-CHE,2056,WASH_MACH_COM,1,0.1
C-WEU-CHE,2056,WASH_MACH_COM,2,0
C-WEU-CHE,2057,WASH_MACH_COM,1,0.1
C-WEU-CHE,2057,WASH_MACH_COM,2,0
C-WEU-CHE,2058,WASH_MACH_COM,1,0.1
C-WEU-CHE,2058,WASH_MACH_COM,2,0
C-WEU-CHE,2059,WASH_MACH_COM,1,0.1
C-WEU-CHE,2059,WASH_MACH_COM,2,0
C-WEU-CHE,2060,WASH_MACH_COM,1,0.1
C-WEU-CHE,2060,WASH_MACH_COM,2,0
C-WEU-CHE,2061,WASH_MACH_COM,1,0.1
C-WEU-CHE,2061,WASH_MACH_COM,2,0
C-WEU-CHE,2062,WASH_MACH_COM,1,0.1
C-WEU-CHE,2062,WASH_MACH_COM,2,0
C-WEU-CHE,2063,WASH_MACH_COM,1,0.1
C-WEU-CHE,2063,WASH_MACH_COM,2,0
C-WEU-CHE,2064,WASH_MACH_COM,1,0.1
C-WEU-CHE,2064,WASH_MACH_COM,2,0
C-WEU-CHE,2065,WASH_MACH_COM,1,0.1
C-WEU-CHE,2065,WASH_MACH_COM,2,0
C-WEU-CHE,2066,WASH_MACH_COM,1,0.1
C-WEU-CHE,2066,WASH_MACH_COM,2,0
C-WEU-CHE,2067,WASH_MACH_COM,1,0.1
C-WEU-CHE,2067,WASH_MACH_COM,2,0
C-WEU-CHE,2068,WASH_MACH_COM,1,0.1
C-WEU-CHE,2068,WASH_MACH_COM,2,0
C-WEU-CHE,2069,WASH_MACH_COM,1,0.1
C-WEU-CHE,2069,WASH_MACH_COM,2,0
C-WEU-CHE,2070,WASH_MACH_COM,1,0.1
C-WEU-CHE,2070,WASH_MACH_COM,2,0
C-WEU-CHE,2071,WASH_MACH_COM,1,0.1
C-WEU-CHE,2071,WASH_MACH_COM,2,0
C-WEU-CHE,2072,WASH_MACH_COM,1,0.1
C-WEU-CHE,2072,WASH_MACH_COM,2,0
C-WEU-CHE,2073,WASH_MACH_COM,1,0.1
C-WEU-CHE,2073,WASH_MACH_COM,2,0
C-WEU-CHE,2074,WASH_MACH_COM,1,0.1
C-WEU-CHE,2074,WASH_MACH_COM,2,0
C-WEU-CHE,2075,WASH_MACH_COM,1,0.1
C-WEU-CHE,2075,WASH_MACH_COM,2,0
C-WEU-CHE,2076,WASH_MACH_COM,1,0.1
C-WEU-CHE,2076,WASH_MACH_COM,2,0
C-WEU-CHE,2077,WASH_MACH_COM,1,0.1
C-WEU-CHE,2077,WASH_MACH_COM,2,0
C-WEU-CHE,2078,WASH_MACH_COM,1,0.1
C-WEU-CHE,2078,WASH_MACH_COM,2,0
C-WEU-CHE,2079,WASH_MACH_COM,1,0.1
C-WEU-CHE,2079,WASH_MACH_COM,2,0
C-WEU-CHE,2080,WASH_MACH_COM,1,0.1
C-WEU-CHE,2080,WASH_MACH_COM,2,0
C-WEU-CHE,2081,WASH_MACH_COM,1,0.1
C-WEU-CHE,2081,WASH_MACH_COM,2,0
C-WEU-CHE,2082,WASH_MACH_COM,1,0.1
C-WEU-CHE,2082,WASH_MACH_COM,2,0
C-WEU-CHE,2083,WASH_MACH_COM,1,0.1
C-WEU-CHE,2083,WASH_MACH_COM,2,0
C-WEU-CHE,2084,WASH_MACH_COM,1,0.1
C-WEU-CHE,2084,WASH_MACH_COM,2,0
C-WEU-CHE,2085,WASH_MACH_COM,1,0.1
C-WEU-CHE,2085,WASH_MACH_COM,2,0
C-WEU-CHE,2086,WASH_MACH_COM,1,0.1
C-WEU-CHE,2086,WASH_MACH_COM,2,0
C-WEU-CHE,2087,WASH_MACH_COM,1,0.1
C-WEU-CHE,2087,WASH_MACH_COM,2,0
C-WEU-CHE,2088,WASH_MACH_COM,1,0.1
C-WEU-CHE,2088,WASH_MACH_COM,2,0
C-WEU-CHE,2089,WASH_MACH_COM,1,0.1
C-WEU-CHE,2089,WASH_MACH_COM,2,0
C-WEU-CHE,2090,WASH_MACH_COM,1,0.1
C-WEU-CHE,2090,WASH_MACH_COM,2,0
C-WEU-CHE,2091,WASH_MACH_COM,1,0.1
C-WEU-CHE,2091,WASH_MACH_COM,2,0
C-WEU-CHE,2092,WASH_MACH_COM,1,0.1
C-WEU-CHE,2092,WASH_MACH_COM,2,0
C-WEU-CHE,2093,WASH_MACH_COM,1,0.1
C-WEU-CHE,2093,WASH_MACH_COM,2,0
C-WEU-CHE,2094,WASH_MACH_COM,1,0.1
C-WEU-CHE,2094,WASH_MACH_COM,2,0
C-WEU-CHE,2095,WASH_MACH_COM,1,0.1
C-WEU-CHE,2095,WASH_MACH_COM,2,0
C-WEU-CHE,2096,WASH_MACH_COM,1,0.1
C-WEU-CHE,2096,WASH_MACH_COM,2,0
C-WEU-CHE,2097,WASH_MACH_COM,1,0.1
C-WEU-CHE,2097,WASH_MACH_COM,2,0
C-WEU-CHE,2098,WASH_MACH_COM,1,0.1
C-WEU-CHE,2098,WASH_MACH_COM,2,0
C-WEU-CHE,2099,WASH_MACH_COM,1,0.1
C-WEU-CHE,2099,WASH_MACH_COM,2,0
C-WEU-CHE,2100,WASH_MACH_COM,1,0.1
C-WEU-CHE,2100,WASH_MACH_COM,2,0
C-WEU-CYP,2000,WASH_MACH,1,0.03
C-WEU-CYP,2000,WASH_MACH,2,0
C-WEU-CYP,2001,WASH_MACH,1,0.03
C-WEU-CYP,2001,WASH_MACH,2,0
C-WEU-CYP,2002,WASH_MACH,1,0.03
C-WEU-CYP,2002,WASH_MACH,2,0
C-WEU-CYP,2003,WASH_MACH,1,0.03
C-WEU-CYP,2003,WASH_MACH,2,0
C-WEU-CYP,2004,WASH_MACH,1,0.03
C-WEU-CYP,2004,WASH_MACH,2,0
C-WEU-CYP,2005,WASH_MACH,1,0.03
C-WEU-CYP,2005,WASH_MACH,2,0
C-WEU-CYP,2006,WASH_MACH,1,0.03
C-WEU-CYP,2006,WASH_MACH,2,0
C-WEU-CYP,2007,WASH_MACH,1,0.03
C-WEU-CYP,2007,WASH_MACH,2,0
C-WEU-CYP,2008,WASH_MACH,1,0.03
C-WEU-CYP,2008,WASH_MACH,2,0
C-WEU-CYP,2009,WASH_MACH,1,0.03
C-WEU-CYP,2009,WASH_MACH,2,0
C-WEU-CYP,2010,WASH_MACH,1,0.03
C-WEU-CYP,2010,WASH_MACH,2,0
C-WEU-CYP,2011,WASH_MACH,1,0.03
C-WEU-CYP,2011,WASH_MACH,2,0
C-WEU-CYP,2012,WASH_MACH,1,0.03
C-WEU-CYP,2012,WASH_MACH,2,0
C-WEU-CYP,2013,WASH_MACH,1,0.03
C-WEU-CYP,2013,WASH_MACH,2,0
C-WEU-CYP,2014,WASH_MACH,1,0.03
C-WEU-CYP,2014,WASH_MACH,2,0
C-WEU-CYP,2015,WASH_MACH,1,0.03
C-WEU-CYP,2015,WASH_MACH,2,0
C-WEU-CYP,2016,WASH_MACH,1,0.03
C-WEU-CYP,2016,WASH_MACH,2,0
C-WEU-CYP,2017,WASH_MACH,1,0.03
C-WEU-CYP,2017,WASH_MACH,2,0
C-WEU-CYP,2018,WASH_MACH,1,0.03
C-WEU-CYP,2018,WASH_MACH,2,0
C-WEU-CYP,2019,WASH_MACH,1,0.03
C-WEU-CYP,2019,WASH_MACH,2,0
C-WEU-CYP,2020,WASH_MACH,1,0.03
C-WEU-CYP,2020,WASH_MACH,2,0
C-WEU-CYP,2021,WASH_MACH,1,0.03
C-WEU-CYP,2021,WASH_MACH,2,0
C-WEU-CYP,2022,WASH_MACH,1,0.03
C-WEU-CYP,2022,WASH_MACH,2,0
C-WEU-CYP,2023,WASH_MACH,1,0.03
C-WEU-CYP,2023,WASH_MACH,2,0
C-WEU-CYP,2024,WASH_MACH,1,0.03
C-WEU-CYP,2024,WASH_MACH,2,0
C-WEU-CYP,2025,WASH_MACH,1,0.03
C-WEU-CYP,2025,WASH_MACH,2,0
C-WEU-CYP,2026,WASH_MACH,1,0.03
C-WEU-CYP,2026,WASH_MACH,2,0
C-WEU-CYP,2027,WASH_MACH,1,0.03
C-WEU-CYP,2027,WASH_MACH,2,0
C-WEU-CYP,2028,WASH_MACH,1,0.03
C-WEU-CYP,2028,WASH_MACH,2,0
C-WEU-CYP,2029,WASH_MACH,1,0.03
C-WEU-CYP,2029,WASH_MACH,2,0
C-WEU-CYP,2030,WASH_MACH,1,0.1
C-WEU-CYP,2030,WASH_MACH,2,0
C-WEU-CYP,2031,WASH_MACH,1,0.1
C-WEU-CYP,2031,WASH_MACH,2,0
C-WEU-CYP,2032,WASH_MACH,1,0.1
C-WEU-CYP,2032,WASH_MACH,2,0
C-WEU-CYP,2033,WASH_MACH,1,0.1
C-WEU-CYP,2033,WASH_MACH,2,0
C-WEU-CYP,2034,WASH_MACH,1,0.1
C-WEU-CYP,2034,WASH_MACH,2,0
C-WEU-CYP,2035,WASH_MACH,1,0.1
C-WEU-CYP,2035,WASH_MACH,2,0
C-WEU-CYP,2036,WASH_MACH,1,0.1
C-WEU-CYP,2036,WASH_MACH,2,0
C-WEU-CYP,2037,WASH_MACH,1,0.1
C-WEU-CYP,2037,WASH_MACH,2,0
C-WEU-CYP,2038,WASH_MACH,1,0.1
C-WEU-CYP,2038,WASH_MACH,2,0
C-WEU-CYP,2039,WASH_MACH,1,0.1
C-WEU-CYP,2039,WASH_MACH,2,0
C-WEU-CYP,2040,WASH_MACH,1,0.1
C-WEU-CYP,2040,WASH_MACH,2,0
C-WEU-CYP,2041,WASH_MACH,1,0.1
C-WEU-CYP,2041,WASH_MACH,2,0
C-WEU-CYP,2042,WASH_MACH,1,0.1
C-WEU-CYP,2042,WASH_MACH,2,0
C-WEU-CYP,2043,WASH_MACH,1,0.1
C-WEU-CYP,2043,WASH_MACH,2,0
C-WEU-CYP,2044,WASH_MACH,1,0.1
C-WEU-CYP,2044,WASH_MACH,2,0
C-WEU-CYP,2045,WASH_MACH,1,0.1
C-WEU-CYP,2045,WASH_MACH,2,0
C-WEU-CYP,2046,WASH_MACH,1,0.1
C-WEU-CYP,2046,WASH_MACH,2,0
C-WEU-CYP,2047,WASH_MACH,1,0.1
C-WEU-CYP,2047,WASH_MACH,2,0
C-WEU-CYP,2048,WASH_MACH,1,0.1
C-WEU-CYP,2048,WASH_MACH,2,0
C-WEU-CYP,2049,WASH_MACH,1,0.1
C-WEU-CYP,2049,WASH_MACH,2,0
C-WEU-CYP,2050,WASH_MACH,1,0.1
C-WEU-CYP,2050,WASH_MACH,2,0
C-WEU-CYP,2051,WASH_MACH,1,0.1
C-WEU-CYP,2051,WASH_MACH,2,0
C-WEU-CYP,2052,WASH_MACH,1,0.1
C-WEU-CYP,2052,WASH_MACH,2,0
C-WEU-CYP,2053,WASH_MACH,1,0.1
C-WEU-CYP,2053,WASH_MACH,2,0
C-WEU-CYP,2054,WASH_MACH,1,0.1
C-WEU-CYP,2054,WASH_MACH,2,0
C-WEU-CYP,2055,WASH_MACH,1,0.1
C-WEU-CYP,2055,WASH_MACH,2,0
C-WEU-CYP,2056,WASH_MACH,1,0.1
C-WEU-CYP,2056,WASH_MACH,2,0
C-WEU-CYP,2057,WASH_MACH,1,0.1
C-WEU-CYP,2057,WASH_MACH,2,0
C-WEU-CYP,2058,WASH_MACH,1,0.1
C-WEU-CYP,2058,WASH_MACH,2,0
C-WEU-CYP,2059,WASH_MACH,1,0.1
C-WEU-CYP,2059,WASH_MACH,2,0
C-WEU-CYP,2060,WASH_MACH,1,0.1
C-WEU-CYP,2060,WASH_MACH,2,0
C-WEU-CYP,2061,WASH_MACH,1,0.1
C-WEU-CYP,2061,WASH_MACH,2,0
C-WEU-CYP,2062,WASH_MACH,1,0.1
C-WEU-CYP,2062,WASH_MACH,2,0
C-WEU-CYP,2063,WASH_MACH,1,0.1
C-WEU-CYP,2063,WASH_MACH,2,0
C-WEU-CYP,2064,WASH_MACH,1,0.1
C-WEU-CYP,2064,WASH_MACH,2,0
C-WEU-CYP,2065,WASH_MACH,1,0.1
C-WEU-CYP,2065,WASH_MACH,2,0
C-WEU-CYP,2066,WASH_MACH,1,0.1
C-WEU-CYP,2066,WASH_MACH,2,0
C-WEU-CYP,2067,WASH_MACH,1,0.1
C-WEU-CYP,2067,WASH_MACH,2,0
C-WEU-CYP,2068,WASH_MACH,1,0.1
C-WEU-CYP,2068,WASH_MACH,2,0
C-WEU-CYP,2069,WASH_MACH,1,0.1
C-WEU-CYP,2069,WASH_MACH,2,0
C-WEU-CYP,2070,WASH_MACH,1,0.1
C-WEU-CYP,2070,WASH_MACH,2,0
C-WEU-CYP,2071,WASH_MACH,1,0.1
C-WEU-CYP,2071,WASH_MACH,2,0
C-WEU-CYP,2072,WASH_MACH,1,0.1
C-WEU-CYP,2072,WASH_MACH,2,0
C-WEU-CYP,2073,WASH_MACH,1,0.1
C-WEU-CYP,2073,WASH_MACH,2,0
C-WEU-CYP,2074,WASH_MACH,1,0.1
C-WEU-CYP,2074,WASH_MACH,2,0
C-WEU-CYP,2075,WASH_MACH,1,0.1
C-WEU-CYP,2075,WASH_MACH,2,0
C-WEU-CYP,2076,WASH_MACH,1,0.1
C-WEU-CYP,2076,WASH_MACH,2,0
C-WEU-CYP,2077,WASH_MACH,1,0.1
C-WEU-CYP,2077,WASH_MACH,2,0
C-WEU-CYP,2078,WASH_MACH,1,0.1
C-WEU-CYP,2078,WASH_MACH,2,0
C-WEU-CYP,2079,WASH_MACH,1,0.1
C-WEU-CYP,2079,WASH_MACH,2,0
C-WEU-CYP,2080,WASH_MACH,1,0.1
C-WEU-CYP,2080,WASH_MACH,2,0
C-WEU-CYP,2081,WASH_MACH,1,0.1
C-WEU-CYP,2081,WASH_MACH,2,0
C-WEU-CYP,2082,WASH_MACH,1,0.1
C-WEU-CYP,2082,WASH_MACH,2,0
C-WEU-CYP,2083,WASH_MACH,1,0.1
C-WEU-CYP,2083,WASH_MACH,2,0
C-WEU-CYP,2084,WASH_MACH,1,0.1
C-WEU-CYP,2084,WASH_MACH,2,0
C-WEU-CYP,2085,WASH_MACH,1,0.1
C-WEU-CYP,2085,WASH_MACH,2,0
C-WEU-CYP,2086,WASH_MACH,1,0.1
C-WEU-CYP,2086,WASH_MACH,2,0
C-WEU-CYP,2087,WASH_MACH,1,0.1
C-WEU-CYP,2087,WASH_MACH,2,0
C-WEU-CYP,2088,WASH_MACH,1,0.1
C-WEU-CYP,2088,WASH_MACH,2,0
C-WEU-CYP,2089,WASH_MACH,1,0.1
C-WEU-CYP,2089,WASH_MACH,2,0
C-WEU-CYP,2090,WASH_MACH,1,0.1
C-WEU-CYP,2090,WASH_MACH,2,0
C-WEU-CYP,2091,WASH_MACH,1,0.1
C-WEU-CYP,2091,WASH_MACH,2,0
C-WEU-CYP,2092,WASH_MACH,1,0.1
C-WEU-CYP,2092,WASH_MACH,2,0
C-WEU-CYP,2093,WASH_MACH,1,0.1
C-WEU-CYP,2093,WASH_MACH,2,0
C-WEU-CYP,2094,WASH_MACH,1,0.1
C-WEU-CYP,2094,WASH_MACH,2,0
C-WEU-CYP,2095,WASH_MACH,1,0.1
C-WEU-CYP,2095,WASH_MACH,2,0
C-WEU-CYP,2096,WASH_MACH,1,0.1
C-WEU-CYP,2096,WASH_MACH,2,0
C-WEU-CYP,2097,WASH_MACH,1,0.1
C-WEU-CYP,2097,WASH_MACH,2,0
C-WEU-CYP,2098,WASH_MACH,1,0.1
C-WEU-CYP,2098,WASH_MACH,2,0
C-WEU-CYP,2099,WASH_MACH,1,0.1
C-WEU-CYP,2099,WASH_MACH,2,0
C-WEU-CYP,2100,WASH_MACH,1,0.1
C-WEU-CYP,2100,WASH_MACH,2,0
C-WEU-CYP,2000,WASH_MACH_COM,1,0.03
C-WEU-CYP,2000,WASH_MACH_COM,2,0
C-WEU-CYP,2001,WASH_MACH_COM,1,0.03
C-WEU-CYP,2001,WASH_MACH_COM,2,0
C-WEU-CYP,2002,WASH_MACH_COM,1,0.03
C-WEU-CYP,2002,WASH_MACH_COM,2,0
C-WEU-CYP,2003,WASH_MACH_COM,1,0.03
C-WEU-CYP,2003,WASH_MACH_COM,2,0
C-WEU-CYP,2004,WASH_MACH_COM,1,0.03
C-WEU-CYP,2004,WASH_MACH_COM,2,0
C-WEU-CYP,2005,WASH_MACH_COM,1,0.03
C-WEU-CYP,2005,WASH_MACH_COM,2,0
C-WEU-CYP,2006,WASH_MACH_COM,1,0.03
C-WEU-CYP,2006,WASH_MACH_COM,2,0
C-WEU-CYP,2007,WASH_MACH_COM,1,0.03
C-WEU-CYP,2007,WASH_MACH_COM,2,0
C-WEU-CYP,2008,WASH_MACH_COM,1,0.03
C-WEU-CYP,2008,WASH_MACH_COM,2,0
C-WEU-CYP,2009,WASH_MACH_COM,1,0.03
C-WEU-CYP,2009,WASH_MACH_COM,2,0
C-WEU-CYP,2010,WASH_MACH_COM,1,0.03
C-WEU-CYP,2010,WASH_MACH_COM,2,0
C-WEU-CYP,2011,WASH_MACH_COM,1,0.03
C-WEU-CYP,2011,WASH_MACH_COM,2,0
C-WEU-CYP,2012,WASH_MACH_COM,1,0.03
C-WEU-CYP,2012,WASH_MACH_COM,2,0
C-WEU-CYP,2013,WASH_MACH_COM,1,0.03
C-WEU-CYP,2013,WASH_MACH_COM,2,0
C-WEU-CYP,2014,WASH_MACH_COM,1,0.03
C-WEU-CYP,2014,WASH_MACH_COM,2,0
C-WEU-CYP,2015,WASH_MACH_COM,1,0.03
C-WEU-CYP,2015,WASH_MACH_COM,2,0
C-WEU-CYP,2016,WASH_MACH_COM,1,0.03
C-WEU-CYP,2016,WASH_MACH_COM,2,0
C-WEU-CYP,2017,WASH_MACH_COM,1,0.03
C-WEU-CYP,2017,WASH_MACH_COM,2,0
C-WEU-CYP,2018,WASH_MACH_COM,1,0.03
C-WEU-CYP,2018,WASH_MACH_COM,2,0
C-WEU-CYP,2019,WASH_MACH_COM,1,0.03
C-WEU-CYP,2019,WASH_MACH_COM,2,0
C-WEU-CYP,2020,WASH_MACH_COM,1,0.03
C-WEU-CYP,2020,WASH_MACH_COM,2,0
C-WEU-CYP,2021,WASH_MACH_COM,1,0.03
C-WEU-CYP,2021,WASH_MACH_COM,2,0
C-WEU-CYP,2022,WASH_MACH_COM,1,0.03
C-WEU-CYP,2022,WASH_MACH_COM,2,0
C-WEU-CYP,2023,WASH_MACH_COM,1,0.03
C-WEU-CYP,2023,WASH_MACH_COM,2,0
C-WEU-CYP,2024,WASH_MACH_COM,1,0.03
C-WEU-CYP,2024,WASH_MACH_COM,2,0
C-WEU-CYP,2025,WASH_MACH_COM,1,0.03
C-WEU-CYP,2025,WASH_MACH_COM,2,0
C-WEU-CYP,2026,WASH_MACH_COM,1,0.03
C-WEU-CYP,2026,WASH_MACH_COM,2,0
C-WEU-CYP,2027,WASH_MACH_COM,1,0.03
C-WEU-CYP,2027,WASH_MACH_COM,2,0
C-WEU-CYP,2028,WASH_MACH_COM,1,0.03
C-WEU-CYP,2028,WASH_MACH_COM,2,0
C-WEU-CYP,2029,WASH_MACH_COM,1,0.03
C-WEU-CYP,2029,WASH_MACH_COM,2,0
C-WEU-CYP,2030,WASH_MACH_COM,1,0.1
C-WEU-CYP,2030,WASH_MACH_COM,2,0
C-WEU-CYP,2031,WASH_MACH_COM,1,0.1
C-WEU-CYP,2031,WASH_MACH_COM,2,0
C-WEU-CYP,2032,WASH_MACH_COM,1,0.1
C-WEU-CYP,2032,WASH_MACH_COM,2,0
C-WEU-CYP,2033,WASH_MACH_COM,1,0.1
C-WEU-CYP,2033,WASH_MACH_COM,2,0
C-WEU-CYP,2034,WASH_MACH_COM,1,0.1
C-WEU-CYP,2034,WASH_MACH_COM,2,0
C-WEU-CYP,2035,WASH_MACH_COM,1,0.1
C-WEU-CYP,2035,WASH_MACH_COM,2,0
C-WEU-CYP,2036,WASH_MACH_COM,1,0.1
C-WEU-CYP,2036,WASH_MACH_COM,2,0
C-WEU-CYP,2037,WASH_MACH_COM,1,0.1
C-WEU-CYP,2037,WASH_MACH_COM,2,0
C-WEU-CYP,2038,WASH_MACH_COM,1,0.1
C-WEU-CYP,2038,WASH_MACH_COM,2,0
C-WEU-CYP,2039,WASH_MACH_COM,1,0.1
C-WEU-CYP,2039,WASH_MACH_COM,2,0
C-WEU-CYP,2040,WASH_MACH_COM,1,0.1
C-WEU-CYP,2040,WASH_MACH_COM,2,0
C-WEU-CYP,2041,WASH_MACH_COM,1,0.1
C-WEU-CYP,2041,WASH_MACH_COM,2,0
C-WEU-CYP,2042,WASH_MACH_COM,1,0.1
C-WEU-CYP,2042,WASH_MACH_COM,2,0
C-WEU-CYP,2043,WASH_MACH_COM,1,0.1
C-WEU-CYP,2043,WASH_MACH_COM,2,0
C-WEU-CYP,2044,WASH_MACH_COM,1,0.1
C-WEU-CYP,2044,WASH_MACH_COM,2,0
C-WEU-CYP,2045,WASH_MACH_COM,1,0.1
C-WEU-CYP,2045,WASH_MACH_COM,2,0
C-WEU-CYP,2046,WASH_MACH_COM,1,0.1
C-WEU-CYP,2046,WASH_MACH_COM,2,0
C-WEU-CYP,2047,WASH_MACH_COM,1,0.1
C-WEU-CYP,2047,WASH_MACH_COM,2,0
C-WEU-CYP,2048,WASH_MACH_COM,1,0.1
C-WEU-CYP,2048,WASH_MACH_COM,2,0
C-WEU-CYP,2049,WASH_MACH_COM,1,0.1
C-WEU-CYP,2049,WASH_MACH_COM,2,0
C-WEU-CYP,2050,WASH_MACH_COM,1,0.1
C-WEU-CYP,2050,WASH_MACH_COM,2,0
C-WEU-CYP,2051,WASH_MACH_COM,1,0.1
C-WEU-CYP,2051,WASH_MACH_COM,2,0
C-WEU-CYP,2052,WASH_MACH_COM,1,0.1
C-WEU-CYP,2052,WASH_MACH_COM,2,0
C-WEU-CYP,2053,WASH_MACH_COM,1,0.1
C-WEU-CYP,2053,WASH_MACH_COM,2,0
C-WEU-CYP,2054,WASH_MACH_COM,1,0.1
C-WEU-CYP,2054,WASH_MACH_COM,2,0
C-WEU-CYP,2055,WASH_MACH_COM,1,0.1
C-WEU-CYP,2055,WASH_MACH_COM,2,0
C-WEU-CYP,2056,WASH_MACH_COM,1,0.1
C-WEU-CYP,2056,WASH_MACH_COM,2,0
C-WEU-CYP,2057,WASH_MACH_COM,1,0.1
C-WEU-CYP,2057,WASH_MACH_COM,2,0
C-WEU-CYP,2058,WASH_MACH_COM,1,0.1
C-WEU-CYP,2058,WASH_MACH_COM,2,0
C-WEU-CYP,2059,WASH_MACH_COM,1,0.1
C-WEU-CYP,2059,WASH_MACH_COM,2,0
C-WEU-CYP,2060,WASH_MACH_COM,1,0.1
C-WEU-CYP,2060,WASH_MACH_COM,2,0
C-WEU-CYP,2061,WASH_MACH_COM,1,0.1
C-WEU-CYP,2061,WASH_MACH_COM,2,0
C-WEU-CYP,2062,WASH_MACH_COM,1,0.1
C-WEU-CYP,2062,WASH_MACH_COM,2,0
C-WEU-CYP,2063,WASH_MACH_COM,1,0.1
C-WEU-CYP,2063,WASH_MACH_COM,2,0
C-WEU-CYP,2064,WASH_MACH_COM,1,0.1
C-WEU-CYP,2064,WASH_MACH_COM,2,0
C-WEU-CYP,2065,WASH_MACH_COM,1,0.1
C-WEU-CYP,2065,WASH_MACH_COM,2,0
C-WEU-CYP,2066,WASH_MACH_COM,1,0.1
C-WEU-CYP,2066,WASH_MACH_COM,2,0
C-WEU-CYP,2067,WASH_MACH_COM,1,0.1
C-WEU-CYP,2067,WASH_MACH_COM,2,0
C-WEU-CYP,2068,WASH_MACH_COM,1,0.1
C-WEU-CYP,2068,WASH_MACH_COM,2,0
C-WEU-CYP,2069,WASH_MACH_COM,1,0.1
C-WEU-CYP,2069,WASH_MACH_COM,2,0
C-WEU-CYP,2070,WASH_MACH_COM,1,0.1
C-WEU-CYP,2070,WASH_MACH_COM,2,0
C-WEU-CYP,2071,WASH_MACH_COM,1,0.1
C-WEU-CYP,2071,WASH_MACH_COM,2,0
C-WEU-CYP,2072,WASH_MACH_COM,1,0.1
C-WEU-CYP,2072,WASH_MACH_COM,2,0
C-WEU-CYP,2073,WASH_MACH_COM,1,0.1
C-WEU-CYP,2073,WASH_MACH_COM,2,0
C-WEU-CYP,2074,WASH_MACH_COM,1,0.1
C-WEU-CYP,2074,WASH_MACH_COM,2,0
C-WEU-CYP,2075,WASH_MACH_COM,1,0.1
C-WEU-CYP,2075,WASH_MACH_COM,2,0
C-WEU-CYP,2076,WASH_MACH_COM,1,0.1
C-WEU-CYP,2076,WASH_MACH_COM,2,0
C-WEU-CYP,2077,WASH_MACH_COM,1,0.1
C-WEU-CYP,2077,WASH_MACH_COM,2,0
C-WEU-CYP,2078,WASH_MACH_COM,1,0.1
C-WEU-CYP,2078,WASH_MACH_COM,2,0
C-WEU-CYP,2079,WASH_MACH_COM,1,0.1
C-WEU-CYP,2079,WASH_MACH_COM,2,0
C-WEU-CYP,2080,WASH_MACH_COM,1,0.1
C-WEU-CYP,2080,WASH_MACH_COM,2,0
C-WEU-CYP,2081,WASH_MACH_COM,1,0.1
C-WEU-CYP,2081,WASH_MACH_COM,2,0
C-WEU-CYP,2082,WASH_MACH_COM,1,0.1
C-WEU-CYP,2082,WASH_MACH_COM,2,0
C-WEU-CYP,2083,WASH_MACH_COM,1,0.1
C-WEU-CYP,2083,WASH_MACH_COM,2,0
C-WEU-CYP,2084,WASH_MACH_COM,1,0.1
C-WEU-CYP,2084,WASH_MACH_COM,2,0
C-WEU-CYP,2085,WASH_MACH_COM,1,0.1
C-WEU-CYP,2085,WASH_MACH_COM,2,0
C-WEU-CYP,2086,WASH_MACH_COM,1,0.1
C-WEU-CYP,2086,WASH_MACH_COM,2,0
C-WEU-CYP,2087,WASH_MACH_COM,1,0.1
C-WEU-CYP,2087,WASH_MACH_COM,2,0
C-WEU-CYP,2088,WASH_MACH_COM,1,0.1
C-WEU-CYP,2088,WASH_MACH_COM,2,0
C-WEU-CYP,2089,WASH_MACH_COM,1,0.1
C-WEU-CYP,2089,WASH_MACH_COM,2,0
C-WEU-CYP,2090,WASH_MACH_COM,1,0.1
C-WEU-CYP,2090,WASH_MACH_COM,2,0
C-WEU-CYP,2091,WASH_MACH_COM,1,0.1
C-WEU-CYP,2091,WASH_MACH_COM,2,0
C-WEU-CYP,2092,WASH_MACH_COM,1,0.1
C-WEU-CYP,2092,WASH_MACH_COM,2,0
C-WEU-CYP,2093,WASH_MACH_COM,1,0.1
C-WEU-CYP,2093,WASH_MACH_COM,2,0
C-WEU-CYP,2094,WASH_MACH_COM,1,0.1
C-WEU-CYP,2094,WASH_MACH_COM,2,0
C-WEU-CYP,2095,WASH_MACH_COM,1,0.1
C-WEU-CYP,2095,WASH_MACH_COM,2,0
C-WEU-CYP,2096,WASH_MACH_COM,1,0.1
C-WEU-CYP,2096,WASH_MACH_COM,2,0
C-WEU-CYP,2097,WASH_MACH_COM,1,0.1
C-WEU-CYP,2097,WASH_MACH_COM,2,0
C-WEU-CYP,2098,WASH_MACH_COM,1,0.1
C-WEU-CYP,2098,WASH_MACH_COM,2,0
C-WEU-CYP,2099,WASH_MACH_COM,1,0.1
C-WEU-CYP,2099,WASH_MACH_COM,2,0
C-WEU-CYP,2100,WASH_MACH_COM,1,0.1
C-WEU-CYP,2100,WASH_MACH_COM,2,0
C-WEU-DEU,2000,WASH_MACH,1,0.03
C-WEU-DEU,2000,WASH_MACH,2,0
C-WEU-DEU,2001,WASH_MACH,1,0.03
C-WEU-DEU,2001,WASH_MACH,2,0
C-WEU-DEU,2002,WASH_MACH,1,0.03
C-WEU-DEU,2002,WASH_MACH,2,0
C-WEU-DEU,2003,WASH_MACH,1,0.03
C-WEU-DEU,2003,WASH_MACH,2,0
C-WEU-DEU,2004,WASH_MACH,1,0.03
C-WEU-DEU,2004,WASH_MACH,2,0
C-WEU-DEU,2005,WASH_MACH,1,0.03
C-WEU-DEU,2005,WASH_MACH,2,0
C-WEU-DEU,2006,WASH_MACH,1,0.03
C-WEU-DEU,2006,WASH_MACH,2,0
C-WEU-DEU,2007,WASH_MACH,1,0.03
C-WEU-DEU,2007,WASH_MACH,2,0
C-WEU-DEU,2008,WASH_MACH,1,0.03
C-WEU-DEU,2008,WASH_MACH,2,0
C-WEU-DEU,2009,WASH_MACH,1,0.03
C-WEU-DEU,2009,WASH_MACH,2,0
C-WEU-DEU,2010,WASH_MACH,1,0.03
C-WEU-DEU,2010,WASH_MACH,2,0
C-WEU-DEU,2011,WASH_MACH,1,0.03
C-WEU-DEU,2011,WASH_MACH,2,0
C-WEU-DEU,2012,WASH_MACH,1,0.03
C-WEU-DEU,2012,WASH_MACH,2,0
C-WEU-DEU,2013,WASH_MACH,1,0.03
C-WEU-DEU,2013,WASH_MACH,2,0
C-WEU-DEU,2014,WASH_MACH,1,0.03
C-WEU-DEU,2014,WASH_MACH,2,0
C-WEU-DEU,2015,WASH_MACH,1,0.03
C-WEU-DEU,2015,WASH_MACH,2,0
C-WEU-DEU,2016,WASH_MACH,1,0.03
C-WEU-DEU,2016,WASH_MACH,2,0
C-WEU-DEU,2017,WASH_MACH,1,0.03
C-WEU-DEU,2017,WASH_MACH,2,0
C-WEU-DEU,2018,WASH_MACH,1,0.03
C-WEU-DEU,2018,WASH_MACH,2,0
C-WEU-DEU,2019,WASH_MACH,1,0.03
C-WEU-DEU,2019,WASH_MACH,2,0
C-WEU-DEU,2020,WASH_MACH,1,0.03
C-WEU-DEU,2020,WASH_MACH,2,0
C-WEU-DEU,2021,WASH_MACH,1,0.03
C-WEU-DEU,2021,WASH_MACH,2,0
C-WEU-DEU,2022,WASH_MACH,1,0.03
C-WEU-DEU,2022,WASH_MACH,2,0
C-WEU-DEU,2023,WASH_MACH,1,0.03
C-WEU-DEU,2023,WASH_MACH,2,0
C-WEU-DEU,2024,WASH_MACH,1,0.03
C-WEU-DEU,2024,WASH_MACH,2,0
C-WEU-DEU,2025,WASH_MACH,1,0.03
C-WEU-DEU,2025,WASH_MACH,2,0
C-WEU-DEU,2026,WASH_MACH,1,0.03
C-WEU-DEU,2026,WASH_MACH,2,0
C-WEU-DEU,2027,WASH_MACH,1,0.03
C-WEU-DEU,2027,WASH_MACH,2,0
C-WEU-DEU,2028,WASH_MACH,1,0.03
C-WEU-DEU,2028,WASH_MACH,2,0
C-WEU-DEU,2029,WASH_MACH,1,0.03
C-WEU-DEU,2029,WASH_MACH,2,0
C-WEU-DEU,2030,WASH_MACH,1,0.1
C-WEU-DEU,2030,WASH_MACH,2,0
C-WEU-DEU,2031,WASH_MACH,1,0.1
C-WEU-DEU,2031,WASH_MACH,2,0
C-WEU-DEU,2032,WASH_MACH,1,0.1
C-WEU-DEU,2032,WASH_MACH,2,0
C-WEU-DEU,2033,WASH_MACH,1,0.1
C-WEU-DEU,2033,WASH_MACH,2,0
C-WEU-DEU,2034,WASH_MACH,1,0.1
C-WEU-DEU,2034,WASH_MACH,2,0
C-WEU-DEU,2035,WASH_MACH,1,0.1
C-WEU-DEU,2035,WASH_MACH,2,0
C-WEU-DEU,2036,WASH_MACH,1,0.1
C-WEU-DEU,2036,WASH_MACH,2,0
C-WEU-DEU,2037,WASH_MACH,1,0.1
C-WEU-DEU,2037,WASH_MACH,2,0
C-WEU-DEU,2038,WASH_MACH,1,0.1
C-WEU-DEU,2038,WASH_MACH,2,0
C-WEU-DEU,2039,WASH_MACH,1,0.1
C-WEU-DEU,2039,WASH_MACH,2,0
C-WEU-DEU,2040,WASH_MACH,1,0.1
C-WEU-DEU,2040,WASH_MACH,2,0
C-WEU-DEU,2041,WASH_MACH,1,0.1
C-WEU-DEU,2041,WASH_MACH,2,0
C-WEU-DEU,2042,WASH_MACH,1,0.1
C-WEU-DEU,2042,WASH_MACH,2,0
C-WEU-DEU,2043,WASH_MACH,1,0.1
C-WEU-DEU,2043,WASH_MACH,2,0
C-WEU-DEU,2044,WASH_MACH,1,0.1
C-WEU-DEU,2044,WASH_MACH,2,0
C-WEU-DEU,2045,WASH_MACH,1,0.1
C-WEU-DEU,2045,WASH_MACH,2,0
C-WEU-DEU,2046,WASH_MACH,1,0.1
C-WEU-DEU,2046,WASH_MACH,2,0
C-WEU-DEU,2047,WASH_MACH,1,0.1
C-WEU-DEU,2047,WASH_MACH,2,0
C-WEU-DEU,2048,WASH_MACH,1,0.1
C-WEU-DEU,2048,WASH_MACH,2,0
C-WEU-DEU,2049,WASH_MACH,1,0.1
C-WEU-DEU,2049,WASH_MACH,2,0
C-WEU-DEU,2050,WASH_MACH,1,0.1
C-WEU-DEU,2050,WASH_MACH,2,0
C-WEU-DEU,2051,WASH_MACH,1,0.1
C-WEU-DEU,2051,WASH_MACH,2,0
C-WEU-DEU,2052,WASH_MACH,1,0.1
C-WEU-DEU,2052,WASH_MACH,2,0
C-WEU-DEU,2053,WASH_MACH,1,0.1
C-WEU-DEU,2053,WASH_MACH,2,0
C-WEU-DEU,2054,WASH_MACH,1,0.1
C-WEU-DEU,2054,WASH_MACH,2,0
C-WEU-DEU,2055,WASH_MACH,1,0.1
C-WEU-DEU,2055,WASH_MACH,2,0
C-WEU-DEU,2056,WASH_MACH,1,0.1
C-WEU-DEU,2056,WASH_MACH,2,0
C-WEU-DEU,2057,WASH_MACH,1,0.1
C-WEU-DEU,2057,WASH_MACH,2,0
C-WEU-DEU,2058,WASH_MACH,1,0.1
C-WEU-DEU,2058,WASH_MACH,2,0
C-WEU-DEU,2059,WASH_MACH,1,0.1
C-WEU-DEU,2059,WASH_MACH,2,0
C-WEU-DEU,2060,WASH_MACH,1,0.1
C-WEU-DEU,2060,WASH_MACH,2,0
C-WEU-DEU,2061,WASH_MACH,1,0.1
C-WEU-DEU,2061,WASH_MACH,2,0
C-WEU-DEU,2062,WASH_MACH,1,0.1
C-WEU-DEU,2062,WASH_MACH,2,0
C-WEU-DEU,2063,WASH_MACH,1,0.1
C-WEU-DEU,2063,WASH_MACH,2,0
C-WEU-DEU,2064,WASH_MACH,1,0.1
C-WEU-DEU,2064,WASH_MACH,2,0
C-WEU-DEU,2065,WASH_MACH,1,0.1
C-WEU-DEU,2065,WASH_MACH,2,0
C-WEU-DEU,2066,WASH_MACH,1,0.1
C-WEU-DEU,2066,WASH_MACH,2,0
C-WEU-DEU,2067,WASH_MACH,1,0.1
C-WEU-DEU,2067,WASH_MACH,2,0
C-WEU-DEU,2068,WASH_MACH,1,0.1
C-WEU-DEU,2068,WASH_MACH,2,0
C-WEU-DEU,2069,WASH_MACH,1,0.1
C-WEU-DEU,2069,WASH_MACH,2,0
C-WEU-DEU,2070,WASH_MACH,1,0.1
C-WEU-DEU,2070,WASH_MACH,2,0
C-WEU-DEU,2071,WASH_MACH,1,0.1
C-WEU-DEU,2071,WASH_MACH,2,0
C-WEU-DEU,2072,WASH_MACH,1,0.1
C-WEU-DEU,2072,WASH_MACH,2,0
C-WEU-DEU,2073,WASH_MACH,1,0.1
C-WEU-DEU,2073,WASH_MACH,2,0
C-WEU-DEU,2074,WASH_MACH,1,0.1
C-WEU-DEU,2074,WASH_MACH,2,0
C-WEU-DEU,2075,WASH_MACH,1,0.1
C-WEU-DEU,2075,WASH_MACH,2,0
C-WEU-DEU,2076,WASH_MACH,1,0.1
C-WEU-DEU,2076,WASH_MACH,2,0
C-WEU-DEU,2077,WASH_MACH,1,0.1
C-WEU-DEU,2077,WASH_MACH,2,0
C-WEU-DEU,2078,WASH_MACH,1,0.1
C-WEU-DEU,2078,WASH_MACH,2,0
C-WEU-DEU,2079,WASH_MACH,1,0.1
C-WEU-DEU,2079,WASH_MACH,2,0
C-WEU-DEU,2080,WASH_MACH,1,0.1
C-WEU-DEU,2080,WASH_MACH,2,0
C-WEU-DEU,2081,WASH_MACH,1,0.1
C-WEU-DEU,2081,WASH_MACH,2,0
C-WEU-DEU,2082,WASH_MACH,1,0.1
C-WEU-DEU,2082,WASH_MACH,2,0
C-WEU-DEU,2083,WASH_MACH,1,0.1
C-WEU-DEU,2083,WASH_MACH,2,0
C-WEU-DEU,2084,WASH_MACH,1,0.1
C-WEU-DEU,2084,WASH_MACH,2,0
C-WEU-DEU,2085,WASH_MACH,1,0.1
C-WEU-DEU,2085,WASH_MACH,2,0
C-WEU-DEU,2086,WASH_MACH,1,0.1
C-WEU-DEU,2086,WASH_MACH,2,0
C-WEU-DEU,2087,WASH_MACH,1,0.1
C-WEU-DEU,2087,WASH_MACH,2,0
C-WEU-DEU,2088,WASH_MACH,1,0.1
C-WEU-DEU,2088,WASH_MACH,2,0
C-WEU-DEU,2089,WASH_MACH,1,0.1
C-WEU-DEU,2089,WASH_MACH,2,0
C-WEU-DEU,2090,WASH_MACH,1,0.1
C-WEU-DEU,2090,WASH_MACH,2,0
C-WEU-DEU,2091,WASH_MACH,1,0.1
C-WEU-DEU,2091,WASH_MACH,2,0
C-WEU-DEU,2092,WASH_MACH,1,0.1
C-WEU-DEU,2092,WASH_MACH,2,0
C-WEU-DEU,2093,WASH_MACH,1,0.1
C-WEU-DEU,2093,WASH_MACH,2,0
C-WEU-DEU,2094,WASH_MACH,1,0.1
C-WEU-DEU,2094,WASH_MACH,2,0
C-WEU-DEU,2095,WASH_MACH,1,0.1
C-WEU-DEU,2095,WASH_MACH,2,0
C-WEU-DEU,2096,WASH_MACH,1,0.1
C-WEU-DEU,2096,WASH_MACH,2,0
C-WEU-DEU,2097,WASH_MACH,1,0.1
C-WEU-DEU,2097,WASH_MACH,2,0
C-WEU-DEU,2098,WASH_MACH,1,0.1
C-WEU-DEU,2098,WASH_MACH,2,0
C-WEU-DEU,2099,WASH_MACH,1,0.1
C-WEU-DEU,2099,WASH_MACH,2,0
C-WEU-DEU,2100,WASH_MACH,1,0.1
C-WEU-DEU,2100,WASH_MACH,2,0
C-WEU-DEU,2000,WASH_MACH_COM,1,0.03
C-WEU-DEU,2000,WASH_MACH_COM,2,0
C-WEU-DEU,2001,WASH_MACH_COM,1,0.03
C-WEU-DEU,2001,WASH_MACH_COM,2,0
C-WEU-DEU,2002,WASH_MACH_COM,1,0.03
C-WEU-DEU,2002,WASH_MACH_COM,2,0
C-WEU-DEU,2003,WASH_MACH_COM,1,0.03
C-WEU-DEU,2003,WASH_MACH_COM,2,0
C-WEU-DEU,2004,WASH_MACH_COM,1,0.03
C-WEU-DEU,2004,WASH_MACH_COM,2,0
C-WEU-DEU,2005,WASH_MACH_COM,1,0.03
C-WEU-DEU,2005,WASH_MACH_COM,2,0
C-WEU-DEU,2006,WASH_MACH_COM,1,0.03
C-WEU-DEU,2006,WASH_MACH_COM,2,0
C-WEU-DEU,2007,WASH_MACH_COM,1,0.03
C-WEU-DEU,2007,WASH_MACH_COM,2,0
C-WEU-DEU,2008,WASH_MACH_COM,1,0.03
C-WEU-DEU,2008,WASH_MACH_COM,2,0
C-WEU-DEU,2009,WASH_MACH_COM,1,0.03
C-WEU-DEU,2009,WASH_MACH_COM,2,0
C-WEU-DEU,2010,WASH_MACH_COM,1,0.03
C-WEU-DEU,2010,WASH_MACH_COM,2,0
C-WEU-DEU,2011,WASH_MACH_COM,1,0.03
C-WEU-DEU,2011,WASH_MACH_COM,2,0
C-WEU-DEU,2012,WASH_MACH_COM,1,0.03
C-WEU-DEU,2012,WASH_MACH_COM,2,0
C-WEU-DEU,2013,WASH_MACH_COM,1,0.03
C-WEU-DEU,2013,WASH_MACH_COM,2,0
C-WEU-DEU,2014,WASH_MACH_COM,1,0.03
C-WEU-DEU,2014,WASH_MACH_COM,2,0
C-WEU-DEU,2015,WASH_MACH_COM,1,0.03
C-WEU-DEU,2015,WASH_MACH_COM,2,0
C-WEU-DEU,2016,WASH_MACH_COM,1,0.03
C-WEU-DEU,2016,WASH_MACH_COM,2,0
C-WEU-DEU,2017,WASH_MACH_COM,1,0.03
C-WEU-DEU,2017,WASH_MACH_COM,2,0
C-WEU-DEU,2018,WASH_MACH_COM,1,0.03
C-WEU-DEU,2018,WASH_MACH_COM,2,0
C-WEU-DEU,2019,WASH_MACH_COM,1,0.03
C-WEU-DEU,2019,WASH_MACH_COM,2,0
C-WEU-DEU,2020,WASH_MACH_COM,1,0.03
C-WEU-DEU,2020,WASH_MACH_COM,2,0
C-WEU-DEU,2021,WASH_MACH_COM,1,0.03
C-WEU-DEU,2021,WASH_MACH_COM,2,0
C-WEU-DEU,2022,WASH_MACH_COM,1,0.03
C-WEU-DEU,2022,WASH_MACH_COM,2,0
C-WEU-DEU,2023,WASH_MACH_COM,1,0.03
C-WEU-DEU,2023,WASH_MACH_COM,2,0
C-WEU-DEU,2024,WASH_MACH_COM,1,0.03
C-WEU-DEU,2024,WASH_MACH_COM,2,0
C-WEU-DEU,2025,WASH_MACH_COM,1,0.03
C-WEU-DEU,2025,WASH_MACH_COM,2,0
C-WEU-DEU,2026,WASH_MACH_COM,1,0.03
C-WEU-DEU,2026,WASH_MACH_COM,2,0
C-WEU-DEU,2027,WASH_MACH_COM,1,0.03
C-WEU-DEU,2027,WASH_MACH_COM,2,0
C-WEU-DEU,2028,WASH_MACH_COM,1,0.03
C-WEU-DEU,2028,WASH_MACH_COM,2,0
C-WEU-DEU,2029,WASH_MACH_COM,1,0.03
C-WEU-DEU,2029,WASH_MACH_COM,2,0
C-WEU-DEU,2030,WASH_MACH_COM,1,0.1
C-WEU-DEU,2030,WASH_MACH_COM,2,0
C-WEU-DEU,2031,WASH_MACH_COM,1,0.1
C-WEU-DEU,2031,WASH_MACH_COM,2,0
C-WEU-DEU,2032,WASH_MACH_COM,1,0.1
C-WEU-DEU,2032,WASH_MACH_COM,2,0
C-WEU-DEU,2033,WASH_MACH_COM,1,0.1
C-WEU-DEU,2033,WASH_MACH_COM,2,0
C-WEU-DEU,2034,WASH_MACH_COM,1,0.1
C-WEU-DEU,2034,WASH_MACH_COM,2,0
C-WEU-DEU,2035,WASH_MACH_COM,1,0.1
C-WEU-DEU,2035,WASH_MACH_COM,2,0
C-WEU-DEU,2036,WASH_MACH_COM,1,0.1
C-WEU-DEU,2036,WASH_MACH_COM,2,0
C-WEU-DEU,2037,WASH_MACH_COM,1,0.1
C-WEU-DEU,2037,WASH_MACH_COM,2,0
C-WEU-DEU,2038,WASH_MACH_COM,1,0.1
C-WEU-DEU,2038,WASH_MACH_COM,2,0
C-WEU-DEU,2039,WASH_MACH_COM,1,0.1
C-WEU-DEU,2039,WASH_MACH_COM,2,0
C-WEU-DEU,2040,WASH_MACH_COM,1,0.1
C-WEU-DEU,2040,WASH_MACH_COM,2,0
C-WEU-DEU,2041,WASH_MACH_COM,1,0.1
C-WEU-DEU,2041,WASH_MACH_COM,2,0
C-WEU-DEU,2042,WASH_MACH_COM,1,0.1
C-WEU-DEU,2042,WASH_MACH_COM,2,0
C-WEU-DEU,2043,WASH_MACH_COM,1,0.1
C-WEU-DEU,2043,WASH_MACH_COM,2,0
C-WEU-DEU,2044,WASH_MACH_COM,1,0.1
C-WEU-DEU,2044,WASH_MACH_COM,2,0
C-WEU-DEU,2045,WASH_MACH_COM,1,0.1
C-WEU-DEU,2045,WASH_MACH_COM,2,0
C-WEU-DEU,2046,WASH_MACH_COM,1,0.1
C-WEU-DEU,2046,WASH_MACH_COM,2,0
C-WEU-DEU,2047,WASH_MACH_COM,1,0.1
C-WEU-DEU,2047,WASH_MACH_COM,2,0
C-WEU-DEU,2048,WASH_MACH_COM,1,0.1
C-WEU-DEU,2048,WASH_MACH_COM,2,0
C-WEU-DEU,2049,WASH_MACH_COM,1,0.1
C-WEU-DEU,2049,WASH_MACH_COM,2,0
C-WEU-DEU,2050,WASH_MACH_COM,1,0.1
C-WEU-DEU,2050,WASH_MACH_COM,2,0
C-WEU-DEU,2051,WASH_MACH_COM,1,0.1
C-WEU-DEU,2051,WASH_MACH_COM,2,0
C-WEU-DEU,2052,WASH_MACH_COM,1,0.1
C-WEU-DEU,2052,WASH_MACH_COM,2,0
C-WEU-DEU,2053,WASH_MACH_COM,1,0.1
C-WEU-DEU,2053,WASH_MACH_COM,2,0
C-WEU-DEU,2054,WASH_MACH_COM,1,0.1
C-WEU-DEU,2054,WASH_MACH_COM,2,0
C-WEU-DEU,2055,WASH_MACH_COM,1,0.1
C-WEU-DEU,2055,WASH_MACH_COM,2,0
C-WEU-DEU,2056,WASH_MACH_COM,1,0.1
C-WEU-DEU,2056,WASH_MACH_COM,2,0
C-WEU-DEU,2057,WASH_MACH_COM,1,0.1
C-WEU-DEU,2057,WASH_MACH_COM,2,0
C-WEU-DEU,2058,WASH_MACH_COM,1,0.1
C-WEU-DEU,2058,WASH_MACH_COM,2,0
C-WEU-DEU,2059,WASH_MACH_COM,1,0.1
C-WEU-DEU,2059,WASH_MACH_COM,2,0
C-WEU-DEU,2060,WASH_MACH_COM,1,0.1
C-WEU-DEU,2060,WASH_MACH_COM,2,0
C-WEU-DEU,2061,WASH_MACH_COM,1,0.1
C-WEU-DEU,2061,WASH_MACH_COM,2,0
C-WEU-DEU,2062,WASH_MACH_COM,1,0.1
C-WEU-DEU,2062,WASH_MACH_COM,2,0
C-WEU-DEU,2063,WASH_MACH_COM,1,0.1
C-WEU-DEU,2063,WASH_MACH_COM,2,0
C-WEU-DEU,2064,WASH_MACH_COM,1,0.1
C-WEU-DEU,2064,WASH_MACH_COM,2,0
C-WEU-DEU,2065,WASH_MACH_COM,1,0.1
C-WEU-DEU,2065,WASH_MACH_COM,2,0
C-WEU-DEU,2066,WASH_MACH_COM,1,0.1
C-WEU-DEU,2066,WASH_MACH_COM,2,0
C-WEU-DEU,2067,WASH_MACH_COM,1,0.1
C-WEU-DEU,2067,WASH_MACH_COM,2,0
C-WEU-DEU,2068,WASH_MACH_COM,1,0.1
C-WEU-DEU,2068,WASH_MACH_COM,2,0
C-WEU-DEU,2069,WASH_MACH_COM,1,0.1
C-WEU-DEU,2069,WASH_MACH_COM,2,0
C-WEU-DEU,2070,WASH_MACH_COM,1,0.1
C-WEU-DEU,2070,WASH_MACH_COM,2,0
C-WEU-DEU,2071,WASH_MACH_COM,1,0.1
C-WEU-DEU,2071,WASH_MACH_COM,2,0
C-WEU-DEU,2072,WASH_MACH_COM,1,0.1
C-WEU-DEU,2072,WASH_MACH_COM,2,0
C-WEU-DEU,2073,WASH_MACH_COM,1,0.1
C-WEU-DEU,2073,WASH_MACH_COM,2,0
C-WEU-DEU,2074,WASH_MACH_COM,1,0.1
C-WEU-DEU,2074,WASH_MACH_COM,2,0
C-WEU-DEU,2075,WASH_MACH_COM,1,0.1
C-WEU-DEU,2075,WASH_MACH_COM,2,0
C-WEU-DEU,2076,WASH_MACH_COM,1,0.1
C-WEU-DEU,2076,WASH_MACH_COM,2,0
C-WEU-DEU,2077,WASH_MACH_COM,1,0.1
C-WEU-DEU,2077,WASH_MACH_COM,2,0
C-WEU-DEU,2078,WASH_MACH_COM,1,0.1
C-WEU-DEU,2078,WASH_MACH_COM,2,0
C-WEU-DEU,2079,WASH_MACH_COM,1,0.1
C-WEU-DEU,2079,WASH_MACH_COM,2,0
C-WEU-DEU,2080,WASH_MACH_COM,1,0.1
C-WEU-DEU,2080,WASH_MACH_COM,2,0
C-WEU-DEU,2081,WASH_MACH_COM,1,0.1
C-WEU-DEU,2081,WASH_MACH_COM,2,0
C-WEU-DEU,2082,WASH_MACH_COM,1,0.1
C-WEU-DEU,2082,WASH_MACH_COM,2,0
C-WEU-DEU,2083,WASH_MACH_COM,1,0.1
C-WEU-DEU,2083,WASH_MACH_COM,2,0
C-WEU-DEU,2084,WASH_MACH_COM,1,0.1
C-WEU-DEU,2084,WASH_MACH_COM,2,0
C-WEU-DEU,2085,WASH_MACH_COM,1,0.1
C-WEU-DEU,2085,WASH_MACH_COM,2,0
C-WEU-DEU,2086,WASH_MACH_COM,1,0.1
C-WEU-DEU,2086,WASH_MACH_COM,2,0
C-WEU-DEU,2087,WASH_MACH_COM,1,0.1
C-WEU-DEU,2087,WASH_MACH_COM,2,0
C-WEU-DEU,2088,WASH_MACH_COM,1,0.1
C-WEU-DEU,2088,WASH_MACH_COM,2,0
C-WEU-DEU,2089,WASH_MACH_COM,1,0.1
C-WEU-DEU,2089,WASH_MACH_COM,2,0
C-WEU-DEU,2090,WASH_MACH_COM,1,0.1
C-WEU-DEU,2090,WASH_MACH_COM,2,0
C-WEU-DEU,2091,WASH_MACH_COM,1,0.1
C-WEU-DEU,2091,WASH_MACH_COM,2,0
C-WEU-DEU,2092,WASH_MACH_COM,1,0.1
C-WEU-DEU,2092,WASH_MACH_COM,2,0
C-WEU-DEU,2093,WASH_MACH_COM,1,0.1
C-WEU-DEU,2093,WASH_MACH_COM,2,0
C-WEU-DEU,2094,WASH_MACH_COM,1,0.1
C-WEU-DEU,2094,WASH_MACH_COM,2,0
C-WEU-DEU,2095,WASH_MACH_COM,1,0.1
C-WEU-DEU,2095,WASH_MACH_COM,2,0
C-WEU-DEU,2096,WASH_MACH_COM,1,0.1
C-WEU-DEU,2096,WASH_MACH_COM,2,0
C-WEU-DEU,2097,WASH_MACH_COM,1,0.1
C-WEU-DEU,2097,WASH_MACH_COM,2,0
C-WEU-DEU,2098,WASH_MACH_COM,1,0.1
C-WEU-DEU,2098,WASH_MACH_COM,2,0
C-WEU-DEU,2099,WASH_MACH_COM,1,0.1
C-WEU-DEU,2099,WASH_MACH_COM,2,0
C-WEU-DEU,2100,WASH_MACH_COM,1,0.1
C-WEU-DEU,2100,WASH_MACH_COM,2,0
C-WEU-DNK,2000,WASH_MACH,1,0.03
C-WEU-DNK,2000,WASH_MACH,2,0
C-WEU-DNK,2001,WASH_MACH,1,0.03
C-WEU-DNK,2001,WASH_MACH,2,0
C-WEU-DNK,2002,WASH_MACH,1,0.03
C-WEU-DNK,2002,WASH_MACH,2,0
C-WEU-DNK,2003,WASH_MACH,1,0.03
C-WEU-DNK,2003,WASH_MACH,2,0
C-WEU-DNK,2004,WASH_MACH,1,0.03
C-WEU-DNK,2004,WASH_MACH,2,0
C-WEU-DNK,2005,WASH_MACH,1,0.03
C-WEU-DNK,2005,WASH_MACH,2,0
C-WEU-DNK,2006,WASH_MACH,1,0.03
C-WEU-DNK,2006,WASH_MACH,2,0
C-WEU-DNK,2007,WASH_MACH,1,0.03
C-WEU-DNK,2007,WASH_MACH,2,0
C-WEU-DNK,2008,WASH_MACH,1,0.03
C-WEU-DNK,2008,WASH_MACH,2,0
C-WEU-DNK,2009,WASH_MACH,1,0.03
C-WEU-DNK,2009,WASH_MACH,2,0
C-WEU-DNK,2010,WASH_MACH,1,0.03
C-WEU-DNK,2010,WASH_MACH,2,0
C-WEU-DNK,2011,WASH_MACH,1,0.03
C-WEU-DNK,2011,WASH_MACH,2,0
C-WEU-DNK,2012,WASH_MACH,1,0.03
C-WEU-DNK,2012,WASH_MACH,2,0
C-WEU-DNK,2013,WASH_MACH,1,0.03
C-WEU-DNK,2013,WASH_MACH,2,0
C-WEU-DNK,2014,WASH_MACH,1,0.03
C-WEU-DNK,2014,WASH_MACH,2,0
C-WEU-DNK,2015,WASH_MACH,1,0.03
C-WEU-DNK,2015,WASH_MACH,2,0
C-WEU-DNK,2016,WASH_MACH,1,0.03
C-WEU-DNK,2016,WASH_MACH,2,0
C-WEU-DNK,2017,WASH_MACH,1,0.03
C-WEU-DNK,2017,WASH_MACH,2,0
C-WEU-DNK,2018,WASH_MACH,1,0.03
C-WEU-DNK,2018,WASH_MACH,2,0
C-WEU-DNK,2019,WASH_MACH,1,0.03
C-WEU-DNK,2019,WASH_MACH,2,0
C-WEU-DNK,2020,WASH_MACH,1,0.03
C-WEU-DNK,2020,WASH_MACH,2,0
C-WEU-DNK,2021,WASH_MACH,1,0.03
C-WEU-DNK,2021,WASH_MACH,2,0
C-WEU-DNK,2022,WASH_MACH,1,0.03
C-WEU-DNK,2022,WASH_MACH,2,0
C-WEU-DNK,2023,WASH_MACH,1,0.03
C-WEU-DNK,2023,WASH_MACH,2,0
C-WEU-DNK,2024,WASH_MACH,1,0.03
C-WEU-DNK,2024,WASH_MACH,2,0
C-WEU-DNK,2025,WASH_MACH,1,0.03
C-WEU-DNK,2025,WASH_MACH,2,0
C-WEU-DNK,2026,WASH_MACH,1,0.03
C-WEU-DNK,2026,WASH_MACH,2,0
C-WEU-DNK,2027,WASH_MACH,1,0.03
C-WEU-DNK,2027,WASH_MACH,2,0
C-WEU-DNK,2028,WASH_MACH,1,0.03
C-WEU-DNK,2028,WASH_MACH,2,0
C-WEU-DNK,2029,WASH_MACH,1,0.03
C-WEU-DNK,2029,WASH_MACH,2,0
C-WEU-DNK,2030,WASH_MACH,1,0.1
C-WEU-DNK,2030,WASH_MACH,2,0
C-WEU-DNK,2031,WASH_MACH,1,0.1
C-WEU-DNK,2031,WASH_MACH,2,0
C-WEU-DNK,2032,WASH_MACH,1,0.1
C-WEU-DNK,2032,WASH_MACH,2,0
C-WEU-DNK,2033,WASH_MACH,1,0.1
C-WEU-DNK,2033,WASH_MACH,2,0
C-WEU-DNK,2034,WASH_MACH,1,0.1
C-WEU-DNK,2034,WASH_MACH,2,0
C-WEU-DNK,2035,WASH_MACH,1,0.1
C-WEU-DNK,2035,WASH_MACH,2,0
C-WEU-DNK,2036,WASH_MACH,1,0.1
C-WEU-DNK,2036,WASH_MACH,2,0
C-WEU-DNK,2037,WASH_MACH,1,0.1
C-WEU-DNK,2037,WASH_MACH,2,0
C-WEU-DNK,2038,WASH_MACH,1,0.1
C-WEU-DNK,2038,WASH_MACH,2,0
C-WEU-DNK,2039,WASH_MACH,1,0.1
C-WEU-DNK,2039,WASH_MACH,2,0
C-WEU-DNK,2040,WASH_MACH,1,0.1
C-WEU-DNK,2040,WASH_MACH,2,0
C-WEU-DNK,2041,WASH_MACH,1,0.1
C-WEU-DNK,2041,WASH_MACH,2,0
C-WEU-DNK,2042,WASH_MACH,1,0.1
C-WEU-DNK,2042,WASH_MACH,2,0
C-WEU-DNK,2043,WASH_MACH,1,0.1
C-WEU-DNK,2043,WASH_MACH,2,0
C-WEU-DNK,2044,WASH_MACH,1,0.1
C-WEU-DNK,2044,WASH_MACH,2,0
C-WEU-DNK,2045,WASH_MACH,1,0.1
C-WEU-DNK,2045,WASH_MACH,2,0
C-WEU-DNK,2046,WASH_MACH,1,0.1
C-WEU-DNK,2046,WASH_MACH,2,0
C-WEU-DNK,2047,WASH_MACH,1,0.1
C-WEU-DNK,2047,WASH_MACH,2,0
C-WEU-DNK,2048,WASH_MACH,1,0.1
C-WEU-DNK,2048,WASH_MACH,2,0
C-WEU-DNK,2049,WASH_MACH,1,0.1
C-WEU-DNK,2049,WASH_MACH,2,0
C-WEU-DNK,2050,WASH_MACH,1,0.1
C-WEU-DNK,2050,WASH_MACH,2,0
C-WEU-DNK,2051,WASH_MACH,1,0.1
C-WEU-DNK,2051,WASH_MACH,2,0
C-WEU-DNK,2052,WASH_MACH,1,0.1
C-WEU-DNK,2052,WASH_MACH,2,0
C-WEU-DNK,2053,WASH_MACH,1,0.1
C-WEU-DNK,2053,WASH_MACH,2,0
C-WEU-DNK,2054,WASH_MACH,1,0.1
C-WEU-DNK,2054,WASH_MACH,2,0
C-WEU-DNK,2055,WASH_MACH,1,0.1
C-WEU-DNK,2055,WASH_MACH,2,0
C-WEU-DNK,2056,WASH_MACH,1,0.1
C-WEU-DNK,2056,WASH_MACH,2,0
C-WEU-DNK,2057,WASH_MACH,1,0.1
C-WEU-DNK,2057,WASH_MACH,2,0
C-WEU-DNK,2058,WASH_MACH,1,0.1
C-WEU-DNK,2058,WASH_MACH,2,0
C-WEU-DNK,2059,WASH_MACH,1,0.1
C-WEU-DNK,2059,WASH_MACH,2,0
C-WEU-DNK,2060,WASH_MACH,1,0.1
C-WEU-DNK,2060,WASH_MACH,2,0
C-WEU-DNK,2061,WASH_MACH,1,0.1
C-WEU-DNK,2061,WASH_MACH,2,0
C-WEU-DNK,2062,WASH_MACH,1,0.1
C-WEU-DNK,2062,WASH_MACH,2,0
C-WEU-DNK,2063,WASH_MACH,1,0.1
C-WEU-DNK,2063,WASH_MACH,2,0
C-WEU-DNK,2064,WASH_MACH,1,0.1
C-WEU-DNK,2064,WASH_MACH,2,0
C-WEU-DNK,2065,WASH_MACH,1,0.1
C-WEU-DNK,2065,WASH_MACH,2,0
C-WEU-DNK,2066,WASH_MACH,1,0.1
C-WEU-DNK,2066,WASH_MACH,2,0
C-WEU-DNK,2067,WASH_MACH,1,0.1
C-WEU-DNK,2067,WASH_MACH,2,0
C-WEU-DNK,2068,WASH_MACH,1,0.1
C-WEU-DNK,2068,WASH_MACH,2,0
C-WEU-DNK,2069,WASH_MACH,1,0.1
C-WEU-DNK,2069,WASH_MACH,2,0
C-WEU-DNK,2070,WASH_MACH,1,0.1
C-WEU-DNK,2070,WASH_MACH,2,0
C-WEU-DNK,2071,WASH_MACH,1,0.1
C-WEU-DNK,2071,WASH_MACH,2,0
C-WEU-DNK,2072,WASH_MACH,1,0.1
C-WEU-DNK,2072,WASH_MACH,2,0
C-WEU-DNK,2073,WASH_MACH,1,0.1
C-WEU-DNK,2073,WASH_MACH,2,0
C-WEU-DNK,2074,WASH_MACH,1,0.1
C-WEU-DNK,2074,WASH_MACH,2,0
C-WEU-DNK,2075,WASH_MACH,1,0.1
C-WEU-DNK,2075,WASH_MACH,2,0
C-WEU-DNK,2076,WASH_MACH,1,0.1
C-WEU-DNK,2076,WASH_MACH,2,0
C-WEU-DNK,2077,WASH_MACH,1,0.1
C-WEU-DNK,2077,WASH_MACH,2,0
C-WEU-DNK,2078,WASH_MACH,1,0.1
C-WEU-DNK,2078,WASH_MACH,2,0
C-WEU-DNK,2079,WASH_MACH,1,0.1
C-WEU-DNK,2079,WASH_MACH,2,0
C-WEU-DNK,2080,WASH_MACH,1,0.1
C-WEU-DNK,2080,WASH_MACH,2,0
C-WEU-DNK,2081,WASH_MACH,1,0.1
C-WEU-DNK,2081,WASH_MACH,2,0
C-WEU-DNK,2082,WASH_MACH,1,0.1
C-WEU-DNK,2082,WASH_MACH,2,0
C-WEU-DNK,2083,WASH_MACH,1,0.1
C-WEU-DNK,2083,WASH_MACH,2,0
C-WEU-DNK,2084,WASH_MACH,1,0.1
C-WEU-DNK,2084,WASH_MACH,2,0
C-WEU-DNK,2085,WASH_MACH,1,0.1
C-WEU-DNK,2085,WASH_MACH,2,0
C-WEU-DNK,2086,WASH_MACH,1,0.1
C-WEU-DNK,2086,WASH_MACH,2,0
C-WEU-DNK,2087,WASH_MACH,1,0.1
C-WEU-DNK,2087,WASH_MACH,2,0
C-WEU-DNK,2088,WASH_MACH,1,0.1
C-WEU-DNK,2088,WASH_MACH,2,0
C-WEU-DNK,2089,WASH_MACH,1,0.1
C-WEU-DNK,2089,WASH_MACH,2,0
C-WEU-DNK,2090,WASH_MACH,1,0.1
C-WEU-DNK,2090,WASH_MACH,2,0
C-WEU-DNK,2091,WASH_MACH,1,0.1
C-WEU-DNK,2091,WASH_MACH,2,0
C-WEU-DNK,2092,WASH_MACH,1,0.1
C-WEU-DNK,2092,WASH_MACH,2,0
C-WEU-DNK,2093,WASH_MACH,1,0.1
C-WEU-DNK,2093,WASH_MACH,2,0
C-WEU-DNK,2094,WASH_MACH,1,0.1
C-WEU-DNK,2094,WASH_MACH,2,0
C-WEU-DNK,2095,WASH_MACH,1,0.1
C-WEU-DNK,2095,WASH_MACH,2,0
C-WEU-DNK,2096,WASH_MACH,1,0.1
C-WEU-DNK,2096,WASH_MACH,2,0
C-WEU-DNK,2097,WASH_MACH,1,0.1
C-WEU-DNK,2097,WASH_MACH,2,0
C-WEU-DNK,2098,WASH_MACH,1,0.1
C-WEU-DNK,2098,WASH_MACH,2,0
C-WEU-DNK,2099,WASH_MACH,1,0.1
C-WEU-DNK,2099,WASH_MACH,2,0
C-WEU-DNK,2100,WASH_MACH,1,0.1
C-WEU-DNK,2100,WASH_MACH,2,0
C-WEU-DNK,2000,WASH_MACH_COM,1,0.03
C-WEU-DNK,2000,WASH_MACH_COM,2,0
C-WEU-DNK,2001,WASH_MACH_COM,1,0.03
C-WEU-DNK,2001,WASH_MACH_COM,2,0
C-WEU-DNK,2002,WASH_MACH_COM,1,0.03
C-WEU-DNK,2002,WASH_MACH_COM,2,0
C-WEU-DNK,2003,WASH_MACH_COM,1,0.03
C-WEU-DNK,2003,WASH_MACH_COM,2,0
C-WEU-DNK,2004,WASH_MACH_COM,1,0.03
C-WEU-DNK,2004,WASH_MACH_COM,2,0
C-WEU-DNK,2005,WASH_MACH_COM,1,0.03
C-WEU-DNK,2005,WASH_MACH_COM,2,0
C-WEU-DNK,2006,WASH_MACH_COM,1,0.03
C-WEU-DNK,2006,WASH_MACH_COM,2,0
C-WEU-DNK,2007,WASH_MACH_COM,1,0.03
C-WEU-DNK,2007,WASH_MACH_COM,2,0
C-WEU-DNK,2008,WASH_MACH_COM,1,0.03
C-WEU-DNK,2008,WASH_MACH_COM,2,0
C-WEU-DNK,2009,WASH_MACH_COM,1,0.03
C-WEU-DNK,2009,WASH_MACH_COM,2,0
C-WEU-DNK,2010,WASH_MACH_COM,1,0.03
C-WEU-DNK,2010,WASH_MACH_COM,2,0
C-WEU-DNK,2011,WASH_MACH_COM,1,0.03
C-WEU-DNK,2011,WASH_MACH_COM,2,0
C-WEU-DNK,2012,WASH_MACH_COM,1,0.03
C-WEU-DNK,2012,WASH_MACH_COM,2,0
C-WEU-DNK,2013,WASH_MACH_COM,1,0.03
C-WEU-DNK,2013,WASH_MACH_COM,2,0
C-WEU-DNK,2014,WASH_MACH_COM,1,0.03
C-WEU-DNK,2014,WASH_MACH_COM,2,0
C-WEU-DNK,2015,WASH_MACH_COM,1,0.03
C-WEU-DNK,2015,WASH_MACH_COM,2,0
C-WEU-DNK,2016,WASH_MACH_COM,1,0.03
C-WEU-DNK,2016,WASH_MACH_COM,2,0
C-WEU-DNK,2017,WASH_MACH_COM,1,0.03
C-WEU-DNK,2017,WASH_MACH_COM,2,0
C-WEU-DNK,2018,WASH_MACH_COM,1,0.03
C-WEU-DNK,2018,WASH_MACH_COM,2,0
C-WEU-DNK,2019,WASH_MACH_COM,1,0.03
C-WEU-DNK,2019,WASH_MACH_COM,2,0
C-WEU-DNK,2020,WASH_MACH_COM,1,0.03
C-WEU-DNK,2020,WASH_MACH_COM,2,0
C-WEU-DNK,2021,WASH_MACH_COM,1,0.03
C-WEU-DNK,2021,WASH_MACH_COM,2,0
C-WEU-DNK,2022,WASH_MACH_COM,1,0.03
C-WEU-DNK,2022,WASH_MACH_COM,2,0
C-WEU-DNK,2023,WASH_MACH_COM,1,0.03
C-WEU-DNK,2023,WASH_MACH_COM,2,0
C-WEU-DNK,2024,WASH_MACH_COM,1,0.03
C-WEU-DNK,2024,WASH_MACH_COM,2,0
C-WEU-DNK,2025,WASH_MACH_COM,1,0.03
C-WEU-DNK,2025,WASH_MACH_COM,2,0
C-WEU-DNK,2026,WASH_MACH_COM,1,0.03
C-WEU-DNK,2026,WASH_MACH_COM,2,0
C-WEU-DNK,2027,WASH_MACH_COM,1,0.03
C-WEU-DNK,2027,WASH_MACH_COM,2,0
C-WEU-DNK,2028,WASH_MACH_COM,1,0.03
C-WEU-DNK,2028,WASH_MACH_COM,2,0
C-WEU-DNK,2029,WASH_MACH_COM,1,0.03
C-WEU-DNK,2029,WASH_MACH_COM,2,0
C-WEU-DNK,2030,WASH_MACH_COM,1,0.1
C-WEU-DNK,2030,WASH_MACH_COM,2,0
C-WEU-DNK,2031,WASH_MACH_COM,1,0.1
C-WEU-DNK,2031,WASH_MACH_COM,2,0
C-WEU-DNK,2032,WASH_MACH_COM,1,0.1
C-WEU-DNK,2032,WASH_MACH_COM,2,0
C-WEU-DNK,2033,WASH_MACH_COM,1,0.1
C-WEU-DNK,2033,WASH_MACH_COM,2,0
C-WEU-DNK,2034,WASH_MACH_COM,1,0.1
C-WEU-DNK,2034,WASH_MACH_COM,2,0
C-WEU-DNK,2035,WASH_MACH_COM,1,0.1
C-WEU-DNK,2035,WASH_MACH_COM,2,0
C-WEU-DNK,2036,WASH_MACH_COM,1,0.1
C-WEU-DNK,2036,WASH_MACH_COM,2,0
C-WEU-DNK,2037,WASH_MACH_COM,1,0.1
C-WEU-DNK,2037,WASH_MACH_COM,2,0
C-WEU-DNK,2038,WASH_MACH_COM,1,0.1
C-WEU-DNK,2038,WASH_MACH_COM,2,0
C-WEU-DNK,2039,WASH_MACH_COM,1,0.1
C-WEU-DNK,2039,WASH_MACH_COM,2,0
C-WEU-DNK,2040,WASH_MACH_COM,1,0.1
C-WEU-DNK,2040,WASH_MACH_COM,2,0
C-WEU-DNK,2041,WASH_MACH_COM,1,0.1
C-WEU-DNK,2041,WASH_MACH_COM,2,0
C-WEU-DNK,2042,WASH_MACH_COM,1,0.1
C-WEU-DNK,2042,WASH_MACH_COM,2,0
C-WEU-DNK,2043,WASH_MACH_COM,1,0.1
C-WEU-DNK,2043,WASH_MACH_COM,2,0
C-WEU-DNK,2044,WASH_MACH_COM,1,0.1
C-WEU-DNK,2044,WASH_MACH_COM,2,0
C-WEU-DNK,2045,WASH_MACH_COM,1,0.1
C-WEU-DNK,2045,WASH_MACH_COM,2,0
C-WEU-DNK,2046,WASH_MACH_COM,1,0.1
C-WEU-DNK,2046,WASH_MACH_COM,2,0
C-WEU-DNK,2047,WASH_MACH_COM,1,0.1
C-WEU-DNK,2047,WASH_MACH_COM,2,0
C-WEU-DNK,2048,WASH_MACH_COM,1,0.1
C-WEU-DNK,2048,WASH_MACH_COM,2,0
C-WEU-DNK,2049,WASH_MACH_COM,1,0.1
C-WEU-DNK,2049,WASH_MACH_COM,2,0
C-WEU-DNK,2050,WASH_MACH_COM,1,0.1
C-WEU-DNK,2050,WASH_MACH_COM,2,0
C-WEU-DNK,2051,WASH_MACH_COM,1,0.1
C-WEU-DNK,2051,WASH_MACH_COM,2,0
C-WEU-DNK,2052,WASH_MACH_COM,1,0.1
C-WEU-DNK,2052,WASH_MACH_COM,2,0
C-WEU-DNK,2053,WASH_MACH_COM,1,0.1
C-WEU-DNK,2053,WASH_MACH_COM,2,0
C-WEU-DNK,2054,WASH_MACH_COM,1,0.1
C-WEU-DNK,2054,WASH_MACH_COM,2,0
C-WEU-DNK,2055,WASH_MACH_COM,1,0.1
C-WEU-DNK,2055,WASH_MACH_COM,2,0
C-WEU-DNK,2056,WASH_MACH_COM,1,0.1
C-WEU-DNK,2056,WASH_MACH_COM,2,0
C-WEU-DNK,2057,WASH_MACH_COM,1,0.1
C-WEU-DNK,2057,WASH_MACH_COM,2,0
C-WEU-DNK,2058,WASH_MACH_COM,1,0.1
C-WEU-DNK,2058,WASH_MACH_COM,2,0
C-WEU-DNK,2059,WASH_MACH_COM,1,0.1
C-WEU-DNK,2059,WASH_MACH_COM,2,0
C-WEU-DNK,2060,WASH_MACH_COM,1,0.1
C-WEU-DNK,2060,WASH_MACH_COM,2,0
C-WEU-DNK,2061,WASH_MACH_COM,1,0.1
C-WEU-DNK,2061,WASH_MACH_COM,2,0
C-WEU-DNK,2062,WASH_MACH_COM,1,0.1
C-WEU-DNK,2062,WASH_MACH_COM,2,0
C-WEU-DNK,2063,WASH_MACH_COM,1,0.1
C-WEU-DNK,2063,WASH_MACH_COM,2,0
C-WEU-DNK,2064,WASH_MACH_COM,1,0.1
C-WEU-DNK,2064,WASH_MACH_COM,2,0
C-WEU-DNK,2065,WASH_MACH_COM,1,0.1
C-WEU-DNK,2065,WASH_MACH_COM,2,0
C-WEU-DNK,2066,WASH_MACH_COM,1,0.1
C-WEU-DNK,2066,WASH_MACH_COM,2,0
C-WEU-DNK,2067,WASH_MACH_COM,1,0.1
C-WEU-DNK,2067,WASH_MACH_COM,2,0
C-WEU-DNK,2068,WASH_MACH_COM,1,0.1
C-WEU-DNK,2068,WASH_MACH_COM,2,0
C-WEU-DNK,2069,WASH_MACH_COM,1,0.1
C-WEU-DNK,2069,WASH_MACH_COM,2,0
C-WEU-DNK,2070,WASH_MACH_COM,1,0.1
C-WEU-DNK,2070,WASH_MACH_COM,2,0
C-WEU-DNK,2071,WASH_MACH_COM,1,0.1
C-WEU-DNK,2071,WASH_MACH_COM,2,0
C-WEU-DNK,2072,WASH_MACH_COM,1,0.1
C-WEU-DNK,2072,WASH_MACH_COM,2,0
C-WEU-DNK,2073,WASH_MACH_COM,1,0.1
C-WEU-DNK,2073,WASH_MACH_COM,2,0
C-WEU-DNK,2074,WASH_MACH_COM,1,0.1
C-WEU-DNK,2074,WASH_MACH_COM,2,0
C-WEU-DNK,2075,WASH_MACH_COM,1,0.1
C-WEU-DNK,2075,WASH_MACH_COM,2,0
C-WEU-DNK,2076,WASH_MACH_COM,1,0.1
C-WEU-DNK,2076,WASH_MACH_COM,2,0
C-WEU-DNK,2077,WASH_MACH_COM,1,0.1
C-WEU-DNK,2077,WASH_MACH_COM,2,0
C-WEU-DNK,2078,WASH_MACH_COM,1,0.1
C-WEU-DNK,2078,WASH_MACH_COM,2,0
C-WEU-DNK,2079,WASH_MACH_COM,1,0.1
C-WEU-DNK,2079,WASH_MACH_COM,2,0
C-WEU-DNK,2080,WASH_MACH_COM,1,0.1
C-WEU-DNK,2080,WASH_MACH_COM,2,0
C-WEU-DNK,2081,WASH_MACH_COM,1,0.1
C-WEU-DNK,2081,WASH_MACH_COM,2,0
C-WEU-DNK,2082,WASH_MACH_COM,1,0.1
C-WEU-DNK,2082,WASH_MACH_COM,2,0
C-WEU-DNK,2083,WASH_MACH_COM,1,0.1
C-WEU-DNK,2083,WASH_MACH_COM,2,0
C-WEU-DNK,2084,WASH_MACH_COM,1,0.1
C-WEU-DNK,2084,WASH_MACH_COM,2,0
C-WEU-DNK,2085,WASH_MACH_COM,1,0.1
C-WEU-DNK,2085,WASH_MACH_COM,2,0
C-WEU-DNK,2086,WASH_MACH_COM,1,0.1
C-WEU-DNK,2086,WASH_MACH_COM,2,0
C-WEU-DNK,2087,WASH_MACH_COM,1,0.1
C-WEU-DNK,2087,WASH_MACH_COM,2,0
C-WEU-DNK,2088,WASH_MACH_COM,1,0.1
C-WEU-DNK,2088,WASH_MACH_COM,2,0
C-WEU-DNK,2089,WASH_MACH_COM,1,0.1
C-WEU-DNK,2089,WASH_MACH_COM,2,0
C-WEU-DNK,2090,WASH_MACH_COM,1,0.1
C-WEU-DNK,2090,WASH_MACH_COM,2,0
C-WEU-DNK,2091,WASH_MACH_COM,1,0.1
C-WEU-DNK,2091,WASH_MACH_COM,2,0
C-WEU-DNK,2092,WASH_MACH_COM,1,0.1
C-WEU-DNK,2092,WASH_MACH_COM,2,0
C-WEU-DNK,2093,WASH_MACH_COM,1,0.1
C-WEU-DNK,2093,WASH_MACH_COM,2,0
C-WEU-DNK,2094,WASH_MACH_COM,1,0.1
C-WEU-DNK,2094,WASH_MACH_COM,2,0
C-WEU-DNK,2095,WASH_MACH_COM,1,0.1
C-WEU-DNK,2095,WASH_MACH_COM,2,0
C-WEU-DNK,2096,WASH_MACH_COM,1,0.1
C-WEU-DNK,2096,WASH_MACH_COM,2,0
C-WEU-DNK,2097,WASH_MACH_COM,1,0.1
C-WEU-DNK,2097,WASH_MACH_COM,2,0
C-WEU-DNK,2098,WASH_MACH_COM,1,0.1
C-WEU-DNK,2098,WASH_MACH_COM,2,0
C-WEU-DNK,2099,WASH_MACH_COM,1,0.1
C-WEU-DNK,2099,WASH_MACH_COM,2,0
C-WEU-DNK,2100,WASH_MACH_COM,1,0.1
C-WEU-DNK,2100,WASH_MACH_COM,2,0
C-WEU-ESP,2000,WASH_MACH,1,0.03
C-WEU-ESP,2000,WASH_MACH,2,0
C-WEU-ESP,2001,WASH_MACH,1,0.03
C-WEU-ESP,2001,WASH_MACH,2,0
C-WEU-ESP,2002,WASH_MACH,1,0.03
C-WEU-ESP,2002,WASH_MACH,2,0
C-WEU-ESP,2003,WASH_MACH,1,0.03
C-WEU-ESP,2003,WASH_MACH,2,0
C-WEU-ESP,2004,WASH_MACH,1,0.03
C-WEU-ESP,2004,WASH_MACH,2,0
C-WEU-ESP,2005,WASH_MACH,1,0.03
C-WEU-ESP,2005,WASH_MACH,2,0
C-WEU-ESP,2006,WASH_MACH,1,0.03
C-WEU-ESP,2006,WASH_MACH,2,0
C-WEU-ESP,2007,WASH_MACH,1,0.03
C-WEU-ESP,2007,WASH_MACH,2,0
C-WEU-ESP,2008,WASH_MACH,1,0.03
C-WEU-ESP,2008,WASH_MACH,2,0
C-WEU-ESP,2009,WASH_MACH,1,0.03
C-WEU-ESP,2009,WASH_MACH,2,0
C-WEU-ESP,2010,WASH_MACH,1,0.03
C-WEU-ESP,2010,WASH_MACH,2,0
C-WEU-ESP,2011,WASH_MACH,1,0.03
C-WEU-ESP,2011,WASH_MACH,2,0
C-WEU-ESP,2012,WASH_MACH,1,0.03
C-WEU-ESP,2012,WASH_MACH,2,0
C-WEU-ESP,2013,WASH_MACH,1,0.03
C-WEU-ESP,2013,WASH_MACH,2,0
C-WEU-ESP,2014,WASH_MACH,1,0.03
C-WEU-ESP,2014,WASH_MACH,2,0
C-WEU-ESP,2015,WASH_MACH,1,0.03
C-WEU-ESP,2015,WASH_MACH,2,0
C-WEU-ESP,2016,WASH_MACH,1,0.03
C-WEU-ESP,2016,WASH_MACH,2,0
C-WEU-ESP,2017,WASH_MACH,1,0.03
C-WEU-ESP,2017,WASH_MACH,2,0
C-WEU-ESP,2018,WASH_MACH,1,0.03
C-WEU-ESP,2018,WASH_MACH,2,0
C-WEU-ESP,2019,WASH_MACH,1,0.03
C-WEU-ESP,2019,WASH_MACH,2,0
C-WEU-ESP,2020,WASH_MACH,1,0.03
C-WEU-ESP,2020,WASH_MACH,2,0
C-WEU-ESP,2021,WASH_MACH,1,0.03
C-WEU-ESP,2021,WASH_MACH,2,0
C-WEU-ESP,2022,WASH_MACH,1,0.03
C-WEU-ESP,2022,WASH_MACH,2,0
C-WEU-ESP,2023,WASH_MACH,1,0.03
C-WEU-ESP,2023,WASH_MACH,2,0
C-WEU-ESP,2024,WASH_MACH,1,0.03
C-WEU-ESP,2024,WASH_MACH,2,0
C-WEU-ESP,2025,WASH_MACH,1,0.03
C-WEU-ESP,2025,WASH_MACH,2,0
C-WEU-ESP,2026,WASH_MACH,1,0.03
C-WEU-ESP,2026,WASH_MACH,2,0
C-WEU-ESP,2027,WASH_MACH,1,0.03
C-WEU-ESP,2027,WASH_MACH,2,0
C-WEU-ESP,2028,WASH_MACH,1,0.03
C-WEU-ESP,2028,WASH_MACH,2,0
C-WEU-ESP,2029,WASH_MACH,1,0.03
C-WEU-ESP,2029,WASH_MACH,2,0
C-WEU-ESP,2030,WASH_MACH,1,0.1
C-WEU-ESP,2030,WASH_MACH,2,0
C-WEU-ESP,2031,WASH_MACH,1,0.1
C-WEU-ESP,2031,WASH_MACH,2,0
C-WEU-ESP,2032,WASH_MACH,1,0.1
C-WEU-ESP,2032,WASH_MACH,2,0
C-WEU-ESP,2033,WASH_MACH,1,0.1
C-WEU-ESP,2033,WASH_MACH,2,0
C-WEU-ESP,2034,WASH_MACH,1,0.1
C-WEU-ESP,2034,WASH_MACH,2,0
C-WEU-ESP,2035,WASH_MACH,1,0.1
C-WEU-ESP,2035,WASH_MACH,2,0
C-WEU-ESP,2036,WASH_MACH,1,0.1
C-WEU-ESP,2036,WASH_MACH,2,0
C-WEU-ESP,2037,WASH_MACH,1,0.1
C-WEU-ESP,2037,WASH_MACH,2,0
C-WEU-ESP,2038,WASH_MACH,1,0.1
C-WEU-ESP,2038,WASH_MACH,2,0
C-WEU-ESP,2039,WASH_MACH,1,0.1
C-WEU-ESP,2039,WASH_MACH,2,0
C-WEU-ESP,2040,WASH_MACH,1,0.1
C-WEU-ESP,2040,WASH_MACH,2,0
C-WEU-ESP,2041,WASH_MACH,1,0.1
C-WEU-ESP,2041,WASH_MACH,2,0
C-WEU-ESP,2042,WASH_MACH,1,0.1
C-WEU-ESP,2042,WASH_MACH,2,0
C-WEU-ESP,2043,WASH_MACH,1,0.1
C-WEU-ESP,2043,WASH_MACH,2,0
C-WEU-ESP,2044,WASH_MACH,1,0.1
C-WEU-ESP,2044,WASH_MACH,2,0
C-WEU-ESP,2045,WASH_MACH,1,0.1
C-WEU-ESP,2045,WASH_MACH,2,0
C-WEU-ESP,2046,WASH_MACH,1,0.1
C-WEU-ESP,2046,WASH_MACH,2,0
C-WEU-ESP,2047,WASH_MACH,1,0.1
C-WEU-ESP,2047,WASH_MACH,2,0
C-WEU-ESP,2048,WASH_MACH,1,0.1
C-WEU-ESP,2048,WASH_MACH,2,0
C-WEU-ESP,2049,WASH_MACH,1,0.1
C-WEU-ESP,2049,WASH_MACH,2,0
C-WEU-ESP,2050,WASH_MACH,1,0.1
C-WEU-ESP,2050,WASH_MACH,2,0
C-WEU-ESP,2051,WASH_MACH,1,0.1
C-WEU-ESP,2051,WASH_MACH,2,0
C-WEU-ESP,2052,WASH_MACH,1,0.1
C-WEU-ESP,2052,WASH_MACH,2,0
C-WEU-ESP,2053,WASH_MACH,1,0.1
C-WEU-ESP,2053,WASH_MACH,2,0
C-WEU-ESP,2054,WASH_MACH,1,0.1
C-WEU-ESP,2054,WASH_MACH,2,0
C-WEU-ESP,2055,WASH_MACH,1,0.1
C-WEU-ESP,2055,WASH_MACH,2,0
C-WEU-ESP,2056,WASH_MACH,1,0.1
C-WEU-ESP,2056,WASH_MACH,2,0
C-WEU-ESP,2057,WASH_MACH,1,0.1
C-WEU-ESP,2057,WASH_MACH,2,0
C-WEU-ESP,2058,WASH_MACH,1,0.1
C-WEU-ESP,2058,WASH_MACH,2,0
C-WEU-ESP,2059,WASH_MACH,1,0.1
C-WEU-ESP,2059,WASH_MACH,2,0
C-WEU-ESP,2060,WASH_MACH,1,0.1
C-WEU-ESP,2060,WASH_MACH,2,0
C-WEU-ESP,2061,WASH_MACH,1,0.1
C-WEU-ESP,2061,WASH_MACH,2,0
C-WEU-ESP,2062,WASH_MACH,1,0.1
C-WEU-ESP,2062,WASH_MACH,2,0
C-WEU-ESP,2063,WASH_MACH,1,0.1
C-WEU-ESP,2063,WASH_MACH,2,0
C-WEU-ESP,2064,WASH_MACH,1,0.1
C-WEU-ESP,2064,WASH_MACH,2,0
C-WEU-ESP,2065,WASH_MACH,1,0.1
C-WEU-ESP,2065,WASH_MACH,2,0
C-WEU-ESP,2066,WASH_MACH,1,0.1
C-WEU-ESP,2066,WASH_MACH,2,0
C-WEU-ESP,2067,WASH_MACH,1,0.1
C-WEU-ESP,2067,WASH_MACH,2,0
C-WEU-ESP,2068,WASH_MACH,1,0.1
C-WEU-ESP,2068,WASH_MACH,2,0
C-WEU-ESP,2069,WASH_MACH,1,0.1
C-WEU-ESP,2069,WASH_MACH,2,0
C-WEU-ESP,2070,WASH_MACH,1,0.1
C-WEU-ESP,2070,WASH_MACH,2,0
C-WEU-ESP,2071,WASH_MACH,1,0.1
C-WEU-ESP,2071,WASH_MACH,2,0
C-WEU-ESP,2072,WASH_MACH,1,0.1
C-WEU-ESP,2072,WASH_MACH,2,0
C-WEU-ESP,2073,WASH_MACH,1,0.1
C-WEU-ESP,2073,WASH_MACH,2,0
C-WEU-ESP,2074,WASH_MACH,1,0.1
C-WEU-ESP,2074,WASH_MACH,2,0
C-WEU-ESP,2075,WASH_MACH,1,0.1
C-WEU-ESP,2075,WASH_MACH,2,0
C-WEU-ESP,2076,WASH_MACH,1,0.1
C-WEU-ESP,2076,WASH_MACH,2,0
C-WEU-ESP,2077,WASH_MACH,1,0.1
C-WEU-ESP,2077,WASH_MACH,2,0
C-WEU-ESP,2078,WASH_MACH,1,0.1
C-WEU-ESP,2078,WASH_MACH,2,0
C-WEU-ESP,2079,WASH_MACH,1,0.1
C-WEU-ESP,2079,WASH_MACH,2,0
C-WEU-ESP,2080,WASH_MACH,1,0.1
C-WEU-ESP,2080,WASH_MACH,2,0
C-WEU-ESP,2081,WASH_MACH,1,0.1
C-WEU-ESP,2081,WASH_MACH,2,0
C-WEU-ESP,2082,WASH_MACH,1,0.1
C-WEU-ESP,2082,WASH_MACH,2,0
C-WEU-ESP,2083,WASH_MACH,1,0.1
C-WEU-ESP,2083,WASH_MACH,2,0
C-WEU-ESP,2084,WASH_MACH,1,0.1
C-WEU-ESP,2084,WASH_MACH,2,0
C-WEU-ESP,2085,WASH_MACH,1,0.1
C-WEU-ESP,2085,WASH_MACH,2,0
C-WEU-ESP,2086,WASH_MACH,1,0.1
C-WEU-ESP,2086,WASH_MACH,2,0
C-WEU-ESP,2087,WASH_MACH,1,0.1
C-WEU-ESP,2087,WASH_MACH,2,0
C-WEU-ESP,2088,WASH_MACH,1,0.1
C-WEU-ESP,2088,WASH_MACH,2,0
C-WEU-ESP,2089,WASH_MACH,1,0.1
C-WEU-ESP,2089,WASH_MACH,2,0
C-WEU-ESP,2090,WASH_MACH,1,0.1
C-WEU-ESP,2090,WASH_MACH,2,0
C-WEU-ESP,2091,WASH_MACH,1,0.1
C-WEU-ESP,2091,WASH_MACH,2,0
C-WEU-ESP,2092,WASH_MACH,1,0.1
C-WEU-ESP,2092,WASH_MACH,2,0
C-WEU-ESP,2093,WASH_MACH,1,0.1
C-WEU-ESP,2093,WASH_MACH,2,0
C-WEU-ESP,2094,WASH_MACH,1,0.1
C-WEU-ESP,2094,WASH_MACH,2,0
C-WEU-ESP,2095,WASH_MACH,1,0.1
C-WEU-ESP,2095,WASH_MACH,2,0
C-WEU-ESP,2096,WASH_MACH,1,0.1
C-WEU-ESP,2096,WASH_MACH,2,0
C-WEU-ESP,2097,WASH_MACH,1,0.1
C-WEU-ESP,2097,WASH_MACH,2,0
C-WEU-ESP,2098,WASH_MACH,1,0.1
C-WEU-ESP,2098,WASH_MACH,2,0
C-WEU-ESP,2099,WASH_MACH,1,0.1
C-WEU-ESP,2099,WASH_MACH,2,0
C-WEU-ESP,2100,WASH_MACH,1,0.1
C-WEU-ESP,2100,WASH_MACH,2,0
C-WEU-ESP,2000,WASH_MACH_COM,1,0.03
C-WEU-ESP,2000,WASH_MACH_COM,2,0
C-WEU-ESP,2001,WASH_MACH_COM,1,0.03
C-WEU-ESP,2001,WASH_MACH_COM,2,0
C-WEU-ESP,2002,WASH_MACH_COM,1,0.03
C-WEU-ESP,2002,WASH_MACH_COM,2,0
C-WEU-ESP,2003,WASH_MACH_COM,1,0.03
C-WEU-ESP,2003,WASH_MACH_COM,2,0
C-WEU-ESP,2004,WASH_MACH_COM,1,0.03
C-WEU-ESP,2004,WASH_MACH_COM,2,0
C-WEU-ESP,2005,WASH_MACH_COM,1,0.03
C-WEU-ESP,2005,WASH_MACH_COM,2,0
C-WEU-ESP,2006,WASH_MACH_COM,1,0.03
C-WEU-ESP,2006,WASH_MACH_COM,2,0
C-WEU-ESP,2007,WASH_MACH_COM,1,0.03
C-WEU-ESP,2007,WASH_MACH_COM,2,0
C-WEU-ESP,2008,WASH_MACH_COM,1,0.03
C-WEU-ESP,2008,WASH_MACH_COM,2,0
C-WEU-ESP,2009,WASH_MACH_COM,1,0.03
C-WEU-ESP,2009,WASH_MACH_COM,2,0
C-WEU-ESP,2010,WASH_MACH_COM,1,0.03
C-WEU-ESP,2010,WASH_MACH_COM,2,0
C-WEU-ESP,2011,WASH_MACH_COM,1,0.03
C-WEU-ESP,2011,WASH_MACH_COM,2,0
C-WEU-ESP,2012,WASH_MACH_COM,1,0.03
C-WEU-ESP,2012,WASH_MACH_COM,2,0
C-WEU-ESP,2013,WASH_MACH_COM,1,0.03
C-WEU-ESP,2013,WASH_MACH_COM,2,0
C-WEU-ESP,2014,WASH_MACH_COM,1,0.03
C-WEU-ESP,2014,WASH_MACH_COM,2,0
C-WEU-ESP,2015,WASH_MACH_COM,1,0.03
C-WEU-ESP,2015,WASH_MACH_COM,2,0
C-WEU-ESP,2016,WASH_MACH_COM,1,0.03
C-WEU-ESP,2016,WASH_MACH_COM,2,0
C-WEU-ESP,2017,WASH_MACH_COM,1,0.03
C-WEU-ESP,2017,WASH_MACH_COM,2,0
C-WEU-ESP,2018,WASH_MACH_COM,1,0.03
C-WEU-ESP,2018,WASH_MACH_COM,2,0
C-WEU-ESP,2019,WASH_MACH_COM,1,0.03
C-WEU-ESP,2019,WASH_MACH_COM,2,0
C-WEU-ESP,2020,WASH_MACH_COM,1,0.03
C-WEU-ESP,2020,WASH_MACH_COM,2,0
C-WEU-ESP,2021,WASH_MACH_COM,1,0.03
C-WEU-ESP,2021,WASH_MACH_COM,2,0
C-WEU-ESP,2022,WASH_MACH_COM,1,0.03
C-WEU-ESP,2022,WASH_MACH_COM,2,0
C-WEU-ESP,2023,WASH_MACH_COM,1,0.03
C-WEU-ESP,2023,WASH_MACH_COM,2,0
C-WEU-ESP,2024,WASH_MACH_COM,1,0.03
C-WEU-ESP,2024,WASH_MACH_COM,2,0
C-WEU-ESP,2025,WASH_MACH_COM,1,0.03
C-WEU-ESP,2025,WASH_MACH_COM,2,0
C-WEU-ESP,2026,WASH_MACH_COM,1,0.03
C-WEU-ESP,2026,WASH_MACH_COM,2,0
C-WEU-ESP,2027,WASH_MACH_COM,1,0.03
C-WEU-ESP,2027,WASH_MACH_COM,2,0
C-WEU-ESP,2028,WASH_MACH_COM,1,0.03
C-WEU-ESP,2028,WASH_MACH_COM,2,0
C-WEU-ESP,2029,WASH_MACH_COM,1,0.03
C-WEU-ESP,2029,WASH_MACH_COM,2,0
C-WEU-ESP,2030,WASH_MACH_COM,1,0.1
C-WEU-ESP,2030,WASH_MACH_COM,2,0
C-WEU-ESP,2031,WASH_MACH_COM,1,0.1
C-WEU-ESP,2031,WASH_MACH_COM,2,0
C-WEU-ESP,2032,WASH_MACH_COM,1,0.1
C-WEU-ESP,2032,WASH_MACH_COM,2,0
C-WEU-ESP,2033,WASH_MACH_COM,1,0.1
C-WEU-ESP,2033,WASH_MACH_COM,2,0
C-WEU-ESP,2034,WASH_MACH_COM,1,0.1
C-WEU-ESP,2034,WASH_MACH_COM,2,0
C-WEU-ESP,2035,WASH_MACH_COM,1,0.1
C-WEU-ESP,2035,WASH_MACH_COM,2,0
C-WEU-ESP,2036,WASH_MACH_COM,1,0.1
C-WEU-ESP,2036,WASH_MACH_COM,2,0
C-WEU-ESP,2037,WASH_MACH_COM,1,0.1
C-WEU-ESP,2037,WASH_MACH_COM,2,0
C-WEU-ESP,2038,WASH_MACH_COM,1,0.1
C-WEU-ESP,2038,WASH_MACH_COM,2,0
C-WEU-ESP,2039,WASH_MACH_COM,1,0.1
C-WEU-ESP,2039,WASH_MACH_COM,2,0
C-WEU-ESP,2040,WASH_MACH_COM,1,0.1
C-WEU-ESP,2040,WASH_MACH_COM,2,0
C-WEU-ESP,2041,WASH_MACH_COM,1,0.1
C-WEU-ESP,2041,WASH_MACH_COM,2,0
C-WEU-ESP,2042,WASH_MACH_COM,1,0.1
C-WEU-ESP,2042,WASH_MACH_COM,2,0
C-WEU-ESP,2043,WASH_MACH_COM,1,0.1
C-WEU-ESP,2043,WASH_MACH_COM,2,0
C-WEU-ESP,2044,WASH_MACH_COM,1,0.1
C-WEU-ESP,2044,WASH_MACH_COM,2,0
C-WEU-ESP,2045,WASH_MACH_COM,1,0.1
C-WEU-ESP,2045,WASH_MACH_COM,2,0
C-WEU-ESP,2046,WASH_MACH_COM,1,0.1
C-WEU-ESP,2046,WASH_MACH_COM,2,0
C-WEU-ESP,2047,WASH_MACH_COM,1,0.1
C-WEU-ESP,2047,WASH_MACH_COM,2,0
C-WEU-ESP,2048,WASH_MACH_COM,1,0.1
C-WEU-ESP,2048,WASH_MACH_COM,2,0
C-WEU-ESP,2049,WASH_MACH_COM,1,0.1
C-WEU-ESP,2049,WASH_MACH_COM,2,0
C-WEU-ESP,2050,WASH_MACH_COM,1,0.1
C-WEU-ESP,2050,WASH_MACH_COM,2,0
C-WEU-ESP,2051,WASH_MACH_COM,1,0.1
C-WEU-ESP,2051,WASH_MACH_COM,2,0
C-WEU-ESP,2052,WASH_MACH_COM,1,0.1
C-WEU-ESP,2052,WASH_MACH_COM,2,0
C-WEU-ESP,2053,WASH_MACH_COM,1,0.1
C-WEU-ESP,2053,WASH_MACH_COM,2,0
C-WEU-ESP,2054,WASH_MACH_COM,1,0.1
C-WEU-ESP,2054,WASH_MACH_COM,2,0
C-WEU-ESP,2055,WASH_MACH_COM,1,0.1
C-WEU-ESP,2055,WASH_MACH_COM,2,0
C-WEU-ESP,2056,WASH_MACH_COM,1,0.1
C-WEU-ESP,2056,WASH_MACH_COM,2,0
C-WEU-ESP,2057,WASH_MACH_COM,1,0.1
C-WEU-ESP,2057,WASH_MACH_COM,2,0
C-WEU-ESP,2058,WASH_MACH_COM,1,0.1
C-WEU-ESP,2058,WASH_MACH_COM,2,0
C-WEU-ESP,2059,WASH_MACH_COM,1,0.1
C-WEU-ESP,2059,WASH_MACH_COM,2,0
C-WEU-ESP,2060,WASH_MACH_COM,1,0.1
C-WEU-ESP,2060,WASH_MACH_COM,2,0
C-WEU-ESP,2061,WASH_MACH_COM,1,0.1
C-WEU-ESP,2061,WASH_MACH_COM,2,0
C-WEU-ESP,2062,WASH_MACH_COM,1,0.1
C-WEU-ESP,2062,WASH_MACH_COM,2,0
C-WEU-ESP,2063,WASH_MACH_COM,1,0.1
C-WEU-ESP,2063,WASH_MACH_COM,2,0
C-WEU-ESP,2064,WASH_MACH_COM,1,0.1
C-WEU-ESP,2064,WASH_MACH_COM,2,0
C-WEU-ESP,2065,WASH_MACH_COM,1,0.1
C-WEU-ESP,2065,WASH_MACH_COM,2,0
C-WEU-ESP,2066,WASH_MACH_COM,1,0.1
C-WEU-ESP,2066,WASH_MACH_COM,2,0
C-WEU-ESP,2067,WASH_MACH_COM,1,0.1
C-WEU-ESP,2067,WASH_MACH_COM,2,0
C-WEU-ESP,2068,WASH_MACH_COM,1,0.1
C-WEU-ESP,2068,WASH_MACH_COM,2,0
C-WEU-ESP,2069,WASH_MACH_COM,1,0.1
C-WEU-ESP,2069,WASH_MACH_COM,2,0
C-WEU-ESP,2070,WASH_MACH_COM,1,0.1
C-WEU-ESP,2070,WASH_MACH_COM,2,0
C-WEU-ESP,2071,WASH_MACH_COM,1,0.1
C-WEU-ESP,2071,WASH_MACH_COM,2,0
C-WEU-ESP,2072,WASH_MACH_COM,1,0.1
C-WEU-ESP,2072,WASH_MACH_COM,2,0
C-WEU-ESP,2073,WASH_MACH_COM,1,0.1
C-WEU-ESP,2073,WASH_MACH_COM,2,0
C-WEU-ESP,2074,WASH_MACH_COM,1,0.1
C-WEU-ESP,2074,WASH_MACH_COM,2,0
C-WEU-ESP,2075,WASH_MACH_COM,1,0.1
C-WEU-ESP,2075,WASH_MACH_COM,2,0
C-WEU-ESP,2076,WASH_MACH_COM,1,0.1
C-WEU-ESP,2076,WASH_MACH_COM,2,0
C-WEU-ESP,2077,WASH_MACH_COM,1,0.1
C-WEU-ESP,2077,WASH_MACH_COM,2,0
C-WEU-ESP,2078,WASH_MACH_COM,1,0.1
C-WEU-ESP,2078,WASH_MACH_COM,2,0
C-WEU-ESP,2079,WASH_MACH_COM,1,0.1
C-WEU-ESP,2079,WASH_MACH_COM,2,0
C-WEU-ESP,2080,WASH_MACH_COM,1,0.1
C-WEU-ESP,2080,WASH_MACH_COM,2,0
C-WEU-ESP,2081,WASH_MACH_COM,1,0.1
C-WEU-ESP,2081,WASH_MACH_COM,2,0
C-WEU-ESP,2082,WASH_MACH_COM,1,0.1
C-WEU-ESP,2082,WASH_MACH_COM,2,0
C-WEU-ESP,2083,WASH_MACH_COM,1,0.1
C-WEU-ESP,2083,WASH_MACH_COM,2,0
C-WEU-ESP,2084,WASH_MACH_COM,1,0.1
C-WEU-ESP,2084,WASH_MACH_COM,2,0
C-WEU-ESP,2085,WASH_MACH_COM,1,0.1
C-WEU-ESP,2085,WASH_MACH_COM,2,0
C-WEU-ESP,2086,WASH_MACH_COM,1,0.1
C-WEU-ESP,2086,WASH_MACH_COM,2,0
C-WEU-ESP,2087,WASH_MACH_COM,1,0.1
C-WEU-ESP,2087,WASH_MACH_COM,2,0
C-WEU-ESP,2088,WASH_MACH_COM,1,0.1
C-WEU-ESP,2088,WASH_MACH_COM,2,0
C-WEU-ESP,2089,WASH_MACH_COM,1,0.1
C-WEU-ESP,2089,WASH_MACH_COM,2,0
C-WEU-ESP,2090,WASH_MACH_COM,1,0.1
C-WEU-ESP,2090,WASH_MACH_COM,2,0
C-WEU-ESP,2091,WASH_MACH_COM,1,0.1
C-WEU-ESP,2091,WASH_MACH_COM,2,0
C-WEU-ESP,2092,WASH_MACH_COM,1,0.1
C-WEU-ESP,2092,WASH_MACH_COM,2,0
C-WEU-ESP,2093,WASH_MACH_COM,1,0.1
C-WEU-ESP,2093,WASH_MACH_COM,2,0
C-WEU-ESP,2094,WASH_MACH_COM,1,0.1
C-WEU-ESP,2094,WASH_MACH_COM,2,0
C-WEU-ESP,2095,WASH_MACH_COM,1,0.1
C-WEU-ESP,2095,WASH_MACH_COM,2,0
C-WEU-ESP,2096,WASH_MACH_COM,1,0.1
C-WEU-ESP,2096,WASH_MACH_COM,2,0
C-WEU-ESP,2097,WASH_MACH_COM,1,0.1
C-WEU-ESP,2097,WASH_MACH_COM,2,0
C-WEU-ESP,2098,WASH_MACH_COM,1,0.1
C-WEU-ESP,2098,WASH_MACH_COM,2,0
C-WEU-ESP,2099,WASH_MACH_COM,1,0.1
C-WEU-ESP,2099,WASH_MACH_COM,2,0
C-WEU-ESP,2100,WASH_MACH_COM,1,0.1
C-WEU-ESP,2100,WASH_MACH_COM,2,0
C-WEU-FIN,2000,WASH_MACH,1,0.03
C-WEU-FIN,2000,WASH_MACH,2,0
C-WEU-FIN,2001,WASH_MACH,1,0.03
C-WEU-FIN,2001,WASH_MACH,2,0
C-WEU-FIN,2002,WASH_MACH,1,0.03
C-WEU-FIN,2002,WASH_MACH,2,0
C-WEU-FIN,2003,WASH_MACH,1,0.03
C-WEU-FIN,2003,WASH_MACH,2,0
C-WEU-FIN,2004,WASH_MACH,1,0.03
C-WEU-FIN,2004,WASH_MACH,2,0
C-WEU-FIN,2005,WASH_MACH,1,0.03
C-WEU-FIN,2005,WASH_MACH,2,0
C-WEU-FIN,2006,WASH_MACH,1,0.03
C-WEU-FIN,2006,WASH_MACH,2,0
C-WEU-FIN,2007,WASH_MACH,1,0.03
C-WEU-FIN,2007,WASH_MACH,2,0
C-WEU-FIN,2008,WASH_MACH,1,0.03
C-WEU-FIN,2008,WASH_MACH,2,0
C-WEU-FIN,2009,WASH_MACH,1,0.03
C-WEU-FIN,2009,WASH_MACH,2,0
C-WEU-FIN,2010,WASH_MACH,1,0.03
C-WEU-FIN,2010,WASH_MACH,2,0
C-WEU-FIN,2011,WASH_MACH,1,0.03
C-WEU-FIN,2011,WASH_MACH,2,0
C-WEU-FIN,2012,WASH_MACH,1,0.03
C-WEU-FIN,2012,WASH_MACH,2,0
C-WEU-FIN,2013,WASH_MACH,1,0.03
C-WEU-FIN,2013,WASH_MACH,2,0
C-WEU-FIN,2014,WASH_MACH,1,0.03
C-WEU-FIN,2014,WASH_MACH,2,0
C-WEU-FIN,2015,WASH_MACH,1,0.03
C-WEU-FIN,2015,WASH_MACH,2,0
C-WEU-FIN,2016,WASH_MACH,1,0.03
C-WEU-FIN,2016,WASH_MACH,2,0
C-WEU-FIN,2017,WASH_MACH,1,0.03
C-WEU-FIN,2017,WASH_MACH,2,0
C-WEU-FIN,2018,WASH_MACH,1,0.03
C-WEU-FIN,2018,WASH_MACH,2,0
C-WEU-FIN,2019,WASH_MACH,1,0.03
C-WEU-FIN,2019,WASH_MACH,2,0
C-WEU-FIN,2020,WASH_MACH,1,0.03
C-WEU-FIN,2020,WASH_MACH,2,0
C-WEU-FIN,2021,WASH_MACH,1,0.03
C-WEU-FIN,2021,WASH_MACH,2,0
C-WEU-FIN,2022,WASH_MACH,1,0.03
C-WEU-FIN,2022,WASH_MACH,2,0
C-WEU-FIN,2023,WASH_MACH,1,0.03
C-WEU-FIN,2023,WASH_MACH,2,0
C-WEU-FIN,2024,WASH_MACH,1,0.03
C-WEU-FIN,2024,WASH_MACH,2,0
C-WEU-FIN,2025,WASH_MACH,1,0.03
C-WEU-FIN,2025,WASH_MACH,2,0
C-WEU-FIN,2026,WASH_MACH,1,0.03
C-WEU-FIN,2026,WASH_MACH,2,0
C-WEU-FIN,2027,WASH_MACH,1,0.03
C-WEU-FIN,2027,WASH_MACH,2,0
C-WEU-FIN,2028,WASH_MACH,1,0.03
C-WEU-FIN,2028,WASH_MACH,2,0
C-WEU-FIN,2029,WASH_MACH,1,0.03
C-WEU-FIN,2029,WASH_MACH,2,0
C-WEU-FIN,2030,WASH_MACH,1,0.1
C-WEU-FIN,2030,WASH_MACH,2,0
C-WEU-FIN,2031,WASH_MACH,1,0.1
C-WEU-FIN,2031,WASH_MACH,2,0
C-WEU-FIN,2032,WASH_MACH,1,0.1
C-WEU-FIN,2032,WASH_MACH,2,0
C-WEU-FIN,2033,WASH_MACH,1,0.1
C-WEU-FIN,2033,WASH_MACH,2,0
C-WEU-FIN,2034,WASH_MACH,1,0.1
C-WEU-FIN,2034,WASH_MACH,2,0
C-WEU-FIN,2035,WASH_MACH,1,0.1
C-WEU-FIN,2035,WASH_MACH,2,0
C-WEU-FIN,2036,WASH_MACH,1,0.1
C-WEU-FIN,2036,WASH_MACH,2,0
C-WEU-FIN,2037,WASH_MACH,1,0.1
C-WEU-FIN,2037,WASH_MACH,2,0
C-WEU-FIN,2038,WASH_MACH,1,0.1
C-WEU-FIN,2038,WASH_MACH,2,0
C-WEU-FIN,2039,WASH_MACH,1,0.1
C-WEU-FIN,2039,WASH_MACH,2,0
C-WEU-FIN,2040,WASH_MACH,1,0.1
C-WEU-FIN,2040,WASH_MACH,2,0
C-WEU-FIN,2041,WASH_MACH,1,0.1
C-WEU-FIN,2041,WASH_MACH,2,0
C-WEU-FIN,2042,WASH_MACH,1,0.1
C-WEU-FIN,2042,WASH_MACH,2,0
C-WEU-FIN,2043,WASH_MACH,1,0.1
C-WEU-FIN,2043,WASH_MACH,2,0
C-WEU-FIN,2044,WASH_MACH,1,0.1
C-WEU-FIN,2044,WASH_MACH,2,0
C-WEU-FIN,2045,WASH_MACH,1,0.1
C-WEU-FIN,2045,WASH_MACH,2,0
C-WEU-FIN,2046,WASH_MACH,1,0.1
C-WEU-FIN,2046,WASH_MACH,2,0
C-WEU-FIN,2047,WASH_MACH,1,0.1
C-WEU-FIN,2047,WASH_MACH,2,0
C-WEU-FIN,2048,WASH_MACH,1,0.1
C-WEU-FIN,2048,WASH_MACH,2,0
C-WEU-FIN,2049,WASH_MACH,1,0.1
C-WEU-FIN,2049,WASH_MACH,2,0
C-WEU-FIN,2050,WASH_MACH,1,0.1
C-WEU-FIN,2050,WASH_MACH,2,0
C-WEU-FIN,2051,WASH_MACH,1,0.1
C-WEU-FIN,2051,WASH_MACH,2,0
C-WEU-FIN,2052,WASH_MACH,1,0.1
C-WEU-FIN,2052,WASH_MACH,2,0
C-WEU-FIN,2053,WASH_MACH,1,0.1
C-WEU-FIN,2053,WASH_MACH,2,0
C-WEU-FIN,2054,WASH_MACH,1,0.1
C-WEU-FIN,2054,WASH_MACH,2,0
C-WEU-FIN,2055,WASH_MACH,1,0.1
C-WEU-FIN,2055,WASH_MACH,2,0
C-WEU-FIN,2056,WASH_MACH,1,0.1
C-WEU-FIN,2056,WASH_MACH,2,0
C-WEU-FIN,2057,WASH_MACH,1,0.1
C-WEU-FIN,2057,WASH_MACH,2,0
C-WEU-FIN,2058,WASH_MACH,1,0.1
C-WEU-FIN,2058,WASH_MACH,2,0
C-WEU-FIN,2059,WASH_MACH,1,0.1
C-WEU-FIN,2059,WASH_MACH,2,0
C-WEU-FIN,2060,WASH_MACH,1,0.1
C-WEU-FIN,2060,WASH_MACH,2,0
C-WEU-FIN,2061,WASH_MACH,1,0.1
C-WEU-FIN,2061,WASH_MACH,2,0
C-WEU-FIN,2062,WASH_MACH,1,0.1
C-WEU-FIN,2062,WASH_MACH,2,0
C-WEU-FIN,2063,WASH_MACH,1,0.1
C-WEU-FIN,2063,WASH_MACH,2,0
C-WEU-FIN,2064,WASH_MACH,1,0.1
C-WEU-FIN,2064,WASH_MACH,2,0
C-WEU-FIN,2065,WASH_MACH,1,0.1
C-WEU-FIN,2065,WASH_MACH,2,0
C-WEU-FIN,2066,WASH_MACH,1,0.1
C-WEU-FIN,2066,WASH_MACH,2,0
C-WEU-FIN,2067,WASH_MACH,1,0.1
C-WEU-FIN,2067,WASH_MACH,2,0
C-WEU-FIN,2068,WASH_MACH,1,0.1
C-WEU-FIN,2068,WASH_MACH,2,0
C-WEU-FIN,2069,WASH_MACH,1,0.1
C-WEU-FIN,2069,WASH_MACH,2,0
C-WEU-FIN,2070,WASH_MACH,1,0.1
C-WEU-FIN,2070,WASH_MACH,2,0
C-WEU-FIN,2071,WASH_MACH,1,0.1
C-WEU-FIN,2071,WASH_MACH,2,0
C-WEU-FIN,2072,WASH_MACH,1,0.1
C-WEU-FIN,2072,WASH_MACH,2,0
C-WEU-FIN,2073,WASH_MACH,1,0.1
C-WEU-FIN,2073,WASH_MACH,2,0
C-WEU-FIN,2074,WASH_MACH,1,0.1
C-WEU-FIN,2074,WASH_MACH,2,0
C-WEU-FIN,2075,WASH_MACH,1,0.1
C-WEU-FIN,2075,WASH_MACH,2,0
C-WEU-FIN,2076,WASH_MACH,1,0.1
C-WEU-FIN,2076,WASH_MACH,2,0
C-WEU-FIN,2077,WASH_MACH,1,0.1
C-WEU-FIN,2077,WASH_MACH,2,0
C-WEU-FIN,2078,WASH_MACH,1,0.1
C-WEU-FIN,2078,WASH_MACH,2,0
C-WEU-FIN,2079,WASH_MACH,1,0.1
C-WEU-FIN,2079,WASH_MACH,2,0
C-WEU-FIN,2080,WASH_MACH,1,0.1
C-WEU-FIN,2080,WASH_MACH,2,0
C-WEU-FIN,2081,WASH_MACH,1,0.1
C-WEU-FIN,2081,WASH_MACH,2,0
C-WEU-FIN,2082,WASH_MACH,1,0.1
C-WEU-FIN,2082,WASH_MACH,2,0
C-WEU-FIN,2083,WASH_MACH,1,0.1
C-WEU-FIN,2083,WASH_MACH,2,0
C-WEU-FIN,2084,WASH_MACH,1,0.1
C-WEU-FIN,2084,WASH_MACH,2,0
C-WEU-FIN,2085,WASH_MACH,1,0.1
C-WEU-FIN,2085,WASH_MACH,2,0
C-WEU-FIN,2086,WASH_MACH,1,0.1
C-WEU-FIN,2086,WASH_MACH,2,0
C-WEU-FIN,2087,WASH_MACH,1,0.1
C-WEU-FIN,2087,WASH_MACH,2,0
C-WEU-FIN,2088,WASH_MACH,1,0.1
C-WEU-FIN,2088,WASH_MACH,2,0
C-WEU-FIN,2089,WASH_MACH,1,0.1
C-WEU-FIN,2089,WASH_MACH,2,0
C-WEU-FIN,2090,WASH_MACH,1,0.1
C-WEU-FIN,2090,WASH_MACH,2,0
C-WEU-FIN,2091,WASH_MACH,1,0.1
C-WEU-FIN,2091,WASH_MACH,2,0
C-WEU-FIN,2092,WASH_MACH,1,0.1
C-WEU-FIN,2092,WASH_MACH,2,0
C-WEU-FIN,2093,WASH_MACH,1,0.1
C-WEU-FIN,2093,WASH_MACH,2,0
C-WEU-FIN,2094,WASH_MACH,1,0.1
C-WEU-FIN,2094,WASH_MACH,2,0
C-WEU-FIN,2095,WASH_MACH,1,0.1
C-WEU-FIN,2095,WASH_MACH,2,0
C-WEU-FIN,2096,WASH_MACH,1,0.1
C-WEU-FIN,2096,WASH_MACH,2,0
C-WEU-FIN,2097,WASH_MACH,1,0.1
C-WEU-FIN,2097,WASH_MACH,2,0
C-WEU-FIN,2098,WASH_MACH,1,0.1
C-WEU-FIN,2098,WASH_MACH,2,0
C-WEU-FIN,2099,WASH_MACH,1,0.1
C-WEU-FIN,2099,WASH_MACH,2,0
C-WEU-FIN,2100,WASH_MACH,1,0.1
C-WEU-FIN,2100,WASH_MACH,2,0
C-WEU-FIN,2000,WASH_MACH_COM,1,0.03
C-WEU-FIN,2000,WASH_MACH_COM,2,0
C-WEU-FIN,2001,WASH_MACH_COM,1,0.03
C-WEU-FIN,2001,WASH_MACH_COM,2,0
C-WEU-FIN,2002,WASH_MACH_COM,1,0.03
C-WEU-FIN,2002,WASH_MACH_COM,2,0
C-WEU-FIN,2003,WASH_MACH_COM,1,0.03
C-WEU-FIN,2003,WASH_MACH_COM,2,0
C-WEU-FIN,2004,WASH_MACH_COM,1,0.03
C-WEU-FIN,2004,WASH_MACH_COM,2,0
C-WEU-FIN,2005,WASH_MACH_COM,1,0.03
C-WEU-FIN,2005,WASH_MACH_COM,2,0
C-WEU-FIN,2006,WASH_MACH_COM,1,0.03
C-WEU-FIN,2006,WASH_MACH_COM,2,0
C-WEU-FIN,2007,WASH_MACH_COM,1,0.03
C-WEU-FIN,2007,WASH_MACH_COM,2,0
C-WEU-FIN,2008,WASH_MACH_COM,1,0.03
C-WEU-FIN,2008,WASH_MACH_COM,2,0
C-WEU-FIN,2009,WASH_MACH_COM,1,0.03
C-WEU-FIN,2009,WASH_MACH_COM,2,0
C-WEU-FIN,2010,WASH_MACH_COM,1,0.03
C-WEU-FIN,2010,WASH_MACH_COM,2,0
C-WEU-FIN,2011,WASH_MACH_COM,1,0.03
C-WEU-FIN,2011,WASH_MACH_COM,2,0
C-WEU-FIN,2012,WASH_MACH_COM,1,0.03
C-WEU-FIN,2012,WASH_MACH_COM,2,0
C-WEU-FIN,2013,WASH_MACH_COM,1,0.03
C-WEU-FIN,2013,WASH_MACH_COM,2,0
C-WEU-FIN,2014,WASH_MACH_COM,1,0.03
C-WEU-FIN,2014,WASH_MACH_COM,2,0
C-WEU-FIN,2015,WASH_MACH_COM,1,0.03
C-WEU-FIN,2015,WASH_MACH_COM,2,0
C-WEU-FIN,2016,WASH_MACH_COM,1,0.03
C-WEU-FIN,2016,WASH_MACH_COM,2,0
C-WEU-FIN,2017,WASH_MACH_COM,1,0.03
C-WEU-FIN,2017,WASH_MACH_COM,2,0
C-WEU-FIN,2018,WASH_MACH_COM,1,0.03
C-WEU-FIN,2018,WASH_MACH_COM,2,0
C-WEU-FIN,2019,WASH_MACH_COM,1,0.03
C-WEU-FIN,2019,WASH_MACH_COM,2,0
C-WEU-FIN,2020,WASH_MACH_COM,1,0.03
C-WEU-FIN,2020,WASH_MACH_COM,2,0
C-WEU-FIN,2021,WASH_MACH_COM,1,0.03
C-WEU-FIN,2021,WASH_MACH_COM,2,0
C-WEU-FIN,2022,WASH_MACH_COM,1,0.03
C-WEU-FIN,2022,WASH_MACH_COM,2,0
C-WEU-FIN,2023,WASH_MACH_COM,1,0.03
C-WEU-FIN,2023,WASH_MACH_COM,2,0
C-WEU-FIN,2024,WASH_MACH_COM,1,0.03
C-WEU-FIN,2024,WASH_MACH_COM,2,0
C-WEU-FIN,2025,WASH_MACH_COM,1,0.03
C-WEU-FIN,2025,WASH_MACH_COM,2,0
C-WEU-FIN,2026,WASH_MACH_COM,1,0.03
C-WEU-FIN,2026,WASH_MACH_COM,2,0
C-WEU-FIN,2027,WASH_MACH_COM,1,0.03
C-WEU-FIN,2027,WASH_MACH_COM,2,0
C-WEU-FIN,2028,WASH_MACH_COM,1,0.03
C-WEU-FIN,2028,WASH_MACH_COM,2,0
C-WEU-FIN,2029,WASH_MACH_COM,1,0.03
C-WEU-FIN,2029,WASH_MACH_COM,2,0
C-WEU-FIN,2030,WASH_MACH_COM,1,0.1
C-WEU-FIN,2030,WASH_MACH_COM,2,0
C-WEU-FIN,2031,WASH_MACH_COM,1,0.1
C-WEU-FIN,2031,WASH_MACH_COM,2,0
C-WEU-FIN,2032,WASH_MACH_COM,1,0.1
C-WEU-FIN,2032,WASH_MACH_COM,2,0
C-WEU-FIN,2033,WASH_MACH_COM,1,0.1
C-WEU-FIN,2033,WASH_MACH_COM,2,0
C-WEU-FIN,2034,WASH_MACH_COM,1,0.1
C-WEU-FIN,2034,WASH_MACH_COM,2,0
C-WEU-FIN,2035,WASH_MACH_COM,1,0.1
C-WEU-FIN,2035,WASH_MACH_COM,2,0
C-WEU-FIN,2036,WASH_MACH_COM,1,0.1
C-WEU-FIN,2036,WASH_MACH_COM,2,0
C-WEU-FIN,2037,WASH_MACH_COM,1,0.1
C-WEU-FIN,2037,WASH_MACH_COM,2,0
C-WEU-FIN,2038,WASH_MACH_COM,1,0.1
C-WEU-FIN,2038,WASH_MACH_COM,2,0
C-WEU-FIN,2039,WASH_MACH_COM,1,0.1
C-WEU-FIN,2039,WASH_MACH_COM,2,0
C-WEU-FIN,2040,WASH_MACH_COM,1,0.1
C-WEU-FIN,2040,WASH_MACH_COM,2,0
C-WEU-FIN,2041,WASH_MACH_COM,1,0.1
C-WEU-FIN,2041,WASH_MACH_COM,2,0
C-WEU-FIN,2042,WASH_MACH_COM,1,0.1
C-WEU-FIN,2042,WASH_MACH_COM,2,0
C-WEU-FIN,2043,WASH_MACH_COM,1,0.1
C-WEU-FIN,2043,WASH_MACH_COM,2,0
C-WEU-FIN,2044,WASH_MACH_COM,1,0.1
C-WEU-FIN,2044,WASH_MACH_COM,2,0
C-WEU-FIN,2045,WASH_MACH_COM,1,0.1
C-WEU-FIN,2045,WASH_MACH_COM,2,0
C-WEU-FIN,2046,WASH_MACH_COM,1,0.1
C-WEU-FIN,2046,WASH_MACH_COM,2,0
C-WEU-FIN,2047,WASH_MACH_COM,1,0.1
C-WEU-FIN,2047,WASH_MACH_COM,2,0
C-WEU-FIN,2048,WASH_MACH_COM,1,0.1
C-WEU-FIN,2048,WASH_MACH_COM,2,0
C-WEU-FIN,2049,WASH_MACH_COM,1,0.1
C-WEU-FIN,2049,WASH_MACH_COM,2,0
C-WEU-FIN,2050,WASH_MACH_COM,1,0.1
C-WEU-FIN,2050,WASH_MACH_COM,2,0
C-WEU-FIN,2051,WASH_MACH_COM,1,0.1
C-WEU-FIN,2051,WASH_MACH_COM,2,0
C-WEU-FIN,2052,WASH_MACH_COM,1,0.1
C-WEU-FIN,2052,WASH_MACH_COM,2,0
C-WEU-FIN,2053,WASH_MACH_COM,1,0.1
C-WEU-FIN,2053,WASH_MACH_COM,2,0
C-WEU-FIN,2054,WASH_MACH_COM,1,0.1
C-WEU-FIN,2054,WASH_MACH_COM,2,0
C-WEU-FIN,2055,WASH_MACH_COM,1,0.1
C-WEU-FIN,2055,WASH_MACH_COM,2,0
C-WEU-FIN,2056,WASH_MACH_COM,1,0.1
C-WEU-FIN,2056,WASH_MACH_COM,2,0
C-WEU-FIN,2057,WASH_MACH_COM,1,0.1
C-WEU-FIN,2057,WASH_MACH_COM,2,0
C-WEU-FIN,2058,WASH_MACH_COM,1,0.1
C-WEU-FIN,2058,WASH_MACH_COM,2,0
C-WEU-FIN,2059,WASH_MACH_COM,1,0.1
C-WEU-FIN,2059,WASH_MACH_COM,2,0
C-WEU-FIN,2060,WASH_MACH_COM,1,0.1
C-WEU-FIN,2060,WASH_MACH_COM,2,0
C-WEU-FIN,2061,WASH_MACH_COM,1,0.1
C-WEU-FIN,2061,WASH_MACH_COM,2,0
C-WEU-FIN,2062,WASH_MACH_COM,1,0.1
C-WEU-FIN,2062,WASH_MACH_COM,2,0
C-WEU-FIN,2063,WASH_MACH_COM,1,0.1
C-WEU-FIN,2063,WASH_MACH_COM,2,0
C-WEU-FIN,2064,WASH_MACH_COM,1,0.1
C-WEU-FIN,2064,WASH_MACH_COM,2,0
C-WEU-FIN,2065,WASH_MACH_COM,1,0.1
C-WEU-FIN,2065,WASH_MACH_COM,2,0
C-WEU-FIN,2066,WASH_MACH_COM,1,0.1
C-WEU-FIN,2066,WASH_MACH_COM,2,0
C-WEU-FIN,2067,WASH_MACH_COM,1,0.1
C-WEU-FIN,2067,WASH_MACH_COM,2,0
C-WEU-FIN,2068,WASH_MACH_COM,1,0.1
C-WEU-FIN,2068,WASH_MACH_COM,2,0
C-WEU-FIN,2069,WASH_MACH_COM,1,0.1
C-WEU-FIN,2069,WASH_MACH_COM,2,0
C-WEU-FIN,2070,WASH_MACH_COM,1,0.1
C-WEU-FIN,2070,WASH_MACH_COM,2,0
C-WEU-FIN,2071,WASH_MACH_COM,1,0.1
C-WEU-FIN,2071,WASH_MACH_COM,2,0
C-WEU-FIN,2072,WASH_MACH_COM,1,0.1
C-WEU-FIN,2072,WASH_MACH_COM,2,0
C-WEU-FIN,2073,WASH_MACH_COM,1,0.1
C-WEU-FIN,2073,WASH_MACH_COM,2,0
C-WEU-FIN,2074,WASH_MACH_COM,1,0.1
C-WEU-FIN,2074,WASH_MACH_COM,2,0
C-WEU-FIN,2075,WASH_MACH_COM,1,0.1
C-WEU-FIN,2075,WASH_MACH_COM,2,0
C-WEU-FIN,2076,WASH_MACH_COM,1,0.1
C-WEU-FIN,2076,WASH_MACH_COM,2,0
C-WEU-FIN,2077,WASH_MACH_COM,1,0.1
C-WEU-FIN,2077,WASH_MACH_COM,2,0
C-WEU-FIN,2078,WASH_MACH_COM,1,0.1
C-WEU-FIN,2078,WASH_MACH_COM,2,0
C-WEU-FIN,2079,WASH_MACH_COM,1,0.1
C-WEU-FIN,2079,WASH_MACH_COM,2,0
C-WEU-FIN,2080,WASH_MACH_COM,1,0.1
C-WEU-FIN,2080,WASH_MACH_COM,2,0
C-WEU-FIN,2081,WASH_MACH_COM,1,0.1
C-WEU-FIN,2081,WASH_MACH_COM,2,0
C-WEU-FIN,2082,WASH_MACH_COM,1,0.1
C-WEU-FIN,2082,WASH_MACH_COM,2,0
C-WEU-FIN,2083,WASH_MACH_COM,1,0.1
C-WEU-FIN,2083,WASH_MACH_COM,2,0
C-WEU-FIN,2084,WASH_MACH_COM,1,0.1
C-WEU-FIN,2084,WASH_MACH_COM,2,0
C-WEU-FIN,2085,WASH_MACH_COM,1,0.1
C-WEU-FIN,2085,WASH_MACH_COM,2,0
C-WEU-FIN,2086,WASH_MACH_COM,1,0.1
C-WEU-FIN,2086,WASH_MACH_COM,2,0
C-WEU-FIN,2087,WASH_MACH_COM,1,0.1
C-WEU-FIN,2087,WASH_MACH_COM,2,0
C-WEU-FIN,2088,WASH_MACH_COM,1,0.1
C-WEU-FIN,2088,WASH_MACH_COM,2,0
C-WEU-FIN,2089,WASH_MACH_COM,1,0.1
C-WEU-FIN,2089,WASH_MACH_COM,2,0
C-WEU-FIN,2090,WASH_MACH_COM,1,0.1
C-WEU-FIN,2090,WASH_MACH_COM,2,0
C-WEU-FIN,2091,WASH_MACH_COM,1,0.1
C-WEU-FIN,2091,WASH_MACH_COM,2,0
C-WEU-FIN,2092,WASH_MACH_COM,1,0.1
C-WEU-FIN,2092,WASH_MACH_COM,2,0
C-WEU-FIN,2093,WASH_MACH_COM,1,0.1
C-WEU-FIN,2093,WASH_MACH_COM,2,0
C-WEU-FIN,2094,WASH_MACH_COM,1,0.1
C-WEU-FIN,2094,WASH_MACH_COM,2,0
C-WEU-FIN,2095,WASH_MACH_COM,1,0.1
C-WEU-FIN,2095,WASH_MACH_COM,2,0
C-WEU-FIN,2096,WASH_MACH_COM,1,0.1
C-WEU-FIN,2096,WASH_MACH_COM,2,0
C-WEU-FIN,2097,WASH_MACH_COM,1,0.1
C-WEU-FIN,2097,WASH_MACH_COM,2,0
C-WEU-FIN,2098,WASH_MACH_COM,1,0.1
C-WEU-FIN,2098,WASH_MACH_COM,2,0
C-WEU-FIN,2099,WASH_MACH_COM,1,0.1
C-WEU-FIN,2099,WASH_MACH_COM,2,0
C-WEU-FIN,2100,WASH_MACH_COM,1,0.1
C-WEU-FIN,2100,WASH_MACH_COM,2,0
C-WEU-FRA,2000,WASH_MACH,1,0.03
C-WEU-FRA,2000,WASH_MACH,2,0
C-WEU-FRA,2001,WASH_MACH,1,0.03
C-WEU-FRA,2001,WASH_MACH,2,0
C-WEU-FRA,2002,WASH_MACH,1,0.03
C-WEU-FRA,2002,WASH_MACH,2,0
C-WEU-FRA,2003,WASH_MACH,1,0.03
C-WEU-FRA,2003,WASH_MACH,2,0
C-WEU-FRA,2004,WASH_MACH,1,0.03
C-WEU-FRA,2004,WASH_MACH,2,0
C-WEU-FRA,2005,WASH_MACH,1,0.03
C-WEU-FRA,2005,WASH_MACH,2,0
C-WEU-FRA,2006,WASH_MACH,1,0.03
C-WEU-FRA,2006,WASH_MACH,2,0
C-WEU-FRA,2007,WASH_MACH,1,0.03
C-WEU-FRA,2007,WASH_MACH,2,0
C-WEU-FRA,2008,WASH_MACH,1,0.03
C-WEU-FRA,2008,WASH_MACH,2,0
C-WEU-FRA,2009,WASH_MACH,1,0.03
C-WEU-FRA,2009,WASH_MACH,2,0
C-WEU-FRA,2010,WASH_MACH,1,0.03
C-WEU-FRA,2010,WASH_MACH,2,0
C-WEU-FRA,2011,WASH_MACH,1,0.03
C-WEU-FRA,2011,WASH_MACH,2,0
C-WEU-FRA,2012,WASH_MACH,1,0.03
C-WEU-FRA,2012,WASH_MACH,2,0
C-WEU-FRA,2013,WASH_MACH,1,0.03
C-WEU-FRA,2013,WASH_MACH,2,0
C-WEU-FRA,2014,WASH_MACH,1,0.03
C-WEU-FRA,2014,WASH_MACH,2,0
C-WEU-FRA,2015,WASH_MACH,1,0.03
C-WEU-FRA,2015,WASH_MACH,2,0
C-WEU-FRA,2016,WASH_MACH,1,0.03
C-WEU-FRA,2016,WASH_MACH,2,0
C-WEU-FRA,2017,WASH_MACH,1,0.03
C-WEU-FRA,2017,WASH_MACH,2,0
C-WEU-FRA,2018,WASH_MACH,1,0.03
C-WEU-FRA,2018,WASH_MACH,2,0
C-WEU-FRA,2019,WASH_MACH,1,0.03
C-WEU-FRA,2019,WASH_MACH,2,0
C-WEU-FRA,2020,WASH_MACH,1,0.03
C-WEU-FRA,2020,WASH_MACH,2,0
C-WEU-FRA,2021,WASH_MACH,1,0.03
C-WEU-FRA,2021,WASH_MACH,2,0
C-WEU-FRA,2022,WASH_MACH,1,0.03
C-WEU-FRA,2022,WASH_MACH,2,0
C-WEU-FRA,2023,WASH_MACH,1,0.03
C-WEU-FRA,2023,WASH_MACH,2,0
C-WEU-FRA,2024,WASH_MACH,1,0.03
C-WEU-FRA,2024,WASH_MACH,2,0
C-WEU-FRA,2025,WASH_MACH,1,0.03
C-WEU-FRA,2025,WASH_MACH,2,0
C-WEU-FRA,2026,WASH_MACH,1,0.03
C-WEU-FRA,2026,WASH_MACH,2,0
C-WEU-FRA,2027,WASH_MACH,1,0.03
C-WEU-FRA,2027,WASH_MACH,2,0
C-WEU-FRA,2028,WASH_MACH,1,0.03
C-WEU-FRA,2028,WASH_MACH,2,0
C-WEU-FRA,2029,WASH_MACH,1,0.03
C-WEU-FRA,2029,WASH_MACH,2,0
C-WEU-FRA,2030,WASH_MACH,1,0.1
C-WEU-FRA,2030,WASH_MACH,2,0
C-WEU-FRA,2031,WASH_MACH,1,0.1
C-WEU-FRA,2031,WASH_MACH,2,0
C-WEU-FRA,2032,WASH_MACH,1,0.1
C-WEU-FRA,2032,WASH_MACH,2,0
C-WEU-FRA,2033,WASH_MACH,1,0.1
C-WEU-FRA,2033,WASH_MACH,2,0
C-WEU-FRA,2034,WASH_MACH,1,0.1
C-WEU-FRA,2034,WASH_MACH,2,0
C-WEU-FRA,2035,WASH_MACH,1,0.1
C-WEU-FRA,2035,WASH_MACH,2,0
C-WEU-FRA,2036,WASH_MACH,1,0.1
C-WEU-FRA,2036,WASH_MACH,2,0
C-WEU-FRA,2037,WASH_MACH,1,0.1
C-WEU-FRA,2037,WASH_MACH,2,0
C-WEU-FRA,2038,WASH_MACH,1,0.1
C-WEU-FRA,2038,WASH_MACH,2,0
C-WEU-FRA,2039,WASH_MACH,1,0.1
C-WEU-FRA,2039,WASH_MACH,2,0
C-WEU-FRA,2040,WASH_MACH,1,0.1
C-WEU-FRA,2040,WASH_MACH,2,0
C-WEU-FRA,2041,WASH_MACH,1,0.1
C-WEU-FRA,2041,WASH_MACH,2,0
C-WEU-FRA,2042,WASH_MACH,1,0.1
C-WEU-FRA,2042,WASH_MACH,2,0
C-WEU-FRA,2043,WASH_MACH,1,0.1
C-WEU-FRA,2043,WASH_MACH,2,0
C-WEU-FRA,2044,WASH_MACH,1,0.1
C-WEU-FRA,2044,WASH_MACH,2,0
C-WEU-FRA,2045,WASH_MACH,1,0.1
C-WEU-FRA,2045,WASH_MACH,2,0
C-WEU-FRA,2046,WASH_MACH,1,0.1
C-WEU-FRA,2046,WASH_MACH,2,0
C-WEU-FRA,2047,WASH_MACH,1,0.1
C-WEU-FRA,2047,WASH_MACH,2,0
C-WEU-FRA,2048,WASH_MACH,1,0.1
C-WEU-FRA,2048,WASH_MACH,2,0
C-WEU-FRA,2049,WASH_MACH,1,0.1
C-WEU-FRA,2049,WASH_MACH,2,0
C-WEU-FRA,2050,WASH_MACH,1,0.1
C-WEU-FRA,2050,WASH_MACH,2,0
C-WEU-FRA,2051,WASH_MACH,1,0.1
C-WEU-FRA,2051,WASH_MACH,2,0
C-WEU-FRA,2052,WASH_MACH,1,0.1
C-WEU-FRA,2052,WASH_MACH,2,0
C-WEU-FRA,2053,WASH_MACH,1,0.1
C-WEU-FRA,2053,WASH_MACH,2,0
C-WEU-FRA,2054,WASH_MACH,1,0.1
C-WEU-FRA,2054,WASH_MACH,2,0
C-WEU-FRA,2055,WASH_MACH,1,0.1
C-WEU-FRA,2055,WASH_MACH,2,0
C-WEU-FRA,2056,WASH_MACH,1,0.1
C-WEU-FRA,2056,WASH_MACH,2,0
C-WEU-FRA,2057,WASH_MACH,1,0.1
C-WEU-FRA,2057,WASH_MACH,2,0
C-WEU-FRA,2058,WASH_MACH,1,0.1
C-WEU-FRA,2058,WASH_MACH,2,0
C-WEU-FRA,2059,WASH_MACH,1,0.1
C-WEU-FRA,2059,WASH_MACH,2,0
C-WEU-FRA,2060,WASH_MACH,1,0.1
C-WEU-FRA,2060,WASH_MACH,2,0
C-WEU-FRA,2061,WASH_MACH,1,0.1
C-WEU-FRA,2061,WASH_MACH,2,0
C-WEU-FRA,2062,WASH_MACH,1,0.1
C-WEU-FRA,2062,WASH_MACH,2,0
C-WEU-FRA,2063,WASH_MACH,1,0.1
C-WEU-FRA,2063,WASH_MACH,2,0
C-WEU-FRA,2064,WASH_MACH,1,0.1
C-WEU-FRA,2064,WASH_MACH,2,0
C-WEU-FRA,2065,WASH_MACH,1,0.1
C-WEU-FRA,2065,WASH_MACH,2,0
C-WEU-FRA,2066,WASH_MACH,1,0.1
C-WEU-FRA,2066,WASH_MACH,2,0
C-WEU-FRA,2067,WASH_MACH,1,0.1
C-WEU-FRA,2067,WASH_MACH,2,0
C-WEU-FRA,2068,WASH_MACH,1,0.1
C-WEU-FRA,2068,WASH_MACH,2,0
C-WEU-FRA,2069,WASH_MACH,1,0.1
C-WEU-FRA,2069,WASH_MACH,2,0
C-WEU-FRA,2070,WASH_MACH,1,0.1
C-WEU-FRA,2070,WASH_MACH,2,0
C-WEU-FRA,2071,WASH_MACH,1,0.1
C-WEU-FRA,2071,WASH_MACH,2,0
C-WEU-FRA,2072,WASH_MACH,1,0.1
C-WEU-FRA,2072,WASH_MACH,2,0
C-WEU-FRA,2073,WASH_MACH,1,0.1
C-WEU-FRA,2073,WASH_MACH,2,0
C-WEU-FRA,2074,WASH_MACH,1,0.1
C-WEU-FRA,2074,WASH_MACH,2,0
C-WEU-FRA,2075,WASH_MACH,1,0.1
C-WEU-FRA,2075,WASH_MACH,2,0
C-WEU-FRA,2076,WASH_MACH,1,0.1
C-WEU-FRA,2076,WASH_MACH,2,0
C-WEU-FRA,2077,WASH_MACH,1,0.1
C-WEU-FRA,2077,WASH_MACH,2,0
C-WEU-FRA,2078,WASH_MACH,1,0.1
C-WEU-FRA,2078,WASH_MACH,2,0
C-WEU-FRA,2079,WASH_MACH,1,0.1
C-WEU-FRA,2079,WASH_MACH,2,0
C-WEU-FRA,2080,WASH_MACH,1,0.1
C-WEU-FRA,2080,WASH_MACH,2,0
C-WEU-FRA,2081,WASH_MACH,1,0.1
C-WEU-FRA,2081,WASH_MACH,2,0
C-WEU-FRA,2082,WASH_MACH,1,0.1
C-WEU-FRA,2082,WASH_MACH,2,0
C-WEU-FRA,2083,WASH_MACH,1,0.1
C-WEU-FRA,2083,WASH_MACH,2,0
C-WEU-FRA,2084,WASH_MACH,1,0.1
C-WEU-FRA,2084,WASH_MACH,2,0
C-WEU-FRA,2085,WASH_MACH,1,0.1
C-WEU-FRA,2085,WASH_MACH,2,0
C-WEU-FRA,2086,WASH_MACH,1,0.1
C-WEU-FRA,2086,WASH_MACH,2,0
C-WEU-FRA,2087,WASH_MACH,1,0.1
C-WEU-FRA,2087,WASH_MACH,2,0
C-WEU-FRA,2088,WASH_MACH,1,0.1
C-WEU-FRA,2088,WASH_MACH,2,0
C-WEU-FRA,2089,WASH_MACH,1,0.1
C-WEU-FRA,2089,WASH_MACH,2,0
C-WEU-FRA,2090,WASH_MACH,1,0.1
C-WEU-FRA,2090,WASH_MACH,2,0
C-WEU-FRA,2091,WASH_MACH,1,0.1
C-WEU-FRA,2091,WASH_MACH,2,0
C-WEU-FRA,2092,WASH_MACH,1,0.1
C-WEU-FRA,2092,WASH_MACH,2,0
C-WEU-FRA,2093,WASH_MACH,1,0.1
C-WEU-FRA,2093,WASH_MACH,2,0
C-WEU-FRA,2094,WASH_MACH,1,0.1
C-WEU-FRA,2094,WASH_MACH,2,0
C-WEU-FRA,2095,WASH_MACH,1,0.1
C-WEU-FRA,2095,WASH_MACH,2,0
C-WEU-FRA,2096,WASH_MACH,1,0.1
C-WEU-FRA,2096,WASH_MACH,2,0
C-WEU-FRA,2097,WASH_MACH,1,0.1
C-WEU-FRA,2097,WASH_MACH,2,0
C-WEU-FRA,2098,WASH_MACH,1,0.1
C-WEU-FRA,2098,WASH_MACH,2,0
C-WEU-FRA,2099,WASH_MACH,1,0.1
C-WEU-FRA,2099,WASH_MACH,2,0
C-WEU-FRA,2100,WASH_MACH,1,0.1
C-WEU-FRA,2100,WASH_MACH,2,0
C-WEU-FRA,2000,WASH_MACH_COM,1,0.03
C-WEU-FRA,2000,WASH_MACH_COM,2,0
C-WEU-FRA,2001,WASH_MACH_COM,1,0.03
C-WEU-FRA,2001,WASH_MACH_COM,2,0
C-WEU-FRA,2002,WASH_MACH_COM,1,0.03
C-WEU-FRA,2002,WASH_MACH_COM,2,0
C-WEU-FRA,2003,WASH_MACH_COM,1,0.03
C-WEU-FRA,2003,WASH_MACH_COM,2,0
C-WEU-FRA,2004,WASH_MACH_COM,1,0.03
C-WEU-FRA,2004,WASH_MACH_COM,2,0
C-WEU-FRA,2005,WASH_MACH_COM,1,0.03
C-WEU-FRA,2005,WASH_MACH_COM,2,0
C-WEU-FRA,2006,WASH_MACH_COM,1,0.03
C-WEU-FRA,2006,WASH_MACH_COM,2,0
C-WEU-FRA,2007,WASH_MACH_COM,1,0.03
C-WEU-FRA,2007,WASH_MACH_COM,2,0
C-WEU-FRA,2008,WASH_MACH_COM,1,0.03
C-WEU-FRA,2008,WASH_MACH_COM,2,0
C-WEU-FRA,2009,WASH_MACH_COM,1,0.03
C-WEU-FRA,2009,WASH_MACH_COM,2,0
C-WEU-FRA,2010,WASH_MACH_COM,1,0.03
C-WEU-FRA,2010,WASH_MACH_COM,2,0
C-WEU-FRA,2011,WASH_MACH_COM,1,0.03
C-WEU-FRA,2011,WASH_MACH_COM,2,0
C-WEU-FRA,2012,WASH_MACH_COM,1,0.03
C-WEU-FRA,2012,WASH_MACH_COM,2,0
C-WEU-FRA,2013,WASH_MACH_COM,1,0.03
C-WEU-FRA,2013,WASH_MACH_COM,2,0
C-WEU-FRA,2014,WASH_MACH_COM,1,0.03
C-WEU-FRA,2014,WASH_MACH_COM,2,0
C-WEU-FRA,2015,WASH_MACH_COM,1,0.03
C-WEU-FRA,2015,WASH_MACH_COM,2,0
C-WEU-FRA,2016,WASH_MACH_COM,1,0.03
C-WEU-FRA,2016,WASH_MACH_COM,2,0
C-WEU-FRA,2017,WASH_MACH_COM,1,0.03
C-WEU-FRA,2017,WASH_MACH_COM,2,0
C-WEU-FRA,2018,WASH_MACH_COM,1,0.03
C-WEU-FRA,2018,WASH_MACH_COM,2,0
C-WEU-FRA,2019,WASH_MACH_COM,1,0.03
C-WEU-FRA,2019,WASH_MACH_COM,2,0
C-WEU-FRA,2020,WASH_MACH_COM,1,0.03
C-WEU-FRA,2020,WASH_MACH_COM,2,0
C-WEU-FRA,2021,WASH_MACH_COM,1,0.03
C-WEU-FRA,2021,WASH_MACH_COM,2,0
C-WEU-FRA,2022,WASH_MACH_COM,1,0.03
C-WEU-FRA,2022,WASH_MACH_COM,2,0
C-WEU-FRA,2023,WASH_MACH_COM,1,0.03
C-WEU-FRA,2023,WASH_MACH_COM,2,0
C-WEU-FRA,2024,WASH_MACH_COM,1,0.03
C-WEU-FRA,2024,WASH_MACH_COM,2,0
C-WEU-FRA,2025,WASH_MACH_COM,1,0.03
C-WEU-FRA,2025,WASH_MACH_COM,2,0
C-WEU-FRA,2026,WASH_MACH_COM,1,0.03
C-WEU-FRA,2026,WASH_MACH_COM,2,0
C-WEU-FRA,2027,WASH_MACH_COM,1,0.03
C-WEU-FRA,2027,WASH_MACH_COM,2,0
C-WEU-FRA,2028,WASH_MACH_COM,1,0.03
C-WEU-FRA,2028,WASH_MACH_COM,2,0
C-WEU-FRA,2029,WASH_MACH_COM,1,0.03
C-WEU-FRA,2029,WASH_MACH_COM,2,0
C-WEU-FRA,2030,WASH_MACH_COM,1,0.1
C-WEU-FRA,2030,WASH_MACH_COM,2,0
C-WEU-FRA,2031,WASH_MACH_COM,1,0.1
C-WEU-FRA,2031,WASH_MACH_COM,2,0
C-WEU-FRA,2032,WASH_MACH_COM,1,0.1
C-WEU-FRA,2032,WASH_MACH_COM,2,0
C-WEU-FRA,2033,WASH_MACH_COM,1,0.1
C-WEU-FRA,2033,WASH_MACH_COM,2,0
C-WEU-FRA,2034,WASH_MACH_COM,1,0.1
C-WEU-FRA,2034,WASH_MACH_COM,2,0
C-WEU-FRA,2035,WASH_MACH_COM,1,0.1
C-WEU-FRA,2035,WASH_MACH_COM,2,0
C-WEU-FRA,2036,WASH_MACH_COM,1,0.1
C-WEU-FRA,2036,WASH_MACH_COM,2,0
C-WEU-FRA,2037,WASH_MACH_COM,1,0.1
C-WEU-FRA,2037,WASH_MACH_COM,2,0
C-WEU-FRA,2038,WASH_MACH_COM,1,0.1
C-WEU-FRA,2038,WASH_MACH_COM,2,0
C-WEU-FRA,2039,WASH_MACH_COM,1,0.1
C-WEU-FRA,2039,WASH_MACH_COM,2,0
C-WEU-FRA,2040,WASH_MACH_COM,1,0.1
C-WEU-FRA,2040,WASH_MACH_COM,2,0
C-WEU-FRA,2041,WASH_MACH_COM,1,0.1
C-WEU-FRA,2041,WASH_MACH_COM,2,0
C-WEU-FRA,2042,WASH_MACH_COM,1,0.1
C-WEU-FRA,2042,WASH_MACH_COM,2,0
C-WEU-FRA,2043,WASH_MACH_COM,1,0.1
C-WEU-FRA,2043,WASH_MACH_COM,2,0
C-WEU-FRA,2044,WASH_MACH_COM,1,0.1
C-WEU-FRA,2044,WASH_MACH_COM,2,0
C-WEU-FRA,2045,WASH_MACH_COM,1,0.1
C-WEU-FRA,2045,WASH_MACH_COM,2,0
C-WEU-FRA,2046,WASH_MACH_COM,1,0.1
C-WEU-FRA,2046,WASH_MACH_COM,2,0
C-WEU-FRA,2047,WASH_MACH_COM,1,0.1
C-WEU-FRA,2047,WASH_MACH_COM,2,0
C-WEU-FRA,2048,WASH_MACH_COM,1,0.1
C-WEU-FRA,2048,WASH_MACH_COM,2,0
C-WEU-FRA,2049,WASH_MACH_COM,1,0.1
C-WEU-FRA,2049,WASH_MACH_COM,2,0
C-WEU-FRA,2050,WASH_MACH_COM,1,0.1
C-WEU-FRA,2050,WASH_MACH_COM,2,0
C-WEU-FRA,2051,WASH_MACH_COM,1,0.1
C-WEU-FRA,2051,WASH_MACH_COM,2,0
C-WEU-FRA,2052,WASH_MACH_COM,1,0.1
C-WEU-FRA,2052,WASH_MACH_COM,2,0
C-WEU-FRA,2053,WASH_MACH_COM,1,0.1
C-WEU-FRA,2053,WASH_MACH_COM,2,0
C-WEU-FRA,2054,WASH_MACH_COM,1,0.1
C-WEU-FRA,2054,WASH_MACH_COM,2,0
C-WEU-FRA,2055,WASH_MACH_COM,1,0.1
C-WEU-FRA,2055,WASH_MACH_COM,2,0
C-WEU-FRA,2056,WASH_MACH_COM,1,0.1
C-WEU-FRA,2056,WASH_MACH_COM,2,0
C-WEU-FRA,2057,WASH_MACH_COM,1,0.1
C-WEU-FRA,2057,WASH_MACH_COM,2,0
C-WEU-FRA,2058,WASH_MACH_COM,1,0.1
C-WEU-FRA,2058,WASH_MACH_COM,2,0
C-WEU-FRA,2059,WASH_MACH_COM,1,0.1
C-WEU-FRA,2059,WASH_MACH_COM,2,0
C-WEU-FRA,2060,WASH_MACH_COM,1,0.1
C-WEU-FRA,2060,WASH_MACH_COM,2,0
C-WEU-FRA,2061,WASH_MACH_COM,1,0.1
C-WEU-FRA,2061,WASH_MACH_COM,2,0
C-WEU-FRA,2062,WASH_MACH_COM,1,0.1
C-WEU-FRA,2062,WASH_MACH_COM,2,0
C-WEU-FRA,2063,WASH_MACH_COM,1,0.1
C-WEU-FRA,2063,WASH_MACH_COM,2,0
C-WEU-FRA,2064,WASH_MACH_COM,1,0.1
C-WEU-FRA,2064,WASH_MACH_COM,2,0
C-WEU-FRA,2065,WASH_MACH_COM,1,0.1
C-WEU-FRA,2065,WASH_MACH_COM,2,0
C-WEU-FRA,2066,WASH_MACH_COM,1,0.1
C-WEU-FRA,2066,WASH_MACH_COM,2,0
C-WEU-FRA,2067,WASH_MACH_COM,1,0.1
C-WEU-FRA,2067,WASH_MACH_COM,2,0
C-WEU-FRA,2068,WASH_MACH_COM,1,0.1
C-WEU-FRA,2068,WASH_MACH_COM,2,0
C-WEU-FRA,2069,WASH_MACH_COM,1,0.1
C-WEU-FRA,2069,WASH_MACH_COM,2,0
C-WEU-FRA,2070,WASH_MACH_COM,1,0.1
C-WEU-FRA,2070,WASH_MACH_COM,2,0
C-WEU-FRA,2071,WASH_MACH_COM,1,0.1
C-WEU-FRA,2071,WASH_MACH_COM,2,0
C-WEU-FRA,2072,WASH_MACH_COM,1,0.1
C-WEU-FRA,2072,WASH_MACH_COM,2,0
C-WEU-FRA,2073,WASH_MACH_COM,1,0.1
C-WEU-FRA,2073,WASH_MACH_COM,2,0
C-WEU-FRA,2074,WASH_MACH_COM,1,0.1
C-WEU-FRA,2074,WASH_MACH_COM,2,0
C-WEU-FRA,2075,WASH_MACH_COM,1,0.1
C-WEU-FRA,2075,WASH_MACH_COM,2,0
C-WEU-FRA,2076,WASH_MACH_COM,1,0.1
C-WEU-FRA,2076,WASH_MACH_COM,2,0
C-WEU-FRA,2077,WASH_MACH_COM,1,0.1
C-WEU-FRA,2077,WASH_MACH_COM,2,0
C-WEU-FRA,2078,WASH_MACH_COM,1,0.1
C-WEU-FRA,2078,WASH_MACH_COM,2,0
C-WEU-FRA,2079,WASH_MACH_COM,1,0.1
C-WEU-FRA,2079,WASH_MACH_COM,2,0
C-WEU-FRA,2080,WASH_MACH_COM,1,0.1
C-WEU-FRA,2080,WASH_MACH_COM,2,0
C-WEU-FRA,2081,WASH_MACH_COM,1,0.1
C-WEU-FRA,2081,WASH_MACH_COM,2,0
C-WEU-FRA,2082,WASH_MACH_COM,1,0.1
C-WEU-FRA,2082,WASH_MACH_COM,2,0
C-WEU-FRA,2083,WASH_MACH_COM,1,0.1
C-WEU-FRA,2083,WASH_MACH_COM,2,0
C-WEU-FRA,2084,WASH_MACH_COM,1,0.1
C-WEU-FRA,2084,WASH_MACH_COM,2,0
C-WEU-FRA,2085,WASH_MACH_COM,1,0.1
C-WEU-FRA,2085,WASH_MACH_COM,2,0
C-WEU-FRA,2086,WASH_MACH_COM,1,0.1
C-WEU-FRA,2086,WASH_MACH_COM,2,0
C-WEU-FRA,2087,WASH_MACH_COM,1,0.1
C-WEU-FRA,2087,WASH_MACH_COM,2,0
C-WEU-FRA,2088,WASH_MACH_COM,1,0.1
C-WEU-FRA,2088,WASH_MACH_COM,2,0
C-WEU-FRA,2089,WASH_MACH_COM,1,0.1
C-WEU-FRA,2089,WASH_MACH_COM,2,0
C-WEU-FRA,2090,WASH_MACH_COM,1,0.1
C-WEU-FRA,2090,WASH_MACH_COM,2,0
C-WEU-FRA,2091,WASH_MACH_COM,1,0.1
C-WEU-FRA,2091,WASH_MACH_COM,2,0
C-WEU-FRA,2092,WASH_MACH_COM,1,0.1
C-WEU-FRA,2092,WASH_MACH_COM,2,0
C-WEU-FRA,2093,WASH_MACH_COM,1,0.1
C-WEU-FRA,2093,WASH_MACH_COM,2,0
C-WEU-FRA,2094,WASH_MACH_COM,1,0.1
C-WEU-FRA,2094,WASH_MACH_COM,2,0
C-WEU-FRA,2095,WASH_MACH_COM,1,0.1
C-WEU-FRA,2095,WASH_MACH_COM,2,0
C-WEU-FRA,2096,WASH_MACH_COM,1,0.1
C-WEU-FRA,2096,WASH_MACH_COM,2,0
C-WEU-FRA,2097,WASH_MACH_COM,1,0.1
C-WEU-FRA,2097,WASH_MACH_COM,2,0
C-WEU-FRA,2098,WASH_MACH_COM,1,0.1
C-WEU-FRA,2098,WASH_MACH_COM,2,0
C-WEU-FRA,2099,WASH_MACH_COM,1,0.1
C-WEU-FRA,2099,WASH_MACH_COM,2,0
C-WEU-FRA,2100,WASH_MACH_COM,1,0.1
C-WEU-FRA,2100,WASH_MACH_COM,2,0
C-WEU-GBR,2000,WASH_MACH,1,0.03
C-WEU-GBR,2000,WASH_MACH,2,0
C-WEU-GBR,2001,WASH_MACH,1,0.03
C-WEU-GBR,2001,WASH_MACH,2,0
C-WEU-GBR,2002,WASH_MACH,1,0.03
C-WEU-GBR,2002,WASH_MACH,2,0
C-WEU-GBR,2003,WASH_MACH,1,0.03
C-WEU-GBR,2003,WASH_MACH,2,0
C-WEU-GBR,2004,WASH_MACH,1,0.03
C-WEU-GBR,2004,WASH_MACH,2,0
C-WEU-GBR,2005,WASH_MACH,1,0.03
C-WEU-GBR,2005,WASH_MACH,2,0
C-WEU-GBR,2006,WASH_MACH,1,0.03
C-WEU-GBR,2006,WASH_MACH,2,0
C-WEU-GBR,2007,WASH_MACH,1,0.03
C-WEU-GBR,2007,WASH_MACH,2,0
C-WEU-GBR,2008,WASH_MACH,1,0.03
C-WEU-GBR,2008,WASH_MACH,2,0
C-WEU-GBR,2009,WASH_MACH,1,0.03
C-WEU-GBR,2009,WASH_MACH,2,0
C-WEU-GBR,2010,WASH_MACH,1,0.03
C-WEU-GBR,2010,WASH_MACH,2,0
C-WEU-GBR,2011,WASH_MACH,1,0.03
C-WEU-GBR,2011,WASH_MACH,2,0
C-WEU-GBR,2012,WASH_MACH,1,0.03
C-WEU-GBR,2012,WASH_MACH,2,0
C-WEU-GBR,2013,WASH_MACH,1,0.03
C-WEU-GBR,2013,WASH_MACH,2,0
C-WEU-GBR,2014,WASH_MACH,1,0.03
C-WEU-GBR,2014,WASH_MACH,2,0
C-WEU-GBR,2015,WASH_MACH,1,0.03
C-WEU-GBR,2015,WASH_MACH,2,0
C-WEU-GBR,2016,WASH_MACH,1,0.03
C-WEU-GBR,2016,WASH_MACH,2,0
C-WEU-GBR,2017,WASH_MACH,1,0.03
C-WEU-GBR,2017,WASH_MACH,2,0
C-WEU-GBR,2018,WASH_MACH,1,0.03
C-WEU-GBR,2018,WASH_MACH,2,0
C-WEU-GBR,2019,WASH_MACH,1,0.03
C-WEU-GBR,2019,WASH_MACH,2,0
C-WEU-GBR,2020,WASH_MACH,1,0.03
C-WEU-GBR,2020,WASH_MACH,2,0
C-WEU-GBR,2021,WASH_MACH,1,0.03
C-WEU-GBR,2021,WASH_MACH,2,0
C-WEU-GBR,2022,WASH_MACH,1,0.03
C-WEU-GBR,2022,WASH_MACH,2,0
C-WEU-GBR,2023,WASH_MACH,1,0.03
C-WEU-GBR,2023,WASH_MACH,2,0
C-WEU-GBR,2024,WASH_MACH,1,0.03
C-WEU-GBR,2024,WASH_MACH,2,0
C-WEU-GBR,2025,WASH_MACH,1,0.03
C-WEU-GBR,2025,WASH_MACH,2,0
C-WEU-GBR,2026,WASH_MACH,1,0.03
C-WEU-GBR,2026,WASH_MACH,2,0
C-WEU-GBR,2027,WASH_MACH,1,0.03
C-WEU-GBR,2027,WASH_MACH,2,0
C-WEU-GBR,2028,WASH_MACH,1,0.03
C-WEU-GBR,2028,WASH_MACH,2,0
C-WEU-GBR,2029,WASH_MACH,1,0.03
C-WEU-GBR,2029,WASH_MACH,2,0
C-WEU-GBR,2030,WASH_MACH,1,0.1
C-WEU-GBR,2030,WASH_MACH,2,0
C-WEU-GBR,2031,WASH_MACH,1,0.1
C-WEU-GBR,2031,WASH_MACH,2,0
C-WEU-GBR,2032,WASH_MACH,1,0.1
C-WEU-GBR,2032,WASH_MACH,2,0
C-WEU-GBR,2033,WASH_MACH,1,0.1
C-WEU-GBR,2033,WASH_MACH,2,0
C-WEU-GBR,2034,WASH_MACH,1,0.1
C-WEU-GBR,2034,WASH_MACH,2,0
C-WEU-GBR,2035,WASH_MACH,1,0.1
C-WEU-GBR,2035,WASH_MACH,2,0
C-WEU-GBR,2036,WASH_MACH,1,0.1
C-WEU-GBR,2036,WASH_MACH,2,0
C-WEU-GBR,2037,WASH_MACH,1,0.1
C-WEU-GBR,2037,WASH_MACH,2,0
C-WEU-GBR,2038,WASH_MACH,1,0.1
C-WEU-GBR,2038,WASH_MACH,2,0
C-WEU-GBR,2039,WASH_MACH,1,0.1
C-WEU-GBR,2039,WASH_MACH,2,0
C-WEU-GBR,2040,WASH_MACH,1,0.1
C-WEU-GBR,2040,WASH_MACH,2,0
C-WEU-GBR,2041,WASH_MACH,1,0.1
C-WEU-GBR,2041,WASH_MACH,2,0
C-WEU-GBR,2042,WASH_MACH,1,0.1
C-WEU-GBR,2042,WASH_MACH,2,0
C-WEU-GBR,2043,WASH_MACH,1,0.1
C-WEU-GBR,2043,WASH_MACH,2,0
C-WEU-GBR,2044,WASH_MACH,1,0.1
C-WEU-GBR,2044,WASH_MACH,2,0
C-WEU-GBR,2045,WASH_MACH,1,0.1
C-WEU-GBR,2045,WASH_MACH,2,0
C-WEU-GBR,2046,WASH_MACH,1,0.1
C-WEU-GBR,2046,WASH_MACH,2,0
C-WEU-GBR,2047,WASH_MACH,1,0.1
C-WEU-GBR,2047,WASH_MACH,2,0
C-WEU-GBR,2048,WASH_MACH,1,0.1
C-WEU-GBR,2048,WASH_MACH,2,0
C-WEU-GBR,2049,WASH_MACH,1,0.1
C-WEU-GBR,2049,WASH_MACH,2,0
C-WEU-GBR,2050,WASH_MACH,1,0.1
C-WEU-GBR,2050,WASH_MACH,2,0
C-WEU-GBR,2051,WASH_MACH,1,0.1
C-WEU-GBR,2051,WASH_MACH,2,0
C-WEU-GBR,2052,WASH_MACH,1,0.1
C-WEU-GBR,2052,WASH_MACH,2,0
C-WEU-GBR,2053,WASH_MACH,1,0.1
C-WEU-GBR,2053,WASH_MACH,2,0
C-WEU-GBR,2054,WASH_MACH,1,0.1
C-WEU-GBR,2054,WASH_MACH,2,0
C-WEU-GBR,2055,WASH_MACH,1,0.1
C-WEU-GBR,2055,WASH_MACH,2,0
C-WEU-GBR,2056,WASH_MACH,1,0.1
C-WEU-GBR,2056,WASH_MACH,2,0
C-WEU-GBR,2057,WASH_MACH,1,0.1
C-WEU-GBR,2057,WASH_MACH,2,0
C-WEU-GBR,2058,WASH_MACH,1,0.1
C-WEU-GBR,2058,WASH_MACH,2,0
C-WEU-GBR,2059,WASH_MACH,1,0.1
C-WEU-GBR,2059,WASH_MACH,2,0
C-WEU-GBR,2060,WASH_MACH,1,0.1
C-WEU-GBR,2060,WASH_MACH,2,0
C-WEU-GBR,2061,WASH_MACH,1,0.1
C-WEU-GBR,2061,WASH_MACH,2,0
C-WEU-GBR,2062,WASH_MACH,1,0.1
C-WEU-GBR,2062,WASH_MACH,2,0
C-WEU-GBR,2063,WASH_MACH,1,0.1
C-WEU-GBR,2063,WASH_MACH,2,0
C-WEU-GBR,2064,WASH_MACH,1,0.1
C-WEU-GBR,2064,WASH_MACH,2,0
C-WEU-GBR,2065,WASH_MACH,1,0.1
C-WEU-GBR,2065,WASH_MACH,2,0
C-WEU-GBR,2066,WASH_MACH,1,0.1
C-WEU-GBR,2066,WASH_MACH,2,0
C-WEU-GBR,2067,WASH_MACH,1,0.1
C-WEU-GBR,2067,WASH_MACH,2,0
C-WEU-GBR,2068,WASH_MACH,1,0.1
C-WEU-GBR,2068,WASH_MACH,2,0
C-WEU-GBR,2069,WASH_MACH,1,0.1
C-WEU-GBR,2069,WASH_MACH,2,0
C-WEU-GBR,2070,WASH_MACH,1,0.1
C-WEU-GBR,2070,WASH_MACH,2,0
C-WEU-GBR,2071,WASH_MACH,1,0.1
C-WEU-GBR,2071,WASH_MACH,2,0
C-WEU-GBR,2072,WASH_MACH,1,0.1
C-WEU-GBR,2072,WASH_MACH,2,0
C-WEU-GBR,2073,WASH_MACH,1,0.1
C-WEU-GBR,2073,WASH_MACH,2,0
C-WEU-GBR,2074,WASH_MACH,1,0.1
C-WEU-GBR,2074,WASH_MACH,2,0
C-WEU-GBR,2075,WASH_MACH,1,0.1
C-WEU-GBR,2075,WASH_MACH,2,0
C-WEU-GBR,2076,WASH_MACH,1,0.1
C-WEU-GBR,2076,WASH_MACH,2,0
C-WEU-GBR,2077,WASH_MACH,1,0.1
C-WEU-GBR,2077,WASH_MACH,2,0
C-WEU-GBR,2078,WASH_MACH,1,0.1
C-WEU-GBR,2078,WASH_MACH,2,0
C-WEU-GBR,2079,WASH_MACH,1,0.1
C-WEU-GBR,2079,WASH_MACH,2,0
C-WEU-GBR,2080,WASH_MACH,1,0.1
C-WEU-GBR,2080,WASH_MACH,2,0
C-WEU-GBR,2081,WASH_MACH,1,0.1
C-WEU-GBR,2081,WASH_MACH,2,0
C-WEU-GBR,2082,WASH_MACH,1,0.1
C-WEU-GBR,2082,WASH_MACH,2,0
C-WEU-GBR,2083,WASH_MACH,1,0.1
C-WEU-GBR,2083,WASH_MACH,2,0
C-WEU-GBR,2084,WASH_MACH,1,0.1
C-WEU-GBR,2084,WASH_MACH,2,0
C-WEU-GBR,2085,WASH_MACH,1,0.1
C-WEU-GBR,2085,WASH_MACH,2,0
C-WEU-GBR,2086,WASH_MACH,1,0.1
C-WEU-GBR,2086,WASH_MACH,2,0
C-WEU-GBR,2087,WASH_MACH,1,0.1
C-WEU-GBR,2087,WASH_MACH,2,0
C-WEU-GBR,2088,WASH_MACH,1,0.1
C-WEU-GBR,2088,WASH_MACH,2,0
C-WEU-GBR,2089,WASH_MACH,1,0.1
C-WEU-GBR,2089,WASH_MACH,2,0
C-WEU-GBR,2090,WASH_MACH,1,0.1
C-WEU-GBR,2090,WASH_MACH,2,0
C-WEU-GBR,2091,WASH_MACH,1,0.1
C-WEU-GBR,2091,WASH_MACH,2,0
C-WEU-GBR,2092,WASH_MACH,1,0.1
C-WEU-GBR,2092,WASH_MACH,2,0
C-WEU-GBR,2093,WASH_MACH,1,0.1
C-WEU-GBR,2093,WASH_MACH,2,0
C-WEU-GBR,2094,WASH_MACH,1,0.1
C-WEU-GBR,2094,WASH_MACH,2,0
C-WEU-GBR,2095,WASH_MACH,1,0.1
C-WEU-GBR,2095,WASH_MACH,2,0
C-WEU-GBR,2096,WASH_MACH,1,0.1
C-WEU-GBR,2096,WASH_MACH,2,0
C-WEU-GBR,2097,WASH_MACH,1,0.1
C-WEU-GBR,2097,WASH_MACH,2,0
C-WEU-GBR,2098,WASH_MACH,1,0.1
C-WEU-GBR,2098,WASH_MACH,2,0
C-WEU-GBR,2099,WASH_MACH,1,0.1
C-WEU-GBR,2099,WASH_MACH,2,0
C-WEU-GBR,2100,WASH_MACH,1,0.1
C-WEU-GBR,2100,WASH_MACH,2,0
C-WEU-GBR,2000,WASH_MACH_COM,1,0.03
C-WEU-GBR,2000,WASH_MACH_COM,2,0
C-WEU-GBR,2001,WASH_MACH_COM,1,0.03
C-WEU-GBR,2001,WASH_MACH_COM,2,0
C-WEU-GBR,2002,WASH_MACH_COM,1,0.03
C-WEU-GBR,2002,WASH_MACH_COM,2,0
C-WEU-GBR,2003,WASH_MACH_COM,1,0.03
C-WEU-GBR,2003,WASH_MACH_COM,2,0
C-WEU-GBR,2004,WASH_MACH_COM,1,0.03
C-WEU-GBR,2004,WASH_MACH_COM,2,0
C-WEU-GBR,2005,WASH_MACH_COM,1,0.03
C-WEU-GBR,2005,WASH_MACH_COM,2,0
C-WEU-GBR,2006,WASH_MACH_COM,1,0.03
C-WEU-GBR,2006,WASH_MACH_COM,2,0
C-WEU-GBR,2007,WASH_MACH_COM,1,0.03
C-WEU-GBR,2007,WASH_MACH_COM,2,0
C-WEU-GBR,2008,WASH_MACH_COM,1,0.03
C-WEU-GBR,2008,WASH_MACH_COM,2,0
C-WEU-GBR,2009,WASH_MACH_COM,1,0.03
C-WEU-GBR,2009,WASH_MACH_COM,2,0
C-WEU-GBR,2010,WASH_MACH_COM,1,0.03
C-WEU-GBR,2010,WASH_MACH_COM,2,0
C-WEU-GBR,2011,WASH_MACH_COM,1,0.03
C-WEU-GBR,2011,WASH_MACH_COM,2,0
C-WEU-GBR,2012,WASH_MACH_COM,1,0.03
C-WEU-GBR,2012,WASH_MACH_COM,2,0
C-WEU-GBR,2013,WASH_MACH_COM,1,0.03
C-WEU-GBR,2013,WASH_MACH_COM,2,0
C-WEU-GBR,2014,WASH_MACH_COM,1,0.03
C-WEU-GBR,2014,WASH_MACH_COM,2,0
C-WEU-GBR,2015,WASH_MACH_COM,1,0.03
C-WEU-GBR,2015,WASH_MACH_COM,2,0
C-WEU-GBR,2016,WASH_MACH_COM,1,0.03
C-WEU-GBR,2016,WASH_MACH_COM,2,0
C-WEU-GBR,2017,WASH_MACH_COM,1,0.03
C-WEU-GBR,2017,WASH_MACH_COM,2,0
C-WEU-GBR,2018,WASH_MACH_COM,1,0.03
C-WEU-GBR,2018,WASH_MACH_COM,2,0
C-WEU-GBR,2019,WASH_MACH_COM,1,0.03
C-WEU-GBR,2019,WASH_MACH_COM,2,0
C-WEU-GBR,2020,WASH_MACH_COM,1,0.03
C-WEU-GBR,2020,WASH_MACH_COM,2,0
C-WEU-GBR,2021,WASH_MACH_COM,1,0.03
C-WEU-GBR,2021,WASH_MACH_COM,2,0
C-WEU-GBR,2022,WASH_MACH_COM,1,0.03
C-WEU-GBR,2022,WASH_MACH_COM,2,0
C-WEU-GBR,2023,WASH_MACH_COM,1,0.03
C-WEU-GBR,2023,WASH_MACH_COM,2,0
C-WEU-GBR,2024,WASH_MACH_COM,1,0.03
C-WEU-GBR,2024,WASH_MACH_COM,2,0
C-WEU-GBR,2025,WASH_MACH_COM,1,0.03
C-WEU-GBR,2025,WASH_MACH_COM,2,0
C-WEU-GBR,2026,WASH_MACH_COM,1,0.03
C-WEU-GBR,2026,WASH_MACH_COM,2,0
C-WEU-GBR,2027,WASH_MACH_COM,1,0.03
C-WEU-GBR,2027,WASH_MACH_COM,2,0
C-WEU-GBR,2028,WASH_MACH_COM,1,0.03
C-WEU-GBR,2028,WASH_MACH_COM,2,0
C-WEU-GBR,2029,WASH_MACH_COM,1,0.03
C-WEU-GBR,2029,WASH_MACH_COM,2,0
C-WEU-GBR,2030,WASH_MACH_COM,1,0.1
C-WEU-GBR,2030,WASH_MACH_COM,2,0
C-WEU-GBR,2031,WASH_MACH_COM,1,0.1
C-WEU-GBR,2031,WASH_MACH_COM,2,0
C-WEU-GBR,2032,WASH_MACH_COM,1,0.1
C-WEU-GBR,2032,WASH_MACH_COM,2,0
C-WEU-GBR,2033,WASH_MACH_COM,1,0.1
C-WEU-GBR,2033,WASH_MACH_COM,2,0
C-WEU-GBR,2034,WASH_MACH_COM,1,0.1
C-WEU-GBR,2034,WASH_MACH_COM,2,0
C-WEU-GBR,2035,WASH_MACH_COM,1,0.1
C-WEU-GBR,2035,WASH_MACH_COM,2,0
C-WEU-GBR,2036,WASH_MACH_COM,1,0.1
C-WEU-GBR,2036,WASH_MACH_COM,2,0
C-WEU-GBR,2037,WASH_MACH_COM,1,0.1
C-WEU-GBR,2037,WASH_MACH_COM,2,0
C-WEU-GBR,2038,WASH_MACH_COM,1,0.1
C-WEU-GBR,2038,WASH_MACH_COM,2,0
C-WEU-GBR,2039,WASH_MACH_COM,1,0.1
C-WEU-GBR,2039,WASH_MACH_COM,2,0
C-WEU-GBR,2040,WASH_MACH_COM,1,0.1
C-WEU-GBR,2040,WASH_MACH_COM,2,0
C-WEU-GBR,2041,WASH_MACH_COM,1,0.1
C-WEU-GBR,2041,WASH_MACH_COM,2,0
C-WEU-GBR,2042,WASH_MACH_COM,1,0.1
C-WEU-GBR,2042,WASH_MACH_COM,2,0
C-WEU-GBR,2043,WASH_MACH_COM,1,0.1
C-WEU-GBR,2043,WASH_MACH_COM,2,0
C-WEU-GBR,2044,WASH_MACH_COM,1,0.1
C-WEU-GBR,2044,WASH_MACH_COM,2,0
C-WEU-GBR,2045,WASH_MACH_COM,1,0.1
C-WEU-GBR,2045,WASH_MACH_COM,2,0
C-WEU-GBR,2046,WASH_MACH_COM,1,0.1
C-WEU-GBR,2046,WASH_MACH_COM,2,0
C-WEU-GBR,2047,WASH_MACH_COM,1,0.1
C-WEU-GBR,2047,WASH_MACH_COM,2,0
C-WEU-GBR,2048,WASH_MACH_COM,1,0.1
C-WEU-GBR,2048,WASH_MACH_COM,2,0
C-WEU-GBR,2049,WASH_MACH_COM,1,0.1
C-WEU-GBR,2049,WASH_MACH_COM,2,0
C-WEU-GBR,2050,WASH_MACH_COM,1,0.1
C-WEU-GBR,2050,WASH_MACH_COM,2,0
C-WEU-GBR,2051,WASH_MACH_COM,1,0.1
C-WEU-GBR,2051,WASH_MACH_COM,2,0
C-WEU-GBR,2052,WASH_MACH_COM,1,0.1
C-WEU-GBR,2052,WASH_MACH_COM,2,0
C-WEU-GBR,2053,WASH_MACH_COM,1,0.1
C-WEU-GBR,2053,WASH_MACH_COM,2,0
C-WEU-GBR,2054,WASH_MACH_COM,1,0.1
C-WEU-GBR,2054,WASH_MACH_COM,2,0
C-WEU-GBR,2055,WASH_MACH_COM,1,0.1
C-WEU-GBR,2055,WASH_MACH_COM,2,0
C-WEU-GBR,2056,WASH_MACH_COM,1,0.1
C-WEU-GBR,2056,WASH_MACH_COM,2,0
C-WEU-GBR,2057,WASH_MACH_COM,1,0.1
C-WEU-GBR,2057,WASH_MACH_COM,2,0
C-WEU-GBR,2058,WASH_MACH_COM,1,0.1
C-WEU-GBR,2058,WASH_MACH_COM,2,0
C-WEU-GBR,2059,WASH_MACH_COM,1,0.1
C-WEU-GBR,2059,WASH_MACH_COM,2,0
C-WEU-GBR,2060,WASH_MACH_COM,1,0.1
C-WEU-GBR,2060,WASH_MACH_COM,2,0
C-WEU-GBR,2061,WASH_MACH_COM,1,0.1
C-WEU-GBR,2061,WASH_MACH_COM,2,0
C-WEU-GBR,2062,WASH_MACH_COM,1,0.1
C-WEU-GBR,2062,WASH_MACH_COM,2,0
C-WEU-GBR,2063,WASH_MACH_COM,1,0.1
C-WEU-GBR,2063,WASH_MACH_COM,2,0
C-WEU-GBR,2064,WASH_MACH_COM,1,0.1
C-WEU-GBR,2064,WASH_MACH_COM,2,0
C-WEU-GBR,2065,WASH_MACH_COM,1,0.1
C-WEU-GBR,2065,WASH_MACH_COM,2,0
C-WEU-GBR,2066,WASH_MACH_COM,1,0.1
C-WEU-GBR,2066,WASH_MACH_COM,2,0
C-WEU-GBR,2067,WASH_MACH_COM,1,0.1
C-WEU-GBR,2067,WASH_MACH_COM,2,0
C-WEU-GBR,2068,WASH_MACH_COM,1,0.1
C-WEU-GBR,2068,WASH_MACH_COM,2,0
C-WEU-GBR,2069,WASH_MACH_COM,1,0.1
C-WEU-GBR,2069,WASH_MACH_COM,2,0
C-WEU-GBR,2070,WASH_MACH_COM,1,0.1
C-WEU-GBR,2070,WASH_MACH_COM,2,0
C-WEU-GBR,2071,WASH_MACH_COM,1,0.1
C-WEU-GBR,2071,WASH_MACH_COM,2,0
C-WEU-GBR,2072,WASH_MACH_COM,1,0.1
C-WEU-GBR,2072,WASH_MACH_COM,2,0
C-WEU-GBR,2073,WASH_MACH_COM,1,0.1
C-WEU-GBR,2073,WASH_MACH_COM,2,0
C-WEU-GBR,2074,WASH_MACH_COM,1,0.1
C-WEU-GBR,2074,WASH_MACH_COM,2,0
C-WEU-GBR,2075,WASH_MACH_COM,1,0.1
C-WEU-GBR,2075,WASH_MACH_COM,2,0
C-WEU-GBR,2076,WASH_MACH_COM,1,0.1
C-WEU-GBR,2076,WASH_MACH_COM,2,0
C-WEU-GBR,2077,WASH_MACH_COM,1,0.1
C-WEU-GBR,2077,WASH_MACH_COM,2,0
C-WEU-GBR,2078,WASH_MACH_COM,1,0.1
C-WEU-GBR,2078,WASH_MACH_COM,2,0
C-WEU-GBR,2079,WASH_MACH_COM,1,0.1
C-WEU-GBR,2079,WASH_MACH_COM,2,0
C-WEU-GBR,2080,WASH_MACH_COM,1,0.1
C-WEU-GBR,2080,WASH_MACH_COM,2,0
C-WEU-GBR,2081,WASH_MACH_COM,1,0.1
C-WEU-GBR,2081,WASH_MACH_COM,2,0
C-WEU-GBR,2082,WASH_MACH_COM,1,0.1
C-WEU-GBR,2082,WASH_MACH_COM,2,0
C-WEU-GBR,2083,WASH_MACH_COM,1,0.1
C-WEU-GBR,2083,WASH_MACH_COM,2,0
C-WEU-GBR,2084,WASH_MACH_COM,1,0.1
C-WEU-GBR,2084,WASH_MACH_COM,2,0
C-WEU-GBR,2085,WASH_MACH_COM,1,0.1
C-WEU-GBR,2085,WASH_MACH_COM,2,0
C-WEU-GBR,2086,WASH_MACH_COM,1,0.1
C-WEU-GBR,2086,WASH_MACH_COM,2,0
C-WEU-GBR,2087,WASH_MACH_COM,1,0.1
C-WEU-GBR,2087,WASH_MACH_COM,2,0
C-WEU-GBR,2088,WASH_MACH_COM,1,0.1
C-WEU-GBR,2088,WASH_MACH_COM,2,0
C-WEU-GBR,2089,WASH_MACH_COM,1,0.1
C-WEU-GBR,2089,WASH_MACH_COM,2,0
C-WEU-GBR,2090,WASH_MACH_COM,1,0.1
C-WEU-GBR,2090,WASH_MACH_COM,2,0
C-WEU-GBR,2091,WASH_MACH_COM,1,0.1
C-WEU-GBR,2091,WASH_MACH_COM,2,0
C-WEU-GBR,2092,WASH_MACH_COM,1,0.1
C-WEU-GBR,2092,WASH_MACH_COM,2,0
C-WEU-GBR,2093,WASH_MACH_COM,1,0.1
C-WEU-GBR,2093,WASH_MACH_COM,2,0
C-WEU-GBR,2094,WASH_MACH_COM,1,0.1
C-WEU-GBR,2094,WASH_MACH_COM,2,0
C-WEU-GBR,2095,WASH_MACH_COM,1,0.1
C-WEU-GBR,2095,WASH_MACH_COM,2,0
C-WEU-GBR,2096,WASH_MACH_COM,1,0.1
C-WEU-GBR,2096,WASH_MACH_COM,2,0
C-WEU-GBR,2097,WASH_MACH_COM,1,0.1
C-WEU-GBR,2097,WASH_MACH_COM,2,0
C-WEU-GBR,2098,WASH_MACH_COM,1,0.1
C-WEU-GBR,2098,WASH_MACH_COM,2,0
C-WEU-GBR,2099,WASH_MACH_COM,1,0.1
C-WEU-GBR,2099,WASH_MACH_COM,2,0
C-WEU-GBR,2100,WASH_MACH_COM,1,0.1
C-WEU-GBR,2100,WASH_MACH_COM,2,0
C-WEU-GRC,2000,WASH_MACH,1,0.03
C-WEU-GRC,2000,WASH_MACH,2,0
C-WEU-GRC,2001,WASH_MACH,1,0.03
C-WEU-GRC,2001,WASH_MACH,2,0
C-WEU-GRC,2002,WASH_MACH,1,0.03
C-WEU-GRC,2002,WASH_MACH,2,0
C-WEU-GRC,2003,WASH_MACH,1,0.03
C-WEU-GRC,2003,WASH_MACH,2,0
C-WEU-GRC,2004,WASH_MACH,1,0.03
C-WEU-GRC,2004,WASH_MACH,2,0
C-WEU-GRC,2005,WASH_MACH,1,0.03
C-WEU-GRC,2005,WASH_MACH,2,0
C-WEU-GRC,2006,WASH_MACH,1,0.03
C-WEU-GRC,2006,WASH_MACH,2,0
C-WEU-GRC,2007,WASH_MACH,1,0.03
C-WEU-GRC,2007,WASH_MACH,2,0
C-WEU-GRC,2008,WASH_MACH,1,0.03
C-WEU-GRC,2008,WASH_MACH,2,0
C-WEU-GRC,2009,WASH_MACH,1,0.03
C-WEU-GRC,2009,WASH_MACH,2,0
C-WEU-GRC,2010,WASH_MACH,1,0.03
C-WEU-GRC,2010,WASH_MACH,2,0
C-WEU-GRC,2011,WASH_MACH,1,0.03
C-WEU-GRC,2011,WASH_MACH,2,0
C-WEU-GRC,2012,WASH_MACH,1,0.03
C-WEU-GRC,2012,WASH_MACH,2,0
C-WEU-GRC,2013,WASH_MACH,1,0.03
C-WEU-GRC,2013,WASH_MACH,2,0
C-WEU-GRC,2014,WASH_MACH,1,0.03
C-WEU-GRC,2014,WASH_MACH,2,0
C-WEU-GRC,2015,WASH_MACH,1,0.03
C-WEU-GRC,2015,WASH_MACH,2,0
C-WEU-GRC,2016,WASH_MACH,1,0.03
C-WEU-GRC,2016,WASH_MACH,2,0
C-WEU-GRC,2017,WASH_MACH,1,0.03
C-WEU-GRC,2017,WASH_MACH,2,0
C-WEU-GRC,2018,WASH_MACH,1,0.03
C-WEU-GRC,2018,WASH_MACH,2,0
C-WEU-GRC,2019,WASH_MACH,1,0.03
C-WEU-GRC,2019,WASH_MACH,2,0
C-WEU-GRC,2020,WASH_MACH,1,0.03
C-WEU-GRC,2020,WASH_MACH,2,0
C-WEU-GRC,2021,WASH_MACH,1,0.03
C-WEU-GRC,2021,WASH_MACH,2,0
C-WEU-GRC,2022,WASH_MACH,1,0.03
C-WEU-GRC,2022,WASH_MACH,2,0
C-WEU-GRC,2023,WASH_MACH,1,0.03
C-WEU-GRC,2023,WASH_MACH,2,0
C-WEU-GRC,2024,WASH_MACH,1,0.03
C-WEU-GRC,2024,WASH_MACH,2,0
C-WEU-GRC,2025,WASH_MACH,1,0.03
C-WEU-GRC,2025,WASH_MACH,2,0
C-WEU-GRC,2026,WASH_MACH,1,0.03
C-WEU-GRC,2026,WASH_MACH,2,0
C-WEU-GRC,2027,WASH_MACH,1,0.03
C-WEU-GRC,2027,WASH_MACH,2,0
C-WEU-GRC,2028,WASH_MACH,1,0.03
C-WEU-GRC,2028,WASH_MACH,2,0
C-WEU-GRC,2029,WASH_MACH,1,0.03
C-WEU-GRC,2029,WASH_MACH,2,0
C-WEU-GRC,2030,WASH_MACH,1,0.1
C-WEU-GRC,2030,WASH_MACH,2,0
C-WEU-GRC,2031,WASH_MACH,1,0.1
C-WEU-GRC,2031,WASH_MACH,2,0
C-WEU-GRC,2032,WASH_MACH,1,0.1
C-WEU-GRC,2032,WASH_MACH,2,0
C-WEU-GRC,2033,WASH_MACH,1,0.1
C-WEU-GRC,2033,WASH_MACH,2,0
C-WEU-GRC,2034,WASH_MACH,1,0.1
C-WEU-GRC,2034,WASH_MACH,2,0
C-WEU-GRC,2035,WASH_MACH,1,0.1
C-WEU-GRC,2035,WASH_MACH,2,0
C-WEU-GRC,2036,WASH_MACH,1,0.1
C-WEU-GRC,2036,WASH_MACH,2,0
C-WEU-GRC,2037,WASH_MACH,1,0.1
C-WEU-GRC,2037,WASH_MACH,2,0
C-WEU-GRC,2038,WASH_MACH,1,0.1
C-WEU-GRC,2038,WASH_MACH,2,0
C-WEU-GRC,2039,WASH_MACH,1,0.1
C-WEU-GRC,2039,WASH_MACH,2,0
C-WEU-GRC,2040,WASH_MACH,1,0.1
C-WEU-GRC,2040,WASH_MACH,2,0
C-WEU-GRC,2041,WASH_MACH,1,0.1
C-WEU-GRC,2041,WASH_MACH,2,0
C-WEU-GRC,2042,WASH_MACH,1,0.1
C-WEU-GRC,2042,WASH_MACH,2,0
C-WEU-GRC,2043,WASH_MACH,1,0.1
C-WEU-GRC,2043,WASH_MACH,2,0
C-WEU-GRC,2044,WASH_MACH,1,0.1
C-WEU-GRC,2044,WASH_MACH,2,0
C-WEU-GRC,2045,WASH_MACH,1,0.1
C-WEU-GRC,2045,WASH_MACH,2,0
C-WEU-GRC,2046,WASH_MACH,1,0.1
C-WEU-GRC,2046,WASH_MACH,2,0
C-WEU-GRC,2047,WASH_MACH,1,0.1
C-WEU-GRC,2047,WASH_MACH,2,0
C-WEU-GRC,2048,WASH_MACH,1,0.1
C-WEU-GRC,2048,WASH_MACH,2,0
C-WEU-GRC,2049,WASH_MACH,1,0.1
C-WEU-GRC,2049,WASH_MACH,2,0
C-WEU-GRC,2050,WASH_MACH,1,0.1
C-WEU-GRC,2050,WASH_MACH,2,0
C-WEU-GRC,2051,WASH_MACH,1,0.1
C-WEU-GRC,2051,WASH_MACH,2,0
C-WEU-GRC,2052,WASH_MACH,1,0.1
C-WEU-GRC,2052,WASH_MACH,2,0
C-WEU-GRC,2053,WASH_MACH,1,0.1
C-WEU-GRC,2053,WASH_MACH,2,0
C-WEU-GRC,2054,WASH_MACH,1,0.1
C-WEU-GRC,2054,WASH_MACH,2,0
C-WEU-GRC,2055,WASH_MACH,1,0.1
C-WEU-GRC,2055,WASH_MACH,2,0
C-WEU-GRC,2056,WASH_MACH,1,0.1
C-WEU-GRC,2056,WASH_MACH,2,0
C-WEU-GRC,2057,WASH_MACH,1,0.1
C-WEU-GRC,2057,WASH_MACH,2,0
C-WEU-GRC,2058,WASH_MACH,1,0.1
C-WEU-GRC,2058,WASH_MACH,2,0
C-WEU-GRC,2059,WASH_MACH,1,0.1
C-WEU-GRC,2059,WASH_MACH,2,0
C-WEU-GRC,2060,WASH_MACH,1,0.1
C-WEU-GRC,2060,WASH_MACH,2,0
C-WEU-GRC,2061,WASH_MACH,1,0.1
C-WEU-GRC,2061,WASH_MACH,2,0
C-WEU-GRC,2062,WASH_MACH,1,0.1
C-WEU-GRC,2062,WASH_MACH,2,0
C-WEU-GRC,2063,WASH_MACH,1,0.1
C-WEU-GRC,2063,WASH_MACH,2,0
C-WEU-GRC,2064,WASH_MACH,1,0.1
C-WEU-GRC,2064,WASH_MACH,2,0
C-WEU-GRC,2065,WASH_MACH,1,0.1
C-WEU-GRC,2065,WASH_MACH,2,0
C-WEU-GRC,2066,WASH_MACH,1,0.1
C-WEU-GRC,2066,WASH_MACH,2,0
C-WEU-GRC,2067,WASH_MACH,1,0.1
C-WEU-GRC,2067,WASH_MACH,2,0
C-WEU-GRC,2068,WASH_MACH,1,0.1
C-WEU-GRC,2068,WASH_MACH,2,0
C-WEU-GRC,2069,WASH_MACH,1,0.1
C-WEU-GRC,2069,WASH_MACH,2,0
C-WEU-GRC,2070,WASH_MACH,1,0.1
C-WEU-GRC,2070,WASH_MACH,2,0
C-WEU-GRC,2071,WASH_MACH,1,0.1
C-WEU-GRC,2071,WASH_MACH,2,0
C-WEU-GRC,2072,WASH_MACH,1,0.1
C-WEU-GRC,2072,WASH_MACH,2,0
C-WEU-GRC,2073,WASH_MACH,1,0.1
C-WEU-GRC,2073,WASH_MACH,2,0
C-WEU-GRC,2074,WASH_MACH,1,0.1
C-WEU-GRC,2074,WASH_MACH,2,0
C-WEU-GRC,2075,WASH_MACH,1,0.1
C-WEU-GRC,2075,WASH_MACH,2,0
C-WEU-GRC,2076,WASH_MACH,1,0.1
C-WEU-GRC,2076,WASH_MACH,2,0
C-WEU-GRC,2077,WASH_MACH,1,0.1
C-WEU-GRC,2077,WASH_MACH,2,0
C-WEU-GRC,2078,WASH_MACH,1,0.1
C-WEU-GRC,2078,WASH_MACH,2,0
C-WEU-GRC,2079,WASH_MACH,1,0.1
C-WEU-GRC,2079,WASH_MACH,2,0
C-WEU-GRC,2080,WASH_MACH,1,0.1
C-WEU-GRC,2080,WASH_MACH,2,0
C-WEU-GRC,2081,WASH_MACH,1,0.1
C-WEU-GRC,2081,WASH_MACH,2,0
C-WEU-GRC,2082,WASH_MACH,1,0.1
C-WEU-GRC,2082,WASH_MACH,2,0
C-WEU-GRC,2083,WASH_MACH,1,0.1
C-WEU-GRC,2083,WASH_MACH,2,0
C-WEU-GRC,2084,WASH_MACH,1,0.1
C-WEU-GRC,2084,WASH_MACH,2,0
C-WEU-GRC,2085,WASH_MACH,1,0.1
C-WEU-GRC,2085,WASH_MACH,2,0
C-WEU-GRC,2086,WASH_MACH,1,0.1
C-WEU-GRC,2086,WASH_MACH,2,0
C-WEU-GRC,2087,WASH_MACH,1,0.1
C-WEU-GRC,2087,WASH_MACH,2,0
C-WEU-GRC,2088,WASH_MACH,1,0.1
C-WEU-GRC,2088,WASH_MACH,2,0
C-WEU-GRC,2089,WASH_MACH,1,0.1
C-WEU-GRC,2089,WASH_MACH,2,0
C-WEU-GRC,2090,WASH_MACH,1,0.1
C-WEU-GRC,2090,WASH_MACH,2,0
C-WEU-GRC,2091,WASH_MACH,1,0.1
C-WEU-GRC,2091,WASH_MACH,2,0
C-WEU-GRC,2092,WASH_MACH,1,0.1
C-WEU-GRC,2092,WASH_MACH,2,0
C-WEU-GRC,2093,WASH_MACH,1,0.1
C-WEU-GRC,2093,WASH_MACH,2,0
C-WEU-GRC,2094,WASH_MACH,1,0.1
C-WEU-GRC,2094,WASH_MACH,2,0
C-WEU-GRC,2095,WASH_MACH,1,0.1
C-WEU-GRC,2095,WASH_MACH,2,0
C-WEU-GRC,2096,WASH_MACH,1,0.1
C-WEU-GRC,2096,WASH_MACH,2,0
C-WEU-GRC,2097,WASH_MACH,1,0.1
C-WEU-GRC,2097,WASH_MACH,2,0
C-WEU-GRC,2098,WASH_MACH,1,0.1
C-WEU-GRC,2098,WASH_MACH,2,0
C-WEU-GRC,2099,WASH_MACH,1,0.1
C-WEU-GRC,2099,WASH_MACH,2,0
C-WEU-GRC,2100,WASH_MACH,1,0.1
C-WEU-GRC,2100,WASH_MACH,2,0
C-WEU-GRC,2000,WASH_MACH_COM,1,0.03
C-WEU-GRC,2000,WASH_MACH_COM,2,0
C-WEU-GRC,2001,WASH_MACH_COM,1,0.03
C-WEU-GRC,2001,WASH_MACH_COM,2,0
C-WEU-GRC,2002,WASH_MACH_COM,1,0.03
C-WEU-GRC,2002,WASH_MACH_COM,2,0
C-WEU-GRC,2003,WASH_MACH_COM,1,0.03
C-WEU-GRC,2003,WASH_MACH_COM,2,0
C-WEU-GRC,2004,WASH_MACH_COM,1,0.03
C-WEU-GRC,2004,WASH_MACH_COM,2,0
C-WEU-GRC,2005,WASH_MACH_COM,1,0.03
C-WEU-GRC,2005,WASH_MACH_COM,2,0
C-WEU-GRC,2006,WASH_MACH_COM,1,0.03
C-WEU-GRC,2006,WASH_MACH_COM,2,0
C-WEU-GRC,2007,WASH_MACH_COM,1,0.03
C-WEU-GRC,2007,WASH_MACH_COM,2,0
C-WEU-GRC,2008,WASH_MACH_COM,1,0.03
C-WEU-GRC,2008,WASH_MACH_COM,2,0
C-WEU-GRC,2009,WASH_MACH_COM,1,0.03
C-WEU-GRC,2009,WASH_MACH_COM,2,0
C-WEU-GRC,2010,WASH_MACH_COM,1,0.03
C-WEU-GRC,2010,WASH_MACH_COM,2,0
C-WEU-GRC,2011,WASH_MACH_COM,1,0.03
C-WEU-GRC,2011,WASH_MACH_COM,2,0
C-WEU-GRC,2012,WASH_MACH_COM,1,0.03
C-WEU-GRC,2012,WASH_MACH_COM,2,0
C-WEU-GRC,2013,WASH_MACH_COM,1,0.03
C-WEU-GRC,2013,WASH_MACH_COM,2,0
C-WEU-GRC,2014,WASH_MACH_COM,1,0.03
C-WEU-GRC,2014,WASH_MACH_COM,2,0
C-WEU-GRC,2015,WASH_MACH_COM,1,0.03
C-WEU-GRC,2015,WASH_MACH_COM,2,0
C-WEU-GRC,2016,WASH_MACH_COM,1,0.03
C-WEU-GRC,2016,WASH_MACH_COM,2,0
C-WEU-GRC,2017,WASH_MACH_COM,1,0.03
C-WEU-GRC,2017,WASH_MACH_COM,2,0
C-WEU-GRC,2018,WASH_MACH_COM,1,0.03
C-WEU-GRC,2018,WASH_MACH_COM,2,0
C-WEU-GRC,2019,WASH_MACH_COM,1,0.03
C-WEU-GRC,2019,WASH_MACH_COM,2,0
C-WEU-GRC,2020,WASH_MACH_COM,1,0.03
C-WEU-GRC,2020,WASH_MACH_COM,2,0
C-WEU-GRC,2021,WASH_MACH_COM,1,0.03
C-WEU-GRC,2021,WASH_MACH_COM,2,0
C-WEU-GRC,2022,WASH_MACH_COM,1,0.03
C-WEU-GRC,2022,WASH_MACH_COM,2,0
C-WEU-GRC,2023,WASH_MACH_COM,1,0.03
C-WEU-GRC,2023,WASH_MACH_COM,2,0
C-WEU-GRC,2024,WASH_MACH_COM,1,0.03
C-WEU-GRC,2024,WASH_MACH_COM,2,0
C-WEU-GRC,2025,WASH_MACH_COM,1,0.03
C-WEU-GRC,2025,WASH_MACH_COM,2,0
C-WEU-GRC,2026,WASH_MACH_COM,1,0.03
C-WEU-GRC,2026,WASH_MACH_COM,2,0
C-WEU-GRC,2027,WASH_MACH_COM,1,0.03
C-WEU-GRC,2027,WASH_MACH_COM,2,0
C-WEU-GRC,2028,WASH_MACH_COM,1,0.03
C-WEU-GRC,2028,WASH_MACH_COM,2,0
C-WEU-GRC,2029,WASH_MACH_COM,1,0.03
C-WEU-GRC,2029,WASH_MACH_COM,2,0
C-WEU-GRC,2030,WASH_MACH_COM,1,0.1
C-WEU-GRC,2030,WASH_MACH_COM,2,0
C-WEU-GRC,2031,WASH_MACH_COM,1,0.1
C-WEU-GRC,2031,WASH_MACH_COM,2,0
C-WEU-GRC,2032,WASH_MACH_COM,1,0.1
C-WEU-GRC,2032,WASH_MACH_COM,2,0
C-WEU-GRC,2033,WASH_MACH_COM,1,0.1
C-WEU-GRC,2033,WASH_MACH_COM,2,0
C-WEU-GRC,2034,WASH_MACH_COM,1,0.1
C-WEU-GRC,2034,WASH_MACH_COM,2,0
C-WEU-GRC,2035,WASH_MACH_COM,1,0.1
C-WEU-GRC,2035,WASH_MACH_COM,2,0
C-WEU-GRC,2036,WASH_MACH_COM,1,0.1
C-WEU-GRC,2036,WASH_MACH_COM,2,0
C-WEU-GRC,2037,WASH_MACH_COM,1,0.1
C-WEU-GRC,2037,WASH_MACH_COM,2,0
C-WEU-GRC,2038,WASH_MACH_COM,1,0.1
C-WEU-GRC,2038,WASH_MACH_COM,2,0
C-WEU-GRC,2039,WASH_MACH_COM,1,0.1
C-WEU-GRC,2039,WASH_MACH_COM,2,0
C-WEU-GRC,2040,WASH_MACH_COM,1,0.1
C-WEU-GRC,2040,WASH_MACH_COM,2,0
C-WEU-GRC,2041,WASH_MACH_COM,1,0.1
C-WEU-GRC,2041,WASH_MACH_COM,2,0
C-WEU-GRC,2042,WASH_MACH_COM,1,0.1
C-WEU-GRC,2042,WASH_MACH_COM,2,0
C-WEU-GRC,2043,WASH_MACH_COM,1,0.1
C-WEU-GRC,2043,WASH_MACH_COM,2,0
C-WEU-GRC,2044,WASH_MACH_COM,1,0.1
C-WEU-GRC,2044,WASH_MACH_COM,2,0
C-WEU-GRC,2045,WASH_MACH_COM,1,0.1
C-WEU-GRC,2045,WASH_MACH_COM,2,0
C-WEU-GRC,2046,WASH_MACH_COM,1,0.1
C-WEU-GRC,2046,WASH_MACH_COM,2,0
C-WEU-GRC,2047,WASH_MACH_COM,1,0.1
C-WEU-GRC,2047,WASH_MACH_COM,2,0
C-WEU-GRC,2048,WASH_MACH_COM,1,0.1
C-WEU-GRC,2048,WASH_MACH_COM,2,0
C-WEU-GRC,2049,WASH_MACH_COM,1,0.1
C-WEU-GRC,2049,WASH_MACH_COM,2,0
C-WEU-GRC,2050,WASH_MACH_COM,1,0.1
C-WEU-GRC,2050,WASH_MACH_COM,2,0
C-WEU-GRC,2051,WASH_MACH_COM,1,0.1
C-WEU-GRC,2051,WASH_MACH_COM,2,0
C-WEU-GRC,2052,WASH_MACH_COM,1,0.1
C-WEU-GRC,2052,WASH_MACH_COM,2,0
C-WEU-GRC,2053,WASH_MACH_COM,1,0.1
C-WEU-GRC,2053,WASH_MACH_COM,2,0
C-WEU-GRC,2054,WASH_MACH_COM,1,0.1
C-WEU-GRC,2054,WASH_MACH_COM,2,0
C-WEU-GRC,2055,WASH_MACH_COM,1,0.1
C-WEU-GRC,2055,WASH_MACH_COM,2,0
C-WEU-GRC,2056,WASH_MACH_COM,1,0.1
C-WEU-GRC,2056,WASH_MACH_COM,2,0
C-WEU-GRC,2057,WASH_MACH_COM,1,0.1
C-WEU-GRC,2057,WASH_MACH_COM,2,0
C-WEU-GRC,2058,WASH_MACH_COM,1,0.1
C-WEU-GRC,2058,WASH_MACH_COM,2,0
C-WEU-GRC,2059,WASH_MACH_COM,1,0.1
C-WEU-GRC,2059,WASH_MACH_COM,2,0
C-WEU-GRC,2060,WASH_MACH_COM,1,0.1
C-WEU-GRC,2060,WASH_MACH_COM,2,0
C-WEU-GRC,2061,WASH_MACH_COM,1,0.1
C-WEU-GRC,2061,WASH_MACH_COM,2,0
C-WEU-GRC,2062,WASH_MACH_COM,1,0.1
C-WEU-GRC,2062,WASH_MACH_COM,2,0
C-WEU-GRC,2063,WASH_MACH_COM,1,0.1
C-WEU-GRC,2063,WASH_MACH_COM,2,0
C-WEU-GRC,2064,WASH_MACH_COM,1,0.1
C-WEU-GRC,2064,WASH_MACH_COM,2,0
C-WEU-GRC,2065,WASH_MACH_COM,1,0.1
C-WEU-GRC,2065,WASH_MACH_COM,2,0
C-WEU-GRC,2066,WASH_MACH_COM,1,0.1
C-WEU-GRC,2066,WASH_MACH_COM,2,0
C-WEU-GRC,2067,WASH_MACH_COM,1,0.1
C-WEU-GRC,2067,WASH_MACH_COM,2,0
C-WEU-GRC,2068,WASH_MACH_COM,1,0.1
C-WEU-GRC,2068,WASH_MACH_COM,2,0
C-WEU-GRC,2069,WASH_MACH_COM,1,0.1
C-WEU-GRC,2069,WASH_MACH_COM,2,0
C-WEU-GRC,2070,WASH_MACH_COM,1,0.1
C-WEU-GRC,2070,WASH_MACH_COM,2,0
C-WEU-GRC,2071,WASH_MACH_COM,1,0.1
C-WEU-GRC,2071,WASH_MACH_COM,2,0
C-WEU-GRC,2072,WASH_MACH_COM,1,0.1
C-WEU-GRC,2072,WASH_MACH_COM,2,0
C-WEU-GRC,2073,WASH_MACH_COM,1,0.1
C-WEU-GRC,2073,WASH_MACH_COM,2,0
C-WEU-GRC,2074,WASH_MACH_COM,1,0.1
C-WEU-GRC,2074,WASH_MACH_COM,2,0
C-WEU-GRC,2075,WASH_MACH_COM,1,0.1
C-WEU-GRC,2075,WASH_MACH_COM,2,0
C-WEU-GRC,2076,WASH_MACH_COM,1,0.1
C-WEU-GRC,2076,WASH_MACH_COM,2,0
C-WEU-GRC,2077,WASH_MACH_COM,1,0.1
C-WEU-GRC,2077,WASH_MACH_COM,2,0
C-WEU-GRC,2078,WASH_MACH_COM,1,0.1
C-WEU-GRC,2078,WASH_MACH_COM,2,0
C-WEU-GRC,2079,WASH_MACH_COM,1,0.1
C-WEU-GRC,2079,WASH_MACH_COM,2,0
C-WEU-GRC,2080,WASH_MACH_COM,1,0.1
C-WEU-GRC,2080,WASH_MACH_COM,2,0
C-WEU-GRC,2081,WASH_MACH_COM,1,0.1
C-WEU-GRC,2081,WASH_MACH_COM,2,0
C-WEU-GRC,2082,WASH_MACH_COM,1,0.1
C-WEU-GRC,2082,WASH_MACH_COM,2,0
C-WEU-GRC,2083,WASH_MACH_COM,1,0.1
C-WEU-GRC,2083,WASH_MACH_COM,2,0
C-WEU-GRC,2084,WASH_MACH_COM,1,0.1
C-WEU-GRC,2084,WASH_MACH_COM,2,0
C-WEU-GRC,2085,WASH_MACH_COM,1,0.1
C-WEU-GRC,2085,WASH_MACH_COM,2,0
C-WEU-GRC,2086,WASH_MACH_COM,1,0.1
C-WEU-GRC,2086,WASH_MACH_COM,2,0
C-WEU-GRC,2087,WASH_MACH_COM,1,0.1
C-WEU-GRC,2087,WASH_MACH_COM,2,0
C-WEU-GRC,2088,WASH_MACH_COM,1,0.1
C-WEU-GRC,2088,WASH_MACH_COM,2,0
C-WEU-GRC,2089,WASH_MACH_COM,1,0.1
C-WEU-GRC,2089,WASH_MACH_COM,2,0
C-WEU-GRC,2090,WASH_MACH_COM,1,0.1
C-WEU-GRC,2090,WASH_MACH_COM,2,0
C-WEU-GRC,2091,WASH_MACH_COM,1,0.1
C-WEU-GRC,2091,WASH_MACH_COM,2,0
C-WEU-GRC,2092,WASH_MACH_COM,1,0.1
C-WEU-GRC,2092,WASH_MACH_COM,2,0
C-WEU-GRC,2093,WASH_MACH_COM,1,0.1
C-WEU-GRC,2093,WASH_MACH_COM,2,0
C-WEU-GRC,2094,WASH_MACH_COM,1,0.1
C-WEU-GRC,2094,WASH_MACH_COM,2,0
C-WEU-GRC,2095,WASH_MACH_COM,1,0.1
C-WEU-GRC,2095,WASH_MACH_COM,2,0
C-WEU-GRC,2096,WASH_MACH_COM,1,0.1
C-WEU-GRC,2096,WASH_MACH_COM,2,0
C-WEU-GRC,2097,WASH_MACH_COM,1,0.1
C-WEU-GRC,2097,WASH_MACH_COM,2,0
C-WEU-GRC,2098,WASH_MACH_COM,1,0.1
C-WEU-GRC,2098,WASH_MACH_COM,2,0
C-WEU-GRC,2099,WASH_MACH_COM,1,0.1
C-WEU-GRC,2099,WASH_MACH_COM,2,0
C-WEU-GRC,2100,WASH_MACH_COM,1,0.1
C-WEU-GRC,2100,WASH_MACH_COM,2,0
C-WEU-IRL,2000,WASH_MACH,1,0.03
C-WEU-IRL,2000,WASH_MACH,2,0
C-WEU-IRL,2001,WASH_MACH,1,0.03
C-WEU-IRL,2001,WASH_MACH,2,0
C-WEU-IRL,2002,WASH_MACH,1,0.03
C-WEU-IRL,2002,WASH_MACH,2,0
C-WEU-IRL,2003,WASH_MACH,1,0.03
C-WEU-IRL,2003,WASH_MACH,2,0
C-WEU-IRL,2004,WASH_MACH,1,0.03
C-WEU-IRL,2004,WASH_MACH,2,0
C-WEU-IRL,2005,WASH_MACH,1,0.03
C-WEU-IRL,2005,WASH_MACH,2,0
C-WEU-IRL,2006,WASH_MACH,1,0.03
C-WEU-IRL,2006,WASH_MACH,2,0
C-WEU-IRL,2007,WASH_MACH,1,0.03
C-WEU-IRL,2007,WASH_MACH,2,0
C-WEU-IRL,2008,WASH_MACH,1,0.03
C-WEU-IRL,2008,WASH_MACH,2,0
C-WEU-IRL,2009,WASH_MACH,1,0.03
C-WEU-IRL,2009,WASH_MACH,2,0
C-WEU-IRL,2010,WASH_MACH,1,0.03
C-WEU-IRL,2010,WASH_MACH,2,0
C-WEU-IRL,2011,WASH_MACH,1,0.03
C-WEU-IRL,2011,WASH_MACH,2,0
C-WEU-IRL,2012,WASH_MACH,1,0.03
C-WEU-IRL,2012,WASH_MACH,2,0
C-WEU-IRL,2013,WASH_MACH,1,0.03
C-WEU-IRL,2013,WASH_MACH,2,0
C-WEU-IRL,2014,WASH_MACH,1,0.03
C-WEU-IRL,2014,WASH_MACH,2,0
C-WEU-IRL,2015,WASH_MACH,1,0.03
C-WEU-IRL,2015,WASH_MACH,2,0
C-WEU-IRL,2016,WASH_MACH,1,0.03
C-WEU-IRL,2016,WASH_MACH,2,0
C-WEU-IRL,2017,WASH_MACH,1,0.03
C-WEU-IRL,2017,WASH_MACH,2,0
C-WEU-IRL,2018,WASH_MACH,1,0.03
C-WEU-IRL,2018,WASH_MACH,2,0
C-WEU-IRL,2019,WASH_MACH,1,0.03
C-WEU-IRL,2019,WASH_MACH,2,0
C-WEU-IRL,2020,WASH_MACH,1,0.03
C-WEU-IRL,2020,WASH_MACH,2,0
C-WEU-IRL,2021,WASH_MACH,1,0.03
C-WEU-IRL,2021,WASH_MACH,2,0
C-WEU-IRL,2022,WASH_MACH,1,0.03
C-WEU-IRL,2022,WASH_MACH,2,0
C-WEU-IRL,2023,WASH_MACH,1,0.03
C-WEU-IRL,2023,WASH_MACH,2,0
C-WEU-IRL,2024,WASH_MACH,1,0.03
C-WEU-IRL,2024,WASH_MACH,2,0
C-WEU-IRL,2025,WASH_MACH,1,0.03
C-WEU-IRL,2025,WASH_MACH,2,0
C-WEU-IRL,2026,WASH_MACH,1,0.03
C-WEU-IRL,2026,WASH_MACH,2,0
C-WEU-IRL,2027,WASH_MACH,1,0.03
C-WEU-IRL,2027,WASH_MACH,2,0
C-WEU-IRL,2028,WASH_MACH,1,0.03
C-WEU-IRL,2028,WASH_MACH,2,0
C-WEU-IRL,2029,WASH_MACH,1,0.03
C-WEU-IRL,2029,WASH_MACH,2,0
C-WEU-IRL,2030,WASH_MACH,1,0.1
C-WEU-IRL,2030,WASH_MACH,2,0
C-WEU-IRL,2031,WASH_MACH,1,0.1
C-WEU-IRL,2031,WASH_MACH,2,0
C-WEU-IRL,2032,WASH_MACH,1,0.1
C-WEU-IRL,2032,WASH_MACH,2,0
C-WEU-IRL,2033,WASH_MACH,1,0.1
C-WEU-IRL,2033,WASH_MACH,2,0
C-WEU-IRL,2034,WASH_MACH,1,0.1
C-WEU-IRL,2034,WASH_MACH,2,0
C-WEU-IRL,2035,WASH_MACH,1,0.1
C-WEU-IRL,2035,WASH_MACH,2,0
C-WEU-IRL,2036,WASH_MACH,1,0.1
C-WEU-IRL,2036,WASH_MACH,2,0
C-WEU-IRL,2037,WASH_MACH,1,0.1
C-WEU-IRL,2037,WASH_MACH,2,0
C-WEU-IRL,2038,WASH_MACH,1,0.1
C-WEU-IRL,2038,WASH_MACH,2,0
C-WEU-IRL,2039,WASH_MACH,1,0.1
C-WEU-IRL,2039,WASH_MACH,2,0
C-WEU-IRL,2040,WASH_MACH,1,0.1
C-WEU-IRL,2040,WASH_MACH,2,0
C-WEU-IRL,2041,WASH_MACH,1,0.1
C-WEU-IRL,2041,WASH_MACH,2,0
C-WEU-IRL,2042,WASH_MACH,1,0.1
C-WEU-IRL,2042,WASH_MACH,2,0
C-WEU-IRL,2043,WASH_MACH,1,0.1
C-WEU-IRL,2043,WASH_MACH,2,0
C-WEU-IRL,2044,WASH_MACH,1,0.1
C-WEU-IRL,2044,WASH_MACH,2,0
C-WEU-IRL,2045,WASH_MACH,1,0.1
C-WEU-IRL,2045,WASH_MACH,2,0
C-WEU-IRL,2046,WASH_MACH,1,0.1
C-WEU-IRL,2046,WASH_MACH,2,0
C-WEU-IRL,2047,WASH_MACH,1,0.1
C-WEU-IRL,2047,WASH_MACH,2,0
C-WEU-IRL,2048,WASH_MACH,1,0.1
C-WEU-IRL,2048,WASH_MACH,2,0
C-WEU-IRL,2049,WASH_MACH,1,0.1
C-WEU-IRL,2049,WASH_MACH,2,0
C-WEU-IRL,2050,WASH_MACH,1,0.1
C-WEU-IRL,2050,WASH_MACH,2,0
C-WEU-IRL,2051,WASH_MACH,1,0.1
C-WEU-IRL,2051,WASH_MACH,2,0
C-WEU-IRL,2052,WASH_MACH,1,0.1
C-WEU-IRL,2052,WASH_MACH,2,0
C-WEU-IRL,2053,WASH_MACH,1,0.1
C-WEU-IRL,2053,WASH_MACH,2,0
C-WEU-IRL,2054,WASH_MACH,1,0.1
C-WEU-IRL,2054,WASH_MACH,2,0
C-WEU-IRL,2055,WASH_MACH,1,0.1
C-WEU-IRL,2055,WASH_MACH,2,0
C-WEU-IRL,2056,WASH_MACH,1,0.1
C-WEU-IRL,2056,WASH_MACH,2,0
C-WEU-IRL,2057,WASH_MACH,1,0.1
C-WEU-IRL,2057,WASH_MACH,2,0
C-WEU-IRL,2058,WASH_MACH,1,0.1
C-WEU-IRL,2058,WASH_MACH,2,0
C-WEU-IRL,2059,WASH_MACH,1,0.1
C-WEU-IRL,2059,WASH_MACH,2,0
C-WEU-IRL,2060,WASH_MACH,1,0.1
C-WEU-IRL,2060,WASH_MACH,2,0
C-WEU-IRL,2061,WASH_MACH,1,0.1
C-WEU-IRL,2061,WASH_MACH,2,0
C-WEU-IRL,2062,WASH_MACH,1,0.1
C-WEU-IRL,2062,WASH_MACH,2,0
C-WEU-IRL,2063,WASH_MACH,1,0.1
C-WEU-IRL,2063,WASH_MACH,2,0
C-WEU-IRL,2064,WASH_MACH,1,0.1
C-WEU-IRL,2064,WASH_MACH,2,0
C-WEU-IRL,2065,WASH_MACH,1,0.1
C-WEU-IRL,2065,WASH_MACH,2,0
C-WEU-IRL,2066,WASH_MACH,1,0.1
C-WEU-IRL,2066,WASH_MACH,2,0
C-WEU-IRL,2067,WASH_MACH,1,0.1
C-WEU-IRL,2067,WASH_MACH,2,0
C-WEU-IRL,2068,WASH_MACH,1,0.1
C-WEU-IRL,2068,WASH_MACH,2,0
C-WEU-IRL,2069,WASH_MACH,1,0.1
C-WEU-IRL,2069,WASH_MACH,2,0
C-WEU-IRL,2070,WASH_MACH,1,0.1
C-WEU-IRL,2070,WASH_MACH,2,0
C-WEU-IRL,2071,WASH_MACH,1,0.1
C-WEU-IRL,2071,WASH_MACH,2,0
C-WEU-IRL,2072,WASH_MACH,1,0.1
C-WEU-IRL,2072,WASH_MACH,2,0
C-WEU-IRL,2073,WASH_MACH,1,0.1
C-WEU-IRL,2073,WASH_MACH,2,0
C-WEU-IRL,2074,WASH_MACH,1,0.1
C-WEU-IRL,2074,WASH_MACH,2,0
C-WEU-IRL,2075,WASH_MACH,1,0.1
C-WEU-IRL,2075,WASH_MACH,2,0
C-WEU-IRL,2076,WASH_MACH,1,0.1
C-WEU-IRL,2076,WASH_MACH,2,0
C-WEU-IRL,2077,WASH_MACH,1,0.1
C-WEU-IRL,2077,WASH_MACH,2,0
C-WEU-IRL,2078,WASH_MACH,1,0.1
C-WEU-IRL,2078,WASH_MACH,2,0
C-WEU-IRL,2079,WASH_MACH,1,0.1
C-WEU-IRL,2079,WASH_MACH,2,0
C-WEU-IRL,2080,WASH_MACH,1,0.1
C-WEU-IRL,2080,WASH_MACH,2,0
C-WEU-IRL,2081,WASH_MACH,1,0.1
C-WEU-IRL,2081,WASH_MACH,2,0
C-WEU-IRL,2082,WASH_MACH,1,0.1
C-WEU-IRL,2082,WASH_MACH,2,0
C-WEU-IRL,2083,WASH_MACH,1,0.1
C-WEU-IRL,2083,WASH_MACH,2,0
C-WEU-IRL,2084,WASH_MACH,1,0.1
C-WEU-IRL,2084,WASH_MACH,2,0
C-WEU-IRL,2085,WASH_MACH,1,0.1
C-WEU-IRL,2085,WASH_MACH,2,0
C-WEU-IRL,2086,WASH_MACH,1,0.1
C-WEU-IRL,2086,WASH_MACH,2,0
C-WEU-IRL,2087,WASH_MACH,1,0.1
C-WEU-IRL,2087,WASH_MACH,2,0
C-WEU-IRL,2088,WASH_MACH,1,0.1
C-WEU-IRL,2088,WASH_MACH,2,0
C-WEU-IRL,2089,WASH_MACH,1,0.1
C-WEU-IRL,2089,WASH_MACH,2,0
C-WEU-IRL,2090,WASH_MACH,1,0.1
C-WEU-IRL,2090,WASH_MACH,2,0
C-WEU-IRL,2091,WASH_MACH,1,0.1
C-WEU-IRL,2091,WASH_MACH,2,0
C-WEU-IRL,2092,WASH_MACH,1,0.1
C-WEU-IRL,2092,WASH_MACH,2,0
C-WEU-IRL,2093,WASH_MACH,1,0.1
C-WEU-IRL,2093,WASH_MACH,2,0
C-WEU-IRL,2094,WASH_MACH,1,0.1
C-WEU-IRL,2094,WASH_MACH,2,0
C-WEU-IRL,2095,WASH_MACH,1,0.1
C-WEU-IRL,2095,WASH_MACH,2,0
C-WEU-IRL,2096,WASH_MACH,1,0.1
C-WEU-IRL,2096,WASH_MACH,2,0
C-WEU-IRL,2097,WASH_MACH,1,0.1
C-WEU-IRL,2097,WASH_MACH,2,0
C-WEU-IRL,2098,WASH_MACH,1,0.1
C-WEU-IRL,2098,WASH_MACH,2,0
C-WEU-IRL,2099,WASH_MACH,1,0.1
C-WEU-IRL,2099,WASH_MACH,2,0
C-WEU-IRL,2100,WASH_MACH,1,0.1
C-WEU-IRL,2100,WASH_MACH,2,0
C-WEU-IRL,2000,WASH_MACH_COM,1,0.03
C-WEU-IRL,2000,WASH_MACH_COM,2,0
C-WEU-IRL,2001,WASH_MACH_COM,1,0.03
C-WEU-IRL,2001,WASH_MACH_COM,2,0
C-WEU-IRL,2002,WASH_MACH_COM,1,0.03
C-WEU-IRL,2002,WASH_MACH_COM,2,0
C-WEU-IRL,2003,WASH_MACH_COM,1,0.03
C-WEU-IRL,2003,WASH_MACH_COM,2,0
C-WEU-IRL,2004,WASH_MACH_COM,1,0.03
C-WEU-IRL,2004,WASH_MACH_COM,2,0
C-WEU-IRL,2005,WASH_MACH_COM,1,0.03
C-WEU-IRL,2005,WASH_MACH_COM,2,0
C-WEU-IRL,2006,WASH_MACH_COM,1,0.03
C-WEU-IRL,2006,WASH_MACH_COM,2,0
C-WEU-IRL,2007,WASH_MACH_COM,1,0.03
C-WEU-IRL,2007,WASH_MACH_COM,2,0
C-WEU-IRL,2008,WASH_MACH_COM,1,0.03
C-WEU-IRL,2008,WASH_MACH_COM,2,0
C-WEU-IRL,2009,WASH_MACH_COM,1,0.03
C-WEU-IRL,2009,WASH_MACH_COM,2,0
C-WEU-IRL,2010,WASH_MACH_COM,1,0.03
C-WEU-IRL,2010,WASH_MACH_COM,2,0
C-WEU-IRL,2011,WASH_MACH_COM,1,0.03
C-WEU-IRL,2011,WASH_MACH_COM,2,0
C-WEU-IRL,2012,WASH_MACH_COM,1,0.03
C-WEU-IRL,2012,WASH_MACH_COM,2,0
C-WEU-IRL,2013,WASH_MACH_COM,1,0.03
C-WEU-IRL,2013,WASH_MACH_COM,2,0
C-WEU-IRL,2014,WASH_MACH_COM,1,0.03
C-WEU-IRL,2014,WASH_MACH_COM,2,0
C-WEU-IRL,2015,WASH_MACH_COM,1,0.03
C-WEU-IRL,2015,WASH_MACH_COM,2,0
C-WEU-IRL,2016,WASH_MACH_COM,1,0.03
C-WEU-IRL,2016,WASH_MACH_COM,2,0
C-WEU-IRL,2017,WASH_MACH_COM,1,0.03
C-WEU-IRL,2017,WASH_MACH_COM,2,0
C-WEU-IRL,2018,WASH_MACH_COM,1,0.03
C-WEU-IRL,2018,WASH_MACH_COM,2,0
C-WEU-IRL,2019,WASH_MACH_COM,1,0.03
C-WEU-IRL,2019,WASH_MACH_COM,2,0
C-WEU-IRL,2020,WASH_MACH_COM,1,0.03
C-WEU-IRL,2020,WASH_MACH_COM,2,0
C-WEU-IRL,2021,WASH_MACH_COM,1,0.03
C-WEU-IRL,2021,WASH_MACH_COM,2,0
C-WEU-IRL,2022,WASH_MACH_COM,1,0.03
C-WEU-IRL,2022,WASH_MACH_COM,2,0
C-WEU-IRL,2023,WASH_MACH_COM,1,0.03
C-WEU-IRL,2023,WASH_MACH_COM,2,0
C-WEU-IRL,2024,WASH_MACH_COM,1,0.03
C-WEU-IRL,2024,WASH_MACH_COM,2,0
C-WEU-IRL,2025,WASH_MACH_COM,1,0.03
C-WEU-IRL,2025,WASH_MACH_COM,2,0
C-WEU-IRL,2026,WASH_MACH_COM,1,0.03
C-WEU-IRL,2026,WASH_MACH_COM,2,0
C-WEU-IRL,2027,WASH_MACH_COM,1,0.03
C-WEU-IRL,2027,WASH_MACH_COM,2,0
C-WEU-IRL,2028,WASH_MACH_COM,1,0.03
C-WEU-IRL,2028,WASH_MACH_COM,2,0
C-WEU-IRL,2029,WASH_MACH_COM,1,0.03
C-WEU-IRL,2029,WASH_MACH_COM,2,0
C-WEU-IRL,2030,WASH_MACH_COM,1,0.1
C-WEU-IRL,2030,WASH_MACH_COM,2,0
C-WEU-IRL,2031,WASH_MACH_COM,1,0.1
C-WEU-IRL,2031,WASH_MACH_COM,2,0
C-WEU-IRL,2032,WASH_MACH_COM,1,0.1
C-WEU-IRL,2032,WASH_MACH_COM,2,0
C-WEU-IRL,2033,WASH_MACH_COM,1,0.1
C-WEU-IRL,2033,WASH_MACH_COM,2,0
C-WEU-IRL,2034,WASH_MACH_COM,1,0.1
C-WEU-IRL,2034,WASH_MACH_COM,2,0
C-WEU-IRL,2035,WASH_MACH_COM,1,0.1
C-WEU-IRL,2035,WASH_MACH_COM,2,0
C-WEU-IRL,2036,WASH_MACH_COM,1,0.1
C-WEU-IRL,2036,WASH_MACH_COM,2,0
C-WEU-IRL,2037,WASH_MACH_COM,1,0.1
C-WEU-IRL,2037,WASH_MACH_COM,2,0
C-WEU-IRL,2038,WASH_MACH_COM,1,0.1
C-WEU-IRL,2038,WASH_MACH_COM,2,0
C-WEU-IRL,2039,WASH_MACH_COM,1,0.1
C-WEU-IRL,2039,WASH_MACH_COM,2,0
C-WEU-IRL,2040,WASH_MACH_COM,1,0.1
C-WEU-IRL,2040,WASH_MACH_COM,2,0
C-WEU-IRL,2041,WASH_MACH_COM,1,0.1
C-WEU-IRL,2041,WASH_MACH_COM,2,0
C-WEU-IRL,2042,WASH_MACH_COM,1,0.1
C-WEU-IRL,2042,WASH_MACH_COM,2,0
C-WEU-IRL,2043,WASH_MACH_COM,1,0.1
C-WEU-IRL,2043,WASH_MACH_COM,2,0
C-WEU-IRL,2044,WASH_MACH_COM,1,0.1
C-WEU-IRL,2044,WASH_MACH_COM,2,0
C-WEU-IRL,2045,WASH_MACH_COM,1,0.1
C-WEU-IRL,2045,WASH_MACH_COM,2,0
C-WEU-IRL,2046,WASH_MACH_COM,1,0.1
C-WEU-IRL,2046,WASH_MACH_COM,2,0
C-WEU-IRL,2047,WASH_MACH_COM,1,0.1
C-WEU-IRL,2047,WASH_MACH_COM,2,0
C-WEU-IRL,2048,WASH_MACH_COM,1,0.1
C-WEU-IRL,2048,WASH_MACH_COM,2,0
C-WEU-IRL,2049,WASH_MACH_COM,1,0.1
C-WEU-IRL,2049,WASH_MACH_COM,2,0
C-WEU-IRL,2050,WASH_MACH_COM,1,0.1
C-WEU-IRL,2050,WASH_MACH_COM,2,0
C-WEU-IRL,2051,WASH_MACH_COM,1,0.1
C-WEU-IRL,2051,WASH_MACH_COM,2,0
C-WEU-IRL,2052,WASH_MACH_COM,1,0.1
C-WEU-IRL,2052,WASH_MACH_COM,2,0
C-WEU-IRL,2053,WASH_MACH_COM,1,0.1
C-WEU-IRL,2053,WASH_MACH_COM,2,0
C-WEU-IRL,2054,WASH_MACH_COM,1,0.1
C-WEU-IRL,2054,WASH_MACH_COM,2,0
C-WEU-IRL,2055,WASH_MACH_COM,1,0.1
C-WEU-IRL,2055,WASH_MACH_COM,2,0
C-WEU-IRL,2056,WASH_MACH_COM,1,0.1
C-WEU-IRL,2056,WASH_MACH_COM,2,0
C-WEU-IRL,2057,WASH_MACH_COM,1,0.1
C-WEU-IRL,2057,WASH_MACH_COM,2,0
C-WEU-IRL,2058,WASH_MACH_COM,1,0.1
C-WEU-IRL,2058,WASH_MACH_COM,2,0
C-WEU-IRL,2059,WASH_MACH_COM,1,0.1
C-WEU-IRL,2059,WASH_MACH_COM,2,0
C-WEU-IRL,2060,WASH_MACH_COM,1,0.1
C-WEU-IRL,2060,WASH_MACH_COM,2,0
C-WEU-IRL,2061,WASH_MACH_COM,1,0.1
C-WEU-IRL,2061,WASH_MACH_COM,2,0
C-WEU-IRL,2062,WASH_MACH_COM,1,0.1
C-WEU-IRL,2062,WASH_MACH_COM,2,0
C-WEU-IRL,2063,WASH_MACH_COM,1,0.1
C-WEU-IRL,2063,WASH_MACH_COM,2,0
C-WEU-IRL,2064,WASH_MACH_COM,1,0.1
C-WEU-IRL,2064,WASH_MACH_COM,2,0
C-WEU-IRL,2065,WASH_MACH_COM,1,0.1
C-WEU-IRL,2065,WASH_MACH_COM,2,0
C-WEU-IRL,2066,WASH_MACH_COM,1,0.1
C-WEU-IRL,2066,WASH_MACH_COM,2,0
C-WEU-IRL,2067,WASH_MACH_COM,1,0.1
C-WEU-IRL,2067,WASH_MACH_COM,2,0
C-WEU-IRL,2068,WASH_MACH_COM,1,0.1
C-WEU-IRL,2068,WASH_MACH_COM,2,0
C-WEU-IRL,2069,WASH_MACH_COM,1,0.1
C-WEU-IRL,2069,WASH_MACH_COM,2,0
C-WEU-IRL,2070,WASH_MACH_COM,1,0.1
C-WEU-IRL,2070,WASH_MACH_COM,2,0
C-WEU-IRL,2071,WASH_MACH_COM,1,0.1
C-WEU-IRL,2071,WASH_MACH_COM,2,0
C-WEU-IRL,2072,WASH_MACH_COM,1,0.1
C-WEU-IRL,2072,WASH_MACH_COM,2,0
C-WEU-IRL,2073,WASH_MACH_COM,1,0.1
C-WEU-IRL,2073,WASH_MACH_COM,2,0
C-WEU-IRL,2074,WASH_MACH_COM,1,0.1
C-WEU-IRL,2074,WASH_MACH_COM,2,0
C-WEU-IRL,2075,WASH_MACH_COM,1,0.1
C-WEU-IRL,2075,WASH_MACH_COM,2,0
C-WEU-IRL,2076,WASH_MACH_COM,1,0.1
C-WEU-IRL,2076,WASH_MACH_COM,2,0
C-WEU-IRL,2077,WASH_MACH_COM,1,0.1
C-WEU-IRL,2077,WASH_MACH_COM,2,0
C-WEU-IRL,2078,WASH_MACH_COM,1,0.1
C-WEU-IRL,2078,WASH_MACH_COM,2,0
C-WEU-IRL,2079,WASH_MACH_COM,1,0.1
C-WEU-IRL,2079,WASH_MACH_COM,2,0
C-WEU-IRL,2080,WASH_MACH_COM,1,0.1
C-WEU-IRL,2080,WASH_MACH_COM,2,0
C-WEU-IRL,2081,WASH_MACH_COM,1,0.1
C-WEU-IRL,2081,WASH_MACH_COM,2,0
C-WEU-IRL,2082,WASH_MACH_COM,1,0.1
C-WEU-IRL,2082,WASH_MACH_COM,2,0
C-WEU-IRL,2083,WASH_MACH_COM,1,0.1
C-WEU-IRL,2083,WASH_MACH_COM,2,0
C-WEU-IRL,2084,WASH_MACH_COM,1,0.1
C-WEU-IRL,2084,WASH_MACH_COM,2,0
C-WEU-IRL,2085,WASH_MACH_COM,1,0.1
C-WEU-IRL,2085,WASH_MACH_COM,2,0
C-WEU-IRL,2086,WASH_MACH_COM,1,0.1
C-WEU-IRL,2086,WASH_MACH_COM,2,0
C-WEU-IRL,2087,WASH_MACH_COM,1,0.1
C-WEU-IRL,2087,WASH_MACH_COM,2,0
C-WEU-IRL,2088,WASH_MACH_COM,1,0.1
C-WEU-IRL,2088,WASH_MACH_COM,2,0
C-WEU-IRL,2089,WASH_MACH_COM,1,0.1
C-WEU-IRL,2089,WASH_MACH_COM,2,0
C-WEU-IRL,2090,WASH_MACH_COM,1,0.1
C-WEU-IRL,2090,WASH_MACH_COM,2,0
C-WEU-IRL,2091,WASH_MACH_COM,1,0.1
C-WEU-IRL,2091,WASH_MACH_COM,2,0
C-WEU-IRL,2092,WASH_MACH_COM,1,0.1
C-WEU-IRL,2092,WASH_MACH_COM,2,0
C-WEU-IRL,2093,WASH_MACH_COM,1,0.1
C-WEU-IRL,2093,WASH_MACH_COM,2,0
C-WEU-IRL,2094,WASH_MACH_COM,1,0.1
C-WEU-IRL,2094,WASH_MACH_COM,2,0
C-WEU-IRL,2095,WASH_MACH_COM,1,0.1
C-WEU-IRL,2095,WASH_MACH_COM,2,0
C-WEU-IRL,2096,WASH_MACH_COM,1,0.1
C-WEU-IRL,2096,WASH_MACH_COM,2,0
C-WEU-IRL,2097,WASH_MACH_COM,1,0.1
C-WEU-IRL,2097,WASH_MACH_COM,2,0
C-WEU-IRL,2098,WASH_MACH_COM,1,0.1
C-WEU-IRL,2098,WASH_MACH_COM,2,0
C-WEU-IRL,2099,WASH_MACH_COM,1,0.1
C-WEU-IRL,2099,WASH_MACH_COM,2,0
C-WEU-IRL,2100,WASH_MACH_COM,1,0.1
C-WEU-IRL,2100,WASH_MACH_COM,2,0
C-WEU-ISL,2000,WASH_MACH,1,0.1
C-WEU-ISL,2000,WASH_MACH,2,0
C-WEU-ISL,2001,WASH_MACH,1,0.1
C-WEU-ISL,2001,WASH_MACH,2,0
C-WEU-ISL,2002,WASH_MACH,1,0.1
C-WEU-ISL,2002,WASH_MACH,2,0
C-WEU-ISL,2003,WASH_MACH,1,0.1
C-WEU-ISL,2003,WASH_MACH,2,0
C-WEU-ISL,2004,WASH_MACH,1,0.1
C-WEU-ISL,2004,WASH_MACH,2,0
C-WEU-ISL,2005,WASH_MACH,1,0.1
C-WEU-ISL,2005,WASH_MACH,2,0
C-WEU-ISL,2006,WASH_MACH,1,0.1
C-WEU-ISL,2006,WASH_MACH,2,0
C-WEU-ISL,2007,WASH_MACH,1,0.1
C-WEU-ISL,2007,WASH_MACH,2,0
C-WEU-ISL,2008,WASH_MACH,1,0.1
C-WEU-ISL,2008,WASH_MACH,2,0
C-WEU-ISL,2009,WASH_MACH,1,0.1
C-WEU-ISL,2009,WASH_MACH,2,0
C-WEU-ISL,2010,WASH_MACH,1,0.1
C-WEU-ISL,2010,WASH_MACH,2,0
C-WEU-ISL,2011,WASH_MACH,1,0.1
C-WEU-ISL,2011,WASH_MACH,2,0
C-WEU-ISL,2012,WASH_MACH,1,0.1
C-WEU-ISL,2012,WASH_MACH,2,0
C-WEU-ISL,2013,WASH_MACH,1,0.1
C-WEU-ISL,2013,WASH_MACH,2,0
C-WEU-ISL,2014,WASH_MACH,1,0.1
C-WEU-ISL,2014,WASH_MACH,2,0
C-WEU-ISL,2015,WASH_MACH,1,0.1
C-WEU-ISL,2015,WASH_MACH,2,0
C-WEU-ISL,2016,WASH_MACH,1,0.1
C-WEU-ISL,2016,WASH_MACH,2,0
C-WEU-ISL,2017,WASH_MACH,1,0.1
C-WEU-ISL,2017,WASH_MACH,2,0
C-WEU-ISL,2018,WASH_MACH,1,0.1
C-WEU-ISL,2018,WASH_MACH,2,0
C-WEU-ISL,2019,WASH_MACH,1,0.1
C-WEU-ISL,2019,WASH_MACH,2,0
C-WEU-ISL,2020,WASH_MACH,1,0.1
C-WEU-ISL,2020,WASH_MACH,2,0
C-WEU-ISL,2021,WASH_MACH,1,0.1
C-WEU-ISL,2021,WASH_MACH,2,0
C-WEU-ISL,2022,WASH_MACH,1,0.1
C-WEU-ISL,2022,WASH_MACH,2,0
C-WEU-ISL,2023,WASH_MACH,1,0.1
C-WEU-ISL,2023,WASH_MACH,2,0
C-WEU-ISL,2024,WASH_MACH,1,0.1
C-WEU-ISL,2024,WASH_MACH,2,0
C-WEU-ISL,2025,WASH_MACH,1,0.1
C-WEU-ISL,2025,WASH_MACH,2,0
C-WEU-ISL,2026,WASH_MACH,1,0.1
C-WEU-ISL,2026,WASH_MACH,2,0
C-WEU-ISL,2027,WASH_MACH,1,0.1
C-WEU-ISL,2027,WASH_MACH,2,0
C-WEU-ISL,2028,WASH_MACH,1,0.1
C-WEU-ISL,2028,WASH_MACH,2,0
C-WEU-ISL,2029,WASH_MACH,1,0.1
C-WEU-ISL,2029,WASH_MACH,2,0
C-WEU-ISL,2030,WASH_MACH,1,0.1
C-WEU-ISL,2030,WASH_MACH,2,0
C-WEU-ISL,2031,WASH_MACH,1,0.1
C-WEU-ISL,2031,WASH_MACH,2,0
C-WEU-ISL,2032,WASH_MACH,1,0.1
C-WEU-ISL,2032,WASH_MACH,2,0
C-WEU-ISL,2033,WASH_MACH,1,0.1
C-WEU-ISL,2033,WASH_MACH,2,0
C-WEU-ISL,2034,WASH_MACH,1,0.1
C-WEU-ISL,2034,WASH_MACH,2,0
C-WEU-ISL,2035,WASH_MACH,1,0.1
C-WEU-ISL,2035,WASH_MACH,2,0
C-WEU-ISL,2036,WASH_MACH,1,0.1
C-WEU-ISL,2036,WASH_MACH,2,0
C-WEU-ISL,2037,WASH_MACH,1,0.1
C-WEU-ISL,2037,WASH_MACH,2,0
C-WEU-ISL,2038,WASH_MACH,1,0.1
C-WEU-ISL,2038,WASH_MACH,2,0
C-WEU-ISL,2039,WASH_MACH,1,0.1
C-WEU-ISL,2039,WASH_MACH,2,0
C-WEU-ISL,2040,WASH_MACH,1,0.1
C-WEU-ISL,2040,WASH_MACH,2,0
C-WEU-ISL,2041,WASH_MACH,1,0.1
C-WEU-ISL,2041,WASH_MACH,2,0
C-WEU-ISL,2042,WASH_MACH,1,0.1
C-WEU-ISL,2042,WASH_MACH,2,0
C-WEU-ISL,2043,WASH_MACH,1,0.1
C-WEU-ISL,2043,WASH_MACH,2,0
C-WEU-ISL,2044,WASH_MACH,1,0.1
C-WEU-ISL,2044,WASH_MACH,2,0
C-WEU-ISL,2045,WASH_MACH,1,0.1
C-WEU-ISL,2045,WASH_MACH,2,0
C-WEU-ISL,2046,WASH_MACH,1,0.1
C-WEU-ISL,2046,WASH_MACH,2,0
C-WEU-ISL,2047,WASH_MACH,1,0.1
C-WEU-ISL,2047,WASH_MACH,2,0
C-WEU-ISL,2048,WASH_MACH,1,0.1
C-WEU-ISL,2048,WASH_MACH,2,0
C-WEU-ISL,2049,WASH_MACH,1,0.1
C-WEU-ISL,2049,WASH_MACH,2,0
C-WEU-ISL,2050,WASH_MACH,1,0.1
C-WEU-ISL,2050,WASH_MACH,2,0
C-WEU-ISL,2051,WASH_MACH,1,0.1
C-WEU-ISL,2051,WASH_MACH,2,0
C-WEU-ISL,2052,WASH_MACH,1,0.1
C-WEU-ISL,2052,WASH_MACH,2,0
C-WEU-ISL,2053,WASH_MACH,1,0.1
C-WEU-ISL,2053,WASH_MACH,2,0
C-WEU-ISL,2054,WASH_MACH,1,0.1
C-WEU-ISL,2054,WASH_MACH,2,0
C-WEU-ISL,2055,WASH_MACH,1,0.1
C-WEU-ISL,2055,WASH_MACH,2,0
C-WEU-ISL,2056,WASH_MACH,1,0.1
C-WEU-ISL,2056,WASH_MACH,2,0
C-WEU-ISL,2057,WASH_MACH,1,0.1
C-WEU-ISL,2057,WASH_MACH,2,0
C-WEU-ISL,2058,WASH_MACH,1,0.1
C-WEU-ISL,2058,WASH_MACH,2,0
C-WEU-ISL,2059,WASH_MACH,1,0.1
C-WEU-ISL,2059,WASH_MACH,2,0
C-WEU-ISL,2060,WASH_MACH,1,0.1
C-WEU-ISL,2060,WASH_MACH,2,0
C-WEU-ISL,2061,WASH_MACH,1,0.1
C-WEU-ISL,2061,WASH_MACH,2,0
C-WEU-ISL,2062,WASH_MACH,1,0.1
C-WEU-ISL,2062,WASH_MACH,2,0
C-WEU-ISL,2063,WASH_MACH,1,0.1
C-WEU-ISL,2063,WASH_MACH,2,0
C-WEU-ISL,2064,WASH_MACH,1,0.1
C-WEU-ISL,2064,WASH_MACH,2,0
C-WEU-ISL,2065,WASH_MACH,1,0.1
C-WEU-ISL,2065,WASH_MACH,2,0
C-WEU-ISL,2066,WASH_MACH,1,0.1
C-WEU-ISL,2066,WASH_MACH,2,0
C-WEU-ISL,2067,WASH_MACH,1,0.1
C-WEU-ISL,2067,WASH_MACH,2,0
C-WEU-ISL,2068,WASH_MACH,1,0.1
C-WEU-ISL,2068,WASH_MACH,2,0
C-WEU-ISL,2069,WASH_MACH,1,0.1
C-WEU-ISL,2069,WASH_MACH,2,0
C-WEU-ISL,2070,WASH_MACH,1,0.1
C-WEU-ISL,2070,WASH_MACH,2,0
C-WEU-ISL,2071,WASH_MACH,1,0.1
C-WEU-ISL,2071,WASH_MACH,2,0
C-WEU-ISL,2072,WASH_MACH,1,0.1
C-WEU-ISL,2072,WASH_MACH,2,0
C-WEU-ISL,2073,WASH_MACH,1,0.1
C-WEU-ISL,2073,WASH_MACH,2,0
C-WEU-ISL,2074,WASH_MACH,1,0.1
C-WEU-ISL,2074,WASH_MACH,2,0
C-WEU-ISL,2075,WASH_MACH,1,0.1
C-WEU-ISL,2075,WASH_MACH,2,0
C-WEU-ISL,2076,WASH_MACH,1,0.1
C-WEU-ISL,2076,WASH_MACH,2,0
C-WEU-ISL,2077,WASH_MACH,1,0.1
C-WEU-ISL,2077,WASH_MACH,2,0
C-WEU-ISL,2078,WASH_MACH,1,0.1
C-WEU-ISL,2078,WASH_MACH,2,0
C-WEU-ISL,2079,WASH_MACH,1,0.1
C-WEU-ISL,2079,WASH_MACH,2,0
C-WEU-ISL,2080,WASH_MACH,1,0.1
C-WEU-ISL,2080,WASH_MACH,2,0
C-WEU-ISL,2081,WASH_MACH,1,0.1
C-WEU-ISL,2081,WASH_MACH,2,0
C-WEU-ISL,2082,WASH_MACH,1,0.1
C-WEU-ISL,2082,WASH_MACH,2,0
C-WEU-ISL,2083,WASH_MACH,1,0.1
C-WEU-ISL,2083,WASH_MACH,2,0
C-WEU-ISL,2084,WASH_MACH,1,0.1
C-WEU-ISL,2084,WASH_MACH,2,0
C-WEU-ISL,2085,WASH_MACH,1,0.1
C-WEU-ISL,2085,WASH_MACH,2,0
C-WEU-ISL,2086,WASH_MACH,1,0.1
C-WEU-ISL,2086,WASH_MACH,2,0
C-WEU-ISL,2087,WASH_MACH,1,0.1
C-WEU-ISL,2087,WASH_MACH,2,0
C-WEU-ISL,2088,WASH_MACH,1,0.1
C-WEU-ISL,2088,WASH_MACH,2,0
C-WEU-ISL,2089,WASH_MACH,1,0.1
C-WEU-ISL,2089,WASH_MACH,2,0
C-WEU-ISL,2090,WASH_MACH,1,0.1
C-WEU-ISL,2090,WASH_MACH,2,0
C-WEU-ISL,2091,WASH_MACH,1,0.1
C-WEU-ISL,2091,WASH_MACH,2,0
C-WEU-ISL,2092,WASH_MACH,1,0.1
C-WEU-ISL,2092,WASH_MACH,2,0
C-WEU-ISL,2093,WASH_MACH,1,0.1
C-WEU-ISL,2093,WASH_MACH,2,0
C-WEU-ISL,2094,WASH_MACH,1,0.1
C-WEU-ISL,2094,WASH_MACH,2,0
C-WEU-ISL,2095,WASH_MACH,1,0.1
C-WEU-ISL,2095,WASH_MACH,2,0
C-WEU-ISL,2096,WASH_MACH,1,0.1
C-WEU-ISL,2096,WASH_MACH,2,0
C-WEU-ISL,2097,WASH_MACH,1,0.1
C-WEU-ISL,2097,WASH_MACH,2,0
C-WEU-ISL,2098,WASH_MACH,1,0.1
C-WEU-ISL,2098,WASH_MACH,2,0
C-WEU-ISL,2099,WASH_MACH,1,0.1
C-WEU-ISL,2099,WASH_MACH,2,0
C-WEU-ISL,2100,WASH_MACH,1,0.1
C-WEU-ISL,2100,WASH_MACH,2,0
C-WEU-ISL,2000,WASH_MACH_COM,1,0.1
C-WEU-ISL,2000,WASH_MACH_COM,2,0
C-WEU-ISL,2001,WASH_MACH_COM,1,0.1
C-WEU-ISL,2001,WASH_MACH_COM,2,0
C-WEU-ISL,2002,WASH_MACH_COM,1,0.1
C-WEU-ISL,2002,WASH_MACH_COM,2,0
C-WEU-ISL,2003,WASH_MACH_COM,1,0.1
C-WEU-ISL,2003,WASH_MACH_COM,2,0
C-WEU-ISL,2004,WASH_MACH_COM,1,0.1
C-WEU-ISL,2004,WASH_MACH_COM,2,0
C-WEU-ISL,2005,WASH_MACH_COM,1,0.1
C-WEU-ISL,2005,WASH_MACH_COM,2,0
C-WEU-ISL,2006,WASH_MACH_COM,1,0.1
C-WEU-ISL,2006,WASH_MACH_COM,2,0
C-WEU-ISL,2007,WASH_MACH_COM,1,0.1
C-WEU-ISL,2007,WASH_MACH_COM,2,0
C-WEU-ISL,2008,WASH_MACH_COM,1,0.1
C-WEU-ISL,2008,WASH_MACH_COM,2,0
C-WEU-ISL,2009,WASH_MACH_COM,1,0.1
C-WEU-ISL,2009,WASH_MACH_COM,2,0
C-WEU-ISL,2010,WASH_MACH_COM,1,0.1
C-WEU-ISL,2010,WASH_MACH_COM,2,0
C-WEU-ISL,2011,WASH_MACH_COM,1,0.1
C-WEU-ISL,2011,WASH_MACH_COM,2,0
C-WEU-ISL,2012,WASH_MACH_COM,1,0.1
C-WEU-ISL,2012,WASH_MACH_COM,2,0
C-WEU-ISL,2013,WASH_MACH_COM,1,0.1
C-WEU-ISL,2013,WASH_MACH_COM,2,0
C-WEU-ISL,2014,WASH_MACH_COM,1,0.1
C-WEU-ISL,2014,WASH_MACH_COM,2,0
C-WEU-ISL,2015,WASH_MACH_COM,1,0.1
C-WEU-ISL,2015,WASH_MACH_COM,2,0
C-WEU-ISL,2016,WASH_MACH_COM,1,0.1
C-WEU-ISL,2016,WASH_MACH_COM,2,0
C-WEU-ISL,2017,WASH_MACH_COM,1,0.1
C-WEU-ISL,2017,WASH_MACH_COM,2,0
C-WEU-ISL,2018,WASH_MACH_COM,1,0.1
C-WEU-ISL,2018,WASH_MACH_COM,2,0
C-WEU-ISL,2019,WASH_MACH_COM,1,0.1
C-WEU-ISL,2019,WASH_MACH_COM,2,0
C-WEU-ISL,2020,WASH_MACH_COM,1,0.1
C-WEU-ISL,2020,WASH_MACH_COM,2,0
C-WEU-ISL,2021,WASH_MACH_COM,1,0.1
C-WEU-ISL,2021,WASH_MACH_COM,2,0
C-WEU-ISL,2022,WASH_MACH_COM,1,0.1
C-WEU-ISL,2022,WASH_MACH_COM,2,0
C-WEU-ISL,2023,WASH_MACH_COM,1,0.1
C-WEU-ISL,2023,WASH_MACH_COM,2,0
C-WEU-ISL,2024,WASH_MACH_COM,1,0.1
C-WEU-ISL,2024,WASH_MACH_COM,2,0
C-WEU-ISL,2025,WASH_MACH_COM,1,0.1
C-WEU-ISL,2025,WASH_MACH_COM,2,0
C-WEU-ISL,2026,WASH_MACH_COM,1,0.1
C-WEU-ISL,2026,WASH_MACH_COM,2,0
C-WEU-ISL,2027,WASH_MACH_COM,1,0.1
C-WEU-ISL,2027,WASH_MACH_COM,2,0
C-WEU-ISL,2028,WASH_MACH_COM,1,0.1
C-WEU-ISL,2028,WASH_MACH_COM,2,0
C-WEU-ISL,2029,WASH_MACH_COM,1,0.1
C-WEU-ISL,2029,WASH_MACH_COM,2,0
C-WEU-ISL,2030,WASH_MACH_COM,1,0.1
C-WEU-ISL,2030,WASH_MACH_COM,2,0
C-WEU-ISL,2031,WASH_MACH_COM,1,0.1
C-WEU-ISL,2031,WASH_MACH_COM,2,0
C-WEU-ISL,2032,WASH_MACH_COM,1,0.1
C-WEU-ISL,2032,WASH_MACH_COM,2,0
C-WEU-ISL,2033,WASH_MACH_COM,1,0.1
C-WEU-ISL,2033,WASH_MACH_COM,2,0
C-WEU-ISL,2034,WASH_MACH_COM,1,0.1
C-WEU-ISL,2034,WASH_MACH_COM,2,0
C-WEU-ISL,2035,WASH_MACH_COM,1,0.1
C-WEU-ISL,2035,WASH_MACH_COM,2,0
C-WEU-ISL,2036,WASH_MACH_COM,1,0.1
C-WEU-ISL,2036,WASH_MACH_COM,2,0
C-WEU-ISL,2037,WASH_MACH_COM,1,0.1
C-WEU-ISL,2037,WASH_MACH_COM,2,0
C-WEU-ISL,2038,WASH_MACH_COM,1,0.1
C-WEU-ISL,2038,WASH_MACH_COM,2,0
C-WEU-ISL,2039,WASH_MACH_COM,1,0.1
C-WEU-ISL,2039,WASH_MACH_COM,2,0
C-WEU-ISL,2040,WASH_MACH_COM,1,0.1
C-WEU-ISL,2040,WASH_MACH_COM,2,0
C-WEU-ISL,2041,WASH_MACH_COM,1,0.1
C-WEU-ISL,2041,WASH_MACH_COM,2,0
C-WEU-ISL,2042,WASH_MACH_COM,1,0.1
C-WEU-ISL,2042,WASH_MACH_COM,2,0
C-WEU-ISL,2043,WASH_MACH_COM,1,0.1
C-WEU-ISL,2043,WASH_MACH_COM,2,0
C-WEU-ISL,2044,WASH_MACH_COM,1,0.1
C-WEU-ISL,2044,WASH_MACH_COM,2,0
C-WEU-ISL,2045,WASH_MACH_COM,1,0.1
C-WEU-ISL,2045,WASH_MACH_COM,2,0
C-WEU-ISL,2046,WASH_MACH_COM,1,0.1
C-WEU-ISL,2046,WASH_MACH_COM,2,0
C-WEU-ISL,2047,WASH_MACH_COM,1,0.1
C-WEU-ISL,2047,WASH_MACH_COM,2,0
C-WEU-ISL,2048,WASH_MACH_COM,1,0.1
C-WEU-ISL,2048,WASH_MACH_COM,2,0
C-WEU-ISL,2049,WASH_MACH_COM,1,0.1
C-WEU-ISL,2049,WASH_MACH_COM,2,0
C-WEU-ISL,2050,WASH_MACH_COM,1,0.1
C-WEU-ISL,2050,WASH_MACH_COM,2,0
C-WEU-ISL,2051,WASH_MACH_COM,1,0.1
C-WEU-ISL,2051,WASH_MACH_COM,2,0
C-WEU-ISL,2052,WASH_MACH_COM,1,0.1
C-WEU-ISL,2052,WASH_MACH_COM,2,0
C-WEU-ISL,2053,WASH_MACH_COM,1,0.1
C-WEU-ISL,2053,WASH_MACH_COM,2,0
C-WEU-ISL,2054,WASH_MACH_COM,1,0.1
C-WEU-ISL,2054,WASH_MACH_COM,2,0
C-WEU-ISL,2055,WASH_MACH_COM,1,0.1
C-WEU-ISL,2055,WASH_MACH_COM,2,0
C-WEU-ISL,2056,WASH_MACH_COM,1,0.1
C-WEU-ISL,2056,WASH_MACH_COM,2,0
C-WEU-ISL,2057,WASH_MACH_COM,1,0.1
C-WEU-ISL,2057,WASH_MACH_COM,2,0
C-WEU-ISL,2058,WASH_MACH_COM,1,0.1
C-WEU-ISL,2058,WASH_MACH_COM,2,0
C-WEU-ISL,2059,WASH_MACH_COM,1,0.1
C-WEU-ISL,2059,WASH_MACH_COM,2,0
C-WEU-ISL,2060,WASH_MACH_COM,1,0.1
C-WEU-ISL,2060,WASH_MACH_COM,2,0
C-WEU-ISL,2061,WASH_MACH_COM,1,0.1
C-WEU-ISL,2061,WASH_MACH_COM,2,0
C-WEU-ISL,2062,WASH_MACH_COM,1,0.1
C-WEU-ISL,2062,WASH_MACH_COM,2,0
C-WEU-ISL,2063,WASH_MACH_COM,1,0.1
C-WEU-ISL,2063,WASH_MACH_COM,2,0
C-WEU-ISL,2064,WASH_MACH_COM,1,0.1
C-WEU-ISL,2064,WASH_MACH_COM,2,0
C-WEU-ISL,2065,WASH_MACH_COM,1,0.1
C-WEU-ISL,2065,WASH_MACH_COM,2,0
C-WEU-ISL,2066,WASH_MACH_COM,1,0.1
C-WEU-ISL,2066,WASH_MACH_COM,2,0
C-WEU-ISL,2067,WASH_MACH_COM,1,0.1
C-WEU-ISL,2067,WASH_MACH_COM,2,0
C-WEU-ISL,2068,WASH_MACH_COM,1,0.1
C-WEU-ISL,2068,WASH_MACH_COM,2,0
C-WEU-ISL,2069,WASH_MACH_COM,1,0.1
C-WEU-ISL,2069,WASH_MACH_COM,2,0
C-WEU-ISL,2070,WASH_MACH_COM,1,0.1
C-WEU-ISL,2070,WASH_MACH_COM,2,0
C-WEU-ISL,2071,WASH_MACH_COM,1,0.1
C-WEU-ISL,2071,WASH_MACH_COM,2,0
C-WEU-ISL,2072,WASH_MACH_COM,1,0.1
C-WEU-ISL,2072,WASH_MACH_COM,2,0
C-WEU-ISL,2073,WASH_MACH_COM,1,0.1
C-WEU-ISL,2073,WASH_MACH_COM,2,0
C-WEU-ISL,2074,WASH_MACH_COM,1,0.1
C-WEU-ISL,2074,WASH_MACH_COM,2,0
C-WEU-ISL,2075,WASH_MACH_COM,1,0.1
C-WEU-ISL,2075,WASH_MACH_COM,2,0
C-WEU-ISL,2076,WASH_MACH_COM,1,0.1
C-WEU-ISL,2076,WASH_MACH_COM,2,0
C-WEU-ISL,2077,WASH_MACH_COM,1,0.1
C-WEU-ISL,2077,WASH_MACH_COM,2,0
C-WEU-ISL,2078,WASH_MACH_COM,1,0.1
C-WEU-ISL,2078,WASH_MACH_COM,2,0
C-WEU-ISL,2079,WASH_MACH_COM,1,0.1
C-WEU-ISL,2079,WASH_MACH_COM,2,0
C-WEU-ISL,2080,WASH_MACH_COM,1,0.1
C-WEU-ISL,2080,WASH_MACH_COM,2,0
C-WEU-ISL,2081,WASH_MACH_COM,1,0.1
C-WEU-ISL,2081,WASH_MACH_COM,2,0
C-WEU-ISL,2082,WASH_MACH_COM,1,0.1
C-WEU-ISL,2082,WASH_MACH_COM,2,0
C-WEU-ISL,2083,WASH_MACH_COM,1,0.1
C-WEU-ISL,2083,WASH_MACH_COM,2,0
C-WEU-ISL,2084,WASH_MACH_COM,1,0.1
C-WEU-ISL,2084,WASH_MACH_COM,2,0
C-WEU-ISL,2085,WASH_MACH_COM,1,0.1
C-WEU-ISL,2085,WASH_MACH_COM,2,0
C-WEU-ISL,2086,WASH_MACH_COM,1,0.1
C-WEU-ISL,2086,WASH_MACH_COM,2,0
C-WEU-ISL,2087,WASH_MACH_COM,1,0.1
C-WEU-ISL,2087,WASH_MACH_COM,2,0
C-WEU-ISL,2088,WASH_MACH_COM,1,0.1
C-WEU-ISL,2088,WASH_MACH_COM,2,0
C-WEU-ISL,2089,WASH_MACH_COM,1,0.1
C-WEU-ISL,2089,WASH_MACH_COM,2,0
C-WEU-ISL,2090,WASH_MACH_COM,1,0.1
C-WEU-ISL,2090,WASH_MACH_COM,2,0
C-WEU-ISL,2091,WASH_MACH_COM,1,0.1
C-WEU-ISL,2091,WASH_MACH_COM,2,0
C-WEU-ISL,2092,WASH_MACH_COM,1,0.1
C-WEU-ISL,2092,WASH_MACH_COM,2,0
C-WEU-ISL,2093,WASH_MACH_COM,1,0.1
C-WEU-ISL,2093,WASH_MACH_COM,2,0
C-WEU-ISL,2094,WASH_MACH_COM,1,0.1
C-WEU-ISL,2094,WASH_MACH_COM,2,0
C-WEU-ISL,2095,WASH_MACH_COM,1,0.1
C-WEU-ISL,2095,WASH_MACH_COM,2,0
C-WEU-ISL,2096,WASH_MACH_COM,1,0.1
C-WEU-ISL,2096,WASH_MACH_COM,2,0
C-WEU-ISL,2097,WASH_MACH_COM,1,0.1
C-WEU-ISL,2097,WASH_MACH_COM,2,0
C-WEU-ISL,2098,WASH_MACH_COM,1,0.1
C-WEU-ISL,2098,WASH_MACH_COM,2,0
C-WEU-ISL,2099,WASH_MACH_COM,1,0.1
C-WEU-ISL,2099,WASH_MACH_COM,2,0
C-WEU-ISL,2100,WASH_MACH_COM,1,0.1
C-WEU-ISL,2100,WASH_MACH_COM,2,0
C-WEU-ITA,2000,WASH_MACH,1,0.03
C-WEU-ITA,2000,WASH_MACH,2,0
C-WEU-ITA,2001,WASH_MACH,1,0.03
C-WEU-ITA,2001,WASH_MACH,2,0
C-WEU-ITA,2002,WASH_MACH,1,0.03
C-WEU-ITA,2002,WASH_MACH,2,0
C-WEU-ITA,2003,WASH_MACH,1,0.03
C-WEU-ITA,2003,WASH_MACH,2,0
C-WEU-ITA,2004,WASH_MACH,1,0.03
C-WEU-ITA,2004,WASH_MACH,2,0
C-WEU-ITA,2005,WASH_MACH,1,0.03
C-WEU-ITA,2005,WASH_MACH,2,0
C-WEU-ITA,2006,WASH_MACH,1,0.03
C-WEU-ITA,2006,WASH_MACH,2,0
C-WEU-ITA,2007,WASH_MACH,1,0.03
C-WEU-ITA,2007,WASH_MACH,2,0
C-WEU-ITA,2008,WASH_MACH,1,0.03
C-WEU-ITA,2008,WASH_MACH,2,0
C-WEU-ITA,2009,WASH_MACH,1,0.03
C-WEU-ITA,2009,WASH_MACH,2,0
C-WEU-ITA,2010,WASH_MACH,1,0.03
C-WEU-ITA,2010,WASH_MACH,2,0
C-WEU-ITA,2011,WASH_MACH,1,0.03
C-WEU-ITA,2011,WASH_MACH,2,0
C-WEU-ITA,2012,WASH_MACH,1,0.03
C-WEU-ITA,2012,WASH_MACH,2,0
C-WEU-ITA,2013,WASH_MACH,1,0.03
C-WEU-ITA,2013,WASH_MACH,2,0
C-WEU-ITA,2014,WASH_MACH,1,0.03
C-WEU-ITA,2014,WASH_MACH,2,0
C-WEU-ITA,2015,WASH_MACH,1,0.03
C-WEU-ITA,2015,WASH_MACH,2,0
C-WEU-ITA,2016,WASH_MACH,1,0.03
C-WEU-ITA,2016,WASH_MACH,2,0
C-WEU-ITA,2017,WASH_MACH,1,0.03
C-WEU-ITA,2017,WASH_MACH,2,0
C-WEU-ITA,2018,WASH_MACH,1,0.03
C-WEU-ITA,2018,WASH_MACH,2,0
C-WEU-ITA,2019,WASH_MACH,1,0.03
C-WEU-ITA,2019,WASH_MACH,2,0
C-WEU-ITA,2020,WASH_MACH,1,0.03
C-WEU-ITA,2020,WASH_MACH,2,0
C-WEU-ITA,2021,WASH_MACH,1,0.03
C-WEU-ITA,2021,WASH_MACH,2,0
C-WEU-ITA,2022,WASH_MACH,1,0.03
C-WEU-ITA,2022,WASH_MACH,2,0
C-WEU-ITA,2023,WASH_MACH,1,0.03
C-WEU-ITA,2023,WASH_MACH,2,0
C-WEU-ITA,2024,WASH_MACH,1,0.03
C-WEU-ITA,2024,WASH_MACH,2,0
C-WEU-ITA,2025,WASH_MACH,1,0.03
C-WEU-ITA,2025,WASH_MACH,2,0
C-WEU-ITA,2026,WASH_MACH,1,0.03
C-WEU-ITA,2026,WASH_MACH,2,0
C-WEU-ITA,2027,WASH_MACH,1,0.03
C-WEU-ITA,2027,WASH_MACH,2,0
C-WEU-ITA,2028,WASH_MACH,1,0.03
C-WEU-ITA,2028,WASH_MACH,2,0
C-WEU-ITA,2029,WASH_MACH,1,0.03
C-WEU-ITA,2029,WASH_MACH,2,0
C-WEU-ITA,2030,WASH_MACH,1,0.1
C-WEU-ITA,2030,WASH_MACH,2,0
C-WEU-ITA,2031,WASH_MACH,1,0.1
C-WEU-ITA,2031,WASH_MACH,2,0
C-WEU-ITA,2032,WASH_MACH,1,0.1
C-WEU-ITA,2032,WASH_MACH,2,0
C-WEU-ITA,2033,WASH_MACH,1,0.1
C-WEU-ITA,2033,WASH_MACH,2,0
C-WEU-ITA,2034,WASH_MACH,1,0.1
C-WEU-ITA,2034,WASH_MACH,2,0
C-WEU-ITA,2035,WASH_MACH,1,0.1
C-WEU-ITA,2035,WASH_MACH,2,0
C-WEU-ITA,2036,WASH_MACH,1,0.1
C-WEU-ITA,2036,WASH_MACH,2,0
C-WEU-ITA,2037,WASH_MACH,1,0.1
C-WEU-ITA,2037,WASH_MACH,2,0
C-WEU-ITA,2038,WASH_MACH,1,0.1
C-WEU-ITA,2038,WASH_MACH,2,0
C-WEU-ITA,2039,WASH_MACH,1,0.1
C-WEU-ITA,2039,WASH_MACH,2,0
C-WEU-ITA,2040,WASH_MACH,1,0.1
C-WEU-ITA,2040,WASH_MACH,2,0
C-WEU-ITA,2041,WASH_MACH,1,0.1
C-WEU-ITA,2041,WASH_MACH,2,0
C-WEU-ITA,2042,WASH_MACH,1,0.1
C-WEU-ITA,2042,WASH_MACH,2,0
C-WEU-ITA,2043,WASH_MACH,1,0.1
C-WEU-ITA,2043,WASH_MACH,2,0
C-WEU-ITA,2044,WASH_MACH,1,0.1
C-WEU-ITA,2044,WASH_MACH,2,0
C-WEU-ITA,2045,WASH_MACH,1,0.1
C-WEU-ITA,2045,WASH_MACH,2,0
C-WEU-ITA,2046,WASH_MACH,1,0.1
C-WEU-ITA,2046,WASH_MACH,2,0
C-WEU-ITA,2047,WASH_MACH,1,0.1
C-WEU-ITA,2047,WASH_MACH,2,0
C-WEU-ITA,2048,WASH_MACH,1,0.1
C-WEU-ITA,2048,WASH_MACH,2,0
C-WEU-ITA,2049,WASH_MACH,1,0.1
C-WEU-ITA,2049,WASH_MACH,2,0
C-WEU-ITA,2050,WASH_MACH,1,0.1
C-WEU-ITA,2050,WASH_MACH,2,0
C-WEU-ITA,2051,WASH_MACH,1,0.1
C-WEU-ITA,2051,WASH_MACH,2,0
C-WEU-ITA,2052,WASH_MACH,1,0.1
C-WEU-ITA,2052,WASH_MACH,2,0
C-WEU-ITA,2053,WASH_MACH,1,0.1
C-WEU-ITA,2053,WASH_MACH,2,0
C-WEU-ITA,2054,WASH_MACH,1,0.1
C-WEU-ITA,2054,WASH_MACH,2,0
C-WEU-ITA,2055,WASH_MACH,1,0.1
C-WEU-ITA,2055,WASH_MACH,2,0
C-WEU-ITA,2056,WASH_MACH,1,0.1
C-WEU-ITA,2056,WASH_MACH,2,0
C-WEU-ITA,2057,WASH_MACH,1,0.1
C-WEU-ITA,2057,WASH_MACH,2,0
C-WEU-ITA,2058,WASH_MACH,1,0.1
C-WEU-ITA,2058,WASH_MACH,2,0
C-WEU-ITA,2059,WASH_MACH,1,0.1
C-WEU-ITA,2059,WASH_MACH,2,0
C-WEU-ITA,2060,WASH_MACH,1,0.1
C-WEU-ITA,2060,WASH_MACH,2,0
C-WEU-ITA,2061,WASH_MACH,1,0.1
C-WEU-ITA,2061,WASH_MACH,2,0
C-WEU-ITA,2062,WASH_MACH,1,0.1
C-WEU-ITA,2062,WASH_MACH,2,0
C-WEU-ITA,2063,WASH_MACH,1,0.1
C-WEU-ITA,2063,WASH_MACH,2,0
C-WEU-ITA,2064,WASH_MACH,1,0.1
C-WEU-ITA,2064,WASH_MACH,2,0
C-WEU-ITA,2065,WASH_MACH,1,0.1
C-WEU-ITA,2065,WASH_MACH,2,0
C-WEU-ITA,2066,WASH_MACH,1,0.1
C-WEU-ITA,2066,WASH_MACH,2,0
C-WEU-ITA,2067,WASH_MACH,1,0.1
C-WEU-ITA,2067,WASH_MACH,2,0
C-WEU-ITA,2068,WASH_MACH,1,0.1
C-WEU-ITA,2068,WASH_MACH,2,0
C-WEU-ITA,2069,WASH_MACH,1,0.1
C-WEU-ITA,2069,WASH_MACH,2,0
C-WEU-ITA,2070,WASH_MACH,1,0.1
C-WEU-ITA,2070,WASH_MACH,2,0
C-WEU-ITA,2071,WASH_MACH,1,0.1
C-WEU-ITA,2071,WASH_MACH,2,0
C-WEU-ITA,2072,WASH_MACH,1,0.1
C-WEU-ITA,2072,WASH_MACH,2,0
C-WEU-ITA,2073,WASH_MACH,1,0.1
C-WEU-ITA,2073,WASH_MACH,2,0
C-WEU-ITA,2074,WASH_MACH,1,0.1
C-WEU-ITA,2074,WASH_MACH,2,0
C-WEU-ITA,2075,WASH_MACH,1,0.1
C-WEU-ITA,2075,WASH_MACH,2,0
C-WEU-ITA,2076,WASH_MACH,1,0.1
C-WEU-ITA,2076,WASH_MACH,2,0
C-WEU-ITA,2077,WASH_MACH,1,0.1
C-WEU-ITA,2077,WASH_MACH,2,0
C-WEU-ITA,2078,WASH_MACH,1,0.1
C-WEU-ITA,2078,WASH_MACH,2,0
C-WEU-ITA,2079,WASH_MACH,1,0.1
C-WEU-ITA,2079,WASH_MACH,2,0
C-WEU-ITA,2080,WASH_MACH,1,0.1
C-WEU-ITA,2080,WASH_MACH,2,0
C-WEU-ITA,2081,WASH_MACH,1,0.1
C-WEU-ITA,2081,WASH_MACH,2,0
C-WEU-ITA,2082,WASH_MACH,1,0.1
C-WEU-ITA,2082,WASH_MACH,2,0
C-WEU-ITA,2083,WASH_MACH,1,0.1
C-WEU-ITA,2083,WASH_MACH,2,0
C-WEU-ITA,2084,WASH_MACH,1,0.1
C-WEU-ITA,2084,WASH_MACH,2,0
C-WEU-ITA,2085,WASH_MACH,1,0.1
C-WEU-ITA,2085,WASH_MACH,2,0
C-WEU-ITA,2086,WASH_MACH,1,0.1
C-WEU-ITA,2086,WASH_MACH,2,0
C-WEU-ITA,2087,WASH_MACH,1,0.1
C-WEU-ITA,2087,WASH_MACH,2,0
C-WEU-ITA,2088,WASH_MACH,1,0.1
C-WEU-ITA,2088,WASH_MACH,2,0
C-WEU-ITA,2089,WASH_MACH,1,0.1
C-WEU-ITA,2089,WASH_MACH,2,0
C-WEU-ITA,2090,WASH_MACH,1,0.1
C-WEU-ITA,2090,WASH_MACH,2,0
C-WEU-ITA,2091,WASH_MACH,1,0.1
C-WEU-ITA,2091,WASH_MACH,2,0
C-WEU-ITA,2092,WASH_MACH,1,0.1
C-WEU-ITA,2092,WASH_MACH,2,0
C-WEU-ITA,2093,WASH_MACH,1,0.1
C-WEU-ITA,2093,WASH_MACH,2,0
C-WEU-ITA,2094,WASH_MACH,1,0.1
C-WEU-ITA,2094,WASH_MACH,2,0
C-WEU-ITA,2095,WASH_MACH,1,0.1
C-WEU-ITA,2095,WASH_MACH,2,0
C-WEU-ITA,2096,WASH_MACH,1,0.1
C-WEU-ITA,2096,WASH_MACH,2,0
C-WEU-ITA,2097,WASH_MACH,1,0.1
C-WEU-ITA,2097,WASH_MACH,2,0
C-WEU-ITA,2098,WASH_MACH,1,0.1
C-WEU-ITA,2098,WASH_MACH,2,0
C-WEU-ITA,2099,WASH_MACH,1,0.1
C-WEU-ITA,2099,WASH_MACH,2,0
C-WEU-ITA,2100,WASH_MACH,1,0.1
C-WEU-ITA,2100,WASH_MACH,2,0
C-WEU-ITA,2000,WASH_MACH_COM,1,0.03
C-WEU-ITA,2000,WASH_MACH_COM,2,0
C-WEU-ITA,2001,WASH_MACH_COM,1,0.03
C-WEU-ITA,2001,WASH_MACH_COM,2,0
C-WEU-ITA,2002,WASH_MACH_COM,1,0.03
C-WEU-ITA,2002,WASH_MACH_COM,2,0
C-WEU-ITA,2003,WASH_MACH_COM,1,0.03
C-WEU-ITA,2003,WASH_MACH_COM,2,0
C-WEU-ITA,2004,WASH_MACH_COM,1,0.03
C-WEU-ITA,2004,WASH_MACH_COM,2,0
C-WEU-ITA,2005,WASH_MACH_COM,1,0.03
C-WEU-ITA,2005,WASH_MACH_COM,2,0
C-WEU-ITA,2006,WASH_MACH_COM,1,0.03
C-WEU-ITA,2006,WASH_MACH_COM,2,0
C-WEU-ITA,2007,WASH_MACH_COM,1,0.03
C-WEU-ITA,2007,WASH_MACH_COM,2,0
C-WEU-ITA,2008,WASH_MACH_COM,1,0.03
C-WEU-ITA,2008,WASH_MACH_COM,2,0
C-WEU-ITA,2009,WASH_MACH_COM,1,0.03
C-WEU-ITA,2009,WASH_MACH_COM,2,0
C-WEU-ITA,2010,WASH_MACH_COM,1,0.03
C-WEU-ITA,2010,WASH_MACH_COM,2,0
C-WEU-ITA,2011,WASH_MACH_COM,1,0.03
C-WEU-ITA,2011,WASH_MACH_COM,2,0
C-WEU-ITA,2012,WASH_MACH_COM,1,0.03
C-WEU-ITA,2012,WASH_MACH_COM,2,0
C-WEU-ITA,2013,WASH_MACH_COM,1,0.03
C-WEU-ITA,2013,WASH_MACH_COM,2,0
C-WEU-ITA,2014,WASH_MACH_COM,1,0.03
C-WEU-ITA,2014,WASH_MACH_COM,2,0
C-WEU-ITA,2015,WASH_MACH_COM,1,0.03
C-WEU-ITA,2015,WASH_MACH_COM,2,0
C-WEU-ITA,2016,WASH_MACH_COM,1,0.03
C-WEU-ITA,2016,WASH_MACH_COM,2,0
C-WEU-ITA,2017,WASH_MACH_COM,1,0.03
C-WEU-ITA,2017,WASH_MACH_COM,2,0
C-WEU-ITA,2018,WASH_MACH_COM,1,0.03
C-WEU-ITA,2018,WASH_MACH_COM,2,0
C-WEU-ITA,2019,WASH_MACH_COM,1,0.03
C-WEU-ITA,2019,WASH_MACH_COM,2,0
C-WEU-ITA,2020,WASH_MACH_COM,1,0.03
C-WEU-ITA,2020,WASH_MACH_COM,2,0
C-WEU-ITA,2021,WASH_MACH_COM,1,0.03
C-WEU-ITA,2021,WASH_MACH_COM,2,0
C-WEU-ITA,2022,WASH_MACH_COM,1,0.03
C-WEU-ITA,2022,WASH_MACH_COM,2,0
C-WEU-ITA,2023,WASH_MACH_COM,1,0.03
C-WEU-ITA,2023,WASH_MACH_COM,2,0
C-WEU-ITA,2024,WASH_MACH_COM,1,0.03
C-WEU-ITA,2024,WASH_MACH_COM,2,0
C-WEU-ITA,2025,WASH_MACH_COM,1,0.03
C-WEU-ITA,2025,WASH_MACH_COM,2,0
C-WEU-ITA,2026,WASH_MACH_COM,1,0.03
C-WEU-ITA,2026,WASH_MACH_COM,2,0
C-WEU-ITA,2027,WASH_MACH_COM,1,0.03
C-WEU-ITA,2027,WASH_MACH_COM,2,0
C-WEU-ITA,2028,WASH_MACH_COM,1,0.03
C-WEU-ITA,2028,WASH_MACH_COM,2,0
C-WEU-ITA,2029,WASH_MACH_COM,1,0.03
C-WEU-ITA,2029,WASH_MACH_COM,2,0
C-WEU-ITA,2030,WASH_MACH_COM,1,0.1
C-WEU-ITA,2030,WASH_MACH_COM,2,0
C-WEU-ITA,2031,WASH_MACH_COM,1,0.1
C-WEU-ITA,2031,WASH_MACH_COM,2,0
C-WEU-ITA,2032,WASH_MACH_COM,1,0.1
C-WEU-ITA,2032,WASH_MACH_COM,2,0
C-WEU-ITA,2033,WASH_MACH_COM,1,0.1
C-WEU-ITA,2033,WASH_MACH_COM,2,0
C-WEU-ITA,2034,WASH_MACH_COM,1,0.1
C-WEU-ITA,2034,WASH_MACH_COM,2,0
C-WEU-ITA,2035,WASH_MACH_COM,1,0.1
C-WEU-ITA,2035,WASH_MACH_COM,2,0
C-WEU-ITA,2036,WASH_MACH_COM,1,0.1
C-WEU-ITA,2036,WASH_MACH_COM,2,0
C-WEU-ITA,2037,WASH_MACH_COM,1,0.1
C-WEU-ITA,2037,WASH_MACH_COM,2,0
C-WEU-ITA,2038,WASH_MACH_COM,1,0.1
C-WEU-ITA,2038,WASH_MACH_COM,2,0
C-WEU-ITA,2039,WASH_MACH_COM,1,0.1
C-WEU-ITA,2039,WASH_MACH_COM,2,0
C-WEU-ITA,2040,WASH_MACH_COM,1,0.1
C-WEU-ITA,2040,WASH_MACH_COM,2,0
C-WEU-ITA,2041,WASH_MACH_COM,1,0.1
C-WEU-ITA,2041,WASH_MACH_COM,2,0
C-WEU-ITA,2042,WASH_MACH_COM,1,0.1
C-WEU-ITA,2042,WASH_MACH_COM,2,0
C-WEU-ITA,2043,WASH_MACH_COM,1,0.1
C-WEU-ITA,2043,WASH_MACH_COM,2,0
C-WEU-ITA,2044,WASH_MACH_COM,1,0.1
C-WEU-ITA,2044,WASH_MACH_COM,2,0
C-WEU-ITA,2045,WASH_MACH_COM,1,0.1
C-WEU-ITA,2045,WASH_MACH_COM,2,0
C-WEU-ITA,2046,WASH_MACH_COM,1,0.1
C-WEU-ITA,2046,WASH_MACH_COM,2,0
C-WEU-ITA,2047,WASH_MACH_COM,1,0.1
C-WEU-ITA,2047,WASH_MACH_COM,2,0
C-WEU-ITA,2048,WASH_MACH_COM,1,0.1
C-WEU-ITA,2048,WASH_MACH_COM,2,0
C-WEU-ITA,2049,WASH_MACH_COM,1,0.1
C-WEU-ITA,2049,WASH_MACH_COM,2,0
C-WEU-ITA,2050,WASH_MACH_COM,1,0.1
C-WEU-ITA,2050,WASH_MACH_COM,2,0
C-WEU-ITA,2051,WASH_MACH_COM,1,0.1
C-WEU-ITA,2051,WASH_MACH_COM,2,0
C-WEU-ITA,2052,WASH_MACH_COM,1,0.1
C-WEU-ITA,2052,WASH_MACH_COM,2,0
C-WEU-ITA,2053,WASH_MACH_COM,1,0.1
C-WEU-ITA,2053,WASH_MACH_COM,2,0
C-WEU-ITA,2054,WASH_MACH_COM,1,0.1
C-WEU-ITA,2054,WASH_MACH_COM,2,0
C-WEU-ITA,2055,WASH_MACH_COM,1,0.1
C-WEU-ITA,2055,WASH_MACH_COM,2,0
C-WEU-ITA,2056,WASH_MACH_COM,1,0.1
C-WEU-ITA,2056,WASH_MACH_COM,2,0
C-WEU-ITA,2057,WASH_MACH_COM,1,0.1
C-WEU-ITA,2057,WASH_MACH_COM,2,0
C-WEU-ITA,2058,WASH_MACH_COM,1,0.1
C-WEU-ITA,2058,WASH_MACH_COM,2,0
C-WEU-ITA,2059,WASH_MACH_COM,1,0.1
C-WEU-ITA,2059,WASH_MACH_COM,2,0
C-WEU-ITA,2060,WASH_MACH_COM,1,0.1
C-WEU-ITA,2060,WASH_MACH_COM,2,0
C-WEU-ITA,2061,WASH_MACH_COM,1,0.1
C-WEU-ITA,2061,WASH_MACH_COM,2,0
C-WEU-ITA,2062,WASH_MACH_COM,1,0.1
C-WEU-ITA,2062,WASH_MACH_COM,2,0
C-WEU-ITA,2063,WASH_MACH_COM,1,0.1
C-WEU-ITA,2063,WASH_MACH_COM,2,0
C-WEU-ITA,2064,WASH_MACH_COM,1,0.1
C-WEU-ITA,2064,WASH_MACH_COM,2,0
C-WEU-ITA,2065,WASH_MACH_COM,1,0.1
C-WEU-ITA,2065,WASH_MACH_COM,2,0
C-WEU-ITA,2066,WASH_MACH_COM,1,0.1
C-WEU-ITA,2066,WASH_MACH_COM,2,0
C-WEU-ITA,2067,WASH_MACH_COM,1,0.1
C-WEU-ITA,2067,WASH_MACH_COM,2,0
C-WEU-ITA,2068,WASH_MACH_COM,1,0.1
C-WEU-ITA,2068,WASH_MACH_COM,2,0
C-WEU-ITA,2069,WASH_MACH_COM,1,0.1
C-WEU-ITA,2069,WASH_MACH_COM,2,0
C-WEU-ITA,2070,WASH_MACH_COM,1,0.1
C-WEU-ITA,2070,WASH_MACH_COM,2,0
C-WEU-ITA,2071,WASH_MACH_COM,1,0.1
C-WEU-ITA,2071,WASH_MACH_COM,2,0
C-WEU-ITA,2072,WASH_MACH_COM,1,0.1
C-WEU-ITA,2072,WASH_MACH_COM,2,0
C-WEU-ITA,2073,WASH_MACH_COM,1,0.1
C-WEU-ITA,2073,WASH_MACH_COM,2,0
C-WEU-ITA,2074,WASH_MACH_COM,1,0.1
C-WEU-ITA,2074,WASH_MACH_COM,2,0
C-WEU-ITA,2075,WASH_MACH_COM,1,0.1
C-WEU-ITA,2075,WASH_MACH_COM,2,0
C-WEU-ITA,2076,WASH_MACH_COM,1,0.1
C-WEU-ITA,2076,WASH_MACH_COM,2,0
C-WEU-ITA,2077,WASH_MACH_COM,1,0.1
C-WEU-ITA,2077,WASH_MACH_COM,2,0
C-WEU-ITA,2078,WASH_MACH_COM,1,0.1
C-WEU-ITA,2078,WASH_MACH_COM,2,0
C-WEU-ITA,2079,WASH_MACH_COM,1,0.1
C-WEU-ITA,2079,WASH_MACH_COM,2,0
C-WEU-ITA,2080,WASH_MACH_COM,1,0.1
C-WEU-ITA,2080,WASH_MACH_COM,2,0
C-WEU-ITA,2081,WASH_MACH_COM,1,0.1
C-WEU-ITA,2081,WASH_MACH_COM,2,0
C-WEU-ITA,2082,WASH_MACH_COM,1,0.1
C-WEU-ITA,2082,WASH_MACH_COM,2,0
C-WEU-ITA,2083,WASH_MACH_COM,1,0.1
C-WEU-ITA,2083,WASH_MACH_COM,2,0
C-WEU-ITA,2084,WASH_MACH_COM,1,0.1
C-WEU-ITA,2084,WASH_MACH_COM,2,0
C-WEU-ITA,2085,WASH_MACH_COM,1,0.1
C-WEU-ITA,2085,WASH_MACH_COM,2,0
C-WEU-ITA,2086,WASH_MACH_COM,1,0.1
C-WEU-ITA,2086,WASH_MACH_COM,2,0
C-WEU-ITA,2087,WASH_MACH_COM,1,0.1
C-WEU-ITA,2087,WASH_MACH_COM,2,0
C-WEU-ITA,2088,WASH_MACH_COM,1,0.1
C-WEU-ITA,2088,WASH_MACH_COM,2,0
C-WEU-ITA,2089,WASH_MACH_COM,1,0.1
C-WEU-ITA,2089,WASH_MACH_COM,2,0
C-WEU-ITA,2090,WASH_MACH_COM,1,0.1
C-WEU-ITA,2090,WASH_MACH_COM,2,0
C-WEU-ITA,2091,WASH_MACH_COM,1,0.1
C-WEU-ITA,2091,WASH_MACH_COM,2,0
C-WEU-ITA,2092,WASH_MACH_COM,1,0.1
C-WEU-ITA,2092,WASH_MACH_COM,2,0
C-WEU-ITA,2093,WASH_MACH_COM,1,0.1
C-WEU-ITA,2093,WASH_MACH_COM,2,0
C-WEU-ITA,2094,WASH_MACH_COM,1,0.1
C-WEU-ITA,2094,WASH_MACH_COM,2,0
C-WEU-ITA,2095,WASH_MACH_COM,1,0.1
C-WEU-ITA,2095,WASH_MACH_COM,2,0
C-WEU-ITA,2096,WASH_MACH_COM,1,0.1
C-WEU-ITA,2096,WASH_MACH_COM,2,0
C-WEU-ITA,2097,WASH_MACH_COM,1,0.1
C-WEU-ITA,2097,WASH_MACH_COM,2,0
C-WEU-ITA,2098,WASH_MACH_COM,1,0.1
C-WEU-ITA,2098,WASH_MACH_COM,2,0
C-WEU-ITA,2099,WASH_MACH_COM,1,0.1
C-WEU-ITA,2099,WASH_MACH_COM,2,0
C-WEU-ITA,2100,WASH_MACH_COM,1,0.1
C-WEU-ITA,2100,WASH_MACH_COM,2,0
C-WEU-LUX,2000,WASH_MACH,1,0.03
C-WEU-LUX,2000,WASH_MACH,2,0
C-WEU-LUX,2001,WASH_MACH,1,0.03
C-WEU-LUX,2001,WASH_MACH,2,0
C-WEU-LUX,2002,WASH_MACH,1,0.03
C-WEU-LUX,2002,WASH_MACH,2,0
C-WEU-LUX,2003,WASH_MACH,1,0.03
C-WEU-LUX,2003,WASH_MACH,2,0
C-WEU-LUX,2004,WASH_MACH,1,0.03
C-WEU-LUX,2004,WASH_MACH,2,0
C-WEU-LUX,2005,WASH_MACH,1,0.03
C-WEU-LUX,2005,WASH_MACH,2,0
C-WEU-LUX,2006,WASH_MACH,1,0.03
C-WEU-LUX,2006,WASH_MACH,2,0
C-WEU-LUX,2007,WASH_MACH,1,0.03
C-WEU-LUX,2007,WASH_MACH,2,0
C-WEU-LUX,2008,WASH_MACH,1,0.03
C-WEU-LUX,2008,WASH_MACH,2,0
C-WEU-LUX,2009,WASH_MACH,1,0.03
C-WEU-LUX,2009,WASH_MACH,2,0
C-WEU-LUX,2010,WASH_MACH,1,0.03
C-WEU-LUX,2010,WASH_MACH,2,0
C-WEU-LUX,2011,WASH_MACH,1,0.03
C-WEU-LUX,2011,WASH_MACH,2,0
C-WEU-LUX,2012,WASH_MACH,1,0.03
C-WEU-LUX,2012,WASH_MACH,2,0
C-WEU-LUX,2013,WASH_MACH,1,0.03
C-WEU-LUX,2013,WASH_MACH,2,0
C-WEU-LUX,2014,WASH_MACH,1,0.03
C-WEU-LUX,2014,WASH_MACH,2,0
C-WEU-LUX,2015,WASH_MACH,1,0.03
C-WEU-LUX,2015,WASH_MACH,2,0
C-WEU-LUX,2016,WASH_MACH,1,0.03
C-WEU-LUX,2016,WASH_MACH,2,0
C-WEU-LUX,2017,WASH_MACH,1,0.03
C-WEU-LUX,2017,WASH_MACH,2,0
C-WEU-LUX,2018,WASH_MACH,1,0.03
C-WEU-LUX,2018,WASH_MACH,2,0
C-WEU-LUX,2019,WASH_MACH,1,0.03
C-WEU-LUX,2019,WASH_MACH,2,0
C-WEU-LUX,2020,WASH_MACH,1,0.03
C-WEU-LUX,2020,WASH_MACH,2,0
C-WEU-LUX,2021,WASH_MACH,1,0.03
C-WEU-LUX,2021,WASH_MACH,2,0
C-WEU-LUX,2022,WASH_MACH,1,0.03
C-WEU-LUX,2022,WASH_MACH,2,0
C-WEU-LUX,2023,WASH_MACH,1,0.03
C-WEU-LUX,2023,WASH_MACH,2,0
C-WEU-LUX,2024,WASH_MACH,1,0.03
C-WEU-LUX,2024,WASH_MACH,2,0
C-WEU-LUX,2025,WASH_MACH,1,0.03
C-WEU-LUX,2025,WASH_MACH,2,0
C-WEU-LUX,2026,WASH_MACH,1,0.03
C-WEU-LUX,2026,WASH_MACH,2,0
C-WEU-LUX,2027,WASH_MACH,1,0.03
C-WEU-LUX,2027,WASH_MACH,2,0
C-WEU-LUX,2028,WASH_MACH,1,0.03
C-WEU-LUX,2028,WASH_MACH,2,0
C-WEU-LUX,2029,WASH_MACH,1,0.03
C-WEU-LUX,2029,WASH_MACH,2,0
C-WEU-LUX,2030,WASH_MACH,1,0.1
C-WEU-LUX,2030,WASH_MACH,2,0
C-WEU-LUX,2031,WASH_MACH,1,0.1
C-WEU-LUX,2031,WASH_MACH,2,0
C-WEU-LUX,2032,WASH_MACH,1,0.1
C-WEU-LUX,2032,WASH_MACH,2,0
C-WEU-LUX,2033,WASH_MACH,1,0.1
C-WEU-LUX,2033,WASH_MACH,2,0
C-WEU-LUX,2034,WASH_MACH,1,0.1
C-WEU-LUX,2034,WASH_MACH,2,0
C-WEU-LUX,2035,WASH_MACH,1,0.1
C-WEU-LUX,2035,WASH_MACH,2,0
C-WEU-LUX,2036,WASH_MACH,1,0.1
C-WEU-LUX,2036,WASH_MACH,2,0
C-WEU-LUX,2037,WASH_MACH,1,0.1
C-WEU-LUX,2037,WASH_MACH,2,0
C-WEU-LUX,2038,WASH_MACH,1,0.1
C-WEU-LUX,2038,WASH_MACH,2,0
C-WEU-LUX,2039,WASH_MACH,1,0.1
C-WEU-LUX,2039,WASH_MACH,2,0
C-WEU-LUX,2040,WASH_MACH,1,0.1
C-WEU-LUX,2040,WASH_MACH,2,0
C-WEU-LUX,2041,WASH_MACH,1,0.1
C-WEU-LUX,2041,WASH_MACH,2,0
C-WEU-LUX,2042,WASH_MACH,1,0.1
C-WEU-LUX,2042,WASH_MACH,2,0
C-WEU-LUX,2043,WASH_MACH,1,0.1
C-WEU-LUX,2043,WASH_MACH,2,0
C-WEU-LUX,2044,WASH_MACH,1,0.1
C-WEU-LUX,2044,WASH_MACH,2,0
C-WEU-LUX,2045,WASH_MACH,1,0.1
C-WEU-LUX,2045,WASH_MACH,2,0
C-WEU-LUX,2046,WASH_MACH,1,0.1
C-WEU-LUX,2046,WASH_MACH,2,0
C-WEU-LUX,2047,WASH_MACH,1,0.1
C-WEU-LUX,2047,WASH_MACH,2,0
C-WEU-LUX,2048,WASH_MACH,1,0.1
C-WEU-LUX,2048,WASH_MACH,2,0
C-WEU-LUX,2049,WASH_MACH,1,0.1
C-WEU-LUX,2049,WASH_MACH,2,0
C-WEU-LUX,2050,WASH_MACH,1,0.1
C-WEU-LUX,2050,WASH_MACH,2,0
C-WEU-LUX,2051,WASH_MACH,1,0.1
C-WEU-LUX,2051,WASH_MACH,2,0
C-WEU-LUX,2052,WASH_MACH,1,0.1
C-WEU-LUX,2052,WASH_MACH,2,0
C-WEU-LUX,2053,WASH_MACH,1,0.1
C-WEU-LUX,2053,WASH_MACH,2,0
C-WEU-LUX,2054,WASH_MACH,1,0.1
C-WEU-LUX,2054,WASH_MACH,2,0
C-WEU-LUX,2055,WASH_MACH,1,0.1
C-WEU-LUX,2055,WASH_MACH,2,0
C-WEU-LUX,2056,WASH_MACH,1,0.1
C-WEU-LUX,2056,WASH_MACH,2,0
C-WEU-LUX,2057,WASH_MACH,1,0.1
C-WEU-LUX,2057,WASH_MACH,2,0
C-WEU-LUX,2058,WASH_MACH,1,0.1
C-WEU-LUX,2058,WASH_MACH,2,0
C-WEU-LUX,2059,WASH_MACH,1,0.1
C-WEU-LUX,2059,WASH_MACH,2,0
C-WEU-LUX,2060,WASH_MACH,1,0.1
C-WEU-LUX,2060,WASH_MACH,2,0
C-WEU-LUX,2061,WASH_MACH,1,0.1
C-WEU-LUX,2061,WASH_MACH,2,0
C-WEU-LUX,2062,WASH_MACH,1,0.1
C-WEU-LUX,2062,WASH_MACH,2,0
C-WEU-LUX,2063,WASH_MACH,1,0.1
C-WEU-LUX,2063,WASH_MACH,2,0
C-WEU-LUX,2064,WASH_MACH,1,0.1
C-WEU-LUX,2064,WASH_MACH,2,0
C-WEU-LUX,2065,WASH_MACH,1,0.1
C-WEU-LUX,2065,WASH_MACH,2,0
C-WEU-LUX,2066,WASH_MACH,1,0.1
C-WEU-LUX,2066,WASH_MACH,2,0
C-WEU-LUX,2067,WASH_MACH,1,0.1
C-WEU-LUX,2067,WASH_MACH,2,0
C-WEU-LUX,2068,WASH_MACH,1,0.1
C-WEU-LUX,2068,WASH_MACH,2,0
C-WEU-LUX,2069,WASH_MACH,1,0.1
C-WEU-LUX,2069,WASH_MACH,2,0
C-WEU-LUX,2070,WASH_MACH,1,0.1
C-WEU-LUX,2070,WASH_MACH,2,0
C-WEU-LUX,2071,WASH_MACH,1,0.1
C-WEU-LUX,2071,WASH_MACH,2,0
C-WEU-LUX,2072,WASH_MACH,1,0.1
C-WEU-LUX,2072,WASH_MACH,2,0
C-WEU-LUX,2073,WASH_MACH,1,0.1
C-WEU-LUX,2073,WASH_MACH,2,0
C-WEU-LUX,2074,WASH_MACH,1,0.1
C-WEU-LUX,2074,WASH_MACH,2,0
C-WEU-LUX,2075,WASH_MACH,1,0.1
C-WEU-LUX,2075,WASH_MACH,2,0
C-WEU-LUX,2076,WASH_MACH,1,0.1
C-WEU-LUX,2076,WASH_MACH,2,0
C-WEU-LUX,2077,WASH_MACH,1,0.1
C-WEU-LUX,2077,WASH_MACH,2,0
C-WEU-LUX,2078,WASH_MACH,1,0.1
C-WEU-LUX,2078,WASH_MACH,2,0
C-WEU-LUX,2079,WASH_MACH,1,0.1
C-WEU-LUX,2079,WASH_MACH,2,0
C-WEU-LUX,2080,WASH_MACH,1,0.1
C-WEU-LUX,2080,WASH_MACH,2,0
C-WEU-LUX,2081,WASH_MACH,1,0.1
C-WEU-LUX,2081,WASH_MACH,2,0
C-WEU-LUX,2082,WASH_MACH,1,0.1
C-WEU-LUX,2082,WASH_MACH,2,0
C-WEU-LUX,2083,WASH_MACH,1,0.1
C-WEU-LUX,2083,WASH_MACH,2,0
C-WEU-LUX,2084,WASH_MACH,1,0.1
C-WEU-LUX,2084,WASH_MACH,2,0
C-WEU-LUX,2085,WASH_MACH,1,0.1
C-WEU-LUX,2085,WASH_MACH,2,0
C-WEU-LUX,2086,WASH_MACH,1,0.1
C-WEU-LUX,2086,WASH_MACH,2,0
C-WEU-LUX,2087,WASH_MACH,1,0.1
C-WEU-LUX,2087,WASH_MACH,2,0
C-WEU-LUX,2088,WASH_MACH,1,0.1
C-WEU-LUX,2088,WASH_MACH,2,0
C-WEU-LUX,2089,WASH_MACH,1,0.1
C-WEU-LUX,2089,WASH_MACH,2,0
C-WEU-LUX,2090,WASH_MACH,1,0.1
C-WEU-LUX,2090,WASH_MACH,2,0
C-WEU-LUX,2091,WASH_MACH,1,0.1
C-WEU-LUX,2091,WASH_MACH,2,0
C-WEU-LUX,2092,WASH_MACH,1,0.1
C-WEU-LUX,2092,WASH_MACH,2,0
C-WEU-LUX,2093,WASH_MACH,1,0.1
C-WEU-LUX,2093,WASH_MACH,2,0
C-WEU-LUX,2094,WASH_MACH,1,0.1
C-WEU-LUX,2094,WASH_MACH,2,0
C-WEU-LUX,2095,WASH_MACH,1,0.1
C-WEU-LUX,2095,WASH_MACH,2,0
C-WEU-LUX,2096,WASH_MACH,1,0.1
C-WEU-LUX,2096,WASH_MACH,2,0
C-WEU-LUX,2097,WASH_MACH,1,0.1
C-WEU-LUX,2097,WASH_MACH,2,0
C-WEU-LUX,2098,WASH_MACH,1,0.1
C-WEU-LUX,2098,WASH_MACH,2,0
C-WEU-LUX,2099,WASH_MACH,1,0.1
C-WEU-LUX,2099,WASH_MACH,2,0
C-WEU-LUX,2100,WASH_MACH,1,0.1
C-WEU-LUX,2100,WASH_MACH,2,0
C-WEU-LUX,2000,WASH_MACH_COM,1,0.03
C-WEU-LUX,2000,WASH_MACH_COM,2,0
C-WEU-LUX,2001,WASH_MACH_COM,1,0.03
C-WEU-LUX,2001,WASH_MACH_COM,2,0
C-WEU-LUX,2002,WASH_MACH_COM,1,0.03
C-WEU-LUX,2002,WASH_MACH_COM,2,0
C-WEU-LUX,2003,WASH_MACH_COM,1,0.03
C-WEU-LUX,2003,WASH_MACH_COM,2,0
C-WEU-LUX,2004,WASH_MACH_COM,1,0.03
C-WEU-LUX,2004,WASH_MACH_COM,2,0
C-WEU-LUX,2005,WASH_MACH_COM,1,0.03
C-WEU-LUX,2005,WASH_MACH_COM,2,0
C-WEU-LUX,2006,WASH_MACH_COM,1,0.03
C-WEU-LUX,2006,WASH_MACH_COM,2,0
C-WEU-LUX,2007,WASH_MACH_COM,1,0.03
C-WEU-LUX,2007,WASH_MACH_COM,2,0
C-WEU-LUX,2008,WASH_MACH_COM,1,0.03
C-WEU-LUX,2008,WASH_MACH_COM,2,0
C-WEU-LUX,2009,WASH_MACH_COM,1,0.03
C-WEU-LUX,2009,WASH_MACH_COM,2,0
C-WEU-LUX,2010,WASH_MACH_COM,1,0.03
C-WEU-LUX,2010,WASH_MACH_COM,2,0
C-WEU-LUX,2011,WASH_MACH_COM,1,0.03
C-WEU-LUX,2011,WASH_MACH_COM,2,0
C-WEU-LUX,2012,WASH_MACH_COM,1,0.03
C-WEU-LUX,2012,WASH_MACH_COM,2,0
C-WEU-LUX,2013,WASH_MACH_COM,1,0.03
C-WEU-LUX,2013,WASH_MACH_COM,2,0
C-WEU-LUX,2014,WASH_MACH_COM,1,0.03
C-WEU-LUX,2014,WASH_MACH_COM,2,0
C-WEU-LUX,2015,WASH_MACH_COM,1,0.03
C-WEU-LUX,2015,WASH_MACH_COM,2,0
C-WEU-LUX,2016,WASH_MACH_COM,1,0.03
C-WEU-LUX,2016,WASH_MACH_COM,2,0
C-WEU-LUX,2017,WASH_MACH_COM,1,0.03
C-WEU-LUX,2017,WASH_MACH_COM,2,0
C-WEU-LUX,2018,WASH_MACH_COM,1,0.03
C-WEU-LUX,2018,WASH_MACH_COM,2,0
C-WEU-LUX,2019,WASH_MACH_COM,1,0.03
C-WEU-LUX,2019,WASH_MACH_COM,2,0
C-WEU-LUX,2020,WASH_MACH_COM,1,0.03
C-WEU-LUX,2020,WASH_MACH_COM,2,0
C-WEU-LUX,2021,WASH_MACH_COM,1,0.03
C-WEU-LUX,2021,WASH_MACH_COM,2,0
C-WEU-LUX,2022,WASH_MACH_COM,1,0.03
C-WEU-LUX,2022,WASH_MACH_COM,2,0
C-WEU-LUX,2023,WASH_MACH_COM,1,0.03
C-WEU-LUX,2023,WASH_MACH_COM,2,0
C-WEU-LUX,2024,WASH_MACH_COM,1,0.03
C-WEU-LUX,2024,WASH_MACH_COM,2,0
C-WEU-LUX,2025,WASH_MACH_COM,1,0.03
C-WEU-LUX,2025,WASH_MACH_COM,2,0
C-WEU-LUX,2026,WASH_MACH_COM,1,0.03
C-WEU-LUX,2026,WASH_MACH_COM,2,0
C-WEU-LUX,2027,WASH_MACH_COM,1,0.03
C-WEU-LUX,2027,WASH_MACH_COM,2,0
C-WEU-LUX,2028,WASH_MACH_COM,1,0.03
C-WEU-LUX,2028,WASH_MACH_COM,2,0
C-WEU-LUX,2029,WASH_MACH_COM,1,0.03
C-WEU-LUX,2029,WASH_MACH_COM,2,0
C-WEU-LUX,2030,WASH_MACH_COM,1,0.1
C-WEU-LUX,2030,WASH_MACH_COM,2,0
C-WEU-LUX,2031,WASH_MACH_COM,1,0.1
C-WEU-LUX,2031,WASH_MACH_COM,2,0
C-WEU-LUX,2032,WASH_MACH_COM,1,0.1
C-WEU-LUX,2032,WASH_MACH_COM,2,0
C-WEU-LUX,2033,WASH_MACH_COM,1,0.1
C-WEU-LUX,2033,WASH_MACH_COM,2,0
C-WEU-LUX,2034,WASH_MACH_COM,1,0.1
C-WEU-LUX,2034,WASH_MACH_COM,2,0
C-WEU-LUX,2035,WASH_MACH_COM,1,0.1
C-WEU-LUX,2035,WASH_MACH_COM,2,0
C-WEU-LUX,2036,WASH_MACH_COM,1,0.1
C-WEU-LUX,2036,WASH_MACH_COM,2,0
C-WEU-LUX,2037,WASH_MACH_COM,1,0.1
C-WEU-LUX,2037,WASH_MACH_COM,2,0
C-WEU-LUX,2038,WASH_MACH_COM,1,0.1
C-WEU-LUX,2038,WASH_MACH_COM,2,0
C-WEU-LUX,2039,WASH_MACH_COM,1,0.1
C-WEU-LUX,2039,WASH_MACH_COM,2,0
C-WEU-LUX,2040,WASH_MACH_COM,1,0.1
C-WEU-LUX,2040,WASH_MACH_COM,2,0
C-WEU-LUX,2041,WASH_MACH_COM,1,0.1
C-WEU-LUX,2041,WASH_MACH_COM,2,0
C-WEU-LUX,2042,WASH_MACH_COM,1,0.1
C-WEU-LUX,2042,WASH_MACH_COM,2,0
C-WEU-LUX,2043,WASH_MACH_COM,1,0.1
C-WEU-LUX,2043,WASH_MACH_COM,2,0
C-WEU-LUX,2044,WASH_MACH_COM,1,0.1
C-WEU-LUX,2044,WASH_MACH_COM,2,0
C-WEU-LUX,2045,WASH_MACH_COM,1,0.1
C-WEU-LUX,2045,WASH_MACH_COM,2,0
C-WEU-LUX,2046,WASH_MACH_COM,1,0.1
C-WEU-LUX,2046,WASH_MACH_COM,2,0
C-WEU-LUX,2047,WASH_MACH_COM,1,0.1
C-WEU-LUX,2047,WASH_MACH_COM,2,0
C-WEU-LUX,2048,WASH_MACH_COM,1,0.1
C-WEU-LUX,2048,WASH_MACH_COM,2,0
C-WEU-LUX,2049,WASH_MACH_COM,1,0.1
C-WEU-LUX,2049,WASH_MACH_COM,2,0
C-WEU-LUX,2050,WASH_MACH_COM,1,0.1
C-WEU-LUX,2050,WASH_MACH_COM,2,0
C-WEU-LUX,2051,WASH_MACH_COM,1,0.1
C-WEU-LUX,2051,WASH_MACH_COM,2,0
C-WEU-LUX,2052,WASH_MACH_COM,1,0.1
C-WEU-LUX,2052,WASH_MACH_COM,2,0
C-WEU-LUX,2053,WASH_MACH_COM,1,0.1
C-WEU-LUX,2053,WASH_MACH_COM,2,0
C-WEU-LUX,2054,WASH_MACH_COM,1,0.1
C-WEU-LUX,2054,WASH_MACH_COM,2,0
C-WEU-LUX,2055,WASH_MACH_COM,1,0.1
C-WEU-LUX,2055,WASH_MACH_COM,2,0
C-WEU-LUX,2056,WASH_MACH_COM,1,0.1
C-WEU-LUX,2056,WASH_MACH_COM,2,0
C-WEU-LUX,2057,WASH_MACH_COM,1,0.1
C-WEU-LUX,2057,WASH_MACH_COM,2,0
C-WEU-LUX,2058,WASH_MACH_COM,1,0.1
C-WEU-LUX,2058,WASH_MACH_COM,2,0
C-WEU-LUX,2059,WASH_MACH_COM,1,0.1
C-WEU-LUX,2059,WASH_MACH_COM,2,0
C-WEU-LUX,2060,WASH_MACH_COM,1,0.1
C-WEU-LUX,2060,WASH_MACH_COM,2,0
C-WEU-LUX,2061,WASH_MACH_COM,1,0.1
C-WEU-LUX,2061,WASH_MACH_COM,2,0
C-WEU-LUX,2062,WASH_MACH_COM,1,0.1
C-WEU-LUX,2062,WASH_MACH_COM,2,0
C-WEU-LUX,2063,WASH_MACH_COM,1,0.1
C-WEU-LUX,2063,WASH_MACH_COM,2,0
C-WEU-LUX,2064,WASH_MACH_COM,1,0.1
C-WEU-LUX,2064,WASH_MACH_COM,2,0
C-WEU-LUX,2065,WASH_MACH_COM,1,0.1
C-WEU-LUX,2065,WASH_MACH_COM,2,0
C-WEU-LUX,2066,WASH_MACH_COM,1,0.1
C-WEU-LUX,2066,WASH_MACH_COM,2,0
C-WEU-LUX,2067,WASH_MACH_COM,1,0.1
C-WEU-LUX,2067,WASH_MACH_COM,2,0
C-WEU-LUX,2068,WASH_MACH_COM,1,0.1
C-WEU-LUX,2068,WASH_MACH_COM,2,0
C-WEU-LUX,2069,WASH_MACH_COM,1,0.1
C-WEU-LUX,2069,WASH_MACH_COM,2,0
C-WEU-LUX,2070,WASH_MACH_COM,1,0.1
C-WEU-LUX,2070,WASH_MACH_COM,2,0
C-WEU-LUX,2071,WASH_MACH_COM,1,0.1
C-WEU-LUX,2071,WASH_MACH_COM,2,0
C-WEU-LUX,2072,WASH_MACH_COM,1,0.1
C-WEU-LUX,2072,WASH_MACH_COM,2,0
C-WEU-LUX,2073,WASH_MACH_COM,1,0.1
C-WEU-LUX,2073,WASH_MACH_COM,2,0
C-WEU-LUX,2074,WASH_MACH_COM,1,0.1
C-WEU-LUX,2074,WASH_MACH_COM,2,0
C-WEU-LUX,2075,WASH_MACH_COM,1,0.1
C-WEU-LUX,2075,WASH_MACH_COM,2,0
C-WEU-LUX,2076,WASH_MACH_COM,1,0.1
C-WEU-LUX,2076,WASH_MACH_COM,2,0
C-WEU-LUX,2077,WASH_MACH_COM,1,0.1
C-WEU-LUX,2077,WASH_MACH_COM,2,0
C-WEU-LUX,2078,WASH_MACH_COM,1,0.1
C-WEU-LUX,2078,WASH_MACH_COM,2,0
C-WEU-LUX,2079,WASH_MACH_COM,1,0.1
C-WEU-LUX,2079,WASH_MACH_COM,2,0
C-WEU-LUX,2080,WASH_MACH_COM,1,0.1
C-WEU-LUX,2080,WASH_MACH_COM,2,0
C-WEU-LUX,2081,WASH_MACH_COM,1,0.1
C-WEU-LUX,2081,WASH_MACH_COM,2,0
C-WEU-LUX,2082,WASH_MACH_COM,1,0.1
C-WEU-LUX,2082,WASH_MACH_COM,2,0
C-WEU-LUX,2083,WASH_MACH_COM,1,0.1
C-WEU-LUX,2083,WASH_MACH_COM,2,0
C-WEU-LUX,2084,WASH_MACH_COM,1,0.1
C-WEU-LUX,2084,WASH_MACH_COM,2,0
C-WEU-LUX,2085,WASH_MACH_COM,1,0.1
C-WEU-LUX,2085,WASH_MACH_COM,2,0
C-WEU-LUX,2086,WASH_MACH_COM,1,0.1
C-WEU-LUX,2086,WASH_MACH_COM,2,0
C-WEU-LUX,2087,WASH_MACH_COM,1,0.1
C-WEU-LUX,2087,WASH_MACH_COM,2,0
C-WEU-LUX,2088,WASH_MACH_COM,1,0.1
C-WEU-LUX,2088,WASH_MACH_COM,2,0
C-WEU-LUX,2089,WASH_MACH_COM,1,0.1
C-WEU-LUX,2089,WASH_MACH_COM,2,0
C-WEU-LUX,2090,WASH_MACH_COM,1,0.1
C-WEU-LUX,2090,WASH_MACH_COM,2,0
C-WEU-LUX,2091,WASH_MACH_COM,1,0.1
C-WEU-LUX,2091,WASH_MACH_COM,2,0
C-WEU-LUX,2092,WASH_MACH_COM,1,0.1
C-WEU-LUX,2092,WASH_MACH_COM,2,0
C-WEU-LUX,2093,WASH_MACH_COM,1,0.1
C-WEU-LUX,2093,WASH_MACH_COM,2,0
C-WEU-LUX,2094,WASH_MACH_COM,1,0.1
C-WEU-LUX,2094,WASH_MACH_COM,2,0
C-WEU-LUX,2095,WASH_MACH_COM,1,0.1
C-WEU-LUX,2095,WASH_MACH_COM,2,0
C-WEU-LUX,2096,WASH_MACH_COM,1,0.1
C-WEU-LUX,2096,WASH_MACH_COM,2,0
C-WEU-LUX,2097,WASH_MACH_COM,1,0.1
C-WEU-LUX,2097,WASH_MACH_COM,2,0
C-WEU-LUX,2098,WASH_MACH_COM,1,0.1
C-WEU-LUX,2098,WASH_MACH_COM,2,0
C-WEU-LUX,2099,WASH_MACH_COM,1,0.1
C-WEU-LUX,2099,WASH_MACH_COM,2,0
C-WEU-LUX,2100,WASH_MACH_COM,1,0.1
C-WEU-LUX,2100,WASH_MACH_COM,2,0
C-WEU-MLT,2000,WASH_MACH,1,0.03
C-WEU-MLT,2000,WASH_MACH,2,0
C-WEU-MLT,2001,WASH_MACH,1,0.03
C-WEU-MLT,2001,WASH_MACH,2,0
C-WEU-MLT,2002,WASH_MACH,1,0.03
C-WEU-MLT,2002,WASH_MACH,2,0
C-WEU-MLT,2003,WASH_MACH,1,0.03
C-WEU-MLT,2003,WASH_MACH,2,0
C-WEU-MLT,2004,WASH_MACH,1,0.03
C-WEU-MLT,2004,WASH_MACH,2,0
C-WEU-MLT,2005,WASH_MACH,1,0.03
C-WEU-MLT,2005,WASH_MACH,2,0
C-WEU-MLT,2006,WASH_MACH,1,0.03
C-WEU-MLT,2006,WASH_MACH,2,0
C-WEU-MLT,2007,WASH_MACH,1,0.03
C-WEU-MLT,2007,WASH_MACH,2,0
C-WEU-MLT,2008,WASH_MACH,1,0.03
C-WEU-MLT,2008,WASH_MACH,2,0
C-WEU-MLT,2009,WASH_MACH,1,0.03
C-WEU-MLT,2009,WASH_MACH,2,0
C-WEU-MLT,2010,WASH_MACH,1,0.03
C-WEU-MLT,2010,WASH_MACH,2,0
C-WEU-MLT,2011,WASH_MACH,1,0.03
C-WEU-MLT,2011,WASH_MACH,2,0
C-WEU-MLT,2012,WASH_MACH,1,0.03
C-WEU-MLT,2012,WASH_MACH,2,0
C-WEU-MLT,2013,WASH_MACH,1,0.03
C-WEU-MLT,2013,WASH_MACH,2,0
C-WEU-MLT,2014,WASH_MACH,1,0.03
C-WEU-MLT,2014,WASH_MACH,2,0
C-WEU-MLT,2015,WASH_MACH,1,0.03
C-WEU-MLT,2015,WASH_MACH,2,0
C-WEU-MLT,2016,WASH_MACH,1,0.03
C-WEU-MLT,2016,WASH_MACH,2,0
C-WEU-MLT,2017,WASH_MACH,1,0.03
C-WEU-MLT,2017,WASH_MACH,2,0
C-WEU-MLT,2018,WASH_MACH,1,0.03
C-WEU-MLT,2018,WASH_MACH,2,0
C-WEU-MLT,2019,WASH_MACH,1,0.03
C-WEU-MLT,2019,WASH_MACH,2,0
C-WEU-MLT,2020,WASH_MACH,1,0.03
C-WEU-MLT,2020,WASH_MACH,2,0
C-WEU-MLT,2021,WASH_MACH,1,0.03
C-WEU-MLT,2021,WASH_MACH,2,0
C-WEU-MLT,2022,WASH_MACH,1,0.03
C-WEU-MLT,2022,WASH_MACH,2,0
C-WEU-MLT,2023,WASH_MACH,1,0.03
C-WEU-MLT,2023,WASH_MACH,2,0
C-WEU-MLT,2024,WASH_MACH,1,0.03
C-WEU-MLT,2024,WASH_MACH,2,0
C-WEU-MLT,2025,WASH_MACH,1,0.03
C-WEU-MLT,2025,WASH_MACH,2,0
C-WEU-MLT,2026,WASH_MACH,1,0.03
C-WEU-MLT,2026,WASH_MACH,2,0
C-WEU-MLT,2027,WASH_MACH,1,0.03
C-WEU-MLT,2027,WASH_MACH,2,0
C-WEU-MLT,2028,WASH_MACH,1,0.03
C-WEU-MLT,2028,WASH_MACH,2,0
C-WEU-MLT,2029,WASH_MACH,1,0.03
C-WEU-MLT,2029,WASH_MACH,2,0
C-WEU-MLT,2030,WASH_MACH,1,0.1
C-WEU-MLT,2030,WASH_MACH,2,0
C-WEU-MLT,2031,WASH_MACH,1,0.1
C-WEU-MLT,2031,WASH_MACH,2,0
C-WEU-MLT,2032,WASH_MACH,1,0.1
C-WEU-MLT,2032,WASH_MACH,2,0
C-WEU-MLT,2033,WASH_MACH,1,0.1
C-WEU-MLT,2033,WASH_MACH,2,0
C-WEU-MLT,2034,WASH_MACH,1,0.1
C-WEU-MLT,2034,WASH_MACH,2,0
C-WEU-MLT,2035,WASH_MACH,1,0.1
C-WEU-MLT,2035,WASH_MACH,2,0
C-WEU-MLT,2036,WASH_MACH,1,0.1
C-WEU-MLT,2036,WASH_MACH,2,0
C-WEU-MLT,2037,WASH_MACH,1,0.1
C-WEU-MLT,2037,WASH_MACH,2,0
C-WEU-MLT,2038,WASH_MACH,1,0.1
C-WEU-MLT,2038,WASH_MACH,2,0
C-WEU-MLT,2039,WASH_MACH,1,0.1
C-WEU-MLT,2039,WASH_MACH,2,0
C-WEU-MLT,2040,WASH_MACH,1,0.1
C-WEU-MLT,2040,WASH_MACH,2,0
C-WEU-MLT,2041,WASH_MACH,1,0.1
C-WEU-MLT,2041,WASH_MACH,2,0
C-WEU-MLT,2042,WASH_MACH,1,0.1
C-WEU-MLT,2042,WASH_MACH,2,0
C-WEU-MLT,2043,WASH_MACH,1,0.1
C-WEU-MLT,2043,WASH_MACH,2,0
C-WEU-MLT,2044,WASH_MACH,1,0.1
C-WEU-MLT,2044,WASH_MACH,2,0
C-WEU-MLT,2045,WASH_MACH,1,0.1
C-WEU-MLT,2045,WASH_MACH,2,0
C-WEU-MLT,2046,WASH_MACH,1,0.1
C-WEU-MLT,2046,WASH_MACH,2,0
C-WEU-MLT,2047,WASH_MACH,1,0.1
C-WEU-MLT,2047,WASH_MACH,2,0
C-WEU-MLT,2048,WASH_MACH,1,0.1
C-WEU-MLT,2048,WASH_MACH,2,0
C-WEU-MLT,2049,WASH_MACH,1,0.1
C-WEU-MLT,2049,WASH_MACH,2,0
C-WEU-MLT,2050,WASH_MACH,1,0.1
C-WEU-MLT,2050,WASH_MACH,2,0
C-WEU-MLT,2051,WASH_MACH,1,0.1
C-WEU-MLT,2051,WASH_MACH,2,0
C-WEU-MLT,2052,WASH_MACH,1,0.1
C-WEU-MLT,2052,WASH_MACH,2,0
C-WEU-MLT,2053,WASH_MACH,1,0.1
C-WEU-MLT,2053,WASH_MACH,2,0
C-WEU-MLT,2054,WASH_MACH,1,0.1
C-WEU-MLT,2054,WASH_MACH,2,0
C-WEU-MLT,2055,WASH_MACH,1,0.1
C-WEU-MLT,2055,WASH_MACH,2,0
C-WEU-MLT,2056,WASH_MACH,1,0.1
C-WEU-MLT,2056,WASH_MACH,2,0
C-WEU-MLT,2057,WASH_MACH,1,0.1
C-WEU-MLT,2057,WASH_MACH,2,0
C-WEU-MLT,2058,WASH_MACH,1,0.1
C-WEU-MLT,2058,WASH_MACH,2,0
C-WEU-MLT,2059,WASH_MACH,1,0.1
C-WEU-MLT,2059,WASH_MACH,2,0
C-WEU-MLT,2060,WASH_MACH,1,0.1
C-WEU-MLT,2060,WASH_MACH,2,0
C-WEU-MLT,2061,WASH_MACH,1,0.1
C-WEU-MLT,2061,WASH_MACH,2,0
C-WEU-MLT,2062,WASH_MACH,1,0.1
C-WEU-MLT,2062,WASH_MACH,2,0
C-WEU-MLT,2063,WASH_MACH,1,0.1
C-WEU-MLT,2063,WASH_MACH,2,0
C-WEU-MLT,2064,WASH_MACH,1,0.1
C-WEU-MLT,2064,WASH_MACH,2,0
C-WEU-MLT,2065,WASH_MACH,1,0.1
C-WEU-MLT,2065,WASH_MACH,2,0
C-WEU-MLT,2066,WASH_MACH,1,0.1
C-WEU-MLT,2066,WASH_MACH,2,0
C-WEU-MLT,2067,WASH_MACH,1,0.1
C-WEU-MLT,2067,WASH_MACH,2,0
C-WEU-MLT,2068,WASH_MACH,1,0.1
C-WEU-MLT,2068,WASH_MACH,2,0
C-WEU-MLT,2069,WASH_MACH,1,0.1
C-WEU-MLT,2069,WASH_MACH,2,0
C-WEU-MLT,2070,WASH_MACH,1,0.1
C-WEU-MLT,2070,WASH_MACH,2,0
C-WEU-MLT,2071,WASH_MACH,1,0.1
C-WEU-MLT,2071,WASH_MACH,2,0
C-WEU-MLT,2072,WASH_MACH,1,0.1
C-WEU-MLT,2072,WASH_MACH,2,0
C-WEU-MLT,2073,WASH_MACH,1,0.1
C-WEU-MLT,2073,WASH_MACH,2,0
C-WEU-MLT,2074,WASH_MACH,1,0.1
C-WEU-MLT,2074,WASH_MACH,2,0
C-WEU-MLT,2075,WASH_MACH,1,0.1
C-WEU-MLT,2075,WASH_MACH,2,0
C-WEU-MLT,2076,WASH_MACH,1,0.1
C-WEU-MLT,2076,WASH_MACH,2,0
C-WEU-MLT,2077,WASH_MACH,1,0.1
C-WEU-MLT,2077,WASH_MACH,2,0
C-WEU-MLT,2078,WASH_MACH,1,0.1
C-WEU-MLT,2078,WASH_MACH,2,0
C-WEU-MLT,2079,WASH_MACH,1,0.1
C-WEU-MLT,2079,WASH_MACH,2,0
C-WEU-MLT,2080,WASH_MACH,1,0.1
C-WEU-MLT,2080,WASH_MACH,2,0
C-WEU-MLT,2081,WASH_MACH,1,0.1
C-WEU-MLT,2081,WASH_MACH,2,0
C-WEU-MLT,2082,WASH_MACH,1,0.1
C-WEU-MLT,2082,WASH_MACH,2,0
C-WEU-MLT,2083,WASH_MACH,1,0.1
C-WEU-MLT,2083,WASH_MACH,2,0
C-WEU-MLT,2084,WASH_MACH,1,0.1
C-WEU-MLT,2084,WASH_MACH,2,0
C-WEU-MLT,2085,WASH_MACH,1,0.1
C-WEU-MLT,2085,WASH_MACH,2,0
C-WEU-MLT,2086,WASH_MACH,1,0.1
C-WEU-MLT,2086,WASH_MACH,2,0
C-WEU-MLT,2087,WASH_MACH,1,0.1
C-WEU-MLT,2087,WASH_MACH,2,0
C-WEU-MLT,2088,WASH_MACH,1,0.1
C-WEU-MLT,2088,WASH_MACH,2,0
C-WEU-MLT,2089,WASH_MACH,1,0.1
C-WEU-MLT,2089,WASH_MACH,2,0
C-WEU-MLT,2090,WASH_MACH,1,0.1
C-WEU-MLT,2090,WASH_MACH,2,0
C-WEU-MLT,2091,WASH_MACH,1,0.1
C-WEU-MLT,2091,WASH_MACH,2,0
C-WEU-MLT,2092,WASH_MACH,1,0.1
C-WEU-MLT,2092,WASH_MACH,2,0
C-WEU-MLT,2093,WASH_MACH,1,0.1
C-WEU-MLT,2093,WASH_MACH,2,0
C-WEU-MLT,2094,WASH_MACH,1,0.1
C-WEU-MLT,2094,WASH_MACH,2,0
C-WEU-MLT,2095,WASH_MACH,1,0.1
C-WEU-MLT,2095,WASH_MACH,2,0
C-WEU-MLT,2096,WASH_MACH,1,0.1
C-WEU-MLT,2096,WASH_MACH,2,0
C-WEU-MLT,2097,WASH_MACH,1,0.1
C-WEU-MLT,2097,WASH_MACH,2,0
C-WEU-MLT,2098,WASH_MACH,1,0.1
C-WEU-MLT,2098,WASH_MACH,2,0
C-WEU-MLT,2099,WASH_MACH,1,0.1
C-WEU-MLT,2099,WASH_MACH,2,0
C-WEU-MLT,2100,WASH_MACH,1,0.1
C-WEU-MLT,2100,WASH_MACH,2,0
C-WEU-MLT,2000,WASH_MACH_COM,1,0.03
C-WEU-MLT,2000,WASH_MACH_COM,2,0
C-WEU-MLT,2001,WASH_MACH_COM,1,0.03
C-WEU-MLT,2001,WASH_MACH_COM,2,0
C-WEU-MLT,2002,WASH_MACH_COM,1,0.03
C-WEU-MLT,2002,WASH_MACH_COM,2,0
C-WEU-MLT,2003,WASH_MACH_COM,1,0.03
C-WEU-MLT,2003,WASH_MACH_COM,2,0
C-WEU-MLT,2004,WASH_MACH_COM,1,0.03
C-WEU-MLT,2004,WASH_MACH_COM,2,0
C-WEU-MLT,2005,WASH_MACH_COM,1,0.03
C-WEU-MLT,2005,WASH_MACH_COM,2,0
C-WEU-MLT,2006,WASH_MACH_COM,1,0.03
C-WEU-MLT,2006,WASH_MACH_COM,2,0
C-WEU-MLT,2007,WASH_MACH_COM,1,0.03
C-WEU-MLT,2007,WASH_MACH_COM,2,0
C-WEU-MLT,2008,WASH_MACH_COM,1,0.03
C-WEU-MLT,2008,WASH_MACH_COM,2,0
C-WEU-MLT,2009,WASH_MACH_COM,1,0.03
C-WEU-MLT,2009,WASH_MACH_COM,2,0
C-WEU-MLT,2010,WASH_MACH_COM,1,0.03
C-WEU-MLT,2010,WASH_MACH_COM,2,0
C-WEU-MLT,2011,WASH_MACH_COM,1,0.03
C-WEU-MLT,2011,WASH_MACH_COM,2,0
C-WEU-MLT,2012,WASH_MACH_COM,1,0.03
C-WEU-MLT,2012,WASH_MACH_COM,2,0
C-WEU-MLT,2013,WASH_MACH_COM,1,0.03
C-WEU-MLT,2013,WASH_MACH_COM,2,0
C-WEU-MLT,2014,WASH_MACH_COM,1,0.03
C-WEU-MLT,2014,WASH_MACH_COM,2,0
C-WEU-MLT,2015,WASH_MACH_COM,1,0.03
C-WEU-MLT,2015,WASH_MACH_COM,2,0
C-WEU-MLT,2016,WASH_MACH_COM,1,0.03
C-WEU-MLT,2016,WASH_MACH_COM,2,0
C-WEU-MLT,2017,WASH_MACH_COM,1,0.03
C-WEU-MLT,2017,WASH_MACH_COM,2,0
C-WEU-MLT,2018,WASH_MACH_COM,1,0.03
C-WEU-MLT,2018,WASH_MACH_COM,2,0
C-WEU-MLT,2019,WASH_MACH_COM,1,0.03
C-WEU-MLT,2019,WASH_MACH_COM,2,0
C-WEU-MLT,2020,WASH_MACH_COM,1,0.03
C-WEU-MLT,2020,WASH_MACH_COM,2,0
C-WEU-MLT,2021,WASH_MACH_COM,1,0.03
C-WEU-MLT,2021,WASH_MACH_COM,2,0
C-WEU-MLT,2022,WASH_MACH_COM,1,0.03
C-WEU-MLT,2022,WASH_MACH_COM,2,0
C-WEU-MLT,2023,WASH_MACH_COM,1,0.03
C-WEU-MLT,2023,WASH_MACH_COM,2,0
C-WEU-MLT,2024,WASH_MACH_COM,1,0.03
C-WEU-MLT,2024,WASH_MACH_COM,2,0
C-WEU-MLT,2025,WASH_MACH_COM,1,0.03
C-WEU-MLT,2025,WASH_MACH_COM,2,0
C-WEU-MLT,2026,WASH_MACH_COM,1,0.03
C-WEU-MLT,2026,WASH_MACH_COM,2,0
C-WEU-MLT,2027,WASH_MACH_COM,1,0.03
C-WEU-MLT,2027,WASH_MACH_COM,2,0
C-WEU-MLT,2028,WASH_MACH_COM,1,0.03
C-WEU-MLT,2028,WASH_MACH_COM,2,0
C-WEU-MLT,2029,WASH_MACH_COM,1,0.03
C-WEU-MLT,2029,WASH_MACH_COM,2,0
C-WEU-MLT,2030,WASH_MACH_COM,1,0.1
C-WEU-MLT,2030,WASH_MACH_COM,2,0
C-WEU-MLT,2031,WASH_MACH_COM,1,0.1
C-WEU-MLT,2031,WASH_MACH_COM,2,0
C-WEU-MLT,2032,WASH_MACH_COM,1,0.1
C-WEU-MLT,2032,WASH_MACH_COM,2,0
C-WEU-MLT,2033,WASH_MACH_COM,1,0.1
C-WEU-MLT,2033,WASH_MACH_COM,2,0
C-WEU-MLT,2034,WASH_MACH_COM,1,0.1
C-WEU-MLT,2034,WASH_MACH_COM,2,0
C-WEU-MLT,2035,WASH_MACH_COM,1,0.1
C-WEU-MLT,2035,WASH_MACH_COM,2,0
C-WEU-MLT,2036,WASH_MACH_COM,1,0.1
C-WEU-MLT,2036,WASH_MACH_COM,2,0
C-WEU-MLT,2037,WASH_MACH_COM,1,0.1
C-WEU-MLT,2037,WASH_MACH_COM,2,0
C-WEU-MLT,2038,WASH_MACH_COM,1,0.1
C-WEU-MLT,2038,WASH_MACH_COM,2,0
C-WEU-MLT,2039,WASH_MACH_COM,1,0.1
C-WEU-MLT,2039,WASH_MACH_COM,2,0
C-WEU-MLT,2040,WASH_MACH_COM,1,0.1
C-WEU-MLT,2040,WASH_MACH_COM,2,0
C-WEU-MLT,2041,WASH_MACH_COM,1,0.1
C-WEU-MLT,2041,WASH_MACH_COM,2,0
C-WEU-MLT,2042,WASH_MACH_COM,1,0.1
C-WEU-MLT,2042,WASH_MACH_COM,2,0
C-WEU-MLT,2043,WASH_MACH_COM,1,0.1
C-WEU-MLT,2043,WASH_MACH_COM,2,0
C-WEU-MLT,2044,WASH_MACH_COM,1,0.1
C-WEU-MLT,2044,WASH_MACH_COM,2,0
C-WEU-MLT,2045,WASH_MACH_COM,1,0.1
C-WEU-MLT,2045,WASH_MACH_COM,2,0
C-WEU-MLT,2046,WASH_MACH_COM,1,0.1
C-WEU-MLT,2046,WASH_MACH_COM,2,0
C-WEU-MLT,2047,WASH_MACH_COM,1,0.1
C-WEU-MLT,2047,WASH_MACH_COM,2,0
C-WEU-MLT,2048,WASH_MACH_COM,1,0.1
C-WEU-MLT,2048,WASH_MACH_COM,2,0
C-WEU-MLT,2049,WASH_MACH_COM,1,0.1
C-WEU-MLT,2049,WASH_MACH_COM,2,0
C-WEU-MLT,2050,WASH_MACH_COM,1,0.1
C-WEU-MLT,2050,WASH_MACH_COM,2,0
C-WEU-MLT,2051,WASH_MACH_COM,1,0.1
C-WEU-MLT,2051,WASH_MACH_COM,2,0
C-WEU-MLT,2052,WASH_MACH_COM,1,0.1
C-WEU-MLT,2052,WASH_MACH_COM,2,0
C-WEU-MLT,2053,WASH_MACH_COM,1,0.1
C-WEU-MLT,2053,WASH_MACH_COM,2,0
C-WEU-MLT,2054,WASH_MACH_COM,1,0.1
C-WEU-MLT,2054,WASH_MACH_COM,2,0
C-WEU-MLT,2055,WASH_MACH_COM,1,0.1
C-WEU-MLT,2055,WASH_MACH_COM,2,0
C-WEU-MLT,2056,WASH_MACH_COM,1,0.1
C-WEU-MLT,2056,WASH_MACH_COM,2,0
C-WEU-MLT,2057,WASH_MACH_COM,1,0.1
C-WEU-MLT,2057,WASH_MACH_COM,2,0
C-WEU-MLT,2058,WASH_MACH_COM,1,0.1
C-WEU-MLT,2058,WASH_MACH_COM,2,0
C-WEU-MLT,2059,WASH_MACH_COM,1,0.1
C-WEU-MLT,2059,WASH_MACH_COM,2,0
C-WEU-MLT,2060,WASH_MACH_COM,1,0.1
C-WEU-MLT,2060,WASH_MACH_COM,2,0
C-WEU-MLT,2061,WASH_MACH_COM,1,0.1
C-WEU-MLT,2061,WASH_MACH_COM,2,0
C-WEU-MLT,2062,WASH_MACH_COM,1,0.1
C-WEU-MLT,2062,WASH_MACH_COM,2,0
C-WEU-MLT,2063,WASH_MACH_COM,1,0.1
C-WEU-MLT,2063,WASH_MACH_COM,2,0
C-WEU-MLT,2064,WASH_MACH_COM,1,0.1
C-WEU-MLT,2064,WASH_MACH_COM,2,0
C-WEU-MLT,2065,WASH_MACH_COM,1,0.1
C-WEU-MLT,2065,WASH_MACH_COM,2,0
C-WEU-MLT,2066,WASH_MACH_COM,1,0.1
C-WEU-MLT,2066,WASH_MACH_COM,2,0
C-WEU-MLT,2067,WASH_MACH_COM,1,0.1
C-WEU-MLT,2067,WASH_MACH_COM,2,0
C-WEU-MLT,2068,WASH_MACH_COM,1,0.1
C-WEU-MLT,2068,WASH_MACH_COM,2,0
C-WEU-MLT,2069,WASH_MACH_COM,1,0.1
C-WEU-MLT,2069,WASH_MACH_COM,2,0
C-WEU-MLT,2070,WASH_MACH_COM,1,0.1
C-WEU-MLT,2070,WASH_MACH_COM,2,0
C-WEU-MLT,2071,WASH_MACH_COM,1,0.1
C-WEU-MLT,2071,WASH_MACH_COM,2,0
C-WEU-MLT,2072,WASH_MACH_COM,1,0.1
C-WEU-MLT,2072,WASH_MACH_COM,2,0
C-WEU-MLT,2073,WASH_MACH_COM,1,0.1
C-WEU-MLT,2073,WASH_MACH_COM,2,0
C-WEU-MLT,2074,WASH_MACH_COM,1,0.1
C-WEU-MLT,2074,WASH_MACH_COM,2,0
C-WEU-MLT,2075,WASH_MACH_COM,1,0.1
C-WEU-MLT,2075,WASH_MACH_COM,2,0
C-WEU-MLT,2076,WASH_MACH_COM,1,0.1
C-WEU-MLT,2076,WASH_MACH_COM,2,0
C-WEU-MLT,2077,WASH_MACH_COM,1,0.1
C-WEU-MLT,2077,WASH_MACH_COM,2,0
C-WEU-MLT,2078,WASH_MACH_COM,1,0.1
C-WEU-MLT,2078,WASH_MACH_COM,2,0
C-WEU-MLT,2079,WASH_MACH_COM,1,0.1
C-WEU-MLT,2079,WASH_MACH_COM,2,0
C-WEU-MLT,2080,WASH_MACH_COM,1,0.1
C-WEU-MLT,2080,WASH_MACH_COM,2,0
C-WEU-MLT,2081,WASH_MACH_COM,1,0.1
C-WEU-MLT,2081,WASH_MACH_COM,2,0
C-WEU-MLT,2082,WASH_MACH_COM,1,0.1
C-WEU-MLT,2082,WASH_MACH_COM,2,0
C-WEU-MLT,2083,WASH_MACH_COM,1,0.1
C-WEU-MLT,2083,WASH_MACH_COM,2,0
C-WEU-MLT,2084,WASH_MACH_COM,1,0.1
C-WEU-MLT,2084,WASH_MACH_COM,2,0
C-WEU-MLT,2085,WASH_MACH_COM,1,0.1
C-WEU-MLT,2085,WASH_MACH_COM,2,0
C-WEU-MLT,2086,WASH_MACH_COM,1,0.1
C-WEU-MLT,2086,WASH_MACH_COM,2,0
C-WEU-MLT,2087,WASH_MACH_COM,1,0.1
C-WEU-MLT,2087,WASH_MACH_COM,2,0
C-WEU-MLT,2088,WASH_MACH_COM,1,0.1
C-WEU-MLT,2088,WASH_MACH_COM,2,0
C-WEU-MLT,2089,WASH_MACH_COM,1,0.1
C-WEU-MLT,2089,WASH_MACH_COM,2,0
C-WEU-MLT,2090,WASH_MACH_COM,1,0.1
C-WEU-MLT,2090,WASH_MACH_COM,2,0
C-WEU-MLT,2091,WASH_MACH_COM,1,0.1
C-WEU-MLT,2091,WASH_MACH_COM,2,0
C-WEU-MLT,2092,WASH_MACH_COM,1,0.1
C-WEU-MLT,2092,WASH_MACH_COM,2,0
C-WEU-MLT,2093,WASH_MACH_COM,1,0.1
C-WEU-MLT,2093,WASH_MACH_COM,2,0
C-WEU-MLT,2094,WASH_MACH_COM,1,0.1
C-WEU-MLT,2094,WASH_MACH_COM,2,0
C-WEU-MLT,2095,WASH_MACH_COM,1,0.1
C-WEU-MLT,2095,WASH_MACH_COM,2,0
C-WEU-MLT,2096,WASH_MACH_COM,1,0.1
C-WEU-MLT,2096,WASH_MACH_COM,2,0
C-WEU-MLT,2097,WASH_MACH_COM,1,0.1
C-WEU-MLT,2097,WASH_MACH_COM,2,0
C-WEU-MLT,2098,WASH_MACH_COM,1,0.1
C-WEU-MLT,2098,WASH_MACH_COM,2,0
C-WEU-MLT,2099,WASH_MACH_COM,1,0.1
C-WEU-MLT,2099,WASH_MACH_COM,2,0
C-WEU-MLT,2100,WASH_MACH_COM,1,0.1
C-WEU-MLT,2100,WASH_MACH_COM,2,0
C-WEU-NLD,2000,WASH_MACH,1,0.03
C-WEU-NLD,2000,WASH_MACH,2,0
C-WEU-NLD,2001,WASH_MACH,1,0.03
C-WEU-NLD,2001,WASH_MACH,2,0
C-WEU-NLD,2002,WASH_MACH,1,0.03
C-WEU-NLD,2002,WASH_MACH,2,0
C-WEU-NLD,2003,WASH_MACH,1,0.03
C-WEU-NLD,2003,WASH_MACH,2,0
C-WEU-NLD,2004,WASH_MACH,1,0.03
C-WEU-NLD,2004,WASH_MACH,2,0
C-WEU-NLD,2005,WASH_MACH,1,0.03
C-WEU-NLD,2005,WASH_MACH,2,0
C-WEU-NLD,2006,WASH_MACH,1,0.03
C-WEU-NLD,2006,WASH_MACH,2,0
C-WEU-NLD,2007,WASH_MACH,1,0.03
C-WEU-NLD,2007,WASH_MACH,2,0
C-WEU-NLD,2008,WASH_MACH,1,0.03
C-WEU-NLD,2008,WASH_MACH,2,0
C-WEU-NLD,2009,WASH_MACH,1,0.03
C-WEU-NLD,2009,WASH_MACH,2,0
C-WEU-NLD,2010,WASH_MACH,1,0.03
C-WEU-NLD,2010,WASH_MACH,2,0
C-WEU-NLD,2011,WASH_MACH,1,0.03
C-WEU-NLD,2011,WASH_MACH,2,0
C-WEU-NLD,2012,WASH_MACH,1,0.03
C-WEU-NLD,2012,WASH_MACH,2,0
C-WEU-NLD,2013,WASH_MACH,1,0.03
C-WEU-NLD,2013,WASH_MACH,2,0
C-WEU-NLD,2014,WASH_MACH,1,0.03
C-WEU-NLD,2014,WASH_MACH,2,0
C-WEU-NLD,2015,WASH_MACH,1,0.03
C-WEU-NLD,2015,WASH_MACH,2,0
C-WEU-NLD,2016,WASH_MACH,1,0.03
C-WEU-NLD,2016,WASH_MACH,2,0
C-WEU-NLD,2017,WASH_MACH,1,0.03
C-WEU-NLD,2017,WASH_MACH,2,0
C-WEU-NLD,2018,WASH_MACH,1,0.03
C-WEU-NLD,2018,WASH_MACH,2,0
C-WEU-NLD,2019,WASH_MACH,1,0.03
C-WEU-NLD,2019,WASH_MACH,2,0
C-WEU-NLD,2020,WASH_MACH,1,0.03
C-WEU-NLD,2020,WASH_MACH,2,0
C-WEU-NLD,2021,WASH_MACH,1,0.03
C-WEU-NLD,2021,WASH_MACH,2,0
C-WEU-NLD,2022,WASH_MACH,1,0.03
C-WEU-NLD,2022,WASH_MACH,2,0
C-WEU-NLD,2023,WASH_MACH,1,0.03
C-WEU-NLD,2023,WASH_MACH,2,0
C-WEU-NLD,2024,WASH_MACH,1,0.03
C-WEU-NLD,2024,WASH_MACH,2,0
C-WEU-NLD,2025,WASH_MACH,1,0.03
C-WEU-NLD,2025,WASH_MACH,2,0
C-WEU-NLD,2026,WASH_MACH,1,0.03
C-WEU-NLD,2026,WASH_MACH,2,0
C-WEU-NLD,2027,WASH_MACH,1,0.03
C-WEU-NLD,2027,WASH_MACH,2,0
C-WEU-NLD,2028,WASH_MACH,1,0.03
C-WEU-NLD,2028,WASH_MACH,2,0
C-WEU-NLD,2029,WASH_MACH,1,0.03
C-WEU-NLD,2029,WASH_MACH,2,0
C-WEU-NLD,2030,WASH_MACH,1,0.1
C-WEU-NLD,2030,WASH_MACH,2,0
C-WEU-NLD,2031,WASH_MACH,1,0.1
C-WEU-NLD,2031,WASH_MACH,2,0
C-WEU-NLD,2032,WASH_MACH,1,0.1
C-WEU-NLD,2032,WASH_MACH,2,0
C-WEU-NLD,2033,WASH_MACH,1,0.1
C-WEU-NLD,2033,WASH_MACH,2,0
C-WEU-NLD,2034,WASH_MACH,1,0.1
C-WEU-NLD,2034,WASH_MACH,2,0
C-WEU-NLD,2035,WASH_MACH,1,0.1
C-WEU-NLD,2035,WASH_MACH,2,0
C-WEU-NLD,2036,WASH_MACH,1,0.1
C-WEU-NLD,2036,WASH_MACH,2,0
C-WEU-NLD,2037,WASH_MACH,1,0.1
C-WEU-NLD,2037,WASH_MACH,2,0
C-WEU-NLD,2038,WASH_MACH,1,0.1
C-WEU-NLD,2038,WASH_MACH,2,0
C-WEU-NLD,2039,WASH_MACH,1,0.1
C-WEU-NLD,2039,WASH_MACH,2,0
C-WEU-NLD,2040,WASH_MACH,1,0.1
C-WEU-NLD,2040,WASH_MACH,2,0
C-WEU-NLD,2041,WASH_MACH,1,0.1
C-WEU-NLD,2041,WASH_MACH,2,0
C-WEU-NLD,2042,WASH_MACH,1,0.1
C-WEU-NLD,2042,WASH_MACH,2,0
C-WEU-NLD,2043,WASH_MACH,1,0.1
C-WEU-NLD,2043,WASH_MACH,2,0
C-WEU-NLD,2044,WASH_MACH,1,0.1
C-WEU-NLD,2044,WASH_MACH,2,0
C-WEU-NLD,2045,WASH_MACH,1,0.1
C-WEU-NLD,2045,WASH_MACH,2,0
C-WEU-NLD,2046,WASH_MACH,1,0.1
C-WEU-NLD,2046,WASH_MACH,2,0
C-WEU-NLD,2047,WASH_MACH,1,0.1
C-WEU-NLD,2047,WASH_MACH,2,0
C-WEU-NLD,2048,WASH_MACH,1,0.1
C-WEU-NLD,2048,WASH_MACH,2,0
C-WEU-NLD,2049,WASH_MACH,1,0.1
C-WEU-NLD,2049,WASH_MACH,2,0
C-WEU-NLD,2050,WASH_MACH,1,0.1
C-WEU-NLD,2050,WASH_MACH,2,0
C-WEU-NLD,2051,WASH_MACH,1,0.1
C-WEU-NLD,2051,WASH_MACH,2,0
C-WEU-NLD,2052,WASH_MACH,1,0.1
C-WEU-NLD,2052,WASH_MACH,2,0
C-WEU-NLD,2053,WASH_MACH,1,0.1
C-WEU-NLD,2053,WASH_MACH,2,0
C-WEU-NLD,2054,WASH_MACH,1,0.1
C-WEU-NLD,2054,WASH_MACH,2,0
C-WEU-NLD,2055,WASH_MACH,1,0.1
C-WEU-NLD,2055,WASH_MACH,2,0
C-WEU-NLD,2056,WASH_MACH,1,0.1
C-WEU-NLD,2056,WASH_MACH,2,0
C-WEU-NLD,2057,WASH_MACH,1,0.1
C-WEU-NLD,2057,WASH_MACH,2,0
C-WEU-NLD,2058,WASH_MACH,1,0.1
C-WEU-NLD,2058,WASH_MACH,2,0
C-WEU-NLD,2059,WASH_MACH,1,0.1
C-WEU-NLD,2059,WASH_MACH,2,0
C-WEU-NLD,2060,WASH_MACH,1,0.1
C-WEU-NLD,2060,WASH_MACH,2,0
C-WEU-NLD,2061,WASH_MACH,1,0.1
C-WEU-NLD,2061,WASH_MACH,2,0
C-WEU-NLD,2062,WASH_MACH,1,0.1
C-WEU-NLD,2062,WASH_MACH,2,0
C-WEU-NLD,2063,WASH_MACH,1,0.1
C-WEU-NLD,2063,WASH_MACH,2,0
C-WEU-NLD,2064,WASH_MACH,1,0.1
C-WEU-NLD,2064,WASH_MACH,2,0
C-WEU-NLD,2065,WASH_MACH,1,0.1
C-WEU-NLD,2065,WASH_MACH,2,0
C-WEU-NLD,2066,WASH_MACH,1,0.1
C-WEU-NLD,2066,WASH_MACH,2,0
C-WEU-NLD,2067,WASH_MACH,1,0.1
C-WEU-NLD,2067,WASH_MACH,2,0
C-WEU-NLD,2068,WASH_MACH,1,0.1
C-WEU-NLD,2068,WASH_MACH,2,0
C-WEU-NLD,2069,WASH_MACH,1,0.1
C-WEU-NLD,2069,WASH_MACH,2,0
C-WEU-NLD,2070,WASH_MACH,1,0.1
C-WEU-NLD,2070,WASH_MACH,2,0
C-WEU-NLD,2071,WASH_MACH,1,0.1
C-WEU-NLD,2071,WASH_MACH,2,0
C-WEU-NLD,2072,WASH_MACH,1,0.1
C-WEU-NLD,2072,WASH_MACH,2,0
C-WEU-NLD,2073,WASH_MACH,1,0.1
C-WEU-NLD,2073,WASH_MACH,2,0
C-WEU-NLD,2074,WASH_MACH,1,0.1
C-WEU-NLD,2074,WASH_MACH,2,0
C-WEU-NLD,2075,WASH_MACH,1,0.1
C-WEU-NLD,2075,WASH_MACH,2,0
C-WEU-NLD,2076,WASH_MACH,1,0.1
C-WEU-NLD,2076,WASH_MACH,2,0
C-WEU-NLD,2077,WASH_MACH,1,0.1
C-WEU-NLD,2077,WASH_MACH,2,0
C-WEU-NLD,2078,WASH_MACH,1,0.1
C-WEU-NLD,2078,WASH_MACH,2,0
C-WEU-NLD,2079,WASH_MACH,1,0.1
C-WEU-NLD,2079,WASH_MACH,2,0
C-WEU-NLD,2080,WASH_MACH,1,0.1
C-WEU-NLD,2080,WASH_MACH,2,0
C-WEU-NLD,2081,WASH_MACH,1,0.1
C-WEU-NLD,2081,WASH_MACH,2,0
C-WEU-NLD,2082,WASH_MACH,1,0.1
C-WEU-NLD,2082,WASH_MACH,2,0
C-WEU-NLD,2083,WASH_MACH,1,0.1
C-WEU-NLD,2083,WASH_MACH,2,0
C-WEU-NLD,2084,WASH_MACH,1,0.1
C-WEU-NLD,2084,WASH_MACH,2,0
C-WEU-NLD,2085,WASH_MACH,1,0.1
C-WEU-NLD,2085,WASH_MACH,2,0
C-WEU-NLD,2086,WASH_MACH,1,0.1
C-WEU-NLD,2086,WASH_MACH,2,0
C-WEU-NLD,2087,WASH_MACH,1,0.1
C-WEU-NLD,2087,WASH_MACH,2,0
C-WEU-NLD,2088,WASH_MACH,1,0.1
C-WEU-NLD,2088,WASH_MACH,2,0
C-WEU-NLD,2089,WASH_MACH,1,0.1
C-WEU-NLD,2089,WASH_MACH,2,0
C-WEU-NLD,2090,WASH_MACH,1,0.1
C-WEU-NLD,2090,WASH_MACH,2,0
C-WEU-NLD,2091,WASH_MACH,1,0.1
C-WEU-NLD,2091,WASH_MACH,2,0
C-WEU-NLD,2092,WASH_MACH,1,0.1
C-WEU-NLD,2092,WASH_MACH,2,0
C-WEU-NLD,2093,WASH_MACH,1,0.1
C-WEU-NLD,2093,WASH_MACH,2,0
C-WEU-NLD,2094,WASH_MACH,1,0.1
C-WEU-NLD,2094,WASH_MACH,2,0
C-WEU-NLD,2095,WASH_MACH,1,0.1
C-WEU-NLD,2095,WASH_MACH,2,0
C-WEU-NLD,2096,WASH_MACH,1,0.1
C-WEU-NLD,2096,WASH_MACH,2,0
C-WEU-NLD,2097,WASH_MACH,1,0.1
C-WEU-NLD,2097,WASH_MACH,2,0
C-WEU-NLD,2098,WASH_MACH,1,0.1
C-WEU-NLD,2098,WASH_MACH,2,0
C-WEU-NLD,2099,WASH_MACH,1,0.1
C-WEU-NLD,2099,WASH_MACH,2,0
C-WEU-NLD,2100,WASH_MACH,1,0.1
C-WEU-NLD,2100,WASH_MACH,2,0
C-WEU-NLD,2000,WASH_MACH_COM,1,0.03
C-WEU-NLD,2000,WASH_MACH_COM,2,0
C-WEU-NLD,2001,WASH_MACH_COM,1,0.03
C-WEU-NLD,2001,WASH_MACH_COM,2,0
C-WEU-NLD,2002,WASH_MACH_COM,1,0.03
C-WEU-NLD,2002,WASH_MACH_COM,2,0
C-WEU-NLD,2003,WASH_MACH_COM,1,0.03
C-WEU-NLD,2003,WASH_MACH_COM,2,0
C-WEU-NLD,2004,WASH_MACH_COM,1,0.03
C-WEU-NLD,2004,WASH_MACH_COM,2,0
C-WEU-NLD,2005,WASH_MACH_COM,1,0.03
C-WEU-NLD,2005,WASH_MACH_COM,2,0
C-WEU-NLD,2006,WASH_MACH_COM,1,0.03
C-WEU-NLD,2006,WASH_MACH_COM,2,0
C-WEU-NLD,2007,WASH_MACH_COM,1,0.03
C-WEU-NLD,2007,WASH_MACH_COM,2,0
C-WEU-NLD,2008,WASH_MACH_COM,1,0.03
C-WEU-NLD,2008,WASH_MACH_COM,2,0
C-WEU-NLD,2009,WASH_MACH_COM,1,0.03
C-WEU-NLD,2009,WASH_MACH_COM,2,0
C-WEU-NLD,2010,WASH_MACH_COM,1,0.03
C-WEU-NLD,2010,WASH_MACH_COM,2,0
C-WEU-NLD,2011,WASH_MACH_COM,1,0.03
C-WEU-NLD,2011,WASH_MACH_COM,2,0
C-WEU-NLD,2012,WASH_MACH_COM,1,0.03
C-WEU-NLD,2012,WASH_MACH_COM,2,0
C-WEU-NLD,2013,WASH_MACH_COM,1,0.03
C-WEU-NLD,2013,WASH_MACH_COM,2,0
C-WEU-NLD,2014,WASH_MACH_COM,1,0.03
C-WEU-NLD,2014,WASH_MACH_COM,2,0
C-WEU-NLD,2015,WASH_MACH_COM,1,0.03
C-WEU-NLD,2015,WASH_MACH_COM,2,0
C-WEU-NLD,2016,WASH_MACH_COM,1,0.03
C-WEU-NLD,2016,WASH_MACH_COM,2,0
C-WEU-NLD,2017,WASH_MACH_COM,1,0.03
C-WEU-NLD,2017,WASH_MACH_COM,2,0
C-WEU-NLD,2018,WASH_MACH_COM,1,0.03
C-WEU-NLD,2018,WASH_MACH_COM,2,0
C-WEU-NLD,2019,WASH_MACH_COM,1,0.03
C-WEU-NLD,2019,WASH_MACH_COM,2,0
C-WEU-NLD,2020,WASH_MACH_COM,1,0.03
C-WEU-NLD,2020,WASH_MACH_COM,2,0
C-WEU-NLD,2021,WASH_MACH_COM,1,0.03
C-WEU-NLD,2021,WASH_MACH_COM,2,0
C-WEU-NLD,2022,WASH_MACH_COM,1,0.03
C-WEU-NLD,2022,WASH_MACH_COM,2,0
C-WEU-NLD,2023,WASH_MACH_COM,1,0.03
C-WEU-NLD,2023,WASH_MACH_COM,2,0
C-WEU-NLD,2024,WASH_MACH_COM,1,0.03
C-WEU-NLD,2024,WASH_MACH_COM,2,0
C-WEU-NLD,2025,WASH_MACH_COM,1,0.03
C-WEU-NLD,2025,WASH_MACH_COM,2,0
C-WEU-NLD,2026,WASH_MACH_COM,1,0.03
C-WEU-NLD,2026,WASH_MACH_COM,2,0
C-WEU-NLD,2027,WASH_MACH_COM,1,0.03
C-WEU-NLD,2027,WASH_MACH_COM,2,0
C-WEU-NLD,2028,WASH_MACH_COM,1,0.03
C-WEU-NLD,2028,WASH_MACH_COM,2,0
C-WEU-NLD,2029,WASH_MACH_COM,1,0.03
C-WEU-NLD,2029,WASH_MACH_COM,2,0
C-WEU-NLD,2030,WASH_MACH_COM,1,0.1
C-WEU-NLD,2030,WASH_MACH_COM,2,0
C-WEU-NLD,2031,WASH_MACH_COM,1,0.1
C-WEU-NLD,2031,WASH_MACH_COM,2,0
C-WEU-NLD,2032,WASH_MACH_COM,1,0.1
C-WEU-NLD,2032,WASH_MACH_COM,2,0
C-WEU-NLD,2033,WASH_MACH_COM,1,0.1
C-WEU-NLD,2033,WASH_MACH_COM,2,0
C-WEU-NLD,2034,WASH_MACH_COM,1,0.1
C-WEU-NLD,2034,WASH_MACH_COM,2,0
C-WEU-NLD,2035,WASH_MACH_COM,1,0.1
C-WEU-NLD,2035,WASH_MACH_COM,2,0
C-WEU-NLD,2036,WASH_MACH_COM,1,0.1
C-WEU-NLD,2036,WASH_MACH_COM,2,0
C-WEU-NLD,2037,WASH_MACH_COM,1,0.1
C-WEU-NLD,2037,WASH_MACH_COM,2,0
C-WEU-NLD,2038,WASH_MACH_COM,1,0.1
C-WEU-NLD,2038,WASH_MACH_COM,2,0
C-WEU-NLD,2039,WASH_MACH_COM,1,0.1
C-WEU-NLD,2039,WASH_MACH_COM,2,0
C-WEU-NLD,2040,WASH_MACH_COM,1,0.1
C-WEU-NLD,2040,WASH_MACH_COM,2,0
C-WEU-NLD,2041,WASH_MACH_COM,1,0.1
C-WEU-NLD,2041,WASH_MACH_COM,2,0
C-WEU-NLD,2042,WASH_MACH_COM,1,0.1
C-WEU-NLD,2042,WASH_MACH_COM,2,0
C-WEU-NLD,2043,WASH_MACH_COM,1,0.1
C-WEU-NLD,2043,WASH_MACH_COM,2,0
C-WEU-NLD,2044,WASH_MACH_COM,1,0.1
C-WEU-NLD,2044,WASH_MACH_COM,2,0
C-WEU-NLD,2045,WASH_MACH_COM,1,0.1
C-WEU-NLD,2045,WASH_MACH_COM,2,0
C-WEU-NLD,2046,WASH_MACH_COM,1,0.1
C-WEU-NLD,2046,WASH_MACH_COM,2,0
C-WEU-NLD,2047,WASH_MACH_COM,1,0.1
C-WEU-NLD,2047,WASH_MACH_COM,2,0
C-WEU-NLD,2048,WASH_MACH_COM,1,0.1
C-WEU-NLD,2048,WASH_MACH_COM,2,0
C-WEU-NLD,2049,WASH_MACH_COM,1,0.1
C-WEU-NLD,2049,WASH_MACH_COM,2,0
C-WEU-NLD,2050,WASH_MACH_COM,1,0.1
C-WEU-NLD,2050,WASH_MACH_COM,2,0
C-WEU-NLD,2051,WASH_MACH_COM,1,0.1
C-WEU-NLD,2051,WASH_MACH_COM,2,0
C-WEU-NLD,2052,WASH_MACH_COM,1,0.1
C-WEU-NLD,2052,WASH_MACH_COM,2,0
C-WEU-NLD,2053,WASH_MACH_COM,1,0.1
C-WEU-NLD,2053,WASH_MACH_COM,2,0
C-WEU-NLD,2054,WASH_MACH_COM,1,0.1
C-WEU-NLD,2054,WASH_MACH_COM,2,0
C-WEU-NLD,2055,WASH_MACH_COM,1,0.1
C-WEU-NLD,2055,WASH_MACH_COM,2,0
C-WEU-NLD,2056,WASH_MACH_COM,1,0.1
C-WEU-NLD,2056,WASH_MACH_COM,2,0
C-WEU-NLD,2057,WASH_MACH_COM,1,0.1
C-WEU-NLD,2057,WASH_MACH_COM,2,0
C-WEU-NLD,2058,WASH_MACH_COM,1,0.1
C-WEU-NLD,2058,WASH_MACH_COM,2,0
C-WEU-NLD,2059,WASH_MACH_COM,1,0.1
C-WEU-NLD,2059,WASH_MACH_COM,2,0
C-WEU-NLD,2060,WASH_MACH_COM,1,0.1
C-WEU-NLD,2060,WASH_MACH_COM,2,0
C-WEU-NLD,2061,WASH_MACH_COM,1,0.1
C-WEU-NLD,2061,WASH_MACH_COM,2,0
C-WEU-NLD,2062,WASH_MACH_COM,1,0.1
C-WEU-NLD,2062,WASH_MACH_COM,2,0
C-WEU-NLD,2063,WASH_MACH_COM,1,0.1
C-WEU-NLD,2063,WASH_MACH_COM,2,0
C-WEU-NLD,2064,WASH_MACH_COM,1,0.1
C-WEU-NLD,2064,WASH_MACH_COM,2,0
C-WEU-NLD,2065,WASH_MACH_COM,1,0.1
C-WEU-NLD,2065,WASH_MACH_COM,2,0
C-WEU-NLD,2066,WASH_MACH_COM,1,0.1
C-WEU-NLD,2066,WASH_MACH_COM,2,0
C-WEU-NLD,2067,WASH_MACH_COM,1,0.1
C-WEU-NLD,2067,WASH_MACH_COM,2,0
C-WEU-NLD,2068,WASH_MACH_COM,1,0.1
C-WEU-NLD,2068,WASH_MACH_COM,2,0
C-WEU-NLD,2069,WASH_MACH_COM,1,0.1
C-WEU-NLD,2069,WASH_MACH_COM,2,0
C-WEU-NLD,2070,WASH_MACH_COM,1,0.1
C-WEU-NLD,2070,WASH_MACH_COM,2,0
C-WEU-NLD,2071,WASH_MACH_COM,1,0.1
C-WEU-NLD,2071,WASH_MACH_COM,2,0
C-WEU-NLD,2072,WASH_MACH_COM,1,0.1
C-WEU-NLD,2072,WASH_MACH_COM,2,0
C-WEU-NLD,2073,WASH_MACH_COM,1,0.1
C-WEU-NLD,2073,WASH_MACH_COM,2,0
C-WEU-NLD,2074,WASH_MACH_COM,1,0.1
C-WEU-NLD,2074,WASH_MACH_COM,2,0
C-WEU-NLD,2075,WASH_MACH_COM,1,0.1
C-WEU-NLD,2075,WASH_MACH_COM,2,0
C-WEU-NLD,2076,WASH_MACH_COM,1,0.1
C-WEU-NLD,2076,WASH_MACH_COM,2,0
C-WEU-NLD,2077,WASH_MACH_COM,1,0.1
C-WEU-NLD,2077,WASH_MACH_COM,2,0
C-WEU-NLD,2078,WASH_MACH_COM,1,0.1
C-WEU-NLD,2078,WASH_MACH_COM,2,0
C-WEU-NLD,2079,WASH_MACH_COM,1,0.1
C-WEU-NLD,2079,WASH_MACH_COM,2,0
C-WEU-NLD,2080,WASH_MACH_COM,1,0.1
C-WEU-NLD,2080,WASH_MACH_COM,2,0
C-WEU-NLD,2081,WASH_MACH_COM,1,0.1
C-WEU-NLD,2081,WASH_MACH_COM,2,0
C-WEU-NLD,2082,WASH_MACH_COM,1,0.1
C-WEU-NLD,2082,WASH_MACH_COM,2,0
C-WEU-NLD,2083,WASH_MACH_COM,1,0.1
C-WEU-NLD,2083,WASH_MACH_COM,2,0
C-WEU-NLD,2084,WASH_MACH_COM,1,0.1
C-WEU-NLD,2084,WASH_MACH_COM,2,0
C-WEU-NLD,2085,WASH_MACH_COM,1,0.1
C-WEU-NLD,2085,WASH_MACH_COM,2,0
C-WEU-NLD,2086,WASH_MACH_COM,1,0.1
C-WEU-NLD,2086,WASH_MACH_COM,2,0
C-WEU-NLD,2087,WASH_MACH_COM,1,0.1
C-WEU-NLD,2087,WASH_MACH_COM,2,0
C-WEU-NLD,2088,WASH_MACH_COM,1,0.1
C-WEU-NLD,2088,WASH_MACH_COM,2,0
C-WEU-NLD,2089,WASH_MACH_COM,1,0.1
C-WEU-NLD,2089,WASH_MACH_COM,2,0
C-WEU-NLD,2090,WASH_MACH_COM,1,0.1
C-WEU-NLD,2090,WASH_MACH_COM,2,0
C-WEU-NLD,2091,WASH_MACH_COM,1,0.1
C-WEU-NLD,2091,WASH_MACH_COM,2,0
C-WEU-NLD,2092,WASH_MACH_COM,1,0.1
C-WEU-NLD,2092,WASH_MACH_COM,2,0
C-WEU-NLD,2093,WASH_MACH_COM,1,0.1
C-WEU-NLD,2093,WASH_MACH_COM,2,0
C-WEU-NLD,2094,WASH_MACH_COM,1,0.1
C-WEU-NLD,2094,WASH_MACH_COM,2,0
C-WEU-NLD,2095,WASH_MACH_COM,1,0.1
C-WEU-NLD,2095,WASH_MACH_COM,2,0
C-WEU-NLD,2096,WASH_MACH_COM,1,0.1
C-WEU-NLD,2096,WASH_MACH_COM,2,0
C-WEU-NLD,2097,WASH_MACH_COM,1,0.1
C-WEU-NLD,2097,WASH_MACH_COM,2,0
C-WEU-NLD,2098,WASH_MACH_COM,1,0.1
C-WEU-NLD,2098,WASH_MACH_COM,2,0
C-WEU-NLD,2099,WASH_MACH_COM,1,0.1
C-WEU-NLD,2099,WASH_MACH_COM,2,0
C-WEU-NLD,2100,WASH_MACH_COM,1,0.1
C-WEU-NLD,2100,WASH_MACH_COM,2,0
C-WEU-NOR,2000,WASH_MACH,1,0.1
C-WEU-NOR,2000,WASH_MACH,2,0
C-WEU-NOR,2001,WASH_MACH,1,0.1
C-WEU-NOR,2001,WASH_MACH,2,0
C-WEU-NOR,2002,WASH_MACH,1,0.1
C-WEU-NOR,2002,WASH_MACH,2,0
C-WEU-NOR,2003,WASH_MACH,1,0.1
C-WEU-NOR,2003,WASH_MACH,2,0
C-WEU-NOR,2004,WASH_MACH,1,0.1
C-WEU-NOR,2004,WASH_MACH,2,0
C-WEU-NOR,2005,WASH_MACH,1,0.1
C-WEU-NOR,2005,WASH_MACH,2,0
C-WEU-NOR,2006,WASH_MACH,1,0.1
C-WEU-NOR,2006,WASH_MACH,2,0
C-WEU-NOR,2007,WASH_MACH,1,0.1
C-WEU-NOR,2007,WASH_MACH,2,0
C-WEU-NOR,2008,WASH_MACH,1,0.1
C-WEU-NOR,2008,WASH_MACH,2,0
C-WEU-NOR,2009,WASH_MACH,1,0.1
C-WEU-NOR,2009,WASH_MACH,2,0
C-WEU-NOR,2010,WASH_MACH,1,0.1
C-WEU-NOR,2010,WASH_MACH,2,0
C-WEU-NOR,2011,WASH_MACH,1,0.1
C-WEU-NOR,2011,WASH_MACH,2,0
C-WEU-NOR,2012,WASH_MACH,1,0.1
C-WEU-NOR,2012,WASH_MACH,2,0
C-WEU-NOR,2013,WASH_MACH,1,0.1
C-WEU-NOR,2013,WASH_MACH,2,0
C-WEU-NOR,2014,WASH_MACH,1,0.1
C-WEU-NOR,2014,WASH_MACH,2,0
C-WEU-NOR,2015,WASH_MACH,1,0.1
C-WEU-NOR,2015,WASH_MACH,2,0
C-WEU-NOR,2016,WASH_MACH,1,0.1
C-WEU-NOR,2016,WASH_MACH,2,0
C-WEU-NOR,2017,WASH_MACH,1,0.1
C-WEU-NOR,2017,WASH_MACH,2,0
C-WEU-NOR,2018,WASH_MACH,1,0.1
C-WEU-NOR,2018,WASH_MACH,2,0
C-WEU-NOR,2019,WASH_MACH,1,0.1
C-WEU-NOR,2019,WASH_MACH,2,0
C-WEU-NOR,2020,WASH_MACH,1,0.1
C-WEU-NOR,2020,WASH_MACH,2,0
C-WEU-NOR,2021,WASH_MACH,1,0.1
C-WEU-NOR,2021,WASH_MACH,2,0
C-WEU-NOR,2022,WASH_MACH,1,0.1
C-WEU-NOR,2022,WASH_MACH,2,0
C-WEU-NOR,2023,WASH_MACH,1,0.1
C-WEU-NOR,2023,WASH_MACH,2,0
C-WEU-NOR,2024,WASH_MACH,1,0.1
C-WEU-NOR,2024,WASH_MACH,2,0
C-WEU-NOR,2025,WASH_MACH,1,0.1
C-WEU-NOR,2025,WASH_MACH,2,0
C-WEU-NOR,2026,WASH_MACH,1,0.1
C-WEU-NOR,2026,WASH_MACH,2,0
C-WEU-NOR,2027,WASH_MACH,1,0.1
C-WEU-NOR,2027,WASH_MACH,2,0
C-WEU-NOR,2028,WASH_MACH,1,0.1
C-WEU-NOR,2028,WASH_MACH,2,0
C-WEU-NOR,2029,WASH_MACH,1,0.1
C-WEU-NOR,2029,WASH_MACH,2,0
C-WEU-NOR,2030,WASH_MACH,1,0.1
C-WEU-NOR,2030,WASH_MACH,2,0
C-WEU-NOR,2031,WASH_MACH,1,0.1
C-WEU-NOR,2031,WASH_MACH,2,0
C-WEU-NOR,2032,WASH_MACH,1,0.1
C-WEU-NOR,2032,WASH_MACH,2,0
C-WEU-NOR,2033,WASH_MACH,1,0.1
C-WEU-NOR,2033,WASH_MACH,2,0
C-WEU-NOR,2034,WASH_MACH,1,0.1
C-WEU-NOR,2034,WASH_MACH,2,0
C-WEU-NOR,2035,WASH_MACH,1,0.1
C-WEU-NOR,2035,WASH_MACH,2,0
C-WEU-NOR,2036,WASH_MACH,1,0.1
C-WEU-NOR,2036,WASH_MACH,2,0
C-WEU-NOR,2037,WASH_MACH,1,0.1
C-WEU-NOR,2037,WASH_MACH,2,0
C-WEU-NOR,2038,WASH_MACH,1,0.1
C-WEU-NOR,2038,WASH_MACH,2,0
C-WEU-NOR,2039,WASH_MACH,1,0.1
C-WEU-NOR,2039,WASH_MACH,2,0
C-WEU-NOR,2040,WASH_MACH,1,0.1
C-WEU-NOR,2040,WASH_MACH,2,0
C-WEU-NOR,2041,WASH_MACH,1,0.1
C-WEU-NOR,2041,WASH_MACH,2,0
C-WEU-NOR,2042,WASH_MACH,1,0.1
C-WEU-NOR,2042,WASH_MACH,2,0
C-WEU-NOR,2043,WASH_MACH,1,0.1
C-WEU-NOR,2043,WASH_MACH,2,0
C-WEU-NOR,2044,WASH_MACH,1,0.1
C-WEU-NOR,2044,WASH_MACH,2,0
C-WEU-NOR,2045,WASH_MACH,1,0.1
C-WEU-NOR,2045,WASH_MACH,2,0
C-WEU-NOR,2046,WASH_MACH,1,0.1
C-WEU-NOR,2046,WASH_MACH,2,0
C-WEU-NOR,2047,WASH_MACH,1,0.1
C-WEU-NOR,2047,WASH_MACH,2,0
C-WEU-NOR,2048,WASH_MACH,1,0.1
C-WEU-NOR,2048,WASH_MACH,2,0
C-WEU-NOR,2049,WASH_MACH,1,0.1
C-WEU-NOR,2049,WASH_MACH,2,0
C-WEU-NOR,2050,WASH_MACH,1,0.1
C-WEU-NOR,2050,WASH_MACH,2,0
C-WEU-NOR,2051,WASH_MACH,1,0.1
C-WEU-NOR,2051,WASH_MACH,2,0
C-WEU-NOR,2052,WASH_MACH,1,0.1
C-WEU-NOR,2052,WASH_MACH,2,0
C-WEU-NOR,2053,WASH_MACH,1,0.1
C-WEU-NOR,2053,WASH_MACH,2,0
C-WEU-NOR,2054,WASH_MACH,1,0.1
C-WEU-NOR,2054,WASH_MACH,2,0
C-WEU-NOR,2055,WASH_MACH,1,0.1
C-WEU-NOR,2055,WASH_MACH,2,0
C-WEU-NOR,2056,WASH_MACH,1,0.1
C-WEU-NOR,2056,WASH_MACH,2,0
C-WEU-NOR,2057,WASH_MACH,1,0.1
C-WEU-NOR,2057,WASH_MACH,2,0
C-WEU-NOR,2058,WASH_MACH,1,0.1
C-WEU-NOR,2058,WASH_MACH,2,0
C-WEU-NOR,2059,WASH_MACH,1,0.1
C-WEU-NOR,2059,WASH_MACH,2,0
C-WEU-NOR,2060,WASH_MACH,1,0.1
C-WEU-NOR,2060,WASH_MACH,2,0
C-WEU-NOR,2061,WASH_MACH,1,0.1
C-WEU-NOR,2061,WASH_MACH,2,0
C-WEU-NOR,2062,WASH_MACH,1,0.1
C-WEU-NOR,2062,WASH_MACH,2,0
C-WEU-NOR,2063,WASH_MACH,1,0.1
C-WEU-NOR,2063,WASH_MACH,2,0
C-WEU-NOR,2064,WASH_MACH,1,0.1
C-WEU-NOR,2064,WASH_MACH,2,0
C-WEU-NOR,2065,WASH_MACH,1,0.1
C-WEU-NOR,2065,WASH_MACH,2,0
C-WEU-NOR,2066,WASH_MACH,1,0.1
C-WEU-NOR,2066,WASH_MACH,2,0
C-WEU-NOR,2067,WASH_MACH,1,0.1
C-WEU-NOR,2067,WASH_MACH,2,0
C-WEU-NOR,2068,WASH_MACH,1,0.1
C-WEU-NOR,2068,WASH_MACH,2,0
C-WEU-NOR,2069,WASH_MACH,1,0.1
C-WEU-NOR,2069,WASH_MACH,2,0
C-WEU-NOR,2070,WASH_MACH,1,0.1
C-WEU-NOR,2070,WASH_MACH,2,0
C-WEU-NOR,2071,WASH_MACH,1,0.1
C-WEU-NOR,2071,WASH_MACH,2,0
C-WEU-NOR,2072,WASH_MACH,1,0.1
C-WEU-NOR,2072,WASH_MACH,2,0
C-WEU-NOR,2073,WASH_MACH,1,0.1
C-WEU-NOR,2073,WASH_MACH,2,0
C-WEU-NOR,2074,WASH_MACH,1,0.1
C-WEU-NOR,2074,WASH_MACH,2,0
C-WEU-NOR,2075,WASH_MACH,1,0.1
C-WEU-NOR,2075,WASH_MACH,2,0
C-WEU-NOR,2076,WASH_MACH,1,0.1
C-WEU-NOR,2076,WASH_MACH,2,0
C-WEU-NOR,2077,WASH_MACH,1,0.1
C-WEU-NOR,2077,WASH_MACH,2,0
C-WEU-NOR,2078,WASH_MACH,1,0.1
C-WEU-NOR,2078,WASH_MACH,2,0
C-WEU-NOR,2079,WASH_MACH,1,0.1
C-WEU-NOR,2079,WASH_MACH,2,0
C-WEU-NOR,2080,WASH_MACH,1,0.1
C-WEU-NOR,2080,WASH_MACH,2,0
C-WEU-NOR,2081,WASH_MACH,1,0.1
C-WEU-NOR,2081,WASH_MACH,2,0
C-WEU-NOR,2082,WASH_MACH,1,0.1
C-WEU-NOR,2082,WASH_MACH,2,0
C-WEU-NOR,2083,WASH_MACH,1,0.1
C-WEU-NOR,2083,WASH_MACH,2,0
C-WEU-NOR,2084,WASH_MACH,1,0.1
C-WEU-NOR,2084,WASH_MACH,2,0
C-WEU-NOR,2085,WASH_MACH,1,0.1
C-WEU-NOR,2085,WASH_MACH,2,0
C-WEU-NOR,2086,WASH_MACH,1,0.1
C-WEU-NOR,2086,WASH_MACH,2,0
C-WEU-NOR,2087,WASH_MACH,1,0.1
C-WEU-NOR,2087,WASH_MACH,2,0
C-WEU-NOR,2088,WASH_MACH,1,0.1
C-WEU-NOR,2088,WASH_MACH,2,0
C-WEU-NOR,2089,WASH_MACH,1,0.1
C-WEU-NOR,2089,WASH_MACH,2,0
C-WEU-NOR,2090,WASH_MACH,1,0.1
C-WEU-NOR,2090,WASH_MACH,2,0
C-WEU-NOR,2091,WASH_MACH,1,0.1
C-WEU-NOR,2091,WASH_MACH,2,0
C-WEU-NOR,2092,WASH_MACH,1,0.1
C-WEU-NOR,2092,WASH_MACH,2,0
C-WEU-NOR,2093,WASH_MACH,1,0.1
C-WEU-NOR,2093,WASH_MACH,2,0
C-WEU-NOR,2094,WASH_MACH,1,0.1
C-WEU-NOR,2094,WASH_MACH,2,0
C-WEU-NOR,2095,WASH_MACH,1,0.1
C-WEU-NOR,2095,WASH_MACH,2,0
C-WEU-NOR,2096,WASH_MACH,1,0.1
C-WEU-NOR,2096,WASH_MACH,2,0
C-WEU-NOR,2097,WASH_MACH,1,0.1
C-WEU-NOR,2097,WASH_MACH,2,0
C-WEU-NOR,2098,WASH_MACH,1,0.1
C-WEU-NOR,2098,WASH_MACH,2,0
C-WEU-NOR,2099,WASH_MACH,1,0.1
C-WEU-NOR,2099,WASH_MACH,2,0
C-WEU-NOR,2100,WASH_MACH,1,0.1
C-WEU-NOR,2100,WASH_MACH,2,0
C-WEU-NOR,2000,WASH_MACH_COM,1,0.1
C-WEU-NOR,2000,WASH_MACH_COM,2,0
C-WEU-NOR,2001,WASH_MACH_COM,1,0.1
C-WEU-NOR,2001,WASH_MACH_COM,2,0
C-WEU-NOR,2002,WASH_MACH_COM,1,0.1
C-WEU-NOR,2002,WASH_MACH_COM,2,0
C-WEU-NOR,2003,WASH_MACH_COM,1,0.1
C-WEU-NOR,2003,WASH_MACH_COM,2,0
C-WEU-NOR,2004,WASH_MACH_COM,1,0.1
C-WEU-NOR,2004,WASH_MACH_COM,2,0
C-WEU-NOR,2005,WASH_MACH_COM,1,0.1
C-WEU-NOR,2005,WASH_MACH_COM,2,0
C-WEU-NOR,2006,WASH_MACH_COM,1,0.1
C-WEU-NOR,2006,WASH_MACH_COM,2,0
C-WEU-NOR,2007,WASH_MACH_COM,1,0.1
C-WEU-NOR,2007,WASH_MACH_COM,2,0
C-WEU-NOR,2008,WASH_MACH_COM,1,0.1
C-WEU-NOR,2008,WASH_MACH_COM,2,0
C-WEU-NOR,2009,WASH_MACH_COM,1,0.1
C-WEU-NOR,2009,WASH_MACH_COM,2,0
C-WEU-NOR,2010,WASH_MACH_COM,1,0.1
C-WEU-NOR,2010,WASH_MACH_COM,2,0
C-WEU-NOR,2011,WASH_MACH_COM,1,0.1
C-WEU-NOR,2011,WASH_MACH_COM,2,0
C-WEU-NOR,2012,WASH_MACH_COM,1,0.1
C-WEU-NOR,2012,WASH_MACH_COM,2,0
C-WEU-NOR,2013,WASH_MACH_COM,1,0.1
C-WEU-NOR,2013,WASH_MACH_COM,2,0
C-WEU-NOR,2014,WASH_MACH_COM,1,0.1
C-WEU-NOR,2014,WASH_MACH_COM,2,0
C-WEU-NOR,2015,WASH_MACH_COM,1,0.1
C-WEU-NOR,2015,WASH_MACH_COM,2,0
C-WEU-NOR,2016,WASH_MACH_COM,1,0.1
C-WEU-NOR,2016,WASH_MACH_COM,2,0
C-WEU-NOR,2017,WASH_MACH_COM,1,0.1
C-WEU-NOR,2017,WASH_MACH_COM,2,0
C-WEU-NOR,2018,WASH_MACH_COM,1,0.1
C-WEU-NOR,2018,WASH_MACH_COM,2,0
C-WEU-NOR,2019,WASH_MACH_COM,1,0.1
C-WEU-NOR,2019,WASH_MACH_COM,2,0
C-WEU-NOR,2020,WASH_MACH_COM,1,0.1
C-WEU-NOR,2020,WASH_MACH_COM,2,0
C-WEU-NOR,2021,WASH_MACH_COM,1,0.1
C-WEU-NOR,2021,WASH_MACH_COM,2,0
C-WEU-NOR,2022,WASH_MACH_COM,1,0.1
C-WEU-NOR,2022,WASH_MACH_COM,2,0
C-WEU-NOR,2023,WASH_MACH_COM,1,0.1
C-WEU-NOR,2023,WASH_MACH_COM,2,0
C-WEU-NOR,2024,WASH_MACH_COM,1,0.1
C-WEU-NOR,2024,WASH_MACH_COM,2,0
C-WEU-NOR,2025,WASH_MACH_COM,1,0.1
C-WEU-NOR,2025,WASH_MACH_COM,2,0
C-WEU-NOR,2026,WASH_MACH_COM,1,0.1
C-WEU-NOR,2026,WASH_MACH_COM,2,0
C-WEU-NOR,2027,WASH_MACH_COM,1,0.1
C-WEU-NOR,2027,WASH_MACH_COM,2,0
C-WEU-NOR,2028,WASH_MACH_COM,1,0.1
C-WEU-NOR,2028,WASH_MACH_COM,2,0
C-WEU-NOR,2029,WASH_MACH_COM,1,0.1
C-WEU-NOR,2029,WASH_MACH_COM,2,0
C-WEU-NOR,2030,WASH_MACH_COM,1,0.1
C-WEU-NOR,2030,WASH_MACH_COM,2,0
C-WEU-NOR,2031,WASH_MACH_COM,1,0.1
C-WEU-NOR,2031,WASH_MACH_COM,2,0
C-WEU-NOR,2032,WASH_MACH_COM,1,0.1
C-WEU-NOR,2032,WASH_MACH_COM,2,0
C-WEU-NOR,2033,WASH_MACH_COM,1,0.1
C-WEU-NOR,2033,WASH_MACH_COM,2,0
C-WEU-NOR,2034,WASH_MACH_COM,1,0.1
C-WEU-NOR,2034,WASH_MACH_COM,2,0
C-WEU-NOR,2035,WASH_MACH_COM,1,0.1
C-WEU-NOR,2035,WASH_MACH_COM,2,0
C-WEU-NOR,2036,WASH_MACH_COM,1,0.1
C-WEU-NOR,2036,WASH_MACH_COM,2,0
C-WEU-NOR,2037,WASH_MACH_COM,1,0.1
C-WEU-NOR,2037,WASH_MACH_COM,2,0
C-WEU-NOR,2038,WASH_MACH_COM,1,0.1
C-WEU-NOR,2038,WASH_MACH_COM,2,0
C-WEU-NOR,2039,WASH_MACH_COM,1,0.1
C-WEU-NOR,2039,WASH_MACH_COM,2,0
C-WEU-NOR,2040,WASH_MACH_COM,1,0.1
C-WEU-NOR,2040,WASH_MACH_COM,2,0
C-WEU-NOR,2041,WASH_MACH_COM,1,0.1
C-WEU-NOR,2041,WASH_MACH_COM,2,0
C-WEU-NOR,2042,WASH_MACH_COM,1,0.1
C-WEU-NOR,2042,WASH_MACH_COM,2,0
C-WEU-NOR,2043,WASH_MACH_COM,1,0.1
C-WEU-NOR,2043,WASH_MACH_COM,2,0
C-WEU-NOR,2044,WASH_MACH_COM,1,0.1
C-WEU-NOR,2044,WASH_MACH_COM,2,0
C-WEU-NOR,2045,WASH_MACH_COM,1,0.1
C-WEU-NOR,2045,WASH_MACH_COM,2,0
C-WEU-NOR,2046,WASH_MACH_COM,1,0.1
C-WEU-NOR,2046,WASH_MACH_COM,2,0
C-WEU-NOR,2047,WASH_MACH_COM,1,0.1
C-WEU-NOR,2047,WASH_MACH_COM,2,0
C-WEU-NOR,2048,WASH_MACH_COM,1,0.1
C-WEU-NOR,2048,WASH_MACH_COM,2,0
C-WEU-NOR,2049,WASH_MACH_COM,1,0.1
C-WEU-NOR,2049,WASH_MACH_COM,2,0
C-WEU-NOR,2050,WASH_MACH_COM,1,0.1
C-WEU-NOR,2050,WASH_MACH_COM,2,0
C-WEU-NOR,2051,WASH_MACH_COM,1,0.1
C-WEU-NOR,2051,WASH_MACH_COM,2,0
C-WEU-NOR,2052,WASH_MACH_COM,1,0.1
C-WEU-NOR,2052,WASH_MACH_COM,2,0
C-WEU-NOR,2053,WASH_MACH_COM,1,0.1
C-WEU-NOR,2053,WASH_MACH_COM,2,0
C-WEU-NOR,2054,WASH_MACH_COM,1,0.1
C-WEU-NOR,2054,WASH_MACH_COM,2,0
C-WEU-NOR,2055,WASH_MACH_COM,1,0.1
C-WEU-NOR,2055,WASH_MACH_COM,2,0
C-WEU-NOR,2056,WASH_MACH_COM,1,0.1
C-WEU-NOR,2056,WASH_MACH_COM,2,0
C-WEU-NOR,2057,WASH_MACH_COM,1,0.1
C-WEU-NOR,2057,WASH_MACH_COM,2,0
C-WEU-NOR,2058,WASH_MACH_COM,1,0.1
C-WEU-NOR,2058,WASH_MACH_COM,2,0
C-WEU-NOR,2059,WASH_MACH_COM,1,0.1
C-WEU-NOR,2059,WASH_MACH_COM,2,0
C-WEU-NOR,2060,WASH_MACH_COM,1,0.1
C-WEU-NOR,2060,WASH_MACH_COM,2,0
C-WEU-NOR,2061,WASH_MACH_COM,1,0.1
C-WEU-NOR,2061,WASH_MACH_COM,2,0
C-WEU-NOR,2062,WASH_MACH_COM,1,0.1
C-WEU-NOR,2062,WASH_MACH_COM,2,0
C-WEU-NOR,2063,WASH_MACH_COM,1,0.1
C-WEU-NOR,2063,WASH_MACH_COM,2,0
C-WEU-NOR,2064,WASH_MACH_COM,1,0.1
C-WEU-NOR,2064,WASH_MACH_COM,2,0
C-WEU-NOR,2065,WASH_MACH_COM,1,0.1
C-WEU-NOR,2065,WASH_MACH_COM,2,0
C-WEU-NOR,2066,WASH_MACH_COM,1,0.1
C-WEU-NOR,2066,WASH_MACH_COM,2,0
C-WEU-NOR,2067,WASH_MACH_COM,1,0.1
C-WEU-NOR,2067,WASH_MACH_COM,2,0
C-WEU-NOR,2068,WASH_MACH_COM,1,0.1
C-WEU-NOR,2068,WASH_MACH_COM,2,0
C-WEU-NOR,2069,WASH_MACH_COM,1,0.1
C-WEU-NOR,2069,WASH_MACH_COM,2,0
C-WEU-NOR,2070,WASH_MACH_COM,1,0.1
C-WEU-NOR,2070,WASH_MACH_COM,2,0
C-WEU-NOR,2071,WASH_MACH_COM,1,0.1
C-WEU-NOR,2071,WASH_MACH_COM,2,0
C-WEU-NOR,2072,WASH_MACH_COM,1,0.1
C-WEU-NOR,2072,WASH_MACH_COM,2,0
C-WEU-NOR,2073,WASH_MACH_COM,1,0.1
C-WEU-NOR,2073,WASH_MACH_COM,2,0
C-WEU-NOR,2074,WASH_MACH_COM,1,0.1
C-WEU-NOR,2074,WASH_MACH_COM,2,0
C-WEU-NOR,2075,WASH_MACH_COM,1,0.1
C-WEU-NOR,2075,WASH_MACH_COM,2,0
C-WEU-NOR,2076,WASH_MACH_COM,1,0.1
C-WEU-NOR,2076,WASH_MACH_COM,2,0
C-WEU-NOR,2077,WASH_MACH_COM,1,0.1
C-WEU-NOR,2077,WASH_MACH_COM,2,0
C-WEU-NOR,2078,WASH_MACH_COM,1,0.1
C-WEU-NOR,2078,WASH_MACH_COM,2,0
C-WEU-NOR,2079,WASH_MACH_COM,1,0.1
C-WEU-NOR,2079,WASH_MACH_COM,2,0
C-WEU-NOR,2080,WASH_MACH_COM,1,0.1
C-WEU-NOR,2080,WASH_MACH_COM,2,0
C-WEU-NOR,2081,WASH_MACH_COM,1,0.1
C-WEU-NOR,2081,WASH_MACH_COM,2,0
C-WEU-NOR,2082,WASH_MACH_COM,1,0.1
C-WEU-NOR,2082,WASH_MACH_COM,2,0
C-WEU-NOR,2083,WASH_MACH_COM,1,0.1
C-WEU-NOR,2083,WASH_MACH_COM,2,0
C-WEU-NOR,2084,WASH_MACH_COM,1,0.1
C-WEU-NOR,2084,WASH_MACH_COM,2,0
C-WEU-NOR,2085,WASH_MACH_COM,1,0.1
C-WEU-NOR,2085,WASH_MACH_COM,2,0
C-WEU-NOR,2086,WASH_MACH_COM,1,0.1
C-WEU-NOR,2086,WASH_MACH_COM,2,0
C-WEU-NOR,2087,WASH_MACH_COM,1,0.1
C-WEU-NOR,2087,WASH_MACH_COM,2,0
C-WEU-NOR,2088,WASH_MACH_COM,1,0.1
C-WEU-NOR,2088,WASH_MACH_COM,2,0
C-WEU-NOR,2089,WASH_MACH_COM,1,0.1
C-WEU-NOR,2089,WASH_MACH_COM,2,0
C-WEU-NOR,2090,WASH_MACH_COM,1,0.1
C-WEU-NOR,2090,WASH_MACH_COM,2,0
C-WEU-NOR,2091,WASH_MACH_COM,1,0.1
C-WEU-NOR,2091,WASH_MACH_COM,2,0
C-WEU-NOR,2092,WASH_MACH_COM,1,0.1
C-WEU-NOR,2092,WASH_MACH_COM,2,0
C-WEU-NOR,2093,WASH_MACH_COM,1,0.1
C-WEU-NOR,2093,WASH_MACH_COM,2,0
C-WEU-NOR,2094,WASH_MACH_COM,1,0.1
C-WEU-NOR,2094,WASH_MACH_COM,2,0
C-WEU-NOR,2095,WASH_MACH_COM,1,0.1
C-WEU-NOR,2095,WASH_MACH_COM,2,0
C-WEU-NOR,2096,WASH_MACH_COM,1,0.1
C-WEU-NOR,2096,WASH_MACH_COM,2,0
C-WEU-NOR,2097,WASH_MACH_COM,1,0.1
C-WEU-NOR,2097,WASH_MACH_COM,2,0
C-WEU-NOR,2098,WASH_MACH_COM,1,0.1
C-WEU-NOR,2098,WASH_MACH_COM,2,0
C-WEU-NOR,2099,WASH_MACH_COM,1,0.1
C-WEU-NOR,2099,WASH_MACH_COM,2,0
C-WEU-NOR,2100,WASH_MACH_COM,1,0.1
C-WEU-NOR,2100,WASH_MACH_COM,2,0
C-WEU-PRT,2000,WASH_MACH,1,0.03
C-WEU-PRT,2000,WASH_MACH,2,0
C-WEU-PRT,2001,WASH_MACH,1,0.03
C-WEU-PRT,2001,WASH_MACH,2,0
C-WEU-PRT,2002,WASH_MACH,1,0.03
C-WEU-PRT,2002,WASH_MACH,2,0
C-WEU-PRT,2003,WASH_MACH,1,0.03
C-WEU-PRT,2003,WASH_MACH,2,0
C-WEU-PRT,2004,WASH_MACH,1,0.03
C-WEU-PRT,2004,WASH_MACH,2,0
C-WEU-PRT,2005,WASH_MACH,1,0.03
C-WEU-PRT,2005,WASH_MACH,2,0
C-WEU-PRT,2006,WASH_MACH,1,0.03
C-WEU-PRT,2006,WASH_MACH,2,0
C-WEU-PRT,2007,WASH_MACH,1,0.03
C-WEU-PRT,2007,WASH_MACH,2,0
C-WEU-PRT,2008,WASH_MACH,1,0.03
C-WEU-PRT,2008,WASH_MACH,2,0
C-WEU-PRT,2009,WASH_MACH,1,0.03
C-WEU-PRT,2009,WASH_MACH,2,0
C-WEU-PRT,2010,WASH_MACH,1,0.03
C-WEU-PRT,2010,WASH_MACH,2,0
C-WEU-PRT,2011,WASH_MACH,1,0.03
C-WEU-PRT,2011,WASH_MACH,2,0
C-WEU-PRT,2012,WASH_MACH,1,0.03
C-WEU-PRT,2012,WASH_MACH,2,0
C-WEU-PRT,2013,WASH_MACH,1,0.03
C-WEU-PRT,2013,WASH_MACH,2,0
C-WEU-PRT,2014,WASH_MACH,1,0.03
C-WEU-PRT,2014,WASH_MACH,2,0
C-WEU-PRT,2015,WASH_MACH,1,0.03
C-WEU-PRT,2015,WASH_MACH,2,0
C-WEU-PRT,2016,WASH_MACH,1,0.03
C-WEU-PRT,2016,WASH_MACH,2,0
C-WEU-PRT,2017,WASH_MACH,1,0.03
C-WEU-PRT,2017,WASH_MACH,2,0
C-WEU-PRT,2018,WASH_MACH,1,0.03
C-WEU-PRT,2018,WASH_MACH,2,0
C-WEU-PRT,2019,WASH_MACH,1,0.03
C-WEU-PRT,2019,WASH_MACH,2,0
C-WEU-PRT,2020,WASH_MACH,1,0.03
C-WEU-PRT,2020,WASH_MACH,2,0
C-WEU-PRT,2021,WASH_MACH,1,0.03
C-WEU-PRT,2021,WASH_MACH,2,0
C-WEU-PRT,2022,WASH_MACH,1,0.03
C-WEU-PRT,2022,WASH_MACH,2,0
C-WEU-PRT,2023,WASH_MACH,1,0.03
C-WEU-PRT,2023,WASH_MACH,2,0
C-WEU-PRT,2024,WASH_MACH,1,0.03
C-WEU-PRT,2024,WASH_MACH,2,0
C-WEU-PRT,2025,WASH_MACH,1,0.03
C-WEU-PRT,2025,WASH_MACH,2,0
C-WEU-PRT,2026,WASH_MACH,1,0.03
C-WEU-PRT,2026,WASH_MACH,2,0
C-WEU-PRT,2027,WASH_MACH,1,0.03
C-WEU-PRT,2027,WASH_MACH,2,0
C-WEU-PRT,2028,WASH_MACH,1,0.03
C-WEU-PRT,2028,WASH_MACH,2,0
C-WEU-PRT,2029,WASH_MACH,1,0.03
C-WEU-PRT,2029,WASH_MACH,2,0
C-WEU-PRT,2030,WASH_MACH,1,0.1
C-WEU-PRT,2030,WASH_MACH,2,0
C-WEU-PRT,2031,WASH_MACH,1,0.1
C-WEU-PRT,2031,WASH_MACH,2,0
C-WEU-PRT,2032,WASH_MACH,1,0.1
C-WEU-PRT,2032,WASH_MACH,2,0
C-WEU-PRT,2033,WASH_MACH,1,0.1
C-WEU-PRT,2033,WASH_MACH,2,0
C-WEU-PRT,2034,WASH_MACH,1,0.1
C-WEU-PRT,2034,WASH_MACH,2,0
C-WEU-PRT,2035,WASH_MACH,1,0.1
C-WEU-PRT,2035,WASH_MACH,2,0
C-WEU-PRT,2036,WASH_MACH,1,0.1
C-WEU-PRT,2036,WASH_MACH,2,0
C-WEU-PRT,2037,WASH_MACH,1,0.1
C-WEU-PRT,2037,WASH_MACH,2,0
C-WEU-PRT,2038,WASH_MACH,1,0.1
C-WEU-PRT,2038,WASH_MACH,2,0
C-WEU-PRT,2039,WASH_MACH,1,0.1
C-WEU-PRT,2039,WASH_MACH,2,0
C-WEU-PRT,2040,WASH_MACH,1,0.1
C-WEU-PRT,2040,WASH_MACH,2,0
C-WEU-PRT,2041,WASH_MACH,1,0.1
C-WEU-PRT,2041,WASH_MACH,2,0
C-WEU-PRT,2042,WASH_MACH,1,0.1
C-WEU-PRT,2042,WASH_MACH,2,0
C-WEU-PRT,2043,WASH_MACH,1,0.1
C-WEU-PRT,2043,WASH_MACH,2,0
C-WEU-PRT,2044,WASH_MACH,1,0.1
C-WEU-PRT,2044,WASH_MACH,2,0
C-WEU-PRT,2045,WASH_MACH,1,0.1
C-WEU-PRT,2045,WASH_MACH,2,0
C-WEU-PRT,2046,WASH_MACH,1,0.1
C-WEU-PRT,2046,WASH_MACH,2,0
C-WEU-PRT,2047,WASH_MACH,1,0.1
C-WEU-PRT,2047,WASH_MACH,2,0
C-WEU-PRT,2048,WASH_MACH,1,0.1
C-WEU-PRT,2048,WASH_MACH,2,0
C-WEU-PRT,2049,WASH_MACH,1,0.1
C-WEU-PRT,2049,WASH_MACH,2,0
C-WEU-PRT,2050,WASH_MACH,1,0.1
C-WEU-PRT,2050,WASH_MACH,2,0
C-WEU-PRT,2051,WASH_MACH,1,0.1
C-WEU-PRT,2051,WASH_MACH,2,0
C-WEU-PRT,2052,WASH_MACH,1,0.1
C-WEU-PRT,2052,WASH_MACH,2,0
C-WEU-PRT,2053,WASH_MACH,1,0.1
C-WEU-PRT,2053,WASH_MACH,2,0
C-WEU-PRT,2054,WASH_MACH,1,0.1
C-WEU-PRT,2054,WASH_MACH,2,0
C-WEU-PRT,2055,WASH_MACH,1,0.1
C-WEU-PRT,2055,WASH_MACH,2,0
C-WEU-PRT,2056,WASH_MACH,1,0.1
C-WEU-PRT,2056,WASH_MACH,2,0
C-WEU-PRT,2057,WASH_MACH,1,0.1
C-WEU-PRT,2057,WASH_MACH,2,0
C-WEU-PRT,2058,WASH_MACH,1,0.1
C-WEU-PRT,2058,WASH_MACH,2,0
C-WEU-PRT,2059,WASH_MACH,1,0.1
C-WEU-PRT,2059,WASH_MACH,2,0
C-WEU-PRT,2060,WASH_MACH,1,0.1
C-WEU-PRT,2060,WASH_MACH,2,0
C-WEU-PRT,2061,WASH_MACH,1,0.1
C-WEU-PRT,2061,WASH_MACH,2,0
C-WEU-PRT,2062,WASH_MACH,1,0.1
C-WEU-PRT,2062,WASH_MACH,2,0
C-WEU-PRT,2063,WASH_MACH,1,0.1
C-WEU-PRT,2063,WASH_MACH,2,0
C-WEU-PRT,2064,WASH_MACH,1,0.1
C-WEU-PRT,2064,WASH_MACH,2,0
C-WEU-PRT,2065,WASH_MACH,1,0.1
C-WEU-PRT,2065,WASH_MACH,2,0
C-WEU-PRT,2066,WASH_MACH,1,0.1
C-WEU-PRT,2066,WASH_MACH,2,0
C-WEU-PRT,2067,WASH_MACH,1,0.1
C-WEU-PRT,2067,WASH_MACH,2,0
C-WEU-PRT,2068,WASH_MACH,1,0.1
C-WEU-PRT,2068,WASH_MACH,2,0
C-WEU-PRT,2069,WASH_MACH,1,0.1
C-WEU-PRT,2069,WASH_MACH,2,0
C-WEU-PRT,2070,WASH_MACH,1,0.1
C-WEU-PRT,2070,WASH_MACH,2,0
C-WEU-PRT,2071,WASH_MACH,1,0.1
C-WEU-PRT,2071,WASH_MACH,2,0
C-WEU-PRT,2072,WASH_MACH,1,0.1
C-WEU-PRT,2072,WASH_MACH,2,0
C-WEU-PRT,2073,WASH_MACH,1,0.1
C-WEU-PRT,2073,WASH_MACH,2,0
C-WEU-PRT,2074,WASH_MACH,1,0.1
C-WEU-PRT,2074,WASH_MACH,2,0
C-WEU-PRT,2075,WASH_MACH,1,0.1
C-WEU-PRT,2075,WASH_MACH,2,0
C-WEU-PRT,2076,WASH_MACH,1,0.1
C-WEU-PRT,2076,WASH_MACH,2,0
C-WEU-PRT,2077,WASH_MACH,1,0.1
C-WEU-PRT,2077,WASH_MACH,2,0
C-WEU-PRT,2078,WASH_MACH,1,0.1
C-WEU-PRT,2078,WASH_MACH,2,0
C-WEU-PRT,2079,WASH_MACH,1,0.1
C-WEU-PRT,2079,WASH_MACH,2,0
C-WEU-PRT,2080,WASH_MACH,1,0.1
C-WEU-PRT,2080,WASH_MACH,2,0
C-WEU-PRT,2081,WASH_MACH,1,0.1
C-WEU-PRT,2081,WASH_MACH,2,0
C-WEU-PRT,2082,WASH_MACH,1,0.1
C-WEU-PRT,2082,WASH_MACH,2,0
C-WEU-PRT,2083,WASH_MACH,1,0.1
C-WEU-PRT,2083,WASH_MACH,2,0
C-WEU-PRT,2084,WASH_MACH,1,0.1
C-WEU-PRT,2084,WASH_MACH,2,0
C-WEU-PRT,2085,WASH_MACH,1,0.1
C-WEU-PRT,2085,WASH_MACH,2,0
C-WEU-PRT,2086,WASH_MACH,1,0.1
C-WEU-PRT,2086,WASH_MACH,2,0
C-WEU-PRT,2087,WASH_MACH,1,0.1
C-WEU-PRT,2087,WASH_MACH,2,0
C-WEU-PRT,2088,WASH_MACH,1,0.1
C-WEU-PRT,2088,WASH_MACH,2,0
C-WEU-PRT,2089,WASH_MACH,1,0.1
C-WEU-PRT,2089,WASH_MACH,2,0
C-WEU-PRT,2090,WASH_MACH,1,0.1
C-WEU-PRT,2090,WASH_MACH,2,0
C-WEU-PRT,2091,WASH_MACH,1,0.1
C-WEU-PRT,2091,WASH_MACH,2,0
C-WEU-PRT,2092,WASH_MACH,1,0.1
C-WEU-PRT,2092,WASH_MACH,2,0
C-WEU-PRT,2093,WASH_MACH,1,0.1
C-WEU-PRT,2093,WASH_MACH,2,0
C-WEU-PRT,2094,WASH_MACH,1,0.1
C-WEU-PRT,2094,WASH_MACH,2,0
C-WEU-PRT,2095,WASH_MACH,1,0.1
C-WEU-PRT,2095,WASH_MACH,2,0
C-WEU-PRT,2096,WASH_MACH,1,0.1
C-WEU-PRT,2096,WASH_MACH,2,0
C-WEU-PRT,2097,WASH_MACH,1,0.1
C-WEU-PRT,2097,WASH_MACH,2,0
C-WEU-PRT,2098,WASH_MACH,1,0.1
C-WEU-PRT,2098,WASH_MACH,2,0
C-WEU-PRT,2099,WASH_MACH,1,0.1
C-WEU-PRT,2099,WASH_MACH,2,0
C-WEU-PRT,2100,WASH_MACH,1,0.1
C-WEU-PRT,2100,WASH_MACH,2,0
C-WEU-PRT,2000,WASH_MACH_COM,1,0.03
C-WEU-PRT,2000,WASH_MACH_COM,2,0
C-WEU-PRT,2001,WASH_MACH_COM,1,0.03
C-WEU-PRT,2001,WASH_MACH_COM,2,0
C-WEU-PRT,2002,WASH_MACH_COM,1,0.03
C-WEU-PRT,2002,WASH_MACH_COM,2,0
C-WEU-PRT,2003,WASH_MACH_COM,1,0.03
C-WEU-PRT,2003,WASH_MACH_COM,2,0
C-WEU-PRT,2004,WASH_MACH_COM,1,0.03
C-WEU-PRT,2004,WASH_MACH_COM,2,0
C-WEU-PRT,2005,WASH_MACH_COM,1,0.03
C-WEU-PRT,2005,WASH_MACH_COM,2,0
C-WEU-PRT,2006,WASH_MACH_COM,1,0.03
C-WEU-PRT,2006,WASH_MACH_COM,2,0
C-WEU-PRT,2007,WASH_MACH_COM,1,0.03
C-WEU-PRT,2007,WASH_MACH_COM,2,0
C-WEU-PRT,2008,WASH_MACH_COM,1,0.03
C-WEU-PRT,2008,WASH_MACH_COM,2,0
C-WEU-PRT,2009,WASH_MACH_COM,1,0.03
C-WEU-PRT,2009,WASH_MACH_COM,2,0
C-WEU-PRT,2010,WASH_MACH_COM,1,0.03
C-WEU-PRT,2010,WASH_MACH_COM,2,0
C-WEU-PRT,2011,WASH_MACH_COM,1,0.03
C-WEU-PRT,2011,WASH_MACH_COM,2,0
C-WEU-PRT,2012,WASH_MACH_COM,1,0.03
C-WEU-PRT,2012,WASH_MACH_COM,2,0
C-WEU-PRT,2013,WASH_MACH_COM,1,0.03
C-WEU-PRT,2013,WASH_MACH_COM,2,0
C-WEU-PRT,2014,WASH_MACH_COM,1,0.03
C-WEU-PRT,2014,WASH_MACH_COM,2,0
C-WEU-PRT,2015,WASH_MACH_COM,1,0.03
C-WEU-PRT,2015,WASH_MACH_COM,2,0
C-WEU-PRT,2016,WASH_MACH_COM,1,0.03
C-WEU-PRT,2016,WASH_MACH_COM,2,0
C-WEU-PRT,2017,WASH_MACH_COM,1,0.03
C-WEU-PRT,2017,WASH_MACH_COM,2,0
C-WEU-PRT,2018,WASH_MACH_COM,1,0.03
C-WEU-PRT,2018,WASH_MACH_COM,2,0
C-WEU-PRT,2019,WASH_MACH_COM,1,0.03
C-WEU-PRT,2019,WASH_MACH_COM,2,0
C-WEU-PRT,2020,WASH_MACH_COM,1,0.03
C-WEU-PRT,2020,WASH_MACH_COM,2,0
C-WEU-PRT,2021,WASH_MACH_COM,1,0.03
C-WEU-PRT,2021,WASH_MACH_COM,2,0
C-WEU-PRT,2022,WASH_MACH_COM,1,0.03
C-WEU-PRT,2022,WASH_MACH_COM,2,0
C-WEU-PRT,2023,WASH_MACH_COM,1,0.03
C-WEU-PRT,2023,WASH_MACH_COM,2,0
C-WEU-PRT,2024,WASH_MACH_COM,1,0.03
C-WEU-PRT,2024,WASH_MACH_COM,2,0
C-WEU-PRT,2025,WASH_MACH_COM,1,0.03
C-WEU-PRT,2025,WASH_MACH_COM,2,0
C-WEU-PRT,2026,WASH_MACH_COM,1,0.03
C-WEU-PRT,2026,WASH_MACH_COM,2,0
C-WEU-PRT,2027,WASH_MACH_COM,1,0.03
C-WEU-PRT,2027,WASH_MACH_COM,2,0
C-WEU-PRT,2028,WASH_MACH_COM,1,0.03
C-WEU-PRT,2028,WASH_MACH_COM,2,0
C-WEU-PRT,2029,WASH_MACH_COM,1,0.03
C-WEU-PRT,2029,WASH_MACH_COM,2,0
C-WEU-PRT,2030,WASH_MACH_COM,1,0.1
C-WEU-PRT,2030,WASH_MACH_COM,2,0
C-WEU-PRT,2031,WASH_MACH_COM,1,0.1
C-WEU-PRT,2031,WASH_MACH_COM,2,0
C-WEU-PRT,2032,WASH_MACH_COM,1,0.1
C-WEU-PRT,2032,WASH_MACH_COM,2,0
C-WEU-PRT,2033,WASH_MACH_COM,1,0.1
C-WEU-PRT,2033,WASH_MACH_COM,2,0
C-WEU-PRT,2034,WASH_MACH_COM,1,0.1
C-WEU-PRT,2034,WASH_MACH_COM,2,0
C-WEU-PRT,2035,WASH_MACH_COM,1,0.1
C-WEU-PRT,2035,WASH_MACH_COM,2,0
C-WEU-PRT,2036,WASH_MACH_COM,1,0.1
C-WEU-PRT,2036,WASH_MACH_COM,2,0
C-WEU-PRT,2037,WASH_MACH_COM,1,0.1
C-WEU-PRT,2037,WASH_MACH_COM,2,0
C-WEU-PRT,2038,WASH_MACH_COM,1,0.1
C-WEU-PRT,2038,WASH_MACH_COM,2,0
C-WEU-PRT,2039,WASH_MACH_COM,1,0.1
C-WEU-PRT,2039,WASH_MACH_COM,2,0
C-WEU-PRT,2040,WASH_MACH_COM,1,0.1
C-WEU-PRT,2040,WASH_MACH_COM,2,0
C-WEU-PRT,2041,WASH_MACH_COM,1,0.1
C-WEU-PRT,2041,WASH_MACH_COM,2,0
C-WEU-PRT,2042,WASH_MACH_COM,1,0.1
C-WEU-PRT,2042,WASH_MACH_COM,2,0
C-WEU-PRT,2043,WASH_MACH_COM,1,0.1
C-WEU-PRT,2043,WASH_MACH_COM,2,0
C-WEU-PRT,2044,WASH_MACH_COM,1,0.1
C-WEU-PRT,2044,WASH_MACH_COM,2,0
C-WEU-PRT,2045,WASH_MACH_COM,1,0.1
C-WEU-PRT,2045,WASH_MACH_COM,2,0
C-WEU-PRT,2046,WASH_MACH_COM,1,0.1
C-WEU-PRT,2046,WASH_MACH_COM,2,0
C-WEU-PRT,2047,WASH_MACH_COM,1,0.1
C-WEU-PRT,2047,WASH_MACH_COM,2,0
C-WEU-PRT,2048,WASH_MACH_COM,1,0.1
C-WEU-PRT,2048,WASH_MACH_COM,2,0
C-WEU-PRT,2049,WASH_MACH_COM,1,0.1
C-WEU-PRT,2049,WASH_MACH_COM,2,0
C-WEU-PRT,2050,WASH_MACH_COM,1,0.1
C-WEU-PRT,2050,WASH_MACH_COM,2,0
C-WEU-PRT,2051,WASH_MACH_COM,1,0.1
C-WEU-PRT,2051,WASH_MACH_COM,2,0
C-WEU-PRT,2052,WASH_MACH_COM,1,0.1
C-WEU-PRT,2052,WASH_MACH_COM,2,0
C-WEU-PRT,2053,WASH_MACH_COM,1,0.1
C-WEU-PRT,2053,WASH_MACH_COM,2,0
C-WEU-PRT,2054,WASH_MACH_COM,1,0.1
C-WEU-PRT,2054,WASH_MACH_COM,2,0
C-WEU-PRT,2055,WASH_MACH_COM,1,0.1
C-WEU-PRT,2055,WASH_MACH_COM,2,0
C-WEU-PRT,2056,WASH_MACH_COM,1,0.1
C-WEU-PRT,2056,WASH_MACH_COM,2,0
C-WEU-PRT,2057,WASH_MACH_COM,1,0.1
C-WEU-PRT,2057,WASH_MACH_COM,2,0
C-WEU-PRT,2058,WASH_MACH_COM,1,0.1
C-WEU-PRT,2058,WASH_MACH_COM,2,0
C-WEU-PRT,2059,WASH_MACH_COM,1,0.1
C-WEU-PRT,2059,WASH_MACH_COM,2,0
C-WEU-PRT,2060,WASH_MACH_COM,1,0.1
C-WEU-PRT,2060,WASH_MACH_COM,2,0
C-WEU-PRT,2061,WASH_MACH_COM,1,0.1
C-WEU-PRT,2061,WASH_MACH_COM,2,0
C-WEU-PRT,2062,WASH_MACH_COM,1,0.1
C-WEU-PRT,2062,WASH_MACH_COM,2,0
C-WEU-PRT,2063,WASH_MACH_COM,1,0.1
C-WEU-PRT,2063,WASH_MACH_COM,2,0
C-WEU-PRT,2064,WASH_MACH_COM,1,0.1
C-WEU-PRT,2064,WASH_MACH_COM,2,0
C-WEU-PRT,2065,WASH_MACH_COM,1,0.1
C-WEU-PRT,2065,WASH_MACH_COM,2,0
C-WEU-PRT,2066,WASH_MACH_COM,1,0.1
C-WEU-PRT,2066,WASH_MACH_COM,2,0
C-WEU-PRT,2067,WASH_MACH_COM,1,0.1
C-WEU-PRT,2067,WASH_MACH_COM,2,0
C-WEU-PRT,2068,WASH_MACH_COM,1,0.1
C-WEU-PRT,2068,WASH_MACH_COM,2,0
C-WEU-PRT,2069,WASH_MACH_COM,1,0.1
C-WEU-PRT,2069,WASH_MACH_COM,2,0
C-WEU-PRT,2070,WASH_MACH_COM,1,0.1
C-WEU-PRT,2070,WASH_MACH_COM,2,0
C-WEU-PRT,2071,WASH_MACH_COM,1,0.1
C-WEU-PRT,2071,WASH_MACH_COM,2,0
C-WEU-PRT,2072,WASH_MACH_COM,1,0.1
C-WEU-PRT,2072,WASH_MACH_COM,2,0
C-WEU-PRT,2073,WASH_MACH_COM,1,0.1
C-WEU-PRT,2073,WASH_MACH_COM,2,0
C-WEU-PRT,2074,WASH_MACH_COM,1,0.1
C-WEU-PRT,2074,WASH_MACH_COM,2,0
C-WEU-PRT,2075,WASH_MACH_COM,1,0.1
C-WEU-PRT,2075,WASH_MACH_COM,2,0
C-WEU-PRT,2076,WASH_MACH_COM,1,0.1
C-WEU-PRT,2076,WASH_MACH_COM,2,0
C-WEU-PRT,2077,WASH_MACH_COM,1,0.1
C-WEU-PRT,2077,WASH_MACH_COM,2,0
C-WEU-PRT,2078,WASH_MACH_COM,1,0.1
C-WEU-PRT,2078,WASH_MACH_COM,2,0
C-WEU-PRT,2079,WASH_MACH_COM,1,0.1
C-WEU-PRT,2079,WASH_MACH_COM,2,0
C-WEU-PRT,2080,WASH_MACH_COM,1,0.1
C-WEU-PRT,2080,WASH_MACH_COM,2,0
C-WEU-PRT,2081,WASH_MACH_COM,1,0.1
C-WEU-PRT,2081,WASH_MACH_COM,2,0
C-WEU-PRT,2082,WASH_MACH_COM,1,0.1
C-WEU-PRT,2082,WASH_MACH_COM,2,0
C-WEU-PRT,2083,WASH_MACH_COM,1,0.1
C-WEU-PRT,2083,WASH_MACH_COM,2,0
C-WEU-PRT,2084,WASH_MACH_COM,1,0.1
C-WEU-PRT,2084,WASH_MACH_COM,2,0
C-WEU-PRT,2085,WASH_MACH_COM,1,0.1
C-WEU-PRT,2085,WASH_MACH_COM,2,0
C-WEU-PRT,2086,WASH_MACH_COM,1,0.1
C-WEU-PRT,2086,WASH_MACH_COM,2,0
C-WEU-PRT,2087,WASH_MACH_COM,1,0.1
C-WEU-PRT,2087,WASH_MACH_COM,2,0
C-WEU-PRT,2088,WASH_MACH_COM,1,0.1
C-WEU-PRT,2088,WASH_MACH_COM,2,0
C-WEU-PRT,2089,WASH_MACH_COM,1,0.1
C-WEU-PRT,2089,WASH_MACH_COM,2,0
C-WEU-PRT,2090,WASH_MACH_COM,1,0.1
C-WEU-PRT,2090,WASH_MACH_COM,2,0
C-WEU-PRT,2091,WASH_MACH_COM,1,0.1
C-WEU-PRT,2091,WASH_MACH_COM,2,0
C-WEU-PRT,2092,WASH_MACH_COM,1,0.1
C-WEU-PRT,2092,WASH_MACH_COM,2,0
C-WEU-PRT,2093,WASH_MACH_COM,1,0.1
C-WEU-PRT,2093,WASH_MACH_COM,2,0
C-WEU-PRT,2094,WASH_MACH_COM,1,0.1
C-WEU-PRT,2094,WASH_MACH_COM,2,0
C-WEU-PRT,2095,WASH_MACH_COM,1,0.1
C-WEU-PRT,2095,WASH_MACH_COM,2,0
C-WEU-PRT,2096,WASH_MACH_COM,1,0.1
C-WEU-PRT,2096,WASH_MACH_COM,2,0
C-WEU-PRT,2097,WASH_MACH_COM,1,0.1
C-WEU-PRT,2097,WASH_MACH_COM,2,0
C-WEU-PRT,2098,WASH_MACH_COM,1,0.1
C-WEU-PRT,2098,WASH_MACH_COM,2,0
C-WEU-PRT,2099,WASH_MACH_COM,1,0.1
C-WEU-PRT,2099,WASH_MACH_COM,2,0
C-WEU-PRT,2100,WASH_MACH_COM,1,0.1
C-WEU-PRT,2100,WASH_MACH_COM,2,0
C-WEU-SWE,2000,WASH_MACH,1,0.03
C-WEU-SWE,2000,WASH_MACH,2,0
C-WEU-SWE,2001,WASH_MACH,1,0.03
C-WEU-SWE,2001,WASH_MACH,2,0
C-WEU-SWE,2002,WASH_MACH,1,0.03
C-WEU-SWE,2002,WASH_MACH,2,0
C-WEU-SWE,2003,WASH_MACH,1,0.03
C-WEU-SWE,2003,WASH_MACH,2,0
C-WEU-SWE,2004,WASH_MACH,1,0.03
C-WEU-SWE,2004,WASH_MACH,2,0
C-WEU-SWE,2005,WASH_MACH,1,0.03
C-WEU-SWE,2005,WASH_MACH,2,0
C-WEU-SWE,2006,WASH_MACH,1,0.03
C-WEU-SWE,2006,WASH_MACH,2,0
C-WEU-SWE,2007,WASH_MACH,1,0.03
C-WEU-SWE,2007,WASH_MACH,2,0
C-WEU-SWE,2008,WASH_MACH,1,0.03
C-WEU-SWE,2008,WASH_MACH,2,0
C-WEU-SWE,2009,WASH_MACH,1,0.03
C-WEU-SWE,2009,WASH_MACH,2,0
C-WEU-SWE,2010,WASH_MACH,1,0.03
C-WEU-SWE,2010,WASH_MACH,2,0
C-WEU-SWE,2011,WASH_MACH,1,0.03
C-WEU-SWE,2011,WASH_MACH,2,0
C-WEU-SWE,2012,WASH_MACH,1,0.03
C-WEU-SWE,2012,WASH_MACH,2,0
C-WEU-SWE,2013,WASH_MACH,1,0.03
C-WEU-SWE,2013,WASH_MACH,2,0
C-WEU-SWE,2014,WASH_MACH,1,0.03
C-WEU-SWE,2014,WASH_MACH,2,0
C-WEU-SWE,2015,WASH_MACH,1,0.03
C-WEU-SWE,2015,WASH_MACH,2,0
C-WEU-SWE,2016,WASH_MACH,1,0.03
C-WEU-SWE,2016,WASH_MACH,2,0
C-WEU-SWE,2017,WASH_MACH,1,0.03
C-WEU-SWE,2017,WASH_MACH,2,0
C-WEU-SWE,2018,WASH_MACH,1,0.03
C-WEU-SWE,2018,WASH_MACH,2,0
C-WEU-SWE,2019,WASH_MACH,1,0.03
C-WEU-SWE,2019,WASH_MACH,2,0
C-WEU-SWE,2020,WASH_MACH,1,0.03
C-WEU-SWE,2020,WASH_MACH,2,0
C-WEU-SWE,2021,WASH_MACH,1,0.03
C-WEU-SWE,2021,WASH_MACH,2,0
C-WEU-SWE,2022,WASH_MACH,1,0.03
C-WEU-SWE,2022,WASH_MACH,2,0
C-WEU-SWE,2023,WASH_MACH,1,0.03
C-WEU-SWE,2023,WASH_MACH,2,0
C-WEU-SWE,2024,WASH_MACH,1,0.03
C-WEU-SWE,2024,WASH_MACH,2,0
C-WEU-SWE,2025,WASH_MACH,1,0.03
C-WEU-SWE,2025,WASH_MACH,2,0
C-WEU-SWE,2026,WASH_MACH,1,0.03
C-WEU-SWE,2026,WASH_MACH,2,0
C-WEU-SWE,2027,WASH_MACH,1,0.03
C-WEU-SWE,2027,WASH_MACH,2,0
C-WEU-SWE,2028,WASH_MACH,1,0.03
C-WEU-SWE,2028,WASH_MACH,2,0
C-WEU-SWE,2029,WASH_MACH,1,0.03
C-WEU-SWE,2029,WASH_MACH,2,0
C-WEU-SWE,2030,WASH_MACH,1,0.1
C-WEU-SWE,2030,WASH_MACH,2,0
C-WEU-SWE,2031,WASH_MACH,1,0.1
C-WEU-SWE,2031,WASH_MACH,2,0
C-WEU-SWE,2032,WASH_MACH,1,0.1
C-WEU-SWE,2032,WASH_MACH,2,0
C-WEU-SWE,2033,WASH_MACH,1,0.1
C-WEU-SWE,2033,WASH_MACH,2,0
C-WEU-SWE,2034,WASH_MACH,1,0.1
C-WEU-SWE,2034,WASH_MACH,2,0
C-WEU-SWE,2035,WASH_MACH,1,0.1
C-WEU-SWE,2035,WASH_MACH,2,0
C-WEU-SWE,2036,WASH_MACH,1,0.1
C-WEU-SWE,2036,WASH_MACH,2,0
C-WEU-SWE,2037,WASH_MACH,1,0.1
C-WEU-SWE,2037,WASH_MACH,2,0
C-WEU-SWE,2038,WASH_MACH,1,0.1
C-WEU-SWE,2038,WASH_MACH,2,0
C-WEU-SWE,2039,WASH_MACH,1,0.1
C-WEU-SWE,2039,WASH_MACH,2,0
C-WEU-SWE,2040,WASH_MACH,1,0.1
C-WEU-SWE,2040,WASH_MACH,2,0
C-WEU-SWE,2041,WASH_MACH,1,0.1
C-WEU-SWE,2041,WASH_MACH,2,0
C-WEU-SWE,2042,WASH_MACH,1,0.1
C-WEU-SWE,2042,WASH_MACH,2,0
C-WEU-SWE,2043,WASH_MACH,1,0.1
C-WEU-SWE,2043,WASH_MACH,2,0
C-WEU-SWE,2044,WASH_MACH,1,0.1
C-WEU-SWE,2044,WASH_MACH,2,0
C-WEU-SWE,2045,WASH_MACH,1,0.1
C-WEU-SWE,2045,WASH_MACH,2,0
C-WEU-SWE,2046,WASH_MACH,1,0.1
C-WEU-SWE,2046,WASH_MACH,2,0
C-WEU-SWE,2047,WASH_MACH,1,0.1
C-WEU-SWE,2047,WASH_MACH,2,0
C-WEU-SWE,2048,WASH_MACH,1,0.1
C-WEU-SWE,2048,WASH_MACH,2,0
C-WEU-SWE,2049,WASH_MACH,1,0.1
C-WEU-SWE,2049,WASH_MACH,2,0
C-WEU-SWE,2050,WASH_MACH,1,0.1
C-WEU-SWE,2050,WASH_MACH,2,0
C-WEU-SWE,2051,WASH_MACH,1,0.1
C-WEU-SWE,2051,WASH_MACH,2,0
C-WEU-SWE,2052,WASH_MACH,1,0.1
C-WEU-SWE,2052,WASH_MACH,2,0
C-WEU-SWE,2053,WASH_MACH,1,0.1
C-WEU-SWE,2053,WASH_MACH,2,0
C-WEU-SWE,2054,WASH_MACH,1,0.1
C-WEU-SWE,2054,WASH_MACH,2,0
C-WEU-SWE,2055,WASH_MACH,1,0.1
C-WEU-SWE,2055,WASH_MACH,2,0
C-WEU-SWE,2056,WASH_MACH,1,0.1
C-WEU-SWE,2056,WASH_MACH,2,0
C-WEU-SWE,2057,WASH_MACH,1,0.1
C-WEU-SWE,2057,WASH_MACH,2,0
C-WEU-SWE,2058,WASH_MACH,1,0.1
C-WEU-SWE,2058,WASH_MACH,2,0
C-WEU-SWE,2059,WASH_MACH,1,0.1
C-WEU-SWE,2059,WASH_MACH,2,0
C-WEU-SWE,2060,WASH_MACH,1,0.1
C-WEU-SWE,2060,WASH_MACH,2,0
C-WEU-SWE,2061,WASH_MACH,1,0.1
C-WEU-SWE,2061,WASH_MACH,2,0
C-WEU-SWE,2062,WASH_MACH,1,0.1
C-WEU-SWE,2062,WASH_MACH,2,0
C-WEU-SWE,2063,WASH_MACH,1,0.1
C-WEU-SWE,2063,WASH_MACH,2,0
C-WEU-SWE,2064,WASH_MACH,1,0.1
C-WEU-SWE,2064,WASH_MACH,2,0
C-WEU-SWE,2065,WASH_MACH,1,0.1
C-WEU-SWE,2065,WASH_MACH,2,0
C-WEU-SWE,2066,WASH_MACH,1,0.1
C-WEU-SWE,2066,WASH_MACH,2,0
C-WEU-SWE,2067,WASH_MACH,1,0.1
C-WEU-SWE,2067,WASH_MACH,2,0
C-WEU-SWE,2068,WASH_MACH,1,0.1
C-WEU-SWE,2068,WASH_MACH,2,0
C-WEU-SWE,2069,WASH_MACH,1,0.1
C-WEU-SWE,2069,WASH_MACH,2,0
C-WEU-SWE,2070,WASH_MACH,1,0.1
C-WEU-SWE,2070,WASH_MACH,2,0
C-WEU-SWE,2071,WASH_MACH,1,0.1
C-WEU-SWE,2071,WASH_MACH,2,0
C-WEU-SWE,2072,WASH_MACH,1,0.1
C-WEU-SWE,2072,WASH_MACH,2,0
C-WEU-SWE,2073,WASH_MACH,1,0.1
C-WEU-SWE,2073,WASH_MACH,2,0
C-WEU-SWE,2074,WASH_MACH,1,0.1
C-WEU-SWE,2074,WASH_MACH,2,0
C-WEU-SWE,2075,WASH_MACH,1,0.1
C-WEU-SWE,2075,WASH_MACH,2,0
C-WEU-SWE,2076,WASH_MACH,1,0.1
C-WEU-SWE,2076,WASH_MACH,2,0
C-WEU-SWE,2077,WASH_MACH,1,0.1
C-WEU-SWE,2077,WASH_MACH,2,0
C-WEU-SWE,2078,WASH_MACH,1,0.1
C-WEU-SWE,2078,WASH_MACH,2,0
C-WEU-SWE,2079,WASH_MACH,1,0.1
C-WEU-SWE,2079,WASH_MACH,2,0
C-WEU-SWE,2080,WASH_MACH,1,0.1
C-WEU-SWE,2080,WASH_MACH,2,0
C-WEU-SWE,2081,WASH_MACH,1,0.1
C-WEU-SWE,2081,WASH_MACH,2,0
C-WEU-SWE,2082,WASH_MACH,1,0.1
C-WEU-SWE,2082,WASH_MACH,2,0
C-WEU-SWE,2083,WASH_MACH,1,0.1
C-WEU-SWE,2083,WASH_MACH,2,0
C-WEU-SWE,2084,WASH_MACH,1,0.1
C-WEU-SWE,2084,WASH_MACH,2,0
C-WEU-SWE,2085,WASH_MACH,1,0.1
C-WEU-SWE,2085,WASH_MACH,2,0
C-WEU-SWE,2086,WASH_MACH,1,0.1
C-WEU-SWE,2086,WASH_MACH,2,0
C-WEU-SWE,2087,WASH_MACH,1,0.1
C-WEU-SWE,2087,WASH_MACH,2,0
C-WEU-SWE,2088,WASH_MACH,1,0.1
C-WEU-SWE,2088,WASH_MACH,2,0
C-WEU-SWE,2089,WASH_MACH,1,0.1
C-WEU-SWE,2089,WASH_MACH,2,0
C-WEU-SWE,2090,WASH_MACH,1,0.1
C-WEU-SWE,2090,WASH_MACH,2,0
C-WEU-SWE,2091,WASH_MACH,1,0.1
C-WEU-SWE,2091,WASH_MACH,2,0
C-WEU-SWE,2092,WASH_MACH,1,0.1
C-WEU-SWE,2092,WASH_MACH,2,0
C-WEU-SWE,2093,WASH_MACH,1,0.1
C-WEU-SWE,2093,WASH_MACH,2,0
C-WEU-SWE,2094,WASH_MACH,1,0.1
C-WEU-SWE,2094,WASH_MACH,2,0
C-WEU-SWE,2095,WASH_MACH,1,0.1
C-WEU-SWE,2095,WASH_MACH,2,0
C-WEU-SWE,2096,WASH_MACH,1,0.1
C-WEU-SWE,2096,WASH_MACH,2,0
C-WEU-SWE,2097,WASH_MACH,1,0.1
C-WEU-SWE,2097,WASH_MACH,2,0
C-WEU-SWE,2098,WASH_MACH,1,0.1
C-WEU-SWE,2098,WASH_MACH,2,0
C-WEU-SWE,2099,WASH_MACH,1,0.1
C-WEU-SWE,2099,WASH_MACH,2,0
C-WEU-SWE,2100,WASH_MACH,1,0.1
C-WEU-SWE,2100,WASH_MACH,2,0
C-WEU-SWE,2000,WASH_MACH_COM,1,0.03
C-WEU-SWE,2000,WASH_MACH_COM,2,0
C-WEU-SWE,2001,WASH_MACH_COM,1,0.03
C-WEU-SWE,2001,WASH_MACH_COM,2,0
C-WEU-SWE,2002,WASH_MACH_COM,1,0.03
C-WEU-SWE,2002,WASH_MACH_COM,2,0
C-WEU-SWE,2003,WASH_MACH_COM,1,0.03
C-WEU-SWE,2003,WASH_MACH_COM,2,0
C-WEU-SWE,2004,WASH_MACH_COM,1,0.03
C-WEU-SWE,2004,WASH_MACH_COM,2,0
C-WEU-SWE,2005,WASH_MACH_COM,1,0.03
C-WEU-SWE,2005,WASH_MACH_COM,2,0
C-WEU-SWE,2006,WASH_MACH_COM,1,0.03
C-WEU-SWE,2006,WASH_MACH_COM,2,0
C-WEU-SWE,2007,WASH_MACH_COM,1,0.03
C-WEU-SWE,2007,WASH_MACH_COM,2,0
C-WEU-SWE,2008,WASH_MACH_COM,1,0.03
C-WEU-SWE,2008,WASH_MACH_COM,2,0
C-WEU-SWE,2009,WASH_MACH_COM,1,0.03
C-WEU-SWE,2009,WASH_MACH_COM,2,0
C-WEU-SWE,2010,WASH_MACH_COM,1,0.03
C-WEU-SWE,2010,WASH_MACH_COM,2,0
C-WEU-SWE,2011,WASH_MACH_COM,1,0.03
C-WEU-SWE,2011,WASH_MACH_COM,2,0
C-WEU-SWE,2012,WASH_MACH_COM,1,0.03
C-WEU-SWE,2012,WASH_MACH_COM,2,0
C-WEU-SWE,2013,WASH_MACH_COM,1,0.03
C-WEU-SWE,2013,WASH_MACH_COM,2,0
C-WEU-SWE,2014,WASH_MACH_COM,1,0.03
C-WEU-SWE,2014,WASH_MACH_COM,2,0
C-WEU-SWE,2015,WASH_MACH_COM,1,0.03
C-WEU-SWE,2015,WASH_MACH_COM,2,0
C-WEU-SWE,2016,WASH_MACH_COM,1,0.03
C-WEU-SWE,2016,WASH_MACH_COM,2,0
C-WEU-SWE,2017,WASH_MACH_COM,1,0.03
C-WEU-SWE,2017,WASH_MACH_COM,2,0
C-WEU-SWE,2018,WASH_MACH_COM,1,0.03
C-WEU-SWE,2018,WASH_MACH_COM,2,0
C-WEU-SWE,2019,WASH_MACH_COM,1,0.03
C-WEU-SWE,2019,WASH_MACH_COM,2,0
C-WEU-SWE,2020,WASH_MACH_COM,1,0.03
C-WEU-SWE,2020,WASH_MACH_COM,2,0
C-WEU-SWE,2021,WASH_MACH_COM,1,0.03
C-WEU-SWE,2021,WASH_MACH_COM,2,0
C-WEU-SWE,2022,WASH_MACH_COM,1,0.03
C-WEU-SWE,2022,WASH_MACH_COM,2,0
C-WEU-SWE,2023,WASH_MACH_COM,1,0.03
C-WEU-SWE,2023,WASH_MACH_COM,2,0
C-WEU-SWE,2024,WASH_MACH_COM,1,0.03
C-WEU-SWE,2024,WASH_MACH_COM,2,0
C-WEU-SWE,2025,WASH_MACH_COM,1,0.03
C-WEU-SWE,2025,WASH_MACH_COM,2,0
C-WEU-SWE,2026,WASH_MACH_COM,1,0.03
C-WEU-SWE,2026,WASH_MACH_COM,2,0
C-WEU-SWE,2027,WASH_MACH_COM,1,0.03
C-WEU-SWE,2027,WASH_MACH_COM,2,0
C-WEU-SWE,2028,WASH_MACH_COM,1,0.03
C-WEU-SWE,2028,WASH_MACH_COM,2,0
C-WEU-SWE,2029,WASH_MACH_COM,1,0.03
C-WEU-SWE,2029,WASH_MACH_COM,2,0
C-WEU-SWE,2030,WASH_MACH_COM,1,0.1
C-WEU-SWE,2030,WASH_MACH_COM,2,0
C-WEU-SWE,2031,WASH_MACH_COM,1,0.1
C-WEU-SWE,2031,WASH_MACH_COM,2,0
C-WEU-SWE,2032,WASH_MACH_COM,1,0.1
C-WEU-SWE,2032,WASH_MACH_COM,2,0
C-WEU-SWE,2033,WASH_MACH_COM,1,0.1
C-WEU-SWE,2033,WASH_MACH_COM,2,0
C-WEU-SWE,2034,WASH_MACH_COM,1,0.1
C-WEU-SWE,2034,WASH_MACH_COM,2,0
C-WEU-SWE,2035,WASH_MACH_COM,1,0.1
C-WEU-SWE,2035,WASH_MACH_COM,2,0
C-WEU-SWE,2036,WASH_MACH_COM,1,0.1
C-WEU-SWE,2036,WASH_MACH_COM,2,0
C-WEU-SWE,2037,WASH_MACH_COM,1,0.1
C-WEU-SWE,2037,WASH_MACH_COM,2,0
C-WEU-SWE,2038,WASH_MACH_COM,1,0.1
C-WEU-SWE,2038,WASH_MACH_COM,2,0
C-WEU-SWE,2039,WASH_MACH_COM,1,0.1
C-WEU-SWE,2039,WASH_MACH_COM,2,0
C-WEU-SWE,2040,WASH_MACH_COM,1,0.1
C-WEU-SWE,2040,WASH_MACH_COM,2,0
C-WEU-SWE,2041,WASH_MACH_COM,1,0.1
C-WEU-SWE,2041,WASH_MACH_COM,2,0
C-WEU-SWE,2042,WASH_MACH_COM,1,0.1
C-WEU-SWE,2042,WASH_MACH_COM,2,0
C-WEU-SWE,2043,WASH_MACH_COM,1,0.1
C-WEU-SWE,2043,WASH_MACH_COM,2,0
C-WEU-SWE,2044,WASH_MACH_COM,1,0.1
C-WEU-SWE,2044,WASH_MACH_COM,2,0
C-WEU-SWE,2045,WASH_MACH_COM,1,0.1
C-WEU-SWE,2045,WASH_MACH_COM,2,0
C-WEU-SWE,2046,WASH_MACH_COM,1,0.1
C-WEU-SWE,2046,WASH_MACH_COM,2,0
C-WEU-SWE,2047,WASH_MACH_COM,1,0.1
C-WEU-SWE,2047,WASH_MACH_COM,2,0
C-WEU-SWE,2048,WASH_MACH_COM,1,0.1
C-WEU-SWE,2048,WASH_MACH_COM,2,0
C-WEU-SWE,2049,WASH_MACH_COM,1,0.1
C-WEU-SWE,2049,WASH_MACH_COM,2,0
C-WEU-SWE,2050,WASH_MACH_COM,1,0.1
C-WEU-SWE,2050,WASH_MACH_COM,2,0
C-WEU-SWE,2051,WASH_MACH_COM,1,0.1
C-WEU-SWE,2051,WASH_MACH_COM,2,0
C-WEU-SWE,2052,WASH_MACH_COM,1,0.1
C-WEU-SWE,2052,WASH_MACH_COM,2,0
C-WEU-SWE,2053,WASH_MACH_COM,1,0.1
C-WEU-SWE,2053,WASH_MACH_COM,2,0
C-WEU-SWE,2054,WASH_MACH_COM,1,0.1
C-WEU-SWE,2054,WASH_MACH_COM,2,0
C-WEU-SWE,2055,WASH_MACH_COM,1,0.1
C-WEU-SWE,2055,WASH_MACH_COM,2,0
C-WEU-SWE,2056,WASH_MACH_COM,1,0.1
C-WEU-SWE,2056,WASH_MACH_COM,2,0
C-WEU-SWE,2057,WASH_MACH_COM,1,0.1
C-WEU-SWE,2057,WASH_MACH_COM,2,0
C-WEU-SWE,2058,WASH_MACH_COM,1,0.1
C-WEU-SWE,2058,WASH_MACH_COM,2,0
C-WEU-SWE,2059,WASH_MACH_COM,1,0.1
C-WEU-SWE,2059,WASH_MACH_COM,2,0
C-WEU-SWE,2060,WASH_MACH_COM,1,0.1
C-WEU-SWE,2060,WASH_MACH_COM,2,0
C-WEU-SWE,2061,WASH_MACH_COM,1,0.1
C-WEU-SWE,2061,WASH_MACH_COM,2,0
C-WEU-SWE,2062,WASH_MACH_COM,1,0.1
C-WEU-SWE,2062,WASH_MACH_COM,2,0
C-WEU-SWE,2063,WASH_MACH_COM,1,0.1
C-WEU-SWE,2063,WASH_MACH_COM,2,0
C-WEU-SWE,2064,WASH_MACH_COM,1,0.1
C-WEU-SWE,2064,WASH_MACH_COM,2,0
C-WEU-SWE,2065,WASH_MACH_COM,1,0.1
C-WEU-SWE,2065,WASH_MACH_COM,2,0
C-WEU-SWE,2066,WASH_MACH_COM,1,0.1
C-WEU-SWE,2066,WASH_MACH_COM,2,0
C-WEU-SWE,2067,WASH_MACH_COM,1,0.1
C-WEU-SWE,2067,WASH_MACH_COM,2,0
C-WEU-SWE,2068,WASH_MACH_COM,1,0.1
C-WEU-SWE,2068,WASH_MACH_COM,2,0
C-WEU-SWE,2069,WASH_MACH_COM,1,0.1
C-WEU-SWE,2069,WASH_MACH_COM,2,0
C-WEU-SWE,2070,WASH_MACH_COM,1,0.1
C-WEU-SWE,2070,WASH_MACH_COM,2,0
C-WEU-SWE,2071,WASH_MACH_COM,1,0.1
C-WEU-SWE,2071,WASH_MACH_COM,2,0
C-WEU-SWE,2072,WASH_MACH_COM,1,0.1
C-WEU-SWE,2072,WASH_MACH_COM,2,0
C-WEU-SWE,2073,WASH_MACH_COM,1,0.1
C-WEU-SWE,2073,WASH_MACH_COM,2,0
C-WEU-SWE,2074,WASH_MACH_COM,1,0.1
C-WEU-SWE,2074,WASH_MACH_COM,2,0
C-WEU-SWE,2075,WASH_MACH_COM,1,0.1
C-WEU-SWE,2075,WASH_MACH_COM,2,0
C-WEU-SWE,2076,WASH_MACH_COM,1,0.1
C-WEU-SWE,2076,WASH_MACH_COM,2,0
C-WEU-SWE,2077,WASH_MACH_COM,1,0.1
C-WEU-SWE,2077,WASH_MACH_COM,2,0
C-WEU-SWE,2078,WASH_MACH_COM,1,0.1
C-WEU-SWE,2078,WASH_MACH_COM,2,0
C-WEU-SWE,2079,WASH_MACH_COM,1,0.1
C-WEU-SWE,2079,WASH_MACH_COM,2,0
C-WEU-SWE,2080,WASH_MACH_COM,1,0.1
C-WEU-SWE,2080,WASH_MACH_COM,2,0
C-WEU-SWE,2081,WASH_MACH_COM,1,0.1
C-WEU-SWE,2081,WASH_MACH_COM,2,0
C-WEU-SWE,2082,WASH_MACH_COM,1,0.1
C-WEU-SWE,2082,WASH_MACH_COM,2,0
C-WEU-SWE,2083,WASH_MACH_COM,1,0.1
C-WEU-SWE,2083,WASH_MACH_COM,2,0
C-WEU-SWE,2084,WASH_MACH_COM,1,0.1
C-WEU-SWE,2084,WASH_MACH_COM,2,0
C-WEU-SWE,2085,WASH_MACH_COM,1,0.1
C-WEU-SWE,2085,WASH_MACH_COM,2,0
C-WEU-SWE,2086,WASH_MACH_COM,1,0.1
C-WEU-SWE,2086,WASH_MACH_COM,2,0
C-WEU-SWE,2087,WASH_MACH_COM,1,0.1
C-WEU-SWE,2087,WASH_MACH_COM,2,0
C-WEU-SWE,2088,WASH_MACH_COM,1,0.1
C-WEU-SWE,2088,WASH_MACH_COM,2,0
C-WEU-SWE,2089,WASH_MACH_COM,1,0.1
C-WEU-SWE,2089,WASH_MACH_COM,2,0
C-WEU-SWE,2090,WASH_MACH_COM,1,0.1
C-WEU-SWE,2090,WASH_MACH_COM,2,0
C-WEU-SWE,2091,WASH_MACH_COM,1,0.1
C-WEU-SWE,2091,WASH_MACH_COM,2,0
C-WEU-SWE,2092,WASH_MACH_COM,1,0.1
C-WEU-SWE,2092,WASH_MACH_COM,2,0
C-WEU-SWE,2093,WASH_MACH_COM,1,0.1
C-WEU-SWE,2093,WASH_MACH_COM,2,0
C-WEU-SWE,2094,WASH_MACH_COM,1,0.1
C-WEU-SWE,2094,WASH_MACH_COM,2,0
C-WEU-SWE,2095,WASH_MACH_COM,1,0.1
C-WEU-SWE,2095,WASH_MACH_COM,2,0
C-WEU-SWE,2096,WASH_MACH_COM,1,0.1
C-WEU-SWE,2096,WASH_MACH_COM,2,0
C-WEU-SWE,2097,WASH_MACH_COM,1,0.1
C-WEU-SWE,2097,WASH_MACH_COM,2,0
C-WEU-SWE,2098,WASH_MACH_COM,1,0.1
C-WEU-SWE,2098,WASH_MACH_COM,2,0
C-WEU-SWE,2099,WASH_MACH_COM,1,0.1
C-WEU-SWE,2099,WASH_MACH_COM,2,0
C-WEU-SWE,2100,WASH_MACH_COM,1,0.1
C-WEU-SWE,2100,WASH_MACH_COM,2,0
R32ANUZ,2000,WASH_MACH,1,0.1
R32ANUZ,2000,WASH_MACH,2,0
R32ANUZ,2001,WASH_MACH,1,0.1
R32ANUZ,2001,WASH_MACH,2,0
R32ANUZ,2002,WASH_MACH,1,0.1
R32ANUZ,2002,WASH_MACH,2,0
R32ANUZ,2003,WASH_MACH,1,0.1
R32ANUZ,2003,WASH_MACH,2,0
R32ANUZ,2004,WASH_MACH,1,0.1
R32ANUZ,2004,WASH_MACH,2,0
R32ANUZ,2005,WASH_MACH,1,0.1
R32ANUZ,2005,WASH_MACH,2,0
R32ANUZ,2006,WASH_MACH,1,0.1
R32ANUZ,2006,WASH_MACH,2,0
R32ANUZ,2007,WASH_MACH,1,0.1
R32ANUZ,2007,WASH_MACH,2,0
R32ANUZ,2008,WASH_MACH,1,0.1
R32ANUZ,2008,WASH_MACH,2,0
R32ANUZ,2009,WASH_MACH,1,0.1
R32ANUZ,2009,WASH_MACH,2,0
R32ANUZ,2010,WASH_MACH,1,0.1
R32ANUZ,2010,WASH_MACH,2,0
R32ANUZ,2011,WASH_MACH,1,0.1
R32ANUZ,2011,WASH_MACH,2,0
R32ANUZ,2012,WASH_MACH,1,0.1
R32ANUZ,2012,WASH_MACH,2,0
R32ANUZ,2013,WASH_MACH,1,0.1
R32ANUZ,2013,WASH_MACH,2,0
R32ANUZ,2014,WASH_MACH,1,0.1
R32ANUZ,2014,WASH_MACH,2,0
R32ANUZ,2015,WASH_MACH,1,0.1
R32ANUZ,2015,WASH_MACH,2,0
R32ANUZ,2016,WASH_MACH,1,0.1
R32ANUZ,2016,WASH_MACH,2,0
R32ANUZ,2017,WASH_MACH,1,0.1
R32ANUZ,2017,WASH_MACH,2,0
R32ANUZ,2018,WASH_MACH,1,0.1
R32ANUZ,2018,WASH_MACH,2,0
R32ANUZ,2019,WASH_MACH,1,0.1
R32ANUZ,2019,WASH_MACH,2,0
R32ANUZ,2020,WASH_MACH,1,0.1
R32ANUZ,2020,WASH_MACH,2,0
R32ANUZ,2021,WASH_MACH,1,0.1
R32ANUZ,2021,WASH_MACH,2,0
R32ANUZ,2022,WASH_MACH,1,0.1
R32ANUZ,2022,WASH_MACH,2,0
R32ANUZ,2023,WASH_MACH,1,0.1
R32ANUZ,2023,WASH_MACH,2,0
R32ANUZ,2024,WASH_MACH,1,0.1
R32ANUZ,2024,WASH_MACH,2,0
R32ANUZ,2025,WASH_MACH,1,0.1
R32ANUZ,2025,WASH_MACH,2,0
R32ANUZ,2026,WASH_MACH,1,0.1
R32ANUZ,2026,WASH_MACH,2,0
R32ANUZ,2027,WASH_MACH,1,0.1
R32ANUZ,2027,WASH_MACH,2,0
R32ANUZ,2028,WASH_MACH,1,0.1
R32ANUZ,2028,WASH_MACH,2,0
R32ANUZ,2029,WASH_MACH,1,0.1
R32ANUZ,2029,WASH_MACH,2,0
R32ANUZ,2030,WASH_MACH,1,0.1
R32ANUZ,2030,WASH_MACH,2,0
R32ANUZ,2031,WASH_MACH,1,0.1
R32ANUZ,2031,WASH_MACH,2,0
R32ANUZ,2032,WASH_MACH,1,0.1
R32ANUZ,2032,WASH_MACH,2,0
R32ANUZ,2033,WASH_MACH,1,0.1
R32ANUZ,2033,WASH_MACH,2,0
R32ANUZ,2034,WASH_MACH,1,0.1
R32ANUZ,2034,WASH_MACH,2,0
R32ANUZ,2035,WASH_MACH,1,0.1
R32ANUZ,2035,WASH_MACH,2,0
R32ANUZ,2036,WASH_MACH,1,0.1
R32ANUZ,2036,WASH_MACH,2,0
R32ANUZ,2037,WASH_MACH,1,0.1
R32ANUZ,2037,WASH_MACH,2,0
R32ANUZ,2038,WASH_MACH,1,0.1
R32ANUZ,2038,WASH_MACH,2,0
R32ANUZ,2039,WASH_MACH,1,0.1
R32ANUZ,2039,WASH_MACH,2,0
R32ANUZ,2040,WASH_MACH,1,0.1
R32ANUZ,2040,WASH_MACH,2,0
R32ANUZ,2041,WASH_MACH,1,0.1
R32ANUZ,2041,WASH_MACH,2,0
R32ANUZ,2042,WASH_MACH,1,0.1
R32ANUZ,2042,WASH_MACH,2,0
R32ANUZ,2043,WASH_MACH,1,0.1
R32ANUZ,2043,WASH_MACH,2,0
R32ANUZ,2044,WASH_MACH,1,0.1
R32ANUZ,2044,WASH_MACH,2,0
R32ANUZ,2045,WASH_MACH,1,0.1
R32ANUZ,2045,WASH_MACH,2,0
R32ANUZ,2046,WASH_MACH,1,0.1
R32ANUZ,2046,WASH_MACH,2,0
R32ANUZ,2047,WASH_MACH,1,0.1
R32ANUZ,2047,WASH_MACH,2,0
R32ANUZ,2048,WASH_MACH,1,0.1
R32ANUZ,2048,WASH_MACH,2,0
R32ANUZ,2049,WASH_MACH,1,0.1
R32ANUZ,2049,WASH_MACH,2,0
R32ANUZ,2050,WASH_MACH,1,0.1
R32ANUZ,2050,WASH_MACH,2,0
R32ANUZ,2051,WASH_MACH,1,0.1
R32ANUZ,2051,WASH_MACH,2,0
R32ANUZ,2052,WASH_MACH,1,0.1
R32ANUZ,2052,WASH_MACH,2,0
R32ANUZ,2053,WASH_MACH,1,0.1
R32ANUZ,2053,WASH_MACH,2,0
R32ANUZ,2054,WASH_MACH,1,0.1
R32ANUZ,2054,WASH_MACH,2,0
R32ANUZ,2055,WASH_MACH,1,0.1
R32ANUZ,2055,WASH_MACH,2,0
R32ANUZ,2056,WASH_MACH,1,0.1
R32ANUZ,2056,WASH_MACH,2,0
R32ANUZ,2057,WASH_MACH,1,0.1
R32ANUZ,2057,WASH_MACH,2,0
R32ANUZ,2058,WASH_MACH,1,0.1
R32ANUZ,2058,WASH_MACH,2,0
R32ANUZ,2059,WASH_MACH,1,0.1
R32ANUZ,2059,WASH_MACH,2,0
R32ANUZ,2060,WASH_MACH,1,0.1
R32ANUZ,2060,WASH_MACH,2,0
R32ANUZ,2061,WASH_MACH,1,0.1
R32ANUZ,2061,WASH_MACH,2,0
R32ANUZ,2062,WASH_MACH,1,0.1
R32ANUZ,2062,WASH_MACH,2,0
R32ANUZ,2063,WASH_MACH,1,0.1
R32ANUZ,2063,WASH_MACH,2,0
R32ANUZ,2064,WASH_MACH,1,0.1
R32ANUZ,2064,WASH_MACH,2,0
R32ANUZ,2065,WASH_MACH,1,0.1
R32ANUZ,2065,WASH_MACH,2,0
R32ANUZ,2066,WASH_MACH,1,0.1
R32ANUZ,2066,WASH_MACH,2,0
R32ANUZ,2067,WASH_MACH,1,0.1
R32ANUZ,2067,WASH_MACH,2,0
R32ANUZ,2068,WASH_MACH,1,0.1
R32ANUZ,2068,WASH_MACH,2,0
R32ANUZ,2069,WASH_MACH,1,0.1
R32ANUZ,2069,WASH_MACH,2,0
R32ANUZ,2070,WASH_MACH,1,0.1
R32ANUZ,2070,WASH_MACH,2,0
R32ANUZ,2071,WASH_MACH,1,0.1
R32ANUZ,2071,WASH_MACH,2,0
R32ANUZ,2072,WASH_MACH,1,0.1
R32ANUZ,2072,WASH_MACH,2,0
R32ANUZ,2073,WASH_MACH,1,0.1
R32ANUZ,2073,WASH_MACH,2,0
R32ANUZ,2074,WASH_MACH,1,0.1
R32ANUZ,2074,WASH_MACH,2,0
R32ANUZ,2075,WASH_MACH,1,0.1
R32ANUZ,2075,WASH_MACH,2,0
R32ANUZ,2076,WASH_MACH,1,0.1
R32ANUZ,2076,WASH_MACH,2,0
R32ANUZ,2077,WASH_MACH,1,0.1
R32ANUZ,2077,WASH_MACH,2,0
R32ANUZ,2078,WASH_MACH,1,0.1
R32ANUZ,2078,WASH_MACH,2,0
R32ANUZ,2079,WASH_MACH,1,0.1
R32ANUZ,2079,WASH_MACH,2,0
R32ANUZ,2080,WASH_MACH,1,0.1
R32ANUZ,2080,WASH_MACH,2,0
R32ANUZ,2081,WASH_MACH,1,0.1
R32ANUZ,2081,WASH_MACH,2,0
R32ANUZ,2082,WASH_MACH,1,0.1
R32ANUZ,2082,WASH_MACH,2,0
R32ANUZ,2083,WASH_MACH,1,0.1
R32ANUZ,2083,WASH_MACH,2,0
R32ANUZ,2084,WASH_MACH,1,0.1
R32ANUZ,2084,WASH_MACH,2,0
R32ANUZ,2085,WASH_MACH,1,0.1
R32ANUZ,2085,WASH_MACH,2,0
R32ANUZ,2086,WASH_MACH,1,0.1
R32ANUZ,2086,WASH_MACH,2,0
R32ANUZ,2087,WASH_MACH,1,0.1
R32ANUZ,2087,WASH_MACH,2,0
R32ANUZ,2088,WASH_MACH,1,0.1
R32ANUZ,2088,WASH_MACH,2,0
R32ANUZ,2089,WASH_MACH,1,0.1
R32ANUZ,2089,WASH_MACH,2,0
R32ANUZ,2090,WASH_MACH,1,0.1
R32ANUZ,2090,WASH_MACH,2,0
R32ANUZ,2091,WASH_MACH,1,0.1
R32ANUZ,2091,WASH_MACH,2,0
R32ANUZ,2092,WASH_MACH,1,0.1
R32ANUZ,2092,WASH_MACH,2,0
R32ANUZ,2093,WASH_MACH,1,0.1
R32ANUZ,2093,WASH_MACH,2,0
R32ANUZ,2094,WASH_MACH,1,0.1
R32ANUZ,2094,WASH_MACH,2,0
R32ANUZ,2095,WASH_MACH,1,0.1
R32ANUZ,2095,WASH_MACH,2,0
R32ANUZ,2096,WASH_MACH,1,0.1
R32ANUZ,2096,WASH_MACH,2,0
R32ANUZ,2097,WASH_MACH,1,0.1
R32ANUZ,2097,WASH_MACH,2,0
R32ANUZ,2098,WASH_MACH,1,0.1
R32ANUZ,2098,WASH_MACH,2,0
R32ANUZ,2099,WASH_MACH,1,0.1
R32ANUZ,2099,WASH_MACH,2,0
R32ANUZ,2100,WASH_MACH,1,0.1
R32ANUZ,2100,WASH_MACH,2,0
R32ANUZ,2000,WASH_MACH_COM,1,0.1
R32ANUZ,2000,WASH_MACH_COM,2,0
R32ANUZ,2001,WASH_MACH_COM,1,0.1
R32ANUZ,2001,WASH_MACH_COM,2,0
R32ANUZ,2002,WASH_MACH_COM,1,0.1
R32ANUZ,2002,WASH_MACH_COM,2,0
R32ANUZ,2003,WASH_MACH_COM,1,0.1
R32ANUZ,2003,WASH_MACH_COM,2,0
R32ANUZ,2004,WASH_MACH_COM,1,0.1
R32ANUZ,2004,WASH_MACH_COM,2,0
R32ANUZ,2005,WASH_MACH_COM,1,0.1
R32ANUZ,2005,WASH_MACH_COM,2,0
R32ANUZ,2006,WASH_MACH_COM,1,0.1
R32ANUZ,2006,WASH_MACH_COM,2,0
R32ANUZ,2007,WASH_MACH_COM,1,0.1
R32ANUZ,2007,WASH_MACH_COM,2,0
R32ANUZ,2008,WASH_MACH_COM,1,0.1
R32ANUZ,2008,WASH_MACH_COM,2,0
R32ANUZ,2009,WASH_MACH_COM,1,0.1
R32ANUZ,2009,WASH_MACH_COM,2,0
R32ANUZ,2010,WASH_MACH_COM,1,0.1
R32ANUZ,2010,WASH_MACH_COM,2,0
R32ANUZ,2011,WASH_MACH_COM,1,0.1
R32ANUZ,2011,WASH_MACH_COM,2,0
R32ANUZ,2012,WASH_MACH_COM,1,0.1
R32ANUZ,2012,WASH_MACH_COM,2,0
R32ANUZ,2013,WASH_MACH_COM,1,0.1
R32ANUZ,2013,WASH_MACH_COM,2,0
R32ANUZ,2014,WASH_MACH_COM,1,0.1
R32ANUZ,2014,WASH_MACH_COM,2,0
R32ANUZ,2015,WASH_MACH_COM,1,0.1
R32ANUZ,2015,WASH_MACH_COM,2,0
R32ANUZ,2016,WASH_MACH_COM,1,0.1
R32ANUZ,2016,WASH_MACH_COM,2,0
R32ANUZ,2017,WASH_MACH_COM,1,0.1
R32ANUZ,2017,WASH_MACH_COM,2,0
R32ANUZ,2018,WASH_MACH_COM,1,0.1
R32ANUZ,2018,WASH_MACH_COM,2,0
R32ANUZ,2019,WASH_MACH_COM,1,0.1
R32ANUZ,2019,WASH_MACH_COM,2,0
R32ANUZ,2020,WASH_MACH_COM,1,0.1
R32ANUZ,2020,WASH_MACH_COM,2,0
R32ANUZ,2021,WASH_MACH_COM,1,0.1
R32ANUZ,2021,WASH_MACH_COM,2,0
R32ANUZ,2022,WASH_MACH_COM,1,0.1
R32ANUZ,2022,WASH_MACH_COM,2,0
R32ANUZ,2023,WASH_MACH_COM,1,0.1
R32ANUZ,2023,WASH_MACH_COM,2,0
R32ANUZ,2024,WASH_MACH_COM,1,0.1
R32ANUZ,2024,WASH_MACH_COM,2,0
R32ANUZ,2025,WASH_MACH_COM,1,0.1
R32ANUZ,2025,WASH_MACH_COM,2,0
R32ANUZ,2026,WASH_MACH_COM,1,0.1
R32ANUZ,2026,WASH_MACH_COM,2,0
R32ANUZ,2027,WASH_MACH_COM,1,0.1
R32ANUZ,2027,WASH_MACH_COM,2,0
R32ANUZ,2028,WASH_MACH_COM,1,0.1
R32ANUZ,2028,WASH_MACH_COM,2,0
R32ANUZ,2029,WASH_MACH_COM,1,0.1
R32ANUZ,2029,WASH_MACH_COM,2,0
R32ANUZ,2030,WASH_MACH_COM,1,0.1
R32ANUZ,2030,WASH_MACH_COM,2,0
R32ANUZ,2031,WASH_MACH_COM,1,0.1
R32ANUZ,2031,WASH_MACH_COM,2,0
R32ANUZ,2032,WASH_MACH_COM,1,0.1
R32ANUZ,2032,WASH_MACH_COM,2,0
R32ANUZ,2033,WASH_MACH_COM,1,0.1
R32ANUZ,2033,WASH_MACH_COM,2,0
R32ANUZ,2034,WASH_MACH_COM,1,0.1
R32ANUZ,2034,WASH_MACH_COM,2,0
R32ANUZ,2035,WASH_MACH_COM,1,0.1
R32ANUZ,2035,WASH_MACH_COM,2,0
R32ANUZ,2036,WASH_MACH_COM,1,0.1
R32ANUZ,2036,WASH_MACH_COM,2,0
R32ANUZ,2037,WASH_MACH_COM,1,0.1
R32ANUZ,2037,WASH_MACH_COM,2,0
R32ANUZ,2038,WASH_MACH_COM,1,0.1
R32ANUZ,2038,WASH_MACH_COM,2,0
R32ANUZ,2039,WASH_MACH_COM,1,0.1
R32ANUZ,2039,WASH_MACH_COM,2,0
R32ANUZ,2040,WASH_MACH_COM,1,0.1
R32ANUZ,2040,WASH_MACH_COM,2,0
R32ANUZ,2041,WASH_MACH_COM,1,0.1
R32ANUZ,2041,WASH_MACH_COM,2,0
R32ANUZ,2042,WASH_MACH_COM,1,0.1
R32ANUZ,2042,WASH_MACH_COM,2,0
R32ANUZ,2043,WASH_MACH_COM,1,0.1
R32ANUZ,2043,WASH_MACH_COM,2,0
R32ANUZ,2044,WASH_MACH_COM,1,0.1
R32ANUZ,2044,WASH_MACH_COM,2,0
R32ANUZ,2045,WASH_MACH_COM,1,0.1
R32ANUZ,2045,WASH_MACH_COM,2,0
R32ANUZ,2046,WASH_MACH_COM,1,0.1
R32ANUZ,2046,WASH_MACH_COM,2,0
R32ANUZ,2047,WASH_MACH_COM,1,0.1
R32ANUZ,2047,WASH_MACH_COM,2,0
R32ANUZ,2048,WASH_MACH_COM,1,0.1
R32ANUZ,2048,WASH_MACH_COM,2,0
R32ANUZ,2049,WASH_MACH_COM,1,0.1
R32ANUZ,2049,WASH_MACH_COM,2,0
R32ANUZ,2050,WASH_MACH_COM,1,0.1
R32ANUZ,2050,WASH_MACH_COM,2,0
R32ANUZ,2051,WASH_MACH_COM,1,0.1
R32ANUZ,2051,WASH_MACH_COM,2,0
R32ANUZ,2052,WASH_MACH_COM,1,0.1
R32ANUZ,2052,WASH_MACH_COM,2,0
R32ANUZ,2053,WASH_MACH_COM,1,0.1
R32ANUZ,2053,WASH_MACH_COM,2,0
R32ANUZ,2054,WASH_MACH_COM,1,0.1
R32ANUZ,2054,WASH_MACH_COM,2,0
R32ANUZ,2055,WASH_MACH_COM,1,0.1
R32ANUZ,2055,WASH_MACH_COM,2,0
R32ANUZ,2056,WASH_MACH_COM,1,0.1
R32ANUZ,2056,WASH_MACH_COM,2,0
R32ANUZ,2057,WASH_MACH_COM,1,0.1
R32ANUZ,2057,WASH_MACH_COM,2,0
R32ANUZ,2058,WASH_MACH_COM,1,0.1
R32ANUZ,2058,WASH_MACH_COM,2,0
R32ANUZ,2059,WASH_MACH_COM,1,0.1
R32ANUZ,2059,WASH_MACH_COM,2,0
R32ANUZ,2060,WASH_MACH_COM,1,0.1
R32ANUZ,2060,WASH_MACH_COM,2,0
R32ANUZ,2061,WASH_MACH_COM,1,0.1
R32ANUZ,2061,WASH_MACH_COM,2,0
R32ANUZ,2062,WASH_MACH_COM,1,0.1
R32ANUZ,2062,WASH_MACH_COM,2,0
R32ANUZ,2063,WASH_MACH_COM,1,0.1
R32ANUZ,2063,WASH_MACH_COM,2,0
R32ANUZ,2064,WASH_MACH_COM,1,0.1
R32ANUZ,2064,WASH_MACH_COM,2,0
R32ANUZ,2065,WASH_MACH_COM,1,0.1
R32ANUZ,2065,WASH_MACH_COM,2,0
R32ANUZ,2066,WASH_MACH_COM,1,0.1
R32ANUZ,2066,WASH_MACH_COM,2,0
R32ANUZ,2067,WASH_MACH_COM,1,0.1
R32ANUZ,2067,WASH_MACH_COM,2,0
R32ANUZ,2068,WASH_MACH_COM,1,0.1
R32ANUZ,2068,WASH_MACH_COM,2,0
R32ANUZ,2069,WASH_MACH_COM,1,0.1
R32ANUZ,2069,WASH_MACH_COM,2,0
R32ANUZ,2070,WASH_MACH_COM,1,0.1
R32ANUZ,2070,WASH_MACH_COM,2,0
R32ANUZ,2071,WASH_MACH_COM,1,0.1
R32ANUZ,2071,WASH_MACH_COM,2,0
R32ANUZ,2072,WASH_MACH_COM,1,0.1
R32ANUZ,2072,WASH_MACH_COM,2,0
R32ANUZ,2073,WASH_MACH_COM,1,0.1
R32ANUZ,2073,WASH_MACH_COM,2,0
R32ANUZ,2074,WASH_MACH_COM,1,0.1
R32ANUZ,2074,WASH_MACH_COM,2,0
R32ANUZ,2075,WASH_MACH_COM,1,0.1
R32ANUZ,2075,WASH_MACH_COM,2,0
R32ANUZ,2076,WASH_MACH_COM,1,0.1
R32ANUZ,2076,WASH_MACH_COM,2,0
R32ANUZ,2077,WASH_MACH_COM,1,0.1
R32ANUZ,2077,WASH_MACH_COM,2,0
R32ANUZ,2078,WASH_MACH_COM,1,0.1
R32ANUZ,2078,WASH_MACH_COM,2,0
R32ANUZ,2079,WASH_MACH_COM,1,0.1
R32ANUZ,2079,WASH_MACH_COM,2,0
R32ANUZ,2080,WASH_MACH_COM,1,0.1
R32ANUZ,2080,WASH_MACH_COM,2,0
R32ANUZ,2081,WASH_MACH_COM,1,0.1
R32ANUZ,2081,WASH_MACH_COM,2,0
R32ANUZ,2082,WASH_MACH_COM,1,0.1
R32ANUZ,2082,WASH_MACH_COM,2,0
R32ANUZ,2083,WASH_MACH_COM,1,0.1
R32ANUZ,2083,WASH_MACH_COM,2,0
R32ANUZ,2084,WASH_MACH_COM,1,0.1
R32ANUZ,2084,WASH_MACH_COM,2,0
R32ANUZ,2085,WASH_MACH_COM,1,0.1
R32ANUZ,2085,WASH_MACH_COM,2,0
R32ANUZ,2086,WASH_MACH_COM,1,0.1
R32ANUZ,2086,WASH_MACH_COM,2,0
R32ANUZ,2087,WASH_MACH_COM,1,0.1
R32ANUZ,2087,WASH_MACH_COM,2,0
R32ANUZ,2088,WASH_MACH_COM,1,0.1
R32ANUZ,2088,WASH_MACH_COM,2,0
R32ANUZ,2089,WASH_MACH_COM,1,0.1
R32ANUZ,2089,WASH_MACH_COM,2,0
R32ANUZ,2090,WASH_MACH_COM,1,0.1
R32ANUZ,2090,WASH_MACH_COM,2,0
R32ANUZ,2091,WASH_MACH_COM,1,0.1
R32ANUZ,2091,WASH_MACH_COM,2,0
R32ANUZ,2092,WASH_MACH_COM,1,0.1
R32ANUZ,2092,WASH_MACH_COM,2,0
R32ANUZ,2093,WASH_MACH_COM,1,0.1
R32ANUZ,2093,WASH_MACH_COM,2,0
R32ANUZ,2094,WASH_MACH_COM,1,0.1
R32ANUZ,2094,WASH_MACH_COM,2,0
R32ANUZ,2095,WASH_MACH_COM,1,0.1
R32ANUZ,2095,WASH_MACH_COM,2,0
R32ANUZ,2096,WASH_MACH_COM,1,0.1
R32ANUZ,2096,WASH_MACH_COM,2,0
R32ANUZ,2097,WASH_MACH_COM,1,0.1
R32ANUZ,2097,WASH_MACH_COM,2,0
R32ANUZ,2098,WASH_MACH_COM,1,0.1
R32ANUZ,2098,WASH_MACH_COM,2,0
R32ANUZ,2099,WASH_MACH_COM,1,0.1
R32ANUZ,2099,WASH_MACH_COM,2,0
R32ANUZ,2100,WASH_MACH_COM,1,0.1
R32ANUZ,2100,WASH_MACH_COM,2,0
R32BRA,2000,WASH_MACH,1,0.1
R32BRA,2000,WASH_MACH,2,0
R32BRA,2001,WASH_MACH,1,0.1
R32BRA,2001,WASH_MACH,2,0
R32BRA,2002,WASH_MACH,1,0.1
R32BRA,2002,WASH_MACH,2,0
R32BRA,2003,WASH_MACH,1,0.1
R32BRA,2003,WASH_MACH,2,0
R32BRA,2004,WASH_MACH,1,0.1
R32BRA,2004,WASH_MACH,2,0
R32BRA,2005,WASH_MACH,1,0.1
R32BRA,2005,WASH_MACH,2,0
R32BRA,2006,WASH_MACH,1,0.1
R32BRA,2006,WASH_MACH,2,0
R32BRA,2007,WASH_MACH,1,0.1
R32BRA,2007,WASH_MACH,2,0
R32BRA,2008,WASH_MACH,1,0.1
R32BRA,2008,WASH_MACH,2,0
R32BRA,2009,WASH_MACH,1,0.1
R32BRA,2009,WASH_MACH,2,0
R32BRA,2010,WASH_MACH,1,0.1
R32BRA,2010,WASH_MACH,2,0
R32BRA,2011,WASH_MACH,1,0.1
R32BRA,2011,WASH_MACH,2,0
R32BRA,2012,WASH_MACH,1,0.1
R32BRA,2012,WASH_MACH,2,0
R32BRA,2013,WASH_MACH,1,0.1
R32BRA,2013,WASH_MACH,2,0
R32BRA,2014,WASH_MACH,1,0.1
R32BRA,2014,WASH_MACH,2,0
R32BRA,2015,WASH_MACH,1,0.1
R32BRA,2015,WASH_MACH,2,0
R32BRA,2016,WASH_MACH,1,0.1
R32BRA,2016,WASH_MACH,2,0
R32BRA,2017,WASH_MACH,1,0.1
R32BRA,2017,WASH_MACH,2,0
R32BRA,2018,WASH_MACH,1,0.1
R32BRA,2018,WASH_MACH,2,0
R32BRA,2019,WASH_MACH,1,0.1
R32BRA,2019,WASH_MACH,2,0
R32BRA,2020,WASH_MACH,1,0.1
R32BRA,2020,WASH_MACH,2,0
R32BRA,2021,WASH_MACH,1,0.1
R32BRA,2021,WASH_MACH,2,0
R32BRA,2022,WASH_MACH,1,0.1
R32BRA,2022,WASH_MACH,2,0
R32BRA,2023,WASH_MACH,1,0.1
R32BRA,2023,WASH_MACH,2,0
R32BRA,2024,WASH_MACH,1,0.1
R32BRA,2024,WASH_MACH,2,0
R32BRA,2025,WASH_MACH,1,0.1
R32BRA,2025,WASH_MACH,2,0
R32BRA,2026,WASH_MACH,1,0.1
R32BRA,2026,WASH_MACH,2,0
R32BRA,2027,WASH_MACH,1,0.1
R32BRA,2027,WASH_MACH,2,0
R32BRA,2028,WASH_MACH,1,0.1
R32BRA,2028,WASH_MACH,2,0
R32BRA,2029,WASH_MACH,1,0.1
R32BRA,2029,WASH_MACH,2,0
R32BRA,2030,WASH_MACH,1,0.1
R32BRA,2030,WASH_MACH,2,0
R32BRA,2031,WASH_MACH,1,0.1
R32BRA,2031,WASH_MACH,2,0
R32BRA,2032,WASH_MACH,1,0.1
R32BRA,2032,WASH_MACH,2,0
R32BRA,2033,WASH_MACH,1,0.1
R32BRA,2033,WASH_MACH,2,0
R32BRA,2034,WASH_MACH,1,0.1
R32BRA,2034,WASH_MACH,2,0
R32BRA,2035,WASH_MACH,1,0.1
R32BRA,2035,WASH_MACH,2,0
R32BRA,2036,WASH_MACH,1,0.1
R32BRA,2036,WASH_MACH,2,0
R32BRA,2037,WASH_MACH,1,0.1
R32BRA,2037,WASH_MACH,2,0
R32BRA,2038,WASH_MACH,1,0.1
R32BRA,2038,WASH_MACH,2,0
R32BRA,2039,WASH_MACH,1,0.1
R32BRA,2039,WASH_MACH,2,0
R32BRA,2040,WASH_MACH,1,0.1
R32BRA,2040,WASH_MACH,2,0
R32BRA,2041,WASH_MACH,1,0.1
R32BRA,2041,WASH_MACH,2,0
R32BRA,2042,WASH_MACH,1,0.1
R32BRA,2042,WASH_MACH,2,0
R32BRA,2043,WASH_MACH,1,0.1
R32BRA,2043,WASH_MACH,2,0
R32BRA,2044,WASH_MACH,1,0.1
R32BRA,2044,WASH_MACH,2,0
R32BRA,2045,WASH_MACH,1,0.1
R32BRA,2045,WASH_MACH,2,0
R32BRA,2046,WASH_MACH,1,0.1
R32BRA,2046,WASH_MACH,2,0
R32BRA,2047,WASH_MACH,1,0.1
R32BRA,2047,WASH_MACH,2,0
R32BRA,2048,WASH_MACH,1,0.1
R32BRA,2048,WASH_MACH,2,0
R32BRA,2049,WASH_MACH,1,0.1
R32BRA,2049,WASH_MACH,2,0
R32BRA,2050,WASH_MACH,1,0.1
R32BRA,2050,WASH_MACH,2,0
R32BRA,2051,WASH_MACH,1,0.1
R32BRA,2051,WASH_MACH,2,0
R32BRA,2052,WASH_MACH,1,0.1
R32BRA,2052,WASH_MACH,2,0
R32BRA,2053,WASH_MACH,1,0.1
R32BRA,2053,WASH_MACH,2,0
R32BRA,2054,WASH_MACH,1,0.1
R32BRA,2054,WASH_MACH,2,0
R32BRA,2055,WASH_MACH,1,0.1
R32BRA,2055,WASH_MACH,2,0
R32BRA,2056,WASH_MACH,1,0.1
R32BRA,2056,WASH_MACH,2,0
R32BRA,2057,WASH_MACH,1,0.1
R32BRA,2057,WASH_MACH,2,0
R32BRA,2058,WASH_MACH,1,0.1
R32BRA,2058,WASH_MACH,2,0
R32BRA,2059,WASH_MACH,1,0.1
R32BRA,2059,WASH_MACH,2,0
R32BRA,2060,WASH_MACH,1,0.1
R32BRA,2060,WASH_MACH,2,0
R32BRA,2061,WASH_MACH,1,0.1
R32BRA,2061,WASH_MACH,2,0
R32BRA,2062,WASH_MACH,1,0.1
R32BRA,2062,WASH_MACH,2,0
R32BRA,2063,WASH_MACH,1,0.1
R32BRA,2063,WASH_MACH,2,0
R32BRA,2064,WASH_MACH,1,0.1
R32BRA,2064,WASH_MACH,2,0
R32BRA,2065,WASH_MACH,1,0.1
R32BRA,2065,WASH_MACH,2,0
R32BRA,2066,WASH_MACH,1,0.1
R32BRA,2066,WASH_MACH,2,0
R32BRA,2067,WASH_MACH,1,0.1
R32BRA,2067,WASH_MACH,2,0
R32BRA,2068,WASH_MACH,1,0.1
R32BRA,2068,WASH_MACH,2,0
R32BRA,2069,WASH_MACH,1,0.1
R32BRA,2069,WASH_MACH,2,0
R32BRA,2070,WASH_MACH,1,0.1
R32BRA,2070,WASH_MACH,2,0
R32BRA,2071,WASH_MACH,1,0.1
R32BRA,2071,WASH_MACH,2,0
R32BRA,2072,WASH_MACH,1,0.1
R32BRA,2072,WASH_MACH,2,0
R32BRA,2073,WASH_MACH,1,0.1
R32BRA,2073,WASH_MACH,2,0
R32BRA,2074,WASH_MACH,1,0.1
R32BRA,2074,WASH_MACH,2,0
R32BRA,2075,WASH_MACH,1,0.1
R32BRA,2075,WASH_MACH,2,0
R32BRA,2076,WASH_MACH,1,0.1
R32BRA,2076,WASH_MACH,2,0
R32BRA,2077,WASH_MACH,1,0.1
R32BRA,2077,WASH_MACH,2,0
R32BRA,2078,WASH_MACH,1,0.1
R32BRA,2078,WASH_MACH,2,0
R32BRA,2079,WASH_MACH,1,0.1
R32BRA,2079,WASH_MACH,2,0
R32BRA,2080,WASH_MACH,1,0.1
R32BRA,2080,WASH_MACH,2,0
R32BRA,2081,WASH_MACH,1,0.1
R32BRA,2081,WASH_MACH,2,0
R32BRA,2082,WASH_MACH,1,0.1
R32BRA,2082,WASH_MACH,2,0
R32BRA,2083,WASH_MACH,1,0.1
R32BRA,2083,WASH_MACH,2,0
R32BRA,2084,WASH_MACH,1,0.1
R32BRA,2084,WASH_MACH,2,0
R32BRA,2085,WASH_MACH,1,0.1
R32BRA,2085,WASH_MACH,2,0
R32BRA,2086,WASH_MACH,1,0.1
R32BRA,2086,WASH_MACH,2,0
R32BRA,2087,WASH_MACH,1,0.1
R32BRA,2087,WASH_MACH,2,0
R32BRA,2088,WASH_MACH,1,0.1
R32BRA,2088,WASH_MACH,2,0
R32BRA,2089,WASH_MACH,1,0.1
R32BRA,2089,WASH_MACH,2,0
R32BRA,2090,WASH_MACH,1,0.1
R32BRA,2090,WASH_MACH,2,0
R32BRA,2091,WASH_MACH,1,0.1
R32BRA,2091,WASH_MACH,2,0
R32BRA,2092,WASH_MACH,1,0.1
R32BRA,2092,WASH_MACH,2,0
R32BRA,2093,WASH_MACH,1,0.1
R32BRA,2093,WASH_MACH,2,0
R32BRA,2094,WASH_MACH,1,0.1
R32BRA,2094,WASH_MACH,2,0
R32BRA,2095,WASH_MACH,1,0.1
R32BRA,2095,WASH_MACH,2,0
R32BRA,2096,WASH_MACH,1,0.1
R32BRA,2096,WASH_MACH,2,0
R32BRA,2097,WASH_MACH,1,0.1
R32BRA,2097,WASH_MACH,2,0
R32BRA,2098,WASH_MACH,1,0.1
R32BRA,2098,WASH_MACH,2,0
R32BRA,2099,WASH_MACH,1,0.1
R32BRA,2099,WASH_MACH,2,0
R32BRA,2100,WASH_MACH,1,0.1
R32BRA,2100,WASH_MACH,2,0
R32BRA,2000,WASH_MACH_COM,1,0.1
R32BRA,2000,WASH_MACH_COM,2,0
R32BRA,2001,WASH_MACH_COM,1,0.1
R32BRA,2001,WASH_MACH_COM,2,0
R32BRA,2002,WASH_MACH_COM,1,0.1
R32BRA,2002,WASH_MACH_COM,2,0
R32BRA,2003,WASH_MACH_COM,1,0.1
R32BRA,2003,WASH_MACH_COM,2,0
R32BRA,2004,WASH_MACH_COM,1,0.1
R32BRA,2004,WASH_MACH_COM,2,0
R32BRA,2005,WASH_MACH_COM,1,0.1
R32BRA,2005,WASH_MACH_COM,2,0
R32BRA,2006,WASH_MACH_COM,1,0.1
R32BRA,2006,WASH_MACH_COM,2,0
R32BRA,2007,WASH_MACH_COM,1,0.1
R32BRA,2007,WASH_MACH_COM,2,0
R32BRA,2008,WASH_MACH_COM,1,0.1
R32BRA,2008,WASH_MACH_COM,2,0
R32BRA,2009,WASH_MACH_COM,1,0.1
R32BRA,2009,WASH_MACH_COM,2,0
R32BRA,2010,WASH_MACH_COM,1,0.1
R32BRA,2010,WASH_MACH_COM,2,0
R32BRA,2011,WASH_MACH_COM,1,0.1
R32BRA,2011,WASH_MACH_COM,2,0
R32BRA,2012,WASH_MACH_COM,1,0.1
R32BRA,2012,WASH_MACH_COM,2,0
R32BRA,2013,WASH_MACH_COM,1,0.1
R32BRA,2013,WASH_MACH_COM,2,0
R32BRA,2014,WASH_MACH_COM,1,0.1
R32BRA,2014,WASH_MACH_COM,2,0
R32BRA,2015,WASH_MACH_COM,1,0.1
R32BRA,2015,WASH_MACH_COM,2,0
R32BRA,2016,WASH_MACH_COM,1,0.1
R32BRA,2016,WASH_MACH_COM,2,0
R32BRA,2017,WASH_MACH_COM,1,0.1
R32BRA,2017,WASH_MACH_COM,2,0
R32BRA,2018,WASH_MACH_COM,1,0.1
R32BRA,2018,WASH_MACH_COM,2,0
R32BRA,2019,WASH_MACH_COM,1,0.1
R32BRA,2019,WASH_MACH_COM,2,0
R32BRA,2020,WASH_MACH_COM,1,0.1
R32BRA,2020,WASH_MACH_COM,2,0
R32BRA,2021,WASH_MACH_COM,1,0.1
R32BRA,2021,WASH_MACH_COM,2,0
R32BRA,2022,WASH_MACH_COM,1,0.1
R32BRA,2022,WASH_MACH_COM,2,0
R32BRA,2023,WASH_MACH_COM,1,0.1
R32BRA,2023,WASH_MACH_COM,2,0
R32BRA,2024,WASH_MACH_COM,1,0.1
R32BRA,2024,WASH_MACH_COM,2,0
R32BRA,2025,WASH_MACH_COM,1,0.1
R32BRA,2025,WASH_MACH_COM,2,0
R32BRA,2026,WASH_MACH_COM,1,0.1
R32BRA,2026,WASH_MACH_COM,2,0
R32BRA,2027,WASH_MACH_COM,1,0.1
R32BRA,2027,WASH_MACH_COM,2,0
R32BRA,2028,WASH_MACH_COM,1,0.1
R32BRA,2028,WASH_MACH_COM,2,0
R32BRA,2029,WASH_MACH_COM,1,0.1
R32BRA,2029,WASH_MACH_COM,2,0
R32BRA,2030,WASH_MACH_COM,1,0.1
R32BRA,2030,WASH_MACH_COM,2,0
R32BRA,2031,WASH_MACH_COM,1,0.1
R32BRA,2031,WASH_MACH_COM,2,0
R32BRA,2032,WASH_MACH_COM,1,0.1
R32BRA,2032,WASH_MACH_COM,2,0
R32BRA,2033,WASH_MACH_COM,1,0.1
R32BRA,2033,WASH_MACH_COM,2,0
R32BRA,2034,WASH_MACH_COM,1,0.1
R32BRA,2034,WASH_MACH_COM,2,0
R32BRA,2035,WASH_MACH_COM,1,0.1
R32BRA,2035,WASH_MACH_COM,2,0
R32BRA,2036,WASH_MACH_COM,1,0.1
R32BRA,2036,WASH_MACH_COM,2,0
R32BRA,2037,WASH_MACH_COM,1,0.1
R32BRA,2037,WASH_MACH_COM,2,0
R32BRA,2038,WASH_MACH_COM,1,0.1
R32BRA,2038,WASH_MACH_COM,2,0
R32BRA,2039,WASH_MACH_COM,1,0.1
R32BRA,2039,WASH_MACH_COM,2,0
R32BRA,2040,WASH_MACH_COM,1,0.1
R32BRA,2040,WASH_MACH_COM,2,0
R32BRA,2041,WASH_MACH_COM,1,0.1
R32BRA,2041,WASH_MACH_COM,2,0
R32BRA,2042,WASH_MACH_COM,1,0.1
R32BRA,2042,WASH_MACH_COM,2,0
R32BRA,2043,WASH_MACH_COM,1,0.1
R32BRA,2043,WASH_MACH_COM,2,0
R32BRA,2044,WASH_MACH_COM,1,0.1
R32BRA,2044,WASH_MACH_COM,2,0
R32BRA,2045,WASH_MACH_COM,1,0.1
R32BRA,2045,WASH_MACH_COM,2,0
R32BRA,2046,WASH_MACH_COM,1,0.1
R32BRA,2046,WASH_MACH_COM,2,0
R32BRA,2047,WASH_MACH_COM,1,0.1
R32BRA,2047,WASH_MACH_COM,2,0
R32BRA,2048,WASH_MACH_COM,1,0.1
R32BRA,2048,WASH_MACH_COM,2,0
R32BRA,2049,WASH_MACH_COM,1,0.1
R32BRA,2049,WASH_MACH_COM,2,0
R32BRA,2050,WASH_MACH_COM,1,0.1
R32BRA,2050,WASH_MACH_COM,2,0
R32BRA,2051,WASH_MACH_COM,1,0.1
R32BRA,2051,WASH_MACH_COM,2,0
R32BRA,2052,WASH_MACH_COM,1,0.1
R32BRA,2052,WASH_MACH_COM,2,0
R32BRA,2053,WASH_MACH_COM,1,0.1
R32BRA,2053,WASH_MACH_COM,2,0
R32BRA,2054,WASH_MACH_COM,1,0.1
R32BRA,2054,WASH_MACH_COM,2,0
R32BRA,2055,WASH_MACH_COM,1,0.1
R32BRA,2055,WASH_MACH_COM,2,0
R32BRA,2056,WASH_MACH_COM,1,0.1
R32BRA,2056,WASH_MACH_COM,2,0
R32BRA,2057,WASH_MACH_COM,1,0.1
R32BRA,2057,WASH_MACH_COM,2,0
R32BRA,2058,WASH_MACH_COM,1,0.1
R32BRA,2058,WASH_MACH_COM,2,0
R32BRA,2059,WASH_MACH_COM,1,0.1
R32BRA,2059,WASH_MACH_COM,2,0
R32BRA,2060,WASH_MACH_COM,1,0.1
R32BRA,2060,WASH_MACH_COM,2,0
R32BRA,2061,WASH_MACH_COM,1,0.1
R32BRA,2061,WASH_MACH_COM,2,0
R32BRA,2062,WASH_MACH_COM,1,0.1
R32BRA,2062,WASH_MACH_COM,2,0
R32BRA,2063,WASH_MACH_COM,1,0.1
R32BRA,2063,WASH_MACH_COM,2,0
R32BRA,2064,WASH_MACH_COM,1,0.1
R32BRA,2064,WASH_MACH_COM,2,0
R32BRA,2065,WASH_MACH_COM,1,0.1
R32BRA,2065,WASH_MACH_COM,2,0
R32BRA,2066,WASH_MACH_COM,1,0.1
R32BRA,2066,WASH_MACH_COM,2,0
R32BRA,2067,WASH_MACH_COM,1,0.1
R32BRA,2067,WASH_MACH_COM,2,0
R32BRA,2068,WASH_MACH_COM,1,0.1
R32BRA,2068,WASH_MACH_COM,2,0
R32BRA,2069,WASH_MACH_COM,1,0.1
R32BRA,2069,WASH_MACH_COM,2,0
R32BRA,2070,WASH_MACH_COM,1,0.1
R32BRA,2070,WASH_MACH_COM,2,0
R32BRA,2071,WASH_MACH_COM,1,0.1
R32BRA,2071,WASH_MACH_COM,2,0
R32BRA,2072,WASH_MACH_COM,1,0.1
R32BRA,2072,WASH_MACH_COM,2,0
R32BRA,2073,WASH_MACH_COM,1,0.1
R32BRA,2073,WASH_MACH_COM,2,0
R32BRA,2074,WASH_MACH_COM,1,0.1
R32BRA,2074,WASH_MACH_COM,2,0
R32BRA,2075,WASH_MACH_COM,1,0.1
R32BRA,2075,WASH_MACH_COM,2,0
R32BRA,2076,WASH_MACH_COM,1,0.1
R32BRA,2076,WASH_MACH_COM,2,0
R32BRA,2077,WASH_MACH_COM,1,0.1
R32BRA,2077,WASH_MACH_COM,2,0
R32BRA,2078,WASH_MACH_COM,1,0.1
R32BRA,2078,WASH_MACH_COM,2,0
R32BRA,2079,WASH_MACH_COM,1,0.1
R32BRA,2079,WASH_MACH_COM,2,0
R32BRA,2080,WASH_MACH_COM,1,0.1
R32BRA,2080,WASH_MACH_COM,2,0
R32BRA,2081,WASH_MACH_COM,1,0.1
R32BRA,2081,WASH_MACH_COM,2,0
R32BRA,2082,WASH_MACH_COM,1,0.1
R32BRA,2082,WASH_MACH_COM,2,0
R32BRA,2083,WASH_MACH_COM,1,0.1
R32BRA,2083,WASH_MACH_COM,2,0
R32BRA,2084,WASH_MACH_COM,1,0.1
R32BRA,2084,WASH_MACH_COM,2,0
R32BRA,2085,WASH_MACH_COM,1,0.1
R32BRA,2085,WASH_MACH_COM,2,0
R32BRA,2086,WASH_MACH_COM,1,0.1
R32BRA,2086,WASH_MACH_COM,2,0
R32BRA,2087,WASH_MACH_COM,1,0.1
R32BRA,2087,WASH_MACH_COM,2,0
R32BRA,2088,WASH_MACH_COM,1,0.1
R32BRA,2088,WASH_MACH_COM,2,0
R32BRA,2089,WASH_MACH_COM,1,0.1
R32BRA,2089,WASH_MACH_COM,2,0
R32BRA,2090,WASH_MACH_COM,1,0.1
R32BRA,2090,WASH_MACH_COM,2,0
R32BRA,2091,WASH_MACH_COM,1,0.1
R32BRA,2091,WASH_MACH_COM,2,0
R32BRA,2092,WASH_MACH_COM,1,0.1
R32BRA,2092,WASH_MACH_COM,2,0
R32BRA,2093,WASH_MACH_COM,1,0.1
R32BRA,2093,WASH_MACH_COM,2,0
R32BRA,2094,WASH_MACH_COM,1,0.1
R32BRA,2094,WASH_MACH_COM,2,0
R32BRA,2095,WASH_MACH_COM,1,0.1
R32BRA,2095,WASH_MACH_COM,2,0
R32BRA,2096,WASH_MACH_COM,1,0.1
R32BRA,2096,WASH_MACH_COM,2,0
R32BRA,2097,WASH_MACH_COM,1,0.1
R32BRA,2097,WASH_MACH_COM,2,0
R32BRA,2098,WASH_MACH_COM,1,0.1
R32BRA,2098,WASH_MACH_COM,2,0
R32BRA,2099,WASH_MACH_COM,1,0.1
R32BRA,2099,WASH_MACH_COM,2,0
R32BRA,2100,WASH_MACH_COM,1,0.1
R32BRA,2100,WASH_MACH_COM,2,0
R32CAN,2000,WASH_MACH,1,0.1
R32CAN,2000,WASH_MACH,2,0
R32CAN,2001,WASH_MACH,1,0.1
R32CAN,2001,WASH_MACH,2,0
R32CAN,2002,WASH_MACH,1,0.1
R32CAN,2002,WASH_MACH,2,0
R32CAN,2003,WASH_MACH,1,0.1
R32CAN,2003,WASH_MACH,2,0
R32CAN,2004,WASH_MACH,1,0.1
R32CAN,2004,WASH_MACH,2,0
R32CAN,2005,WASH_MACH,1,0.1
R32CAN,2005,WASH_MACH,2,0
R32CAN,2006,WASH_MACH,1,0.1
R32CAN,2006,WASH_MACH,2,0
R32CAN,2007,WASH_MACH,1,0.1
R32CAN,2007,WASH_MACH,2,0
R32CAN,2008,WASH_MACH,1,0.1
R32CAN,2008,WASH_MACH,2,0
R32CAN,2009,WASH_MACH,1,0.1
R32CAN,2009,WASH_MACH,2,0
R32CAN,2010,WASH_MACH,1,0.1
R32CAN,2010,WASH_MACH,2,0
R32CAN,2011,WASH_MACH,1,0.1
R32CAN,2011,WASH_MACH,2,0
R32CAN,2012,WASH_MACH,1,0.1
R32CAN,2012,WASH_MACH,2,0
R32CAN,2013,WASH_MACH,1,0.1
R32CAN,2013,WASH_MACH,2,0
R32CAN,2014,WASH_MACH,1,0.1
R32CAN,2014,WASH_MACH,2,0
R32CAN,2015,WASH_MACH,1,0.1
R32CAN,2015,WASH_MACH,2,0
R32CAN,2016,WASH_MACH,1,0.1
R32CAN,2016,WASH_MACH,2,0
R32CAN,2017,WASH_MACH,1,0.1
R32CAN,2017,WASH_MACH,2,0
R32CAN,2018,WASH_MACH,1,0.1
R32CAN,2018,WASH_MACH,2,0
R32CAN,2019,WASH_MACH,1,0.1
R32CAN,2019,WASH_MACH,2,0
R32CAN,2020,WASH_MACH,1,0.1
R32CAN,2020,WASH_MACH,2,0
R32CAN,2021,WASH_MACH,1,0.1
R32CAN,2021,WASH_MACH,2,0
R32CAN,2022,WASH_MACH,1,0.1
R32CAN,2022,WASH_MACH,2,0
R32CAN,2023,WASH_MACH,1,0.1
R32CAN,2023,WASH_MACH,2,0
R32CAN,2024,WASH_MACH,1,0.1
R32CAN,2024,WASH_MACH,2,0
R32CAN,2025,WASH_MACH,1,0.1
R32CAN,2025,WASH_MACH,2,0
R32CAN,2026,WASH_MACH,1,0.1
R32CAN,2026,WASH_MACH,2,0
R32CAN,2027,WASH_MACH,1,0.1
R32CAN,2027,WASH_MACH,2,0
R32CAN,2028,WASH_MACH,1,0.1
R32CAN,2028,WASH_MACH,2,0
R32CAN,2029,WASH_MACH,1,0.1
R32CAN,2029,WASH_MACH,2,0
R32CAN,2030,WASH_MACH,1,0.1
R32CAN,2030,WASH_MACH,2,0
R32CAN,2031,WASH_MACH,1,0.1
R32CAN,2031,WASH_MACH,2,0
R32CAN,2032,WASH_MACH,1,0.1
R32CAN,2032,WASH_MACH,2,0
R32CAN,2033,WASH_MACH,1,0.1
R32CAN,2033,WASH_MACH,2,0
R32CAN,2034,WASH_MACH,1,0.1
R32CAN,2034,WASH_MACH,2,0
R32CAN,2035,WASH_MACH,1,0.1
R32CAN,2035,WASH_MACH,2,0
R32CAN,2036,WASH_MACH,1,0.1
R32CAN,2036,WASH_MACH,2,0
R32CAN,2037,WASH_MACH,1,0.1
R32CAN,2037,WASH_MACH,2,0
R32CAN,2038,WASH_MACH,1,0.1
R32CAN,2038,WASH_MACH,2,0
R32CAN,2039,WASH_MACH,1,0.1
R32CAN,2039,WASH_MACH,2,0
R32CAN,2040,WASH_MACH,1,0.1
R32CAN,2040,WASH_MACH,2,0
R32CAN,2041,WASH_MACH,1,0.1
R32CAN,2041,WASH_MACH,2,0
R32CAN,2042,WASH_MACH,1,0.1
R32CAN,2042,WASH_MACH,2,0
R32CAN,2043,WASH_MACH,1,0.1
R32CAN,2043,WASH_MACH,2,0
R32CAN,2044,WASH_MACH,1,0.1
R32CAN,2044,WASH_MACH,2,0
R32CAN,2045,WASH_MACH,1,0.1
R32CAN,2045,WASH_MACH,2,0
R32CAN,2046,WASH_MACH,1,0.1
R32CAN,2046,WASH_MACH,2,0
R32CAN,2047,WASH_MACH,1,0.1
R32CAN,2047,WASH_MACH,2,0
R32CAN,2048,WASH_MACH,1,0.1
R32CAN,2048,WASH_MACH,2,0
R32CAN,2049,WASH_MACH,1,0.1
R32CAN,2049,WASH_MACH,2,0
R32CAN,2050,WASH_MACH,1,0.1
R32CAN,2050,WASH_MACH,2,0
R32CAN,2051,WASH_MACH,1,0.1
R32CAN,2051,WASH_MACH,2,0
R32CAN,2052,WASH_MACH,1,0.1
R32CAN,2052,WASH_MACH,2,0
R32CAN,2053,WASH_MACH,1,0.1
R32CAN,2053,WASH_MACH,2,0
R32CAN,2054,WASH_MACH,1,0.1
R32CAN,2054,WASH_MACH,2,0
R32CAN,2055,WASH_MACH,1,0.1
R32CAN,2055,WASH_MACH,2,0
R32CAN,2056,WASH_MACH,1,0.1
R32CAN,2056,WASH_MACH,2,0
R32CAN,2057,WASH_MACH,1,0.1
R32CAN,2057,WASH_MACH,2,0
R32CAN,2058,WASH_MACH,1,0.1
R32CAN,2058,WASH_MACH,2,0
R32CAN,2059,WASH_MACH,1,0.1
R32CAN,2059,WASH_MACH,2,0
R32CAN,2060,WASH_MACH,1,0.1
R32CAN,2060,WASH_MACH,2,0
R32CAN,2061,WASH_MACH,1,0.1
R32CAN,2061,WASH_MACH,2,0
R32CAN,2062,WASH_MACH,1,0.1
R32CAN,2062,WASH_MACH,2,0
R32CAN,2063,WASH_MACH,1,0.1
R32CAN,2063,WASH_MACH,2,0
R32CAN,2064,WASH_MACH,1,0.1
R32CAN,2064,WASH_MACH,2,0
R32CAN,2065,WASH_MACH,1,0.1
R32CAN,2065,WASH_MACH,2,0
R32CAN,2066,WASH_MACH,1,0.1
R32CAN,2066,WASH_MACH,2,0
R32CAN,2067,WASH_MACH,1,0.1
R32CAN,2067,WASH_MACH,2,0
R32CAN,2068,WASH_MACH,1,0.1
R32CAN,2068,WASH_MACH,2,0
R32CAN,2069,WASH_MACH,1,0.1
R32CAN,2069,WASH_MACH,2,0
R32CAN,2070,WASH_MACH,1,0.1
R32CAN,2070,WASH_MACH,2,0
R32CAN,2071,WASH_MACH,1,0.1
R32CAN,2071,WASH_MACH,2,0
R32CAN,2072,WASH_MACH,1,0.1
R32CAN,2072,WASH_MACH,2,0
R32CAN,2073,WASH_MACH,1,0.1
R32CAN,2073,WASH_MACH,2,0
R32CAN,2074,WASH_MACH,1,0.1
R32CAN,2074,WASH_MACH,2,0
R32CAN,2075,WASH_MACH,1,0.1
R32CAN,2075,WASH_MACH,2,0
R32CAN,2076,WASH_MACH,1,0.1
R32CAN,2076,WASH_MACH,2,0
R32CAN,2077,WASH_MACH,1,0.1
R32CAN,2077,WASH_MACH,2,0
R32CAN,2078,WASH_MACH,1,0.1
R32CAN,2078,WASH_MACH,2,0
R32CAN,2079,WASH_MACH,1,0.1
R32CAN,2079,WASH_MACH,2,0
R32CAN,2080,WASH_MACH,1,0.1
R32CAN,2080,WASH_MACH,2,0
R32CAN,2081,WASH_MACH,1,0.1
R32CAN,2081,WASH_MACH,2,0
R32CAN,2082,WASH_MACH,1,0.1
R32CAN,2082,WASH_MACH,2,0
R32CAN,2083,WASH_MACH,1,0.1
R32CAN,2083,WASH_MACH,2,0
R32CAN,2084,WASH_MACH,1,0.1
R32CAN,2084,WASH_MACH,2,0
R32CAN,2085,WASH_MACH,1,0.1
R32CAN,2085,WASH_MACH,2,0
R32CAN,2086,WASH_MACH,1,0.1
R32CAN,2086,WASH_MACH,2,0
R32CAN,2087,WASH_MACH,1,0.1
R32CAN,2087,WASH_MACH,2,0
R32CAN,2088,WASH_MACH,1,0.1
R32CAN,2088,WASH_MACH,2,0
R32CAN,2089,WASH_MACH,1,0.1
R32CAN,2089,WASH_MACH,2,0
R32CAN,2090,WASH_MACH,1,0.1
R32CAN,2090,WASH_MACH,2,0
R32CAN,2091,WASH_MACH,1,0.1
R32CAN,2091,WASH_MACH,2,0
R32CAN,2092,WASH_MACH,1,0.1
R32CAN,2092,WASH_MACH,2,0
R32CAN,2093,WASH_MACH,1,0.1
R32CAN,2093,WASH_MACH,2,0
R32CAN,2094,WASH_MACH,1,0.1
R32CAN,2094,WASH_MACH,2,0
R32CAN,2095,WASH_MACH,1,0.1
R32CAN,2095,WASH_MACH,2,0
R32CAN,2096,WASH_MACH,1,0.1
R32CAN,2096,WASH_MACH,2,0
R32CAN,2097,WASH_MACH,1,0.1
R32CAN,2097,WASH_MACH,2,0
R32CAN,2098,WASH_MACH,1,0.1
R32CAN,2098,WASH_MACH,2,0
R32CAN,2099,WASH_MACH,1,0.1
R32CAN,2099,WASH_MACH,2,0
R32CAN,2100,WASH_MACH,1,0.1
R32CAN,2100,WASH_MACH,2,0
R32CAN,2000,WASH_MACH_COM,1,0.1
R32CAN,2000,WASH_MACH_COM,2,0
R32CAN,2001,WASH_MACH_COM,1,0.1
R32CAN,2001,WASH_MACH_COM,2,0
R32CAN,2002,WASH_MACH_COM,1,0.1
R32CAN,2002,WASH_MACH_COM,2,0
R32CAN,2003,WASH_MACH_COM,1,0.1
R32CAN,2003,WASH_MACH_COM,2,0
R32CAN,2004,WASH_MACH_COM,1,0.1
R32CAN,2004,WASH_MACH_COM,2,0
R32CAN,2005,WASH_MACH_COM,1,0.1
R32CAN,2005,WASH_MACH_COM,2,0
R32CAN,2006,WASH_MACH_COM,1,0.1
R32CAN,2006,WASH_MACH_COM,2,0
R32CAN,2007,WASH_MACH_COM,1,0.1
R32CAN,2007,WASH_MACH_COM,2,0
R32CAN,2008,WASH_MACH_COM,1,0.1
R32CAN,2008,WASH_MACH_COM,2,0
R32CAN,2009,WASH_MACH_COM,1,0.1
R32CAN,2009,WASH_MACH_COM,2,0
R32CAN,2010,WASH_MACH_COM,1,0.1
R32CAN,2010,WASH_MACH_COM,2,0
R32CAN,2011,WASH_MACH_COM,1,0.1
R32CAN,2011,WASH_MACH_COM,2,0
R32CAN,2012,WASH_MACH_COM,1,0.1
R32CAN,2012,WASH_MACH_COM,2,0
R32CAN,2013,WASH_MACH_COM,1,0.1
R32CAN,2013,WASH_MACH_COM,2,0
R32CAN,2014,WASH_MACH_COM,1,0.1
R32CAN,2014,WASH_MACH_COM,2,0
R32CAN,2015,WASH_MACH_COM,1,0.1
R32CAN,2015,WASH_MACH_COM,2,0
R32CAN,2016,WASH_MACH_COM,1,0.1
R32CAN,2016,WASH_MACH_COM,2,0
R32CAN,2017,WASH_MACH_COM,1,0.1
R32CAN,2017,WASH_MACH_COM,2,0
R32CAN,2018,WASH_MACH_COM,1,0.1
R32CAN,2018,WASH_MACH_COM,2,0
R32CAN,2019,WASH_MACH_COM,1,0.1
R32CAN,2019,WASH_MACH_COM,2,0
R32CAN,2020,WASH_MACH_COM,1,0.1
R32CAN,2020,WASH_MACH_COM,2,0
R32CAN,2021,WASH_MACH_COM,1,0.1
R32CAN,2021,WASH_MACH_COM,2,0
R32CAN,2022,WASH_MACH_COM,1,0.1
R32CAN,2022,WASH_MACH_COM,2,0
R32CAN,2023,WASH_MACH_COM,1,0.1
R32CAN,2023,WASH_MACH_COM,2,0
R32CAN,2024,WASH_MACH_COM,1,0.1
R32CAN,2024,WASH_MACH_COM,2,0
R32CAN,2025,WASH_MACH_COM,1,0.1
R32CAN,2025,WASH_MACH_COM,2,0
R32CAN,2026,WASH_MACH_COM,1,0.1
R32CAN,2026,WASH_MACH_COM,2,0
R32CAN,2027,WASH_MACH_COM,1,0.1
R32CAN,2027,WASH_MACH_COM,2,0
R32CAN,2028,WASH_MACH_COM,1,0.1
R32CAN,2028,WASH_MACH_COM,2,0
R32CAN,2029,WASH_MACH_COM,1,0.1
R32CAN,2029,WASH_MACH_COM,2,0
R32CAN,2030,WASH_MACH_COM,1,0.1
R32CAN,2030,WASH_MACH_COM,2,0
R32CAN,2031,WASH_MACH_COM,1,0.1
R32CAN,2031,WASH_MACH_COM,2,0
R32CAN,2032,WASH_MACH_COM,1,0.1
R32CAN,2032,WASH_MACH_COM,2,0
R32CAN,2033,WASH_MACH_COM,1,0.1
R32CAN,2033,WASH_MACH_COM,2,0
R32CAN,2034,WASH_MACH_COM,1,0.1
R32CAN,2034,WASH_MACH_COM,2,0
R32CAN,2035,WASH_MACH_COM,1,0.1
R32CAN,2035,WASH_MACH_COM,2,0
R32CAN,2036,WASH_MACH_COM,1,0.1
R32CAN,2036,WASH_MACH_COM,2,0
R32CAN,2037,WASH_MACH_COM,1,0.1
R32CAN,2037,WASH_MACH_COM,2,0
R32CAN,2038,WASH_MACH_COM,1,0.1
R32CAN,2038,WASH_MACH_COM,2,0
R32CAN,2039,WASH_MACH_COM,1,0.1
R32CAN,2039,WASH_MACH_COM,2,0
R32CAN,2040,WASH_MACH_COM,1,0.1
R32CAN,2040,WASH_MACH_COM,2,0
R32CAN,2041,WASH_MACH_COM,1,0.1
R32CAN,2041,WASH_MACH_COM,2,0
R32CAN,2042,WASH_MACH_COM,1,0.1
R32CAN,2042,WASH_MACH_COM,2,0
R32CAN,2043,WASH_MACH_COM,1,0.1
R32CAN,2043,WASH_MACH_COM,2,0
R32CAN,2044,WASH_MACH_COM,1,0.1
R32CAN,2044,WASH_MACH_COM,2,0
R32CAN,2045,WASH_MACH_COM,1,0.1
R32CAN,2045,WASH_MACH_COM,2,0
R32CAN,2046,WASH_MACH_COM,1,0.1
R32CAN,2046,WASH_MACH_COM,2,0
R32CAN,2047,WASH_MACH_COM,1,0.1
R32CAN,2047,WASH_MACH_COM,2,0
R32CAN,2048,WASH_MACH_COM,1,0.1
R32CAN,2048,WASH_MACH_COM,2,0
R32CAN,2049,WASH_MACH_COM,1,0.1
R32CAN,2049,WASH_MACH_COM,2,0
R32CAN,2050,WASH_MACH_COM,1,0.1
R32CAN,2050,WASH_MACH_COM,2,0
R32CAN,2051,WASH_MACH_COM,1,0.1
R32CAN,2051,WASH_MACH_COM,2,0
R32CAN,2052,WASH_MACH_COM,1,0.1
R32CAN,2052,WASH_MACH_COM,2,0
R32CAN,2053,WASH_MACH_COM,1,0.1
R32CAN,2053,WASH_MACH_COM,2,0
R32CAN,2054,WASH_MACH_COM,1,0.1
R32CAN,2054,WASH_MACH_COM,2,0
R32CAN,2055,WASH_MACH_COM,1,0.1
R32CAN,2055,WASH_MACH_COM,2,0
R32CAN,2056,WASH_MACH_COM,1,0.1
R32CAN,2056,WASH_MACH_COM,2,0
R32CAN,2057,WASH_MACH_COM,1,0.1
R32CAN,2057,WASH_MACH_COM,2,0
R32CAN,2058,WASH_MACH_COM,1,0.1
R32CAN,2058,WASH_MACH_COM,2,0
R32CAN,2059,WASH_MACH_COM,1,0.1
R32CAN,2059,WASH_MACH_COM,2,0
R32CAN,2060,WASH_MACH_COM,1,0.1
R32CAN,2060,WASH_MACH_COM,2,0
R32CAN,2061,WASH_MACH_COM,1,0.1
R32CAN,2061,WASH_MACH_COM,2,0
R32CAN,2062,WASH_MACH_COM,1,0.1
R32CAN,2062,WASH_MACH_COM,2,0
R32CAN,2063,WASH_MACH_COM,1,0.1
R32CAN,2063,WASH_MACH_COM,2,0
R32CAN,2064,WASH_MACH_COM,1,0.1
R32CAN,2064,WASH_MACH_COM,2,0
R32CAN,2065,WASH_MACH_COM,1,0.1
R32CAN,2065,WASH_MACH_COM,2,0
R32CAN,2066,WASH_MACH_COM,1,0.1
R32CAN,2066,WASH_MACH_COM,2,0
R32CAN,2067,WASH_MACH_COM,1,0.1
R32CAN,2067,WASH_MACH_COM,2,0
R32CAN,2068,WASH_MACH_COM,1,0.1
R32CAN,2068,WASH_MACH_COM,2,0
R32CAN,2069,WASH_MACH_COM,1,0.1
R32CAN,2069,WASH_MACH_COM,2,0
R32CAN,2070,WASH_MACH_COM,1,0.1
R32CAN,2070,WASH_MACH_COM,2,0
R32CAN,2071,WASH_MACH_COM,1,0.1
R32CAN,2071,WASH_MACH_COM,2,0
R32CAN,2072,WASH_MACH_COM,1,0.1
R32CAN,2072,WASH_MACH_COM,2,0
R32CAN,2073,WASH_MACH_COM,1,0.1
R32CAN,2073,WASH_MACH_COM,2,0
R32CAN,2074,WASH_MACH_COM,1,0.1
R32CAN,2074,WASH_MACH_COM,2,0
R32CAN,2075,WASH_MACH_COM,1,0.1
R32CAN,2075,WASH_MACH_COM,2,0
R32CAN,2076,WASH_MACH_COM,1,0.1
R32CAN,2076,WASH_MACH_COM,2,0
R32CAN,2077,WASH_MACH_COM,1,0.1
R32CAN,2077,WASH_MACH_COM,2,0
R32CAN,2078,WASH_MACH_COM,1,0.1
R32CAN,2078,WASH_MACH_COM,2,0
R32CAN,2079,WASH_MACH_COM,1,0.1
R32CAN,2079,WASH_MACH_COM,2,0
R32CAN,2080,WASH_MACH_COM,1,0.1
R32CAN,2080,WASH_MACH_COM,2,0
R32CAN,2081,WASH_MACH_COM,1,0.1
R32CAN,2081,WASH_MACH_COM,2,0
R32CAN,2082,WASH_MACH_COM,1,0.1
R32CAN,2082,WASH_MACH_COM,2,0
R32CAN,2083,WASH_MACH_COM,1,0.1
R32CAN,2083,WASH_MACH_COM,2,0
R32CAN,2084,WASH_MACH_COM,1,0.1
R32CAN,2084,WASH_MACH_COM,2,0
R32CAN,2085,WASH_MACH_COM,1,0.1
R32CAN,2085,WASH_MACH_COM,2,0
R32CAN,2086,WASH_MACH_COM,1,0.1
R32CAN,2086,WASH_MACH_COM,2,0
R32CAN,2087,WASH_MACH_COM,1,0.1
R32CAN,2087,WASH_MACH_COM,2,0
R32CAN,2088,WASH_MACH_COM,1,0.1
R32CAN,2088,WASH_MACH_COM,2,0
R32CAN,2089,WASH_MACH_COM,1,0.1
R32CAN,2089,WASH_MACH_COM,2,0
R32CAN,2090,WASH_MACH_COM,1,0.1
R32CAN,2090,WASH_MACH_COM,2,0
R32CAN,2091,WASH_MACH_COM,1,0.1
R32CAN,2091,WASH_MACH_COM,2,0
R32CAN,2092,WASH_MACH_COM,1,0.1
R32CAN,2092,WASH_MACH_COM,2,0
R32CAN,2093,WASH_MACH_COM,1,0.1
R32CAN,2093,WASH_MACH_COM,2,0
R32CAN,2094,WASH_MACH_COM,1,0.1
R32CAN,2094,WASH_MACH_COM,2,0
R32CAN,2095,WASH_MACH_COM,1,0.1
R32CAN,2095,WASH_MACH_COM,2,0
R32CAN,2096,WASH_MACH_COM,1,0.1
R32CAN,2096,WASH_MACH_COM,2,0
R32CAN,2097,WASH_MACH_COM,1,0.1
R32CAN,2097,WASH_MACH_COM,2,0
R32CAN,2098,WASH_MACH_COM,1,0.1
R32CAN,2098,WASH_MACH_COM,2,0
R32CAN,2099,WASH_MACH_COM,1,0.1
R32CAN,2099,WASH_MACH_COM,2,0
R32CAN,2100,WASH_MACH_COM,1,0.1
R32CAN,2100,WASH_MACH_COM,2,0
R32CAS-CAU,2000,WASH_MACH,1,0.1
R32CAS-CAU,2000,WASH_MACH,2,0
R32CAS-CAU,2001,WASH_MACH,1,0.1
R32CAS-CAU,2001,WASH_MACH,2,0
R32CAS-CAU,2002,WASH_MACH,1,0.1
R32CAS-CAU,2002,WASH_MACH,2,0
R32CAS-CAU,2003,WASH_MACH,1,0.1
R32CAS-CAU,2003,WASH_MACH,2,0
R32CAS-CAU,2004,WASH_MACH,1,0.1
R32CAS-CAU,2004,WASH_MACH,2,0
R32CAS-CAU,2005,WASH_MACH,1,0.1
R32CAS-CAU,2005,WASH_MACH,2,0
R32CAS-CAU,2006,WASH_MACH,1,0.1
R32CAS-CAU,2006,WASH_MACH,2,0
R32CAS-CAU,2007,WASH_MACH,1,0.1
R32CAS-CAU,2007,WASH_MACH,2,0
R32CAS-CAU,2008,WASH_MACH,1,0.1
R32CAS-CAU,2008,WASH_MACH,2,0
R32CAS-CAU,2009,WASH_MACH,1,0.1
R32CAS-CAU,2009,WASH_MACH,2,0
R32CAS-CAU,2010,WASH_MACH,1,0.1
R32CAS-CAU,2010,WASH_MACH,2,0
R32CAS-CAU,2011,WASH_MACH,1,0.1
R32CAS-CAU,2011,WASH_MACH,2,0
R32CAS-CAU,2012,WASH_MACH,1,0.1
R32CAS-CAU,2012,WASH_MACH,2,0
R32CAS-CAU,2013,WASH_MACH,1,0.1
R32CAS-CAU,2013,WASH_MACH,2,0
R32CAS-CAU,2014,WASH_MACH,1,0.1
R32CAS-CAU,2014,WASH_MACH,2,0
R32CAS-CAU,2015,WASH_MACH,1,0.1
R32CAS-CAU,2015,WASH_MACH,2,0
R32CAS-CAU,2016,WASH_MACH,1,0.1
R32CAS-CAU,2016,WASH_MACH,2,0
R32CAS-CAU,2017,WASH_MACH,1,0.1
R32CAS-CAU,2017,WASH_MACH,2,0
R32CAS-CAU,2018,WASH_MACH,1,0.1
R32CAS-CAU,2018,WASH_MACH,2,0
R32CAS-CAU,2019,WASH_MACH,1,0.1
R32CAS-CAU,2019,WASH_MACH,2,0
R32CAS-CAU,2020,WASH_MACH,1,0.1
R32CAS-CAU,2020,WASH_MACH,2,0
R32CAS-CAU,2021,WASH_MACH,1,0.1
R32CAS-CAU,2021,WASH_MACH,2,0
R32CAS-CAU,2022,WASH_MACH,1,0.1
R32CAS-CAU,2022,WASH_MACH,2,0
R32CAS-CAU,2023,WASH_MACH,1,0.1
R32CAS-CAU,2023,WASH_MACH,2,0
R32CAS-CAU,2024,WASH_MACH,1,0.1
R32CAS-CAU,2024,WASH_MACH,2,0
R32CAS-CAU,2025,WASH_MACH,1,0.1
R32CAS-CAU,2025,WASH_MACH,2,0
R32CAS-CAU,2026,WASH_MACH,1,0.1
R32CAS-CAU,2026,WASH_MACH,2,0
R32CAS-CAU,2027,WASH_MACH,1,0.1
R32CAS-CAU,2027,WASH_MACH,2,0
R32CAS-CAU,2028,WASH_MACH,1,0.1
R32CAS-CAU,2028,WASH_MACH,2,0
R32CAS-CAU,2029,WASH_MACH,1,0.1
R32CAS-CAU,2029,WASH_MACH,2,0
R32CAS-CAU,2030,WASH_MACH,1,0.1
R32CAS-CAU,2030,WASH_MACH,2,0
R32CAS-CAU,2031,WASH_MACH,1,0.1
R32CAS-CAU,2031,WASH_MACH,2,0
R32CAS-CAU,2032,WASH_MACH,1,0.1
R32CAS-CAU,2032,WASH_MACH,2,0
R32CAS-CAU,2033,WASH_MACH,1,0.1
R32CAS-CAU,2033,WASH_MACH,2,0
R32CAS-CAU,2034,WASH_MACH,1,0.1
R32CAS-CAU,2034,WASH_MACH,2,0
R32CAS-CAU,2035,WASH_MACH,1,0.1
R32CAS-CAU,2035,WASH_MACH,2,0
R32CAS-CAU,2036,WASH_MACH,1,0.1
R32CAS-CAU,2036,WASH_MACH,2,0
R32CAS-CAU,2037,WASH_MACH,1,0.1
R32CAS-CAU,2037,WASH_MACH,2,0
R32CAS-CAU,2038,WASH_MACH,1,0.1
R32CAS-CAU,2038,WASH_MACH,2,0
R32CAS-CAU,2039,WASH_MACH,1,0.1
R32CAS-CAU,2039,WASH_MACH,2,0
R32CAS-CAU,2040,WASH_MACH,1,0.1
R32CAS-CAU,2040,WASH_MACH,2,0
R32CAS-CAU,2041,WASH_MACH,1,0.1
R32CAS-CAU,2041,WASH_MACH,2,0
R32CAS-CAU,2042,WASH_MACH,1,0.1
R32CAS-CAU,2042,WASH_MACH,2,0
R32CAS-CAU,2043,WASH_MACH,1,0.1
R32CAS-CAU,2043,WASH_MACH,2,0
R32CAS-CAU,2044,WASH_MACH,1,0.1
R32CAS-CAU,2044,WASH_MACH,2,0
R32CAS-CAU,2045,WASH_MACH,1,0.1
R32CAS-CAU,2045,WASH_MACH,2,0
R32CAS-CAU,2046,WASH_MACH,1,0.1
R32CAS-CAU,2046,WASH_MACH,2,0
R32CAS-CAU,2047,WASH_MACH,1,0.1
R32CAS-CAU,2047,WASH_MACH,2,0
R32CAS-CAU,2048,WASH_MACH,1,0.1
R32CAS-CAU,2048,WASH_MACH,2,0
R32CAS-CAU,2049,WASH_MACH,1,0.1
R32CAS-CAU,2049,WASH_MACH,2,0
R32CAS-CAU,2050,WASH_MACH,1,0.1
R32CAS-CAU,2050,WASH_MACH,2,0
R32CAS-CAU,2051,WASH_MACH,1,0.1
R32CAS-CAU,2051,WASH_MACH,2,0
R32CAS-CAU,2052,WASH_MACH,1,0.1
R32CAS-CAU,2052,WASH_MACH,2,0
R32CAS-CAU,2053,WASH_MACH,1,0.1
R32CAS-CAU,2053,WASH_MACH,2,0
R32CAS-CAU,2054,WASH_MACH,1,0.1
R32CAS-CAU,2054,WASH_MACH,2,0
R32CAS-CAU,2055,WASH_MACH,1,0.1
R32CAS-CAU,2055,WASH_MACH,2,0
R32CAS-CAU,2056,WASH_MACH,1,0.1
R32CAS-CAU,2056,WASH_MACH,2,0
R32CAS-CAU,2057,WASH_MACH,1,0.1
R32CAS-CAU,2057,WASH_MACH,2,0
R32CAS-CAU,2058,WASH_MACH,1,0.1
R32CAS-CAU,2058,WASH_MACH,2,0
R32CAS-CAU,2059,WASH_MACH,1,0.1
R32CAS-CAU,2059,WASH_MACH,2,0
R32CAS-CAU,2060,WASH_MACH,1,0.1
R32CAS-CAU,2060,WASH_MACH,2,0
R32CAS-CAU,2061,WASH_MACH,1,0.1
R32CAS-CAU,2061,WASH_MACH,2,0
R32CAS-CAU,2062,WASH_MACH,1,0.1
R32CAS-CAU,2062,WASH_MACH,2,0
R32CAS-CAU,2063,WASH_MACH,1,0.1
R32CAS-CAU,2063,WASH_MACH,2,0
R32CAS-CAU,2064,WASH_MACH,1,0.1
R32CAS-CAU,2064,WASH_MACH,2,0
R32CAS-CAU,2065,WASH_MACH,1,0.1
R32CAS-CAU,2065,WASH_MACH,2,0
R32CAS-CAU,2066,WASH_MACH,1,0.1
R32CAS-CAU,2066,WASH_MACH,2,0
R32CAS-CAU,2067,WASH_MACH,1,0.1
R32CAS-CAU,2067,WASH_MACH,2,0
R32CAS-CAU,2068,WASH_MACH,1,0.1
R32CAS-CAU,2068,WASH_MACH,2,0
R32CAS-CAU,2069,WASH_MACH,1,0.1
R32CAS-CAU,2069,WASH_MACH,2,0
R32CAS-CAU,2070,WASH_MACH,1,0.1
R32CAS-CAU,2070,WASH_MACH,2,0
R32CAS-CAU,2071,WASH_MACH,1,0.1
R32CAS-CAU,2071,WASH_MACH,2,0
R32CAS-CAU,2072,WASH_MACH,1,0.1
R32CAS-CAU,2072,WASH_MACH,2,0
R32CAS-CAU,2073,WASH_MACH,1,0.1
R32CAS-CAU,2073,WASH_MACH,2,0
R32CAS-CAU,2074,WASH_MACH,1,0.1
R32CAS-CAU,2074,WASH_MACH,2,0
R32CAS-CAU,2075,WASH_MACH,1,0.1
R32CAS-CAU,2075,WASH_MACH,2,0
R32CAS-CAU,2076,WASH_MACH,1,0.1
R32CAS-CAU,2076,WASH_MACH,2,0
R32CAS-CAU,2077,WASH_MACH,1,0.1
R32CAS-CAU,2077,WASH_MACH,2,0
R32CAS-CAU,2078,WASH_MACH,1,0.1
R32CAS-CAU,2078,WASH_MACH,2,0
R32CAS-CAU,2079,WASH_MACH,1,0.1
R32CAS-CAU,2079,WASH_MACH,2,0
R32CAS-CAU,2080,WASH_MACH,1,0.1
R32CAS-CAU,2080,WASH_MACH,2,0
R32CAS-CAU,2081,WASH_MACH,1,0.1
R32CAS-CAU,2081,WASH_MACH,2,0
R32CAS-CAU,2082,WASH_MACH,1,0.1
R32CAS-CAU,2082,WASH_MACH,2,0
R32CAS-CAU,2083,WASH_MACH,1,0.1
R32CAS-CAU,2083,WASH_MACH,2,0
R32CAS-CAU,2084,WASH_MACH,1,0.1
R32CAS-CAU,2084,WASH_MACH,2,0
R32CAS-CAU,2085,WASH_MACH,1,0.1
R32CAS-CAU,2085,WASH_MACH,2,0
R32CAS-CAU,2086,WASH_MACH,1,0.1
R32CAS-CAU,2086,WASH_MACH,2,0
R32CAS-CAU,2087,WASH_MACH,1,0.1
R32CAS-CAU,2087,WASH_MACH,2,0
R32CAS-CAU,2088,WASH_MACH,1,0.1
R32CAS-CAU,2088,WASH_MACH,2,0
R32CAS-CAU,2089,WASH_MACH,1,0.1
R32CAS-CAU,2089,WASH_MACH,2,0
R32CAS-CAU,2090,WASH_MACH,1,0.1
R32CAS-CAU,2090,WASH_MACH,2,0
R32CAS-CAU,2091,WASH_MACH,1,0.1
R32CAS-CAU,2091,WASH_MACH,2,0
R32CAS-CAU,2092,WASH_MACH,1,0.1
R32CAS-CAU,2092,WASH_MACH,2,0
R32CAS-CAU,2093,WASH_MACH,1,0.1
R32CAS-CAU,2093,WASH_MACH,2,0
R32CAS-CAU,2094,WASH_MACH,1,0.1
R32CAS-CAU,2094,WASH_MACH,2,0
R32CAS-CAU,2095,WASH_MACH,1,0.1
R32CAS-CAU,2095,WASH_MACH,2,0
R32CAS-CAU,2096,WASH_MACH,1,0.1
R32CAS-CAU,2096,WASH_MACH,2,0
R32CAS-CAU,2097,WASH_MACH,1,0.1
R32CAS-CAU,2097,WASH_MACH,2,0
R32CAS-CAU,2098,WASH_MACH,1,0.1
R32CAS-CAU,2098,WASH_MACH,2,0
R32CAS-CAU,2099,WASH_MACH,1,0.1
R32CAS-CAU,2099,WASH_MACH,2,0
R32CAS-CAU,2100,WASH_MACH,1,0.1
R32CAS-CAU,2100,WASH_MACH,2,0
R32CAS-CAU,2000,WASH_MACH_COM,1,0.1
R32CAS-CAU,2000,WASH_MACH_COM,2,0
R32CAS-CAU,2001,WASH_MACH_COM,1,0.1
R32CAS-CAU,2001,WASH_MACH_COM,2,0
R32CAS-CAU,2002,WASH_MACH_COM,1,0.1
R32CAS-CAU,2002,WASH_MACH_COM,2,0
R32CAS-CAU,2003,WASH_MACH_COM,1,0.1
R32CAS-CAU,2003,WASH_MACH_COM,2,0
R32CAS-CAU,2004,WASH_MACH_COM,1,0.1
R32CAS-CAU,2004,WASH_MACH_COM,2,0
R32CAS-CAU,2005,WASH_MACH_COM,1,0.1
R32CAS-CAU,2005,WASH_MACH_COM,2,0
R32CAS-CAU,2006,WASH_MACH_COM,1,0.1
R32CAS-CAU,2006,WASH_MACH_COM,2,0
R32CAS-CAU,2007,WASH_MACH_COM,1,0.1
R32CAS-CAU,2007,WASH_MACH_COM,2,0
R32CAS-CAU,2008,WASH_MACH_COM,1,0.1
R32CAS-CAU,2008,WASH_MACH_COM,2,0
R32CAS-CAU,2009,WASH_MACH_COM,1,0.1
R32CAS-CAU,2009,WASH_MACH_COM,2,0
R32CAS-CAU,2010,WASH_MACH_COM,1,0.1
R32CAS-CAU,2010,WASH_MACH_COM,2,0
R32CAS-CAU,2011,WASH_MACH_COM,1,0.1
R32CAS-CAU,2011,WASH_MACH_COM,2,0
R32CAS-CAU,2012,WASH_MACH_COM,1,0.1
R32CAS-CAU,2012,WASH_MACH_COM,2,0
R32CAS-CAU,2013,WASH_MACH_COM,1,0.1
R32CAS-CAU,2013,WASH_MACH_COM,2,0
R32CAS-CAU,2014,WASH_MACH_COM,1,0.1
R32CAS-CAU,2014,WASH_MACH_COM,2,0
R32CAS-CAU,2015,WASH_MACH_COM,1,0.1
R32CAS-CAU,2015,WASH_MACH_COM,2,0
R32CAS-CAU,2016,WASH_MACH_COM,1,0.1
R32CAS-CAU,2016,WASH_MACH_COM,2,0
R32CAS-CAU,2017,WASH_MACH_COM,1,0.1
R32CAS-CAU,2017,WASH_MACH_COM,2,0
R32CAS-CAU,2018,WASH_MACH_COM,1,0.1
R32CAS-CAU,2018,WASH_MACH_COM,2,0
R32CAS-CAU,2019,WASH_MACH_COM,1,0.1
R32CAS-CAU,2019,WASH_MACH_COM,2,0
R32CAS-CAU,2020,WASH_MACH_COM,1,0.1
R32CAS-CAU,2020,WASH_MACH_COM,2,0
R32CAS-CAU,2021,WASH_MACH_COM,1,0.1
R32CAS-CAU,2021,WASH_MACH_COM,2,0
R32CAS-CAU,2022,WASH_MACH_COM,1,0.1
R32CAS-CAU,2022,WASH_MACH_COM,2,0
R32CAS-CAU,2023,WASH_MACH_COM,1,0.1
R32CAS-CAU,2023,WASH_MACH_COM,2,0
R32CAS-CAU,2024,WASH_MACH_COM,1,0.1
R32CAS-CAU,2024,WASH_MACH_COM,2,0
R32CAS-CAU,2025,WASH_MACH_COM,1,0.1
R32CAS-CAU,2025,WASH_MACH_COM,2,0
R32CAS-CAU,2026,WASH_MACH_COM,1,0.1
R32CAS-CAU,2026,WASH_MACH_COM,2,0
R32CAS-CAU,2027,WASH_MACH_COM,1,0.1
R32CAS-CAU,2027,WASH_MACH_COM,2,0
R32CAS-CAU,2028,WASH_MACH_COM,1,0.1
R32CAS-CAU,2028,WASH_MACH_COM,2,0
R32CAS-CAU,2029,WASH_MACH_COM,1,0.1
R32CAS-CAU,2029,WASH_MACH_COM,2,0
R32CAS-CAU,2030,WASH_MACH_COM,1,0.1
R32CAS-CAU,2030,WASH_MACH_COM,2,0
R32CAS-CAU,2031,WASH_MACH_COM,1,0.1
R32CAS-CAU,2031,WASH_MACH_COM,2,0
R32CAS-CAU,2032,WASH_MACH_COM,1,0.1
R32CAS-CAU,2032,WASH_MACH_COM,2,0
R32CAS-CAU,2033,WASH_MACH_COM,1,0.1
R32CAS-CAU,2033,WASH_MACH_COM,2,0
R32CAS-CAU,2034,WASH_MACH_COM,1,0.1
R32CAS-CAU,2034,WASH_MACH_COM,2,0
R32CAS-CAU,2035,WASH_MACH_COM,1,0.1
R32CAS-CAU,2035,WASH_MACH_COM,2,0
R32CAS-CAU,2036,WASH_MACH_COM,1,0.1
R32CAS-CAU,2036,WASH_MACH_COM,2,0
R32CAS-CAU,2037,WASH_MACH_COM,1,0.1
R32CAS-CAU,2037,WASH_MACH_COM,2,0
R32CAS-CAU,2038,WASH_MACH_COM,1,0.1
R32CAS-CAU,2038,WASH_MACH_COM,2,0
R32CAS-CAU,2039,WASH_MACH_COM,1,0.1
R32CAS-CAU,2039,WASH_MACH_COM,2,0
R32CAS-CAU,2040,WASH_MACH_COM,1,0.1
R32CAS-CAU,2040,WASH_MACH_COM,2,0
R32CAS-CAU,2041,WASH_MACH_COM,1,0.1
R32CAS-CAU,2041,WASH_MACH_COM,2,0
R32CAS-CAU,2042,WASH_MACH_COM,1,0.1
R32CAS-CAU,2042,WASH_MACH_COM,2,0
R32CAS-CAU,2043,WASH_MACH_COM,1,0.1
R32CAS-CAU,2043,WASH_MACH_COM,2,0
R32CAS-CAU,2044,WASH_MACH_COM,1,0.1
R32CAS-CAU,2044,WASH_MACH_COM,2,0
R32CAS-CAU,2045,WASH_MACH_COM,1,0.1
R32CAS-CAU,2045,WASH_MACH_COM,2,0
R32CAS-CAU,2046,WASH_MACH_COM,1,0.1
R32CAS-CAU,2046,WASH_MACH_COM,2,0
R32CAS-CAU,2047,WASH_MACH_COM,1,0.1
R32CAS-CAU,2047,WASH_MACH_COM,2,0
R32CAS-CAU,2048,WASH_MACH_COM,1,0.1
R32CAS-CAU,2048,WASH_MACH_COM,2,0
R32CAS-CAU,2049,WASH_MACH_COM,1,0.1
R32CAS-CAU,2049,WASH_MACH_COM,2,0
R32CAS-CAU,2050,WASH_MACH_COM,1,0.1
R32CAS-CAU,2050,WASH_MACH_COM,2,0
R32CAS-CAU,2051,WASH_MACH_COM,1,0.1
R32CAS-CAU,2051,WASH_MACH_COM,2,0
R32CAS-CAU,2052,WASH_MACH_COM,1,0.1
R32CAS-CAU,2052,WASH_MACH_COM,2,0
R32CAS-CAU,2053,WASH_MACH_COM,1,0.1
R32CAS-CAU,2053,WASH_MACH_COM,2,0
R32CAS-CAU,2054,WASH_MACH_COM,1,0.1
R32CAS-CAU,2054,WASH_MACH_COM,2,0
R32CAS-CAU,2055,WASH_MACH_COM,1,0.1
R32CAS-CAU,2055,WASH_MACH_COM,2,0
R32CAS-CAU,2056,WASH_MACH_COM,1,0.1
R32CAS-CAU,2056,WASH_MACH_COM,2,0
R32CAS-CAU,2057,WASH_MACH_COM,1,0.1
R32CAS-CAU,2057,WASH_MACH_COM,2,0
R32CAS-CAU,2058,WASH_MACH_COM,1,0.1
R32CAS-CAU,2058,WASH_MACH_COM,2,0
R32CAS-CAU,2059,WASH_MACH_COM,1,0.1
R32CAS-CAU,2059,WASH_MACH_COM,2,0
R32CAS-CAU,2060,WASH_MACH_COM,1,0.1
R32CAS-CAU,2060,WASH_MACH_COM,2,0
R32CAS-CAU,2061,WASH_MACH_COM,1,0.1
R32CAS-CAU,2061,WASH_MACH_COM,2,0
R32CAS-CAU,2062,WASH_MACH_COM,1,0.1
R32CAS-CAU,2062,WASH_MACH_COM,2,0
R32CAS-CAU,2063,WASH_MACH_COM,1,0.1
R32CAS-CAU,2063,WASH_MACH_COM,2,0
R32CAS-CAU,2064,WASH_MACH_COM,1,0.1
R32CAS-CAU,2064,WASH_MACH_COM,2,0
R32CAS-CAU,2065,WASH_MACH_COM,1,0.1
R32CAS-CAU,2065,WASH_MACH_COM,2,0
R32CAS-CAU,2066,WASH_MACH_COM,1,0.1
R32CAS-CAU,2066,WASH_MACH_COM,2,0
R32CAS-CAU,2067,WASH_MACH_COM,1,0.1
R32CAS-CAU,2067,WASH_MACH_COM,2,0
R32CAS-CAU,2068,WASH_MACH_COM,1,0.1
R32CAS-CAU,2068,WASH_MACH_COM,2,0
R32CAS-CAU,2069,WASH_MACH_COM,1,0.1
R32CAS-CAU,2069,WASH_MACH_COM,2,0
R32CAS-CAU,2070,WASH_MACH_COM,1,0.1
R32CAS-CAU,2070,WASH_MACH_COM,2,0
R32CAS-CAU,2071,WASH_MACH_COM,1,0.1
R32CAS-CAU,2071,WASH_MACH_COM,2,0
R32CAS-CAU,2072,WASH_MACH_COM,1,0.1
R32CAS-CAU,2072,WASH_MACH_COM,2,0
R32CAS-CAU,2073,WASH_MACH_COM,1,0.1
R32CAS-CAU,2073,WASH_MACH_COM,2,0
R32CAS-CAU,2074,WASH_MACH_COM,1,0.1
R32CAS-CAU,2074,WASH_MACH_COM,2,0
R32CAS-CAU,2075,WASH_MACH_COM,1,0.1
R32CAS-CAU,2075,WASH_MACH_COM,2,0
R32CAS-CAU,2076,WASH_MACH_COM,1,0.1
R32CAS-CAU,2076,WASH_MACH_COM,2,0
R32CAS-CAU,2077,WASH_MACH_COM,1,0.1
R32CAS-CAU,2077,WASH_MACH_COM,2,0
R32CAS-CAU,2078,WASH_MACH_COM,1,0.1
R32CAS-CAU,2078,WASH_MACH_COM,2,0
R32CAS-CAU,2079,WASH_MACH_COM,1,0.1
R32CAS-CAU,2079,WASH_MACH_COM,2,0
R32CAS-CAU,2080,WASH_MACH_COM,1,0.1
R32CAS-CAU,2080,WASH_MACH_COM,2,0
R32CAS-CAU,2081,WASH_MACH_COM,1,0.1
R32CAS-CAU,2081,WASH_MACH_COM,2,0
R32CAS-CAU,2082,WASH_MACH_COM,1,0.1
R32CAS-CAU,2082,WASH_MACH_COM,2,0
R32CAS-CAU,2083,WASH_MACH_COM,1,0.1
R32CAS-CAU,2083,WASH_MACH_COM,2,0
R32CAS-CAU,2084,WASH_MACH_COM,1,0.1
R32CAS-CAU,2084,WASH_MACH_COM,2,0
R32CAS-CAU,2085,WASH_MACH_COM,1,0.1
R32CAS-CAU,2085,WASH_MACH_COM,2,0
R32CAS-CAU,2086,WASH_MACH_COM,1,0.1
R32CAS-CAU,2086,WASH_MACH_COM,2,0
R32CAS-CAU,2087,WASH_MACH_COM,1,0.1
R32CAS-CAU,2087,WASH_MACH_COM,2,0
R32CAS-CAU,2088,WASH_MACH_COM,1,0.1
R32CAS-CAU,2088,WASH_MACH_COM,2,0
R32CAS-CAU,2089,WASH_MACH_COM,1,0.1
R32CAS-CAU,2089,WASH_MACH_COM,2,0
R32CAS-CAU,2090,WASH_MACH_COM,1,0.1
R32CAS-CAU,2090,WASH_MACH_COM,2,0
R32CAS-CAU,2091,WASH_MACH_COM,1,0.1
R32CAS-CAU,2091,WASH_MACH_COM,2,0
R32CAS-CAU,2092,WASH_MACH_COM,1,0.1
R32CAS-CAU,2092,WASH_MACH_COM,2,0
R32CAS-CAU,2093,WASH_MACH_COM,1,0.1
R32CAS-CAU,2093,WASH_MACH_COM,2,0
R32CAS-CAU,2094,WASH_MACH_COM,1,0.1
R32CAS-CAU,2094,WASH_MACH_COM,2,0
R32CAS-CAU,2095,WASH_MACH_COM,1,0.1
R32CAS-CAU,2095,WASH_MACH_COM,2,0
R32CAS-CAU,2096,WASH_MACH_COM,1,0.1
R32CAS-CAU,2096,WASH_MACH_COM,2,0
R32CAS-CAU,2097,WASH_MACH_COM,1,0.1
R32CAS-CAU,2097,WASH_MACH_COM,2,0
R32CAS-CAU,2098,WASH_MACH_COM,1,0.1
R32CAS-CAU,2098,WASH_MACH_COM,2,0
R32CAS-CAU,2099,WASH_MACH_COM,1,0.1
R32CAS-CAU,2099,WASH_MACH_COM,2,0
R32CAS-CAU,2100,WASH_MACH_COM,1,0.1
R32CAS-CAU,2100,WASH_MACH_COM,2,0
R32CAS-OTH,2000,WASH_MACH,1,0.1
R32CAS-OTH,2000,WASH_MACH,2,0
R32CAS-OTH,2001,WASH_MACH,1,0.1
R32CAS-OTH,2001,WASH_MACH,2,0
R32CAS-OTH,2002,WASH_MACH,1,0.1
R32CAS-OTH,2002,WASH_MACH,2,0
R32CAS-OTH,2003,WASH_MACH,1,0.1
R32CAS-OTH,2003,WASH_MACH,2,0
R32CAS-OTH,2004,WASH_MACH,1,0.1
R32CAS-OTH,2004,WASH_MACH,2,0
R32CAS-OTH,2005,WASH_MACH,1,0.1
R32CAS-OTH,2005,WASH_MACH,2,0
R32CAS-OTH,2006,WASH_MACH,1,0.1
R32CAS-OTH,2006,WASH_MACH,2,0
R32CAS-OTH,2007,WASH_MACH,1,0.1
R32CAS-OTH,2007,WASH_MACH,2,0
R32CAS-OTH,2008,WASH_MACH,1,0.1
R32CAS-OTH,2008,WASH_MACH,2,0
R32CAS-OTH,2009,WASH_MACH,1,0.1
R32CAS-OTH,2009,WASH_MACH,2,0
R32CAS-OTH,2010,WASH_MACH,1,0.1
R32CAS-OTH,2010,WASH_MACH,2,0
R32CAS-OTH,2011,WASH_MACH,1,0.1
R32CAS-OTH,2011,WASH_MACH,2,0
R32CAS-OTH,2012,WASH_MACH,1,0.1
R32CAS-OTH,2012,WASH_MACH,2,0
R32CAS-OTH,2013,WASH_MACH,1,0.1
R32CAS-OTH,2013,WASH_MACH,2,0
R32CAS-OTH,2014,WASH_MACH,1,0.1
R32CAS-OTH,2014,WASH_MACH,2,0
R32CAS-OTH,2015,WASH_MACH,1,0.1
R32CAS-OTH,2015,WASH_MACH,2,0
R32CAS-OTH,2016,WASH_MACH,1,0.1
R32CAS-OTH,2016,WASH_MACH,2,0
R32CAS-OTH,2017,WASH_MACH,1,0.1
R32CAS-OTH,2017,WASH_MACH,2,0
R32CAS-OTH,2018,WASH_MACH,1,0.1
R32CAS-OTH,2018,WASH_MACH,2,0
R32CAS-OTH,2019,WASH_MACH,1,0.1
R32CAS-OTH,2019,WASH_MACH,2,0
R32CAS-OTH,2020,WASH_MACH,1,0.1
R32CAS-OTH,2020,WASH_MACH,2,0
R32CAS-OTH,2021,WASH_MACH,1,0.1
R32CAS-OTH,2021,WASH_MACH,2,0
R32CAS-OTH,2022,WASH_MACH,1,0.1
R32CAS-OTH,2022,WASH_MACH,2,0
R32CAS-OTH,2023,WASH_MACH,1,0.1
R32CAS-OTH,2023,WASH_MACH,2,0
R32CAS-OTH,2024,WASH_MACH,1,0.1
R32CAS-OTH,2024,WASH_MACH,2,0
R32CAS-OTH,2025,WASH_MACH,1,0.1
R32CAS-OTH,2025,WASH_MACH,2,0
R32CAS-OTH,2026,WASH_MACH,1,0.1
R32CAS-OTH,2026,WASH_MACH,2,0
R32CAS-OTH,2027,WASH_MACH,1,0.1
R32CAS-OTH,2027,WASH_MACH,2,0
R32CAS-OTH,2028,WASH_MACH,1,0.1
R32CAS-OTH,2028,WASH_MACH,2,0
R32CAS-OTH,2029,WASH_MACH,1,0.1
R32CAS-OTH,2029,WASH_MACH,2,0
R32CAS-OTH,2030,WASH_MACH,1,0.1
R32CAS-OTH,2030,WASH_MACH,2,0
R32CAS-OTH,2031,WASH_MACH,1,0.1
R32CAS-OTH,2031,WASH_MACH,2,0
R32CAS-OTH,2032,WASH_MACH,1,0.1
R32CAS-OTH,2032,WASH_MACH,2,0
R32CAS-OTH,2033,WASH_MACH,1,0.1
R32CAS-OTH,2033,WASH_MACH,2,0
R32CAS-OTH,2034,WASH_MACH,1,0.1
R32CAS-OTH,2034,WASH_MACH,2,0
R32CAS-OTH,2035,WASH_MACH,1,0.1
R32CAS-OTH,2035,WASH_MACH,2,0
R32CAS-OTH,2036,WASH_MACH,1,0.1
R32CAS-OTH,2036,WASH_MACH,2,0
R32CAS-OTH,2037,WASH_MACH,1,0.1
R32CAS-OTH,2037,WASH_MACH,2,0
R32CAS-OTH,2038,WASH_MACH,1,0.1
R32CAS-OTH,2038,WASH_MACH,2,0
R32CAS-OTH,2039,WASH_MACH,1,0.1
R32CAS-OTH,2039,WASH_MACH,2,0
R32CAS-OTH,2040,WASH_MACH,1,0.1
R32CAS-OTH,2040,WASH_MACH,2,0
R32CAS-OTH,2041,WASH_MACH,1,0.1
R32CAS-OTH,2041,WASH_MACH,2,0
R32CAS-OTH,2042,WASH_MACH,1,0.1
R32CAS-OTH,2042,WASH_MACH,2,0
R32CAS-OTH,2043,WASH_MACH,1,0.1
R32CAS-OTH,2043,WASH_MACH,2,0
R32CAS-OTH,2044,WASH_MACH,1,0.1
R32CAS-OTH,2044,WASH_MACH,2,0
R32CAS-OTH,2045,WASH_MACH,1,0.1
R32CAS-OTH,2045,WASH_MACH,2,0
R32CAS-OTH,2046,WASH_MACH,1,0.1
R32CAS-OTH,2046,WASH_MACH,2,0
R32CAS-OTH,2047,WASH_MACH,1,0.1
R32CAS-OTH,2047,WASH_MACH,2,0
R32CAS-OTH,2048,WASH_MACH,1,0.1
R32CAS-OTH,2048,WASH_MACH,2,0
R32CAS-OTH,2049,WASH_MACH,1,0.1
R32CAS-OTH,2049,WASH_MACH,2,0
R32CAS-OTH,2050,WASH_MACH,1,0.1
R32CAS-OTH,2050,WASH_MACH,2,0
R32CAS-OTH,2051,WASH_MACH,1,0.1
R32CAS-OTH,2051,WASH_MACH,2,0
R32CAS-OTH,2052,WASH_MACH,1,0.1
R32CAS-OTH,2052,WASH_MACH,2,0
R32CAS-OTH,2053,WASH_MACH,1,0.1
R32CAS-OTH,2053,WASH_MACH,2,0
R32CAS-OTH,2054,WASH_MACH,1,0.1
R32CAS-OTH,2054,WASH_MACH,2,0
R32CAS-OTH,2055,WASH_MACH,1,0.1
R32CAS-OTH,2055,WASH_MACH,2,0
R32CAS-OTH,2056,WASH_MACH,1,0.1
R32CAS-OTH,2056,WASH_MACH,2,0
R32CAS-OTH,2057,WASH_MACH,1,0.1
R32CAS-OTH,2057,WASH_MACH,2,0
R32CAS-OTH,2058,WASH_MACH,1,0.1
R32CAS-OTH,2058,WASH_MACH,2,0
R32CAS-OTH,2059,WASH_MACH,1,0.1
R32CAS-OTH,2059,WASH_MACH,2,0
R32CAS-OTH,2060,WASH_MACH,1,0.1
R32CAS-OTH,2060,WASH_MACH,2,0
R32CAS-OTH,2061,WASH_MACH,1,0.1
R32CAS-OTH,2061,WASH_MACH,2,0
R32CAS-OTH,2062,WASH_MACH,1,0.1
R32CAS-OTH,2062,WASH_MACH,2,0
R32CAS-OTH,2063,WASH_MACH,1,0.1
R32CAS-OTH,2063,WASH_MACH,2,0
R32CAS-OTH,2064,WASH_MACH,1,0.1
R32CAS-OTH,2064,WASH_MACH,2,0
R32CAS-OTH,2065,WASH_MACH,1,0.1
R32CAS-OTH,2065,WASH_MACH,2,0
R32CAS-OTH,2066,WASH_MACH,1,0.1
R32CAS-OTH,2066,WASH_MACH,2,0
R32CAS-OTH,2067,WASH_MACH,1,0.1
R32CAS-OTH,2067,WASH_MACH,2,0
R32CAS-OTH,2068,WASH_MACH,1,0.1
R32CAS-OTH,2068,WASH_MACH,2,0
R32CAS-OTH,2069,WASH_MACH,1,0.1
R32CAS-OTH,2069,WASH_MACH,2,0
R32CAS-OTH,2070,WASH_MACH,1,0.1
R32CAS-OTH,2070,WASH_MACH,2,0
R32CAS-OTH,2071,WASH_MACH,1,0.1
R32CAS-OTH,2071,WASH_MACH,2,0
R32CAS-OTH,2072,WASH_MACH,1,0.1
R32CAS-OTH,2072,WASH_MACH,2,0
R32CAS-OTH,2073,WASH_MACH,1,0.1
R32CAS-OTH,2073,WASH_MACH,2,0
R32CAS-OTH,2074,WASH_MACH,1,0.1
R32CAS-OTH,2074,WASH_MACH,2,0
R32CAS-OTH,2075,WASH_MACH,1,0.1
R32CAS-OTH,2075,WASH_MACH,2,0
R32CAS-OTH,2076,WASH_MACH,1,0.1
R32CAS-OTH,2076,WASH_MACH,2,0
R32CAS-OTH,2077,WASH_MACH,1,0.1
R32CAS-OTH,2077,WASH_MACH,2,0
R32CAS-OTH,2078,WASH_MACH,1,0.1
R32CAS-OTH,2078,WASH_MACH,2,0
R32CAS-OTH,2079,WASH_MACH,1,0.1
R32CAS-OTH,2079,WASH_MACH,2,0
R32CAS-OTH,2080,WASH_MACH,1,0.1
R32CAS-OTH,2080,WASH_MACH,2,0
R32CAS-OTH,2081,WASH_MACH,1,0.1
R32CAS-OTH,2081,WASH_MACH,2,0
R32CAS-OTH,2082,WASH_MACH,1,0.1
R32CAS-OTH,2082,WASH_MACH,2,0
R32CAS-OTH,2083,WASH_MACH,1,0.1
R32CAS-OTH,2083,WASH_MACH,2,0
R32CAS-OTH,2084,WASH_MACH,1,0.1
R32CAS-OTH,2084,WASH_MACH,2,0
R32CAS-OTH,2085,WASH_MACH,1,0.1
R32CAS-OTH,2085,WASH_MACH,2,0
R32CAS-OTH,2086,WASH_MACH,1,0.1
R32CAS-OTH,2086,WASH_MACH,2,0
R32CAS-OTH,2087,WASH_MACH,1,0.1
R32CAS-OTH,2087,WASH_MACH,2,0
R32CAS-OTH,2088,WASH_MACH,1,0.1
R32CAS-OTH,2088,WASH_MACH,2,0
R32CAS-OTH,2089,WASH_MACH,1,0.1
R32CAS-OTH,2089,WASH_MACH,2,0
R32CAS-OTH,2090,WASH_MACH,1,0.1
R32CAS-OTH,2090,WASH_MACH,2,0
R32CAS-OTH,2091,WASH_MACH,1,0.1
R32CAS-OTH,2091,WASH_MACH,2,0
R32CAS-OTH,2092,WASH_MACH,1,0.1
R32CAS-OTH,2092,WASH_MACH,2,0
R32CAS-OTH,2093,WASH_MACH,1,0.1
R32CAS-OTH,2093,WASH_MACH,2,0
R32CAS-OTH,2094,WASH_MACH,1,0.1
R32CAS-OTH,2094,WASH_MACH,2,0
R32CAS-OTH,2095,WASH_MACH,1,0.1
R32CAS-OTH,2095,WASH_MACH,2,0
R32CAS-OTH,2096,WASH_MACH,1,0.1
R32CAS-OTH,2096,WASH_MACH,2,0
R32CAS-OTH,2097,WASH_MACH,1,0.1
R32CAS-OTH,2097,WASH_MACH,2,0
R32CAS-OTH,2098,WASH_MACH,1,0.1
R32CAS-OTH,2098,WASH_MACH,2,0
R32CAS-OTH,2099,WASH_MACH,1,0.1
R32CAS-OTH,2099,WASH_MACH,2,0
R32CAS-OTH,2100,WASH_MACH,1,0.1
R32CAS-OTH,2100,WASH_MACH,2,0
R32CAS-OTH,2000,WASH_MACH_COM,1,0.1
R32CAS-OTH,2000,WASH_MACH_COM,2,0
R32CAS-OTH,2001,WASH_MACH_COM,1,0.1
R32CAS-OTH,2001,WASH_MACH_COM,2,0
R32CAS-OTH,2002,WASH_MACH_COM,1,0.1
R32CAS-OTH,2002,WASH_MACH_COM,2,0
R32CAS-OTH,2003,WASH_MACH_COM,1,0.1
R32CAS-OTH,2003,WASH_MACH_COM,2,0
R32CAS-OTH,2004,WASH_MACH_COM,1,0.1
R32CAS-OTH,2004,WASH_MACH_COM,2,0
R32CAS-OTH,2005,WASH_MACH_COM,1,0.1
R32CAS-OTH,2005,WASH_MACH_COM,2,0
R32CAS-OTH,2006,WASH_MACH_COM,1,0.1
R32CAS-OTH,2006,WASH_MACH_COM,2,0
R32CAS-OTH,2007,WASH_MACH_COM,1,0.1
R32CAS-OTH,2007,WASH_MACH_COM,2,0
R32CAS-OTH,2008,WASH_MACH_COM,1,0.1
R32CAS-OTH,2008,WASH_MACH_COM,2,0
R32CAS-OTH,2009,WASH_MACH_COM,1,0.1
R32CAS-OTH,2009,WASH_MACH_COM,2,0
R32CAS-OTH,2010,WASH_MACH_COM,1,0.1
R32CAS-OTH,2010,WASH_MACH_COM,2,0
R32CAS-OTH,2011,WASH_MACH_COM,1,0.1
R32CAS-OTH,2011,WASH_MACH_COM,2,0
R32CAS-OTH,2012,WASH_MACH_COM,1,0.1
R32CAS-OTH,2012,WASH_MACH_COM,2,0
R32CAS-OTH,2013,WASH_MACH_COM,1,0.1
R32CAS-OTH,2013,WASH_MACH_COM,2,0
R32CAS-OTH,2014,WASH_MACH_COM,1,0.1
R32CAS-OTH,2014,WASH_MACH_COM,2,0
R32CAS-OTH,2015,WASH_MACH_COM,1,0.1
R32CAS-OTH,2015,WASH_MACH_COM,2,0
R32CAS-OTH,2016,WASH_MACH_COM,1,0.1
R32CAS-OTH,2016,WASH_MACH_COM,2,0
R32CAS-OTH,2017,WASH_MACH_COM,1,0.1
R32CAS-OTH,2017,WASH_MACH_COM,2,0
R32CAS-OTH,2018,WASH_MACH_COM,1,0.1
R32CAS-OTH,2018,WASH_MACH_COM,2,0
R32CAS-OTH,2019,WASH_MACH_COM,1,0.1
R32CAS-OTH,2019,WASH_MACH_COM,2,0
R32CAS-OTH,2020,WASH_MACH_COM,1,0.1
R32CAS-OTH,2020,WASH_MACH_COM,2,0
R32CAS-OTH,2021,WASH_MACH_COM,1,0.1
R32CAS-OTH,2021,WASH_MACH_COM,2,0
R32CAS-OTH,2022,WASH_MACH_COM,1,0.1
R32CAS-OTH,2022,WASH_MACH_COM,2,0
R32CAS-OTH,2023,WASH_MACH_COM,1,0.1
R32CAS-OTH,2023,WASH_MACH_COM,2,0
R32CAS-OTH,2024,WASH_MACH_COM,1,0.1
R32CAS-OTH,2024,WASH_MACH_COM,2,0
R32CAS-OTH,2025,WASH_MACH_COM,1,0.1
R32CAS-OTH,2025,WASH_MACH_COM,2,0
R32CAS-OTH,2026,WASH_MACH_COM,1,0.1
R32CAS-OTH,2026,WASH_MACH_COM,2,0
R32CAS-OTH,2027,WASH_MACH_COM,1,0.1
R32CAS-OTH,2027,WASH_MACH_COM,2,0
R32CAS-OTH,2028,WASH_MACH_COM,1,0.1
R32CAS-OTH,2028,WASH_MACH_COM,2,0
R32CAS-OTH,2029,WASH_MACH_COM,1,0.1
R32CAS-OTH,2029,WASH_MACH_COM,2,0
R32CAS-OTH,2030,WASH_MACH_COM,1,0.1
R32CAS-OTH,2030,WASH_MACH_COM,2,0
R32CAS-OTH,2031,WASH_MACH_COM,1,0.1
R32CAS-OTH,2031,WASH_MACH_COM,2,0
R32CAS-OTH,2032,WASH_MACH_COM,1,0.1
R32CAS-OTH,2032,WASH_MACH_COM,2,0
R32CAS-OTH,2033,WASH_MACH_COM,1,0.1
R32CAS-OTH,2033,WASH_MACH_COM,2,0
R32CAS-OTH,2034,WASH_MACH_COM,1,0.1
R32CAS-OTH,2034,WASH_MACH_COM,2,0
R32CAS-OTH,2035,WASH_MACH_COM,1,0.1
R32CAS-OTH,2035,WASH_MACH_COM,2,0
R32CAS-OTH,2036,WASH_MACH_COM,1,0.1
R32CAS-OTH,2036,WASH_MACH_COM,2,0
R32CAS-OTH,2037,WASH_MACH_COM,1,0.1
R32CAS-OTH,2037,WASH_MACH_COM,2,0
R32CAS-OTH,2038,WASH_MACH_COM,1,0.1
R32CAS-OTH,2038,WASH_MACH_COM,2,0
R32CAS-OTH,2039,WASH_MACH_COM,1,0.1
R32CAS-OTH,2039,WASH_MACH_COM,2,0
R32CAS-OTH,2040,WASH_MACH_COM,1,0.1
R32CAS-OTH,2040,WASH_MACH_COM,2,0
R32CAS-OTH,2041,WASH_MACH_COM,1,0.1
R32CAS-OTH,2041,WASH_MACH_COM,2,0
R32CAS-OTH,2042,WASH_MACH_COM,1,0.1
R32CAS-OTH,2042,WASH_MACH_COM,2,0
R32CAS-OTH,2043,WASH_MACH_COM,1,0.1
R32CAS-OTH,2043,WASH_MACH_COM,2,0
R32CAS-OTH,2044,WASH_MACH_COM,1,0.1
R32CAS-OTH,2044,WASH_MACH_COM,2,0
R32CAS-OTH,2045,WASH_MACH_COM,1,0.1
R32CAS-OTH,2045,WASH_MACH_COM,2,0
R32CAS-OTH,2046,WASH_MACH_COM,1,0.1
R32CAS-OTH,2046,WASH_MACH_COM,2,0
R32CAS-OTH,2047,WASH_MACH_COM,1,0.1
R32CAS-OTH,2047,WASH_MACH_COM,2,0
R32CAS-OTH,2048,WASH_MACH_COM,1,0.1
R32CAS-OTH,2048,WASH_MACH_COM,2,0
R32CAS-OTH,2049,WASH_MACH_COM,1,0.1
R32CAS-OTH,2049,WASH_MACH_COM,2,0
R32CAS-OTH,2050,WASH_MACH_COM,1,0.1
R32CAS-OTH,2050,WASH_MACH_COM,2,0
R32CAS-OTH,2051,WASH_MACH_COM,1,0.1
R32CAS-OTH,2051,WASH_MACH_COM,2,0
R32CAS-OTH,2052,WASH_MACH_COM,1,0.1
R32CAS-OTH,2052,WASH_MACH_COM,2,0
R32CAS-OTH,2053,WASH_MACH_COM,1,0.1
R32CAS-OTH,2053,WASH_MACH_COM,2,0
R32CAS-OTH,2054,WASH_MACH_COM,1,0.1
R32CAS-OTH,2054,WASH_MACH_COM,2,0
R32CAS-OTH,2055,WASH_MACH_COM,1,0.1
R32CAS-OTH,2055,WASH_MACH_COM,2,0
R32CAS-OTH,2056,WASH_MACH_COM,1,0.1
R32CAS-OTH,2056,WASH_MACH_COM,2,0
R32CAS-OTH,2057,WASH_MACH_COM,1,0.1
R32CAS-OTH,2057,WASH_MACH_COM,2,0
R32CAS-OTH,2058,WASH_MACH_COM,1,0.1
R32CAS-OTH,2058,WASH_MACH_COM,2,0
R32CAS-OTH,2059,WASH_MACH_COM,1,0.1
R32CAS-OTH,2059,WASH_MACH_COM,2,0
R32CAS-OTH,2060,WASH_MACH_COM,1,0.1
R32CAS-OTH,2060,WASH_MACH_COM,2,0
R32CAS-OTH,2061,WASH_MACH_COM,1,0.1
R32CAS-OTH,2061,WASH_MACH_COM,2,0
R32CAS-OTH,2062,WASH_MACH_COM,1,0.1
R32CAS-OTH,2062,WASH_MACH_COM,2,0
R32CAS-OTH,2063,WASH_MACH_COM,1,0.1
R32CAS-OTH,2063,WASH_MACH_COM,2,0
R32CAS-OTH,2064,WASH_MACH_COM,1,0.1
R32CAS-OTH,2064,WASH_MACH_COM,2,0
R32CAS-OTH,2065,WASH_MACH_COM,1,0.1
R32CAS-OTH,2065,WASH_MACH_COM,2,0
R32CAS-OTH,2066,WASH_MACH_COM,1,0.1
R32CAS-OTH,2066,WASH_MACH_COM,2,0
R32CAS-OTH,2067,WASH_MACH_COM,1,0.1
R32CAS-OTH,2067,WASH_MACH_COM,2,0
R32CAS-OTH,2068,WASH_MACH_COM,1,0.1
R32CAS-OTH,2068,WASH_MACH_COM,2,0
R32CAS-OTH,2069,WASH_MACH_COM,1,0.1
R32CAS-OTH,2069,WASH_MACH_COM,2,0
R32CAS-OTH,2070,WASH_MACH_COM,1,0.1
R32CAS-OTH,2070,WASH_MACH_COM,2,0
R32CAS-OTH,2071,WASH_MACH_COM,1,0.1
R32CAS-OTH,2071,WASH_MACH_COM,2,0
R32CAS-OTH,2072,WASH_MACH_COM,1,0.1
R32CAS-OTH,2072,WASH_MACH_COM,2,0
R32CAS-OTH,2073,WASH_MACH_COM,1,0.1
R32CAS-OTH,2073,WASH_MACH_COM,2,0
R32CAS-OTH,2074,WASH_MACH_COM,1,0.1
R32CAS-OTH,2074,WASH_MACH_COM,2,0
R32CAS-OTH,2075,WASH_MACH_COM,1,0.1
R32CAS-OTH,2075,WASH_MACH_COM,2,0
R32CAS-OTH,2076,WASH_MACH_COM,1,0.1
R32CAS-OTH,2076,WASH_MACH_COM,2,0
R32CAS-OTH,2077,WASH_MACH_COM,1,0.1
R32CAS-OTH,2077,WASH_MACH_COM,2,0
R32CAS-OTH,2078,WASH_MACH_COM,1,0.1
R32CAS-OTH,2078,WASH_MACH_COM,2,0
R32CAS-OTH,2079,WASH_MACH_COM,1,0.1
R32CAS-OTH,2079,WASH_MACH_COM,2,0
R32CAS-OTH,2080,WASH_MACH_COM,1,0.1
R32CAS-OTH,2080,WASH_MACH_COM,2,0
R32CAS-OTH,2081,WASH_MACH_COM,1,0.1
R32CAS-OTH,2081,WASH_MACH_COM,2,0
R32CAS-OTH,2082,WASH_MACH_COM,1,0.1
R32CAS-OTH,2082,WASH_MACH_COM,2,0
R32CAS-OTH,2083,WASH_MACH_COM,1,0.1
R32CAS-OTH,2083,WASH_MACH_COM,2,0
R32CAS-OTH,2084,WASH_MACH_COM,1,0.1
R32CAS-OTH,2084,WASH_MACH_COM,2,0
R32CAS-OTH,2085,WASH_MACH_COM,1,0.1
R32CAS-OTH,2085,WASH_MACH_COM,2,0
R32CAS-OTH,2086,WASH_MACH_COM,1,0.1
R32CAS-OTH,2086,WASH_MACH_COM,2,0
R32CAS-OTH,2087,WASH_MACH_COM,1,0.1
R32CAS-OTH,2087,WASH_MACH_COM,2,0
R32CAS-OTH,2088,WASH_MACH_COM,1,0.1
R32CAS-OTH,2088,WASH_MACH_COM,2,0
R32CAS-OTH,2089,WASH_MACH_COM,1,0.1
R32CAS-OTH,2089,WASH_MACH_COM,2,0
R32CAS-OTH,2090,WASH_MACH_COM,1,0.1
R32CAS-OTH,2090,WASH_MACH_COM,2,0
R32CAS-OTH,2091,WASH_MACH_COM,1,0.1
R32CAS-OTH,2091,WASH_MACH_COM,2,0
R32CAS-OTH,2092,WASH_MACH_COM,1,0.1
R32CAS-OTH,2092,WASH_MACH_COM,2,0
R32CAS-OTH,2093,WASH_MACH_COM,1,0.1
R32CAS-OTH,2093,WASH_MACH_COM,2,0
R32CAS-OTH,2094,WASH_MACH_COM,1,0.1
R32CAS-OTH,2094,WASH_MACH_COM,2,0
R32CAS-OTH,2095,WASH_MACH_COM,1,0.1
R32CAS-OTH,2095,WASH_MACH_COM,2,0
R32CAS-OTH,2096,WASH_MACH_COM,1,0.1
R32CAS-OTH,2096,WASH_MACH_COM,2,0
R32CAS-OTH,2097,WASH_MACH_COM,1,0.1
R32CAS-OTH,2097,WASH_MACH_COM,2,0
R32CAS-OTH,2098,WASH_MACH_COM,1,0.1
R32CAS-OTH,2098,WASH_MACH_COM,2,0
R32CAS-OTH,2099,WASH_MACH_COM,1,0.1
R32CAS-OTH,2099,WASH_MACH_COM,2,0
R32CAS-OTH,2100,WASH_MACH_COM,1,0.1
R32CAS-OTH,2100,WASH_MACH_COM,2,0
R32CHN,2000,WASH_MACH,1,0.1
R32CHN,2000,WASH_MACH,2,0
R32CHN,2001,WASH_MACH,1,0.1
R32CHN,2001,WASH_MACH,2,0
R32CHN,2002,WASH_MACH,1,0.1
R32CHN,2002,WASH_MACH,2,0
R32CHN,2003,WASH_MACH,1,0.1
R32CHN,2003,WASH_MACH,2,0
R32CHN,2004,WASH_MACH,1,0.1
R32CHN,2004,WASH_MACH,2,0
R32CHN,2005,WASH_MACH,1,0.1
R32CHN,2005,WASH_MACH,2,0
R32CHN,2006,WASH_MACH,1,0.1
R32CHN,2006,WASH_MACH,2,0
R32CHN,2007,WASH_MACH,1,0.1
R32CHN,2007,WASH_MACH,2,0
R32CHN,2008,WASH_MACH,1,0.1
R32CHN,2008,WASH_MACH,2,0
R32CHN,2009,WASH_MACH,1,0.1
R32CHN,2009,WASH_MACH,2,0
R32CHN,2010,WASH_MACH,1,0.1
R32CHN,2010,WASH_MACH,2,0
R32CHN,2011,WASH_MACH,1,0.1
R32CHN,2011,WASH_MACH,2,0
R32CHN,2012,WASH_MACH,1,0.1
R32CHN,2012,WASH_MACH,2,0
R32CHN,2013,WASH_MACH,1,0.1
R32CHN,2013,WASH_MACH,2,0
R32CHN,2014,WASH_MACH,1,0.1
R32CHN,2014,WASH_MACH,2,0
R32CHN,2015,WASH_MACH,1,0.1
R32CHN,2015,WASH_MACH,2,0
R32CHN,2016,WASH_MACH,1,0.1
R32CHN,2016,WASH_MACH,2,0
R32CHN,2017,WASH_MACH,1,0.1
R32CHN,2017,WASH_MACH,2,0
R32CHN,2018,WASH_MACH,1,0.1
R32CHN,2018,WASH_MACH,2,0
R32CHN,2019,WASH_MACH,1,0.1
R32CHN,2019,WASH_MACH,2,0
R32CHN,2020,WASH_MACH,1,0.1
R32CHN,2020,WASH_MACH,2,0
R32CHN,2021,WASH_MACH,1,0.1
R32CHN,2021,WASH_MACH,2,0
R32CHN,2022,WASH_MACH,1,0.1
R32CHN,2022,WASH_MACH,2,0
R32CHN,2023,WASH_MACH,1,0.1
R32CHN,2023,WASH_MACH,2,0
R32CHN,2024,WASH_MACH,1,0.1
R32CHN,2024,WASH_MACH,2,0
R32CHN,2025,WASH_MACH,1,0.1
R32CHN,2025,WASH_MACH,2,0
R32CHN,2026,WASH_MACH,1,0.1
R32CHN,2026,WASH_MACH,2,0
R32CHN,2027,WASH_MACH,1,0.1
R32CHN,2027,WASH_MACH,2,0
R32CHN,2028,WASH_MACH,1,0.1
R32CHN,2028,WASH_MACH,2,0
R32CHN,2029,WASH_MACH,1,0.1
R32CHN,2029,WASH_MACH,2,0
R32CHN,2030,WASH_MACH,1,0.1
R32CHN,2030,WASH_MACH,2,0
R32CHN,2031,WASH_MACH,1,0.1
R32CHN,2031,WASH_MACH,2,0
R32CHN,2032,WASH_MACH,1,0.1
R32CHN,2032,WASH_MACH,2,0
R32CHN,2033,WASH_MACH,1,0.1
R32CHN,2033,WASH_MACH,2,0
R32CHN,2034,WASH_MACH,1,0.1
R32CHN,2034,WASH_MACH,2,0
R32CHN,2035,WASH_MACH,1,0.1
R32CHN,2035,WASH_MACH,2,0
R32CHN,2036,WASH_MACH,1,0.1
R32CHN,2036,WASH_MACH,2,0
R32CHN,2037,WASH_MACH,1,0.1
R32CHN,2037,WASH_MACH,2,0
R32CHN,2038,WASH_MACH,1,0.1
R32CHN,2038,WASH_MACH,2,0
R32CHN,2039,WASH_MACH,1,0.1
R32CHN,2039,WASH_MACH,2,0
R32CHN,2040,WASH_MACH,1,0.1
R32CHN,2040,WASH_MACH,2,0
R32CHN,2041,WASH_MACH,1,0.1
R32CHN,2041,WASH_MACH,2,0
R32CHN,2042,WASH_MACH,1,0.1
R32CHN,2042,WASH_MACH,2,0
R32CHN,2043,WASH_MACH,1,0.1
R32CHN,2043,WASH_MACH,2,0
R32CHN,2044,WASH_MACH,1,0.1
R32CHN,2044,WASH_MACH,2,0
R32CHN,2045,WASH_MACH,1,0.1
R32CHN,2045,WASH_MACH,2,0
R32CHN,2046,WASH_MACH,1,0.1
R32CHN,2046,WASH_MACH,2,0
R32CHN,2047,WASH_MACH,1,0.1
R32CHN,2047,WASH_MACH,2,0
R32CHN,2048,WASH_MACH,1,0.1
R32CHN,2048,WASH_MACH,2,0
R32CHN,2049,WASH_MACH,1,0.1
R32CHN,2049,WASH_MACH,2,0
R32CHN,2050,WASH_MACH,1,0.1
R32CHN,2050,WASH_MACH,2,0
R32CHN,2051,WASH_MACH,1,0.1
R32CHN,2051,WASH_MACH,2,0
R32CHN,2052,WASH_MACH,1,0.1
R32CHN,2052,WASH_MACH,2,0
R32CHN,2053,WASH_MACH,1,0.1
R32CHN,2053,WASH_MACH,2,0
R32CHN,2054,WASH_MACH,1,0.1
R32CHN,2054,WASH_MACH,2,0
R32CHN,2055,WASH_MACH,1,0.1
R32CHN,2055,WASH_MACH,2,0
R32CHN,2056,WASH_MACH,1,0.1
R32CHN,2056,WASH_MACH,2,0
R32CHN,2057,WASH_MACH,1,0.1
R32CHN,2057,WASH_MACH,2,0
R32CHN,2058,WASH_MACH,1,0.1
R32CHN,2058,WASH_MACH,2,0
R32CHN,2059,WASH_MACH,1,0.1
R32CHN,2059,WASH_MACH,2,0
R32CHN,2060,WASH_MACH,1,0.1
R32CHN,2060,WASH_MACH,2,0
R32CHN,2061,WASH_MACH,1,0.1
R32CHN,2061,WASH_MACH,2,0
R32CHN,2062,WASH_MACH,1,0.1
R32CHN,2062,WASH_MACH,2,0
R32CHN,2063,WASH_MACH,1,0.1
R32CHN,2063,WASH_MACH,2,0
R32CHN,2064,WASH_MACH,1,0.1
R32CHN,2064,WASH_MACH,2,0
R32CHN,2065,WASH_MACH,1,0.1
R32CHN,2065,WASH_MACH,2,0
R32CHN,2066,WASH_MACH,1,0.1
R32CHN,2066,WASH_MACH,2,0
R32CHN,2067,WASH_MACH,1,0.1
R32CHN,2067,WASH_MACH,2,0
R32CHN,2068,WASH_MACH,1,0.1
R32CHN,2068,WASH_MACH,2,0
R32CHN,2069,WASH_MACH,1,0.1
R32CHN,2069,WASH_MACH,2,0
R32CHN,2070,WASH_MACH,1,0.1
R32CHN,2070,WASH_MACH,2,0
R32CHN,2071,WASH_MACH,1,0.1
R32CHN,2071,WASH_MACH,2,0
R32CHN,2072,WASH_MACH,1,0.1
R32CHN,2072,WASH_MACH,2,0
R32CHN,2073,WASH_MACH,1,0.1
R32CHN,2073,WASH_MACH,2,0
R32CHN,2074,WASH_MACH,1,0.1
R32CHN,2074,WASH_MACH,2,0
R32CHN,2075,WASH_MACH,1,0.1
R32CHN,2075,WASH_MACH,2,0
R32CHN,2076,WASH_MACH,1,0.1
R32CHN,2076,WASH_MACH,2,0
R32CHN,2077,WASH_MACH,1,0.1
R32CHN,2077,WASH_MACH,2,0
R32CHN,2078,WASH_MACH,1,0.1
R32CHN,2078,WASH_MACH,2,0
R32CHN,2079,WASH_MACH,1,0.1
R32CHN,2079,WASH_MACH,2,0
R32CHN,2080,WASH_MACH,1,0.1
R32CHN,2080,WASH_MACH,2,0
R32CHN,2081,WASH_MACH,1,0.1
R32CHN,2081,WASH_MACH,2,0
R32CHN,2082,WASH_MACH,1,0.1
R32CHN,2082,WASH_MACH,2,0
R32CHN,2083,WASH_MACH,1,0.1
R32CHN,2083,WASH_MACH,2,0
R32CHN,2084,WASH_MACH,1,0.1
R32CHN,2084,WASH_MACH,2,0
R32CHN,2085,WASH_MACH,1,0.1
R32CHN,2085,WASH_MACH,2,0
R32CHN,2086,WASH_MACH,1,0.1
R32CHN,2086,WASH_MACH,2,0
R32CHN,2087,WASH_MACH,1,0.1
R32CHN,2087,WASH_MACH,2,0
R32CHN,2088,WASH_MACH,1,0.1
R32CHN,2088,WASH_MACH,2,0
R32CHN,2089,WASH_MACH,1,0.1
R32CHN,2089,WASH_MACH,2,0
R32CHN,2090,WASH_MACH,1,0.1
R32CHN,2090,WASH_MACH,2,0
R32CHN,2091,WASH_MACH,1,0.1
R32CHN,2091,WASH_MACH,2,0
R32CHN,2092,WASH_MACH,1,0.1
R32CHN,2092,WASH_MACH,2,0
R32CHN,2093,WASH_MACH,1,0.1
R32CHN,2093,WASH_MACH,2,0
R32CHN,2094,WASH_MACH,1,0.1
R32CHN,2094,WASH_MACH,2,0
R32CHN,2095,WASH_MACH,1,0.1
R32CHN,2095,WASH_MACH,2,0
R32CHN,2096,WASH_MACH,1,0.1
R32CHN,2096,WASH_MACH,2,0
R32CHN,2097,WASH_MACH,1,0.1
R32CHN,2097,WASH_MACH,2,0
R32CHN,2098,WASH_MACH,1,0.1
R32CHN,2098,WASH_MACH,2,0
R32CHN,2099,WASH_MACH,1,0.1
R32CHN,2099,WASH_MACH,2,0
R32CHN,2100,WASH_MACH,1,0.1
R32CHN,2100,WASH_MACH,2,0
R32CHN,2000,WASH_MACH_COM,1,0.1
R32CHN,2000,WASH_MACH_COM,2,0
R32CHN,2001,WASH_MACH_COM,1,0.1
R32CHN,2001,WASH_MACH_COM,2,0
R32CHN,2002,WASH_MACH_COM,1,0.1
R32CHN,2002,WASH_MACH_COM,2,0
R32CHN,2003,WASH_MACH_COM,1,0.1
R32CHN,2003,WASH_MACH_COM,2,0
R32CHN,2004,WASH_MACH_COM,1,0.1
R32CHN,2004,WASH_MACH_COM,2,0
R32CHN,2005,WASH_MACH_COM,1,0.1
R32CHN,2005,WASH_MACH_COM,2,0
R32CHN,2006,WASH_MACH_COM,1,0.1
R32CHN,2006,WASH_MACH_COM,2,0
R32CHN,2007,WASH_MACH_COM,1,0.1
R32CHN,2007,WASH_MACH_COM,2,0
R32CHN,2008,WASH_MACH_COM,1,0.1
R32CHN,2008,WASH_MACH_COM,2,0
R32CHN,2009,WASH_MACH_COM,1,0.1
R32CHN,2009,WASH_MACH_COM,2,0
R32CHN,2010,WASH_MACH_COM,1,0.1
R32CHN,2010,WASH_MACH_COM,2,0
R32CHN,2011,WASH_MACH_COM,1,0.1
R32CHN,2011,WASH_MACH_COM,2,0
R32CHN,2012,WASH_MACH_COM,1,0.1
R32CHN,2012,WASH_MACH_COM,2,0
R32CHN,2013,WASH_MACH_COM,1,0.1
R32CHN,2013,WASH_MACH_COM,2,0
R32CHN,2014,WASH_MACH_COM,1,0.1
R32CHN,2014,WASH_MACH_COM,2,0
R32CHN,2015,WASH_MACH_COM,1,0.1
R32CHN,2015,WASH_MACH_COM,2,0
R32CHN,2016,WASH_MACH_COM,1,0.1
R32CHN,2016,WASH_MACH_COM,2,0
R32CHN,2017,WASH_MACH_COM,1,0.1
R32CHN,2017,WASH_MACH_COM,2,0
R32CHN,2018,WASH_MACH_COM,1,0.1
R32CHN,2018,WASH_MACH_COM,2,0
R32CHN,2019,WASH_MACH_COM,1,0.1
R32CHN,2019,WASH_MACH_COM,2,0
R32CHN,2020,WASH_MACH_COM,1,0.1
R32CHN,2020,WASH_MACH_COM,2,0
R32CHN,2021,WASH_MACH_COM,1,0.1
R32CHN,2021,WASH_MACH_COM,2,0
R32CHN,2022,WASH_MACH_COM,1,0.1
R32CHN,2022,WASH_MACH_COM,2,0
R32CHN,2023,WASH_MACH_COM,1,0.1
R32CHN,2023,WASH_MACH_COM,2,0
R32CHN,2024,WASH_MACH_COM,1,0.1
R32CHN,2024,WASH_MACH_COM,2,0
R32CHN,2025,WASH_MACH_COM,1,0.1
R32CHN,2025,WASH_MACH_COM,2,0
R32CHN,2026,WASH_MACH_COM,1,0.1
R32CHN,2026,WASH_MACH_COM,2,0
R32CHN,2027,WASH_MACH_COM,1,0.1
R32CHN,2027,WASH_MACH_COM,2,0
R32CHN,2028,WASH_MACH_COM,1,0.1
R32CHN,2028,WASH_MACH_COM,2,0
R32CHN,2029,WASH_MACH_COM,1,0.1
R32CHN,2029,WASH_MACH_COM,2,0
R32CHN,2030,WASH_MACH_COM,1,0.1
R32CHN,2030,WASH_MACH_COM,2,0
R32CHN,2031,WASH_MACH_COM,1,0.1
R32CHN,2031,WASH_MACH_COM,2,0
R32CHN,2032,WASH_MACH_COM,1,0.1
R32CHN,2032,WASH_MACH_COM,2,0
R32CHN,2033,WASH_MACH_COM,1,0.1
R32CHN,2033,WASH_MACH_COM,2,0
R32CHN,2034,WASH_MACH_COM,1,0.1
R32CHN,2034,WASH_MACH_COM,2,0
R32CHN,2035,WASH_MACH_COM,1,0.1
R32CHN,2035,WASH_MACH_COM,2,0
R32CHN,2036,WASH_MACH_COM,1,0.1
R32CHN,2036,WASH_MACH_COM,2,0
R32CHN,2037,WASH_MACH_COM,1,0.1
R32CHN,2037,WASH_MACH_COM,2,0
R32CHN,2038,WASH_MACH_COM,1,0.1
R32CHN,2038,WASH_MACH_COM,2,0
R32CHN,2039,WASH_MACH_COM,1,0.1
R32CHN,2039,WASH_MACH_COM,2,0
R32CHN,2040,WASH_MACH_COM,1,0.1
R32CHN,2040,WASH_MACH_COM,2,0
R32CHN,2041,WASH_MACH_COM,1,0.1
R32CHN,2041,WASH_MACH_COM,2,0
R32CHN,2042,WASH_MACH_COM,1,0.1
R32CHN,2042,WASH_MACH_COM,2,0
R32CHN,2043,WASH_MACH_COM,1,0.1
R32CHN,2043,WASH_MACH_COM,2,0
R32CHN,2044,WASH_MACH_COM,1,0.1
R32CHN,2044,WASH_MACH_COM,2,0
R32CHN,2045,WASH_MACH_COM,1,0.1
R32CHN,2045,WASH_MACH_COM,2,0
R32CHN,2046,WASH_MACH_COM,1,0.1
R32CHN,2046,WASH_MACH_COM,2,0
R32CHN,2047,WASH_MACH_COM,1,0.1
R32CHN,2047,WASH_MACH_COM,2,0
R32CHN,2048,WASH_MACH_COM,1,0.1
R32CHN,2048,WASH_MACH_COM,2,0
R32CHN,2049,WASH_MACH_COM,1,0.1
R32CHN,2049,WASH_MACH_COM,2,0
R32CHN,2050,WASH_MACH_COM,1,0.1
R32CHN,2050,WASH_MACH_COM,2,0
R32CHN,2051,WASH_MACH_COM,1,0.1
R32CHN,2051,WASH_MACH_COM,2,0
R32CHN,2052,WASH_MACH_COM,1,0.1
R32CHN,2052,WASH_MACH_COM,2,0
R32CHN,2053,WASH_MACH_COM,1,0.1
R32CHN,2053,WASH_MACH_COM,2,0
R32CHN,2054,WASH_MACH_COM,1,0.1
R32CHN,2054,WASH_MACH_COM,2,0
R32CHN,2055,WASH_MACH_COM,1,0.1
R32CHN,2055,WASH_MACH_COM,2,0
R32CHN,2056,WASH_MACH_COM,1,0.1
R32CHN,2056,WASH_MACH_COM,2,0
R32CHN,2057,WASH_MACH_COM,1,0.1
R32CHN,2057,WASH_MACH_COM,2,0
R32CHN,2058,WASH_MACH_COM,1,0.1
R32CHN,2058,WASH_MACH_COM,2,0
R32CHN,2059,WASH_MACH_COM,1,0.1
R32CHN,2059,WASH_MACH_COM,2,0
R32CHN,2060,WASH_MACH_COM,1,0.1
R32CHN,2060,WASH_MACH_COM,2,0
R32CHN,2061,WASH_MACH_COM,1,0.1
R32CHN,2061,WASH_MACH_COM,2,0
R32CHN,2062,WASH_MACH_COM,1,0.1
R32CHN,2062,WASH_MACH_COM,2,0
R32CHN,2063,WASH_MACH_COM,1,0.1
R32CHN,2063,WASH_MACH_COM,2,0
R32CHN,2064,WASH_MACH_COM,1,0.1
R32CHN,2064,WASH_MACH_COM,2,0
R32CHN,2065,WASH_MACH_COM,1,0.1
R32CHN,2065,WASH_MACH_COM,2,0
R32CHN,2066,WASH_MACH_COM,1,0.1
R32CHN,2066,WASH_MACH_COM,2,0
R32CHN,2067,WASH_MACH_COM,1,0.1
R32CHN,2067,WASH_MACH_COM,2,0
R32CHN,2068,WASH_MACH_COM,1,0.1
R32CHN,2068,WASH_MACH_COM,2,0
R32CHN,2069,WASH_MACH_COM,1,0.1
R32CHN,2069,WASH_MACH_COM,2,0
R32CHN,2070,WASH_MACH_COM,1,0.1
R32CHN,2070,WASH_MACH_COM,2,0
R32CHN,2071,WASH_MACH_COM,1,0.1
R32CHN,2071,WASH_MACH_COM,2,0
R32CHN,2072,WASH_MACH_COM,1,0.1
R32CHN,2072,WASH_MACH_COM,2,0
R32CHN,2073,WASH_MACH_COM,1,0.1
R32CHN,2073,WASH_MACH_COM,2,0
R32CHN,2074,WASH_MACH_COM,1,0.1
R32CHN,2074,WASH_MACH_COM,2,0
R32CHN,2075,WASH_MACH_COM,1,0.1
R32CHN,2075,WASH_MACH_COM,2,0
R32CHN,2076,WASH_MACH_COM,1,0.1
R32CHN,2076,WASH_MACH_COM,2,0
R32CHN,2077,WASH_MACH_COM,1,0.1
R32CHN,2077,WASH_MACH_COM,2,0
R32CHN,2078,WASH_MACH_COM,1,0.1
R32CHN,2078,WASH_MACH_COM,2,0
R32CHN,2079,WASH_MACH_COM,1,0.1
R32CHN,2079,WASH_MACH_COM,2,0
R32CHN,2080,WASH_MACH_COM,1,0.1
R32CHN,2080,WASH_MACH_COM,2,0
R32CHN,2081,WASH_MACH_COM,1,0.1
R32CHN,2081,WASH_MACH_COM,2,0
R32CHN,2082,WASH_MACH_COM,1,0.1
R32CHN,2082,WASH_MACH_COM,2,0
R32CHN,2083,WASH_MACH_COM,1,0.1
R32CHN,2083,WASH_MACH_COM,2,0
R32CHN,2084,WASH_MACH_COM,1,0.1
R32CHN,2084,WASH_MACH_COM,2,0
R32CHN,2085,WASH_MACH_COM,1,0.1
R32CHN,2085,WASH_MACH_COM,2,0
R32CHN,2086,WASH_MACH_COM,1,0.1
R32CHN,2086,WASH_MACH_COM,2,0
R32CHN,2087,WASH_MACH_COM,1,0.1
R32CHN,2087,WASH_MACH_COM,2,0
R32CHN,2088,WASH_MACH_COM,1,0.1
R32CHN,2088,WASH_MACH_COM,2,0
R32CHN,2089,WASH_MACH_COM,1,0.1
R32CHN,2089,WASH_MACH_COM,2,0
R32CHN,2090,WASH_MACH_COM,1,0.1
R32CHN,2090,WASH_MACH_COM,2,0
R32CHN,2091,WASH_MACH_COM,1,0.1
R32CHN,2091,WASH_MACH_COM,2,0
R32CHN,2092,WASH_MACH_COM,1,0.1
R32CHN,2092,WASH_MACH_COM,2,0
R32CHN,2093,WASH_MACH_COM,1,0.1
R32CHN,2093,WASH_MACH_COM,2,0
R32CHN,2094,WASH_MACH_COM,1,0.1
R32CHN,2094,WASH_MACH_COM,2,0
R32CHN,2095,WASH_MACH_COM,1,0.1
R32CHN,2095,WASH_MACH_COM,2,0
R32CHN,2096,WASH_MACH_COM,1,0.1
R32CHN,2096,WASH_MACH_COM,2,0
R32CHN,2097,WASH_MACH_COM,1,0.1
R32CHN,2097,WASH_MACH_COM,2,0
R32CHN,2098,WASH_MACH_COM,1,0.1
R32CHN,2098,WASH_MACH_COM,2,0
R32CHN,2099,WASH_MACH_COM,1,0.1
R32CHN,2099,WASH_MACH_COM,2,0
R32CHN,2100,WASH_MACH_COM,1,0.1
R32CHN,2100,WASH_MACH_COM,2,0
R32EEU,2000,WASH_MACH,1,0.1
R32EEU,2000,WASH_MACH,2,0
R32EEU,2001,WASH_MACH,1,0.1
R32EEU,2001,WASH_MACH,2,0
R32EEU,2002,WASH_MACH,1,0.1
R32EEU,2002,WASH_MACH,2,0
R32EEU,2003,WASH_MACH,1,0.1
R32EEU,2003,WASH_MACH,2,0
R32EEU,2004,WASH_MACH,1,0.1
R32EEU,2004,WASH_MACH,2,0
R32EEU,2005,WASH_MACH,1,0.1
R32EEU,2005,WASH_MACH,2,0
R32EEU,2006,WASH_MACH,1,0.1
R32EEU,2006,WASH_MACH,2,0
R32EEU,2007,WASH_MACH,1,0.1
R32EEU,2007,WASH_MACH,2,0
R32EEU,2008,WASH_MACH,1,0.1
R32EEU,2008,WASH_MACH,2,0
R32EEU,2009,WASH_MACH,1,0.1
R32EEU,2009,WASH_MACH,2,0
R32EEU,2010,WASH_MACH,1,0.1
R32EEU,2010,WASH_MACH,2,0
R32EEU,2011,WASH_MACH,1,0.1
R32EEU,2011,WASH_MACH,2,0
R32EEU,2012,WASH_MACH,1,0.1
R32EEU,2012,WASH_MACH,2,0
R32EEU,2013,WASH_MACH,1,0.1
R32EEU,2013,WASH_MACH,2,0
R32EEU,2014,WASH_MACH,1,0.1
R32EEU,2014,WASH_MACH,2,0
R32EEU,2015,WASH_MACH,1,0.1
R32EEU,2015,WASH_MACH,2,0
R32EEU,2016,WASH_MACH,1,0.1
R32EEU,2016,WASH_MACH,2,0
R32EEU,2017,WASH_MACH,1,0.1
R32EEU,2017,WASH_MACH,2,0
R32EEU,2018,WASH_MACH,1,0.1
R32EEU,2018,WASH_MACH,2,0
R32EEU,2019,WASH_MACH,1,0.1
R32EEU,2019,WASH_MACH,2,0
R32EEU,2020,WASH_MACH,1,0.1
R32EEU,2020,WASH_MACH,2,0
R32EEU,2021,WASH_MACH,1,0.1
R32EEU,2021,WASH_MACH,2,0
R32EEU,2022,WASH_MACH,1,0.1
R32EEU,2022,WASH_MACH,2,0
R32EEU,2023,WASH_MACH,1,0.1
R32EEU,2023,WASH_MACH,2,0
R32EEU,2024,WASH_MACH,1,0.1
R32EEU,2024,WASH_MACH,2,0
R32EEU,2025,WASH_MACH,1,0.1
R32EEU,2025,WASH_MACH,2,0
R32EEU,2026,WASH_MACH,1,0.1
R32EEU,2026,WASH_MACH,2,0
R32EEU,2027,WASH_MACH,1,0.1
R32EEU,2027,WASH_MACH,2,0
R32EEU,2028,WASH_MACH,1,0.1
R32EEU,2028,WASH_MACH,2,0
R32EEU,2029,WASH_MACH,1,0.1
R32EEU,2029,WASH_MACH,2,0
R32EEU,2030,WASH_MACH,1,0.1
R32EEU,2030,WASH_MACH,2,0
R32EEU,2031,WASH_MACH,1,0.1
R32EEU,2031,WASH_MACH,2,0
R32EEU,2032,WASH_MACH,1,0.1
R32EEU,2032,WASH_MACH,2,0
R32EEU,2033,WASH_MACH,1,0.1
R32EEU,2033,WASH_MACH,2,0
R32EEU,2034,WASH_MACH,1,0.1
R32EEU,2034,WASH_MACH,2,0
R32EEU,2035,WASH_MACH,1,0.1
R32EEU,2035,WASH_MACH,2,0
R32EEU,2036,WASH_MACH,1,0.1
R32EEU,2036,WASH_MACH,2,0
R32EEU,2037,WASH_MACH,1,0.1
R32EEU,2037,WASH_MACH,2,0
R32EEU,2038,WASH_MACH,1,0.1
R32EEU,2038,WASH_MACH,2,0
R32EEU,2039,WASH_MACH,1,0.1
R32EEU,2039,WASH_MACH,2,0
R32EEU,2040,WASH_MACH,1,0.1
R32EEU,2040,WASH_MACH,2,0
R32EEU,2041,WASH_MACH,1,0.1
R32EEU,2041,WASH_MACH,2,0
R32EEU,2042,WASH_MACH,1,0.1
R32EEU,2042,WASH_MACH,2,0
R32EEU,2043,WASH_MACH,1,0.1
R32EEU,2043,WASH_MACH,2,0
R32EEU,2044,WASH_MACH,1,0.1
R32EEU,2044,WASH_MACH,2,0
R32EEU,2045,WASH_MACH,1,0.1
R32EEU,2045,WASH_MACH,2,0
R32EEU,2046,WASH_MACH,1,0.1
R32EEU,2046,WASH_MACH,2,0
R32EEU,2047,WASH_MACH,1,0.1
R32EEU,2047,WASH_MACH,2,0
R32EEU,2048,WASH_MACH,1,0.1
R32EEU,2048,WASH_MACH,2,0
R32EEU,2049,WASH_MACH,1,0.1
R32EEU,2049,WASH_MACH,2,0
R32EEU,2050,WASH_MACH,1,0.1
R32EEU,2050,WASH_MACH,2,0
R32EEU,2051,WASH_MACH,1,0.1
R32EEU,2051,WASH_MACH,2,0
R32EEU,2052,WASH_MACH,1,0.1
R32EEU,2052,WASH_MACH,2,0
R32EEU,2053,WASH_MACH,1,0.1
R32EEU,2053,WASH_MACH,2,0
R32EEU,2054,WASH_MACH,1,0.1
R32EEU,2054,WASH_MACH,2,0
R32EEU,2055,WASH_MACH,1,0.1
R32EEU,2055,WASH_MACH,2,0
R32EEU,2056,WASH_MACH,1,0.1
R32EEU,2056,WASH_MACH,2,0
R32EEU,2057,WASH_MACH,1,0.1
R32EEU,2057,WASH_MACH,2,0
R32EEU,2058,WASH_MACH,1,0.1
R32EEU,2058,WASH_MACH,2,0
R32EEU,2059,WASH_MACH,1,0.1
R32EEU,2059,WASH_MACH,2,0
R32EEU,2060,WASH_MACH,1,0.1
R32EEU,2060,WASH_MACH,2,0
R32EEU,2061,WASH_MACH,1,0.1
R32EEU,2061,WASH_MACH,2,0
R32EEU,2062,WASH_MACH,1,0.1
R32EEU,2062,WASH_MACH,2,0
R32EEU,2063,WASH_MACH,1,0.1
R32EEU,2063,WASH_MACH,2,0
R32EEU,2064,WASH_MACH,1,0.1
R32EEU,2064,WASH_MACH,2,0
R32EEU,2065,WASH_MACH,1,0.1
R32EEU,2065,WASH_MACH,2,0
R32EEU,2066,WASH_MACH,1,0.1
R32EEU,2066,WASH_MACH,2,0
R32EEU,2067,WASH_MACH,1,0.1
R32EEU,2067,WASH_MACH,2,0
R32EEU,2068,WASH_MACH,1,0.1
R32EEU,2068,WASH_MACH,2,0
R32EEU,2069,WASH_MACH,1,0.1
R32EEU,2069,WASH_MACH,2,0
R32EEU,2070,WASH_MACH,1,0.1
R32EEU,2070,WASH_MACH,2,0
R32EEU,2071,WASH_MACH,1,0.1
R32EEU,2071,WASH_MACH,2,0
R32EEU,2072,WASH_MACH,1,0.1
R32EEU,2072,WASH_MACH,2,0
R32EEU,2073,WASH_MACH,1,0.1
R32EEU,2073,WASH_MACH,2,0
R32EEU,2074,WASH_MACH,1,0.1
R32EEU,2074,WASH_MACH,2,0
R32EEU,2075,WASH_MACH,1,0.1
R32EEU,2075,WASH_MACH,2,0
R32EEU,2076,WASH_MACH,1,0.1
R32EEU,2076,WASH_MACH,2,0
R32EEU,2077,WASH_MACH,1,0.1
R32EEU,2077,WASH_MACH,2,0
R32EEU,2078,WASH_MACH,1,0.1
R32EEU,2078,WASH_MACH,2,0
R32EEU,2079,WASH_MACH,1,0.1
R32EEU,2079,WASH_MACH,2,0
R32EEU,2080,WASH_MACH,1,0.1
R32EEU,2080,WASH_MACH,2,0
R32EEU,2081,WASH_MACH,1,0.1
R32EEU,2081,WASH_MACH,2,0
R32EEU,2082,WASH_MACH,1,0.1
R32EEU,2082,WASH_MACH,2,0
R32EEU,2083,WASH_MACH,1,0.1
R32EEU,2083,WASH_MACH,2,0
R32EEU,2084,WASH_MACH,1,0.1
R32EEU,2084,WASH_MACH,2,0
R32EEU,2085,WASH_MACH,1,0.1
R32EEU,2085,WASH_MACH,2,0
R32EEU,2086,WASH_MACH,1,0.1
R32EEU,2086,WASH_MACH,2,0
R32EEU,2087,WASH_MACH,1,0.1
R32EEU,2087,WASH_MACH,2,0
R32EEU,2088,WASH_MACH,1,0.1
R32EEU,2088,WASH_MACH,2,0
R32EEU,2089,WASH_MACH,1,0.1
R32EEU,2089,WASH_MACH,2,0
R32EEU,2090,WASH_MACH,1,0.1
R32EEU,2090,WASH_MACH,2,0
R32EEU,2091,WASH_MACH,1,0.1
R32EEU,2091,WASH_MACH,2,0
R32EEU,2092,WASH_MACH,1,0.1
R32EEU,2092,WASH_MACH,2,0
R32EEU,2093,WASH_MACH,1,0.1
R32EEU,2093,WASH_MACH,2,0
R32EEU,2094,WASH_MACH,1,0.1
R32EEU,2094,WASH_MACH,2,0
R32EEU,2095,WASH_MACH,1,0.1
R32EEU,2095,WASH_MACH,2,0
R32EEU,2096,WASH_MACH,1,0.1
R32EEU,2096,WASH_MACH,2,0
R32EEU,2097,WASH_MACH,1,0.1
R32EEU,2097,WASH_MACH,2,0
R32EEU,2098,WASH_MACH,1,0.1
R32EEU,2098,WASH_MACH,2,0
R32EEU,2099,WASH_MACH,1,0.1
R32EEU,2099,WASH_MACH,2,0
R32EEU,2100,WASH_MACH,1,0.1
R32EEU,2100,WASH_MACH,2,0
R32EEU,2000,WASH_MACH_COM,1,0.1
R32EEU,2000,WASH_MACH_COM,2,0
R32EEU,2001,WASH_MACH_COM,1,0.1
R32EEU,2001,WASH_MACH_COM,2,0
R32EEU,2002,WASH_MACH_COM,1,0.1
R32EEU,2002,WASH_MACH_COM,2,0
R32EEU,2003,WASH_MACH_COM,1,0.1
R32EEU,2003,WASH_MACH_COM,2,0
R32EEU,2004,WASH_MACH_COM,1,0.1
R32EEU,2004,WASH_MACH_COM,2,0
R32EEU,2005,WASH_MACH_COM,1,0.1
R32EEU,2005,WASH_MACH_COM,2,0
R32EEU,2006,WASH_MACH_COM,1,0.1
R32EEU,2006,WASH_MACH_COM,2,0
R32EEU,2007,WASH_MACH_COM,1,0.1
R32EEU,2007,WASH_MACH_COM,2,0
R32EEU,2008,WASH_MACH_COM,1,0.1
R32EEU,2008,WASH_MACH_COM,2,0
R32EEU,2009,WASH_MACH_COM,1,0.1
R32EEU,2009,WASH_MACH_COM,2,0
R32EEU,2010,WASH_MACH_COM,1,0.1
R32EEU,2010,WASH_MACH_COM,2,0
R32EEU,2011,WASH_MACH_COM,1,0.1
R32EEU,2011,WASH_MACH_COM,2,0
R32EEU,2012,WASH_MACH_COM,1,0.1
R32EEU,2012,WASH_MACH_COM,2,0
R32EEU,2013,WASH_MACH_COM,1,0.1
R32EEU,2013,WASH_MACH_COM,2,0
R32EEU,2014,WASH_MACH_COM,1,0.1
R32EEU,2014,WASH_MACH_COM,2,0
R32EEU,2015,WASH_MACH_COM,1,0.1
R32EEU,2015,WASH_MACH_COM,2,0
R32EEU,2016,WASH_MACH_COM,1,0.1
R32EEU,2016,WASH_MACH_COM,2,0
R32EEU,2017,WASH_MACH_COM,1,0.1
R32EEU,2017,WASH_MACH_COM,2,0
R32EEU,2018,WASH_MACH_COM,1,0.1
R32EEU,2018,WASH_MACH_COM,2,0
R32EEU,2019,WASH_MACH_COM,1,0.1
R32EEU,2019,WASH_MACH_COM,2,0
R32EEU,2020,WASH_MACH_COM,1,0.1
R32EEU,2020,WASH_MACH_COM,2,0
R32EEU,2021,WASH_MACH_COM,1,0.1
R32EEU,2021,WASH_MACH_COM,2,0
R32EEU,2022,WASH_MACH_COM,1,0.1
R32EEU,2022,WASH_MACH_COM,2,0
R32EEU,2023,WASH_MACH_COM,1,0.1
R32EEU,2023,WASH_MACH_COM,2,0
R32EEU,2024,WASH_MACH_COM,1,0.1
R32EEU,2024,WASH_MACH_COM,2,0
R32EEU,2025,WASH_MACH_COM,1,0.1
R32EEU,2025,WASH_MACH_COM,2,0
R32EEU,2026,WASH_MACH_COM,1,0.1
R32EEU,2026,WASH_MACH_COM,2,0
R32EEU,2027,WASH_MACH_COM,1,0.1
R32EEU,2027,WASH_MACH_COM,2,0
R32EEU,2028,WASH_MACH_COM,1,0.1
R32EEU,2028,WASH_MACH_COM,2,0
R32EEU,2029,WASH_MACH_COM,1,0.1
R32EEU,2029,WASH_MACH_COM,2,0
R32EEU,2030,WASH_MACH_COM,1,0.1
R32EEU,2030,WASH_MACH_COM,2,0
R32EEU,2031,WASH_MACH_COM,1,0.1
R32EEU,2031,WASH_MACH_COM,2,0
R32EEU,2032,WASH_MACH_COM,1,0.1
R32EEU,2032,WASH_MACH_COM,2,0
R32EEU,2033,WASH_MACH_COM,1,0.1
R32EEU,2033,WASH_MACH_COM,2,0
R32EEU,2034,WASH_MACH_COM,1,0.1
R32EEU,2034,WASH_MACH_COM,2,0
R32EEU,2035,WASH_MACH_COM,1,0.1
R32EEU,2035,WASH_MACH_COM,2,0
R32EEU,2036,WASH_MACH_COM,1,0.1
R32EEU,2036,WASH_MACH_COM,2,0
R32EEU,2037,WASH_MACH_COM,1,0.1
R32EEU,2037,WASH_MACH_COM,2,0
R32EEU,2038,WASH_MACH_COM,1,0.1
R32EEU,2038,WASH_MACH_COM,2,0
R32EEU,2039,WASH_MACH_COM,1,0.1
R32EEU,2039,WASH_MACH_COM,2,0
R32EEU,2040,WASH_MACH_COM,1,0.1
R32EEU,2040,WASH_MACH_COM,2,0
R32EEU,2041,WASH_MACH_COM,1,0.1
R32EEU,2041,WASH_MACH_COM,2,0
R32EEU,2042,WASH_MACH_COM,1,0.1
R32EEU,2042,WASH_MACH_COM,2,0
R32EEU,2043,WASH_MACH_COM,1,0.1
R32EEU,2043,WASH_MACH_COM,2,0
R32EEU,2044,WASH_MACH_COM,1,0.1
R32EEU,2044,WASH_MACH_COM,2,0
R32EEU,2045,WASH_MACH_COM,1,0.1
R32EEU,2045,WASH_MACH_COM,2,0
R32EEU,2046,WASH_MACH_COM,1,0.1
R32EEU,2046,WASH_MACH_COM,2,0
R32EEU,2047,WASH_MACH_COM,1,0.1
R32EEU,2047,WASH_MACH_COM,2,0
R32EEU,2048,WASH_MACH_COM,1,0.1
R32EEU,2048,WASH_MACH_COM,2,0
R32EEU,2049,WASH_MACH_COM,1,0.1
R32EEU,2049,WASH_MACH_COM,2,0
R32EEU,2050,WASH_MACH_COM,1,0.1
R32EEU,2050,WASH_MACH_COM,2,0
R32EEU,2051,WASH_MACH_COM,1,0.1
R32EEU,2051,WASH_MACH_COM,2,0
R32EEU,2052,WASH_MACH_COM,1,0.1
R32EEU,2052,WASH_MACH_COM,2,0
R32EEU,2053,WASH_MACH_COM,1,0.1
R32EEU,2053,WASH_MACH_COM,2,0
R32EEU,2054,WASH_MACH_COM,1,0.1
R32EEU,2054,WASH_MACH_COM,2,0
R32EEU,2055,WASH_MACH_COM,1,0.1
R32EEU,2055,WASH_MACH_COM,2,0
R32EEU,2056,WASH_MACH_COM,1,0.1
R32EEU,2056,WASH_MACH_COM,2,0
R32EEU,2057,WASH_MACH_COM,1,0.1
R32EEU,2057,WASH_MACH_COM,2,0
R32EEU,2058,WASH_MACH_COM,1,0.1
R32EEU,2058,WASH_MACH_COM,2,0
R32EEU,2059,WASH_MACH_COM,1,0.1
R32EEU,2059,WASH_MACH_COM,2,0
R32EEU,2060,WASH_MACH_COM,1,0.1
R32EEU,2060,WASH_MACH_COM,2,0
R32EEU,2061,WASH_MACH_COM,1,0.1
R32EEU,2061,WASH_MACH_COM,2,0
R32EEU,2062,WASH_MACH_COM,1,0.1
R32EEU,2062,WASH_MACH_COM,2,0
R32EEU,2063,WASH_MACH_COM,1,0.1
R32EEU,2063,WASH_MACH_COM,2,0
R32EEU,2064,WASH_MACH_COM,1,0.1
R32EEU,2064,WASH_MACH_COM,2,0
R32EEU,2065,WASH_MACH_COM,1,0.1
R32EEU,2065,WASH_MACH_COM,2,0
R32EEU,2066,WASH_MACH_COM,1,0.1
R32EEU,2066,WASH_MACH_COM,2,0
R32EEU,2067,WASH_MACH_COM,1,0.1
R32EEU,2067,WASH_MACH_COM,2,0
R32EEU,2068,WASH_MACH_COM,1,0.1
R32EEU,2068,WASH_MACH_COM,2,0
R32EEU,2069,WASH_MACH_COM,1,0.1
R32EEU,2069,WASH_MACH_COM,2,0
R32EEU,2070,WASH_MACH_COM,1,0.1
R32EEU,2070,WASH_MACH_COM,2,0
R32EEU,2071,WASH_MACH_COM,1,0.1
R32EEU,2071,WASH_MACH_COM,2,0
R32EEU,2072,WASH_MACH_COM,1,0.1
R32EEU,2072,WASH_MACH_COM,2,0
R32EEU,2073,WASH_MACH_COM,1,0.1
R32EEU,2073,WASH_MACH_COM,2,0
R32EEU,2074,WASH_MACH_COM,1,0.1
R32EEU,2074,WASH_MACH_COM,2,0
R32EEU,2075,WASH_MACH_COM,1,0.1
R32EEU,2075,WASH_MACH_COM,2,0
R32EEU,2076,WASH_MACH_COM,1,0.1
R32EEU,2076,WASH_MACH_COM,2,0
R32EEU,2077,WASH_MACH_COM,1,0.1
R32EEU,2077,WASH_MACH_COM,2,0
R32EEU,2078,WASH_MACH_COM,1,0.1
R32EEU,2078,WASH_MACH_COM,2,0
R32EEU,2079,WASH_MACH_COM,1,0.1
R32EEU,2079,WASH_MACH_COM,2,0
R32EEU,2080,WASH_MACH_COM,1,0.1
R32EEU,2080,WASH_MACH_COM,2,0
R32EEU,2081,WASH_MACH_COM,1,0.1
R32EEU,2081,WASH_MACH_COM,2,0
R32EEU,2082,WASH_MACH_COM,1,0.1
R32EEU,2082,WASH_MACH_COM,2,0
R32EEU,2083,WASH_MACH_COM,1,0.1
R32EEU,2083,WASH_MACH_COM,2,0
R32EEU,2084,WASH_MACH_COM,1,0.1
R32EEU,2084,WASH_MACH_COM,2,0
R32EEU,2085,WASH_MACH_COM,1,0.1
R32EEU,2085,WASH_MACH_COM,2,0
R32EEU,2086,WASH_MACH_COM,1,0.1
R32EEU,2086,WASH_MACH_COM,2,0
R32EEU,2087,WASH_MACH_COM,1,0.1
R32EEU,2087,WASH_MACH_COM,2,0
R32EEU,2088,WASH_MACH_COM,1,0.1
R32EEU,2088,WASH_MACH_COM,2,0
R32EEU,2089,WASH_MACH_COM,1,0.1
R32EEU,2089,WASH_MACH_COM,2,0
R32EEU,2090,WASH_MACH_COM,1,0.1
R32EEU,2090,WASH_MACH_COM,2,0
R32EEU,2091,WASH_MACH_COM,1,0.1
R32EEU,2091,WASH_MACH_COM,2,0
R32EEU,2092,WASH_MACH_COM,1,0.1
R32EEU,2092,WASH_MACH_COM,2,0
R32EEU,2093,WASH_MACH_COM,1,0.1
R32EEU,2093,WASH_MACH_COM,2,0
R32EEU,2094,WASH_MACH_COM,1,0.1
R32EEU,2094,WASH_MACH_COM,2,0
R32EEU,2095,WASH_MACH_COM,1,0.1
R32EEU,2095,WASH_MACH_COM,2,0
R32EEU,2096,WASH_MACH_COM,1,0.1
R32EEU,2096,WASH_MACH_COM,2,0
R32EEU,2097,WASH_MACH_COM,1,0.1
R32EEU,2097,WASH_MACH_COM,2,0
R32EEU,2098,WASH_MACH_COM,1,0.1
R32EEU,2098,WASH_MACH_COM,2,0
R32EEU,2099,WASH_MACH_COM,1,0.1
R32EEU,2099,WASH_MACH_COM,2,0
R32EEU,2100,WASH_MACH_COM,1,0.1
R32EEU,2100,WASH_MACH_COM,2,0
R32EEU-FSU,2000,WASH_MACH,1,0.1
R32EEU-FSU,2000,WASH_MACH,2,0
R32EEU-FSU,2001,WASH_MACH,1,0.1
R32EEU-FSU,2001,WASH_MACH,2,0
R32EEU-FSU,2002,WASH_MACH,1,0.1
R32EEU-FSU,2002,WASH_MACH,2,0
R32EEU-FSU,2003,WASH_MACH,1,0.1
R32EEU-FSU,2003,WASH_MACH,2,0
R32EEU-FSU,2004,WASH_MACH,1,0.1
R32EEU-FSU,2004,WASH_MACH,2,0
R32EEU-FSU,2005,WASH_MACH,1,0.1
R32EEU-FSU,2005,WASH_MACH,2,0
R32EEU-FSU,2006,WASH_MACH,1,0.1
R32EEU-FSU,2006,WASH_MACH,2,0
R32EEU-FSU,2007,WASH_MACH,1,0.1
R32EEU-FSU,2007,WASH_MACH,2,0
R32EEU-FSU,2008,WASH_MACH,1,0.1
R32EEU-FSU,2008,WASH_MACH,2,0
R32EEU-FSU,2009,WASH_MACH,1,0.1
R32EEU-FSU,2009,WASH_MACH,2,0
R32EEU-FSU,2010,WASH_MACH,1,0.1
R32EEU-FSU,2010,WASH_MACH,2,0
R32EEU-FSU,2011,WASH_MACH,1,0.1
R32EEU-FSU,2011,WASH_MACH,2,0
R32EEU-FSU,2012,WASH_MACH,1,0.1
R32EEU-FSU,2012,WASH_MACH,2,0
R32EEU-FSU,2013,WASH_MACH,1,0.1
R32EEU-FSU,2013,WASH_MACH,2,0
R32EEU-FSU,2014,WASH_MACH,1,0.1
R32EEU-FSU,2014,WASH_MACH,2,0
R32EEU-FSU,2015,WASH_MACH,1,0.1
R32EEU-FSU,2015,WASH_MACH,2,0
R32EEU-FSU,2016,WASH_MACH,1,0.1
R32EEU-FSU,2016,WASH_MACH,2,0
R32EEU-FSU,2017,WASH_MACH,1,0.1
R32EEU-FSU,2017,WASH_MACH,2,0
R32EEU-FSU,2018,WASH_MACH,1,0.1
R32EEU-FSU,2018,WASH_MACH,2,0
R32EEU-FSU,2019,WASH_MACH,1,0.1
R32EEU-FSU,2019,WASH_MACH,2,0
R32EEU-FSU,2020,WASH_MACH,1,0.1
R32EEU-FSU,2020,WASH_MACH,2,0
R32EEU-FSU,2021,WASH_MACH,1,0.1
R32EEU-FSU,2021,WASH_MACH,2,0
R32EEU-FSU,2022,WASH_MACH,1,0.1
R32EEU-FSU,2022,WASH_MACH,2,0
R32EEU-FSU,2023,WASH_MACH,1,0.1
R32EEU-FSU,2023,WASH_MACH,2,0
R32EEU-FSU,2024,WASH_MACH,1,0.1
R32EEU-FSU,2024,WASH_MACH,2,0
R32EEU-FSU,2025,WASH_MACH,1,0.1
R32EEU-FSU,2025,WASH_MACH,2,0
R32EEU-FSU,2026,WASH_MACH,1,0.1
R32EEU-FSU,2026,WASH_MACH,2,0
R32EEU-FSU,2027,WASH_MACH,1,0.1
R32EEU-FSU,2027,WASH_MACH,2,0
R32EEU-FSU,2028,WASH_MACH,1,0.1
R32EEU-FSU,2028,WASH_MACH,2,0
R32EEU-FSU,2029,WASH_MACH,1,0.1
R32EEU-FSU,2029,WASH_MACH,2,0
R32EEU-FSU,2030,WASH_MACH,1,0.1
R32EEU-FSU,2030,WASH_MACH,2,0
R32EEU-FSU,2031,WASH_MACH,1,0.1
R32EEU-FSU,2031,WASH_MACH,2,0
R32EEU-FSU,2032,WASH_MACH,1,0.1
R32EEU-FSU,2032,WASH_MACH,2,0
R32EEU-FSU,2033,WASH_MACH,1,0.1
R32EEU-FSU,2033,WASH_MACH,2,0
R32EEU-FSU,2034,WASH_MACH,1,0.1
R32EEU-FSU,2034,WASH_MACH,2,0
R32EEU-FSU,2035,WASH_MACH,1,0.1
R32EEU-FSU,2035,WASH_MACH,2,0
R32EEU-FSU,2036,WASH_MACH,1,0.1
R32EEU-FSU,2036,WASH_MACH,2,0
R32EEU-FSU,2037,WASH_MACH,1,0.1
R32EEU-FSU,2037,WASH_MACH,2,0
R32EEU-FSU,2038,WASH_MACH,1,0.1
R32EEU-FSU,2038,WASH_MACH,2,0
R32EEU-FSU,2039,WASH_MACH,1,0.1
R32EEU-FSU,2039,WASH_MACH,2,0
R32EEU-FSU,2040,WASH_MACH,1,0.1
R32EEU-FSU,2040,WASH_MACH,2,0
R32EEU-FSU,2041,WASH_MACH,1,0.1
R32EEU-FSU,2041,WASH_MACH,2,0
R32EEU-FSU,2042,WASH_MACH,1,0.1
R32EEU-FSU,2042,WASH_MACH,2,0
R32EEU-FSU,2043,WASH_MACH,1,0.1
R32EEU-FSU,2043,WASH_MACH,2,0
R32EEU-FSU,2044,WASH_MACH,1,0.1
R32EEU-FSU,2044,WASH_MACH,2,0
R32EEU-FSU,2045,WASH_MACH,1,0.1
R32EEU-FSU,2045,WASH_MACH,2,0
R32EEU-FSU,2046,WASH_MACH,1,0.1
R32EEU-FSU,2046,WASH_MACH,2,0
R32EEU-FSU,2047,WASH_MACH,1,0.1
R32EEU-FSU,2047,WASH_MACH,2,0
R32EEU-FSU,2048,WASH_MACH,1,0.1
R32EEU-FSU,2048,WASH_MACH,2,0
R32EEU-FSU,2049,WASH_MACH,1,0.1
R32EEU-FSU,2049,WASH_MACH,2,0
R32EEU-FSU,2050,WASH_MACH,1,0.1
R32EEU-FSU,2050,WASH_MACH,2,0
R32EEU-FSU,2051,WASH_MACH,1,0.1
R32EEU-FSU,2051,WASH_MACH,2,0
R32EEU-FSU,2052,WASH_MACH,1,0.1
R32EEU-FSU,2052,WASH_MACH,2,0
R32EEU-FSU,2053,WASH_MACH,1,0.1
R32EEU-FSU,2053,WASH_MACH,2,0
R32EEU-FSU,2054,WASH_MACH,1,0.1
R32EEU-FSU,2054,WASH_MACH,2,0
R32EEU-FSU,2055,WASH_MACH,1,0.1
R32EEU-FSU,2055,WASH_MACH,2,0
R32EEU-FSU,2056,WASH_MACH,1,0.1
R32EEU-FSU,2056,WASH_MACH,2,0
R32EEU-FSU,2057,WASH_MACH,1,0.1
R32EEU-FSU,2057,WASH_MACH,2,0
R32EEU-FSU,2058,WASH_MACH,1,0.1
R32EEU-FSU,2058,WASH_MACH,2,0
R32EEU-FSU,2059,WASH_MACH,1,0.1
R32EEU-FSU,2059,WASH_MACH,2,0
R32EEU-FSU,2060,WASH_MACH,1,0.1
R32EEU-FSU,2060,WASH_MACH,2,0
R32EEU-FSU,2061,WASH_MACH,1,0.1
R32EEU-FSU,2061,WASH_MACH,2,0
R32EEU-FSU,2062,WASH_MACH,1,0.1
R32EEU-FSU,2062,WASH_MACH,2,0
R32EEU-FSU,2063,WASH_MACH,1,0.1
R32EEU-FSU,2063,WASH_MACH,2,0
R32EEU-FSU,2064,WASH_MACH,1,0.1
R32EEU-FSU,2064,WASH_MACH,2,0
R32EEU-FSU,2065,WASH_MACH,1,0.1
R32EEU-FSU,2065,WASH_MACH,2,0
R32EEU-FSU,2066,WASH_MACH,1,0.1
R32EEU-FSU,2066,WASH_MACH,2,0
R32EEU-FSU,2067,WASH_MACH,1,0.1
R32EEU-FSU,2067,WASH_MACH,2,0
R32EEU-FSU,2068,WASH_MACH,1,0.1
R32EEU-FSU,2068,WASH_MACH,2,0
R32EEU-FSU,2069,WASH_MACH,1,0.1
R32EEU-FSU,2069,WASH_MACH,2,0
R32EEU-FSU,2070,WASH_MACH,1,0.1
R32EEU-FSU,2070,WASH_MACH,2,0
R32EEU-FSU,2071,WASH_MACH,1,0.1
R32EEU-FSU,2071,WASH_MACH,2,0
R32EEU-FSU,2072,WASH_MACH,1,0.1
R32EEU-FSU,2072,WASH_MACH,2,0
R32EEU-FSU,2073,WASH_MACH,1,0.1
R32EEU-FSU,2073,WASH_MACH,2,0
R32EEU-FSU,2074,WASH_MACH,1,0.1
R32EEU-FSU,2074,WASH_MACH,2,0
R32EEU-FSU,2075,WASH_MACH,1,0.1
R32EEU-FSU,2075,WASH_MACH,2,0
R32EEU-FSU,2076,WASH_MACH,1,0.1
R32EEU-FSU,2076,WASH_MACH,2,0
R32EEU-FSU,2077,WASH_MACH,1,0.1
R32EEU-FSU,2077,WASH_MACH,2,0
R32EEU-FSU,2078,WASH_MACH,1,0.1
R32EEU-FSU,2078,WASH_MACH,2,0
R32EEU-FSU,2079,WASH_MACH,1,0.1
R32EEU-FSU,2079,WASH_MACH,2,0
R32EEU-FSU,2080,WASH_MACH,1,0.1
R32EEU-FSU,2080,WASH_MACH,2,0
R32EEU-FSU,2081,WASH_MACH,1,0.1
R32EEU-FSU,2081,WASH_MACH,2,0
R32EEU-FSU,2082,WASH_MACH,1,0.1
R32EEU-FSU,2082,WASH_MACH,2,0
R32EEU-FSU,2083,WASH_MACH,1,0.1
R32EEU-FSU,2083,WASH_MACH,2,0
R32EEU-FSU,2084,WASH_MACH,1,0.1
R32EEU-FSU,2084,WASH_MACH,2,0
R32EEU-FSU,2085,WASH_MACH,1,0.1
R32EEU-FSU,2085,WASH_MACH,2,0
R32EEU-FSU,2086,WASH_MACH,1,0.1
R32EEU-FSU,2086,WASH_MACH,2,0
R32EEU-FSU,2087,WASH_MACH,1,0.1
R32EEU-FSU,2087,WASH_MACH,2,0
R32EEU-FSU,2088,WASH_MACH,1,0.1
R32EEU-FSU,2088,WASH_MACH,2,0
R32EEU-FSU,2089,WASH_MACH,1,0.1
R32EEU-FSU,2089,WASH_MACH,2,0
R32EEU-FSU,2090,WASH_MACH,1,0.1
R32EEU-FSU,2090,WASH_MACH,2,0
R32EEU-FSU,2091,WASH_MACH,1,0.1
R32EEU-FSU,2091,WASH_MACH,2,0
R32EEU-FSU,2092,WASH_MACH,1,0.1
R32EEU-FSU,2092,WASH_MACH,2,0
R32EEU-FSU,2093,WASH_MACH,1,0.1
R32EEU-FSU,2093,WASH_MACH,2,0
R32EEU-FSU,2094,WASH_MACH,1,0.1
R32EEU-FSU,2094,WASH_MACH,2,0
R32EEU-FSU,2095,WASH_MACH,1,0.1
R32EEU-FSU,2095,WASH_MACH,2,0
R32EEU-FSU,2096,WASH_MACH,1,0.1
R32EEU-FSU,2096,WASH_MACH,2,0
R32EEU-FSU,2097,WASH_MACH,1,0.1
R32EEU-FSU,2097,WASH_MACH,2,0
R32EEU-FSU,2098,WASH_MACH,1,0.1
R32EEU-FSU,2098,WASH_MACH,2,0
R32EEU-FSU,2099,WASH_MACH,1,0.1
R32EEU-FSU,2099,WASH_MACH,2,0
R32EEU-FSU,2100,WASH_MACH,1,0.1
R32EEU-FSU,2100,WASH_MACH,2,0
R32EEU-FSU,2000,WASH_MACH_COM,1,0.1
R32EEU-FSU,2000,WASH_MACH_COM,2,0
R32EEU-FSU,2001,WASH_MACH_COM,1,0.1
R32EEU-FSU,2001,WASH_MACH_COM,2,0
R32EEU-FSU,2002,WASH_MACH_COM,1,0.1
R32EEU-FSU,2002,WASH_MACH_COM,2,0
R32EEU-FSU,2003,WASH_MACH_COM,1,0.1
R32EEU-FSU,2003,WASH_MACH_COM,2,0
R32EEU-FSU,2004,WASH_MACH_COM,1,0.1
R32EEU-FSU,2004,WASH_MACH_COM,2,0
R32EEU-FSU,2005,WASH_MACH_COM,1,0.1
R32EEU-FSU,2005,WASH_MACH_COM,2,0
R32EEU-FSU,2006,WASH_MACH_COM,1,0.1
R32EEU-FSU,2006,WASH_MACH_COM,2,0
R32EEU-FSU,2007,WASH_MACH_COM,1,0.1
R32EEU-FSU,2007,WASH_MACH_COM,2,0
R32EEU-FSU,2008,WASH_MACH_COM,1,0.1
R32EEU-FSU,2008,WASH_MACH_COM,2,0
R32EEU-FSU,2009,WASH_MACH_COM,1,0.1
R32EEU-FSU,2009,WASH_MACH_COM,2,0
R32EEU-FSU,2010,WASH_MACH_COM,1,0.1
R32EEU-FSU,2010,WASH_MACH_COM,2,0
R32EEU-FSU,2011,WASH_MACH_COM,1,0.1
R32EEU-FSU,2011,WASH_MACH_COM,2,0
R32EEU-FSU,2012,WASH_MACH_COM,1,0.1
R32EEU-FSU,2012,WASH_MACH_COM,2,0
R32EEU-FSU,2013,WASH_MACH_COM,1,0.1
R32EEU-FSU,2013,WASH_MACH_COM,2,0
R32EEU-FSU,2014,WASH_MACH_COM,1,0.1
R32EEU-FSU,2014,WASH_MACH_COM,2,0
R32EEU-FSU,2015,WASH_MACH_COM,1,0.1
R32EEU-FSU,2015,WASH_MACH_COM,2,0
R32EEU-FSU,2016,WASH_MACH_COM,1,0.1
R32EEU-FSU,2016,WASH_MACH_COM,2,0
R32EEU-FSU,2017,WASH_MACH_COM,1,0.1
R32EEU-FSU,2017,WASH_MACH_COM,2,0
R32EEU-FSU,2018,WASH_MACH_COM,1,0.1
R32EEU-FSU,2018,WASH_MACH_COM,2,0
R32EEU-FSU,2019,WASH_MACH_COM,1,0.1
R32EEU-FSU,2019,WASH_MACH_COM,2,0
R32EEU-FSU,2020,WASH_MACH_COM,1,0.1
R32EEU-FSU,2020,WASH_MACH_COM,2,0
R32EEU-FSU,2021,WASH_MACH_COM,1,0.1
R32EEU-FSU,2021,WASH_MACH_COM,2,0
R32EEU-FSU,2022,WASH_MACH_COM,1,0.1
R32EEU-FSU,2022,WASH_MACH_COM,2,0
R32EEU-FSU,2023,WASH_MACH_COM,1,0.1
R32EEU-FSU,2023,WASH_MACH_COM,2,0
R32EEU-FSU,2024,WASH_MACH_COM,1,0.1
R32EEU-FSU,2024,WASH_MACH_COM,2,0
R32EEU-FSU,2025,WASH_MACH_COM,1,0.1
R32EEU-FSU,2025,WASH_MACH_COM,2,0
R32EEU-FSU,2026,WASH_MACH_COM,1,0.1
R32EEU-FSU,2026,WASH_MACH_COM,2,0
R32EEU-FSU,2027,WASH_MACH_COM,1,0.1
R32EEU-FSU,2027,WASH_MACH_COM,2,0
R32EEU-FSU,2028,WASH_MACH_COM,1,0.1
R32EEU-FSU,2028,WASH_MACH_COM,2,0
R32EEU-FSU,2029,WASH_MACH_COM,1,0.1
R32EEU-FSU,2029,WASH_MACH_COM,2,0
R32EEU-FSU,2030,WASH_MACH_COM,1,0.1
R32EEU-FSU,2030,WASH_MACH_COM,2,0
R32EEU-FSU,2031,WASH_MACH_COM,1,0.1
R32EEU-FSU,2031,WASH_MACH_COM,2,0
R32EEU-FSU,2032,WASH_MACH_COM,1,0.1
R32EEU-FSU,2032,WASH_MACH_COM,2,0
R32EEU-FSU,2033,WASH_MACH_COM,1,0.1
R32EEU-FSU,2033,WASH_MACH_COM,2,0
R32EEU-FSU,2034,WASH_MACH_COM,1,0.1
R32EEU-FSU,2034,WASH_MACH_COM,2,0
R32EEU-FSU,2035,WASH_MACH_COM,1,0.1
R32EEU-FSU,2035,WASH_MACH_COM,2,0
R32EEU-FSU,2036,WASH_MACH_COM,1,0.1
R32EEU-FSU,2036,WASH_MACH_COM,2,0
R32EEU-FSU,2037,WASH_MACH_COM,1,0.1
R32EEU-FSU,2037,WASH_MACH_COM,2,0
R32EEU-FSU,2038,WASH_MACH_COM,1,0.1
R32EEU-FSU,2038,WASH_MACH_COM,2,0
R32EEU-FSU,2039,WASH_MACH_COM,1,0.1
R32EEU-FSU,2039,WASH_MACH_COM,2,0
R32EEU-FSU,2040,WASH_MACH_COM,1,0.1
R32EEU-FSU,2040,WASH_MACH_COM,2,0
R32EEU-FSU,2041,WASH_MACH_COM,1,0.1
R32EEU-FSU,2041,WASH_MACH_COM,2,0
R32EEU-FSU,2042,WASH_MACH_COM,1,0.1
R32EEU-FSU,2042,WASH_MACH_COM,2,0
R32EEU-FSU,2043,WASH_MACH_COM,1,0.1
R32EEU-FSU,2043,WASH_MACH_COM,2,0
R32EEU-FSU,2044,WASH_MACH_COM,1,0.1
R32EEU-FSU,2044,WASH_MACH_COM,2,0
R32EEU-FSU,2045,WASH_MACH_COM,1,0.1
R32EEU-FSU,2045,WASH_MACH_COM,2,0
R32EEU-FSU,2046,WASH_MACH_COM,1,0.1
R32EEU-FSU,2046,WASH_MACH_COM,2,0
R32EEU-FSU,2047,WASH_MACH_COM,1,0.1
R32EEU-FSU,2047,WASH_MACH_COM,2,0
R32EEU-FSU,2048,WASH_MACH_COM,1,0.1
R32EEU-FSU,2048,WASH_MACH_COM,2,0
R32EEU-FSU,2049,WASH_MACH_COM,1,0.1
R32EEU-FSU,2049,WASH_MACH_COM,2,0
R32EEU-FSU,2050,WASH_MACH_COM,1,0.1
R32EEU-FSU,2050,WASH_MACH_COM,2,0
R32EEU-FSU,2051,WASH_MACH_COM,1,0.1
R32EEU-FSU,2051,WASH_MACH_COM,2,0
R32EEU-FSU,2052,WASH_MACH_COM,1,0.1
R32EEU-FSU,2052,WASH_MACH_COM,2,0
R32EEU-FSU,2053,WASH_MACH_COM,1,0.1
R32EEU-FSU,2053,WASH_MACH_COM,2,0
R32EEU-FSU,2054,WASH_MACH_COM,1,0.1
R32EEU-FSU,2054,WASH_MACH_COM,2,0
R32EEU-FSU,2055,WASH_MACH_COM,1,0.1
R32EEU-FSU,2055,WASH_MACH_COM,2,0
R32EEU-FSU,2056,WASH_MACH_COM,1,0.1
R32EEU-FSU,2056,WASH_MACH_COM,2,0
R32EEU-FSU,2057,WASH_MACH_COM,1,0.1
R32EEU-FSU,2057,WASH_MACH_COM,2,0
R32EEU-FSU,2058,WASH_MACH_COM,1,0.1
R32EEU-FSU,2058,WASH_MACH_COM,2,0
R32EEU-FSU,2059,WASH_MACH_COM,1,0.1
R32EEU-FSU,2059,WASH_MACH_COM,2,0
R32EEU-FSU,2060,WASH_MACH_COM,1,0.1
R32EEU-FSU,2060,WASH_MACH_COM,2,0
R32EEU-FSU,2061,WASH_MACH_COM,1,0.1
R32EEU-FSU,2061,WASH_MACH_COM,2,0
R32EEU-FSU,2062,WASH_MACH_COM,1,0.1
R32EEU-FSU,2062,WASH_MACH_COM,2,0
R32EEU-FSU,2063,WASH_MACH_COM,1,0.1
R32EEU-FSU,2063,WASH_MACH_COM,2,0
R32EEU-FSU,2064,WASH_MACH_COM,1,0.1
R32EEU-FSU,2064,WASH_MACH_COM,2,0
R32EEU-FSU,2065,WASH_MACH_COM,1,0.1
R32EEU-FSU,2065,WASH_MACH_COM,2,0
R32EEU-FSU,2066,WASH_MACH_COM,1,0.1
R32EEU-FSU,2066,WASH_MACH_COM,2,0
R32EEU-FSU,2067,WASH_MACH_COM,1,0.1
R32EEU-FSU,2067,WASH_MACH_COM,2,0
R32EEU-FSU,2068,WASH_MACH_COM,1,0.1
R32EEU-FSU,2068,WASH_MACH_COM,2,0
R32EEU-FSU,2069,WASH_MACH_COM,1,0.1
R32EEU-FSU,2069,WASH_MACH_COM,2,0
R32EEU-FSU,2070,WASH_MACH_COM,1,0.1
R32EEU-FSU,2070,WASH_MACH_COM,2,0
R32EEU-FSU,2071,WASH_MACH_COM,1,0.1
R32EEU-FSU,2071,WASH_MACH_COM,2,0
R32EEU-FSU,2072,WASH_MACH_COM,1,0.1
R32EEU-FSU,2072,WASH_MACH_COM,2,0
R32EEU-FSU,2073,WASH_MACH_COM,1,0.1
R32EEU-FSU,2073,WASH_MACH_COM,2,0
R32EEU-FSU,2074,WASH_MACH_COM,1,0.1
R32EEU-FSU,2074,WASH_MACH_COM,2,0
R32EEU-FSU,2075,WASH_MACH_COM,1,0.1
R32EEU-FSU,2075,WASH_MACH_COM,2,0
R32EEU-FSU,2076,WASH_MACH_COM,1,0.1
R32EEU-FSU,2076,WASH_MACH_COM,2,0
R32EEU-FSU,2077,WASH_MACH_COM,1,0.1
R32EEU-FSU,2077,WASH_MACH_COM,2,0
R32EEU-FSU,2078,WASH_MACH_COM,1,0.1
R32EEU-FSU,2078,WASH_MACH_COM,2,0
R32EEU-FSU,2079,WASH_MACH_COM,1,0.1
R32EEU-FSU,2079,WASH_MACH_COM,2,0
R32EEU-FSU,2080,WASH_MACH_COM,1,0.1
R32EEU-FSU,2080,WASH_MACH_COM,2,0
R32EEU-FSU,2081,WASH_MACH_COM,1,0.1
R32EEU-FSU,2081,WASH_MACH_COM,2,0
R32EEU-FSU,2082,WASH_MACH_COM,1,0.1
R32EEU-FSU,2082,WASH_MACH_COM,2,0
R32EEU-FSU,2083,WASH_MACH_COM,1,0.1
R32EEU-FSU,2083,WASH_MACH_COM,2,0
R32EEU-FSU,2084,WASH_MACH_COM,1,0.1
R32EEU-FSU,2084,WASH_MACH_COM,2,0
R32EEU-FSU,2085,WASH_MACH_COM,1,0.1
R32EEU-FSU,2085,WASH_MACH_COM,2,0
R32EEU-FSU,2086,WASH_MACH_COM,1,0.1
R32EEU-FSU,2086,WASH_MACH_COM,2,0
R32EEU-FSU,2087,WASH_MACH_COM,1,0.1
R32EEU-FSU,2087,WASH_MACH_COM,2,0
R32EEU-FSU,2088,WASH_MACH_COM,1,0.1
R32EEU-FSU,2088,WASH_MACH_COM,2,0
R32EEU-FSU,2089,WASH_MACH_COM,1,0.1
R32EEU-FSU,2089,WASH_MACH_COM,2,0
R32EEU-FSU,2090,WASH_MACH_COM,1,0.1
R32EEU-FSU,2090,WASH_MACH_COM,2,0
R32EEU-FSU,2091,WASH_MACH_COM,1,0.1
R32EEU-FSU,2091,WASH_MACH_COM,2,0
R32EEU-FSU,2092,WASH_MACH_COM,1,0.1
R32EEU-FSU,2092,WASH_MACH_COM,2,0
R32EEU-FSU,2093,WASH_MACH_COM,1,0.1
R32EEU-FSU,2093,WASH_MACH_COM,2,0
R32EEU-FSU,2094,WASH_MACH_COM,1,0.1
R32EEU-FSU,2094,WASH_MACH_COM,2,0
R32EEU-FSU,2095,WASH_MACH_COM,1,0.1
R32EEU-FSU,2095,WASH_MACH_COM,2,0
R32EEU-FSU,2096,WASH_MACH_COM,1,0.1
R32EEU-FSU,2096,WASH_MACH_COM,2,0
R32EEU-FSU,2097,WASH_MACH_COM,1,0.1
R32EEU-FSU,2097,WASH_MACH_COM,2,0
R32EEU-FSU,2098,WASH_MACH_COM,1,0.1
R32EEU-FSU,2098,WASH_MACH_COM,2,0
R32EEU-FSU,2099,WASH_MACH_COM,1,0.1
R32EEU-FSU,2099,WASH_MACH_COM,2,0
R32EEU-FSU,2100,WASH_MACH_COM,1,0.1
R32EEU-FSU,2100,WASH_MACH_COM,2,0
R32IDN,2000,WASH_MACH,1,0.1
R32IDN,2000,WASH_MACH,2,0
R32IDN,2001,WASH_MACH,1,0.1
R32IDN,2001,WASH_MACH,2,0
R32IDN,2002,WASH_MACH,1,0.1
R32IDN,2002,WASH_MACH,2,0
R32IDN,2003,WASH_MACH,1,0.1
R32IDN,2003,WASH_MACH,2,0
R32IDN,2004,WASH_MACH,1,0.1
R32IDN,2004,WASH_MACH,2,0
R32IDN,2005,WASH_MACH,1,0.1
R32IDN,2005,WASH_MACH,2,0
R32IDN,2006,WASH_MACH,1,0.1
R32IDN,2006,WASH_MACH,2,0
R32IDN,2007,WASH_MACH,1,0.1
R32IDN,2007,WASH_MACH,2,0
R32IDN,2008,WASH_MACH,1,0.1
R32IDN,2008,WASH_MACH,2,0
R32IDN,2009,WASH_MACH,1,0.1
R32IDN,2009,WASH_MACH,2,0
R32IDN,2010,WASH_MACH,1,0.1
R32IDN,2010,WASH_MACH,2,0
R32IDN,2011,WASH_MACH,1,0.1
R32IDN,2011,WASH_MACH,2,0
R32IDN,2012,WASH_MACH,1,0.1
R32IDN,2012,WASH_MACH,2,0
R32IDN,2013,WASH_MACH,1,0.1
R32IDN,2013,WASH_MACH,2,0
R32IDN,2014,WASH_MACH,1,0.1
R32IDN,2014,WASH_MACH,2,0
R32IDN,2015,WASH_MACH,1,0.1
R32IDN,2015,WASH_MACH,2,0
R32IDN,2016,WASH_MACH,1,0.1
R32IDN,2016,WASH_MACH,2,0
R32IDN,2017,WASH_MACH,1,0.1
R32IDN,2017,WASH_MACH,2,0
R32IDN,2018,WASH_MACH,1,0.1
R32IDN,2018,WASH_MACH,2,0
R32IDN,2019,WASH_MACH,1,0.1
R32IDN,2019,WASH_MACH,2,0
R32IDN,2020,WASH_MACH,1,0.1
R32IDN,2020,WASH_MACH,2,0
R32IDN,2021,WASH_MACH,1,0.1
R32IDN,2021,WASH_MACH,2,0
R32IDN,2022,WASH_MACH,1,0.1
R32IDN,2022,WASH_MACH,2,0
R32IDN,2023,WASH_MACH,1,0.1
R32IDN,2023,WASH_MACH,2,0
R32IDN,2024,WASH_MACH,1,0.1
R32IDN,2024,WASH_MACH,2,0
R32IDN,2025,WASH_MACH,1,0.1
R32IDN,2025,WASH_MACH,2,0
R32IDN,2026,WASH_MACH,1,0.1
R32IDN,2026,WASH_MACH,2,0
R32IDN,2027,WASH_MACH,1,0.1
R32IDN,2027,WASH_MACH,2,0
R32IDN,2028,WASH_MACH,1,0.1
R32IDN,2028,WASH_MACH,2,0
R32IDN,2029,WASH_MACH,1,0.1
R32IDN,2029,WASH_MACH,2,0
R32IDN,2030,WASH_MACH,1,0.1
R32IDN,2030,WASH_MACH,2,0
R32IDN,2031,WASH_MACH,1,0.1
R32IDN,2031,WASH_MACH,2,0
R32IDN,2032,WASH_MACH,1,0.1
R32IDN,2032,WASH_MACH,2,0
R32IDN,2033,WASH_MACH,1,0.1
R32IDN,2033,WASH_MACH,2,0
R32IDN,2034,WASH_MACH,1,0.1
R32IDN,2034,WASH_MACH,2,0
R32IDN,2035,WASH_MACH,1,0.1
R32IDN,2035,WASH_MACH,2,0
R32IDN,2036,WASH_MACH,1,0.1
R32IDN,2036,WASH_MACH,2,0
R32IDN,2037,WASH_MACH,1,0.1
R32IDN,2037,WASH_MACH,2,0
R32IDN,2038,WASH_MACH,1,0.1
R32IDN,2038,WASH_MACH,2,0
R32IDN,2039,WASH_MACH,1,0.1
R32IDN,2039,WASH_MACH,2,0
R32IDN,2040,WASH_MACH,1,0.1
R32IDN,2040,WASH_MACH,2,0
R32IDN,2041,WASH_MACH,1,0.1
R32IDN,2041,WASH_MACH,2,0
R32IDN,2042,WASH_MACH,1,0.1
R32IDN,2042,WASH_MACH,2,0
R32IDN,2043,WASH_MACH,1,0.1
R32IDN,2043,WASH_MACH,2,0
R32IDN,2044,WASH_MACH,1,0.1
R32IDN,2044,WASH_MACH,2,0
R32IDN,2045,WASH_MACH,1,0.1
R32IDN,2045,WASH_MACH,2,0
R32IDN,2046,WASH_MACH,1,0.1
R32IDN,2046,WASH_MACH,2,0
R32IDN,2047,WASH_MACH,1,0.1
R32IDN,2047,WASH_MACH,2,0
R32IDN,2048,WASH_MACH,1,0.1
R32IDN,2048,WASH_MACH,2,0
R32IDN,2049,WASH_MACH,1,0.1
R32IDN,2049,WASH_MACH,2,0
R32IDN,2050,WASH_MACH,1,0.1
R32IDN,2050,WASH_MACH,2,0
R32IDN,2051,WASH_MACH,1,0.1
R32IDN,2051,WASH_MACH,2,0
R32IDN,2052,WASH_MACH,1,0.1
R32IDN,2052,WASH_MACH,2,0
R32IDN,2053,WASH_MACH,1,0.1
R32IDN,2053,WASH_MACH,2,0
R32IDN,2054,WASH_MACH,1,0.1
R32IDN,2054,WASH_MACH,2,0
R32IDN,2055,WASH_MACH,1,0.1
R32IDN,2055,WASH_MACH,2,0
R32IDN,2056,WASH_MACH,1,0.1
R32IDN,2056,WASH_MACH,2,0
R32IDN,2057,WASH_MACH,1,0.1
R32IDN,2057,WASH_MACH,2,0
R32IDN,2058,WASH_MACH,1,0.1
R32IDN,2058,WASH_MACH,2,0
R32IDN,2059,WASH_MACH,1,0.1
R32IDN,2059,WASH_MACH,2,0
R32IDN,2060,WASH_MACH,1,0.1
R32IDN,2060,WASH_MACH,2,0
R32IDN,2061,WASH_MACH,1,0.1
R32IDN,2061,WASH_MACH,2,0
R32IDN,2062,WASH_MACH,1,0.1
R32IDN,2062,WASH_MACH,2,0
R32IDN,2063,WASH_MACH,1,0.1
R32IDN,2063,WASH_MACH,2,0
R32IDN,2064,WASH_MACH,1,0.1
R32IDN,2064,WASH_MACH,2,0
R32IDN,2065,WASH_MACH,1,0.1
R32IDN,2065,WASH_MACH,2,0
R32IDN,2066,WASH_MACH,1,0.1
R32IDN,2066,WASH_MACH,2,0
R32IDN,2067,WASH_MACH,1,0.1
R32IDN,2067,WASH_MACH,2,0
R32IDN,2068,WASH_MACH,1,0.1
R32IDN,2068,WASH_MACH,2,0
R32IDN,2069,WASH_MACH,1,0.1
R32IDN,2069,WASH_MACH,2,0
R32IDN,2070,WASH_MACH,1,0.1
R32IDN,2070,WASH_MACH,2,0
R32IDN,2071,WASH_MACH,1,0.1
R32IDN,2071,WASH_MACH,2,0
R32IDN,2072,WASH_MACH,1,0.1
R32IDN,2072,WASH_MACH,2,0
R32IDN,2073,WASH_MACH,1,0.1
R32IDN,2073,WASH_MACH,2,0
R32IDN,2074,WASH_MACH,1,0.1
R32IDN,2074,WASH_MACH,2,0
R32IDN,2075,WASH_MACH,1,0.1
R32IDN,2075,WASH_MACH,2,0
R32IDN,2076,WASH_MACH,1,0.1
R32IDN,2076,WASH_MACH,2,0
R32IDN,2077,WASH_MACH,1,0.1
R32IDN,2077,WASH_MACH,2,0
R32IDN,2078,WASH_MACH,1,0.1
R32IDN,2078,WASH_MACH,2,0
R32IDN,2079,WASH_MACH,1,0.1
R32IDN,2079,WASH_MACH,2,0
R32IDN,2080,WASH_MACH,1,0.1
R32IDN,2080,WASH_MACH,2,0
R32IDN,2081,WASH_MACH,1,0.1
R32IDN,2081,WASH_MACH,2,0
R32IDN,2082,WASH_MACH,1,0.1
R32IDN,2082,WASH_MACH,2,0
R32IDN,2083,WASH_MACH,1,0.1
R32IDN,2083,WASH_MACH,2,0
R32IDN,2084,WASH_MACH,1,0.1
R32IDN,2084,WASH_MACH,2,0
R32IDN,2085,WASH_MACH,1,0.1
R32IDN,2085,WASH_MACH,2,0
R32IDN,2086,WASH_MACH,1,0.1
R32IDN,2086,WASH_MACH,2,0
R32IDN,2087,WASH_MACH,1,0.1
R32IDN,2087,WASH_MACH,2,0
R32IDN,2088,WASH_MACH,1,0.1
R32IDN,2088,WASH_MACH,2,0
R32IDN,2089,WASH_MACH,1,0.1
R32IDN,2089,WASH_MACH,2,0
R32IDN,2090,WASH_MACH,1,0.1
R32IDN,2090,WASH_MACH,2,0
R32IDN,2091,WASH_MACH,1,0.1
R32IDN,2091,WASH_MACH,2,0
R32IDN,2092,WASH_MACH,1,0.1
R32IDN,2092,WASH_MACH,2,0
R32IDN,2093,WASH_MACH,1,0.1
R32IDN,2093,WASH_MACH,2,0
R32IDN,2094,WASH_MACH,1,0.1
R32IDN,2094,WASH_MACH,2,0
R32IDN,2095,WASH_MACH,1,0.1
R32IDN,2095,WASH_MACH,2,0
R32IDN,2096,WASH_MACH,1,0.1
R32IDN,2096,WASH_MACH,2,0
R32IDN,2097,WASH_MACH,1,0.1
R32IDN,2097,WASH_MACH,2,0
R32IDN,2098,WASH_MACH,1,0.1
R32IDN,2098,WASH_MACH,2,0
R32IDN,2099,WASH_MACH,1,0.1
R32IDN,2099,WASH_MACH,2,0
R32IDN,2100,WASH_MACH,1,0.1
R32IDN,2100,WASH_MACH,2,0
R32IDN,2000,WASH_MACH_COM,1,0.1
R32IDN,2000,WASH_MACH_COM,2,0
R32IDN,2001,WASH_MACH_COM,1,0.1
R32IDN,2001,WASH_MACH_COM,2,0
R32IDN,2002,WASH_MACH_COM,1,0.1
R32IDN,2002,WASH_MACH_COM,2,0
R32IDN,2003,WASH_MACH_COM,1,0.1
R32IDN,2003,WASH_MACH_COM,2,0
R32IDN,2004,WASH_MACH_COM,1,0.1
R32IDN,2004,WASH_MACH_COM,2,0
R32IDN,2005,WASH_MACH_COM,1,0.1
R32IDN,2005,WASH_MACH_COM,2,0
R32IDN,2006,WASH_MACH_COM,1,0.1
R32IDN,2006,WASH_MACH_COM,2,0
R32IDN,2007,WASH_MACH_COM,1,0.1
R32IDN,2007,WASH_MACH_COM,2,0
R32IDN,2008,WASH_MACH_COM,1,0.1
R32IDN,2008,WASH_MACH_COM,2,0
R32IDN,2009,WASH_MACH_COM,1,0.1
R32IDN,2009,WASH_MACH_COM,2,0
R32IDN,2010,WASH_MACH_COM,1,0.1
R32IDN,2010,WASH_MACH_COM,2,0
R32IDN,2011,WASH_MACH_COM,1,0.1
R32IDN,2011,WASH_MACH_COM,2,0
R32IDN,2012,WASH_MACH_COM,1,0.1
R32IDN,2012,WASH_MACH_COM,2,0
R32IDN,2013,WASH_MACH_COM,1,0.1
R32IDN,2013,WASH_MACH_COM,2,0
R32IDN,2014,WASH_MACH_COM,1,0.1
R32IDN,2014,WASH_MACH_COM,2,0
R32IDN,2015,WASH_MACH_COM,1,0.1
R32IDN,2015,WASH_MACH_COM,2,0
R32IDN,2016,WASH_MACH_COM,1,0.1
R32IDN,2016,WASH_MACH_COM,2,0
R32IDN,2017,WASH_MACH_COM,1,0.1
R32IDN,2017,WASH_MACH_COM,2,0
R32IDN,2018,WASH_MACH_COM,1,0.1
R32IDN,2018,WASH_MACH_COM,2,0
R32IDN,2019,WASH_MACH_COM,1,0.1
R32IDN,2019,WASH_MACH_COM,2,0
R32IDN,2020,WASH_MACH_COM,1,0.1
R32IDN,2020,WASH_MACH_COM,2,0
R32IDN,2021,WASH_MACH_COM,1,0.1
R32IDN,2021,WASH_MACH_COM,2,0
R32IDN,2022,WASH_MACH_COM,1,0.1
R32IDN,2022,WASH_MACH_COM,2,0
R32IDN,2023,WASH_MACH_COM,1,0.1
R32IDN,2023,WASH_MACH_COM,2,0
R32IDN,2024,WASH_MACH_COM,1,0.1
R32IDN,2024,WASH_MACH_COM,2,0
R32IDN,2025,WASH_MACH_COM,1,0.1
R32IDN,2025,WASH_MACH_COM,2,0
R32IDN,2026,WASH_MACH_COM,1,0.1
R32IDN,2026,WASH_MACH_COM,2,0
R32IDN,2027,WASH_MACH_COM,1,0.1
R32IDN,2027,WASH_MACH_COM,2,0
R32IDN,2028,WASH_MACH_COM,1,0.1
R32IDN,2028,WASH_MACH_COM,2,0
R32IDN,2029,WASH_MACH_COM,1,0.1
R32IDN,2029,WASH_MACH_COM,2,0
R32IDN,2030,WASH_MACH_COM,1,0.1
R32IDN,2030,WASH_MACH_COM,2,0
R32IDN,2031,WASH_MACH_COM,1,0.1
R32IDN,2031,WASH_MACH_COM,2,0
R32IDN,2032,WASH_MACH_COM,1,0.1
R32IDN,2032,WASH_MACH_COM,2,0
R32IDN,2033,WASH_MACH_COM,1,0.1
R32IDN,2033,WASH_MACH_COM,2,0
R32IDN,2034,WASH_MACH_COM,1,0.1
R32IDN,2034,WASH_MACH_COM,2,0
R32IDN,2035,WASH_MACH_COM,1,0.1
R32IDN,2035,WASH_MACH_COM,2,0
R32IDN,2036,WASH_MACH_COM,1,0.1
R32IDN,2036,WASH_MACH_COM,2,0
R32IDN,2037,WASH_MACH_COM,1,0.1
R32IDN,2037,WASH_MACH_COM,2,0
R32IDN,2038,WASH_MACH_COM,1,0.1
R32IDN,2038,WASH_MACH_COM,2,0
R32IDN,2039,WASH_MACH_COM,1,0.1
R32IDN,2039,WASH_MACH_COM,2,0
R32IDN,2040,WASH_MACH_COM,1,0.1
R32IDN,2040,WASH_MACH_COM,2,0
R32IDN,2041,WASH_MACH_COM,1,0.1
R32IDN,2041,WASH_MACH_COM,2,0
R32IDN,2042,WASH_MACH_COM,1,0.1
R32IDN,2042,WASH_MACH_COM,2,0
R32IDN,2043,WASH_MACH_COM,1,0.1
R32IDN,2043,WASH_MACH_COM,2,0
R32IDN,2044,WASH_MACH_COM,1,0.1
R32IDN,2044,WASH_MACH_COM,2,0
R32IDN,2045,WASH_MACH_COM,1,0.1
R32IDN,2045,WASH_MACH_COM,2,0
R32IDN,2046,WASH_MACH_COM,1,0.1
R32IDN,2046,WASH_MACH_COM,2,0
R32IDN,2047,WASH_MACH_COM,1,0.1
R32IDN,2047,WASH_MACH_COM,2,0
R32IDN,2048,WASH_MACH_COM,1,0.1
R32IDN,2048,WASH_MACH_COM,2,0
R32IDN,2049,WASH_MACH_COM,1,0.1
R32IDN,2049,WASH_MACH_COM,2,0
R32IDN,2050,WASH_MACH_COM,1,0.1
R32IDN,2050,WASH_MACH_COM,2,0
R32IDN,2051,WASH_MACH_COM,1,0.1
R32IDN,2051,WASH_MACH_COM,2,0
R32IDN,2052,WASH_MACH_COM,1,0.1
R32IDN,2052,WASH_MACH_COM,2,0
R32IDN,2053,WASH_MACH_COM,1,0.1
R32IDN,2053,WASH_MACH_COM,2,0
R32IDN,2054,WASH_MACH_COM,1,0.1
R32IDN,2054,WASH_MACH_COM,2,0
R32IDN,2055,WASH_MACH_COM,1,0.1
R32IDN,2055,WASH_MACH_COM,2,0
R32IDN,2056,WASH_MACH_COM,1,0.1
R32IDN,2056,WASH_MACH_COM,2,0
R32IDN,2057,WASH_MACH_COM,1,0.1
R32IDN,2057,WASH_MACH_COM,2,0
R32IDN,2058,WASH_MACH_COM,1,0.1
R32IDN,2058,WASH_MACH_COM,2,0
R32IDN,2059,WASH_MACH_COM,1,0.1
R32IDN,2059,WASH_MACH_COM,2,0
R32IDN,2060,WASH_MACH_COM,1,0.1
R32IDN,2060,WASH_MACH_COM,2,0
R32IDN,2061,WASH_MACH_COM,1,0.1
R32IDN,2061,WASH_MACH_COM,2,0
R32IDN,2062,WASH_MACH_COM,1,0.1
R32IDN,2062,WASH_MACH_COM,2,0
R32IDN,2063,WASH_MACH_COM,1,0.1
R32IDN,2063,WASH_MACH_COM,2,0
R32IDN,2064,WASH_MACH_COM,1,0.1
R32IDN,2064,WASH_MACH_COM,2,0
R32IDN,2065,WASH_MACH_COM,1,0.1
R32IDN,2065,WASH_MACH_COM,2,0
R32IDN,2066,WASH_MACH_COM,1,0.1
R32IDN,2066,WASH_MACH_COM,2,0
R32IDN,2067,WASH_MACH_COM,1,0.1
R32IDN,2067,WASH_MACH_COM,2,0
R32IDN,2068,WASH_MACH_COM,1,0.1
R32IDN,2068,WASH_MACH_COM,2,0
R32IDN,2069,WASH_MACH_COM,1,0.1
R32IDN,2069,WASH_MACH_COM,2,0
R32IDN,2070,WASH_MACH_COM,1,0.1
R32IDN,2070,WASH_MACH_COM,2,0
R32IDN,2071,WASH_MACH_COM,1,0.1
R32IDN,2071,WASH_MACH_COM,2,0
R32IDN,2072,WASH_MACH_COM,1,0.1
R32IDN,2072,WASH_MACH_COM,2,0
R32IDN,2073,WASH_MACH_COM,1,0.1
R32IDN,2073,WASH_MACH_COM,2,0
R32IDN,2074,WASH_MACH_COM,1,0.1
R32IDN,2074,WASH_MACH_COM,2,0
R32IDN,2075,WASH_MACH_COM,1,0.1
R32IDN,2075,WASH_MACH_COM,2,0
R32IDN,2076,WASH_MACH_COM,1,0.1
R32IDN,2076,WASH_MACH_COM,2,0
R32IDN,2077,WASH_MACH_COM,1,0.1
R32IDN,2077,WASH_MACH_COM,2,0
R32IDN,2078,WASH_MACH_COM,1,0.1
R32IDN,2078,WASH_MACH_COM,2,0
R32IDN,2079,WASH_MACH_COM,1,0.1
R32IDN,2079,WASH_MACH_COM,2,0
R32IDN,2080,WASH_MACH_COM,1,0.1
R32IDN,2080,WASH_MACH_COM,2,0
R32IDN,2081,WASH_MACH_COM,1,0.1
R32IDN,2081,WASH_MACH_COM,2,0
R32IDN,2082,WASH_MACH_COM,1,0.1
R32IDN,2082,WASH_MACH_COM,2,0
R32IDN,2083,WASH_MACH_COM,1,0.1
R32IDN,2083,WASH_MACH_COM,2,0
R32IDN,2084,WASH_MACH_COM,1,0.1
R32IDN,2084,WASH_MACH_COM,2,0
R32IDN,2085,WASH_MACH_COM,1,0.1
R32IDN,2085,WASH_MACH_COM,2,0
R32IDN,2086,WASH_MACH_COM,1,0.1
R32IDN,2086,WASH_MACH_COM,2,0
R32IDN,2087,WASH_MACH_COM,1,0.1
R32IDN,2087,WASH_MACH_COM,2,0
R32IDN,2088,WASH_MACH_COM,1,0.1
R32IDN,2088,WASH_MACH_COM,2,0
R32IDN,2089,WASH_MACH_COM,1,0.1
R32IDN,2089,WASH_MACH_COM,2,0
R32IDN,2090,WASH_MACH_COM,1,0.1
R32IDN,2090,WASH_MACH_COM,2,0
R32IDN,2091,WASH_MACH_COM,1,0.1
R32IDN,2091,WASH_MACH_COM,2,0
R32IDN,2092,WASH_MACH_COM,1,0.1
R32IDN,2092,WASH_MACH_COM,2,0
R32IDN,2093,WASH_MACH_COM,1,0.1
R32IDN,2093,WASH_MACH_COM,2,0
R32IDN,2094,WASH_MACH_COM,1,0.1
R32IDN,2094,WASH_MACH_COM,2,0
R32IDN,2095,WASH_MACH_COM,1,0.1
R32IDN,2095,WASH_MACH_COM,2,0
R32IDN,2096,WASH_MACH_COM,1,0.1
R32IDN,2096,WASH_MACH_COM,2,0
R32IDN,2097,WASH_MACH_COM,1,0.1
R32IDN,2097,WASH_MACH_COM,2,0
R32IDN,2098,WASH_MACH_COM,1,0.1
R32IDN,2098,WASH_MACH_COM,2,0
R32IDN,2099,WASH_MACH_COM,1,0.1
R32IDN,2099,WASH_MACH_COM,2,0
R32IDN,2100,WASH_MACH_COM,1,0.1
R32IDN,2100,WASH_MACH_COM,2,0
R32IND,2000,WASH_MACH,1,0.1
R32IND,2000,WASH_MACH,2,0
R32IND,2001,WASH_MACH,1,0.1
R32IND,2001,WASH_MACH,2,0
R32IND,2002,WASH_MACH,1,0.1
R32IND,2002,WASH_MACH,2,0
R32IND,2003,WASH_MACH,1,0.1
R32IND,2003,WASH_MACH,2,0
R32IND,2004,WASH_MACH,1,0.1
R32IND,2004,WASH_MACH,2,0
R32IND,2005,WASH_MACH,1,0.1
R32IND,2005,WASH_MACH,2,0
R32IND,2006,WASH_MACH,1,0.1
R32IND,2006,WASH_MACH,2,0
R32IND,2007,WASH_MACH,1,0.1
R32IND,2007,WASH_MACH,2,0
R32IND,2008,WASH_MACH,1,0.1
R32IND,2008,WASH_MACH,2,0
R32IND,2009,WASH_MACH,1,0.1
R32IND,2009,WASH_MACH,2,0
R32IND,2010,WASH_MACH,1,0.1
R32IND,2010,WASH_MACH,2,0
R32IND,2011,WASH_MACH,1,0.1
R32IND,2011,WASH_MACH,2,0
R32IND,2012,WASH_MACH,1,0.1
R32IND,2012,WASH_MACH,2,0
R32IND,2013,WASH_MACH,1,0.1
R32IND,2013,WASH_MACH,2,0
R32IND,2014,WASH_MACH,1,0.1
R32IND,2014,WASH_MACH,2,0
R32IND,2015,WASH_MACH,1,0.1
R32IND,2015,WASH_MACH,2,0
R32IND,2016,WASH_MACH,1,0.1
R32IND,2016,WASH_MACH,2,0
R32IND,2017,WASH_MACH,1,0.1
R32IND,2017,WASH_MACH,2,0
R32IND,2018,WASH_MACH,1,0.1
R32IND,2018,WASH_MACH,2,0
R32IND,2019,WASH_MACH,1,0.1
R32IND,2019,WASH_MACH,2,0
R32IND,2020,WASH_MACH,1,0.1
R32IND,2020,WASH_MACH,2,0
R32IND,2021,WASH_MACH,1,0.1
R32IND,2021,WASH_MACH,2,0
R32IND,2022,WASH_MACH,1,0.1
R32IND,2022,WASH_MACH,2,0
R32IND,2023,WASH_MACH,1,0.1
R32IND,2023,WASH_MACH,2,0
R32IND,2024,WASH_MACH,1,0.1
R32IND,2024,WASH_MACH,2,0
R32IND,2025,WASH_MACH,1,0.1
R32IND,2025,WASH_MACH,2,0
R32IND,2026,WASH_MACH,1,0.1
R32IND,2026,WASH_MACH,2,0
R32IND,2027,WASH_MACH,1,0.1
R32IND,2027,WASH_MACH,2,0
R32IND,2028,WASH_MACH,1,0.1
R32IND,2028,WASH_MACH,2,0
R32IND,2029,WASH_MACH,1,0.1
R32IND,2029,WASH_MACH,2,0
R32IND,2030,WASH_MACH,1,0.1
R32IND,2030,WASH_MACH,2,0
R32IND,2031,WASH_MACH,1,0.1
R32IND,2031,WASH_MACH,2,0
R32IND,2032,WASH_MACH,1,0.1
R32IND,2032,WASH_MACH,2,0
R32IND,2033,WASH_MACH,1,0.1
R32IND,2033,WASH_MACH,2,0
R32IND,2034,WASH_MACH,1,0.1
R32IND,2034,WASH_MACH,2,0
R32IND,2035,WASH_MACH,1,0.1
R32IND,2035,WASH_MACH,2,0
R32IND,2036,WASH_MACH,1,0.1
R32IND,2036,WASH_MACH,2,0
R32IND,2037,WASH_MACH,1,0.1
R32IND,2037,WASH_MACH,2,0
R32IND,2038,WASH_MACH,1,0.1
R32IND,2038,WASH_MACH,2,0
R32IND,2039,WASH_MACH,1,0.1
R32IND,2039,WASH_MACH,2,0
R32IND,2040,WASH_MACH,1,0.1
R32IND,2040,WASH_MACH,2,0
R32IND,2041,WASH_MACH,1,0.1
R32IND,2041,WASH_MACH,2,0
R32IND,2042,WASH_MACH,1,0.1
R32IND,2042,WASH_MACH,2,0
R32IND,2043,WASH_MACH,1,0.1
R32IND,2043,WASH_MACH,2,0
R32IND,2044,WASH_MACH,1,0.1
R32IND,2044,WASH_MACH,2,0
R32IND,2045,WASH_MACH,1,0.1
R32IND,2045,WASH_MACH,2,0
R32IND,2046,WASH_MACH,1,0.1
R32IND,2046,WASH_MACH,2,0
R32IND,2047,WASH_MACH,1,0.1
R32IND,2047,WASH_MACH,2,0
R32IND,2048,WASH_MACH,1,0.1
R32IND,2048,WASH_MACH,2,0
R32IND,2049,WASH_MACH,1,0.1
R32IND,2049,WASH_MACH,2,0
R32IND,2050,WASH_MACH,1,0.1
R32IND,2050,WASH_MACH,2,0
R32IND,2051,WASH_MACH,1,0.1
R32IND,2051,WASH_MACH,2,0
R32IND,2052,WASH_MACH,1,0.1
R32IND,2052,WASH_MACH,2,0
R32IND,2053,WASH_MACH,1,0.1
R32IND,2053,WASH_MACH,2,0
R32IND,2054,WASH_MACH,1,0.1
R32IND,2054,WASH_MACH,2,0
R32IND,2055,WASH_MACH,1,0.1
R32IND,2055,WASH_MACH,2,0
R32IND,2056,WASH_MACH,1,0.1
R32IND,2056,WASH_MACH,2,0
R32IND,2057,WASH_MACH,1,0.1
R32IND,2057,WASH_MACH,2,0
R32IND,2058,WASH_MACH,1,0.1
R32IND,2058,WASH_MACH,2,0
R32IND,2059,WASH_MACH,1,0.1
R32IND,2059,WASH_MACH,2,0
R32IND,2060,WASH_MACH,1,0.1
R32IND,2060,WASH_MACH,2,0
R32IND,2061,WASH_MACH,1,0.1
R32IND,2061,WASH_MACH,2,0
R32IND,2062,WASH_MACH,1,0.1
R32IND,2062,WASH_MACH,2,0
R32IND,2063,WASH_MACH,1,0.1
R32IND,2063,WASH_MACH,2,0
R32IND,2064,WASH_MACH,1,0.1
R32IND,2064,WASH_MACH,2,0
R32IND,2065,WASH_MACH,1,0.1
R32IND,2065,WASH_MACH,2,0
R32IND,2066,WASH_MACH,1,0.1
R32IND,2066,WASH_MACH,2,0
R32IND,2067,WASH_MACH,1,0.1
R32IND,2067,WASH_MACH,2,0
R32IND,2068,WASH_MACH,1,0.1
R32IND,2068,WASH_MACH,2,0
R32IND,2069,WASH_MACH,1,0.1
R32IND,2069,WASH_MACH,2,0
R32IND,2070,WASH_MACH,1,0.1
R32IND,2070,WASH_MACH,2,0
R32IND,2071,WASH_MACH,1,0.1
R32IND,2071,WASH_MACH,2,0
R32IND,2072,WASH_MACH,1,0.1
R32IND,2072,WASH_MACH,2,0
R32IND,2073,WASH_MACH,1,0.1
R32IND,2073,WASH_MACH,2,0
R32IND,2074,WASH_MACH,1,0.1
R32IND,2074,WASH_MACH,2,0
R32IND,2075,WASH_MACH,1,0.1
R32IND,2075,WASH_MACH,2,0
R32IND,2076,WASH_MACH,1,0.1
R32IND,2076,WASH_MACH,2,0
R32IND,2077,WASH_MACH,1,0.1
R32IND,2077,WASH_MACH,2,0
R32IND,2078,WASH_MACH,1,0.1
R32IND,2078,WASH_MACH,2,0
R32IND,2079,WASH_MACH,1,0.1
R32IND,2079,WASH_MACH,2,0
R32IND,2080,WASH_MACH,1,0.1
R32IND,2080,WASH_MACH,2,0
R32IND,2081,WASH_MACH,1,0.1
R32IND,2081,WASH_MACH,2,0
R32IND,2082,WASH_MACH,1,0.1
R32IND,2082,WASH_MACH,2,0
R32IND,2083,WASH_MACH,1,0.1
R32IND,2083,WASH_MACH,2,0
R32IND,2084,WASH_MACH,1,0.1
R32IND,2084,WASH_MACH,2,0
R32IND,2085,WASH_MACH,1,0.1
R32IND,2085,WASH_MACH,2,0
R32IND,2086,WASH_MACH,1,0.1
R32IND,2086,WASH_MACH,2,0
R32IND,2087,WASH_MACH,1,0.1
R32IND,2087,WASH_MACH,2,0
R32IND,2088,WASH_MACH,1,0.1
R32IND,2088,WASH_MACH,2,0
R32IND,2089,WASH_MACH,1,0.1
R32IND,2089,WASH_MACH,2,0
R32IND,2090,WASH_MACH,1,0.1
R32IND,2090,WASH_MACH,2,0
R32IND,2091,WASH_MACH,1,0.1
R32IND,2091,WASH_MACH,2,0
R32IND,2092,WASH_MACH,1,0.1
R32IND,2092,WASH_MACH,2,0
R32IND,2093,WASH_MACH,1,0.1
R32IND,2093,WASH_MACH,2,0
R32IND,2094,WASH_MACH,1,0.1
R32IND,2094,WASH_MACH,2,0
R32IND,2095,WASH_MACH,1,0.1
R32IND,2095,WASH_MACH,2,0
R32IND,2096,WASH_MACH,1,0.1
R32IND,2096,WASH_MACH,2,0
R32IND,2097,WASH_MACH,1,0.1
R32IND,2097,WASH_MACH,2,0
R32IND,2098,WASH_MACH,1,0.1
R32IND,2098,WASH_MACH,2,0
R32IND,2099,WASH_MACH,1,0.1
R32IND,2099,WASH_MACH,2,0
R32IND,2100,WASH_MACH,1,0.1
R32IND,2100,WASH_MACH,2,0
R32IND,2000,WASH_MACH_COM,1,0.1
R32IND,2000,WASH_MACH_COM,2,0
R32IND,2001,WASH_MACH_COM,1,0.1
R32IND,2001,WASH_MACH_COM,2,0
R32IND,2002,WASH_MACH_COM,1,0.1
R32IND,2002,WASH_MACH_COM,2,0
R32IND,2003,WASH_MACH_COM,1,0.1
R32IND,2003,WASH_MACH_COM,2,0
R32IND,2004,WASH_MACH_COM,1,0.1
R32IND,2004,WASH_MACH_COM,2,0
R32IND,2005,WASH_MACH_COM,1,0.1
R32IND,2005,WASH_MACH_COM,2,0
R32IND,2006,WASH_MACH_COM,1,0.1
R32IND,2006,WASH_MACH_COM,2,0
R32IND,2007,WASH_MACH_COM,1,0.1
R32IND,2007,WASH_MACH_COM,2,0
R32IND,2008,WASH_MACH_COM,1,0.1
R32IND,2008,WASH_MACH_COM,2,0
R32IND,2009,WASH_MACH_COM,1,0.1
R32IND,2009,WASH_MACH_COM,2,0
R32IND,2010,WASH_MACH_COM,1,0.1
R32IND,2010,WASH_MACH_COM,2,0
R32IND,2011,WASH_MACH_COM,1,0.1
R32IND,2011,WASH_MACH_COM,2,0
R32IND,2012,WASH_MACH_COM,1,0.1
R32IND,2012,WASH_MACH_COM,2,0
R32IND,2013,WASH_MACH_COM,1,0.1
R32IND,2013,WASH_MACH_COM,2,0
R32IND,2014,WASH_MACH_COM,1,0.1
R32IND,2014,WASH_MACH_COM,2,0
R32IND,2015,WASH_MACH_COM,1,0.1
R32IND,2015,WASH_MACH_COM,2,0
R32IND,2016,WASH_MACH_COM,1,0.1
R32IND,2016,WASH_MACH_COM,2,0
R32IND,2017,WASH_MACH_COM,1,0.1
R32IND,2017,WASH_MACH_COM,2,0
R32IND,2018,WASH_MACH_COM,1,0.1
R32IND,2018,WASH_MACH_COM,2,0
R32IND,2019,WASH_MACH_COM,1,0.1
R32IND,2019,WASH_MACH_COM,2,0
R32IND,2020,WASH_MACH_COM,1,0.1
R32IND,2020,WASH_MACH_COM,2,0
R32IND,2021,WASH_MACH_COM,1,0.1
R32IND,2021,WASH_MACH_COM,2,0
R32IND,2022,WASH_MACH_COM,1,0.1
R32IND,2022,WASH_MACH_COM,2,0
R32IND,2023,WASH_MACH_COM,1,0.1
R32IND,2023,WASH_MACH_COM,2,0
R32IND,2024,WASH_MACH_COM,1,0.1
R32IND,2024,WASH_MACH_COM,2,0
R32IND,2025,WASH_MACH_COM,1,0.1
R32IND,2025,WASH_MACH_COM,2,0
R32IND,2026,WASH_MACH_COM,1,0.1
R32IND,2026,WASH_MACH_COM,2,0
R32IND,2027,WASH_MACH_COM,1,0.1
R32IND,2027,WASH_MACH_COM,2,0
R32IND,2028,WASH_MACH_COM,1,0.1
R32IND,2028,WASH_MACH_COM,2,0
R32IND,2029,WASH_MACH_COM,1,0.1
R32IND,2029,WASH_MACH_COM,2,0
R32IND,2030,WASH_MACH_COM,1,0.1
R32IND,2030,WASH_MACH_COM,2,0
R32IND,2031,WASH_MACH_COM,1,0.1
R32IND,2031,WASH_MACH_COM,2,0
R32IND,2032,WASH_MACH_COM,1,0.1
R32IND,2032,WASH_MACH_COM,2,0
R32IND,2033,WASH_MACH_COM,1,0.1
R32IND,2033,WASH_MACH_COM,2,0
R32IND,2034,WASH_MACH_COM,1,0.1
R32IND,2034,WASH_MACH_COM,2,0
R32IND,2035,WASH_MACH_COM,1,0.1
R32IND,2035,WASH_MACH_COM,2,0
R32IND,2036,WASH_MACH_COM,1,0.1
R32IND,2036,WASH_MACH_COM,2,0
R32IND,2037,WASH_MACH_COM,1,0.1
R32IND,2037,WASH_MACH_COM,2,0
R32IND,2038,WASH_MACH_COM,1,0.1
R32IND,2038,WASH_MACH_COM,2,0
R32IND,2039,WASH_MACH_COM,1,0.1
R32IND,2039,WASH_MACH_COM,2,0
R32IND,2040,WASH_MACH_COM,1,0.1
R32IND,2040,WASH_MACH_COM,2,0
R32IND,2041,WASH_MACH_COM,1,0.1
R32IND,2041,WASH_MACH_COM,2,0
R32IND,2042,WASH_MACH_COM,1,0.1
R32IND,2042,WASH_MACH_COM,2,0
R32IND,2043,WASH_MACH_COM,1,0.1
R32IND,2043,WASH_MACH_COM,2,0
R32IND,2044,WASH_MACH_COM,1,0.1
R32IND,2044,WASH_MACH_COM,2,0
R32IND,2045,WASH_MACH_COM,1,0.1
R32IND,2045,WASH_MACH_COM,2,0
R32IND,2046,WASH_MACH_COM,1,0.1
R32IND,2046,WASH_MACH_COM,2,0
R32IND,2047,WASH_MACH_COM,1,0.1
R32IND,2047,WASH_MACH_COM,2,0
R32IND,2048,WASH_MACH_COM,1,0.1
R32IND,2048,WASH_MACH_COM,2,0
R32IND,2049,WASH_MACH_COM,1,0.1
R32IND,2049,WASH_MACH_COM,2,0
R32IND,2050,WASH_MACH_COM,1,0.1
R32IND,2050,WASH_MACH_COM,2,0
R32IND,2051,WASH_MACH_COM,1,0.1
R32IND,2051,WASH_MACH_COM,2,0
R32IND,2052,WASH_MACH_COM,1,0.1
R32IND,2052,WASH_MACH_COM,2,0
R32IND,2053,WASH_MACH_COM,1,0.1
R32IND,2053,WASH_MACH_COM,2,0
R32IND,2054,WASH_MACH_COM,1,0.1
R32IND,2054,WASH_MACH_COM,2,0
R32IND,2055,WASH_MACH_COM,1,0.1
R32IND,2055,WASH_MACH_COM,2,0
R32IND,2056,WASH_MACH_COM,1,0.1
R32IND,2056,WASH_MACH_COM,2,0
R32IND,2057,WASH_MACH_COM,1,0.1
R32IND,2057,WASH_MACH_COM,2,0
R32IND,2058,WASH_MACH_COM,1,0.1
R32IND,2058,WASH_MACH_COM,2,0
R32IND,2059,WASH_MACH_COM,1,0.1
R32IND,2059,WASH_MACH_COM,2,0
R32IND,2060,WASH_MACH_COM,1,0.1
R32IND,2060,WASH_MACH_COM,2,0
R32IND,2061,WASH_MACH_COM,1,0.1
R32IND,2061,WASH_MACH_COM,2,0
R32IND,2062,WASH_MACH_COM,1,0.1
R32IND,2062,WASH_MACH_COM,2,0
R32IND,2063,WASH_MACH_COM,1,0.1
R32IND,2063,WASH_MACH_COM,2,0
R32IND,2064,WASH_MACH_COM,1,0.1
R32IND,2064,WASH_MACH_COM,2,0
R32IND,2065,WASH_MACH_COM,1,0.1
R32IND,2065,WASH_MACH_COM,2,0
R32IND,2066,WASH_MACH_COM,1,0.1
R32IND,2066,WASH_MACH_COM,2,0
R32IND,2067,WASH_MACH_COM,1,0.1
R32IND,2067,WASH_MACH_COM,2,0
R32IND,2068,WASH_MACH_COM,1,0.1
R32IND,2068,WASH_MACH_COM,2,0
R32IND,2069,WASH_MACH_COM,1,0.1
R32IND,2069,WASH_MACH_COM,2,0
R32IND,2070,WASH_MACH_COM,1,0.1
R32IND,2070,WASH_MACH_COM,2,0
R32IND,2071,WASH_MACH_COM,1,0.1
R32IND,2071,WASH_MACH_COM,2,0
R32IND,2072,WASH_MACH_COM,1,0.1
R32IND,2072,WASH_MACH_COM,2,0
R32IND,2073,WASH_MACH_COM,1,0.1
R32IND,2073,WASH_MACH_COM,2,0
R32IND,2074,WASH_MACH_COM,1,0.1
R32IND,2074,WASH_MACH_COM,2,0
R32IND,2075,WASH_MACH_COM,1,0.1
R32IND,2075,WASH_MACH_COM,2,0
R32IND,2076,WASH_MACH_COM,1,0.1
R32IND,2076,WASH_MACH_COM,2,0
R32IND,2077,WASH_MACH_COM,1,0.1
R32IND,2077,WASH_MACH_COM,2,0
R32IND,2078,WASH_MACH_COM,1,0.1
R32IND,2078,WASH_MACH_COM,2,0
R32IND,2079,WASH_MACH_COM,1,0.1
R32IND,2079,WASH_MACH_COM,2,0
R32IND,2080,WASH_MACH_COM,1,0.1
R32IND,2080,WASH_MACH_COM,2,0
R32IND,2081,WASH_MACH_COM,1,0.1
R32IND,2081,WASH_MACH_COM,2,0
R32IND,2082,WASH_MACH_COM,1,0.1
R32IND,2082,WASH_MACH_COM,2,0
R32IND,2083,WASH_MACH_COM,1,0.1
R32IND,2083,WASH_MACH_COM,2,0
R32IND,2084,WASH_MACH_COM,1,0.1
R32IND,2084,WASH_MACH_COM,2,0
R32IND,2085,WASH_MACH_COM,1,0.1
R32IND,2085,WASH_MACH_COM,2,0
R32IND,2086,WASH_MACH_COM,1,0.1
R32IND,2086,WASH_MACH_COM,2,0
R32IND,2087,WASH_MACH_COM,1,0.1
R32IND,2087,WASH_MACH_COM,2,0
R32IND,2088,WASH_MACH_COM,1,0.1
R32IND,2088,WASH_MACH_COM,2,0
R32IND,2089,WASH_MACH_COM,1,0.1
R32IND,2089,WASH_MACH_COM,2,0
R32IND,2090,WASH_MACH_COM,1,0.1
R32IND,2090,WASH_MACH_COM,2,0
R32IND,2091,WASH_MACH_COM,1,0.1
R32IND,2091,WASH_MACH_COM,2,0
R32IND,2092,WASH_MACH_COM,1,0.1
R32IND,2092,WASH_MACH_COM,2,0
R32IND,2093,WASH_MACH_COM,1,0.1
R32IND,2093,WASH_MACH_COM,2,0
R32IND,2094,WASH_MACH_COM,1,0.1
R32IND,2094,WASH_MACH_COM,2,0
R32IND,2095,WASH_MACH_COM,1,0.1
R32IND,2095,WASH_MACH_COM,2,0
R32IND,2096,WASH_MACH_COM,1,0.1
R32IND,2096,WASH_MACH_COM,2,0
R32IND,2097,WASH_MACH_COM,1,0.1
R32IND,2097,WASH_MACH_COM,2,0
R32IND,2098,WASH_MACH_COM,1,0.1
R32IND,2098,WASH_MACH_COM,2,0
R32IND,2099,WASH_MACH_COM,1,0.1
R32IND,2099,WASH_MACH_COM,2,0
R32IND,2100,WASH_MACH_COM,1,0.1
R32IND,2100,WASH_MACH_COM,2,0
R32JPN,2000,WASH_MACH,1,0.1
R32JPN,2000,WASH_MACH,2,0
R32JPN,2001,WASH_MACH,1,0.1
R32JPN,2001,WASH_MACH,2,0
R32JPN,2002,WASH_MACH,1,0.1
R32JPN,2002,WASH_MACH,2,0
R32JPN,2003,WASH_MACH,1,0.1
R32JPN,2003,WASH_MACH,2,0
R32JPN,2004,WASH_MACH,1,0.1
R32JPN,2004,WASH_MACH,2,0
R32JPN,2005,WASH_MACH,1,0.1
R32JPN,2005,WASH_MACH,2,0
R32JPN,2006,WASH_MACH,1,0.1
R32JPN,2006,WASH_MACH,2,0
R32JPN,2007,WASH_MACH,1,0.1
R32JPN,2007,WASH_MACH,2,0
R32JPN,2008,WASH_MACH,1,0.1
R32JPN,2008,WASH_MACH,2,0
R32JPN,2009,WASH_MACH,1,0.1
R32JPN,2009,WASH_MACH,2,0
R32JPN,2010,WASH_MACH,1,0.1
R32JPN,2010,WASH_MACH,2,0
R32JPN,2011,WASH_MACH,1,0.1
R32JPN,2011,WASH_MACH,2,0
R32JPN,2012,WASH_MACH,1,0.1
R32JPN,2012,WASH_MACH,2,0
R32JPN,2013,WASH_MACH,1,0.1
R32JPN,2013,WASH_MACH,2,0
R32JPN,2014,WASH_MACH,1,0.1
R32JPN,2014,WASH_MACH,2,0
R32JPN,2015,WASH_MACH,1,0.1
R32JPN,2015,WASH_MACH,2,0
R32JPN,2016,WASH_MACH,1,0.1
R32JPN,2016,WASH_MACH,2,0
R32JPN,2017,WASH_MACH,1,0.1
R32JPN,2017,WASH_MACH,2,0
R32JPN,2018,WASH_MACH,1,0.1
R32JPN,2018,WASH_MACH,2,0
R32JPN,2019,WASH_MACH,1,0.1
R32JPN,2019,WASH_MACH,2,0
R32JPN,2020,WASH_MACH,1,0.1
R32JPN,2020,WASH_MACH,2,0
R32JPN,2021,WASH_MACH,1,0.1
R32JPN,2021,WASH_MACH,2,0
R32JPN,2022,WASH_MACH,1,0.1
R32JPN,2022,WASH_MACH,2,0
R32JPN,2023,WASH_MACH,1,0.1
R32JPN,2023,WASH_MACH,2,0
R32JPN,2024,WASH_MACH,1,0.1
R32JPN,2024,WASH_MACH,2,0
R32JPN,2025,WASH_MACH,1,0.1
R32JPN,2025,WASH_MACH,2,0
R32JPN,2026,WASH_MACH,1,0.1
R32JPN,2026,WASH_MACH,2,0
R32JPN,2027,WASH_MACH,1,0.1
R32JPN,2027,WASH_MACH,2,0
R32JPN,2028,WASH_MACH,1,0.1
R32JPN,2028,WASH_MACH,2,0
R32JPN,2029,WASH_MACH,1,0.1
R32JPN,2029,WASH_MACH,2,0
R32JPN,2030,WASH_MACH,1,0.1
R32JPN,2030,WASH_MACH,2,0
R32JPN,2031,WASH_MACH,1,0.1
R32JPN,2031,WASH_MACH,2,0
R32JPN,2032,WASH_MACH,1,0.1
R32JPN,2032,WASH_MACH,2,0
R32JPN,2033,WASH_MACH,1,0.1
R32JPN,2033,WASH_MACH,2,0
R32JPN,2034,WASH_MACH,1,0.1
R32JPN,2034,WASH_MACH,2,0
R32JPN,2035,WASH_MACH,1,0.1
R32JPN,2035,WASH_MACH,2,0
R32JPN,2036,WASH_MACH,1,0.1
R32JPN,2036,WASH_MACH,2,0
R32JPN,2037,WASH_MACH,1,0.1
R32JPN,2037,WASH_MACH,2,0
R32JPN,2038,WASH_MACH,1,0.1
R32JPN,2038,WASH_MACH,2,0
R32JPN,2039,WASH_MACH,1,0.1
R32JPN,2039,WASH_MACH,2,0
R32JPN,2040,WASH_MACH,1,0.1
R32JPN,2040,WASH_MACH,2,0
R32JPN,2041,WASH_MACH,1,0.1
R32JPN,2041,WASH_MACH,2,0
R32JPN,2042,WASH_MACH,1,0.1
R32JPN,2042,WASH_MACH,2,0
R32JPN,2043,WASH_MACH,1,0.1
R32JPN,2043,WASH_MACH,2,0
R32JPN,2044,WASH_MACH,1,0.1
R32JPN,2044,WASH_MACH,2,0
R32JPN,2045,WASH_MACH,1,0.1
R32JPN,2045,WASH_MACH,2,0
R32JPN,2046,WASH_MACH,1,0.1
R32JPN,2046,WASH_MACH,2,0
R32JPN,2047,WASH_MACH,1,0.1
R32JPN,2047,WASH_MACH,2,0
R32JPN,2048,WASH_MACH,1,0.1
R32JPN,2048,WASH_MACH,2,0
R32JPN,2049,WASH_MACH,1,0.1
R32JPN,2049,WASH_MACH,2,0
R32JPN,2050,WASH_MACH,1,0.1
R32JPN,2050,WASH_MACH,2,0
R32JPN,2051,WASH_MACH,1,0.1
R32JPN,2051,WASH_MACH,2,0
R32JPN,2052,WASH_MACH,1,0.1
R32JPN,2052,WASH_MACH,2,0
R32JPN,2053,WASH_MACH,1,0.1
R32JPN,2053,WASH_MACH,2,0
R32JPN,2054,WASH_MACH,1,0.1
R32JPN,2054,WASH_MACH,2,0
R32JPN,2055,WASH_MACH,1,0.1
R32JPN,2055,WASH_MACH,2,0
R32JPN,2056,WASH_MACH,1,0.1
R32JPN,2056,WASH_MACH,2,0
R32JPN,2057,WASH_MACH,1,0.1
R32JPN,2057,WASH_MACH,2,0
R32JPN,2058,WASH_MACH,1,0.1
R32JPN,2058,WASH_MACH,2,0
R32JPN,2059,WASH_MACH,1,0.1
R32JPN,2059,WASH_MACH,2,0
R32JPN,2060,WASH_MACH,1,0.1
R32JPN,2060,WASH_MACH,2,0
R32JPN,2061,WASH_MACH,1,0.1
R32JPN,2061,WASH_MACH,2,0
R32JPN,2062,WASH_MACH,1,0.1
R32JPN,2062,WASH_MACH,2,0
R32JPN,2063,WASH_MACH,1,0.1
R32JPN,2063,WASH_MACH,2,0
R32JPN,2064,WASH_MACH,1,0.1
R32JPN,2064,WASH_MACH,2,0
R32JPN,2065,WASH_MACH,1,0.1
R32JPN,2065,WASH_MACH,2,0
R32JPN,2066,WASH_MACH,1,0.1
R32JPN,2066,WASH_MACH,2,0
R32JPN,2067,WASH_MACH,1,0.1
R32JPN,2067,WASH_MACH,2,0
R32JPN,2068,WASH_MACH,1,0.1
R32JPN,2068,WASH_MACH,2,0
R32JPN,2069,WASH_MACH,1,0.1
R32JPN,2069,WASH_MACH,2,0
R32JPN,2070,WASH_MACH,1,0.1
R32JPN,2070,WASH_MACH,2,0
R32JPN,2071,WASH_MACH,1,0.1
R32JPN,2071,WASH_MACH,2,0
R32JPN,2072,WASH_MACH,1,0.1
R32JPN,2072,WASH_MACH,2,0
R32JPN,2073,WASH_MACH,1,0.1
R32JPN,2073,WASH_MACH,2,0
R32JPN,2074,WASH_MACH,1,0.1
R32JPN,2074,WASH_MACH,2,0
R32JPN,2075,WASH_MACH,1,0.1
R32JPN,2075,WASH_MACH,2,0
R32JPN,2076,WASH_MACH,1,0.1
R32JPN,2076,WASH_MACH,2,0
R32JPN,2077,WASH_MACH,1,0.1
R32JPN,2077,WASH_MACH,2,0
R32JPN,2078,WASH_MACH,1,0.1
R32JPN,2078,WASH_MACH,2,0
R32JPN,2079,WASH_MACH,1,0.1
R32JPN,2079,WASH_MACH,2,0
R32JPN,2080,WASH_MACH,1,0.1
R32JPN,2080,WASH_MACH,2,0
R32JPN,2081,WASH_MACH,1,0.1
R32JPN,2081,WASH_MACH,2,0
R32JPN,2082,WASH_MACH,1,0.1
R32JPN,2082,WASH_MACH,2,0
R32JPN,2083,WASH_MACH,1,0.1
R32JPN,2083,WASH_MACH,2,0
R32JPN,2084,WASH_MACH,1,0.1
R32JPN,2084,WASH_MACH,2,0
R32JPN,2085,WASH_MACH,1,0.1
R32JPN,2085,WASH_MACH,2,0
R32JPN,2086,WASH_MACH,1,0.1
R32JPN,2086,WASH_MACH,2,0
R32JPN,2087,WASH_MACH,1,0.1
R32JPN,2087,WASH_MACH,2,0
R32JPN,2088,WASH_MACH,1,0.1
R32JPN,2088,WASH_MACH,2,0
R32JPN,2089,WASH_MACH,1,0.1
R32JPN,2089,WASH_MACH,2,0
R32JPN,2090,WASH_MACH,1,0.1
R32JPN,2090,WASH_MACH,2,0
R32JPN,2091,WASH_MACH,1,0.1
R32JPN,2091,WASH_MACH,2,0
R32JPN,2092,WASH_MACH,1,0.1
R32JPN,2092,WASH_MACH,2,0
R32JPN,2093,WASH_MACH,1,0.1
R32JPN,2093,WASH_MACH,2,0
R32JPN,2094,WASH_MACH,1,0.1
R32JPN,2094,WASH_MACH,2,0
R32JPN,2095,WASH_MACH,1,0.1
R32JPN,2095,WASH_MACH,2,0
R32JPN,2096,WASH_MACH,1,0.1
R32JPN,2096,WASH_MACH,2,0
R32JPN,2097,WASH_MACH,1,0.1
R32JPN,2097,WASH_MACH,2,0
R32JPN,2098,WASH_MACH,1,0.1
R32JPN,2098,WASH_MACH,2,0
R32JPN,2099,WASH_MACH,1,0.1
R32JPN,2099,WASH_MACH,2,0
R32JPN,2100,WASH_MACH,1,0.1
R32JPN,2100,WASH_MACH,2,0
R32JPN,2000,WASH_MACH_COM,1,0.1
R32JPN,2000,WASH_MACH_COM,2,0
R32JPN,2001,WASH_MACH_COM,1,0.1
R32JPN,2001,WASH_MACH_COM,2,0
R32JPN,2002,WASH_MACH_COM,1,0.1
R32JPN,2002,WASH_MACH_COM,2,0
R32JPN,2003,WASH_MACH_COM,1,0.1
R32JPN,2003,WASH_MACH_COM,2,0
R32JPN,2004,WASH_MACH_COM,1,0.1
R32JPN,2004,WASH_MACH_COM,2,0
R32JPN,2005,WASH_MACH_COM,1,0.1
R32JPN,2005,WASH_MACH_COM,2,0
R32JPN,2006,WASH_MACH_COM,1,0.1
R32JPN,2006,WASH_MACH_COM,2,0
R32JPN,2007,WASH_MACH_COM,1,0.1
R32JPN,2007,WASH_MACH_COM,2,0
R32JPN,2008,WASH_MACH_COM,1,0.1
R32JPN,2008,WASH_MACH_COM,2,0
R32JPN,2009,WASH_MACH_COM,1,0.1
R32JPN,2009,WASH_MACH_COM,2,0
R32JPN,2010,WASH_MACH_COM,1,0.1
R32JPN,2010,WASH_MACH_COM,2,0
R32JPN,2011,WASH_MACH_COM,1,0.1
R32JPN,2011,WASH_MACH_COM,2,0
R32JPN,2012,WASH_MACH_COM,1,0.1
R32JPN,2012,WASH_MACH_COM,2,0
R32JPN,2013,WASH_MACH_COM,1,0.1
R32JPN,2013,WASH_MACH_COM,2,0
R32JPN,2014,WASH_MACH_COM,1,0.1
R32JPN,2014,WASH_MACH_COM,2,0
R32JPN,2015,WASH_MACH_COM,1,0.1
R32JPN,2015,WASH_MACH_COM,2,0
R32JPN,2016,WASH_MACH_COM,1,0.1
R32JPN,2016,WASH_MACH_COM,2,0
R32JPN,2017,WASH_MACH_COM,1,0.1
R32JPN,2017,WASH_MACH_COM,2,0
R32JPN,2018,WASH_MACH_COM,1,0.1
R32JPN,2018,WASH_MACH_COM,2,0
R32JPN,2019,WASH_MACH_COM,1,0.1
R32JPN,2019,WASH_MACH_COM,2,0
R32JPN,2020,WASH_MACH_COM,1,0.1
R32JPN,2020,WASH_MACH_COM,2,0
R32JPN,2021,WASH_MACH_COM,1,0.1
R32JPN,2021,WASH_MACH_COM,2,0
R32JPN,2022,WASH_MACH_COM,1,0.1
R32JPN,2022,WASH_MACH_COM,2,0
R32JPN,2023,WASH_MACH_COM,1,0.1
R32JPN,2023,WASH_MACH_COM,2,0
R32JPN,2024,WASH_MACH_COM,1,0.1
R32JPN,2024,WASH_MACH_COM,2,0
R32JPN,2025,WASH_MACH_COM,1,0.1
R32JPN,2025,WASH_MACH_COM,2,0
R32JPN,2026,WASH_MACH_COM,1,0.1
R32JPN,2026,WASH_MACH_COM,2,0
R32JPN,2027,WASH_MACH_COM,1,0.1
R32JPN,2027,WASH_MACH_COM,2,0
R32JPN,2028,WASH_MACH_COM,1,0.1
R32JPN,2028,WASH_MACH_COM,2,0
R32JPN,2029,WASH_MACH_COM,1,0.1
R32JPN,2029,WASH_MACH_COM,2,0
R32JPN,2030,WASH_MACH_COM,1,0.1
R32JPN,2030,WASH_MACH_COM,2,0
R32JPN,2031,WASH_MACH_COM,1,0.1
R32JPN,2031,WASH_MACH_COM,2,0
R32JPN,2032,WASH_MACH_COM,1,0.1
R32JPN,2032,WASH_MACH_COM,2,0
R32JPN,2033,WASH_MACH_COM,1,0.1
R32JPN,2033,WASH_MACH_COM,2,0
R32JPN,2034,WASH_MACH_COM,1,0.1
R32JPN,2034,WASH_MACH_COM,2,0
R32JPN,2035,WASH_MACH_COM,1,0.1
R32JPN,2035,WASH_MACH_COM,2,0
R32JPN,2036,WASH_MACH_COM,1,0.1
R32JPN,2036,WASH_MACH_COM,2,0
R32JPN,2037,WASH_MACH_COM,1,0.1
R32JPN,2037,WASH_MACH_COM,2,0
R32JPN,2038,WASH_MACH_COM,1,0.1
R32JPN,2038,WASH_MACH_COM,2,0
R32JPN,2039,WASH_MACH_COM,1,0.1
R32JPN,2039,WASH_MACH_COM,2,0
R32JPN,2040,WASH_MACH_COM,1,0.1
R32JPN,2040,WASH_MACH_COM,2,0
R32JPN,2041,WASH_MACH_COM,1,0.1
R32JPN,2041,WASH_MACH_COM,2,0
R32JPN,2042,WASH_MACH_COM,1,0.1
R32JPN,2042,WASH_MACH_COM,2,0
R32JPN,2043,WASH_MACH_COM,1,0.1
R32JPN,2043,WASH_MACH_COM,2,0
R32JPN,2044,WASH_MACH_COM,1,0.1
R32JPN,2044,WASH_MACH_COM,2,0
R32JPN,2045,WASH_MACH_COM,1,0.1
R32JPN,2045,WASH_MACH_COM,2,0
R32JPN,2046,WASH_MACH_COM,1,0.1
R32JPN,2046,WASH_MACH_COM,2,0
R32JPN,2047,WASH_MACH_COM,1,0.1
R32JPN,2047,WASH_MACH_COM,2,0
R32JPN,2048,WASH_MACH_COM,1,0.1
R32JPN,2048,WASH_MACH_COM,2,0
R32JPN,2049,WASH_MACH_COM,1,0.1
R32JPN,2049,WASH_MACH_COM,2,0
R32JPN,2050,WASH_MACH_COM,1,0.1
R32JPN,2050,WASH_MACH_COM,2,0
R32JPN,2051,WASH_MACH_COM,1,0.1
R32JPN,2051,WASH_MACH_COM,2,0
R32JPN,2052,WASH_MACH_COM,1,0.1
R32JPN,2052,WASH_MACH_COM,2,0
R32JPN,2053,WASH_MACH_COM,1,0.1
R32JPN,2053,WASH_MACH_COM,2,0
R32JPN,2054,WASH_MACH_COM,1,0.1
R32JPN,2054,WASH_MACH_COM,2,0
R32JPN,2055,WASH_MACH_COM,1,0.1
R32JPN,2055,WASH_MACH_COM,2,0
R32JPN,2056,WASH_MACH_COM,1,0.1
R32JPN,2056,WASH_MACH_COM,2,0
R32JPN,2057,WASH_MACH_COM,1,0.1
R32JPN,2057,WASH_MACH_COM,2,0
R32JPN,2058,WASH_MACH_COM,1,0.1
R32JPN,2058,WASH_MACH_COM,2,0
R32JPN,2059,WASH_MACH_COM,1,0.1
R32JPN,2059,WASH_MACH_COM,2,0
R32JPN,2060,WASH_MACH_COM,1,0.1
R32JPN,2060,WASH_MACH_COM,2,0
R32JPN,2061,WASH_MACH_COM,1,0.1
R32JPN,2061,WASH_MACH_COM,2,0
R32JPN,2062,WASH_MACH_COM,1,0.1
R32JPN,2062,WASH_MACH_COM,2,0
R32JPN,2063,WASH_MACH_COM,1,0.1
R32JPN,2063,WASH_MACH_COM,2,0
R32JPN,2064,WASH_MACH_COM,1,0.1
R32JPN,2064,WASH_MACH_COM,2,0
R32JPN,2065,WASH_MACH_COM,1,0.1
R32JPN,2065,WASH_MACH_COM,2,0
R32JPN,2066,WASH_MACH_COM,1,0.1
R32JPN,2066,WASH_MACH_COM,2,0
R32JPN,2067,WASH_MACH_COM,1,0.1
R32JPN,2067,WASH_MACH_COM,2,0
R32JPN,2068,WASH_MACH_COM,1,0.1
R32JPN,2068,WASH_MACH_COM,2,0
R32JPN,2069,WASH_MACH_COM,1,0.1
R32JPN,2069,WASH_MACH_COM,2,0
R32JPN,2070,WASH_MACH_COM,1,0.1
R32JPN,2070,WASH_MACH_COM,2,0
R32JPN,2071,WASH_MACH_COM,1,0.1
R32JPN,2071,WASH_MACH_COM,2,0
R32JPN,2072,WASH_MACH_COM,1,0.1
R32JPN,2072,WASH_MACH_COM,2,0
R32JPN,2073,WASH_MACH_COM,1,0.1
R32JPN,2073,WASH_MACH_COM,2,0
R32JPN,2074,WASH_MACH_COM,1,0.1
R32JPN,2074,WASH_MACH_COM,2,0
R32JPN,2075,WASH_MACH_COM,1,0.1
R32JPN,2075,WASH_MACH_COM,2,0
R32JPN,2076,WASH_MACH_COM,1,0.1
R32JPN,2076,WASH_MACH_COM,2,0
R32JPN,2077,WASH_MACH_COM,1,0.1
R32JPN,2077,WASH_MACH_COM,2,0
R32JPN,2078,WASH_MACH_COM,1,0.1
R32JPN,2078,WASH_MACH_COM,2,0
R32JPN,2079,WASH_MACH_COM,1,0.1
R32JPN,2079,WASH_MACH_COM,2,0
R32JPN,2080,WASH_MACH_COM,1,0.1
R32JPN,2080,WASH_MACH_COM,2,0
R32JPN,2081,WASH_MACH_COM,1,0.1
R32JPN,2081,WASH_MACH_COM,2,0
R32JPN,2082,WASH_MACH_COM,1,0.1
R32JPN,2082,WASH_MACH_COM,2,0
R32JPN,2083,WASH_MACH_COM,1,0.1
R32JPN,2083,WASH_MACH_COM,2,0
R32JPN,2084,WASH_MACH_COM,1,0.1
R32JPN,2084,WASH_MACH_COM,2,0
R32JPN,2085,WASH_MACH_COM,1,0.1
R32JPN,2085,WASH_MACH_COM,2,0
R32JPN,2086,WASH_MACH_COM,1,0.1
R32JPN,2086,WASH_MACH_COM,2,0
R32JPN,2087,WASH_MACH_COM,1,0.1
R32JPN,2087,WASH_MACH_COM,2,0
R32JPN,2088,WASH_MACH_COM,1,0.1
R32JPN,2088,WASH_MACH_COM,2,0
R32JPN,2089,WASH_MACH_COM,1,0.1
R32JPN,2089,WASH_MACH_COM,2,0
R32JPN,2090,WASH_MACH_COM,1,0.1
R32JPN,2090,WASH_MACH_COM,2,0
R32JPN,2091,WASH_MACH_COM,1,0.1
R32JPN,2091,WASH_MACH_COM,2,0
R32JPN,2092,WASH_MACH_COM,1,0.1
R32JPN,2092,WASH_MACH_COM,2,0
R32JPN,2093,WASH_MACH_COM,1,0.1
R32JPN,2093,WASH_MACH_COM,2,0
R32JPN,2094,WASH_MACH_COM,1,0.1
R32JPN,2094,WASH_MACH_COM,2,0
R32JPN,2095,WASH_MACH_COM,1,0.1
R32JPN,2095,WASH_MACH_COM,2,0
R32JPN,2096,WASH_MACH_COM,1,0.1
R32JPN,2096,WASH_MACH_COM,2,0
R32JPN,2097,WASH_MACH_COM,1,0.1
R32JPN,2097,WASH_MACH_COM,2,0
R32JPN,2098,WASH_MACH_COM,1,0.1
R32JPN,2098,WASH_MACH_COM,2,0
R32JPN,2099,WASH_MACH_COM,1,0.1
R32JPN,2099,WASH_MACH_COM,2,0
R32JPN,2100,WASH_MACH_COM,1,0.1
R32JPN,2100,WASH_MACH_COM,2,0
R32KOR,2000,WASH_MACH,1,0.1
R32KOR,2000,WASH_MACH,2,0
R32KOR,2001,WASH_MACH,1,0.1
R32KOR,2001,WASH_MACH,2,0
R32KOR,2002,WASH_MACH,1,0.1
R32KOR,2002,WASH_MACH,2,0
R32KOR,2003,WASH_MACH,1,0.1
R32KOR,2003,WASH_MACH,2,0
R32KOR,2004,WASH_MACH,1,0.1
R32KOR,2004,WASH_MACH,2,0
R32KOR,2005,WASH_MACH,1,0.1
R32KOR,2005,WASH_MACH,2,0
R32KOR,2006,WASH_MACH,1,0.1
R32KOR,2006,WASH_MACH,2,0
R32KOR,2007,WASH_MACH,1,0.1
R32KOR,2007,WASH_MACH,2,0
R32KOR,2008,WASH_MACH,1,0.1
R32KOR,2008,WASH_MACH,2,0
R32KOR,2009,WASH_MACH,1,0.1
R32KOR,2009,WASH_MACH,2,0
R32KOR,2010,WASH_MACH,1,0.1
R32KOR,2010,WASH_MACH,2,0
R32KOR,2011,WASH_MACH,1,0.1
R32KOR,2011,WASH_MACH,2,0
R32KOR,2012,WASH_MACH,1,0.1
R32KOR,2012,WASH_MACH,2,0
R32KOR,2013,WASH_MACH,1,0.1
R32KOR,2013,WASH_MACH,2,0
R32KOR,2014,WASH_MACH,1,0.1
R32KOR,2014,WASH_MACH,2,0
R32KOR,2015,WASH_MACH,1,0.1
R32KOR,2015,WASH_MACH,2,0
R32KOR,2016,WASH_MACH,1,0.1
R32KOR,2016,WASH_MACH,2,0
R32KOR,2017,WASH_MACH,1,0.1
R32KOR,2017,WASH_MACH,2,0
R32KOR,2018,WASH_MACH,1,0.1
R32KOR,2018,WASH_MACH,2,0
R32KOR,2019,WASH_MACH,1,0.1
R32KOR,2019,WASH_MACH,2,0
R32KOR,2020,WASH_MACH,1,0.1
R32KOR,2020,WASH_MACH,2,0
R32KOR,2021,WASH_MACH,1,0.1
R32KOR,2021,WASH_MACH,2,0
R32KOR,2022,WASH_MACH,1,0.1
R32KOR,2022,WASH_MACH,2,0
R32KOR,2023,WASH_MACH,1,0.1
R32KOR,2023,WASH_MACH,2,0
R32KOR,2024,WASH_MACH,1,0.1
R32KOR,2024,WASH_MACH,2,0
R32KOR,2025,WASH_MACH,1,0.1
R32KOR,2025,WASH_MACH,2,0
R32KOR,2026,WASH_MACH,1,0.1
R32KOR,2026,WASH_MACH,2,0
R32KOR,2027,WASH_MACH,1,0.1
R32KOR,2027,WASH_MACH,2,0
R32KOR,2028,WASH_MACH,1,0.1
R32KOR,2028,WASH_MACH,2,0
R32KOR,2029,WASH_MACH,1,0.1
R32KOR,2029,WASH_MACH,2,0
R32KOR,2030,WASH_MACH,1,0.1
R32KOR,2030,WASH_MACH,2,0
R32KOR,2031,WASH_MACH,1,0.1
R32KOR,2031,WASH_MACH,2,0
R32KOR,2032,WASH_MACH,1,0.1
R32KOR,2032,WASH_MACH,2,0
R32KOR,2033,WASH_MACH,1,0.1
R32KOR,2033,WASH_MACH,2,0
R32KOR,2034,WASH_MACH,1,0.1
R32KOR,2034,WASH_MACH,2,0
R32KOR,2035,WASH_MACH,1,0.1
R32KOR,2035,WASH_MACH,2,0
R32KOR,2036,WASH_MACH,1,0.1
R32KOR,2036,WASH_MACH,2,0
R32KOR,2037,WASH_MACH,1,0.1
R32KOR,2037,WASH_MACH,2,0
R32KOR,2038,WASH_MACH,1,0.1
R32KOR,2038,WASH_MACH,2,0
R32KOR,2039,WASH_MACH,1,0.1
R32KOR,2039,WASH_MACH,2,0
R32KOR,2040,WASH_MACH,1,0.1
R32KOR,2040,WASH_MACH,2,0
R32KOR,2041,WASH_MACH,1,0.1
R32KOR,2041,WASH_MACH,2,0
R32KOR,2042,WASH_MACH,1,0.1
R32KOR,2042,WASH_MACH,2,0
R32KOR,2043,WASH_MACH,1,0.1
R32KOR,2043,WASH_MACH,2,0
R32KOR,2044,WASH_MACH,1,0.1
R32KOR,2044,WASH_MACH,2,0
R32KOR,2045,WASH_MACH,1,0.1
R32KOR,2045,WASH_MACH,2,0
R32KOR,2046,WASH_MACH,1,0.1
R32KOR,2046,WASH_MACH,2,0
R32KOR,2047,WASH_MACH,1,0.1
R32KOR,2047,WASH_MACH,2,0
R32KOR,2048,WASH_MACH,1,0.1
R32KOR,2048,WASH_MACH,2,0
R32KOR,2049,WASH_MACH,1,0.1
R32KOR,2049,WASH_MACH,2,0
R32KOR,2050,WASH_MACH,1,0.1
R32KOR,2050,WASH_MACH,2,0
R32KOR,2051,WASH_MACH,1,0.1
R32KOR,2051,WASH_MACH,2,0
R32KOR,2052,WASH_MACH,1,0.1
R32KOR,2052,WASH_MACH,2,0
R32KOR,2053,WASH_MACH,1,0.1
R32KOR,2053,WASH_MACH,2,0
R32KOR,2054,WASH_MACH,1,0.1
R32KOR,2054,WASH_MACH,2,0
R32KOR,2055,WASH_MACH,1,0.1
R32KOR,2055,WASH_MACH,2,0
R32KOR,2056,WASH_MACH,1,0.1
R32KOR,2056,WASH_MACH,2,0
R32KOR,2057,WASH_MACH,1,0.1
R32KOR,2057,WASH_MACH,2,0
R32KOR,2058,WASH_MACH,1,0.1
R32KOR,2058,WASH_MACH,2,0
R32KOR,2059,WASH_MACH,1,0.1
R32KOR,2059,WASH_MACH,2,0
R32KOR,2060,WASH_MACH,1,0.1
R32KOR,2060,WASH_MACH,2,0
R32KOR,2061,WASH_MACH,1,0.1
R32KOR,2061,WASH_MACH,2,0
R32KOR,2062,WASH_MACH,1,0.1
R32KOR,2062,WASH_MACH,2,0
R32KOR,2063,WASH_MACH,1,0.1
R32KOR,2063,WASH_MACH,2,0
R32KOR,2064,WASH_MACH,1,0.1
R32KOR,2064,WASH_MACH,2,0
R32KOR,2065,WASH_MACH,1,0.1
R32KOR,2065,WASH_MACH,2,0
R32KOR,2066,WASH_MACH,1,0.1
R32KOR,2066,WASH_MACH,2,0
R32KOR,2067,WASH_MACH,1,0.1
R32KOR,2067,WASH_MACH,2,0
R32KOR,2068,WASH_MACH,1,0.1
R32KOR,2068,WASH_MACH,2,0
R32KOR,2069,WASH_MACH,1,0.1
R32KOR,2069,WASH_MACH,2,0
R32KOR,2070,WASH_MACH,1,0.1
R32KOR,2070,WASH_MACH,2,0
R32KOR,2071,WASH_MACH,1,0.1
R32KOR,2071,WASH_MACH,2,0
R32KOR,2072,WASH_MACH,1,0.1
R32KOR,2072,WASH_MACH,2,0
R32KOR,2073,WASH_MACH,1,0.1
R32KOR,2073,WASH_MACH,2,0
R32KOR,2074,WASH_MACH,1,0.1
R32KOR,2074,WASH_MACH,2,0
R32KOR,2075,WASH_MACH,1,0.1
R32KOR,2075,WASH_MACH,2,0
R32KOR,2076,WASH_MACH,1,0.1
R32KOR,2076,WASH_MACH,2,0
R32KOR,2077,WASH_MACH,1,0.1
R32KOR,2077,WASH_MACH,2,0
R32KOR,2078,WASH_MACH,1,0.1
R32KOR,2078,WASH_MACH,2,0
R32KOR,2079,WASH_MACH,1,0.1
R32KOR,2079,WASH_MACH,2,0
R32KOR,2080,WASH_MACH,1,0.1
R32KOR,2080,WASH_MACH,2,0
R32KOR,2081,WASH_MACH,1,0.1
R32KOR,2081,WASH_MACH,2,0
R32KOR,2082,WASH_MACH,1,0.1
R32KOR,2082,WASH_MACH,2,0
R32KOR,2083,WASH_MACH,1,0.1
R32KOR,2083,WASH_MACH,2,0
R32KOR,2084,WASH_MACH,1,0.1
R32KOR,2084,WASH_MACH,2,0
R32KOR,2085,WASH_MACH,1,0.1
R32KOR,2085,WASH_MACH,2,0
R32KOR,2086,WASH_MACH,1,0.1
R32KOR,2086,WASH_MACH,2,0
R32KOR,2087,WASH_MACH,1,0.1
R32KOR,2087,WASH_MACH,2,0
R32KOR,2088,WASH_MACH,1,0.1
R32KOR,2088,WASH_MACH,2,0
R32KOR,2089,WASH_MACH,1,0.1
R32KOR,2089,WASH_MACH,2,0
R32KOR,2090,WASH_MACH,1,0.1
R32KOR,2090,WASH_MACH,2,0
R32KOR,2091,WASH_MACH,1,0.1
R32KOR,2091,WASH_MACH,2,0
R32KOR,2092,WASH_MACH,1,0.1
R32KOR,2092,WASH_MACH,2,0
R32KOR,2093,WASH_MACH,1,0.1
R32KOR,2093,WASH_MACH,2,0
R32KOR,2094,WASH_MACH,1,0.1
R32KOR,2094,WASH_MACH,2,0
R32KOR,2095,WASH_MACH,1,0.1
R32KOR,2095,WASH_MACH,2,0
R32KOR,2096,WASH_MACH,1,0.1
R32KOR,2096,WASH_MACH,2,0
R32KOR,2097,WASH_MACH,1,0.1
R32KOR,2097,WASH_MACH,2,0
R32KOR,2098,WASH_MACH,1,0.1
R32KOR,2098,WASH_MACH,2,0
R32KOR,2099,WASH_MACH,1,0.1
R32KOR,2099,WASH_MACH,2,0
R32KOR,2100,WASH_MACH,1,0.1
R32KOR,2100,WASH_MACH,2,0
R32KOR,2000,WASH_MACH_COM,1,0.1
R32KOR,2000,WASH_MACH_COM,2,0
R32KOR,2001,WASH_MACH_COM,1,0.1
R32KOR,2001,WASH_MACH_COM,2,0
R32KOR,2002,WASH_MACH_COM,1,0.1
R32KOR,2002,WASH_MACH_COM,2,0
R32KOR,2003,WASH_MACH_COM,1,0.1
R32KOR,2003,WASH_MACH_COM,2,0
R32KOR,2004,WASH_MACH_COM,1,0.1
R32KOR,2004,WASH_MACH_COM,2,0
R32KOR,2005,WASH_MACH_COM,1,0.1
R32KOR,2005,WASH_MACH_COM,2,0
R32KOR,2006,WASH_MACH_COM,1,0.1
R32KOR,2006,WASH_MACH_COM,2,0
R32KOR,2007,WASH_MACH_COM,1,0.1
R32KOR,2007,WASH_MACH_COM,2,0
R32KOR,2008,WASH_MACH_COM,1,0.1
R32KOR,2008,WASH_MACH_COM,2,0
R32KOR,2009,WASH_MACH_COM,1,0.1
R32KOR,2009,WASH_MACH_COM,2,0
R32KOR,2010,WASH_MACH_COM,1,0.1
R32KOR,2010,WASH_MACH_COM,2,0
R32KOR,2011,WASH_MACH_COM,1,0.1
R32KOR,2011,WASH_MACH_COM,2,0
R32KOR,2012,WASH_MACH_COM,1,0.1
R32KOR,2012,WASH_MACH_COM,2,0
R32KOR,2013,WASH_MACH_COM,1,0.1
R32KOR,2013,WASH_MACH_COM,2,0
R32KOR,2014,WASH_MACH_COM,1,0.1
R32KOR,2014,WASH_MACH_COM,2,0
R32KOR,2015,WASH_MACH_COM,1,0.1
R32KOR,2015,WASH_MACH_COM,2,0
R32KOR,2016,WASH_MACH_COM,1,0.1
R32KOR,2016,WASH_MACH_COM,2,0
R32KOR,2017,WASH_MACH_COM,1,0.1
R32KOR,2017,WASH_MACH_COM,2,0
R32KOR,2018,WASH_MACH_COM,1,0.1
R32KOR,2018,WASH_MACH_COM,2,0
R32KOR,2019,WASH_MACH_COM,1,0.1
R32KOR,2019,WASH_MACH_COM,2,0
R32KOR,2020,WASH_MACH_COM,1,0.1
R32KOR,2020,WASH_MACH_COM,2,0
R32KOR,2021,WASH_MACH_COM,1,0.1
R32KOR,2021,WASH_MACH_COM,2,0
R32KOR,2022,WASH_MACH_COM,1,0.1
R32KOR,2022,WASH_MACH_COM,2,0
R32KOR,2023,WASH_MACH_COM,1,0.1
R32KOR,2023,WASH_MACH_COM,2,0
R32KOR,2024,WASH_MACH_COM,1,0.1
R32KOR,2024,WASH_MACH_COM,2,0
R32KOR,2025,WASH_MACH_COM,1,0.1
R32KOR,2025,WASH_MACH_COM,2,0
R32KOR,2026,WASH_MACH_COM,1,0.1
R32KOR,2026,WASH_MACH_COM,2,0
R32KOR,2027,WASH_MACH_COM,1,0.1
R32KOR,2027,WASH_MACH_COM,2,0
R32KOR,2028,WASH_MACH_COM,1,0.1
R32KOR,2028,WASH_MACH_COM,2,0
R32KOR,2029,WASH_MACH_COM,1,0.1
R32KOR,2029,WASH_MACH_COM,2,0
R32KOR,2030,WASH_MACH_COM,1,0.1
R32KOR,2030,WASH_MACH_COM,2,0
R32KOR,2031,WASH_MACH_COM,1,0.1
R32KOR,2031,WASH_MACH_COM,2,0
R32KOR,2032,WASH_MACH_COM,1,0.1
R32KOR,2032,WASH_MACH_COM,2,0
R32KOR,2033,WASH_MACH_COM,1,0.1
R32KOR,2033,WASH_MACH_COM,2,0
R32KOR,2034,WASH_MACH_COM,1,0.1
R32KOR,2034,WASH_MACH_COM,2,0
R32KOR,2035,WASH_MACH_COM,1,0.1
R32KOR,2035,WASH_MACH_COM,2,0
R32KOR,2036,WASH_MACH_COM,1,0.1
R32KOR,2036,WASH_MACH_COM,2,0
R32KOR,2037,WASH_MACH_COM,1,0.1
R32KOR,2037,WASH_MACH_COM,2,0
R32KOR,2038,WASH_MACH_COM,1,0.1
R32KOR,2038,WASH_MACH_COM,2,0
R32KOR,2039,WASH_MACH_COM,1,0.1
R32KOR,2039,WASH_MACH_COM,2,0
R32KOR,2040,WASH_MACH_COM,1,0.1
R32KOR,2040,WASH_MACH_COM,2,0
R32KOR,2041,WASH_MACH_COM,1,0.1
R32KOR,2041,WASH_MACH_COM,2,0
R32KOR,2042,WASH_MACH_COM,1,0.1
R32KOR,2042,WASH_MACH_COM,2,0
R32KOR,2043,WASH_MACH_COM,1,0.1
R32KOR,2043,WASH_MACH_COM,2,0
R32KOR,2044,WASH_MACH_COM,1,0.1
R32KOR,2044,WASH_MACH_COM,2,0
R32KOR,2045,WASH_MACH_COM,1,0.1
R32KOR,2045,WASH_MACH_COM,2,0
R32KOR,2046,WASH_MACH_COM,1,0.1
R32KOR,2046,WASH_MACH_COM,2,0
R32KOR,2047,WASH_MACH_COM,1,0.1
R32KOR,2047,WASH_MACH_COM,2,0
R32KOR,2048,WASH_MACH_COM,1,0.1
R32KOR,2048,WASH_MACH_COM,2,0
R32KOR,2049,WASH_MACH_COM,1,0.1
R32KOR,2049,WASH_MACH_COM,2,0
R32KOR,2050,WASH_MACH_COM,1,0.1
R32KOR,2050,WASH_MACH_COM,2,0
R32KOR,2051,WASH_MACH_COM,1,0.1
R32KOR,2051,WASH_MACH_COM,2,0
R32KOR,2052,WASH_MACH_COM,1,0.1
R32KOR,2052,WASH_MACH_COM,2,0
R32KOR,2053,WASH_MACH_COM,1,0.1
R32KOR,2053,WASH_MACH_COM,2,0
R32KOR,2054,WASH_MACH_COM,1,0.1
R32KOR,2054,WASH_MACH_COM,2,0
R32KOR,2055,WASH_MACH_COM,1,0.1
R32KOR,2055,WASH_MACH_COM,2,0
R32KOR,2056,WASH_MACH_COM,1,0.1
R32KOR,2056,WASH_MACH_COM,2,0
R32KOR,2057,WASH_MACH_COM,1,0.1
R32KOR,2057,WASH_MACH_COM,2,0
R32KOR,2058,WASH_MACH_COM,1,0.1
R32KOR,2058,WASH_MACH_COM,2,0
R32KOR,2059,WASH_MACH_COM,1,0.1
R32KOR,2059,WASH_MACH_COM,2,0
R32KOR,2060,WASH_MACH_COM,1,0.1
R32KOR,2060,WASH_MACH_COM,2,0
R32KOR,2061,WASH_MACH_COM,1,0.1
R32KOR,2061,WASH_MACH_COM,2,0
R32KOR,2062,WASH_MACH_COM,1,0.1
R32KOR,2062,WASH_MACH_COM,2,0
R32KOR,2063,WASH_MACH_COM,1,0.1
R32KOR,2063,WASH_MACH_COM,2,0
R32KOR,2064,WASH_MACH_COM,1,0.1
R32KOR,2064,WASH_MACH_COM,2,0
R32KOR,2065,WASH_MACH_COM,1,0.1
R32KOR,2065,WASH_MACH_COM,2,0
R32KOR,2066,WASH_MACH_COM,1,0.1
R32KOR,2066,WASH_MACH_COM,2,0
R32KOR,2067,WASH_MACH_COM,1,0.1
R32KOR,2067,WASH_MACH_COM,2,0
R32KOR,2068,WASH_MACH_COM,1,0.1
R32KOR,2068,WASH_MACH_COM,2,0
R32KOR,2069,WASH_MACH_COM,1,0.1
R32KOR,2069,WASH_MACH_COM,2,0
R32KOR,2070,WASH_MACH_COM,1,0.1
R32KOR,2070,WASH_MACH_COM,2,0
R32KOR,2071,WASH_MACH_COM,1,0.1
R32KOR,2071,WASH_MACH_COM,2,0
R32KOR,2072,WASH_MACH_COM,1,0.1
R32KOR,2072,WASH_MACH_COM,2,0
R32KOR,2073,WASH_MACH_COM,1,0.1
R32KOR,2073,WASH_MACH_COM,2,0
R32KOR,2074,WASH_MACH_COM,1,0.1
R32KOR,2074,WASH_MACH_COM,2,0
R32KOR,2075,WASH_MACH_COM,1,0.1
R32KOR,2075,WASH_MACH_COM,2,0
R32KOR,2076,WASH_MACH_COM,1,0.1
R32KOR,2076,WASH_MACH_COM,2,0
R32KOR,2077,WASH_MACH_COM,1,0.1
R32KOR,2077,WASH_MACH_COM,2,0
R32KOR,2078,WASH_MACH_COM,1,0.1
R32KOR,2078,WASH_MACH_COM,2,0
R32KOR,2079,WASH_MACH_COM,1,0.1
R32KOR,2079,WASH_MACH_COM,2,0
R32KOR,2080,WASH_MACH_COM,1,0.1
R32KOR,2080,WASH_MACH_COM,2,0
R32KOR,2081,WASH_MACH_COM,1,0.1
R32KOR,2081,WASH_MACH_COM,2,0
R32KOR,2082,WASH_MACH_COM,1,0.1
R32KOR,2082,WASH_MACH_COM,2,0
R32KOR,2083,WASH_MACH_COM,1,0.1
R32KOR,2083,WASH_MACH_COM,2,0
R32KOR,2084,WASH_MACH_COM,1,0.1
R32KOR,2084,WASH_MACH_COM,2,0
R32KOR,2085,WASH_MACH_COM,1,0.1
R32KOR,2085,WASH_MACH_COM,2,0
R32KOR,2086,WASH_MACH_COM,1,0.1
R32KOR,2086,WASH_MACH_COM,2,0
R32KOR,2087,WASH_MACH_COM,1,0.1
R32KOR,2087,WASH_MACH_COM,2,0
R32KOR,2088,WASH_MACH_COM,1,0.1
R32KOR,2088,WASH_MACH_COM,2,0
R32KOR,2089,WASH_MACH_COM,1,0.1
R32KOR,2089,WASH_MACH_COM,2,0
R32KOR,2090,WASH_MACH_COM,1,0.1
R32KOR,2090,WASH_MACH_COM,2,0
R32KOR,2091,WASH_MACH_COM,1,0.1
R32KOR,2091,WASH_MACH_COM,2,0
R32KOR,2092,WASH_MACH_COM,1,0.1
R32KOR,2092,WASH_MACH_COM,2,0
R32KOR,2093,WASH_MACH_COM,1,0.1
R32KOR,2093,WASH_MACH_COM,2,0
R32KOR,2094,WASH_MACH_COM,1,0.1
R32KOR,2094,WASH_MACH_COM,2,0
R32KOR,2095,WASH_MACH_COM,1,0.1
R32KOR,2095,WASH_MACH_COM,2,0
R32KOR,2096,WASH_MACH_COM,1,0.1
R32KOR,2096,WASH_MACH_COM,2,0
R32KOR,2097,WASH_MACH_COM,1,0.1
R32KOR,2097,WASH_MACH_COM,2,0
R32KOR,2098,WASH_MACH_COM,1,0.1
R32KOR,2098,WASH_MACH_COM,2,0
R32KOR,2099,WASH_MACH_COM,1,0.1
R32KOR,2099,WASH_MACH_COM,2,0
R32KOR,2100,WASH_MACH_COM,1,0.1
R32KOR,2100,WASH_MACH_COM,2,0
R32LAM-L,2000,WASH_MACH,1,0.1
R32LAM-L,2000,WASH_MACH,2,0
R32LAM-L,2001,WASH_MACH,1,0.1
R32LAM-L,2001,WASH_MACH,2,0
R32LAM-L,2002,WASH_MACH,1,0.1
R32LAM-L,2002,WASH_MACH,2,0
R32LAM-L,2003,WASH_MACH,1,0.1
R32LAM-L,2003,WASH_MACH,2,0
R32LAM-L,2004,WASH_MACH,1,0.1
R32LAM-L,2004,WASH_MACH,2,0
R32LAM-L,2005,WASH_MACH,1,0.1
R32LAM-L,2005,WASH_MACH,2,0
R32LAM-L,2006,WASH_MACH,1,0.1
R32LAM-L,2006,WASH_MACH,2,0
R32LAM-L,2007,WASH_MACH,1,0.1
R32LAM-L,2007,WASH_MACH,2,0
R32LAM-L,2008,WASH_MACH,1,0.1
R32LAM-L,2008,WASH_MACH,2,0
R32LAM-L,2009,WASH_MACH,1,0.1
R32LAM-L,2009,WASH_MACH,2,0
R32LAM-L,2010,WASH_MACH,1,0.1
R32LAM-L,2010,WASH_MACH,2,0
R32LAM-L,2011,WASH_MACH,1,0.1
R32LAM-L,2011,WASH_MACH,2,0
R32LAM-L,2012,WASH_MACH,1,0.1
R32LAM-L,2012,WASH_MACH,2,0
R32LAM-L,2013,WASH_MACH,1,0.1
R32LAM-L,2013,WASH_MACH,2,0
R32LAM-L,2014,WASH_MACH,1,0.1
R32LAM-L,2014,WASH_MACH,2,0
R32LAM-L,2015,WASH_MACH,1,0.1
R32LAM-L,2015,WASH_MACH,2,0
R32LAM-L,2016,WASH_MACH,1,0.1
R32LAM-L,2016,WASH_MACH,2,0
R32LAM-L,2017,WASH_MACH,1,0.1
R32LAM-L,2017,WASH_MACH,2,0
R32LAM-L,2018,WASH_MACH,1,0.1
R32LAM-L,2018,WASH_MACH,2,0
R32LAM-L,2019,WASH_MACH,1,0.1
R32LAM-L,2019,WASH_MACH,2,0
R32LAM-L,2020,WASH_MACH,1,0.1
R32LAM-L,2020,WASH_MACH,2,0
R32LAM-L,2021,WASH_MACH,1,0.1
R32LAM-L,2021,WASH_MACH,2,0
R32LAM-L,2022,WASH_MACH,1,0.1
R32LAM-L,2022,WASH_MACH,2,0
R32LAM-L,2023,WASH_MACH,1,0.1
R32LAM-L,2023,WASH_MACH,2,0
R32LAM-L,2024,WASH_MACH,1,0.1
R32LAM-L,2024,WASH_MACH,2,0
R32LAM-L,2025,WASH_MACH,1,0.1
R32LAM-L,2025,WASH_MACH,2,0
R32LAM-L,2026,WASH_MACH,1,0.1
R32LAM-L,2026,WASH_MACH,2,0
R32LAM-L,2027,WASH_MACH,1,0.1
R32LAM-L,2027,WASH_MACH,2,0
R32LAM-L,2028,WASH_MACH,1,0.1
R32LAM-L,2028,WASH_MACH,2,0
R32LAM-L,2029,WASH_MACH,1,0.1
R32LAM-L,2029,WASH_MACH,2,0
R32LAM-L,2030,WASH_MACH,1,0.1
R32LAM-L,2030,WASH_MACH,2,0
R32LAM-L,2031,WASH_MACH,1,0.1
R32LAM-L,2031,WASH_MACH,2,0
R32LAM-L,2032,WASH_MACH,1,0.1
R32LAM-L,2032,WASH_MACH,2,0
R32LAM-L,2033,WASH_MACH,1,0.1
R32LAM-L,2033,WASH_MACH,2,0
R32LAM-L,2034,WASH_MACH,1,0.1
R32LAM-L,2034,WASH_MACH,2,0
R32LAM-L,2035,WASH_MACH,1,0.1
R32LAM-L,2035,WASH_MACH,2,0
R32LAM-L,2036,WASH_MACH,1,0.1
R32LAM-L,2036,WASH_MACH,2,0
R32LAM-L,2037,WASH_MACH,1,0.1
R32LAM-L,2037,WASH_MACH,2,0
R32LAM-L,2038,WASH_MACH,1,0.1
R32LAM-L,2038,WASH_MACH,2,0
R32LAM-L,2039,WASH_MACH,1,0.1
R32LAM-L,2039,WASH_MACH,2,0
R32LAM-L,2040,WASH_MACH,1,0.1
R32LAM-L,2040,WASH_MACH,2,0
R32LAM-L,2041,WASH_MACH,1,0.1
R32LAM-L,2041,WASH_MACH,2,0
R32LAM-L,2042,WASH_MACH,1,0.1
R32LAM-L,2042,WASH_MACH,2,0
R32LAM-L,2043,WASH_MACH,1,0.1
R32LAM-L,2043,WASH_MACH,2,0
R32LAM-L,2044,WASH_MACH,1,0.1
R32LAM-L,2044,WASH_MACH,2,0
R32LAM-L,2045,WASH_MACH,1,0.1
R32LAM-L,2045,WASH_MACH,2,0
R32LAM-L,2046,WASH_MACH,1,0.1
R32LAM-L,2046,WASH_MACH,2,0
R32LAM-L,2047,WASH_MACH,1,0.1
R32LAM-L,2047,WASH_MACH,2,0
R32LAM-L,2048,WASH_MACH,1,0.1
R32LAM-L,2048,WASH_MACH,2,0
R32LAM-L,2049,WASH_MACH,1,0.1
R32LAM-L,2049,WASH_MACH,2,0
R32LAM-L,2050,WASH_MACH,1,0.1
R32LAM-L,2050,WASH_MACH,2,0
R32LAM-L,2051,WASH_MACH,1,0.1
R32LAM-L,2051,WASH_MACH,2,0
R32LAM-L,2052,WASH_MACH,1,0.1
R32LAM-L,2052,WASH_MACH,2,0
R32LAM-L,2053,WASH_MACH,1,0.1
R32LAM-L,2053,WASH_MACH,2,0
R32LAM-L,2054,WASH_MACH,1,0.1
R32LAM-L,2054,WASH_MACH,2,0
R32LAM-L,2055,WASH_MACH,1,0.1
R32LAM-L,2055,WASH_MACH,2,0
R32LAM-L,2056,WASH_MACH,1,0.1
R32LAM-L,2056,WASH_MACH,2,0
R32LAM-L,2057,WASH_MACH,1,0.1
R32LAM-L,2057,WASH_MACH,2,0
R32LAM-L,2058,WASH_MACH,1,0.1
R32LAM-L,2058,WASH_MACH,2,0
R32LAM-L,2059,WASH_MACH,1,0.1
R32LAM-L,2059,WASH_MACH,2,0
R32LAM-L,2060,WASH_MACH,1,0.1
R32LAM-L,2060,WASH_MACH,2,0
R32LAM-L,2061,WASH_MACH,1,0.1
R32LAM-L,2061,WASH_MACH,2,0
R32LAM-L,2062,WASH_MACH,1,0.1
R32LAM-L,2062,WASH_MACH,2,0
R32LAM-L,2063,WASH_MACH,1,0.1
R32LAM-L,2063,WASH_MACH,2,0
R32LAM-L,2064,WASH_MACH,1,0.1
R32LAM-L,2064,WASH_MACH,2,0
R32LAM-L,2065,WASH_MACH,1,0.1
R32LAM-L,2065,WASH_MACH,2,0
R32LAM-L,2066,WASH_MACH,1,0.1
R32LAM-L,2066,WASH_MACH,2,0
R32LAM-L,2067,WASH_MACH,1,0.1
R32LAM-L,2067,WASH_MACH,2,0
R32LAM-L,2068,WASH_MACH,1,0.1
R32LAM-L,2068,WASH_MACH,2,0
R32LAM-L,2069,WASH_MACH,1,0.1
R32LAM-L,2069,WASH_MACH,2,0
R32LAM-L,2070,WASH_MACH,1,0.1
R32LAM-L,2070,WASH_MACH,2,0
R32LAM-L,2071,WASH_MACH,1,0.1
R32LAM-L,2071,WASH_MACH,2,0
R32LAM-L,2072,WASH_MACH,1,0.1
R32LAM-L,2072,WASH_MACH,2,0
R32LAM-L,2073,WASH_MACH,1,0.1
R32LAM-L,2073,WASH_MACH,2,0
R32LAM-L,2074,WASH_MACH,1,0.1
R32LAM-L,2074,WASH_MACH,2,0
R32LAM-L,2075,WASH_MACH,1,0.1
R32LAM-L,2075,WASH_MACH,2,0
R32LAM-L,2076,WASH_MACH,1,0.1
R32LAM-L,2076,WASH_MACH,2,0
R32LAM-L,2077,WASH_MACH,1,0.1
R32LAM-L,2077,WASH_MACH,2,0
R32LAM-L,2078,WASH_MACH,1,0.1
R32LAM-L,2078,WASH_MACH,2,0
R32LAM-L,2079,WASH_MACH,1,0.1
R32LAM-L,2079,WASH_MACH,2,0
R32LAM-L,2080,WASH_MACH,1,0.1
R32LAM-L,2080,WASH_MACH,2,0
R32LAM-L,2081,WASH_MACH,1,0.1
R32LAM-L,2081,WASH_MACH,2,0
R32LAM-L,2082,WASH_MACH,1,0.1
R32LAM-L,2082,WASH_MACH,2,0
R32LAM-L,2083,WASH_MACH,1,0.1
R32LAM-L,2083,WASH_MACH,2,0
R32LAM-L,2084,WASH_MACH,1,0.1
R32LAM-L,2084,WASH_MACH,2,0
R32LAM-L,2085,WASH_MACH,1,0.1
R32LAM-L,2085,WASH_MACH,2,0
R32LAM-L,2086,WASH_MACH,1,0.1
R32LAM-L,2086,WASH_MACH,2,0
R32LAM-L,2087,WASH_MACH,1,0.1
R32LAM-L,2087,WASH_MACH,2,0
R32LAM-L,2088,WASH_MACH,1,0.1
R32LAM-L,2088,WASH_MACH,2,0
R32LAM-L,2089,WASH_MACH,1,0.1
R32LAM-L,2089,WASH_MACH,2,0
R32LAM-L,2090,WASH_MACH,1,0.1
R32LAM-L,2090,WASH_MACH,2,0
R32LAM-L,2091,WASH_MACH,1,0.1
R32LAM-L,2091,WASH_MACH,2,0
R32LAM-L,2092,WASH_MACH,1,0.1
R32LAM-L,2092,WASH_MACH,2,0
R32LAM-L,2093,WASH_MACH,1,0.1
R32LAM-L,2093,WASH_MACH,2,0
R32LAM-L,2094,WASH_MACH,1,0.1
R32LAM-L,2094,WASH_MACH,2,0
R32LAM-L,2095,WASH_MACH,1,0.1
R32LAM-L,2095,WASH_MACH,2,0
R32LAM-L,2096,WASH_MACH,1,0.1
R32LAM-L,2096,WASH_MACH,2,0
R32LAM-L,2097,WASH_MACH,1,0.1
R32LAM-L,2097,WASH_MACH,2,0
R32LAM-L,2098,WASH_MACH,1,0.1
R32LAM-L,2098,WASH_MACH,2,0
R32LAM-L,2099,WASH_MACH,1,0.1
R32LAM-L,2099,WASH_MACH,2,0
R32LAM-L,2100,WASH_MACH,1,0.1
R32LAM-L,2100,WASH_MACH,2,0
R32LAM-L,2000,WASH_MACH_COM,1,0.1
R32LAM-L,2000,WASH_MACH_COM,2,0
R32LAM-L,2001,WASH_MACH_COM,1,0.1
R32LAM-L,2001,WASH_MACH_COM,2,0
R32LAM-L,2002,WASH_MACH_COM,1,0.1
R32LAM-L,2002,WASH_MACH_COM,2,0
R32LAM-L,2003,WASH_MACH_COM,1,0.1
R32LAM-L,2003,WASH_MACH_COM,2,0
R32LAM-L,2004,WASH_MACH_COM,1,0.1
R32LAM-L,2004,WASH_MACH_COM,2,0
R32LAM-L,2005,WASH_MACH_COM,1,0.1
R32LAM-L,2005,WASH_MACH_COM,2,0
R32LAM-L,2006,WASH_MACH_COM,1,0.1
R32LAM-L,2006,WASH_MACH_COM,2,0
R32LAM-L,2007,WASH_MACH_COM,1,0.1
R32LAM-L,2007,WASH_MACH_COM,2,0
R32LAM-L,2008,WASH_MACH_COM,1,0.1
R32LAM-L,2008,WASH_MACH_COM,2,0
R32LAM-L,2009,WASH_MACH_COM,1,0.1
R32LAM-L,2009,WASH_MACH_COM,2,0
R32LAM-L,2010,WASH_MACH_COM,1,0.1
R32LAM-L,2010,WASH_MACH_COM,2,0
R32LAM-L,2011,WASH_MACH_COM,1,0.1
R32LAM-L,2011,WASH_MACH_COM,2,0
R32LAM-L,2012,WASH_MACH_COM,1,0.1
R32LAM-L,2012,WASH_MACH_COM,2,0
R32LAM-L,2013,WASH_MACH_COM,1,0.1
R32LAM-L,2013,WASH_MACH_COM,2,0
R32LAM-L,2014,WASH_MACH_COM,1,0.1
R32LAM-L,2014,WASH_MACH_COM,2,0
R32LAM-L,2015,WASH_MACH_COM,1,0.1
R32LAM-L,2015,WASH_MACH_COM,2,0
R32LAM-L,2016,WASH_MACH_COM,1,0.1
R32LAM-L,2016,WASH_MACH_COM,2,0
R32LAM-L,2017,WASH_MACH_COM,1,0.1
R32LAM-L,2017,WASH_MACH_COM,2,0
R32LAM-L,2018,WASH_MACH_COM,1,0.1
R32LAM-L,2018,WASH_MACH_COM,2,0
R32LAM-L,2019,WASH_MACH_COM,1,0.1
R32LAM-L,2019,WASH_MACH_COM,2,0
R32LAM-L,2020,WASH_MACH_COM,1,0.1
R32LAM-L,2020,WASH_MACH_COM,2,0
R32LAM-L,2021,WASH_MACH_COM,1,0.1
R32LAM-L,2021,WASH_MACH_COM,2,0
R32LAM-L,2022,WASH_MACH_COM,1,0.1
R32LAM-L,2022,WASH_MACH_COM,2,0
R32LAM-L,2023,WASH_MACH_COM,1,0.1
R32LAM-L,2023,WASH_MACH_COM,2,0
R32LAM-L,2024,WASH_MACH_COM,1,0.1
R32LAM-L,2024,WASH_MACH_COM,2,0
R32LAM-L,2025,WASH_MACH_COM,1,0.1
R32LAM-L,2025,WASH_MACH_COM,2,0
R32LAM-L,2026,WASH_MACH_COM,1,0.1
R32LAM-L,2026,WASH_MACH_COM,2,0
R32LAM-L,2027,WASH_MACH_COM,1,0.1
R32LAM-L,2027,WASH_MACH_COM,2,0
R32LAM-L,2028,WASH_MACH_COM,1,0.1
R32LAM-L,2028,WASH_MACH_COM,2,0
R32LAM-L,2029,WASH_MACH_COM,1,0.1
R32LAM-L,2029,WASH_MACH_COM,2,0
R32LAM-L,2030,WASH_MACH_COM,1,0.1
R32LAM-L,2030,WASH_MACH_COM,2,0
R32LAM-L,2031,WASH_MACH_COM,1,0.1
R32LAM-L,2031,WASH_MACH_COM,2,0
R32LAM-L,2032,WASH_MACH_COM,1,0.1
R32LAM-L,2032,WASH_MACH_COM,2,0
R32LAM-L,2033,WASH_MACH_COM,1,0.1
R32LAM-L,2033,WASH_MACH_COM,2,0
R32LAM-L,2034,WASH_MACH_COM,1,0.1
R32LAM-L,2034,WASH_MACH_COM,2,0
R32LAM-L,2035,WASH_MACH_COM,1,0.1
R32LAM-L,2035,WASH_MACH_COM,2,0
R32LAM-L,2036,WASH_MACH_COM,1,0.1
R32LAM-L,2036,WASH_MACH_COM,2,0
R32LAM-L,2037,WASH_MACH_COM,1,0.1
R32LAM-L,2037,WASH_MACH_COM,2,0
R32LAM-L,2038,WASH_MACH_COM,1,0.1
R32LAM-L,2038,WASH_MACH_COM,2,0
R32LAM-L,2039,WASH_MACH_COM,1,0.1
R32LAM-L,2039,WASH_MACH_COM,2,0
R32LAM-L,2040,WASH_MACH_COM,1,0.1
R32LAM-L,2040,WASH_MACH_COM,2,0
R32LAM-L,2041,WASH_MACH_COM,1,0.1
R32LAM-L,2041,WASH_MACH_COM,2,0
R32LAM-L,2042,WASH_MACH_COM,1,0.1
R32LAM-L,2042,WASH_MACH_COM,2,0
R32LAM-L,2043,WASH_MACH_COM,1,0.1
R32LAM-L,2043,WASH_MACH_COM,2,0
R32LAM-L,2044,WASH_MACH_COM,1,0.1
R32LAM-L,2044,WASH_MACH_COM,2,0
R32LAM-L,2045,WASH_MACH_COM,1,0.1
R32LAM-L,2045,WASH_MACH_COM,2,0
R32LAM-L,2046,WASH_MACH_COM,1,0.1
R32LAM-L,2046,WASH_MACH_COM,2,0
R32LAM-L,2047,WASH_MACH_COM,1,0.1
R32LAM-L,2047,WASH_MACH_COM,2,0
R32LAM-L,2048,WASH_MACH_COM,1,0.1
R32LAM-L,2048,WASH_MACH_COM,2,0
R32LAM-L,2049,WASH_MACH_COM,1,0.1
R32LAM-L,2049,WASH_MACH_COM,2,0
R32LAM-L,2050,WASH_MACH_COM,1,0.1
R32LAM-L,2050,WASH_MACH_COM,2,0
R32LAM-L,2051,WASH_MACH_COM,1,0.1
R32LAM-L,2051,WASH_MACH_COM,2,0
R32LAM-L,2052,WASH_MACH_COM,1,0.1
R32LAM-L,2052,WASH_MACH_COM,2,0
R32LAM-L,2053,WASH_MACH_COM,1,0.1
R32LAM-L,2053,WASH_MACH_COM,2,0
R32LAM-L,2054,WASH_MACH_COM,1,0.1
R32LAM-L,2054,WASH_MACH_COM,2,0
R32LAM-L,2055,WASH_MACH_COM,1,0.1
R32LAM-L,2055,WASH_MACH_COM,2,0
R32LAM-L,2056,WASH_MACH_COM,1,0.1
R32LAM-L,2056,WASH_MACH_COM,2,0
R32LAM-L,2057,WASH_MACH_COM,1,0.1
R32LAM-L,2057,WASH_MACH_COM,2,0
R32LAM-L,2058,WASH_MACH_COM,1,0.1
R32LAM-L,2058,WASH_MACH_COM,2,0
R32LAM-L,2059,WASH_MACH_COM,1,0.1
R32LAM-L,2059,WASH_MACH_COM,2,0
R32LAM-L,2060,WASH_MACH_COM,1,0.1
R32LAM-L,2060,WASH_MACH_COM,2,0
R32LAM-L,2061,WASH_MACH_COM,1,0.1
R32LAM-L,2061,WASH_MACH_COM,2,0
R32LAM-L,2062,WASH_MACH_COM,1,0.1
R32LAM-L,2062,WASH_MACH_COM,2,0
R32LAM-L,2063,WASH_MACH_COM,1,0.1
R32LAM-L,2063,WASH_MACH_COM,2,0
R32LAM-L,2064,WASH_MACH_COM,1,0.1
R32LAM-L,2064,WASH_MACH_COM,2,0
R32LAM-L,2065,WASH_MACH_COM,1,0.1
R32LAM-L,2065,WASH_MACH_COM,2,0
R32LAM-L,2066,WASH_MACH_COM,1,0.1
R32LAM-L,2066,WASH_MACH_COM,2,0
R32LAM-L,2067,WASH_MACH_COM,1,0.1
R32LAM-L,2067,WASH_MACH_COM,2,0
R32LAM-L,2068,WASH_MACH_COM,1,0.1
R32LAM-L,2068,WASH_MACH_COM,2,0
R32LAM-L,2069,WASH_MACH_COM,1,0.1
R32LAM-L,2069,WASH_MACH_COM,2,0
R32LAM-L,2070,WASH_MACH_COM,1,0.1
R32LAM-L,2070,WASH_MACH_COM,2,0
R32LAM-L,2071,WASH_MACH_COM,1,0.1
R32LAM-L,2071,WASH_MACH_COM,2,0
R32LAM-L,2072,WASH_MACH_COM,1,0.1
R32LAM-L,2072,WASH_MACH_COM,2,0
R32LAM-L,2073,WASH_MACH_COM,1,0.1
R32LAM-L,2073,WASH_MACH_COM,2,0
R32LAM-L,2074,WASH_MACH_COM,1,0.1
R32LAM-L,2074,WASH_MACH_COM,2,0
R32LAM-L,2075,WASH_MACH_COM,1,0.1
R32LAM-L,2075,WASH_MACH_COM,2,0
R32LAM-L,2076,WASH_MACH_COM,1,0.1
R32LAM-L,2076,WASH_MACH_COM,2,0
R32LAM-L,2077,WASH_MACH_COM,1,0.1
R32LAM-L,2077,WASH_MACH_COM,2,0
R32LAM-L,2078,WASH_MACH_COM,1,0.1
R32LAM-L,2078,WASH_MACH_COM,2,0
R32LAM-L,2079,WASH_MACH_COM,1,0.1
R32LAM-L,2079,WASH_MACH_COM,2,0
R32LAM-L,2080,WASH_MACH_COM,1,0.1
R32LAM-L,2080,WASH_MACH_COM,2,0
R32LAM-L,2081,WASH_MACH_COM,1,0.1
R32LAM-L,2081,WASH_MACH_COM,2,0
R32LAM-L,2082,WASH_MACH_COM,1,0.1
R32LAM-L,2082,WASH_MACH_COM,2,0
R32LAM-L,2083,WASH_MACH_COM,1,0.1
R32LAM-L,2083,WASH_MACH_COM,2,0
R32LAM-L,2084,WASH_MACH_COM,1,0.1
R32LAM-L,2084,WASH_MACH_COM,2,0
R32LAM-L,2085,WASH_MACH_COM,1,0.1
R32LAM-L,2085,WASH_MACH_COM,2,0
R32LAM-L,2086,WASH_MACH_COM,1,0.1
R32LAM-L,2086,WASH_MACH_COM,2,0
R32LAM-L,2087,WASH_MACH_COM,1,0.1
R32LAM-L,2087,WASH_MACH_COM,2,0
R32LAM-L,2088,WASH_MACH_COM,1,0.1
R32LAM-L,2088,WASH_MACH_COM,2,0
R32LAM-L,2089,WASH_MACH_COM,1,0.1
R32LAM-L,2089,WASH_MACH_COM,2,0
R32LAM-L,2090,WASH_MACH_COM,1,0.1
R32LAM-L,2090,WASH_MACH_COM,2,0
R32LAM-L,2091,WASH_MACH_COM,1,0.1
R32LAM-L,2091,WASH_MACH_COM,2,0
R32LAM-L,2092,WASH_MACH_COM,1,0.1
R32LAM-L,2092,WASH_MACH_COM,2,0
R32LAM-L,2093,WASH_MACH_COM,1,0.1
R32LAM-L,2093,WASH_MACH_COM,2,0
R32LAM-L,2094,WASH_MACH_COM,1,0.1
R32LAM-L,2094,WASH_MACH_COM,2,0
R32LAM-L,2095,WASH_MACH_COM,1,0.1
R32LAM-L,2095,WASH_MACH_COM,2,0
R32LAM-L,2096,WASH_MACH_COM,1,0.1
R32LAM-L,2096,WASH_MACH_COM,2,0
R32LAM-L,2097,WASH_MACH_COM,1,0.1
R32LAM-L,2097,WASH_MACH_COM,2,0
R32LAM-L,2098,WASH_MACH_COM,1,0.1
R32LAM-L,2098,WASH_MACH_COM,2,0
R32LAM-L,2099,WASH_MACH_COM,1,0.1
R32LAM-L,2099,WASH_MACH_COM,2,0
R32LAM-L,2100,WASH_MACH_COM,1,0.1
R32LAM-L,2100,WASH_MACH_COM,2,0
R32LAM-M,2000,WASH_MACH,1,0.1
R32LAM-M,2000,WASH_MACH,2,0
R32LAM-M,2001,WASH_MACH,1,0.1
R32LAM-M,2001,WASH_MACH,2,0
R32LAM-M,2002,WASH_MACH,1,0.1
R32LAM-M,2002,WASH_MACH,2,0
R32LAM-M,2003,WASH_MACH,1,0.1
R32LAM-M,2003,WASH_MACH,2,0
R32LAM-M,2004,WASH_MACH,1,0.1
R32LAM-M,2004,WASH_MACH,2,0
R32LAM-M,2005,WASH_MACH,1,0.1
R32LAM-M,2005,WASH_MACH,2,0
R32LAM-M,2006,WASH_MACH,1,0.1
R32LAM-M,2006,WASH_MACH,2,0
R32LAM-M,2007,WASH_MACH,1,0.1
R32LAM-M,2007,WASH_MACH,2,0
R32LAM-M,2008,WASH_MACH,1,0.1
R32LAM-M,2008,WASH_MACH,2,0
R32LAM-M,2009,WASH_MACH,1,0.1
R32LAM-M,2009,WASH_MACH,2,0
R32LAM-M,2010,WASH_MACH,1,0.1
R32LAM-M,2010,WASH_MACH,2,0
R32LAM-M,2011,WASH_MACH,1,0.1
R32LAM-M,2011,WASH_MACH,2,0
R32LAM-M,2012,WASH_MACH,1,0.1
R32LAM-M,2012,WASH_MACH,2,0
R32LAM-M,2013,WASH_MACH,1,0.1
R32LAM-M,2013,WASH_MACH,2,0
R32LAM-M,2014,WASH_MACH,1,0.1
R32LAM-M,2014,WASH_MACH,2,0
R32LAM-M,2015,WASH_MACH,1,0.1
R32LAM-M,2015,WASH_MACH,2,0
R32LAM-M,2016,WASH_MACH,1,0.1
R32LAM-M,2016,WASH_MACH,2,0
R32LAM-M,2017,WASH_MACH,1,0.1
R32LAM-M,2017,WASH_MACH,2,0
R32LAM-M,2018,WASH_MACH,1,0.1
R32LAM-M,2018,WASH_MACH,2,0
R32LAM-M,2019,WASH_MACH,1,0.1
R32LAM-M,2019,WASH_MACH,2,0
R32LAM-M,2020,WASH_MACH,1,0.1
R32LAM-M,2020,WASH_MACH,2,0
R32LAM-M,2021,WASH_MACH,1,0.1
R32LAM-M,2021,WASH_MACH,2,0
R32LAM-M,2022,WASH_MACH,1,0.1
R32LAM-M,2022,WASH_MACH,2,0
R32LAM-M,2023,WASH_MACH,1,0.1
R32LAM-M,2023,WASH_MACH,2,0
R32LAM-M,2024,WASH_MACH,1,0.1
R32LAM-M,2024,WASH_MACH,2,0
R32LAM-M,2025,WASH_MACH,1,0.1
R32LAM-M,2025,WASH_MACH,2,0
R32LAM-M,2026,WASH_MACH,1,0.1
R32LAM-M,2026,WASH_MACH,2,0
R32LAM-M,2027,WASH_MACH,1,0.1
R32LAM-M,2027,WASH_MACH,2,0
R32LAM-M,2028,WASH_MACH,1,0.1
R32LAM-M,2028,WASH_MACH,2,0
R32LAM-M,2029,WASH_MACH,1,0.1
R32LAM-M,2029,WASH_MACH,2,0
R32LAM-M,2030,WASH_MACH,1,0.1
R32LAM-M,2030,WASH_MACH,2,0
R32LAM-M,2031,WASH_MACH,1,0.1
R32LAM-M,2031,WASH_MACH,2,0
R32LAM-M,2032,WASH_MACH,1,0.1
R32LAM-M,2032,WASH_MACH,2,0
R32LAM-M,2033,WASH_MACH,1,0.1
R32LAM-M,2033,WASH_MACH,2,0
R32LAM-M,2034,WASH_MACH,1,0.1
R32LAM-M,2034,WASH_MACH,2,0
R32LAM-M,2035,WASH_MACH,1,0.1
R32LAM-M,2035,WASH_MACH,2,0
R32LAM-M,2036,WASH_MACH,1,0.1
R32LAM-M,2036,WASH_MACH,2,0
R32LAM-M,2037,WASH_MACH,1,0.1
R32LAM-M,2037,WASH_MACH,2,0
R32LAM-M,2038,WASH_MACH,1,0.1
R32LAM-M,2038,WASH_MACH,2,0
R32LAM-M,2039,WASH_MACH,1,0.1
R32LAM-M,2039,WASH_MACH,2,0
R32LAM-M,2040,WASH_MACH,1,0.1
R32LAM-M,2040,WASH_MACH,2,0
R32LAM-M,2041,WASH_MACH,1,0.1
R32LAM-M,2041,WASH_MACH,2,0
R32LAM-M,2042,WASH_MACH,1,0.1
R32LAM-M,2042,WASH_MACH,2,0
R32LAM-M,2043,WASH_MACH,1,0.1
R32LAM-M,2043,WASH_MACH,2,0
R32LAM-M,2044,WASH_MACH,1,0.1
R32LAM-M,2044,WASH_MACH,2,0
R32LAM-M,2045,WASH_MACH,1,0.1
R32LAM-M,2045,WASH_MACH,2,0
R32LAM-M,2046,WASH_MACH,1,0.1
R32LAM-M,2046,WASH_MACH,2,0
R32LAM-M,2047,WASH_MACH,1,0.1
R32LAM-M,2047,WASH_MACH,2,0
R32LAM-M,2048,WASH_MACH,1,0.1
R32LAM-M,2048,WASH_MACH,2,0
R32LAM-M,2049,WASH_MACH,1,0.1
R32LAM-M,2049,WASH_MACH,2,0
R32LAM-M,2050,WASH_MACH,1,0.1
R32LAM-M,2050,WASH_MACH,2,0
R32LAM-M,2051,WASH_MACH,1,0.1
R32LAM-M,2051,WASH_MACH,2,0
R32LAM-M,2052,WASH_MACH,1,0.1
R32LAM-M,2052,WASH_MACH,2,0
R32LAM-M,2053,WASH_MACH,1,0.1
R32LAM-M,2053,WASH_MACH,2,0
R32LAM-M,2054,WASH_MACH,1,0.1
R32LAM-M,2054,WASH_MACH,2,0
R32LAM-M,2055,WASH_MACH,1,0.1
R32LAM-M,2055,WASH_MACH,2,0
R32LAM-M,2056,WASH_MACH,1,0.1
R32LAM-M,2056,WASH_MACH,2,0
R32LAM-M,2057,WASH_MACH,1,0.1
R32LAM-M,2057,WASH_MACH,2,0
R32LAM-M,2058,WASH_MACH,1,0.1
R32LAM-M,2058,WASH_MACH,2,0
R32LAM-M,2059,WASH_MACH,1,0.1
R32LAM-M,2059,WASH_MACH,2,0
R32LAM-M,2060,WASH_MACH,1,0.1
R32LAM-M,2060,WASH_MACH,2,0
R32LAM-M,2061,WASH_MACH,1,0.1
R32LAM-M,2061,WASH_MACH,2,0
R32LAM-M,2062,WASH_MACH,1,0.1
R32LAM-M,2062,WASH_MACH,2,0
R32LAM-M,2063,WASH_MACH,1,0.1
R32LAM-M,2063,WASH_MACH,2,0
R32LAM-M,2064,WASH_MACH,1,0.1
R32LAM-M,2064,WASH_MACH,2,0
R32LAM-M,2065,WASH_MACH,1,0.1
R32LAM-M,2065,WASH_MACH,2,0
R32LAM-M,2066,WASH_MACH,1,0.1
R32LAM-M,2066,WASH_MACH,2,0
R32LAM-M,2067,WASH_MACH,1,0.1
R32LAM-M,2067,WASH_MACH,2,0
R32LAM-M,2068,WASH_MACH,1,0.1
R32LAM-M,2068,WASH_MACH,2,0
R32LAM-M,2069,WASH_MACH,1,0.1
R32LAM-M,2069,WASH_MACH,2,0
R32LAM-M,2070,WASH_MACH,1,0.1
R32LAM-M,2070,WASH_MACH,2,0
R32LAM-M,2071,WASH_MACH,1,0.1
R32LAM-M,2071,WASH_MACH,2,0
R32LAM-M,2072,WASH_MACH,1,0.1
R32LAM-M,2072,WASH_MACH,2,0
R32LAM-M,2073,WASH_MACH,1,0.1
R32LAM-M,2073,WASH_MACH,2,0
R32LAM-M,2074,WASH_MACH,1,0.1
R32LAM-M,2074,WASH_MACH,2,0
R32LAM-M,2075,WASH_MACH,1,0.1
R32LAM-M,2075,WASH_MACH,2,0
R32LAM-M,2076,WASH_MACH,1,0.1
R32LAM-M,2076,WASH_MACH,2,0
R32LAM-M,2077,WASH_MACH,1,0.1
R32LAM-M,2077,WASH_MACH,2,0
R32LAM-M,2078,WASH_MACH,1,0.1
R32LAM-M,2078,WASH_MACH,2,0
R32LAM-M,2079,WASH_MACH,1,0.1
R32LAM-M,2079,WASH_MACH,2,0
R32LAM-M,2080,WASH_MACH,1,0.1
R32LAM-M,2080,WASH_MACH,2,0
R32LAM-M,2081,WASH_MACH,1,0.1
R32LAM-M,2081,WASH_MACH,2,0
R32LAM-M,2082,WASH_MACH,1,0.1
R32LAM-M,2082,WASH_MACH,2,0
R32LAM-M,2083,WASH_MACH,1,0.1
R32LAM-M,2083,WASH_MACH,2,0
R32LAM-M,2084,WASH_MACH,1,0.1
R32LAM-M,2084,WASH_MACH,2,0
R32LAM-M,2085,WASH_MACH,1,0.1
R32LAM-M,2085,WASH_MACH,2,0
R32LAM-M,2086,WASH_MACH,1,0.1
R32LAM-M,2086,WASH_MACH,2,0
R32LAM-M,2087,WASH_MACH,1,0.1
R32LAM-M,2087,WASH_MACH,2,0
R32LAM-M,2088,WASH_MACH,1,0.1
R32LAM-M,2088,WASH_MACH,2,0
R32LAM-M,2089,WASH_MACH,1,0.1
R32LAM-M,2089,WASH_MACH,2,0
R32LAM-M,2090,WASH_MACH,1,0.1
R32LAM-M,2090,WASH_MACH,2,0
R32LAM-M,2091,WASH_MACH,1,0.1
R32LAM-M,2091,WASH_MACH,2,0
R32LAM-M,2092,WASH_MACH,1,0.1
R32LAM-M,2092,WASH_MACH,2,0
R32LAM-M,2093,WASH_MACH,1,0.1
R32LAM-M,2093,WASH_MACH,2,0
R32LAM-M,2094,WASH_MACH,1,0.1
R32LAM-M,2094,WASH_MACH,2,0
R32LAM-M,2095,WASH_MACH,1,0.1
R32LAM-M,2095,WASH_MACH,2,0
R32LAM-M,2096,WASH_MACH,1,0.1
R32LAM-M,2096,WASH_MACH,2,0
R32LAM-M,2097,WASH_MACH,1,0.1
R32LAM-M,2097,WASH_MACH,2,0
R32LAM-M,2098,WASH_MACH,1,0.1
R32LAM-M,2098,WASH_MACH,2,0
R32LAM-M,2099,WASH_MACH,1,0.1
R32LAM-M,2099,WASH_MACH,2,0
R32LAM-M,2100,WASH_MACH,1,0.1
R32LAM-M,2100,WASH_MACH,2,0
R32LAM-M,2000,WASH_MACH_COM,1,0.1
R32LAM-M,2000,WASH_MACH_COM,2,0
R32LAM-M,2001,WASH_MACH_COM,1,0.1
R32LAM-M,2001,WASH_MACH_COM,2,0
R32LAM-M,2002,WASH_MACH_COM,1,0.1
R32LAM-M,2002,WASH_MACH_COM,2,0
R32LAM-M,2003,WASH_MACH_COM,1,0.1
R32LAM-M,2003,WASH_MACH_COM,2,0
R32LAM-M,2004,WASH_MACH_COM,1,0.1
R32LAM-M,2004,WASH_MACH_COM,2,0
R32LAM-M,2005,WASH_MACH_COM,1,0.1
R32LAM-M,2005,WASH_MACH_COM,2,0
R32LAM-M,2006,WASH_MACH_COM,1,0.1
R32LAM-M,2006,WASH_MACH_COM,2,0
R32LAM-M,2007,WASH_MACH_COM,1,0.1
R32LAM-M,2007,WASH_MACH_COM,2,0
R32LAM-M,2008,WASH_MACH_COM,1,0.1
R32LAM-M,2008,WASH_MACH_COM,2,0
R32LAM-M,2009,WASH_MACH_COM,1,0.1
R32LAM-M,2009,WASH_MACH_COM,2,0
R32LAM-M,2010,WASH_MACH_COM,1,0.1
R32LAM-M,2010,WASH_MACH_COM,2,0
R32LAM-M,2011,WASH_MACH_COM,1,0.1
R32LAM-M,2011,WASH_MACH_COM,2,0
R32LAM-M,2012,WASH_MACH_COM,1,0.1
R32LAM-M,2012,WASH_MACH_COM,2,0
R32LAM-M,2013,WASH_MACH_COM,1,0.1
R32LAM-M,2013,WASH_MACH_COM,2,0
R32LAM-M,2014,WASH_MACH_COM,1,0.1
R32LAM-M,2014,WASH_MACH_COM,2,0
R32LAM-M,2015,WASH_MACH_COM,1,0.1
R32LAM-M,2015,WASH_MACH_COM,2,0
R32LAM-M,2016,WASH_MACH_COM,1,0.1
R32LAM-M,2016,WASH_MACH_COM,2,0
R32LAM-M,2017,WASH_MACH_COM,1,0.1
R32LAM-M,2017,WASH_MACH_COM,2,0
R32LAM-M,2018,WASH_MACH_COM,1,0.1
R32LAM-M,2018,WASH_MACH_COM,2,0
R32LAM-M,2019,WASH_MACH_COM,1,0.1
R32LAM-M,2019,WASH_MACH_COM,2,0
R32LAM-M,2020,WASH_MACH_COM,1,0.1
R32LAM-M,2020,WASH_MACH_COM,2,0
R32LAM-M,2021,WASH_MACH_COM,1,0.1
R32LAM-M,2021,WASH_MACH_COM,2,0
R32LAM-M,2022,WASH_MACH_COM,1,0.1
R32LAM-M,2022,WASH_MACH_COM,2,0
R32LAM-M,2023,WASH_MACH_COM,1,0.1
R32LAM-M,2023,WASH_MACH_COM,2,0
R32LAM-M,2024,WASH_MACH_COM,1,0.1
R32LAM-M,2024,WASH_MACH_COM,2,0
R32LAM-M,2025,WASH_MACH_COM,1,0.1
R32LAM-M,2025,WASH_MACH_COM,2,0
R32LAM-M,2026,WASH_MACH_COM,1,0.1
R32LAM-M,2026,WASH_MACH_COM,2,0
R32LAM-M,2027,WASH_MACH_COM,1,0.1
R32LAM-M,2027,WASH_MACH_COM,2,0
R32LAM-M,2028,WASH_MACH_COM,1,0.1
R32LAM-M,2028,WASH_MACH_COM,2,0
R32LAM-M,2029,WASH_MACH_COM,1,0.1
R32LAM-M,2029,WASH_MACH_COM,2,0
R32LAM-M,2030,WASH_MACH_COM,1,0.1
R32LAM-M,2030,WASH_MACH_COM,2,0
R32LAM-M,2031,WASH_MACH_COM,1,0.1
R32LAM-M,2031,WASH_MACH_COM,2,0
R32LAM-M,2032,WASH_MACH_COM,1,0.1
R32LAM-M,2032,WASH_MACH_COM,2,0
R32LAM-M,2033,WASH_MACH_COM,1,0.1
R32LAM-M,2033,WASH_MACH_COM,2,0
R32LAM-M,2034,WASH_MACH_COM,1,0.1
R32LAM-M,2034,WASH_MACH_COM,2,0
R32LAM-M,2035,WASH_MACH_COM,1,0.1
R32LAM-M,2035,WASH_MACH_COM,2,0
R32LAM-M,2036,WASH_MACH_COM,1,0.1
R32LAM-M,2036,WASH_MACH_COM,2,0
R32LAM-M,2037,WASH_MACH_COM,1,0.1
R32LAM-M,2037,WASH_MACH_COM,2,0
R32LAM-M,2038,WASH_MACH_COM,1,0.1
R32LAM-M,2038,WASH_MACH_COM,2,0
R32LAM-M,2039,WASH_MACH_COM,1,0.1
R32LAM-M,2039,WASH_MACH_COM,2,0
R32LAM-M,2040,WASH_MACH_COM,1,0.1
R32LAM-M,2040,WASH_MACH_COM,2,0
R32LAM-M,2041,WASH_MACH_COM,1,0.1
R32LAM-M,2041,WASH_MACH_COM,2,0
R32LAM-M,2042,WASH_MACH_COM,1,0.1
R32LAM-M,2042,WASH_MACH_COM,2,0
R32LAM-M,2043,WASH_MACH_COM,1,0.1
R32LAM-M,2043,WASH_MACH_COM,2,0
R32LAM-M,2044,WASH_MACH_COM,1,0.1
R32LAM-M,2044,WASH_MACH_COM,2,0
R32LAM-M,2045,WASH_MACH_COM,1,0.1
R32LAM-M,2045,WASH_MACH_COM,2,0
R32LAM-M,2046,WASH_MACH_COM,1,0.1
R32LAM-M,2046,WASH_MACH_COM,2,0
R32LAM-M,2047,WASH_MACH_COM,1,0.1
R32LAM-M,2047,WASH_MACH_COM,2,0
R32LAM-M,2048,WASH_MACH_COM,1,0.1
R32LAM-M,2048,WASH_MACH_COM,2,0
R32LAM-M,2049,WASH_MACH_COM,1,0.1
R32LAM-M,2049,WASH_MACH_COM,2,0
R32LAM-M,2050,WASH_MACH_COM,1,0.1
R32LAM-M,2050,WASH_MACH_COM,2,0
R32LAM-M,2051,WASH_MACH_COM,1,0.1
R32LAM-M,2051,WASH_MACH_COM,2,0
R32LAM-M,2052,WASH_MACH_COM,1,0.1
R32LAM-M,2052,WASH_MACH_COM,2,0
R32LAM-M,2053,WASH_MACH_COM,1,0.1
R32LAM-M,2053,WASH_MACH_COM,2,0
R32LAM-M,2054,WASH_MACH_COM,1,0.1
R32LAM-M,2054,WASH_MACH_COM,2,0
R32LAM-M,2055,WASH_MACH_COM,1,0.1
R32LAM-M,2055,WASH_MACH_COM,2,0
R32LAM-M,2056,WASH_MACH_COM,1,0.1
R32LAM-M,2056,WASH_MACH_COM,2,0
R32LAM-M,2057,WASH_MACH_COM,1,0.1
R32LAM-M,2057,WASH_MACH_COM,2,0
R32LAM-M,2058,WASH_MACH_COM,1,0.1
R32LAM-M,2058,WASH_MACH_COM,2,0
R32LAM-M,2059,WASH_MACH_COM,1,0.1
R32LAM-M,2059,WASH_MACH_COM,2,0
R32LAM-M,2060,WASH_MACH_COM,1,0.1
R32LAM-M,2060,WASH_MACH_COM,2,0
R32LAM-M,2061,WASH_MACH_COM,1,0.1
R32LAM-M,2061,WASH_MACH_COM,2,0
R32LAM-M,2062,WASH_MACH_COM,1,0.1
R32LAM-M,2062,WASH_MACH_COM,2,0
R32LAM-M,2063,WASH_MACH_COM,1,0.1
R32LAM-M,2063,WASH_MACH_COM,2,0
R32LAM-M,2064,WASH_MACH_COM,1,0.1
R32LAM-M,2064,WASH_MACH_COM,2,0
R32LAM-M,2065,WASH_MACH_COM,1,0.1
R32LAM-M,2065,WASH_MACH_COM,2,0
R32LAM-M,2066,WASH_MACH_COM,1,0.1
R32LAM-M,2066,WASH_MACH_COM,2,0
R32LAM-M,2067,WASH_MACH_COM,1,0.1
R32LAM-M,2067,WASH_MACH_COM,2,0
R32LAM-M,2068,WASH_MACH_COM,1,0.1
R32LAM-M,2068,WASH_MACH_COM,2,0
R32LAM-M,2069,WASH_MACH_COM,1,0.1
R32LAM-M,2069,WASH_MACH_COM,2,0
R32LAM-M,2070,WASH_MACH_COM,1,0.1
R32LAM-M,2070,WASH_MACH_COM,2,0
R32LAM-M,2071,WASH_MACH_COM,1,0.1
R32LAM-M,2071,WASH_MACH_COM,2,0
R32LAM-M,2072,WASH_MACH_COM,1,0.1
R32LAM-M,2072,WASH_MACH_COM,2,0
R32LAM-M,2073,WASH_MACH_COM,1,0.1
R32LAM-M,2073,WASH_MACH_COM,2,0
R32LAM-M,2074,WASH_MACH_COM,1,0.1
R32LAM-M,2074,WASH_MACH_COM,2,0
R32LAM-M,2075,WASH_MACH_COM,1,0.1
R32LAM-M,2075,WASH_MACH_COM,2,0
R32LAM-M,2076,WASH_MACH_COM,1,0.1
R32LAM-M,2076,WASH_MACH_COM,2,0
R32LAM-M,2077,WASH_MACH_COM,1,0.1
R32LAM-M,2077,WASH_MACH_COM,2,0
R32LAM-M,2078,WASH_MACH_COM,1,0.1
R32LAM-M,2078,WASH_MACH_COM,2,0
R32LAM-M,2079,WASH_MACH_COM,1,0.1
R32LAM-M,2079,WASH_MACH_COM,2,0
R32LAM-M,2080,WASH_MACH_COM,1,0.1
R32LAM-M,2080,WASH_MACH_COM,2,0
R32LAM-M,2081,WASH_MACH_COM,1,0.1
R32LAM-M,2081,WASH_MACH_COM,2,0
R32LAM-M,2082,WASH_MACH_COM,1,0.1
R32LAM-M,2082,WASH_MACH_COM,2,0
R32LAM-M,2083,WASH_MACH_COM,1,0.1
R32LAM-M,2083,WASH_MACH_COM,2,0
R32LAM-M,2084,WASH_MACH_COM,1,0.1
R32LAM-M,2084,WASH_MACH_COM,2,0
R32LAM-M,2085,WASH_MACH_COM,1,0.1
R32LAM-M,2085,WASH_MACH_COM,2,0
R32LAM-M,2086,WASH_MACH_COM,1,0.1
R32LAM-M,2086,WASH_MACH_COM,2,0
R32LAM-M,2087,WASH_MACH_COM,1,0.1
R32LAM-M,2087,WASH_MACH_COM,2,0
R32LAM-M,2088,WASH_MACH_COM,1,0.1
R32LAM-M,2088,WASH_MACH_COM,2,0
R32LAM-M,2089,WASH_MACH_COM,1,0.1
R32LAM-M,2089,WASH_MACH_COM,2,0
R32LAM-M,2090,WASH_MACH_COM,1,0.1
R32LAM-M,2090,WASH_MACH_COM,2,0
R32LAM-M,2091,WASH_MACH_COM,1,0.1
R32LAM-M,2091,WASH_MACH_COM,2,0
R32LAM-M,2092,WASH_MACH_COM,1,0.1
R32LAM-M,2092,WASH_MACH_COM,2,0
R32LAM-M,2093,WASH_MACH_COM,1,0.1
R32LAM-M,2093,WASH_MACH_COM,2,0
R32LAM-M,2094,WASH_MACH_COM,1,0.1
R32LAM-M,2094,WASH_MACH_COM,2,0
R32LAM-M,2095,WASH_MACH_COM,1,0.1
R32LAM-M,2095,WASH_MACH_COM,2,0
R32LAM-M,2096,WASH_MACH_COM,1,0.1
R32LAM-M,2096,WASH_MACH_COM,2,0
R32LAM-M,2097,WASH_MACH_COM,1,0.1
R32LAM-M,2097,WASH_MACH_COM,2,0
R32LAM-M,2098,WASH_MACH_COM,1,0.1
R32LAM-M,2098,WASH_MACH_COM,2,0
R32LAM-M,2099,WASH_MACH_COM,1,0.1
R32LAM-M,2099,WASH_MACH_COM,2,0
R32LAM-M,2100,WASH_MACH_COM,1,0.1
R32LAM-M,2100,WASH_MACH_COM,2,0
R32MEA-H,2000,WASH_MACH,1,0.1
R32MEA-H,2000,WASH_MACH,2,0
R32MEA-H,2001,WASH_MACH,1,0.1
R32MEA-H,2001,WASH_MACH,2,0
R32MEA-H,2002,WASH_MACH,1,0.1
R32MEA-H,2002,WASH_MACH,2,0
R32MEA-H,2003,WASH_MACH,1,0.1
R32MEA-H,2003,WASH_MACH,2,0
R32MEA-H,2004,WASH_MACH,1,0.1
R32MEA-H,2004,WASH_MACH,2,0
R32MEA-H,2005,WASH_MACH,1,0.1
R32MEA-H,2005,WASH_MACH,2,0
R32MEA-H,2006,WASH_MACH,1,0.1
R32MEA-H,2006,WASH_MACH,2,0
R32MEA-H,2007,WASH_MACH,1,0.1
R32MEA-H,2007,WASH_MACH,2,0
R32MEA-H,2008,WASH_MACH,1,0.1
R32MEA-H,2008,WASH_MACH,2,0
R32MEA-H,2009,WASH_MACH,1,0.1
R32MEA-H,2009,WASH_MACH,2,0
R32MEA-H,2010,WASH_MACH,1,0.1
R32MEA-H,2010,WASH_MACH,2,0
R32MEA-H,2011,WASH_MACH,1,0.1
R32MEA-H,2011,WASH_MACH,2,0
R32MEA-H,2012,WASH_MACH,1,0.1
R32MEA-H,2012,WASH_MACH,2,0
R32MEA-H,2013,WASH_MACH,1,0.1
R32MEA-H,2013,WASH_MACH,2,0
R32MEA-H,2014,WASH_MACH,1,0.1
R32MEA-H,2014,WASH_MACH,2,0
R32MEA-H,2015,WASH_MACH,1,0.1
R32MEA-H,2015,WASH_MACH,2,0
R32MEA-H,2016,WASH_MACH,1,0.1
R32MEA-H,2016,WASH_MACH,2,0
R32MEA-H,2017,WASH_MACH,1,0.1
R32MEA-H,2017,WASH_MACH,2,0
R32MEA-H,2018,WASH_MACH,1,0.1
R32MEA-H,2018,WASH_MACH,2,0
R32MEA-H,2019,WASH_MACH,1,0.1
R32MEA-H,2019,WASH_MACH,2,0
R32MEA-H,2020,WASH_MACH,1,0.1
R32MEA-H,2020,WASH_MACH,2,0
R32MEA-H,2021,WASH_MACH,1,0.1
R32MEA-H,2021,WASH_MACH,2,0
R32MEA-H,2022,WASH_MACH,1,0.1
R32MEA-H,2022,WASH_MACH,2,0
R32MEA-H,2023,WASH_MACH,1,0.1
R32MEA-H,2023,WASH_MACH,2,0
R32MEA-H,2024,WASH_MACH,1,0.1
R32MEA-H,2024,WASH_MACH,2,0
R32MEA-H,2025,WASH_MACH,1,0.1
R32MEA-H,2025,WASH_MACH,2,0
R32MEA-H,2026,WASH_MACH,1,0.1
R32MEA-H,2026,WASH_MACH,2,0
R32MEA-H,2027,WASH_MACH,1,0.1
R32MEA-H,2027,WASH_MACH,2,0
R32MEA-H,2028,WASH_MACH,1,0.1
R32MEA-H,2028,WASH_MACH,2,0
R32MEA-H,2029,WASH_MACH,1,0.1
R32MEA-H,2029,WASH_MACH,2,0
R32MEA-H,2030,WASH_MACH,1,0.1
R32MEA-H,2030,WASH_MACH,2,0
R32MEA-H,2031,WASH_MACH,1,0.1
R32MEA-H,2031,WASH_MACH,2,0
R32MEA-H,2032,WASH_MACH,1,0.1
R32MEA-H,2032,WASH_MACH,2,0
R32MEA-H,2033,WASH_MACH,1,0.1
R32MEA-H,2033,WASH_MACH,2,0
R32MEA-H,2034,WASH_MACH,1,0.1
R32MEA-H,2034,WASH_MACH,2,0
R32MEA-H,2035,WASH_MACH,1,0.1
R32MEA-H,2035,WASH_MACH,2,0
R32MEA-H,2036,WASH_MACH,1,0.1
R32MEA-H,2036,WASH_MACH,2,0
R32MEA-H,2037,WASH_MACH,1,0.1
R32MEA-H,2037,WASH_MACH,2,0
R32MEA-H,2038,WASH_MACH,1,0.1
R32MEA-H,2038,WASH_MACH,2,0
R32MEA-H,2039,WASH_MACH,1,0.1
R32MEA-H,2039,WASH_MACH,2,0
R32MEA-H,2040,WASH_MACH,1,0.1
R32MEA-H,2040,WASH_MACH,2,0
R32MEA-H,2041,WASH_MACH,1,0.1
R32MEA-H,2041,WASH_MACH,2,0
R32MEA-H,2042,WASH_MACH,1,0.1
R32MEA-H,2042,WASH_MACH,2,0
R32MEA-H,2043,WASH_MACH,1,0.1
R32MEA-H,2043,WASH_MACH,2,0
R32MEA-H,2044,WASH_MACH,1,0.1
R32MEA-H,2044,WASH_MACH,2,0
R32MEA-H,2045,WASH_MACH,1,0.1
R32MEA-H,2045,WASH_MACH,2,0
R32MEA-H,2046,WASH_MACH,1,0.1
R32MEA-H,2046,WASH_MACH,2,0
R32MEA-H,2047,WASH_MACH,1,0.1
R32MEA-H,2047,WASH_MACH,2,0
R32MEA-H,2048,WASH_MACH,1,0.1
R32MEA-H,2048,WASH_MACH,2,0
R32MEA-H,2049,WASH_MACH,1,0.1
R32MEA-H,2049,WASH_MACH,2,0
R32MEA-H,2050,WASH_MACH,1,0.1
R32MEA-H,2050,WASH_MACH,2,0
R32MEA-H,2051,WASH_MACH,1,0.1
R32MEA-H,2051,WASH_MACH,2,0
R32MEA-H,2052,WASH_MACH,1,0.1
R32MEA-H,2052,WASH_MACH,2,0
R32MEA-H,2053,WASH_MACH,1,0.1
R32MEA-H,2053,WASH_MACH,2,0
R32MEA-H,2054,WASH_MACH,1,0.1
R32MEA-H,2054,WASH_MACH,2,0
R32MEA-H,2055,WASH_MACH,1,0.1
R32MEA-H,2055,WASH_MACH,2,0
R32MEA-H,2056,WASH_MACH,1,0.1
R32MEA-H,2056,WASH_MACH,2,0
R32MEA-H,2057,WASH_MACH,1,0.1
R32MEA-H,2057,WASH_MACH,2,0
R32MEA-H,2058,WASH_MACH,1,0.1
R32MEA-H,2058,WASH_MACH,2,0
R32MEA-H,2059,WASH_MACH,1,0.1
R32MEA-H,2059,WASH_MACH,2,0
R32MEA-H,2060,WASH_MACH,1,0.1
R32MEA-H,2060,WASH_MACH,2,0
R32MEA-H,2061,WASH_MACH,1,0.1
R32MEA-H,2061,WASH_MACH,2,0
R32MEA-H,2062,WASH_MACH,1,0.1
R32MEA-H,2062,WASH_MACH,2,0
R32MEA-H,2063,WASH_MACH,1,0.1
R32MEA-H,2063,WASH_MACH,2,0
R32MEA-H,2064,WASH_MACH,1,0.1
R32MEA-H,2064,WASH_MACH,2,0
R32MEA-H,2065,WASH_MACH,1,0.1
R32MEA-H,2065,WASH_MACH,2,0
R32MEA-H,2066,WASH_MACH,1,0.1
R32MEA-H,2066,WASH_MACH,2,0
R32MEA-H,2067,WASH_MACH,1,0.1
R32MEA-H,2067,WASH_MACH,2,0
R32MEA-H,2068,WASH_MACH,1,0.1
R32MEA-H,2068,WASH_MACH,2,0
R32MEA-H,2069,WASH_MACH,1,0.1
R32MEA-H,2069,WASH_MACH,2,0
R32MEA-H,2070,WASH_MACH,1,0.1
R32MEA-H,2070,WASH_MACH,2,0
R32MEA-H,2071,WASH_MACH,1,0.1
R32MEA-H,2071,WASH_MACH,2,0
R32MEA-H,2072,WASH_MACH,1,0.1
R32MEA-H,2072,WASH_MACH,2,0
R32MEA-H,2073,WASH_MACH,1,0.1
R32MEA-H,2073,WASH_MACH,2,0
R32MEA-H,2074,WASH_MACH,1,0.1
R32MEA-H,2074,WASH_MACH,2,0
R32MEA-H,2075,WASH_MACH,1,0.1
R32MEA-H,2075,WASH_MACH,2,0
R32MEA-H,2076,WASH_MACH,1,0.1
R32MEA-H,2076,WASH_MACH,2,0
R32MEA-H,2077,WASH_MACH,1,0.1
R32MEA-H,2077,WASH_MACH,2,0
R32MEA-H,2078,WASH_MACH,1,0.1
R32MEA-H,2078,WASH_MACH,2,0
R32MEA-H,2079,WASH_MACH,1,0.1
R32MEA-H,2079,WASH_MACH,2,0
R32MEA-H,2080,WASH_MACH,1,0.1
R32MEA-H,2080,WASH_MACH,2,0
R32MEA-H,2081,WASH_MACH,1,0.1
R32MEA-H,2081,WASH_MACH,2,0
R32MEA-H,2082,WASH_MACH,1,0.1
R32MEA-H,2082,WASH_MACH,2,0
R32MEA-H,2083,WASH_MACH,1,0.1
R32MEA-H,2083,WASH_MACH,2,0
R32MEA-H,2084,WASH_MACH,1,0.1
R32MEA-H,2084,WASH_MACH,2,0
R32MEA-H,2085,WASH_MACH,1,0.1
R32MEA-H,2085,WASH_MACH,2,0
R32MEA-H,2086,WASH_MACH,1,0.1
R32MEA-H,2086,WASH_MACH,2,0
R32MEA-H,2087,WASH_MACH,1,0.1
R32MEA-H,2087,WASH_MACH,2,0
R32MEA-H,2088,WASH_MACH,1,0.1
R32MEA-H,2088,WASH_MACH,2,0
R32MEA-H,2089,WASH_MACH,1,0.1
R32MEA-H,2089,WASH_MACH,2,0
R32MEA-H,2090,WASH_MACH,1,0.1
R32MEA-H,2090,WASH_MACH,2,0
R32MEA-H,2091,WASH_MACH,1,0.1
R32MEA-H,2091,WASH_MACH,2,0
R32MEA-H,2092,WASH_MACH,1,0.1
R32MEA-H,2092,WASH_MACH,2,0
R32MEA-H,2093,WASH_MACH,1,0.1
R32MEA-H,2093,WASH_MACH,2,0
R32MEA-H,2094,WASH_MACH,1,0.1
R32MEA-H,2094,WASH_MACH,2,0
R32MEA-H,2095,WASH_MACH,1,0.1
R32MEA-H,2095,WASH_MACH,2,0
R32MEA-H,2096,WASH_MACH,1,0.1
R32MEA-H,2096,WASH_MACH,2,0
R32MEA-H,2097,WASH_MACH,1,0.1
R32MEA-H,2097,WASH_MACH,2,0
R32MEA-H,2098,WASH_MACH,1,0.1
R32MEA-H,2098,WASH_MACH,2,0
R32MEA-H,2099,WASH_MACH,1,0.1
R32MEA-H,2099,WASH_MACH,2,0
R32MEA-H,2100,WASH_MACH,1,0.1
R32MEA-H,2100,WASH_MACH,2,0
R32MEA-H,2000,WASH_MACH_COM,1,0.1
R32MEA-H,2000,WASH_MACH_COM,2,0
R32MEA-H,2001,WASH_MACH_COM,1,0.1
R32MEA-H,2001,WASH_MACH_COM,2,0
R32MEA-H,2002,WASH_MACH_COM,1,0.1
R32MEA-H,2002,WASH_MACH_COM,2,0
R32MEA-H,2003,WASH_MACH_COM,1,0.1
R32MEA-H,2003,WASH_MACH_COM,2,0
R32MEA-H,2004,WASH_MACH_COM,1,0.1
R32MEA-H,2004,WASH_MACH_COM,2,0
R32MEA-H,2005,WASH_MACH_COM,1,0.1
R32MEA-H,2005,WASH_MACH_COM,2,0
R32MEA-H,2006,WASH_MACH_COM,1,0.1
R32MEA-H,2006,WASH_MACH_COM,2,0
R32MEA-H,2007,WASH_MACH_COM,1,0.1
R32MEA-H,2007,WASH_MACH_COM,2,0
R32MEA-H,2008,WASH_MACH_COM,1,0.1
R32MEA-H,2008,WASH_MACH_COM,2,0
R32MEA-H,2009,WASH_MACH_COM,1,0.1
R32MEA-H,2009,WASH_MACH_COM,2,0
R32MEA-H,2010,WASH_MACH_COM,1,0.1
R32MEA-H,2010,WASH_MACH_COM,2,0
R32MEA-H,2011,WASH_MACH_COM,1,0.1
R32MEA-H,2011,WASH_MACH_COM,2,0
R32MEA-H,2012,WASH_MACH_COM,1,0.1
R32MEA-H,2012,WASH_MACH_COM,2,0
R32MEA-H,2013,WASH_MACH_COM,1,0.1
R32MEA-H,2013,WASH_MACH_COM,2,0
R32MEA-H,2014,WASH_MACH_COM,1,0.1
R32MEA-H,2014,WASH_MACH_COM,2,0
R32MEA-H,2015,WASH_MACH_COM,1,0.1
R32MEA-H,2015,WASH_MACH_COM,2,0
R32MEA-H,2016,WASH_MACH_COM,1,0.1
R32MEA-H,2016,WASH_MACH_COM,2,0
R32MEA-H,2017,WASH_MACH_COM,1,0.1
R32MEA-H,2017,WASH_MACH_COM,2,0
R32MEA-H,2018,WASH_MACH_COM,1,0.1
R32MEA-H,2018,WASH_MACH_COM,2,0
R32MEA-H,2019,WASH_MACH_COM,1,0.1
R32MEA-H,2019,WASH_MACH_COM,2,0
R32MEA-H,2020,WASH_MACH_COM,1,0.1
R32MEA-H,2020,WASH_MACH_COM,2,0
R32MEA-H,2021,WASH_MACH_COM,1,0.1
R32MEA-H,2021,WASH_MACH_COM,2,0
R32MEA-H,2022,WASH_MACH_COM,1,0.1
R32MEA-H,2022,WASH_MACH_COM,2,0
R32MEA-H,2023,WASH_MACH_COM,1,0.1
R32MEA-H,2023,WASH_MACH_COM,2,0
R32MEA-H,2024,WASH_MACH_COM,1,0.1
R32MEA-H,2024,WASH_MACH_COM,2,0
R32MEA-H,2025,WASH_MACH_COM,1,0.1
R32MEA-H,2025,WASH_MACH_COM,2,0
R32MEA-H,2026,WASH_MACH_COM,1,0.1
R32MEA-H,2026,WASH_MACH_COM,2,0
R32MEA-H,2027,WASH_MACH_COM,1,0.1
R32MEA-H,2027,WASH_MACH_COM,2,0
R32MEA-H,2028,WASH_MACH_COM,1,0.1
R32MEA-H,2028,WASH_MACH_COM,2,0
R32MEA-H,2029,WASH_MACH_COM,1,0.1
R32MEA-H,2029,WASH_MACH_COM,2,0
R32MEA-H,2030,WASH_MACH_COM,1,0.1
R32MEA-H,2030,WASH_MACH_COM,2,0
R32MEA-H,2031,WASH_MACH_COM,1,0.1
R32MEA-H,2031,WASH_MACH_COM,2,0
R32MEA-H,2032,WASH_MACH_COM,1,0.1
R32MEA-H,2032,WASH_MACH_COM,2,0
R32MEA-H,2033,WASH_MACH_COM,1,0.1
R32MEA-H,2033,WASH_MACH_COM,2,0
R32MEA-H,2034,WASH_MACH_COM,1,0.1
R32MEA-H,2034,WASH_MACH_COM,2,0
R32MEA-H,2035,WASH_MACH_COM,1,0.1
R32MEA-H,2035,WASH_MACH_COM,2,0
R32MEA-H,2036,WASH_MACH_COM,1,0.1
R32MEA-H,2036,WASH_MACH_COM,2,0
R32MEA-H,2037,WASH_MACH_COM,1,0.1
R32MEA-H,2037,WASH_MACH_COM,2,0
R32MEA-H,2038,WASH_MACH_COM,1,0.1
R32MEA-H,2038,WASH_MACH_COM,2,0
R32MEA-H,2039,WASH_MACH_COM,1,0.1
R32MEA-H,2039,WASH_MACH_COM,2,0
R32MEA-H,2040,WASH_MACH_COM,1,0.1
R32MEA-H,2040,WASH_MACH_COM,2,0
R32MEA-H,2041,WASH_MACH_COM,1,0.1
R32MEA-H,2041,WASH_MACH_COM,2,0
R32MEA-H,2042,WASH_MACH_COM,1,0.1
R32MEA-H,2042,WASH_MACH_COM,2,0
R32MEA-H,2043,WASH_MACH_COM,1,0.1
R32MEA-H,2043,WASH_MACH_COM,2,0
R32MEA-H,2044,WASH_MACH_COM,1,0.1
R32MEA-H,2044,WASH_MACH_COM,2,0
R32MEA-H,2045,WASH_MACH_COM,1,0.1
R32MEA-H,2045,WASH_MACH_COM,2,0
R32MEA-H,2046,WASH_MACH_COM,1,0.1
R32MEA-H,2046,WASH_MACH_COM,2,0
R32MEA-H,2047,WASH_MACH_COM,1,0.1
R32MEA-H,2047,WASH_MACH_COM,2,0
R32MEA-H,2048,WASH_MACH_COM,1,0.1
R32MEA-H,2048,WASH_MACH_COM,2,0
R32MEA-H,2049,WASH_MACH_COM,1,0.1
R32MEA-H,2049,WASH_MACH_COM,2,0
R32MEA-H,2050,WASH_MACH_COM,1,0.1
R32MEA-H,2050,WASH_MACH_COM,2,0
R32MEA-H,2051,WASH_MACH_COM,1,0.1
R32MEA-H,2051,WASH_MACH_COM,2,0
R32MEA-H,2052,WASH_MACH_COM,1,0.1
R32MEA-H,2052,WASH_MACH_COM,2,0
R32MEA-H,2053,WASH_MACH_COM,1,0.1
R32MEA-H,2053,WASH_MACH_COM,2,0
R32MEA-H,2054,WASH_MACH_COM,1,0.1
R32MEA-H,2054,WASH_MACH_COM,2,0
R32MEA-H,2055,WASH_MACH_COM,1,0.1
R32MEA-H,2055,WASH_MACH_COM,2,0
R32MEA-H,2056,WASH_MACH_COM,1,0.1
R32MEA-H,2056,WASH_MACH_COM,2,0
R32MEA-H,2057,WASH_MACH_COM,1,0.1
R32MEA-H,2057,WASH_MACH_COM,2,0
R32MEA-H,2058,WASH_MACH_COM,1,0.1
R32MEA-H,2058,WASH_MACH_COM,2,0
R32MEA-H,2059,WASH_MACH_COM,1,0.1
R32MEA-H,2059,WASH_MACH_COM,2,0
R32MEA-H,2060,WASH_MACH_COM,1,0.1
R32MEA-H,2060,WASH_MACH_COM,2,0
R32MEA-H,2061,WASH_MACH_COM,1,0.1
R32MEA-H,2061,WASH_MACH_COM,2,0
R32MEA-H,2062,WASH_MACH_COM,1,0.1
R32MEA-H,2062,WASH_MACH_COM,2,0
R32MEA-H,2063,WASH_MACH_COM,1,0.1
R32MEA-H,2063,WASH_MACH_COM,2,0
R32MEA-H,2064,WASH_MACH_COM,1,0.1
R32MEA-H,2064,WASH_MACH_COM,2,0
R32MEA-H,2065,WASH_MACH_COM,1,0.1
R32MEA-H,2065,WASH_MACH_COM,2,0
R32MEA-H,2066,WASH_MACH_COM,1,0.1
R32MEA-H,2066,WASH_MACH_COM,2,0
R32MEA-H,2067,WASH_MACH_COM,1,0.1
R32MEA-H,2067,WASH_MACH_COM,2,0
R32MEA-H,2068,WASH_MACH_COM,1,0.1
R32MEA-H,2068,WASH_MACH_COM,2,0
R32MEA-H,2069,WASH_MACH_COM,1,0.1
R32MEA-H,2069,WASH_MACH_COM,2,0
R32MEA-H,2070,WASH_MACH_COM,1,0.1
R32MEA-H,2070,WASH_MACH_COM,2,0
R32MEA-H,2071,WASH_MACH_COM,1,0.1
R32MEA-H,2071,WASH_MACH_COM,2,0
R32MEA-H,2072,WASH_MACH_COM,1,0.1
R32MEA-H,2072,WASH_MACH_COM,2,0
R32MEA-H,2073,WASH_MACH_COM,1,0.1
R32MEA-H,2073,WASH_MACH_COM,2,0
R32MEA-H,2074,WASH_MACH_COM,1,0.1
R32MEA-H,2074,WASH_MACH_COM,2,0
R32MEA-H,2075,WASH_MACH_COM,1,0.1
R32MEA-H,2075,WASH_MACH_COM,2,0
R32MEA-H,2076,WASH_MACH_COM,1,0.1
R32MEA-H,2076,WASH_MACH_COM,2,0
R32MEA-H,2077,WASH_MACH_COM,1,0.1
R32MEA-H,2077,WASH_MACH_COM,2,0
R32MEA-H,2078,WASH_MACH_COM,1,0.1
R32MEA-H,2078,WASH_MACH_COM,2,0
R32MEA-H,2079,WASH_MACH_COM,1,0.1
R32MEA-H,2079,WASH_MACH_COM,2,0
R32MEA-H,2080,WASH_MACH_COM,1,0.1
R32MEA-H,2080,WASH_MACH_COM,2,0
R32MEA-H,2081,WASH_MACH_COM,1,0.1
R32MEA-H,2081,WASH_MACH_COM,2,0
R32MEA-H,2082,WASH_MACH_COM,1,0.1
R32MEA-H,2082,WASH_MACH_COM,2,0
R32MEA-H,2083,WASH_MACH_COM,1,0.1
R32MEA-H,2083,WASH_MACH_COM,2,0
R32MEA-H,2084,WASH_MACH_COM,1,0.1
R32MEA-H,2084,WASH_MACH_COM,2,0
R32MEA-H,2085,WASH_MACH_COM,1,0.1
R32MEA-H,2085,WASH_MACH_COM,2,0
R32MEA-H,2086,WASH_MACH_COM,1,0.1
R32MEA-H,2086,WASH_MACH_COM,2,0
R32MEA-H,2087,WASH_MACH_COM,1,0.1
R32MEA-H,2087,WASH_MACH_COM,2,0
R32MEA-H,2088,WASH_MACH_COM,1,0.1
R32MEA-H,2088,WASH_MACH_COM,2,0
R32MEA-H,2089,WASH_MACH_COM,1,0.1
R32MEA-H,2089,WASH_MACH_COM,2,0
R32MEA-H,2090,WASH_MACH_COM,1,0.1
R32MEA-H,2090,WASH_MACH_COM,2,0
R32MEA-H,2091,WASH_MACH_COM,1,0.1
R32MEA-H,2091,WASH_MACH_COM,2,0
R32MEA-H,2092,WASH_MACH_COM,1,0.1
R32MEA-H,2092,WASH_MACH_COM,2,0
R32MEA-H,2093,WASH_MACH_COM,1,0.1
R32MEA-H,2093,WASH_MACH_COM,2,0
R32MEA-H,2094,WASH_MACH_COM,1,0.1
R32MEA-H,2094,WASH_MACH_COM,2,0
R32MEA-H,2095,WASH_MACH_COM,1,0.1
R32MEA-H,2095,WASH_MACH_COM,2,0
R32MEA-H,2096,WASH_MACH_COM,1,0.1
R32MEA-H,2096,WASH_MACH_COM,2,0
R32MEA-H,2097,WASH_MACH_COM,1,0.1
R32MEA-H,2097,WASH_MACH_COM,2,0
R32MEA-H,2098,WASH_MACH_COM,1,0.1
R32MEA-H,2098,WASH_MACH_COM,2,0
R32MEA-H,2099,WASH_MACH_COM,1,0.1
R32MEA-H,2099,WASH_MACH_COM,2,0
R32MEA-H,2100,WASH_MACH_COM,1,0.1
R32MEA-H,2100,WASH_MACH_COM,2,0
R32MEA-M,2000,WASH_MACH,1,0.1
R32MEA-M,2000,WASH_MACH,2,0
R32MEA-M,2001,WASH_MACH,1,0.1
R32MEA-M,2001,WASH_MACH,2,0
R32MEA-M,2002,WASH_MACH,1,0.1
R32MEA-M,2002,WASH_MACH,2,0
R32MEA-M,2003,WASH_MACH,1,0.1
R32MEA-M,2003,WASH_MACH,2,0
R32MEA-M,2004,WASH_MACH,1,0.1
R32MEA-M,2004,WASH_MACH,2,0
R32MEA-M,2005,WASH_MACH,1,0.1
R32MEA-M,2005,WASH_MACH,2,0
R32MEA-M,2006,WASH_MACH,1,0.1
R32MEA-M,2006,WASH_MACH,2,0
R32MEA-M,2007,WASH_MACH,1,0.1
R32MEA-M,2007,WASH_MACH,2,0
R32MEA-M,2008,WASH_MACH,1,0.1
R32MEA-M,2008,WASH_MACH,2,0
R32MEA-M,2009,WASH_MACH,1,0.1
R32MEA-M,2009,WASH_MACH,2,0
R32MEA-M,2010,WASH_MACH,1,0.1
R32MEA-M,2010,WASH_MACH,2,0
R32MEA-M,2011,WASH_MACH,1,0.1
R32MEA-M,2011,WASH_MACH,2,0
R32MEA-M,2012,WASH_MACH,1,0.1
R32MEA-M,2012,WASH_MACH,2,0
R32MEA-M,2013,WASH_MACH,1,0.1
R32MEA-M,2013,WASH_MACH,2,0
R32MEA-M,2014,WASH_MACH,1,0.1
R32MEA-M,2014,WASH_MACH,2,0
R32MEA-M,2015,WASH_MACH,1,0.1
R32MEA-M,2015,WASH_MACH,2,0
R32MEA-M,2016,WASH_MACH,1,0.1
R32MEA-M,2016,WASH_MACH,2,0
R32MEA-M,2017,WASH_MACH,1,0.1
R32MEA-M,2017,WASH_MACH,2,0
R32MEA-M,2018,WASH_MACH,1,0.1
R32MEA-M,2018,WASH_MACH,2,0
R32MEA-M,2019,WASH_MACH,1,0.1
R32MEA-M,2019,WASH_MACH,2,0
R32MEA-M,2020,WASH_MACH,1,0.1
R32MEA-M,2020,WASH_MACH,2,0
R32MEA-M,2021,WASH_MACH,1,0.1
R32MEA-M,2021,WASH_MACH,2,0
R32MEA-M,2022,WASH_MACH,1,0.1
R32MEA-M,2022,WASH_MACH,2,0
R32MEA-M,2023,WASH_MACH,1,0.1
R32MEA-M,2023,WASH_MACH,2,0
R32MEA-M,2024,WASH_MACH,1,0.1
R32MEA-M,2024,WASH_MACH,2,0
R32MEA-M,2025,WASH_MACH,1,0.1
R32MEA-M,2025,WASH_MACH,2,0
R32MEA-M,2026,WASH_MACH,1,0.1
R32MEA-M,2026,WASH_MACH,2,0
R32MEA-M,2027,WASH_MACH,1,0.1
R32MEA-M,2027,WASH_MACH,2,0
R32MEA-M,2028,WASH_MACH,1,0.1
R32MEA-M,2028,WASH_MACH,2,0
R32MEA-M,2029,WASH_MACH,1,0.1
R32MEA-M,2029,WASH_MACH,2,0
R32MEA-M,2030,WASH_MACH,1,0.1
R32MEA-M,2030,WASH_MACH,2,0
R32MEA-M,2031,WASH_MACH,1,0.1
R32MEA-M,2031,WASH_MACH,2,0
R32MEA-M,2032,WASH_MACH,1,0.1
R32MEA-M,2032,WASH_MACH,2,0
R32MEA-M,2033,WASH_MACH,1,0.1
R32MEA-M,2033,WASH_MACH,2,0
R32MEA-M,2034,WASH_MACH,1,0.1
R32MEA-M,2034,WASH_MACH,2,0
R32MEA-M,2035,WASH_MACH,1,0.1
R32MEA-M,2035,WASH_MACH,2,0
R32MEA-M,2036,WASH_MACH,1,0.1
R32MEA-M,2036,WASH_MACH,2,0
R32MEA-M,2037,WASH_MACH,1,0.1
R32MEA-M,2037,WASH_MACH,2,0
R32MEA-M,2038,WASH_MACH,1,0.1
R32MEA-M,2038,WASH_MACH,2,0
R32MEA-M,2039,WASH_MACH,1,0.1
R32MEA-M,2039,WASH_MACH,2,0
R32MEA-M,2040,WASH_MACH,1,0.1
R32MEA-M,2040,WASH_MACH,2,0
R32MEA-M,2041,WASH_MACH,1,0.1
R32MEA-M,2041,WASH_MACH,2,0
R32MEA-M,2042,WASH_MACH,1,0.1
R32MEA-M,2042,WASH_MACH,2,0
R32MEA-M,2043,WASH_MACH,1,0.1
R32MEA-M,2043,WASH_MACH,2,0
R32MEA-M,2044,WASH_MACH,1,0.1
R32MEA-M,2044,WASH_MACH,2,0
R32MEA-M,2045,WASH_MACH,1,0.1
R32MEA-M,2045,WASH_MACH,2,0
R32MEA-M,2046,WASH_MACH,1,0.1
R32MEA-M,2046,WASH_MACH,2,0
R32MEA-M,2047,WASH_MACH,1,0.1
R32MEA-M,2047,WASH_MACH,2,0
R32MEA-M,2048,WASH_MACH,1,0.1
R32MEA-M,2048,WASH_MACH,2,0
R32MEA-M,2049,WASH_MACH,1,0.1
R32MEA-M,2049,WASH_MACH,2,0
R32MEA-M,2050,WASH_MACH,1,0.1
R32MEA-M,2050,WASH_MACH,2,0
R32MEA-M,2051,WASH_MACH,1,0.1
R32MEA-M,2051,WASH_MACH,2,0
R32MEA-M,2052,WASH_MACH,1,0.1
R32MEA-M,2052,WASH_MACH,2,0
R32MEA-M,2053,WASH_MACH,1,0.1
R32MEA-M,2053,WASH_MACH,2,0
R32MEA-M,2054,WASH_MACH,1,0.1
R32MEA-M,2054,WASH_MACH,2,0
R32MEA-M,2055,WASH_MACH,1,0.1
R32MEA-M,2055,WASH_MACH,2,0
R32MEA-M,2056,WASH_MACH,1,0.1
R32MEA-M,2056,WASH_MACH,2,0
R32MEA-M,2057,WASH_MACH,1,0.1
R32MEA-M,2057,WASH_MACH,2,0
R32MEA-M,2058,WASH_MACH,1,0.1
R32MEA-M,2058,WASH_MACH,2,0
R32MEA-M,2059,WASH_MACH,1,0.1
R32MEA-M,2059,WASH_MACH,2,0
R32MEA-M,2060,WASH_MACH,1,0.1
R32MEA-M,2060,WASH_MACH,2,0
R32MEA-M,2061,WASH_MACH,1,0.1
R32MEA-M,2061,WASH_MACH,2,0
R32MEA-M,2062,WASH_MACH,1,0.1
R32MEA-M,2062,WASH_MACH,2,0
R32MEA-M,2063,WASH_MACH,1,0.1
R32MEA-M,2063,WASH_MACH,2,0
R32MEA-M,2064,WASH_MACH,1,0.1
R32MEA-M,2064,WASH_MACH,2,0
R32MEA-M,2065,WASH_MACH,1,0.1
R32MEA-M,2065,WASH_MACH,2,0
R32MEA-M,2066,WASH_MACH,1,0.1
R32MEA-M,2066,WASH_MACH,2,0
R32MEA-M,2067,WASH_MACH,1,0.1
R32MEA-M,2067,WASH_MACH,2,0
R32MEA-M,2068,WASH_MACH,1,0.1
R32MEA-M,2068,WASH_MACH,2,0
R32MEA-M,2069,WASH_MACH,1,0.1
R32MEA-M,2069,WASH_MACH,2,0
R32MEA-M,2070,WASH_MACH,1,0.1
R32MEA-M,2070,WASH_MACH,2,0
R32MEA-M,2071,WASH_MACH,1,0.1
R32MEA-M,2071,WASH_MACH,2,0
R32MEA-M,2072,WASH_MACH,1,0.1
R32MEA-M,2072,WASH_MACH,2,0
R32MEA-M,2073,WASH_MACH,1,0.1
R32MEA-M,2073,WASH_MACH,2,0
R32MEA-M,2074,WASH_MACH,1,0.1
R32MEA-M,2074,WASH_MACH,2,0
R32MEA-M,2075,WASH_MACH,1,0.1
R32MEA-M,2075,WASH_MACH,2,0
R32MEA-M,2076,WASH_MACH,1,0.1
R32MEA-M,2076,WASH_MACH,2,0
R32MEA-M,2077,WASH_MACH,1,0.1
R32MEA-M,2077,WASH_MACH,2,0
R32MEA-M,2078,WASH_MACH,1,0.1
R32MEA-M,2078,WASH_MACH,2,0
R32MEA-M,2079,WASH_MACH,1,0.1
R32MEA-M,2079,WASH_MACH,2,0
R32MEA-M,2080,WASH_MACH,1,0.1
R32MEA-M,2080,WASH_MACH,2,0
R32MEA-M,2081,WASH_MACH,1,0.1
R32MEA-M,2081,WASH_MACH,2,0
R32MEA-M,2082,WASH_MACH,1,0.1
R32MEA-M,2082,WASH_MACH,2,0
R32MEA-M,2083,WASH_MACH,1,0.1
R32MEA-M,2083,WASH_MACH,2,0
R32MEA-M,2084,WASH_MACH,1,0.1
R32MEA-M,2084,WASH_MACH,2,0
R32MEA-M,2085,WASH_MACH,1,0.1
R32MEA-M,2085,WASH_MACH,2,0
R32MEA-M,2086,WASH_MACH,1,0.1
R32MEA-M,2086,WASH_MACH,2,0
R32MEA-M,2087,WASH_MACH,1,0.1
R32MEA-M,2087,WASH_MACH,2,0
R32MEA-M,2088,WASH_MACH,1,0.1
R32MEA-M,2088,WASH_MACH,2,0
R32MEA-M,2089,WASH_MACH,1,0.1
R32MEA-M,2089,WASH_MACH,2,0
R32MEA-M,2090,WASH_MACH,1,0.1
R32MEA-M,2090,WASH_MACH,2,0
R32MEA-M,2091,WASH_MACH,1,0.1
R32MEA-M,2091,WASH_MACH,2,0
R32MEA-M,2092,WASH_MACH,1,0.1
R32MEA-M,2092,WASH_MACH,2,0
R32MEA-M,2093,WASH_MACH,1,0.1
R32MEA-M,2093,WASH_MACH,2,0
R32MEA-M,2094,WASH_MACH,1,0.1
R32MEA-M,2094,WASH_MACH,2,0
R32MEA-M,2095,WASH_MACH,1,0.1
R32MEA-M,2095,WASH_MACH,2,0
R32MEA-M,2096,WASH_MACH,1,0.1
R32MEA-M,2096,WASH_MACH,2,0
R32MEA-M,2097,WASH_MACH,1,0.1
R32MEA-M,2097,WASH_MACH,2,0
R32MEA-M,2098,WASH_MACH,1,0.1
R32MEA-M,2098,WASH_MACH,2,0
R32MEA-M,2099,WASH_MACH,1,0.1
R32MEA-M,2099,WASH_MACH,2,0
R32MEA-M,2100,WASH_MACH,1,0.1
R32MEA-M,2100,WASH_MACH,2,0
R32MEA-M,2000,WASH_MACH_COM,1,0.1
R32MEA-M,2000,WASH_MACH_COM,2,0
R32MEA-M,2001,WASH_MACH_COM,1,0.1
R32MEA-M,2001,WASH_MACH_COM,2,0
R32MEA-M,2002,WASH_MACH_COM,1,0.1
R32MEA-M,2002,WASH_MACH_COM,2,0
R32MEA-M,2003,WASH_MACH_COM,1,0.1
R32MEA-M,2003,WASH_MACH_COM,2,0
R32MEA-M,2004,WASH_MACH_COM,1,0.1
R32MEA-M,2004,WASH_MACH_COM,2,0
R32MEA-M,2005,WASH_MACH_COM,1,0.1
R32MEA-M,2005,WASH_MACH_COM,2,0
R32MEA-M,2006,WASH_MACH_COM,1,0.1
R32MEA-M,2006,WASH_MACH_COM,2,0
R32MEA-M,2007,WASH_MACH_COM,1,0.1
R32MEA-M,2007,WASH_MACH_COM,2,0
R32MEA-M,2008,WASH_MACH_COM,1,0.1
R32MEA-M,2008,WASH_MACH_COM,2,0
R32MEA-M,2009,WASH_MACH_COM,1,0.1
R32MEA-M,2009,WASH_MACH_COM,2,0
R32MEA-M,2010,WASH_MACH_COM,1,0.1
R32MEA-M,2010,WASH_MACH_COM,2,0
R32MEA-M,2011,WASH_MACH_COM,1,0.1
R32MEA-M,2011,WASH_MACH_COM,2,0
R32MEA-M,2012,WASH_MACH_COM,1,0.1
R32MEA-M,2012,WASH_MACH_COM,2,0
R32MEA-M,2013,WASH_MACH_COM,1,0.1
R32MEA-M,2013,WASH_MACH_COM,2,0
R32MEA-M,2014,WASH_MACH_COM,1,0.1
R32MEA-M,2014,WASH_MACH_COM,2,0
R32MEA-M,2015,WASH_MACH_COM,1,0.1
R32MEA-M,2015,WASH_MACH_COM,2,0
R32MEA-M,2016,WASH_MACH_COM,1,0.1
R32MEA-M,2016,WASH_MACH_COM,2,0
R32MEA-M,2017,WASH_MACH_COM,1,0.1
R32MEA-M,2017,WASH_MACH_COM,2,0
R32MEA-M,2018,WASH_MACH_COM,1,0.1
R32MEA-M,2018,WASH_MACH_COM,2,0
R32MEA-M,2019,WASH_MACH_COM,1,0.1
R32MEA-M,2019,WASH_MACH_COM,2,0
R32MEA-M,2020,WASH_MACH_COM,1,0.1
R32MEA-M,2020,WASH_MACH_COM,2,0
R32MEA-M,2021,WASH_MACH_COM,1,0.1
R32MEA-M,2021,WASH_MACH_COM,2,0
R32MEA-M,2022,WASH_MACH_COM,1,0.1
R32MEA-M,2022,WASH_MACH_COM,2,0
R32MEA-M,2023,WASH_MACH_COM,1,0.1
R32MEA-M,2023,WASH_MACH_COM,2,0
R32MEA-M,2024,WASH_MACH_COM,1,0.1
R32MEA-M,2024,WASH_MACH_COM,2,0
R32MEA-M,2025,WASH_MACH_COM,1,0.1
R32MEA-M,2025,WASH_MACH_COM,2,0
R32MEA-M,2026,WASH_MACH_COM,1,0.1
R32MEA-M,2026,WASH_MACH_COM,2,0
R32MEA-M,2027,WASH_MACH_COM,1,0.1
R32MEA-M,2027,WASH_MACH_COM,2,0
R32MEA-M,2028,WASH_MACH_COM,1,0.1
R32MEA-M,2028,WASH_MACH_COM,2,0
R32MEA-M,2029,WASH_MACH_COM,1,0.1
R32MEA-M,2029,WASH_MACH_COM,2,0
R32MEA-M,2030,WASH_MACH_COM,1,0.1
R32MEA-M,2030,WASH_MACH_COM,2,0
R32MEA-M,2031,WASH_MACH_COM,1,0.1
R32MEA-M,2031,WASH_MACH_COM,2,0
R32MEA-M,2032,WASH_MACH_COM,1,0.1
R32MEA-M,2032,WASH_MACH_COM,2,0
R32MEA-M,2033,WASH_MACH_COM,1,0.1
R32MEA-M,2033,WASH_MACH_COM,2,0
R32MEA-M,2034,WASH_MACH_COM,1,0.1
R32MEA-M,2034,WASH_MACH_COM,2,0
R32MEA-M,2035,WASH_MACH_COM,1,0.1
R32MEA-M,2035,WASH_MACH_COM,2,0
R32MEA-M,2036,WASH_MACH_COM,1,0.1
R32MEA-M,2036,WASH_MACH_COM,2,0
R32MEA-M,2037,WASH_MACH_COM,1,0.1
R32MEA-M,2037,WASH_MACH_COM,2,0
R32MEA-M,2038,WASH_MACH_COM,1,0.1
R32MEA-M,2038,WASH_MACH_COM,2,0
R32MEA-M,2039,WASH_MACH_COM,1,0.1
R32MEA-M,2039,WASH_MACH_COM,2,0
R32MEA-M,2040,WASH_MACH_COM,1,0.1
R32MEA-M,2040,WASH_MACH_COM,2,0
R32MEA-M,2041,WASH_MACH_COM,1,0.1
R32MEA-M,2041,WASH_MACH_COM,2,0
R32MEA-M,2042,WASH_MACH_COM,1,0.1
R32MEA-M,2042,WASH_MACH_COM,2,0
R32MEA-M,2043,WASH_MACH_COM,1,0.1
R32MEA-M,2043,WASH_MACH_COM,2,0
R32MEA-M,2044,WASH_MACH_COM,1,0.1
R32MEA-M,2044,WASH_MACH_COM,2,0
R32MEA-M,2045,WASH_MACH_COM,1,0.1
R32MEA-M,2045,WASH_MACH_COM,2,0
R32MEA-M,2046,WASH_MACH_COM,1,0.1
R32MEA-M,2046,WASH_MACH_COM,2,0
R32MEA-M,2047,WASH_MACH_COM,1,0.1
R32MEA-M,2047,WASH_MACH_COM,2,0
R32MEA-M,2048,WASH_MACH_COM,1,0.1
R32MEA-M,2048,WASH_MACH_COM,2,0
R32MEA-M,2049,WASH_MACH_COM,1,0.1
R32MEA-M,2049,WASH_MACH_COM,2,0
R32MEA-M,2050,WASH_MACH_COM,1,0.1
R32MEA-M,2050,WASH_MACH_COM,2,0
R32MEA-M,2051,WASH_MACH_COM,1,0.1
R32MEA-M,2051,WASH_MACH_COM,2,0
R32MEA-M,2052,WASH_MACH_COM,1,0.1
R32MEA-M,2052,WASH_MACH_COM,2,0
R32MEA-M,2053,WASH_MACH_COM,1,0.1
R32MEA-M,2053,WASH_MACH_COM,2,0
R32MEA-M,2054,WASH_MACH_COM,1,0.1
R32MEA-M,2054,WASH_MACH_COM,2,0
R32MEA-M,2055,WASH_MACH_COM,1,0.1
R32MEA-M,2055,WASH_MACH_COM,2,0
R32MEA-M,2056,WASH_MACH_COM,1,0.1
R32MEA-M,2056,WASH_MACH_COM,2,0
R32MEA-M,2057,WASH_MACH_COM,1,0.1
R32MEA-M,2057,WASH_MACH_COM,2,0
R32MEA-M,2058,WASH_MACH_COM,1,0.1
R32MEA-M,2058,WASH_MACH_COM,2,0
R32MEA-M,2059,WASH_MACH_COM,1,0.1
R32MEA-M,2059,WASH_MACH_COM,2,0
R32MEA-M,2060,WASH_MACH_COM,1,0.1
R32MEA-M,2060,WASH_MACH_COM,2,0
R32MEA-M,2061,WASH_MACH_COM,1,0.1
R32MEA-M,2061,WASH_MACH_COM,2,0
R32MEA-M,2062,WASH_MACH_COM,1,0.1
R32MEA-M,2062,WASH_MACH_COM,2,0
R32MEA-M,2063,WASH_MACH_COM,1,0.1
R32MEA-M,2063,WASH_MACH_COM,2,0
R32MEA-M,2064,WASH_MACH_COM,1,0.1
R32MEA-M,2064,WASH_MACH_COM,2,0
R32MEA-M,2065,WASH_MACH_COM,1,0.1
R32MEA-M,2065,WASH_MACH_COM,2,0
R32MEA-M,2066,WASH_MACH_COM,1,0.1
R32MEA-M,2066,WASH_MACH_COM,2,0
R32MEA-M,2067,WASH_MACH_COM,1,0.1
R32MEA-M,2067,WASH_MACH_COM,2,0
R32MEA-M,2068,WASH_MACH_COM,1,0.1
R32MEA-M,2068,WASH_MACH_COM,2,0
R32MEA-M,2069,WASH_MACH_COM,1,0.1
R32MEA-M,2069,WASH_MACH_COM,2,0
R32MEA-M,2070,WASH_MACH_COM,1,0.1
R32MEA-M,2070,WASH_MACH_COM,2,0
R32MEA-M,2071,WASH_MACH_COM,1,0.1
R32MEA-M,2071,WASH_MACH_COM,2,0
R32MEA-M,2072,WASH_MACH_COM,1,0.1
R32MEA-M,2072,WASH_MACH_COM,2,0
R32MEA-M,2073,WASH_MACH_COM,1,0.1
R32MEA-M,2073,WASH_MACH_COM,2,0
R32MEA-M,2074,WASH_MACH_COM,1,0.1
R32MEA-M,2074,WASH_MACH_COM,2,0
R32MEA-M,2075,WASH_MACH_COM,1,0.1
R32MEA-M,2075,WASH_MACH_COM,2,0
R32MEA-M,2076,WASH_MACH_COM,1,0.1
R32MEA-M,2076,WASH_MACH_COM,2,0
R32MEA-M,2077,WASH_MACH_COM,1,0.1
R32MEA-M,2077,WASH_MACH_COM,2,0
R32MEA-M,2078,WASH_MACH_COM,1,0.1
R32MEA-M,2078,WASH_MACH_COM,2,0
R32MEA-M,2079,WASH_MACH_COM,1,0.1
R32MEA-M,2079,WASH_MACH_COM,2,0
R32MEA-M,2080,WASH_MACH_COM,1,0.1
R32MEA-M,2080,WASH_MACH_COM,2,0
R32MEA-M,2081,WASH_MACH_COM,1,0.1
R32MEA-M,2081,WASH_MACH_COM,2,0
R32MEA-M,2082,WASH_MACH_COM,1,0.1
R32MEA-M,2082,WASH_MACH_COM,2,0
R32MEA-M,2083,WASH_MACH_COM,1,0.1
R32MEA-M,2083,WASH_MACH_COM,2,0
R32MEA-M,2084,WASH_MACH_COM,1,0.1
R32MEA-M,2084,WASH_MACH_COM,2,0
R32MEA-M,2085,WASH_MACH_COM,1,0.1
R32MEA-M,2085,WASH_MACH_COM,2,0
R32MEA-M,2086,WASH_MACH_COM,1,0.1
R32MEA-M,2086,WASH_MACH_COM,2,0
R32MEA-M,2087,WASH_MACH_COM,1,0.1
R32MEA-M,2087,WASH_MACH_COM,2,0
R32MEA-M,2088,WASH_MACH_COM,1,0.1
R32MEA-M,2088,WASH_MACH_COM,2,0
R32MEA-M,2089,WASH_MACH_COM,1,0.1
R32MEA-M,2089,WASH_MACH_COM,2,0
R32MEA-M,2090,WASH_MACH_COM,1,0.1
R32MEA-M,2090,WASH_MACH_COM,2,0
R32MEA-M,2091,WASH_MACH_COM,1,0.1
R32MEA-M,2091,WASH_MACH_COM,2,0
R32MEA-M,2092,WASH_MACH_COM,1,0.1
R32MEA-M,2092,WASH_MACH_COM,2,0
R32MEA-M,2093,WASH_MACH_COM,1,0.1
R32MEA-M,2093,WASH_MACH_COM,2,0
R32MEA-M,2094,WASH_MACH_COM,1,0.1
R32MEA-M,2094,WASH_MACH_COM,2,0
R32MEA-M,2095,WASH_MACH_COM,1,0.1
R32MEA-M,2095,WASH_MACH_COM,2,0
R32MEA-M,2096,WASH_MACH_COM,1,0.1
R32MEA-M,2096,WASH_MACH_COM,2,0
R32MEA-M,2097,WASH_MACH_COM,1,0.1
R32MEA-M,2097,WASH_MACH_COM,2,0
R32MEA-M,2098,WASH_MACH_COM,1,0.1
R32MEA-M,2098,WASH_MACH_COM,2,0
R32MEA-M,2099,WASH_MACH_COM,1,0.1
R32MEA-M,2099,WASH_MACH_COM,2,0
R32MEA-M,2100,WASH_MACH_COM,1,0.1
R32MEA-M,2100,WASH_MACH_COM,2,0
R32MEX,2000,WASH_MACH,1,0.1
R32MEX,2000,WASH_MACH,2,0
R32MEX,2001,WASH_MACH,1,0.1
R32MEX,2001,WASH_MACH,2,0
R32MEX,2002,WASH_MACH,1,0.1
R32MEX,2002,WASH_MACH,2,0
R32MEX,2003,WASH_MACH,1,0.1
R32MEX,2003,WASH_MACH,2,0
R32MEX,2004,WASH_MACH,1,0.1
R32MEX,2004,WASH_MACH,2,0
R32MEX,2005,WASH_MACH,1,0.1
R32MEX,2005,WASH_MACH,2,0
R32MEX,2006,WASH_MACH,1,0.1
R32MEX,2006,WASH_MACH,2,0
R32MEX,2007,WASH_MACH,1,0.1
R32MEX,2007,WASH_MACH,2,0
R32MEX,2008,WASH_MACH,1,0.1
R32MEX,2008,WASH_MACH,2,0
R32MEX,2009,WASH_MACH,1,0.1
R32MEX,2009,WASH_MACH,2,0
R32MEX,2010,WASH_MACH,1,0.1
R32MEX,2010,WASH_MACH,2,0
R32MEX,2011,WASH_MACH,1,0.1
R32MEX,2011,WASH_MACH,2,0
R32MEX,2012,WASH_MACH,1,0.1
R32MEX,2012,WASH_MACH,2,0
R32MEX,2013,WASH_MACH,1,0.1
R32MEX,2013,WASH_MACH,2,0
R32MEX,2014,WASH_MACH,1,0.1
R32MEX,2014,WASH_MACH,2,0
R32MEX,2015,WASH_MACH,1,0.1
R32MEX,2015,WASH_MACH,2,0
R32MEX,2016,WASH_MACH,1,0.1
R32MEX,2016,WASH_MACH,2,0
R32MEX,2017,WASH_MACH,1,0.1
R32MEX,2017,WASH_MACH,2,0
R32MEX,2018,WASH_MACH,1,0.1
R32MEX,2018,WASH_MACH,2,0
R32MEX,2019,WASH_MACH,1,0.1
R32MEX,2019,WASH_MACH,2,0
R32MEX,2020,WASH_MACH,1,0.1
R32MEX,2020,WASH_MACH,2,0
R32MEX,2021,WASH_MACH,1,0.1
R32MEX,2021,WASH_MACH,2,0
R32MEX,2022,WASH_MACH,1,0.1
R32MEX,2022,WASH_MACH,2,0
R32MEX,2023,WASH_MACH,1,0.1
R32MEX,2023,WASH_MACH,2,0
R32MEX,2024,WASH_MACH,1,0.1
R32MEX,2024,WASH_MACH,2,0
R32MEX,2025,WASH_MACH,1,0.1
R32MEX,2025,WASH_MACH,2,0
R32MEX,2026,WASH_MACH,1,0.1
R32MEX,2026,WASH_MACH,2,0
R32MEX,2027,WASH_MACH,1,0.1
R32MEX,2027,WASH_MACH,2,0
R32MEX,2028,WASH_MACH,1,0.1
R32MEX,2028,WASH_MACH,2,0
R32MEX,2029,WASH_MACH,1,0.1
R32MEX,2029,WASH_MACH,2,0
R32MEX,2030,WASH_MACH,1,0.1
R32MEX,2030,WASH_MACH,2,0
R32MEX,2031,WASH_MACH,1,0.1
R32MEX,2031,WASH_MACH,2,0
R32MEX,2032,WASH_MACH,1,0.1
R32MEX,2032,WASH_MACH,2,0
R32MEX,2033,WASH_MACH,1,0.1
R32MEX,2033,WASH_MACH,2,0
R32MEX,2034,WASH_MACH,1,0.1
R32MEX,2034,WASH_MACH,2,0
R32MEX,2035,WASH_MACH,1,0.1
R32MEX,2035,WASH_MACH,2,0
R32MEX,2036,WASH_MACH,1,0.1
R32MEX,2036,WASH_MACH,2,0
R32MEX,2037,WASH_MACH,1,0.1
R32MEX,2037,WASH_MACH,2,0
R32MEX,2038,WASH_MACH,1,0.1
R32MEX,2038,WASH_MACH,2,0
R32MEX,2039,WASH_MACH,1,0.1
R32MEX,2039,WASH_MACH,2,0
R32MEX,2040,WASH_MACH,1,0.1
R32MEX,2040,WASH_MACH,2,0
R32MEX,2041,WASH_MACH,1,0.1
R32MEX,2041,WASH_MACH,2,0
R32MEX,2042,WASH_MACH,1,0.1
R32MEX,2042,WASH_MACH,2,0
R32MEX,2043,WASH_MACH,1,0.1
R32MEX,2043,WASH_MACH,2,0
R32MEX,2044,WASH_MACH,1,0.1
R32MEX,2044,WASH_MACH,2,0
R32MEX,2045,WASH_MACH,1,0.1
R32MEX,2045,WASH_MACH,2,0
R32MEX,2046,WASH_MACH,1,0.1
R32MEX,2046,WASH_MACH,2,0
R32MEX,2047,WASH_MACH,1,0.1
R32MEX,2047,WASH_MACH,2,0
R32MEX,2048,WASH_MACH,1,0.1
R32MEX,2048,WASH_MACH,2,0
R32MEX,2049,WASH_MACH,1,0.1
R32MEX,2049,WASH_MACH,2,0
R32MEX,2050,WASH_MACH,1,0.1
R32MEX,2050,WASH_MACH,2,0
R32MEX,2051,WASH_MACH,1,0.1
R32MEX,2051,WASH_MACH,2,0
R32MEX,2052,WASH_MACH,1,0.1
R32MEX,2052,WASH_MACH,2,0
R32MEX,2053,WASH_MACH,1,0.1
R32MEX,2053,WASH_MACH,2,0
R32MEX,2054,WASH_MACH,1,0.1
R32MEX,2054,WASH_MACH,2,0
R32MEX,2055,WASH_MACH,1,0.1
R32MEX,2055,WASH_MACH,2,0
R32MEX,2056,WASH_MACH,1,0.1
R32MEX,2056,WASH_MACH,2,0
R32MEX,2057,WASH_MACH,1,0.1
R32MEX,2057,WASH_MACH,2,0
R32MEX,2058,WASH_MACH,1,0.1
R32MEX,2058,WASH_MACH,2,0
R32MEX,2059,WASH_MACH,1,0.1
R32MEX,2059,WASH_MACH,2,0
R32MEX,2060,WASH_MACH,1,0.1
R32MEX,2060,WASH_MACH,2,0
R32MEX,2061,WASH_MACH,1,0.1
R32MEX,2061,WASH_MACH,2,0
R32MEX,2062,WASH_MACH,1,0.1
R32MEX,2062,WASH_MACH,2,0
R32MEX,2063,WASH_MACH,1,0.1
R32MEX,2063,WASH_MACH,2,0
R32MEX,2064,WASH_MACH,1,0.1
R32MEX,2064,WASH_MACH,2,0
R32MEX,2065,WASH_MACH,1,0.1
R32MEX,2065,WASH_MACH,2,0
R32MEX,2066,WASH_MACH,1,0.1
R32MEX,2066,WASH_MACH,2,0
R32MEX,2067,WASH_MACH,1,0.1
R32MEX,2067,WASH_MACH,2,0
R32MEX,2068,WASH_MACH,1,0.1
R32MEX,2068,WASH_MACH,2,0
R32MEX,2069,WASH_MACH,1,0.1
R32MEX,2069,WASH_MACH,2,0
R32MEX,2070,WASH_MACH,1,0.1
R32MEX,2070,WASH_MACH,2,0
R32MEX,2071,WASH_MACH,1,0.1
R32MEX,2071,WASH_MACH,2,0
R32MEX,2072,WASH_MACH,1,0.1
R32MEX,2072,WASH_MACH,2,0
R32MEX,2073,WASH_MACH,1,0.1
R32MEX,2073,WASH_MACH,2,0
R32MEX,2074,WASH_MACH,1,0.1
R32MEX,2074,WASH_MACH,2,0
R32MEX,2075,WASH_MACH,1,0.1
R32MEX,2075,WASH_MACH,2,0
R32MEX,2076,WASH_MACH,1,0.1
R32MEX,2076,WASH_MACH,2,0
R32MEX,2077,WASH_MACH,1,0.1
R32MEX,2077,WASH_MACH,2,0
R32MEX,2078,WASH_MACH,1,0.1
R32MEX,2078,WASH_MACH,2,0
R32MEX,2079,WASH_MACH,1,0.1
R32MEX,2079,WASH_MACH,2,0
R32MEX,2080,WASH_MACH,1,0.1
R32MEX,2080,WASH_MACH,2,0
R32MEX,2081,WASH_MACH,1,0.1
R32MEX,2081,WASH_MACH,2,0
R32MEX,2082,WASH_MACH,1,0.1
R32MEX,2082,WASH_MACH,2,0
R32MEX,2083,WASH_MACH,1,0.1
R32MEX,2083,WASH_MACH,2,0
R32MEX,2084,WASH_MACH,1,0.1
R32MEX,2084,WASH_MACH,2,0
R32MEX,2085,WASH_MACH,1,0.1
R32MEX,2085,WASH_MACH,2,0
R32MEX,2086,WASH_MACH,1,0.1
R32MEX,2086,WASH_MACH,2,0
R32MEX,2087,WASH_MACH,1,0.1
R32MEX,2087,WASH_MACH,2,0
R32MEX,2088,WASH_MACH,1,0.1
R32MEX,2088,WASH_MACH,2,0
R32MEX,2089,WASH_MACH,1,0.1
R32MEX,2089,WASH_MACH,2,0
R32MEX,2090,WASH_MACH,1,0.1
R32MEX,2090,WASH_MACH,2,0
R32MEX,2091,WASH_MACH,1,0.1
R32MEX,2091,WASH_MACH,2,0
R32MEX,2092,WASH_MACH,1,0.1
R32MEX,2092,WASH_MACH,2,0
R32MEX,2093,WASH_MACH,1,0.1
R32MEX,2093,WASH_MACH,2,0
R32MEX,2094,WASH_MACH,1,0.1
R32MEX,2094,WASH_MACH,2,0
R32MEX,2095,WASH_MACH,1,0.1
R32MEX,2095,WASH_MACH,2,0
R32MEX,2096,WASH_MACH,1,0.1
R32MEX,2096,WASH_MACH,2,0
R32MEX,2097,WASH_MACH,1,0.1
R32MEX,2097,WASH_MACH,2,0
R32MEX,2098,WASH_MACH,1,0.1
R32MEX,2098,WASH_MACH,2,0
R32MEX,2099,WASH_MACH,1,0.1
R32MEX,2099,WASH_MACH,2,0
R32MEX,2100,WASH_MACH,1,0.1
R32MEX,2100,WASH_MACH,2,0
R32MEX,2000,WASH_MACH_COM,1,0.1
R32MEX,2000,WASH_MACH_COM,2,0
R32MEX,2001,WASH_MACH_COM,1,0.1
R32MEX,2001,WASH_MACH_COM,2,0
R32MEX,2002,WASH_MACH_COM,1,0.1
R32MEX,2002,WASH_MACH_COM,2,0
R32MEX,2003,WASH_MACH_COM,1,0.1
R32MEX,2003,WASH_MACH_COM,2,0
R32MEX,2004,WASH_MACH_COM,1,0.1
R32MEX,2004,WASH_MACH_COM,2,0
R32MEX,2005,WASH_MACH_COM,1,0.1
R32MEX,2005,WASH_MACH_COM,2,0
R32MEX,2006,WASH_MACH_COM,1,0.1
R32MEX,2006,WASH_MACH_COM,2,0
R32MEX,2007,WASH_MACH_COM,1,0.1
R32MEX,2007,WASH_MACH_COM,2,0
R32MEX,2008,WASH_MACH_COM,1,0.1
R32MEX,2008,WASH_MACH_COM,2,0
R32MEX,2009,WASH_MACH_COM,1,0.1
R32MEX,2009,WASH_MACH_COM,2,0
R32MEX,2010,WASH_MACH_COM,1,0.1
R32MEX,2010,WASH_MACH_COM,2,0
R32MEX,2011,WASH_MACH_COM,1,0.1
R32MEX,2011,WASH_MACH_COM,2,0
R32MEX,2012,WASH_MACH_COM,1,0.1
R32MEX,2012,WASH_MACH_COM,2,0
R32MEX,2013,WASH_MACH_COM,1,0.1
R32MEX,2013,WASH_MACH_COM,2,0
R32MEX,2014,WASH_MACH_COM,1,0.1
R32MEX,2014,WASH_MACH_COM,2,0
R32MEX,2015,WASH_MACH_COM,1,0.1
R32MEX,2015,WASH_MACH_COM,2,0
R32MEX,2016,WASH_MACH_COM,1,0.1
R32MEX,2016,WASH_MACH_COM,2,0
R32MEX,2017,WASH_MACH_COM,1,0.1
R32MEX,2017,WASH_MACH_COM,2,0
R32MEX,2018,WASH_MACH_COM,1,0.1
R32MEX,2018,WASH_MACH_COM,2,0
R32MEX,2019,WASH_MACH_COM,1,0.1
R32MEX,2019,WASH_MACH_COM,2,0
R32MEX,2020,WASH_MACH_COM,1,0.1
R32MEX,2020,WASH_MACH_COM,2,0
R32MEX,2021,WASH_MACH_COM,1,0.1
R32MEX,2021,WASH_MACH_COM,2,0
R32MEX,2022,WASH_MACH_COM,1,0.1
R32MEX,2022,WASH_MACH_COM,2,0
R32MEX,2023,WASH_MACH_COM,1,0.1
R32MEX,2023,WASH_MACH_COM,2,0
R32MEX,2024,WASH_MACH_COM,1,0.1
R32MEX,2024,WASH_MACH_COM,2,0
R32MEX,2025,WASH_MACH_COM,1,0.1
R32MEX,2025,WASH_MACH_COM,2,0
R32MEX,2026,WASH_MACH_COM,1,0.1
R32MEX,2026,WASH_MACH_COM,2,0
R32MEX,2027,WASH_MACH_COM,1,0.1
R32MEX,2027,WASH_MACH_COM,2,0
R32MEX,2028,WASH_MACH_COM,1,0.1
R32MEX,2028,WASH_MACH_COM,2,0
R32MEX,2029,WASH_MACH_COM,1,0.1
R32MEX,2029,WASH_MACH_COM,2,0
R32MEX,2030,WASH_MACH_COM,1,0.1
R32MEX,2030,WASH_MACH_COM,2,0
R32MEX,2031,WASH_MACH_COM,1,0.1
R32MEX,2031,WASH_MACH_COM,2,0
R32MEX,2032,WASH_MACH_COM,1,0.1
R32MEX,2032,WASH_MACH_COM,2,0
R32MEX,2033,WASH_MACH_COM,1,0.1
R32MEX,2033,WASH_MACH_COM,2,0
R32MEX,2034,WASH_MACH_COM,1,0.1
R32MEX,2034,WASH_MACH_COM,2,0
R32MEX,2035,WASH_MACH_COM,1,0.1
R32MEX,2035,WASH_MACH_COM,2,0
R32MEX,2036,WASH_MACH_COM,1,0.1
R32MEX,2036,WASH_MACH_COM,2,0
R32MEX,2037,WASH_MACH_COM,1,0.1
R32MEX,2037,WASH_MACH_COM,2,0
R32MEX,2038,WASH_MACH_COM,1,0.1
R32MEX,2038,WASH_MACH_COM,2,0
R32MEX,2039,WASH_MACH_COM,1,0.1
R32MEX,2039,WASH_MACH_COM,2,0
R32MEX,2040,WASH_MACH_COM,1,0.1
R32MEX,2040,WASH_MACH_COM,2,0
R32MEX,2041,WASH_MACH_COM,1,0.1
R32MEX,2041,WASH_MACH_COM,2,0
R32MEX,2042,WASH_MACH_COM,1,0.1
R32MEX,2042,WASH_MACH_COM,2,0
R32MEX,2043,WASH_MACH_COM,1,0.1
R32MEX,2043,WASH_MACH_COM,2,0
R32MEX,2044,WASH_MACH_COM,1,0.1
R32MEX,2044,WASH_MACH_COM,2,0
R32MEX,2045,WASH_MACH_COM,1,0.1
R32MEX,2045,WASH_MACH_COM,2,0
R32MEX,2046,WASH_MACH_COM,1,0.1
R32MEX,2046,WASH_MACH_COM,2,0
R32MEX,2047,WASH_MACH_COM,1,0.1
R32MEX,2047,WASH_MACH_COM,2,0
R32MEX,2048,WASH_MACH_COM,1,0.1
R32MEX,2048,WASH_MACH_COM,2,0
R32MEX,2049,WASH_MACH_COM,1,0.1
R32MEX,2049,WASH_MACH_COM,2,0
R32MEX,2050,WASH_MACH_COM,1,0.1
R32MEX,2050,WASH_MACH_COM,2,0
R32MEX,2051,WASH_MACH_COM,1,0.1
R32MEX,2051,WASH_MACH_COM,2,0
R32MEX,2052,WASH_MACH_COM,1,0.1
R32MEX,2052,WASH_MACH_COM,2,0
R32MEX,2053,WASH_MACH_COM,1,0.1
R32MEX,2053,WASH_MACH_COM,2,0
R32MEX,2054,WASH_MACH_COM,1,0.1
R32MEX,2054,WASH_MACH_COM,2,0
R32MEX,2055,WASH_MACH_COM,1,0.1
R32MEX,2055,WASH_MACH_COM,2,0
R32MEX,2056,WASH_MACH_COM,1,0.1
R32MEX,2056,WASH_MACH_COM,2,0
R32MEX,2057,WASH_MACH_COM,1,0.1
R32MEX,2057,WASH_MACH_COM,2,0
R32MEX,2058,WASH_MACH_COM,1,0.1
R32MEX,2058,WASH_MACH_COM,2,0
R32MEX,2059,WASH_MACH_COM,1,0.1
R32MEX,2059,WASH_MACH_COM,2,0
R32MEX,2060,WASH_MACH_COM,1,0.1
R32MEX,2060,WASH_MACH_COM,2,0
R32MEX,2061,WASH_MACH_COM,1,0.1
R32MEX,2061,WASH_MACH_COM,2,0
R32MEX,2062,WASH_MACH_COM,1,0.1
R32MEX,2062,WASH_MACH_COM,2,0
R32MEX,2063,WASH_MACH_COM,1,0.1
R32MEX,2063,WASH_MACH_COM,2,0
R32MEX,2064,WASH_MACH_COM,1,0.1
R32MEX,2064,WASH_MACH_COM,2,0
R32MEX,2065,WASH_MACH_COM,1,0.1
R32MEX,2065,WASH_MACH_COM,2,0
R32MEX,2066,WASH_MACH_COM,1,0.1
R32MEX,2066,WASH_MACH_COM,2,0
R32MEX,2067,WASH_MACH_COM,1,0.1
R32MEX,2067,WASH_MACH_COM,2,0
R32MEX,2068,WASH_MACH_COM,1,0.1
R32MEX,2068,WASH_MACH_COM,2,0
R32MEX,2069,WASH_MACH_COM,1,0.1
R32MEX,2069,WASH_MACH_COM,2,0
R32MEX,2070,WASH_MACH_COM,1,0.1
R32MEX,2070,WASH_MACH_COM,2,0
R32MEX,2071,WASH_MACH_COM,1,0.1
R32MEX,2071,WASH_MACH_COM,2,0
R32MEX,2072,WASH_MACH_COM,1,0.1
R32MEX,2072,WASH_MACH_COM,2,0
R32MEX,2073,WASH_MACH_COM,1,0.1
R32MEX,2073,WASH_MACH_COM,2,0
R32MEX,2074,WASH_MACH_COM,1,0.1
R32MEX,2074,WASH_MACH_COM,2,0
R32MEX,2075,WASH_MACH_COM,1,0.1
R32MEX,2075,WASH_MACH_COM,2,0
R32MEX,2076,WASH_MACH_COM,1,0.1
R32MEX,2076,WASH_MACH_COM,2,0
R32MEX,2077,WASH_MACH_COM,1,0.1
R32MEX,2077,WASH_MACH_COM,2,0
R32MEX,2078,WASH_MACH_COM,1,0.1
R32MEX,2078,WASH_MACH_COM,2,0
R32MEX,2079,WASH_MACH_COM,1,0.1
R32MEX,2079,WASH_MACH_COM,2,0
R32MEX,2080,WASH_MACH_COM,1,0.1
R32MEX,2080,WASH_MACH_COM,2,0
R32MEX,2081,WASH_MACH_COM,1,0.1
R32MEX,2081,WASH_MACH_COM,2,0
R32MEX,2082,WASH_MACH_COM,1,0.1
R32MEX,2082,WASH_MACH_COM,2,0
R32MEX,2083,WASH_MACH_COM,1,0.1
R32MEX,2083,WASH_MACH_COM,2,0
R32MEX,2084,WASH_MACH_COM,1,0.1
R32MEX,2084,WASH_MACH_COM,2,0
R32MEX,2085,WASH_MACH_COM,1,0.1
R32MEX,2085,WASH_MACH_COM,2,0
R32MEX,2086,WASH_MACH_COM,1,0.1
R32MEX,2086,WASH_MACH_COM,2,0
R32MEX,2087,WASH_MACH_COM,1,0.1
R32MEX,2087,WASH_MACH_COM,2,0
R32MEX,2088,WASH_MACH_COM,1,0.1
R32MEX,2088,WASH_MACH_COM,2,0
R32MEX,2089,WASH_MACH_COM,1,0.1
R32MEX,2089,WASH_MACH_COM,2,0
R32MEX,2090,WASH_MACH_COM,1,0.1
R32MEX,2090,WASH_MACH_COM,2,0
R32MEX,2091,WASH_MACH_COM,1,0.1
R32MEX,2091,WASH_MACH_COM,2,0
R32MEX,2092,WASH_MACH_COM,1,0.1
R32MEX,2092,WASH_MACH_COM,2,0
R32MEX,2093,WASH_MACH_COM,1,0.1
R32MEX,2093,WASH_MACH_COM,2,0
R32MEX,2094,WASH_MACH_COM,1,0.1
R32MEX,2094,WASH_MACH_COM,2,0
R32MEX,2095,WASH_MACH_COM,1,0.1
R32MEX,2095,WASH_MACH_COM,2,0
R32MEX,2096,WASH_MACH_COM,1,0.1
R32MEX,2096,WASH_MACH_COM,2,0
R32MEX,2097,WASH_MACH_COM,1,0.1
R32MEX,2097,WASH_MACH_COM,2,0
R32MEX,2098,WASH_MACH_COM,1,0.1
R32MEX,2098,WASH_MACH_COM,2,0
R32MEX,2099,WASH_MACH_COM,1,0.1
R32MEX,2099,WASH_MACH_COM,2,0
R32MEX,2100,WASH_MACH_COM,1,0.1
R32MEX,2100,WASH_MACH_COM,2,0
R32NAF,2000,WASH_MACH,1,0.1
R32NAF,2000,WASH_MACH,2,0
R32NAF,2001,WASH_MACH,1,0.1
R32NAF,2001,WASH_MACH,2,0
R32NAF,2002,WASH_MACH,1,0.1
R32NAF,2002,WASH_MACH,2,0
R32NAF,2003,WASH_MACH,1,0.1
R32NAF,2003,WASH_MACH,2,0
R32NAF,2004,WASH_MACH,1,0.1
R32NAF,2004,WASH_MACH,2,0
R32NAF,2005,WASH_MACH,1,0.1
R32NAF,2005,WASH_MACH,2,0
R32NAF,2006,WASH_MACH,1,0.1
R32NAF,2006,WASH_MACH,2,0
R32NAF,2007,WASH_MACH,1,0.1
R32NAF,2007,WASH_MACH,2,0
R32NAF,2008,WASH_MACH,1,0.1
R32NAF,2008,WASH_MACH,2,0
R32NAF,2009,WASH_MACH,1,0.1
R32NAF,2009,WASH_MACH,2,0
R32NAF,2010,WASH_MACH,1,0.1
R32NAF,2010,WASH_MACH,2,0
R32NAF,2011,WASH_MACH,1,0.1
R32NAF,2011,WASH_MACH,2,0
R32NAF,2012,WASH_MACH,1,0.1
R32NAF,2012,WASH_MACH,2,0
R32NAF,2013,WASH_MACH,1,0.1
R32NAF,2013,WASH_MACH,2,0
R32NAF,2014,WASH_MACH,1,0.1
R32NAF,2014,WASH_MACH,2,0
R32NAF,2015,WASH_MACH,1,0.1
R32NAF,2015,WASH_MACH,2,0
R32NAF,2016,WASH_MACH,1,0.1
R32NAF,2016,WASH_MACH,2,0
R32NAF,2017,WASH_MACH,1,0.1
R32NAF,2017,WASH_MACH,2,0
R32NAF,2018,WASH_MACH,1,0.1
R32NAF,2018,WASH_MACH,2,0
R32NAF,2019,WASH_MACH,1,0.1
R32NAF,2019,WASH_MACH,2,0
R32NAF,2020,WASH_MACH,1,0.1
R32NAF,2020,WASH_MACH,2,0
R32NAF,2021,WASH_MACH,1,0.1
R32NAF,2021,WASH_MACH,2,0
R32NAF,2022,WASH_MACH,1,0.1
R32NAF,2022,WASH_MACH,2,0
R32NAF,2023,WASH_MACH,1,0.1
R32NAF,2023,WASH_MACH,2,0
R32NAF,2024,WASH_MACH,1,0.1
R32NAF,2024,WASH_MACH,2,0
R32NAF,2025,WASH_MACH,1,0.1
R32NAF,2025,WASH_MACH,2,0
R32NAF,2026,WASH_MACH,1,0.1
R32NAF,2026,WASH_MACH,2,0
R32NAF,2027,WASH_MACH,1,0.1
R32NAF,2027,WASH_MACH,2,0
R32NAF,2028,WASH_MACH,1,0.1
R32NAF,2028,WASH_MACH,2,0
R32NAF,2029,WASH_MACH,1,0.1
R32NAF,2029,WASH_MACH,2,0
R32NAF,2030,WASH_MACH,1,0.1
R32NAF,2030,WASH_MACH,2,0
R32NAF,2031,WASH_MACH,1,0.1
R32NAF,2031,WASH_MACH,2,0
R32NAF,2032,WASH_MACH,1,0.1
R32NAF,2032,WASH_MACH,2,0
R32NAF,2033,WASH_MACH,1,0.1
R32NAF,2033,WASH_MACH,2,0
R32NAF,2034,WASH_MACH,1,0.1
R32NAF,2034,WASH_MACH,2,0
R32NAF,2035,WASH_MACH,1,0.1
R32NAF,2035,WASH_MACH,2,0
R32NAF,2036,WASH_MACH,1,0.1
R32NAF,2036,WASH_MACH,2,0
R32NAF,2037,WASH_MACH,1,0.1
R32NAF,2037,WASH_MACH,2,0
R32NAF,2038,WASH_MACH,1,0.1
R32NAF,2038,WASH_MACH,2,0
R32NAF,2039,WASH_MACH,1,0.1
R32NAF,2039,WASH_MACH,2,0
R32NAF,2040,WASH_MACH,1,0.1
R32NAF,2040,WASH_MACH,2,0
R32NAF,2041,WASH_MACH,1,0.1
R32NAF,2041,WASH_MACH,2,0
R32NAF,2042,WASH_MACH,1,0.1
R32NAF,2042,WASH_MACH,2,0
R32NAF,2043,WASH_MACH,1,0.1
R32NAF,2043,WASH_MACH,2,0
R32NAF,2044,WASH_MACH,1,0.1
R32NAF,2044,WASH_MACH,2,0
R32NAF,2045,WASH_MACH,1,0.1
R32NAF,2045,WASH_MACH,2,0
R32NAF,2046,WASH_MACH,1,0.1
R32NAF,2046,WASH_MACH,2,0
R32NAF,2047,WASH_MACH,1,0.1
R32NAF,2047,WASH_MACH,2,0
R32NAF,2048,WASH_MACH,1,0.1
R32NAF,2048,WASH_MACH,2,0
R32NAF,2049,WASH_MACH,1,0.1
R32NAF,2049,WASH_MACH,2,0
R32NAF,2050,WASH_MACH,1,0.1
R32NAF,2050,WASH_MACH,2,0
R32NAF,2051,WASH_MACH,1,0.1
R32NAF,2051,WASH_MACH,2,0
R32NAF,2052,WASH_MACH,1,0.1
R32NAF,2052,WASH_MACH,2,0
R32NAF,2053,WASH_MACH,1,0.1
R32NAF,2053,WASH_MACH,2,0
R32NAF,2054,WASH_MACH,1,0.1
R32NAF,2054,WASH_MACH,2,0
R32NAF,2055,WASH_MACH,1,0.1
R32NAF,2055,WASH_MACH,2,0
R32NAF,2056,WASH_MACH,1,0.1
R32NAF,2056,WASH_MACH,2,0
R32NAF,2057,WASH_MACH,1,0.1
R32NAF,2057,WASH_MACH,2,0
R32NAF,2058,WASH_MACH,1,0.1
R32NAF,2058,WASH_MACH,2,0
R32NAF,2059,WASH_MACH,1,0.1
R32NAF,2059,WASH_MACH,2,0
R32NAF,2060,WASH_MACH,1,0.1
R32NAF,2060,WASH_MACH,2,0
R32NAF,2061,WASH_MACH,1,0.1
R32NAF,2061,WASH_MACH,2,0
R32NAF,2062,WASH_MACH,1,0.1
R32NAF,2062,WASH_MACH,2,0
R32NAF,2063,WASH_MACH,1,0.1
R32NAF,2063,WASH_MACH,2,0
R32NAF,2064,WASH_MACH,1,0.1
R32NAF,2064,WASH_MACH,2,0
R32NAF,2065,WASH_MACH,1,0.1
R32NAF,2065,WASH_MACH,2,0
R32NAF,2066,WASH_MACH,1,0.1
R32NAF,2066,WASH_MACH,2,0
R32NAF,2067,WASH_MACH,1,0.1
R32NAF,2067,WASH_MACH,2,0
R32NAF,2068,WASH_MACH,1,0.1
R32NAF,2068,WASH_MACH,2,0
R32NAF,2069,WASH_MACH,1,0.1
R32NAF,2069,WASH_MACH,2,0
R32NAF,2070,WASH_MACH,1,0.1
R32NAF,2070,WASH_MACH,2,0
R32NAF,2071,WASH_MACH,1,0.1
R32NAF,2071,WASH_MACH,2,0
R32NAF,2072,WASH_MACH,1,0.1
R32NAF,2072,WASH_MACH,2,0
R32NAF,2073,WASH_MACH,1,0.1
R32NAF,2073,WASH_MACH,2,0
R32NAF,2074,WASH_MACH,1,0.1
R32NAF,2074,WASH_MACH,2,0
R32NAF,2075,WASH_MACH,1,0.1
R32NAF,2075,WASH_MACH,2,0
R32NAF,2076,WASH_MACH,1,0.1
R32NAF,2076,WASH_MACH,2,0
R32NAF,2077,WASH_MACH,1,0.1
R32NAF,2077,WASH_MACH,2,0
R32NAF,2078,WASH_MACH,1,0.1
R32NAF,2078,WASH_MACH,2,0
R32NAF,2079,WASH_MACH,1,0.1
R32NAF,2079,WASH_MACH,2,0
R32NAF,2080,WASH_MACH,1,0.1
R32NAF,2080,WASH_MACH,2,0
R32NAF,2081,WASH_MACH,1,0.1
R32NAF,2081,WASH_MACH,2,0
R32NAF,2082,WASH_MACH,1,0.1
R32NAF,2082,WASH_MACH,2,0
R32NAF,2083,WASH_MACH,1,0.1
R32NAF,2083,WASH_MACH,2,0
R32NAF,2084,WASH_MACH,1,0.1
R32NAF,2084,WASH_MACH,2,0
R32NAF,2085,WASH_MACH,1,0.1
R32NAF,2085,WASH_MACH,2,0
R32NAF,2086,WASH_MACH,1,0.1
R32NAF,2086,WASH_MACH,2,0
R32NAF,2087,WASH_MACH,1,0.1
R32NAF,2087,WASH_MACH,2,0
R32NAF,2088,WASH_MACH,1,0.1
R32NAF,2088,WASH_MACH,2,0
R32NAF,2089,WASH_MACH,1,0.1
R32NAF,2089,WASH_MACH,2,0
R32NAF,2090,WASH_MACH,1,0.1
R32NAF,2090,WASH_MACH,2,0
R32NAF,2091,WASH_MACH,1,0.1
R32NAF,2091,WASH_MACH,2,0
R32NAF,2092,WASH_MACH,1,0.1
R32NAF,2092,WASH_MACH,2,0
R32NAF,2093,WASH_MACH,1,0.1
R32NAF,2093,WASH_MACH,2,0
R32NAF,2094,WASH_MACH,1,0.1
R32NAF,2094,WASH_MACH,2,0
R32NAF,2095,WASH_MACH,1,0.1
R32NAF,2095,WASH_MACH,2,0
R32NAF,2096,WASH_MACH,1,0.1
R32NAF,2096,WASH_MACH,2,0
R32NAF,2097,WASH_MACH,1,0.1
R32NAF,2097,WASH_MACH,2,0
R32NAF,2098,WASH_MACH,1,0.1
R32NAF,2098,WASH_MACH,2,0
R32NAF,2099,WASH_MACH,1,0.1
R32NAF,2099,WASH_MACH,2,0
R32NAF,2100,WASH_MACH,1,0.1
R32NAF,2100,WASH_MACH,2,0
R32NAF,2000,WASH_MACH_COM,1,0.1
R32NAF,2000,WASH_MACH_COM,2,0
R32NAF,2001,WASH_MACH_COM,1,0.1
R32NAF,2001,WASH_MACH_COM,2,0
R32NAF,2002,WASH_MACH_COM,1,0.1
R32NAF,2002,WASH_MACH_COM,2,0
R32NAF,2003,WASH_MACH_COM,1,0.1
R32NAF,2003,WASH_MACH_COM,2,0
R32NAF,2004,WASH_MACH_COM,1,0.1
R32NAF,2004,WASH_MACH_COM,2,0
R32NAF,2005,WASH_MACH_COM,1,0.1
R32NAF,2005,WASH_MACH_COM,2,0
R32NAF,2006,WASH_MACH_COM,1,0.1
R32NAF,2006,WASH_MACH_COM,2,0
R32NAF,2007,WASH_MACH_COM,1,0.1
R32NAF,2007,WASH_MACH_COM,2,0
R32NAF,2008,WASH_MACH_COM,1,0.1
R32NAF,2008,WASH_MACH_COM,2,0
R32NAF,2009,WASH_MACH_COM,1,0.1
R32NAF,2009,WASH_MACH_COM,2,0
R32NAF,2010,WASH_MACH_COM,1,0.1
R32NAF,2010,WASH_MACH_COM,2,0
R32NAF,2011,WASH_MACH_COM,1,0.1
R32NAF,2011,WASH_MACH_COM,2,0
R32NAF,2012,WASH_MACH_COM,1,0.1
R32NAF,2012,WASH_MACH_COM,2,0
R32NAF,2013,WASH_MACH_COM,1,0.1
R32NAF,2013,WASH_MACH_COM,2,0
R32NAF,2014,WASH_MACH_COM,1,0.1
R32NAF,2014,WASH_MACH_COM,2,0
R32NAF,2015,WASH_MACH_COM,1,0.1
R32NAF,2015,WASH_MACH_COM,2,0
R32NAF,2016,WASH_MACH_COM,1,0.1
R32NAF,2016,WASH_MACH_COM,2,0
R32NAF,2017,WASH_MACH_COM,1,0.1
R32NAF,2017,WASH_MACH_COM,2,0
R32NAF,2018,WASH_MACH_COM,1,0.1
R32NAF,2018,WASH_MACH_COM,2,0
R32NAF,2019,WASH_MACH_COM,1,0.1
R32NAF,2019,WASH_MACH_COM,2,0
R32NAF,2020,WASH_MACH_COM,1,0.1
R32NAF,2020,WASH_MACH_COM,2,0
R32NAF,2021,WASH_MACH_COM,1,0.1
R32NAF,2021,WASH_MACH_COM,2,0
R32NAF,2022,WASH_MACH_COM,1,0.1
R32NAF,2022,WASH_MACH_COM,2,0
R32NAF,2023,WASH_MACH_COM,1,0.1
R32NAF,2023,WASH_MACH_COM,2,0
R32NAF,2024,WASH_MACH_COM,1,0.1
R32NAF,2024,WASH_MACH_COM,2,0
R32NAF,2025,WASH_MACH_COM,1,0.1
R32NAF,2025,WASH_MACH_COM,2,0
R32NAF,2026,WASH_MACH_COM,1,0.1
R32NAF,2026,WASH_MACH_COM,2,0
R32NAF,2027,WASH_MACH_COM,1,0.1
R32NAF,2027,WASH_MACH_COM,2,0
R32NAF,2028,WASH_MACH_COM,1,0.1
R32NAF,2028,WASH_MACH_COM,2,0
R32NAF,2029,WASH_MACH_COM,1,0.1
R32NAF,2029,WASH_MACH_COM,2,0
R32NAF,2030,WASH_MACH_COM,1,0.1
R32NAF,2030,WASH_MACH_COM,2,0
R32NAF,2031,WASH_MACH_COM,1,0.1
R32NAF,2031,WASH_MACH_COM,2,0
R32NAF,2032,WASH_MACH_COM,1,0.1
R32NAF,2032,WASH_MACH_COM,2,0
R32NAF,2033,WASH_MACH_COM,1,0.1
R32NAF,2033,WASH_MACH_COM,2,0
R32NAF,2034,WASH_MACH_COM,1,0.1
R32NAF,2034,WASH_MACH_COM,2,0
R32NAF,2035,WASH_MACH_COM,1,0.1
R32NAF,2035,WASH_MACH_COM,2,0
R32NAF,2036,WASH_MACH_COM,1,0.1
R32NAF,2036,WASH_MACH_COM,2,0
R32NAF,2037,WASH_MACH_COM,1,0.1
R32NAF,2037,WASH_MACH_COM,2,0
R32NAF,2038,WASH_MACH_COM,1,0.1
R32NAF,2038,WASH_MACH_COM,2,0
R32NAF,2039,WASH_MACH_COM,1,0.1
R32NAF,2039,WASH_MACH_COM,2,0
R32NAF,2040,WASH_MACH_COM,1,0.1
R32NAF,2040,WASH_MACH_COM,2,0
R32NAF,2041,WASH_MACH_COM,1,0.1
R32NAF,2041,WASH_MACH_COM,2,0
R32NAF,2042,WASH_MACH_COM,1,0.1
R32NAF,2042,WASH_MACH_COM,2,0
R32NAF,2043,WASH_MACH_COM,1,0.1
R32NAF,2043,WASH_MACH_COM,2,0
R32NAF,2044,WASH_MACH_COM,1,0.1
R32NAF,2044,WASH_MACH_COM,2,0
R32NAF,2045,WASH_MACH_COM,1,0.1
R32NAF,2045,WASH_MACH_COM,2,0
R32NAF,2046,WASH_MACH_COM,1,0.1
R32NAF,2046,WASH_MACH_COM,2,0
R32NAF,2047,WASH_MACH_COM,1,0.1
R32NAF,2047,WASH_MACH_COM,2,0
R32NAF,2048,WASH_MACH_COM,1,0.1
R32NAF,2048,WASH_MACH_COM,2,0
R32NAF,2049,WASH_MACH_COM,1,0.1
R32NAF,2049,WASH_MACH_COM,2,0
R32NAF,2050,WASH_MACH_COM,1,0.1
R32NAF,2050,WASH_MACH_COM,2,0
R32NAF,2051,WASH_MACH_COM,1,0.1
R32NAF,2051,WASH_MACH_COM,2,0
R32NAF,2052,WASH_MACH_COM,1,0.1
R32NAF,2052,WASH_MACH_COM,2,0
R32NAF,2053,WASH_MACH_COM,1,0.1
R32NAF,2053,WASH_MACH_COM,2,0
R32NAF,2054,WASH_MACH_COM,1,0.1
R32NAF,2054,WASH_MACH_COM,2,0
R32NAF,2055,WASH_MACH_COM,1,0.1
R32NAF,2055,WASH_MACH_COM,2,0
R32NAF,2056,WASH_MACH_COM,1,0.1
R32NAF,2056,WASH_MACH_COM,2,0
R32NAF,2057,WASH_MACH_COM,1,0.1
R32NAF,2057,WASH_MACH_COM,2,0
R32NAF,2058,WASH_MACH_COM,1,0.1
R32NAF,2058,WASH_MACH_COM,2,0
R32NAF,2059,WASH_MACH_COM,1,0.1
R32NAF,2059,WASH_MACH_COM,2,0
R32NAF,2060,WASH_MACH_COM,1,0.1
R32NAF,2060,WASH_MACH_COM,2,0
R32NAF,2061,WASH_MACH_COM,1,0.1
R32NAF,2061,WASH_MACH_COM,2,0
R32NAF,2062,WASH_MACH_COM,1,0.1
R32NAF,2062,WASH_MACH_COM,2,0
R32NAF,2063,WASH_MACH_COM,1,0.1
R32NAF,2063,WASH_MACH_COM,2,0
R32NAF,2064,WASH_MACH_COM,1,0.1
R32NAF,2064,WASH_MACH_COM,2,0
R32NAF,2065,WASH_MACH_COM,1,0.1
R32NAF,2065,WASH_MACH_COM,2,0
R32NAF,2066,WASH_MACH_COM,1,0.1
R32NAF,2066,WASH_MACH_COM,2,0
R32NAF,2067,WASH_MACH_COM,1,0.1
R32NAF,2067,WASH_MACH_COM,2,0
R32NAF,2068,WASH_MACH_COM,1,0.1
R32NAF,2068,WASH_MACH_COM,2,0
R32NAF,2069,WASH_MACH_COM,1,0.1
R32NAF,2069,WASH_MACH_COM,2,0
R32NAF,2070,WASH_MACH_COM,1,0.1
R32NAF,2070,WASH_MACH_COM,2,0
R32NAF,2071,WASH_MACH_COM,1,0.1
R32NAF,2071,WASH_MACH_COM,2,0
R32NAF,2072,WASH_MACH_COM,1,0.1
R32NAF,2072,WASH_MACH_COM,2,0
R32NAF,2073,WASH_MACH_COM,1,0.1
R32NAF,2073,WASH_MACH_COM,2,0
R32NAF,2074,WASH_MACH_COM,1,0.1
R32NAF,2074,WASH_MACH_COM,2,0
R32NAF,2075,WASH_MACH_COM,1,0.1
R32NAF,2075,WASH_MACH_COM,2,0
R32NAF,2076,WASH_MACH_COM,1,0.1
R32NAF,2076,WASH_MACH_COM,2,0
R32NAF,2077,WASH_MACH_COM,1,0.1
R32NAF,2077,WASH_MACH_COM,2,0
R32NAF,2078,WASH_MACH_COM,1,0.1
R32NAF,2078,WASH_MACH_COM,2,0
R32NAF,2079,WASH_MACH_COM,1,0.1
R32NAF,2079,WASH_MACH_COM,2,0
R32NAF,2080,WASH_MACH_COM,1,0.1
R32NAF,2080,WASH_MACH_COM,2,0
R32NAF,2081,WASH_MACH_COM,1,0.1
R32NAF,2081,WASH_MACH_COM,2,0
R32NAF,2082,WASH_MACH_COM,1,0.1
R32NAF,2082,WASH_MACH_COM,2,0
R32NAF,2083,WASH_MACH_COM,1,0.1
R32NAF,2083,WASH_MACH_COM,2,0
R32NAF,2084,WASH_MACH_COM,1,0.1
R32NAF,2084,WASH_MACH_COM,2,0
R32NAF,2085,WASH_MACH_COM,1,0.1
R32NAF,2085,WASH_MACH_COM,2,0
R32NAF,2086,WASH_MACH_COM,1,0.1
R32NAF,2086,WASH_MACH_COM,2,0
R32NAF,2087,WASH_MACH_COM,1,0.1
R32NAF,2087,WASH_MACH_COM,2,0
R32NAF,2088,WASH_MACH_COM,1,0.1
R32NAF,2088,WASH_MACH_COM,2,0
R32NAF,2089,WASH_MACH_COM,1,0.1
R32NAF,2089,WASH_MACH_COM,2,0
R32NAF,2090,WASH_MACH_COM,1,0.1
R32NAF,2090,WASH_MACH_COM,2,0
R32NAF,2091,WASH_MACH_COM,1,0.1
R32NAF,2091,WASH_MACH_COM,2,0
R32NAF,2092,WASH_MACH_COM,1,0.1
R32NAF,2092,WASH_MACH_COM,2,0
R32NAF,2093,WASH_MACH_COM,1,0.1
R32NAF,2093,WASH_MACH_COM,2,0
R32NAF,2094,WASH_MACH_COM,1,0.1
R32NAF,2094,WASH_MACH_COM,2,0
R32NAF,2095,WASH_MACH_COM,1,0.1
R32NAF,2095,WASH_MACH_COM,2,0
R32NAF,2096,WASH_MACH_COM,1,0.1
R32NAF,2096,WASH_MACH_COM,2,0
R32NAF,2097,WASH_MACH_COM,1,0.1
R32NAF,2097,WASH_MACH_COM,2,0
R32NAF,2098,WASH_MACH_COM,1,0.1
R32NAF,2098,WASH_MACH_COM,2,0
R32NAF,2099,WASH_MACH_COM,1,0.1
R32NAF,2099,WASH_MACH_COM,2,0
R32NAF,2100,WASH_MACH_COM,1,0.1
R32NAF,2100,WASH_MACH_COM,2,0
R32OAS-CPA,2000,WASH_MACH,1,0.1
R32OAS-CPA,2000,WASH_MACH,2,0
R32OAS-CPA,2001,WASH_MACH,1,0.1
R32OAS-CPA,2001,WASH_MACH,2,0
R32OAS-CPA,2002,WASH_MACH,1,0.1
R32OAS-CPA,2002,WASH_MACH,2,0
R32OAS-CPA,2003,WASH_MACH,1,0.1
R32OAS-CPA,2003,WASH_MACH,2,0
R32OAS-CPA,2004,WASH_MACH,1,0.1
R32OAS-CPA,2004,WASH_MACH,2,0
R32OAS-CPA,2005,WASH_MACH,1,0.1
R32OAS-CPA,2005,WASH_MACH,2,0
R32OAS-CPA,2006,WASH_MACH,1,0.1
R32OAS-CPA,2006,WASH_MACH,2,0
R32OAS-CPA,2007,WASH_MACH,1,0.1
R32OAS-CPA,2007,WASH_MACH,2,0
R32OAS-CPA,2008,WASH_MACH,1,0.1
R32OAS-CPA,2008,WASH_MACH,2,0
R32OAS-CPA,2009,WASH_MACH,1,0.1
R32OAS-CPA,2009,WASH_MACH,2,0
R32OAS-CPA,2010,WASH_MACH,1,0.1
R32OAS-CPA,2010,WASH_MACH,2,0
R32OAS-CPA,2011,WASH_MACH,1,0.1
R32OAS-CPA,2011,WASH_MACH,2,0
R32OAS-CPA,2012,WASH_MACH,1,0.1
R32OAS-CPA,2012,WASH_MACH,2,0
R32OAS-CPA,2013,WASH_MACH,1,0.1
R32OAS-CPA,2013,WASH_MACH,2,0
R32OAS-CPA,2014,WASH_MACH,1,0.1
R32OAS-CPA,2014,WASH_MACH,2,0
R32OAS-CPA,2015,WASH_MACH,1,0.1
R32OAS-CPA,2015,WASH_MACH,2,0
R32OAS-CPA,2016,WASH_MACH,1,0.1
R32OAS-CPA,2016,WASH_MACH,2,0
R32OAS-CPA,2017,WASH_MACH,1,0.1
R32OAS-CPA,2017,WASH_MACH,2,0
R32OAS-CPA,2018,WASH_MACH,1,0.1
R32OAS-CPA,2018,WASH_MACH,2,0
R32OAS-CPA,2019,WASH_MACH,1,0.1
R32OAS-CPA,2019,WASH_MACH,2,0
R32OAS-CPA,2020,WASH_MACH,1,0.1
R32OAS-CPA,2020,WASH_MACH,2,0
R32OAS-CPA,2021,WASH_MACH,1,0.1
R32OAS-CPA,2021,WASH_MACH,2,0
R32OAS-CPA,2022,WASH_MACH,1,0.1
R32OAS-CPA,2022,WASH_MACH,2,0
R32OAS-CPA,2023,WASH_MACH,1,0.1
R32OAS-CPA,2023,WASH_MACH,2,0
R32OAS-CPA,2024,WASH_MACH,1,0.1
R32OAS-CPA,2024,WASH_MACH,2,0
R32OAS-CPA,2025,WASH_MACH,1,0.1
R32OAS-CPA,2025,WASH_MACH,2,0
R32OAS-CPA,2026,WASH_MACH,1,0.1
R32OAS-CPA,2026,WASH_MACH,2,0
R32OAS-CPA,2027,WASH_MACH,1,0.1
R32OAS-CPA,2027,WASH_MACH,2,0
R32OAS-CPA,2028,WASH_MACH,1,0.1
R32OAS-CPA,2028,WASH_MACH,2,0
R32OAS-CPA,2029,WASH_MACH,1,0.1
R32OAS-CPA,2029,WASH_MACH,2,0
R32OAS-CPA,2030,WASH_MACH,1,0.1
R32OAS-CPA,2030,WASH_MACH,2,0
R32OAS-CPA,2031,WASH_MACH,1,0.1
R32OAS-CPA,2031,WASH_MACH,2,0
R32OAS-CPA,2032,WASH_MACH,1,0.1
R32OAS-CPA,2032,WASH_MACH,2,0
R32OAS-CPA,2033,WASH_MACH,1,0.1
R32OAS-CPA,2033,WASH_MACH,2,0
R32OAS-CPA,2034,WASH_MACH,1,0.1
R32OAS-CPA,2034,WASH_MACH,2,0
R32OAS-CPA,2035,WASH_MACH,1,0.1
R32OAS-CPA,2035,WASH_MACH,2,0
R32OAS-CPA,2036,WASH_MACH,1,0.1
R32OAS-CPA,2036,WASH_MACH,2,0
R32OAS-CPA,2037,WASH_MACH,1,0.1
R32OAS-CPA,2037,WASH_MACH,2,0
R32OAS-CPA,2038,WASH_MACH,1,0.1
R32OAS-CPA,2038,WASH_MACH,2,0
R32OAS-CPA,2039,WASH_MACH,1,0.1
R32OAS-CPA,2039,WASH_MACH,2,0
R32OAS-CPA,2040,WASH_MACH,1,0.1
R32OAS-CPA,2040,WASH_MACH,2,0
R32OAS-CPA,2041,WASH_MACH,1,0.1
R32OAS-CPA,2041,WASH_MACH,2,0
R32OAS-CPA,2042,WASH_MACH,1,0.1
R32OAS-CPA,2042,WASH_MACH,2,0
R32OAS-CPA,2043,WASH_MACH,1,0.1
R32OAS-CPA,2043,WASH_MACH,2,0
R32OAS-CPA,2044,WASH_MACH,1,0.1
R32OAS-CPA,2044,WASH_MACH,2,0
R32OAS-CPA,2045,WASH_MACH,1,0.1
R32OAS-CPA,2045,WASH_MACH,2,0
R32OAS-CPA,2046,WASH_MACH,1,0.1
R32OAS-CPA,2046,WASH_MACH,2,0
R32OAS-CPA,2047,WASH_MACH,1,0.1
R32OAS-CPA,2047,WASH_MACH,2,0
R32OAS-CPA,2048,WASH_MACH,1,0.1
R32OAS-CPA,2048,WASH_MACH,2,0
R32OAS-CPA,2049,WASH_MACH,1,0.1
R32OAS-CPA,2049,WASH_MACH,2,0
R32OAS-CPA,2050,WASH_MACH,1,0.1
R32OAS-CPA,2050,WASH_MACH,2,0
R32OAS-CPA,2051,WASH_MACH,1,0.1
R32OAS-CPA,2051,WASH_MACH,2,0
R32OAS-CPA,2052,WASH_MACH,1,0.1
R32OAS-CPA,2052,WASH_MACH,2,0
R32OAS-CPA,2053,WASH_MACH,1,0.1
R32OAS-CPA,2053,WASH_MACH,2,0
R32OAS-CPA,2054,WASH_MACH,1,0.1
R32OAS-CPA,2054,WASH_MACH,2,0
R32OAS-CPA,2055,WASH_MACH,1,0.1
R32OAS-CPA,2055,WASH_MACH,2,0
R32OAS-CPA,2056,WASH_MACH,1,0.1
R32OAS-CPA,2056,WASH_MACH,2,0
R32OAS-CPA,2057,WASH_MACH,1,0.1
R32OAS-CPA,2057,WASH_MACH,2,0
R32OAS-CPA,2058,WASH_MACH,1,0.1
R32OAS-CPA,2058,WASH_MACH,2,0
R32OAS-CPA,2059,WASH_MACH,1,0.1
R32OAS-CPA,2059,WASH_MACH,2,0
R32OAS-CPA,2060,WASH_MACH,1,0.1
R32OAS-CPA,2060,WASH_MACH,2,0
R32OAS-CPA,2061,WASH_MACH,1,0.1
R32OAS-CPA,2061,WASH_MACH,2,0
R32OAS-CPA,2062,WASH_MACH,1,0.1
R32OAS-CPA,2062,WASH_MACH,2,0
R32OAS-CPA,2063,WASH_MACH,1,0.1
R32OAS-CPA,2063,WASH_MACH,2,0
R32OAS-CPA,2064,WASH_MACH,1,0.1
R32OAS-CPA,2064,WASH_MACH,2,0
R32OAS-CPA,2065,WASH_MACH,1,0.1
R32OAS-CPA,2065,WASH_MACH,2,0
R32OAS-CPA,2066,WASH_MACH,1,0.1
R32OAS-CPA,2066,WASH_MACH,2,0
R32OAS-CPA,2067,WASH_MACH,1,0.1
R32OAS-CPA,2067,WASH_MACH,2,0
R32OAS-CPA,2068,WASH_MACH,1,0.1
R32OAS-CPA,2068,WASH_MACH,2,0
R32OAS-CPA,2069,WASH_MACH,1,0.1
R32OAS-CPA,2069,WASH_MACH,2,0
R32OAS-CPA,2070,WASH_MACH,1,0.1
R32OAS-CPA,2070,WASH_MACH,2,0
R32OAS-CPA,2071,WASH_MACH,1,0.1
R32OAS-CPA,2071,WASH_MACH,2,0
R32OAS-CPA,2072,WASH_MACH,1,0.1
R32OAS-CPA,2072,WASH_MACH,2,0
R32OAS-CPA,2073,WASH_MACH,1,0.1
R32OAS-CPA,2073,WASH_MACH,2,0
R32OAS-CPA,2074,WASH_MACH,1,0.1
R32OAS-CPA,2074,WASH_MACH,2,0
R32OAS-CPA,2075,WASH_MACH,1,0.1
R32OAS-CPA,2075,WASH_MACH,2,0
R32OAS-CPA,2076,WASH_MACH,1,0.1
R32OAS-CPA,2076,WASH_MACH,2,0
R32OAS-CPA,2077,WASH_MACH,1,0.1
R32OAS-CPA,2077,WASH_MACH,2,0
R32OAS-CPA,2078,WASH_MACH,1,0.1
R32OAS-CPA,2078,WASH_MACH,2,0
R32OAS-CPA,2079,WASH_MACH,1,0.1
R32OAS-CPA,2079,WASH_MACH,2,0
R32OAS-CPA,2080,WASH_MACH,1,0.1
R32OAS-CPA,2080,WASH_MACH,2,0
R32OAS-CPA,2081,WASH_MACH,1,0.1
R32OAS-CPA,2081,WASH_MACH,2,0
R32OAS-CPA,2082,WASH_MACH,1,0.1
R32OAS-CPA,2082,WASH_MACH,2,0
R32OAS-CPA,2083,WASH_MACH,1,0.1
R32OAS-CPA,2083,WASH_MACH,2,0
R32OAS-CPA,2084,WASH_MACH,1,0.1
R32OAS-CPA,2084,WASH_MACH,2,0
R32OAS-CPA,2085,WASH_MACH,1,0.1
R32OAS-CPA,2085,WASH_MACH,2,0
R32OAS-CPA,2086,WASH_MACH,1,0.1
R32OAS-CPA,2086,WASH_MACH,2,0
R32OAS-CPA,2087,WASH_MACH,1,0.1
R32OAS-CPA,2087,WASH_MACH,2,0
R32OAS-CPA,2088,WASH_MACH,1,0.1
R32OAS-CPA,2088,WASH_MACH,2,0
R32OAS-CPA,2089,WASH_MACH,1,0.1
R32OAS-CPA,2089,WASH_MACH,2,0
R32OAS-CPA,2090,WASH_MACH,1,0.1
R32OAS-CPA,2090,WASH_MACH,2,0
R32OAS-CPA,2091,WASH_MACH,1,0.1
R32OAS-CPA,2091,WASH_MACH,2,0
R32OAS-CPA,2092,WASH_MACH,1,0.1
R32OAS-CPA,2092,WASH_MACH,2,0
R32OAS-CPA,2093,WASH_MACH,1,0.1
R32OAS-CPA,2093,WASH_MACH,2,0
R32OAS-CPA,2094,WASH_MACH,1,0.1
R32OAS-CPA,2094,WASH_MACH,2,0
R32OAS-CPA,2095,WASH_MACH,1,0.1
R32OAS-CPA,2095,WASH_MACH,2,0
R32OAS-CPA,2096,WASH_MACH,1,0.1
R32OAS-CPA,2096,WASH_MACH,2,0
R32OAS-CPA,2097,WASH_MACH,1,0.1
R32OAS-CPA,2097,WASH_MACH,2,0
R32OAS-CPA,2098,WASH_MACH,1,0.1
R32OAS-CPA,2098,WASH_MACH,2,0
R32OAS-CPA,2099,WASH_MACH,1,0.1
R32OAS-CPA,2099,WASH_MACH,2,0
R32OAS-CPA,2100,WASH_MACH,1,0.1
R32OAS-CPA,2100,WASH_MACH,2,0
R32OAS-CPA,2000,WASH_MACH_COM,1,0.1
R32OAS-CPA,2000,WASH_MACH_COM,2,0
R32OAS-CPA,2001,WASH_MACH_COM,1,0.1
R32OAS-CPA,2001,WASH_MACH_COM,2,0
R32OAS-CPA,2002,WASH_MACH_COM,1,0.1
R32OAS-CPA,2002,WASH_MACH_COM,2,0
R32OAS-CPA,2003,WASH_MACH_COM,1,0.1
R32OAS-CPA,2003,WASH_MACH_COM,2,0
R32OAS-CPA,2004,WASH_MACH_COM,1,0.1
R32OAS-CPA,2004,WASH_MACH_COM,2,0
R32OAS-CPA,2005,WASH_MACH_COM,1,0.1
R32OAS-CPA,2005,WASH_MACH_COM,2,0
R32OAS-CPA,2006,WASH_MACH_COM,1,0.1
R32OAS-CPA,2006,WASH_MACH_COM,2,0
R32OAS-CPA,2007,WASH_MACH_COM,1,0.1
R32OAS-CPA,2007,WASH_MACH_COM,2,0
R32OAS-CPA,2008,WASH_MACH_COM,1,0.1
R32OAS-CPA,2008,WASH_MACH_COM,2,0
R32OAS-CPA,2009,WASH_MACH_COM,1,0.1
R32OAS-CPA,2009,WASH_MACH_COM,2,0
R32OAS-CPA,2010,WASH_MACH_COM,1,0.1
R32OAS-CPA,2010,WASH_MACH_COM,2,0
R32OAS-CPA,2011,WASH_MACH_COM,1,0.1
R32OAS-CPA,2011,WASH_MACH_COM,2,0
R32OAS-CPA,2012,WASH_MACH_COM,1,0.1
R32OAS-CPA,2012,WASH_MACH_COM,2,0
R32OAS-CPA,2013,WASH_MACH_COM,1,0.1
R32OAS-CPA,2013,WASH_MACH_COM,2,0
R32OAS-CPA,2014,WASH_MACH_COM,1,0.1
R32OAS-CPA,2014,WASH_MACH_COM,2,0
R32OAS-CPA,2015,WASH_MACH_COM,1,0.1
R32OAS-CPA,2015,WASH_MACH_COM,2,0
R32OAS-CPA,2016,WASH_MACH_COM,1,0.1
R32OAS-CPA,2016,WASH_MACH_COM,2,0
R32OAS-CPA,2017,WASH_MACH_COM,1,0.1
R32OAS-CPA,2017,WASH_MACH_COM,2,0
R32OAS-CPA,2018,WASH_MACH_COM,1,0.1
R32OAS-CPA,2018,WASH_MACH_COM,2,0
R32OAS-CPA,2019,WASH_MACH_COM,1,0.1
R32OAS-CPA,2019,WASH_MACH_COM,2,0
R32OAS-CPA,2020,WASH_MACH_COM,1,0.1
R32OAS-CPA,2020,WASH_MACH_COM,2,0
R32OAS-CPA,2021,WASH_MACH_COM,1,0.1
R32OAS-CPA,2021,WASH_MACH_COM,2,0
R32OAS-CPA,2022,WASH_MACH_COM,1,0.1
R32OAS-CPA,2022,WASH_MACH_COM,2,0
R32OAS-CPA,2023,WASH_MACH_COM,1,0.1
R32OAS-CPA,2023,WASH_MACH_COM,2,0
R32OAS-CPA,2024,WASH_MACH_COM,1,0.1
R32OAS-CPA,2024,WASH_MACH_COM,2,0
R32OAS-CPA,2025,WASH_MACH_COM,1,0.1
R32OAS-CPA,2025,WASH_MACH_COM,2,0
R32OAS-CPA,2026,WASH_MACH_COM,1,0.1
R32OAS-CPA,2026,WASH_MACH_COM,2,0
R32OAS-CPA,2027,WASH_MACH_COM,1,0.1
R32OAS-CPA,2027,WASH_MACH_COM,2,0
R32OAS-CPA,2028,WASH_MACH_COM,1,0.1
R32OAS-CPA,2028,WASH_MACH_COM,2,0
R32OAS-CPA,2029,WASH_MACH_COM,1,0.1
R32OAS-CPA,2029,WASH_MACH_COM,2,0
R32OAS-CPA,2030,WASH_MACH_COM,1,0.1
R32OAS-CPA,2030,WASH_MACH_COM,2,0
R32OAS-CPA,2031,WASH_MACH_COM,1,0.1
R32OAS-CPA,2031,WASH_MACH_COM,2,0
R32OAS-CPA,2032,WASH_MACH_COM,1,0.1
R32OAS-CPA,2032,WASH_MACH_COM,2,0
R32OAS-CPA,2033,WASH_MACH_COM,1,0.1
R32OAS-CPA,2033,WASH_MACH_COM,2,0
R32OAS-CPA,2034,WASH_MACH_COM,1,0.1
R32OAS-CPA,2034,WASH_MACH_COM,2,0
R32OAS-CPA,2035,WASH_MACH_COM,1,0.1
R32OAS-CPA,2035,WASH_MACH_COM,2,0
R32OAS-CPA,2036,WASH_MACH_COM,1,0.1
R32OAS-CPA,2036,WASH_MACH_COM,2,0
R32OAS-CPA,2037,WASH_MACH_COM,1,0.1
R32OAS-CPA,2037,WASH_MACH_COM,2,0
R32OAS-CPA,2038,WASH_MACH_COM,1,0.1
R32OAS-CPA,2038,WASH_MACH_COM,2,0
R32OAS-CPA,2039,WASH_MACH_COM,1,0.1
R32OAS-CPA,2039,WASH_MACH_COM,2,0
R32OAS-CPA,2040,WASH_MACH_COM,1,0.1
R32OAS-CPA,2040,WASH_MACH_COM,2,0
R32OAS-CPA,2041,WASH_MACH_COM,1,0.1
R32OAS-CPA,2041,WASH_MACH_COM,2,0
R32OAS-CPA,2042,WASH_MACH_COM,1,0.1
R32OAS-CPA,2042,WASH_MACH_COM,2,0
R32OAS-CPA,2043,WASH_MACH_COM,1,0.1
R32OAS-CPA,2043,WASH_MACH_COM,2,0
R32OAS-CPA,2044,WASH_MACH_COM,1,0.1
R32OAS-CPA,2044,WASH_MACH_COM,2,0
R32OAS-CPA,2045,WASH_MACH_COM,1,0.1
R32OAS-CPA,2045,WASH_MACH_COM,2,0
R32OAS-CPA,2046,WASH_MACH_COM,1,0.1
R32OAS-CPA,2046,WASH_MACH_COM,2,0
R32OAS-CPA,2047,WASH_MACH_COM,1,0.1
R32OAS-CPA,2047,WASH_MACH_COM,2,0
R32OAS-CPA,2048,WASH_MACH_COM,1,0.1
R32OAS-CPA,2048,WASH_MACH_COM,2,0
R32OAS-CPA,2049,WASH_MACH_COM,1,0.1
R32OAS-CPA,2049,WASH_MACH_COM,2,0
R32OAS-CPA,2050,WASH_MACH_COM,1,0.1
R32OAS-CPA,2050,WASH_MACH_COM,2,0
R32OAS-CPA,2051,WASH_MACH_COM,1,0.1
R32OAS-CPA,2051,WASH_MACH_COM,2,0
R32OAS-CPA,2052,WASH_MACH_COM,1,0.1
R32OAS-CPA,2052,WASH_MACH_COM,2,0
R32OAS-CPA,2053,WASH_MACH_COM,1,0.1
R32OAS-CPA,2053,WASH_MACH_COM,2,0
R32OAS-CPA,2054,WASH_MACH_COM,1,0.1
R32OAS-CPA,2054,WASH_MACH_COM,2,0
R32OAS-CPA,2055,WASH_MACH_COM,1,0.1
R32OAS-CPA,2055,WASH_MACH_COM,2,0
R32OAS-CPA,2056,WASH_MACH_COM,1,0.1
R32OAS-CPA,2056,WASH_MACH_COM,2,0
R32OAS-CPA,2057,WASH_MACH_COM,1,0.1
R32OAS-CPA,2057,WASH_MACH_COM,2,0
R32OAS-CPA,2058,WASH_MACH_COM,1,0.1
R32OAS-CPA,2058,WASH_MACH_COM,2,0
R32OAS-CPA,2059,WASH_MACH_COM,1,0.1
R32OAS-CPA,2059,WASH_MACH_COM,2,0
R32OAS-CPA,2060,WASH_MACH_COM,1,0.1
R32OAS-CPA,2060,WASH_MACH_COM,2,0
R32OAS-CPA,2061,WASH_MACH_COM,1,0.1
R32OAS-CPA,2061,WASH_MACH_COM,2,0
R32OAS-CPA,2062,WASH_MACH_COM,1,0.1
R32OAS-CPA,2062,WASH_MACH_COM,2,0
R32OAS-CPA,2063,WASH_MACH_COM,1,0.1
R32OAS-CPA,2063,WASH_MACH_COM,2,0
R32OAS-CPA,2064,WASH_MACH_COM,1,0.1
R32OAS-CPA,2064,WASH_MACH_COM,2,0
R32OAS-CPA,2065,WASH_MACH_COM,1,0.1
R32OAS-CPA,2065,WASH_MACH_COM,2,0
R32OAS-CPA,2066,WASH_MACH_COM,1,0.1
R32OAS-CPA,2066,WASH_MACH_COM,2,0
R32OAS-CPA,2067,WASH_MACH_COM,1,0.1
R32OAS-CPA,2067,WASH_MACH_COM,2,0
R32OAS-CPA,2068,WASH_MACH_COM,1,0.1
R32OAS-CPA,2068,WASH_MACH_COM,2,0
R32OAS-CPA,2069,WASH_MACH_COM,1,0.1
R32OAS-CPA,2069,WASH_MACH_COM,2,0
R32OAS-CPA,2070,WASH_MACH_COM,1,0.1
R32OAS-CPA,2070,WASH_MACH_COM,2,0
R32OAS-CPA,2071,WASH_MACH_COM,1,0.1
R32OAS-CPA,2071,WASH_MACH_COM,2,0
R32OAS-CPA,2072,WASH_MACH_COM,1,0.1
R32OAS-CPA,2072,WASH_MACH_COM,2,0
R32OAS-CPA,2073,WASH_MACH_COM,1,0.1
R32OAS-CPA,2073,WASH_MACH_COM,2,0
R32OAS-CPA,2074,WASH_MACH_COM,1,0.1
R32OAS-CPA,2074,WASH_MACH_COM,2,0
R32OAS-CPA,2075,WASH_MACH_COM,1,0.1
R32OAS-CPA,2075,WASH_MACH_COM,2,0
R32OAS-CPA,2076,WASH_MACH_COM,1,0.1
R32OAS-CPA,2076,WASH_MACH_COM,2,0
R32OAS-CPA,2077,WASH_MACH_COM,1,0.1
R32OAS-CPA,2077,WASH_MACH_COM,2,0
R32OAS-CPA,2078,WASH_MACH_COM,1,0.1
R32OAS-CPA,2078,WASH_MACH_COM,2,0
R32OAS-CPA,2079,WASH_MACH_COM,1,0.1
R32OAS-CPA,2079,WASH_MACH_COM,2,0
R32OAS-CPA,2080,WASH_MACH_COM,1,0.1
R32OAS-CPA,2080,WASH_MACH_COM,2,0
R32OAS-CPA,2081,WASH_MACH_COM,1,0.1
R32OAS-CPA,2081,WASH_MACH_COM,2,0
R32OAS-CPA,2082,WASH_MACH_COM,1,0.1
R32OAS-CPA,2082,WASH_MACH_COM,2,0
R32OAS-CPA,2083,WASH_MACH_COM,1,0.1
R32OAS-CPA,2083,WASH_MACH_COM,2,0
R32OAS-CPA,2084,WASH_MACH_COM,1,0.1
R32OAS-CPA,2084,WASH_MACH_COM,2,0
R32OAS-CPA,2085,WASH_MACH_COM,1,0.1
R32OAS-CPA,2085,WASH_MACH_COM,2,0
R32OAS-CPA,2086,WASH_MACH_COM,1,0.1
R32OAS-CPA,2086,WASH_MACH_COM,2,0
R32OAS-CPA,2087,WASH_MACH_COM,1,0.1
R32OAS-CPA,2087,WASH_MACH_COM,2,0
R32OAS-CPA,2088,WASH_MACH_COM,1,0.1
R32OAS-CPA,2088,WASH_MACH_COM,2,0
R32OAS-CPA,2089,WASH_MACH_COM,1,0.1
R32OAS-CPA,2089,WASH_MACH_COM,2,0
R32OAS-CPA,2090,WASH_MACH_COM,1,0.1
R32OAS-CPA,2090,WASH_MACH_COM,2,0
R32OAS-CPA,2091,WASH_MACH_COM,1,0.1
R32OAS-CPA,2091,WASH_MACH_COM,2,0
R32OAS-CPA,2092,WASH_MACH_COM,1,0.1
R32OAS-CPA,2092,WASH_MACH_COM,2,0
R32OAS-CPA,2093,WASH_MACH_COM,1,0.1
R32OAS-CPA,2093,WASH_MACH_COM,2,0
R32OAS-CPA,2094,WASH_MACH_COM,1,0.1
R32OAS-CPA,2094,WASH_MACH_COM,2,0
R32OAS-CPA,2095,WASH_MACH_COM,1,0.1
R32OAS-CPA,2095,WASH_MACH_COM,2,0
R32OAS-CPA,2096,WASH_MACH_COM,1,0.1
R32OAS-CPA,2096,WASH_MACH_COM,2,0
R32OAS-CPA,2097,WASH_MACH_COM,1,0.1
R32OAS-CPA,2097,WASH_MACH_COM,2,0
R32OAS-CPA,2098,WASH_MACH_COM,1,0.1
R32OAS-CPA,2098,WASH_MACH_COM,2,0
R32OAS-CPA,2099,WASH_MACH_COM,1,0.1
R32OAS-CPA,2099,WASH_MACH_COM,2,0
R32OAS-CPA,2100,WASH_MACH_COM,1,0.1
R32OAS-CPA,2100,WASH_MACH_COM,2,0
R32OAS-L-PAS,2000,WASH_MACH,1,0.1
R32OAS-L-PAS,2000,WASH_MACH,2,0
R32OAS-L-PAS,2001,WASH_MACH,1,0.1
R32OAS-L-PAS,2001,WASH_MACH,2,0
R32OAS-L-PAS,2002,WASH_MACH,1,0.1
R32OAS-L-PAS,2002,WASH_MACH,2,0
R32OAS-L-PAS,2003,WASH_MACH,1,0.1
R32OAS-L-PAS,2003,WASH_MACH,2,0
R32OAS-L-PAS,2004,WASH_MACH,1,0.1
R32OAS-L-PAS,2004,WASH_MACH,2,0
R32OAS-L-PAS,2005,WASH_MACH,1,0.1
R32OAS-L-PAS,2005,WASH_MACH,2,0
R32OAS-L-PAS,2006,WASH_MACH,1,0.1
R32OAS-L-PAS,2006,WASH_MACH,2,0
R32OAS-L-PAS,2007,WASH_MACH,1,0.1
R32OAS-L-PAS,2007,WASH_MACH,2,0
R32OAS-L-PAS,2008,WASH_MACH,1,0.1
R32OAS-L-PAS,2008,WASH_MACH,2,0
R32OAS-L-PAS,2009,WASH_MACH,1,0.1
R32OAS-L-PAS,2009,WASH_MACH,2,0
R32OAS-L-PAS,2010,WASH_MACH,1,0.1
R32OAS-L-PAS,2010,WASH_MACH,2,0
R32OAS-L-PAS,2011,WASH_MACH,1,0.1
R32OAS-L-PAS,2011,WASH_MACH,2,0
R32OAS-L-PAS,2012,WASH_MACH,1,0.1
R32OAS-L-PAS,2012,WASH_MACH,2,0
R32OAS-L-PAS,2013,WASH_MACH,1,0.1
R32OAS-L-PAS,2013,WASH_MACH,2,0
R32OAS-L-PAS,2014,WASH_MACH,1,0.1
R32OAS-L-PAS,2014,WASH_MACH,2,0
R32OAS-L-PAS,2015,WASH_MACH,1,0.1
R32OAS-L-PAS,2015,WASH_MACH,2,0
R32OAS-L-PAS,2016,WASH_MACH,1,0.1
R32OAS-L-PAS,2016,WASH_MACH,2,0
R32OAS-L-PAS,2017,WASH_MACH,1,0.1
R32OAS-L-PAS,2017,WASH_MACH,2,0
R32OAS-L-PAS,2018,WASH_MACH,1,0.1
R32OAS-L-PAS,2018,WASH_MACH,2,0
R32OAS-L-PAS,2019,WASH_MACH,1,0.1
R32OAS-L-PAS,2019,WASH_MACH,2,0
R32OAS-L-PAS,2020,WASH_MACH,1,0.1
R32OAS-L-PAS,2020,WASH_MACH,2,0
R32OAS-L-PAS,2021,WASH_MACH,1,0.1
R32OAS-L-PAS,2021,WASH_MACH,2,0
R32OAS-L-PAS,2022,WASH_MACH,1,0.1
R32OAS-L-PAS,2022,WASH_MACH,2,0
R32OAS-L-PAS,2023,WASH_MACH,1,0.1
R32OAS-L-PAS,2023,WASH_MACH,2,0
R32OAS-L-PAS,2024,WASH_MACH,1,0.1
R32OAS-L-PAS,2024,WASH_MACH,2,0
R32OAS-L-PAS,2025,WASH_MACH,1,0.1
R32OAS-L-PAS,2025,WASH_MACH,2,0
R32OAS-L-PAS,2026,WASH_MACH,1,0.1
R32OAS-L-PAS,2026,WASH_MACH,2,0
R32OAS-L-PAS,2027,WASH_MACH,1,0.1
R32OAS-L-PAS,2027,WASH_MACH,2,0
R32OAS-L-PAS,2028,WASH_MACH,1,0.1
R32OAS-L-PAS,2028,WASH_MACH,2,0
R32OAS-L-PAS,2029,WASH_MACH,1,0.1
R32OAS-L-PAS,2029,WASH_MACH,2,0
R32OAS-L-PAS,2030,WASH_MACH,1,0.1
R32OAS-L-PAS,2030,WASH_MACH,2,0
R32OAS-L-PAS,2031,WASH_MACH,1,0.1
R32OAS-L-PAS,2031,WASH_MACH,2,0
R32OAS-L-PAS,2032,WASH_MACH,1,0.1
R32OAS-L-PAS,2032,WASH_MACH,2,0
R32OAS-L-PAS,2033,WASH_MACH,1,0.1
R32OAS-L-PAS,2033,WASH_MACH,2,0
R32OAS-L-PAS,2034,WASH_MACH,1,0.1
R32OAS-L-PAS,2034,WASH_MACH,2,0
R32OAS-L-PAS,2035,WASH_MACH,1,0.1
R32OAS-L-PAS,2035,WASH_MACH,2,0
R32OAS-L-PAS,2036,WASH_MACH,1,0.1
R32OAS-L-PAS,2036,WASH_MACH,2,0
R32OAS-L-PAS,2037,WASH_MACH,1,0.1
R32OAS-L-PAS,2037,WASH_MACH,2,0
R32OAS-L-PAS,2038,WASH_MACH,1,0.1
R32OAS-L-PAS,2038,WASH_MACH,2,0
R32OAS-L-PAS,2039,WASH_MACH,1,0.1
R32OAS-L-PAS,2039,WASH_MACH,2,0
R32OAS-L-PAS,2040,WASH_MACH,1,0.1
R32OAS-L-PAS,2040,WASH_MACH,2,0
R32OAS-L-PAS,2041,WASH_MACH,1,0.1
R32OAS-L-PAS,2041,WASH_MACH,2,0
R32OAS-L-PAS,2042,WASH_MACH,1,0.1
R32OAS-L-PAS,2042,WASH_MACH,2,0
R32OAS-L-PAS,2043,WASH_MACH,1,0.1
R32OAS-L-PAS,2043,WASH_MACH,2,0
R32OAS-L-PAS,2044,WASH_MACH,1,0.1
R32OAS-L-PAS,2044,WASH_MACH,2,0
R32OAS-L-PAS,2045,WASH_MACH,1,0.1
R32OAS-L-PAS,2045,WASH_MACH,2,0
R32OAS-L-PAS,2046,WASH_MACH,1,0.1
R32OAS-L-PAS,2046,WASH_MACH,2,0
R32OAS-L-PAS,2047,WASH_MACH,1,0.1
R32OAS-L-PAS,2047,WASH_MACH,2,0
R32OAS-L-PAS,2048,WASH_MACH,1,0.1
R32OAS-L-PAS,2048,WASH_MACH,2,0
R32OAS-L-PAS,2049,WASH_MACH,1,0.1
R32OAS-L-PAS,2049,WASH_MACH,2,0
R32OAS-L-PAS,2050,WASH_MACH,1,0.1
R32OAS-L-PAS,2050,WASH_MACH,2,0
R32OAS-L-PAS,2051,WASH_MACH,1,0.1
R32OAS-L-PAS,2051,WASH_MACH,2,0
R32OAS-L-PAS,2052,WASH_MACH,1,0.1
R32OAS-L-PAS,2052,WASH_MACH,2,0
R32OAS-L-PAS,2053,WASH_MACH,1,0.1
R32OAS-L-PAS,2053,WASH_MACH,2,0
R32OAS-L-PAS,2054,WASH_MACH,1,0.1
R32OAS-L-PAS,2054,WASH_MACH,2,0
R32OAS-L-PAS,2055,WASH_MACH,1,0.1
R32OAS-L-PAS,2055,WASH_MACH,2,0
R32OAS-L-PAS,2056,WASH_MACH,1,0.1
R32OAS-L-PAS,2056,WASH_MACH,2,0
R32OAS-L-PAS,2057,WASH_MACH,1,0.1
R32OAS-L-PAS,2057,WASH_MACH,2,0
R32OAS-L-PAS,2058,WASH_MACH,1,0.1
R32OAS-L-PAS,2058,WASH_MACH,2,0
R32OAS-L-PAS,2059,WASH_MACH,1,0.1
R32OAS-L-PAS,2059,WASH_MACH,2,0
R32OAS-L-PAS,2060,WASH_MACH,1,0.1
R32OAS-L-PAS,2060,WASH_MACH,2,0
R32OAS-L-PAS,2061,WASH_MACH,1,0.1
R32OAS-L-PAS,2061,WASH_MACH,2,0
R32OAS-L-PAS,2062,WASH_MACH,1,0.1
R32OAS-L-PAS,2062,WASH_MACH,2,0
R32OAS-L-PAS,2063,WASH_MACH,1,0.1
R32OAS-L-PAS,2063,WASH_MACH,2,0
R32OAS-L-PAS,2064,WASH_MACH,1,0.1
R32OAS-L-PAS,2064,WASH_MACH,2,0
R32OAS-L-PAS,2065,WASH_MACH,1,0.1
R32OAS-L-PAS,2065,WASH_MACH,2,0
R32OAS-L-PAS,2066,WASH_MACH,1,0.1
R32OAS-L-PAS,2066,WASH_MACH,2,0
R32OAS-L-PAS,2067,WASH_MACH,1,0.1
R32OAS-L-PAS,2067,WASH_MACH,2,0
R32OAS-L-PAS,2068,WASH_MACH,1,0.1
R32OAS-L-PAS,2068,WASH_MACH,2,0
R32OAS-L-PAS,2069,WASH_MACH,1,0.1
R32OAS-L-PAS,2069,WASH_MACH,2,0
R32OAS-L-PAS,2070,WASH_MACH,1,0.1
R32OAS-L-PAS,2070,WASH_MACH,2,0
R32OAS-L-PAS,2071,WASH_MACH,1,0.1
R32OAS-L-PAS,2071,WASH_MACH,2,0
R32OAS-L-PAS,2072,WASH_MACH,1,0.1
R32OAS-L-PAS,2072,WASH_MACH,2,0
R32OAS-L-PAS,2073,WASH_MACH,1,0.1
R32OAS-L-PAS,2073,WASH_MACH,2,0
R32OAS-L-PAS,2074,WASH_MACH,1,0.1
R32OAS-L-PAS,2074,WASH_MACH,2,0
R32OAS-L-PAS,2075,WASH_MACH,1,0.1
R32OAS-L-PAS,2075,WASH_MACH,2,0
R32OAS-L-PAS,2076,WASH_MACH,1,0.1
R32OAS-L-PAS,2076,WASH_MACH,2,0
R32OAS-L-PAS,2077,WASH_MACH,1,0.1
R32OAS-L-PAS,2077,WASH_MACH,2,0
R32OAS-L-PAS,2078,WASH_MACH,1,0.1
R32OAS-L-PAS,2078,WASH_MACH,2,0
R32OAS-L-PAS,2079,WASH_MACH,1,0.1
R32OAS-L-PAS,2079,WASH_MACH,2,0
R32OAS-L-PAS,2080,WASH_MACH,1,0.1
R32OAS-L-PAS,2080,WASH_MACH,2,0
R32OAS-L-PAS,2081,WASH_MACH,1,0.1
R32OAS-L-PAS,2081,WASH_MACH,2,0
R32OAS-L-PAS,2082,WASH_MACH,1,0.1
R32OAS-L-PAS,2082,WASH_MACH,2,0
R32OAS-L-PAS,2083,WASH_MACH,1,0.1
R32OAS-L-PAS,2083,WASH_MACH,2,0
R32OAS-L-PAS,2084,WASH_MACH,1,0.1
R32OAS-L-PAS,2084,WASH_MACH,2,0
R32OAS-L-PAS,2085,WASH_MACH,1,0.1
R32OAS-L-PAS,2085,WASH_MACH,2,0
R32OAS-L-PAS,2086,WASH_MACH,1,0.1
R32OAS-L-PAS,2086,WASH_MACH,2,0
R32OAS-L-PAS,2087,WASH_MACH,1,0.1
R32OAS-L-PAS,2087,WASH_MACH,2,0
R32OAS-L-PAS,2088,WASH_MACH,1,0.1
R32OAS-L-PAS,2088,WASH_MACH,2,0
R32OAS-L-PAS,2089,WASH_MACH,1,0.1
R32OAS-L-PAS,2089,WASH_MACH,2,0
R32OAS-L-PAS,2090,WASH_MACH,1,0.1
R32OAS-L-PAS,2090,WASH_MACH,2,0
R32OAS-L-PAS,2091,WASH_MACH,1,0.1
R32OAS-L-PAS,2091,WASH_MACH,2,0
R32OAS-L-PAS,2092,WASH_MACH,1,0.1
R32OAS-L-PAS,2092,WASH_MACH,2,0
R32OAS-L-PAS,2093,WASH_MACH,1,0.1
R32OAS-L-PAS,2093,WASH_MACH,2,0
R32OAS-L-PAS,2094,WASH_MACH,1,0.1
R32OAS-L-PAS,2094,WASH_MACH,2,0
R32OAS-L-PAS,2095,WASH_MACH,1,0.1
R32OAS-L-PAS,2095,WASH_MACH,2,0
R32OAS-L-PAS,2096,WASH_MACH,1,0.1
R32OAS-L-PAS,2096,WASH_MACH,2,0
R32OAS-L-PAS,2097,WASH_MACH,1,0.1
R32OAS-L-PAS,2097,WASH_MACH,2,0
R32OAS-L-PAS,2098,WASH_MACH,1,0.1
R32OAS-L-PAS,2098,WASH_MACH,2,0
R32OAS-L-PAS,2099,WASH_MACH,1,0.1
R32OAS-L-PAS,2099,WASH_MACH,2,0
R32OAS-L-PAS,2100,WASH_MACH,1,0.1
R32OAS-L-PAS,2100,WASH_MACH,2,0
R32OAS-L-PAS,2000,WASH_MACH_COM,1,0.1
R32OAS-L-PAS,2000,WASH_MACH_COM,2,0
R32OAS-L-PAS,2001,WASH_MACH_COM,1,0.1
R32OAS-L-PAS,2001,WASH_MACH_COM,2,0
R32OAS-L-PAS,2002,WASH_MACH_COM,1,0.1
R32OAS-L-PAS,2002,WASH_MACH_COM,2,0
R32OAS-L-PAS,2003,WASH_MACH_COM,1,0.1
R32OAS-L-PAS,2003,WASH_MACH_COM,2,0
R32OAS-L-PAS,2004,WASH_MACH_COM,1,0.1
R32OAS-L-PAS,2004,WASH_MACH_COM,2,0
R32OAS-L-PAS,2005,WASH_MACH_COM,1,0.1
R32OAS-L-PAS,2005,WASH_MACH_COM,2,0
R32OAS-L-PAS,2006,WASH_MACH_COM,1,0.1
R32OAS-L-PAS,2006,WASH_MACH_COM,2,0
R32OAS-L-PAS,2007,WASH_MACH_COM,1,0.1
R32OAS-L-PAS,2007,WASH_MACH_COM,2,0
R32OAS-L-PAS,2008,WASH_MACH_COM,1,0.1
R32OAS-L-PAS,2008,WASH_MACH_COM,2,0
R32OAS-L-PAS,2009,WASH_MACH_COM,1,0.1
R32OAS-L-PAS,2009,WASH_MACH_COM,2,0
R32OAS-L-PAS,2010,WASH_MACH_COM,1,0.1
R32OAS-L-PAS,2010,WASH_MACH_COM,2,0
R32OAS-L-PAS,2011,WASH_MACH_COM,1,0.1
R32OAS-L-PAS,2011,WASH_MACH_COM,2,0
R32OAS-L-PAS,2012,WASH_MACH_COM,1,0.1
R32OAS-L-PAS,2012,WASH_MACH_COM,2,0
R32OAS-L-PAS,2013,WASH_MACH_COM,1,0.1
R32OAS-L-PAS,2013,WASH_MACH_COM,2,0
R32OAS-L-PAS,2014,WASH_MACH_COM,1,0.1
R32OAS-L-PAS,2014,WASH_MACH_COM,2,0
R32OAS-L-PAS,2015,WASH_MACH_COM,1,0.1
R32OAS-L-PAS,2015,WASH_MACH_COM,2,0
R32OAS-L-PAS,2016,WASH_MACH_COM,1,0.1
R32OAS-L-PAS,2016,WASH_MACH_COM,2,0
R32OAS-L-PAS,2017,WASH_MACH_COM,1,0.1
R32OAS-L-PAS,2017,WASH_MACH_COM,2,0
R32OAS-L-PAS,2018,WASH_MACH_COM,1,0.1
R32OAS-L-PAS,2018,WASH_MACH_COM,2,0
R32OAS-L-PAS,2019,WASH_MACH_COM,1,0.1
R32OAS-L-PAS,2019,WASH_MACH_COM,2,0
R32OAS-L-PAS,2020,WASH_MACH_COM,1,0.1
R32OAS-L-PAS,2020,WASH_MACH_COM,2,0
R32OAS-L-PAS,2021,WASH_MACH_COM,1,0.1
R32OAS-L-PAS,2021,WASH_MACH_COM,2,0
R32OAS-L-PAS,2022,WASH_MACH_COM,1,0.1
R32OAS-L-PAS,2022,WASH_MACH_COM,2,0
R32OAS-L-PAS,2023,WASH_MACH_COM,1,0.1
R32OAS-L-PAS,2023,WASH_MACH_COM,2,0
R32OAS-L-PAS,2024,WASH_MACH_COM,1,0.1
R32OAS-L-PAS,2024,WASH_MACH_COM,2,0
R32OAS-L-PAS,2025,WASH_MACH_COM,1,0.1
R32OAS-L-PAS,2025,WASH_MACH_COM,2,0
R32OAS-L-PAS,2026,WASH_MACH_COM,1,0.1
R32OAS-L-PAS,2026,WASH_MACH_COM,2,0
R32OAS-L-PAS,2027,WASH_MACH_COM,1,0.1
R32OAS-L-PAS,2027,WASH_MACH_COM,2,0
R32OAS-L-PAS,2028,WASH_MACH_COM,1,0.1
R32OAS-L-PAS,2028,WASH_MACH_COM,2,0
R32OAS-L-PAS,2029,WASH_MACH_COM,1,0.1
R32OAS-L-PAS,2029,WASH_MACH_COM,2,0
R32OAS-L-PAS,2030,WASH_MACH_COM,1,0.1
R32OAS-L-PAS,2030,WASH_MACH_COM,2,0
R32OAS-L-PAS,2031,WASH_MACH_COM,1,0.1
R32OAS-L-PAS,2031,WASH_MACH_COM,2,0
R32OAS-L-PAS,2032,WASH_MACH_COM,1,0.1
R32OAS-L-PAS,2032,WASH_MACH_COM,2,0
R32OAS-L-PAS,2033,WASH_MACH_COM,1,0.1
R32OAS-L-PAS,2033,WASH_MACH_COM,2,0
R32OAS-L-PAS,2034,WASH_MACH_COM,1,0.1
R32OAS-L-PAS,2034,WASH_MACH_COM,2,0
R32OAS-L-PAS,2035,WASH_MACH_COM,1,0.1
R32OAS-L-PAS,2035,WASH_MACH_COM,2,0
R32OAS-L-PAS,2036,WASH_MACH_COM,1,0.1
R32OAS-L-PAS,2036,WASH_MACH_COM,2,0
R32OAS-L-PAS,2037,WASH_MACH_COM,1,0.1
R32OAS-L-PAS,2037,WASH_MACH_COM,2,0
R32OAS-L-PAS,2038,WASH_MACH_COM,1,0.1
R32OAS-L-PAS,2038,WASH_MACH_COM,2,0
R32OAS-L-PAS,2039,WASH_MACH_COM,1,0.1
R32OAS-L-PAS,2039,WASH_MACH_COM,2,0
R32OAS-L-PAS,2040,WASH_MACH_COM,1,0.1
R32OAS-L-PAS,2040,WASH_MACH_COM,2,0
R32OAS-L-PAS,2041,WASH_MACH_COM,1,0.1
R32OAS-L-PAS,2041,WASH_MACH_COM,2,0
R32OAS-L-PAS,2042,WASH_MACH_COM,1,0.1
R32OAS-L-PAS,2042,WASH_MACH_COM,2,0
R32OAS-L-PAS,2043,WASH_MACH_COM,1,0.1
R32OAS-L-PAS,2043,WASH_MACH_COM,2,0
R32OAS-L-PAS,2044,WASH_MACH_COM,1,0.1
R32OAS-L-PAS,2044,WASH_MACH_COM,2,0
R32OAS-L-PAS,2045,WASH_MACH_COM,1,0.1
R32OAS-L-PAS,2045,WASH_MACH_COM,2,0
R32OAS-L-PAS,2046,WASH_MACH_COM,1,0.1
R32OAS-L-PAS,2046,WASH_MACH_COM,2,0
R32OAS-L-PAS,2047,WASH_MACH_COM,1,0.1
R32OAS-L-PAS,2047,WASH_MACH_COM,2,0
R32OAS-L-PAS,2048,WASH_MACH_COM,1,0.1
R32OAS-L-PAS,2048,WASH_MACH_COM,2,0
R32OAS-L-PAS,2049,WASH_MACH_COM,1,0.1
R32OAS-L-PAS,2049,WASH_MACH_COM,2,0
R32OAS-L-PAS,2050,WASH_MACH_COM,1,0.1
R32OAS-L-PAS,2050,WASH_MACH_COM,2,0
R32OAS-L-PAS,2051,WASH_MACH_COM,1,0.1
R32OAS-L-PAS,2051,WASH_MACH_COM,2,0
R32OAS-L-PAS,2052,WASH_MACH_COM,1,0.1
R32OAS-L-PAS,2052,WASH_MACH_COM,2,0
R32OAS-L-PAS,2053,WASH_MACH_COM,1,0.1
R32OAS-L-PAS,2053,WASH_MACH_COM,2,0
R32OAS-L-PAS,2054,WASH_MACH_COM,1,0.1
R32OAS-L-PAS,2054,WASH_MACH_COM,2,0
R32OAS-L-PAS,2055,WASH_MACH_COM,1,0.1
R32OAS-L-PAS,2055,WASH_MACH_COM,2,0
R32OAS-L-PAS,2056,WASH_MACH_COM,1,0.1
R32OAS-L-PAS,2056,WASH_MACH_COM,2,0
R32OAS-L-PAS,2057,WASH_MACH_COM,1,0.1
R32OAS-L-PAS,2057,WASH_MACH_COM,2,0
R32OAS-L-PAS,2058,WASH_MACH_COM,1,0.1
R32OAS-L-PAS,2058,WASH_MACH_COM,2,0
R32OAS-L-PAS,2059,WASH_MACH_COM,1,0.1
R32OAS-L-PAS,2059,WASH_MACH_COM,2,0
R32OAS-L-PAS,2060,WASH_MACH_COM,1,0.1
R32OAS-L-PAS,2060,WASH_MACH_COM,2,0
R32OAS-L-PAS,2061,WASH_MACH_COM,1,0.1
R32OAS-L-PAS,2061,WASH_MACH_COM,2,0
R32OAS-L-PAS,2062,WASH_MACH_COM,1,0.1
R32OAS-L-PAS,2062,WASH_MACH_COM,2,0
R32OAS-L-PAS,2063,WASH_MACH_COM,1,0.1
R32OAS-L-PAS,2063,WASH_MACH_COM,2,0
R32OAS-L-PAS,2064,WASH_MACH_COM,1,0.1
R32OAS-L-PAS,2064,WASH_MACH_COM,2,0
R32OAS-L-PAS,2065,WASH_MACH_COM,1,0.1
R32OAS-L-PAS,2065,WASH_MACH_COM,2,0
R32OAS-L-PAS,2066,WASH_MACH_COM,1,0.1
R32OAS-L-PAS,2066,WASH_MACH_COM,2,0
R32OAS-L-PAS,2067,WASH_MACH_COM,1,0.1
R32OAS-L-PAS,2067,WASH_MACH_COM,2,0
R32OAS-L-PAS,2068,WASH_MACH_COM,1,0.1
R32OAS-L-PAS,2068,WASH_MACH_COM,2,0
R32OAS-L-PAS,2069,WASH_MACH_COM,1,0.1
R32OAS-L-PAS,2069,WASH_MACH_COM,2,0
R32OAS-L-PAS,2070,WASH_MACH_COM,1,0.1
R32OAS-L-PAS,2070,WASH_MACH_COM,2,0
R32OAS-L-PAS,2071,WASH_MACH_COM,1,0.1
R32OAS-L-PAS,2071,WASH_MACH_COM,2,0
R32OAS-L-PAS,2072,WASH_MACH_COM,1,0.1
R32OAS-L-PAS,2072,WASH_MACH_COM,2,0
R32OAS-L-PAS,2073,WASH_MACH_COM,1,0.1
R32OAS-L-PAS,2073,WASH_MACH_COM,2,0
R32OAS-L-PAS,2074,WASH_MACH_COM,1,0.1
R32OAS-L-PAS,2074,WASH_MACH_COM,2,0
R32OAS-L-PAS,2075,WASH_MACH_COM,1,0.1
R32OAS-L-PAS,2075,WASH_MACH_COM,2,0
R32OAS-L-PAS,2076,WASH_MACH_COM,1,0.1
R32OAS-L-PAS,2076,WASH_MACH_COM,2,0
R32OAS-L-PAS,2077,WASH_MACH_COM,1,0.1
R32OAS-L-PAS,2077,WASH_MACH_COM,2,0
R32OAS-L-PAS,2078,WASH_MACH_COM,1,0.1
R32OAS-L-PAS,2078,WASH_MACH_COM,2,0
R32OAS-L-PAS,2079,WASH_MACH_COM,1,0.1
R32OAS-L-PAS,2079,WASH_MACH_COM,2,0
R32OAS-L-PAS,2080,WASH_MACH_COM,1,0.1
R32OAS-L-PAS,2080,WASH_MACH_COM,2,0
R32OAS-L-PAS,2081,WASH_MACH_COM,1,0.1
R32OAS-L-PAS,2081,WASH_MACH_COM,2,0
R32OAS-L-PAS,2082,WASH_MACH_COM,1,0.1
R32OAS-L-PAS,2082,WASH_MACH_COM,2,0
R32OAS-L-PAS,2083,WASH_MACH_COM,1,0.1
R32OAS-L-PAS,2083,WASH_MACH_COM,2,0
R32OAS-L-PAS,2084,WASH_MACH_COM,1,0.1
R32OAS-L-PAS,2084,WASH_MACH_COM,2,0
R32OAS-L-PAS,2085,WASH_MACH_COM,1,0.1
R32OAS-L-PAS,2085,WASH_MACH_COM,2,0
R32OAS-L-PAS,2086,WASH_MACH_COM,1,0.1
R32OAS-L-PAS,2086,WASH_MACH_COM,2,0
R32OAS-L-PAS,2087,WASH_MACH_COM,1,0.1
R32OAS-L-PAS,2087,WASH_MACH_COM,2,0
R32OAS-L-PAS,2088,WASH_MACH_COM,1,0.1
R32OAS-L-PAS,2088,WASH_MACH_COM,2,0
R32OAS-L-PAS,2089,WASH_MACH_COM,1,0.1
R32OAS-L-PAS,2089,WASH_MACH_COM,2,0
R32OAS-L-PAS,2090,WASH_MACH_COM,1,0.1
R32OAS-L-PAS,2090,WASH_MACH_COM,2,0
R32OAS-L-PAS,2091,WASH_MACH_COM,1,0.1
R32OAS-L-PAS,2091,WASH_MACH_COM,2,0
R32OAS-L-PAS,2092,WASH_MACH_COM,1,0.1
R32OAS-L-PAS,2092,WASH_MACH_COM,2,0
R32OAS-L-PAS,2093,WASH_MACH_COM,1,0.1
R32OAS-L-PAS,2093,WASH_MACH_COM,2,0
R32OAS-L-PAS,2094,WASH_MACH_COM,1,0.1
R32OAS-L-PAS,2094,WASH_MACH_COM,2,0
R32OAS-L-PAS,2095,WASH_MACH_COM,1,0.1
R32OAS-L-PAS,2095,WASH_MACH_COM,2,0
R32OAS-L-PAS,2096,WASH_MACH_COM,1,0.1
R32OAS-L-PAS,2096,WASH_MACH_COM,2,0
R32OAS-L-PAS,2097,WASH_MACH_COM,1,0.1
R32OAS-L-PAS,2097,WASH_MACH_COM,2,0
R32OAS-L-PAS,2098,WASH_MACH_COM,1,0.1
R32OAS-L-PAS,2098,WASH_MACH_COM,2,0
R32OAS-L-PAS,2099,WASH_MACH_COM,1,0.1
R32OAS-L-PAS,2099,WASH_MACH_COM,2,0
R32OAS-L-PAS,2100,WASH_MACH_COM,1,0.1
R32OAS-L-PAS,2100,WASH_MACH_COM,2,0
R32OAS-L-SAS,2000,WASH_MACH,1,0.1
R32OAS-L-SAS,2000,WASH_MACH,2,0
R32OAS-L-SAS,2001,WASH_MACH,1,0.1
R32OAS-L-SAS,2001,WASH_MACH,2,0
R32OAS-L-SAS,2002,WASH_MACH,1,0.1
R32OAS-L-SAS,2002,WASH_MACH,2,0
R32OAS-L-SAS,2003,WASH_MACH,1,0.1
R32OAS-L-SAS,2003,WASH_MACH,2,0
R32OAS-L-SAS,2004,WASH_MACH,1,0.1
R32OAS-L-SAS,2004,WASH_MACH,2,0
R32OAS-L-SAS,2005,WASH_MACH,1,0.1
R32OAS-L-SAS,2005,WASH_MACH,2,0
R32OAS-L-SAS,2006,WASH_MACH,1,0.1
R32OAS-L-SAS,2006,WASH_MACH,2,0
R32OAS-L-SAS,2007,WASH_MACH,1,0.1
R32OAS-L-SAS,2007,WASH_MACH,2,0
R32OAS-L-SAS,2008,WASH_MACH,1,0.1
R32OAS-L-SAS,2008,WASH_MACH,2,0
R32OAS-L-SAS,2009,WASH_MACH,1,0.1
R32OAS-L-SAS,2009,WASH_MACH,2,0
R32OAS-L-SAS,2010,WASH_MACH,1,0.1
R32OAS-L-SAS,2010,WASH_MACH,2,0
R32OAS-L-SAS,2011,WASH_MACH,1,0.1
R32OAS-L-SAS,2011,WASH_MACH,2,0
R32OAS-L-SAS,2012,WASH_MACH,1,0.1
R32OAS-L-SAS,2012,WASH_MACH,2,0
R32OAS-L-SAS,2013,WASH_MACH,1,0.1
R32OAS-L-SAS,2013,WASH_MACH,2,0
R32OAS-L-SAS,2014,WASH_MACH,1,0.1
R32OAS-L-SAS,2014,WASH_MACH,2,0
R32OAS-L-SAS,2015,WASH_MACH,1,0.1
R32OAS-L-SAS,2015,WASH_MACH,2,0
R32OAS-L-SAS,2016,WASH_MACH,1,0.1
R32OAS-L-SAS,2016,WASH_MACH,2,0
R32OAS-L-SAS,2017,WASH_MACH,1,0.1
R32OAS-L-SAS,2017,WASH_MACH,2,0
R32OAS-L-SAS,2018,WASH_MACH,1,0.1
R32OAS-L-SAS,2018,WASH_MACH,2,0
R32OAS-L-SAS,2019,WASH_MACH,1,0.1
R32OAS-L-SAS,2019,WASH_MACH,2,0
R32OAS-L-SAS,2020,WASH_MACH,1,0.1
R32OAS-L-SAS,2020,WASH_MACH,2,0
R32OAS-L-SAS,2021,WASH_MACH,1,0.1
R32OAS-L-SAS,2021,WASH_MACH,2,0
R32OAS-L-SAS,2022,WASH_MACH,1,0.1
R32OAS-L-SAS,2022,WASH_MACH,2,0
R32OAS-L-SAS,2023,WASH_MACH,1,0.1
R32OAS-L-SAS,2023,WASH_MACH,2,0
R32OAS-L-SAS,2024,WASH_MACH,1,0.1
R32OAS-L-SAS,2024,WASH_MACH,2,0
R32OAS-L-SAS,2025,WASH_MACH,1,0.1
R32OAS-L-SAS,2025,WASH_MACH,2,0
R32OAS-L-SAS,2026,WASH_MACH,1,0.1
R32OAS-L-SAS,2026,WASH_MACH,2,0
R32OAS-L-SAS,2027,WASH_MACH,1,0.1
R32OAS-L-SAS,2027,WASH_MACH,2,0
R32OAS-L-SAS,2028,WASH_MACH,1,0.1
R32OAS-L-SAS,2028,WASH_MACH,2,0
R32OAS-L-SAS,2029,WASH_MACH,1,0.1
R32OAS-L-SAS,2029,WASH_MACH,2,0
R32OAS-L-SAS,2030,WASH_MACH,1,0.1
R32OAS-L-SAS,2030,WASH_MACH,2,0
R32OAS-L-SAS,2031,WASH_MACH,1,0.1
R32OAS-L-SAS,2031,WASH_MACH,2,0
R32OAS-L-SAS,2032,WASH_MACH,1,0.1
R32OAS-L-SAS,2032,WASH_MACH,2,0
R32OAS-L-SAS,2033,WASH_MACH,1,0.1
R32OAS-L-SAS,2033,WASH_MACH,2,0
R32OAS-L-SAS,2034,WASH_MACH,1,0.1
R32OAS-L-SAS,2034,WASH_MACH,2,0
R32OAS-L-SAS,2035,WASH_MACH,1,0.1
R32OAS-L-SAS,2035,WASH_MACH,2,0
R32OAS-L-SAS,2036,WASH_MACH,1,0.1
R32OAS-L-SAS,2036,WASH_MACH,2,0
R32OAS-L-SAS,2037,WASH_MACH,1,0.1
R32OAS-L-SAS,2037,WASH_MACH,2,0
R32OAS-L-SAS,2038,WASH_MACH,1,0.1
R32OAS-L-SAS,2038,WASH_MACH,2,0
R32OAS-L-SAS,2039,WASH_MACH,1,0.1
R32OAS-L-SAS,2039,WASH_MACH,2,0
R32OAS-L-SAS,2040,WASH_MACH,1,0.1
R32OAS-L-SAS,2040,WASH_MACH,2,0
R32OAS-L-SAS,2041,WASH_MACH,1,0.1
R32OAS-L-SAS,2041,WASH_MACH,2,0
R32OAS-L-SAS,2042,WASH_MACH,1,0.1
R32OAS-L-SAS,2042,WASH_MACH,2,0
R32OAS-L-SAS,2043,WASH_MACH,1,0.1
R32OAS-L-SAS,2043,WASH_MACH,2,0
R32OAS-L-SAS,2044,WASH_MACH,1,0.1
R32OAS-L-SAS,2044,WASH_MACH,2,0
R32OAS-L-SAS,2045,WASH_MACH,1,0.1
R32OAS-L-SAS,2045,WASH_MACH,2,0
R32OAS-L-SAS,2046,WASH_MACH,1,0.1
R32OAS-L-SAS,2046,WASH_MACH,2,0
R32OAS-L-SAS,2047,WASH_MACH,1,0.1
R32OAS-L-SAS,2047,WASH_MACH,2,0
R32OAS-L-SAS,2048,WASH_MACH,1,0.1
R32OAS-L-SAS,2048,WASH_MACH,2,0
R32OAS-L-SAS,2049,WASH_MACH,1,0.1
R32OAS-L-SAS,2049,WASH_MACH,2,0
R32OAS-L-SAS,2050,WASH_MACH,1,0.1
R32OAS-L-SAS,2050,WASH_MACH,2,0
R32OAS-L-SAS,2051,WASH_MACH,1,0.1
R32OAS-L-SAS,2051,WASH_MACH,2,0
R32OAS-L-SAS,2052,WASH_MACH,1,0.1
R32OAS-L-SAS,2052,WASH_MACH,2,0
R32OAS-L-SAS,2053,WASH_MACH,1,0.1
R32OAS-L-SAS,2053,WASH_MACH,2,0
R32OAS-L-SAS,2054,WASH_MACH,1,0.1
R32OAS-L-SAS,2054,WASH_MACH,2,0
R32OAS-L-SAS,2055,WASH_MACH,1,0.1
R32OAS-L-SAS,2055,WASH_MACH,2,0
R32OAS-L-SAS,2056,WASH_MACH,1,0.1
R32OAS-L-SAS,2056,WASH_MACH,2,0
R32OAS-L-SAS,2057,WASH_MACH,1,0.1
R32OAS-L-SAS,2057,WASH_MACH,2,0
R32OAS-L-SAS,2058,WASH_MACH,1,0.1
R32OAS-L-SAS,2058,WASH_MACH,2,0
R32OAS-L-SAS,2059,WASH_MACH,1,0.1
R32OAS-L-SAS,2059,WASH_MACH,2,0
R32OAS-L-SAS,2060,WASH_MACH,1,0.1
R32OAS-L-SAS,2060,WASH_MACH,2,0
R32OAS-L-SAS,2061,WASH_MACH,1,0.1
R32OAS-L-SAS,2061,WASH_MACH,2,0
R32OAS-L-SAS,2062,WASH_MACH,1,0.1
R32OAS-L-SAS,2062,WASH_MACH,2,0
R32OAS-L-SAS,2063,WASH_MACH,1,0.1
R32OAS-L-SAS,2063,WASH_MACH,2,0
R32OAS-L-SAS,2064,WASH_MACH,1,0.1
R32OAS-L-SAS,2064,WASH_MACH,2,0
R32OAS-L-SAS,2065,WASH_MACH,1,0.1
R32OAS-L-SAS,2065,WASH_MACH,2,0
R32OAS-L-SAS,2066,WASH_MACH,1,0.1
R32OAS-L-SAS,2066,WASH_MACH,2,0
R32OAS-L-SAS,2067,WASH_MACH,1,0.1
R32OAS-L-SAS,2067,WASH_MACH,2,0
R32OAS-L-SAS,2068,WASH_MACH,1,0.1
R32OAS-L-SAS,2068,WASH_MACH,2,0
R32OAS-L-SAS,2069,WASH_MACH,1,0.1
R32OAS-L-SAS,2069,WASH_MACH,2,0
R32OAS-L-SAS,2070,WASH_MACH,1,0.1
R32OAS-L-SAS,2070,WASH_MACH,2,0
R32OAS-L-SAS,2071,WASH_MACH,1,0.1
R32OAS-L-SAS,2071,WASH_MACH,2,0
R32OAS-L-SAS,2072,WASH_MACH,1,0.1
R32OAS-L-SAS,2072,WASH_MACH,2,0
R32OAS-L-SAS,2073,WASH_MACH,1,0.1
R32OAS-L-SAS,2073,WASH_MACH,2,0
R32OAS-L-SAS,2074,WASH_MACH,1,0.1
R32OAS-L-SAS,2074,WASH_MACH,2,0
R32OAS-L-SAS,2075,WASH_MACH,1,0.1
R32OAS-L-SAS,2075,WASH_MACH,2,0
R32OAS-L-SAS,2076,WASH_MACH,1,0.1
R32OAS-L-SAS,2076,WASH_MACH,2,0
R32OAS-L-SAS,2077,WASH_MACH,1,0.1
R32OAS-L-SAS,2077,WASH_MACH,2,0
R32OAS-L-SAS,2078,WASH_MACH,1,0.1
R32OAS-L-SAS,2078,WASH_MACH,2,0
R32OAS-L-SAS,2079,WASH_MACH,1,0.1
R32OAS-L-SAS,2079,WASH_MACH,2,0
R32OAS-L-SAS,2080,WASH_MACH,1,0.1
R32OAS-L-SAS,2080,WASH_MACH,2,0
R32OAS-L-SAS,2081,WASH_MACH,1,0.1
R32OAS-L-SAS,2081,WASH_MACH,2,0
R32OAS-L-SAS,2082,WASH_MACH,1,0.1
R32OAS-L-SAS,2082,WASH_MACH,2,0
R32OAS-L-SAS,2083,WASH_MACH,1,0.1
R32OAS-L-SAS,2083,WASH_MACH,2,0
R32OAS-L-SAS,2084,WASH_MACH,1,0.1
R32OAS-L-SAS,2084,WASH_MACH,2,0
R32OAS-L-SAS,2085,WASH_MACH,1,0.1
R32OAS-L-SAS,2085,WASH_MACH,2,0
R32OAS-L-SAS,2086,WASH_MACH,1,0.1
R32OAS-L-SAS,2086,WASH_MACH,2,0
R32OAS-L-SAS,2087,WASH_MACH,1,0.1
R32OAS-L-SAS,2087,WASH_MACH,2,0
R32OAS-L-SAS,2088,WASH_MACH,1,0.1
R32OAS-L-SAS,2088,WASH_MACH,2,0
R32OAS-L-SAS,2089,WASH_MACH,1,0.1
R32OAS-L-SAS,2089,WASH_MACH,2,0
R32OAS-L-SAS,2090,WASH_MACH,1,0.1
R32OAS-L-SAS,2090,WASH_MACH,2,0
R32OAS-L-SAS,2091,WASH_MACH,1,0.1
R32OAS-L-SAS,2091,WASH_MACH,2,0
R32OAS-L-SAS,2092,WASH_MACH,1,0.1
R32OAS-L-SAS,2092,WASH_MACH,2,0
R32OAS-L-SAS,2093,WASH_MACH,1,0.1
R32OAS-L-SAS,2093,WASH_MACH,2,0
R32OAS-L-SAS,2094,WASH_MACH,1,0.1
R32OAS-L-SAS,2094,WASH_MACH,2,0
R32OAS-L-SAS,2095,WASH_MACH,1,0.1
R32OAS-L-SAS,2095,WASH_MACH,2,0
R32OAS-L-SAS,2096,WASH_MACH,1,0.1
R32OAS-L-SAS,2096,WASH_MACH,2,0
R32OAS-L-SAS,2097,WASH_MACH,1,0.1
R32OAS-L-SAS,2097,WASH_MACH,2,0
R32OAS-L-SAS,2098,WASH_MACH,1,0.1
R32OAS-L-SAS,2098,WASH_MACH,2,0
R32OAS-L-SAS,2099,WASH_MACH,1,0.1
R32OAS-L-SAS,2099,WASH_MACH,2,0
R32OAS-L-SAS,2100,WASH_MACH,1,0.1
R32OAS-L-SAS,2100,WASH_MACH,2,0
R32OAS-L-SAS,2000,WASH_MACH_COM,1,0.1
R32OAS-L-SAS,2000,WASH_MACH_COM,2,0
R32OAS-L-SAS,2001,WASH_MACH_COM,1,0.1
R32OAS-L-SAS,2001,WASH_MACH_COM,2,0
R32OAS-L-SAS,2002,WASH_MACH_COM,1,0.1
R32OAS-L-SAS,2002,WASH_MACH_COM,2,0
R32OAS-L-SAS,2003,WASH_MACH_COM,1,0.1
R32OAS-L-SAS,2003,WASH_MACH_COM,2,0
R32OAS-L-SAS,2004,WASH_MACH_COM,1,0.1
R32OAS-L-SAS,2004,WASH_MACH_COM,2,0
R32OAS-L-SAS,2005,WASH_MACH_COM,1,0.1
R32OAS-L-SAS,2005,WASH_MACH_COM,2,0
R32OAS-L-SAS,2006,WASH_MACH_COM,1,0.1
R32OAS-L-SAS,2006,WASH_MACH_COM,2,0
R32OAS-L-SAS,2007,WASH_MACH_COM,1,0.1
R32OAS-L-SAS,2007,WASH_MACH_COM,2,0
R32OAS-L-SAS,2008,WASH_MACH_COM,1,0.1
R32OAS-L-SAS,2008,WASH_MACH_COM,2,0
R32OAS-L-SAS,2009,WASH_MACH_COM,1,0.1
R32OAS-L-SAS,2009,WASH_MACH_COM,2,0
R32OAS-L-SAS,2010,WASH_MACH_COM,1,0.1
R32OAS-L-SAS,2010,WASH_MACH_COM,2,0
R32OAS-L-SAS,2011,WASH_MACH_COM,1,0.1
R32OAS-L-SAS,2011,WASH_MACH_COM,2,0
R32OAS-L-SAS,2012,WASH_MACH_COM,1,0.1
R32OAS-L-SAS,2012,WASH_MACH_COM,2,0
R32OAS-L-SAS,2013,WASH_MACH_COM,1,0.1
R32OAS-L-SAS,2013,WASH_MACH_COM,2,0
R32OAS-L-SAS,2014,WASH_MACH_COM,1,0.1
R32OAS-L-SAS,2014,WASH_MACH_COM,2,0
R32OAS-L-SAS,2015,WASH_MACH_COM,1,0.1
R32OAS-L-SAS,2015,WASH_MACH_COM,2,0
R32OAS-L-SAS,2016,WASH_MACH_COM,1,0.1
R32OAS-L-SAS,2016,WASH_MACH_COM,2,0
R32OAS-L-SAS,2017,WASH_MACH_COM,1,0.1
R32OAS-L-SAS,2017,WASH_MACH_COM,2,0
R32OAS-L-SAS,2018,WASH_MACH_COM,1,0.1
R32OAS-L-SAS,2018,WASH_MACH_COM,2,0
R32OAS-L-SAS,2019,WASH_MACH_COM,1,0.1
R32OAS-L-SAS,2019,WASH_MACH_COM,2,0
R32OAS-L-SAS,2020,WASH_MACH_COM,1,0.1
R32OAS-L-SAS,2020,WASH_MACH_COM,2,0
R32OAS-L-SAS,2021,WASH_MACH_COM,1,0.1
R32OAS-L-SAS,2021,WASH_MACH_COM,2,0
R32OAS-L-SAS,2022,WASH_MACH_COM,1,0.1
R32OAS-L-SAS,2022,WASH_MACH_COM,2,0
R32OAS-L-SAS,2023,WASH_MACH_COM,1,0.1
R32OAS-L-SAS,2023,WASH_MACH_COM,2,0
R32OAS-L-SAS,2024,WASH_MACH_COM,1,0.1
R32OAS-L-SAS,2024,WASH_MACH_COM,2,0
R32OAS-L-SAS,2025,WASH_MACH_COM,1,0.1
R32OAS-L-SAS,2025,WASH_MACH_COM,2,0
R32OAS-L-SAS,2026,WASH_MACH_COM,1,0.1
R32OAS-L-SAS,2026,WASH_MACH_COM,2,0
R32OAS-L-SAS,2027,WASH_MACH_COM,1,0.1
R32OAS-L-SAS,2027,WASH_MACH_COM,2,0
R32OAS-L-SAS,2028,WASH_MACH_COM,1,0.1
R32OAS-L-SAS,2028,WASH_MACH_COM,2,0
R32OAS-L-SAS,2029,WASH_MACH_COM,1,0.1
R32OAS-L-SAS,2029,WASH_MACH_COM,2,0
R32OAS-L-SAS,2030,WASH_MACH_COM,1,0.1
R32OAS-L-SAS,2030,WASH_MACH_COM,2,0
R32OAS-L-SAS,2031,WASH_MACH_COM,1,0.1
R32OAS-L-SAS,2031,WASH_MACH_COM,2,0
R32OAS-L-SAS,2032,WASH_MACH_COM,1,0.1
R32OAS-L-SAS,2032,WASH_MACH_COM,2,0
R32OAS-L-SAS,2033,WASH_MACH_COM,1,0.1
R32OAS-L-SAS,2033,WASH_MACH_COM,2,0
R32OAS-L-SAS,2034,WASH_MACH_COM,1,0.1
R32OAS-L-SAS,2034,WASH_MACH_COM,2,0
R32OAS-L-SAS,2035,WASH_MACH_COM,1,0.1
R32OAS-L-SAS,2035,WASH_MACH_COM,2,0
R32OAS-L-SAS,2036,WASH_MACH_COM,1,0.1
R32OAS-L-SAS,2036,WASH_MACH_COM,2,0
R32OAS-L-SAS,2037,WASH_MACH_COM,1,0.1
R32OAS-L-SAS,2037,WASH_MACH_COM,2,0
R32OAS-L-SAS,2038,WASH_MACH_COM,1,0.1
R32OAS-L-SAS,2038,WASH_MACH_COM,2,0
R32OAS-L-SAS,2039,WASH_MACH_COM,1,0.1
R32OAS-L-SAS,2039,WASH_MACH_COM,2,0
R32OAS-L-SAS,2040,WASH_MACH_COM,1,0.1
R32OAS-L-SAS,2040,WASH_MACH_COM,2,0
R32OAS-L-SAS,2041,WASH_MACH_COM,1,0.1
R32OAS-L-SAS,2041,WASH_MACH_COM,2,0
R32OAS-L-SAS,2042,WASH_MACH_COM,1,0.1
R32OAS-L-SAS,2042,WASH_MACH_COM,2,0
R32OAS-L-SAS,2043,WASH_MACH_COM,1,0.1
R32OAS-L-SAS,2043,WASH_MACH_COM,2,0
R32OAS-L-SAS,2044,WASH_MACH_COM,1,0.1
R32OAS-L-SAS,2044,WASH_MACH_COM,2,0
R32OAS-L-SAS,2045,WASH_MACH_COM,1,0.1
R32OAS-L-SAS,2045,WASH_MACH_COM,2,0
R32OAS-L-SAS,2046,WASH_MACH_COM,1,0.1
R32OAS-L-SAS,2046,WASH_MACH_COM,2,0
R32OAS-L-SAS,2047,WASH_MACH_COM,1,0.1
R32OAS-L-SAS,2047,WASH_MACH_COM,2,0
R32OAS-L-SAS,2048,WASH_MACH_COM,1,0.1
R32OAS-L-SAS,2048,WASH_MACH_COM,2,0
R32OAS-L-SAS,2049,WASH_MACH_COM,1,0.1
R32OAS-L-SAS,2049,WASH_MACH_COM,2,0
R32OAS-L-SAS,2050,WASH_MACH_COM,1,0.1
R32OAS-L-SAS,2050,WASH_MACH_COM,2,0
R32OAS-L-SAS,2051,WASH_MACH_COM,1,0.1
R32OAS-L-SAS,2051,WASH_MACH_COM,2,0
R32OAS-L-SAS,2052,WASH_MACH_COM,1,0.1
R32OAS-L-SAS,2052,WASH_MACH_COM,2,0
R32OAS-L-SAS,2053,WASH_MACH_COM,1,0.1
R32OAS-L-SAS,2053,WASH_MACH_COM,2,0
R32OAS-L-SAS,2054,WASH_MACH_COM,1,0.1
R32OAS-L-SAS,2054,WASH_MACH_COM,2,0
R32OAS-L-SAS,2055,WASH_MACH_COM,1,0.1
R32OAS-L-SAS,2055,WASH_MACH_COM,2,0
R32OAS-L-SAS,2056,WASH_MACH_COM,1,0.1
R32OAS-L-SAS,2056,WASH_MACH_COM,2,0
R32OAS-L-SAS,2057,WASH_MACH_COM,1,0.1
R32OAS-L-SAS,2057,WASH_MACH_COM,2,0
R32OAS-L-SAS,2058,WASH_MACH_COM,1,0.1
R32OAS-L-SAS,2058,WASH_MACH_COM,2,0
R32OAS-L-SAS,2059,WASH_MACH_COM,1,0.1
R32OAS-L-SAS,2059,WASH_MACH_COM,2,0
R32OAS-L-SAS,2060,WASH_MACH_COM,1,0.1
R32OAS-L-SAS,2060,WASH_MACH_COM,2,0
R32OAS-L-SAS,2061,WASH_MACH_COM,1,0.1
R32OAS-L-SAS,2061,WASH_MACH_COM,2,0
R32OAS-L-SAS,2062,WASH_MACH_COM,1,0.1
R32OAS-L-SAS,2062,WASH_MACH_COM,2,0
R32OAS-L-SAS,2063,WASH_MACH_COM,1,0.1
R32OAS-L-SAS,2063,WASH_MACH_COM,2,0
R32OAS-L-SAS,2064,WASH_MACH_COM,1,0.1
R32OAS-L-SAS,2064,WASH_MACH_COM,2,0
R32OAS-L-SAS,2065,WASH_MACH_COM,1,0.1
R32OAS-L-SAS,2065,WASH_MACH_COM,2,0
R32OAS-L-SAS,2066,WASH_MACH_COM,1,0.1
R32OAS-L-SAS,2066,WASH_MACH_COM,2,0
R32OAS-L-SAS,2067,WASH_MACH_COM,1,0.1
R32OAS-L-SAS,2067,WASH_MACH_COM,2,0
R32OAS-L-SAS,2068,WASH_MACH_COM,1,0.1
R32OAS-L-SAS,2068,WASH_MACH_COM,2,0
R32OAS-L-SAS,2069,WASH_MACH_COM,1,0.1
R32OAS-L-SAS,2069,WASH_MACH_COM,2,0
R32OAS-L-SAS,2070,WASH_MACH_COM,1,0.1
R32OAS-L-SAS,2070,WASH_MACH_COM,2,0
R32OAS-L-SAS,2071,WASH_MACH_COM,1,0.1
R32OAS-L-SAS,2071,WASH_MACH_COM,2,0
R32OAS-L-SAS,2072,WASH_MACH_COM,1,0.1
R32OAS-L-SAS,2072,WASH_MACH_COM,2,0
R32OAS-L-SAS,2073,WASH_MACH_COM,1,0.1
R32OAS-L-SAS,2073,WASH_MACH_COM,2,0
R32OAS-L-SAS,2074,WASH_MACH_COM,1,0.1
R32OAS-L-SAS,2074,WASH_MACH_COM,2,0
R32OAS-L-SAS,2075,WASH_MACH_COM,1,0.1
R32OAS-L-SAS,2075,WASH_MACH_COM,2,0
R32OAS-L-SAS,2076,WASH_MACH_COM,1,0.1
R32OAS-L-SAS,2076,WASH_MACH_COM,2,0
R32OAS-L-SAS,2077,WASH_MACH_COM,1,0.1
R32OAS-L-SAS,2077,WASH_MACH_COM,2,0
R32OAS-L-SAS,2078,WASH_MACH_COM,1,0.1
R32OAS-L-SAS,2078,WASH_MACH_COM,2,0
R32OAS-L-SAS,2079,WASH_MACH_COM,1,0.1
R32OAS-L-SAS,2079,WASH_MACH_COM,2,0
R32OAS-L-SAS,2080,WASH_MACH_COM,1,0.1
R32OAS-L-SAS,2080,WASH_MACH_COM,2,0
R32OAS-L-SAS,2081,WASH_MACH_COM,1,0.1
R32OAS-L-SAS,2081,WASH_MACH_COM,2,0
R32OAS-L-SAS,2082,WASH_MACH_COM,1,0.1
R32OAS-L-SAS,2082,WASH_MACH_COM,2,0
R32OAS-L-SAS,2083,WASH_MACH_COM,1,0.1
R32OAS-L-SAS,2083,WASH_MACH_COM,2,0
R32OAS-L-SAS,2084,WASH_MACH_COM,1,0.1
R32OAS-L-SAS,2084,WASH_MACH_COM,2,0
R32OAS-L-SAS,2085,WASH_MACH_COM,1,0.1
R32OAS-L-SAS,2085,WASH_MACH_COM,2,0
R32OAS-L-SAS,2086,WASH_MACH_COM,1,0.1
R32OAS-L-SAS,2086,WASH_MACH_COM,2,0
R32OAS-L-SAS,2087,WASH_MACH_COM,1,0.1
R32OAS-L-SAS,2087,WASH_MACH_COM,2,0
R32OAS-L-SAS,2088,WASH_MACH_COM,1,0.1
R32OAS-L-SAS,2088,WASH_MACH_COM,2,0
R32OAS-L-SAS,2089,WASH_MACH_COM,1,0.1
R32OAS-L-SAS,2089,WASH_MACH_COM,2,0
R32OAS-L-SAS,2090,WASH_MACH_COM,1,0.1
R32OAS-L-SAS,2090,WASH_MACH_COM,2,0
R32OAS-L-SAS,2091,WASH_MACH_COM,1,0.1
R32OAS-L-SAS,2091,WASH_MACH_COM,2,0
R32OAS-L-SAS,2092,WASH_MACH_COM,1,0.1
R32OAS-L-SAS,2092,WASH_MACH_COM,2,0
R32OAS-L-SAS,2093,WASH_MACH_COM,1,0.1
R32OAS-L-SAS,2093,WASH_MACH_COM,2,0
R32OAS-L-SAS,2094,WASH_MACH_COM,1,0.1
R32OAS-L-SAS,2094,WASH_MACH_COM,2,0
R32OAS-L-SAS,2095,WASH_MACH_COM,1,0.1
R32OAS-L-SAS,2095,WASH_MACH_COM,2,0
R32OAS-L-SAS,2096,WASH_MACH_COM,1,0.1
R32OAS-L-SAS,2096,WASH_MACH_COM,2,0
R32OAS-L-SAS,2097,WASH_MACH_COM,1,0.1
R32OAS-L-SAS,2097,WASH_MACH_COM,2,0
R32OAS-L-SAS,2098,WASH_MACH_COM,1,0.1
R32OAS-L-SAS,2098,WASH_MACH_COM,2,0
R32OAS-L-SAS,2099,WASH_MACH_COM,1,0.1
R32OAS-L-SAS,2099,WASH_MACH_COM,2,0
R32OAS-L-SAS,2100,WASH_MACH_COM,1,0.1
R32OAS-L-SAS,2100,WASH_MACH_COM,2,0
R32OAS-M-PAS,2000,WASH_MACH,1,0.1
R32OAS-M-PAS,2000,WASH_MACH,2,0
R32OAS-M-PAS,2001,WASH_MACH,1,0.1
R32OAS-M-PAS,2001,WASH_MACH,2,0
R32OAS-M-PAS,2002,WASH_MACH,1,0.1
R32OAS-M-PAS,2002,WASH_MACH,2,0
R32OAS-M-PAS,2003,WASH_MACH,1,0.1
R32OAS-M-PAS,2003,WASH_MACH,2,0
R32OAS-M-PAS,2004,WASH_MACH,1,0.1
R32OAS-M-PAS,2004,WASH_MACH,2,0
R32OAS-M-PAS,2005,WASH_MACH,1,0.1
R32OAS-M-PAS,2005,WASH_MACH,2,0
R32OAS-M-PAS,2006,WASH_MACH,1,0.1
R32OAS-M-PAS,2006,WASH_MACH,2,0
R32OAS-M-PAS,2007,WASH_MACH,1,0.1
R32OAS-M-PAS,2007,WASH_MACH,2,0
R32OAS-M-PAS,2008,WASH_MACH,1,0.1
R32OAS-M-PAS,2008,WASH_MACH,2,0
R32OAS-M-PAS,2009,WASH_MACH,1,0.1
R32OAS-M-PAS,2009,WASH_MACH,2,0
R32OAS-M-PAS,2010,WASH_MACH,1,0.1
R32OAS-M-PAS,2010,WASH_MACH,2,0
R32OAS-M-PAS,2011,WASH_MACH,1,0.1
R32OAS-M-PAS,2011,WASH_MACH,2,0
R32OAS-M-PAS,2012,WASH_MACH,1,0.1
R32OAS-M-PAS,2012,WASH_MACH,2,0
R32OAS-M-PAS,2013,WASH_MACH,1,0.1
R32OAS-M-PAS,2013,WASH_MACH,2,0
R32OAS-M-PAS,2014,WASH_MACH,1,0.1
R32OAS-M-PAS,2014,WASH_MACH,2,0
R32OAS-M-PAS,2015,WASH_MACH,1,0.1
R32OAS-M-PAS,2015,WASH_MACH,2,0
R32OAS-M-PAS,2016,WASH_MACH,1,0.1
R32OAS-M-PAS,2016,WASH_MACH,2,0
R32OAS-M-PAS,2017,WASH_MACH,1,0.1
R32OAS-M-PAS,2017,WASH_MACH,2,0
R32OAS-M-PAS,2018,WASH_MACH,1,0.1
R32OAS-M-PAS,2018,WASH_MACH,2,0
R32OAS-M-PAS,2019,WASH_MACH,1,0.1
R32OAS-M-PAS,2019,WASH_MACH,2,0
R32OAS-M-PAS,2020,WASH_MACH,1,0.1
R32OAS-M-PAS,2020,WASH_MACH,2,0
R32OAS-M-PAS,2021,WASH_MACH,1,0.1
R32OAS-M-PAS,2021,WASH_MACH,2,0
R32OAS-M-PAS,2022,WASH_MACH,1,0.1
R32OAS-M-PAS,2022,WASH_MACH,2,0
R32OAS-M-PAS,2023,WASH_MACH,1,0.1
R32OAS-M-PAS,2023,WASH_MACH,2,0
R32OAS-M-PAS,2024,WASH_MACH,1,0.1
R32OAS-M-PAS,2024,WASH_MACH,2,0
R32OAS-M-PAS,2025,WASH_MACH,1,0.1
R32OAS-M-PAS,2025,WASH_MACH,2,0
R32OAS-M-PAS,2026,WASH_MACH,1,0.1
R32OAS-M-PAS,2026,WASH_MACH,2,0
R32OAS-M-PAS,2027,WASH_MACH,1,0.1
R32OAS-M-PAS,2027,WASH_MACH,2,0
R32OAS-M-PAS,2028,WASH_MACH,1,0.1
R32OAS-M-PAS,2028,WASH_MACH,2,0
R32OAS-M-PAS,2029,WASH_MACH,1,0.1
R32OAS-M-PAS,2029,WASH_MACH,2,0
R32OAS-M-PAS,2030,WASH_MACH,1,0.1
R32OAS-M-PAS,2030,WASH_MACH,2,0
R32OAS-M-PAS,2031,WASH_MACH,1,0.1
R32OAS-M-PAS,2031,WASH_MACH,2,0
R32OAS-M-PAS,2032,WASH_MACH,1,0.1
R32OAS-M-PAS,2032,WASH_MACH,2,0
R32OAS-M-PAS,2033,WASH_MACH,1,0.1
R32OAS-M-PAS,2033,WASH_MACH,2,0
R32OAS-M-PAS,2034,WASH_MACH,1,0.1
R32OAS-M-PAS,2034,WASH_MACH,2,0
R32OAS-M-PAS,2035,WASH_MACH,1,0.1
R32OAS-M-PAS,2035,WASH_MACH,2,0
R32OAS-M-PAS,2036,WASH_MACH,1,0.1
R32OAS-M-PAS,2036,WASH_MACH,2,0
R32OAS-M-PAS,2037,WASH_MACH,1,0.1
R32OAS-M-PAS,2037,WASH_MACH,2,0
R32OAS-M-PAS,2038,WASH_MACH,1,0.1
R32OAS-M-PAS,2038,WASH_MACH,2,0
R32OAS-M-PAS,2039,WASH_MACH,1,0.1
R32OAS-M-PAS,2039,WASH_MACH,2,0
R32OAS-M-PAS,2040,WASH_MACH,1,0.1
R32OAS-M-PAS,2040,WASH_MACH,2,0
R32OAS-M-PAS,2041,WASH_MACH,1,0.1
R32OAS-M-PAS,2041,WASH_MACH,2,0
R32OAS-M-PAS,2042,WASH_MACH,1,0.1
R32OAS-M-PAS,2042,WASH_MACH,2,0
R32OAS-M-PAS,2043,WASH_MACH,1,0.1
R32OAS-M-PAS,2043,WASH_MACH,2,0
R32OAS-M-PAS,2044,WASH_MACH,1,0.1
R32OAS-M-PAS,2044,WASH_MACH,2,0
R32OAS-M-PAS,2045,WASH_MACH,1,0.1
R32OAS-M-PAS,2045,WASH_MACH,2,0
R32OAS-M-PAS,2046,WASH_MACH,1,0.1
R32OAS-M-PAS,2046,WASH_MACH,2,0
R32OAS-M-PAS,2047,WASH_MACH,1,0.1
R32OAS-M-PAS,2047,WASH_MACH,2,0
R32OAS-M-PAS,2048,WASH_MACH,1,0.1
R32OAS-M-PAS,2048,WASH_MACH,2,0
R32OAS-M-PAS,2049,WASH_MACH,1,0.1
R32OAS-M-PAS,2049,WASH_MACH,2,0
R32OAS-M-PAS,2050,WASH_MACH,1,0.1
R32OAS-M-PAS,2050,WASH_MACH,2,0
R32OAS-M-PAS,2051,WASH_MACH,1,0.1
R32OAS-M-PAS,2051,WASH_MACH,2,0
R32OAS-M-PAS,2052,WASH_MACH,1,0.1
R32OAS-M-PAS,2052,WASH_MACH,2,0
R32OAS-M-PAS,2053,WASH_MACH,1,0.1
R32OAS-M-PAS,2053,WASH_MACH,2,0
R32OAS-M-PAS,2054,WASH_MACH,1,0.1
R32OAS-M-PAS,2054,WASH_MACH,2,0
R32OAS-M-PAS,2055,WASH_MACH,1,0.1
R32OAS-M-PAS,2055,WASH_MACH,2,0
R32OAS-M-PAS,2056,WASH_MACH,1,0.1
R32OAS-M-PAS,2056,WASH_MACH,2,0
R32OAS-M-PAS,2057,WASH_MACH,1,0.1
R32OAS-M-PAS,2057,WASH_MACH,2,0
R32OAS-M-PAS,2058,WASH_MACH,1,0.1
R32OAS-M-PAS,2058,WASH_MACH,2,0
R32OAS-M-PAS,2059,WASH_MACH,1,0.1
R32OAS-M-PAS,2059,WASH_MACH,2,0
R32OAS-M-PAS,2060,WASH_MACH,1,0.1
R32OAS-M-PAS,2060,WASH_MACH,2,0
R32OAS-M-PAS,2061,WASH_MACH,1,0.1
R32OAS-M-PAS,2061,WASH_MACH,2,0
R32OAS-M-PAS,2062,WASH_MACH,1,0.1
R32OAS-M-PAS,2062,WASH_MACH,2,0
R32OAS-M-PAS,2063,WASH_MACH,1,0.1
R32OAS-M-PAS,2063,WASH_MACH,2,0
R32OAS-M-PAS,2064,WASH_MACH,1,0.1
R32OAS-M-PAS,2064,WASH_MACH,2,0
R32OAS-M-PAS,2065,WASH_MACH,1,0.1
R32OAS-M-PAS,2065,WASH_MACH,2,0
R32OAS-M-PAS,2066,WASH_MACH,1,0.1
R32OAS-M-PAS,2066,WASH_MACH,2,0
R32OAS-M-PAS,2067,WASH_MACH,1,0.1
R32OAS-M-PAS,2067,WASH_MACH,2,0
R32OAS-M-PAS,2068,WASH_MACH,1,0.1
R32OAS-M-PAS,2068,WASH_MACH,2,0
R32OAS-M-PAS,2069,WASH_MACH,1,0.1
R32OAS-M-PAS,2069,WASH_MACH,2,0
R32OAS-M-PAS,2070,WASH_MACH,1,0.1
R32OAS-M-PAS,2070,WASH_MACH,2,0
R32OAS-M-PAS,2071,WASH_MACH,1,0.1
R32OAS-M-PAS,2071,WASH_MACH,2,0
R32OAS-M-PAS,2072,WASH_MACH,1,0.1
R32OAS-M-PAS,2072,WASH_MACH,2,0
R32OAS-M-PAS,2073,WASH_MACH,1,0.1
R32OAS-M-PAS,2073,WASH_MACH,2,0
R32OAS-M-PAS,2074,WASH_MACH,1,0.1
R32OAS-M-PAS,2074,WASH_MACH,2,0
R32OAS-M-PAS,2075,WASH_MACH,1,0.1
R32OAS-M-PAS,2075,WASH_MACH,2,0
R32OAS-M-PAS,2076,WASH_MACH,1,0.1
R32OAS-M-PAS,2076,WASH_MACH,2,0
R32OAS-M-PAS,2077,WASH_MACH,1,0.1
R32OAS-M-PAS,2077,WASH_MACH,2,0
R32OAS-M-PAS,2078,WASH_MACH,1,0.1
R32OAS-M-PAS,2078,WASH_MACH,2,0
R32OAS-M-PAS,2079,WASH_MACH,1,0.1
R32OAS-M-PAS,2079,WASH_MACH,2,0
R32OAS-M-PAS,2080,WASH_MACH,1,0.1
R32OAS-M-PAS,2080,WASH_MACH,2,0
R32OAS-M-PAS,2081,WASH_MACH,1,0.1
R32OAS-M-PAS,2081,WASH_MACH,2,0
R32OAS-M-PAS,2082,WASH_MACH,1,0.1
R32OAS-M-PAS,2082,WASH_MACH,2,0
R32OAS-M-PAS,2083,WASH_MACH,1,0.1
R32OAS-M-PAS,2083,WASH_MACH,2,0
R32OAS-M-PAS,2084,WASH_MACH,1,0.1
R32OAS-M-PAS,2084,WASH_MACH,2,0
R32OAS-M-PAS,2085,WASH_MACH,1,0.1
R32OAS-M-PAS,2085,WASH_MACH,2,0
R32OAS-M-PAS,2086,WASH_MACH,1,0.1
R32OAS-M-PAS,2086,WASH_MACH,2,0
R32OAS-M-PAS,2087,WASH_MACH,1,0.1
R32OAS-M-PAS,2087,WASH_MACH,2,0
R32OAS-M-PAS,2088,WASH_MACH,1,0.1
R32OAS-M-PAS,2088,WASH_MACH,2,0
R32OAS-M-PAS,2089,WASH_MACH,1,0.1
R32OAS-M-PAS,2089,WASH_MACH,2,0
R32OAS-M-PAS,2090,WASH_MACH,1,0.1
R32OAS-M-PAS,2090,WASH_MACH,2,0
R32OAS-M-PAS,2091,WASH_MACH,1,0.1
R32OAS-M-PAS,2091,WASH_MACH,2,0
R32OAS-M-PAS,2092,WASH_MACH,1,0.1
R32OAS-M-PAS,2092,WASH_MACH,2,0
R32OAS-M-PAS,2093,WASH_MACH,1,0.1
R32OAS-M-PAS,2093,WASH_MACH,2,0
R32OAS-M-PAS,2094,WASH_MACH,1,0.1
R32OAS-M-PAS,2094,WASH_MACH,2,0
R32OAS-M-PAS,2095,WASH_MACH,1,0.1
R32OAS-M-PAS,2095,WASH_MACH,2,0
R32OAS-M-PAS,2096,WASH_MACH,1,0.1
R32OAS-M-PAS,2096,WASH_MACH,2,0
R32OAS-M-PAS,2097,WASH_MACH,1,0.1
R32OAS-M-PAS,2097,WASH_MACH,2,0
R32OAS-M-PAS,2098,WASH_MACH,1,0.1
R32OAS-M-PAS,2098,WASH_MACH,2,0
R32OAS-M-PAS,2099,WASH_MACH,1,0.1
R32OAS-M-PAS,2099,WASH_MACH,2,0
R32OAS-M-PAS,2100,WASH_MACH,1,0.1
R32OAS-M-PAS,2100,WASH_MACH,2,0
R32OAS-M-PAS,2000,WASH_MACH_COM,1,0.1
R32OAS-M-PAS,2000,WASH_MACH_COM,2,0
R32OAS-M-PAS,2001,WASH_MACH_COM,1,0.1
R32OAS-M-PAS,2001,WASH_MACH_COM,2,0
R32OAS-M-PAS,2002,WASH_MACH_COM,1,0.1
R32OAS-M-PAS,2002,WASH_MACH_COM,2,0
R32OAS-M-PAS,2003,WASH_MACH_COM,1,0.1
R32OAS-M-PAS,2003,WASH_MACH_COM,2,0
R32OAS-M-PAS,2004,WASH_MACH_COM,1,0.1
R32OAS-M-PAS,2004,WASH_MACH_COM,2,0
R32OAS-M-PAS,2005,WASH_MACH_COM,1,0.1
R32OAS-M-PAS,2005,WASH_MACH_COM,2,0
R32OAS-M-PAS,2006,WASH_MACH_COM,1,0.1
R32OAS-M-PAS,2006,WASH_MACH_COM,2,0
R32OAS-M-PAS,2007,WASH_MACH_COM,1,0.1
R32OAS-M-PAS,2007,WASH_MACH_COM,2,0
R32OAS-M-PAS,2008,WASH_MACH_COM,1,0.1
R32OAS-M-PAS,2008,WASH_MACH_COM,2,0
R32OAS-M-PAS,2009,WASH_MACH_COM,1,0.1
R32OAS-M-PAS,2009,WASH_MACH_COM,2,0
R32OAS-M-PAS,2010,WASH_MACH_COM,1,0.1
R32OAS-M-PAS,2010,WASH_MACH_COM,2,0
R32OAS-M-PAS,2011,WASH_MACH_COM,1,0.1
R32OAS-M-PAS,2011,WASH_MACH_COM,2,0
R32OAS-M-PAS,2012,WASH_MACH_COM,1,0.1
R32OAS-M-PAS,2012,WASH_MACH_COM,2,0
R32OAS-M-PAS,2013,WASH_MACH_COM,1,0.1
R32OAS-M-PAS,2013,WASH_MACH_COM,2,0
R32OAS-M-PAS,2014,WASH_MACH_COM,1,0.1
R32OAS-M-PAS,2014,WASH_MACH_COM,2,0
R32OAS-M-PAS,2015,WASH_MACH_COM,1,0.1
R32OAS-M-PAS,2015,WASH_MACH_COM,2,0
R32OAS-M-PAS,2016,WASH_MACH_COM,1,0.1
R32OAS-M-PAS,2016,WASH_MACH_COM,2,0
R32OAS-M-PAS,2017,WASH_MACH_COM,1,0.1
R32OAS-M-PAS,2017,WASH_MACH_COM,2,0
R32OAS-M-PAS,2018,WASH_MACH_COM,1,0.1
R32OAS-M-PAS,2018,WASH_MACH_COM,2,0
R32OAS-M-PAS,2019,WASH_MACH_COM,1,0.1
R32OAS-M-PAS,2019,WASH_MACH_COM,2,0
R32OAS-M-PAS,2020,WASH_MACH_COM,1,0.1
R32OAS-M-PAS,2020,WASH_MACH_COM,2,0
R32OAS-M-PAS,2021,WASH_MACH_COM,1,0.1
R32OAS-M-PAS,2021,WASH_MACH_COM,2,0
R32OAS-M-PAS,2022,WASH_MACH_COM,1,0.1
R32OAS-M-PAS,2022,WASH_MACH_COM,2,0
R32OAS-M-PAS,2023,WASH_MACH_COM,1,0.1
R32OAS-M-PAS,2023,WASH_MACH_COM,2,0
R32OAS-M-PAS,2024,WASH_MACH_COM,1,0.1
R32OAS-M-PAS,2024,WASH_MACH_COM,2,0
R32OAS-M-PAS,2025,WASH_MACH_COM,1,0.1
R32OAS-M-PAS,2025,WASH_MACH_COM,2,0
R32OAS-M-PAS,2026,WASH_MACH_COM,1,0.1
R32OAS-M-PAS,2026,WASH_MACH_COM,2,0
R32OAS-M-PAS,2027,WASH_MACH_COM,1,0.1
R32OAS-M-PAS,2027,WASH_MACH_COM,2,0
R32OAS-M-PAS,2028,WASH_MACH_COM,1,0.1
R32OAS-M-PAS,2028,WASH_MACH_COM,2,0
R32OAS-M-PAS,2029,WASH_MACH_COM,1,0.1
R32OAS-M-PAS,2029,WASH_MACH_COM,2,0
R32OAS-M-PAS,2030,WASH_MACH_COM,1,0.1
R32OAS-M-PAS,2030,WASH_MACH_COM,2,0
R32OAS-M-PAS,2031,WASH_MACH_COM,1,0.1
R32OAS-M-PAS,2031,WASH_MACH_COM,2,0
R32OAS-M-PAS,2032,WASH_MACH_COM,1,0.1
R32OAS-M-PAS,2032,WASH_MACH_COM,2,0
R32OAS-M-PAS,2033,WASH_MACH_COM,1,0.1
R32OAS-M-PAS,2033,WASH_MACH_COM,2,0
R32OAS-M-PAS,2034,WASH_MACH_COM,1,0.1
R32OAS-M-PAS,2034,WASH_MACH_COM,2,0
R32OAS-M-PAS,2035,WASH_MACH_COM,1,0.1
R32OAS-M-PAS,2035,WASH_MACH_COM,2,0
R32OAS-M-PAS,2036,WASH_MACH_COM,1,0.1
R32OAS-M-PAS,2036,WASH_MACH_COM,2,0
R32OAS-M-PAS,2037,WASH_MACH_COM,1,0.1
R32OAS-M-PAS,2037,WASH_MACH_COM,2,0
R32OAS-M-PAS,2038,WASH_MACH_COM,1,0.1
R32OAS-M-PAS,2038,WASH_MACH_COM,2,0
R32OAS-M-PAS,2039,WASH_MACH_COM,1,0.1
R32OAS-M-PAS,2039,WASH_MACH_COM,2,0
R32OAS-M-PAS,2040,WASH_MACH_COM,1,0.1
R32OAS-M-PAS,2040,WASH_MACH_COM,2,0
R32OAS-M-PAS,2041,WASH_MACH_COM,1,0.1
R32OAS-M-PAS,2041,WASH_MACH_COM,2,0
R32OAS-M-PAS,2042,WASH_MACH_COM,1,0.1
R32OAS-M-PAS,2042,WASH_MACH_COM,2,0
R32OAS-M-PAS,2043,WASH_MACH_COM,1,0.1
R32OAS-M-PAS,2043,WASH_MACH_COM,2,0
R32OAS-M-PAS,2044,WASH_MACH_COM,1,0.1
R32OAS-M-PAS,2044,WASH_MACH_COM,2,0
R32OAS-M-PAS,2045,WASH_MACH_COM,1,0.1
R32OAS-M-PAS,2045,WASH_MACH_COM,2,0
R32OAS-M-PAS,2046,WASH_MACH_COM,1,0.1
R32OAS-M-PAS,2046,WASH_MACH_COM,2,0
R32OAS-M-PAS,2047,WASH_MACH_COM,1,0.1
R32OAS-M-PAS,2047,WASH_MACH_COM,2,0
R32OAS-M-PAS,2048,WASH_MACH_COM,1,0.1
R32OAS-M-PAS,2048,WASH_MACH_COM,2,0
R32OAS-M-PAS,2049,WASH_MACH_COM,1,0.1
R32OAS-M-PAS,2049,WASH_MACH_COM,2,0
R32OAS-M-PAS,2050,WASH_MACH_COM,1,0.1
R32OAS-M-PAS,2050,WASH_MACH_COM,2,0
R32OAS-M-PAS,2051,WASH_MACH_COM,1,0.1
R32OAS-M-PAS,2051,WASH_MACH_COM,2,0
R32OAS-M-PAS,2052,WASH_MACH_COM,1,0.1
R32OAS-M-PAS,2052,WASH_MACH_COM,2,0
R32OAS-M-PAS,2053,WASH_MACH_COM,1,0.1
R32OAS-M-PAS,2053,WASH_MACH_COM,2,0
R32OAS-M-PAS,2054,WASH_MACH_COM,1,0.1
R32OAS-M-PAS,2054,WASH_MACH_COM,2,0
R32OAS-M-PAS,2055,WASH_MACH_COM,1,0.1
R32OAS-M-PAS,2055,WASH_MACH_COM,2,0
R32OAS-M-PAS,2056,WASH_MACH_COM,1,0.1
R32OAS-M-PAS,2056,WASH_MACH_COM,2,0
R32OAS-M-PAS,2057,WASH_MACH_COM,1,0.1
R32OAS-M-PAS,2057,WASH_MACH_COM,2,0
R32OAS-M-PAS,2058,WASH_MACH_COM,1,0.1
R32OAS-M-PAS,2058,WASH_MACH_COM,2,0
R32OAS-M-PAS,2059,WASH_MACH_COM,1,0.1
R32OAS-M-PAS,2059,WASH_MACH_COM,2,0
R32OAS-M-PAS,2060,WASH_MACH_COM,1,0.1
R32OAS-M-PAS,2060,WASH_MACH_COM,2,0
R32OAS-M-PAS,2061,WASH_MACH_COM,1,0.1
R32OAS-M-PAS,2061,WASH_MACH_COM,2,0
R32OAS-M-PAS,2062,WASH_MACH_COM,1,0.1
R32OAS-M-PAS,2062,WASH_MACH_COM,2,0
R32OAS-M-PAS,2063,WASH_MACH_COM,1,0.1
R32OAS-M-PAS,2063,WASH_MACH_COM,2,0
R32OAS-M-PAS,2064,WASH_MACH_COM,1,0.1
R32OAS-M-PAS,2064,WASH_MACH_COM,2,0
R32OAS-M-PAS,2065,WASH_MACH_COM,1,0.1
R32OAS-M-PAS,2065,WASH_MACH_COM,2,0
R32OAS-M-PAS,2066,WASH_MACH_COM,1,0.1
R32OAS-M-PAS,2066,WASH_MACH_COM,2,0
R32OAS-M-PAS,2067,WASH_MACH_COM,1,0.1
R32OAS-M-PAS,2067,WASH_MACH_COM,2,0
R32OAS-M-PAS,2068,WASH_MACH_COM,1,0.1
R32OAS-M-PAS,2068,WASH_MACH_COM,2,0
R32OAS-M-PAS,2069,WASH_MACH_COM,1,0.1
R32OAS-M-PAS,2069,WASH_MACH_COM,2,0
R32OAS-M-PAS,2070,WASH_MACH_COM,1,0.1
R32OAS-M-PAS,2070,WASH_MACH_COM,2,0
R32OAS-M-PAS,2071,WASH_MACH_COM,1,0.1
R32OAS-M-PAS,2071,WASH_MACH_COM,2,0
R32OAS-M-PAS,2072,WASH_MACH_COM,1,0.1
R32OAS-M-PAS,2072,WASH_MACH_COM,2,0
R32OAS-M-PAS,2073,WASH_MACH_COM,1,0.1
R32OAS-M-PAS,2073,WASH_MACH_COM,2,0
R32OAS-M-PAS,2074,WASH_MACH_COM,1,0.1
R32OAS-M-PAS,2074,WASH_MACH_COM,2,0
R32OAS-M-PAS,2075,WASH_MACH_COM,1,0.1
R32OAS-M-PAS,2075,WASH_MACH_COM,2,0
R32OAS-M-PAS,2076,WASH_MACH_COM,1,0.1
R32OAS-M-PAS,2076,WASH_MACH_COM,2,0
R32OAS-M-PAS,2077,WASH_MACH_COM,1,0.1
R32OAS-M-PAS,2077,WASH_MACH_COM,2,0
R32OAS-M-PAS,2078,WASH_MACH_COM,1,0.1
R32OAS-M-PAS,2078,WASH_MACH_COM,2,0
R32OAS-M-PAS,2079,WASH_MACH_COM,1,0.1
R32OAS-M-PAS,2079,WASH_MACH_COM,2,0
R32OAS-M-PAS,2080,WASH_MACH_COM,1,0.1
R32OAS-M-PAS,2080,WASH_MACH_COM,2,0
R32OAS-M-PAS,2081,WASH_MACH_COM,1,0.1
R32OAS-M-PAS,2081,WASH_MACH_COM,2,0
R32OAS-M-PAS,2082,WASH_MACH_COM,1,0.1
R32OAS-M-PAS,2082,WASH_MACH_COM,2,0
R32OAS-M-PAS,2083,WASH_MACH_COM,1,0.1
R32OAS-M-PAS,2083,WASH_MACH_COM,2,0
R32OAS-M-PAS,2084,WASH_MACH_COM,1,0.1
R32OAS-M-PAS,2084,WASH_MACH_COM,2,0
R32OAS-M-PAS,2085,WASH_MACH_COM,1,0.1
R32OAS-M-PAS,2085,WASH_MACH_COM,2,0
R32OAS-M-PAS,2086,WASH_MACH_COM,1,0.1
R32OAS-M-PAS,2086,WASH_MACH_COM,2,0
R32OAS-M-PAS,2087,WASH_MACH_COM,1,0.1
R32OAS-M-PAS,2087,WASH_MACH_COM,2,0
R32OAS-M-PAS,2088,WASH_MACH_COM,1,0.1
R32OAS-M-PAS,2088,WASH_MACH_COM,2,0
R32OAS-M-PAS,2089,WASH_MACH_COM,1,0.1
R32OAS-M-PAS,2089,WASH_MACH_COM,2,0
R32OAS-M-PAS,2090,WASH_MACH_COM,1,0.1
R32OAS-M-PAS,2090,WASH_MACH_COM,2,0
R32OAS-M-PAS,2091,WASH_MACH_COM,1,0.1
R32OAS-M-PAS,2091,WASH_MACH_COM,2,0
R32OAS-M-PAS,2092,WASH_MACH_COM,1,0.1
R32OAS-M-PAS,2092,WASH_MACH_COM,2,0
R32OAS-M-PAS,2093,WASH_MACH_COM,1,0.1
R32OAS-M-PAS,2093,WASH_MACH_COM,2,0
R32OAS-M-PAS,2094,WASH_MACH_COM,1,0.1
R32OAS-M-PAS,2094,WASH_MACH_COM,2,0
R32OAS-M-PAS,2095,WASH_MACH_COM,1,0.1
R32OAS-M-PAS,2095,WASH_MACH_COM,2,0
R32OAS-M-PAS,2096,WASH_MACH_COM,1,0.1
R32OAS-M-PAS,2096,WASH_MACH_COM,2,0
R32OAS-M-PAS,2097,WASH_MACH_COM,1,0.1
R32OAS-M-PAS,2097,WASH_MACH_COM,2,0
R32OAS-M-PAS,2098,WASH_MACH_COM,1,0.1
R32OAS-M-PAS,2098,WASH_MACH_COM,2,0
R32OAS-M-PAS,2099,WASH_MACH_COM,1,0.1
R32OAS-M-PAS,2099,WASH_MACH_COM,2,0
R32OAS-M-PAS,2100,WASH_MACH_COM,1,0.1
R32OAS-M-PAS,2100,WASH_MACH_COM,2,0
R32OAS-M-SAS,2000,WASH_MACH,1,0.1
R32OAS-M-SAS,2000,WASH_MACH,2,0
R32OAS-M-SAS,2001,WASH_MACH,1,0.1
R32OAS-M-SAS,2001,WASH_MACH,2,0
R32OAS-M-SAS,2002,WASH_MACH,1,0.1
R32OAS-M-SAS,2002,WASH_MACH,2,0
R32OAS-M-SAS,2003,WASH_MACH,1,0.1
R32OAS-M-SAS,2003,WASH_MACH,2,0
R32OAS-M-SAS,2004,WASH_MACH,1,0.1
R32OAS-M-SAS,2004,WASH_MACH,2,0
R32OAS-M-SAS,2005,WASH_MACH,1,0.1
R32OAS-M-SAS,2005,WASH_MACH,2,0
R32OAS-M-SAS,2006,WASH_MACH,1,0.1
R32OAS-M-SAS,2006,WASH_MACH,2,0
R32OAS-M-SAS,2007,WASH_MACH,1,0.1
R32OAS-M-SAS,2007,WASH_MACH,2,0
R32OAS-M-SAS,2008,WASH_MACH,1,0.1
R32OAS-M-SAS,2008,WASH_MACH,2,0
R32OAS-M-SAS,2009,WASH_MACH,1,0.1
R32OAS-M-SAS,2009,WASH_MACH,2,0
R32OAS-M-SAS,2010,WASH_MACH,1,0.1
R32OAS-M-SAS,2010,WASH_MACH,2,0
R32OAS-M-SAS,2011,WASH_MACH,1,0.1
R32OAS-M-SAS,2011,WASH_MACH,2,0
R32OAS-M-SAS,2012,WASH_MACH,1,0.1
R32OAS-M-SAS,2012,WASH_MACH,2,0
R32OAS-M-SAS,2013,WASH_MACH,1,0.1
R32OAS-M-SAS,2013,WASH_MACH,2,0
R32OAS-M-SAS,2014,WASH_MACH,1,0.1
R32OAS-M-SAS,2014,WASH_MACH,2,0
R32OAS-M-SAS,2015,WASH_MACH,1,0.1
R32OAS-M-SAS,2015,WASH_MACH,2,0
R32OAS-M-SAS,2016,WASH_MACH,1,0.1
R32OAS-M-SAS,2016,WASH_MACH,2,0
R32OAS-M-SAS,2017,WASH_MACH,1,0.1
R32OAS-M-SAS,2017,WASH_MACH,2,0
R32OAS-M-SAS,2018,WASH_MACH,1,0.1
R32OAS-M-SAS,2018,WASH_MACH,2,0
R32OAS-M-SAS,2019,WASH_MACH,1,0.1
R32OAS-M-SAS,2019,WASH_MACH,2,0
R32OAS-M-SAS,2020,WASH_MACH,1,0.1
R32OAS-M-SAS,2020,WASH_MACH,2,0
R32OAS-M-SAS,2021,WASH_MACH,1,0.1
R32OAS-M-SAS,2021,WASH_MACH,2,0
R32OAS-M-SAS,2022,WASH_MACH,1,0.1
R32OAS-M-SAS,2022,WASH_MACH,2,0
R32OAS-M-SAS,2023,WASH_MACH,1,0.1
R32OAS-M-SAS,2023,WASH_MACH,2,0
R32OAS-M-SAS,2024,WASH_MACH,1,0.1
R32OAS-M-SAS,2024,WASH_MACH,2,0
R32OAS-M-SAS,2025,WASH_MACH,1,0.1
R32OAS-M-SAS,2025,WASH_MACH,2,0
R32OAS-M-SAS,2026,WASH_MACH,1,0.1
R32OAS-M-SAS,2026,WASH_MACH,2,0
R32OAS-M-SAS,2027,WASH_MACH,1,0.1
R32OAS-M-SAS,2027,WASH_MACH,2,0
R32OAS-M-SAS,2028,WASH_MACH,1,0.1
R32OAS-M-SAS,2028,WASH_MACH,2,0
R32OAS-M-SAS,2029,WASH_MACH,1,0.1
R32OAS-M-SAS,2029,WASH_MACH,2,0
R32OAS-M-SAS,2030,WASH_MACH,1,0.1
R32OAS-M-SAS,2030,WASH_MACH,2,0
R32OAS-M-SAS,2031,WASH_MACH,1,0.1
R32OAS-M-SAS,2031,WASH_MACH,2,0
R32OAS-M-SAS,2032,WASH_MACH,1,0.1
R32OAS-M-SAS,2032,WASH_MACH,2,0
R32OAS-M-SAS,2033,WASH_MACH,1,0.1
R32OAS-M-SAS,2033,WASH_MACH,2,0
R32OAS-M-SAS,2034,WASH_MACH,1,0.1
R32OAS-M-SAS,2034,WASH_MACH,2,0
R32OAS-M-SAS,2035,WASH_MACH,1,0.1
R32OAS-M-SAS,2035,WASH_MACH,2,0
R32OAS-M-SAS,2036,WASH_MACH,1,0.1
R32OAS-M-SAS,2036,WASH_MACH,2,0
R32OAS-M-SAS,2037,WASH_MACH,1,0.1
R32OAS-M-SAS,2037,WASH_MACH,2,0
R32OAS-M-SAS,2038,WASH_MACH,1,0.1
R32OAS-M-SAS,2038,WASH_MACH,2,0
R32OAS-M-SAS,2039,WASH_MACH,1,0.1
R32OAS-M-SAS,2039,WASH_MACH,2,0
R32OAS-M-SAS,2040,WASH_MACH,1,0.1
R32OAS-M-SAS,2040,WASH_MACH,2,0
R32OAS-M-SAS,2041,WASH_MACH,1,0.1
R32OAS-M-SAS,2041,WASH_MACH,2,0
R32OAS-M-SAS,2042,WASH_MACH,1,0.1
R32OAS-M-SAS,2042,WASH_MACH,2,0
R32OAS-M-SAS,2043,WASH_MACH,1,0.1
R32OAS-M-SAS,2043,WASH_MACH,2,0
R32OAS-M-SAS,2044,WASH_MACH,1,0.1
R32OAS-M-SAS,2044,WASH_MACH,2,0
R32OAS-M-SAS,2045,WASH_MACH,1,0.1
R32OAS-M-SAS,2045,WASH_MACH,2,0
R32OAS-M-SAS,2046,WASH_MACH,1,0.1
R32OAS-M-SAS,2046,WASH_MACH,2,0
R32OAS-M-SAS,2047,WASH_MACH,1,0.1
R32OAS-M-SAS,2047,WASH_MACH,2,0
R32OAS-M-SAS,2048,WASH_MACH,1,0.1
R32OAS-M-SAS,2048,WASH_MACH,2,0
R32OAS-M-SAS,2049,WASH_MACH,1,0.1
R32OAS-M-SAS,2049,WASH_MACH,2,0
R32OAS-M-SAS,2050,WASH_MACH,1,0.1
R32OAS-M-SAS,2050,WASH_MACH,2,0
R32OAS-M-SAS,2051,WASH_MACH,1,0.1
R32OAS-M-SAS,2051,WASH_MACH,2,0
R32OAS-M-SAS,2052,WASH_MACH,1,0.1
R32OAS-M-SAS,2052,WASH_MACH,2,0
R32OAS-M-SAS,2053,WASH_MACH,1,0.1
R32OAS-M-SAS,2053,WASH_MACH,2,0
R32OAS-M-SAS,2054,WASH_MACH,1,0.1
R32OAS-M-SAS,2054,WASH_MACH,2,0
R32OAS-M-SAS,2055,WASH_MACH,1,0.1
R32OAS-M-SAS,2055,WASH_MACH,2,0
R32OAS-M-SAS,2056,WASH_MACH,1,0.1
R32OAS-M-SAS,2056,WASH_MACH,2,0
R32OAS-M-SAS,2057,WASH_MACH,1,0.1
R32OAS-M-SAS,2057,WASH_MACH,2,0
R32OAS-M-SAS,2058,WASH_MACH,1,0.1
R32OAS-M-SAS,2058,WASH_MACH,2,0
R32OAS-M-SAS,2059,WASH_MACH,1,0.1
R32OAS-M-SAS,2059,WASH_MACH,2,0
R32OAS-M-SAS,2060,WASH_MACH,1,0.1
R32OAS-M-SAS,2060,WASH_MACH,2,0
R32OAS-M-SAS,2061,WASH_MACH,1,0.1
R32OAS-M-SAS,2061,WASH_MACH,2,0
R32OAS-M-SAS,2062,WASH_MACH,1,0.1
R32OAS-M-SAS,2062,WASH_MACH,2,0
R32OAS-M-SAS,2063,WASH_MACH,1,0.1
R32OAS-M-SAS,2063,WASH_MACH,2,0
R32OAS-M-SAS,2064,WASH_MACH,1,0.1
R32OAS-M-SAS,2064,WASH_MACH,2,0
R32OAS-M-SAS,2065,WASH_MACH,1,0.1
R32OAS-M-SAS,2065,WASH_MACH,2,0
R32OAS-M-SAS,2066,WASH_MACH,1,0.1
R32OAS-M-SAS,2066,WASH_MACH,2,0
R32OAS-M-SAS,2067,WASH_MACH,1,0.1
R32OAS-M-SAS,2067,WASH_MACH,2,0
R32OAS-M-SAS,2068,WASH_MACH,1,0.1
R32OAS-M-SAS,2068,WASH_MACH,2,0
R32OAS-M-SAS,2069,WASH_MACH,1,0.1
R32OAS-M-SAS,2069,WASH_MACH,2,0
R32OAS-M-SAS,2070,WASH_MACH,1,0.1
R32OAS-M-SAS,2070,WASH_MACH,2,0
R32OAS-M-SAS,2071,WASH_MACH,1,0.1
R32OAS-M-SAS,2071,WASH_MACH,2,0
R32OAS-M-SAS,2072,WASH_MACH,1,0.1
R32OAS-M-SAS,2072,WASH_MACH,2,0
R32OAS-M-SAS,2073,WASH_MACH,1,0.1
R32OAS-M-SAS,2073,WASH_MACH,2,0
R32OAS-M-SAS,2074,WASH_MACH,1,0.1
R32OAS-M-SAS,2074,WASH_MACH,2,0
R32OAS-M-SAS,2075,WASH_MACH,1,0.1
R32OAS-M-SAS,2075,WASH_MACH,2,0
R32OAS-M-SAS,2076,WASH_MACH,1,0.1
R32OAS-M-SAS,2076,WASH_MACH,2,0
R32OAS-M-SAS,2077,WASH_MACH,1,0.1
R32OAS-M-SAS,2077,WASH_MACH,2,0
R32OAS-M-SAS,2078,WASH_MACH,1,0.1
R32OAS-M-SAS,2078,WASH_MACH,2,0
R32OAS-M-SAS,2079,WASH_MACH,1,0.1
R32OAS-M-SAS,2079,WASH_MACH,2,0
R32OAS-M-SAS,2080,WASH_MACH,1,0.1
R32OAS-M-SAS,2080,WASH_MACH,2,0
R32OAS-M-SAS,2081,WASH_MACH,1,0.1
R32OAS-M-SAS,2081,WASH_MACH,2,0
R32OAS-M-SAS,2082,WASH_MACH,1,0.1
R32OAS-M-SAS,2082,WASH_MACH,2,0
R32OAS-M-SAS,2083,WASH_MACH,1,0.1
R32OAS-M-SAS,2083,WASH_MACH,2,0
R32OAS-M-SAS,2084,WASH_MACH,1,0.1
R32OAS-M-SAS,2084,WASH_MACH,2,0
R32OAS-M-SAS,2085,WASH_MACH,1,0.1
R32OAS-M-SAS,2085,WASH_MACH,2,0
R32OAS-M-SAS,2086,WASH_MACH,1,0.1
R32OAS-M-SAS,2086,WASH_MACH,2,0
R32OAS-M-SAS,2087,WASH_MACH,1,0.1
R32OAS-M-SAS,2087,WASH_MACH,2,0
R32OAS-M-SAS,2088,WASH_MACH,1,0.1
R32OAS-M-SAS,2088,WASH_MACH,2,0
R32OAS-M-SAS,2089,WASH_MACH,1,0.1
R32OAS-M-SAS,2089,WASH_MACH,2,0
R32OAS-M-SAS,2090,WASH_MACH,1,0.1
R32OAS-M-SAS,2090,WASH_MACH,2,0
R32OAS-M-SAS,2091,WASH_MACH,1,0.1
R32OAS-M-SAS,2091,WASH_MACH,2,0
R32OAS-M-SAS,2092,WASH_MACH,1,0.1
R32OAS-M-SAS,2092,WASH_MACH,2,0
R32OAS-M-SAS,2093,WASH_MACH,1,0.1
R32OAS-M-SAS,2093,WASH_MACH,2,0
R32OAS-M-SAS,2094,WASH_MACH,1,0.1
R32OAS-M-SAS,2094,WASH_MACH,2,0
R32OAS-M-SAS,2095,WASH_MACH,1,0.1
R32OAS-M-SAS,2095,WASH_MACH,2,0
R32OAS-M-SAS,2096,WASH_MACH,1,0.1
R32OAS-M-SAS,2096,WASH_MACH,2,0
R32OAS-M-SAS,2097,WASH_MACH,1,0.1
R32OAS-M-SAS,2097,WASH_MACH,2,0
R32OAS-M-SAS,2098,WASH_MACH,1,0.1
R32OAS-M-SAS,2098,WASH_MACH,2,0
R32OAS-M-SAS,2099,WASH_MACH,1,0.1
R32OAS-M-SAS,2099,WASH_MACH,2,0
R32OAS-M-SAS,2100,WASH_MACH,1,0.1
R32OAS-M-SAS,2100,WASH_MACH,2,0
R32OAS-M-SAS,2000,WASH_MACH_COM,1,0.1
R32OAS-M-SAS,2000,WASH_MACH_COM,2,0
R32OAS-M-SAS,2001,WASH_MACH_COM,1,0.1
R32OAS-M-SAS,2001,WASH_MACH_COM,2,0
R32OAS-M-SAS,2002,WASH_MACH_COM,1,0.1
R32OAS-M-SAS,2002,WASH_MACH_COM,2,0
R32OAS-M-SAS,2003,WASH_MACH_COM,1,0.1
R32OAS-M-SAS,2003,WASH_MACH_COM,2,0
R32OAS-M-SAS,2004,WASH_MACH_COM,1,0.1
R32OAS-M-SAS,2004,WASH_MACH_COM,2,0
R32OAS-M-SAS,2005,WASH_MACH_COM,1,0.1
R32OAS-M-SAS,2005,WASH_MACH_COM,2,0
R32OAS-M-SAS,2006,WASH_MACH_COM,1,0.1
R32OAS-M-SAS,2006,WASH_MACH_COM,2,0
R32OAS-M-SAS,2007,WASH_MACH_COM,1,0.1
R32OAS-M-SAS,2007,WASH_MACH_COM,2,0
R32OAS-M-SAS,2008,WASH_MACH_COM,1,0.1
R32OAS-M-SAS,2008,WASH_MACH_COM,2,0
R32OAS-M-SAS,2009,WASH_MACH_COM,1,0.1
R32OAS-M-SAS,2009,WASH_MACH_COM,2,0
R32OAS-M-SAS,2010,WASH_MACH_COM,1,0.1
R32OAS-M-SAS,2010,WASH_MACH_COM,2,0
R32OAS-M-SAS,2011,WASH_MACH_COM,1,0.1
R32OAS-M-SAS,2011,WASH_MACH_COM,2,0
R32OAS-M-SAS,2012,WASH_MACH_COM,1,0.1
R32OAS-M-SAS,2012,WASH_MACH_COM,2,0
R32OAS-M-SAS,2013,WASH_MACH_COM,1,0.1
R32OAS-M-SAS,2013,WASH_MACH_COM,2,0
R32OAS-M-SAS,2014,WASH_MACH_COM,1,0.1
R32OAS-M-SAS,2014,WASH_MACH_COM,2,0
R32OAS-M-SAS,2015,WASH_MACH_COM,1,0.1
R32OAS-M-SAS,2015,WASH_MACH_COM,2,0
R32OAS-M-SAS,2016,WASH_MACH_COM,1,0.1
R32OAS-M-SAS,2016,WASH_MACH_COM,2,0
R32OAS-M-SAS,2017,WASH_MACH_COM,1,0.1
R32OAS-M-SAS,2017,WASH_MACH_COM,2,0
R32OAS-M-SAS,2018,WASH_MACH_COM,1,0.1
R32OAS-M-SAS,2018,WASH_MACH_COM,2,0
R32OAS-M-SAS,2019,WASH_MACH_COM,1,0.1
R32OAS-M-SAS,2019,WASH_MACH_COM,2,0
R32OAS-M-SAS,2020,WASH_MACH_COM,1,0.1
R32OAS-M-SAS,2020,WASH_MACH_COM,2,0
R32OAS-M-SAS,2021,WASH_MACH_COM,1,0.1
R32OAS-M-SAS,2021,WASH_MACH_COM,2,0
R32OAS-M-SAS,2022,WASH_MACH_COM,1,0.1
R32OAS-M-SAS,2022,WASH_MACH_COM,2,0
R32OAS-M-SAS,2023,WASH_MACH_COM,1,0.1
R32OAS-M-SAS,2023,WASH_MACH_COM,2,0
R32OAS-M-SAS,2024,WASH_MACH_COM,1,0.1
R32OAS-M-SAS,2024,WASH_MACH_COM,2,0
R32OAS-M-SAS,2025,WASH_MACH_COM,1,0.1
R32OAS-M-SAS,2025,WASH_MACH_COM,2,0
R32OAS-M-SAS,2026,WASH_MACH_COM,1,0.1
R32OAS-M-SAS,2026,WASH_MACH_COM,2,0
R32OAS-M-SAS,2027,WASH_MACH_COM,1,0.1
R32OAS-M-SAS,2027,WASH_MACH_COM,2,0
R32OAS-M-SAS,2028,WASH_MACH_COM,1,0.1
R32OAS-M-SAS,2028,WASH_MACH_COM,2,0
R32OAS-M-SAS,2029,WASH_MACH_COM,1,0.1
R32OAS-M-SAS,2029,WASH_MACH_COM,2,0
R32OAS-M-SAS,2030,WASH_MACH_COM,1,0.1
R32OAS-M-SAS,2030,WASH_MACH_COM,2,0
R32OAS-M-SAS,2031,WASH_MACH_COM,1,0.1
R32OAS-M-SAS,2031,WASH_MACH_COM,2,0
R32OAS-M-SAS,2032,WASH_MACH_COM,1,0.1
R32OAS-M-SAS,2032,WASH_MACH_COM,2,0
R32OAS-M-SAS,2033,WASH_MACH_COM,1,0.1
R32OAS-M-SAS,2033,WASH_MACH_COM,2,0
R32OAS-M-SAS,2034,WASH_MACH_COM,1,0.1
R32OAS-M-SAS,2034,WASH_MACH_COM,2,0
R32OAS-M-SAS,2035,WASH_MACH_COM,1,0.1
R32OAS-M-SAS,2035,WASH_MACH_COM,2,0
R32OAS-M-SAS,2036,WASH_MACH_COM,1,0.1
R32OAS-M-SAS,2036,WASH_MACH_COM,2,0
R32OAS-M-SAS,2037,WASH_MACH_COM,1,0.1
R32OAS-M-SAS,2037,WASH_MACH_COM,2,0
R32OAS-M-SAS,2038,WASH_MACH_COM,1,0.1
R32OAS-M-SAS,2038,WASH_MACH_COM,2,0
R32OAS-M-SAS,2039,WASH_MACH_COM,1,0.1
R32OAS-M-SAS,2039,WASH_MACH_COM,2,0
R32OAS-M-SAS,2040,WASH_MACH_COM,1,0.1
R32OAS-M-SAS,2040,WASH_MACH_COM,2,0
R32OAS-M-SAS,2041,WASH_MACH_COM,1,0.1
R32OAS-M-SAS,2041,WASH_MACH_COM,2,0
R32OAS-M-SAS,2042,WASH_MACH_COM,1,0.1
R32OAS-M-SAS,2042,WASH_MACH_COM,2,0
R32OAS-M-SAS,2043,WASH_MACH_COM,1,0.1
R32OAS-M-SAS,2043,WASH_MACH_COM,2,0
R32OAS-M-SAS,2044,WASH_MACH_COM,1,0.1
R32OAS-M-SAS,2044,WASH_MACH_COM,2,0
R32OAS-M-SAS,2045,WASH_MACH_COM,1,0.1
R32OAS-M-SAS,2045,WASH_MACH_COM,2,0
R32OAS-M-SAS,2046,WASH_MACH_COM,1,0.1
R32OAS-M-SAS,2046,WASH_MACH_COM,2,0
R32OAS-M-SAS,2047,WASH_MACH_COM,1,0.1
R32OAS-M-SAS,2047,WASH_MACH_COM,2,0
R32OAS-M-SAS,2048,WASH_MACH_COM,1,0.1
R32OAS-M-SAS,2048,WASH_MACH_COM,2,0
R32OAS-M-SAS,2049,WASH_MACH_COM,1,0.1
R32OAS-M-SAS,2049,WASH_MACH_COM,2,0
R32OAS-M-SAS,2050,WASH_MACH_COM,1,0.1
R32OAS-M-SAS,2050,WASH_MACH_COM,2,0
R32OAS-M-SAS,2051,WASH_MACH_COM,1,0.1
R32OAS-M-SAS,2051,WASH_MACH_COM,2,0
R32OAS-M-SAS,2052,WASH_MACH_COM,1,0.1
R32OAS-M-SAS,2052,WASH_MACH_COM,2,0
R32OAS-M-SAS,2053,WASH_MACH_COM,1,0.1
R32OAS-M-SAS,2053,WASH_MACH_COM,2,0
R32OAS-M-SAS,2054,WASH_MACH_COM,1,0.1
R32OAS-M-SAS,2054,WASH_MACH_COM,2,0
R32OAS-M-SAS,2055,WASH_MACH_COM,1,0.1
R32OAS-M-SAS,2055,WASH_MACH_COM,2,0
R32OAS-M-SAS,2056,WASH_MACH_COM,1,0.1
R32OAS-M-SAS,2056,WASH_MACH_COM,2,0
R32OAS-M-SAS,2057,WASH_MACH_COM,1,0.1
R32OAS-M-SAS,2057,WASH_MACH_COM,2,0
R32OAS-M-SAS,2058,WASH_MACH_COM,1,0.1
R32OAS-M-SAS,2058,WASH_MACH_COM,2,0
R32OAS-M-SAS,2059,WASH_MACH_COM,1,0.1
R32OAS-M-SAS,2059,WASH_MACH_COM,2,0
R32OAS-M-SAS,2060,WASH_MACH_COM,1,0.1
R32OAS-M-SAS,2060,WASH_MACH_COM,2,0
R32OAS-M-SAS,2061,WASH_MACH_COM,1,0.1
R32OAS-M-SAS,2061,WASH_MACH_COM,2,0
R32OAS-M-SAS,2062,WASH_MACH_COM,1,0.1
R32OAS-M-SAS,2062,WASH_MACH_COM,2,0
R32OAS-M-SAS,2063,WASH_MACH_COM,1,0.1
R32OAS-M-SAS,2063,WASH_MACH_COM,2,0
R32OAS-M-SAS,2064,WASH_MACH_COM,1,0.1
R32OAS-M-SAS,2064,WASH_MACH_COM,2,0
R32OAS-M-SAS,2065,WASH_MACH_COM,1,0.1
R32OAS-M-SAS,2065,WASH_MACH_COM,2,0
R32OAS-M-SAS,2066,WASH_MACH_COM,1,0.1
R32OAS-M-SAS,2066,WASH_MACH_COM,2,0
R32OAS-M-SAS,2067,WASH_MACH_COM,1,0.1
R32OAS-M-SAS,2067,WASH_MACH_COM,2,0
R32OAS-M-SAS,2068,WASH_MACH_COM,1,0.1
R32OAS-M-SAS,2068,WASH_MACH_COM,2,0
R32OAS-M-SAS,2069,WASH_MACH_COM,1,0.1
R32OAS-M-SAS,2069,WASH_MACH_COM,2,0
R32OAS-M-SAS,2070,WASH_MACH_COM,1,0.1
R32OAS-M-SAS,2070,WASH_MACH_COM,2,0
R32OAS-M-SAS,2071,WASH_MACH_COM,1,0.1
R32OAS-M-SAS,2071,WASH_MACH_COM,2,0
R32OAS-M-SAS,2072,WASH_MACH_COM,1,0.1
R32OAS-M-SAS,2072,WASH_MACH_COM,2,0
R32OAS-M-SAS,2073,WASH_MACH_COM,1,0.1
R32OAS-M-SAS,2073,WASH_MACH_COM,2,0
R32OAS-M-SAS,2074,WASH_MACH_COM,1,0.1
R32OAS-M-SAS,2074,WASH_MACH_COM,2,0
R32OAS-M-SAS,2075,WASH_MACH_COM,1,0.1
R32OAS-M-SAS,2075,WASH_MACH_COM,2,0
R32OAS-M-SAS,2076,WASH_MACH_COM,1,0.1
R32OAS-M-SAS,2076,WASH_MACH_COM,2,0
R32OAS-M-SAS,2077,WASH_MACH_COM,1,0.1
R32OAS-M-SAS,2077,WASH_MACH_COM,2,0
R32OAS-M-SAS,2078,WASH_MACH_COM,1,0.1
R32OAS-M-SAS,2078,WASH_MACH_COM,2,0
R32OAS-M-SAS,2079,WASH_MACH_COM,1,0.1
R32OAS-M-SAS,2079,WASH_MACH_COM,2,0
R32OAS-M-SAS,2080,WASH_MACH_COM,1,0.1
R32OAS-M-SAS,2080,WASH_MACH_COM,2,0
R32OAS-M-SAS,2081,WASH_MACH_COM,1,0.1
R32OAS-M-SAS,2081,WASH_MACH_COM,2,0
R32OAS-M-SAS,2082,WASH_MACH_COM,1,0.1
R32OAS-M-SAS,2082,WASH_MACH_COM,2,0
R32OAS-M-SAS,2083,WASH_MACH_COM,1,0.1
R32OAS-M-SAS,2083,WASH_MACH_COM,2,0
R32OAS-M-SAS,2084,WASH_MACH_COM,1,0.1
R32OAS-M-SAS,2084,WASH_MACH_COM,2,0
R32OAS-M-SAS,2085,WASH_MACH_COM,1,0.1
R32OAS-M-SAS,2085,WASH_MACH_COM,2,0
R32OAS-M-SAS,2086,WASH_MACH_COM,1,0.1
R32OAS-M-SAS,2086,WASH_MACH_COM,2,0
R32OAS-M-SAS,2087,WASH_MACH_COM,1,0.1
R32OAS-M-SAS,2087,WASH_MACH_COM,2,0
R32OAS-M-SAS,2088,WASH_MACH_COM,1,0.1
R32OAS-M-SAS,2088,WASH_MACH_COM,2,0
R32OAS-M-SAS,2089,WASH_MACH_COM,1,0.1
R32OAS-M-SAS,2089,WASH_MACH_COM,2,0
R32OAS-M-SAS,2090,WASH_MACH_COM,1,0.1
R32OAS-M-SAS,2090,WASH_MACH_COM,2,0
R32OAS-M-SAS,2091,WASH_MACH_COM,1,0.1
R32OAS-M-SAS,2091,WASH_MACH_COM,2,0
R32OAS-M-SAS,2092,WASH_MACH_COM,1,0.1
R32OAS-M-SAS,2092,WASH_MACH_COM,2,0
R32OAS-M-SAS,2093,WASH_MACH_COM,1,0.1
R32OAS-M-SAS,2093,WASH_MACH_COM,2,0
R32OAS-M-SAS,2094,WASH_MACH_COM,1,0.1
R32OAS-M-SAS,2094,WASH_MACH_COM,2,0
R32OAS-M-SAS,2095,WASH_MACH_COM,1,0.1
R32OAS-M-SAS,2095,WASH_MACH_COM,2,0
R32OAS-M-SAS,2096,WASH_MACH_COM,1,0.1
R32OAS-M-SAS,2096,WASH_MACH_COM,2,0
R32OAS-M-SAS,2097,WASH_MACH_COM,1,0.1
R32OAS-M-SAS,2097,WASH_MACH_COM,2,0
R32OAS-M-SAS,2098,WASH_MACH_COM,1,0.1
R32OAS-M-SAS,2098,WASH_MACH_COM,2,0
R32OAS-M-SAS,2099,WASH_MACH_COM,1,0.1
R32OAS-M-SAS,2099,WASH_MACH_COM,2,0
R32OAS-M-SAS,2100,WASH_MACH_COM,1,0.1
R32OAS-M-SAS,2100,WASH_MACH_COM,2,0
R32PAK,2000,WASH_MACH,1,0.1
R32PAK,2000,WASH_MACH,2,0
R32PAK,2001,WASH_MACH,1,0.1
R32PAK,2001,WASH_MACH,2,0
R32PAK,2002,WASH_MACH,1,0.1
R32PAK,2002,WASH_MACH,2,0
R32PAK,2003,WASH_MACH,1,0.1
R32PAK,2003,WASH_MACH,2,0
R32PAK,2004,WASH_MACH,1,0.1
R32PAK,2004,WASH_MACH,2,0
R32PAK,2005,WASH_MACH,1,0.1
R32PAK,2005,WASH_MACH,2,0
R32PAK,2006,WASH_MACH,1,0.1
R32PAK,2006,WASH_MACH,2,0
R32PAK,2007,WASH_MACH,1,0.1
R32PAK,2007,WASH_MACH,2,0
R32PAK,2008,WASH_MACH,1,0.1
R32PAK,2008,WASH_MACH,2,0
R32PAK,2009,WASH_MACH,1,0.1
R32PAK,2009,WASH_MACH,2,0
R32PAK,2010,WASH_MACH,1,0.1
R32PAK,2010,WASH_MACH,2,0
R32PAK,2011,WASH_MACH,1,0.1
R32PAK,2011,WASH_MACH,2,0
R32PAK,2012,WASH_MACH,1,0.1
R32PAK,2012,WASH_MACH,2,0
R32PAK,2013,WASH_MACH,1,0.1
R32PAK,2013,WASH_MACH,2,0
R32PAK,2014,WASH_MACH,1,0.1
R32PAK,2014,WASH_MACH,2,0
R32PAK,2015,WASH_MACH,1,0.1
R32PAK,2015,WASH_MACH,2,0
R32PAK,2016,WASH_MACH,1,0.1
R32PAK,2016,WASH_MACH,2,0
R32PAK,2017,WASH_MACH,1,0.1
R32PAK,2017,WASH_MACH,2,0
R32PAK,2018,WASH_MACH,1,0.1
R32PAK,2018,WASH_MACH,2,0
R32PAK,2019,WASH_MACH,1,0.1
R32PAK,2019,WASH_MACH,2,0
R32PAK,2020,WASH_MACH,1,0.1
R32PAK,2020,WASH_MACH,2,0
R32PAK,2021,WASH_MACH,1,0.1
R32PAK,2021,WASH_MACH,2,0
R32PAK,2022,WASH_MACH,1,0.1
R32PAK,2022,WASH_MACH,2,0
R32PAK,2023,WASH_MACH,1,0.1
R32PAK,2023,WASH_MACH,2,0
R32PAK,2024,WASH_MACH,1,0.1
R32PAK,2024,WASH_MACH,2,0
R32PAK,2025,WASH_MACH,1,0.1
R32PAK,2025,WASH_MACH,2,0
R32PAK,2026,WASH_MACH,1,0.1
R32PAK,2026,WASH_MACH,2,0
R32PAK,2027,WASH_MACH,1,0.1
R32PAK,2027,WASH_MACH,2,0
R32PAK,2028,WASH_MACH,1,0.1
R32PAK,2028,WASH_MACH,2,0
R32PAK,2029,WASH_MACH,1,0.1
R32PAK,2029,WASH_MACH,2,0
R32PAK,2030,WASH_MACH,1,0.1
R32PAK,2030,WASH_MACH,2,0
R32PAK,2031,WASH_MACH,1,0.1
R32PAK,2031,WASH_MACH,2,0
R32PAK,2032,WASH_MACH,1,0.1
R32PAK,2032,WASH_MACH,2,0
R32PAK,2033,WASH_MACH,1,0.1
R32PAK,2033,WASH_MACH,2,0
R32PAK,2034,WASH_MACH,1,0.1
R32PAK,2034,WASH_MACH,2,0
R32PAK,2035,WASH_MACH,1,0.1
R32PAK,2035,WASH_MACH,2,0
R32PAK,2036,WASH_MACH,1,0.1
R32PAK,2036,WASH_MACH,2,0
R32PAK,2037,WASH_MACH,1,0.1
R32PAK,2037,WASH_MACH,2,0
R32PAK,2038,WASH_MACH,1,0.1
R32PAK,2038,WASH_MACH,2,0
R32PAK,2039,WASH_MACH,1,0.1
R32PAK,2039,WASH_MACH,2,0
R32PAK,2040,WASH_MACH,1,0.1
R32PAK,2040,WASH_MACH,2,0
R32PAK,2041,WASH_MACH,1,0.1
R32PAK,2041,WASH_MACH,2,0
R32PAK,2042,WASH_MACH,1,0.1
R32PAK,2042,WASH_MACH,2,0
R32PAK,2043,WASH_MACH,1,0.1
R32PAK,2043,WASH_MACH,2,0
R32PAK,2044,WASH_MACH,1,0.1
R32PAK,2044,WASH_MACH,2,0
R32PAK,2045,WASH_MACH,1,0.1
R32PAK,2045,WASH_MACH,2,0
R32PAK,2046,WASH_MACH,1,0.1
R32PAK,2046,WASH_MACH,2,0
R32PAK,2047,WASH_MACH,1,0.1
R32PAK,2047,WASH_MACH,2,0
R32PAK,2048,WASH_MACH,1,0.1
R32PAK,2048,WASH_MACH,2,0
R32PAK,2049,WASH_MACH,1,0.1
R32PAK,2049,WASH_MACH,2,0
R32PAK,2050,WASH_MACH,1,0.1
R32PAK,2050,WASH_MACH,2,0
R32PAK,2051,WASH_MACH,1,0.1
R32PAK,2051,WASH_MACH,2,0
R32PAK,2052,WASH_MACH,1,0.1
R32PAK,2052,WASH_MACH,2,0
R32PAK,2053,WASH_MACH,1,0.1
R32PAK,2053,WASH_MACH,2,0
R32PAK,2054,WASH_MACH,1,0.1
R32PAK,2054,WASH_MACH,2,0
R32PAK,2055,WASH_MACH,1,0.1
R32PAK,2055,WASH_MACH,2,0
R32PAK,2056,WASH_MACH,1,0.1
R32PAK,2056,WASH_MACH,2,0
R32PAK,2057,WASH_MACH,1,0.1
R32PAK,2057,WASH_MACH,2,0
R32PAK,2058,WASH_MACH,1,0.1
R32PAK,2058,WASH_MACH,2,0
R32PAK,2059,WASH_MACH,1,0.1
R32PAK,2059,WASH_MACH,2,0
R32PAK,2060,WASH_MACH,1,0.1
R32PAK,2060,WASH_MACH,2,0
R32PAK,2061,WASH_MACH,1,0.1
R32PAK,2061,WASH_MACH,2,0
R32PAK,2062,WASH_MACH,1,0.1
R32PAK,2062,WASH_MACH,2,0
R32PAK,2063,WASH_MACH,1,0.1
R32PAK,2063,WASH_MACH,2,0
R32PAK,2064,WASH_MACH,1,0.1
R32PAK,2064,WASH_MACH,2,0
R32PAK,2065,WASH_MACH,1,0.1
R32PAK,2065,WASH_MACH,2,0
R32PAK,2066,WASH_MACH,1,0.1
R32PAK,2066,WASH_MACH,2,0
R32PAK,2067,WASH_MACH,1,0.1
R32PAK,2067,WASH_MACH,2,0
R32PAK,2068,WASH_MACH,1,0.1
R32PAK,2068,WASH_MACH,2,0
R32PAK,2069,WASH_MACH,1,0.1
R32PAK,2069,WASH_MACH,2,0
R32PAK,2070,WASH_MACH,1,0.1
R32PAK,2070,WASH_MACH,2,0
R32PAK,2071,WASH_MACH,1,0.1
R32PAK,2071,WASH_MACH,2,0
R32PAK,2072,WASH_MACH,1,0.1
R32PAK,2072,WASH_MACH,2,0
R32PAK,2073,WASH_MACH,1,0.1
R32PAK,2073,WASH_MACH,2,0
R32PAK,2074,WASH_MACH,1,0.1
R32PAK,2074,WASH_MACH,2,0
R32PAK,2075,WASH_MACH,1,0.1
R32PAK,2075,WASH_MACH,2,0
R32PAK,2076,WASH_MACH,1,0.1
R32PAK,2076,WASH_MACH,2,0
R32PAK,2077,WASH_MACH,1,0.1
R32PAK,2077,WASH_MACH,2,0
R32PAK,2078,WASH_MACH,1,0.1
R32PAK,2078,WASH_MACH,2,0
R32PAK,2079,WASH_MACH,1,0.1
R32PAK,2079,WASH_MACH,2,0
R32PAK,2080,WASH_MACH,1,0.1
R32PAK,2080,WASH_MACH,2,0
R32PAK,2081,WASH_MACH,1,0.1
R32PAK,2081,WASH_MACH,2,0
R32PAK,2082,WASH_MACH,1,0.1
R32PAK,2082,WASH_MACH,2,0
R32PAK,2083,WASH_MACH,1,0.1
R32PAK,2083,WASH_MACH,2,0
R32PAK,2084,WASH_MACH,1,0.1
R32PAK,2084,WASH_MACH,2,0
R32PAK,2085,WASH_MACH,1,0.1
R32PAK,2085,WASH_MACH,2,0
R32PAK,2086,WASH_MACH,1,0.1
R32PAK,2086,WASH_MACH,2,0
R32PAK,2087,WASH_MACH,1,0.1
R32PAK,2087,WASH_MACH,2,0
R32PAK,2088,WASH_MACH,1,0.1
R32PAK,2088,WASH_MACH,2,0
R32PAK,2089,WASH_MACH,1,0.1
R32PAK,2089,WASH_MACH,2,0
R32PAK,2090,WASH_MACH,1,0.1
R32PAK,2090,WASH_MACH,2,0
R32PAK,2091,WASH_MACH,1,0.1
R32PAK,2091,WASH_MACH,2,0
R32PAK,2092,WASH_MACH,1,0.1
R32PAK,2092,WASH_MACH,2,0
R32PAK,2093,WASH_MACH,1,0.1
R32PAK,2093,WASH_MACH,2,0
R32PAK,2094,WASH_MACH,1,0.1
R32PAK,2094,WASH_MACH,2,0
R32PAK,2095,WASH_MACH,1,0.1
R32PAK,2095,WASH_MACH,2,0
R32PAK,2096,WASH_MACH,1,0.1
R32PAK,2096,WASH_MACH,2,0
R32PAK,2097,WASH_MACH,1,0.1
R32PAK,2097,WASH_MACH,2,0
R32PAK,2098,WASH_MACH,1,0.1
R32PAK,2098,WASH_MACH,2,0
R32PAK,2099,WASH_MACH,1,0.1
R32PAK,2099,WASH_MACH,2,0
R32PAK,2100,WASH_MACH,1,0.1
R32PAK,2100,WASH_MACH,2,0
R32PAK,2000,WASH_MACH_COM,1,0.1
R32PAK,2000,WASH_MACH_COM,2,0
R32PAK,2001,WASH_MACH_COM,1,0.1
R32PAK,2001,WASH_MACH_COM,2,0
R32PAK,2002,WASH_MACH_COM,1,0.1
R32PAK,2002,WASH_MACH_COM,2,0
R32PAK,2003,WASH_MACH_COM,1,0.1
R32PAK,2003,WASH_MACH_COM,2,0
R32PAK,2004,WASH_MACH_COM,1,0.1
R32PAK,2004,WASH_MACH_COM,2,0
R32PAK,2005,WASH_MACH_COM,1,0.1
R32PAK,2005,WASH_MACH_COM,2,0
R32PAK,2006,WASH_MACH_COM,1,0.1
R32PAK,2006,WASH_MACH_COM,2,0
R32PAK,2007,WASH_MACH_COM,1,0.1
R32PAK,2007,WASH_MACH_COM,2,0
R32PAK,2008,WASH_MACH_COM,1,0.1
R32PAK,2008,WASH_MACH_COM,2,0
R32PAK,2009,WASH_MACH_COM,1,0.1
R32PAK,2009,WASH_MACH_COM,2,0
R32PAK,2010,WASH_MACH_COM,1,0.1
R32PAK,2010,WASH_MACH_COM,2,0
R32PAK,2011,WASH_MACH_COM,1,0.1
R32PAK,2011,WASH_MACH_COM,2,0
R32PAK,2012,WASH_MACH_COM,1,0.1
R32PAK,2012,WASH_MACH_COM,2,0
R32PAK,2013,WASH_MACH_COM,1,0.1
R32PAK,2013,WASH_MACH_COM,2,0
R32PAK,2014,WASH_MACH_COM,1,0.1
R32PAK,2014,WASH_MACH_COM,2,0
R32PAK,2015,WASH_MACH_COM,1,0.1
R32PAK,2015,WASH_MACH_COM,2,0
R32PAK,2016,WASH_MACH_COM,1,0.1
R32PAK,2016,WASH_MACH_COM,2,0
R32PAK,2017,WASH_MACH_COM,1,0.1
R32PAK,2017,WASH_MACH_COM,2,0
R32PAK,2018,WASH_MACH_COM,1,0.1
R32PAK,2018,WASH_MACH_COM,2,0
R32PAK,2019,WASH_MACH_COM,1,0.1
R32PAK,2019,WASH_MACH_COM,2,0
R32PAK,2020,WASH_MACH_COM,1,0.1
R32PAK,2020,WASH_MACH_COM,2,0
R32PAK,2021,WASH_MACH_COM,1,0.1
R32PAK,2021,WASH_MACH_COM,2,0
R32PAK,2022,WASH_MACH_COM,1,0.1
R32PAK,2022,WASH_MACH_COM,2,0
R32PAK,2023,WASH_MACH_COM,1,0.1
R32PAK,2023,WASH_MACH_COM,2,0
R32PAK,2024,WASH_MACH_COM,1,0.1
R32PAK,2024,WASH_MACH_COM,2,0
R32PAK,2025,WASH_MACH_COM,1,0.1
R32PAK,2025,WASH_MACH_COM,2,0
R32PAK,2026,WASH_MACH_COM,1,0.1
R32PAK,2026,WASH_MACH_COM,2,0
R32PAK,2027,WASH_MACH_COM,1,0.1
R32PAK,2027,WASH_MACH_COM,2,0
R32PAK,2028,WASH_MACH_COM,1,0.1
R32PAK,2028,WASH_MACH_COM,2,0
R32PAK,2029,WASH_MACH_COM,1,0.1
R32PAK,2029,WASH_MACH_COM,2,0
R32PAK,2030,WASH_MACH_COM,1,0.1
R32PAK,2030,WASH_MACH_COM,2,0
R32PAK,2031,WASH_MACH_COM,1,0.1
R32PAK,2031,WASH_MACH_COM,2,0
R32PAK,2032,WASH_MACH_COM,1,0.1
R32PAK,2032,WASH_MACH_COM,2,0
R32PAK,2033,WASH_MACH_COM,1,0.1
R32PAK,2033,WASH_MACH_COM,2,0
R32PAK,2034,WASH_MACH_COM,1,0.1
R32PAK,2034,WASH_MACH_COM,2,0
R32PAK,2035,WASH_MACH_COM,1,0.1
R32PAK,2035,WASH_MACH_COM,2,0
R32PAK,2036,WASH_MACH_COM,1,0.1
R32PAK,2036,WASH_MACH_COM,2,0
R32PAK,2037,WASH_MACH_COM,1,0.1
R32PAK,2037,WASH_MACH_COM,2,0
R32PAK,2038,WASH_MACH_COM,1,0.1
R32PAK,2038,WASH_MACH_COM,2,0
R32PAK,2039,WASH_MACH_COM,1,0.1
R32PAK,2039,WASH_MACH_COM,2,0
R32PAK,2040,WASH_MACH_COM,1,0.1
R32PAK,2040,WASH_MACH_COM,2,0
R32PAK,2041,WASH_MACH_COM,1,0.1
R32PAK,2041,WASH_MACH_COM,2,0
R32PAK,2042,WASH_MACH_COM,1,0.1
R32PAK,2042,WASH_MACH_COM,2,0
R32PAK,2043,WASH_MACH_COM,1,0.1
R32PAK,2043,WASH_MACH_COM,2,0
R32PAK,2044,WASH_MACH_COM,1,0.1
R32PAK,2044,WASH_MACH_COM,2,0
R32PAK,2045,WASH_MACH_COM,1,0.1
R32PAK,2045,WASH_MACH_COM,2,0
R32PAK,2046,WASH_MACH_COM,1,0.1
R32PAK,2046,WASH_MACH_COM,2,0
R32PAK,2047,WASH_MACH_COM,1,0.1
R32PAK,2047,WASH_MACH_COM,2,0
R32PAK,2048,WASH_MACH_COM,1,0.1
R32PAK,2048,WASH_MACH_COM,2,0
R32PAK,2049,WASH_MACH_COM,1,0.1
R32PAK,2049,WASH_MACH_COM,2,0
R32PAK,2050,WASH_MACH_COM,1,0.1
R32PAK,2050,WASH_MACH_COM,2,0
R32PAK,2051,WASH_MACH_COM,1,0.1
R32PAK,2051,WASH_MACH_COM,2,0
R32PAK,2052,WASH_MACH_COM,1,0.1
R32PAK,2052,WASH_MACH_COM,2,0
R32PAK,2053,WASH_MACH_COM,1,0.1
R32PAK,2053,WASH_MACH_COM,2,0
R32PAK,2054,WASH_MACH_COM,1,0.1
R32PAK,2054,WASH_MACH_COM,2,0
R32PAK,2055,WASH_MACH_COM,1,0.1
R32PAK,2055,WASH_MACH_COM,2,0
R32PAK,2056,WASH_MACH_COM,1,0.1
R32PAK,2056,WASH_MACH_COM,2,0
R32PAK,2057,WASH_MACH_COM,1,0.1
R32PAK,2057,WASH_MACH_COM,2,0
R32PAK,2058,WASH_MACH_COM,1,0.1
R32PAK,2058,WASH_MACH_COM,2,0
R32PAK,2059,WASH_MACH_COM,1,0.1
R32PAK,2059,WASH_MACH_COM,2,0
R32PAK,2060,WASH_MACH_COM,1,0.1
R32PAK,2060,WASH_MACH_COM,2,0
R32PAK,2061,WASH_MACH_COM,1,0.1
R32PAK,2061,WASH_MACH_COM,2,0
R32PAK,2062,WASH_MACH_COM,1,0.1
R32PAK,2062,WASH_MACH_COM,2,0
R32PAK,2063,WASH_MACH_COM,1,0.1
R32PAK,2063,WASH_MACH_COM,2,0
R32PAK,2064,WASH_MACH_COM,1,0.1
R32PAK,2064,WASH_MACH_COM,2,0
R32PAK,2065,WASH_MACH_COM,1,0.1
R32PAK,2065,WASH_MACH_COM,2,0
R32PAK,2066,WASH_MACH_COM,1,0.1
R32PAK,2066,WASH_MACH_COM,2,0
R32PAK,2067,WASH_MACH_COM,1,0.1
R32PAK,2067,WASH_MACH_COM,2,0
R32PAK,2068,WASH_MACH_COM,1,0.1
R32PAK,2068,WASH_MACH_COM,2,0
R32PAK,2069,WASH_MACH_COM,1,0.1
R32PAK,2069,WASH_MACH_COM,2,0
R32PAK,2070,WASH_MACH_COM,1,0.1
R32PAK,2070,WASH_MACH_COM,2,0
R32PAK,2071,WASH_MACH_COM,1,0.1
R32PAK,2071,WASH_MACH_COM,2,0
R32PAK,2072,WASH_MACH_COM,1,0.1
R32PAK,2072,WASH_MACH_COM,2,0
R32PAK,2073,WASH_MACH_COM,1,0.1
R32PAK,2073,WASH_MACH_COM,2,0
R32PAK,2074,WASH_MACH_COM,1,0.1
R32PAK,2074,WASH_MACH_COM,2,0
R32PAK,2075,WASH_MACH_COM,1,0.1
R32PAK,2075,WASH_MACH_COM,2,0
R32PAK,2076,WASH_MACH_COM,1,0.1
R32PAK,2076,WASH_MACH_COM,2,0
R32PAK,2077,WASH_MACH_COM,1,0.1
R32PAK,2077,WASH_MACH_COM,2,0
R32PAK,2078,WASH_MACH_COM,1,0.1
R32PAK,2078,WASH_MACH_COM,2,0
R32PAK,2079,WASH_MACH_COM,1,0.1
R32PAK,2079,WASH_MACH_COM,2,0
R32PAK,2080,WASH_MACH_COM,1,0.1
R32PAK,2080,WASH_MACH_COM,2,0
R32PAK,2081,WASH_MACH_COM,1,0.1
R32PAK,2081,WASH_MACH_COM,2,0
R32PAK,2082,WASH_MACH_COM,1,0.1
R32PAK,2082,WASH_MACH_COM,2,0
R32PAK,2083,WASH_MACH_COM,1,0.1
R32PAK,2083,WASH_MACH_COM,2,0
R32PAK,2084,WASH_MACH_COM,1,0.1
R32PAK,2084,WASH_MACH_COM,2,0
R32PAK,2085,WASH_MACH_COM,1,0.1
R32PAK,2085,WASH_MACH_COM,2,0
R32PAK,2086,WASH_MACH_COM,1,0.1
R32PAK,2086,WASH_MACH_COM,2,0
R32PAK,2087,WASH_MACH_COM,1,0.1
R32PAK,2087,WASH_MACH_COM,2,0
R32PAK,2088,WASH_MACH_COM,1,0.1
R32PAK,2088,WASH_MACH_COM,2,0
R32PAK,2089,WASH_MACH_COM,1,0.1
R32PAK,2089,WASH_MACH_COM,2,0
R32PAK,2090,WASH_MACH_COM,1,0.1
R32PAK,2090,WASH_MACH_COM,2,0
R32PAK,2091,WASH_MACH_COM,1,0.1
R32PAK,2091,WASH_MACH_COM,2,0
R32PAK,2092,WASH_MACH_COM,1,0.1
R32PAK,2092,WASH_MACH_COM,2,0
R32PAK,2093,WASH_MACH_COM,1,0.1
R32PAK,2093,WASH_MACH_COM,2,0
R32PAK,2094,WASH_MACH_COM,1,0.1
R32PAK,2094,WASH_MACH_COM,2,0
R32PAK,2095,WASH_MACH_COM,1,0.1
R32PAK,2095,WASH_MACH_COM,2,0
R32PAK,2096,WASH_MACH_COM,1,0.1
R32PAK,2096,WASH_MACH_COM,2,0
R32PAK,2097,WASH_MACH_COM,1,0.1
R32PAK,2097,WASH_MACH_COM,2,0
R32PAK,2098,WASH_MACH_COM,1,0.1
R32PAK,2098,WASH_MACH_COM,2,0
R32PAK,2099,WASH_MACH_COM,1,0.1
R32PAK,2099,WASH_MACH_COM,2,0
R32PAK,2100,WASH_MACH_COM,1,0.1
R32PAK,2100,WASH_MACH_COM,2,0
R32RUS,2000,WASH_MACH,1,0.1
R32RUS,2000,WASH_MACH,2,0
R32RUS,2001,WASH_MACH,1,0.1
R32RUS,2001,WASH_MACH,2,0
R32RUS,2002,WASH_MACH,1,0.1
R32RUS,2002,WASH_MACH,2,0
R32RUS,2003,WASH_MACH,1,0.1
R32RUS,2003,WASH_MACH,2,0
R32RUS,2004,WASH_MACH,1,0.1
R32RUS,2004,WASH_MACH,2,0
R32RUS,2005,WASH_MACH,1,0.1
R32RUS,2005,WASH_MACH,2,0
R32RUS,2006,WASH_MACH,1,0.1
R32RUS,2006,WASH_MACH,2,0
R32RUS,2007,WASH_MACH,1,0.1
R32RUS,2007,WASH_MACH,2,0
R32RUS,2008,WASH_MACH,1,0.1
R32RUS,2008,WASH_MACH,2,0
R32RUS,2009,WASH_MACH,1,0.1
R32RUS,2009,WASH_MACH,2,0
R32RUS,2010,WASH_MACH,1,0.1
R32RUS,2010,WASH_MACH,2,0
R32RUS,2011,WASH_MACH,1,0.1
R32RUS,2011,WASH_MACH,2,0
R32RUS,2012,WASH_MACH,1,0.1
R32RUS,2012,WASH_MACH,2,0
R32RUS,2013,WASH_MACH,1,0.1
R32RUS,2013,WASH_MACH,2,0
R32RUS,2014,WASH_MACH,1,0.1
R32RUS,2014,WASH_MACH,2,0
R32RUS,2015,WASH_MACH,1,0.1
R32RUS,2015,WASH_MACH,2,0
R32RUS,2016,WASH_MACH,1,0.1
R32RUS,2016,WASH_MACH,2,0
R32RUS,2017,WASH_MACH,1,0.1
R32RUS,2017,WASH_MACH,2,0
R32RUS,2018,WASH_MACH,1,0.1
R32RUS,2018,WASH_MACH,2,0
R32RUS,2019,WASH_MACH,1,0.1
R32RUS,2019,WASH_MACH,2,0
R32RUS,2020,WASH_MACH,1,0.1
R32RUS,2020,WASH_MACH,2,0
R32RUS,2021,WASH_MACH,1,0.1
R32RUS,2021,WASH_MACH,2,0
R32RUS,2022,WASH_MACH,1,0.1
R32RUS,2022,WASH_MACH,2,0
R32RUS,2023,WASH_MACH,1,0.1
R32RUS,2023,WASH_MACH,2,0
R32RUS,2024,WASH_MACH,1,0.1
R32RUS,2024,WASH_MACH,2,0
R32RUS,2025,WASH_MACH,1,0.1
R32RUS,2025,WASH_MACH,2,0
R32RUS,2026,WASH_MACH,1,0.1
R32RUS,2026,WASH_MACH,2,0
R32RUS,2027,WASH_MACH,1,0.1
R32RUS,2027,WASH_MACH,2,0
R32RUS,2028,WASH_MACH,1,0.1
R32RUS,2028,WASH_MACH,2,0
R32RUS,2029,WASH_MACH,1,0.1
R32RUS,2029,WASH_MACH,2,0
R32RUS,2030,WASH_MACH,1,0.1
R32RUS,2030,WASH_MACH,2,0
R32RUS,2031,WASH_MACH,1,0.1
R32RUS,2031,WASH_MACH,2,0
R32RUS,2032,WASH_MACH,1,0.1
R32RUS,2032,WASH_MACH,2,0
R32RUS,2033,WASH_MACH,1,0.1
R32RUS,2033,WASH_MACH,2,0
R32RUS,2034,WASH_MACH,1,0.1
R32RUS,2034,WASH_MACH,2,0
R32RUS,2035,WASH_MACH,1,0.1
R32RUS,2035,WASH_MACH,2,0
R32RUS,2036,WASH_MACH,1,0.1
R32RUS,2036,WASH_MACH,2,0
R32RUS,2037,WASH_MACH,1,0.1
R32RUS,2037,WASH_MACH,2,0
R32RUS,2038,WASH_MACH,1,0.1
R32RUS,2038,WASH_MACH,2,0
R32RUS,2039,WASH_MACH,1,0.1
R32RUS,2039,WASH_MACH,2,0
R32RUS,2040,WASH_MACH,1,0.1
R32RUS,2040,WASH_MACH,2,0
R32RUS,2041,WASH_MACH,1,0.1
R32RUS,2041,WASH_MACH,2,0
R32RUS,2042,WASH_MACH,1,0.1
R32RUS,2042,WASH_MACH,2,0
R32RUS,2043,WASH_MACH,1,0.1
R32RUS,2043,WASH_MACH,2,0
R32RUS,2044,WASH_MACH,1,0.1
R32RUS,2044,WASH_MACH,2,0
R32RUS,2045,WASH_MACH,1,0.1
R32RUS,2045,WASH_MACH,2,0
R32RUS,2046,WASH_MACH,1,0.1
R32RUS,2046,WASH_MACH,2,0
R32RUS,2047,WASH_MACH,1,0.1
R32RUS,2047,WASH_MACH,2,0
R32RUS,2048,WASH_MACH,1,0.1
R32RUS,2048,WASH_MACH,2,0
R32RUS,2049,WASH_MACH,1,0.1
R32RUS,2049,WASH_MACH,2,0
R32RUS,2050,WASH_MACH,1,0.1
R32RUS,2050,WASH_MACH,2,0
R32RUS,2051,WASH_MACH,1,0.1
R32RUS,2051,WASH_MACH,2,0
R32RUS,2052,WASH_MACH,1,0.1
R32RUS,2052,WASH_MACH,2,0
R32RUS,2053,WASH_MACH,1,0.1
R32RUS,2053,WASH_MACH,2,0
R32RUS,2054,WASH_MACH,1,0.1
R32RUS,2054,WASH_MACH,2,0
R32RUS,2055,WASH_MACH,1,0.1
R32RUS,2055,WASH_MACH,2,0
R32RUS,2056,WASH_MACH,1,0.1
R32RUS,2056,WASH_MACH,2,0
R32RUS,2057,WASH_MACH,1,0.1
R32RUS,2057,WASH_MACH,2,0
R32RUS,2058,WASH_MACH,1,0.1
R32RUS,2058,WASH_MACH,2,0
R32RUS,2059,WASH_MACH,1,0.1
R32RUS,2059,WASH_MACH,2,0
R32RUS,2060,WASH_MACH,1,0.1
R32RUS,2060,WASH_MACH,2,0
R32RUS,2061,WASH_MACH,1,0.1
R32RUS,2061,WASH_MACH,2,0
R32RUS,2062,WASH_MACH,1,0.1
R32RUS,2062,WASH_MACH,2,0
R32RUS,2063,WASH_MACH,1,0.1
R32RUS,2063,WASH_MACH,2,0
R32RUS,2064,WASH_MACH,1,0.1
R32RUS,2064,WASH_MACH,2,0
R32RUS,2065,WASH_MACH,1,0.1
R32RUS,2065,WASH_MACH,2,0
R32RUS,2066,WASH_MACH,1,0.1
R32RUS,2066,WASH_MACH,2,0
R32RUS,2067,WASH_MACH,1,0.1
R32RUS,2067,WASH_MACH,2,0
R32RUS,2068,WASH_MACH,1,0.1
R32RUS,2068,WASH_MACH,2,0
R32RUS,2069,WASH_MACH,1,0.1
R32RUS,2069,WASH_MACH,2,0
R32RUS,2070,WASH_MACH,1,0.1
R32RUS,2070,WASH_MACH,2,0
R32RUS,2071,WASH_MACH,1,0.1
R32RUS,2071,WASH_MACH,2,0
R32RUS,2072,WASH_MACH,1,0.1
R32RUS,2072,WASH_MACH,2,0
R32RUS,2073,WASH_MACH,1,0.1
R32RUS,2073,WASH_MACH,2,0
R32RUS,2074,WASH_MACH,1,0.1
R32RUS,2074,WASH_MACH,2,0
R32RUS,2075,WASH_MACH,1,0.1
R32RUS,2075,WASH_MACH,2,0
R32RUS,2076,WASH_MACH,1,0.1
R32RUS,2076,WASH_MACH,2,0
R32RUS,2077,WASH_MACH,1,0.1
R32RUS,2077,WASH_MACH,2,0
R32RUS,2078,WASH_MACH,1,0.1
R32RUS,2078,WASH_MACH,2,0
R32RUS,2079,WASH_MACH,1,0.1
R32RUS,2079,WASH_MACH,2,0
R32RUS,2080,WASH_MACH,1,0.1
R32RUS,2080,WASH_MACH,2,0
R32RUS,2081,WASH_MACH,1,0.1
R32RUS,2081,WASH_MACH,2,0
R32RUS,2082,WASH_MACH,1,0.1
R32RUS,2082,WASH_MACH,2,0
R32RUS,2083,WASH_MACH,1,0.1
R32RUS,2083,WASH_MACH,2,0
R32RUS,2084,WASH_MACH,1,0.1
R32RUS,2084,WASH_MACH,2,0
R32RUS,2085,WASH_MACH,1,0.1
R32RUS,2085,WASH_MACH,2,0
R32RUS,2086,WASH_MACH,1,0.1
R32RUS,2086,WASH_MACH,2,0
R32RUS,2087,WASH_MACH,1,0.1
R32RUS,2087,WASH_MACH,2,0
R32RUS,2088,WASH_MACH,1,0.1
R32RUS,2088,WASH_MACH,2,0
R32RUS,2089,WASH_MACH,1,0.1
R32RUS,2089,WASH_MACH,2,0
R32RUS,2090,WASH_MACH,1,0.1
R32RUS,2090,WASH_MACH,2,0
R32RUS,2091,WASH_MACH,1,0.1
R32RUS,2091,WASH_MACH,2,0
R32RUS,2092,WASH_MACH,1,0.1
R32RUS,2092,WASH_MACH,2,0
R32RUS,2093,WASH_MACH,1,0.1
R32RUS,2093,WASH_MACH,2,0
R32RUS,2094,WASH_MACH,1,0.1
R32RUS,2094,WASH_MACH,2,0
R32RUS,2095,WASH_MACH,1,0.1
R32RUS,2095,WASH_MACH,2,0
R32RUS,2096,WASH_MACH,1,0.1
R32RUS,2096,WASH_MACH,2,0
R32RUS,2097,WASH_MACH,1,0.1
R32RUS,2097,WASH_MACH,2,0
R32RUS,2098,WASH_MACH,1,0.1
R32RUS,2098,WASH_MACH,2,0
R32RUS,2099,WASH_MACH,1,0.1
R32RUS,2099,WASH_MACH,2,0
R32RUS,2100,WASH_MACH,1,0.1
R32RUS,2100,WASH_MACH,2,0
R32RUS,2000,WASH_MACH_COM,1,0.1
R32RUS,2000,WASH_MACH_COM,2,0
R32RUS,2001,WASH_MACH_COM,1,0.1
R32RUS,2001,WASH_MACH_COM,2,0
R32RUS,2002,WASH_MACH_COM,1,0.1
R32RUS,2002,WASH_MACH_COM,2,0
R32RUS,2003,WASH_MACH_COM,1,0.1
R32RUS,2003,WASH_MACH_COM,2,0
R32RUS,2004,WASH_MACH_COM,1,0.1
R32RUS,2004,WASH_MACH_COM,2,0
R32RUS,2005,WASH_MACH_COM,1,0.1
R32RUS,2005,WASH_MACH_COM,2,0
R32RUS,2006,WASH_MACH_COM,1,0.1
R32RUS,2006,WASH_MACH_COM,2,0
R32RUS,2007,WASH_MACH_COM,1,0.1
R32RUS,2007,WASH_MACH_COM,2,0
R32RUS,2008,WASH_MACH_COM,1,0.1
R32RUS,2008,WASH_MACH_COM,2,0
R32RUS,2009,WASH_MACH_COM,1,0.1
R32RUS,2009,WASH_MACH_COM,2,0
R32RUS,2010,WASH_MACH_COM,1,0.1
R32RUS,2010,WASH_MACH_COM,2,0
R32RUS,2011,WASH_MACH_COM,1,0.1
R32RUS,2011,WASH_MACH_COM,2,0
R32RUS,2012,WASH_MACH_COM,1,0.1
R32RUS,2012,WASH_MACH_COM,2,0
R32RUS,2013,WASH_MACH_COM,1,0.1
R32RUS,2013,WASH_MACH_COM,2,0
R32RUS,2014,WASH_MACH_COM,1,0.1
R32RUS,2014,WASH_MACH_COM,2,0
R32RUS,2015,WASH_MACH_COM,1,0.1
R32RUS,2015,WASH_MACH_COM,2,0
R32RUS,2016,WASH_MACH_COM,1,0.1
R32RUS,2016,WASH_MACH_COM,2,0
R32RUS,2017,WASH_MACH_COM,1,0.1
R32RUS,2017,WASH_MACH_COM,2,0
R32RUS,2018,WASH_MACH_COM,1,0.1
R32RUS,2018,WASH_MACH_COM,2,0
R32RUS,2019,WASH_MACH_COM,1,0.1
R32RUS,2019,WASH_MACH_COM,2,0
R32RUS,2020,WASH_MACH_COM,1,0.1
R32RUS,2020,WASH_MACH_COM,2,0
R32RUS,2021,WASH_MACH_COM,1,0.1
R32RUS,2021,WASH_MACH_COM,2,0
R32RUS,2022,WASH_MACH_COM,1,0.1
R32RUS,2022,WASH_MACH_COM,2,0
R32RUS,2023,WASH_MACH_COM,1,0.1
R32RUS,2023,WASH_MACH_COM,2,0
R32RUS,2024,WASH_MACH_COM,1,0.1
R32RUS,2024,WASH_MACH_COM,2,0
R32RUS,2025,WASH_MACH_COM,1,0.1
R32RUS,2025,WASH_MACH_COM,2,0
R32RUS,2026,WASH_MACH_COM,1,0.1
R32RUS,2026,WASH_MACH_COM,2,0
R32RUS,2027,WASH_MACH_COM,1,0.1
R32RUS,2027,WASH_MACH_COM,2,0
R32RUS,2028,WASH_MACH_COM,1,0.1
R32RUS,2028,WASH_MACH_COM,2,0
R32RUS,2029,WASH_MACH_COM,1,0.1
R32RUS,2029,WASH_MACH_COM,2,0
R32RUS,2030,WASH_MACH_COM,1,0.1
R32RUS,2030,WASH_MACH_COM,2,0
R32RUS,2031,WASH_MACH_COM,1,0.1
R32RUS,2031,WASH_MACH_COM,2,0
R32RUS,2032,WASH_MACH_COM,1,0.1
R32RUS,2032,WASH_MACH_COM,2,0
R32RUS,2033,WASH_MACH_COM,1,0.1
R32RUS,2033,WASH_MACH_COM,2,0
R32RUS,2034,WASH_MACH_COM,1,0.1
R32RUS,2034,WASH_MACH_COM,2,0
R32RUS,2035,WASH_MACH_COM,1,0.1
R32RUS,2035,WASH_MACH_COM,2,0
R32RUS,2036,WASH_MACH_COM,1,0.1
R32RUS,2036,WASH_MACH_COM,2,0
R32RUS,2037,WASH_MACH_COM,1,0.1
R32RUS,2037,WASH_MACH_COM,2,0
R32RUS,2038,WASH_MACH_COM,1,0.1
R32RUS,2038,WASH_MACH_COM,2,0
R32RUS,2039,WASH_MACH_COM,1,0.1
R32RUS,2039,WASH_MACH_COM,2,0
R32RUS,2040,WASH_MACH_COM,1,0.1
R32RUS,2040,WASH_MACH_COM,2,0
R32RUS,2041,WASH_MACH_COM,1,0.1
R32RUS,2041,WASH_MACH_COM,2,0
R32RUS,2042,WASH_MACH_COM,1,0.1
R32RUS,2042,WASH_MACH_COM,2,0
R32RUS,2043,WASH_MACH_COM,1,0.1
R32RUS,2043,WASH_MACH_COM,2,0
R32RUS,2044,WASH_MACH_COM,1,0.1
R32RUS,2044,WASH_MACH_COM,2,0
R32RUS,2045,WASH_MACH_COM,1,0.1
R32RUS,2045,WASH_MACH_COM,2,0
R32RUS,2046,WASH_MACH_COM,1,0.1
R32RUS,2046,WASH_MACH_COM,2,0
R32RUS,2047,WASH_MACH_COM,1,0.1
R32RUS,2047,WASH_MACH_COM,2,0
R32RUS,2048,WASH_MACH_COM,1,0.1
R32RUS,2048,WASH_MACH_COM,2,0
R32RUS,2049,WASH_MACH_COM,1,0.1
R32RUS,2049,WASH_MACH_COM,2,0
R32RUS,2050,WASH_MACH_COM,1,0.1
R32RUS,2050,WASH_MACH_COM,2,0
R32RUS,2051,WASH_MACH_COM,1,0.1
R32RUS,2051,WASH_MACH_COM,2,0
R32RUS,2052,WASH_MACH_COM,1,0.1
R32RUS,2052,WASH_MACH_COM,2,0
R32RUS,2053,WASH_MACH_COM,1,0.1
R32RUS,2053,WASH_MACH_COM,2,0
R32RUS,2054,WASH_MACH_COM,1,0.1
R32RUS,2054,WASH_MACH_COM,2,0
R32RUS,2055,WASH_MACH_COM,1,0.1
R32RUS,2055,WASH_MACH_COM,2,0
R32RUS,2056,WASH_MACH_COM,1,0.1
R32RUS,2056,WASH_MACH_COM,2,0
R32RUS,2057,WASH_MACH_COM,1,0.1
R32RUS,2057,WASH_MACH_COM,2,0
R32RUS,2058,WASH_MACH_COM,1,0.1
R32RUS,2058,WASH_MACH_COM,2,0
R32RUS,2059,WASH_MACH_COM,1,0.1
R32RUS,2059,WASH_MACH_COM,2,0
R32RUS,2060,WASH_MACH_COM,1,0.1
R32RUS,2060,WASH_MACH_COM,2,0
R32RUS,2061,WASH_MACH_COM,1,0.1
R32RUS,2061,WASH_MACH_COM,2,0
R32RUS,2062,WASH_MACH_COM,1,0.1
R32RUS,2062,WASH_MACH_COM,2,0
R32RUS,2063,WASH_MACH_COM,1,0.1
R32RUS,2063,WASH_MACH_COM,2,0
R32RUS,2064,WASH_MACH_COM,1,0.1
R32RUS,2064,WASH_MACH_COM,2,0
R32RUS,2065,WASH_MACH_COM,1,0.1
R32RUS,2065,WASH_MACH_COM,2,0
R32RUS,2066,WASH_MACH_COM,1,0.1
R32RUS,2066,WASH_MACH_COM,2,0
R32RUS,2067,WASH_MACH_COM,1,0.1
R32RUS,2067,WASH_MACH_COM,2,0
R32RUS,2068,WASH_MACH_COM,1,0.1
R32RUS,2068,WASH_MACH_COM,2,0
R32RUS,2069,WASH_MACH_COM,1,0.1
R32RUS,2069,WASH_MACH_COM,2,0
R32RUS,2070,WASH_MACH_COM,1,0.1
R32RUS,2070,WASH_MACH_COM,2,0
R32RUS,2071,WASH_MACH_COM,1,0.1
R32RUS,2071,WASH_MACH_COM,2,0
R32RUS,2072,WASH_MACH_COM,1,0.1
R32RUS,2072,WASH_MACH_COM,2,0
R32RUS,2073,WASH_MACH_COM,1,0.1
R32RUS,2073,WASH_MACH_COM,2,0
R32RUS,2074,WASH_MACH_COM,1,0.1
R32RUS,2074,WASH_MACH_COM,2,0
R32RUS,2075,WASH_MACH_COM,1,0.1
R32RUS,2075,WASH_MACH_COM,2,0
R32RUS,2076,WASH_MACH_COM,1,0.1
R32RUS,2076,WASH_MACH_COM,2,0
R32RUS,2077,WASH_MACH_COM,1,0.1
R32RUS,2077,WASH_MACH_COM,2,0
R32RUS,2078,WASH_MACH_COM,1,0.1
R32RUS,2078,WASH_MACH_COM,2,0
R32RUS,2079,WASH_MACH_COM,1,0.1
R32RUS,2079,WASH_MACH_COM,2,0
R32RUS,2080,WASH_MACH_COM,1,0.1
R32RUS,2080,WASH_MACH_COM,2,0
R32RUS,2081,WASH_MACH_COM,1,0.1
R32RUS,2081,WASH_MACH_COM,2,0
R32RUS,2082,WASH_MACH_COM,1,0.1
R32RUS,2082,WASH_MACH_COM,2,0
R32RUS,2083,WASH_MACH_COM,1,0.1
R32RUS,2083,WASH_MACH_COM,2,0
R32RUS,2084,WASH_MACH_COM,1,0.1
R32RUS,2084,WASH_MACH_COM,2,0
R32RUS,2085,WASH_MACH_COM,1,0.1
R32RUS,2085,WASH_MACH_COM,2,0
R32RUS,2086,WASH_MACH_COM,1,0.1
R32RUS,2086,WASH_MACH_COM,2,0
R32RUS,2087,WASH_MACH_COM,1,0.1
R32RUS,2087,WASH_MACH_COM,2,0
R32RUS,2088,WASH_MACH_COM,1,0.1
R32RUS,2088,WASH_MACH_COM,2,0
R32RUS,2089,WASH_MACH_COM,1,0.1
R32RUS,2089,WASH_MACH_COM,2,0
R32RUS,2090,WASH_MACH_COM,1,0.1
R32RUS,2090,WASH_MACH_COM,2,0
R32RUS,2091,WASH_MACH_COM,1,0.1
R32RUS,2091,WASH_MACH_COM,2,0
R32RUS,2092,WASH_MACH_COM,1,0.1
R32RUS,2092,WASH_MACH_COM,2,0
R32RUS,2093,WASH_MACH_COM,1,0.1
R32RUS,2093,WASH_MACH_COM,2,0
R32RUS,2094,WASH_MACH_COM,1,0.1
R32RUS,2094,WASH_MACH_COM,2,0
R32RUS,2095,WASH_MACH_COM,1,0.1
R32RUS,2095,WASH_MACH_COM,2,0
R32RUS,2096,WASH_MACH_COM,1,0.1
R32RUS,2096,WASH_MACH_COM,2,0
R32RUS,2097,WASH_MACH_COM,1,0.1
R32RUS,2097,WASH_MACH_COM,2,0
R32RUS,2098,WASH_MACH_COM,1,0.1
R32RUS,2098,WASH_MACH_COM,2,0
R32RUS,2099,WASH_MACH_COM,1,0.1
R32RUS,2099,WASH_MACH_COM,2,0
R32RUS,2100,WASH_MACH_COM,1,0.1
R32RUS,2100,WASH_MACH_COM,2,0
R32SAF,2000,WASH_MACH,1,0.1
R32SAF,2000,WASH_MACH,2,0
R32SAF,2001,WASH_MACH,1,0.1
R32SAF,2001,WASH_MACH,2,0
R32SAF,2002,WASH_MACH,1,0.1
R32SAF,2002,WASH_MACH,2,0
R32SAF,2003,WASH_MACH,1,0.1
R32SAF,2003,WASH_MACH,2,0
R32SAF,2004,WASH_MACH,1,0.1
R32SAF,2004,WASH_MACH,2,0
R32SAF,2005,WASH_MACH,1,0.1
R32SAF,2005,WASH_MACH,2,0
R32SAF,2006,WASH_MACH,1,0.1
R32SAF,2006,WASH_MACH,2,0
R32SAF,2007,WASH_MACH,1,0.1
R32SAF,2007,WASH_MACH,2,0
R32SAF,2008,WASH_MACH,1,0.1
R32SAF,2008,WASH_MACH,2,0
R32SAF,2009,WASH_MACH,1,0.1
R32SAF,2009,WASH_MACH,2,0
R32SAF,2010,WASH_MACH,1,0.1
R32SAF,2010,WASH_MACH,2,0
R32SAF,2011,WASH_MACH,1,0.1
R32SAF,2011,WASH_MACH,2,0
R32SAF,2012,WASH_MACH,1,0.1
R32SAF,2012,WASH_MACH,2,0
R32SAF,2013,WASH_MACH,1,0.1
R32SAF,2013,WASH_MACH,2,0
R32SAF,2014,WASH_MACH,1,0.1
R32SAF,2014,WASH_MACH,2,0
R32SAF,2015,WASH_MACH,1,0.1
R32SAF,2015,WASH_MACH,2,0
R32SAF,2016,WASH_MACH,1,0.1
R32SAF,2016,WASH_MACH,2,0
R32SAF,2017,WASH_MACH,1,0.1
R32SAF,2017,WASH_MACH,2,0
R32SAF,2018,WASH_MACH,1,0.1
R32SAF,2018,WASH_MACH,2,0
R32SAF,2019,WASH_MACH,1,0.1
R32SAF,2019,WASH_MACH,2,0
R32SAF,2020,WASH_MACH,1,0.1
R32SAF,2020,WASH_MACH,2,0
R32SAF,2021,WASH_MACH,1,0.1
R32SAF,2021,WASH_MACH,2,0
R32SAF,2022,WASH_MACH,1,0.1
R32SAF,2022,WASH_MACH,2,0
R32SAF,2023,WASH_MACH,1,0.1
R32SAF,2023,WASH_MACH,2,0
R32SAF,2024,WASH_MACH,1,0.1
R32SAF,2024,WASH_MACH,2,0
R32SAF,2025,WASH_MACH,1,0.1
R32SAF,2025,WASH_MACH,2,0
R32SAF,2026,WASH_MACH,1,0.1
R32SAF,2026,WASH_MACH,2,0
R32SAF,2027,WASH_MACH,1,0.1
R32SAF,2027,WASH_MACH,2,0
R32SAF,2028,WASH_MACH,1,0.1
R32SAF,2028,WASH_MACH,2,0
R32SAF,2029,WASH_MACH,1,0.1
R32SAF,2029,WASH_MACH,2,0
R32SAF,2030,WASH_MACH,1,0.1
R32SAF,2030,WASH_MACH,2,0
R32SAF,2031,WASH_MACH,1,0.1
R32SAF,2031,WASH_MACH,2,0
R32SAF,2032,WASH_MACH,1,0.1
R32SAF,2032,WASH_MACH,2,0
R32SAF,2033,WASH_MACH,1,0.1
R32SAF,2033,WASH_MACH,2,0
R32SAF,2034,WASH_MACH,1,0.1
R32SAF,2034,WASH_MACH,2,0
R32SAF,2035,WASH_MACH,1,0.1
R32SAF,2035,WASH_MACH,2,0
R32SAF,2036,WASH_MACH,1,0.1
R32SAF,2036,WASH_MACH,2,0
R32SAF,2037,WASH_MACH,1,0.1
R32SAF,2037,WASH_MACH,2,0
R32SAF,2038,WASH_MACH,1,0.1
R32SAF,2038,WASH_MACH,2,0
R32SAF,2039,WASH_MACH,1,0.1
R32SAF,2039,WASH_MACH,2,0
R32SAF,2040,WASH_MACH,1,0.1
R32SAF,2040,WASH_MACH,2,0
R32SAF,2041,WASH_MACH,1,0.1
R32SAF,2041,WASH_MACH,2,0
R32SAF,2042,WASH_MACH,1,0.1
R32SAF,2042,WASH_MACH,2,0
R32SAF,2043,WASH_MACH,1,0.1
R32SAF,2043,WASH_MACH,2,0
R32SAF,2044,WASH_MACH,1,0.1
R32SAF,2044,WASH_MACH,2,0
R32SAF,2045,WASH_MACH,1,0.1
R32SAF,2045,WASH_MACH,2,0
R32SAF,2046,WASH_MACH,1,0.1
R32SAF,2046,WASH_MACH,2,0
R32SAF,2047,WASH_MACH,1,0.1
R32SAF,2047,WASH_MACH,2,0
R32SAF,2048,WASH_MACH,1,0.1
R32SAF,2048,WASH_MACH,2,0
R32SAF,2049,WASH_MACH,1,0.1
R32SAF,2049,WASH_MACH,2,0
R32SAF,2050,WASH_MACH,1,0.1
R32SAF,2050,WASH_MACH,2,0
R32SAF,2051,WASH_MACH,1,0.1
R32SAF,2051,WASH_MACH,2,0
R32SAF,2052,WASH_MACH,1,0.1
R32SAF,2052,WASH_MACH,2,0
R32SAF,2053,WASH_MACH,1,0.1
R32SAF,2053,WASH_MACH,2,0
R32SAF,2054,WASH_MACH,1,0.1
R32SAF,2054,WASH_MACH,2,0
R32SAF,2055,WASH_MACH,1,0.1
R32SAF,2055,WASH_MACH,2,0
R32SAF,2056,WASH_MACH,1,0.1
R32SAF,2056,WASH_MACH,2,0
R32SAF,2057,WASH_MACH,1,0.1
R32SAF,2057,WASH_MACH,2,0
R32SAF,2058,WASH_MACH,1,0.1
R32SAF,2058,WASH_MACH,2,0
R32SAF,2059,WASH_MACH,1,0.1
R32SAF,2059,WASH_MACH,2,0
R32SAF,2060,WASH_MACH,1,0.1
R32SAF,2060,WASH_MACH,2,0
R32SAF,2061,WASH_MACH,1,0.1
R32SAF,2061,WASH_MACH,2,0
R32SAF,2062,WASH_MACH,1,0.1
R32SAF,2062,WASH_MACH,2,0
R32SAF,2063,WASH_MACH,1,0.1
R32SAF,2063,WASH_MACH,2,0
R32SAF,2064,WASH_MACH,1,0.1
R32SAF,2064,WASH_MACH,2,0
R32SAF,2065,WASH_MACH,1,0.1
R32SAF,2065,WASH_MACH,2,0
R32SAF,2066,WASH_MACH,1,0.1
R32SAF,2066,WASH_MACH,2,0
R32SAF,2067,WASH_MACH,1,0.1
R32SAF,2067,WASH_MACH,2,0
R32SAF,2068,WASH_MACH,1,0.1
R32SAF,2068,WASH_MACH,2,0
R32SAF,2069,WASH_MACH,1,0.1
R32SAF,2069,WASH_MACH,2,0
R32SAF,2070,WASH_MACH,1,0.1
R32SAF,2070,WASH_MACH,2,0
R32SAF,2071,WASH_MACH,1,0.1
R32SAF,2071,WASH_MACH,2,0
R32SAF,2072,WASH_MACH,1,0.1
R32SAF,2072,WASH_MACH,2,0
R32SAF,2073,WASH_MACH,1,0.1
R32SAF,2073,WASH_MACH,2,0
R32SAF,2074,WASH_MACH,1,0.1
R32SAF,2074,WASH_MACH,2,0
R32SAF,2075,WASH_MACH,1,0.1
R32SAF,2075,WASH_MACH,2,0
R32SAF,2076,WASH_MACH,1,0.1
R32SAF,2076,WASH_MACH,2,0
R32SAF,2077,WASH_MACH,1,0.1
R32SAF,2077,WASH_MACH,2,0
R32SAF,2078,WASH_MACH,1,0.1
R32SAF,2078,WASH_MACH,2,0
R32SAF,2079,WASH_MACH,1,0.1
R32SAF,2079,WASH_MACH,2,0
R32SAF,2080,WASH_MACH,1,0.1
R32SAF,2080,WASH_MACH,2,0
R32SAF,2081,WASH_MACH,1,0.1
R32SAF,2081,WASH_MACH,2,0
R32SAF,2082,WASH_MACH,1,0.1
R32SAF,2082,WASH_MACH,2,0
R32SAF,2083,WASH_MACH,1,0.1
R32SAF,2083,WASH_MACH,2,0
R32SAF,2084,WASH_MACH,1,0.1
R32SAF,2084,WASH_MACH,2,0
R32SAF,2085,WASH_MACH,1,0.1
R32SAF,2085,WASH_MACH,2,0
R32SAF,2086,WASH_MACH,1,0.1
R32SAF,2086,WASH_MACH,2,0
R32SAF,2087,WASH_MACH,1,0.1
R32SAF,2087,WASH_MACH,2,0
R32SAF,2088,WASH_MACH,1,0.1
R32SAF,2088,WASH_MACH,2,0
R32SAF,2089,WASH_MACH,1,0.1
R32SAF,2089,WASH_MACH,2,0
R32SAF,2090,WASH_MACH,1,0.1
R32SAF,2090,WASH_MACH,2,0
R32SAF,2091,WASH_MACH,1,0.1
R32SAF,2091,WASH_MACH,2,0
R32SAF,2092,WASH_MACH,1,0.1
R32SAF,2092,WASH_MACH,2,0
R32SAF,2093,WASH_MACH,1,0.1
R32SAF,2093,WASH_MACH,2,0
R32SAF,2094,WASH_MACH,1,0.1
R32SAF,2094,WASH_MACH,2,0
R32SAF,2095,WASH_MACH,1,0.1
R32SAF,2095,WASH_MACH,2,0
R32SAF,2096,WASH_MACH,1,0.1
R32SAF,2096,WASH_MACH,2,0
R32SAF,2097,WASH_MACH,1,0.1
R32SAF,2097,WASH_MACH,2,0
R32SAF,2098,WASH_MACH,1,0.1
R32SAF,2098,WASH_MACH,2,0
R32SAF,2099,WASH_MACH,1,0.1
R32SAF,2099,WASH_MACH,2,0
R32SAF,2100,WASH_MACH,1,0.1
R32SAF,2100,WASH_MACH,2,0
R32SAF,2000,WASH_MACH_COM,1,0.1
R32SAF,2000,WASH_MACH_COM,2,0
R32SAF,2001,WASH_MACH_COM,1,0.1
R32SAF,2001,WASH_MACH_COM,2,0
R32SAF,2002,WASH_MACH_COM,1,0.1
R32SAF,2002,WASH_MACH_COM,2,0
R32SAF,2003,WASH_MACH_COM,1,0.1
R32SAF,2003,WASH_MACH_COM,2,0
R32SAF,2004,WASH_MACH_COM,1,0.1
R32SAF,2004,WASH_MACH_COM,2,0
R32SAF,2005,WASH_MACH_COM,1,0.1
R32SAF,2005,WASH_MACH_COM,2,0
R32SAF,2006,WASH_MACH_COM,1,0.1
R32SAF,2006,WASH_MACH_COM,2,0
R32SAF,2007,WASH_MACH_COM,1,0.1
R32SAF,2007,WASH_MACH_COM,2,0
R32SAF,2008,WASH_MACH_COM,1,0.1
R32SAF,2008,WASH_MACH_COM,2,0
R32SAF,2009,WASH_MACH_COM,1,0.1
R32SAF,2009,WASH_MACH_COM,2,0
R32SAF,2010,WASH_MACH_COM,1,0.1
R32SAF,2010,WASH_MACH_COM,2,0
R32SAF,2011,WASH_MACH_COM,1,0.1
R32SAF,2011,WASH_MACH_COM,2,0
R32SAF,2012,WASH_MACH_COM,1,0.1
R32SAF,2012,WASH_MACH_COM,2,0
R32SAF,2013,WASH_MACH_COM,1,0.1
R32SAF,2013,WASH_MACH_COM,2,0
R32SAF,2014,WASH_MACH_COM,1,0.1
R32SAF,2014,WASH_MACH_COM,2,0
R32SAF,2015,WASH_MACH_COM,1,0.1
R32SAF,2015,WASH_MACH_COM,2,0
R32SAF,2016,WASH_MACH_COM,1,0.1
R32SAF,2016,WASH_MACH_COM,2,0
R32SAF,2017,WASH_MACH_COM,1,0.1
R32SAF,2017,WASH_MACH_COM,2,0
R32SAF,2018,WASH_MACH_COM,1,0.1
R32SAF,2018,WASH_MACH_COM,2,0
R32SAF,2019,WASH_MACH_COM,1,0.1
R32SAF,2019,WASH_MACH_COM,2,0
R32SAF,2020,WASH_MACH_COM,1,0.1
R32SAF,2020,WASH_MACH_COM,2,0
R32SAF,2021,WASH_MACH_COM,1,0.1
R32SAF,2021,WASH_MACH_COM,2,0
R32SAF,2022,WASH_MACH_COM,1,0.1
R32SAF,2022,WASH_MACH_COM,2,0
R32SAF,2023,WASH_MACH_COM,1,0.1
R32SAF,2023,WASH_MACH_COM,2,0
R32SAF,2024,WASH_MACH_COM,1,0.1
R32SAF,2024,WASH_MACH_COM,2,0
R32SAF,2025,WASH_MACH_COM,1,0.1
R32SAF,2025,WASH_MACH_COM,2,0
R32SAF,2026,WASH_MACH_COM,1,0.1
R32SAF,2026,WASH_MACH_COM,2,0
R32SAF,2027,WASH_MACH_COM,1,0.1
R32SAF,2027,WASH_MACH_COM,2,0
R32SAF,2028,WASH_MACH_COM,1,0.1
R32SAF,2028,WASH_MACH_COM,2,0
R32SAF,2029,WASH_MACH_COM,1,0.1
R32SAF,2029,WASH_MACH_COM,2,0
R32SAF,2030,WASH_MACH_COM,1,0.1
R32SAF,2030,WASH_MACH_COM,2,0
R32SAF,2031,WASH_MACH_COM,1,0.1
R32SAF,2031,WASH_MACH_COM,2,0
R32SAF,2032,WASH_MACH_COM,1,0.1
R32SAF,2032,WASH_MACH_COM,2,0
R32SAF,2033,WASH_MACH_COM,1,0.1
R32SAF,2033,WASH_MACH_COM,2,0
R32SAF,2034,WASH_MACH_COM,1,0.1
R32SAF,2034,WASH_MACH_COM,2,0
R32SAF,2035,WASH_MACH_COM,1,0.1
R32SAF,2035,WASH_MACH_COM,2,0
R32SAF,2036,WASH_MACH_COM,1,0.1
R32SAF,2036,WASH_MACH_COM,2,0
R32SAF,2037,WASH_MACH_COM,1,0.1
R32SAF,2037,WASH_MACH_COM,2,0
R32SAF,2038,WASH_MACH_COM,1,0.1
R32SAF,2038,WASH_MACH_COM,2,0
R32SAF,2039,WASH_MACH_COM,1,0.1
R32SAF,2039,WASH_MACH_COM,2,0
R32SAF,2040,WASH_MACH_COM,1,0.1
R32SAF,2040,WASH_MACH_COM,2,0
R32SAF,2041,WASH_MACH_COM,1,0.1
R32SAF,2041,WASH_MACH_COM,2,0
R32SAF,2042,WASH_MACH_COM,1,0.1
R32SAF,2042,WASH_MACH_COM,2,0
R32SAF,2043,WASH_MACH_COM,1,0.1
R32SAF,2043,WASH_MACH_COM,2,0
R32SAF,2044,WASH_MACH_COM,1,0.1
R32SAF,2044,WASH_MACH_COM,2,0
R32SAF,2045,WASH_MACH_COM,1,0.1
R32SAF,2045,WASH_MACH_COM,2,0
R32SAF,2046,WASH_MACH_COM,1,0.1
R32SAF,2046,WASH_MACH_COM,2,0
R32SAF,2047,WASH_MACH_COM,1,0.1
R32SAF,2047,WASH_MACH_COM,2,0
R32SAF,2048,WASH_MACH_COM,1,0.1
R32SAF,2048,WASH_MACH_COM,2,0
R32SAF,2049,WASH_MACH_COM,1,0.1
R32SAF,2049,WASH_MACH_COM,2,0
R32SAF,2050,WASH_MACH_COM,1,0.1
R32SAF,2050,WASH_MACH_COM,2,0
R32SAF,2051,WASH_MACH_COM,1,0.1
R32SAF,2051,WASH_MACH_COM,2,0
R32SAF,2052,WASH_MACH_COM,1,0.1
R32SAF,2052,WASH_MACH_COM,2,0
R32SAF,2053,WASH_MACH_COM,1,0.1
R32SAF,2053,WASH_MACH_COM,2,0
R32SAF,2054,WASH_MACH_COM,1,0.1
R32SAF,2054,WASH_MACH_COM,2,0
R32SAF,2055,WASH_MACH_COM,1,0.1
R32SAF,2055,WASH_MACH_COM,2,0
R32SAF,2056,WASH_MACH_COM,1,0.1
R32SAF,2056,WASH_MACH_COM,2,0
R32SAF,2057,WASH_MACH_COM,1,0.1
R32SAF,2057,WASH_MACH_COM,2,0
R32SAF,2058,WASH_MACH_COM,1,0.1
R32SAF,2058,WASH_MACH_COM,2,0
R32SAF,2059,WASH_MACH_COM,1,0.1
R32SAF,2059,WASH_MACH_COM,2,0
R32SAF,2060,WASH_MACH_COM,1,0.1
R32SAF,2060,WASH_MACH_COM,2,0
R32SAF,2061,WASH_MACH_COM,1,0.1
R32SAF,2061,WASH_MACH_COM,2,0
R32SAF,2062,WASH_MACH_COM,1,0.1
R32SAF,2062,WASH_MACH_COM,2,0
R32SAF,2063,WASH_MACH_COM,1,0.1
R32SAF,2063,WASH_MACH_COM,2,0
R32SAF,2064,WASH_MACH_COM,1,0.1
R32SAF,2064,WASH_MACH_COM,2,0
R32SAF,2065,WASH_MACH_COM,1,0.1
R32SAF,2065,WASH_MACH_COM,2,0
R32SAF,2066,WASH_MACH_COM,1,0.1
R32SAF,2066,WASH_MACH_COM,2,0
R32SAF,2067,WASH_MACH_COM,1,0.1
R32SAF,2067,WASH_MACH_COM,2,0
R32SAF,2068,WASH_MACH_COM,1,0.1
R32SAF,2068,WASH_MACH_COM,2,0
R32SAF,2069,WASH_MACH_COM,1,0.1
R32SAF,2069,WASH_MACH_COM,2,0
R32SAF,2070,WASH_MACH_COM,1,0.1
R32SAF,2070,WASH_MACH_COM,2,0
R32SAF,2071,WASH_MACH_COM,1,0.1
R32SAF,2071,WASH_MACH_COM,2,0
R32SAF,2072,WASH_MACH_COM,1,0.1
R32SAF,2072,WASH_MACH_COM,2,0
R32SAF,2073,WASH_MACH_COM,1,0.1
R32SAF,2073,WASH_MACH_COM,2,0
R32SAF,2074,WASH_MACH_COM,1,0.1
R32SAF,2074,WASH_MACH_COM,2,0
R32SAF,2075,WASH_MACH_COM,1,0.1
R32SAF,2075,WASH_MACH_COM,2,0
R32SAF,2076,WASH_MACH_COM,1,0.1
R32SAF,2076,WASH_MACH_COM,2,0
R32SAF,2077,WASH_MACH_COM,1,0.1
R32SAF,2077,WASH_MACH_COM,2,0
R32SAF,2078,WASH_MACH_COM,1,0.1
R32SAF,2078,WASH_MACH_COM,2,0
R32SAF,2079,WASH_MACH_COM,1,0.1
R32SAF,2079,WASH_MACH_COM,2,0
R32SAF,2080,WASH_MACH_COM,1,0.1
R32SAF,2080,WASH_MACH_COM,2,0
R32SAF,2081,WASH_MACH_COM,1,0.1
R32SAF,2081,WASH_MACH_COM,2,0
R32SAF,2082,WASH_MACH_COM,1,0.1
R32SAF,2082,WASH_MACH_COM,2,0
R32SAF,2083,WASH_MACH_COM,1,0.1
R32SAF,2083,WASH_MACH_COM,2,0
R32SAF,2084,WASH_MACH_COM,1,0.1
R32SAF,2084,WASH_MACH_COM,2,0
R32SAF,2085,WASH_MACH_COM,1,0.1
R32SAF,2085,WASH_MACH_COM,2,0
R32SAF,2086,WASH_MACH_COM,1,0.1
R32SAF,2086,WASH_MACH_COM,2,0
R32SAF,2087,WASH_MACH_COM,1,0.1
R32SAF,2087,WASH_MACH_COM,2,0
R32SAF,2088,WASH_MACH_COM,1,0.1
R32SAF,2088,WASH_MACH_COM,2,0
R32SAF,2089,WASH_MACH_COM,1,0.1
R32SAF,2089,WASH_MACH_COM,2,0
R32SAF,2090,WASH_MACH_COM,1,0.1
R32SAF,2090,WASH_MACH_COM,2,0
R32SAF,2091,WASH_MACH_COM,1,0.1
R32SAF,2091,WASH_MACH_COM,2,0
R32SAF,2092,WASH_MACH_COM,1,0.1
R32SAF,2092,WASH_MACH_COM,2,0
R32SAF,2093,WASH_MACH_COM,1,0.1
R32SAF,2093,WASH_MACH_COM,2,0
R32SAF,2094,WASH_MACH_COM,1,0.1
R32SAF,2094,WASH_MACH_COM,2,0
R32SAF,2095,WASH_MACH_COM,1,0.1
R32SAF,2095,WASH_MACH_COM,2,0
R32SAF,2096,WASH_MACH_COM,1,0.1
R32SAF,2096,WASH_MACH_COM,2,0
R32SAF,2097,WASH_MACH_COM,1,0.1
R32SAF,2097,WASH_MACH_COM,2,0
R32SAF,2098,WASH_MACH_COM,1,0.1
R32SAF,2098,WASH_MACH_COM,2,0
R32SAF,2099,WASH_MACH_COM,1,0.1
R32SAF,2099,WASH_MACH_COM,2,0
R32SAF,2100,WASH_MACH_COM,1,0.1
R32SAF,2100,WASH_MACH_COM,2,0
R32SSA-L,2000,WASH_MACH,1,0.1
R32SSA-L,2000,WASH_MACH,2,0
R32SSA-L,2001,WASH_MACH,1,0.1
R32SSA-L,2001,WASH_MACH,2,0
R32SSA-L,2002,WASH_MACH,1,0.1
R32SSA-L,2002,WASH_MACH,2,0
R32SSA-L,2003,WASH_MACH,1,0.1
R32SSA-L,2003,WASH_MACH,2,0
R32SSA-L,2004,WASH_MACH,1,0.1
R32SSA-L,2004,WASH_MACH,2,0
R32SSA-L,2005,WASH_MACH,1,0.1
R32SSA-L,2005,WASH_MACH,2,0
R32SSA-L,2006,WASH_MACH,1,0.1
R32SSA-L,2006,WASH_MACH,2,0
R32SSA-L,2007,WASH_MACH,1,0.1
R32SSA-L,2007,WASH_MACH,2,0
R32SSA-L,2008,WASH_MACH,1,0.1
R32SSA-L,2008,WASH_MACH,2,0
R32SSA-L,2009,WASH_MACH,1,0.1
R32SSA-L,2009,WASH_MACH,2,0
R32SSA-L,2010,WASH_MACH,1,0.1
R32SSA-L,2010,WASH_MACH,2,0
R32SSA-L,2011,WASH_MACH,1,0.1
R32SSA-L,2011,WASH_MACH,2,0
R32SSA-L,2012,WASH_MACH,1,0.1
R32SSA-L,2012,WASH_MACH,2,0
R32SSA-L,2013,WASH_MACH,1,0.1
R32SSA-L,2013,WASH_MACH,2,0
R32SSA-L,2014,WASH_MACH,1,0.1
R32SSA-L,2014,WASH_MACH,2,0
R32SSA-L,2015,WASH_MACH,1,0.1
R32SSA-L,2015,WASH_MACH,2,0
R32SSA-L,2016,WASH_MACH,1,0.1
R32SSA-L,2016,WASH_MACH,2,0
R32SSA-L,2017,WASH_MACH,1,0.1
R32SSA-L,2017,WASH_MACH,2,0
R32SSA-L,2018,WASH_MACH,1,0.1
R32SSA-L,2018,WASH_MACH,2,0
R32SSA-L,2019,WASH_MACH,1,0.1
R32SSA-L,2019,WASH_MACH,2,0
R32SSA-L,2020,WASH_MACH,1,0.1
R32SSA-L,2020,WASH_MACH,2,0
R32SSA-L,2021,WASH_MACH,1,0.1
R32SSA-L,2021,WASH_MACH,2,0
R32SSA-L,2022,WASH_MACH,1,0.1
R32SSA-L,2022,WASH_MACH,2,0
R32SSA-L,2023,WASH_MACH,1,0.1
R32SSA-L,2023,WASH_MACH,2,0
R32SSA-L,2024,WASH_MACH,1,0.1
R32SSA-L,2024,WASH_MACH,2,0
R32SSA-L,2025,WASH_MACH,1,0.1
R32SSA-L,2025,WASH_MACH,2,0
R32SSA-L,2026,WASH_MACH,1,0.1
R32SSA-L,2026,WASH_MACH,2,0
R32SSA-L,2027,WASH_MACH,1,0.1
R32SSA-L,2027,WASH_MACH,2,0
R32SSA-L,2028,WASH_MACH,1,0.1
R32SSA-L,2028,WASH_MACH,2,0
R32SSA-L,2029,WASH_MACH,1,0.1
R32SSA-L,2029,WASH_MACH,2,0
R32SSA-L,2030,WASH_MACH,1,0.1
R32SSA-L,2030,WASH_MACH,2,0
R32SSA-L,2031,WASH_MACH,1,0.1
R32SSA-L,2031,WASH_MACH,2,0
R32SSA-L,2032,WASH_MACH,1,0.1
R32SSA-L,2032,WASH_MACH,2,0
R32SSA-L,2033,WASH_MACH,1,0.1
R32SSA-L,2033,WASH_MACH,2,0
R32SSA-L,2034,WASH_MACH,1,0.1
R32SSA-L,2034,WASH_MACH,2,0
R32SSA-L,2035,WASH_MACH,1,0.1
R32SSA-L,2035,WASH_MACH,2,0
R32SSA-L,2036,WASH_MACH,1,0.1
R32SSA-L,2036,WASH_MACH,2,0
R32SSA-L,2037,WASH_MACH,1,0.1
R32SSA-L,2037,WASH_MACH,2,0
R32SSA-L,2038,WASH_MACH,1,0.1
R32SSA-L,2038,WASH_MACH,2,0
R32SSA-L,2039,WASH_MACH,1,0.1
R32SSA-L,2039,WASH_MACH,2,0
R32SSA-L,2040,WASH_MACH,1,0.1
R32SSA-L,2040,WASH_MACH,2,0
R32SSA-L,2041,WASH_MACH,1,0.1
R32SSA-L,2041,WASH_MACH,2,0
R32SSA-L,2042,WASH_MACH,1,0.1
R32SSA-L,2042,WASH_MACH,2,0
R32SSA-L,2043,WASH_MACH,1,0.1
R32SSA-L,2043,WASH_MACH,2,0
R32SSA-L,2044,WASH_MACH,1,0.1
R32SSA-L,2044,WASH_MACH,2,0
R32SSA-L,2045,WASH_MACH,1,0.1
R32SSA-L,2045,WASH_MACH,2,0
R32SSA-L,2046,WASH_MACH,1,0.1
R32SSA-L,2046,WASH_MACH,2,0
R32SSA-L,2047,WASH_MACH,1,0.1
R32SSA-L,2047,WASH_MACH,2,0
R32SSA-L,2048,WASH_MACH,1,0.1
R32SSA-L,2048,WASH_MACH,2,0
R32SSA-L,2049,WASH_MACH,1,0.1
R32SSA-L,2049,WASH_MACH,2,0
R32SSA-L,2050,WASH_MACH,1,0.1
R32SSA-L,2050,WASH_MACH,2,0
R32SSA-L,2051,WASH_MACH,1,0.1
R32SSA-L,2051,WASH_MACH,2,0
R32SSA-L,2052,WASH_MACH,1,0.1
R32SSA-L,2052,WASH_MACH,2,0
R32SSA-L,2053,WASH_MACH,1,0.1
R32SSA-L,2053,WASH_MACH,2,0
R32SSA-L,2054,WASH_MACH,1,0.1
R32SSA-L,2054,WASH_MACH,2,0
R32SSA-L,2055,WASH_MACH,1,0.1
R32SSA-L,2055,WASH_MACH,2,0
R32SSA-L,2056,WASH_MACH,1,0.1
R32SSA-L,2056,WASH_MACH,2,0
R32SSA-L,2057,WASH_MACH,1,0.1
R32SSA-L,2057,WASH_MACH,2,0
R32SSA-L,2058,WASH_MACH,1,0.1
R32SSA-L,2058,WASH_MACH,2,0
R32SSA-L,2059,WASH_MACH,1,0.1
R32SSA-L,2059,WASH_MACH,2,0
R32SSA-L,2060,WASH_MACH,1,0.1
R32SSA-L,2060,WASH_MACH,2,0
R32SSA-L,2061,WASH_MACH,1,0.1
R32SSA-L,2061,WASH_MACH,2,0
R32SSA-L,2062,WASH_MACH,1,0.1
R32SSA-L,2062,WASH_MACH,2,0
R32SSA-L,2063,WASH_MACH,1,0.1
R32SSA-L,2063,WASH_MACH,2,0
R32SSA-L,2064,WASH_MACH,1,0.1
R32SSA-L,2064,WASH_MACH,2,0
R32SSA-L,2065,WASH_MACH,1,0.1
R32SSA-L,2065,WASH_MACH,2,0
R32SSA-L,2066,WASH_MACH,1,0.1
R32SSA-L,2066,WASH_MACH,2,0
R32SSA-L,2067,WASH_MACH,1,0.1
R32SSA-L,2067,WASH_MACH,2,0
R32SSA-L,2068,WASH_MACH,1,0.1
R32SSA-L,2068,WASH_MACH,2,0
R32SSA-L,2069,WASH_MACH,1,0.1
R32SSA-L,2069,WASH_MACH,2,0
R32SSA-L,2070,WASH_MACH,1,0.1
R32SSA-L,2070,WASH_MACH,2,0
R32SSA-L,2071,WASH_MACH,1,0.1
R32SSA-L,2071,WASH_MACH,2,0
R32SSA-L,2072,WASH_MACH,1,0.1
R32SSA-L,2072,WASH_MACH,2,0
R32SSA-L,2073,WASH_MACH,1,0.1
R32SSA-L,2073,WASH_MACH,2,0
R32SSA-L,2074,WASH_MACH,1,0.1
R32SSA-L,2074,WASH_MACH,2,0
R32SSA-L,2075,WASH_MACH,1,0.1
R32SSA-L,2075,WASH_MACH,2,0
R32SSA-L,2076,WASH_MACH,1,0.1
R32SSA-L,2076,WASH_MACH,2,0
R32SSA-L,2077,WASH_MACH,1,0.1
R32SSA-L,2077,WASH_MACH,2,0
R32SSA-L,2078,WASH_MACH,1,0.1
R32SSA-L,2078,WASH_MACH,2,0
R32SSA-L,2079,WASH_MACH,1,0.1
R32SSA-L,2079,WASH_MACH,2,0
R32SSA-L,2080,WASH_MACH,1,0.1
R32SSA-L,2080,WASH_MACH,2,0
R32SSA-L,2081,WASH_MACH,1,0.1
R32SSA-L,2081,WASH_MACH,2,0
R32SSA-L,2082,WASH_MACH,1,0.1
R32SSA-L,2082,WASH_MACH,2,0
R32SSA-L,2083,WASH_MACH,1,0.1
R32SSA-L,2083,WASH_MACH,2,0
R32SSA-L,2084,WASH_MACH,1,0.1
R32SSA-L,2084,WASH_MACH,2,0
R32SSA-L,2085,WASH_MACH,1,0.1
R32SSA-L,2085,WASH_MACH,2,0
R32SSA-L,2086,WASH_MACH,1,0.1
R32SSA-L,2086,WASH_MACH,2,0
R32SSA-L,2087,WASH_MACH,1,0.1
R32SSA-L,2087,WASH_MACH,2,0
R32SSA-L,2088,WASH_MACH,1,0.1
R32SSA-L,2088,WASH_MACH,2,0
R32SSA-L,2089,WASH_MACH,1,0.1
R32SSA-L,2089,WASH_MACH,2,0
R32SSA-L,2090,WASH_MACH,1,0.1
R32SSA-L,2090,WASH_MACH,2,0
R32SSA-L,2091,WASH_MACH,1,0.1
R32SSA-L,2091,WASH_MACH,2,0
R32SSA-L,2092,WASH_MACH,1,0.1
R32SSA-L,2092,WASH_MACH,2,0
R32SSA-L,2093,WASH_MACH,1,0.1
R32SSA-L,2093,WASH_MACH,2,0
R32SSA-L,2094,WASH_MACH,1,0.1
R32SSA-L,2094,WASH_MACH,2,0
R32SSA-L,2095,WASH_MACH,1,0.1
R32SSA-L,2095,WASH_MACH,2,0
R32SSA-L,2096,WASH_MACH,1,0.1
R32SSA-L,2096,WASH_MACH,2,0
R32SSA-L,2097,WASH_MACH,1,0.1
R32SSA-L,2097,WASH_MACH,2,0
R32SSA-L,2098,WASH_MACH,1,0.1
R32SSA-L,2098,WASH_MACH,2,0
R32SSA-L,2099,WASH_MACH,1,0.1
R32SSA-L,2099,WASH_MACH,2,0
R32SSA-L,2100,WASH_MACH,1,0.1
R32SSA-L,2100,WASH_MACH,2,0
R32SSA-L,2000,WASH_MACH_COM,1,0.1
R32SSA-L,2000,WASH_MACH_COM,2,0
R32SSA-L,2001,WASH_MACH_COM,1,0.1
R32SSA-L,2001,WASH_MACH_COM,2,0
R32SSA-L,2002,WASH_MACH_COM,1,0.1
R32SSA-L,2002,WASH_MACH_COM,2,0
R32SSA-L,2003,WASH_MACH_COM,1,0.1
R32SSA-L,2003,WASH_MACH_COM,2,0
R32SSA-L,2004,WASH_MACH_COM,1,0.1
R32SSA-L,2004,WASH_MACH_COM,2,0
R32SSA-L,2005,WASH_MACH_COM,1,0.1
R32SSA-L,2005,WASH_MACH_COM,2,0
R32SSA-L,2006,WASH_MACH_COM,1,0.1
R32SSA-L,2006,WASH_MACH_COM,2,0
R32SSA-L,2007,WASH_MACH_COM,1,0.1
R32SSA-L,2007,WASH_MACH_COM,2,0
R32SSA-L,2008,WASH_MACH_COM,1,0.1
R32SSA-L,2008,WASH_MACH_COM,2,0
R32SSA-L,2009,WASH_MACH_COM,1,0.1
R32SSA-L,2009,WASH_MACH_COM,2,0
R32SSA-L,2010,WASH_MACH_COM,1,0.1
R32SSA-L,2010,WASH_MACH_COM,2,0
R32SSA-L,2011,WASH_MACH_COM,1,0.1
R32SSA-L,2011,WASH_MACH_COM,2,0
R32SSA-L,2012,WASH_MACH_COM,1,0.1
R32SSA-L,2012,WASH_MACH_COM,2,0
R32SSA-L,2013,WASH_MACH_COM,1,0.1
R32SSA-L,2013,WASH_MACH_COM,2,0
R32SSA-L,2014,WASH_MACH_COM,1,0.1
R32SSA-L,2014,WASH_MACH_COM,2,0
R32SSA-L,2015,WASH_MACH_COM,1,0.1
R32SSA-L,2015,WASH_MACH_COM,2,0
R32SSA-L,2016,WASH_MACH_COM,1,0.1
R32SSA-L,2016,WASH_MACH_COM,2,0
R32SSA-L,2017,WASH_MACH_COM,1,0.1
R32SSA-L,2017,WASH_MACH_COM,2,0
R32SSA-L,2018,WASH_MACH_COM,1,0.1
R32SSA-L,2018,WASH_MACH_COM,2,0
R32SSA-L,2019,WASH_MACH_COM,1,0.1
R32SSA-L,2019,WASH_MACH_COM,2,0
R32SSA-L,2020,WASH_MACH_COM,1,0.1
R32SSA-L,2020,WASH_MACH_COM,2,0
R32SSA-L,2021,WASH_MACH_COM,1,0.1
R32SSA-L,2021,WASH_MACH_COM,2,0
R32SSA-L,2022,WASH_MACH_COM,1,0.1
R32SSA-L,2022,WASH_MACH_COM,2,0
R32SSA-L,2023,WASH_MACH_COM,1,0.1
R32SSA-L,2023,WASH_MACH_COM,2,0
R32SSA-L,2024,WASH_MACH_COM,1,0.1
R32SSA-L,2024,WASH_MACH_COM,2,0
R32SSA-L,2025,WASH_MACH_COM,1,0.1
R32SSA-L,2025,WASH_MACH_COM,2,0
R32SSA-L,2026,WASH_MACH_COM,1,0.1
R32SSA-L,2026,WASH_MACH_COM,2,0
R32SSA-L,2027,WASH_MACH_COM,1,0.1
R32SSA-L,2027,WASH_MACH_COM,2,0
R32SSA-L,2028,WASH_MACH_COM,1,0.1
R32SSA-L,2028,WASH_MACH_COM,2,0
R32SSA-L,2029,WASH_MACH_COM,1,0.1
R32SSA-L,2029,WASH_MACH_COM,2,0
R32SSA-L,2030,WASH_MACH_COM,1,0.1
R32SSA-L,2030,WASH_MACH_COM,2,0
R32SSA-L,2031,WASH_MACH_COM,1,0.1
R32SSA-L,2031,WASH_MACH_COM,2,0
R32SSA-L,2032,WASH_MACH_COM,1,0.1
R32SSA-L,2032,WASH_MACH_COM,2,0
R32SSA-L,2033,WASH_MACH_COM,1,0.1
R32SSA-L,2033,WASH_MACH_COM,2,0
R32SSA-L,2034,WASH_MACH_COM,1,0.1
R32SSA-L,2034,WASH_MACH_COM,2,0
R32SSA-L,2035,WASH_MACH_COM,1,0.1
R32SSA-L,2035,WASH_MACH_COM,2,0
R32SSA-L,2036,WASH_MACH_COM,1,0.1
R32SSA-L,2036,WASH_MACH_COM,2,0
R32SSA-L,2037,WASH_MACH_COM,1,0.1
R32SSA-L,2037,WASH_MACH_COM,2,0
R32SSA-L,2038,WASH_MACH_COM,1,0.1
R32SSA-L,2038,WASH_MACH_COM,2,0
R32SSA-L,2039,WASH_MACH_COM,1,0.1
R32SSA-L,2039,WASH_MACH_COM,2,0
R32SSA-L,2040,WASH_MACH_COM,1,0.1
R32SSA-L,2040,WASH_MACH_COM,2,0
R32SSA-L,2041,WASH_MACH_COM,1,0.1
R32SSA-L,2041,WASH_MACH_COM,2,0
R32SSA-L,2042,WASH_MACH_COM,1,0.1
R32SSA-L,2042,WASH_MACH_COM,2,0
R32SSA-L,2043,WASH_MACH_COM,1,0.1
R32SSA-L,2043,WASH_MACH_COM,2,0
R32SSA-L,2044,WASH_MACH_COM,1,0.1
R32SSA-L,2044,WASH_MACH_COM,2,0
R32SSA-L,2045,WASH_MACH_COM,1,0.1
R32SSA-L,2045,WASH_MACH_COM,2,0
R32SSA-L,2046,WASH_MACH_COM,1,0.1
R32SSA-L,2046,WASH_MACH_COM,2,0
R32SSA-L,2047,WASH_MACH_COM,1,0.1
R32SSA-L,2047,WASH_MACH_COM,2,0
R32SSA-L,2048,WASH_MACH_COM,1,0.1
R32SSA-L,2048,WASH_MACH_COM,2,0
R32SSA-L,2049,WASH_MACH_COM,1,0.1
R32SSA-L,2049,WASH_MACH_COM,2,0
R32SSA-L,2050,WASH_MACH_COM,1,0.1
R32SSA-L,2050,WASH_MACH_COM,2,0
R32SSA-L,2051,WASH_MACH_COM,1,0.1
R32SSA-L,2051,WASH_MACH_COM,2,0
R32SSA-L,2052,WASH_MACH_COM,1,0.1
R32SSA-L,2052,WASH_MACH_COM,2,0
R32SSA-L,2053,WASH_MACH_COM,1,0.1
R32SSA-L,2053,WASH_MACH_COM,2,0
R32SSA-L,2054,WASH_MACH_COM,1,0.1
R32SSA-L,2054,WASH_MACH_COM,2,0
R32SSA-L,2055,WASH_MACH_COM,1,0.1
R32SSA-L,2055,WASH_MACH_COM,2,0
R32SSA-L,2056,WASH_MACH_COM,1,0.1
R32SSA-L,2056,WASH_MACH_COM,2,0
R32SSA-L,2057,WASH_MACH_COM,1,0.1
R32SSA-L,2057,WASH_MACH_COM,2,0
R32SSA-L,2058,WASH_MACH_COM,1,0.1
R32SSA-L,2058,WASH_MACH_COM,2,0
R32SSA-L,2059,WASH_MACH_COM,1,0.1
R32SSA-L,2059,WASH_MACH_COM,2,0
R32SSA-L,2060,WASH_MACH_COM,1,0.1
R32SSA-L,2060,WASH_MACH_COM,2,0
R32SSA-L,2061,WASH_MACH_COM,1,0.1
R32SSA-L,2061,WASH_MACH_COM,2,0
R32SSA-L,2062,WASH_MACH_COM,1,0.1
R32SSA-L,2062,WASH_MACH_COM,2,0
R32SSA-L,2063,WASH_MACH_COM,1,0.1
R32SSA-L,2063,WASH_MACH_COM,2,0
R32SSA-L,2064,WASH_MACH_COM,1,0.1
R32SSA-L,2064,WASH_MACH_COM,2,0
R32SSA-L,2065,WASH_MACH_COM,1,0.1
R32SSA-L,2065,WASH_MACH_COM,2,0
R32SSA-L,2066,WASH_MACH_COM,1,0.1
R32SSA-L,2066,WASH_MACH_COM,2,0
R32SSA-L,2067,WASH_MACH_COM,1,0.1
R32SSA-L,2067,WASH_MACH_COM,2,0
R32SSA-L,2068,WASH_MACH_COM,1,0.1
R32SSA-L,2068,WASH_MACH_COM,2,0
R32SSA-L,2069,WASH_MACH_COM,1,0.1
R32SSA-L,2069,WASH_MACH_COM,2,0
R32SSA-L,2070,WASH_MACH_COM,1,0.1
R32SSA-L,2070,WASH_MACH_COM,2,0
R32SSA-L,2071,WASH_MACH_COM,1,0.1
R32SSA-L,2071,WASH_MACH_COM,2,0
R32SSA-L,2072,WASH_MACH_COM,1,0.1
R32SSA-L,2072,WASH_MACH_COM,2,0
R32SSA-L,2073,WASH_MACH_COM,1,0.1
R32SSA-L,2073,WASH_MACH_COM,2,0
R32SSA-L,2074,WASH_MACH_COM,1,0.1
R32SSA-L,2074,WASH_MACH_COM,2,0
R32SSA-L,2075,WASH_MACH_COM,1,0.1
R32SSA-L,2075,WASH_MACH_COM,2,0
R32SSA-L,2076,WASH_MACH_COM,1,0.1
R32SSA-L,2076,WASH_MACH_COM,2,0
R32SSA-L,2077,WASH_MACH_COM,1,0.1
R32SSA-L,2077,WASH_MACH_COM,2,0
R32SSA-L,2078,WASH_MACH_COM,1,0.1
R32SSA-L,2078,WASH_MACH_COM,2,0
R32SSA-L,2079,WASH_MACH_COM,1,0.1
R32SSA-L,2079,WASH_MACH_COM,2,0
R32SSA-L,2080,WASH_MACH_COM,1,0.1
R32SSA-L,2080,WASH_MACH_COM,2,0
R32SSA-L,2081,WASH_MACH_COM,1,0.1
R32SSA-L,2081,WASH_MACH_COM,2,0
R32SSA-L,2082,WASH_MACH_COM,1,0.1
R32SSA-L,2082,WASH_MACH_COM,2,0
R32SSA-L,2083,WASH_MACH_COM,1,0.1
R32SSA-L,2083,WASH_MACH_COM,2,0
R32SSA-L,2084,WASH_MACH_COM,1,0.1
R32SSA-L,2084,WASH_MACH_COM,2,0
R32SSA-L,2085,WASH_MACH_COM,1,0.1
R32SSA-L,2085,WASH_MACH_COM,2,0
R32SSA-L,2086,WASH_MACH_COM,1,0.1
R32SSA-L,2086,WASH_MACH_COM,2,0
R32SSA-L,2087,WASH_MACH_COM,1,0.1
R32SSA-L,2087,WASH_MACH_COM,2,0
R32SSA-L,2088,WASH_MACH_COM,1,0.1
R32SSA-L,2088,WASH_MACH_COM,2,0
R32SSA-L,2089,WASH_MACH_COM,1,0.1
R32SSA-L,2089,WASH_MACH_COM,2,0
R32SSA-L,2090,WASH_MACH_COM,1,0.1
R32SSA-L,2090,WASH_MACH_COM,2,0
R32SSA-L,2091,WASH_MACH_COM,1,0.1
R32SSA-L,2091,WASH_MACH_COM,2,0
R32SSA-L,2092,WASH_MACH_COM,1,0.1
R32SSA-L,2092,WASH_MACH_COM,2,0
R32SSA-L,2093,WASH_MACH_COM,1,0.1
R32SSA-L,2093,WASH_MACH_COM,2,0
R32SSA-L,2094,WASH_MACH_COM,1,0.1
R32SSA-L,2094,WASH_MACH_COM,2,0
R32SSA-L,2095,WASH_MACH_COM,1,0.1
R32SSA-L,2095,WASH_MACH_COM,2,0
R32SSA-L,2096,WASH_MACH_COM,1,0.1
R32SSA-L,2096,WASH_MACH_COM,2,0
R32SSA-L,2097,WASH_MACH_COM,1,0.1
R32SSA-L,2097,WASH_MACH_COM,2,0
R32SSA-L,2098,WASH_MACH_COM,1,0.1
R32SSA-L,2098,WASH_MACH_COM,2,0
R32SSA-L,2099,WASH_MACH_COM,1,0.1
R32SSA-L,2099,WASH_MACH_COM,2,0
R32SSA-L,2100,WASH_MACH_COM,1,0.1
R32SSA-L,2100,WASH_MACH_COM,2,0
R32SSA-M,2000,WASH_MACH,1,0.1
R32SSA-M,2000,WASH_MACH,2,0
R32SSA-M,2001,WASH_MACH,1,0.1
R32SSA-M,2001,WASH_MACH,2,0
R32SSA-M,2002,WASH_MACH,1,0.1
R32SSA-M,2002,WASH_MACH,2,0
R32SSA-M,2003,WASH_MACH,1,0.1
R32SSA-M,2003,WASH_MACH,2,0
R32SSA-M,2004,WASH_MACH,1,0.1
R32SSA-M,2004,WASH_MACH,2,0
R32SSA-M,2005,WASH_MACH,1,0.1
R32SSA-M,2005,WASH_MACH,2,0
R32SSA-M,2006,WASH_MACH,1,0.1
R32SSA-M,2006,WASH_MACH,2,0
R32SSA-M,2007,WASH_MACH,1,0.1
R32SSA-M,2007,WASH_MACH,2,0
R32SSA-M,2008,WASH_MACH,1,0.1
R32SSA-M,2008,WASH_MACH,2,0
R32SSA-M,2009,WASH_MACH,1,0.1
R32SSA-M,2009,WASH_MACH,2,0
R32SSA-M,2010,WASH_MACH,1,0.1
R32SSA-M,2010,WASH_MACH,2,0
R32SSA-M,2011,WASH_MACH,1,0.1
R32SSA-M,2011,WASH_MACH,2,0
R32SSA-M,2012,WASH_MACH,1,0.1
R32SSA-M,2012,WASH_MACH,2,0
R32SSA-M,2013,WASH_MACH,1,0.1
R32SSA-M,2013,WASH_MACH,2,0
R32SSA-M,2014,WASH_MACH,1,0.1
R32SSA-M,2014,WASH_MACH,2,0
R32SSA-M,2015,WASH_MACH,1,0.1
R32SSA-M,2015,WASH_MACH,2,0
R32SSA-M,2016,WASH_MACH,1,0.1
R32SSA-M,2016,WASH_MACH,2,0
R32SSA-M,2017,WASH_MACH,1,0.1
R32SSA-M,2017,WASH_MACH,2,0
R32SSA-M,2018,WASH_MACH,1,0.1
R32SSA-M,2018,WASH_MACH,2,0
R32SSA-M,2019,WASH_MACH,1,0.1
R32SSA-M,2019,WASH_MACH,2,0
R32SSA-M,2020,WASH_MACH,1,0.1
R32SSA-M,2020,WASH_MACH,2,0
R32SSA-M,2021,WASH_MACH,1,0.1
R32SSA-M,2021,WASH_MACH,2,0
R32SSA-M,2022,WASH_MACH,1,0.1
R32SSA-M,2022,WASH_MACH,2,0
R32SSA-M,2023,WASH_MACH,1,0.1
R32SSA-M,2023,WASH_MACH,2,0
R32SSA-M,2024,WASH_MACH,1,0.1
R32SSA-M,2024,WASH_MACH,2,0
R32SSA-M,2025,WASH_MACH,1,0.1
R32SSA-M,2025,WASH_MACH,2,0
R32SSA-M,2026,WASH_MACH,1,0.1
R32SSA-M,2026,WASH_MACH,2,0
R32SSA-M,2027,WASH_MACH,1,0.1
R32SSA-M,2027,WASH_MACH,2,0
R32SSA-M,2028,WASH_MACH,1,0.1
R32SSA-M,2028,WASH_MACH,2,0
R32SSA-M,2029,WASH_MACH,1,0.1
R32SSA-M,2029,WASH_MACH,2,0
R32SSA-M,2030,WASH_MACH,1,0.1
R32SSA-M,2030,WASH_MACH,2,0
R32SSA-M,2031,WASH_MACH,1,0.1
R32SSA-M,2031,WASH_MACH,2,0
R32SSA-M,2032,WASH_MACH,1,0.1
R32SSA-M,2032,WASH_MACH,2,0
R32SSA-M,2033,WASH_MACH,1,0.1
R32SSA-M,2033,WASH_MACH,2,0
R32SSA-M,2034,WASH_MACH,1,0.1
R32SSA-M,2034,WASH_MACH,2,0
R32SSA-M,2035,WASH_MACH,1,0.1
R32SSA-M,2035,WASH_MACH,2,0
R32SSA-M,2036,WASH_MACH,1,0.1
R32SSA-M,2036,WASH_MACH,2,0
R32SSA-M,2037,WASH_MACH,1,0.1
R32SSA-M,2037,WASH_MACH,2,0
R32SSA-M,2038,WASH_MACH,1,0.1
R32SSA-M,2038,WASH_MACH,2,0
R32SSA-M,2039,WASH_MACH,1,0.1
R32SSA-M,2039,WASH_MACH,2,0
R32SSA-M,2040,WASH_MACH,1,0.1
R32SSA-M,2040,WASH_MACH,2,0
R32SSA-M,2041,WASH_MACH,1,0.1
R32SSA-M,2041,WASH_MACH,2,0
R32SSA-M,2042,WASH_MACH,1,0.1
R32SSA-M,2042,WASH_MACH,2,0
R32SSA-M,2043,WASH_MACH,1,0.1
R32SSA-M,2043,WASH_MACH,2,0
R32SSA-M,2044,WASH_MACH,1,0.1
R32SSA-M,2044,WASH_MACH,2,0
R32SSA-M,2045,WASH_MACH,1,0.1
R32SSA-M,2045,WASH_MACH,2,0
R32SSA-M,2046,WASH_MACH,1,0.1
R32SSA-M,2046,WASH_MACH,2,0
R32SSA-M,2047,WASH_MACH,1,0.1
R32SSA-M,2047,WASH_MACH,2,0
R32SSA-M,2048,WASH_MACH,1,0.1
R32SSA-M,2048,WASH_MACH,2,0
R32SSA-M,2049,WASH_MACH,1,0.1
R32SSA-M,2049,WASH_MACH,2,0
R32SSA-M,2050,WASH_MACH,1,0.1
R32SSA-M,2050,WASH_MACH,2,0
R32SSA-M,2051,WASH_MACH,1,0.1
R32SSA-M,2051,WASH_MACH,2,0
R32SSA-M,2052,WASH_MACH,1,0.1
R32SSA-M,2052,WASH_MACH,2,0
R32SSA-M,2053,WASH_MACH,1,0.1
R32SSA-M,2053,WASH_MACH,2,0
R32SSA-M,2054,WASH_MACH,1,0.1
R32SSA-M,2054,WASH_MACH,2,0
R32SSA-M,2055,WASH_MACH,1,0.1
R32SSA-M,2055,WASH_MACH,2,0
R32SSA-M,2056,WASH_MACH,1,0.1
R32SSA-M,2056,WASH_MACH,2,0
R32SSA-M,2057,WASH_MACH,1,0.1
R32SSA-M,2057,WASH_MACH,2,0
R32SSA-M,2058,WASH_MACH,1,0.1
R32SSA-M,2058,WASH_MACH,2,0
R32SSA-M,2059,WASH_MACH,1,0.1
R32SSA-M,2059,WASH_MACH,2,0
R32SSA-M,2060,WASH_MACH,1,0.1
R32SSA-M,2060,WASH_MACH,2,0
R32SSA-M,2061,WASH_MACH,1,0.1
R32SSA-M,2061,WASH_MACH,2,0
R32SSA-M,2062,WASH_MACH,1,0.1
R32SSA-M,2062,WASH_MACH,2,0
R32SSA-M,2063,WASH_MACH,1,0.1
R32SSA-M,2063,WASH_MACH,2,0
R32SSA-M,2064,WASH_MACH,1,0.1
R32SSA-M,2064,WASH_MACH,2,0
R32SSA-M,2065,WASH_MACH,1,0.1
R32SSA-M,2065,WASH_MACH,2,0
R32SSA-M,2066,WASH_MACH,1,0.1
R32SSA-M,2066,WASH_MACH,2,0
R32SSA-M,2067,WASH_MACH,1,0.1
R32SSA-M,2067,WASH_MACH,2,0
R32SSA-M,2068,WASH_MACH,1,0.1
R32SSA-M,2068,WASH_MACH,2,0
R32SSA-M,2069,WASH_MACH,1,0.1
R32SSA-M,2069,WASH_MACH,2,0
R32SSA-M,2070,WASH_MACH,1,0.1
R32SSA-M,2070,WASH_MACH,2,0
R32SSA-M,2071,WASH_MACH,1,0.1
R32SSA-M,2071,WASH_MACH,2,0
R32SSA-M,2072,WASH_MACH,1,0.1
R32SSA-M,2072,WASH_MACH,2,0
R32SSA-M,2073,WASH_MACH,1,0.1
R32SSA-M,2073,WASH_MACH,2,0
R32SSA-M,2074,WASH_MACH,1,0.1
R32SSA-M,2074,WASH_MACH,2,0
R32SSA-M,2075,WASH_MACH,1,0.1
R32SSA-M,2075,WASH_MACH,2,0
R32SSA-M,2076,WASH_MACH,1,0.1
R32SSA-M,2076,WASH_MACH,2,0
R32SSA-M,2077,WASH_MACH,1,0.1
R32SSA-M,2077,WASH_MACH,2,0
R32SSA-M,2078,WASH_MACH,1,0.1
R32SSA-M,2078,WASH_MACH,2,0
R32SSA-M,2079,WASH_MACH,1,0.1
R32SSA-M,2079,WASH_MACH,2,0
R32SSA-M,2080,WASH_MACH,1,0.1
R32SSA-M,2080,WASH_MACH,2,0
R32SSA-M,2081,WASH_MACH,1,0.1
R32SSA-M,2081,WASH_MACH,2,0
R32SSA-M,2082,WASH_MACH,1,0.1
R32SSA-M,2082,WASH_MACH,2,0
R32SSA-M,2083,WASH_MACH,1,0.1
R32SSA-M,2083,WASH_MACH,2,0
R32SSA-M,2084,WASH_MACH,1,0.1
R32SSA-M,2084,WASH_MACH,2,0
R32SSA-M,2085,WASH_MACH,1,0.1
R32SSA-M,2085,WASH_MACH,2,0
R32SSA-M,2086,WASH_MACH,1,0.1
R32SSA-M,2086,WASH_MACH,2,0
R32SSA-M,2087,WASH_MACH,1,0.1
R32SSA-M,2087,WASH_MACH,2,0
R32SSA-M,2088,WASH_MACH,1,0.1
R32SSA-M,2088,WASH_MACH,2,0
R32SSA-M,2089,WASH_MACH,1,0.1
R32SSA-M,2089,WASH_MACH,2,0
R32SSA-M,2090,WASH_MACH,1,0.1
R32SSA-M,2090,WASH_MACH,2,0
R32SSA-M,2091,WASH_MACH,1,0.1
R32SSA-M,2091,WASH_MACH,2,0
R32SSA-M,2092,WASH_MACH,1,0.1
R32SSA-M,2092,WASH_MACH,2,0
R32SSA-M,2093,WASH_MACH,1,0.1
R32SSA-M,2093,WASH_MACH,2,0
R32SSA-M,2094,WASH_MACH,1,0.1
R32SSA-M,2094,WASH_MACH,2,0
R32SSA-M,2095,WASH_MACH,1,0.1
R32SSA-M,2095,WASH_MACH,2,0
R32SSA-M,2096,WASH_MACH,1,0.1
R32SSA-M,2096,WASH_MACH,2,0
R32SSA-M,2097,WASH_MACH,1,0.1
R32SSA-M,2097,WASH_MACH,2,0
R32SSA-M,2098,WASH_MACH,1,0.1
R32SSA-M,2098,WASH_MACH,2,0
R32SSA-M,2099,WASH_MACH,1,0.1
R32SSA-M,2099,WASH_MACH,2,0
R32SSA-M,2100,WASH_MACH,1,0.1
R32SSA-M,2100,WASH_MACH,2,0
R32SSA-M,2000,WASH_MACH_COM,1,0.1
R32SSA-M,2000,WASH_MACH_COM,2,0
R32SSA-M,2001,WASH_MACH_COM,1,0.1
R32SSA-M,2001,WASH_MACH_COM,2,0
R32SSA-M,2002,WASH_MACH_COM,1,0.1
R32SSA-M,2002,WASH_MACH_COM,2,0
R32SSA-M,2003,WASH_MACH_COM,1,0.1
R32SSA-M,2003,WASH_MACH_COM,2,0
R32SSA-M,2004,WASH_MACH_COM,1,0.1
R32SSA-M,2004,WASH_MACH_COM,2,0
R32SSA-M,2005,WASH_MACH_COM,1,0.1
R32SSA-M,2005,WASH_MACH_COM,2,0
R32SSA-M,2006,WASH_MACH_COM,1,0.1
R32SSA-M,2006,WASH_MACH_COM,2,0
R32SSA-M,2007,WASH_MACH_COM,1,0.1
R32SSA-M,2007,WASH_MACH_COM,2,0
R32SSA-M,2008,WASH_MACH_COM,1,0.1
R32SSA-M,2008,WASH_MACH_COM,2,0
R32SSA-M,2009,WASH_MACH_COM,1,0.1
R32SSA-M,2009,WASH_MACH_COM,2,0
R32SSA-M,2010,WASH_MACH_COM,1,0.1
R32SSA-M,2010,WASH_MACH_COM,2,0
R32SSA-M,2011,WASH_MACH_COM,1,0.1
R32SSA-M,2011,WASH_MACH_COM,2,0
R32SSA-M,2012,WASH_MACH_COM,1,0.1
R32SSA-M,2012,WASH_MACH_COM,2,0
R32SSA-M,2013,WASH_MACH_COM,1,0.1
R32SSA-M,2013,WASH_MACH_COM,2,0
R32SSA-M,2014,WASH_MACH_COM,1,0.1
R32SSA-M,2014,WASH_MACH_COM,2,0
R32SSA-M,2015,WASH_MACH_COM,1,0.1
R32SSA-M,2015,WASH_MACH_COM,2,0
R32SSA-M,2016,WASH_MACH_COM,1,0.1
R32SSA-M,2016,WASH_MACH_COM,2,0
R32SSA-M,2017,WASH_MACH_COM,1,0.1
R32SSA-M,2017,WASH_MACH_COM,2,0
R32SSA-M,2018,WASH_MACH_COM,1,0.1
R32SSA-M,2018,WASH_MACH_COM,2,0
R32SSA-M,2019,WASH_MACH_COM,1,0.1
R32SSA-M,2019,WASH_MACH_COM,2,0
R32SSA-M,2020,WASH_MACH_COM,1,0.1
R32SSA-M,2020,WASH_MACH_COM,2,0
R32SSA-M,2021,WASH_MACH_COM,1,0.1
R32SSA-M,2021,WASH_MACH_COM,2,0
R32SSA-M,2022,WASH_MACH_COM,1,0.1
R32SSA-M,2022,WASH_MACH_COM,2,0
R32SSA-M,2023,WASH_MACH_COM,1,0.1
R32SSA-M,2023,WASH_MACH_COM,2,0
R32SSA-M,2024,WASH_MACH_COM,1,0.1
R32SSA-M,2024,WASH_MACH_COM,2,0
R32SSA-M,2025,WASH_MACH_COM,1,0.1
R32SSA-M,2025,WASH_MACH_COM,2,0
R32SSA-M,2026,WASH_MACH_COM,1,0.1
R32SSA-M,2026,WASH_MACH_COM,2,0
R32SSA-M,2027,WASH_MACH_COM,1,0.1
R32SSA-M,2027,WASH_MACH_COM,2,0
R32SSA-M,2028,WASH_MACH_COM,1,0.1
R32SSA-M,2028,WASH_MACH_COM,2,0
R32SSA-M,2029,WASH_MACH_COM,1,0.1
R32SSA-M,2029,WASH_MACH_COM,2,0
R32SSA-M,2030,WASH_MACH_COM,1,0.1
R32SSA-M,2030,WASH_MACH_COM,2,0
R32SSA-M,2031,WASH_MACH_COM,1,0.1
R32SSA-M,2031,WASH_MACH_COM,2,0
R32SSA-M,2032,WASH_MACH_COM,1,0.1
R32SSA-M,2032,WASH_MACH_COM,2,0
R32SSA-M,2033,WASH_MACH_COM,1,0.1
R32SSA-M,2033,WASH_MACH_COM,2,0
R32SSA-M,2034,WASH_MACH_COM,1,0.1
R32SSA-M,2034,WASH_MACH_COM,2,0
R32SSA-M,2035,WASH_MACH_COM,1,0.1
R32SSA-M,2035,WASH_MACH_COM,2,0
R32SSA-M,2036,WASH_MACH_COM,1,0.1
R32SSA-M,2036,WASH_MACH_COM,2,0
R32SSA-M,2037,WASH_MACH_COM,1,0.1
R32SSA-M,2037,WASH_MACH_COM,2,0
R32SSA-M,2038,WASH_MACH_COM,1,0.1
R32SSA-M,2038,WASH_MACH_COM,2,0
R32SSA-M,2039,WASH_MACH_COM,1,0.1
R32SSA-M,2039,WASH_MACH_COM,2,0
R32SSA-M,2040,WASH_MACH_COM,1,0.1
R32SSA-M,2040,WASH_MACH_COM,2,0
R32SSA-M,2041,WASH_MACH_COM,1,0.1
R32SSA-M,2041,WASH_MACH_COM,2,0
R32SSA-M,2042,WASH_MACH_COM,1,0.1
R32SSA-M,2042,WASH_MACH_COM,2,0
R32SSA-M,2043,WASH_MACH_COM,1,0.1
R32SSA-M,2043,WASH_MACH_COM,2,0
R32SSA-M,2044,WASH_MACH_COM,1,0.1
R32SSA-M,2044,WASH_MACH_COM,2,0
R32SSA-M,2045,WASH_MACH_COM,1,0.1
R32SSA-M,2045,WASH_MACH_COM,2,0
R32SSA-M,2046,WASH_MACH_COM,1,0.1
R32SSA-M,2046,WASH_MACH_COM,2,0
R32SSA-M,2047,WASH_MACH_COM,1,0.1
R32SSA-M,2047,WASH_MACH_COM,2,0
R32SSA-M,2048,WASH_MACH_COM,1,0.1
R32SSA-M,2048,WASH_MACH_COM,2,0
R32SSA-M,2049,WASH_MACH_COM,1,0.1
R32SSA-M,2049,WASH_MACH_COM,2,0
R32SSA-M,2050,WASH_MACH_COM,1,0.1
R32SSA-M,2050,WASH_MACH_COM,2,0
R32SSA-M,2051,WASH_MACH_COM,1,0.1
R32SSA-M,2051,WASH_MACH_COM,2,0
R32SSA-M,2052,WASH_MACH_COM,1,0.1
R32SSA-M,2052,WASH_MACH_COM,2,0
R32SSA-M,2053,WASH_MACH_COM,1,0.1
R32SSA-M,2053,WASH_MACH_COM,2,0
R32SSA-M,2054,WASH_MACH_COM,1,0.1
R32SSA-M,2054,WASH_MACH_COM,2,0
R32SSA-M,2055,WASH_MACH_COM,1,0.1
R32SSA-M,2055,WASH_MACH_COM,2,0
R32SSA-M,2056,WASH_MACH_COM,1,0.1
R32SSA-M,2056,WASH_MACH_COM,2,0
R32SSA-M,2057,WASH_MACH_COM,1,0.1
R32SSA-M,2057,WASH_MACH_COM,2,0
R32SSA-M,2058,WASH_MACH_COM,1,0.1
R32SSA-M,2058,WASH_MACH_COM,2,0
R32SSA-M,2059,WASH_MACH_COM,1,0.1
R32SSA-M,2059,WASH_MACH_COM,2,0
R32SSA-M,2060,WASH_MACH_COM,1,0.1
R32SSA-M,2060,WASH_MACH_COM,2,0
R32SSA-M,2061,WASH_MACH_COM,1,0.1
R32SSA-M,2061,WASH_MACH_COM,2,0
R32SSA-M,2062,WASH_MACH_COM,1,0.1
R32SSA-M,2062,WASH_MACH_COM,2,0
R32SSA-M,2063,WASH_MACH_COM,1,0.1
R32SSA-M,2063,WASH_MACH_COM,2,0
R32SSA-M,2064,WASH_MACH_COM,1,0.1
R32SSA-M,2064,WASH_MACH_COM,2,0
R32SSA-M,2065,WASH_MACH_COM,1,0.1
R32SSA-M,2065,WASH_MACH_COM,2,0
R32SSA-M,2066,WASH_MACH_COM,1,0.1
R32SSA-M,2066,WASH_MACH_COM,2,0
R32SSA-M,2067,WASH_MACH_COM,1,0.1
R32SSA-M,2067,WASH_MACH_COM,2,0
R32SSA-M,2068,WASH_MACH_COM,1,0.1
R32SSA-M,2068,WASH_MACH_COM,2,0
R32SSA-M,2069,WASH_MACH_COM,1,0.1
R32SSA-M,2069,WASH_MACH_COM,2,0
R32SSA-M,2070,WASH_MACH_COM,1,0.1
R32SSA-M,2070,WASH_MACH_COM,2,0
R32SSA-M,2071,WASH_MACH_COM,1,0.1
R32SSA-M,2071,WASH_MACH_COM,2,0
R32SSA-M,2072,WASH_MACH_COM,1,0.1
R32SSA-M,2072,WASH_MACH_COM,2,0
R32SSA-M,2073,WASH_MACH_COM,1,0.1
R32SSA-M,2073,WASH_MACH_COM,2,0
R32SSA-M,2074,WASH_MACH_COM,1,0.1
R32SSA-M,2074,WASH_MACH_COM,2,0
R32SSA-M,2075,WASH_MACH_COM,1,0.1
R32SSA-M,2075,WASH_MACH_COM,2,0
R32SSA-M,2076,WASH_MACH_COM,1,0.1
R32SSA-M,2076,WASH_MACH_COM,2,0
R32SSA-M,2077,WASH_MACH_COM,1,0.1
R32SSA-M,2077,WASH_MACH_COM,2,0
R32SSA-M,2078,WASH_MACH_COM,1,0.1
R32SSA-M,2078,WASH_MACH_COM,2,0
R32SSA-M,2079,WASH_MACH_COM,1,0.1
R32SSA-M,2079,WASH_MACH_COM,2,0
R32SSA-M,2080,WASH_MACH_COM,1,0.1
R32SSA-M,2080,WASH_MACH_COM,2,0
R32SSA-M,2081,WASH_MACH_COM,1,0.1
R32SSA-M,2081,WASH_MACH_COM,2,0
R32SSA-M,2082,WASH_MACH_COM,1,0.1
R32SSA-M,2082,WASH_MACH_COM,2,0
R32SSA-M,2083,WASH_MACH_COM,1,0.1
R32SSA-M,2083,WASH_MACH_COM,2,0
R32SSA-M,2084,WASH_MACH_COM,1,0.1
R32SSA-M,2084,WASH_MACH_COM,2,0
R32SSA-M,2085,WASH_MACH_COM,1,0.1
R32SSA-M,2085,WASH_MACH_COM,2,0
R32SSA-M,2086,WASH_MACH_COM,1,0.1
R32SSA-M,2086,WASH_MACH_COM,2,0
R32SSA-M,2087,WASH_MACH_COM,1,0.1
R32SSA-M,2087,WASH_MACH_COM,2,0
R32SSA-M,2088,WASH_MACH_COM,1,0.1
R32SSA-M,2088,WASH_MACH_COM,2,0
R32SSA-M,2089,WASH_MACH_COM,1,0.1
R32SSA-M,2089,WASH_MACH_COM,2,0
R32SSA-M,2090,WASH_MACH_COM,1,0.1
R32SSA-M,2090,WASH_MACH_COM,2,0
R32SSA-M,2091,WASH_MACH_COM,1,0.1
R32SSA-M,2091,WASH_MACH_COM,2,0
R32SSA-M,2092,WASH_MACH_COM,1,0.1
R32SSA-M,2092,WASH_MACH_COM,2,0
R32SSA-M,2093,WASH_MACH_COM,1,0.1
R32SSA-M,2093,WASH_MACH_COM,2,0
R32SSA-M,2094,WASH_MACH_COM,1,0.1
R32SSA-M,2094,WASH_MACH_COM,2,0
R32SSA-M,2095,WASH_MACH_COM,1,0.1
R32SSA-M,2095,WASH_MACH_COM,2,0
R32SSA-M,2096,WASH_MACH_COM,1,0.1
R32SSA-M,2096,WASH_MACH_COM,2,0
R32SSA-M,2097,WASH_MACH_COM,1,0.1
R32SSA-M,2097,WASH_MACH_COM,2,0
R32SSA-M,2098,WASH_MACH_COM,1,0.1
R32SSA-M,2098,WASH_MACH_COM,2,0
R32SSA-M,2099,WASH_MACH_COM,1,0.1
R32SSA-M,2099,WASH_MACH_COM,2,0
R32SSA-M,2100,WASH_MACH_COM,1,0.1
R32SSA-M,2100,WASH_MACH_COM,2,0
R32TUR,2000,WASH_MACH,1,0.1
R32TUR,2000,WASH_MACH,2,0
R32TUR,2001,WASH_MACH,1,0.1
R32TUR,2001,WASH_MACH,2,0
R32TUR,2002,WASH_MACH,1,0.1
R32TUR,2002,WASH_MACH,2,0
R32TUR,2003,WASH_MACH,1,0.1
R32TUR,2003,WASH_MACH,2,0
R32TUR,2004,WASH_MACH,1,0.1
R32TUR,2004,WASH_MACH,2,0
R32TUR,2005,WASH_MACH,1,0.1
R32TUR,2005,WASH_MACH,2,0
R32TUR,2006,WASH_MACH,1,0.1
R32TUR,2006,WASH_MACH,2,0
R32TUR,2007,WASH_MACH,1,0.1
R32TUR,2007,WASH_MACH,2,0
R32TUR,2008,WASH_MACH,1,0.1
R32TUR,2008,WASH_MACH,2,0
R32TUR,2009,WASH_MACH,1,0.1
R32TUR,2009,WASH_MACH,2,0
R32TUR,2010,WASH_MACH,1,0.1
R32TUR,2010,WASH_MACH,2,0
R32TUR,2011,WASH_MACH,1,0.1
R32TUR,2011,WASH_MACH,2,0
R32TUR,2012,WASH_MACH,1,0.1
R32TUR,2012,WASH_MACH,2,0
R32TUR,2013,WASH_MACH,1,0.1
R32TUR,2013,WASH_MACH,2,0
R32TUR,2014,WASH_MACH,1,0.1
R32TUR,2014,WASH_MACH,2,0
R32TUR,2015,WASH_MACH,1,0.1
R32TUR,2015,WASH_MACH,2,0
R32TUR,2016,WASH_MACH,1,0.1
R32TUR,2016,WASH_MACH,2,0
R32TUR,2017,WASH_MACH,1,0.1
R32TUR,2017,WASH_MACH,2,0
R32TUR,2018,WASH_MACH,1,0.1
R32TUR,2018,WASH_MACH,2,0
R32TUR,2019,WASH_MACH,1,0.1
R32TUR,2019,WASH_MACH,2,0
R32TUR,2020,WASH_MACH,1,0.1
R32TUR,2020,WASH_MACH,2,0
R32TUR,2021,WASH_MACH,1,0.1
R32TUR,2021,WASH_MACH,2,0
R32TUR,2022,WASH_MACH,1,0.1
R32TUR,2022,WASH_MACH,2,0
R32TUR,2023,WASH_MACH,1,0.1
R32TUR,2023,WASH_MACH,2,0
R32TUR,2024,WASH_MACH,1,0.1
R32TUR,2024,WASH_MACH,2,0
R32TUR,2025,WASH_MACH,1,0.1
R32TUR,2025,WASH_MACH,2,0
R32TUR,2026,WASH_MACH,1,0.1
R32TUR,2026,WASH_MACH,2,0
R32TUR,2027,WASH_MACH,1,0.1
R32TUR,2027,WASH_MACH,2,0
R32TUR,2028,WASH_MACH,1,0.1
R32TUR,2028,WASH_MACH,2,0
R32TUR,2029,WASH_MACH,1,0.1
R32TUR,2029,WASH_MACH,2,0
R32TUR,2030,WASH_MACH,1,0.1
R32TUR,2030,WASH_MACH,2,0
R32TUR,2031,WASH_MACH,1,0.1
R32TUR,2031,WASH_MACH,2,0
R32TUR,2032,WASH_MACH,1,0.1
R32TUR,2032,WASH_MACH,2,0
R32TUR,2033,WASH_MACH,1,0.1
R32TUR,2033,WASH_MACH,2,0
R32TUR,2034,WASH_MACH,1,0.1
R32TUR,2034,WASH_MACH,2,0
R32TUR,2035,WASH_MACH,1,0.1
R32TUR,2035,WASH_MACH,2,0
R32TUR,2036,WASH_MACH,1,0.1
R32TUR,2036,WASH_MACH,2,0
R32TUR,2037,WASH_MACH,1,0.1
R32TUR,2037,WASH_MACH,2,0
R32TUR,2038,WASH_MACH,1,0.1
R32TUR,2038,WASH_MACH,2,0
R32TUR,2039,WASH_MACH,1,0.1
R32TUR,2039,WASH_MACH,2,0
R32TUR,2040,WASH_MACH,1,0.1
R32TUR,2040,WASH_MACH,2,0
R32TUR,2041,WASH_MACH,1,0.1
R32TUR,2041,WASH_MACH,2,0
R32TUR,2042,WASH_MACH,1,0.1
R32TUR,2042,WASH_MACH,2,0
R32TUR,2043,WASH_MACH,1,0.1
R32TUR,2043,WASH_MACH,2,0
R32TUR,2044,WASH_MACH,1,0.1
R32TUR,2044,WASH_MACH,2,0
R32TUR,2045,WASH_MACH,1,0.1
R32TUR,2045,WASH_MACH,2,0
R32TUR,2046,WASH_MACH,1,0.1
R32TUR,2046,WASH_MACH,2,0
R32TUR,2047,WASH_MACH,1,0.1
R32TUR,2047,WASH_MACH,2,0
R32TUR,2048,WASH_MACH,1,0.1
R32TUR,2048,WASH_MACH,2,0
R32TUR,2049,WASH_MACH,1,0.1
R32TUR,2049,WASH_MACH,2,0
R32TUR,2050,WASH_MACH,1,0.1
R32TUR,2050,WASH_MACH,2,0
R32TUR,2051,WASH_MACH,1,0.1
R32TUR,2051,WASH_MACH,2,0
R32TUR,2052,WASH_MACH,1,0.1
R32TUR,2052,WASH_MACH,2,0
R32TUR,2053,WASH_MACH,1,0.1
R32TUR,2053,WASH_MACH,2,0
R32TUR,2054,WASH_MACH,1,0.1
R32TUR,2054,WASH_MACH,2,0
R32TUR,2055,WASH_MACH,1,0.1
R32TUR,2055,WASH_MACH,2,0
R32TUR,2056,WASH_MACH,1,0.1
R32TUR,2056,WASH_MACH,2,0
R32TUR,2057,WASH_MACH,1,0.1
R32TUR,2057,WASH_MACH,2,0
R32TUR,2058,WASH_MACH,1,0.1
R32TUR,2058,WASH_MACH,2,0
R32TUR,2059,WASH_MACH,1,0.1
R32TUR,2059,WASH_MACH,2,0
R32TUR,2060,WASH_MACH,1,0.1
R32TUR,2060,WASH_MACH,2,0
R32TUR,2061,WASH_MACH,1,0.1
R32TUR,2061,WASH_MACH,2,0
R32TUR,2062,WASH_MACH,1,0.1
R32TUR,2062,WASH_MACH,2,0
R32TUR,2063,WASH_MACH,1,0.1
R32TUR,2063,WASH_MACH,2,0
R32TUR,2064,WASH_MACH,1,0.1
R32TUR,2064,WASH_MACH,2,0
R32TUR,2065,WASH_MACH,1,0.1
R32TUR,2065,WASH_MACH,2,0
R32TUR,2066,WASH_MACH,1,0.1
R32TUR,2066,WASH_MACH,2,0
R32TUR,2067,WASH_MACH,1,0.1
R32TUR,2067,WASH_MACH,2,0
R32TUR,2068,WASH_MACH,1,0.1
R32TUR,2068,WASH_MACH,2,0
R32TUR,2069,WASH_MACH,1,0.1
R32TUR,2069,WASH_MACH,2,0
R32TUR,2070,WASH_MACH,1,0.1
R32TUR,2070,WASH_MACH,2,0
R32TUR,2071,WASH_MACH,1,0.1
R32TUR,2071,WASH_MACH,2,0
R32TUR,2072,WASH_MACH,1,0.1
R32TUR,2072,WASH_MACH,2,0
R32TUR,2073,WASH_MACH,1,0.1
R32TUR,2073,WASH_MACH,2,0
R32TUR,2074,WASH_MACH,1,0.1
R32TUR,2074,WASH_MACH,2,0
R32TUR,2075,WASH_MACH,1,0.1
R32TUR,2075,WASH_MACH,2,0
R32TUR,2076,WASH_MACH,1,0.1
R32TUR,2076,WASH_MACH,2,0
R32TUR,2077,WASH_MACH,1,0.1
R32TUR,2077,WASH_MACH,2,0
R32TUR,2078,WASH_MACH,1,0.1
R32TUR,2078,WASH_MACH,2,0
R32TUR,2079,WASH_MACH,1,0.1
R32TUR,2079,WASH_MACH,2,0
R32TUR,2080,WASH_MACH,1,0.1
R32TUR,2080,WASH_MACH,2,0
R32TUR,2081,WASH_MACH,1,0.1
R32TUR,2081,WASH_MACH,2,0
R32TUR,2082,WASH_MACH,1,0.1
R32TUR,2082,WASH_MACH,2,0
R32TUR,2083,WASH_MACH,1,0.1
R32TUR,2083,WASH_MACH,2,0
R32TUR,2084,WASH_MACH,1,0.1
R32TUR,2084,WASH_MACH,2,0
R32TUR,2085,WASH_MACH,1,0.1
R32TUR,2085,WASH_MACH,2,0
R32TUR,2086,WASH_MACH,1,0.1
R32TUR,2086,WASH_MACH,2,0
R32TUR,2087,WASH_MACH,1,0.1
R32TUR,2087,WASH_MACH,2,0
R32TUR,2088,WASH_MACH,1,0.1
R32TUR,2088,WASH_MACH,2,0
R32TUR,2089,WASH_MACH,1,0.1
R32TUR,2089,WASH_MACH,2,0
R32TUR,2090,WASH_MACH,1,0.1
R32TUR,2090,WASH_MACH,2,0
R32TUR,2091,WASH_MACH,1,0.1
R32TUR,2091,WASH_MACH,2,0
R32TUR,2092,WASH_MACH,1,0.1
R32TUR,2092,WASH_MACH,2,0
R32TUR,2093,WASH_MACH,1,0.1
R32TUR,2093,WASH_MACH,2,0
R32TUR,2094,WASH_MACH,1,0.1
R32TUR,2094,WASH_MACH,2,0
R32TUR,2095,WASH_MACH,1,0.1
R32TUR,2095,WASH_MACH,2,0
R32TUR,2096,WASH_MACH,1,0.1
R32TUR,2096,WASH_MACH,2,0
R32TUR,2097,WASH_MACH,1,0.1
R32TUR,2097,WASH_MACH,2,0
R32TUR,2098,WASH_MACH,1,0.1
R32TUR,2098,WASH_MACH,2,0
R32TUR,2099,WASH_MACH,1,0.1
R32TUR,2099,WASH_MACH,2,0
R32TUR,2100,WASH_MACH,1,0.1
R32TUR,2100,WASH_MACH,2,0
R32TUR,2000,WASH_MACH_COM,1,0.1
R32TUR,2000,WASH_MACH_COM,2,0
R32TUR,2001,WASH_MACH_COM,1,0.1
R32TUR,2001,WASH_MACH_COM,2,0
R32TUR,2002,WASH_MACH_COM,1,0.1
R32TUR,2002,WASH_MACH_COM,2,0
R32TUR,2003,WASH_MACH_COM,1,0.1
R32TUR,2003,WASH_MACH_COM,2,0
R32TUR,2004,WASH_MACH_COM,1,0.1
R32TUR,2004,WASH_MACH_COM,2,0
R32TUR,2005,WASH_MACH_COM,1,0.1
R32TUR,2005,WASH_MACH_COM,2,0
R32TUR,2006,WASH_MACH_COM,1,0.1
R32TUR,2006,WASH_MACH_COM,2,0
R32TUR,2007,WASH_MACH_COM,1,0.1
R32TUR,2007,WASH_MACH_COM,2,0
R32TUR,2008,WASH_MACH_COM,1,0.1
R32TUR,2008,WASH_MACH_COM,2,0
R32TUR,2009,WASH_MACH_COM,1,0.1
R32TUR,2009,WASH_MACH_COM,2,0
R32TUR,2010,WASH_MACH_COM,1,0.1
R32TUR,2010,WASH_MACH_COM,2,0
R32TUR,2011,WASH_MACH_COM,1,0.1
R32TUR,2011,WASH_MACH_COM,2,0
R32TUR,2012,WASH_MACH_COM,1,0.1
R32TUR,2012,WASH_MACH_COM,2,0
R32TUR,2013,WASH_MACH_COM,1,0.1
R32TUR,2013,WASH_MACH_COM,2,0
R32TUR,2014,WASH_MACH_COM,1,0.1
R32TUR,2014,WASH_MACH_COM,2,0
R32TUR,2015,WASH_MACH_COM,1,0.1
R32TUR,2015,WASH_MACH_COM,2,0
R32TUR,2016,WASH_MACH_COM,1,0.1
R32TUR,2016,WASH_MACH_COM,2,0
R32TUR,2017,WASH_MACH_COM,1,0.1
R32TUR,2017,WASH_MACH_COM,2,0
R32TUR,2018,WASH_MACH_COM,1,0.1
R32TUR,2018,WASH_MACH_COM,2,0
R32TUR,2019,WASH_MACH_COM,1,0.1
R32TUR,2019,WASH_MACH_COM,2,0
R32TUR,2020,WASH_MACH_COM,1,0.1
R32TUR,2020,WASH_MACH_COM,2,0
R32TUR,2021,WASH_MACH_COM,1,0.1
R32TUR,2021,WASH_MACH_COM,2,0
R32TUR,2022,WASH_MACH_COM,1,0.1
R32TUR,2022,WASH_MACH_COM,2,0
R32TUR,2023,WASH_MACH_COM,1,0.1
R32TUR,2023,WASH_MACH_COM,2,0
R32TUR,2024,WASH_MACH_COM,1,0.1
R32TUR,2024,WASH_MACH_COM,2,0
R32TUR,2025,WASH_MACH_COM,1,0.1
R32TUR,2025,WASH_MACH_COM,2,0
R32TUR,2026,WASH_MACH_COM,1,0.1
R32TUR,2026,WASH_MACH_COM,2,0
R32TUR,2027,WASH_MACH_COM,1,0.1
R32TUR,2027,WASH_MACH_COM,2,0
R32TUR,2028,WASH_MACH_COM,1,0.1
R32TUR,2028,WASH_MACH_COM,2,0
R32TUR,2029,WASH_MACH_COM,1,0.1
R32TUR,2029,WASH_MACH_COM,2,0
R32TUR,2030,WASH_MACH_COM,1,0.1
R32TUR,2030,WASH_MACH_COM,2,0
R32TUR,2031,WASH_MACH_COM,1,0.1
R32TUR,2031,WASH_MACH_COM,2,0
R32TUR,2032,WASH_MACH_COM,1,0.1
R32TUR,2032,WASH_MACH_COM,2,0
R32TUR,2033,WASH_MACH_COM,1,0.1
R32TUR,2033,WASH_MACH_COM,2,0
R32TUR,2034,WASH_MACH_COM,1,0.1
R32TUR,2034,WASH_MACH_COM,2,0
R32TUR,2035,WASH_MACH_COM,1,0.1
R32TUR,2035,WASH_MACH_COM,2,0
R32TUR,2036,WASH_MACH_COM,1,0.1
R32TUR,2036,WASH_MACH_COM,2,0
R32TUR,2037,WASH_MACH_COM,1,0.1
R32TUR,2037,WASH_MACH_COM,2,0
R32TUR,2038,WASH_MACH_COM,1,0.1
R32TUR,2038,WASH_MACH_COM,2,0
R32TUR,2039,WASH_MACH_COM,1,0.1
R32TUR,2039,WASH_MACH_COM,2,0
R32TUR,2040,WASH_MACH_COM,1,0.1
R32TUR,2040,WASH_MACH_COM,2,0
R32TUR,2041,WASH_MACH_COM,1,0.1
R32TUR,2041,WASH_MACH_COM,2,0
R32TUR,2042,WASH_MACH_COM,1,0.1
R32TUR,2042,WASH_MACH_COM,2,0
R32TUR,2043,WASH_MACH_COM,1,0.1
R32TUR,2043,WASH_MACH_COM,2,0
R32TUR,2044,WASH_MACH_COM,1,0.1
R32TUR,2044,WASH_MACH_COM,2,0
R32TUR,2045,WASH_MACH_COM,1,0.1
R32TUR,2045,WASH_MACH_COM,2,0
R32TUR,2046,WASH_MACH_COM,1,0.1
R32TUR,2046,WASH_MACH_COM,2,0
R32TUR,2047,WASH_MACH_COM,1,0.1
R32TUR,2047,WASH_MACH_COM,2,0
R32TUR,2048,WASH_MACH_COM,1,0.1
R32TUR,2048,WASH_MACH_COM,2,0
R32TUR,2049,WASH_MACH_COM,1,0.1
R32TUR,2049,WASH_MACH_COM,2,0
R32TUR,2050,WASH_MACH_COM,1,0.1
R32TUR,2050,WASH_MACH_COM,2,0
R32TUR,2051,WASH_MACH_COM,1,0.1
R32TUR,2051,WASH_MACH_COM,2,0
R32TUR,2052,WASH_MACH_COM,1,0.1
R32TUR,2052,WASH_MACH_COM,2,0
R32TUR,2053,WASH_MACH_COM,1,0.1
R32TUR,2053,WASH_MACH_COM,2,0
R32TUR,2054,WASH_MACH_COM,1,0.1
R32TUR,2054,WASH_MACH_COM,2,0
R32TUR,2055,WASH_MACH_COM,1,0.1
R32TUR,2055,WASH_MACH_COM,2,0
R32TUR,2056,WASH_MACH_COM,1,0.1
R32TUR,2056,WASH_MACH_COM,2,0
R32TUR,2057,WASH_MACH_COM,1,0.1
R32TUR,2057,WASH_MACH_COM,2,0
R32TUR,2058,WASH_MACH_COM,1,0.1
R32TUR,2058,WASH_MACH_COM,2,0
R32TUR,2059,WASH_MACH_COM,1,0.1
R32TUR,2059,WASH_MACH_COM,2,0
R32TUR,2060,WASH_MACH_COM,1,0.1
R32TUR,2060,WASH_MACH_COM,2,0
R32TUR,2061,WASH_MACH_COM,1,0.1
R32TUR,2061,WASH_MACH_COM,2,0
R32TUR,2062,WASH_MACH_COM,1,0.1
R32TUR,2062,WASH_MACH_COM,2,0
R32TUR,2063,WASH_MACH_COM,1,0.1
R32TUR,2063,WASH_MACH_COM,2,0
R32TUR,2064,WASH_MACH_COM,1,0.1
R32TUR,2064,WASH_MACH_COM,2,0
R32TUR,2065,WASH_MACH_COM,1,0.1
R32TUR,2065,WASH_MACH_COM,2,0
R32TUR,2066,WASH_MACH_COM,1,0.1
R32TUR,2066,WASH_MACH_COM,2,0
R32TUR,2067,WASH_MACH_COM,1,0.1
R32TUR,2067,WASH_MACH_COM,2,0
R32TUR,2068,WASH_MACH_COM,1,0.1
R32TUR,2068,WASH_MACH_COM,2,0
R32TUR,2069,WASH_MACH_COM,1,0.1
R32TUR,2069,WASH_MACH_COM,2,0
R32TUR,2070,WASH_MACH_COM,1,0.1
R32TUR,2070,WASH_MACH_COM,2,0
R32TUR,2071,WASH_MACH_COM,1,0.1
R32TUR,2071,WASH_MACH_COM,2,0
R32TUR,2072,WASH_MACH_COM,1,0.1
R32TUR,2072,WASH_MACH_COM,2,0
R32TUR,2073,WASH_MACH_COM,1,0.1
R32TUR,2073,WASH_MACH_COM,2,0
R32TUR,2074,WASH_MACH_COM,1,0.1
R32TUR,2074,WASH_MACH_COM,2,0
R32TUR,2075,WASH_MACH_COM,1,0.1
R32TUR,2075,WASH_MACH_COM,2,0
R32TUR,2076,WASH_MACH_COM,1,0.1
R32TUR,2076,WASH_MACH_COM,2,0
R32TUR,2077,WASH_MACH_COM,1,0.1
R32TUR,2077,WASH_MACH_COM,2,0
R32TUR,2078,WASH_MACH_COM,1,0.1
R32TUR,2078,WASH_MACH_COM,2,0
R32TUR,2079,WASH_MACH_COM,1,0.1
R32TUR,2079,WASH_MACH_COM,2,0
R32TUR,2080,WASH_MACH_COM,1,0.1
R32TUR,2080,WASH_MACH_COM,2,0
R32TUR,2081,WASH_MACH_COM,1,0.1
R32TUR,2081,WASH_MACH_COM,2,0
R32TUR,2082,WASH_MACH_COM,1,0.1
R32TUR,2082,WASH_MACH_COM,2,0
R32TUR,2083,WASH_MACH_COM,1,0.1
R32TUR,2083,WASH_MACH_COM,2,0
R32TUR,2084,WASH_MACH_COM,1,0.1
R32TUR,2084,WASH_MACH_COM,2,0
R32TUR,2085,WASH_MACH_COM,1,0.1
R32TUR,2085,WASH_MACH_COM,2,0
R32TUR,2086,WASH_MACH_COM,1,0.1
R32TUR,2086,WASH_MACH_COM,2,0
R32TUR,2087,WASH_MACH_COM,1,0.1
R32TUR,2087,WASH_MACH_COM,2,0
R32TUR,2088,WASH_MACH_COM,1,0.1
R32TUR,2088,WASH_MACH_COM,2,0
R32TUR,2089,WASH_MACH_COM,1,0.1
R32TUR,2089,WASH_MACH_COM,2,0
R32TUR,2090,WASH_MACH_COM,1,0.1
R32TUR,2090,WASH_MACH_COM,2,0
R32TUR,2091,WASH_MACH_COM,1,0.1
R32TUR,2091,WASH_MACH_COM,2,0
R32TUR,2092,WASH_MACH_COM,1,0.1
R32TUR,2092,WASH_MACH_COM,2,0
R32TUR,2093,WASH_MACH_COM,1,0.1
R32TUR,2093,WASH_MACH_COM,2,0
R32TUR,2094,WASH_MACH_COM,1,0.1
R32TUR,2094,WASH_MACH_COM,2,0
R32TUR,2095,WASH_MACH_COM,1,0.1
R32TUR,2095,WASH_MACH_COM,2,0
R32TUR,2096,WASH_MACH_COM,1,0.1
R32TUR,2096,WASH_MACH_COM,2,0
R32TUR,2097,WASH_MACH_COM,1,0.1
R32TUR,2097,WASH_MACH_COM,2,0
R32TUR,2098,WASH_MACH_COM,1,0.1
R32TUR,2098,WASH_MACH_COM,2,0
R32TUR,2099,WASH_MACH_COM,1,0.1
R32TUR,2099,WASH_MACH_COM,2,0
R32TUR,2100,WASH_MACH_COM,1,0.1
R32TUR,2100,WASH_MACH_COM,2,0
R32USA,2000,WASH_MACH,1,0.1
R32USA,2000,WASH_MACH,2,0
R32USA,2001,WASH_MACH,1,0.1
R32USA,2001,WASH_MACH,2,0
R32USA,2002,WASH_MACH,1,0.1
R32USA,2002,WASH_MACH,2,0
R32USA,2003,WASH_MACH,1,0.1
R32USA,2003,WASH_MACH,2,0
R32USA,2004,WASH_MACH,1,0.1
R32USA,2004,WASH_MACH,2,0
R32USA,2005,WASH_MACH,1,0.1
R32USA,2005,WASH_MACH,2,0
R32USA,2006,WASH_MACH,1,0.1
R32USA,2006,WASH_MACH,2,0
R32USA,2007,WASH_MACH,1,0.1
R32USA,2007,WASH_MACH,2,0
R32USA,2008,WASH_MACH,1,0.1
R32USA,2008,WASH_MACH,2,0
R32USA,2009,WASH_MACH,1,0.1
R32USA,2009,WASH_MACH,2,0
R32USA,2010,WASH_MACH,1,0.1
R32USA,2010,WASH_MACH,2,0
R32USA,2011,WASH_MACH,1,0.1
R32USA,2011,WASH_MACH,2,0
R32USA,2012,WASH_MACH,1,0.1
R32USA,2012,WASH_MACH,2,0
R32USA,2013,WASH_MACH,1,0.1
R32USA,2013,WASH_MACH,2,0
R32USA,2014,WASH_MACH,1,0.1
R32USA,2014,WASH_MACH,2,0
R32USA,2015,WASH_MACH,1,0.1
R32USA,2015,WASH_MACH,2,0
R32USA,2016,WASH_MACH,1,0.1
R32USA,2016,WASH_MACH,2,0
R32USA,2017,WASH_MACH,1,0.1
R32USA,2017,WASH_MACH,2,0
R32USA,2018,WASH_MACH,1,0.1
R32USA,2018,WASH_MACH,2,0
R32USA,2019,WASH_MACH,1,0.1
R32USA,2019,WASH_MACH,2,0
R32USA,2020,WASH_MACH,1,0.1
R32USA,2020,WASH_MACH,2,0
R32USA,2021,WASH_MACH,1,0.1
R32USA,2021,WASH_MACH,2,0
R32USA,2022,WASH_MACH,1,0.1
R32USA,2022,WASH_MACH,2,0
R32USA,2023,WASH_MACH,1,0.1
R32USA,2023,WASH_MACH,2,0
R32USA,2024,WASH_MACH,1,0.1
R32USA,2024,WASH_MACH,2,0
R32USA,2025,WASH_MACH,1,0.1
R32USA,2025,WASH_MACH,2,0
R32USA,2026,WASH_MACH,1,0.1
R32USA,2026,WASH_MACH,2,0
R32USA,2027,WASH_MACH,1,0.1
R32USA,2027,WASH_MACH,2,0
R32USA,2028,WASH_MACH,1,0.1
R32USA,2028,WASH_MACH,2,0
R32USA,2029,WASH_MACH,1,0.1
R32USA,2029,WASH_MACH,2,0
R32USA,2030,WASH_MACH,1,0.1
R32USA,2030,WASH_MACH,2,0
R32USA,2031,WASH_MACH,1,0.1
R32USA,2031,WASH_MACH,2,0
R32USA,2032,WASH_MACH,1,0.1
R32USA,2032,WASH_MACH,2,0
R32USA,2033,WASH_MACH,1,0.1
R32USA,2033,WASH_MACH,2,0
R32USA,2034,WASH_MACH,1,0.1
R32USA,2034,WASH_MACH,2,0
R32USA,2035,WASH_MACH,1,0.1
R32USA,2035,WASH_MACH,2,0
R32USA,2036,WASH_MACH,1,0.1
R32USA,2036,WASH_MACH,2,0
R32USA,2037,WASH_MACH,1,0.1
R32USA,2037,WASH_MACH,2,0
R32USA,2038,WASH_MACH,1,0.1
R32USA,2038,WASH_MACH,2,0
R32USA,2039,WASH_MACH,1,0.1
R32USA,2039,WASH_MACH,2,0
R32USA,2040,WASH_MACH,1,0.1
R32USA,2040,WASH_MACH,2,0
R32USA,2041,WASH_MACH,1,0.1
R32USA,2041,WASH_MACH,2,0
R32USA,2042,WASH_MACH,1,0.1
R32USA,2042,WASH_MACH,2,0
R32USA,2043,WASH_MACH,1,0.1
R32USA,2043,WASH_MACH,2,0
R32USA,2044,WASH_MACH,1,0.1
R32USA,2044,WASH_MACH,2,0
R32USA,2045,WASH_MACH,1,0.1
R32USA,2045,WASH_MACH,2,0
R32USA,2046,WASH_MACH,1,0.1
R32USA,2046,WASH_MACH,2,0
R32USA,2047,WASH_MACH,1,0.1
R32USA,2047,WASH_MACH,2,0
R32USA,2048,WASH_MACH,1,0.1
R32USA,2048,WASH_MACH,2,0
R32USA,2049,WASH_MACH,1,0.1
R32USA,2049,WASH_MACH,2,0
R32USA,2050,WASH_MACH,1,0.1
R32USA,2050,WASH_MACH,2,0
R32USA,2051,WASH_MACH,1,0.1
R32USA,2051,WASH_MACH,2,0
R32USA,2052,WASH_MACH,1,0.1
R32USA,2052,WASH_MACH,2,0
R32USA,2053,WASH_MACH,1,0.1
R32USA,2053,WASH_MACH,2,0
R32USA,2054,WASH_MACH,1,0.1
R32USA,2054,WASH_MACH,2,0
R32USA,2055,WASH_MACH,1,0.1
R32USA,2055,WASH_MACH,2,0
R32USA,2056,WASH_MACH,1,0.1
R32USA,2056,WASH_MACH,2,0
R32USA,2057,WASH_MACH,1,0.1
R32USA,2057,WASH_MACH,2,0
R32USA,2058,WASH_MACH,1,0.1
R32USA,2058,WASH_MACH,2,0
R32USA,2059,WASH_MACH,1,0.1
R32USA,2059,WASH_MACH,2,0
R32USA,2060,WASH_MACH,1,0.1
R32USA,2060,WASH_MACH,2,0
R32USA,2061,WASH_MACH,1,0.1
R32USA,2061,WASH_MACH,2,0
R32USA,2062,WASH_MACH,1,0.1
R32USA,2062,WASH_MACH,2,0
R32USA,2063,WASH_MACH,1,0.1
R32USA,2063,WASH_MACH,2,0
R32USA,2064,WASH_MACH,1,0.1
R32USA,2064,WASH_MACH,2,0
R32USA,2065,WASH_MACH,1,0.1
R32USA,2065,WASH_MACH,2,0
R32USA,2066,WASH_MACH,1,0.1
R32USA,2066,WASH_MACH,2,0
R32USA,2067,WASH_MACH,1,0.1
R32USA,2067,WASH_MACH,2,0
R32USA,2068,WASH_MACH,1,0.1
R32USA,2068,WASH_MACH,2,0
R32USA,2069,WASH_MACH,1,0.1
R32USA,2069,WASH_MACH,2,0
R32USA,2070,WASH_MACH,1,0.1
R32USA,2070,WASH_MACH,2,0
R32USA,2071,WASH_MACH,1,0.1
R32USA,2071,WASH_MACH,2,0
R32USA,2072,WASH_MACH,1,0.1
R32USA,2072,WASH_MACH,2,0
R32USA,2073,WASH_MACH,1,0.1
R32USA,2073,WASH_MACH,2,0
R32USA,2074,WASH_MACH,1,0.1
R32USA,2074,WASH_MACH,2,0
R32USA,2075,WASH_MACH,1,0.1
R32USA,2075,WASH_MACH,2,0
R32USA,2076,WASH_MACH,1,0.1
R32USA,2076,WASH_MACH,2,0
R32USA,2077,WASH_MACH,1,0.1
R32USA,2077,WASH_MACH,2,0
R32USA,2078,WASH_MACH,1,0.1
R32USA,2078,WASH_MACH,2,0
R32USA,2079,WASH_MACH,1,0.1
R32USA,2079,WASH_MACH,2,0
R32USA,2080,WASH_MACH,1,0.1
R32USA,2080,WASH_MACH,2,0
R32USA,2081,WASH_MACH,1,0.1
R32USA,2081,WASH_MACH,2,0
R32USA,2082,WASH_MACH,1,0.1
R32USA,2082,WASH_MACH,2,0
R32USA,2083,WASH_MACH,1,0.1
R32USA,2083,WASH_MACH,2,0
R32USA,2084,WASH_MACH,1,0.1
R32USA,2084,WASH_MACH,2,0
R32USA,2085,WASH_MACH,1,0.1
R32USA,2085,WASH_MACH,2,0
R32USA,2086,WASH_MACH,1,0.1
R32USA,2086,WASH_MACH,2,0
R32USA,2087,WASH_MACH,1,0.1
R32USA,2087,WASH_MACH,2,0
R32USA,2088,WASH_MACH,1,0.1
R32USA,2088,WASH_MACH,2,0
R32USA,2089,WASH_MACH,1,0.1
R32USA,2089,WASH_MACH,2,0
R32USA,2090,WASH_MACH,1,0.1
R32USA,2090,WASH_MACH,2,0
R32USA,2091,WASH_MACH,1,0.1
R32USA,2091,WASH_MACH,2,0
R32USA,2092,WASH_MACH,1,0.1
R32USA,2092,WASH_MACH,2,0
R32USA,2093,WASH_MACH,1,0.1
R32USA,2093,WASH_MACH,2,0
R32USA,2094,WASH_MACH,1,0.1
R32USA,2094,WASH_MACH,2,0
R32USA,2095,WASH_MACH,1,0.1
R32USA,2095,WASH_MACH,2,0
R32USA,2096,WASH_MACH,1,0.1
R32USA,2096,WASH_MACH,2,0
R32USA,2097,WASH_MACH,1,0.1
R32USA,2097,WASH_MACH,2,0
R32USA,2098,WASH_MACH,1,0.1
R32USA,2098,WASH_MACH,2,0
R32USA,2099,WASH_MACH,1,0.1
R32USA,2099,WASH_MACH,2,0
R32USA,2100,WASH_MACH,1,0.1
R32USA,2100,WASH_MACH,2,0
R32USA,2000,WASH_MACH_COM,1,0.1
R32USA,2000,WASH_MACH_COM,2,0
R32USA,2001,WASH_MACH_COM,1,0.1
R32USA,2001,WASH_MACH_COM,2,0
R32USA,2002,WASH_MACH_COM,1,0.1
R32USA,2002,WASH_MACH_COM,2,0
R32USA,2003,WASH_MACH_COM,1,0.1
R32USA,2003,WASH_MACH_COM,2,0
R32USA,2004,WASH_MACH_COM,1,0.1
R32USA,2004,WASH_MACH_COM,2,0
R32USA,2005,WASH_MACH_COM,1,0.1
R32USA,2005,WASH_MACH_COM,2,0
R32USA,2006,WASH_MACH_COM,1,0.1
R32USA,2006,WASH_MACH_COM,2,0
R32USA,2007,WASH_MACH_COM,1,0.1
R32USA,2007,WASH_MACH_COM,2,0
R32USA,2008,WASH_MACH_COM,1,0.1
R32USA,2008,WASH_MACH_COM,2,0
R32USA,2009,WASH_MACH_COM,1,0.1
R32USA,2009,WASH_MACH_COM,2,0
R32USA,2010,WASH_MACH_COM,1,0.1
R32USA,2010,WASH_MACH_COM,2,0
R32USA,2011,WASH_MACH_COM,1,0.1
R32USA,2011,WASH_MACH_COM,2,0
R32USA,2012,WASH_MACH_COM,1,0.1
R32USA,2012,WASH_MACH_COM,2,0
R32USA,2013,WASH_MACH_COM,1,0.1
R32USA,2013,WASH_MACH_COM,2,0
R32USA,2014,WASH_MACH_COM,1,0.1
R32USA,2014,WASH_MACH_COM,2,0
R32USA,2015,WASH_MACH_COM,1,0.1
R32USA,2015,WASH_MACH_COM,2,0
R32USA,2016,WASH_MACH_COM,1,0.1
R32USA,2016,WASH_MACH_COM,2,0
R32USA,2017,WASH_MACH_COM,1,0.1
R32USA,2017,WASH_MACH_COM,2,0
R32USA,2018,WASH_MACH_COM,1,0.1
R32USA,2018,WASH_MACH_COM,2,0
R32USA,2019,WASH_MACH_COM,1,0.1
R32USA,2019,WASH_MACH_COM,2,0
R32USA,2020,WASH_MACH_COM,1,0.1
R32USA,2020,WASH_MACH_COM,2,0
R32USA,2021,WASH_MACH_COM,1,0.1
R32USA,2021,WASH_MACH_COM,2,0
R32USA,2022,WASH_MACH_COM,1,0.1
R32USA,2022,WASH_MACH_COM,2,0
R32USA,2023,WASH_MACH_COM,1,0.1
R32USA,2023,WASH_MACH_COM,2,0
R32USA,2024,WASH_MACH_COM,1,0.1
R32USA,2024,WASH_MACH_COM,2,0
R32USA,2025,WASH_MACH_COM,1,0.1
R32USA,2025,WASH_MACH_COM,2,0
R32USA,2026,WASH_MACH_COM,1,0.1
R32USA,2026,WASH_MACH_COM,2,0
R32USA,2027,WASH_MACH_COM,1,0.1
R32USA,2027,WASH_MACH_COM,2,0
R32USA,2028,WASH_MACH_COM,1,0.1
R32USA,2028,WASH_MACH_COM,2,0
R32USA,2029,WASH_MACH_COM,1,0.1
R32USA,2029,WASH_MACH_COM,2,0
R32USA,2030,WASH_MACH_COM,1,0.1
R32USA,2030,WASH_MACH_COM,2,0
R32USA,2031,WASH_MACH_COM,1,0.1
R32USA,2031,WASH_MACH_COM,2,0
R32USA,2032,WASH_MACH_COM,1,0.1
R32USA,2032,WASH_MACH_COM,2,0
R32USA,2033,WASH_MACH_COM,1,0.1
R32USA,2033,WASH_MACH_COM,2,0
R32USA,2034,WASH_MACH_COM,1,0.1
R32USA,2034,WASH_MACH_COM,2,0
R32USA,2035,WASH_MACH_COM,1,0.1
R32USA,2035,WASH_MACH_COM,2,0
R32USA,2036,WASH_MACH_COM,1,0.1
R32USA,2036,WASH_MACH_COM,2,0
R32USA,2037,WASH_MACH_COM,1,0.1
R32USA,2037,WASH_MACH_COM,2,0
R32USA,2038,WASH_MACH_COM,1,0.1
R32USA,2038,WASH_MACH_COM,2,0
R32USA,2039,WASH_MACH_COM,1,0.1
R32USA,2039,WASH_MACH_COM,2,0
R32USA,2040,WASH_MACH_COM,1,0.1
R32USA,2040,WASH_MACH_COM,2,0
R32USA,2041,WASH_MACH_COM,1,0.1
R32USA,2041,WASH_MACH_COM,2,0
R32USA,2042,WASH_MACH_COM,1,0.1
R32USA,2042,WASH_MACH_COM,2,0
R32USA,2043,WASH_MACH_COM,1,0.1
R32USA,2043,WASH_MACH_COM,2,0
R32USA,2044,WASH_MACH_COM,1,0.1
R32USA,2044,WASH_MACH_COM,2,0
R32USA,2045,WASH_MACH_COM,1,0.1
R32USA,2045,WASH_MACH_COM,2,0
R32USA,2046,WASH_MACH_COM,1,0.1
R32USA,2046,WASH_MACH_COM,2,0
R32USA,2047,WASH_MACH_COM,1,0.1
R32USA,2047,WASH_MACH_COM,2,0
R32USA,2048,WASH_MACH_COM,1,0.1
R32USA,2048,WASH_MACH_COM,2,0
R32USA,2049,WASH_MACH_COM,1,0.1
R32USA,2049,WASH_MACH_COM,2,0
R32USA,2050,WASH_MACH_COM,1,0.1
R32USA,2050,WASH_MACH_COM,2,0
R32USA,2051,WASH_MACH_COM,1,0.1
R32USA,2051,WASH_MACH_COM,2,0
R32USA,2052,WASH_MACH_COM,1,0.1
R32USA,2052,WASH_MACH_COM,2,0
R32USA,2053,WASH_MACH_COM,1,0.1
R32USA,2053,WASH_MACH_COM,2,0
R32USA,2054,WASH_MACH_COM,1,0.1
R32USA,2054,WASH_MACH_COM,2,0
R32USA,2055,WASH_MACH_COM,1,0.1
R32USA,2055,WASH_MACH_COM,2,0
R32USA,2056,WASH_MACH_COM,1,0.1
R32USA,2056,WASH_MACH_COM,2,0
R32USA,2057,WASH_MACH_COM,1,0.1
R32USA,2057,WASH_MACH_COM,2,0
R32USA,2058,WASH_MACH_COM,1,0.1
R32USA,2058,WASH_MACH_COM,2,0
R32USA,2059,WASH_MACH_COM,1,0.1
R32USA,2059,WASH_MACH_COM,2,0
R32USA,2060,WASH_MACH_COM,1,0.1
R32USA,2060,WASH_MACH_COM,2,0
R32USA,2061,WASH_MACH_COM,1,0.1
R32USA,2061,WASH_MACH_COM,2,0
R32USA,2062,WASH_MACH_COM,1,0.1
R32USA,2062,WASH_MACH_COM,2,0
R32USA,2063,WASH_MACH_COM,1,0.1
R32USA,2063,WASH_MACH_COM,2,0
R32USA,2064,WASH_MACH_COM,1,0.1
R32USA,2064,WASH_MACH_COM,2,0
R32USA,2065,WASH_MACH_COM,1,0.1
R32USA,2065,WASH_MACH_COM,2,0
R32USA,2066,WASH_MACH_COM,1,0.1
R32USA,2066,WASH_MACH_COM,2,0
R32USA,2067,WASH_MACH_COM,1,0.1
R32USA,2067,WASH_MACH_COM,2,0
R32USA,2068,WASH_MACH_COM,1,0.1
R32USA,2068,WASH_MACH_COM,2,0
R32USA,2069,WASH_MACH_COM,1,0.1
R32USA,2069,WASH_MACH_COM,2,0
R32USA,2070,WASH_MACH_COM,1,0.1
R32USA,2070,WASH_MACH_COM,2,0
R32USA,2071,WASH_MACH_COM,1,0.1
R32USA,2071,WASH_MACH_COM,2,0
R32USA,2072,WASH_MACH_COM,1,0.1
R32USA,2072,WASH_MACH_COM,2,0
R32USA,2073,WASH_MACH_COM,1,0.1
R32USA,2073,WASH_MACH_COM,2,0
R32USA,2074,WASH_MACH_COM,1,0.1
R32USA,2074,WASH_MACH_COM,2,0
R32USA,2075,WASH_MACH_COM,1,0.1
R32USA,2075,WASH_MACH_COM,2,0
R32USA,2076,WASH_MACH_COM,1,0.1
R32USA,2076,WASH_MACH_COM,2,0
R32USA,2077,WASH_MACH_COM,1,0.1
R32USA,2077,WASH_MACH_COM,2,0
R32USA,2078,WASH_MACH_COM,1,0.1
R32USA,2078,WASH_MACH_COM,2,0
R32USA,2079,WASH_MACH_COM,1,0.1
R32USA,2079,WASH_MACH_COM,2,0
R32USA,2080,WASH_MACH_COM,1,0.1
R32USA,2080,WASH_MACH_COM,2,0
R32USA,2081,WASH_MACH_COM,1,0.1
R32USA,2081,WASH_MACH_COM,2,0
R32USA,2082,WASH_MACH_COM,1,0.1
R32USA,2082,WASH_MACH_COM,2,0
R32USA,2083,WASH_MACH_COM,1,0.1
R32USA,2083,WASH_MACH_COM,2,0
R32USA,2084,WASH_MACH_COM,1,0.1
R32USA,2084,WASH_MACH_COM,2,0
R32USA,2085,WASH_MACH_COM,1,0.1
R32USA,2085,WASH_MACH_COM,2,0
R32USA,2086,WASH_MACH_COM,1,0.1
R32USA,2086,WASH_MACH_COM,2,0
R32USA,2087,WASH_MACH_COM,1,0.1
R32USA,2087,WASH_MACH_COM,2,0
R32USA,2088,WASH_MACH_COM,1,0.1
R32USA,2088,WASH_MACH_COM,2,0
R32USA,2089,WASH_MACH_COM,1,0.1
R32USA,2089,WASH_MACH_COM,2,0
R32USA,2090,WASH_MACH_COM,1,0.1
R32USA,2090,WASH_MACH_COM,2,0
R32USA,2091,WASH_MACH_COM,1,0.1
R32USA,2091,WASH_MACH_COM,2,0
R32USA,2092,WASH_MACH_COM,1,0.1
R32USA,2092,WASH_MACH_COM,2,0
R32USA,2093,WASH_MACH_COM,1,0.1
R32USA,2093,WASH_MACH_COM,2,0
R32USA,2094,WASH_MACH_COM,1,0.1
R32USA,2094,WASH_MACH_COM,2,0
R32USA,2095,WASH_MACH_COM,1,0.1
R32USA,2095,WASH_MACH_COM,2,0
R32USA,2096,WASH_MACH_COM,1,0.1
R32USA,2096,WASH_MACH_COM,2,0
R32USA,2097,WASH_MACH_COM,1,0.1
R32USA,2097,WASH_MACH_COM,2,0
R32USA,2098,WASH_MACH_COM,1,0.1
R32USA,2098,WASH_MACH_COM,2,0
R32USA,2099,WASH_MACH_COM,1,0.1
R32USA,2099,WASH_MACH_COM,2,0
R32USA,2100,WASH_MACH_COM,1,0.1
R32USA,2100,WASH_MACH_COM,2,0
