region_bld,clim,urt,mat,arch,year,value
C-EEU-BGR,Zone_4A Mixed Humid,rur,perm,mfh,2015,0.426
C-EEU-BGR,Zone_4A Mixed Humid,rur,perm,sfh,2015,0.574
C-EEU-BGR,Zone_4A Mixed Humid,urb,perm,mfh,2015,0.609
C-EEU-BGR,Zone_4A Mixed Humid,urb,perm,sfh,2015,0.391
C-EEU-BGR,Zone_5A Cool Humid,rur,perm,mfh,2015,0.773
C-EEU-BGR,Zone_5A Cool Humid,rur,perm,sfh,2015,0.227
C-EEU-BGR,Zone_5A Cool Humid,urb,perm,mfh,2015,0.773
C-EEU-BGR,Zone_5A Cool Humid,urb,perm,sfh,2015,0.227
C-EEU-CZE,Zone_5A Cool Humid,rur,perm,mfh,2015,0.657
C-EEU-CZE,Zone_5A Cool Humid,rur,perm,sfh,2015,0.343
C-EEU-CZE,Zone_5A Cool Humid,urb,perm,mfh,2015,0.73
C-EEU-CZE,Zone_5A Cool Humid,urb,perm,sfh,2015,0.27
C-EEU-EST,Zone_6A Cold Humid,rur,perm,mfh,2015,0.548
C-EEU-EST,Zone_6A Cold Humid,rur,perm,sfh,2015,0.452
C-EEU-EST,Zone_6A Cold Humid,urb,perm,mfh,2015,0.768
C-EEU-EST,Zone_6A Cold Humid,urb,perm,sfh,2015,0.232
C-EEU-HRV,Zone_4A Mixed Humid,rur,perm,mfh,2015,0.331
C-EEU-HRV,Zone_4A Mixed Humid,rur,perm,sfh,2015,0.669
C-EEU-HRV,Zone_4A Mixed Humid,urb,perm,mfh,2015,0.667
C-EEU-HRV,Zone_4A Mixed Humid,urb,perm,sfh,2015,0.333
C-EEU-HRV,Zone_5A Cool Humid,rur,perm,mfh,2015,0.412
C-EEU-HRV,Zone_5A Cool Humid,rur,perm,sfh,2015,0.588
C-EEU-HRV,Zone_3A Warm Humid,rur,perm,mfh,2015,0.648
C-EEU-HRV,Zone_3A Warm Humid,rur,perm,sfh,2015,0.352
C-EEU-HRV,Zone_4C Mixed Marine,rur,perm,mfh,2015,0.608
C-EEU-HRV,Zone_4C Mixed Marine,rur,perm,sfh,2015,0.392
C-EEU-HUN,Zone_4A Mixed Humid,rur,perm,mfh,2015,0.274
C-EEU-HUN,Zone_4A Mixed Humid,rur,perm,sfh,2015,0.726
C-EEU-HUN,Zone_4A Mixed Humid,urb,perm,mfh,2015,0.447
C-EEU-HUN,Zone_4A Mixed Humid,urb,perm,sfh,2015,0.553
C-EEU-HUN,Zone_5A Cool Humid,rur,perm,mfh,2015,0.22
C-EEU-HUN,Zone_5A Cool Humid,rur,perm,sfh,2015,0.78
C-EEU-HUN,Zone_5A Cool Humid,urb,perm,mfh,2015,0.368
C-EEU-HUN,Zone_5A Cool Humid,urb,perm,sfh,2015,0.632
C-EEU-LTU,Zone_5A Cool Humid,rur,perm,mfh,2015,0.42
C-EEU-LTU,Zone_5A Cool Humid,rur,perm,sfh,2015,0.58
C-EEU-LTU,Zone_5A Cool Humid,urb,perm,mfh,2015,0.707
C-EEU-LTU,Zone_5A Cool Humid,urb,perm,sfh,2015,0.293
C-EEU-LTU,Zone_6A Cold Humid,rur,perm,mfh,2015,0.449
C-EEU-LTU,Zone_6A Cold Humid,rur,perm,sfh,2015,0.551
C-EEU-LTU,Zone_6A Cold Humid,urb,perm,mfh,2015,0.648
C-EEU-LTU,Zone_6A Cold Humid,urb,perm,sfh,2015,0.352
C-EEU-LVA,Zone_6A Cold Humid,rur,perm,mfh,2015,0.612
C-EEU-LVA,Zone_6A Cold Humid,rur,perm,sfh,2015,0.388
C-EEU-LVA,Zone_6A Cold Humid,urb,perm,mfh,2015,0.843
C-EEU-LVA,Zone_6A Cold Humid,urb,perm,sfh,2015,0.157
C-EEU-POL,Zone_5A Cool Humid,rur,perm,mfh,2015,0.414
C-EEU-POL,Zone_5A Cool Humid,rur,perm,sfh,2015,0.586
C-EEU-POL,Zone_5A Cool Humid,urb,perm,mfh,2015,0.698
C-EEU-POL,Zone_5A Cool Humid,urb,perm,sfh,2015,0.302
C-EEU-POL,Zone_6A Cold Humid,rur,perm,mfh,2015,0.192
C-EEU-POL,Zone_6A Cold Humid,rur,perm,sfh,2015,0.808
C-EEU-POL,Zone_6A Cold Humid,urb,perm,mfh,2015,0.431
C-EEU-POL,Zone_6A Cold Humid,urb,perm,sfh,2015,0.569
C-EEU-ROU,Zone_4A Mixed Humid,rur,perm,mfh,2015,0.312
C-EEU-ROU,Zone_4A Mixed Humid,rur,perm,sfh,2015,0.688
C-EEU-ROU,Zone_4A Mixed Humid,urb,perm,mfh,2015,0.664
C-EEU-ROU,Zone_4A Mixed Humid,urb,perm,sfh,2015,0.336
C-EEU-ROU,Zone_5A Cool Humid,rur,perm,mfh,2015,0.34
C-EEU-ROU,Zone_5A Cool Humid,rur,perm,sfh,2015,0.66
C-EEU-ROU,Zone_5A Cool Humid,urb,perm,mfh,2015,0.517
C-EEU-ROU,Zone_5A Cool Humid,urb,perm,sfh,2015,0.483
C-EEU-ROU,Zone_6A Cold Humid,rur,perm,mfh,2015,0.397
C-EEU-ROU,Zone_6A Cold Humid,rur,perm,sfh,2015,0.603
C-EEU-SVK,Zone_5A Cool Humid,rur,perm,mfh,2015,0.438
C-EEU-SVK,Zone_5A Cool Humid,rur,perm,sfh,2015,0.562
C-EEU-SVK,Zone_5A Cool Humid,urb,perm,mfh,2015,0.603
C-EEU-SVK,Zone_5A Cool Humid,urb,perm,sfh,2015,0.397
C-EEU-SVK,Zone_6A Cold Humid,rur,perm,mfh,2015,0.46
C-EEU-SVK,Zone_6A Cold Humid,rur,perm,sfh,2015,0.54
C-EEU-SVK,Zone_6A Cold Humid,urb,perm,mfh,2015,0.448
C-EEU-SVK,Zone_6A Cold Humid,urb,perm,sfh,2015,0.552
C-EEU-SVN,Zone_4A Mixed Humid,rur,perm,mfh,2015,0.371
C-EEU-SVN,Zone_4A Mixed Humid,rur,perm,sfh,2015,0.629
C-EEU-SVN,Zone_4A Mixed Humid,urb,perm,mfh,2015,0.582
C-EEU-SVN,Zone_4A Mixed Humid,urb,perm,sfh,2015,0.418
C-EEU-SVN,Zone_5A Cool Humid,rur,perm,mfh,2015,0.395
C-EEU-SVN,Zone_5A Cool Humid,rur,perm,sfh,2015,0.605
C-EEU-SVN,Zone_5A Cool Humid,urb,perm,mfh,2015,0.562
C-EEU-SVN,Zone_5A Cool Humid,urb,perm,sfh,2015,0.438
C-EEU-SVN,Zone_7A Very cold Humid,rur,perm,mfh,2015,0.414
C-EEU-SVN,Zone_7A Very cold Humid,rur,perm,sfh,2015,0.586
C-WEU-AUT,Zone_4A Mixed Humid,rur,perm,mfh,2015,0.415
C-WEU-AUT,Zone_4A Mixed Humid,rur,perm,sfh,2015,0.585
C-WEU-AUT,Zone_4A Mixed Humid,urb,perm,mfh,2015,0.874
C-WEU-AUT,Zone_4A Mixed Humid,urb,perm,sfh,2015,0.126
C-WEU-AUT,Zone_5A Cool Humid,rur,perm,mfh,2015,0.478
C-WEU-AUT,Zone_5A Cool Humid,rur,perm,sfh,2015,0.522
C-WEU-AUT,Zone_5A Cool Humid,urb,perm,mfh,2015,0.603
C-WEU-AUT,Zone_5A Cool Humid,urb,perm,sfh,2015,0.397
C-WEU-AUT,Zone_6A Cold Humid,rur,perm,mfh,2015,0.608
C-WEU-AUT,Zone_6A Cold Humid,rur,perm,sfh,2015,0.392
C-WEU-AUT,Zone_6A Cold Humid,urb,perm,mfh,2015,0.72
C-WEU-AUT,Zone_6A Cold Humid,urb,perm,sfh,2015,0.28
C-WEU-AUT,Zone_7A Very cold Humid,rur,perm,mfh,2015,0.66
C-WEU-AUT,Zone_7A Very cold Humid,rur,perm,sfh,2015,0.34
C-WEU-AUT,Zone_7A Very cold Humid,urb,perm,mfh,2015,0.841
C-WEU-AUT,Zone_7A Very cold Humid,urb,perm,sfh,2015,0.159
C-WEU-BEL,Zone_4A Mixed Humid,rur,perm,mfh,2015,0.174
C-WEU-BEL,Zone_4A Mixed Humid,rur,perm,sfh,2015,0.826
C-WEU-BEL,Zone_4A Mixed Humid,urb,perm,mfh,2015,0.356
C-WEU-BEL,Zone_4A Mixed Humid,urb,perm,sfh,2015,0.644
C-WEU-BEL,Zone_5A Cool Humid,rur,perm,mfh,2015,0.24
C-WEU-BEL,Zone_5A Cool Humid,rur,perm,sfh,2015,0.76
C-WEU-BEL,Zone_5A Cool Humid,urb,perm,mfh,2015,0.295
C-WEU-BEL,Zone_5A Cool Humid,urb,perm,sfh,2015,0.705
C-WEU-CYP,Zone_3A Warm Humid,urb,perm,mfh,2015,0.518
C-WEU-CYP,Zone_3A Warm Humid,urb,perm,sfh,2015,0.482
C-WEU-DEU,Zone_4A Mixed Humid,rur,perm,mfh,2015,0.446
C-WEU-DEU,Zone_4A Mixed Humid,rur,perm,sfh,2015,0.554
C-WEU-DEU,Zone_4A Mixed Humid,urb,perm,mfh,2015,0.732
C-WEU-DEU,Zone_4A Mixed Humid,urb,perm,sfh,2015,0.268
C-WEU-DEU,Zone_5A Cool Humid,rur,perm,mfh,2015,0.549
C-WEU-DEU,Zone_5A Cool Humid,rur,perm,sfh,2015,0.451
C-WEU-DEU,Zone_5A Cool Humid,urb,perm,mfh,2015,0.698
C-WEU-DEU,Zone_5A Cool Humid,urb,perm,sfh,2015,0.302
C-WEU-DEU,Zone_6A Cold Humid,rur,perm,mfh,2015,0.635
C-WEU-DEU,Zone_6A Cold Humid,rur,perm,sfh,2015,0.365
C-WEU-DEU,Zone_6A Cold Humid,urb,perm,mfh,2015,0.746
C-WEU-DEU,Zone_6A Cold Humid,urb,perm,sfh,2015,0.254
C-WEU-DNK,Zone_5A Cool Humid,rur,perm,mfh,2015,0.323
C-WEU-DNK,Zone_5A Cool Humid,rur,perm,sfh,2015,0.677
C-WEU-DNK,Zone_5A Cool Humid,urb,perm,mfh,2015,0.516
C-WEU-DNK,Zone_5A Cool Humid,urb,perm,sfh,2015,0.484
C-WEU-ESP,Zone_4A Mixed Humid,rur,perm,mfh,2015,0.521
C-WEU-ESP,Zone_4A Mixed Humid,rur,perm,sfh,2015,0.479
C-WEU-ESP,Zone_4A Mixed Humid,urb,perm,mfh,2015,0.785
C-WEU-ESP,Zone_4A Mixed Humid,urb,perm,sfh,2015,0.215
C-WEU-ESP,Zone_3A Warm Humid,rur,perm,mfh,2015,0.257
C-WEU-ESP,Zone_3A Warm Humid,rur,perm,sfh,2015,0.743
C-WEU-ESP,Zone_3A Warm Humid,urb,perm,mfh,2015,0.76
C-WEU-ESP,Zone_3A Warm Humid,urb,perm,sfh,2015,0.24
C-WEU-ESP,Zone_4C Mixed Marine,rur,perm,mfh,2015,0.549
C-WEU-ESP,Zone_4C Mixed Marine,rur,perm,sfh,2015,0.451
C-WEU-ESP,Zone_4C Mixed Marine,urb,perm,mfh,2015,0.705
C-WEU-ESP,Zone_4C Mixed Marine,urb,perm,sfh,2015,0.295
C-WEU-ESP,Zone_2B Hot Dry,urb,perm,mfh,2015,0.647
C-WEU-ESP,Zone_2B Hot Dry,urb,perm,sfh,2015,0.353
C-WEU-ESP,Zone_3B Warm Dry,rur,perm,mfh,2015,0.494
C-WEU-ESP,Zone_3B Warm Dry,rur,perm,sfh,2015,0.506
C-WEU-ESP,Zone_3B Warm Dry,urb,perm,mfh,2015,0.726
C-WEU-ESP,Zone_3B Warm Dry,urb,perm,sfh,2015,0.274
C-WEU-ESP,Zone_3C Warm Marine,urb,perm,mfh,2015,0.672
C-WEU-ESP,Zone_3C Warm Marine,urb,perm,sfh,2015,0.328
C-WEU-FIN,Zone_6A Cold Humid,rur,perm,mfh,2015,0.512
C-WEU-FIN,Zone_6A Cold Humid,rur,perm,sfh,2015,0.488
C-WEU-FIN,Zone_6A Cold Humid,urb,perm,mfh,2015,0.756
C-WEU-FIN,Zone_6A Cold Humid,urb,perm,sfh,2015,0.244
C-WEU-FIN,Zone_7A Very cold Humid,rur,perm,mfh,2015,0.522
C-WEU-FIN,Zone_7A Very cold Humid,rur,perm,sfh,2015,0.478
C-WEU-FIN,Zone_7A Very cold Humid,urb,perm,mfh,2015,0.635
C-WEU-FIN,Zone_7A Very cold Humid,urb,perm,sfh,2015,0.365
C-WEU-FRA,Zone_4A Mixed Humid,rur,perm,mfh,2015,0.245
C-WEU-FRA,Zone_4A Mixed Humid,rur,perm,sfh,2015,0.755
C-WEU-FRA,Zone_4A Mixed Humid,urb,perm,mfh,2015,0.544
C-WEU-FRA,Zone_4A Mixed Humid,urb,perm,sfh,2015,0.456
C-WEU-FRA,Zone_5A Cool Humid,rur,perm,mfh,2015,0.283
C-WEU-FRA,Zone_5A Cool Humid,rur,perm,sfh,2015,0.717
C-WEU-FRA,Zone_5A Cool Humid,urb,perm,mfh,2015,0.513
C-WEU-FRA,Zone_5A Cool Humid,urb,perm,sfh,2015,0.487
C-WEU-FRA,Zone_3A Warm Humid,rur,perm,mfh,2015,0.221
C-WEU-FRA,Zone_3A Warm Humid,rur,perm,sfh,2015,0.779
C-WEU-FRA,Zone_3A Warm Humid,urb,perm,mfh,2015,0.538
C-WEU-FRA,Zone_3A Warm Humid,urb,perm,sfh,2015,0.462
C-WEU-FRA,Zone_4C Mixed Marine,rur,perm,mfh,2015,0.514
C-WEU-FRA,Zone_4C Mixed Marine,rur,perm,sfh,2015,0.486
C-WEU-FRA,Zone_7A Very cold Humid,urb,perm,mfh,2015,0.558
C-WEU-FRA,Zone_7A Very cold Humid,urb,perm,sfh,2015,0.442
C-WEU-FRA,Zone_3C Warm Marine,urb,perm,mfh,2015,0.851
C-WEU-FRA,Zone_3C Warm Marine,urb,perm,sfh,2015,0.149
C-WEU-FRA,Zone_1A Very hot Humid,urb,perm,mfh,2015,0.429
C-WEU-FRA,Zone_1A Very hot Humid,urb,perm,sfh,2015,0.571
C-WEU-FRA,Zone_2A Hot Humid,urb,perm,mfh,2015,0.34
C-WEU-FRA,Zone_2A Hot Humid,urb,perm,sfh,2015,0.66
C-WEU-GRC,Zone_4A Mixed Humid,rur,perm,mfh,2015,0.489
C-WEU-GRC,Zone_4A Mixed Humid,rur,perm,sfh,2015,0.511
C-WEU-GRC,Zone_4A Mixed Humid,urb,perm,mfh,2015,0.732
C-WEU-GRC,Zone_4A Mixed Humid,urb,perm,sfh,2015,0.268
C-WEU-GRC,Zone_5A Cool Humid,rur,perm,mfh,2015,0.472
C-WEU-GRC,Zone_5A Cool Humid,rur,perm,sfh,2015,0.528
C-WEU-GRC,Zone_5A Cool Humid,urb,perm,mfh,2015,0.607
C-WEU-GRC,Zone_5A Cool Humid,urb,perm,sfh,2015,0.393
C-WEU-GRC,Zone_3A Warm Humid,rur,perm,mfh,2015,0.52
C-WEU-GRC,Zone_3A Warm Humid,rur,perm,sfh,2015,0.48
C-WEU-GRC,Zone_3A Warm Humid,urb,perm,mfh,2015,0.824
C-WEU-GRC,Zone_3A Warm Humid,urb,perm,sfh,2015,0.176
C-WEU-GRC,Zone_4C Mixed Marine,urb,perm,mfh,2015,0.623
C-WEU-GRC,Zone_4C Mixed Marine,urb,perm,sfh,2015,0.377
C-WEU-GRC,Zone_5C Cool Marine,urb,perm,mfh,2015,0.591
C-WEU-GRC,Zone_5C Cool Marine,urb,perm,sfh,2015,0.409
C-WEU-IRL,Zone_4A Mixed Humid,rur,perm,mfh,2015,0.102
C-WEU-IRL,Zone_4A Mixed Humid,rur,perm,sfh,2015,0.898
C-WEU-IRL,Zone_5A Cool Humid,rur,perm,mfh,2015,0.082
C-WEU-IRL,Zone_5A Cool Humid,rur,perm,sfh,2015,0.918
C-WEU-IRL,Zone_5A Cool Humid,urb,perm,mfh,2015,0.221
C-WEU-IRL,Zone_5A Cool Humid,urb,perm,sfh,2015,0.779
C-WEU-ITA,Zone_4A Mixed Humid,rur,perm,mfh,2015,0.691
C-WEU-ITA,Zone_4A Mixed Humid,rur,perm,sfh,2015,0.309
C-WEU-ITA,Zone_4A Mixed Humid,urb,perm,mfh,2015,0.842
C-WEU-ITA,Zone_4A Mixed Humid,urb,perm,sfh,2015,0.158
C-WEU-ITA,Zone_5A Cool Humid,urb,perm,mfh,2015,0.807
C-WEU-ITA,Zone_5A Cool Humid,urb,perm,sfh,2015,0.193
C-WEU-ITA,Zone_6A Cold Humid,urb,perm,mfh,2015,0.835
C-WEU-ITA,Zone_6A Cold Humid,urb,perm,sfh,2015,0.165
C-WEU-ITA,Zone_3A Warm Humid,rur,perm,mfh,2015,0.703
C-WEU-ITA,Zone_3A Warm Humid,rur,perm,sfh,2015,0.297
C-WEU-ITA,Zone_3A Warm Humid,urb,perm,mfh,2015,0.841
C-WEU-ITA,Zone_3A Warm Humid,urb,perm,sfh,2015,0.159
C-WEU-ITA,Zone_4C Mixed Marine,rur,perm,mfh,2015,0.7
C-WEU-ITA,Zone_4C Mixed Marine,rur,perm,sfh,2015,0.3
C-WEU-ITA,Zone_4C Mixed Marine,urb,perm,mfh,2015,0.887
C-WEU-ITA,Zone_4C Mixed Marine,urb,perm,sfh,2015,0.113
C-WEU-ITA,Zone_7A Very cold Humid,rur,perm,mfh,2015,0.738
C-WEU-ITA,Zone_7A Very cold Humid,rur,perm,sfh,2015,0.262
C-WEU-ITA,Zone_7A Very cold Humid,urb,perm,mfh,2015,0.839
C-WEU-ITA,Zone_7A Very cold Humid,urb,perm,sfh,2015,0.161
C-WEU-ITA,Zone_5C Cool Marine,urb,perm,mfh,2015,0.724
C-WEU-ITA,Zone_5C Cool Marine,urb,perm,sfh,2015,0.276
C-WEU-LUX,Zone_5A Cool Humid,urb,perm,mfh,2015,0.522
C-WEU-LUX,Zone_5A Cool Humid,urb,perm,sfh,2015,0.478
C-WEU-MLT,Zone_3A Warm Humid,urb,perm,mfh,2015,0.652
C-WEU-MLT,Zone_3A Warm Humid,urb,perm,sfh,2015,0.348
C-WEU-NLD,Zone_4A Mixed Humid,rur,perm,mfh,2015,0.14
C-WEU-NLD,Zone_4A Mixed Humid,rur,perm,sfh,2015,0.86
C-WEU-NLD,Zone_4A Mixed Humid,urb,perm,mfh,2015,0.383
C-WEU-NLD,Zone_4A Mixed Humid,urb,perm,sfh,2015,0.617
C-WEU-NLD,Zone_5A Cool Humid,urb,perm,mfh,2015,0.22
C-WEU-NLD,Zone_5A Cool Humid,urb,perm,sfh,2015,0.78
C-WEU-PRT,Zone_4A Mixed Humid,rur,perm,mfh,2015,0.289
C-WEU-PRT,Zone_4A Mixed Humid,rur,perm,sfh,2015,0.711
C-WEU-PRT,Zone_3A Warm Humid,rur,perm,mfh,2015,0.335
C-WEU-PRT,Zone_3A Warm Humid,rur,perm,sfh,2015,0.665
C-WEU-PRT,Zone_3A Warm Humid,urb,perm,mfh,2015,0.778
C-WEU-PRT,Zone_3A Warm Humid,urb,perm,sfh,2015,0.222
C-WEU-PRT,Zone_4C Mixed Marine,rur,perm,mfh,2015,0.239
C-WEU-PRT,Zone_4C Mixed Marine,rur,perm,sfh,2015,0.761
C-WEU-PRT,Zone_4C Mixed Marine,urb,perm,mfh,2015,0.425
C-WEU-PRT,Zone_4C Mixed Marine,urb,perm,sfh,2015,0.575
C-WEU-PRT,Zone_3C Warm Marine,rur,perm,mfh,2015,0.265
C-WEU-PRT,Zone_3C Warm Marine,rur,perm,sfh,2015,0.735
C-WEU-PRT,Zone_3C Warm Marine,urb,perm,mfh,2015,0.493
C-WEU-PRT,Zone_3C Warm Marine,urb,perm,sfh,2015,0.507
C-WEU-SWE,Zone_5A Cool Humid,rur,perm,mfh,2015,0.35
C-WEU-SWE,Zone_5A Cool Humid,rur,perm,sfh,2015,0.65
C-WEU-SWE,Zone_5A Cool Humid,urb,perm,mfh,2015,0.492
C-WEU-SWE,Zone_5A Cool Humid,urb,perm,sfh,2015,0.508
C-WEU-SWE,Zone_6A Cold Humid,rur,perm,mfh,2015,0.4
C-WEU-SWE,Zone_6A Cold Humid,rur,perm,sfh,2015,0.6
C-WEU-SWE,Zone_6A Cold Humid,urb,perm,mfh,2015,0.59
C-WEU-SWE,Zone_6A Cold Humid,urb,perm,sfh,2015,0.41
C-WEU-SWE,Zone_7A Very cold Humid,rur,perm,mfh,2015,0.397
C-WEU-SWE,Zone_7A Very cold Humid,rur,perm,sfh,2015,0.603
C-WEU-SWE,Zone_7A Very cold Humid,urb,perm,mfh,2015,0.461
C-WEU-SWE,Zone_7A Very cold Humid,urb,perm,sfh,2015,0.539
C-WEU-SWE,Zone_8A Subarctic/arctic Humid,urb,perm,mfh,2015,0.445
C-WEU-SWE,Zone_8A Subarctic/arctic Humid,urb,perm,sfh,2015,0.555
C-EEU-BGR,Zone_4A Mixed Humid,rur,perm,mfh,2020,0.426
C-EEU-BGR,Zone_4A Mixed Humid,rur,perm,sfh,2020,0.574
C-EEU-BGR,Zone_4A Mixed Humid,urb,perm,mfh,2020,0.609
C-EEU-BGR,Zone_4A Mixed Humid,urb,perm,sfh,2020,0.391
C-EEU-BGR,Zone_5A Cool Humid,rur,perm,mfh,2020,0.773
C-EEU-BGR,Zone_5A Cool Humid,rur,perm,sfh,2020,0.227
C-EEU-BGR,Zone_5A Cool Humid,urb,perm,mfh,2020,0.773
C-EEU-BGR,Zone_5A Cool Humid,urb,perm,sfh,2020,0.227
C-EEU-CZE,Zone_5A Cool Humid,rur,perm,mfh,2020,0.657
C-EEU-CZE,Zone_5A Cool Humid,rur,perm,sfh,2020,0.343
C-EEU-CZE,Zone_5A Cool Humid,urb,perm,mfh,2020,0.73
C-EEU-CZE,Zone_5A Cool Humid,urb,perm,sfh,2020,0.27
C-EEU-EST,Zone_6A Cold Humid,rur,perm,mfh,2020,0.548
C-EEU-EST,Zone_6A Cold Humid,rur,perm,sfh,2020,0.452
C-EEU-EST,Zone_6A Cold Humid,urb,perm,mfh,2020,0.768
C-EEU-EST,Zone_6A Cold Humid,urb,perm,sfh,2020,0.232
C-EEU-HRV,Zone_4A Mixed Humid,rur,perm,mfh,2020,0.331
C-EEU-HRV,Zone_4A Mixed Humid,rur,perm,sfh,2020,0.669
C-EEU-HRV,Zone_4A Mixed Humid,urb,perm,mfh,2020,0.667
C-EEU-HRV,Zone_4A Mixed Humid,urb,perm,sfh,2020,0.333
C-EEU-HRV,Zone_5A Cool Humid,rur,perm,mfh,2020,0.412
C-EEU-HRV,Zone_5A Cool Humid,rur,perm,sfh,2020,0.588
C-EEU-HRV,Zone_3A Warm Humid,rur,perm,mfh,2020,0.648
C-EEU-HRV,Zone_3A Warm Humid,rur,perm,sfh,2020,0.352
C-EEU-HRV,Zone_4C Mixed Marine,rur,perm,mfh,2020,0.608
C-EEU-HRV,Zone_4C Mixed Marine,rur,perm,sfh,2020,0.392
C-EEU-HUN,Zone_4A Mixed Humid,rur,perm,mfh,2020,0.274
C-EEU-HUN,Zone_4A Mixed Humid,rur,perm,sfh,2020,0.726
C-EEU-HUN,Zone_4A Mixed Humid,urb,perm,mfh,2020,0.447
C-EEU-HUN,Zone_4A Mixed Humid,urb,perm,sfh,2020,0.553
C-EEU-HUN,Zone_5A Cool Humid,rur,perm,mfh,2020,0.22
C-EEU-HUN,Zone_5A Cool Humid,rur,perm,sfh,2020,0.78
C-EEU-HUN,Zone_5A Cool Humid,urb,perm,mfh,2020,0.368
C-EEU-HUN,Zone_5A Cool Humid,urb,perm,sfh,2020,0.632
C-EEU-LTU,Zone_5A Cool Humid,rur,perm,mfh,2020,0.42
C-EEU-LTU,Zone_5A Cool Humid,rur,perm,sfh,2020,0.58
C-EEU-LTU,Zone_5A Cool Humid,urb,perm,mfh,2020,0.707
C-EEU-LTU,Zone_5A Cool Humid,urb,perm,sfh,2020,0.293
C-EEU-LTU,Zone_6A Cold Humid,rur,perm,mfh,2020,0.449
C-EEU-LTU,Zone_6A Cold Humid,rur,perm,sfh,2020,0.551
C-EEU-LTU,Zone_6A Cold Humid,urb,perm,mfh,2020,0.648
C-EEU-LTU,Zone_6A Cold Humid,urb,perm,sfh,2020,0.352
C-EEU-LVA,Zone_6A Cold Humid,rur,perm,mfh,2020,0.612
C-EEU-LVA,Zone_6A Cold Humid,rur,perm,sfh,2020,0.388
C-EEU-LVA,Zone_6A Cold Humid,urb,perm,mfh,2020,0.843
C-EEU-LVA,Zone_6A Cold Humid,urb,perm,sfh,2020,0.157
C-EEU-POL,Zone_5A Cool Humid,rur,perm,mfh,2020,0.414
C-EEU-POL,Zone_5A Cool Humid,rur,perm,sfh,2020,0.586
C-EEU-POL,Zone_5A Cool Humid,urb,perm,mfh,2020,0.698
C-EEU-POL,Zone_5A Cool Humid,urb,perm,sfh,2020,0.302
C-EEU-POL,Zone_6A Cold Humid,rur,perm,mfh,2020,0.192
C-EEU-POL,Zone_6A Cold Humid,rur,perm,sfh,2020,0.808
C-EEU-POL,Zone_6A Cold Humid,urb,perm,mfh,2020,0.431
C-EEU-POL,Zone_6A Cold Humid,urb,perm,sfh,2020,0.569
C-EEU-ROU,Zone_4A Mixed Humid,rur,perm,mfh,2020,0.312
C-EEU-ROU,Zone_4A Mixed Humid,rur,perm,sfh,2020,0.688
C-EEU-ROU,Zone_4A Mixed Humid,urb,perm,mfh,2020,0.664
C-EEU-ROU,Zone_4A Mixed Humid,urb,perm,sfh,2020,0.336
C-EEU-ROU,Zone_5A Cool Humid,rur,perm,mfh,2020,0.34
C-EEU-ROU,Zone_5A Cool Humid,rur,perm,sfh,2020,0.66
C-EEU-ROU,Zone_5A Cool Humid,urb,perm,mfh,2020,0.517
C-EEU-ROU,Zone_5A Cool Humid,urb,perm,sfh,2020,0.483
C-EEU-ROU,Zone_6A Cold Humid,rur,perm,mfh,2020,0.397
C-EEU-ROU,Zone_6A Cold Humid,rur,perm,sfh,2020,0.603
C-EEU-SVK,Zone_5A Cool Humid,rur,perm,mfh,2020,0.438
C-EEU-SVK,Zone_5A Cool Humid,rur,perm,sfh,2020,0.562
C-EEU-SVK,Zone_5A Cool Humid,urb,perm,mfh,2020,0.603
C-EEU-SVK,Zone_5A Cool Humid,urb,perm,sfh,2020,0.397
C-EEU-SVK,Zone_6A Cold Humid,rur,perm,mfh,2020,0.46
C-EEU-SVK,Zone_6A Cold Humid,rur,perm,sfh,2020,0.54
C-EEU-SVK,Zone_6A Cold Humid,urb,perm,mfh,2020,0.448
C-EEU-SVK,Zone_6A Cold Humid,urb,perm,sfh,2020,0.552
C-EEU-SVN,Zone_4A Mixed Humid,rur,perm,mfh,2020,0.371
C-EEU-SVN,Zone_4A Mixed Humid,rur,perm,sfh,2020,0.629
C-EEU-SVN,Zone_4A Mixed Humid,urb,perm,mfh,2020,0.582
C-EEU-SVN,Zone_4A Mixed Humid,urb,perm,sfh,2020,0.418
C-EEU-SVN,Zone_5A Cool Humid,rur,perm,mfh,2020,0.395
C-EEU-SVN,Zone_5A Cool Humid,rur,perm,sfh,2020,0.605
C-EEU-SVN,Zone_5A Cool Humid,urb,perm,mfh,2020,0.562
C-EEU-SVN,Zone_5A Cool Humid,urb,perm,sfh,2020,0.438
C-EEU-SVN,Zone_7A Very cold Humid,rur,perm,mfh,2020,0.414
C-EEU-SVN,Zone_7A Very cold Humid,rur,perm,sfh,2020,0.586
C-WEU-AUT,Zone_4A Mixed Humid,rur,perm,mfh,2020,0.415
C-WEU-AUT,Zone_4A Mixed Humid,rur,perm,sfh,2020,0.585
C-WEU-AUT,Zone_4A Mixed Humid,urb,perm,mfh,2020,0.874
C-WEU-AUT,Zone_4A Mixed Humid,urb,perm,sfh,2020,0.126
C-WEU-AUT,Zone_5A Cool Humid,rur,perm,mfh,2020,0.478
C-WEU-AUT,Zone_5A Cool Humid,rur,perm,sfh,2020,0.522
C-WEU-AUT,Zone_5A Cool Humid,urb,perm,mfh,2020,0.603
C-WEU-AUT,Zone_5A Cool Humid,urb,perm,sfh,2020,0.397
C-WEU-AUT,Zone_6A Cold Humid,rur,perm,mfh,2020,0.608
C-WEU-AUT,Zone_6A Cold Humid,rur,perm,sfh,2020,0.392
C-WEU-AUT,Zone_6A Cold Humid,urb,perm,mfh,2020,0.72
C-WEU-AUT,Zone_6A Cold Humid,urb,perm,sfh,2020,0.28
C-WEU-AUT,Zone_7A Very cold Humid,rur,perm,mfh,2020,0.66
C-WEU-AUT,Zone_7A Very cold Humid,rur,perm,sfh,2020,0.34
C-WEU-AUT,Zone_7A Very cold Humid,urb,perm,mfh,2020,0.841
C-WEU-AUT,Zone_7A Very cold Humid,urb,perm,sfh,2020,0.159
C-WEU-BEL,Zone_4A Mixed Humid,rur,perm,mfh,2020,0.174
C-WEU-BEL,Zone_4A Mixed Humid,rur,perm,sfh,2020,0.826
C-WEU-BEL,Zone_4A Mixed Humid,urb,perm,mfh,2020,0.356
C-WEU-BEL,Zone_4A Mixed Humid,urb,perm,sfh,2020,0.644
C-WEU-BEL,Zone_5A Cool Humid,rur,perm,mfh,2020,0.24
C-WEU-BEL,Zone_5A Cool Humid,rur,perm,sfh,2020,0.76
C-WEU-BEL,Zone_5A Cool Humid,urb,perm,mfh,2020,0.295
C-WEU-BEL,Zone_5A Cool Humid,urb,perm,sfh,2020,0.705
C-WEU-CYP,Zone_3A Warm Humid,urb,perm,mfh,2020,0.518
C-WEU-CYP,Zone_3A Warm Humid,urb,perm,sfh,2020,0.482
C-WEU-DEU,Zone_4A Mixed Humid,rur,perm,mfh,2020,0.446
C-WEU-DEU,Zone_4A Mixed Humid,rur,perm,sfh,2020,0.554
C-WEU-DEU,Zone_4A Mixed Humid,urb,perm,mfh,2020,0.732
C-WEU-DEU,Zone_4A Mixed Humid,urb,perm,sfh,2020,0.268
C-WEU-DEU,Zone_5A Cool Humid,rur,perm,mfh,2020,0.549
C-WEU-DEU,Zone_5A Cool Humid,rur,perm,sfh,2020,0.451
C-WEU-DEU,Zone_5A Cool Humid,urb,perm,mfh,2020,0.698
C-WEU-DEU,Zone_5A Cool Humid,urb,perm,sfh,2020,0.302
C-WEU-DEU,Zone_6A Cold Humid,rur,perm,mfh,2020,0.635
C-WEU-DEU,Zone_6A Cold Humid,rur,perm,sfh,2020,0.365
C-WEU-DEU,Zone_6A Cold Humid,urb,perm,mfh,2020,0.746
C-WEU-DEU,Zone_6A Cold Humid,urb,perm,sfh,2020,0.254
C-WEU-DNK,Zone_5A Cool Humid,rur,perm,mfh,2020,0.323
C-WEU-DNK,Zone_5A Cool Humid,rur,perm,sfh,2020,0.677
C-WEU-DNK,Zone_5A Cool Humid,urb,perm,mfh,2020,0.516
C-WEU-DNK,Zone_5A Cool Humid,urb,perm,sfh,2020,0.484
C-WEU-ESP,Zone_4A Mixed Humid,rur,perm,mfh,2020,0.521
C-WEU-ESP,Zone_4A Mixed Humid,rur,perm,sfh,2020,0.479
C-WEU-ESP,Zone_4A Mixed Humid,urb,perm,mfh,2020,0.785
C-WEU-ESP,Zone_4A Mixed Humid,urb,perm,sfh,2020,0.215
C-WEU-ESP,Zone_3A Warm Humid,rur,perm,mfh,2020,0.257
C-WEU-ESP,Zone_3A Warm Humid,rur,perm,sfh,2020,0.743
C-WEU-ESP,Zone_3A Warm Humid,urb,perm,mfh,2020,0.76
C-WEU-ESP,Zone_3A Warm Humid,urb,perm,sfh,2020,0.24
C-WEU-ESP,Zone_4C Mixed Marine,rur,perm,mfh,2020,0.549
C-WEU-ESP,Zone_4C Mixed Marine,rur,perm,sfh,2020,0.451
C-WEU-ESP,Zone_4C Mixed Marine,urb,perm,mfh,2020,0.705
C-WEU-ESP,Zone_4C Mixed Marine,urb,perm,sfh,2020,0.295
C-WEU-ESP,Zone_2B Hot Dry,urb,perm,mfh,2020,0.647
C-WEU-ESP,Zone_2B Hot Dry,urb,perm,sfh,2020,0.353
C-WEU-ESP,Zone_3B Warm Dry,rur,perm,mfh,2020,0.494
C-WEU-ESP,Zone_3B Warm Dry,rur,perm,sfh,2020,0.506
C-WEU-ESP,Zone_3B Warm Dry,urb,perm,mfh,2020,0.726
C-WEU-ESP,Zone_3B Warm Dry,urb,perm,sfh,2020,0.274
C-WEU-ESP,Zone_3C Warm Marine,urb,perm,mfh,2020,0.672
C-WEU-ESP,Zone_3C Warm Marine,urb,perm,sfh,2020,0.328
C-WEU-FIN,Zone_6A Cold Humid,rur,perm,mfh,2020,0.512
C-WEU-FIN,Zone_6A Cold Humid,rur,perm,sfh,2020,0.488
C-WEU-FIN,Zone_6A Cold Humid,urb,perm,mfh,2020,0.756
C-WEU-FIN,Zone_6A Cold Humid,urb,perm,sfh,2020,0.244
C-WEU-FIN,Zone_7A Very cold Humid,rur,perm,mfh,2020,0.522
C-WEU-FIN,Zone_7A Very cold Humid,rur,perm,sfh,2020,0.478
C-WEU-FIN,Zone_7A Very cold Humid,urb,perm,mfh,2020,0.635
C-WEU-FIN,Zone_7A Very cold Humid,urb,perm,sfh,2020,0.365
C-WEU-FRA,Zone_4A Mixed Humid,rur,perm,mfh,2020,0.245
C-WEU-FRA,Zone_4A Mixed Humid,rur,perm,sfh,2020,0.755
C-WEU-FRA,Zone_4A Mixed Humid,urb,perm,mfh,2020,0.544
C-WEU-FRA,Zone_4A Mixed Humid,urb,perm,sfh,2020,0.456
C-WEU-FRA,Zone_5A Cool Humid,rur,perm,mfh,2020,0.283
C-WEU-FRA,Zone_5A Cool Humid,rur,perm,sfh,2020,0.717
C-WEU-FRA,Zone_5A Cool Humid,urb,perm,mfh,2020,0.513
C-WEU-FRA,Zone_5A Cool Humid,urb,perm,sfh,2020,0.487
C-WEU-FRA,Zone_3A Warm Humid,rur,perm,mfh,2020,0.221
C-WEU-FRA,Zone_3A Warm Humid,rur,perm,sfh,2020,0.779
C-WEU-FRA,Zone_3A Warm Humid,urb,perm,mfh,2020,0.538
C-WEU-FRA,Zone_3A Warm Humid,urb,perm,sfh,2020,0.462
C-WEU-FRA,Zone_4C Mixed Marine,rur,perm,mfh,2020,0.514
C-WEU-FRA,Zone_4C Mixed Marine,rur,perm,sfh,2020,0.486
C-WEU-FRA,Zone_7A Very cold Humid,urb,perm,mfh,2020,0.558
C-WEU-FRA,Zone_7A Very cold Humid,urb,perm,sfh,2020,0.442
C-WEU-FRA,Zone_3C Warm Marine,urb,perm,mfh,2020,0.851
C-WEU-FRA,Zone_3C Warm Marine,urb,perm,sfh,2020,0.149
C-WEU-FRA,Zone_1A Very hot Humid,urb,perm,mfh,2020,0.429
C-WEU-FRA,Zone_1A Very hot Humid,urb,perm,sfh,2020,0.571
C-WEU-FRA,Zone_2A Hot Humid,urb,perm,mfh,2020,0.34
C-WEU-FRA,Zone_2A Hot Humid,urb,perm,sfh,2020,0.66
C-WEU-GRC,Zone_4A Mixed Humid,rur,perm,mfh,2020,0.489
C-WEU-GRC,Zone_4A Mixed Humid,rur,perm,sfh,2020,0.511
C-WEU-GRC,Zone_4A Mixed Humid,urb,perm,mfh,2020,0.732
C-WEU-GRC,Zone_4A Mixed Humid,urb,perm,sfh,2020,0.268
C-WEU-GRC,Zone_5A Cool Humid,rur,perm,mfh,2020,0.472
C-WEU-GRC,Zone_5A Cool Humid,rur,perm,sfh,2020,0.528
C-WEU-GRC,Zone_5A Cool Humid,urb,perm,mfh,2020,0.607
C-WEU-GRC,Zone_5A Cool Humid,urb,perm,sfh,2020,0.393
C-WEU-GRC,Zone_3A Warm Humid,rur,perm,mfh,2020,0.52
C-WEU-GRC,Zone_3A Warm Humid,rur,perm,sfh,2020,0.48
C-WEU-GRC,Zone_3A Warm Humid,urb,perm,mfh,2020,0.824
C-WEU-GRC,Zone_3A Warm Humid,urb,perm,sfh,2020,0.176
C-WEU-GRC,Zone_4C Mixed Marine,urb,perm,mfh,2020,0.623
C-WEU-GRC,Zone_4C Mixed Marine,urb,perm,sfh,2020,0.377
C-WEU-GRC,Zone_5C Cool Marine,urb,perm,mfh,2020,0.591
C-WEU-GRC,Zone_5C Cool Marine,urb,perm,sfh,2020,0.409
C-WEU-IRL,Zone_4A Mixed Humid,rur,perm,mfh,2020,0.102
C-WEU-IRL,Zone_4A Mixed Humid,rur,perm,sfh,2020,0.898
C-WEU-IRL,Zone_5A Cool Humid,rur,perm,mfh,2020,0.082
C-WEU-IRL,Zone_5A Cool Humid,rur,perm,sfh,2020,0.918
C-WEU-IRL,Zone_5A Cool Humid,urb,perm,mfh,2020,0.221
C-WEU-IRL,Zone_5A Cool Humid,urb,perm,sfh,2020,0.779
C-WEU-ITA,Zone_4A Mixed Humid,rur,perm,mfh,2020,0.691
C-WEU-ITA,Zone_4A Mixed Humid,rur,perm,sfh,2020,0.309
C-WEU-ITA,Zone_4A Mixed Humid,urb,perm,mfh,2020,0.842
C-WEU-ITA,Zone_4A Mixed Humid,urb,perm,sfh,2020,0.158
C-WEU-ITA,Zone_5A Cool Humid,urb,perm,mfh,2020,0.807
C-WEU-ITA,Zone_5A Cool Humid,urb,perm,sfh,2020,0.193
C-WEU-ITA,Zone_6A Cold Humid,urb,perm,mfh,2020,0.835
C-WEU-ITA,Zone_6A Cold Humid,urb,perm,sfh,2020,0.165
C-WEU-ITA,Zone_3A Warm Humid,rur,perm,mfh,2020,0.703
C-WEU-ITA,Zone_3A Warm Humid,rur,perm,sfh,2020,0.297
C-WEU-ITA,Zone_3A Warm Humid,urb,perm,mfh,2020,0.841
C-WEU-ITA,Zone_3A Warm Humid,urb,perm,sfh,2020,0.159
C-WEU-ITA,Zone_4C Mixed Marine,rur,perm,mfh,2020,0.7
C-WEU-ITA,Zone_4C Mixed Marine,rur,perm,sfh,2020,0.3
C-WEU-ITA,Zone_4C Mixed Marine,urb,perm,mfh,2020,0.887
C-WEU-ITA,Zone_4C Mixed Marine,urb,perm,sfh,2020,0.113
C-WEU-ITA,Zone_7A Very cold Humid,rur,perm,mfh,2020,0.738
C-WEU-ITA,Zone_7A Very cold Humid,rur,perm,sfh,2020,0.262
C-WEU-ITA,Zone_7A Very cold Humid,urb,perm,mfh,2020,0.839
C-WEU-ITA,Zone_7A Very cold Humid,urb,perm,sfh,2020,0.161
C-WEU-ITA,Zone_5C Cool Marine,urb,perm,mfh,2020,0.724
C-WEU-ITA,Zone_5C Cool Marine,urb,perm,sfh,2020,0.276
C-WEU-LUX,Zone_5A Cool Humid,urb,perm,mfh,2020,0.522
C-WEU-LUX,Zone_5A Cool Humid,urb,perm,sfh,2020,0.478
C-WEU-MLT,Zone_3A Warm Humid,urb,perm,mfh,2020,0.652
C-WEU-MLT,Zone_3A Warm Humid,urb,perm,sfh,2020,0.348
C-WEU-NLD,Zone_4A Mixed Humid,rur,perm,mfh,2020,0.14
C-WEU-NLD,Zone_4A Mixed Humid,rur,perm,sfh,2020,0.86
C-WEU-NLD,Zone_4A Mixed Humid,urb,perm,mfh,2020,0.383
C-WEU-NLD,Zone_4A Mixed Humid,urb,perm,sfh,2020,0.617
C-WEU-NLD,Zone_5A Cool Humid,urb,perm,mfh,2020,0.22
C-WEU-NLD,Zone_5A Cool Humid,urb,perm,sfh,2020,0.78
C-WEU-PRT,Zone_4A Mixed Humid,rur,perm,mfh,2020,0.289
C-WEU-PRT,Zone_4A Mixed Humid,rur,perm,sfh,2020,0.711
C-WEU-PRT,Zone_3A Warm Humid,rur,perm,mfh,2020,0.335
C-WEU-PRT,Zone_3A Warm Humid,rur,perm,sfh,2020,0.665
C-WEU-PRT,Zone_3A Warm Humid,urb,perm,mfh,2020,0.778
C-WEU-PRT,Zone_3A Warm Humid,urb,perm,sfh,2020,0.222
C-WEU-PRT,Zone_4C Mixed Marine,rur,perm,mfh,2020,0.239
C-WEU-PRT,Zone_4C Mixed Marine,rur,perm,sfh,2020,0.761
C-WEU-PRT,Zone_4C Mixed Marine,urb,perm,mfh,2020,0.425
C-WEU-PRT,Zone_4C Mixed Marine,urb,perm,sfh,2020,0.575
C-WEU-PRT,Zone_3C Warm Marine,rur,perm,mfh,2020,0.265
C-WEU-PRT,Zone_3C Warm Marine,rur,perm,sfh,2020,0.735
C-WEU-PRT,Zone_3C Warm Marine,urb,perm,mfh,2020,0.493
C-WEU-PRT,Zone_3C Warm Marine,urb,perm,sfh,2020,0.507
C-WEU-SWE,Zone_5A Cool Humid,rur,perm,mfh,2020,0.35
C-WEU-SWE,Zone_5A Cool Humid,rur,perm,sfh,2020,0.65
C-WEU-SWE,Zone_5A Cool Humid,urb,perm,mfh,2020,0.492
C-WEU-SWE,Zone_5A Cool Humid,urb,perm,sfh,2020,0.508
C-WEU-SWE,Zone_6A Cold Humid,rur,perm,mfh,2020,0.4
C-WEU-SWE,Zone_6A Cold Humid,rur,perm,sfh,2020,0.6
C-WEU-SWE,Zone_6A Cold Humid,urb,perm,mfh,2020,0.59
C-WEU-SWE,Zone_6A Cold Humid,urb,perm,sfh,2020,0.41
C-WEU-SWE,Zone_7A Very cold Humid,rur,perm,mfh,2020,0.397
C-WEU-SWE,Zone_7A Very cold Humid,rur,perm,sfh,2020,0.603
C-WEU-SWE,Zone_7A Very cold Humid,urb,perm,mfh,2020,0.461
C-WEU-SWE,Zone_7A Very cold Humid,urb,perm,sfh,2020,0.539
C-WEU-SWE,Zone_8A Subarctic/arctic Humid,urb,perm,mfh,2020,0.445
C-WEU-SWE,Zone_8A Subarctic/arctic Humid,urb,perm,sfh,2020,0.555
C-EEU-BGR,Zone_4A Mixed Humid,rur,perm,mfh,2025,0.426
C-EEU-BGR,Zone_4A Mixed Humid,rur,perm,sfh,2025,0.574
C-EEU-BGR,Zone_4A Mixed Humid,urb,perm,mfh,2025,0.609
C-EEU-BGR,Zone_4A Mixed Humid,urb,perm,sfh,2025,0.391
C-EEU-BGR,Zone_5A Cool Humid,rur,perm,mfh,2025,0.773
C-EEU-BGR,Zone_5A Cool Humid,rur,perm,sfh,2025,0.227
C-EEU-BGR,Zone_5A Cool Humid,urb,perm,mfh,2025,0.773
C-EEU-BGR,Zone_5A Cool Humid,urb,perm,sfh,2025,0.227
C-EEU-CZE,Zone_5A Cool Humid,rur,perm,mfh,2025,0.657
C-EEU-CZE,Zone_5A Cool Humid,rur,perm,sfh,2025,0.343
C-EEU-CZE,Zone_5A Cool Humid,urb,perm,mfh,2025,0.73
C-EEU-CZE,Zone_5A Cool Humid,urb,perm,sfh,2025,0.27
C-EEU-EST,Zone_6A Cold Humid,rur,perm,mfh,2025,0.548
C-EEU-EST,Zone_6A Cold Humid,rur,perm,sfh,2025,0.452
C-EEU-EST,Zone_6A Cold Humid,urb,perm,mfh,2025,0.768
C-EEU-EST,Zone_6A Cold Humid,urb,perm,sfh,2025,0.232
C-EEU-HRV,Zone_4A Mixed Humid,rur,perm,mfh,2025,0.331
C-EEU-HRV,Zone_4A Mixed Humid,rur,perm,sfh,2025,0.669
C-EEU-HRV,Zone_4A Mixed Humid,urb,perm,mfh,2025,0.667
C-EEU-HRV,Zone_4A Mixed Humid,urb,perm,sfh,2025,0.333
C-EEU-HRV,Zone_5A Cool Humid,rur,perm,mfh,2025,0.412
C-EEU-HRV,Zone_5A Cool Humid,rur,perm,sfh,2025,0.588
C-EEU-HRV,Zone_3A Warm Humid,rur,perm,mfh,2025,0.648
C-EEU-HRV,Zone_3A Warm Humid,rur,perm,sfh,2025,0.352
C-EEU-HRV,Zone_4C Mixed Marine,rur,perm,mfh,2025,0.608
C-EEU-HRV,Zone_4C Mixed Marine,rur,perm,sfh,2025,0.392
C-EEU-HUN,Zone_4A Mixed Humid,rur,perm,mfh,2025,0.274
C-EEU-HUN,Zone_4A Mixed Humid,rur,perm,sfh,2025,0.726
C-EEU-HUN,Zone_4A Mixed Humid,urb,perm,mfh,2025,0.447
C-EEU-HUN,Zone_4A Mixed Humid,urb,perm,sfh,2025,0.553
C-EEU-HUN,Zone_5A Cool Humid,rur,perm,mfh,2025,0.22
C-EEU-HUN,Zone_5A Cool Humid,rur,perm,sfh,2025,0.78
C-EEU-HUN,Zone_5A Cool Humid,urb,perm,mfh,2025,0.368
C-EEU-HUN,Zone_5A Cool Humid,urb,perm,sfh,2025,0.632
C-EEU-LTU,Zone_5A Cool Humid,rur,perm,mfh,2025,0.42
C-EEU-LTU,Zone_5A Cool Humid,rur,perm,sfh,2025,0.58
C-EEU-LTU,Zone_5A Cool Humid,urb,perm,mfh,2025,0.707
C-EEU-LTU,Zone_5A Cool Humid,urb,perm,sfh,2025,0.293
C-EEU-LTU,Zone_6A Cold Humid,rur,perm,mfh,2025,0.449
C-EEU-LTU,Zone_6A Cold Humid,rur,perm,sfh,2025,0.551
C-EEU-LTU,Zone_6A Cold Humid,urb,perm,mfh,2025,0.648
C-EEU-LTU,Zone_6A Cold Humid,urb,perm,sfh,2025,0.352
C-EEU-LVA,Zone_6A Cold Humid,rur,perm,mfh,2025,0.612
C-EEU-LVA,Zone_6A Cold Humid,rur,perm,sfh,2025,0.388
C-EEU-LVA,Zone_6A Cold Humid,urb,perm,mfh,2025,0.843
C-EEU-LVA,Zone_6A Cold Humid,urb,perm,sfh,2025,0.157
C-EEU-POL,Zone_5A Cool Humid,rur,perm,mfh,2025,0.414
C-EEU-POL,Zone_5A Cool Humid,rur,perm,sfh,2025,0.586
C-EEU-POL,Zone_5A Cool Humid,urb,perm,mfh,2025,0.698
C-EEU-POL,Zone_5A Cool Humid,urb,perm,sfh,2025,0.302
C-EEU-POL,Zone_6A Cold Humid,rur,perm,mfh,2025,0.192
C-EEU-POL,Zone_6A Cold Humid,rur,perm,sfh,2025,0.808
C-EEU-POL,Zone_6A Cold Humid,urb,perm,mfh,2025,0.431
C-EEU-POL,Zone_6A Cold Humid,urb,perm,sfh,2025,0.569
C-EEU-ROU,Zone_4A Mixed Humid,rur,perm,mfh,2025,0.312
C-EEU-ROU,Zone_4A Mixed Humid,rur,perm,sfh,2025,0.688
C-EEU-ROU,Zone_4A Mixed Humid,urb,perm,mfh,2025,0.664
C-EEU-ROU,Zone_4A Mixed Humid,urb,perm,sfh,2025,0.336
C-EEU-ROU,Zone_5A Cool Humid,rur,perm,mfh,2025,0.34
C-EEU-ROU,Zone_5A Cool Humid,rur,perm,sfh,2025,0.66
C-EEU-ROU,Zone_5A Cool Humid,urb,perm,mfh,2025,0.517
C-EEU-ROU,Zone_5A Cool Humid,urb,perm,sfh,2025,0.483
C-EEU-ROU,Zone_6A Cold Humid,rur,perm,mfh,2025,0.397
C-EEU-ROU,Zone_6A Cold Humid,rur,perm,sfh,2025,0.603
C-EEU-SVK,Zone_5A Cool Humid,rur,perm,mfh,2025,0.438
C-EEU-SVK,Zone_5A Cool Humid,rur,perm,sfh,2025,0.562
C-EEU-SVK,Zone_5A Cool Humid,urb,perm,mfh,2025,0.603
C-EEU-SVK,Zone_5A Cool Humid,urb,perm,sfh,2025,0.397
C-EEU-SVK,Zone_6A Cold Humid,rur,perm,mfh,2025,0.46
C-EEU-SVK,Zone_6A Cold Humid,rur,perm,sfh,2025,0.54
C-EEU-SVK,Zone_6A Cold Humid,urb,perm,mfh,2025,0.448
C-EEU-SVK,Zone_6A Cold Humid,urb,perm,sfh,2025,0.552
C-EEU-SVN,Zone_4A Mixed Humid,rur,perm,mfh,2025,0.371
C-EEU-SVN,Zone_4A Mixed Humid,rur,perm,sfh,2025,0.629
C-EEU-SVN,Zone_4A Mixed Humid,urb,perm,mfh,2025,0.582
C-EEU-SVN,Zone_4A Mixed Humid,urb,perm,sfh,2025,0.418
C-EEU-SVN,Zone_5A Cool Humid,rur,perm,mfh,2025,0.395
C-EEU-SVN,Zone_5A Cool Humid,rur,perm,sfh,2025,0.605
C-EEU-SVN,Zone_5A Cool Humid,urb,perm,mfh,2025,0.562
C-EEU-SVN,Zone_5A Cool Humid,urb,perm,sfh,2025,0.438
C-EEU-SVN,Zone_7A Very cold Humid,rur,perm,mfh,2025,0.414
C-EEU-SVN,Zone_7A Very cold Humid,rur,perm,sfh,2025,0.586
C-WEU-AUT,Zone_4A Mixed Humid,rur,perm,mfh,2025,0.415
C-WEU-AUT,Zone_4A Mixed Humid,rur,perm,sfh,2025,0.585
C-WEU-AUT,Zone_4A Mixed Humid,urb,perm,mfh,2025,0.874
C-WEU-AUT,Zone_4A Mixed Humid,urb,perm,sfh,2025,0.126
C-WEU-AUT,Zone_5A Cool Humid,rur,perm,mfh,2025,0.478
C-WEU-AUT,Zone_5A Cool Humid,rur,perm,sfh,2025,0.522
C-WEU-AUT,Zone_5A Cool Humid,urb,perm,mfh,2025,0.603
C-WEU-AUT,Zone_5A Cool Humid,urb,perm,sfh,2025,0.397
C-WEU-AUT,Zone_6A Cold Humid,rur,perm,mfh,2025,0.608
C-WEU-AUT,Zone_6A Cold Humid,rur,perm,sfh,2025,0.392
C-WEU-AUT,Zone_6A Cold Humid,urb,perm,mfh,2025,0.72
C-WEU-AUT,Zone_6A Cold Humid,urb,perm,sfh,2025,0.28
C-WEU-AUT,Zone_7A Very cold Humid,rur,perm,mfh,2025,0.66
C-WEU-AUT,Zone_7A Very cold Humid,rur,perm,sfh,2025,0.34
C-WEU-AUT,Zone_7A Very cold Humid,urb,perm,mfh,2025,0.841
C-WEU-AUT,Zone_7A Very cold Humid,urb,perm,sfh,2025,0.159
C-WEU-BEL,Zone_4A Mixed Humid,rur,perm,mfh,2025,0.174
C-WEU-BEL,Zone_4A Mixed Humid,rur,perm,sfh,2025,0.826
C-WEU-BEL,Zone_4A Mixed Humid,urb,perm,mfh,2025,0.356
C-WEU-BEL,Zone_4A Mixed Humid,urb,perm,sfh,2025,0.644
C-WEU-BEL,Zone_5A Cool Humid,rur,perm,mfh,2025,0.24
C-WEU-BEL,Zone_5A Cool Humid,rur,perm,sfh,2025,0.76
C-WEU-BEL,Zone_5A Cool Humid,urb,perm,mfh,2025,0.295
C-WEU-BEL,Zone_5A Cool Humid,urb,perm,sfh,2025,0.705
C-WEU-CYP,Zone_3A Warm Humid,urb,perm,mfh,2025,0.518
C-WEU-CYP,Zone_3A Warm Humid,urb,perm,sfh,2025,0.482
C-WEU-DEU,Zone_4A Mixed Humid,rur,perm,mfh,2025,0.446
C-WEU-DEU,Zone_4A Mixed Humid,rur,perm,sfh,2025,0.554
C-WEU-DEU,Zone_4A Mixed Humid,urb,perm,mfh,2025,0.732
C-WEU-DEU,Zone_4A Mixed Humid,urb,perm,sfh,2025,0.268
C-WEU-DEU,Zone_5A Cool Humid,rur,perm,mfh,2025,0.549
C-WEU-DEU,Zone_5A Cool Humid,rur,perm,sfh,2025,0.451
C-WEU-DEU,Zone_5A Cool Humid,urb,perm,mfh,2025,0.698
C-WEU-DEU,Zone_5A Cool Humid,urb,perm,sfh,2025,0.302
C-WEU-DEU,Zone_6A Cold Humid,rur,perm,mfh,2025,0.635
C-WEU-DEU,Zone_6A Cold Humid,rur,perm,sfh,2025,0.365
C-WEU-DEU,Zone_6A Cold Humid,urb,perm,mfh,2025,0.746
C-WEU-DEU,Zone_6A Cold Humid,urb,perm,sfh,2025,0.254
C-WEU-DNK,Zone_5A Cool Humid,rur,perm,mfh,2025,0.323
C-WEU-DNK,Zone_5A Cool Humid,rur,perm,sfh,2025,0.677
C-WEU-DNK,Zone_5A Cool Humid,urb,perm,mfh,2025,0.516
C-WEU-DNK,Zone_5A Cool Humid,urb,perm,sfh,2025,0.484
C-WEU-ESP,Zone_4A Mixed Humid,rur,perm,mfh,2025,0.521
C-WEU-ESP,Zone_4A Mixed Humid,rur,perm,sfh,2025,0.479
C-WEU-ESP,Zone_4A Mixed Humid,urb,perm,mfh,2025,0.785
C-WEU-ESP,Zone_4A Mixed Humid,urb,perm,sfh,2025,0.215
C-WEU-ESP,Zone_3A Warm Humid,rur,perm,mfh,2025,0.257
C-WEU-ESP,Zone_3A Warm Humid,rur,perm,sfh,2025,0.743
C-WEU-ESP,Zone_3A Warm Humid,urb,perm,mfh,2025,0.76
C-WEU-ESP,Zone_3A Warm Humid,urb,perm,sfh,2025,0.24
C-WEU-ESP,Zone_4C Mixed Marine,rur,perm,mfh,2025,0.549
C-WEU-ESP,Zone_4C Mixed Marine,rur,perm,sfh,2025,0.451
C-WEU-ESP,Zone_4C Mixed Marine,urb,perm,mfh,2025,0.705
C-WEU-ESP,Zone_4C Mixed Marine,urb,perm,sfh,2025,0.295
C-WEU-ESP,Zone_2B Hot Dry,urb,perm,mfh,2025,0.647
C-WEU-ESP,Zone_2B Hot Dry,urb,perm,sfh,2025,0.353
C-WEU-ESP,Zone_3B Warm Dry,rur,perm,mfh,2025,0.494
C-WEU-ESP,Zone_3B Warm Dry,rur,perm,sfh,2025,0.506
C-WEU-ESP,Zone_3B Warm Dry,urb,perm,mfh,2025,0.726
C-WEU-ESP,Zone_3B Warm Dry,urb,perm,sfh,2025,0.274
C-WEU-ESP,Zone_3C Warm Marine,urb,perm,mfh,2025,0.672
C-WEU-ESP,Zone_3C Warm Marine,urb,perm,sfh,2025,0.328
C-WEU-FIN,Zone_6A Cold Humid,rur,perm,mfh,2025,0.512
C-WEU-FIN,Zone_6A Cold Humid,rur,perm,sfh,2025,0.488
C-WEU-FIN,Zone_6A Cold Humid,urb,perm,mfh,2025,0.756
C-WEU-FIN,Zone_6A Cold Humid,urb,perm,sfh,2025,0.244
C-WEU-FIN,Zone_7A Very cold Humid,rur,perm,mfh,2025,0.522
C-WEU-FIN,Zone_7A Very cold Humid,rur,perm,sfh,2025,0.478
C-WEU-FIN,Zone_7A Very cold Humid,urb,perm,mfh,2025,0.635
C-WEU-FIN,Zone_7A Very cold Humid,urb,perm,sfh,2025,0.365
C-WEU-FRA,Zone_4A Mixed Humid,rur,perm,mfh,2025,0.245
C-WEU-FRA,Zone_4A Mixed Humid,rur,perm,sfh,2025,0.755
C-WEU-FRA,Zone_4A Mixed Humid,urb,perm,mfh,2025,0.544
C-WEU-FRA,Zone_4A Mixed Humid,urb,perm,sfh,2025,0.456
C-WEU-FRA,Zone_5A Cool Humid,rur,perm,mfh,2025,0.283
C-WEU-FRA,Zone_5A Cool Humid,rur,perm,sfh,2025,0.717
C-WEU-FRA,Zone_5A Cool Humid,urb,perm,mfh,2025,0.513
C-WEU-FRA,Zone_5A Cool Humid,urb,perm,sfh,2025,0.487
C-WEU-FRA,Zone_3A Warm Humid,rur,perm,mfh,2025,0.221
C-WEU-FRA,Zone_3A Warm Humid,rur,perm,sfh,2025,0.779
C-WEU-FRA,Zone_3A Warm Humid,urb,perm,mfh,2025,0.538
C-WEU-FRA,Zone_3A Warm Humid,urb,perm,sfh,2025,0.462
C-WEU-FRA,Zone_4C Mixed Marine,rur,perm,mfh,2025,0.514
C-WEU-FRA,Zone_4C Mixed Marine,rur,perm,sfh,2025,0.486
C-WEU-FRA,Zone_7A Very cold Humid,urb,perm,mfh,2025,0.558
C-WEU-FRA,Zone_7A Very cold Humid,urb,perm,sfh,2025,0.442
C-WEU-FRA,Zone_3C Warm Marine,urb,perm,mfh,2025,0.851
C-WEU-FRA,Zone_3C Warm Marine,urb,perm,sfh,2025,0.149
C-WEU-FRA,Zone_1A Very hot Humid,urb,perm,mfh,2025,0.429
C-WEU-FRA,Zone_1A Very hot Humid,urb,perm,sfh,2025,0.571
C-WEU-FRA,Zone_2A Hot Humid,urb,perm,mfh,2025,0.34
C-WEU-FRA,Zone_2A Hot Humid,urb,perm,sfh,2025,0.66
C-WEU-GRC,Zone_4A Mixed Humid,rur,perm,mfh,2025,0.489
C-WEU-GRC,Zone_4A Mixed Humid,rur,perm,sfh,2025,0.511
C-WEU-GRC,Zone_4A Mixed Humid,urb,perm,mfh,2025,0.732
C-WEU-GRC,Zone_4A Mixed Humid,urb,perm,sfh,2025,0.268
C-WEU-GRC,Zone_5A Cool Humid,rur,perm,mfh,2025,0.472
C-WEU-GRC,Zone_5A Cool Humid,rur,perm,sfh,2025,0.528
C-WEU-GRC,Zone_5A Cool Humid,urb,perm,mfh,2025,0.607
C-WEU-GRC,Zone_5A Cool Humid,urb,perm,sfh,2025,0.393
C-WEU-GRC,Zone_3A Warm Humid,rur,perm,mfh,2025,0.52
C-WEU-GRC,Zone_3A Warm Humid,rur,perm,sfh,2025,0.48
C-WEU-GRC,Zone_3A Warm Humid,urb,perm,mfh,2025,0.824
C-WEU-GRC,Zone_3A Warm Humid,urb,perm,sfh,2025,0.176
C-WEU-GRC,Zone_4C Mixed Marine,urb,perm,mfh,2025,0.623
C-WEU-GRC,Zone_4C Mixed Marine,urb,perm,sfh,2025,0.377
C-WEU-GRC,Zone_5C Cool Marine,urb,perm,mfh,2025,0.591
C-WEU-GRC,Zone_5C Cool Marine,urb,perm,sfh,2025,0.409
C-WEU-IRL,Zone_4A Mixed Humid,rur,perm,mfh,2025,0.102
C-WEU-IRL,Zone_4A Mixed Humid,rur,perm,sfh,2025,0.898
C-WEU-IRL,Zone_5A Cool Humid,rur,perm,mfh,2025,0.082
C-WEU-IRL,Zone_5A Cool Humid,rur,perm,sfh,2025,0.918
C-WEU-IRL,Zone_5A Cool Humid,urb,perm,mfh,2025,0.221
C-WEU-IRL,Zone_5A Cool Humid,urb,perm,sfh,2025,0.779
C-WEU-ITA,Zone_4A Mixed Humid,rur,perm,mfh,2025,0.691
C-WEU-ITA,Zone_4A Mixed Humid,rur,perm,sfh,2025,0.309
C-WEU-ITA,Zone_4A Mixed Humid,urb,perm,mfh,2025,0.842
C-WEU-ITA,Zone_4A Mixed Humid,urb,perm,sfh,2025,0.158
C-WEU-ITA,Zone_5A Cool Humid,urb,perm,mfh,2025,0.807
C-WEU-ITA,Zone_5A Cool Humid,urb,perm,sfh,2025,0.193
C-WEU-ITA,Zone_6A Cold Humid,urb,perm,mfh,2025,0.835
C-WEU-ITA,Zone_6A Cold Humid,urb,perm,sfh,2025,0.165
C-WEU-ITA,Zone_3A Warm Humid,rur,perm,mfh,2025,0.703
C-WEU-ITA,Zone_3A Warm Humid,rur,perm,sfh,2025,0.297
C-WEU-ITA,Zone_3A Warm Humid,urb,perm,mfh,2025,0.841
C-WEU-ITA,Zone_3A Warm Humid,urb,perm,sfh,2025,0.159
C-WEU-ITA,Zone_4C Mixed Marine,rur,perm,mfh,2025,0.7
C-WEU-ITA,Zone_4C Mixed Marine,rur,perm,sfh,2025,0.3
C-WEU-ITA,Zone_4C Mixed Marine,urb,perm,mfh,2025,0.887
C-WEU-ITA,Zone_4C Mixed Marine,urb,perm,sfh,2025,0.113
C-WEU-ITA,Zone_7A Very cold Humid,rur,perm,mfh,2025,0.738
C-WEU-ITA,Zone_7A Very cold Humid,rur,perm,sfh,2025,0.262
C-WEU-ITA,Zone_7A Very cold Humid,urb,perm,mfh,2025,0.839
C-WEU-ITA,Zone_7A Very cold Humid,urb,perm,sfh,2025,0.161
C-WEU-ITA,Zone_5C Cool Marine,urb,perm,mfh,2025,0.724
C-WEU-ITA,Zone_5C Cool Marine,urb,perm,sfh,2025,0.276
C-WEU-LUX,Zone_5A Cool Humid,urb,perm,mfh,2025,0.522
C-WEU-LUX,Zone_5A Cool Humid,urb,perm,sfh,2025,0.478
C-WEU-MLT,Zone_3A Warm Humid,urb,perm,mfh,2025,0.652
C-WEU-MLT,Zone_3A Warm Humid,urb,perm,sfh,2025,0.348
C-WEU-NLD,Zone_4A Mixed Humid,rur,perm,mfh,2025,0.14
C-WEU-NLD,Zone_4A Mixed Humid,rur,perm,sfh,2025,0.86
C-WEU-NLD,Zone_4A Mixed Humid,urb,perm,mfh,2025,0.383
C-WEU-NLD,Zone_4A Mixed Humid,urb,perm,sfh,2025,0.617
C-WEU-NLD,Zone_5A Cool Humid,urb,perm,mfh,2025,0.22
C-WEU-NLD,Zone_5A Cool Humid,urb,perm,sfh,2025,0.78
C-WEU-PRT,Zone_4A Mixed Humid,rur,perm,mfh,2025,0.289
C-WEU-PRT,Zone_4A Mixed Humid,rur,perm,sfh,2025,0.711
C-WEU-PRT,Zone_3A Warm Humid,rur,perm,mfh,2025,0.335
C-WEU-PRT,Zone_3A Warm Humid,rur,perm,sfh,2025,0.665
C-WEU-PRT,Zone_3A Warm Humid,urb,perm,mfh,2025,0.778
C-WEU-PRT,Zone_3A Warm Humid,urb,perm,sfh,2025,0.222
C-WEU-PRT,Zone_4C Mixed Marine,rur,perm,mfh,2025,0.239
C-WEU-PRT,Zone_4C Mixed Marine,rur,perm,sfh,2025,0.761
C-WEU-PRT,Zone_4C Mixed Marine,urb,perm,mfh,2025,0.425
C-WEU-PRT,Zone_4C Mixed Marine,urb,perm,sfh,2025,0.575
C-WEU-PRT,Zone_3C Warm Marine,rur,perm,mfh,2025,0.265
C-WEU-PRT,Zone_3C Warm Marine,rur,perm,sfh,2025,0.735
C-WEU-PRT,Zone_3C Warm Marine,urb,perm,mfh,2025,0.493
C-WEU-PRT,Zone_3C Warm Marine,urb,perm,sfh,2025,0.507
C-WEU-SWE,Zone_5A Cool Humid,rur,perm,mfh,2025,0.35
C-WEU-SWE,Zone_5A Cool Humid,rur,perm,sfh,2025,0.65
C-WEU-SWE,Zone_5A Cool Humid,urb,perm,mfh,2025,0.492
C-WEU-SWE,Zone_5A Cool Humid,urb,perm,sfh,2025,0.508
C-WEU-SWE,Zone_6A Cold Humid,rur,perm,mfh,2025,0.4
C-WEU-SWE,Zone_6A Cold Humid,rur,perm,sfh,2025,0.6
C-WEU-SWE,Zone_6A Cold Humid,urb,perm,mfh,2025,0.59
C-WEU-SWE,Zone_6A Cold Humid,urb,perm,sfh,2025,0.41
C-WEU-SWE,Zone_7A Very cold Humid,rur,perm,mfh,2025,0.397
C-WEU-SWE,Zone_7A Very cold Humid,rur,perm,sfh,2025,0.603
C-WEU-SWE,Zone_7A Very cold Humid,urb,perm,mfh,2025,0.461
C-WEU-SWE,Zone_7A Very cold Humid,urb,perm,sfh,2025,0.539
C-WEU-SWE,Zone_8A Subarctic/arctic Humid,urb,perm,mfh,2025,0.445
C-WEU-SWE,Zone_8A Subarctic/arctic Humid,urb,perm,sfh,2025,0.555
C-EEU-BGR,Zone_4A Mixed Humid,rur,perm,mfh,2030,0.426
C-EEU-BGR,Zone_4A Mixed Humid,rur,perm,sfh,2030,0.574
C-EEU-BGR,Zone_4A Mixed Humid,urb,perm,mfh,2030,0.609
C-EEU-BGR,Zone_4A Mixed Humid,urb,perm,sfh,2030,0.391
C-EEU-BGR,Zone_5A Cool Humid,rur,perm,mfh,2030,0.773
C-EEU-BGR,Zone_5A Cool Humid,rur,perm,sfh,2030,0.227
C-EEU-BGR,Zone_5A Cool Humid,urb,perm,mfh,2030,0.773
C-EEU-BGR,Zone_5A Cool Humid,urb,perm,sfh,2030,0.227
C-EEU-CZE,Zone_5A Cool Humid,rur,perm,mfh,2030,0.657
C-EEU-CZE,Zone_5A Cool Humid,rur,perm,sfh,2030,0.343
C-EEU-CZE,Zone_5A Cool Humid,urb,perm,mfh,2030,0.73
C-EEU-CZE,Zone_5A Cool Humid,urb,perm,sfh,2030,0.27
C-EEU-EST,Zone_6A Cold Humid,rur,perm,mfh,2030,0.548
C-EEU-EST,Zone_6A Cold Humid,rur,perm,sfh,2030,0.452
C-EEU-EST,Zone_6A Cold Humid,urb,perm,mfh,2030,0.768
C-EEU-EST,Zone_6A Cold Humid,urb,perm,sfh,2030,0.232
C-EEU-HRV,Zone_4A Mixed Humid,rur,perm,mfh,2030,0.331
C-EEU-HRV,Zone_4A Mixed Humid,rur,perm,sfh,2030,0.669
C-EEU-HRV,Zone_4A Mixed Humid,urb,perm,mfh,2030,0.667
C-EEU-HRV,Zone_4A Mixed Humid,urb,perm,sfh,2030,0.333
C-EEU-HRV,Zone_5A Cool Humid,rur,perm,mfh,2030,0.412
C-EEU-HRV,Zone_5A Cool Humid,rur,perm,sfh,2030,0.588
C-EEU-HRV,Zone_3A Warm Humid,rur,perm,mfh,2030,0.648
C-EEU-HRV,Zone_3A Warm Humid,rur,perm,sfh,2030,0.352
C-EEU-HRV,Zone_4C Mixed Marine,rur,perm,mfh,2030,0.608
C-EEU-HRV,Zone_4C Mixed Marine,rur,perm,sfh,2030,0.392
C-EEU-HUN,Zone_4A Mixed Humid,rur,perm,mfh,2030,0.274
C-EEU-HUN,Zone_4A Mixed Humid,rur,perm,sfh,2030,0.726
C-EEU-HUN,Zone_4A Mixed Humid,urb,perm,mfh,2030,0.447
C-EEU-HUN,Zone_4A Mixed Humid,urb,perm,sfh,2030,0.553
C-EEU-HUN,Zone_5A Cool Humid,rur,perm,mfh,2030,0.22
C-EEU-HUN,Zone_5A Cool Humid,rur,perm,sfh,2030,0.78
C-EEU-HUN,Zone_5A Cool Humid,urb,perm,mfh,2030,0.368
C-EEU-HUN,Zone_5A Cool Humid,urb,perm,sfh,2030,0.632
C-EEU-LTU,Zone_5A Cool Humid,rur,perm,mfh,2030,0.42
C-EEU-LTU,Zone_5A Cool Humid,rur,perm,sfh,2030,0.58
C-EEU-LTU,Zone_5A Cool Humid,urb,perm,mfh,2030,0.707
C-EEU-LTU,Zone_5A Cool Humid,urb,perm,sfh,2030,0.293
C-EEU-LTU,Zone_6A Cold Humid,rur,perm,mfh,2030,0.449
C-EEU-LTU,Zone_6A Cold Humid,rur,perm,sfh,2030,0.551
C-EEU-LTU,Zone_6A Cold Humid,urb,perm,mfh,2030,0.648
C-EEU-LTU,Zone_6A Cold Humid,urb,perm,sfh,2030,0.352
C-EEU-LVA,Zone_6A Cold Humid,rur,perm,mfh,2030,0.612
C-EEU-LVA,Zone_6A Cold Humid,rur,perm,sfh,2030,0.388
C-EEU-LVA,Zone_6A Cold Humid,urb,perm,mfh,2030,0.843
C-EEU-LVA,Zone_6A Cold Humid,urb,perm,sfh,2030,0.157
C-EEU-POL,Zone_5A Cool Humid,rur,perm,mfh,2030,0.414
C-EEU-POL,Zone_5A Cool Humid,rur,perm,sfh,2030,0.586
C-EEU-POL,Zone_5A Cool Humid,urb,perm,mfh,2030,0.698
C-EEU-POL,Zone_5A Cool Humid,urb,perm,sfh,2030,0.302
C-EEU-POL,Zone_6A Cold Humid,rur,perm,mfh,2030,0.192
C-EEU-POL,Zone_6A Cold Humid,rur,perm,sfh,2030,0.808
C-EEU-POL,Zone_6A Cold Humid,urb,perm,mfh,2030,0.431
C-EEU-POL,Zone_6A Cold Humid,urb,perm,sfh,2030,0.569
C-EEU-ROU,Zone_4A Mixed Humid,rur,perm,mfh,2030,0.312
C-EEU-ROU,Zone_4A Mixed Humid,rur,perm,sfh,2030,0.688
C-EEU-ROU,Zone_4A Mixed Humid,urb,perm,mfh,2030,0.664
C-EEU-ROU,Zone_4A Mixed Humid,urb,perm,sfh,2030,0.336
C-EEU-ROU,Zone_5A Cool Humid,rur,perm,mfh,2030,0.34
C-EEU-ROU,Zone_5A Cool Humid,rur,perm,sfh,2030,0.66
C-EEU-ROU,Zone_5A Cool Humid,urb,perm,mfh,2030,0.517
C-EEU-ROU,Zone_5A Cool Humid,urb,perm,sfh,2030,0.483
C-EEU-ROU,Zone_6A Cold Humid,rur,perm,mfh,2030,0.397
C-EEU-ROU,Zone_6A Cold Humid,rur,perm,sfh,2030,0.603
C-EEU-SVK,Zone_5A Cool Humid,rur,perm,mfh,2030,0.438
C-EEU-SVK,Zone_5A Cool Humid,rur,perm,sfh,2030,0.562
C-EEU-SVK,Zone_5A Cool Humid,urb,perm,mfh,2030,0.603
C-EEU-SVK,Zone_5A Cool Humid,urb,perm,sfh,2030,0.397
C-EEU-SVK,Zone_6A Cold Humid,rur,perm,mfh,2030,0.46
C-EEU-SVK,Zone_6A Cold Humid,rur,perm,sfh,2030,0.54
C-EEU-SVK,Zone_6A Cold Humid,urb,perm,mfh,2030,0.448
C-EEU-SVK,Zone_6A Cold Humid,urb,perm,sfh,2030,0.552
C-EEU-SVN,Zone_4A Mixed Humid,rur,perm,mfh,2030,0.371
C-EEU-SVN,Zone_4A Mixed Humid,rur,perm,sfh,2030,0.629
C-EEU-SVN,Zone_4A Mixed Humid,urb,perm,mfh,2030,0.582
C-EEU-SVN,Zone_4A Mixed Humid,urb,perm,sfh,2030,0.418
C-EEU-SVN,Zone_5A Cool Humid,rur,perm,mfh,2030,0.395
C-EEU-SVN,Zone_5A Cool Humid,rur,perm,sfh,2030,0.605
C-EEU-SVN,Zone_5A Cool Humid,urb,perm,mfh,2030,0.562
C-EEU-SVN,Zone_5A Cool Humid,urb,perm,sfh,2030,0.438
C-EEU-SVN,Zone_7A Very cold Humid,rur,perm,mfh,2030,0.414
C-EEU-SVN,Zone_7A Very cold Humid,rur,perm,sfh,2030,0.586
C-WEU-AUT,Zone_4A Mixed Humid,rur,perm,mfh,2030,0.415
C-WEU-AUT,Zone_4A Mixed Humid,rur,perm,sfh,2030,0.585
C-WEU-AUT,Zone_4A Mixed Humid,urb,perm,mfh,2030,0.874
C-WEU-AUT,Zone_4A Mixed Humid,urb,perm,sfh,2030,0.126
C-WEU-AUT,Zone_5A Cool Humid,rur,perm,mfh,2030,0.478
C-WEU-AUT,Zone_5A Cool Humid,rur,perm,sfh,2030,0.522
C-WEU-AUT,Zone_5A Cool Humid,urb,perm,mfh,2030,0.603
C-WEU-AUT,Zone_5A Cool Humid,urb,perm,sfh,2030,0.397
C-WEU-AUT,Zone_6A Cold Humid,rur,perm,mfh,2030,0.608
C-WEU-AUT,Zone_6A Cold Humid,rur,perm,sfh,2030,0.392
C-WEU-AUT,Zone_6A Cold Humid,urb,perm,mfh,2030,0.72
C-WEU-AUT,Zone_6A Cold Humid,urb,perm,sfh,2030,0.28
C-WEU-AUT,Zone_7A Very cold Humid,rur,perm,mfh,2030,0.66
C-WEU-AUT,Zone_7A Very cold Humid,rur,perm,sfh,2030,0.34
C-WEU-AUT,Zone_7A Very cold Humid,urb,perm,mfh,2030,0.841
C-WEU-AUT,Zone_7A Very cold Humid,urb,perm,sfh,2030,0.159
C-WEU-BEL,Zone_4A Mixed Humid,rur,perm,mfh,2030,0.174
C-WEU-BEL,Zone_4A Mixed Humid,rur,perm,sfh,2030,0.826
C-WEU-BEL,Zone_4A Mixed Humid,urb,perm,mfh,2030,0.356
C-WEU-BEL,Zone_4A Mixed Humid,urb,perm,sfh,2030,0.644
C-WEU-BEL,Zone_5A Cool Humid,rur,perm,mfh,2030,0.24
C-WEU-BEL,Zone_5A Cool Humid,rur,perm,sfh,2030,0.76
C-WEU-BEL,Zone_5A Cool Humid,urb,perm,mfh,2030,0.295
C-WEU-BEL,Zone_5A Cool Humid,urb,perm,sfh,2030,0.705
C-WEU-CYP,Zone_3A Warm Humid,urb,perm,mfh,2030,0.518
C-WEU-CYP,Zone_3A Warm Humid,urb,perm,sfh,2030,0.482
C-WEU-DEU,Zone_4A Mixed Humid,rur,perm,mfh,2030,0.446
C-WEU-DEU,Zone_4A Mixed Humid,rur,perm,sfh,2030,0.554
C-WEU-DEU,Zone_4A Mixed Humid,urb,perm,mfh,2030,0.732
C-WEU-DEU,Zone_4A Mixed Humid,urb,perm,sfh,2030,0.268
C-WEU-DEU,Zone_5A Cool Humid,rur,perm,mfh,2030,0.549
C-WEU-DEU,Zone_5A Cool Humid,rur,perm,sfh,2030,0.451
C-WEU-DEU,Zone_5A Cool Humid,urb,perm,mfh,2030,0.698
C-WEU-DEU,Zone_5A Cool Humid,urb,perm,sfh,2030,0.302
C-WEU-DEU,Zone_6A Cold Humid,rur,perm,mfh,2030,0.635
C-WEU-DEU,Zone_6A Cold Humid,rur,perm,sfh,2030,0.365
C-WEU-DEU,Zone_6A Cold Humid,urb,perm,mfh,2030,0.746
C-WEU-DEU,Zone_6A Cold Humid,urb,perm,sfh,2030,0.254
C-WEU-DNK,Zone_5A Cool Humid,rur,perm,mfh,2030,0.323
C-WEU-DNK,Zone_5A Cool Humid,rur,perm,sfh,2030,0.677
C-WEU-DNK,Zone_5A Cool Humid,urb,perm,mfh,2030,0.516
C-WEU-DNK,Zone_5A Cool Humid,urb,perm,sfh,2030,0.484
C-WEU-ESP,Zone_4A Mixed Humid,rur,perm,mfh,2030,0.521
C-WEU-ESP,Zone_4A Mixed Humid,rur,perm,sfh,2030,0.479
C-WEU-ESP,Zone_4A Mixed Humid,urb,perm,mfh,2030,0.785
C-WEU-ESP,Zone_4A Mixed Humid,urb,perm,sfh,2030,0.215
C-WEU-ESP,Zone_3A Warm Humid,rur,perm,mfh,2030,0.257
C-WEU-ESP,Zone_3A Warm Humid,rur,perm,sfh,2030,0.743
C-WEU-ESP,Zone_3A Warm Humid,urb,perm,mfh,2030,0.76
C-WEU-ESP,Zone_3A Warm Humid,urb,perm,sfh,2030,0.24
C-WEU-ESP,Zone_4C Mixed Marine,rur,perm,mfh,2030,0.549
C-WEU-ESP,Zone_4C Mixed Marine,rur,perm,sfh,2030,0.451
C-WEU-ESP,Zone_4C Mixed Marine,urb,perm,mfh,2030,0.705
C-WEU-ESP,Zone_4C Mixed Marine,urb,perm,sfh,2030,0.295
C-WEU-ESP,Zone_2B Hot Dry,urb,perm,mfh,2030,0.647
C-WEU-ESP,Zone_2B Hot Dry,urb,perm,sfh,2030,0.353
C-WEU-ESP,Zone_3B Warm Dry,rur,perm,mfh,2030,0.494
C-WEU-ESP,Zone_3B Warm Dry,rur,perm,sfh,2030,0.506
C-WEU-ESP,Zone_3B Warm Dry,urb,perm,mfh,2030,0.726
C-WEU-ESP,Zone_3B Warm Dry,urb,perm,sfh,2030,0.274
C-WEU-ESP,Zone_3C Warm Marine,urb,perm,mfh,2030,0.672
C-WEU-ESP,Zone_3C Warm Marine,urb,perm,sfh,2030,0.328
C-WEU-FIN,Zone_6A Cold Humid,rur,perm,mfh,2030,0.512
C-WEU-FIN,Zone_6A Cold Humid,rur,perm,sfh,2030,0.488
C-WEU-FIN,Zone_6A Cold Humid,urb,perm,mfh,2030,0.756
C-WEU-FIN,Zone_6A Cold Humid,urb,perm,sfh,2030,0.244
C-WEU-FIN,Zone_7A Very cold Humid,rur,perm,mfh,2030,0.522
C-WEU-FIN,Zone_7A Very cold Humid,rur,perm,sfh,2030,0.478
C-WEU-FIN,Zone_7A Very cold Humid,urb,perm,mfh,2030,0.635
C-WEU-FIN,Zone_7A Very cold Humid,urb,perm,sfh,2030,0.365
C-WEU-FRA,Zone_4A Mixed Humid,rur,perm,mfh,2030,0.245
C-WEU-FRA,Zone_4A Mixed Humid,rur,perm,sfh,2030,0.755
C-WEU-FRA,Zone_4A Mixed Humid,urb,perm,mfh,2030,0.544
C-WEU-FRA,Zone_4A Mixed Humid,urb,perm,sfh,2030,0.456
C-WEU-FRA,Zone_5A Cool Humid,rur,perm,mfh,2030,0.283
C-WEU-FRA,Zone_5A Cool Humid,rur,perm,sfh,2030,0.717
C-WEU-FRA,Zone_5A Cool Humid,urb,perm,mfh,2030,0.513
C-WEU-FRA,Zone_5A Cool Humid,urb,perm,sfh,2030,0.487
C-WEU-FRA,Zone_3A Warm Humid,rur,perm,mfh,2030,0.221
C-WEU-FRA,Zone_3A Warm Humid,rur,perm,sfh,2030,0.779
C-WEU-FRA,Zone_3A Warm Humid,urb,perm,mfh,2030,0.538
C-WEU-FRA,Zone_3A Warm Humid,urb,perm,sfh,2030,0.462
C-WEU-FRA,Zone_4C Mixed Marine,rur,perm,mfh,2030,0.514
C-WEU-FRA,Zone_4C Mixed Marine,rur,perm,sfh,2030,0.486
C-WEU-FRA,Zone_7A Very cold Humid,urb,perm,mfh,2030,0.558
C-WEU-FRA,Zone_7A Very cold Humid,urb,perm,sfh,2030,0.442
C-WEU-FRA,Zone_3C Warm Marine,urb,perm,mfh,2030,0.851
C-WEU-FRA,Zone_3C Warm Marine,urb,perm,sfh,2030,0.149
C-WEU-FRA,Zone_1A Very hot Humid,urb,perm,mfh,2030,0.429
C-WEU-FRA,Zone_1A Very hot Humid,urb,perm,sfh,2030,0.571
C-WEU-FRA,Zone_2A Hot Humid,urb,perm,mfh,2030,0.34
C-WEU-FRA,Zone_2A Hot Humid,urb,perm,sfh,2030,0.66
C-WEU-GRC,Zone_4A Mixed Humid,rur,perm,mfh,2030,0.489
C-WEU-GRC,Zone_4A Mixed Humid,rur,perm,sfh,2030,0.511
C-WEU-GRC,Zone_4A Mixed Humid,urb,perm,mfh,2030,0.732
C-WEU-GRC,Zone_4A Mixed Humid,urb,perm,sfh,2030,0.268
C-WEU-GRC,Zone_5A Cool Humid,rur,perm,mfh,2030,0.472
C-WEU-GRC,Zone_5A Cool Humid,rur,perm,sfh,2030,0.528
C-WEU-GRC,Zone_5A Cool Humid,urb,perm,mfh,2030,0.607
C-WEU-GRC,Zone_5A Cool Humid,urb,perm,sfh,2030,0.393
C-WEU-GRC,Zone_3A Warm Humid,rur,perm,mfh,2030,0.52
C-WEU-GRC,Zone_3A Warm Humid,rur,perm,sfh,2030,0.48
C-WEU-GRC,Zone_3A Warm Humid,urb,perm,mfh,2030,0.824
C-WEU-GRC,Zone_3A Warm Humid,urb,perm,sfh,2030,0.176
C-WEU-GRC,Zone_4C Mixed Marine,urb,perm,mfh,2030,0.623
C-WEU-GRC,Zone_4C Mixed Marine,urb,perm,sfh,2030,0.377
C-WEU-GRC,Zone_5C Cool Marine,urb,perm,mfh,2030,0.591
C-WEU-GRC,Zone_5C Cool Marine,urb,perm,sfh,2030,0.409
C-WEU-IRL,Zone_4A Mixed Humid,rur,perm,mfh,2030,0.102
C-WEU-IRL,Zone_4A Mixed Humid,rur,perm,sfh,2030,0.898
C-WEU-IRL,Zone_5A Cool Humid,rur,perm,mfh,2030,0.082
C-WEU-IRL,Zone_5A Cool Humid,rur,perm,sfh,2030,0.918
C-WEU-IRL,Zone_5A Cool Humid,urb,perm,mfh,2030,0.221
C-WEU-IRL,Zone_5A Cool Humid,urb,perm,sfh,2030,0.779
C-WEU-ITA,Zone_4A Mixed Humid,rur,perm,mfh,2030,0.691
C-WEU-ITA,Zone_4A Mixed Humid,rur,perm,sfh,2030,0.309
C-WEU-ITA,Zone_4A Mixed Humid,urb,perm,mfh,2030,0.842
C-WEU-ITA,Zone_4A Mixed Humid,urb,perm,sfh,2030,0.158
C-WEU-ITA,Zone_5A Cool Humid,urb,perm,mfh,2030,0.807
C-WEU-ITA,Zone_5A Cool Humid,urb,perm,sfh,2030,0.193
C-WEU-ITA,Zone_6A Cold Humid,urb,perm,mfh,2030,0.835
C-WEU-ITA,Zone_6A Cold Humid,urb,perm,sfh,2030,0.165
C-WEU-ITA,Zone_3A Warm Humid,rur,perm,mfh,2030,0.703
C-WEU-ITA,Zone_3A Warm Humid,rur,perm,sfh,2030,0.297
C-WEU-ITA,Zone_3A Warm Humid,urb,perm,mfh,2030,0.841
C-WEU-ITA,Zone_3A Warm Humid,urb,perm,sfh,2030,0.159
C-WEU-ITA,Zone_4C Mixed Marine,rur,perm,mfh,2030,0.7
C-WEU-ITA,Zone_4C Mixed Marine,rur,perm,sfh,2030,0.3
C-WEU-ITA,Zone_4C Mixed Marine,urb,perm,mfh,2030,0.887
C-WEU-ITA,Zone_4C Mixed Marine,urb,perm,sfh,2030,0.113
C-WEU-ITA,Zone_7A Very cold Humid,rur,perm,mfh,2030,0.738
C-WEU-ITA,Zone_7A Very cold Humid,rur,perm,sfh,2030,0.262
C-WEU-ITA,Zone_7A Very cold Humid,urb,perm,mfh,2030,0.839
C-WEU-ITA,Zone_7A Very cold Humid,urb,perm,sfh,2030,0.161
C-WEU-ITA,Zone_5C Cool Marine,urb,perm,mfh,2030,0.724
C-WEU-ITA,Zone_5C Cool Marine,urb,perm,sfh,2030,0.276
C-WEU-LUX,Zone_5A Cool Humid,urb,perm,mfh,2030,0.522
C-WEU-LUX,Zone_5A Cool Humid,urb,perm,sfh,2030,0.478
C-WEU-MLT,Zone_3A Warm Humid,urb,perm,mfh,2030,0.652
C-WEU-MLT,Zone_3A Warm Humid,urb,perm,sfh,2030,0.348
C-WEU-NLD,Zone_4A Mixed Humid,rur,perm,mfh,2030,0.14
C-WEU-NLD,Zone_4A Mixed Humid,rur,perm,sfh,2030,0.86
C-WEU-NLD,Zone_4A Mixed Humid,urb,perm,mfh,2030,0.383
C-WEU-NLD,Zone_4A Mixed Humid,urb,perm,sfh,2030,0.617
C-WEU-NLD,Zone_5A Cool Humid,urb,perm,mfh,2030,0.22
C-WEU-NLD,Zone_5A Cool Humid,urb,perm,sfh,2030,0.78
C-WEU-PRT,Zone_4A Mixed Humid,rur,perm,mfh,2030,0.289
C-WEU-PRT,Zone_4A Mixed Humid,rur,perm,sfh,2030,0.711
C-WEU-PRT,Zone_3A Warm Humid,rur,perm,mfh,2030,0.335
C-WEU-PRT,Zone_3A Warm Humid,rur,perm,sfh,2030,0.665
C-WEU-PRT,Zone_3A Warm Humid,urb,perm,mfh,2030,0.778
C-WEU-PRT,Zone_3A Warm Humid,urb,perm,sfh,2030,0.222
C-WEU-PRT,Zone_4C Mixed Marine,rur,perm,mfh,2030,0.239
C-WEU-PRT,Zone_4C Mixed Marine,rur,perm,sfh,2030,0.761
C-WEU-PRT,Zone_4C Mixed Marine,urb,perm,mfh,2030,0.425
C-WEU-PRT,Zone_4C Mixed Marine,urb,perm,sfh,2030,0.575
C-WEU-PRT,Zone_3C Warm Marine,rur,perm,mfh,2030,0.265
C-WEU-PRT,Zone_3C Warm Marine,rur,perm,sfh,2030,0.735
C-WEU-PRT,Zone_3C Warm Marine,urb,perm,mfh,2030,0.493
C-WEU-PRT,Zone_3C Warm Marine,urb,perm,sfh,2030,0.507
C-WEU-SWE,Zone_5A Cool Humid,rur,perm,mfh,2030,0.35
C-WEU-SWE,Zone_5A Cool Humid,rur,perm,sfh,2030,0.65
C-WEU-SWE,Zone_5A Cool Humid,urb,perm,mfh,2030,0.492
C-WEU-SWE,Zone_5A Cool Humid,urb,perm,sfh,2030,0.508
C-WEU-SWE,Zone_6A Cold Humid,rur,perm,mfh,2030,0.4
C-WEU-SWE,Zone_6A Cold Humid,rur,perm,sfh,2030,0.6
C-WEU-SWE,Zone_6A Cold Humid,urb,perm,mfh,2030,0.59
C-WEU-SWE,Zone_6A Cold Humid,urb,perm,sfh,2030,0.41
C-WEU-SWE,Zone_7A Very cold Humid,rur,perm,mfh,2030,0.397
C-WEU-SWE,Zone_7A Very cold Humid,rur,perm,sfh,2030,0.603
C-WEU-SWE,Zone_7A Very cold Humid,urb,perm,mfh,2030,0.461
C-WEU-SWE,Zone_7A Very cold Humid,urb,perm,sfh,2030,0.539
C-WEU-SWE,Zone_8A Subarctic/arctic Humid,urb,perm,mfh,2030,0.445
C-WEU-SWE,Zone_8A Subarctic/arctic Humid,urb,perm,sfh,2030,0.555
C-EEU-BGR,Zone_4A Mixed Humid,rur,perm,mfh,2035,0.426
C-EEU-BGR,Zone_4A Mixed Humid,rur,perm,sfh,2035,0.574
C-EEU-BGR,Zone_4A Mixed Humid,urb,perm,mfh,2035,0.609
C-EEU-BGR,Zone_4A Mixed Humid,urb,perm,sfh,2035,0.391
C-EEU-BGR,Zone_5A Cool Humid,rur,perm,mfh,2035,0.773
C-EEU-BGR,Zone_5A Cool Humid,rur,perm,sfh,2035,0.227
C-EEU-BGR,Zone_5A Cool Humid,urb,perm,mfh,2035,0.773
C-EEU-BGR,Zone_5A Cool Humid,urb,perm,sfh,2035,0.227
C-EEU-CZE,Zone_5A Cool Humid,rur,perm,mfh,2035,0.657
C-EEU-CZE,Zone_5A Cool Humid,rur,perm,sfh,2035,0.343
C-EEU-CZE,Zone_5A Cool Humid,urb,perm,mfh,2035,0.73
C-EEU-CZE,Zone_5A Cool Humid,urb,perm,sfh,2035,0.27
C-EEU-EST,Zone_6A Cold Humid,rur,perm,mfh,2035,0.548
C-EEU-EST,Zone_6A Cold Humid,rur,perm,sfh,2035,0.452
C-EEU-EST,Zone_6A Cold Humid,urb,perm,mfh,2035,0.768
C-EEU-EST,Zone_6A Cold Humid,urb,perm,sfh,2035,0.232
C-EEU-HRV,Zone_4A Mixed Humid,rur,perm,mfh,2035,0.331
C-EEU-HRV,Zone_4A Mixed Humid,rur,perm,sfh,2035,0.669
C-EEU-HRV,Zone_4A Mixed Humid,urb,perm,mfh,2035,0.667
C-EEU-HRV,Zone_4A Mixed Humid,urb,perm,sfh,2035,0.333
C-EEU-HRV,Zone_5A Cool Humid,rur,perm,mfh,2035,0.412
C-EEU-HRV,Zone_5A Cool Humid,rur,perm,sfh,2035,0.588
C-EEU-HRV,Zone_3A Warm Humid,rur,perm,mfh,2035,0.648
C-EEU-HRV,Zone_3A Warm Humid,rur,perm,sfh,2035,0.352
C-EEU-HRV,Zone_4C Mixed Marine,rur,perm,mfh,2035,0.608
C-EEU-HRV,Zone_4C Mixed Marine,rur,perm,sfh,2035,0.392
C-EEU-HUN,Zone_4A Mixed Humid,rur,perm,mfh,2035,0.274
C-EEU-HUN,Zone_4A Mixed Humid,rur,perm,sfh,2035,0.726
C-EEU-HUN,Zone_4A Mixed Humid,urb,perm,mfh,2035,0.447
C-EEU-HUN,Zone_4A Mixed Humid,urb,perm,sfh,2035,0.553
C-EEU-HUN,Zone_5A Cool Humid,rur,perm,mfh,2035,0.22
C-EEU-HUN,Zone_5A Cool Humid,rur,perm,sfh,2035,0.78
C-EEU-HUN,Zone_5A Cool Humid,urb,perm,mfh,2035,0.368
C-EEU-HUN,Zone_5A Cool Humid,urb,perm,sfh,2035,0.632
C-EEU-LTU,Zone_5A Cool Humid,rur,perm,mfh,2035,0.42
C-EEU-LTU,Zone_5A Cool Humid,rur,perm,sfh,2035,0.58
C-EEU-LTU,Zone_5A Cool Humid,urb,perm,mfh,2035,0.707
C-EEU-LTU,Zone_5A Cool Humid,urb,perm,sfh,2035,0.293
C-EEU-LTU,Zone_6A Cold Humid,rur,perm,mfh,2035,0.449
C-EEU-LTU,Zone_6A Cold Humid,rur,perm,sfh,2035,0.551
C-EEU-LTU,Zone_6A Cold Humid,urb,perm,mfh,2035,0.648
C-EEU-LTU,Zone_6A Cold Humid,urb,perm,sfh,2035,0.352
C-EEU-LVA,Zone_6A Cold Humid,rur,perm,mfh,2035,0.612
C-EEU-LVA,Zone_6A Cold Humid,rur,perm,sfh,2035,0.388
C-EEU-LVA,Zone_6A Cold Humid,urb,perm,mfh,2035,0.843
C-EEU-LVA,Zone_6A Cold Humid,urb,perm,sfh,2035,0.157
C-EEU-POL,Zone_5A Cool Humid,rur,perm,mfh,2035,0.414
C-EEU-POL,Zone_5A Cool Humid,rur,perm,sfh,2035,0.586
C-EEU-POL,Zone_5A Cool Humid,urb,perm,mfh,2035,0.698
C-EEU-POL,Zone_5A Cool Humid,urb,perm,sfh,2035,0.302
C-EEU-POL,Zone_6A Cold Humid,rur,perm,mfh,2035,0.192
C-EEU-POL,Zone_6A Cold Humid,rur,perm,sfh,2035,0.808
C-EEU-POL,Zone_6A Cold Humid,urb,perm,mfh,2035,0.431
C-EEU-POL,Zone_6A Cold Humid,urb,perm,sfh,2035,0.569
C-EEU-ROU,Zone_4A Mixed Humid,rur,perm,mfh,2035,0.312
C-EEU-ROU,Zone_4A Mixed Humid,rur,perm,sfh,2035,0.688
C-EEU-ROU,Zone_4A Mixed Humid,urb,perm,mfh,2035,0.664
C-EEU-ROU,Zone_4A Mixed Humid,urb,perm,sfh,2035,0.336
C-EEU-ROU,Zone_5A Cool Humid,rur,perm,mfh,2035,0.34
C-EEU-ROU,Zone_5A Cool Humid,rur,perm,sfh,2035,0.66
C-EEU-ROU,Zone_5A Cool Humid,urb,perm,mfh,2035,0.517
C-EEU-ROU,Zone_5A Cool Humid,urb,perm,sfh,2035,0.483
C-EEU-ROU,Zone_6A Cold Humid,rur,perm,mfh,2035,0.397
C-EEU-ROU,Zone_6A Cold Humid,rur,perm,sfh,2035,0.603
C-EEU-SVK,Zone_5A Cool Humid,rur,perm,mfh,2035,0.438
C-EEU-SVK,Zone_5A Cool Humid,rur,perm,sfh,2035,0.562
C-EEU-SVK,Zone_5A Cool Humid,urb,perm,mfh,2035,0.603
C-EEU-SVK,Zone_5A Cool Humid,urb,perm,sfh,2035,0.397
C-EEU-SVK,Zone_6A Cold Humid,rur,perm,mfh,2035,0.46
C-EEU-SVK,Zone_6A Cold Humid,rur,perm,sfh,2035,0.54
C-EEU-SVK,Zone_6A Cold Humid,urb,perm,mfh,2035,0.448
C-EEU-SVK,Zone_6A Cold Humid,urb,perm,sfh,2035,0.552
C-EEU-SVN,Zone_4A Mixed Humid,rur,perm,mfh,2035,0.371
C-EEU-SVN,Zone_4A Mixed Humid,rur,perm,sfh,2035,0.629
C-EEU-SVN,Zone_4A Mixed Humid,urb,perm,mfh,2035,0.582
C-EEU-SVN,Zone_4A Mixed Humid,urb,perm,sfh,2035,0.418
C-EEU-SVN,Zone_5A Cool Humid,rur,perm,mfh,2035,0.395
C-EEU-SVN,Zone_5A Cool Humid,rur,perm,sfh,2035,0.605
C-EEU-SVN,Zone_5A Cool Humid,urb,perm,mfh,2035,0.562
C-EEU-SVN,Zone_5A Cool Humid,urb,perm,sfh,2035,0.438
C-EEU-SVN,Zone_7A Very cold Humid,rur,perm,mfh,2035,0.414
C-EEU-SVN,Zone_7A Very cold Humid,rur,perm,sfh,2035,0.586
C-WEU-AUT,Zone_4A Mixed Humid,rur,perm,mfh,2035,0.415
C-WEU-AUT,Zone_4A Mixed Humid,rur,perm,sfh,2035,0.585
C-WEU-AUT,Zone_4A Mixed Humid,urb,perm,mfh,2035,0.874
C-WEU-AUT,Zone_4A Mixed Humid,urb,perm,sfh,2035,0.126
C-WEU-AUT,Zone_5A Cool Humid,rur,perm,mfh,2035,0.478
C-WEU-AUT,Zone_5A Cool Humid,rur,perm,sfh,2035,0.522
C-WEU-AUT,Zone_5A Cool Humid,urb,perm,mfh,2035,0.603
C-WEU-AUT,Zone_5A Cool Humid,urb,perm,sfh,2035,0.397
C-WEU-AUT,Zone_6A Cold Humid,rur,perm,mfh,2035,0.608
C-WEU-AUT,Zone_6A Cold Humid,rur,perm,sfh,2035,0.392
C-WEU-AUT,Zone_6A Cold Humid,urb,perm,mfh,2035,0.72
C-WEU-AUT,Zone_6A Cold Humid,urb,perm,sfh,2035,0.28
C-WEU-AUT,Zone_7A Very cold Humid,rur,perm,mfh,2035,0.66
C-WEU-AUT,Zone_7A Very cold Humid,rur,perm,sfh,2035,0.34
C-WEU-AUT,Zone_7A Very cold Humid,urb,perm,mfh,2035,0.841
C-WEU-AUT,Zone_7A Very cold Humid,urb,perm,sfh,2035,0.159
C-WEU-BEL,Zone_4A Mixed Humid,rur,perm,mfh,2035,0.174
C-WEU-BEL,Zone_4A Mixed Humid,rur,perm,sfh,2035,0.826
C-WEU-BEL,Zone_4A Mixed Humid,urb,perm,mfh,2035,0.356
C-WEU-BEL,Zone_4A Mixed Humid,urb,perm,sfh,2035,0.644
C-WEU-BEL,Zone_5A Cool Humid,rur,perm,mfh,2035,0.24
C-WEU-BEL,Zone_5A Cool Humid,rur,perm,sfh,2035,0.76
C-WEU-BEL,Zone_5A Cool Humid,urb,perm,mfh,2035,0.295
C-WEU-BEL,Zone_5A Cool Humid,urb,perm,sfh,2035,0.705
C-WEU-CYP,Zone_3A Warm Humid,urb,perm,mfh,2035,0.518
C-WEU-CYP,Zone_3A Warm Humid,urb,perm,sfh,2035,0.482
C-WEU-DEU,Zone_4A Mixed Humid,rur,perm,mfh,2035,0.446
C-WEU-DEU,Zone_4A Mixed Humid,rur,perm,sfh,2035,0.554
C-WEU-DEU,Zone_4A Mixed Humid,urb,perm,mfh,2035,0.732
C-WEU-DEU,Zone_4A Mixed Humid,urb,perm,sfh,2035,0.268
C-WEU-DEU,Zone_5A Cool Humid,rur,perm,mfh,2035,0.549
C-WEU-DEU,Zone_5A Cool Humid,rur,perm,sfh,2035,0.451
C-WEU-DEU,Zone_5A Cool Humid,urb,perm,mfh,2035,0.698
C-WEU-DEU,Zone_5A Cool Humid,urb,perm,sfh,2035,0.302
C-WEU-DEU,Zone_6A Cold Humid,rur,perm,mfh,2035,0.635
C-WEU-DEU,Zone_6A Cold Humid,rur,perm,sfh,2035,0.365
C-WEU-DEU,Zone_6A Cold Humid,urb,perm,mfh,2035,0.746
C-WEU-DEU,Zone_6A Cold Humid,urb,perm,sfh,2035,0.254
C-WEU-DNK,Zone_5A Cool Humid,rur,perm,mfh,2035,0.323
C-WEU-DNK,Zone_5A Cool Humid,rur,perm,sfh,2035,0.677
C-WEU-DNK,Zone_5A Cool Humid,urb,perm,mfh,2035,0.516
C-WEU-DNK,Zone_5A Cool Humid,urb,perm,sfh,2035,0.484
C-WEU-ESP,Zone_4A Mixed Humid,rur,perm,mfh,2035,0.521
C-WEU-ESP,Zone_4A Mixed Humid,rur,perm,sfh,2035,0.479
C-WEU-ESP,Zone_4A Mixed Humid,urb,perm,mfh,2035,0.785
C-WEU-ESP,Zone_4A Mixed Humid,urb,perm,sfh,2035,0.215
C-WEU-ESP,Zone_3A Warm Humid,rur,perm,mfh,2035,0.257
C-WEU-ESP,Zone_3A Warm Humid,rur,perm,sfh,2035,0.743
C-WEU-ESP,Zone_3A Warm Humid,urb,perm,mfh,2035,0.76
C-WEU-ESP,Zone_3A Warm Humid,urb,perm,sfh,2035,0.24
C-WEU-ESP,Zone_4C Mixed Marine,rur,perm,mfh,2035,0.549
C-WEU-ESP,Zone_4C Mixed Marine,rur,perm,sfh,2035,0.451
C-WEU-ESP,Zone_4C Mixed Marine,urb,perm,mfh,2035,0.705
C-WEU-ESP,Zone_4C Mixed Marine,urb,perm,sfh,2035,0.295
C-WEU-ESP,Zone_2B Hot Dry,urb,perm,mfh,2035,0.647
C-WEU-ESP,Zone_2B Hot Dry,urb,perm,sfh,2035,0.353
C-WEU-ESP,Zone_3B Warm Dry,rur,perm,mfh,2035,0.494
C-WEU-ESP,Zone_3B Warm Dry,rur,perm,sfh,2035,0.506
C-WEU-ESP,Zone_3B Warm Dry,urb,perm,mfh,2035,0.726
C-WEU-ESP,Zone_3B Warm Dry,urb,perm,sfh,2035,0.274
C-WEU-ESP,Zone_3C Warm Marine,urb,perm,mfh,2035,0.672
C-WEU-ESP,Zone_3C Warm Marine,urb,perm,sfh,2035,0.328
C-WEU-FIN,Zone_6A Cold Humid,rur,perm,mfh,2035,0.512
C-WEU-FIN,Zone_6A Cold Humid,rur,perm,sfh,2035,0.488
C-WEU-FIN,Zone_6A Cold Humid,urb,perm,mfh,2035,0.756
C-WEU-FIN,Zone_6A Cold Humid,urb,perm,sfh,2035,0.244
C-WEU-FIN,Zone_7A Very cold Humid,rur,perm,mfh,2035,0.522
C-WEU-FIN,Zone_7A Very cold Humid,rur,perm,sfh,2035,0.478
C-WEU-FIN,Zone_7A Very cold Humid,urb,perm,mfh,2035,0.635
C-WEU-FIN,Zone_7A Very cold Humid,urb,perm,sfh,2035,0.365
C-WEU-FRA,Zone_4A Mixed Humid,rur,perm,mfh,2035,0.245
C-WEU-FRA,Zone_4A Mixed Humid,rur,perm,sfh,2035,0.755
C-WEU-FRA,Zone_4A Mixed Humid,urb,perm,mfh,2035,0.544
C-WEU-FRA,Zone_4A Mixed Humid,urb,perm,sfh,2035,0.456
C-WEU-FRA,Zone_5A Cool Humid,rur,perm,mfh,2035,0.283
C-WEU-FRA,Zone_5A Cool Humid,rur,perm,sfh,2035,0.717
C-WEU-FRA,Zone_5A Cool Humid,urb,perm,mfh,2035,0.513
C-WEU-FRA,Zone_5A Cool Humid,urb,perm,sfh,2035,0.487
C-WEU-FRA,Zone_3A Warm Humid,rur,perm,mfh,2035,0.221
C-WEU-FRA,Zone_3A Warm Humid,rur,perm,sfh,2035,0.779
C-WEU-FRA,Zone_3A Warm Humid,urb,perm,mfh,2035,0.538
C-WEU-FRA,Zone_3A Warm Humid,urb,perm,sfh,2035,0.462
C-WEU-FRA,Zone_4C Mixed Marine,rur,perm,mfh,2035,0.514
C-WEU-FRA,Zone_4C Mixed Marine,rur,perm,sfh,2035,0.486
C-WEU-FRA,Zone_7A Very cold Humid,urb,perm,mfh,2035,0.558
C-WEU-FRA,Zone_7A Very cold Humid,urb,perm,sfh,2035,0.442
C-WEU-FRA,Zone_3C Warm Marine,urb,perm,mfh,2035,0.851
C-WEU-FRA,Zone_3C Warm Marine,urb,perm,sfh,2035,0.149
C-WEU-FRA,Zone_1A Very hot Humid,urb,perm,mfh,2035,0.429
C-WEU-FRA,Zone_1A Very hot Humid,urb,perm,sfh,2035,0.571
C-WEU-FRA,Zone_2A Hot Humid,urb,perm,mfh,2035,0.34
C-WEU-FRA,Zone_2A Hot Humid,urb,perm,sfh,2035,0.66
C-WEU-GRC,Zone_4A Mixed Humid,rur,perm,mfh,2035,0.489
C-WEU-GRC,Zone_4A Mixed Humid,rur,perm,sfh,2035,0.511
C-WEU-GRC,Zone_4A Mixed Humid,urb,perm,mfh,2035,0.732
C-WEU-GRC,Zone_4A Mixed Humid,urb,perm,sfh,2035,0.268
C-WEU-GRC,Zone_5A Cool Humid,rur,perm,mfh,2035,0.472
C-WEU-GRC,Zone_5A Cool Humid,rur,perm,sfh,2035,0.528
C-WEU-GRC,Zone_5A Cool Humid,urb,perm,mfh,2035,0.607
C-WEU-GRC,Zone_5A Cool Humid,urb,perm,sfh,2035,0.393
C-WEU-GRC,Zone_3A Warm Humid,rur,perm,mfh,2035,0.52
C-WEU-GRC,Zone_3A Warm Humid,rur,perm,sfh,2035,0.48
C-WEU-GRC,Zone_3A Warm Humid,urb,perm,mfh,2035,0.824
C-WEU-GRC,Zone_3A Warm Humid,urb,perm,sfh,2035,0.176
C-WEU-GRC,Zone_4C Mixed Marine,urb,perm,mfh,2035,0.623
C-WEU-GRC,Zone_4C Mixed Marine,urb,perm,sfh,2035,0.377
C-WEU-GRC,Zone_5C Cool Marine,urb,perm,mfh,2035,0.591
C-WEU-GRC,Zone_5C Cool Marine,urb,perm,sfh,2035,0.409
C-WEU-IRL,Zone_4A Mixed Humid,rur,perm,mfh,2035,0.102
C-WEU-IRL,Zone_4A Mixed Humid,rur,perm,sfh,2035,0.898
C-WEU-IRL,Zone_5A Cool Humid,rur,perm,mfh,2035,0.082
C-WEU-IRL,Zone_5A Cool Humid,rur,perm,sfh,2035,0.918
C-WEU-IRL,Zone_5A Cool Humid,urb,perm,mfh,2035,0.221
C-WEU-IRL,Zone_5A Cool Humid,urb,perm,sfh,2035,0.779
C-WEU-ITA,Zone_4A Mixed Humid,rur,perm,mfh,2035,0.691
C-WEU-ITA,Zone_4A Mixed Humid,rur,perm,sfh,2035,0.309
C-WEU-ITA,Zone_4A Mixed Humid,urb,perm,mfh,2035,0.842
C-WEU-ITA,Zone_4A Mixed Humid,urb,perm,sfh,2035,0.158
C-WEU-ITA,Zone_5A Cool Humid,urb,perm,mfh,2035,0.807
C-WEU-ITA,Zone_5A Cool Humid,urb,perm,sfh,2035,0.193
C-WEU-ITA,Zone_6A Cold Humid,urb,perm,mfh,2035,0.835
C-WEU-ITA,Zone_6A Cold Humid,urb,perm,sfh,2035,0.165
C-WEU-ITA,Zone_3A Warm Humid,rur,perm,mfh,2035,0.703
C-WEU-ITA,Zone_3A Warm Humid,rur,perm,sfh,2035,0.297
C-WEU-ITA,Zone_3A Warm Humid,urb,perm,mfh,2035,0.841
C-WEU-ITA,Zone_3A Warm Humid,urb,perm,sfh,2035,0.159
C-WEU-ITA,Zone_4C Mixed Marine,rur,perm,mfh,2035,0.7
C-WEU-ITA,Zone_4C Mixed Marine,rur,perm,sfh,2035,0.3
C-WEU-ITA,Zone_4C Mixed Marine,urb,perm,mfh,2035,0.887
C-WEU-ITA,Zone_4C Mixed Marine,urb,perm,sfh,2035,0.113
C-WEU-ITA,Zone_7A Very cold Humid,rur,perm,mfh,2035,0.738
C-WEU-ITA,Zone_7A Very cold Humid,rur,perm,sfh,2035,0.262
C-WEU-ITA,Zone_7A Very cold Humid,urb,perm,mfh,2035,0.839
C-WEU-ITA,Zone_7A Very cold Humid,urb,perm,sfh,2035,0.161
C-WEU-ITA,Zone_5C Cool Marine,urb,perm,mfh,2035,0.724
C-WEU-ITA,Zone_5C Cool Marine,urb,perm,sfh,2035,0.276
C-WEU-LUX,Zone_5A Cool Humid,urb,perm,mfh,2035,0.522
C-WEU-LUX,Zone_5A Cool Humid,urb,perm,sfh,2035,0.478
C-WEU-MLT,Zone_3A Warm Humid,urb,perm,mfh,2035,0.652
C-WEU-MLT,Zone_3A Warm Humid,urb,perm,sfh,2035,0.348
C-WEU-NLD,Zone_4A Mixed Humid,rur,perm,mfh,2035,0.14
C-WEU-NLD,Zone_4A Mixed Humid,rur,perm,sfh,2035,0.86
C-WEU-NLD,Zone_4A Mixed Humid,urb,perm,mfh,2035,0.383
C-WEU-NLD,Zone_4A Mixed Humid,urb,perm,sfh,2035,0.617
C-WEU-NLD,Zone_5A Cool Humid,urb,perm,mfh,2035,0.22
C-WEU-NLD,Zone_5A Cool Humid,urb,perm,sfh,2035,0.78
C-WEU-PRT,Zone_4A Mixed Humid,rur,perm,mfh,2035,0.289
C-WEU-PRT,Zone_4A Mixed Humid,rur,perm,sfh,2035,0.711
C-WEU-PRT,Zone_3A Warm Humid,rur,perm,mfh,2035,0.335
C-WEU-PRT,Zone_3A Warm Humid,rur,perm,sfh,2035,0.665
C-WEU-PRT,Zone_3A Warm Humid,urb,perm,mfh,2035,0.778
C-WEU-PRT,Zone_3A Warm Humid,urb,perm,sfh,2035,0.222
C-WEU-PRT,Zone_4C Mixed Marine,rur,perm,mfh,2035,0.239
C-WEU-PRT,Zone_4C Mixed Marine,rur,perm,sfh,2035,0.761
C-WEU-PRT,Zone_4C Mixed Marine,urb,perm,mfh,2035,0.425
C-WEU-PRT,Zone_4C Mixed Marine,urb,perm,sfh,2035,0.575
C-WEU-PRT,Zone_3C Warm Marine,rur,perm,mfh,2035,0.265
C-WEU-PRT,Zone_3C Warm Marine,rur,perm,sfh,2035,0.735
C-WEU-PRT,Zone_3C Warm Marine,urb,perm,mfh,2035,0.493
C-WEU-PRT,Zone_3C Warm Marine,urb,perm,sfh,2035,0.507
C-WEU-SWE,Zone_5A Cool Humid,rur,perm,mfh,2035,0.35
C-WEU-SWE,Zone_5A Cool Humid,rur,perm,sfh,2035,0.65
C-WEU-SWE,Zone_5A Cool Humid,urb,perm,mfh,2035,0.492
C-WEU-SWE,Zone_5A Cool Humid,urb,perm,sfh,2035,0.508
C-WEU-SWE,Zone_6A Cold Humid,rur,perm,mfh,2035,0.4
C-WEU-SWE,Zone_6A Cold Humid,rur,perm,sfh,2035,0.6
C-WEU-SWE,Zone_6A Cold Humid,urb,perm,mfh,2035,0.59
C-WEU-SWE,Zone_6A Cold Humid,urb,perm,sfh,2035,0.41
C-WEU-SWE,Zone_7A Very cold Humid,rur,perm,mfh,2035,0.397
C-WEU-SWE,Zone_7A Very cold Humid,rur,perm,sfh,2035,0.603
C-WEU-SWE,Zone_7A Very cold Humid,urb,perm,mfh,2035,0.461
C-WEU-SWE,Zone_7A Very cold Humid,urb,perm,sfh,2035,0.539
C-WEU-SWE,Zone_8A Subarctic/arctic Humid,urb,perm,mfh,2035,0.445
C-WEU-SWE,Zone_8A Subarctic/arctic Humid,urb,perm,sfh,2035,0.555
C-EEU-BGR,Zone_4A Mixed Humid,rur,perm,mfh,2040,0.426
C-EEU-BGR,Zone_4A Mixed Humid,rur,perm,sfh,2040,0.574
C-EEU-BGR,Zone_4A Mixed Humid,urb,perm,mfh,2040,0.609
C-EEU-BGR,Zone_4A Mixed Humid,urb,perm,sfh,2040,0.391
C-EEU-BGR,Zone_5A Cool Humid,rur,perm,mfh,2040,0.773
C-EEU-BGR,Zone_5A Cool Humid,rur,perm,sfh,2040,0.227
C-EEU-BGR,Zone_5A Cool Humid,urb,perm,mfh,2040,0.773
C-EEU-BGR,Zone_5A Cool Humid,urb,perm,sfh,2040,0.227
C-EEU-CZE,Zone_5A Cool Humid,rur,perm,mfh,2040,0.657
C-EEU-CZE,Zone_5A Cool Humid,rur,perm,sfh,2040,0.343
C-EEU-CZE,Zone_5A Cool Humid,urb,perm,mfh,2040,0.73
C-EEU-CZE,Zone_5A Cool Humid,urb,perm,sfh,2040,0.27
C-EEU-EST,Zone_6A Cold Humid,rur,perm,mfh,2040,0.548
C-EEU-EST,Zone_6A Cold Humid,rur,perm,sfh,2040,0.452
C-EEU-EST,Zone_6A Cold Humid,urb,perm,mfh,2040,0.768
C-EEU-EST,Zone_6A Cold Humid,urb,perm,sfh,2040,0.232
C-EEU-HRV,Zone_4A Mixed Humid,rur,perm,mfh,2040,0.331
C-EEU-HRV,Zone_4A Mixed Humid,rur,perm,sfh,2040,0.669
C-EEU-HRV,Zone_4A Mixed Humid,urb,perm,mfh,2040,0.667
C-EEU-HRV,Zone_4A Mixed Humid,urb,perm,sfh,2040,0.333
C-EEU-HRV,Zone_5A Cool Humid,rur,perm,mfh,2040,0.412
C-EEU-HRV,Zone_5A Cool Humid,rur,perm,sfh,2040,0.588
C-EEU-HRV,Zone_3A Warm Humid,rur,perm,mfh,2040,0.648
C-EEU-HRV,Zone_3A Warm Humid,rur,perm,sfh,2040,0.352
C-EEU-HRV,Zone_4C Mixed Marine,rur,perm,mfh,2040,0.608
C-EEU-HRV,Zone_4C Mixed Marine,rur,perm,sfh,2040,0.392
C-EEU-HUN,Zone_4A Mixed Humid,rur,perm,mfh,2040,0.274
C-EEU-HUN,Zone_4A Mixed Humid,rur,perm,sfh,2040,0.726
C-EEU-HUN,Zone_4A Mixed Humid,urb,perm,mfh,2040,0.447
C-EEU-HUN,Zone_4A Mixed Humid,urb,perm,sfh,2040,0.553
C-EEU-HUN,Zone_5A Cool Humid,rur,perm,mfh,2040,0.22
C-EEU-HUN,Zone_5A Cool Humid,rur,perm,sfh,2040,0.78
C-EEU-HUN,Zone_5A Cool Humid,urb,perm,mfh,2040,0.368
C-EEU-HUN,Zone_5A Cool Humid,urb,perm,sfh,2040,0.632
C-EEU-LTU,Zone_5A Cool Humid,rur,perm,mfh,2040,0.42
C-EEU-LTU,Zone_5A Cool Humid,rur,perm,sfh,2040,0.58
C-EEU-LTU,Zone_5A Cool Humid,urb,perm,mfh,2040,0.707
C-EEU-LTU,Zone_5A Cool Humid,urb,perm,sfh,2040,0.293
C-EEU-LTU,Zone_6A Cold Humid,rur,perm,mfh,2040,0.449
C-EEU-LTU,Zone_6A Cold Humid,rur,perm,sfh,2040,0.551
C-EEU-LTU,Zone_6A Cold Humid,urb,perm,mfh,2040,0.648
C-EEU-LTU,Zone_6A Cold Humid,urb,perm,sfh,2040,0.352
C-EEU-LVA,Zone_6A Cold Humid,rur,perm,mfh,2040,0.612
C-EEU-LVA,Zone_6A Cold Humid,rur,perm,sfh,2040,0.388
C-EEU-LVA,Zone_6A Cold Humid,urb,perm,mfh,2040,0.843
C-EEU-LVA,Zone_6A Cold Humid,urb,perm,sfh,2040,0.157
C-EEU-POL,Zone_5A Cool Humid,rur,perm,mfh,2040,0.414
C-EEU-POL,Zone_5A Cool Humid,rur,perm,sfh,2040,0.586
C-EEU-POL,Zone_5A Cool Humid,urb,perm,mfh,2040,0.698
C-EEU-POL,Zone_5A Cool Humid,urb,perm,sfh,2040,0.302
C-EEU-POL,Zone_6A Cold Humid,rur,perm,mfh,2040,0.192
C-EEU-POL,Zone_6A Cold Humid,rur,perm,sfh,2040,0.808
C-EEU-POL,Zone_6A Cold Humid,urb,perm,mfh,2040,0.431
C-EEU-POL,Zone_6A Cold Humid,urb,perm,sfh,2040,0.569
C-EEU-ROU,Zone_4A Mixed Humid,rur,perm,mfh,2040,0.312
C-EEU-ROU,Zone_4A Mixed Humid,rur,perm,sfh,2040,0.688
C-EEU-ROU,Zone_4A Mixed Humid,urb,perm,mfh,2040,0.664
C-EEU-ROU,Zone_4A Mixed Humid,urb,perm,sfh,2040,0.336
C-EEU-ROU,Zone_5A Cool Humid,rur,perm,mfh,2040,0.34
C-EEU-ROU,Zone_5A Cool Humid,rur,perm,sfh,2040,0.66
C-EEU-ROU,Zone_5A Cool Humid,urb,perm,mfh,2040,0.517
C-EEU-ROU,Zone_5A Cool Humid,urb,perm,sfh,2040,0.483
C-EEU-ROU,Zone_6A Cold Humid,rur,perm,mfh,2040,0.397
C-EEU-ROU,Zone_6A Cold Humid,rur,perm,sfh,2040,0.603
C-EEU-SVK,Zone_5A Cool Humid,rur,perm,mfh,2040,0.438
C-EEU-SVK,Zone_5A Cool Humid,rur,perm,sfh,2040,0.562
C-EEU-SVK,Zone_5A Cool Humid,urb,perm,mfh,2040,0.603
C-EEU-SVK,Zone_5A Cool Humid,urb,perm,sfh,2040,0.397
C-EEU-SVK,Zone_6A Cold Humid,rur,perm,mfh,2040,0.46
C-EEU-SVK,Zone_6A Cold Humid,rur,perm,sfh,2040,0.54
C-EEU-SVK,Zone_6A Cold Humid,urb,perm,mfh,2040,0.448
C-EEU-SVK,Zone_6A Cold Humid,urb,perm,sfh,2040,0.552
C-EEU-SVN,Zone_4A Mixed Humid,rur,perm,mfh,2040,0.371
C-EEU-SVN,Zone_4A Mixed Humid,rur,perm,sfh,2040,0.629
C-EEU-SVN,Zone_4A Mixed Humid,urb,perm,mfh,2040,0.582
C-EEU-SVN,Zone_4A Mixed Humid,urb,perm,sfh,2040,0.418
C-EEU-SVN,Zone_5A Cool Humid,rur,perm,mfh,2040,0.395
C-EEU-SVN,Zone_5A Cool Humid,rur,perm,sfh,2040,0.605
C-EEU-SVN,Zone_5A Cool Humid,urb,perm,mfh,2040,0.562
C-EEU-SVN,Zone_5A Cool Humid,urb,perm,sfh,2040,0.438
C-EEU-SVN,Zone_7A Very cold Humid,rur,perm,mfh,2040,0.414
C-EEU-SVN,Zone_7A Very cold Humid,rur,perm,sfh,2040,0.586
C-WEU-AUT,Zone_4A Mixed Humid,rur,perm,mfh,2040,0.415
C-WEU-AUT,Zone_4A Mixed Humid,rur,perm,sfh,2040,0.585
C-WEU-AUT,Zone_4A Mixed Humid,urb,perm,mfh,2040,0.874
C-WEU-AUT,Zone_4A Mixed Humid,urb,perm,sfh,2040,0.126
C-WEU-AUT,Zone_5A Cool Humid,rur,perm,mfh,2040,0.478
C-WEU-AUT,Zone_5A Cool Humid,rur,perm,sfh,2040,0.522
C-WEU-AUT,Zone_5A Cool Humid,urb,perm,mfh,2040,0.603
C-WEU-AUT,Zone_5A Cool Humid,urb,perm,sfh,2040,0.397
C-WEU-AUT,Zone_6A Cold Humid,rur,perm,mfh,2040,0.608
C-WEU-AUT,Zone_6A Cold Humid,rur,perm,sfh,2040,0.392
C-WEU-AUT,Zone_6A Cold Humid,urb,perm,mfh,2040,0.72
C-WEU-AUT,Zone_6A Cold Humid,urb,perm,sfh,2040,0.28
C-WEU-AUT,Zone_7A Very cold Humid,rur,perm,mfh,2040,0.66
C-WEU-AUT,Zone_7A Very cold Humid,rur,perm,sfh,2040,0.34
C-WEU-AUT,Zone_7A Very cold Humid,urb,perm,mfh,2040,0.841
C-WEU-AUT,Zone_7A Very cold Humid,urb,perm,sfh,2040,0.159
C-WEU-BEL,Zone_4A Mixed Humid,rur,perm,mfh,2040,0.174
C-WEU-BEL,Zone_4A Mixed Humid,rur,perm,sfh,2040,0.826
C-WEU-BEL,Zone_4A Mixed Humid,urb,perm,mfh,2040,0.356
C-WEU-BEL,Zone_4A Mixed Humid,urb,perm,sfh,2040,0.644
C-WEU-BEL,Zone_5A Cool Humid,rur,perm,mfh,2040,0.24
C-WEU-BEL,Zone_5A Cool Humid,rur,perm,sfh,2040,0.76
C-WEU-BEL,Zone_5A Cool Humid,urb,perm,mfh,2040,0.295
C-WEU-BEL,Zone_5A Cool Humid,urb,perm,sfh,2040,0.705
C-WEU-CYP,Zone_3A Warm Humid,urb,perm,mfh,2040,0.518
C-WEU-CYP,Zone_3A Warm Humid,urb,perm,sfh,2040,0.482
C-WEU-DEU,Zone_4A Mixed Humid,rur,perm,mfh,2040,0.446
C-WEU-DEU,Zone_4A Mixed Humid,rur,perm,sfh,2040,0.554
C-WEU-DEU,Zone_4A Mixed Humid,urb,perm,mfh,2040,0.732
C-WEU-DEU,Zone_4A Mixed Humid,urb,perm,sfh,2040,0.268
C-WEU-DEU,Zone_5A Cool Humid,rur,perm,mfh,2040,0.549
C-WEU-DEU,Zone_5A Cool Humid,rur,perm,sfh,2040,0.451
C-WEU-DEU,Zone_5A Cool Humid,urb,perm,mfh,2040,0.698
C-WEU-DEU,Zone_5A Cool Humid,urb,perm,sfh,2040,0.302
C-WEU-DEU,Zone_6A Cold Humid,rur,perm,mfh,2040,0.635
C-WEU-DEU,Zone_6A Cold Humid,rur,perm,sfh,2040,0.365
C-WEU-DEU,Zone_6A Cold Humid,urb,perm,mfh,2040,0.746
C-WEU-DEU,Zone_6A Cold Humid,urb,perm,sfh,2040,0.254
C-WEU-DNK,Zone_5A Cool Humid,rur,perm,mfh,2040,0.323
C-WEU-DNK,Zone_5A Cool Humid,rur,perm,sfh,2040,0.677
C-WEU-DNK,Zone_5A Cool Humid,urb,perm,mfh,2040,0.516
C-WEU-DNK,Zone_5A Cool Humid,urb,perm,sfh,2040,0.484
C-WEU-ESP,Zone_4A Mixed Humid,rur,perm,mfh,2040,0.521
C-WEU-ESP,Zone_4A Mixed Humid,rur,perm,sfh,2040,0.479
C-WEU-ESP,Zone_4A Mixed Humid,urb,perm,mfh,2040,0.785
C-WEU-ESP,Zone_4A Mixed Humid,urb,perm,sfh,2040,0.215
C-WEU-ESP,Zone_3A Warm Humid,rur,perm,mfh,2040,0.257
C-WEU-ESP,Zone_3A Warm Humid,rur,perm,sfh,2040,0.743
C-WEU-ESP,Zone_3A Warm Humid,urb,perm,mfh,2040,0.76
C-WEU-ESP,Zone_3A Warm Humid,urb,perm,sfh,2040,0.24
C-WEU-ESP,Zone_4C Mixed Marine,rur,perm,mfh,2040,0.549
C-WEU-ESP,Zone_4C Mixed Marine,rur,perm,sfh,2040,0.451
C-WEU-ESP,Zone_4C Mixed Marine,urb,perm,mfh,2040,0.705
C-WEU-ESP,Zone_4C Mixed Marine,urb,perm,sfh,2040,0.295
C-WEU-ESP,Zone_2B Hot Dry,urb,perm,mfh,2040,0.647
C-WEU-ESP,Zone_2B Hot Dry,urb,perm,sfh,2040,0.353
C-WEU-ESP,Zone_3B Warm Dry,rur,perm,mfh,2040,0.494
C-WEU-ESP,Zone_3B Warm Dry,rur,perm,sfh,2040,0.506
C-WEU-ESP,Zone_3B Warm Dry,urb,perm,mfh,2040,0.726
C-WEU-ESP,Zone_3B Warm Dry,urb,perm,sfh,2040,0.274
C-WEU-ESP,Zone_3C Warm Marine,urb,perm,mfh,2040,0.672
C-WEU-ESP,Zone_3C Warm Marine,urb,perm,sfh,2040,0.328
C-WEU-FIN,Zone_6A Cold Humid,rur,perm,mfh,2040,0.512
C-WEU-FIN,Zone_6A Cold Humid,rur,perm,sfh,2040,0.488
C-WEU-FIN,Zone_6A Cold Humid,urb,perm,mfh,2040,0.756
C-WEU-FIN,Zone_6A Cold Humid,urb,perm,sfh,2040,0.244
C-WEU-FIN,Zone_7A Very cold Humid,rur,perm,mfh,2040,0.522
C-WEU-FIN,Zone_7A Very cold Humid,rur,perm,sfh,2040,0.478
C-WEU-FIN,Zone_7A Very cold Humid,urb,perm,mfh,2040,0.635
C-WEU-FIN,Zone_7A Very cold Humid,urb,perm,sfh,2040,0.365
C-WEU-FRA,Zone_4A Mixed Humid,rur,perm,mfh,2040,0.245
C-WEU-FRA,Zone_4A Mixed Humid,rur,perm,sfh,2040,0.755
C-WEU-FRA,Zone_4A Mixed Humid,urb,perm,mfh,2040,0.544
C-WEU-FRA,Zone_4A Mixed Humid,urb,perm,sfh,2040,0.456
C-WEU-FRA,Zone_5A Cool Humid,rur,perm,mfh,2040,0.283
C-WEU-FRA,Zone_5A Cool Humid,rur,perm,sfh,2040,0.717
C-WEU-FRA,Zone_5A Cool Humid,urb,perm,mfh,2040,0.513
C-WEU-FRA,Zone_5A Cool Humid,urb,perm,sfh,2040,0.487
C-WEU-FRA,Zone_3A Warm Humid,rur,perm,mfh,2040,0.221
C-WEU-FRA,Zone_3A Warm Humid,rur,perm,sfh,2040,0.779
C-WEU-FRA,Zone_3A Warm Humid,urb,perm,mfh,2040,0.538
C-WEU-FRA,Zone_3A Warm Humid,urb,perm,sfh,2040,0.462
C-WEU-FRA,Zone_4C Mixed Marine,rur,perm,mfh,2040,0.514
C-WEU-FRA,Zone_4C Mixed Marine,rur,perm,sfh,2040,0.486
C-WEU-FRA,Zone_7A Very cold Humid,urb,perm,mfh,2040,0.558
C-WEU-FRA,Zone_7A Very cold Humid,urb,perm,sfh,2040,0.442
C-WEU-FRA,Zone_3C Warm Marine,urb,perm,mfh,2040,0.851
C-WEU-FRA,Zone_3C Warm Marine,urb,perm,sfh,2040,0.149
C-WEU-FRA,Zone_1A Very hot Humid,urb,perm,mfh,2040,0.429
C-WEU-FRA,Zone_1A Very hot Humid,urb,perm,sfh,2040,0.571
C-WEU-FRA,Zone_2A Hot Humid,urb,perm,mfh,2040,0.34
C-WEU-FRA,Zone_2A Hot Humid,urb,perm,sfh,2040,0.66
C-WEU-GRC,Zone_4A Mixed Humid,rur,perm,mfh,2040,0.489
C-WEU-GRC,Zone_4A Mixed Humid,rur,perm,sfh,2040,0.511
C-WEU-GRC,Zone_4A Mixed Humid,urb,perm,mfh,2040,0.732
C-WEU-GRC,Zone_4A Mixed Humid,urb,perm,sfh,2040,0.268
C-WEU-GRC,Zone_5A Cool Humid,rur,perm,mfh,2040,0.472
C-WEU-GRC,Zone_5A Cool Humid,rur,perm,sfh,2040,0.528
C-WEU-GRC,Zone_5A Cool Humid,urb,perm,mfh,2040,0.607
C-WEU-GRC,Zone_5A Cool Humid,urb,perm,sfh,2040,0.393
C-WEU-GRC,Zone_3A Warm Humid,rur,perm,mfh,2040,0.52
C-WEU-GRC,Zone_3A Warm Humid,rur,perm,sfh,2040,0.48
C-WEU-GRC,Zone_3A Warm Humid,urb,perm,mfh,2040,0.824
C-WEU-GRC,Zone_3A Warm Humid,urb,perm,sfh,2040,0.176
C-WEU-GRC,Zone_4C Mixed Marine,urb,perm,mfh,2040,0.623
C-WEU-GRC,Zone_4C Mixed Marine,urb,perm,sfh,2040,0.377
C-WEU-GRC,Zone_5C Cool Marine,urb,perm,mfh,2040,0.591
C-WEU-GRC,Zone_5C Cool Marine,urb,perm,sfh,2040,0.409
C-WEU-IRL,Zone_4A Mixed Humid,rur,perm,mfh,2040,0.102
C-WEU-IRL,Zone_4A Mixed Humid,rur,perm,sfh,2040,0.898
C-WEU-IRL,Zone_5A Cool Humid,rur,perm,mfh,2040,0.082
C-WEU-IRL,Zone_5A Cool Humid,rur,perm,sfh,2040,0.918
C-WEU-IRL,Zone_5A Cool Humid,urb,perm,mfh,2040,0.221
C-WEU-IRL,Zone_5A Cool Humid,urb,perm,sfh,2040,0.779
C-WEU-ITA,Zone_4A Mixed Humid,rur,perm,mfh,2040,0.691
C-WEU-ITA,Zone_4A Mixed Humid,rur,perm,sfh,2040,0.309
C-WEU-ITA,Zone_4A Mixed Humid,urb,perm,mfh,2040,0.842
C-WEU-ITA,Zone_4A Mixed Humid,urb,perm,sfh,2040,0.158
C-WEU-ITA,Zone_5A Cool Humid,urb,perm,mfh,2040,0.807
C-WEU-ITA,Zone_5A Cool Humid,urb,perm,sfh,2040,0.193
C-WEU-ITA,Zone_6A Cold Humid,urb,perm,mfh,2040,0.835
C-WEU-ITA,Zone_6A Cold Humid,urb,perm,sfh,2040,0.165
C-WEU-ITA,Zone_3A Warm Humid,rur,perm,mfh,2040,0.703
C-WEU-ITA,Zone_3A Warm Humid,rur,perm,sfh,2040,0.297
C-WEU-ITA,Zone_3A Warm Humid,urb,perm,mfh,2040,0.841
C-WEU-ITA,Zone_3A Warm Humid,urb,perm,sfh,2040,0.159
C-WEU-ITA,Zone_4C Mixed Marine,rur,perm,mfh,2040,0.7
C-WEU-ITA,Zone_4C Mixed Marine,rur,perm,sfh,2040,0.3
C-WEU-ITA,Zone_4C Mixed Marine,urb,perm,mfh,2040,0.887
C-WEU-ITA,Zone_4C Mixed Marine,urb,perm,sfh,2040,0.113
C-WEU-ITA,Zone_7A Very cold Humid,rur,perm,mfh,2040,0.738
C-WEU-ITA,Zone_7A Very cold Humid,rur,perm,sfh,2040,0.262
C-WEU-ITA,Zone_7A Very cold Humid,urb,perm,mfh,2040,0.839
C-WEU-ITA,Zone_7A Very cold Humid,urb,perm,sfh,2040,0.161
C-WEU-ITA,Zone_5C Cool Marine,urb,perm,mfh,2040,0.724
C-WEU-ITA,Zone_5C Cool Marine,urb,perm,sfh,2040,0.276
C-WEU-LUX,Zone_5A Cool Humid,urb,perm,mfh,2040,0.522
C-WEU-LUX,Zone_5A Cool Humid,urb,perm,sfh,2040,0.478
C-WEU-MLT,Zone_3A Warm Humid,urb,perm,mfh,2040,0.652
C-WEU-MLT,Zone_3A Warm Humid,urb,perm,sfh,2040,0.348
C-WEU-NLD,Zone_4A Mixed Humid,rur,perm,mfh,2040,0.14
C-WEU-NLD,Zone_4A Mixed Humid,rur,perm,sfh,2040,0.86
C-WEU-NLD,Zone_4A Mixed Humid,urb,perm,mfh,2040,0.383
C-WEU-NLD,Zone_4A Mixed Humid,urb,perm,sfh,2040,0.617
C-WEU-NLD,Zone_5A Cool Humid,urb,perm,mfh,2040,0.22
C-WEU-NLD,Zone_5A Cool Humid,urb,perm,sfh,2040,0.78
C-WEU-PRT,Zone_4A Mixed Humid,rur,perm,mfh,2040,0.289
C-WEU-PRT,Zone_4A Mixed Humid,rur,perm,sfh,2040,0.711
C-WEU-PRT,Zone_3A Warm Humid,rur,perm,mfh,2040,0.335
C-WEU-PRT,Zone_3A Warm Humid,rur,perm,sfh,2040,0.665
C-WEU-PRT,Zone_3A Warm Humid,urb,perm,mfh,2040,0.778
C-WEU-PRT,Zone_3A Warm Humid,urb,perm,sfh,2040,0.222
C-WEU-PRT,Zone_4C Mixed Marine,rur,perm,mfh,2040,0.239
C-WEU-PRT,Zone_4C Mixed Marine,rur,perm,sfh,2040,0.761
C-WEU-PRT,Zone_4C Mixed Marine,urb,perm,mfh,2040,0.425
C-WEU-PRT,Zone_4C Mixed Marine,urb,perm,sfh,2040,0.575
C-WEU-PRT,Zone_3C Warm Marine,rur,perm,mfh,2040,0.265
C-WEU-PRT,Zone_3C Warm Marine,rur,perm,sfh,2040,0.735
C-WEU-PRT,Zone_3C Warm Marine,urb,perm,mfh,2040,0.493
C-WEU-PRT,Zone_3C Warm Marine,urb,perm,sfh,2040,0.507
C-WEU-SWE,Zone_5A Cool Humid,rur,perm,mfh,2040,0.35
C-WEU-SWE,Zone_5A Cool Humid,rur,perm,sfh,2040,0.65
C-WEU-SWE,Zone_5A Cool Humid,urb,perm,mfh,2040,0.492
C-WEU-SWE,Zone_5A Cool Humid,urb,perm,sfh,2040,0.508
C-WEU-SWE,Zone_6A Cold Humid,rur,perm,mfh,2040,0.4
C-WEU-SWE,Zone_6A Cold Humid,rur,perm,sfh,2040,0.6
C-WEU-SWE,Zone_6A Cold Humid,urb,perm,mfh,2040,0.59
C-WEU-SWE,Zone_6A Cold Humid,urb,perm,sfh,2040,0.41
C-WEU-SWE,Zone_7A Very cold Humid,rur,perm,mfh,2040,0.397
C-WEU-SWE,Zone_7A Very cold Humid,rur,perm,sfh,2040,0.603
C-WEU-SWE,Zone_7A Very cold Humid,urb,perm,mfh,2040,0.461
C-WEU-SWE,Zone_7A Very cold Humid,urb,perm,sfh,2040,0.539
C-WEU-SWE,Zone_8A Subarctic/arctic Humid,urb,perm,mfh,2040,0.445
C-WEU-SWE,Zone_8A Subarctic/arctic Humid,urb,perm,sfh,2040,0.555
C-EEU-BGR,Zone_4A Mixed Humid,rur,perm,mfh,2045,0.426
C-EEU-BGR,Zone_4A Mixed Humid,rur,perm,sfh,2045,0.574
C-EEU-BGR,Zone_4A Mixed Humid,urb,perm,mfh,2045,0.609
C-EEU-BGR,Zone_4A Mixed Humid,urb,perm,sfh,2045,0.391
C-EEU-BGR,Zone_5A Cool Humid,rur,perm,mfh,2045,0.773
C-EEU-BGR,Zone_5A Cool Humid,rur,perm,sfh,2045,0.227
C-EEU-BGR,Zone_5A Cool Humid,urb,perm,mfh,2045,0.773
C-EEU-BGR,Zone_5A Cool Humid,urb,perm,sfh,2045,0.227
C-EEU-CZE,Zone_5A Cool Humid,rur,perm,mfh,2045,0.657
C-EEU-CZE,Zone_5A Cool Humid,rur,perm,sfh,2045,0.343
C-EEU-CZE,Zone_5A Cool Humid,urb,perm,mfh,2045,0.73
C-EEU-CZE,Zone_5A Cool Humid,urb,perm,sfh,2045,0.27
C-EEU-EST,Zone_6A Cold Humid,rur,perm,mfh,2045,0.548
C-EEU-EST,Zone_6A Cold Humid,rur,perm,sfh,2045,0.452
C-EEU-EST,Zone_6A Cold Humid,urb,perm,mfh,2045,0.768
C-EEU-EST,Zone_6A Cold Humid,urb,perm,sfh,2045,0.232
C-EEU-HRV,Zone_4A Mixed Humid,rur,perm,mfh,2045,0.331
C-EEU-HRV,Zone_4A Mixed Humid,rur,perm,sfh,2045,0.669
C-EEU-HRV,Zone_4A Mixed Humid,urb,perm,mfh,2045,0.667
C-EEU-HRV,Zone_4A Mixed Humid,urb,perm,sfh,2045,0.333
C-EEU-HRV,Zone_5A Cool Humid,rur,perm,mfh,2045,0.412
C-EEU-HRV,Zone_5A Cool Humid,rur,perm,sfh,2045,0.588
C-EEU-HRV,Zone_3A Warm Humid,rur,perm,mfh,2045,0.648
C-EEU-HRV,Zone_3A Warm Humid,rur,perm,sfh,2045,0.352
C-EEU-HRV,Zone_4C Mixed Marine,rur,perm,mfh,2045,0.608
C-EEU-HRV,Zone_4C Mixed Marine,rur,perm,sfh,2045,0.392
C-EEU-HUN,Zone_4A Mixed Humid,rur,perm,mfh,2045,0.274
C-EEU-HUN,Zone_4A Mixed Humid,rur,perm,sfh,2045,0.726
C-EEU-HUN,Zone_4A Mixed Humid,urb,perm,mfh,2045,0.447
C-EEU-HUN,Zone_4A Mixed Humid,urb,perm,sfh,2045,0.553
C-EEU-HUN,Zone_5A Cool Humid,rur,perm,mfh,2045,0.22
C-EEU-HUN,Zone_5A Cool Humid,rur,perm,sfh,2045,0.78
C-EEU-HUN,Zone_5A Cool Humid,urb,perm,mfh,2045,0.368
C-EEU-HUN,Zone_5A Cool Humid,urb,perm,sfh,2045,0.632
C-EEU-LTU,Zone_5A Cool Humid,rur,perm,mfh,2045,0.42
C-EEU-LTU,Zone_5A Cool Humid,rur,perm,sfh,2045,0.58
C-EEU-LTU,Zone_5A Cool Humid,urb,perm,mfh,2045,0.707
C-EEU-LTU,Zone_5A Cool Humid,urb,perm,sfh,2045,0.293
C-EEU-LTU,Zone_6A Cold Humid,rur,perm,mfh,2045,0.449
C-EEU-LTU,Zone_6A Cold Humid,rur,perm,sfh,2045,0.551
C-EEU-LTU,Zone_6A Cold Humid,urb,perm,mfh,2045,0.648
C-EEU-LTU,Zone_6A Cold Humid,urb,perm,sfh,2045,0.352
C-EEU-LVA,Zone_6A Cold Humid,rur,perm,mfh,2045,0.612
C-EEU-LVA,Zone_6A Cold Humid,rur,perm,sfh,2045,0.388
C-EEU-LVA,Zone_6A Cold Humid,urb,perm,mfh,2045,0.843
C-EEU-LVA,Zone_6A Cold Humid,urb,perm,sfh,2045,0.157
C-EEU-POL,Zone_5A Cool Humid,rur,perm,mfh,2045,0.414
C-EEU-POL,Zone_5A Cool Humid,rur,perm,sfh,2045,0.586
C-EEU-POL,Zone_5A Cool Humid,urb,perm,mfh,2045,0.698
C-EEU-POL,Zone_5A Cool Humid,urb,perm,sfh,2045,0.302
C-EEU-POL,Zone_6A Cold Humid,rur,perm,mfh,2045,0.192
C-EEU-POL,Zone_6A Cold Humid,rur,perm,sfh,2045,0.808
C-EEU-POL,Zone_6A Cold Humid,urb,perm,mfh,2045,0.431
C-EEU-POL,Zone_6A Cold Humid,urb,perm,sfh,2045,0.569
C-EEU-ROU,Zone_4A Mixed Humid,rur,perm,mfh,2045,0.312
C-EEU-ROU,Zone_4A Mixed Humid,rur,perm,sfh,2045,0.688
C-EEU-ROU,Zone_4A Mixed Humid,urb,perm,mfh,2045,0.664
C-EEU-ROU,Zone_4A Mixed Humid,urb,perm,sfh,2045,0.336
C-EEU-ROU,Zone_5A Cool Humid,rur,perm,mfh,2045,0.34
C-EEU-ROU,Zone_5A Cool Humid,rur,perm,sfh,2045,0.66
C-EEU-ROU,Zone_5A Cool Humid,urb,perm,mfh,2045,0.517
C-EEU-ROU,Zone_5A Cool Humid,urb,perm,sfh,2045,0.483
C-EEU-ROU,Zone_6A Cold Humid,rur,perm,mfh,2045,0.397
C-EEU-ROU,Zone_6A Cold Humid,rur,perm,sfh,2045,0.603
C-EEU-SVK,Zone_5A Cool Humid,rur,perm,mfh,2045,0.438
C-EEU-SVK,Zone_5A Cool Humid,rur,perm,sfh,2045,0.562
C-EEU-SVK,Zone_5A Cool Humid,urb,perm,mfh,2045,0.603
C-EEU-SVK,Zone_5A Cool Humid,urb,perm,sfh,2045,0.397
C-EEU-SVK,Zone_6A Cold Humid,rur,perm,mfh,2045,0.46
C-EEU-SVK,Zone_6A Cold Humid,rur,perm,sfh,2045,0.54
C-EEU-SVK,Zone_6A Cold Humid,urb,perm,mfh,2045,0.448
C-EEU-SVK,Zone_6A Cold Humid,urb,perm,sfh,2045,0.552
C-EEU-SVN,Zone_4A Mixed Humid,rur,perm,mfh,2045,0.371
C-EEU-SVN,Zone_4A Mixed Humid,rur,perm,sfh,2045,0.629
C-EEU-SVN,Zone_4A Mixed Humid,urb,perm,mfh,2045,0.582
C-EEU-SVN,Zone_4A Mixed Humid,urb,perm,sfh,2045,0.418
C-EEU-SVN,Zone_5A Cool Humid,rur,perm,mfh,2045,0.395
C-EEU-SVN,Zone_5A Cool Humid,rur,perm,sfh,2045,0.605
C-EEU-SVN,Zone_5A Cool Humid,urb,perm,mfh,2045,0.562
C-EEU-SVN,Zone_5A Cool Humid,urb,perm,sfh,2045,0.438
C-EEU-SVN,Zone_7A Very cold Humid,rur,perm,mfh,2045,0.414
C-EEU-SVN,Zone_7A Very cold Humid,rur,perm,sfh,2045,0.586
C-WEU-AUT,Zone_4A Mixed Humid,rur,perm,mfh,2045,0.415
C-WEU-AUT,Zone_4A Mixed Humid,rur,perm,sfh,2045,0.585
C-WEU-AUT,Zone_4A Mixed Humid,urb,perm,mfh,2045,0.874
C-WEU-AUT,Zone_4A Mixed Humid,urb,perm,sfh,2045,0.126
C-WEU-AUT,Zone_5A Cool Humid,rur,perm,mfh,2045,0.478
C-WEU-AUT,Zone_5A Cool Humid,rur,perm,sfh,2045,0.522
C-WEU-AUT,Zone_5A Cool Humid,urb,perm,mfh,2045,0.603
C-WEU-AUT,Zone_5A Cool Humid,urb,perm,sfh,2045,0.397
C-WEU-AUT,Zone_6A Cold Humid,rur,perm,mfh,2045,0.608
C-WEU-AUT,Zone_6A Cold Humid,rur,perm,sfh,2045,0.392
C-WEU-AUT,Zone_6A Cold Humid,urb,perm,mfh,2045,0.72
C-WEU-AUT,Zone_6A Cold Humid,urb,perm,sfh,2045,0.28
C-WEU-AUT,Zone_7A Very cold Humid,rur,perm,mfh,2045,0.66
C-WEU-AUT,Zone_7A Very cold Humid,rur,perm,sfh,2045,0.34
C-WEU-AUT,Zone_7A Very cold Humid,urb,perm,mfh,2045,0.841
C-WEU-AUT,Zone_7A Very cold Humid,urb,perm,sfh,2045,0.159
C-WEU-BEL,Zone_4A Mixed Humid,rur,perm,mfh,2045,0.174
C-WEU-BEL,Zone_4A Mixed Humid,rur,perm,sfh,2045,0.826
C-WEU-BEL,Zone_4A Mixed Humid,urb,perm,mfh,2045,0.356
C-WEU-BEL,Zone_4A Mixed Humid,urb,perm,sfh,2045,0.644
C-WEU-BEL,Zone_5A Cool Humid,rur,perm,mfh,2045,0.24
C-WEU-BEL,Zone_5A Cool Humid,rur,perm,sfh,2045,0.76
C-WEU-BEL,Zone_5A Cool Humid,urb,perm,mfh,2045,0.295
C-WEU-BEL,Zone_5A Cool Humid,urb,perm,sfh,2045,0.705
C-WEU-CYP,Zone_3A Warm Humid,urb,perm,mfh,2045,0.518
C-WEU-CYP,Zone_3A Warm Humid,urb,perm,sfh,2045,0.482
C-WEU-DEU,Zone_4A Mixed Humid,rur,perm,mfh,2045,0.446
C-WEU-DEU,Zone_4A Mixed Humid,rur,perm,sfh,2045,0.554
C-WEU-DEU,Zone_4A Mixed Humid,urb,perm,mfh,2045,0.732
C-WEU-DEU,Zone_4A Mixed Humid,urb,perm,sfh,2045,0.268
C-WEU-DEU,Zone_5A Cool Humid,rur,perm,mfh,2045,0.549
C-WEU-DEU,Zone_5A Cool Humid,rur,perm,sfh,2045,0.451
C-WEU-DEU,Zone_5A Cool Humid,urb,perm,mfh,2045,0.698
C-WEU-DEU,Zone_5A Cool Humid,urb,perm,sfh,2045,0.302
C-WEU-DEU,Zone_6A Cold Humid,rur,perm,mfh,2045,0.635
C-WEU-DEU,Zone_6A Cold Humid,rur,perm,sfh,2045,0.365
C-WEU-DEU,Zone_6A Cold Humid,urb,perm,mfh,2045,0.746
C-WEU-DEU,Zone_6A Cold Humid,urb,perm,sfh,2045,0.254
C-WEU-DNK,Zone_5A Cool Humid,rur,perm,mfh,2045,0.323
C-WEU-DNK,Zone_5A Cool Humid,rur,perm,sfh,2045,0.677
C-WEU-DNK,Zone_5A Cool Humid,urb,perm,mfh,2045,0.516
C-WEU-DNK,Zone_5A Cool Humid,urb,perm,sfh,2045,0.484
C-WEU-ESP,Zone_4A Mixed Humid,rur,perm,mfh,2045,0.521
C-WEU-ESP,Zone_4A Mixed Humid,rur,perm,sfh,2045,0.479
C-WEU-ESP,Zone_4A Mixed Humid,urb,perm,mfh,2045,0.785
C-WEU-ESP,Zone_4A Mixed Humid,urb,perm,sfh,2045,0.215
C-WEU-ESP,Zone_3A Warm Humid,rur,perm,mfh,2045,0.257
C-WEU-ESP,Zone_3A Warm Humid,rur,perm,sfh,2045,0.743
C-WEU-ESP,Zone_3A Warm Humid,urb,perm,mfh,2045,0.76
C-WEU-ESP,Zone_3A Warm Humid,urb,perm,sfh,2045,0.24
C-WEU-ESP,Zone_4C Mixed Marine,rur,perm,mfh,2045,0.549
C-WEU-ESP,Zone_4C Mixed Marine,rur,perm,sfh,2045,0.451
C-WEU-ESP,Zone_4C Mixed Marine,urb,perm,mfh,2045,0.705
C-WEU-ESP,Zone_4C Mixed Marine,urb,perm,sfh,2045,0.295
C-WEU-ESP,Zone_2B Hot Dry,urb,perm,mfh,2045,0.647
C-WEU-ESP,Zone_2B Hot Dry,urb,perm,sfh,2045,0.353
C-WEU-ESP,Zone_3B Warm Dry,rur,perm,mfh,2045,0.494
C-WEU-ESP,Zone_3B Warm Dry,rur,perm,sfh,2045,0.506
C-WEU-ESP,Zone_3B Warm Dry,urb,perm,mfh,2045,0.726
C-WEU-ESP,Zone_3B Warm Dry,urb,perm,sfh,2045,0.274
C-WEU-ESP,Zone_3C Warm Marine,urb,perm,mfh,2045,0.672
C-WEU-ESP,Zone_3C Warm Marine,urb,perm,sfh,2045,0.328
C-WEU-FIN,Zone_6A Cold Humid,rur,perm,mfh,2045,0.512
C-WEU-FIN,Zone_6A Cold Humid,rur,perm,sfh,2045,0.488
C-WEU-FIN,Zone_6A Cold Humid,urb,perm,mfh,2045,0.756
C-WEU-FIN,Zone_6A Cold Humid,urb,perm,sfh,2045,0.244
C-WEU-FIN,Zone_7A Very cold Humid,rur,perm,mfh,2045,0.522
C-WEU-FIN,Zone_7A Very cold Humid,rur,perm,sfh,2045,0.478
C-WEU-FIN,Zone_7A Very cold Humid,urb,perm,mfh,2045,0.635
C-WEU-FIN,Zone_7A Very cold Humid,urb,perm,sfh,2045,0.365
C-WEU-FRA,Zone_4A Mixed Humid,rur,perm,mfh,2045,0.245
C-WEU-FRA,Zone_4A Mixed Humid,rur,perm,sfh,2045,0.755
C-WEU-FRA,Zone_4A Mixed Humid,urb,perm,mfh,2045,0.544
C-WEU-FRA,Zone_4A Mixed Humid,urb,perm,sfh,2045,0.456
C-WEU-FRA,Zone_5A Cool Humid,rur,perm,mfh,2045,0.283
C-WEU-FRA,Zone_5A Cool Humid,rur,perm,sfh,2045,0.717
C-WEU-FRA,Zone_5A Cool Humid,urb,perm,mfh,2045,0.513
C-WEU-FRA,Zone_5A Cool Humid,urb,perm,sfh,2045,0.487
C-WEU-FRA,Zone_3A Warm Humid,rur,perm,mfh,2045,0.221
C-WEU-FRA,Zone_3A Warm Humid,rur,perm,sfh,2045,0.779
C-WEU-FRA,Zone_3A Warm Humid,urb,perm,mfh,2045,0.538
C-WEU-FRA,Zone_3A Warm Humid,urb,perm,sfh,2045,0.462
C-WEU-FRA,Zone_4C Mixed Marine,rur,perm,mfh,2045,0.514
C-WEU-FRA,Zone_4C Mixed Marine,rur,perm,sfh,2045,0.486
C-WEU-FRA,Zone_7A Very cold Humid,urb,perm,mfh,2045,0.558
C-WEU-FRA,Zone_7A Very cold Humid,urb,perm,sfh,2045,0.442
C-WEU-FRA,Zone_3C Warm Marine,urb,perm,mfh,2045,0.851
C-WEU-FRA,Zone_3C Warm Marine,urb,perm,sfh,2045,0.149
C-WEU-FRA,Zone_1A Very hot Humid,urb,perm,mfh,2045,0.429
C-WEU-FRA,Zone_1A Very hot Humid,urb,perm,sfh,2045,0.571
C-WEU-FRA,Zone_2A Hot Humid,urb,perm,mfh,2045,0.34
C-WEU-FRA,Zone_2A Hot Humid,urb,perm,sfh,2045,0.66
C-WEU-GRC,Zone_4A Mixed Humid,rur,perm,mfh,2045,0.489
C-WEU-GRC,Zone_4A Mixed Humid,rur,perm,sfh,2045,0.511
C-WEU-GRC,Zone_4A Mixed Humid,urb,perm,mfh,2045,0.732
C-WEU-GRC,Zone_4A Mixed Humid,urb,perm,sfh,2045,0.268
C-WEU-GRC,Zone_5A Cool Humid,rur,perm,mfh,2045,0.472
C-WEU-GRC,Zone_5A Cool Humid,rur,perm,sfh,2045,0.528
C-WEU-GRC,Zone_5A Cool Humid,urb,perm,mfh,2045,0.607
C-WEU-GRC,Zone_5A Cool Humid,urb,perm,sfh,2045,0.393
C-WEU-GRC,Zone_3A Warm Humid,rur,perm,mfh,2045,0.52
C-WEU-GRC,Zone_3A Warm Humid,rur,perm,sfh,2045,0.48
C-WEU-GRC,Zone_3A Warm Humid,urb,perm,mfh,2045,0.824
C-WEU-GRC,Zone_3A Warm Humid,urb,perm,sfh,2045,0.176
C-WEU-GRC,Zone_4C Mixed Marine,urb,perm,mfh,2045,0.623
C-WEU-GRC,Zone_4C Mixed Marine,urb,perm,sfh,2045,0.377
C-WEU-GRC,Zone_5C Cool Marine,urb,perm,mfh,2045,0.591
C-WEU-GRC,Zone_5C Cool Marine,urb,perm,sfh,2045,0.409
C-WEU-IRL,Zone_4A Mixed Humid,rur,perm,mfh,2045,0.102
C-WEU-IRL,Zone_4A Mixed Humid,rur,perm,sfh,2045,0.898
C-WEU-IRL,Zone_5A Cool Humid,rur,perm,mfh,2045,0.082
C-WEU-IRL,Zone_5A Cool Humid,rur,perm,sfh,2045,0.918
C-WEU-IRL,Zone_5A Cool Humid,urb,perm,mfh,2045,0.221
C-WEU-IRL,Zone_5A Cool Humid,urb,perm,sfh,2045,0.779
C-WEU-ITA,Zone_4A Mixed Humid,rur,perm,mfh,2045,0.691
C-WEU-ITA,Zone_4A Mixed Humid,rur,perm,sfh,2045,0.309
C-WEU-ITA,Zone_4A Mixed Humid,urb,perm,mfh,2045,0.842
C-WEU-ITA,Zone_4A Mixed Humid,urb,perm,sfh,2045,0.158
C-WEU-ITA,Zone_5A Cool Humid,urb,perm,mfh,2045,0.807
C-WEU-ITA,Zone_5A Cool Humid,urb,perm,sfh,2045,0.193
C-WEU-ITA,Zone_6A Cold Humid,urb,perm,mfh,2045,0.835
C-WEU-ITA,Zone_6A Cold Humid,urb,perm,sfh,2045,0.165
C-WEU-ITA,Zone_3A Warm Humid,rur,perm,mfh,2045,0.703
C-WEU-ITA,Zone_3A Warm Humid,rur,perm,sfh,2045,0.297
C-WEU-ITA,Zone_3A Warm Humid,urb,perm,mfh,2045,0.841
C-WEU-ITA,Zone_3A Warm Humid,urb,perm,sfh,2045,0.159
C-WEU-ITA,Zone_4C Mixed Marine,rur,perm,mfh,2045,0.7
C-WEU-ITA,Zone_4C Mixed Marine,rur,perm,sfh,2045,0.3
C-WEU-ITA,Zone_4C Mixed Marine,urb,perm,mfh,2045,0.887
C-WEU-ITA,Zone_4C Mixed Marine,urb,perm,sfh,2045,0.113
C-WEU-ITA,Zone_7A Very cold Humid,rur,perm,mfh,2045,0.738
C-WEU-ITA,Zone_7A Very cold Humid,rur,perm,sfh,2045,0.262
C-WEU-ITA,Zone_7A Very cold Humid,urb,perm,mfh,2045,0.839
C-WEU-ITA,Zone_7A Very cold Humid,urb,perm,sfh,2045,0.161
C-WEU-ITA,Zone_5C Cool Marine,urb,perm,mfh,2045,0.724
C-WEU-ITA,Zone_5C Cool Marine,urb,perm,sfh,2045,0.276
C-WEU-LUX,Zone_5A Cool Humid,urb,perm,mfh,2045,0.522
C-WEU-LUX,Zone_5A Cool Humid,urb,perm,sfh,2045,0.478
C-WEU-MLT,Zone_3A Warm Humid,urb,perm,mfh,2045,0.652
C-WEU-MLT,Zone_3A Warm Humid,urb,perm,sfh,2045,0.348
C-WEU-NLD,Zone_4A Mixed Humid,rur,perm,mfh,2045,0.14
C-WEU-NLD,Zone_4A Mixed Humid,rur,perm,sfh,2045,0.86
C-WEU-NLD,Zone_4A Mixed Humid,urb,perm,mfh,2045,0.383
C-WEU-NLD,Zone_4A Mixed Humid,urb,perm,sfh,2045,0.617
C-WEU-NLD,Zone_5A Cool Humid,urb,perm,mfh,2045,0.22
C-WEU-NLD,Zone_5A Cool Humid,urb,perm,sfh,2045,0.78
C-WEU-PRT,Zone_4A Mixed Humid,rur,perm,mfh,2045,0.289
C-WEU-PRT,Zone_4A Mixed Humid,rur,perm,sfh,2045,0.711
C-WEU-PRT,Zone_3A Warm Humid,rur,perm,mfh,2045,0.335
C-WEU-PRT,Zone_3A Warm Humid,rur,perm,sfh,2045,0.665
C-WEU-PRT,Zone_3A Warm Humid,urb,perm,mfh,2045,0.778
C-WEU-PRT,Zone_3A Warm Humid,urb,perm,sfh,2045,0.222
C-WEU-PRT,Zone_4C Mixed Marine,rur,perm,mfh,2045,0.239
C-WEU-PRT,Zone_4C Mixed Marine,rur,perm,sfh,2045,0.761
C-WEU-PRT,Zone_4C Mixed Marine,urb,perm,mfh,2045,0.425
C-WEU-PRT,Zone_4C Mixed Marine,urb,perm,sfh,2045,0.575
C-WEU-PRT,Zone_3C Warm Marine,rur,perm,mfh,2045,0.265
C-WEU-PRT,Zone_3C Warm Marine,rur,perm,sfh,2045,0.735
C-WEU-PRT,Zone_3C Warm Marine,urb,perm,mfh,2045,0.493
C-WEU-PRT,Zone_3C Warm Marine,urb,perm,sfh,2045,0.507
C-WEU-SWE,Zone_5A Cool Humid,rur,perm,mfh,2045,0.35
C-WEU-SWE,Zone_5A Cool Humid,rur,perm,sfh,2045,0.65
C-WEU-SWE,Zone_5A Cool Humid,urb,perm,mfh,2045,0.492
C-WEU-SWE,Zone_5A Cool Humid,urb,perm,sfh,2045,0.508
C-WEU-SWE,Zone_6A Cold Humid,rur,perm,mfh,2045,0.4
C-WEU-SWE,Zone_6A Cold Humid,rur,perm,sfh,2045,0.6
C-WEU-SWE,Zone_6A Cold Humid,urb,perm,mfh,2045,0.59
C-WEU-SWE,Zone_6A Cold Humid,urb,perm,sfh,2045,0.41
C-WEU-SWE,Zone_7A Very cold Humid,rur,perm,mfh,2045,0.397
C-WEU-SWE,Zone_7A Very cold Humid,rur,perm,sfh,2045,0.603
C-WEU-SWE,Zone_7A Very cold Humid,urb,perm,mfh,2045,0.461
C-WEU-SWE,Zone_7A Very cold Humid,urb,perm,sfh,2045,0.539
C-WEU-SWE,Zone_8A Subarctic/arctic Humid,urb,perm,mfh,2045,0.445
C-WEU-SWE,Zone_8A Subarctic/arctic Humid,urb,perm,sfh,2045,0.555
C-EEU-BGR,Zone_4A Mixed Humid,rur,perm,mfh,2050,0.426
C-EEU-BGR,Zone_4A Mixed Humid,rur,perm,sfh,2050,0.574
C-EEU-BGR,Zone_4A Mixed Humid,urb,perm,mfh,2050,0.609
C-EEU-BGR,Zone_4A Mixed Humid,urb,perm,sfh,2050,0.391
C-EEU-BGR,Zone_5A Cool Humid,rur,perm,mfh,2050,0.773
C-EEU-BGR,Zone_5A Cool Humid,rur,perm,sfh,2050,0.227
C-EEU-BGR,Zone_5A Cool Humid,urb,perm,mfh,2050,0.773
C-EEU-BGR,Zone_5A Cool Humid,urb,perm,sfh,2050,0.227
C-EEU-CZE,Zone_5A Cool Humid,rur,perm,mfh,2050,0.657
C-EEU-CZE,Zone_5A Cool Humid,rur,perm,sfh,2050,0.343
C-EEU-CZE,Zone_5A Cool Humid,urb,perm,mfh,2050,0.73
C-EEU-CZE,Zone_5A Cool Humid,urb,perm,sfh,2050,0.27
C-EEU-EST,Zone_6A Cold Humid,rur,perm,mfh,2050,0.548
C-EEU-EST,Zone_6A Cold Humid,rur,perm,sfh,2050,0.452
C-EEU-EST,Zone_6A Cold Humid,urb,perm,mfh,2050,0.768
C-EEU-EST,Zone_6A Cold Humid,urb,perm,sfh,2050,0.232
C-EEU-HRV,Zone_4A Mixed Humid,rur,perm,mfh,2050,0.331
C-EEU-HRV,Zone_4A Mixed Humid,rur,perm,sfh,2050,0.669
C-EEU-HRV,Zone_4A Mixed Humid,urb,perm,mfh,2050,0.667
C-EEU-HRV,Zone_4A Mixed Humid,urb,perm,sfh,2050,0.333
C-EEU-HRV,Zone_5A Cool Humid,rur,perm,mfh,2050,0.412
C-EEU-HRV,Zone_5A Cool Humid,rur,perm,sfh,2050,0.588
C-EEU-HRV,Zone_3A Warm Humid,rur,perm,mfh,2050,0.648
C-EEU-HRV,Zone_3A Warm Humid,rur,perm,sfh,2050,0.352
C-EEU-HRV,Zone_4C Mixed Marine,rur,perm,mfh,2050,0.608
C-EEU-HRV,Zone_4C Mixed Marine,rur,perm,sfh,2050,0.392
C-EEU-HUN,Zone_4A Mixed Humid,rur,perm,mfh,2050,0.274
C-EEU-HUN,Zone_4A Mixed Humid,rur,perm,sfh,2050,0.726
C-EEU-HUN,Zone_4A Mixed Humid,urb,perm,mfh,2050,0.447
C-EEU-HUN,Zone_4A Mixed Humid,urb,perm,sfh,2050,0.553
C-EEU-HUN,Zone_5A Cool Humid,rur,perm,mfh,2050,0.22
C-EEU-HUN,Zone_5A Cool Humid,rur,perm,sfh,2050,0.78
C-EEU-HUN,Zone_5A Cool Humid,urb,perm,mfh,2050,0.368
C-EEU-HUN,Zone_5A Cool Humid,urb,perm,sfh,2050,0.632
C-EEU-LTU,Zone_5A Cool Humid,rur,perm,mfh,2050,0.42
C-EEU-LTU,Zone_5A Cool Humid,rur,perm,sfh,2050,0.58
C-EEU-LTU,Zone_5A Cool Humid,urb,perm,mfh,2050,0.707
C-EEU-LTU,Zone_5A Cool Humid,urb,perm,sfh,2050,0.293
C-EEU-LTU,Zone_6A Cold Humid,rur,perm,mfh,2050,0.449
C-EEU-LTU,Zone_6A Cold Humid,rur,perm,sfh,2050,0.551
C-EEU-LTU,Zone_6A Cold Humid,urb,perm,mfh,2050,0.648
C-EEU-LTU,Zone_6A Cold Humid,urb,perm,sfh,2050,0.352
C-EEU-LVA,Zone_6A Cold Humid,rur,perm,mfh,2050,0.612
C-EEU-LVA,Zone_6A Cold Humid,rur,perm,sfh,2050,0.388
C-EEU-LVA,Zone_6A Cold Humid,urb,perm,mfh,2050,0.843
C-EEU-LVA,Zone_6A Cold Humid,urb,perm,sfh,2050,0.157
C-EEU-POL,Zone_5A Cool Humid,rur,perm,mfh,2050,0.414
C-EEU-POL,Zone_5A Cool Humid,rur,perm,sfh,2050,0.586
C-EEU-POL,Zone_5A Cool Humid,urb,perm,mfh,2050,0.698
C-EEU-POL,Zone_5A Cool Humid,urb,perm,sfh,2050,0.302
C-EEU-POL,Zone_6A Cold Humid,rur,perm,mfh,2050,0.192
C-EEU-POL,Zone_6A Cold Humid,rur,perm,sfh,2050,0.808
C-EEU-POL,Zone_6A Cold Humid,urb,perm,mfh,2050,0.431
C-EEU-POL,Zone_6A Cold Humid,urb,perm,sfh,2050,0.569
C-EEU-ROU,Zone_4A Mixed Humid,rur,perm,mfh,2050,0.312
C-EEU-ROU,Zone_4A Mixed Humid,rur,perm,sfh,2050,0.688
C-EEU-ROU,Zone_4A Mixed Humid,urb,perm,mfh,2050,0.664
C-EEU-ROU,Zone_4A Mixed Humid,urb,perm,sfh,2050,0.336
C-EEU-ROU,Zone_5A Cool Humid,rur,perm,mfh,2050,0.34
C-EEU-ROU,Zone_5A Cool Humid,rur,perm,sfh,2050,0.66
C-EEU-ROU,Zone_5A Cool Humid,urb,perm,mfh,2050,0.517
C-EEU-ROU,Zone_5A Cool Humid,urb,perm,sfh,2050,0.483
C-EEU-ROU,Zone_6A Cold Humid,rur,perm,mfh,2050,0.397
C-EEU-ROU,Zone_6A Cold Humid,rur,perm,sfh,2050,0.603
C-EEU-SVK,Zone_5A Cool Humid,rur,perm,mfh,2050,0.438
C-EEU-SVK,Zone_5A Cool Humid,rur,perm,sfh,2050,0.562
C-EEU-SVK,Zone_5A Cool Humid,urb,perm,mfh,2050,0.603
C-EEU-SVK,Zone_5A Cool Humid,urb,perm,sfh,2050,0.397
C-EEU-SVK,Zone_6A Cold Humid,rur,perm,mfh,2050,0.46
C-EEU-SVK,Zone_6A Cold Humid,rur,perm,sfh,2050,0.54
C-EEU-SVK,Zone_6A Cold Humid,urb,perm,mfh,2050,0.448
C-EEU-SVK,Zone_6A Cold Humid,urb,perm,sfh,2050,0.552
C-EEU-SVN,Zone_4A Mixed Humid,rur,perm,mfh,2050,0.371
C-EEU-SVN,Zone_4A Mixed Humid,rur,perm,sfh,2050,0.629
C-EEU-SVN,Zone_4A Mixed Humid,urb,perm,mfh,2050,0.582
C-EEU-SVN,Zone_4A Mixed Humid,urb,perm,sfh,2050,0.418
C-EEU-SVN,Zone_5A Cool Humid,rur,perm,mfh,2050,0.395
C-EEU-SVN,Zone_5A Cool Humid,rur,perm,sfh,2050,0.605
C-EEU-SVN,Zone_5A Cool Humid,urb,perm,mfh,2050,0.562
C-EEU-SVN,Zone_5A Cool Humid,urb,perm,sfh,2050,0.438
C-EEU-SVN,Zone_7A Very cold Humid,rur,perm,mfh,2050,0.414
C-EEU-SVN,Zone_7A Very cold Humid,rur,perm,sfh,2050,0.586
C-WEU-AUT,Zone_4A Mixed Humid,rur,perm,mfh,2050,0.415
C-WEU-AUT,Zone_4A Mixed Humid,rur,perm,sfh,2050,0.585
C-WEU-AUT,Zone_4A Mixed Humid,urb,perm,mfh,2050,0.874
C-WEU-AUT,Zone_4A Mixed Humid,urb,perm,sfh,2050,0.126
C-WEU-AUT,Zone_5A Cool Humid,rur,perm,mfh,2050,0.478
C-WEU-AUT,Zone_5A Cool Humid,rur,perm,sfh,2050,0.522
C-WEU-AUT,Zone_5A Cool Humid,urb,perm,mfh,2050,0.603
C-WEU-AUT,Zone_5A Cool Humid,urb,perm,sfh,2050,0.397
C-WEU-AUT,Zone_6A Cold Humid,rur,perm,mfh,2050,0.608
C-WEU-AUT,Zone_6A Cold Humid,rur,perm,sfh,2050,0.392
C-WEU-AUT,Zone_6A Cold Humid,urb,perm,mfh,2050,0.72
C-WEU-AUT,Zone_6A Cold Humid,urb,perm,sfh,2050,0.28
C-WEU-AUT,Zone_7A Very cold Humid,rur,perm,mfh,2050,0.66
C-WEU-AUT,Zone_7A Very cold Humid,rur,perm,sfh,2050,0.34
C-WEU-AUT,Zone_7A Very cold Humid,urb,perm,mfh,2050,0.841
C-WEU-AUT,Zone_7A Very cold Humid,urb,perm,sfh,2050,0.159
C-WEU-BEL,Zone_4A Mixed Humid,rur,perm,mfh,2050,0.174
C-WEU-BEL,Zone_4A Mixed Humid,rur,perm,sfh,2050,0.826
C-WEU-BEL,Zone_4A Mixed Humid,urb,perm,mfh,2050,0.356
C-WEU-BEL,Zone_4A Mixed Humid,urb,perm,sfh,2050,0.644
C-WEU-BEL,Zone_5A Cool Humid,rur,perm,mfh,2050,0.24
C-WEU-BEL,Zone_5A Cool Humid,rur,perm,sfh,2050,0.76
C-WEU-BEL,Zone_5A Cool Humid,urb,perm,mfh,2050,0.295
C-WEU-BEL,Zone_5A Cool Humid,urb,perm,sfh,2050,0.705
C-WEU-CYP,Zone_3A Warm Humid,urb,perm,mfh,2050,0.518
C-WEU-CYP,Zone_3A Warm Humid,urb,perm,sfh,2050,0.482
C-WEU-DEU,Zone_4A Mixed Humid,rur,perm,mfh,2050,0.446
C-WEU-DEU,Zone_4A Mixed Humid,rur,perm,sfh,2050,0.554
C-WEU-DEU,Zone_4A Mixed Humid,urb,perm,mfh,2050,0.732
C-WEU-DEU,Zone_4A Mixed Humid,urb,perm,sfh,2050,0.268
C-WEU-DEU,Zone_5A Cool Humid,rur,perm,mfh,2050,0.549
C-WEU-DEU,Zone_5A Cool Humid,rur,perm,sfh,2050,0.451
C-WEU-DEU,Zone_5A Cool Humid,urb,perm,mfh,2050,0.698
C-WEU-DEU,Zone_5A Cool Humid,urb,perm,sfh,2050,0.302
C-WEU-DEU,Zone_6A Cold Humid,rur,perm,mfh,2050,0.635
C-WEU-DEU,Zone_6A Cold Humid,rur,perm,sfh,2050,0.365
C-WEU-DEU,Zone_6A Cold Humid,urb,perm,mfh,2050,0.746
C-WEU-DEU,Zone_6A Cold Humid,urb,perm,sfh,2050,0.254
C-WEU-DNK,Zone_5A Cool Humid,rur,perm,mfh,2050,0.323
C-WEU-DNK,Zone_5A Cool Humid,rur,perm,sfh,2050,0.677
C-WEU-DNK,Zone_5A Cool Humid,urb,perm,mfh,2050,0.516
C-WEU-DNK,Zone_5A Cool Humid,urb,perm,sfh,2050,0.484
C-WEU-ESP,Zone_4A Mixed Humid,rur,perm,mfh,2050,0.521
C-WEU-ESP,Zone_4A Mixed Humid,rur,perm,sfh,2050,0.479
C-WEU-ESP,Zone_4A Mixed Humid,urb,perm,mfh,2050,0.785
C-WEU-ESP,Zone_4A Mixed Humid,urb,perm,sfh,2050,0.215
C-WEU-ESP,Zone_3A Warm Humid,rur,perm,mfh,2050,0.257
C-WEU-ESP,Zone_3A Warm Humid,rur,perm,sfh,2050,0.743
C-WEU-ESP,Zone_3A Warm Humid,urb,perm,mfh,2050,0.76
C-WEU-ESP,Zone_3A Warm Humid,urb,perm,sfh,2050,0.24
C-WEU-ESP,Zone_4C Mixed Marine,rur,perm,mfh,2050,0.549
C-WEU-ESP,Zone_4C Mixed Marine,rur,perm,sfh,2050,0.451
C-WEU-ESP,Zone_4C Mixed Marine,urb,perm,mfh,2050,0.705
C-WEU-ESP,Zone_4C Mixed Marine,urb,perm,sfh,2050,0.295
C-WEU-ESP,Zone_2B Hot Dry,urb,perm,mfh,2050,0.647
C-WEU-ESP,Zone_2B Hot Dry,urb,perm,sfh,2050,0.353
C-WEU-ESP,Zone_3B Warm Dry,rur,perm,mfh,2050,0.494
C-WEU-ESP,Zone_3B Warm Dry,rur,perm,sfh,2050,0.506
C-WEU-ESP,Zone_3B Warm Dry,urb,perm,mfh,2050,0.726
C-WEU-ESP,Zone_3B Warm Dry,urb,perm,sfh,2050,0.274
C-WEU-ESP,Zone_3C Warm Marine,urb,perm,mfh,2050,0.672
C-WEU-ESP,Zone_3C Warm Marine,urb,perm,sfh,2050,0.328
C-WEU-FIN,Zone_6A Cold Humid,rur,perm,mfh,2050,0.512
C-WEU-FIN,Zone_6A Cold Humid,rur,perm,sfh,2050,0.488
C-WEU-FIN,Zone_6A Cold Humid,urb,perm,mfh,2050,0.756
C-WEU-FIN,Zone_6A Cold Humid,urb,perm,sfh,2050,0.244
C-WEU-FIN,Zone_7A Very cold Humid,rur,perm,mfh,2050,0.522
C-WEU-FIN,Zone_7A Very cold Humid,rur,perm,sfh,2050,0.478
C-WEU-FIN,Zone_7A Very cold Humid,urb,perm,mfh,2050,0.635
C-WEU-FIN,Zone_7A Very cold Humid,urb,perm,sfh,2050,0.365
C-WEU-FRA,Zone_4A Mixed Humid,rur,perm,mfh,2050,0.245
C-WEU-FRA,Zone_4A Mixed Humid,rur,perm,sfh,2050,0.755
C-WEU-FRA,Zone_4A Mixed Humid,urb,perm,mfh,2050,0.544
C-WEU-FRA,Zone_4A Mixed Humid,urb,perm,sfh,2050,0.456
C-WEU-FRA,Zone_5A Cool Humid,rur,perm,mfh,2050,0.283
C-WEU-FRA,Zone_5A Cool Humid,rur,perm,sfh,2050,0.717
C-WEU-FRA,Zone_5A Cool Humid,urb,perm,mfh,2050,0.513
C-WEU-FRA,Zone_5A Cool Humid,urb,perm,sfh,2050,0.487
C-WEU-FRA,Zone_3A Warm Humid,rur,perm,mfh,2050,0.221
C-WEU-FRA,Zone_3A Warm Humid,rur,perm,sfh,2050,0.779
C-WEU-FRA,Zone_3A Warm Humid,urb,perm,mfh,2050,0.538
C-WEU-FRA,Zone_3A Warm Humid,urb,perm,sfh,2050,0.462
C-WEU-FRA,Zone_4C Mixed Marine,rur,perm,mfh,2050,0.514
C-WEU-FRA,Zone_4C Mixed Marine,rur,perm,sfh,2050,0.486
C-WEU-FRA,Zone_7A Very cold Humid,urb,perm,mfh,2050,0.558
C-WEU-FRA,Zone_7A Very cold Humid,urb,perm,sfh,2050,0.442
C-WEU-FRA,Zone_3C Warm Marine,urb,perm,mfh,2050,0.851
C-WEU-FRA,Zone_3C Warm Marine,urb,perm,sfh,2050,0.149
C-WEU-FRA,Zone_1A Very hot Humid,urb,perm,mfh,2050,0.429
C-WEU-FRA,Zone_1A Very hot Humid,urb,perm,sfh,2050,0.571
C-WEU-FRA,Zone_2A Hot Humid,urb,perm,mfh,2050,0.34
C-WEU-FRA,Zone_2A Hot Humid,urb,perm,sfh,2050,0.66
C-WEU-GRC,Zone_4A Mixed Humid,rur,perm,mfh,2050,0.489
C-WEU-GRC,Zone_4A Mixed Humid,rur,perm,sfh,2050,0.511
C-WEU-GRC,Zone_4A Mixed Humid,urb,perm,mfh,2050,0.732
C-WEU-GRC,Zone_4A Mixed Humid,urb,perm,sfh,2050,0.268
C-WEU-GRC,Zone_5A Cool Humid,rur,perm,mfh,2050,0.472
C-WEU-GRC,Zone_5A Cool Humid,rur,perm,sfh,2050,0.528
C-WEU-GRC,Zone_5A Cool Humid,urb,perm,mfh,2050,0.607
C-WEU-GRC,Zone_5A Cool Humid,urb,perm,sfh,2050,0.393
C-WEU-GRC,Zone_3A Warm Humid,rur,perm,mfh,2050,0.52
C-WEU-GRC,Zone_3A Warm Humid,rur,perm,sfh,2050,0.48
C-WEU-GRC,Zone_3A Warm Humid,urb,perm,mfh,2050,0.824
C-WEU-GRC,Zone_3A Warm Humid,urb,perm,sfh,2050,0.176
C-WEU-GRC,Zone_4C Mixed Marine,urb,perm,mfh,2050,0.623
C-WEU-GRC,Zone_4C Mixed Marine,urb,perm,sfh,2050,0.377
C-WEU-GRC,Zone_5C Cool Marine,urb,perm,mfh,2050,0.591
C-WEU-GRC,Zone_5C Cool Marine,urb,perm,sfh,2050,0.409
C-WEU-IRL,Zone_4A Mixed Humid,rur,perm,mfh,2050,0.102
C-WEU-IRL,Zone_4A Mixed Humid,rur,perm,sfh,2050,0.898
C-WEU-IRL,Zone_5A Cool Humid,rur,perm,mfh,2050,0.082
C-WEU-IRL,Zone_5A Cool Humid,rur,perm,sfh,2050,0.918
C-WEU-IRL,Zone_5A Cool Humid,urb,perm,mfh,2050,0.221
C-WEU-IRL,Zone_5A Cool Humid,urb,perm,sfh,2050,0.779
C-WEU-ITA,Zone_4A Mixed Humid,rur,perm,mfh,2050,0.691
C-WEU-ITA,Zone_4A Mixed Humid,rur,perm,sfh,2050,0.309
C-WEU-ITA,Zone_4A Mixed Humid,urb,perm,mfh,2050,0.842
C-WEU-ITA,Zone_4A Mixed Humid,urb,perm,sfh,2050,0.158
C-WEU-ITA,Zone_5A Cool Humid,urb,perm,mfh,2050,0.807
C-WEU-ITA,Zone_5A Cool Humid,urb,perm,sfh,2050,0.193
C-WEU-ITA,Zone_6A Cold Humid,urb,perm,mfh,2050,0.835
C-WEU-ITA,Zone_6A Cold Humid,urb,perm,sfh,2050,0.165
C-WEU-ITA,Zone_3A Warm Humid,rur,perm,mfh,2050,0.703
C-WEU-ITA,Zone_3A Warm Humid,rur,perm,sfh,2050,0.297
C-WEU-ITA,Zone_3A Warm Humid,urb,perm,mfh,2050,0.841
C-WEU-ITA,Zone_3A Warm Humid,urb,perm,sfh,2050,0.159
C-WEU-ITA,Zone_4C Mixed Marine,rur,perm,mfh,2050,0.7
C-WEU-ITA,Zone_4C Mixed Marine,rur,perm,sfh,2050,0.3
C-WEU-ITA,Zone_4C Mixed Marine,urb,perm,mfh,2050,0.887
C-WEU-ITA,Zone_4C Mixed Marine,urb,perm,sfh,2050,0.113
C-WEU-ITA,Zone_7A Very cold Humid,rur,perm,mfh,2050,0.738
C-WEU-ITA,Zone_7A Very cold Humid,rur,perm,sfh,2050,0.262
C-WEU-ITA,Zone_7A Very cold Humid,urb,perm,mfh,2050,0.839
C-WEU-ITA,Zone_7A Very cold Humid,urb,perm,sfh,2050,0.161
C-WEU-ITA,Zone_5C Cool Marine,urb,perm,mfh,2050,0.724
C-WEU-ITA,Zone_5C Cool Marine,urb,perm,sfh,2050,0.276
C-WEU-LUX,Zone_5A Cool Humid,urb,perm,mfh,2050,0.522
C-WEU-LUX,Zone_5A Cool Humid,urb,perm,sfh,2050,0.478
C-WEU-MLT,Zone_3A Warm Humid,urb,perm,mfh,2050,0.652
C-WEU-MLT,Zone_3A Warm Humid,urb,perm,sfh,2050,0.348
C-WEU-NLD,Zone_4A Mixed Humid,rur,perm,mfh,2050,0.14
C-WEU-NLD,Zone_4A Mixed Humid,rur,perm,sfh,2050,0.86
C-WEU-NLD,Zone_4A Mixed Humid,urb,perm,mfh,2050,0.383
C-WEU-NLD,Zone_4A Mixed Humid,urb,perm,sfh,2050,0.617
C-WEU-NLD,Zone_5A Cool Humid,urb,perm,mfh,2050,0.22
C-WEU-NLD,Zone_5A Cool Humid,urb,perm,sfh,2050,0.78
C-WEU-PRT,Zone_4A Mixed Humid,rur,perm,mfh,2050,0.289
C-WEU-PRT,Zone_4A Mixed Humid,rur,perm,sfh,2050,0.711
C-WEU-PRT,Zone_3A Warm Humid,rur,perm,mfh,2050,0.335
C-WEU-PRT,Zone_3A Warm Humid,rur,perm,sfh,2050,0.665
C-WEU-PRT,Zone_3A Warm Humid,urb,perm,mfh,2050,0.778
C-WEU-PRT,Zone_3A Warm Humid,urb,perm,sfh,2050,0.222
C-WEU-PRT,Zone_4C Mixed Marine,rur,perm,mfh,2050,0.239
C-WEU-PRT,Zone_4C Mixed Marine,rur,perm,sfh,2050,0.761
C-WEU-PRT,Zone_4C Mixed Marine,urb,perm,mfh,2050,0.425
C-WEU-PRT,Zone_4C Mixed Marine,urb,perm,sfh,2050,0.575
C-WEU-PRT,Zone_3C Warm Marine,rur,perm,mfh,2050,0.265
C-WEU-PRT,Zone_3C Warm Marine,rur,perm,sfh,2050,0.735
C-WEU-PRT,Zone_3C Warm Marine,urb,perm,mfh,2050,0.493
C-WEU-PRT,Zone_3C Warm Marine,urb,perm,sfh,2050,0.507
C-WEU-SWE,Zone_5A Cool Humid,rur,perm,mfh,2050,0.35
C-WEU-SWE,Zone_5A Cool Humid,rur,perm,sfh,2050,0.65
C-WEU-SWE,Zone_5A Cool Humid,urb,perm,mfh,2050,0.492
C-WEU-SWE,Zone_5A Cool Humid,urb,perm,sfh,2050,0.508
C-WEU-SWE,Zone_6A Cold Humid,rur,perm,mfh,2050,0.4
C-WEU-SWE,Zone_6A Cold Humid,rur,perm,sfh,2050,0.6
C-WEU-SWE,Zone_6A Cold Humid,urb,perm,mfh,2050,0.59
C-WEU-SWE,Zone_6A Cold Humid,urb,perm,sfh,2050,0.41
C-WEU-SWE,Zone_7A Very cold Humid,rur,perm,mfh,2050,0.397
C-WEU-SWE,Zone_7A Very cold Humid,rur,perm,sfh,2050,0.603
C-WEU-SWE,Zone_7A Very cold Humid,urb,perm,mfh,2050,0.461
C-WEU-SWE,Zone_7A Very cold Humid,urb,perm,sfh,2050,0.539
C-WEU-SWE,Zone_8A Subarctic/arctic Humid,urb,perm,mfh,2050,0.445
C-WEU-SWE,Zone_8A Subarctic/arctic Humid,urb,perm,sfh,2050,0.555
C-EEU-BGR,Zone_4A Mixed Humid,rur,perm,mfh,2055,0.426
C-EEU-BGR,Zone_4A Mixed Humid,rur,perm,sfh,2055,0.574
C-EEU-BGR,Zone_4A Mixed Humid,urb,perm,mfh,2055,0.609
C-EEU-BGR,Zone_4A Mixed Humid,urb,perm,sfh,2055,0.391
C-EEU-BGR,Zone_5A Cool Humid,rur,perm,mfh,2055,0.773
C-EEU-BGR,Zone_5A Cool Humid,rur,perm,sfh,2055,0.227
C-EEU-BGR,Zone_5A Cool Humid,urb,perm,mfh,2055,0.773
C-EEU-BGR,Zone_5A Cool Humid,urb,perm,sfh,2055,0.227
C-EEU-CZE,Zone_5A Cool Humid,rur,perm,mfh,2055,0.657
C-EEU-CZE,Zone_5A Cool Humid,rur,perm,sfh,2055,0.343
C-EEU-CZE,Zone_5A Cool Humid,urb,perm,mfh,2055,0.73
C-EEU-CZE,Zone_5A Cool Humid,urb,perm,sfh,2055,0.27
C-EEU-EST,Zone_6A Cold Humid,rur,perm,mfh,2055,0.548
C-EEU-EST,Zone_6A Cold Humid,rur,perm,sfh,2055,0.452
C-EEU-EST,Zone_6A Cold Humid,urb,perm,mfh,2055,0.768
C-EEU-EST,Zone_6A Cold Humid,urb,perm,sfh,2055,0.232
C-EEU-HRV,Zone_4A Mixed Humid,rur,perm,mfh,2055,0.331
C-EEU-HRV,Zone_4A Mixed Humid,rur,perm,sfh,2055,0.669
C-EEU-HRV,Zone_4A Mixed Humid,urb,perm,mfh,2055,0.667
C-EEU-HRV,Zone_4A Mixed Humid,urb,perm,sfh,2055,0.333
C-EEU-HRV,Zone_5A Cool Humid,rur,perm,mfh,2055,0.412
C-EEU-HRV,Zone_5A Cool Humid,rur,perm,sfh,2055,0.588
C-EEU-HRV,Zone_3A Warm Humid,rur,perm,mfh,2055,0.648
C-EEU-HRV,Zone_3A Warm Humid,rur,perm,sfh,2055,0.352
C-EEU-HRV,Zone_4C Mixed Marine,rur,perm,mfh,2055,0.608
C-EEU-HRV,Zone_4C Mixed Marine,rur,perm,sfh,2055,0.392
C-EEU-HUN,Zone_4A Mixed Humid,rur,perm,mfh,2055,0.274
C-EEU-HUN,Zone_4A Mixed Humid,rur,perm,sfh,2055,0.726
C-EEU-HUN,Zone_4A Mixed Humid,urb,perm,mfh,2055,0.447
C-EEU-HUN,Zone_4A Mixed Humid,urb,perm,sfh,2055,0.553
C-EEU-HUN,Zone_5A Cool Humid,rur,perm,mfh,2055,0.22
C-EEU-HUN,Zone_5A Cool Humid,rur,perm,sfh,2055,0.78
C-EEU-HUN,Zone_5A Cool Humid,urb,perm,mfh,2055,0.368
C-EEU-HUN,Zone_5A Cool Humid,urb,perm,sfh,2055,0.632
C-EEU-LTU,Zone_5A Cool Humid,rur,perm,mfh,2055,0.42
C-EEU-LTU,Zone_5A Cool Humid,rur,perm,sfh,2055,0.58
C-EEU-LTU,Zone_5A Cool Humid,urb,perm,mfh,2055,0.707
C-EEU-LTU,Zone_5A Cool Humid,urb,perm,sfh,2055,0.293
C-EEU-LTU,Zone_6A Cold Humid,rur,perm,mfh,2055,0.449
C-EEU-LTU,Zone_6A Cold Humid,rur,perm,sfh,2055,0.551
C-EEU-LTU,Zone_6A Cold Humid,urb,perm,mfh,2055,0.648
C-EEU-LTU,Zone_6A Cold Humid,urb,perm,sfh,2055,0.352
C-EEU-LVA,Zone_6A Cold Humid,rur,perm,mfh,2055,0.612
C-EEU-LVA,Zone_6A Cold Humid,rur,perm,sfh,2055,0.388
C-EEU-LVA,Zone_6A Cold Humid,urb,perm,mfh,2055,0.843
C-EEU-LVA,Zone_6A Cold Humid,urb,perm,sfh,2055,0.157
C-EEU-POL,Zone_5A Cool Humid,rur,perm,mfh,2055,0.414
C-EEU-POL,Zone_5A Cool Humid,rur,perm,sfh,2055,0.586
C-EEU-POL,Zone_5A Cool Humid,urb,perm,mfh,2055,0.698
C-EEU-POL,Zone_5A Cool Humid,urb,perm,sfh,2055,0.302
C-EEU-POL,Zone_6A Cold Humid,rur,perm,mfh,2055,0.192
C-EEU-POL,Zone_6A Cold Humid,rur,perm,sfh,2055,0.808
C-EEU-POL,Zone_6A Cold Humid,urb,perm,mfh,2055,0.431
C-EEU-POL,Zone_6A Cold Humid,urb,perm,sfh,2055,0.569
C-EEU-ROU,Zone_4A Mixed Humid,rur,perm,mfh,2055,0.312
C-EEU-ROU,Zone_4A Mixed Humid,rur,perm,sfh,2055,0.688
C-EEU-ROU,Zone_4A Mixed Humid,urb,perm,mfh,2055,0.664
C-EEU-ROU,Zone_4A Mixed Humid,urb,perm,sfh,2055,0.336
C-EEU-ROU,Zone_5A Cool Humid,rur,perm,mfh,2055,0.34
C-EEU-ROU,Zone_5A Cool Humid,rur,perm,sfh,2055,0.66
C-EEU-ROU,Zone_5A Cool Humid,urb,perm,mfh,2055,0.517
C-EEU-ROU,Zone_5A Cool Humid,urb,perm,sfh,2055,0.483
C-EEU-ROU,Zone_6A Cold Humid,rur,perm,mfh,2055,0.397
C-EEU-ROU,Zone_6A Cold Humid,rur,perm,sfh,2055,0.603
C-EEU-SVK,Zone_5A Cool Humid,rur,perm,mfh,2055,0.438
C-EEU-SVK,Zone_5A Cool Humid,rur,perm,sfh,2055,0.562
C-EEU-SVK,Zone_5A Cool Humid,urb,perm,mfh,2055,0.603
C-EEU-SVK,Zone_5A Cool Humid,urb,perm,sfh,2055,0.397
C-EEU-SVK,Zone_6A Cold Humid,rur,perm,mfh,2055,0.46
C-EEU-SVK,Zone_6A Cold Humid,rur,perm,sfh,2055,0.54
C-EEU-SVK,Zone_6A Cold Humid,urb,perm,mfh,2055,0.448
C-EEU-SVK,Zone_6A Cold Humid,urb,perm,sfh,2055,0.552
C-EEU-SVN,Zone_4A Mixed Humid,rur,perm,mfh,2055,0.371
C-EEU-SVN,Zone_4A Mixed Humid,rur,perm,sfh,2055,0.629
C-EEU-SVN,Zone_4A Mixed Humid,urb,perm,mfh,2055,0.582
C-EEU-SVN,Zone_4A Mixed Humid,urb,perm,sfh,2055,0.418
C-EEU-SVN,Zone_5A Cool Humid,rur,perm,mfh,2055,0.395
C-EEU-SVN,Zone_5A Cool Humid,rur,perm,sfh,2055,0.605
C-EEU-SVN,Zone_5A Cool Humid,urb,perm,mfh,2055,0.562
C-EEU-SVN,Zone_5A Cool Humid,urb,perm,sfh,2055,0.438
C-EEU-SVN,Zone_7A Very cold Humid,rur,perm,mfh,2055,0.414
C-EEU-SVN,Zone_7A Very cold Humid,rur,perm,sfh,2055,0.586
C-WEU-AUT,Zone_4A Mixed Humid,rur,perm,mfh,2055,0.415
C-WEU-AUT,Zone_4A Mixed Humid,rur,perm,sfh,2055,0.585
C-WEU-AUT,Zone_4A Mixed Humid,urb,perm,mfh,2055,0.874
C-WEU-AUT,Zone_4A Mixed Humid,urb,perm,sfh,2055,0.126
C-WEU-AUT,Zone_5A Cool Humid,rur,perm,mfh,2055,0.478
C-WEU-AUT,Zone_5A Cool Humid,rur,perm,sfh,2055,0.522
C-WEU-AUT,Zone_5A Cool Humid,urb,perm,mfh,2055,0.603
C-WEU-AUT,Zone_5A Cool Humid,urb,perm,sfh,2055,0.397
C-WEU-AUT,Zone_6A Cold Humid,rur,perm,mfh,2055,0.608
C-WEU-AUT,Zone_6A Cold Humid,rur,perm,sfh,2055,0.392
C-WEU-AUT,Zone_6A Cold Humid,urb,perm,mfh,2055,0.72
C-WEU-AUT,Zone_6A Cold Humid,urb,perm,sfh,2055,0.28
C-WEU-AUT,Zone_7A Very cold Humid,rur,perm,mfh,2055,0.66
C-WEU-AUT,Zone_7A Very cold Humid,rur,perm,sfh,2055,0.34
C-WEU-AUT,Zone_7A Very cold Humid,urb,perm,mfh,2055,0.841
C-WEU-AUT,Zone_7A Very cold Humid,urb,perm,sfh,2055,0.159
C-WEU-BEL,Zone_4A Mixed Humid,rur,perm,mfh,2055,0.174
C-WEU-BEL,Zone_4A Mixed Humid,rur,perm,sfh,2055,0.826
C-WEU-BEL,Zone_4A Mixed Humid,urb,perm,mfh,2055,0.356
C-WEU-BEL,Zone_4A Mixed Humid,urb,perm,sfh,2055,0.644
C-WEU-BEL,Zone_5A Cool Humid,rur,perm,mfh,2055,0.24
C-WEU-BEL,Zone_5A Cool Humid,rur,perm,sfh,2055,0.76
C-WEU-BEL,Zone_5A Cool Humid,urb,perm,mfh,2055,0.295
C-WEU-BEL,Zone_5A Cool Humid,urb,perm,sfh,2055,0.705
C-WEU-CYP,Zone_3A Warm Humid,urb,perm,mfh,2055,0.518
C-WEU-CYP,Zone_3A Warm Humid,urb,perm,sfh,2055,0.482
C-WEU-DEU,Zone_4A Mixed Humid,rur,perm,mfh,2055,0.446
C-WEU-DEU,Zone_4A Mixed Humid,rur,perm,sfh,2055,0.554
C-WEU-DEU,Zone_4A Mixed Humid,urb,perm,mfh,2055,0.732
C-WEU-DEU,Zone_4A Mixed Humid,urb,perm,sfh,2055,0.268
C-WEU-DEU,Zone_5A Cool Humid,rur,perm,mfh,2055,0.549
C-WEU-DEU,Zone_5A Cool Humid,rur,perm,sfh,2055,0.451
C-WEU-DEU,Zone_5A Cool Humid,urb,perm,mfh,2055,0.698
C-WEU-DEU,Zone_5A Cool Humid,urb,perm,sfh,2055,0.302
C-WEU-DEU,Zone_6A Cold Humid,rur,perm,mfh,2055,0.635
C-WEU-DEU,Zone_6A Cold Humid,rur,perm,sfh,2055,0.365
C-WEU-DEU,Zone_6A Cold Humid,urb,perm,mfh,2055,0.746
C-WEU-DEU,Zone_6A Cold Humid,urb,perm,sfh,2055,0.254
C-WEU-DNK,Zone_5A Cool Humid,rur,perm,mfh,2055,0.323
C-WEU-DNK,Zone_5A Cool Humid,rur,perm,sfh,2055,0.677
C-WEU-DNK,Zone_5A Cool Humid,urb,perm,mfh,2055,0.516
C-WEU-DNK,Zone_5A Cool Humid,urb,perm,sfh,2055,0.484
C-WEU-ESP,Zone_4A Mixed Humid,rur,perm,mfh,2055,0.521
C-WEU-ESP,Zone_4A Mixed Humid,rur,perm,sfh,2055,0.479
C-WEU-ESP,Zone_4A Mixed Humid,urb,perm,mfh,2055,0.785
C-WEU-ESP,Zone_4A Mixed Humid,urb,perm,sfh,2055,0.215
C-WEU-ESP,Zone_3A Warm Humid,rur,perm,mfh,2055,0.257
C-WEU-ESP,Zone_3A Warm Humid,rur,perm,sfh,2055,0.743
C-WEU-ESP,Zone_3A Warm Humid,urb,perm,mfh,2055,0.76
C-WEU-ESP,Zone_3A Warm Humid,urb,perm,sfh,2055,0.24
C-WEU-ESP,Zone_4C Mixed Marine,rur,perm,mfh,2055,0.549
C-WEU-ESP,Zone_4C Mixed Marine,rur,perm,sfh,2055,0.451
C-WEU-ESP,Zone_4C Mixed Marine,urb,perm,mfh,2055,0.705
C-WEU-ESP,Zone_4C Mixed Marine,urb,perm,sfh,2055,0.295
C-WEU-ESP,Zone_2B Hot Dry,urb,perm,mfh,2055,0.647
C-WEU-ESP,Zone_2B Hot Dry,urb,perm,sfh,2055,0.353
C-WEU-ESP,Zone_3B Warm Dry,rur,perm,mfh,2055,0.494
C-WEU-ESP,Zone_3B Warm Dry,rur,perm,sfh,2055,0.506
C-WEU-ESP,Zone_3B Warm Dry,urb,perm,mfh,2055,0.726
C-WEU-ESP,Zone_3B Warm Dry,urb,perm,sfh,2055,0.274
C-WEU-ESP,Zone_3C Warm Marine,urb,perm,mfh,2055,0.672
C-WEU-ESP,Zone_3C Warm Marine,urb,perm,sfh,2055,0.328
C-WEU-FIN,Zone_6A Cold Humid,rur,perm,mfh,2055,0.512
C-WEU-FIN,Zone_6A Cold Humid,rur,perm,sfh,2055,0.488
C-WEU-FIN,Zone_6A Cold Humid,urb,perm,mfh,2055,0.756
C-WEU-FIN,Zone_6A Cold Humid,urb,perm,sfh,2055,0.244
C-WEU-FIN,Zone_7A Very cold Humid,rur,perm,mfh,2055,0.522
C-WEU-FIN,Zone_7A Very cold Humid,rur,perm,sfh,2055,0.478
C-WEU-FIN,Zone_7A Very cold Humid,urb,perm,mfh,2055,0.635
C-WEU-FIN,Zone_7A Very cold Humid,urb,perm,sfh,2055,0.365
C-WEU-FRA,Zone_4A Mixed Humid,rur,perm,mfh,2055,0.245
C-WEU-FRA,Zone_4A Mixed Humid,rur,perm,sfh,2055,0.755
C-WEU-FRA,Zone_4A Mixed Humid,urb,perm,mfh,2055,0.544
C-WEU-FRA,Zone_4A Mixed Humid,urb,perm,sfh,2055,0.456
C-WEU-FRA,Zone_5A Cool Humid,rur,perm,mfh,2055,0.283
C-WEU-FRA,Zone_5A Cool Humid,rur,perm,sfh,2055,0.717
C-WEU-FRA,Zone_5A Cool Humid,urb,perm,mfh,2055,0.513
C-WEU-FRA,Zone_5A Cool Humid,urb,perm,sfh,2055,0.487
C-WEU-FRA,Zone_3A Warm Humid,rur,perm,mfh,2055,0.221
C-WEU-FRA,Zone_3A Warm Humid,rur,perm,sfh,2055,0.779
C-WEU-FRA,Zone_3A Warm Humid,urb,perm,mfh,2055,0.538
C-WEU-FRA,Zone_3A Warm Humid,urb,perm,sfh,2055,0.462
C-WEU-FRA,Zone_4C Mixed Marine,rur,perm,mfh,2055,0.514
C-WEU-FRA,Zone_4C Mixed Marine,rur,perm,sfh,2055,0.486
C-WEU-FRA,Zone_7A Very cold Humid,urb,perm,mfh,2055,0.558
C-WEU-FRA,Zone_7A Very cold Humid,urb,perm,sfh,2055,0.442
C-WEU-FRA,Zone_3C Warm Marine,urb,perm,mfh,2055,0.851
C-WEU-FRA,Zone_3C Warm Marine,urb,perm,sfh,2055,0.149
C-WEU-FRA,Zone_1A Very hot Humid,urb,perm,mfh,2055,0.429
C-WEU-FRA,Zone_1A Very hot Humid,urb,perm,sfh,2055,0.571
C-WEU-FRA,Zone_2A Hot Humid,urb,perm,mfh,2055,0.34
C-WEU-FRA,Zone_2A Hot Humid,urb,perm,sfh,2055,0.66
C-WEU-GRC,Zone_4A Mixed Humid,rur,perm,mfh,2055,0.489
C-WEU-GRC,Zone_4A Mixed Humid,rur,perm,sfh,2055,0.511
C-WEU-GRC,Zone_4A Mixed Humid,urb,perm,mfh,2055,0.732
C-WEU-GRC,Zone_4A Mixed Humid,urb,perm,sfh,2055,0.268
C-WEU-GRC,Zone_5A Cool Humid,rur,perm,mfh,2055,0.472
C-WEU-GRC,Zone_5A Cool Humid,rur,perm,sfh,2055,0.528
C-WEU-GRC,Zone_5A Cool Humid,urb,perm,mfh,2055,0.607
C-WEU-GRC,Zone_5A Cool Humid,urb,perm,sfh,2055,0.393
C-WEU-GRC,Zone_3A Warm Humid,rur,perm,mfh,2055,0.52
C-WEU-GRC,Zone_3A Warm Humid,rur,perm,sfh,2055,0.48
C-WEU-GRC,Zone_3A Warm Humid,urb,perm,mfh,2055,0.824
C-WEU-GRC,Zone_3A Warm Humid,urb,perm,sfh,2055,0.176
C-WEU-GRC,Zone_4C Mixed Marine,urb,perm,mfh,2055,0.623
C-WEU-GRC,Zone_4C Mixed Marine,urb,perm,sfh,2055,0.377
C-WEU-GRC,Zone_5C Cool Marine,urb,perm,mfh,2055,0.591
C-WEU-GRC,Zone_5C Cool Marine,urb,perm,sfh,2055,0.409
C-WEU-IRL,Zone_4A Mixed Humid,rur,perm,mfh,2055,0.102
C-WEU-IRL,Zone_4A Mixed Humid,rur,perm,sfh,2055,0.898
C-WEU-IRL,Zone_5A Cool Humid,rur,perm,mfh,2055,0.082
C-WEU-IRL,Zone_5A Cool Humid,rur,perm,sfh,2055,0.918
C-WEU-IRL,Zone_5A Cool Humid,urb,perm,mfh,2055,0.221
C-WEU-IRL,Zone_5A Cool Humid,urb,perm,sfh,2055,0.779
C-WEU-ITA,Zone_4A Mixed Humid,rur,perm,mfh,2055,0.691
C-WEU-ITA,Zone_4A Mixed Humid,rur,perm,sfh,2055,0.309
C-WEU-ITA,Zone_4A Mixed Humid,urb,perm,mfh,2055,0.842
C-WEU-ITA,Zone_4A Mixed Humid,urb,perm,sfh,2055,0.158
C-WEU-ITA,Zone_5A Cool Humid,urb,perm,mfh,2055,0.807
C-WEU-ITA,Zone_5A Cool Humid,urb,perm,sfh,2055,0.193
C-WEU-ITA,Zone_6A Cold Humid,urb,perm,mfh,2055,0.835
C-WEU-ITA,Zone_6A Cold Humid,urb,perm,sfh,2055,0.165
C-WEU-ITA,Zone_3A Warm Humid,rur,perm,mfh,2055,0.703
C-WEU-ITA,Zone_3A Warm Humid,rur,perm,sfh,2055,0.297
C-WEU-ITA,Zone_3A Warm Humid,urb,perm,mfh,2055,0.841
C-WEU-ITA,Zone_3A Warm Humid,urb,perm,sfh,2055,0.159
C-WEU-ITA,Zone_4C Mixed Marine,rur,perm,mfh,2055,0.7
C-WEU-ITA,Zone_4C Mixed Marine,rur,perm,sfh,2055,0.3
C-WEU-ITA,Zone_4C Mixed Marine,urb,perm,mfh,2055,0.887
C-WEU-ITA,Zone_4C Mixed Marine,urb,perm,sfh,2055,0.113
C-WEU-ITA,Zone_7A Very cold Humid,rur,perm,mfh,2055,0.738
C-WEU-ITA,Zone_7A Very cold Humid,rur,perm,sfh,2055,0.262
C-WEU-ITA,Zone_7A Very cold Humid,urb,perm,mfh,2055,0.839
C-WEU-ITA,Zone_7A Very cold Humid,urb,perm,sfh,2055,0.161
C-WEU-ITA,Zone_5C Cool Marine,urb,perm,mfh,2055,0.724
C-WEU-ITA,Zone_5C Cool Marine,urb,perm,sfh,2055,0.276
C-WEU-LUX,Zone_5A Cool Humid,urb,perm,mfh,2055,0.522
C-WEU-LUX,Zone_5A Cool Humid,urb,perm,sfh,2055,0.478
C-WEU-MLT,Zone_3A Warm Humid,urb,perm,mfh,2055,0.652
C-WEU-MLT,Zone_3A Warm Humid,urb,perm,sfh,2055,0.348
C-WEU-NLD,Zone_4A Mixed Humid,rur,perm,mfh,2055,0.14
C-WEU-NLD,Zone_4A Mixed Humid,rur,perm,sfh,2055,0.86
C-WEU-NLD,Zone_4A Mixed Humid,urb,perm,mfh,2055,0.383
C-WEU-NLD,Zone_4A Mixed Humid,urb,perm,sfh,2055,0.617
C-WEU-NLD,Zone_5A Cool Humid,urb,perm,mfh,2055,0.22
C-WEU-NLD,Zone_5A Cool Humid,urb,perm,sfh,2055,0.78
C-WEU-PRT,Zone_4A Mixed Humid,rur,perm,mfh,2055,0.289
C-WEU-PRT,Zone_4A Mixed Humid,rur,perm,sfh,2055,0.711
C-WEU-PRT,Zone_3A Warm Humid,rur,perm,mfh,2055,0.335
C-WEU-PRT,Zone_3A Warm Humid,rur,perm,sfh,2055,0.665
C-WEU-PRT,Zone_3A Warm Humid,urb,perm,mfh,2055,0.778
C-WEU-PRT,Zone_3A Warm Humid,urb,perm,sfh,2055,0.222
C-WEU-PRT,Zone_4C Mixed Marine,rur,perm,mfh,2055,0.239
C-WEU-PRT,Zone_4C Mixed Marine,rur,perm,sfh,2055,0.761
C-WEU-PRT,Zone_4C Mixed Marine,urb,perm,mfh,2055,0.425
C-WEU-PRT,Zone_4C Mixed Marine,urb,perm,sfh,2055,0.575
C-WEU-PRT,Zone_3C Warm Marine,rur,perm,mfh,2055,0.265
C-WEU-PRT,Zone_3C Warm Marine,rur,perm,sfh,2055,0.735
C-WEU-PRT,Zone_3C Warm Marine,urb,perm,mfh,2055,0.493
C-WEU-PRT,Zone_3C Warm Marine,urb,perm,sfh,2055,0.507
C-WEU-SWE,Zone_5A Cool Humid,rur,perm,mfh,2055,0.35
C-WEU-SWE,Zone_5A Cool Humid,rur,perm,sfh,2055,0.65
C-WEU-SWE,Zone_5A Cool Humid,urb,perm,mfh,2055,0.492
C-WEU-SWE,Zone_5A Cool Humid,urb,perm,sfh,2055,0.508
C-WEU-SWE,Zone_6A Cold Humid,rur,perm,mfh,2055,0.4
C-WEU-SWE,Zone_6A Cold Humid,rur,perm,sfh,2055,0.6
C-WEU-SWE,Zone_6A Cold Humid,urb,perm,mfh,2055,0.59
C-WEU-SWE,Zone_6A Cold Humid,urb,perm,sfh,2055,0.41
C-WEU-SWE,Zone_7A Very cold Humid,rur,perm,mfh,2055,0.397
C-WEU-SWE,Zone_7A Very cold Humid,rur,perm,sfh,2055,0.603
C-WEU-SWE,Zone_7A Very cold Humid,urb,perm,mfh,2055,0.461
C-WEU-SWE,Zone_7A Very cold Humid,urb,perm,sfh,2055,0.539
C-WEU-SWE,Zone_8A Subarctic/arctic Humid,urb,perm,mfh,2055,0.445
C-WEU-SWE,Zone_8A Subarctic/arctic Humid,urb,perm,sfh,2055,0.555
C-EEU-BGR,Zone_4A Mixed Humid,rur,perm,mfh,2060,0.426
C-EEU-BGR,Zone_4A Mixed Humid,rur,perm,sfh,2060,0.574
C-EEU-BGR,Zone_4A Mixed Humid,urb,perm,mfh,2060,0.609
C-EEU-BGR,Zone_4A Mixed Humid,urb,perm,sfh,2060,0.391
C-EEU-BGR,Zone_5A Cool Humid,rur,perm,mfh,2060,0.773
C-EEU-BGR,Zone_5A Cool Humid,rur,perm,sfh,2060,0.227
C-EEU-BGR,Zone_5A Cool Humid,urb,perm,mfh,2060,0.773
C-EEU-BGR,Zone_5A Cool Humid,urb,perm,sfh,2060,0.227
C-EEU-CZE,Zone_5A Cool Humid,rur,perm,mfh,2060,0.657
C-EEU-CZE,Zone_5A Cool Humid,rur,perm,sfh,2060,0.343
C-EEU-CZE,Zone_5A Cool Humid,urb,perm,mfh,2060,0.73
C-EEU-CZE,Zone_5A Cool Humid,urb,perm,sfh,2060,0.27
C-EEU-EST,Zone_6A Cold Humid,rur,perm,mfh,2060,0.548
C-EEU-EST,Zone_6A Cold Humid,rur,perm,sfh,2060,0.452
C-EEU-EST,Zone_6A Cold Humid,urb,perm,mfh,2060,0.768
C-EEU-EST,Zone_6A Cold Humid,urb,perm,sfh,2060,0.232
C-EEU-HRV,Zone_4A Mixed Humid,rur,perm,mfh,2060,0.331
C-EEU-HRV,Zone_4A Mixed Humid,rur,perm,sfh,2060,0.669
C-EEU-HRV,Zone_4A Mixed Humid,urb,perm,mfh,2060,0.667
C-EEU-HRV,Zone_4A Mixed Humid,urb,perm,sfh,2060,0.333
C-EEU-HRV,Zone_5A Cool Humid,rur,perm,mfh,2060,0.412
C-EEU-HRV,Zone_5A Cool Humid,rur,perm,sfh,2060,0.588
C-EEU-HRV,Zone_3A Warm Humid,rur,perm,mfh,2060,0.648
C-EEU-HRV,Zone_3A Warm Humid,rur,perm,sfh,2060,0.352
C-EEU-HRV,Zone_4C Mixed Marine,rur,perm,mfh,2060,0.608
C-EEU-HRV,Zone_4C Mixed Marine,rur,perm,sfh,2060,0.392
C-EEU-HUN,Zone_4A Mixed Humid,rur,perm,mfh,2060,0.274
C-EEU-HUN,Zone_4A Mixed Humid,rur,perm,sfh,2060,0.726
C-EEU-HUN,Zone_4A Mixed Humid,urb,perm,mfh,2060,0.447
C-EEU-HUN,Zone_4A Mixed Humid,urb,perm,sfh,2060,0.553
C-EEU-HUN,Zone_5A Cool Humid,rur,perm,mfh,2060,0.22
C-EEU-HUN,Zone_5A Cool Humid,rur,perm,sfh,2060,0.78
C-EEU-HUN,Zone_5A Cool Humid,urb,perm,mfh,2060,0.368
C-EEU-HUN,Zone_5A Cool Humid,urb,perm,sfh,2060,0.632
C-EEU-LTU,Zone_5A Cool Humid,rur,perm,mfh,2060,0.42
C-EEU-LTU,Zone_5A Cool Humid,rur,perm,sfh,2060,0.58
C-EEU-LTU,Zone_5A Cool Humid,urb,perm,mfh,2060,0.707
C-EEU-LTU,Zone_5A Cool Humid,urb,perm,sfh,2060,0.293
C-EEU-LTU,Zone_6A Cold Humid,rur,perm,mfh,2060,0.449
C-EEU-LTU,Zone_6A Cold Humid,rur,perm,sfh,2060,0.551
C-EEU-LTU,Zone_6A Cold Humid,urb,perm,mfh,2060,0.648
C-EEU-LTU,Zone_6A Cold Humid,urb,perm,sfh,2060,0.352
C-EEU-LVA,Zone_6A Cold Humid,rur,perm,mfh,2060,0.612
C-EEU-LVA,Zone_6A Cold Humid,rur,perm,sfh,2060,0.388
C-EEU-LVA,Zone_6A Cold Humid,urb,perm,mfh,2060,0.843
C-EEU-LVA,Zone_6A Cold Humid,urb,perm,sfh,2060,0.157
C-EEU-POL,Zone_5A Cool Humid,rur,perm,mfh,2060,0.414
C-EEU-POL,Zone_5A Cool Humid,rur,perm,sfh,2060,0.586
C-EEU-POL,Zone_5A Cool Humid,urb,perm,mfh,2060,0.698
C-EEU-POL,Zone_5A Cool Humid,urb,perm,sfh,2060,0.302
C-EEU-POL,Zone_6A Cold Humid,rur,perm,mfh,2060,0.192
C-EEU-POL,Zone_6A Cold Humid,rur,perm,sfh,2060,0.808
C-EEU-POL,Zone_6A Cold Humid,urb,perm,mfh,2060,0.431
C-EEU-POL,Zone_6A Cold Humid,urb,perm,sfh,2060,0.569
C-EEU-ROU,Zone_4A Mixed Humid,rur,perm,mfh,2060,0.312
C-EEU-ROU,Zone_4A Mixed Humid,rur,perm,sfh,2060,0.688
C-EEU-ROU,Zone_4A Mixed Humid,urb,perm,mfh,2060,0.664
C-EEU-ROU,Zone_4A Mixed Humid,urb,perm,sfh,2060,0.336
C-EEU-ROU,Zone_5A Cool Humid,rur,perm,mfh,2060,0.34
C-EEU-ROU,Zone_5A Cool Humid,rur,perm,sfh,2060,0.66
C-EEU-ROU,Zone_5A Cool Humid,urb,perm,mfh,2060,0.517
C-EEU-ROU,Zone_5A Cool Humid,urb,perm,sfh,2060,0.483
C-EEU-ROU,Zone_6A Cold Humid,rur,perm,mfh,2060,0.397
C-EEU-ROU,Zone_6A Cold Humid,rur,perm,sfh,2060,0.603
C-EEU-SVK,Zone_5A Cool Humid,rur,perm,mfh,2060,0.438
C-EEU-SVK,Zone_5A Cool Humid,rur,perm,sfh,2060,0.562
C-EEU-SVK,Zone_5A Cool Humid,urb,perm,mfh,2060,0.603
C-EEU-SVK,Zone_5A Cool Humid,urb,perm,sfh,2060,0.397
C-EEU-SVK,Zone_6A Cold Humid,rur,perm,mfh,2060,0.46
C-EEU-SVK,Zone_6A Cold Humid,rur,perm,sfh,2060,0.54
C-EEU-SVK,Zone_6A Cold Humid,urb,perm,mfh,2060,0.448
C-EEU-SVK,Zone_6A Cold Humid,urb,perm,sfh,2060,0.552
C-EEU-SVN,Zone_4A Mixed Humid,rur,perm,mfh,2060,0.371
C-EEU-SVN,Zone_4A Mixed Humid,rur,perm,sfh,2060,0.629
C-EEU-SVN,Zone_4A Mixed Humid,urb,perm,mfh,2060,0.582
C-EEU-SVN,Zone_4A Mixed Humid,urb,perm,sfh,2060,0.418
C-EEU-SVN,Zone_5A Cool Humid,rur,perm,mfh,2060,0.395
C-EEU-SVN,Zone_5A Cool Humid,rur,perm,sfh,2060,0.605
C-EEU-SVN,Zone_5A Cool Humid,urb,perm,mfh,2060,0.562
C-EEU-SVN,Zone_5A Cool Humid,urb,perm,sfh,2060,0.438
C-EEU-SVN,Zone_7A Very cold Humid,rur,perm,mfh,2060,0.414
C-EEU-SVN,Zone_7A Very cold Humid,rur,perm,sfh,2060,0.586
C-WEU-AUT,Zone_4A Mixed Humid,rur,perm,mfh,2060,0.415
C-WEU-AUT,Zone_4A Mixed Humid,rur,perm,sfh,2060,0.585
C-WEU-AUT,Zone_4A Mixed Humid,urb,perm,mfh,2060,0.874
C-WEU-AUT,Zone_4A Mixed Humid,urb,perm,sfh,2060,0.126
C-WEU-AUT,Zone_5A Cool Humid,rur,perm,mfh,2060,0.478
C-WEU-AUT,Zone_5A Cool Humid,rur,perm,sfh,2060,0.522
C-WEU-AUT,Zone_5A Cool Humid,urb,perm,mfh,2060,0.603
C-WEU-AUT,Zone_5A Cool Humid,urb,perm,sfh,2060,0.397
C-WEU-AUT,Zone_6A Cold Humid,rur,perm,mfh,2060,0.608
C-WEU-AUT,Zone_6A Cold Humid,rur,perm,sfh,2060,0.392
C-WEU-AUT,Zone_6A Cold Humid,urb,perm,mfh,2060,0.72
C-WEU-AUT,Zone_6A Cold Humid,urb,perm,sfh,2060,0.28
C-WEU-AUT,Zone_7A Very cold Humid,rur,perm,mfh,2060,0.66
C-WEU-AUT,Zone_7A Very cold Humid,rur,perm,sfh,2060,0.34
C-WEU-AUT,Zone_7A Very cold Humid,urb,perm,mfh,2060,0.841
C-WEU-AUT,Zone_7A Very cold Humid,urb,perm,sfh,2060,0.159
C-WEU-BEL,Zone_4A Mixed Humid,rur,perm,mfh,2060,0.174
C-WEU-BEL,Zone_4A Mixed Humid,rur,perm,sfh,2060,0.826
C-WEU-BEL,Zone_4A Mixed Humid,urb,perm,mfh,2060,0.356
C-WEU-BEL,Zone_4A Mixed Humid,urb,perm,sfh,2060,0.644
C-WEU-BEL,Zone_5A Cool Humid,rur,perm,mfh,2060,0.24
C-WEU-BEL,Zone_5A Cool Humid,rur,perm,sfh,2060,0.76
C-WEU-BEL,Zone_5A Cool Humid,urb,perm,mfh,2060,0.295
C-WEU-BEL,Zone_5A Cool Humid,urb,perm,sfh,2060,0.705
C-WEU-CYP,Zone_3A Warm Humid,urb,perm,mfh,2060,0.518
C-WEU-CYP,Zone_3A Warm Humid,urb,perm,sfh,2060,0.482
C-WEU-DEU,Zone_4A Mixed Humid,rur,perm,mfh,2060,0.446
C-WEU-DEU,Zone_4A Mixed Humid,rur,perm,sfh,2060,0.554
C-WEU-DEU,Zone_4A Mixed Humid,urb,perm,mfh,2060,0.732
C-WEU-DEU,Zone_4A Mixed Humid,urb,perm,sfh,2060,0.268
C-WEU-DEU,Zone_5A Cool Humid,rur,perm,mfh,2060,0.549
C-WEU-DEU,Zone_5A Cool Humid,rur,perm,sfh,2060,0.451
C-WEU-DEU,Zone_5A Cool Humid,urb,perm,mfh,2060,0.698
C-WEU-DEU,Zone_5A Cool Humid,urb,perm,sfh,2060,0.302
C-WEU-DEU,Zone_6A Cold Humid,rur,perm,mfh,2060,0.635
C-WEU-DEU,Zone_6A Cold Humid,rur,perm,sfh,2060,0.365
C-WEU-DEU,Zone_6A Cold Humid,urb,perm,mfh,2060,0.746
C-WEU-DEU,Zone_6A Cold Humid,urb,perm,sfh,2060,0.254
C-WEU-DNK,Zone_5A Cool Humid,rur,perm,mfh,2060,0.323
C-WEU-DNK,Zone_5A Cool Humid,rur,perm,sfh,2060,0.677
C-WEU-DNK,Zone_5A Cool Humid,urb,perm,mfh,2060,0.516
C-WEU-DNK,Zone_5A Cool Humid,urb,perm,sfh,2060,0.484
C-WEU-ESP,Zone_4A Mixed Humid,rur,perm,mfh,2060,0.521
C-WEU-ESP,Zone_4A Mixed Humid,rur,perm,sfh,2060,0.479
C-WEU-ESP,Zone_4A Mixed Humid,urb,perm,mfh,2060,0.785
C-WEU-ESP,Zone_4A Mixed Humid,urb,perm,sfh,2060,0.215
C-WEU-ESP,Zone_3A Warm Humid,rur,perm,mfh,2060,0.257
C-WEU-ESP,Zone_3A Warm Humid,rur,perm,sfh,2060,0.743
C-WEU-ESP,Zone_3A Warm Humid,urb,perm,mfh,2060,0.76
C-WEU-ESP,Zone_3A Warm Humid,urb,perm,sfh,2060,0.24
C-WEU-ESP,Zone_4C Mixed Marine,rur,perm,mfh,2060,0.549
C-WEU-ESP,Zone_4C Mixed Marine,rur,perm,sfh,2060,0.451
C-WEU-ESP,Zone_4C Mixed Marine,urb,perm,mfh,2060,0.705
C-WEU-ESP,Zone_4C Mixed Marine,urb,perm,sfh,2060,0.295
C-WEU-ESP,Zone_2B Hot Dry,urb,perm,mfh,2060,0.647
C-WEU-ESP,Zone_2B Hot Dry,urb,perm,sfh,2060,0.353
C-WEU-ESP,Zone_3B Warm Dry,rur,perm,mfh,2060,0.494
C-WEU-ESP,Zone_3B Warm Dry,rur,perm,sfh,2060,0.506
C-WEU-ESP,Zone_3B Warm Dry,urb,perm,mfh,2060,0.726
C-WEU-ESP,Zone_3B Warm Dry,urb,perm,sfh,2060,0.274
C-WEU-ESP,Zone_3C Warm Marine,urb,perm,mfh,2060,0.672
C-WEU-ESP,Zone_3C Warm Marine,urb,perm,sfh,2060,0.328
C-WEU-FIN,Zone_6A Cold Humid,rur,perm,mfh,2060,0.512
C-WEU-FIN,Zone_6A Cold Humid,rur,perm,sfh,2060,0.488
C-WEU-FIN,Zone_6A Cold Humid,urb,perm,mfh,2060,0.756
C-WEU-FIN,Zone_6A Cold Humid,urb,perm,sfh,2060,0.244
C-WEU-FIN,Zone_7A Very cold Humid,rur,perm,mfh,2060,0.522
C-WEU-FIN,Zone_7A Very cold Humid,rur,perm,sfh,2060,0.478
C-WEU-FIN,Zone_7A Very cold Humid,urb,perm,mfh,2060,0.635
C-WEU-FIN,Zone_7A Very cold Humid,urb,perm,sfh,2060,0.365
C-WEU-FRA,Zone_4A Mixed Humid,rur,perm,mfh,2060,0.245
C-WEU-FRA,Zone_4A Mixed Humid,rur,perm,sfh,2060,0.755
C-WEU-FRA,Zone_4A Mixed Humid,urb,perm,mfh,2060,0.544
C-WEU-FRA,Zone_4A Mixed Humid,urb,perm,sfh,2060,0.456
C-WEU-FRA,Zone_5A Cool Humid,rur,perm,mfh,2060,0.283
C-WEU-FRA,Zone_5A Cool Humid,rur,perm,sfh,2060,0.717
C-WEU-FRA,Zone_5A Cool Humid,urb,perm,mfh,2060,0.513
C-WEU-FRA,Zone_5A Cool Humid,urb,perm,sfh,2060,0.487
C-WEU-FRA,Zone_3A Warm Humid,rur,perm,mfh,2060,0.221
C-WEU-FRA,Zone_3A Warm Humid,rur,perm,sfh,2060,0.779
C-WEU-FRA,Zone_3A Warm Humid,urb,perm,mfh,2060,0.538
C-WEU-FRA,Zone_3A Warm Humid,urb,perm,sfh,2060,0.462
C-WEU-FRA,Zone_4C Mixed Marine,rur,perm,mfh,2060,0.514
C-WEU-FRA,Zone_4C Mixed Marine,rur,perm,sfh,2060,0.486
C-WEU-FRA,Zone_7A Very cold Humid,urb,perm,mfh,2060,0.558
C-WEU-FRA,Zone_7A Very cold Humid,urb,perm,sfh,2060,0.442
C-WEU-FRA,Zone_3C Warm Marine,urb,perm,mfh,2060,0.851
C-WEU-FRA,Zone_3C Warm Marine,urb,perm,sfh,2060,0.149
C-WEU-FRA,Zone_1A Very hot Humid,urb,perm,mfh,2060,0.429
C-WEU-FRA,Zone_1A Very hot Humid,urb,perm,sfh,2060,0.571
C-WEU-FRA,Zone_2A Hot Humid,urb,perm,mfh,2060,0.34
C-WEU-FRA,Zone_2A Hot Humid,urb,perm,sfh,2060,0.66
C-WEU-GRC,Zone_4A Mixed Humid,rur,perm,mfh,2060,0.489
C-WEU-GRC,Zone_4A Mixed Humid,rur,perm,sfh,2060,0.511
C-WEU-GRC,Zone_4A Mixed Humid,urb,perm,mfh,2060,0.732
C-WEU-GRC,Zone_4A Mixed Humid,urb,perm,sfh,2060,0.268
C-WEU-GRC,Zone_5A Cool Humid,rur,perm,mfh,2060,0.472
C-WEU-GRC,Zone_5A Cool Humid,rur,perm,sfh,2060,0.528
C-WEU-GRC,Zone_5A Cool Humid,urb,perm,mfh,2060,0.607
C-WEU-GRC,Zone_5A Cool Humid,urb,perm,sfh,2060,0.393
C-WEU-GRC,Zone_3A Warm Humid,rur,perm,mfh,2060,0.52
C-WEU-GRC,Zone_3A Warm Humid,rur,perm,sfh,2060,0.48
C-WEU-GRC,Zone_3A Warm Humid,urb,perm,mfh,2060,0.824
C-WEU-GRC,Zone_3A Warm Humid,urb,perm,sfh,2060,0.176
C-WEU-GRC,Zone_4C Mixed Marine,urb,perm,mfh,2060,0.623
C-WEU-GRC,Zone_4C Mixed Marine,urb,perm,sfh,2060,0.377
C-WEU-GRC,Zone_5C Cool Marine,urb,perm,mfh,2060,0.591
C-WEU-GRC,Zone_5C Cool Marine,urb,perm,sfh,2060,0.409
C-WEU-IRL,Zone_4A Mixed Humid,rur,perm,mfh,2060,0.102
C-WEU-IRL,Zone_4A Mixed Humid,rur,perm,sfh,2060,0.898
C-WEU-IRL,Zone_5A Cool Humid,rur,perm,mfh,2060,0.082
C-WEU-IRL,Zone_5A Cool Humid,rur,perm,sfh,2060,0.918
C-WEU-IRL,Zone_5A Cool Humid,urb,perm,mfh,2060,0.221
C-WEU-IRL,Zone_5A Cool Humid,urb,perm,sfh,2060,0.779
C-WEU-ITA,Zone_4A Mixed Humid,rur,perm,mfh,2060,0.691
C-WEU-ITA,Zone_4A Mixed Humid,rur,perm,sfh,2060,0.309
C-WEU-ITA,Zone_4A Mixed Humid,urb,perm,mfh,2060,0.842
C-WEU-ITA,Zone_4A Mixed Humid,urb,perm,sfh,2060,0.158
C-WEU-ITA,Zone_5A Cool Humid,urb,perm,mfh,2060,0.807
C-WEU-ITA,Zone_5A Cool Humid,urb,perm,sfh,2060,0.193
C-WEU-ITA,Zone_6A Cold Humid,urb,perm,mfh,2060,0.835
C-WEU-ITA,Zone_6A Cold Humid,urb,perm,sfh,2060,0.165
C-WEU-ITA,Zone_3A Warm Humid,rur,perm,mfh,2060,0.703
C-WEU-ITA,Zone_3A Warm Humid,rur,perm,sfh,2060,0.297
C-WEU-ITA,Zone_3A Warm Humid,urb,perm,mfh,2060,0.841
C-WEU-ITA,Zone_3A Warm Humid,urb,perm,sfh,2060,0.159
C-WEU-ITA,Zone_4C Mixed Marine,rur,perm,mfh,2060,0.7
C-WEU-ITA,Zone_4C Mixed Marine,rur,perm,sfh,2060,0.3
C-WEU-ITA,Zone_4C Mixed Marine,urb,perm,mfh,2060,0.887
C-WEU-ITA,Zone_4C Mixed Marine,urb,perm,sfh,2060,0.113
C-WEU-ITA,Zone_7A Very cold Humid,rur,perm,mfh,2060,0.738
C-WEU-ITA,Zone_7A Very cold Humid,rur,perm,sfh,2060,0.262
C-WEU-ITA,Zone_7A Very cold Humid,urb,perm,mfh,2060,0.839
C-WEU-ITA,Zone_7A Very cold Humid,urb,perm,sfh,2060,0.161
C-WEU-ITA,Zone_5C Cool Marine,urb,perm,mfh,2060,0.724
C-WEU-ITA,Zone_5C Cool Marine,urb,perm,sfh,2060,0.276
C-WEU-LUX,Zone_5A Cool Humid,urb,perm,mfh,2060,0.522
C-WEU-LUX,Zone_5A Cool Humid,urb,perm,sfh,2060,0.478
C-WEU-MLT,Zone_3A Warm Humid,urb,perm,mfh,2060,0.652
C-WEU-MLT,Zone_3A Warm Humid,urb,perm,sfh,2060,0.348
C-WEU-NLD,Zone_4A Mixed Humid,rur,perm,mfh,2060,0.14
C-WEU-NLD,Zone_4A Mixed Humid,rur,perm,sfh,2060,0.86
C-WEU-NLD,Zone_4A Mixed Humid,urb,perm,mfh,2060,0.383
C-WEU-NLD,Zone_4A Mixed Humid,urb,perm,sfh,2060,0.617
C-WEU-NLD,Zone_5A Cool Humid,urb,perm,mfh,2060,0.22
C-WEU-NLD,Zone_5A Cool Humid,urb,perm,sfh,2060,0.78
C-WEU-PRT,Zone_4A Mixed Humid,rur,perm,mfh,2060,0.289
C-WEU-PRT,Zone_4A Mixed Humid,rur,perm,sfh,2060,0.711
C-WEU-PRT,Zone_3A Warm Humid,rur,perm,mfh,2060,0.335
C-WEU-PRT,Zone_3A Warm Humid,rur,perm,sfh,2060,0.665
C-WEU-PRT,Zone_3A Warm Humid,urb,perm,mfh,2060,0.778
C-WEU-PRT,Zone_3A Warm Humid,urb,perm,sfh,2060,0.222
C-WEU-PRT,Zone_4C Mixed Marine,rur,perm,mfh,2060,0.239
C-WEU-PRT,Zone_4C Mixed Marine,rur,perm,sfh,2060,0.761
C-WEU-PRT,Zone_4C Mixed Marine,urb,perm,mfh,2060,0.425
C-WEU-PRT,Zone_4C Mixed Marine,urb,perm,sfh,2060,0.575
C-WEU-PRT,Zone_3C Warm Marine,rur,perm,mfh,2060,0.265
C-WEU-PRT,Zone_3C Warm Marine,rur,perm,sfh,2060,0.735
C-WEU-PRT,Zone_3C Warm Marine,urb,perm,mfh,2060,0.493
C-WEU-PRT,Zone_3C Warm Marine,urb,perm,sfh,2060,0.507
C-WEU-SWE,Zone_5A Cool Humid,rur,perm,mfh,2060,0.35
C-WEU-SWE,Zone_5A Cool Humid,rur,perm,sfh,2060,0.65
C-WEU-SWE,Zone_5A Cool Humid,urb,perm,mfh,2060,0.492
C-WEU-SWE,Zone_5A Cool Humid,urb,perm,sfh,2060,0.508
C-WEU-SWE,Zone_6A Cold Humid,rur,perm,mfh,2060,0.4
C-WEU-SWE,Zone_6A Cold Humid,rur,perm,sfh,2060,0.6
C-WEU-SWE,Zone_6A Cold Humid,urb,perm,mfh,2060,0.59
C-WEU-SWE,Zone_6A Cold Humid,urb,perm,sfh,2060,0.41
C-WEU-SWE,Zone_7A Very cold Humid,rur,perm,mfh,2060,0.397
C-WEU-SWE,Zone_7A Very cold Humid,rur,perm,sfh,2060,0.603
C-WEU-SWE,Zone_7A Very cold Humid,urb,perm,mfh,2060,0.461
C-WEU-SWE,Zone_7A Very cold Humid,urb,perm,sfh,2060,0.539
C-WEU-SWE,Zone_8A Subarctic/arctic Humid,urb,perm,mfh,2060,0.445
C-WEU-SWE,Zone_8A Subarctic/arctic Humid,urb,perm,sfh,2060,0.555
C-EEU-BGR,Zone_4A Mixed Humid,rur,perm,mfh,2065,0.426
C-EEU-BGR,Zone_4A Mixed Humid,rur,perm,sfh,2065,0.574
C-EEU-BGR,Zone_4A Mixed Humid,urb,perm,mfh,2065,0.609
C-EEU-BGR,Zone_4A Mixed Humid,urb,perm,sfh,2065,0.391
C-EEU-BGR,Zone_5A Cool Humid,rur,perm,mfh,2065,0.773
C-EEU-BGR,Zone_5A Cool Humid,rur,perm,sfh,2065,0.227
C-EEU-BGR,Zone_5A Cool Humid,urb,perm,mfh,2065,0.773
C-EEU-BGR,Zone_5A Cool Humid,urb,perm,sfh,2065,0.227
C-EEU-CZE,Zone_5A Cool Humid,rur,perm,mfh,2065,0.657
C-EEU-CZE,Zone_5A Cool Humid,rur,perm,sfh,2065,0.343
C-EEU-CZE,Zone_5A Cool Humid,urb,perm,mfh,2065,0.73
C-EEU-CZE,Zone_5A Cool Humid,urb,perm,sfh,2065,0.27
C-EEU-EST,Zone_6A Cold Humid,rur,perm,mfh,2065,0.548
C-EEU-EST,Zone_6A Cold Humid,rur,perm,sfh,2065,0.452
C-EEU-EST,Zone_6A Cold Humid,urb,perm,mfh,2065,0.768
C-EEU-EST,Zone_6A Cold Humid,urb,perm,sfh,2065,0.232
C-EEU-HRV,Zone_4A Mixed Humid,rur,perm,mfh,2065,0.331
C-EEU-HRV,Zone_4A Mixed Humid,rur,perm,sfh,2065,0.669
C-EEU-HRV,Zone_4A Mixed Humid,urb,perm,mfh,2065,0.667
C-EEU-HRV,Zone_4A Mixed Humid,urb,perm,sfh,2065,0.333
C-EEU-HRV,Zone_5A Cool Humid,rur,perm,mfh,2065,0.412
C-EEU-HRV,Zone_5A Cool Humid,rur,perm,sfh,2065,0.588
C-EEU-HRV,Zone_3A Warm Humid,rur,perm,mfh,2065,0.648
C-EEU-HRV,Zone_3A Warm Humid,rur,perm,sfh,2065,0.352
C-EEU-HRV,Zone_4C Mixed Marine,rur,perm,mfh,2065,0.608
C-EEU-HRV,Zone_4C Mixed Marine,rur,perm,sfh,2065,0.392
C-EEU-HUN,Zone_4A Mixed Humid,rur,perm,mfh,2065,0.274
C-EEU-HUN,Zone_4A Mixed Humid,rur,perm,sfh,2065,0.726
C-EEU-HUN,Zone_4A Mixed Humid,urb,perm,mfh,2065,0.447
C-EEU-HUN,Zone_4A Mixed Humid,urb,perm,sfh,2065,0.553
C-EEU-HUN,Zone_5A Cool Humid,rur,perm,mfh,2065,0.22
C-EEU-HUN,Zone_5A Cool Humid,rur,perm,sfh,2065,0.78
C-EEU-HUN,Zone_5A Cool Humid,urb,perm,mfh,2065,0.368
C-EEU-HUN,Zone_5A Cool Humid,urb,perm,sfh,2065,0.632
C-EEU-LTU,Zone_5A Cool Humid,rur,perm,mfh,2065,0.42
C-EEU-LTU,Zone_5A Cool Humid,rur,perm,sfh,2065,0.58
C-EEU-LTU,Zone_5A Cool Humid,urb,perm,mfh,2065,0.707
C-EEU-LTU,Zone_5A Cool Humid,urb,perm,sfh,2065,0.293
C-EEU-LTU,Zone_6A Cold Humid,rur,perm,mfh,2065,0.449
C-EEU-LTU,Zone_6A Cold Humid,rur,perm,sfh,2065,0.551
C-EEU-LTU,Zone_6A Cold Humid,urb,perm,mfh,2065,0.648
C-EEU-LTU,Zone_6A Cold Humid,urb,perm,sfh,2065,0.352
C-EEU-LVA,Zone_6A Cold Humid,rur,perm,mfh,2065,0.612
C-EEU-LVA,Zone_6A Cold Humid,rur,perm,sfh,2065,0.388
C-EEU-LVA,Zone_6A Cold Humid,urb,perm,mfh,2065,0.843
C-EEU-LVA,Zone_6A Cold Humid,urb,perm,sfh,2065,0.157
C-EEU-POL,Zone_5A Cool Humid,rur,perm,mfh,2065,0.414
C-EEU-POL,Zone_5A Cool Humid,rur,perm,sfh,2065,0.586
C-EEU-POL,Zone_5A Cool Humid,urb,perm,mfh,2065,0.698
C-EEU-POL,Zone_5A Cool Humid,urb,perm,sfh,2065,0.302
C-EEU-POL,Zone_6A Cold Humid,rur,perm,mfh,2065,0.192
C-EEU-POL,Zone_6A Cold Humid,rur,perm,sfh,2065,0.808
C-EEU-POL,Zone_6A Cold Humid,urb,perm,mfh,2065,0.431
C-EEU-POL,Zone_6A Cold Humid,urb,perm,sfh,2065,0.569
C-EEU-ROU,Zone_4A Mixed Humid,rur,perm,mfh,2065,0.312
C-EEU-ROU,Zone_4A Mixed Humid,rur,perm,sfh,2065,0.688
C-EEU-ROU,Zone_4A Mixed Humid,urb,perm,mfh,2065,0.664
C-EEU-ROU,Zone_4A Mixed Humid,urb,perm,sfh,2065,0.336
C-EEU-ROU,Zone_5A Cool Humid,rur,perm,mfh,2065,0.34
C-EEU-ROU,Zone_5A Cool Humid,rur,perm,sfh,2065,0.66
C-EEU-ROU,Zone_5A Cool Humid,urb,perm,mfh,2065,0.517
C-EEU-ROU,Zone_5A Cool Humid,urb,perm,sfh,2065,0.483
C-EEU-ROU,Zone_6A Cold Humid,rur,perm,mfh,2065,0.397
C-EEU-ROU,Zone_6A Cold Humid,rur,perm,sfh,2065,0.603
C-EEU-SVK,Zone_5A Cool Humid,rur,perm,mfh,2065,0.438
C-EEU-SVK,Zone_5A Cool Humid,rur,perm,sfh,2065,0.562
C-EEU-SVK,Zone_5A Cool Humid,urb,perm,mfh,2065,0.603
C-EEU-SVK,Zone_5A Cool Humid,urb,perm,sfh,2065,0.397
C-EEU-SVK,Zone_6A Cold Humid,rur,perm,mfh,2065,0.46
C-EEU-SVK,Zone_6A Cold Humid,rur,perm,sfh,2065,0.54
C-EEU-SVK,Zone_6A Cold Humid,urb,perm,mfh,2065,0.448
C-EEU-SVK,Zone_6A Cold Humid,urb,perm,sfh,2065,0.552
C-EEU-SVN,Zone_4A Mixed Humid,rur,perm,mfh,2065,0.371
C-EEU-SVN,Zone_4A Mixed Humid,rur,perm,sfh,2065,0.629
C-EEU-SVN,Zone_4A Mixed Humid,urb,perm,mfh,2065,0.582
C-EEU-SVN,Zone_4A Mixed Humid,urb,perm,sfh,2065,0.418
C-EEU-SVN,Zone_5A Cool Humid,rur,perm,mfh,2065,0.395
C-EEU-SVN,Zone_5A Cool Humid,rur,perm,sfh,2065,0.605
C-EEU-SVN,Zone_5A Cool Humid,urb,perm,mfh,2065,0.562
C-EEU-SVN,Zone_5A Cool Humid,urb,perm,sfh,2065,0.438
C-EEU-SVN,Zone_7A Very cold Humid,rur,perm,mfh,2065,0.414
C-EEU-SVN,Zone_7A Very cold Humid,rur,perm,sfh,2065,0.586
C-WEU-AUT,Zone_4A Mixed Humid,rur,perm,mfh,2065,0.415
C-WEU-AUT,Zone_4A Mixed Humid,rur,perm,sfh,2065,0.585
C-WEU-AUT,Zone_4A Mixed Humid,urb,perm,mfh,2065,0.874
C-WEU-AUT,Zone_4A Mixed Humid,urb,perm,sfh,2065,0.126
C-WEU-AUT,Zone_5A Cool Humid,rur,perm,mfh,2065,0.478
C-WEU-AUT,Zone_5A Cool Humid,rur,perm,sfh,2065,0.522
C-WEU-AUT,Zone_5A Cool Humid,urb,perm,mfh,2065,0.603
C-WEU-AUT,Zone_5A Cool Humid,urb,perm,sfh,2065,0.397
C-WEU-AUT,Zone_6A Cold Humid,rur,perm,mfh,2065,0.608
C-WEU-AUT,Zone_6A Cold Humid,rur,perm,sfh,2065,0.392
C-WEU-AUT,Zone_6A Cold Humid,urb,perm,mfh,2065,0.72
C-WEU-AUT,Zone_6A Cold Humid,urb,perm,sfh,2065,0.28
C-WEU-AUT,Zone_7A Very cold Humid,rur,perm,mfh,2065,0.66
C-WEU-AUT,Zone_7A Very cold Humid,rur,perm,sfh,2065,0.34
C-WEU-AUT,Zone_7A Very cold Humid,urb,perm,mfh,2065,0.841
C-WEU-AUT,Zone_7A Very cold Humid,urb,perm,sfh,2065,0.159
C-WEU-BEL,Zone_4A Mixed Humid,rur,perm,mfh,2065,0.174
C-WEU-BEL,Zone_4A Mixed Humid,rur,perm,sfh,2065,0.826
C-WEU-BEL,Zone_4A Mixed Humid,urb,perm,mfh,2065,0.356
C-WEU-BEL,Zone_4A Mixed Humid,urb,perm,sfh,2065,0.644
C-WEU-BEL,Zone_5A Cool Humid,rur,perm,mfh,2065,0.24
C-WEU-BEL,Zone_5A Cool Humid,rur,perm,sfh,2065,0.76
C-WEU-BEL,Zone_5A Cool Humid,urb,perm,mfh,2065,0.295
C-WEU-BEL,Zone_5A Cool Humid,urb,perm,sfh,2065,0.705
C-WEU-CYP,Zone_3A Warm Humid,urb,perm,mfh,2065,0.518
C-WEU-CYP,Zone_3A Warm Humid,urb,perm,sfh,2065,0.482
C-WEU-DEU,Zone_4A Mixed Humid,rur,perm,mfh,2065,0.446
C-WEU-DEU,Zone_4A Mixed Humid,rur,perm,sfh,2065,0.554
C-WEU-DEU,Zone_4A Mixed Humid,urb,perm,mfh,2065,0.732
C-WEU-DEU,Zone_4A Mixed Humid,urb,perm,sfh,2065,0.268
C-WEU-DEU,Zone_5A Cool Humid,rur,perm,mfh,2065,0.549
C-WEU-DEU,Zone_5A Cool Humid,rur,perm,sfh,2065,0.451
C-WEU-DEU,Zone_5A Cool Humid,urb,perm,mfh,2065,0.698
C-WEU-DEU,Zone_5A Cool Humid,urb,perm,sfh,2065,0.302
C-WEU-DEU,Zone_6A Cold Humid,rur,perm,mfh,2065,0.635
C-WEU-DEU,Zone_6A Cold Humid,rur,perm,sfh,2065,0.365
C-WEU-DEU,Zone_6A Cold Humid,urb,perm,mfh,2065,0.746
C-WEU-DEU,Zone_6A Cold Humid,urb,perm,sfh,2065,0.254
C-WEU-DNK,Zone_5A Cool Humid,rur,perm,mfh,2065,0.323
C-WEU-DNK,Zone_5A Cool Humid,rur,perm,sfh,2065,0.677
C-WEU-DNK,Zone_5A Cool Humid,urb,perm,mfh,2065,0.516
C-WEU-DNK,Zone_5A Cool Humid,urb,perm,sfh,2065,0.484
C-WEU-ESP,Zone_4A Mixed Humid,rur,perm,mfh,2065,0.521
C-WEU-ESP,Zone_4A Mixed Humid,rur,perm,sfh,2065,0.479
C-WEU-ESP,Zone_4A Mixed Humid,urb,perm,mfh,2065,0.785
C-WEU-ESP,Zone_4A Mixed Humid,urb,perm,sfh,2065,0.215
C-WEU-ESP,Zone_3A Warm Humid,rur,perm,mfh,2065,0.257
C-WEU-ESP,Zone_3A Warm Humid,rur,perm,sfh,2065,0.743
C-WEU-ESP,Zone_3A Warm Humid,urb,perm,mfh,2065,0.76
C-WEU-ESP,Zone_3A Warm Humid,urb,perm,sfh,2065,0.24
C-WEU-ESP,Zone_4C Mixed Marine,rur,perm,mfh,2065,0.549
C-WEU-ESP,Zone_4C Mixed Marine,rur,perm,sfh,2065,0.451
C-WEU-ESP,Zone_4C Mixed Marine,urb,perm,mfh,2065,0.705
C-WEU-ESP,Zone_4C Mixed Marine,urb,perm,sfh,2065,0.295
C-WEU-ESP,Zone_2B Hot Dry,urb,perm,mfh,2065,0.647
C-WEU-ESP,Zone_2B Hot Dry,urb,perm,sfh,2065,0.353
C-WEU-ESP,Zone_3B Warm Dry,rur,perm,mfh,2065,0.494
C-WEU-ESP,Zone_3B Warm Dry,rur,perm,sfh,2065,0.506
C-WEU-ESP,Zone_3B Warm Dry,urb,perm,mfh,2065,0.726
C-WEU-ESP,Zone_3B Warm Dry,urb,perm,sfh,2065,0.274
C-WEU-ESP,Zone_3C Warm Marine,urb,perm,mfh,2065,0.672
C-WEU-ESP,Zone_3C Warm Marine,urb,perm,sfh,2065,0.328
C-WEU-FIN,Zone_6A Cold Humid,rur,perm,mfh,2065,0.512
C-WEU-FIN,Zone_6A Cold Humid,rur,perm,sfh,2065,0.488
C-WEU-FIN,Zone_6A Cold Humid,urb,perm,mfh,2065,0.756
C-WEU-FIN,Zone_6A Cold Humid,urb,perm,sfh,2065,0.244
C-WEU-FIN,Zone_7A Very cold Humid,rur,perm,mfh,2065,0.522
C-WEU-FIN,Zone_7A Very cold Humid,rur,perm,sfh,2065,0.478
C-WEU-FIN,Zone_7A Very cold Humid,urb,perm,mfh,2065,0.635
C-WEU-FIN,Zone_7A Very cold Humid,urb,perm,sfh,2065,0.365
C-WEU-FRA,Zone_4A Mixed Humid,rur,perm,mfh,2065,0.245
C-WEU-FRA,Zone_4A Mixed Humid,rur,perm,sfh,2065,0.755
C-WEU-FRA,Zone_4A Mixed Humid,urb,perm,mfh,2065,0.544
C-WEU-FRA,Zone_4A Mixed Humid,urb,perm,sfh,2065,0.456
C-WEU-FRA,Zone_5A Cool Humid,rur,perm,mfh,2065,0.283
C-WEU-FRA,Zone_5A Cool Humid,rur,perm,sfh,2065,0.717
C-WEU-FRA,Zone_5A Cool Humid,urb,perm,mfh,2065,0.513
C-WEU-FRA,Zone_5A Cool Humid,urb,perm,sfh,2065,0.487
C-WEU-FRA,Zone_3A Warm Humid,rur,perm,mfh,2065,0.221
C-WEU-FRA,Zone_3A Warm Humid,rur,perm,sfh,2065,0.779
C-WEU-FRA,Zone_3A Warm Humid,urb,perm,mfh,2065,0.538
C-WEU-FRA,Zone_3A Warm Humid,urb,perm,sfh,2065,0.462
C-WEU-FRA,Zone_4C Mixed Marine,rur,perm,mfh,2065,0.514
C-WEU-FRA,Zone_4C Mixed Marine,rur,perm,sfh,2065,0.486
C-WEU-FRA,Zone_7A Very cold Humid,urb,perm,mfh,2065,0.558
C-WEU-FRA,Zone_7A Very cold Humid,urb,perm,sfh,2065,0.442
C-WEU-FRA,Zone_3C Warm Marine,urb,perm,mfh,2065,0.851
C-WEU-FRA,Zone_3C Warm Marine,urb,perm,sfh,2065,0.149
C-WEU-FRA,Zone_1A Very hot Humid,urb,perm,mfh,2065,0.429
C-WEU-FRA,Zone_1A Very hot Humid,urb,perm,sfh,2065,0.571
C-WEU-FRA,Zone_2A Hot Humid,urb,perm,mfh,2065,0.34
C-WEU-FRA,Zone_2A Hot Humid,urb,perm,sfh,2065,0.66
C-WEU-GRC,Zone_4A Mixed Humid,rur,perm,mfh,2065,0.489
C-WEU-GRC,Zone_4A Mixed Humid,rur,perm,sfh,2065,0.511
C-WEU-GRC,Zone_4A Mixed Humid,urb,perm,mfh,2065,0.732
C-WEU-GRC,Zone_4A Mixed Humid,urb,perm,sfh,2065,0.268
C-WEU-GRC,Zone_5A Cool Humid,rur,perm,mfh,2065,0.472
C-WEU-GRC,Zone_5A Cool Humid,rur,perm,sfh,2065,0.528
C-WEU-GRC,Zone_5A Cool Humid,urb,perm,mfh,2065,0.607
C-WEU-GRC,Zone_5A Cool Humid,urb,perm,sfh,2065,0.393
C-WEU-GRC,Zone_3A Warm Humid,rur,perm,mfh,2065,0.52
C-WEU-GRC,Zone_3A Warm Humid,rur,perm,sfh,2065,0.48
C-WEU-GRC,Zone_3A Warm Humid,urb,perm,mfh,2065,0.824
C-WEU-GRC,Zone_3A Warm Humid,urb,perm,sfh,2065,0.176
C-WEU-GRC,Zone_4C Mixed Marine,urb,perm,mfh,2065,0.623
C-WEU-GRC,Zone_4C Mixed Marine,urb,perm,sfh,2065,0.377
C-WEU-GRC,Zone_5C Cool Marine,urb,perm,mfh,2065,0.591
C-WEU-GRC,Zone_5C Cool Marine,urb,perm,sfh,2065,0.409
C-WEU-IRL,Zone_4A Mixed Humid,rur,perm,mfh,2065,0.102
C-WEU-IRL,Zone_4A Mixed Humid,rur,perm,sfh,2065,0.898
C-WEU-IRL,Zone_5A Cool Humid,rur,perm,mfh,2065,0.082
C-WEU-IRL,Zone_5A Cool Humid,rur,perm,sfh,2065,0.918
C-WEU-IRL,Zone_5A Cool Humid,urb,perm,mfh,2065,0.221
C-WEU-IRL,Zone_5A Cool Humid,urb,perm,sfh,2065,0.779
C-WEU-ITA,Zone_4A Mixed Humid,rur,perm,mfh,2065,0.691
C-WEU-ITA,Zone_4A Mixed Humid,rur,perm,sfh,2065,0.309
C-WEU-ITA,Zone_4A Mixed Humid,urb,perm,mfh,2065,0.842
C-WEU-ITA,Zone_4A Mixed Humid,urb,perm,sfh,2065,0.158
C-WEU-ITA,Zone_5A Cool Humid,urb,perm,mfh,2065,0.807
C-WEU-ITA,Zone_5A Cool Humid,urb,perm,sfh,2065,0.193
C-WEU-ITA,Zone_6A Cold Humid,urb,perm,mfh,2065,0.835
C-WEU-ITA,Zone_6A Cold Humid,urb,perm,sfh,2065,0.165
C-WEU-ITA,Zone_3A Warm Humid,rur,perm,mfh,2065,0.703
C-WEU-ITA,Zone_3A Warm Humid,rur,perm,sfh,2065,0.297
C-WEU-ITA,Zone_3A Warm Humid,urb,perm,mfh,2065,0.841
C-WEU-ITA,Zone_3A Warm Humid,urb,perm,sfh,2065,0.159
C-WEU-ITA,Zone_4C Mixed Marine,rur,perm,mfh,2065,0.7
C-WEU-ITA,Zone_4C Mixed Marine,rur,perm,sfh,2065,0.3
C-WEU-ITA,Zone_4C Mixed Marine,urb,perm,mfh,2065,0.887
C-WEU-ITA,Zone_4C Mixed Marine,urb,perm,sfh,2065,0.113
C-WEU-ITA,Zone_7A Very cold Humid,rur,perm,mfh,2065,0.738
C-WEU-ITA,Zone_7A Very cold Humid,rur,perm,sfh,2065,0.262
C-WEU-ITA,Zone_7A Very cold Humid,urb,perm,mfh,2065,0.839
C-WEU-ITA,Zone_7A Very cold Humid,urb,perm,sfh,2065,0.161
C-WEU-ITA,Zone_5C Cool Marine,urb,perm,mfh,2065,0.724
C-WEU-ITA,Zone_5C Cool Marine,urb,perm,sfh,2065,0.276
C-WEU-LUX,Zone_5A Cool Humid,urb,perm,mfh,2065,0.522
C-WEU-LUX,Zone_5A Cool Humid,urb,perm,sfh,2065,0.478
C-WEU-MLT,Zone_3A Warm Humid,urb,perm,mfh,2065,0.652
C-WEU-MLT,Zone_3A Warm Humid,urb,perm,sfh,2065,0.348
C-WEU-NLD,Zone_4A Mixed Humid,rur,perm,mfh,2065,0.14
C-WEU-NLD,Zone_4A Mixed Humid,rur,perm,sfh,2065,0.86
C-WEU-NLD,Zone_4A Mixed Humid,urb,perm,mfh,2065,0.383
C-WEU-NLD,Zone_4A Mixed Humid,urb,perm,sfh,2065,0.617
C-WEU-NLD,Zone_5A Cool Humid,urb,perm,mfh,2065,0.22
C-WEU-NLD,Zone_5A Cool Humid,urb,perm,sfh,2065,0.78
C-WEU-PRT,Zone_4A Mixed Humid,rur,perm,mfh,2065,0.289
C-WEU-PRT,Zone_4A Mixed Humid,rur,perm,sfh,2065,0.711
C-WEU-PRT,Zone_3A Warm Humid,rur,perm,mfh,2065,0.335
C-WEU-PRT,Zone_3A Warm Humid,rur,perm,sfh,2065,0.665
C-WEU-PRT,Zone_3A Warm Humid,urb,perm,mfh,2065,0.778
C-WEU-PRT,Zone_3A Warm Humid,urb,perm,sfh,2065,0.222
C-WEU-PRT,Zone_4C Mixed Marine,rur,perm,mfh,2065,0.239
C-WEU-PRT,Zone_4C Mixed Marine,rur,perm,sfh,2065,0.761
C-WEU-PRT,Zone_4C Mixed Marine,urb,perm,mfh,2065,0.425
C-WEU-PRT,Zone_4C Mixed Marine,urb,perm,sfh,2065,0.575
C-WEU-PRT,Zone_3C Warm Marine,rur,perm,mfh,2065,0.265
C-WEU-PRT,Zone_3C Warm Marine,rur,perm,sfh,2065,0.735
C-WEU-PRT,Zone_3C Warm Marine,urb,perm,mfh,2065,0.493
C-WEU-PRT,Zone_3C Warm Marine,urb,perm,sfh,2065,0.507
C-WEU-SWE,Zone_5A Cool Humid,rur,perm,mfh,2065,0.35
C-WEU-SWE,Zone_5A Cool Humid,rur,perm,sfh,2065,0.65
C-WEU-SWE,Zone_5A Cool Humid,urb,perm,mfh,2065,0.492
C-WEU-SWE,Zone_5A Cool Humid,urb,perm,sfh,2065,0.508
C-WEU-SWE,Zone_6A Cold Humid,rur,perm,mfh,2065,0.4
C-WEU-SWE,Zone_6A Cold Humid,rur,perm,sfh,2065,0.6
C-WEU-SWE,Zone_6A Cold Humid,urb,perm,mfh,2065,0.59
C-WEU-SWE,Zone_6A Cold Humid,urb,perm,sfh,2065,0.41
C-WEU-SWE,Zone_7A Very cold Humid,rur,perm,mfh,2065,0.397
C-WEU-SWE,Zone_7A Very cold Humid,rur,perm,sfh,2065,0.603
C-WEU-SWE,Zone_7A Very cold Humid,urb,perm,mfh,2065,0.461
C-WEU-SWE,Zone_7A Very cold Humid,urb,perm,sfh,2065,0.539
C-WEU-SWE,Zone_8A Subarctic/arctic Humid,urb,perm,mfh,2065,0.445
C-WEU-SWE,Zone_8A Subarctic/arctic Humid,urb,perm,sfh,2065,0.555
C-EEU-BGR,Zone_4A Mixed Humid,rur,perm,mfh,2070,0.426
C-EEU-BGR,Zone_4A Mixed Humid,rur,perm,sfh,2070,0.574
C-EEU-BGR,Zone_4A Mixed Humid,urb,perm,mfh,2070,0.609
C-EEU-BGR,Zone_4A Mixed Humid,urb,perm,sfh,2070,0.391
C-EEU-BGR,Zone_5A Cool Humid,rur,perm,mfh,2070,0.773
C-EEU-BGR,Zone_5A Cool Humid,rur,perm,sfh,2070,0.227
C-EEU-BGR,Zone_5A Cool Humid,urb,perm,mfh,2070,0.773
C-EEU-BGR,Zone_5A Cool Humid,urb,perm,sfh,2070,0.227
C-EEU-CZE,Zone_5A Cool Humid,rur,perm,mfh,2070,0.657
C-EEU-CZE,Zone_5A Cool Humid,rur,perm,sfh,2070,0.343
C-EEU-CZE,Zone_5A Cool Humid,urb,perm,mfh,2070,0.73
C-EEU-CZE,Zone_5A Cool Humid,urb,perm,sfh,2070,0.27
C-EEU-EST,Zone_6A Cold Humid,rur,perm,mfh,2070,0.548
C-EEU-EST,Zone_6A Cold Humid,rur,perm,sfh,2070,0.452
C-EEU-EST,Zone_6A Cold Humid,urb,perm,mfh,2070,0.768
C-EEU-EST,Zone_6A Cold Humid,urb,perm,sfh,2070,0.232
C-EEU-HRV,Zone_4A Mixed Humid,rur,perm,mfh,2070,0.331
C-EEU-HRV,Zone_4A Mixed Humid,rur,perm,sfh,2070,0.669
C-EEU-HRV,Zone_4A Mixed Humid,urb,perm,mfh,2070,0.667
C-EEU-HRV,Zone_4A Mixed Humid,urb,perm,sfh,2070,0.333
C-EEU-HRV,Zone_5A Cool Humid,rur,perm,mfh,2070,0.412
C-EEU-HRV,Zone_5A Cool Humid,rur,perm,sfh,2070,0.588
C-EEU-HRV,Zone_3A Warm Humid,rur,perm,mfh,2070,0.648
C-EEU-HRV,Zone_3A Warm Humid,rur,perm,sfh,2070,0.352
C-EEU-HRV,Zone_4C Mixed Marine,rur,perm,mfh,2070,0.608
C-EEU-HRV,Zone_4C Mixed Marine,rur,perm,sfh,2070,0.392
C-EEU-HUN,Zone_4A Mixed Humid,rur,perm,mfh,2070,0.274
C-EEU-HUN,Zone_4A Mixed Humid,rur,perm,sfh,2070,0.726
C-EEU-HUN,Zone_4A Mixed Humid,urb,perm,mfh,2070,0.447
C-EEU-HUN,Zone_4A Mixed Humid,urb,perm,sfh,2070,0.553
C-EEU-HUN,Zone_5A Cool Humid,rur,perm,mfh,2070,0.22
C-EEU-HUN,Zone_5A Cool Humid,rur,perm,sfh,2070,0.78
C-EEU-HUN,Zone_5A Cool Humid,urb,perm,mfh,2070,0.368
C-EEU-HUN,Zone_5A Cool Humid,urb,perm,sfh,2070,0.632
C-EEU-LTU,Zone_5A Cool Humid,rur,perm,mfh,2070,0.42
C-EEU-LTU,Zone_5A Cool Humid,rur,perm,sfh,2070,0.58
C-EEU-LTU,Zone_5A Cool Humid,urb,perm,mfh,2070,0.707
C-EEU-LTU,Zone_5A Cool Humid,urb,perm,sfh,2070,0.293
C-EEU-LTU,Zone_6A Cold Humid,rur,perm,mfh,2070,0.449
C-EEU-LTU,Zone_6A Cold Humid,rur,perm,sfh,2070,0.551
C-EEU-LTU,Zone_6A Cold Humid,urb,perm,mfh,2070,0.648
C-EEU-LTU,Zone_6A Cold Humid,urb,perm,sfh,2070,0.352
C-EEU-LVA,Zone_6A Cold Humid,rur,perm,mfh,2070,0.612
C-EEU-LVA,Zone_6A Cold Humid,rur,perm,sfh,2070,0.388
C-EEU-LVA,Zone_6A Cold Humid,urb,perm,mfh,2070,0.843
C-EEU-LVA,Zone_6A Cold Humid,urb,perm,sfh,2070,0.157
C-EEU-POL,Zone_5A Cool Humid,rur,perm,mfh,2070,0.414
C-EEU-POL,Zone_5A Cool Humid,rur,perm,sfh,2070,0.586
C-EEU-POL,Zone_5A Cool Humid,urb,perm,mfh,2070,0.698
C-EEU-POL,Zone_5A Cool Humid,urb,perm,sfh,2070,0.302
C-EEU-POL,Zone_6A Cold Humid,rur,perm,mfh,2070,0.192
C-EEU-POL,Zone_6A Cold Humid,rur,perm,sfh,2070,0.808
C-EEU-POL,Zone_6A Cold Humid,urb,perm,mfh,2070,0.431
C-EEU-POL,Zone_6A Cold Humid,urb,perm,sfh,2070,0.569
C-EEU-ROU,Zone_4A Mixed Humid,rur,perm,mfh,2070,0.312
C-EEU-ROU,Zone_4A Mixed Humid,rur,perm,sfh,2070,0.688
C-EEU-ROU,Zone_4A Mixed Humid,urb,perm,mfh,2070,0.664
C-EEU-ROU,Zone_4A Mixed Humid,urb,perm,sfh,2070,0.336
C-EEU-ROU,Zone_5A Cool Humid,rur,perm,mfh,2070,0.34
C-EEU-ROU,Zone_5A Cool Humid,rur,perm,sfh,2070,0.66
C-EEU-ROU,Zone_5A Cool Humid,urb,perm,mfh,2070,0.517
C-EEU-ROU,Zone_5A Cool Humid,urb,perm,sfh,2070,0.483
C-EEU-ROU,Zone_6A Cold Humid,rur,perm,mfh,2070,0.397
C-EEU-ROU,Zone_6A Cold Humid,rur,perm,sfh,2070,0.603
C-EEU-SVK,Zone_5A Cool Humid,rur,perm,mfh,2070,0.438
C-EEU-SVK,Zone_5A Cool Humid,rur,perm,sfh,2070,0.562
C-EEU-SVK,Zone_5A Cool Humid,urb,perm,mfh,2070,0.603
C-EEU-SVK,Zone_5A Cool Humid,urb,perm,sfh,2070,0.397
C-EEU-SVK,Zone_6A Cold Humid,rur,perm,mfh,2070,0.46
C-EEU-SVK,Zone_6A Cold Humid,rur,perm,sfh,2070,0.54
C-EEU-SVK,Zone_6A Cold Humid,urb,perm,mfh,2070,0.448
C-EEU-SVK,Zone_6A Cold Humid,urb,perm,sfh,2070,0.552
C-EEU-SVN,Zone_4A Mixed Humid,rur,perm,mfh,2070,0.371
C-EEU-SVN,Zone_4A Mixed Humid,rur,perm,sfh,2070,0.629
C-EEU-SVN,Zone_4A Mixed Humid,urb,perm,mfh,2070,0.582
C-EEU-SVN,Zone_4A Mixed Humid,urb,perm,sfh,2070,0.418
C-EEU-SVN,Zone_5A Cool Humid,rur,perm,mfh,2070,0.395
C-EEU-SVN,Zone_5A Cool Humid,rur,perm,sfh,2070,0.605
C-EEU-SVN,Zone_5A Cool Humid,urb,perm,mfh,2070,0.562
C-EEU-SVN,Zone_5A Cool Humid,urb,perm,sfh,2070,0.438
C-EEU-SVN,Zone_7A Very cold Humid,rur,perm,mfh,2070,0.414
C-EEU-SVN,Zone_7A Very cold Humid,rur,perm,sfh,2070,0.586
C-WEU-AUT,Zone_4A Mixed Humid,rur,perm,mfh,2070,0.415
C-WEU-AUT,Zone_4A Mixed Humid,rur,perm,sfh,2070,0.585
C-WEU-AUT,Zone_4A Mixed Humid,urb,perm,mfh,2070,0.874
C-WEU-AUT,Zone_4A Mixed Humid,urb,perm,sfh,2070,0.126
C-WEU-AUT,Zone_5A Cool Humid,rur,perm,mfh,2070,0.478
C-WEU-AUT,Zone_5A Cool Humid,rur,perm,sfh,2070,0.522
C-WEU-AUT,Zone_5A Cool Humid,urb,perm,mfh,2070,0.603
C-WEU-AUT,Zone_5A Cool Humid,urb,perm,sfh,2070,0.397
C-WEU-AUT,Zone_6A Cold Humid,rur,perm,mfh,2070,0.608
C-WEU-AUT,Zone_6A Cold Humid,rur,perm,sfh,2070,0.392
C-WEU-AUT,Zone_6A Cold Humid,urb,perm,mfh,2070,0.72
C-WEU-AUT,Zone_6A Cold Humid,urb,perm,sfh,2070,0.28
C-WEU-AUT,Zone_7A Very cold Humid,rur,perm,mfh,2070,0.66
C-WEU-AUT,Zone_7A Very cold Humid,rur,perm,sfh,2070,0.34
C-WEU-AUT,Zone_7A Very cold Humid,urb,perm,mfh,2070,0.841
C-WEU-AUT,Zone_7A Very cold Humid,urb,perm,sfh,2070,0.159
C-WEU-BEL,Zone_4A Mixed Humid,rur,perm,mfh,2070,0.174
C-WEU-BEL,Zone_4A Mixed Humid,rur,perm,sfh,2070,0.826
C-WEU-BEL,Zone_4A Mixed Humid,urb,perm,mfh,2070,0.356
C-WEU-BEL,Zone_4A Mixed Humid,urb,perm,sfh,2070,0.644
C-WEU-BEL,Zone_5A Cool Humid,rur,perm,mfh,2070,0.24
C-WEU-BEL,Zone_5A Cool Humid,rur,perm,sfh,2070,0.76
C-WEU-BEL,Zone_5A Cool Humid,urb,perm,mfh,2070,0.295
C-WEU-BEL,Zone_5A Cool Humid,urb,perm,sfh,2070,0.705
C-WEU-CYP,Zone_3A Warm Humid,urb,perm,mfh,2070,0.518
C-WEU-CYP,Zone_3A Warm Humid,urb,perm,sfh,2070,0.482
C-WEU-DEU,Zone_4A Mixed Humid,rur,perm,mfh,2070,0.446
C-WEU-DEU,Zone_4A Mixed Humid,rur,perm,sfh,2070,0.554
C-WEU-DEU,Zone_4A Mixed Humid,urb,perm,mfh,2070,0.732
C-WEU-DEU,Zone_4A Mixed Humid,urb,perm,sfh,2070,0.268
C-WEU-DEU,Zone_5A Cool Humid,rur,perm,mfh,2070,0.549
C-WEU-DEU,Zone_5A Cool Humid,rur,perm,sfh,2070,0.451
C-WEU-DEU,Zone_5A Cool Humid,urb,perm,mfh,2070,0.698
C-WEU-DEU,Zone_5A Cool Humid,urb,perm,sfh,2070,0.302
C-WEU-DEU,Zone_6A Cold Humid,rur,perm,mfh,2070,0.635
C-WEU-DEU,Zone_6A Cold Humid,rur,perm,sfh,2070,0.365
C-WEU-DEU,Zone_6A Cold Humid,urb,perm,mfh,2070,0.746
C-WEU-DEU,Zone_6A Cold Humid,urb,perm,sfh,2070,0.254
C-WEU-DNK,Zone_5A Cool Humid,rur,perm,mfh,2070,0.323
C-WEU-DNK,Zone_5A Cool Humid,rur,perm,sfh,2070,0.677
C-WEU-DNK,Zone_5A Cool Humid,urb,perm,mfh,2070,0.516
C-WEU-DNK,Zone_5A Cool Humid,urb,perm,sfh,2070,0.484
C-WEU-ESP,Zone_4A Mixed Humid,rur,perm,mfh,2070,0.521
C-WEU-ESP,Zone_4A Mixed Humid,rur,perm,sfh,2070,0.479
C-WEU-ESP,Zone_4A Mixed Humid,urb,perm,mfh,2070,0.785
C-WEU-ESP,Zone_4A Mixed Humid,urb,perm,sfh,2070,0.215
C-WEU-ESP,Zone_3A Warm Humid,rur,perm,mfh,2070,0.257
C-WEU-ESP,Zone_3A Warm Humid,rur,perm,sfh,2070,0.743
C-WEU-ESP,Zone_3A Warm Humid,urb,perm,mfh,2070,0.76
C-WEU-ESP,Zone_3A Warm Humid,urb,perm,sfh,2070,0.24
C-WEU-ESP,Zone_4C Mixed Marine,rur,perm,mfh,2070,0.549
C-WEU-ESP,Zone_4C Mixed Marine,rur,perm,sfh,2070,0.451
C-WEU-ESP,Zone_4C Mixed Marine,urb,perm,mfh,2070,0.705
C-WEU-ESP,Zone_4C Mixed Marine,urb,perm,sfh,2070,0.295
C-WEU-ESP,Zone_2B Hot Dry,urb,perm,mfh,2070,0.647
C-WEU-ESP,Zone_2B Hot Dry,urb,perm,sfh,2070,0.353
C-WEU-ESP,Zone_3B Warm Dry,rur,perm,mfh,2070,0.494
C-WEU-ESP,Zone_3B Warm Dry,rur,perm,sfh,2070,0.506
C-WEU-ESP,Zone_3B Warm Dry,urb,perm,mfh,2070,0.726
C-WEU-ESP,Zone_3B Warm Dry,urb,perm,sfh,2070,0.274
C-WEU-ESP,Zone_3C Warm Marine,urb,perm,mfh,2070,0.672
C-WEU-ESP,Zone_3C Warm Marine,urb,perm,sfh,2070,0.328
C-WEU-FIN,Zone_6A Cold Humid,rur,perm,mfh,2070,0.512
C-WEU-FIN,Zone_6A Cold Humid,rur,perm,sfh,2070,0.488
C-WEU-FIN,Zone_6A Cold Humid,urb,perm,mfh,2070,0.756
C-WEU-FIN,Zone_6A Cold Humid,urb,perm,sfh,2070,0.244
C-WEU-FIN,Zone_7A Very cold Humid,rur,perm,mfh,2070,0.522
C-WEU-FIN,Zone_7A Very cold Humid,rur,perm,sfh,2070,0.478
C-WEU-FIN,Zone_7A Very cold Humid,urb,perm,mfh,2070,0.635
C-WEU-FIN,Zone_7A Very cold Humid,urb,perm,sfh,2070,0.365
C-WEU-FRA,Zone_4A Mixed Humid,rur,perm,mfh,2070,0.245
C-WEU-FRA,Zone_4A Mixed Humid,rur,perm,sfh,2070,0.755
C-WEU-FRA,Zone_4A Mixed Humid,urb,perm,mfh,2070,0.544
C-WEU-FRA,Zone_4A Mixed Humid,urb,perm,sfh,2070,0.456
C-WEU-FRA,Zone_5A Cool Humid,rur,perm,mfh,2070,0.283
C-WEU-FRA,Zone_5A Cool Humid,rur,perm,sfh,2070,0.717
C-WEU-FRA,Zone_5A Cool Humid,urb,perm,mfh,2070,0.513
C-WEU-FRA,Zone_5A Cool Humid,urb,perm,sfh,2070,0.487
C-WEU-FRA,Zone_3A Warm Humid,rur,perm,mfh,2070,0.221
C-WEU-FRA,Zone_3A Warm Humid,rur,perm,sfh,2070,0.779
C-WEU-FRA,Zone_3A Warm Humid,urb,perm,mfh,2070,0.538
C-WEU-FRA,Zone_3A Warm Humid,urb,perm,sfh,2070,0.462
C-WEU-FRA,Zone_4C Mixed Marine,rur,perm,mfh,2070,0.514
C-WEU-FRA,Zone_4C Mixed Marine,rur,perm,sfh,2070,0.486
C-WEU-FRA,Zone_7A Very cold Humid,urb,perm,mfh,2070,0.558
C-WEU-FRA,Zone_7A Very cold Humid,urb,perm,sfh,2070,0.442
C-WEU-FRA,Zone_3C Warm Marine,urb,perm,mfh,2070,0.851
C-WEU-FRA,Zone_3C Warm Marine,urb,perm,sfh,2070,0.149
C-WEU-FRA,Zone_1A Very hot Humid,urb,perm,mfh,2070,0.429
C-WEU-FRA,Zone_1A Very hot Humid,urb,perm,sfh,2070,0.571
C-WEU-FRA,Zone_2A Hot Humid,urb,perm,mfh,2070,0.34
C-WEU-FRA,Zone_2A Hot Humid,urb,perm,sfh,2070,0.66
C-WEU-GRC,Zone_4A Mixed Humid,rur,perm,mfh,2070,0.489
C-WEU-GRC,Zone_4A Mixed Humid,rur,perm,sfh,2070,0.511
C-WEU-GRC,Zone_4A Mixed Humid,urb,perm,mfh,2070,0.732
C-WEU-GRC,Zone_4A Mixed Humid,urb,perm,sfh,2070,0.268
C-WEU-GRC,Zone_5A Cool Humid,rur,perm,mfh,2070,0.472
C-WEU-GRC,Zone_5A Cool Humid,rur,perm,sfh,2070,0.528
C-WEU-GRC,Zone_5A Cool Humid,urb,perm,mfh,2070,0.607
C-WEU-GRC,Zone_5A Cool Humid,urb,perm,sfh,2070,0.393
C-WEU-GRC,Zone_3A Warm Humid,rur,perm,mfh,2070,0.52
C-WEU-GRC,Zone_3A Warm Humid,rur,perm,sfh,2070,0.48
C-WEU-GRC,Zone_3A Warm Humid,urb,perm,mfh,2070,0.824
C-WEU-GRC,Zone_3A Warm Humid,urb,perm,sfh,2070,0.176
C-WEU-GRC,Zone_4C Mixed Marine,urb,perm,mfh,2070,0.623
C-WEU-GRC,Zone_4C Mixed Marine,urb,perm,sfh,2070,0.377
C-WEU-GRC,Zone_5C Cool Marine,urb,perm,mfh,2070,0.591
C-WEU-GRC,Zone_5C Cool Marine,urb,perm,sfh,2070,0.409
C-WEU-IRL,Zone_4A Mixed Humid,rur,perm,mfh,2070,0.102
C-WEU-IRL,Zone_4A Mixed Humid,rur,perm,sfh,2070,0.898
C-WEU-IRL,Zone_5A Cool Humid,rur,perm,mfh,2070,0.082
C-WEU-IRL,Zone_5A Cool Humid,rur,perm,sfh,2070,0.918
C-WEU-IRL,Zone_5A Cool Humid,urb,perm,mfh,2070,0.221
C-WEU-IRL,Zone_5A Cool Humid,urb,perm,sfh,2070,0.779
C-WEU-ITA,Zone_4A Mixed Humid,rur,perm,mfh,2070,0.691
C-WEU-ITA,Zone_4A Mixed Humid,rur,perm,sfh,2070,0.309
C-WEU-ITA,Zone_4A Mixed Humid,urb,perm,mfh,2070,0.842
C-WEU-ITA,Zone_4A Mixed Humid,urb,perm,sfh,2070,0.158
C-WEU-ITA,Zone_5A Cool Humid,urb,perm,mfh,2070,0.807
C-WEU-ITA,Zone_5A Cool Humid,urb,perm,sfh,2070,0.193
C-WEU-ITA,Zone_6A Cold Humid,urb,perm,mfh,2070,0.835
C-WEU-ITA,Zone_6A Cold Humid,urb,perm,sfh,2070,0.165
C-WEU-ITA,Zone_3A Warm Humid,rur,perm,mfh,2070,0.703
C-WEU-ITA,Zone_3A Warm Humid,rur,perm,sfh,2070,0.297
C-WEU-ITA,Zone_3A Warm Humid,urb,perm,mfh,2070,0.841
C-WEU-ITA,Zone_3A Warm Humid,urb,perm,sfh,2070,0.159
C-WEU-ITA,Zone_4C Mixed Marine,rur,perm,mfh,2070,0.7
C-WEU-ITA,Zone_4C Mixed Marine,rur,perm,sfh,2070,0.3
C-WEU-ITA,Zone_4C Mixed Marine,urb,perm,mfh,2070,0.887
C-WEU-ITA,Zone_4C Mixed Marine,urb,perm,sfh,2070,0.113
C-WEU-ITA,Zone_7A Very cold Humid,rur,perm,mfh,2070,0.738
C-WEU-ITA,Zone_7A Very cold Humid,rur,perm,sfh,2070,0.262
C-WEU-ITA,Zone_7A Very cold Humid,urb,perm,mfh,2070,0.839
C-WEU-ITA,Zone_7A Very cold Humid,urb,perm,sfh,2070,0.161
C-WEU-ITA,Zone_5C Cool Marine,urb,perm,mfh,2070,0.724
C-WEU-ITA,Zone_5C Cool Marine,urb,perm,sfh,2070,0.276
C-WEU-LUX,Zone_5A Cool Humid,urb,perm,mfh,2070,0.522
C-WEU-LUX,Zone_5A Cool Humid,urb,perm,sfh,2070,0.478
C-WEU-MLT,Zone_3A Warm Humid,urb,perm,mfh,2070,0.652
C-WEU-MLT,Zone_3A Warm Humid,urb,perm,sfh,2070,0.348
C-WEU-NLD,Zone_4A Mixed Humid,rur,perm,mfh,2070,0.14
C-WEU-NLD,Zone_4A Mixed Humid,rur,perm,sfh,2070,0.86
C-WEU-NLD,Zone_4A Mixed Humid,urb,perm,mfh,2070,0.383
C-WEU-NLD,Zone_4A Mixed Humid,urb,perm,sfh,2070,0.617
C-WEU-NLD,Zone_5A Cool Humid,urb,perm,mfh,2070,0.22
C-WEU-NLD,Zone_5A Cool Humid,urb,perm,sfh,2070,0.78
C-WEU-PRT,Zone_4A Mixed Humid,rur,perm,mfh,2070,0.289
C-WEU-PRT,Zone_4A Mixed Humid,rur,perm,sfh,2070,0.711
C-WEU-PRT,Zone_3A Warm Humid,rur,perm,mfh,2070,0.335
C-WEU-PRT,Zone_3A Warm Humid,rur,perm,sfh,2070,0.665
C-WEU-PRT,Zone_3A Warm Humid,urb,perm,mfh,2070,0.778
C-WEU-PRT,Zone_3A Warm Humid,urb,perm,sfh,2070,0.222
C-WEU-PRT,Zone_4C Mixed Marine,rur,perm,mfh,2070,0.239
C-WEU-PRT,Zone_4C Mixed Marine,rur,perm,sfh,2070,0.761
C-WEU-PRT,Zone_4C Mixed Marine,urb,perm,mfh,2070,0.425
C-WEU-PRT,Zone_4C Mixed Marine,urb,perm,sfh,2070,0.575
C-WEU-PRT,Zone_3C Warm Marine,rur,perm,mfh,2070,0.265
C-WEU-PRT,Zone_3C Warm Marine,rur,perm,sfh,2070,0.735
C-WEU-PRT,Zone_3C Warm Marine,urb,perm,mfh,2070,0.493
C-WEU-PRT,Zone_3C Warm Marine,urb,perm,sfh,2070,0.507
C-WEU-SWE,Zone_5A Cool Humid,rur,perm,mfh,2070,0.35
C-WEU-SWE,Zone_5A Cool Humid,rur,perm,sfh,2070,0.65
C-WEU-SWE,Zone_5A Cool Humid,urb,perm,mfh,2070,0.492
C-WEU-SWE,Zone_5A Cool Humid,urb,perm,sfh,2070,0.508
C-WEU-SWE,Zone_6A Cold Humid,rur,perm,mfh,2070,0.4
C-WEU-SWE,Zone_6A Cold Humid,rur,perm,sfh,2070,0.6
C-WEU-SWE,Zone_6A Cold Humid,urb,perm,mfh,2070,0.59
C-WEU-SWE,Zone_6A Cold Humid,urb,perm,sfh,2070,0.41
C-WEU-SWE,Zone_7A Very cold Humid,rur,perm,mfh,2070,0.397
C-WEU-SWE,Zone_7A Very cold Humid,rur,perm,sfh,2070,0.603
C-WEU-SWE,Zone_7A Very cold Humid,urb,perm,mfh,2070,0.461
C-WEU-SWE,Zone_7A Very cold Humid,urb,perm,sfh,2070,0.539
C-WEU-SWE,Zone_8A Subarctic/arctic Humid,urb,perm,mfh,2070,0.445
C-WEU-SWE,Zone_8A Subarctic/arctic Humid,urb,perm,sfh,2070,0.555
C-EEU-BGR,Zone_4A Mixed Humid,rur,perm,mfh,2075,0.426
C-EEU-BGR,Zone_4A Mixed Humid,rur,perm,sfh,2075,0.574
C-EEU-BGR,Zone_4A Mixed Humid,urb,perm,mfh,2075,0.609
C-EEU-BGR,Zone_4A Mixed Humid,urb,perm,sfh,2075,0.391
C-EEU-BGR,Zone_5A Cool Humid,rur,perm,mfh,2075,0.773
C-EEU-BGR,Zone_5A Cool Humid,rur,perm,sfh,2075,0.227
C-EEU-BGR,Zone_5A Cool Humid,urb,perm,mfh,2075,0.773
C-EEU-BGR,Zone_5A Cool Humid,urb,perm,sfh,2075,0.227
C-EEU-CZE,Zone_5A Cool Humid,rur,perm,mfh,2075,0.657
C-EEU-CZE,Zone_5A Cool Humid,rur,perm,sfh,2075,0.343
C-EEU-CZE,Zone_5A Cool Humid,urb,perm,mfh,2075,0.73
C-EEU-CZE,Zone_5A Cool Humid,urb,perm,sfh,2075,0.27
C-EEU-EST,Zone_6A Cold Humid,rur,perm,mfh,2075,0.548
C-EEU-EST,Zone_6A Cold Humid,rur,perm,sfh,2075,0.452
C-EEU-EST,Zone_6A Cold Humid,urb,perm,mfh,2075,0.768
C-EEU-EST,Zone_6A Cold Humid,urb,perm,sfh,2075,0.232
C-EEU-HRV,Zone_4A Mixed Humid,rur,perm,mfh,2075,0.331
C-EEU-HRV,Zone_4A Mixed Humid,rur,perm,sfh,2075,0.669
C-EEU-HRV,Zone_4A Mixed Humid,urb,perm,mfh,2075,0.667
C-EEU-HRV,Zone_4A Mixed Humid,urb,perm,sfh,2075,0.333
C-EEU-HRV,Zone_5A Cool Humid,rur,perm,mfh,2075,0.412
C-EEU-HRV,Zone_5A Cool Humid,rur,perm,sfh,2075,0.588
C-EEU-HRV,Zone_3A Warm Humid,rur,perm,mfh,2075,0.648
C-EEU-HRV,Zone_3A Warm Humid,rur,perm,sfh,2075,0.352
C-EEU-HRV,Zone_4C Mixed Marine,rur,perm,mfh,2075,0.608
C-EEU-HRV,Zone_4C Mixed Marine,rur,perm,sfh,2075,0.392
C-EEU-HUN,Zone_4A Mixed Humid,rur,perm,mfh,2075,0.274
C-EEU-HUN,Zone_4A Mixed Humid,rur,perm,sfh,2075,0.726
C-EEU-HUN,Zone_4A Mixed Humid,urb,perm,mfh,2075,0.447
C-EEU-HUN,Zone_4A Mixed Humid,urb,perm,sfh,2075,0.553
C-EEU-HUN,Zone_5A Cool Humid,rur,perm,mfh,2075,0.22
C-EEU-HUN,Zone_5A Cool Humid,rur,perm,sfh,2075,0.78
C-EEU-HUN,Zone_5A Cool Humid,urb,perm,mfh,2075,0.368
C-EEU-HUN,Zone_5A Cool Humid,urb,perm,sfh,2075,0.632
C-EEU-LTU,Zone_5A Cool Humid,rur,perm,mfh,2075,0.42
C-EEU-LTU,Zone_5A Cool Humid,rur,perm,sfh,2075,0.58
C-EEU-LTU,Zone_5A Cool Humid,urb,perm,mfh,2075,0.707
C-EEU-LTU,Zone_5A Cool Humid,urb,perm,sfh,2075,0.293
C-EEU-LTU,Zone_6A Cold Humid,rur,perm,mfh,2075,0.449
C-EEU-LTU,Zone_6A Cold Humid,rur,perm,sfh,2075,0.551
C-EEU-LTU,Zone_6A Cold Humid,urb,perm,mfh,2075,0.648
C-EEU-LTU,Zone_6A Cold Humid,urb,perm,sfh,2075,0.352
C-EEU-LVA,Zone_6A Cold Humid,rur,perm,mfh,2075,0.612
C-EEU-LVA,Zone_6A Cold Humid,rur,perm,sfh,2075,0.388
C-EEU-LVA,Zone_6A Cold Humid,urb,perm,mfh,2075,0.843
C-EEU-LVA,Zone_6A Cold Humid,urb,perm,sfh,2075,0.157
C-EEU-POL,Zone_5A Cool Humid,rur,perm,mfh,2075,0.414
C-EEU-POL,Zone_5A Cool Humid,rur,perm,sfh,2075,0.586
C-EEU-POL,Zone_5A Cool Humid,urb,perm,mfh,2075,0.698
C-EEU-POL,Zone_5A Cool Humid,urb,perm,sfh,2075,0.302
C-EEU-POL,Zone_6A Cold Humid,rur,perm,mfh,2075,0.192
C-EEU-POL,Zone_6A Cold Humid,rur,perm,sfh,2075,0.808
C-EEU-POL,Zone_6A Cold Humid,urb,perm,mfh,2075,0.431
C-EEU-POL,Zone_6A Cold Humid,urb,perm,sfh,2075,0.569
C-EEU-ROU,Zone_4A Mixed Humid,rur,perm,mfh,2075,0.312
C-EEU-ROU,Zone_4A Mixed Humid,rur,perm,sfh,2075,0.688
C-EEU-ROU,Zone_4A Mixed Humid,urb,perm,mfh,2075,0.664
C-EEU-ROU,Zone_4A Mixed Humid,urb,perm,sfh,2075,0.336
C-EEU-ROU,Zone_5A Cool Humid,rur,perm,mfh,2075,0.34
C-EEU-ROU,Zone_5A Cool Humid,rur,perm,sfh,2075,0.66
C-EEU-ROU,Zone_5A Cool Humid,urb,perm,mfh,2075,0.517
C-EEU-ROU,Zone_5A Cool Humid,urb,perm,sfh,2075,0.483
C-EEU-ROU,Zone_6A Cold Humid,rur,perm,mfh,2075,0.397
C-EEU-ROU,Zone_6A Cold Humid,rur,perm,sfh,2075,0.603
C-EEU-SVK,Zone_5A Cool Humid,rur,perm,mfh,2075,0.438
C-EEU-SVK,Zone_5A Cool Humid,rur,perm,sfh,2075,0.562
C-EEU-SVK,Zone_5A Cool Humid,urb,perm,mfh,2075,0.603
C-EEU-SVK,Zone_5A Cool Humid,urb,perm,sfh,2075,0.397
C-EEU-SVK,Zone_6A Cold Humid,rur,perm,mfh,2075,0.46
C-EEU-SVK,Zone_6A Cold Humid,rur,perm,sfh,2075,0.54
C-EEU-SVK,Zone_6A Cold Humid,urb,perm,mfh,2075,0.448
C-EEU-SVK,Zone_6A Cold Humid,urb,perm,sfh,2075,0.552
C-EEU-SVN,Zone_4A Mixed Humid,rur,perm,mfh,2075,0.371
C-EEU-SVN,Zone_4A Mixed Humid,rur,perm,sfh,2075,0.629
C-EEU-SVN,Zone_4A Mixed Humid,urb,perm,mfh,2075,0.582
C-EEU-SVN,Zone_4A Mixed Humid,urb,perm,sfh,2075,0.418
C-EEU-SVN,Zone_5A Cool Humid,rur,perm,mfh,2075,0.395
C-EEU-SVN,Zone_5A Cool Humid,rur,perm,sfh,2075,0.605
C-EEU-SVN,Zone_5A Cool Humid,urb,perm,mfh,2075,0.562
C-EEU-SVN,Zone_5A Cool Humid,urb,perm,sfh,2075,0.438
C-EEU-SVN,Zone_7A Very cold Humid,rur,perm,mfh,2075,0.414
C-EEU-SVN,Zone_7A Very cold Humid,rur,perm,sfh,2075,0.586
C-WEU-AUT,Zone_4A Mixed Humid,rur,perm,mfh,2075,0.415
C-WEU-AUT,Zone_4A Mixed Humid,rur,perm,sfh,2075,0.585
C-WEU-AUT,Zone_4A Mixed Humid,urb,perm,mfh,2075,0.874
C-WEU-AUT,Zone_4A Mixed Humid,urb,perm,sfh,2075,0.126
C-WEU-AUT,Zone_5A Cool Humid,rur,perm,mfh,2075,0.478
C-WEU-AUT,Zone_5A Cool Humid,rur,perm,sfh,2075,0.522
C-WEU-AUT,Zone_5A Cool Humid,urb,perm,mfh,2075,0.603
C-WEU-AUT,Zone_5A Cool Humid,urb,perm,sfh,2075,0.397
C-WEU-AUT,Zone_6A Cold Humid,rur,perm,mfh,2075,0.608
C-WEU-AUT,Zone_6A Cold Humid,rur,perm,sfh,2075,0.392
C-WEU-AUT,Zone_6A Cold Humid,urb,perm,mfh,2075,0.72
C-WEU-AUT,Zone_6A Cold Humid,urb,perm,sfh,2075,0.28
C-WEU-AUT,Zone_7A Very cold Humid,rur,perm,mfh,2075,0.66
C-WEU-AUT,Zone_7A Very cold Humid,rur,perm,sfh,2075,0.34
C-WEU-AUT,Zone_7A Very cold Humid,urb,perm,mfh,2075,0.841
C-WEU-AUT,Zone_7A Very cold Humid,urb,perm,sfh,2075,0.159
C-WEU-BEL,Zone_4A Mixed Humid,rur,perm,mfh,2075,0.174
C-WEU-BEL,Zone_4A Mixed Humid,rur,perm,sfh,2075,0.826
C-WEU-BEL,Zone_4A Mixed Humid,urb,perm,mfh,2075,0.356
C-WEU-BEL,Zone_4A Mixed Humid,urb,perm,sfh,2075,0.644
C-WEU-BEL,Zone_5A Cool Humid,rur,perm,mfh,2075,0.24
C-WEU-BEL,Zone_5A Cool Humid,rur,perm,sfh,2075,0.76
C-WEU-BEL,Zone_5A Cool Humid,urb,perm,mfh,2075,0.295
C-WEU-BEL,Zone_5A Cool Humid,urb,perm,sfh,2075,0.705
C-WEU-CYP,Zone_3A Warm Humid,urb,perm,mfh,2075,0.518
C-WEU-CYP,Zone_3A Warm Humid,urb,perm,sfh,2075,0.482
C-WEU-DEU,Zone_4A Mixed Humid,rur,perm,mfh,2075,0.446
C-WEU-DEU,Zone_4A Mixed Humid,rur,perm,sfh,2075,0.554
C-WEU-DEU,Zone_4A Mixed Humid,urb,perm,mfh,2075,0.732
C-WEU-DEU,Zone_4A Mixed Humid,urb,perm,sfh,2075,0.268
C-WEU-DEU,Zone_5A Cool Humid,rur,perm,mfh,2075,0.549
C-WEU-DEU,Zone_5A Cool Humid,rur,perm,sfh,2075,0.451
C-WEU-DEU,Zone_5A Cool Humid,urb,perm,mfh,2075,0.698
C-WEU-DEU,Zone_5A Cool Humid,urb,perm,sfh,2075,0.302
C-WEU-DEU,Zone_6A Cold Humid,rur,perm,mfh,2075,0.635
C-WEU-DEU,Zone_6A Cold Humid,rur,perm,sfh,2075,0.365
C-WEU-DEU,Zone_6A Cold Humid,urb,perm,mfh,2075,0.746
C-WEU-DEU,Zone_6A Cold Humid,urb,perm,sfh,2075,0.254
C-WEU-DNK,Zone_5A Cool Humid,rur,perm,mfh,2075,0.323
C-WEU-DNK,Zone_5A Cool Humid,rur,perm,sfh,2075,0.677
C-WEU-DNK,Zone_5A Cool Humid,urb,perm,mfh,2075,0.516
C-WEU-DNK,Zone_5A Cool Humid,urb,perm,sfh,2075,0.484
C-WEU-ESP,Zone_4A Mixed Humid,rur,perm,mfh,2075,0.521
C-WEU-ESP,Zone_4A Mixed Humid,rur,perm,sfh,2075,0.479
C-WEU-ESP,Zone_4A Mixed Humid,urb,perm,mfh,2075,0.785
C-WEU-ESP,Zone_4A Mixed Humid,urb,perm,sfh,2075,0.215
C-WEU-ESP,Zone_3A Warm Humid,rur,perm,mfh,2075,0.257
C-WEU-ESP,Zone_3A Warm Humid,rur,perm,sfh,2075,0.743
C-WEU-ESP,Zone_3A Warm Humid,urb,perm,mfh,2075,0.76
C-WEU-ESP,Zone_3A Warm Humid,urb,perm,sfh,2075,0.24
C-WEU-ESP,Zone_4C Mixed Marine,rur,perm,mfh,2075,0.549
C-WEU-ESP,Zone_4C Mixed Marine,rur,perm,sfh,2075,0.451
C-WEU-ESP,Zone_4C Mixed Marine,urb,perm,mfh,2075,0.705
C-WEU-ESP,Zone_4C Mixed Marine,urb,perm,sfh,2075,0.295
C-WEU-ESP,Zone_2B Hot Dry,urb,perm,mfh,2075,0.647
C-WEU-ESP,Zone_2B Hot Dry,urb,perm,sfh,2075,0.353
C-WEU-ESP,Zone_3B Warm Dry,rur,perm,mfh,2075,0.494
C-WEU-ESP,Zone_3B Warm Dry,rur,perm,sfh,2075,0.506
C-WEU-ESP,Zone_3B Warm Dry,urb,perm,mfh,2075,0.726
C-WEU-ESP,Zone_3B Warm Dry,urb,perm,sfh,2075,0.274
C-WEU-ESP,Zone_3C Warm Marine,urb,perm,mfh,2075,0.672
C-WEU-ESP,Zone_3C Warm Marine,urb,perm,sfh,2075,0.328
C-WEU-FIN,Zone_6A Cold Humid,rur,perm,mfh,2075,0.512
C-WEU-FIN,Zone_6A Cold Humid,rur,perm,sfh,2075,0.488
C-WEU-FIN,Zone_6A Cold Humid,urb,perm,mfh,2075,0.756
C-WEU-FIN,Zone_6A Cold Humid,urb,perm,sfh,2075,0.244
C-WEU-FIN,Zone_7A Very cold Humid,rur,perm,mfh,2075,0.522
C-WEU-FIN,Zone_7A Very cold Humid,rur,perm,sfh,2075,0.478
C-WEU-FIN,Zone_7A Very cold Humid,urb,perm,mfh,2075,0.635
C-WEU-FIN,Zone_7A Very cold Humid,urb,perm,sfh,2075,0.365
C-WEU-FRA,Zone_4A Mixed Humid,rur,perm,mfh,2075,0.245
C-WEU-FRA,Zone_4A Mixed Humid,rur,perm,sfh,2075,0.755
C-WEU-FRA,Zone_4A Mixed Humid,urb,perm,mfh,2075,0.544
C-WEU-FRA,Zone_4A Mixed Humid,urb,perm,sfh,2075,0.456
C-WEU-FRA,Zone_5A Cool Humid,rur,perm,mfh,2075,0.283
C-WEU-FRA,Zone_5A Cool Humid,rur,perm,sfh,2075,0.717
C-WEU-FRA,Zone_5A Cool Humid,urb,perm,mfh,2075,0.513
C-WEU-FRA,Zone_5A Cool Humid,urb,perm,sfh,2075,0.487
C-WEU-FRA,Zone_3A Warm Humid,rur,perm,mfh,2075,0.221
C-WEU-FRA,Zone_3A Warm Humid,rur,perm,sfh,2075,0.779
C-WEU-FRA,Zone_3A Warm Humid,urb,perm,mfh,2075,0.538
C-WEU-FRA,Zone_3A Warm Humid,urb,perm,sfh,2075,0.462
C-WEU-FRA,Zone_4C Mixed Marine,rur,perm,mfh,2075,0.514
C-WEU-FRA,Zone_4C Mixed Marine,rur,perm,sfh,2075,0.486
C-WEU-FRA,Zone_7A Very cold Humid,urb,perm,mfh,2075,0.558
C-WEU-FRA,Zone_7A Very cold Humid,urb,perm,sfh,2075,0.442
C-WEU-FRA,Zone_3C Warm Marine,urb,perm,mfh,2075,0.851
C-WEU-FRA,Zone_3C Warm Marine,urb,perm,sfh,2075,0.149
C-WEU-FRA,Zone_1A Very hot Humid,urb,perm,mfh,2075,0.429
C-WEU-FRA,Zone_1A Very hot Humid,urb,perm,sfh,2075,0.571
C-WEU-FRA,Zone_2A Hot Humid,urb,perm,mfh,2075,0.34
C-WEU-FRA,Zone_2A Hot Humid,urb,perm,sfh,2075,0.66
C-WEU-GRC,Zone_4A Mixed Humid,rur,perm,mfh,2075,0.489
C-WEU-GRC,Zone_4A Mixed Humid,rur,perm,sfh,2075,0.511
C-WEU-GRC,Zone_4A Mixed Humid,urb,perm,mfh,2075,0.732
C-WEU-GRC,Zone_4A Mixed Humid,urb,perm,sfh,2075,0.268
C-WEU-GRC,Zone_5A Cool Humid,rur,perm,mfh,2075,0.472
C-WEU-GRC,Zone_5A Cool Humid,rur,perm,sfh,2075,0.528
C-WEU-GRC,Zone_5A Cool Humid,urb,perm,mfh,2075,0.607
C-WEU-GRC,Zone_5A Cool Humid,urb,perm,sfh,2075,0.393
C-WEU-GRC,Zone_3A Warm Humid,rur,perm,mfh,2075,0.52
C-WEU-GRC,Zone_3A Warm Humid,rur,perm,sfh,2075,0.48
C-WEU-GRC,Zone_3A Warm Humid,urb,perm,mfh,2075,0.824
C-WEU-GRC,Zone_3A Warm Humid,urb,perm,sfh,2075,0.176
C-WEU-GRC,Zone_4C Mixed Marine,urb,perm,mfh,2075,0.623
C-WEU-GRC,Zone_4C Mixed Marine,urb,perm,sfh,2075,0.377
C-WEU-GRC,Zone_5C Cool Marine,urb,perm,mfh,2075,0.591
C-WEU-GRC,Zone_5C Cool Marine,urb,perm,sfh,2075,0.409
C-WEU-IRL,Zone_4A Mixed Humid,rur,perm,mfh,2075,0.102
C-WEU-IRL,Zone_4A Mixed Humid,rur,perm,sfh,2075,0.898
C-WEU-IRL,Zone_5A Cool Humid,rur,perm,mfh,2075,0.082
C-WEU-IRL,Zone_5A Cool Humid,rur,perm,sfh,2075,0.918
C-WEU-IRL,Zone_5A Cool Humid,urb,perm,mfh,2075,0.221
C-WEU-IRL,Zone_5A Cool Humid,urb,perm,sfh,2075,0.779
C-WEU-ITA,Zone_4A Mixed Humid,rur,perm,mfh,2075,0.691
C-WEU-ITA,Zone_4A Mixed Humid,rur,perm,sfh,2075,0.309
C-WEU-ITA,Zone_4A Mixed Humid,urb,perm,mfh,2075,0.842
C-WEU-ITA,Zone_4A Mixed Humid,urb,perm,sfh,2075,0.158
C-WEU-ITA,Zone_5A Cool Humid,urb,perm,mfh,2075,0.807
C-WEU-ITA,Zone_5A Cool Humid,urb,perm,sfh,2075,0.193
C-WEU-ITA,Zone_6A Cold Humid,urb,perm,mfh,2075,0.835
C-WEU-ITA,Zone_6A Cold Humid,urb,perm,sfh,2075,0.165
C-WEU-ITA,Zone_3A Warm Humid,rur,perm,mfh,2075,0.703
C-WEU-ITA,Zone_3A Warm Humid,rur,perm,sfh,2075,0.297
C-WEU-ITA,Zone_3A Warm Humid,urb,perm,mfh,2075,0.841
C-WEU-ITA,Zone_3A Warm Humid,urb,perm,sfh,2075,0.159
C-WEU-ITA,Zone_4C Mixed Marine,rur,perm,mfh,2075,0.7
C-WEU-ITA,Zone_4C Mixed Marine,rur,perm,sfh,2075,0.3
C-WEU-ITA,Zone_4C Mixed Marine,urb,perm,mfh,2075,0.887
C-WEU-ITA,Zone_4C Mixed Marine,urb,perm,sfh,2075,0.113
C-WEU-ITA,Zone_7A Very cold Humid,rur,perm,mfh,2075,0.738
C-WEU-ITA,Zone_7A Very cold Humid,rur,perm,sfh,2075,0.262
C-WEU-ITA,Zone_7A Very cold Humid,urb,perm,mfh,2075,0.839
C-WEU-ITA,Zone_7A Very cold Humid,urb,perm,sfh,2075,0.161
C-WEU-ITA,Zone_5C Cool Marine,urb,perm,mfh,2075,0.724
C-WEU-ITA,Zone_5C Cool Marine,urb,perm,sfh,2075,0.276
C-WEU-LUX,Zone_5A Cool Humid,urb,perm,mfh,2075,0.522
C-WEU-LUX,Zone_5A Cool Humid,urb,perm,sfh,2075,0.478
C-WEU-MLT,Zone_3A Warm Humid,urb,perm,mfh,2075,0.652
C-WEU-MLT,Zone_3A Warm Humid,urb,perm,sfh,2075,0.348
C-WEU-NLD,Zone_4A Mixed Humid,rur,perm,mfh,2075,0.14
C-WEU-NLD,Zone_4A Mixed Humid,rur,perm,sfh,2075,0.86
C-WEU-NLD,Zone_4A Mixed Humid,urb,perm,mfh,2075,0.383
C-WEU-NLD,Zone_4A Mixed Humid,urb,perm,sfh,2075,0.617
C-WEU-NLD,Zone_5A Cool Humid,urb,perm,mfh,2075,0.22
C-WEU-NLD,Zone_5A Cool Humid,urb,perm,sfh,2075,0.78
C-WEU-PRT,Zone_4A Mixed Humid,rur,perm,mfh,2075,0.289
C-WEU-PRT,Zone_4A Mixed Humid,rur,perm,sfh,2075,0.711
C-WEU-PRT,Zone_3A Warm Humid,rur,perm,mfh,2075,0.335
C-WEU-PRT,Zone_3A Warm Humid,rur,perm,sfh,2075,0.665
C-WEU-PRT,Zone_3A Warm Humid,urb,perm,mfh,2075,0.778
C-WEU-PRT,Zone_3A Warm Humid,urb,perm,sfh,2075,0.222
C-WEU-PRT,Zone_4C Mixed Marine,rur,perm,mfh,2075,0.239
C-WEU-PRT,Zone_4C Mixed Marine,rur,perm,sfh,2075,0.761
C-WEU-PRT,Zone_4C Mixed Marine,urb,perm,mfh,2075,0.425
C-WEU-PRT,Zone_4C Mixed Marine,urb,perm,sfh,2075,0.575
C-WEU-PRT,Zone_3C Warm Marine,rur,perm,mfh,2075,0.265
C-WEU-PRT,Zone_3C Warm Marine,rur,perm,sfh,2075,0.735
C-WEU-PRT,Zone_3C Warm Marine,urb,perm,mfh,2075,0.493
C-WEU-PRT,Zone_3C Warm Marine,urb,perm,sfh,2075,0.507
C-WEU-SWE,Zone_5A Cool Humid,rur,perm,mfh,2075,0.35
C-WEU-SWE,Zone_5A Cool Humid,rur,perm,sfh,2075,0.65
C-WEU-SWE,Zone_5A Cool Humid,urb,perm,mfh,2075,0.492
C-WEU-SWE,Zone_5A Cool Humid,urb,perm,sfh,2075,0.508
C-WEU-SWE,Zone_6A Cold Humid,rur,perm,mfh,2075,0.4
C-WEU-SWE,Zone_6A Cold Humid,rur,perm,sfh,2075,0.6
C-WEU-SWE,Zone_6A Cold Humid,urb,perm,mfh,2075,0.59
C-WEU-SWE,Zone_6A Cold Humid,urb,perm,sfh,2075,0.41
C-WEU-SWE,Zone_7A Very cold Humid,rur,perm,mfh,2075,0.397
C-WEU-SWE,Zone_7A Very cold Humid,rur,perm,sfh,2075,0.603
C-WEU-SWE,Zone_7A Very cold Humid,urb,perm,mfh,2075,0.461
C-WEU-SWE,Zone_7A Very cold Humid,urb,perm,sfh,2075,0.539
C-WEU-SWE,Zone_8A Subarctic/arctic Humid,urb,perm,mfh,2075,0.445
C-WEU-SWE,Zone_8A Subarctic/arctic Humid,urb,perm,sfh,2075,0.555
C-EEU-BGR,Zone_4A Mixed Humid,rur,perm,mfh,2080,0.426
C-EEU-BGR,Zone_4A Mixed Humid,rur,perm,sfh,2080,0.574
C-EEU-BGR,Zone_4A Mixed Humid,urb,perm,mfh,2080,0.609
C-EEU-BGR,Zone_4A Mixed Humid,urb,perm,sfh,2080,0.391
C-EEU-BGR,Zone_5A Cool Humid,rur,perm,mfh,2080,0.773
C-EEU-BGR,Zone_5A Cool Humid,rur,perm,sfh,2080,0.227
C-EEU-BGR,Zone_5A Cool Humid,urb,perm,mfh,2080,0.773
C-EEU-BGR,Zone_5A Cool Humid,urb,perm,sfh,2080,0.227
C-EEU-CZE,Zone_5A Cool Humid,rur,perm,mfh,2080,0.657
C-EEU-CZE,Zone_5A Cool Humid,rur,perm,sfh,2080,0.343
C-EEU-CZE,Zone_5A Cool Humid,urb,perm,mfh,2080,0.73
C-EEU-CZE,Zone_5A Cool Humid,urb,perm,sfh,2080,0.27
C-EEU-EST,Zone_6A Cold Humid,rur,perm,mfh,2080,0.548
C-EEU-EST,Zone_6A Cold Humid,rur,perm,sfh,2080,0.452
C-EEU-EST,Zone_6A Cold Humid,urb,perm,mfh,2080,0.768
C-EEU-EST,Zone_6A Cold Humid,urb,perm,sfh,2080,0.232
C-EEU-HRV,Zone_4A Mixed Humid,rur,perm,mfh,2080,0.331
C-EEU-HRV,Zone_4A Mixed Humid,rur,perm,sfh,2080,0.669
C-EEU-HRV,Zone_4A Mixed Humid,urb,perm,mfh,2080,0.667
C-EEU-HRV,Zone_4A Mixed Humid,urb,perm,sfh,2080,0.333
C-EEU-HRV,Zone_5A Cool Humid,rur,perm,mfh,2080,0.412
C-EEU-HRV,Zone_5A Cool Humid,rur,perm,sfh,2080,0.588
C-EEU-HRV,Zone_3A Warm Humid,rur,perm,mfh,2080,0.648
C-EEU-HRV,Zone_3A Warm Humid,rur,perm,sfh,2080,0.352
C-EEU-HRV,Zone_4C Mixed Marine,rur,perm,mfh,2080,0.608
C-EEU-HRV,Zone_4C Mixed Marine,rur,perm,sfh,2080,0.392
C-EEU-HUN,Zone_4A Mixed Humid,rur,perm,mfh,2080,0.274
C-EEU-HUN,Zone_4A Mixed Humid,rur,perm,sfh,2080,0.726
C-EEU-HUN,Zone_4A Mixed Humid,urb,perm,mfh,2080,0.447
C-EEU-HUN,Zone_4A Mixed Humid,urb,perm,sfh,2080,0.553
C-EEU-HUN,Zone_5A Cool Humid,rur,perm,mfh,2080,0.22
C-EEU-HUN,Zone_5A Cool Humid,rur,perm,sfh,2080,0.78
C-EEU-HUN,Zone_5A Cool Humid,urb,perm,mfh,2080,0.368
C-EEU-HUN,Zone_5A Cool Humid,urb,perm,sfh,2080,0.632
C-EEU-LTU,Zone_5A Cool Humid,rur,perm,mfh,2080,0.42
C-EEU-LTU,Zone_5A Cool Humid,rur,perm,sfh,2080,0.58
C-EEU-LTU,Zone_5A Cool Humid,urb,perm,mfh,2080,0.707
C-EEU-LTU,Zone_5A Cool Humid,urb,perm,sfh,2080,0.293
C-EEU-LTU,Zone_6A Cold Humid,rur,perm,mfh,2080,0.449
C-EEU-LTU,Zone_6A Cold Humid,rur,perm,sfh,2080,0.551
C-EEU-LTU,Zone_6A Cold Humid,urb,perm,mfh,2080,0.648
C-EEU-LTU,Zone_6A Cold Humid,urb,perm,sfh,2080,0.352
C-EEU-LVA,Zone_6A Cold Humid,rur,perm,mfh,2080,0.612
C-EEU-LVA,Zone_6A Cold Humid,rur,perm,sfh,2080,0.388
C-EEU-LVA,Zone_6A Cold Humid,urb,perm,mfh,2080,0.843
C-EEU-LVA,Zone_6A Cold Humid,urb,perm,sfh,2080,0.157
C-EEU-POL,Zone_5A Cool Humid,rur,perm,mfh,2080,0.414
C-EEU-POL,Zone_5A Cool Humid,rur,perm,sfh,2080,0.586
C-EEU-POL,Zone_5A Cool Humid,urb,perm,mfh,2080,0.698
C-EEU-POL,Zone_5A Cool Humid,urb,perm,sfh,2080,0.302
C-EEU-POL,Zone_6A Cold Humid,rur,perm,mfh,2080,0.192
C-EEU-POL,Zone_6A Cold Humid,rur,perm,sfh,2080,0.808
C-EEU-POL,Zone_6A Cold Humid,urb,perm,mfh,2080,0.431
C-EEU-POL,Zone_6A Cold Humid,urb,perm,sfh,2080,0.569
C-EEU-ROU,Zone_4A Mixed Humid,rur,perm,mfh,2080,0.312
C-EEU-ROU,Zone_4A Mixed Humid,rur,perm,sfh,2080,0.688
C-EEU-ROU,Zone_4A Mixed Humid,urb,perm,mfh,2080,0.664
C-EEU-ROU,Zone_4A Mixed Humid,urb,perm,sfh,2080,0.336
C-EEU-ROU,Zone_5A Cool Humid,rur,perm,mfh,2080,0.34
C-EEU-ROU,Zone_5A Cool Humid,rur,perm,sfh,2080,0.66
C-EEU-ROU,Zone_5A Cool Humid,urb,perm,mfh,2080,0.517
C-EEU-ROU,Zone_5A Cool Humid,urb,perm,sfh,2080,0.483
C-EEU-ROU,Zone_6A Cold Humid,rur,perm,mfh,2080,0.397
C-EEU-ROU,Zone_6A Cold Humid,rur,perm,sfh,2080,0.603
C-EEU-SVK,Zone_5A Cool Humid,rur,perm,mfh,2080,0.438
C-EEU-SVK,Zone_5A Cool Humid,rur,perm,sfh,2080,0.562
C-EEU-SVK,Zone_5A Cool Humid,urb,perm,mfh,2080,0.603
C-EEU-SVK,Zone_5A Cool Humid,urb,perm,sfh,2080,0.397
C-EEU-SVK,Zone_6A Cold Humid,rur,perm,mfh,2080,0.46
C-EEU-SVK,Zone_6A Cold Humid,rur,perm,sfh,2080,0.54
C-EEU-SVK,Zone_6A Cold Humid,urb,perm,mfh,2080,0.448
C-EEU-SVK,Zone_6A Cold Humid,urb,perm,sfh,2080,0.552
C-EEU-SVN,Zone_4A Mixed Humid,rur,perm,mfh,2080,0.371
C-EEU-SVN,Zone_4A Mixed Humid,rur,perm,sfh,2080,0.629
C-EEU-SVN,Zone_4A Mixed Humid,urb,perm,mfh,2080,0.582
C-EEU-SVN,Zone_4A Mixed Humid,urb,perm,sfh,2080,0.418
C-EEU-SVN,Zone_5A Cool Humid,rur,perm,mfh,2080,0.395
C-EEU-SVN,Zone_5A Cool Humid,rur,perm,sfh,2080,0.605
C-EEU-SVN,Zone_5A Cool Humid,urb,perm,mfh,2080,0.562
C-EEU-SVN,Zone_5A Cool Humid,urb,perm,sfh,2080,0.438
C-EEU-SVN,Zone_7A Very cold Humid,rur,perm,mfh,2080,0.414
C-EEU-SVN,Zone_7A Very cold Humid,rur,perm,sfh,2080,0.586
C-WEU-AUT,Zone_4A Mixed Humid,rur,perm,mfh,2080,0.415
C-WEU-AUT,Zone_4A Mixed Humid,rur,perm,sfh,2080,0.585
C-WEU-AUT,Zone_4A Mixed Humid,urb,perm,mfh,2080,0.874
C-WEU-AUT,Zone_4A Mixed Humid,urb,perm,sfh,2080,0.126
C-WEU-AUT,Zone_5A Cool Humid,rur,perm,mfh,2080,0.478
C-WEU-AUT,Zone_5A Cool Humid,rur,perm,sfh,2080,0.522
C-WEU-AUT,Zone_5A Cool Humid,urb,perm,mfh,2080,0.603
C-WEU-AUT,Zone_5A Cool Humid,urb,perm,sfh,2080,0.397
C-WEU-AUT,Zone_6A Cold Humid,rur,perm,mfh,2080,0.608
C-WEU-AUT,Zone_6A Cold Humid,rur,perm,sfh,2080,0.392
C-WEU-AUT,Zone_6A Cold Humid,urb,perm,mfh,2080,0.72
C-WEU-AUT,Zone_6A Cold Humid,urb,perm,sfh,2080,0.28
C-WEU-AUT,Zone_7A Very cold Humid,rur,perm,mfh,2080,0.66
C-WEU-AUT,Zone_7A Very cold Humid,rur,perm,sfh,2080,0.34
C-WEU-AUT,Zone_7A Very cold Humid,urb,perm,mfh,2080,0.841
C-WEU-AUT,Zone_7A Very cold Humid,urb,perm,sfh,2080,0.159
C-WEU-BEL,Zone_4A Mixed Humid,rur,perm,mfh,2080,0.174
C-WEU-BEL,Zone_4A Mixed Humid,rur,perm,sfh,2080,0.826
C-WEU-BEL,Zone_4A Mixed Humid,urb,perm,mfh,2080,0.356
C-WEU-BEL,Zone_4A Mixed Humid,urb,perm,sfh,2080,0.644
C-WEU-BEL,Zone_5A Cool Humid,rur,perm,mfh,2080,0.24
C-WEU-BEL,Zone_5A Cool Humid,rur,perm,sfh,2080,0.76
C-WEU-BEL,Zone_5A Cool Humid,urb,perm,mfh,2080,0.295
C-WEU-BEL,Zone_5A Cool Humid,urb,perm,sfh,2080,0.705
C-WEU-CYP,Zone_3A Warm Humid,urb,perm,mfh,2080,0.518
C-WEU-CYP,Zone_3A Warm Humid,urb,perm,sfh,2080,0.482
C-WEU-DEU,Zone_4A Mixed Humid,rur,perm,mfh,2080,0.446
C-WEU-DEU,Zone_4A Mixed Humid,rur,perm,sfh,2080,0.554
C-WEU-DEU,Zone_4A Mixed Humid,urb,perm,mfh,2080,0.732
C-WEU-DEU,Zone_4A Mixed Humid,urb,perm,sfh,2080,0.268
C-WEU-DEU,Zone_5A Cool Humid,rur,perm,mfh,2080,0.549
C-WEU-DEU,Zone_5A Cool Humid,rur,perm,sfh,2080,0.451
C-WEU-DEU,Zone_5A Cool Humid,urb,perm,mfh,2080,0.698
C-WEU-DEU,Zone_5A Cool Humid,urb,perm,sfh,2080,0.302
C-WEU-DEU,Zone_6A Cold Humid,rur,perm,mfh,2080,0.635
C-WEU-DEU,Zone_6A Cold Humid,rur,perm,sfh,2080,0.365
C-WEU-DEU,Zone_6A Cold Humid,urb,perm,mfh,2080,0.746
C-WEU-DEU,Zone_6A Cold Humid,urb,perm,sfh,2080,0.254
C-WEU-DNK,Zone_5A Cool Humid,rur,perm,mfh,2080,0.323
C-WEU-DNK,Zone_5A Cool Humid,rur,perm,sfh,2080,0.677
C-WEU-DNK,Zone_5A Cool Humid,urb,perm,mfh,2080,0.516
C-WEU-DNK,Zone_5A Cool Humid,urb,perm,sfh,2080,0.484
C-WEU-ESP,Zone_4A Mixed Humid,rur,perm,mfh,2080,0.521
C-WEU-ESP,Zone_4A Mixed Humid,rur,perm,sfh,2080,0.479
C-WEU-ESP,Zone_4A Mixed Humid,urb,perm,mfh,2080,0.785
C-WEU-ESP,Zone_4A Mixed Humid,urb,perm,sfh,2080,0.215
C-WEU-ESP,Zone_3A Warm Humid,rur,perm,mfh,2080,0.257
C-WEU-ESP,Zone_3A Warm Humid,rur,perm,sfh,2080,0.743
C-WEU-ESP,Zone_3A Warm Humid,urb,perm,mfh,2080,0.76
C-WEU-ESP,Zone_3A Warm Humid,urb,perm,sfh,2080,0.24
C-WEU-ESP,Zone_4C Mixed Marine,rur,perm,mfh,2080,0.549
C-WEU-ESP,Zone_4C Mixed Marine,rur,perm,sfh,2080,0.451
C-WEU-ESP,Zone_4C Mixed Marine,urb,perm,mfh,2080,0.705
C-WEU-ESP,Zone_4C Mixed Marine,urb,perm,sfh,2080,0.295
C-WEU-ESP,Zone_2B Hot Dry,urb,perm,mfh,2080,0.647
C-WEU-ESP,Zone_2B Hot Dry,urb,perm,sfh,2080,0.353
C-WEU-ESP,Zone_3B Warm Dry,rur,perm,mfh,2080,0.494
C-WEU-ESP,Zone_3B Warm Dry,rur,perm,sfh,2080,0.506
C-WEU-ESP,Zone_3B Warm Dry,urb,perm,mfh,2080,0.726
C-WEU-ESP,Zone_3B Warm Dry,urb,perm,sfh,2080,0.274
C-WEU-ESP,Zone_3C Warm Marine,urb,perm,mfh,2080,0.672
C-WEU-ESP,Zone_3C Warm Marine,urb,perm,sfh,2080,0.328
C-WEU-FIN,Zone_6A Cold Humid,rur,perm,mfh,2080,0.512
C-WEU-FIN,Zone_6A Cold Humid,rur,perm,sfh,2080,0.488
C-WEU-FIN,Zone_6A Cold Humid,urb,perm,mfh,2080,0.756
C-WEU-FIN,Zone_6A Cold Humid,urb,perm,sfh,2080,0.244
C-WEU-FIN,Zone_7A Very cold Humid,rur,perm,mfh,2080,0.522
C-WEU-FIN,Zone_7A Very cold Humid,rur,perm,sfh,2080,0.478
C-WEU-FIN,Zone_7A Very cold Humid,urb,perm,mfh,2080,0.635
C-WEU-FIN,Zone_7A Very cold Humid,urb,perm,sfh,2080,0.365
C-WEU-FRA,Zone_4A Mixed Humid,rur,perm,mfh,2080,0.245
C-WEU-FRA,Zone_4A Mixed Humid,rur,perm,sfh,2080,0.755
C-WEU-FRA,Zone_4A Mixed Humid,urb,perm,mfh,2080,0.544
C-WEU-FRA,Zone_4A Mixed Humid,urb,perm,sfh,2080,0.456
C-WEU-FRA,Zone_5A Cool Humid,rur,perm,mfh,2080,0.283
C-WEU-FRA,Zone_5A Cool Humid,rur,perm,sfh,2080,0.717
C-WEU-FRA,Zone_5A Cool Humid,urb,perm,mfh,2080,0.513
C-WEU-FRA,Zone_5A Cool Humid,urb,perm,sfh,2080,0.487
C-WEU-FRA,Zone_3A Warm Humid,rur,perm,mfh,2080,0.221
C-WEU-FRA,Zone_3A Warm Humid,rur,perm,sfh,2080,0.779
C-WEU-FRA,Zone_3A Warm Humid,urb,perm,mfh,2080,0.538
C-WEU-FRA,Zone_3A Warm Humid,urb,perm,sfh,2080,0.462
C-WEU-FRA,Zone_4C Mixed Marine,rur,perm,mfh,2080,0.514
C-WEU-FRA,Zone_4C Mixed Marine,rur,perm,sfh,2080,0.486
C-WEU-FRA,Zone_7A Very cold Humid,urb,perm,mfh,2080,0.558
C-WEU-FRA,Zone_7A Very cold Humid,urb,perm,sfh,2080,0.442
C-WEU-FRA,Zone_3C Warm Marine,urb,perm,mfh,2080,0.851
C-WEU-FRA,Zone_3C Warm Marine,urb,perm,sfh,2080,0.149
C-WEU-FRA,Zone_1A Very hot Humid,urb,perm,mfh,2080,0.429
C-WEU-FRA,Zone_1A Very hot Humid,urb,perm,sfh,2080,0.571
C-WEU-FRA,Zone_2A Hot Humid,urb,perm,mfh,2080,0.34
C-WEU-FRA,Zone_2A Hot Humid,urb,perm,sfh,2080,0.66
C-WEU-GRC,Zone_4A Mixed Humid,rur,perm,mfh,2080,0.489
C-WEU-GRC,Zone_4A Mixed Humid,rur,perm,sfh,2080,0.511
C-WEU-GRC,Zone_4A Mixed Humid,urb,perm,mfh,2080,0.732
C-WEU-GRC,Zone_4A Mixed Humid,urb,perm,sfh,2080,0.268
C-WEU-GRC,Zone_5A Cool Humid,rur,perm,mfh,2080,0.472
C-WEU-GRC,Zone_5A Cool Humid,rur,perm,sfh,2080,0.528
C-WEU-GRC,Zone_5A Cool Humid,urb,perm,mfh,2080,0.607
C-WEU-GRC,Zone_5A Cool Humid,urb,perm,sfh,2080,0.393
C-WEU-GRC,Zone_3A Warm Humid,rur,perm,mfh,2080,0.52
C-WEU-GRC,Zone_3A Warm Humid,rur,perm,sfh,2080,0.48
C-WEU-GRC,Zone_3A Warm Humid,urb,perm,mfh,2080,0.824
C-WEU-GRC,Zone_3A Warm Humid,urb,perm,sfh,2080,0.176
C-WEU-GRC,Zone_4C Mixed Marine,urb,perm,mfh,2080,0.623
C-WEU-GRC,Zone_4C Mixed Marine,urb,perm,sfh,2080,0.377
C-WEU-GRC,Zone_5C Cool Marine,urb,perm,mfh,2080,0.591
C-WEU-GRC,Zone_5C Cool Marine,urb,perm,sfh,2080,0.409
C-WEU-IRL,Zone_4A Mixed Humid,rur,perm,mfh,2080,0.102
C-WEU-IRL,Zone_4A Mixed Humid,rur,perm,sfh,2080,0.898
C-WEU-IRL,Zone_5A Cool Humid,rur,perm,mfh,2080,0.082
C-WEU-IRL,Zone_5A Cool Humid,rur,perm,sfh,2080,0.918
C-WEU-IRL,Zone_5A Cool Humid,urb,perm,mfh,2080,0.221
C-WEU-IRL,Zone_5A Cool Humid,urb,perm,sfh,2080,0.779
C-WEU-ITA,Zone_4A Mixed Humid,rur,perm,mfh,2080,0.691
C-WEU-ITA,Zone_4A Mixed Humid,rur,perm,sfh,2080,0.309
C-WEU-ITA,Zone_4A Mixed Humid,urb,perm,mfh,2080,0.842
C-WEU-ITA,Zone_4A Mixed Humid,urb,perm,sfh,2080,0.158
C-WEU-ITA,Zone_5A Cool Humid,urb,perm,mfh,2080,0.807
C-WEU-ITA,Zone_5A Cool Humid,urb,perm,sfh,2080,0.193
C-WEU-ITA,Zone_6A Cold Humid,urb,perm,mfh,2080,0.835
C-WEU-ITA,Zone_6A Cold Humid,urb,perm,sfh,2080,0.165
C-WEU-ITA,Zone_3A Warm Humid,rur,perm,mfh,2080,0.703
C-WEU-ITA,Zone_3A Warm Humid,rur,perm,sfh,2080,0.297
C-WEU-ITA,Zone_3A Warm Humid,urb,perm,mfh,2080,0.841
C-WEU-ITA,Zone_3A Warm Humid,urb,perm,sfh,2080,0.159
C-WEU-ITA,Zone_4C Mixed Marine,rur,perm,mfh,2080,0.7
C-WEU-ITA,Zone_4C Mixed Marine,rur,perm,sfh,2080,0.3
C-WEU-ITA,Zone_4C Mixed Marine,urb,perm,mfh,2080,0.887
C-WEU-ITA,Zone_4C Mixed Marine,urb,perm,sfh,2080,0.113
C-WEU-ITA,Zone_7A Very cold Humid,rur,perm,mfh,2080,0.738
C-WEU-ITA,Zone_7A Very cold Humid,rur,perm,sfh,2080,0.262
C-WEU-ITA,Zone_7A Very cold Humid,urb,perm,mfh,2080,0.839
C-WEU-ITA,Zone_7A Very cold Humid,urb,perm,sfh,2080,0.161
C-WEU-ITA,Zone_5C Cool Marine,urb,perm,mfh,2080,0.724
C-WEU-ITA,Zone_5C Cool Marine,urb,perm,sfh,2080,0.276
C-WEU-LUX,Zone_5A Cool Humid,urb,perm,mfh,2080,0.522
C-WEU-LUX,Zone_5A Cool Humid,urb,perm,sfh,2080,0.478
C-WEU-MLT,Zone_3A Warm Humid,urb,perm,mfh,2080,0.652
C-WEU-MLT,Zone_3A Warm Humid,urb,perm,sfh,2080,0.348
C-WEU-NLD,Zone_4A Mixed Humid,rur,perm,mfh,2080,0.14
C-WEU-NLD,Zone_4A Mixed Humid,rur,perm,sfh,2080,0.86
C-WEU-NLD,Zone_4A Mixed Humid,urb,perm,mfh,2080,0.383
C-WEU-NLD,Zone_4A Mixed Humid,urb,perm,sfh,2080,0.617
C-WEU-NLD,Zone_5A Cool Humid,urb,perm,mfh,2080,0.22
C-WEU-NLD,Zone_5A Cool Humid,urb,perm,sfh,2080,0.78
C-WEU-PRT,Zone_4A Mixed Humid,rur,perm,mfh,2080,0.289
C-WEU-PRT,Zone_4A Mixed Humid,rur,perm,sfh,2080,0.711
C-WEU-PRT,Zone_3A Warm Humid,rur,perm,mfh,2080,0.335
C-WEU-PRT,Zone_3A Warm Humid,rur,perm,sfh,2080,0.665
C-WEU-PRT,Zone_3A Warm Humid,urb,perm,mfh,2080,0.778
C-WEU-PRT,Zone_3A Warm Humid,urb,perm,sfh,2080,0.222
C-WEU-PRT,Zone_4C Mixed Marine,rur,perm,mfh,2080,0.239
C-WEU-PRT,Zone_4C Mixed Marine,rur,perm,sfh,2080,0.761
C-WEU-PRT,Zone_4C Mixed Marine,urb,perm,mfh,2080,0.425
C-WEU-PRT,Zone_4C Mixed Marine,urb,perm,sfh,2080,0.575
C-WEU-PRT,Zone_3C Warm Marine,rur,perm,mfh,2080,0.265
C-WEU-PRT,Zone_3C Warm Marine,rur,perm,sfh,2080,0.735
C-WEU-PRT,Zone_3C Warm Marine,urb,perm,mfh,2080,0.493
C-WEU-PRT,Zone_3C Warm Marine,urb,perm,sfh,2080,0.507
C-WEU-SWE,Zone_5A Cool Humid,rur,perm,mfh,2080,0.35
C-WEU-SWE,Zone_5A Cool Humid,rur,perm,sfh,2080,0.65
C-WEU-SWE,Zone_5A Cool Humid,urb,perm,mfh,2080,0.492
C-WEU-SWE,Zone_5A Cool Humid,urb,perm,sfh,2080,0.508
C-WEU-SWE,Zone_6A Cold Humid,rur,perm,mfh,2080,0.4
C-WEU-SWE,Zone_6A Cold Humid,rur,perm,sfh,2080,0.6
C-WEU-SWE,Zone_6A Cold Humid,urb,perm,mfh,2080,0.59
C-WEU-SWE,Zone_6A Cold Humid,urb,perm,sfh,2080,0.41
C-WEU-SWE,Zone_7A Very cold Humid,rur,perm,mfh,2080,0.397
C-WEU-SWE,Zone_7A Very cold Humid,rur,perm,sfh,2080,0.603
C-WEU-SWE,Zone_7A Very cold Humid,urb,perm,mfh,2080,0.461
C-WEU-SWE,Zone_7A Very cold Humid,urb,perm,sfh,2080,0.539
C-WEU-SWE,Zone_8A Subarctic/arctic Humid,urb,perm,mfh,2080,0.445
C-WEU-SWE,Zone_8A Subarctic/arctic Humid,urb,perm,sfh,2080,0.555
C-EEU-BGR,Zone_4A Mixed Humid,rur,perm,mfh,2085,0.426
C-EEU-BGR,Zone_4A Mixed Humid,rur,perm,sfh,2085,0.574
C-EEU-BGR,Zone_4A Mixed Humid,urb,perm,mfh,2085,0.609
C-EEU-BGR,Zone_4A Mixed Humid,urb,perm,sfh,2085,0.391
C-EEU-BGR,Zone_5A Cool Humid,rur,perm,mfh,2085,0.773
C-EEU-BGR,Zone_5A Cool Humid,rur,perm,sfh,2085,0.227
C-EEU-BGR,Zone_5A Cool Humid,urb,perm,mfh,2085,0.773
C-EEU-BGR,Zone_5A Cool Humid,urb,perm,sfh,2085,0.227
C-EEU-CZE,Zone_5A Cool Humid,rur,perm,mfh,2085,0.657
C-EEU-CZE,Zone_5A Cool Humid,rur,perm,sfh,2085,0.343
C-EEU-CZE,Zone_5A Cool Humid,urb,perm,mfh,2085,0.73
C-EEU-CZE,Zone_5A Cool Humid,urb,perm,sfh,2085,0.27
C-EEU-EST,Zone_6A Cold Humid,rur,perm,mfh,2085,0.548
C-EEU-EST,Zone_6A Cold Humid,rur,perm,sfh,2085,0.452
C-EEU-EST,Zone_6A Cold Humid,urb,perm,mfh,2085,0.768
C-EEU-EST,Zone_6A Cold Humid,urb,perm,sfh,2085,0.232
C-EEU-HRV,Zone_4A Mixed Humid,rur,perm,mfh,2085,0.331
C-EEU-HRV,Zone_4A Mixed Humid,rur,perm,sfh,2085,0.669
C-EEU-HRV,Zone_4A Mixed Humid,urb,perm,mfh,2085,0.667
C-EEU-HRV,Zone_4A Mixed Humid,urb,perm,sfh,2085,0.333
C-EEU-HRV,Zone_5A Cool Humid,rur,perm,mfh,2085,0.412
C-EEU-HRV,Zone_5A Cool Humid,rur,perm,sfh,2085,0.588
C-EEU-HRV,Zone_3A Warm Humid,rur,perm,mfh,2085,0.648
C-EEU-HRV,Zone_3A Warm Humid,rur,perm,sfh,2085,0.352
C-EEU-HRV,Zone_4C Mixed Marine,rur,perm,mfh,2085,0.608
C-EEU-HRV,Zone_4C Mixed Marine,rur,perm,sfh,2085,0.392
C-EEU-HUN,Zone_4A Mixed Humid,rur,perm,mfh,2085,0.274
C-EEU-HUN,Zone_4A Mixed Humid,rur,perm,sfh,2085,0.726
C-EEU-HUN,Zone_4A Mixed Humid,urb,perm,mfh,2085,0.447
C-EEU-HUN,Zone_4A Mixed Humid,urb,perm,sfh,2085,0.553
C-EEU-HUN,Zone_5A Cool Humid,rur,perm,mfh,2085,0.22
C-EEU-HUN,Zone_5A Cool Humid,rur,perm,sfh,2085,0.78
C-EEU-HUN,Zone_5A Cool Humid,urb,perm,mfh,2085,0.368
C-EEU-HUN,Zone_5A Cool Humid,urb,perm,sfh,2085,0.632
C-EEU-LTU,Zone_5A Cool Humid,rur,perm,mfh,2085,0.42
C-EEU-LTU,Zone_5A Cool Humid,rur,perm,sfh,2085,0.58
C-EEU-LTU,Zone_5A Cool Humid,urb,perm,mfh,2085,0.707
C-EEU-LTU,Zone_5A Cool Humid,urb,perm,sfh,2085,0.293
C-EEU-LTU,Zone_6A Cold Humid,rur,perm,mfh,2085,0.449
C-EEU-LTU,Zone_6A Cold Humid,rur,perm,sfh,2085,0.551
C-EEU-LTU,Zone_6A Cold Humid,urb,perm,mfh,2085,0.648
C-EEU-LTU,Zone_6A Cold Humid,urb,perm,sfh,2085,0.352
C-EEU-LVA,Zone_6A Cold Humid,rur,perm,mfh,2085,0.612
C-EEU-LVA,Zone_6A Cold Humid,rur,perm,sfh,2085,0.388
C-EEU-LVA,Zone_6A Cold Humid,urb,perm,mfh,2085,0.843
C-EEU-LVA,Zone_6A Cold Humid,urb,perm,sfh,2085,0.157
C-EEU-POL,Zone_5A Cool Humid,rur,perm,mfh,2085,0.414
C-EEU-POL,Zone_5A Cool Humid,rur,perm,sfh,2085,0.586
C-EEU-POL,Zone_5A Cool Humid,urb,perm,mfh,2085,0.698
C-EEU-POL,Zone_5A Cool Humid,urb,perm,sfh,2085,0.302
C-EEU-POL,Zone_6A Cold Humid,rur,perm,mfh,2085,0.192
C-EEU-POL,Zone_6A Cold Humid,rur,perm,sfh,2085,0.808
C-EEU-POL,Zone_6A Cold Humid,urb,perm,mfh,2085,0.431
C-EEU-POL,Zone_6A Cold Humid,urb,perm,sfh,2085,0.569
C-EEU-ROU,Zone_4A Mixed Humid,rur,perm,mfh,2085,0.312
C-EEU-ROU,Zone_4A Mixed Humid,rur,perm,sfh,2085,0.688
C-EEU-ROU,Zone_4A Mixed Humid,urb,perm,mfh,2085,0.664
C-EEU-ROU,Zone_4A Mixed Humid,urb,perm,sfh,2085,0.336
C-EEU-ROU,Zone_5A Cool Humid,rur,perm,mfh,2085,0.34
C-EEU-ROU,Zone_5A Cool Humid,rur,perm,sfh,2085,0.66
C-EEU-ROU,Zone_5A Cool Humid,urb,perm,mfh,2085,0.517
C-EEU-ROU,Zone_5A Cool Humid,urb,perm,sfh,2085,0.483
C-EEU-ROU,Zone_6A Cold Humid,rur,perm,mfh,2085,0.397
C-EEU-ROU,Zone_6A Cold Humid,rur,perm,sfh,2085,0.603
C-EEU-SVK,Zone_5A Cool Humid,rur,perm,mfh,2085,0.438
C-EEU-SVK,Zone_5A Cool Humid,rur,perm,sfh,2085,0.562
C-EEU-SVK,Zone_5A Cool Humid,urb,perm,mfh,2085,0.603
C-EEU-SVK,Zone_5A Cool Humid,urb,perm,sfh,2085,0.397
C-EEU-SVK,Zone_6A Cold Humid,rur,perm,mfh,2085,0.46
C-EEU-SVK,Zone_6A Cold Humid,rur,perm,sfh,2085,0.54
C-EEU-SVK,Zone_6A Cold Humid,urb,perm,mfh,2085,0.448
C-EEU-SVK,Zone_6A Cold Humid,urb,perm,sfh,2085,0.552
C-EEU-SVN,Zone_4A Mixed Humid,rur,perm,mfh,2085,0.371
C-EEU-SVN,Zone_4A Mixed Humid,rur,perm,sfh,2085,0.629
C-EEU-SVN,Zone_4A Mixed Humid,urb,perm,mfh,2085,0.582
C-EEU-SVN,Zone_4A Mixed Humid,urb,perm,sfh,2085,0.418
C-EEU-SVN,Zone_5A Cool Humid,rur,perm,mfh,2085,0.395
C-EEU-SVN,Zone_5A Cool Humid,rur,perm,sfh,2085,0.605
C-EEU-SVN,Zone_5A Cool Humid,urb,perm,mfh,2085,0.562
C-EEU-SVN,Zone_5A Cool Humid,urb,perm,sfh,2085,0.438
C-EEU-SVN,Zone_7A Very cold Humid,rur,perm,mfh,2085,0.414
C-EEU-SVN,Zone_7A Very cold Humid,rur,perm,sfh,2085,0.586
C-WEU-AUT,Zone_4A Mixed Humid,rur,perm,mfh,2085,0.415
C-WEU-AUT,Zone_4A Mixed Humid,rur,perm,sfh,2085,0.585
C-WEU-AUT,Zone_4A Mixed Humid,urb,perm,mfh,2085,0.874
C-WEU-AUT,Zone_4A Mixed Humid,urb,perm,sfh,2085,0.126
C-WEU-AUT,Zone_5A Cool Humid,rur,perm,mfh,2085,0.478
C-WEU-AUT,Zone_5A Cool Humid,rur,perm,sfh,2085,0.522
C-WEU-AUT,Zone_5A Cool Humid,urb,perm,mfh,2085,0.603
C-WEU-AUT,Zone_5A Cool Humid,urb,perm,sfh,2085,0.397
C-WEU-AUT,Zone_6A Cold Humid,rur,perm,mfh,2085,0.608
C-WEU-AUT,Zone_6A Cold Humid,rur,perm,sfh,2085,0.392
C-WEU-AUT,Zone_6A Cold Humid,urb,perm,mfh,2085,0.72
C-WEU-AUT,Zone_6A Cold Humid,urb,perm,sfh,2085,0.28
C-WEU-AUT,Zone_7A Very cold Humid,rur,perm,mfh,2085,0.66
C-WEU-AUT,Zone_7A Very cold Humid,rur,perm,sfh,2085,0.34
C-WEU-AUT,Zone_7A Very cold Humid,urb,perm,mfh,2085,0.841
C-WEU-AUT,Zone_7A Very cold Humid,urb,perm,sfh,2085,0.159
C-WEU-BEL,Zone_4A Mixed Humid,rur,perm,mfh,2085,0.174
C-WEU-BEL,Zone_4A Mixed Humid,rur,perm,sfh,2085,0.826
C-WEU-BEL,Zone_4A Mixed Humid,urb,perm,mfh,2085,0.356
C-WEU-BEL,Zone_4A Mixed Humid,urb,perm,sfh,2085,0.644
C-WEU-BEL,Zone_5A Cool Humid,rur,perm,mfh,2085,0.24
C-WEU-BEL,Zone_5A Cool Humid,rur,perm,sfh,2085,0.76
C-WEU-BEL,Zone_5A Cool Humid,urb,perm,mfh,2085,0.295
C-WEU-BEL,Zone_5A Cool Humid,urb,perm,sfh,2085,0.705
C-WEU-CYP,Zone_3A Warm Humid,urb,perm,mfh,2085,0.518
C-WEU-CYP,Zone_3A Warm Humid,urb,perm,sfh,2085,0.482
C-WEU-DEU,Zone_4A Mixed Humid,rur,perm,mfh,2085,0.446
C-WEU-DEU,Zone_4A Mixed Humid,rur,perm,sfh,2085,0.554
C-WEU-DEU,Zone_4A Mixed Humid,urb,perm,mfh,2085,0.732
C-WEU-DEU,Zone_4A Mixed Humid,urb,perm,sfh,2085,0.268
C-WEU-DEU,Zone_5A Cool Humid,rur,perm,mfh,2085,0.549
C-WEU-DEU,Zone_5A Cool Humid,rur,perm,sfh,2085,0.451
C-WEU-DEU,Zone_5A Cool Humid,urb,perm,mfh,2085,0.698
C-WEU-DEU,Zone_5A Cool Humid,urb,perm,sfh,2085,0.302
C-WEU-DEU,Zone_6A Cold Humid,rur,perm,mfh,2085,0.635
C-WEU-DEU,Zone_6A Cold Humid,rur,perm,sfh,2085,0.365
C-WEU-DEU,Zone_6A Cold Humid,urb,perm,mfh,2085,0.746
C-WEU-DEU,Zone_6A Cold Humid,urb,perm,sfh,2085,0.254
C-WEU-DNK,Zone_5A Cool Humid,rur,perm,mfh,2085,0.323
C-WEU-DNK,Zone_5A Cool Humid,rur,perm,sfh,2085,0.677
C-WEU-DNK,Zone_5A Cool Humid,urb,perm,mfh,2085,0.516
C-WEU-DNK,Zone_5A Cool Humid,urb,perm,sfh,2085,0.484
C-WEU-ESP,Zone_4A Mixed Humid,rur,perm,mfh,2085,0.521
C-WEU-ESP,Zone_4A Mixed Humid,rur,perm,sfh,2085,0.479
C-WEU-ESP,Zone_4A Mixed Humid,urb,perm,mfh,2085,0.785
C-WEU-ESP,Zone_4A Mixed Humid,urb,perm,sfh,2085,0.215
C-WEU-ESP,Zone_3A Warm Humid,rur,perm,mfh,2085,0.257
C-WEU-ESP,Zone_3A Warm Humid,rur,perm,sfh,2085,0.743
C-WEU-ESP,Zone_3A Warm Humid,urb,perm,mfh,2085,0.76
C-WEU-ESP,Zone_3A Warm Humid,urb,perm,sfh,2085,0.24
C-WEU-ESP,Zone_4C Mixed Marine,rur,perm,mfh,2085,0.549
C-WEU-ESP,Zone_4C Mixed Marine,rur,perm,sfh,2085,0.451
C-WEU-ESP,Zone_4C Mixed Marine,urb,perm,mfh,2085,0.705
C-WEU-ESP,Zone_4C Mixed Marine,urb,perm,sfh,2085,0.295
C-WEU-ESP,Zone_2B Hot Dry,urb,perm,mfh,2085,0.647
C-WEU-ESP,Zone_2B Hot Dry,urb,perm,sfh,2085,0.353
C-WEU-ESP,Zone_3B Warm Dry,rur,perm,mfh,2085,0.494
C-WEU-ESP,Zone_3B Warm Dry,rur,perm,sfh,2085,0.506
C-WEU-ESP,Zone_3B Warm Dry,urb,perm,mfh,2085,0.726
C-WEU-ESP,Zone_3B Warm Dry,urb,perm,sfh,2085,0.274
C-WEU-ESP,Zone_3C Warm Marine,urb,perm,mfh,2085,0.672
C-WEU-ESP,Zone_3C Warm Marine,urb,perm,sfh,2085,0.328
C-WEU-FIN,Zone_6A Cold Humid,rur,perm,mfh,2085,0.512
C-WEU-FIN,Zone_6A Cold Humid,rur,perm,sfh,2085,0.488
C-WEU-FIN,Zone_6A Cold Humid,urb,perm,mfh,2085,0.756
C-WEU-FIN,Zone_6A Cold Humid,urb,perm,sfh,2085,0.244
C-WEU-FIN,Zone_7A Very cold Humid,rur,perm,mfh,2085,0.522
C-WEU-FIN,Zone_7A Very cold Humid,rur,perm,sfh,2085,0.478
C-WEU-FIN,Zone_7A Very cold Humid,urb,perm,mfh,2085,0.635
C-WEU-FIN,Zone_7A Very cold Humid,urb,perm,sfh,2085,0.365
C-WEU-FRA,Zone_4A Mixed Humid,rur,perm,mfh,2085,0.245
C-WEU-FRA,Zone_4A Mixed Humid,rur,perm,sfh,2085,0.755
C-WEU-FRA,Zone_4A Mixed Humid,urb,perm,mfh,2085,0.544
C-WEU-FRA,Zone_4A Mixed Humid,urb,perm,sfh,2085,0.456
C-WEU-FRA,Zone_5A Cool Humid,rur,perm,mfh,2085,0.283
C-WEU-FRA,Zone_5A Cool Humid,rur,perm,sfh,2085,0.717
C-WEU-FRA,Zone_5A Cool Humid,urb,perm,mfh,2085,0.513
C-WEU-FRA,Zone_5A Cool Humid,urb,perm,sfh,2085,0.487
C-WEU-FRA,Zone_3A Warm Humid,rur,perm,mfh,2085,0.221
C-WEU-FRA,Zone_3A Warm Humid,rur,perm,sfh,2085,0.779
C-WEU-FRA,Zone_3A Warm Humid,urb,perm,mfh,2085,0.538
C-WEU-FRA,Zone_3A Warm Humid,urb,perm,sfh,2085,0.462
C-WEU-FRA,Zone_4C Mixed Marine,rur,perm,mfh,2085,0.514
C-WEU-FRA,Zone_4C Mixed Marine,rur,perm,sfh,2085,0.486
C-WEU-FRA,Zone_7A Very cold Humid,urb,perm,mfh,2085,0.558
C-WEU-FRA,Zone_7A Very cold Humid,urb,perm,sfh,2085,0.442
C-WEU-FRA,Zone_3C Warm Marine,urb,perm,mfh,2085,0.851
C-WEU-FRA,Zone_3C Warm Marine,urb,perm,sfh,2085,0.149
C-WEU-FRA,Zone_1A Very hot Humid,urb,perm,mfh,2085,0.429
C-WEU-FRA,Zone_1A Very hot Humid,urb,perm,sfh,2085,0.571
C-WEU-FRA,Zone_2A Hot Humid,urb,perm,mfh,2085,0.34
C-WEU-FRA,Zone_2A Hot Humid,urb,perm,sfh,2085,0.66
C-WEU-GRC,Zone_4A Mixed Humid,rur,perm,mfh,2085,0.489
C-WEU-GRC,Zone_4A Mixed Humid,rur,perm,sfh,2085,0.511
C-WEU-GRC,Zone_4A Mixed Humid,urb,perm,mfh,2085,0.732
C-WEU-GRC,Zone_4A Mixed Humid,urb,perm,sfh,2085,0.268
C-WEU-GRC,Zone_5A Cool Humid,rur,perm,mfh,2085,0.472
C-WEU-GRC,Zone_5A Cool Humid,rur,perm,sfh,2085,0.528
C-WEU-GRC,Zone_5A Cool Humid,urb,perm,mfh,2085,0.607
C-WEU-GRC,Zone_5A Cool Humid,urb,perm,sfh,2085,0.393
C-WEU-GRC,Zone_3A Warm Humid,rur,perm,mfh,2085,0.52
C-WEU-GRC,Zone_3A Warm Humid,rur,perm,sfh,2085,0.48
C-WEU-GRC,Zone_3A Warm Humid,urb,perm,mfh,2085,0.824
C-WEU-GRC,Zone_3A Warm Humid,urb,perm,sfh,2085,0.176
C-WEU-GRC,Zone_4C Mixed Marine,urb,perm,mfh,2085,0.623
C-WEU-GRC,Zone_4C Mixed Marine,urb,perm,sfh,2085,0.377
C-WEU-GRC,Zone_5C Cool Marine,urb,perm,mfh,2085,0.591
C-WEU-GRC,Zone_5C Cool Marine,urb,perm,sfh,2085,0.409
C-WEU-IRL,Zone_4A Mixed Humid,rur,perm,mfh,2085,0.102
C-WEU-IRL,Zone_4A Mixed Humid,rur,perm,sfh,2085,0.898
C-WEU-IRL,Zone_5A Cool Humid,rur,perm,mfh,2085,0.082
C-WEU-IRL,Zone_5A Cool Humid,rur,perm,sfh,2085,0.918
C-WEU-IRL,Zone_5A Cool Humid,urb,perm,mfh,2085,0.221
C-WEU-IRL,Zone_5A Cool Humid,urb,perm,sfh,2085,0.779
C-WEU-ITA,Zone_4A Mixed Humid,rur,perm,mfh,2085,0.691
C-WEU-ITA,Zone_4A Mixed Humid,rur,perm,sfh,2085,0.309
C-WEU-ITA,Zone_4A Mixed Humid,urb,perm,mfh,2085,0.842
C-WEU-ITA,Zone_4A Mixed Humid,urb,perm,sfh,2085,0.158
C-WEU-ITA,Zone_5A Cool Humid,urb,perm,mfh,2085,0.807
C-WEU-ITA,Zone_5A Cool Humid,urb,perm,sfh,2085,0.193
C-WEU-ITA,Zone_6A Cold Humid,urb,perm,mfh,2085,0.835
C-WEU-ITA,Zone_6A Cold Humid,urb,perm,sfh,2085,0.165
C-WEU-ITA,Zone_3A Warm Humid,rur,perm,mfh,2085,0.703
C-WEU-ITA,Zone_3A Warm Humid,rur,perm,sfh,2085,0.297
C-WEU-ITA,Zone_3A Warm Humid,urb,perm,mfh,2085,0.841
C-WEU-ITA,Zone_3A Warm Humid,urb,perm,sfh,2085,0.159
C-WEU-ITA,Zone_4C Mixed Marine,rur,perm,mfh,2085,0.7
C-WEU-ITA,Zone_4C Mixed Marine,rur,perm,sfh,2085,0.3
C-WEU-ITA,Zone_4C Mixed Marine,urb,perm,mfh,2085,0.887
C-WEU-ITA,Zone_4C Mixed Marine,urb,perm,sfh,2085,0.113
C-WEU-ITA,Zone_7A Very cold Humid,rur,perm,mfh,2085,0.738
C-WEU-ITA,Zone_7A Very cold Humid,rur,perm,sfh,2085,0.262
C-WEU-ITA,Zone_7A Very cold Humid,urb,perm,mfh,2085,0.839
C-WEU-ITA,Zone_7A Very cold Humid,urb,perm,sfh,2085,0.161
C-WEU-ITA,Zone_5C Cool Marine,urb,perm,mfh,2085,0.724
C-WEU-ITA,Zone_5C Cool Marine,urb,perm,sfh,2085,0.276
C-WEU-LUX,Zone_5A Cool Humid,urb,perm,mfh,2085,0.522
C-WEU-LUX,Zone_5A Cool Humid,urb,perm,sfh,2085,0.478
C-WEU-MLT,Zone_3A Warm Humid,urb,perm,mfh,2085,0.652
C-WEU-MLT,Zone_3A Warm Humid,urb,perm,sfh,2085,0.348
C-WEU-NLD,Zone_4A Mixed Humid,rur,perm,mfh,2085,0.14
C-WEU-NLD,Zone_4A Mixed Humid,rur,perm,sfh,2085,0.86
C-WEU-NLD,Zone_4A Mixed Humid,urb,perm,mfh,2085,0.383
C-WEU-NLD,Zone_4A Mixed Humid,urb,perm,sfh,2085,0.617
C-WEU-NLD,Zone_5A Cool Humid,urb,perm,mfh,2085,0.22
C-WEU-NLD,Zone_5A Cool Humid,urb,perm,sfh,2085,0.78
C-WEU-PRT,Zone_4A Mixed Humid,rur,perm,mfh,2085,0.289
C-WEU-PRT,Zone_4A Mixed Humid,rur,perm,sfh,2085,0.711
C-WEU-PRT,Zone_3A Warm Humid,rur,perm,mfh,2085,0.335
C-WEU-PRT,Zone_3A Warm Humid,rur,perm,sfh,2085,0.665
C-WEU-PRT,Zone_3A Warm Humid,urb,perm,mfh,2085,0.778
C-WEU-PRT,Zone_3A Warm Humid,urb,perm,sfh,2085,0.222
C-WEU-PRT,Zone_4C Mixed Marine,rur,perm,mfh,2085,0.239
C-WEU-PRT,Zone_4C Mixed Marine,rur,perm,sfh,2085,0.761
C-WEU-PRT,Zone_4C Mixed Marine,urb,perm,mfh,2085,0.425
C-WEU-PRT,Zone_4C Mixed Marine,urb,perm,sfh,2085,0.575
C-WEU-PRT,Zone_3C Warm Marine,rur,perm,mfh,2085,0.265
C-WEU-PRT,Zone_3C Warm Marine,rur,perm,sfh,2085,0.735
C-WEU-PRT,Zone_3C Warm Marine,urb,perm,mfh,2085,0.493
C-WEU-PRT,Zone_3C Warm Marine,urb,perm,sfh,2085,0.507
C-WEU-SWE,Zone_5A Cool Humid,rur,perm,mfh,2085,0.35
C-WEU-SWE,Zone_5A Cool Humid,rur,perm,sfh,2085,0.65
C-WEU-SWE,Zone_5A Cool Humid,urb,perm,mfh,2085,0.492
C-WEU-SWE,Zone_5A Cool Humid,urb,perm,sfh,2085,0.508
C-WEU-SWE,Zone_6A Cold Humid,rur,perm,mfh,2085,0.4
C-WEU-SWE,Zone_6A Cold Humid,rur,perm,sfh,2085,0.6
C-WEU-SWE,Zone_6A Cold Humid,urb,perm,mfh,2085,0.59
C-WEU-SWE,Zone_6A Cold Humid,urb,perm,sfh,2085,0.41
C-WEU-SWE,Zone_7A Very cold Humid,rur,perm,mfh,2085,0.397
C-WEU-SWE,Zone_7A Very cold Humid,rur,perm,sfh,2085,0.603
C-WEU-SWE,Zone_7A Very cold Humid,urb,perm,mfh,2085,0.461
C-WEU-SWE,Zone_7A Very cold Humid,urb,perm,sfh,2085,0.539
C-WEU-SWE,Zone_8A Subarctic/arctic Humid,urb,perm,mfh,2085,0.445
C-WEU-SWE,Zone_8A Subarctic/arctic Humid,urb,perm,sfh,2085,0.555
C-EEU-BGR,Zone_4A Mixed Humid,rur,perm,mfh,2090,0.426
C-EEU-BGR,Zone_4A Mixed Humid,rur,perm,sfh,2090,0.574
C-EEU-BGR,Zone_4A Mixed Humid,urb,perm,mfh,2090,0.609
C-EEU-BGR,Zone_4A Mixed Humid,urb,perm,sfh,2090,0.391
C-EEU-BGR,Zone_5A Cool Humid,rur,perm,mfh,2090,0.773
C-EEU-BGR,Zone_5A Cool Humid,rur,perm,sfh,2090,0.227
C-EEU-BGR,Zone_5A Cool Humid,urb,perm,mfh,2090,0.773
C-EEU-BGR,Zone_5A Cool Humid,urb,perm,sfh,2090,0.227
C-EEU-CZE,Zone_5A Cool Humid,rur,perm,mfh,2090,0.657
C-EEU-CZE,Zone_5A Cool Humid,rur,perm,sfh,2090,0.343
C-EEU-CZE,Zone_5A Cool Humid,urb,perm,mfh,2090,0.73
C-EEU-CZE,Zone_5A Cool Humid,urb,perm,sfh,2090,0.27
C-EEU-EST,Zone_6A Cold Humid,rur,perm,mfh,2090,0.548
C-EEU-EST,Zone_6A Cold Humid,rur,perm,sfh,2090,0.452
C-EEU-EST,Zone_6A Cold Humid,urb,perm,mfh,2090,0.768
C-EEU-EST,Zone_6A Cold Humid,urb,perm,sfh,2090,0.232
C-EEU-HRV,Zone_4A Mixed Humid,rur,perm,mfh,2090,0.331
C-EEU-HRV,Zone_4A Mixed Humid,rur,perm,sfh,2090,0.669
C-EEU-HRV,Zone_4A Mixed Humid,urb,perm,mfh,2090,0.667
C-EEU-HRV,Zone_4A Mixed Humid,urb,perm,sfh,2090,0.333
C-EEU-HRV,Zone_5A Cool Humid,rur,perm,mfh,2090,0.412
C-EEU-HRV,Zone_5A Cool Humid,rur,perm,sfh,2090,0.588
C-EEU-HRV,Zone_3A Warm Humid,rur,perm,mfh,2090,0.648
C-EEU-HRV,Zone_3A Warm Humid,rur,perm,sfh,2090,0.352
C-EEU-HRV,Zone_4C Mixed Marine,rur,perm,mfh,2090,0.608
C-EEU-HRV,Zone_4C Mixed Marine,rur,perm,sfh,2090,0.392
C-EEU-HUN,Zone_4A Mixed Humid,rur,perm,mfh,2090,0.274
C-EEU-HUN,Zone_4A Mixed Humid,rur,perm,sfh,2090,0.726
C-EEU-HUN,Zone_4A Mixed Humid,urb,perm,mfh,2090,0.447
C-EEU-HUN,Zone_4A Mixed Humid,urb,perm,sfh,2090,0.553
C-EEU-HUN,Zone_5A Cool Humid,rur,perm,mfh,2090,0.22
C-EEU-HUN,Zone_5A Cool Humid,rur,perm,sfh,2090,0.78
C-EEU-HUN,Zone_5A Cool Humid,urb,perm,mfh,2090,0.368
C-EEU-HUN,Zone_5A Cool Humid,urb,perm,sfh,2090,0.632
C-EEU-LTU,Zone_5A Cool Humid,rur,perm,mfh,2090,0.42
C-EEU-LTU,Zone_5A Cool Humid,rur,perm,sfh,2090,0.58
C-EEU-LTU,Zone_5A Cool Humid,urb,perm,mfh,2090,0.707
C-EEU-LTU,Zone_5A Cool Humid,urb,perm,sfh,2090,0.293
C-EEU-LTU,Zone_6A Cold Humid,rur,perm,mfh,2090,0.449
C-EEU-LTU,Zone_6A Cold Humid,rur,perm,sfh,2090,0.551
C-EEU-LTU,Zone_6A Cold Humid,urb,perm,mfh,2090,0.648
C-EEU-LTU,Zone_6A Cold Humid,urb,perm,sfh,2090,0.352
C-EEU-LVA,Zone_6A Cold Humid,rur,perm,mfh,2090,0.612
C-EEU-LVA,Zone_6A Cold Humid,rur,perm,sfh,2090,0.388
C-EEU-LVA,Zone_6A Cold Humid,urb,perm,mfh,2090,0.843
C-EEU-LVA,Zone_6A Cold Humid,urb,perm,sfh,2090,0.157
C-EEU-POL,Zone_5A Cool Humid,rur,perm,mfh,2090,0.414
C-EEU-POL,Zone_5A Cool Humid,rur,perm,sfh,2090,0.586
C-EEU-POL,Zone_5A Cool Humid,urb,perm,mfh,2090,0.698
C-EEU-POL,Zone_5A Cool Humid,urb,perm,sfh,2090,0.302
C-EEU-POL,Zone_6A Cold Humid,rur,perm,mfh,2090,0.192
C-EEU-POL,Zone_6A Cold Humid,rur,perm,sfh,2090,0.808
C-EEU-POL,Zone_6A Cold Humid,urb,perm,mfh,2090,0.431
C-EEU-POL,Zone_6A Cold Humid,urb,perm,sfh,2090,0.569
C-EEU-ROU,Zone_4A Mixed Humid,rur,perm,mfh,2090,0.312
C-EEU-ROU,Zone_4A Mixed Humid,rur,perm,sfh,2090,0.688
C-EEU-ROU,Zone_4A Mixed Humid,urb,perm,mfh,2090,0.664
C-EEU-ROU,Zone_4A Mixed Humid,urb,perm,sfh,2090,0.336
C-EEU-ROU,Zone_5A Cool Humid,rur,perm,mfh,2090,0.34
C-EEU-ROU,Zone_5A Cool Humid,rur,perm,sfh,2090,0.66
C-EEU-ROU,Zone_5A Cool Humid,urb,perm,mfh,2090,0.517
C-EEU-ROU,Zone_5A Cool Humid,urb,perm,sfh,2090,0.483
C-EEU-ROU,Zone_6A Cold Humid,rur,perm,mfh,2090,0.397
C-EEU-ROU,Zone_6A Cold Humid,rur,perm,sfh,2090,0.603
C-EEU-SVK,Zone_5A Cool Humid,rur,perm,mfh,2090,0.438
C-EEU-SVK,Zone_5A Cool Humid,rur,perm,sfh,2090,0.562
C-EEU-SVK,Zone_5A Cool Humid,urb,perm,mfh,2090,0.603
C-EEU-SVK,Zone_5A Cool Humid,urb,perm,sfh,2090,0.397
C-EEU-SVK,Zone_6A Cold Humid,rur,perm,mfh,2090,0.46
C-EEU-SVK,Zone_6A Cold Humid,rur,perm,sfh,2090,0.54
C-EEU-SVK,Zone_6A Cold Humid,urb,perm,mfh,2090,0.448
C-EEU-SVK,Zone_6A Cold Humid,urb,perm,sfh,2090,0.552
C-EEU-SVN,Zone_4A Mixed Humid,rur,perm,mfh,2090,0.371
C-EEU-SVN,Zone_4A Mixed Humid,rur,perm,sfh,2090,0.629
C-EEU-SVN,Zone_4A Mixed Humid,urb,perm,mfh,2090,0.582
C-EEU-SVN,Zone_4A Mixed Humid,urb,perm,sfh,2090,0.418
C-EEU-SVN,Zone_5A Cool Humid,rur,perm,mfh,2090,0.395
C-EEU-SVN,Zone_5A Cool Humid,rur,perm,sfh,2090,0.605
C-EEU-SVN,Zone_5A Cool Humid,urb,perm,mfh,2090,0.562
C-EEU-SVN,Zone_5A Cool Humid,urb,perm,sfh,2090,0.438
C-EEU-SVN,Zone_7A Very cold Humid,rur,perm,mfh,2090,0.414
C-EEU-SVN,Zone_7A Very cold Humid,rur,perm,sfh,2090,0.586
C-WEU-AUT,Zone_4A Mixed Humid,rur,perm,mfh,2090,0.415
C-WEU-AUT,Zone_4A Mixed Humid,rur,perm,sfh,2090,0.585
C-WEU-AUT,Zone_4A Mixed Humid,urb,perm,mfh,2090,0.874
C-WEU-AUT,Zone_4A Mixed Humid,urb,perm,sfh,2090,0.126
C-WEU-AUT,Zone_5A Cool Humid,rur,perm,mfh,2090,0.478
C-WEU-AUT,Zone_5A Cool Humid,rur,perm,sfh,2090,0.522
C-WEU-AUT,Zone_5A Cool Humid,urb,perm,mfh,2090,0.603
C-WEU-AUT,Zone_5A Cool Humid,urb,perm,sfh,2090,0.397
C-WEU-AUT,Zone_6A Cold Humid,rur,perm,mfh,2090,0.608
C-WEU-AUT,Zone_6A Cold Humid,rur,perm,sfh,2090,0.392
C-WEU-AUT,Zone_6A Cold Humid,urb,perm,mfh,2090,0.72
C-WEU-AUT,Zone_6A Cold Humid,urb,perm,sfh,2090,0.28
C-WEU-AUT,Zone_7A Very cold Humid,rur,perm,mfh,2090,0.66
C-WEU-AUT,Zone_7A Very cold Humid,rur,perm,sfh,2090,0.34
C-WEU-AUT,Zone_7A Very cold Humid,urb,perm,mfh,2090,0.841
C-WEU-AUT,Zone_7A Very cold Humid,urb,perm,sfh,2090,0.159
C-WEU-BEL,Zone_4A Mixed Humid,rur,perm,mfh,2090,0.174
C-WEU-BEL,Zone_4A Mixed Humid,rur,perm,sfh,2090,0.826
C-WEU-BEL,Zone_4A Mixed Humid,urb,perm,mfh,2090,0.356
C-WEU-BEL,Zone_4A Mixed Humid,urb,perm,sfh,2090,0.644
C-WEU-BEL,Zone_5A Cool Humid,rur,perm,mfh,2090,0.24
C-WEU-BEL,Zone_5A Cool Humid,rur,perm,sfh,2090,0.76
C-WEU-BEL,Zone_5A Cool Humid,urb,perm,mfh,2090,0.295
C-WEU-BEL,Zone_5A Cool Humid,urb,perm,sfh,2090,0.705
C-WEU-CYP,Zone_3A Warm Humid,urb,perm,mfh,2090,0.518
C-WEU-CYP,Zone_3A Warm Humid,urb,perm,sfh,2090,0.482
C-WEU-DEU,Zone_4A Mixed Humid,rur,perm,mfh,2090,0.446
C-WEU-DEU,Zone_4A Mixed Humid,rur,perm,sfh,2090,0.554
C-WEU-DEU,Zone_4A Mixed Humid,urb,perm,mfh,2090,0.732
C-WEU-DEU,Zone_4A Mixed Humid,urb,perm,sfh,2090,0.268
C-WEU-DEU,Zone_5A Cool Humid,rur,perm,mfh,2090,0.549
C-WEU-DEU,Zone_5A Cool Humid,rur,perm,sfh,2090,0.451
C-WEU-DEU,Zone_5A Cool Humid,urb,perm,mfh,2090,0.698
C-WEU-DEU,Zone_5A Cool Humid,urb,perm,sfh,2090,0.302
C-WEU-DEU,Zone_6A Cold Humid,rur,perm,mfh,2090,0.635
C-WEU-DEU,Zone_6A Cold Humid,rur,perm,sfh,2090,0.365
C-WEU-DEU,Zone_6A Cold Humid,urb,perm,mfh,2090,0.746
C-WEU-DEU,Zone_6A Cold Humid,urb,perm,sfh,2090,0.254
C-WEU-DNK,Zone_5A Cool Humid,rur,perm,mfh,2090,0.323
C-WEU-DNK,Zone_5A Cool Humid,rur,perm,sfh,2090,0.677
C-WEU-DNK,Zone_5A Cool Humid,urb,perm,mfh,2090,0.516
C-WEU-DNK,Zone_5A Cool Humid,urb,perm,sfh,2090,0.484
C-WEU-ESP,Zone_4A Mixed Humid,rur,perm,mfh,2090,0.521
C-WEU-ESP,Zone_4A Mixed Humid,rur,perm,sfh,2090,0.479
C-WEU-ESP,Zone_4A Mixed Humid,urb,perm,mfh,2090,0.785
C-WEU-ESP,Zone_4A Mixed Humid,urb,perm,sfh,2090,0.215
C-WEU-ESP,Zone_3A Warm Humid,rur,perm,mfh,2090,0.257
C-WEU-ESP,Zone_3A Warm Humid,rur,perm,sfh,2090,0.743
C-WEU-ESP,Zone_3A Warm Humid,urb,perm,mfh,2090,0.76
C-WEU-ESP,Zone_3A Warm Humid,urb,perm,sfh,2090,0.24
C-WEU-ESP,Zone_4C Mixed Marine,rur,perm,mfh,2090,0.549
C-WEU-ESP,Zone_4C Mixed Marine,rur,perm,sfh,2090,0.451
C-WEU-ESP,Zone_4C Mixed Marine,urb,perm,mfh,2090,0.705
C-WEU-ESP,Zone_4C Mixed Marine,urb,perm,sfh,2090,0.295
C-WEU-ESP,Zone_2B Hot Dry,urb,perm,mfh,2090,0.647
C-WEU-ESP,Zone_2B Hot Dry,urb,perm,sfh,2090,0.353
C-WEU-ESP,Zone_3B Warm Dry,rur,perm,mfh,2090,0.494
C-WEU-ESP,Zone_3B Warm Dry,rur,perm,sfh,2090,0.506
C-WEU-ESP,Zone_3B Warm Dry,urb,perm,mfh,2090,0.726
C-WEU-ESP,Zone_3B Warm Dry,urb,perm,sfh,2090,0.274
C-WEU-ESP,Zone_3C Warm Marine,urb,perm,mfh,2090,0.672
C-WEU-ESP,Zone_3C Warm Marine,urb,perm,sfh,2090,0.328
C-WEU-FIN,Zone_6A Cold Humid,rur,perm,mfh,2090,0.512
C-WEU-FIN,Zone_6A Cold Humid,rur,perm,sfh,2090,0.488
C-WEU-FIN,Zone_6A Cold Humid,urb,perm,mfh,2090,0.756
C-WEU-FIN,Zone_6A Cold Humid,urb,perm,sfh,2090,0.244
C-WEU-FIN,Zone_7A Very cold Humid,rur,perm,mfh,2090,0.522
C-WEU-FIN,Zone_7A Very cold Humid,rur,perm,sfh,2090,0.478
C-WEU-FIN,Zone_7A Very cold Humid,urb,perm,mfh,2090,0.635
C-WEU-FIN,Zone_7A Very cold Humid,urb,perm,sfh,2090,0.365
C-WEU-FRA,Zone_4A Mixed Humid,rur,perm,mfh,2090,0.245
C-WEU-FRA,Zone_4A Mixed Humid,rur,perm,sfh,2090,0.755
C-WEU-FRA,Zone_4A Mixed Humid,urb,perm,mfh,2090,0.544
C-WEU-FRA,Zone_4A Mixed Humid,urb,perm,sfh,2090,0.456
C-WEU-FRA,Zone_5A Cool Humid,rur,perm,mfh,2090,0.283
C-WEU-FRA,Zone_5A Cool Humid,rur,perm,sfh,2090,0.717
C-WEU-FRA,Zone_5A Cool Humid,urb,perm,mfh,2090,0.513
C-WEU-FRA,Zone_5A Cool Humid,urb,perm,sfh,2090,0.487
C-WEU-FRA,Zone_3A Warm Humid,rur,perm,mfh,2090,0.221
C-WEU-FRA,Zone_3A Warm Humid,rur,perm,sfh,2090,0.779
C-WEU-FRA,Zone_3A Warm Humid,urb,perm,mfh,2090,0.538
C-WEU-FRA,Zone_3A Warm Humid,urb,perm,sfh,2090,0.462
C-WEU-FRA,Zone_4C Mixed Marine,rur,perm,mfh,2090,0.514
C-WEU-FRA,Zone_4C Mixed Marine,rur,perm,sfh,2090,0.486
C-WEU-FRA,Zone_7A Very cold Humid,urb,perm,mfh,2090,0.558
C-WEU-FRA,Zone_7A Very cold Humid,urb,perm,sfh,2090,0.442
C-WEU-FRA,Zone_3C Warm Marine,urb,perm,mfh,2090,0.851
C-WEU-FRA,Zone_3C Warm Marine,urb,perm,sfh,2090,0.149
C-WEU-FRA,Zone_1A Very hot Humid,urb,perm,mfh,2090,0.429
C-WEU-FRA,Zone_1A Very hot Humid,urb,perm,sfh,2090,0.571
C-WEU-FRA,Zone_2A Hot Humid,urb,perm,mfh,2090,0.34
C-WEU-FRA,Zone_2A Hot Humid,urb,perm,sfh,2090,0.66
C-WEU-GRC,Zone_4A Mixed Humid,rur,perm,mfh,2090,0.489
C-WEU-GRC,Zone_4A Mixed Humid,rur,perm,sfh,2090,0.511
C-WEU-GRC,Zone_4A Mixed Humid,urb,perm,mfh,2090,0.732
C-WEU-GRC,Zone_4A Mixed Humid,urb,perm,sfh,2090,0.268
C-WEU-GRC,Zone_5A Cool Humid,rur,perm,mfh,2090,0.472
C-WEU-GRC,Zone_5A Cool Humid,rur,perm,sfh,2090,0.528
C-WEU-GRC,Zone_5A Cool Humid,urb,perm,mfh,2090,0.607
C-WEU-GRC,Zone_5A Cool Humid,urb,perm,sfh,2090,0.393
C-WEU-GRC,Zone_3A Warm Humid,rur,perm,mfh,2090,0.52
C-WEU-GRC,Zone_3A Warm Humid,rur,perm,sfh,2090,0.48
C-WEU-GRC,Zone_3A Warm Humid,urb,perm,mfh,2090,0.824
C-WEU-GRC,Zone_3A Warm Humid,urb,perm,sfh,2090,0.176
C-WEU-GRC,Zone_4C Mixed Marine,urb,perm,mfh,2090,0.623
C-WEU-GRC,Zone_4C Mixed Marine,urb,perm,sfh,2090,0.377
C-WEU-GRC,Zone_5C Cool Marine,urb,perm,mfh,2090,0.591
C-WEU-GRC,Zone_5C Cool Marine,urb,perm,sfh,2090,0.409
C-WEU-IRL,Zone_4A Mixed Humid,rur,perm,mfh,2090,0.102
C-WEU-IRL,Zone_4A Mixed Humid,rur,perm,sfh,2090,0.898
C-WEU-IRL,Zone_5A Cool Humid,rur,perm,mfh,2090,0.082
C-WEU-IRL,Zone_5A Cool Humid,rur,perm,sfh,2090,0.918
C-WEU-IRL,Zone_5A Cool Humid,urb,perm,mfh,2090,0.221
C-WEU-IRL,Zone_5A Cool Humid,urb,perm,sfh,2090,0.779
C-WEU-ITA,Zone_4A Mixed Humid,rur,perm,mfh,2090,0.691
C-WEU-ITA,Zone_4A Mixed Humid,rur,perm,sfh,2090,0.309
C-WEU-ITA,Zone_4A Mixed Humid,urb,perm,mfh,2090,0.842
C-WEU-ITA,Zone_4A Mixed Humid,urb,perm,sfh,2090,0.158
C-WEU-ITA,Zone_5A Cool Humid,urb,perm,mfh,2090,0.807
C-WEU-ITA,Zone_5A Cool Humid,urb,perm,sfh,2090,0.193
C-WEU-ITA,Zone_6A Cold Humid,urb,perm,mfh,2090,0.835
C-WEU-ITA,Zone_6A Cold Humid,urb,perm,sfh,2090,0.165
C-WEU-ITA,Zone_3A Warm Humid,rur,perm,mfh,2090,0.703
C-WEU-ITA,Zone_3A Warm Humid,rur,perm,sfh,2090,0.297
C-WEU-ITA,Zone_3A Warm Humid,urb,perm,mfh,2090,0.841
C-WEU-ITA,Zone_3A Warm Humid,urb,perm,sfh,2090,0.159
C-WEU-ITA,Zone_4C Mixed Marine,rur,perm,mfh,2090,0.7
C-WEU-ITA,Zone_4C Mixed Marine,rur,perm,sfh,2090,0.3
C-WEU-ITA,Zone_4C Mixed Marine,urb,perm,mfh,2090,0.887
C-WEU-ITA,Zone_4C Mixed Marine,urb,perm,sfh,2090,0.113
C-WEU-ITA,Zone_7A Very cold Humid,rur,perm,mfh,2090,0.738
C-WEU-ITA,Zone_7A Very cold Humid,rur,perm,sfh,2090,0.262
C-WEU-ITA,Zone_7A Very cold Humid,urb,perm,mfh,2090,0.839
C-WEU-ITA,Zone_7A Very cold Humid,urb,perm,sfh,2090,0.161
C-WEU-ITA,Zone_5C Cool Marine,urb,perm,mfh,2090,0.724
C-WEU-ITA,Zone_5C Cool Marine,urb,perm,sfh,2090,0.276
C-WEU-LUX,Zone_5A Cool Humid,urb,perm,mfh,2090,0.522
C-WEU-LUX,Zone_5A Cool Humid,urb,perm,sfh,2090,0.478
C-WEU-MLT,Zone_3A Warm Humid,urb,perm,mfh,2090,0.652
C-WEU-MLT,Zone_3A Warm Humid,urb,perm,sfh,2090,0.348
C-WEU-NLD,Zone_4A Mixed Humid,rur,perm,mfh,2090,0.14
C-WEU-NLD,Zone_4A Mixed Humid,rur,perm,sfh,2090,0.86
C-WEU-NLD,Zone_4A Mixed Humid,urb,perm,mfh,2090,0.383
C-WEU-NLD,Zone_4A Mixed Humid,urb,perm,sfh,2090,0.617
C-WEU-NLD,Zone_5A Cool Humid,urb,perm,mfh,2090,0.22
C-WEU-NLD,Zone_5A Cool Humid,urb,perm,sfh,2090,0.78
C-WEU-PRT,Zone_4A Mixed Humid,rur,perm,mfh,2090,0.289
C-WEU-PRT,Zone_4A Mixed Humid,rur,perm,sfh,2090,0.711
C-WEU-PRT,Zone_3A Warm Humid,rur,perm,mfh,2090,0.335
C-WEU-PRT,Zone_3A Warm Humid,rur,perm,sfh,2090,0.665
C-WEU-PRT,Zone_3A Warm Humid,urb,perm,mfh,2090,0.778
C-WEU-PRT,Zone_3A Warm Humid,urb,perm,sfh,2090,0.222
C-WEU-PRT,Zone_4C Mixed Marine,rur,perm,mfh,2090,0.239
C-WEU-PRT,Zone_4C Mixed Marine,rur,perm,sfh,2090,0.761
C-WEU-PRT,Zone_4C Mixed Marine,urb,perm,mfh,2090,0.425
C-WEU-PRT,Zone_4C Mixed Marine,urb,perm,sfh,2090,0.575
C-WEU-PRT,Zone_3C Warm Marine,rur,perm,mfh,2090,0.265
C-WEU-PRT,Zone_3C Warm Marine,rur,perm,sfh,2090,0.735
C-WEU-PRT,Zone_3C Warm Marine,urb,perm,mfh,2090,0.493
C-WEU-PRT,Zone_3C Warm Marine,urb,perm,sfh,2090,0.507
C-WEU-SWE,Zone_5A Cool Humid,rur,perm,mfh,2090,0.35
C-WEU-SWE,Zone_5A Cool Humid,rur,perm,sfh,2090,0.65
C-WEU-SWE,Zone_5A Cool Humid,urb,perm,mfh,2090,0.492
C-WEU-SWE,Zone_5A Cool Humid,urb,perm,sfh,2090,0.508
C-WEU-SWE,Zone_6A Cold Humid,rur,perm,mfh,2090,0.4
C-WEU-SWE,Zone_6A Cold Humid,rur,perm,sfh,2090,0.6
C-WEU-SWE,Zone_6A Cold Humid,urb,perm,mfh,2090,0.59
C-WEU-SWE,Zone_6A Cold Humid,urb,perm,sfh,2090,0.41
C-WEU-SWE,Zone_7A Very cold Humid,rur,perm,mfh,2090,0.397
C-WEU-SWE,Zone_7A Very cold Humid,rur,perm,sfh,2090,0.603
C-WEU-SWE,Zone_7A Very cold Humid,urb,perm,mfh,2090,0.461
C-WEU-SWE,Zone_7A Very cold Humid,urb,perm,sfh,2090,0.539
C-WEU-SWE,Zone_8A Subarctic/arctic Humid,urb,perm,mfh,2090,0.445
C-WEU-SWE,Zone_8A Subarctic/arctic Humid,urb,perm,sfh,2090,0.555
C-EEU-BGR,Zone_4A Mixed Humid,rur,perm,mfh,2095,0.426
C-EEU-BGR,Zone_4A Mixed Humid,rur,perm,sfh,2095,0.574
C-EEU-BGR,Zone_4A Mixed Humid,urb,perm,mfh,2095,0.609
C-EEU-BGR,Zone_4A Mixed Humid,urb,perm,sfh,2095,0.391
C-EEU-BGR,Zone_5A Cool Humid,rur,perm,mfh,2095,0.773
C-EEU-BGR,Zone_5A Cool Humid,rur,perm,sfh,2095,0.227
C-EEU-BGR,Zone_5A Cool Humid,urb,perm,mfh,2095,0.773
C-EEU-BGR,Zone_5A Cool Humid,urb,perm,sfh,2095,0.227
C-EEU-CZE,Zone_5A Cool Humid,rur,perm,mfh,2095,0.657
C-EEU-CZE,Zone_5A Cool Humid,rur,perm,sfh,2095,0.343
C-EEU-CZE,Zone_5A Cool Humid,urb,perm,mfh,2095,0.73
C-EEU-CZE,Zone_5A Cool Humid,urb,perm,sfh,2095,0.27
C-EEU-EST,Zone_6A Cold Humid,rur,perm,mfh,2095,0.548
C-EEU-EST,Zone_6A Cold Humid,rur,perm,sfh,2095,0.452
C-EEU-EST,Zone_6A Cold Humid,urb,perm,mfh,2095,0.768
C-EEU-EST,Zone_6A Cold Humid,urb,perm,sfh,2095,0.232
C-EEU-HRV,Zone_4A Mixed Humid,rur,perm,mfh,2095,0.331
C-EEU-HRV,Zone_4A Mixed Humid,rur,perm,sfh,2095,0.669
C-EEU-HRV,Zone_4A Mixed Humid,urb,perm,mfh,2095,0.667
C-EEU-HRV,Zone_4A Mixed Humid,urb,perm,sfh,2095,0.333
C-EEU-HRV,Zone_5A Cool Humid,rur,perm,mfh,2095,0.412
C-EEU-HRV,Zone_5A Cool Humid,rur,perm,sfh,2095,0.588
C-EEU-HRV,Zone_3A Warm Humid,rur,perm,mfh,2095,0.648
C-EEU-HRV,Zone_3A Warm Humid,rur,perm,sfh,2095,0.352
C-EEU-HRV,Zone_4C Mixed Marine,rur,perm,mfh,2095,0.608
C-EEU-HRV,Zone_4C Mixed Marine,rur,perm,sfh,2095,0.392
C-EEU-HUN,Zone_4A Mixed Humid,rur,perm,mfh,2095,0.274
C-EEU-HUN,Zone_4A Mixed Humid,rur,perm,sfh,2095,0.726
C-EEU-HUN,Zone_4A Mixed Humid,urb,perm,mfh,2095,0.447
C-EEU-HUN,Zone_4A Mixed Humid,urb,perm,sfh,2095,0.553
C-EEU-HUN,Zone_5A Cool Humid,rur,perm,mfh,2095,0.22
C-EEU-HUN,Zone_5A Cool Humid,rur,perm,sfh,2095,0.78
C-EEU-HUN,Zone_5A Cool Humid,urb,perm,mfh,2095,0.368
C-EEU-HUN,Zone_5A Cool Humid,urb,perm,sfh,2095,0.632
C-EEU-LTU,Zone_5A Cool Humid,rur,perm,mfh,2095,0.42
C-EEU-LTU,Zone_5A Cool Humid,rur,perm,sfh,2095,0.58
C-EEU-LTU,Zone_5A Cool Humid,urb,perm,mfh,2095,0.707
C-EEU-LTU,Zone_5A Cool Humid,urb,perm,sfh,2095,0.293
C-EEU-LTU,Zone_6A Cold Humid,rur,perm,mfh,2095,0.449
C-EEU-LTU,Zone_6A Cold Humid,rur,perm,sfh,2095,0.551
C-EEU-LTU,Zone_6A Cold Humid,urb,perm,mfh,2095,0.648
C-EEU-LTU,Zone_6A Cold Humid,urb,perm,sfh,2095,0.352
C-EEU-LVA,Zone_6A Cold Humid,rur,perm,mfh,2095,0.612
C-EEU-LVA,Zone_6A Cold Humid,rur,perm,sfh,2095,0.388
C-EEU-LVA,Zone_6A Cold Humid,urb,perm,mfh,2095,0.843
C-EEU-LVA,Zone_6A Cold Humid,urb,perm,sfh,2095,0.157
C-EEU-POL,Zone_5A Cool Humid,rur,perm,mfh,2095,0.414
C-EEU-POL,Zone_5A Cool Humid,rur,perm,sfh,2095,0.586
C-EEU-POL,Zone_5A Cool Humid,urb,perm,mfh,2095,0.698
C-EEU-POL,Zone_5A Cool Humid,urb,perm,sfh,2095,0.302
C-EEU-POL,Zone_6A Cold Humid,rur,perm,mfh,2095,0.192
C-EEU-POL,Zone_6A Cold Humid,rur,perm,sfh,2095,0.808
C-EEU-POL,Zone_6A Cold Humid,urb,perm,mfh,2095,0.431
C-EEU-POL,Zone_6A Cold Humid,urb,perm,sfh,2095,0.569
C-EEU-ROU,Zone_4A Mixed Humid,rur,perm,mfh,2095,0.312
C-EEU-ROU,Zone_4A Mixed Humid,rur,perm,sfh,2095,0.688
C-EEU-ROU,Zone_4A Mixed Humid,urb,perm,mfh,2095,0.664
C-EEU-ROU,Zone_4A Mixed Humid,urb,perm,sfh,2095,0.336
C-EEU-ROU,Zone_5A Cool Humid,rur,perm,mfh,2095,0.34
C-EEU-ROU,Zone_5A Cool Humid,rur,perm,sfh,2095,0.66
C-EEU-ROU,Zone_5A Cool Humid,urb,perm,mfh,2095,0.517
C-EEU-ROU,Zone_5A Cool Humid,urb,perm,sfh,2095,0.483
C-EEU-ROU,Zone_6A Cold Humid,rur,perm,mfh,2095,0.397
C-EEU-ROU,Zone_6A Cold Humid,rur,perm,sfh,2095,0.603
C-EEU-SVK,Zone_5A Cool Humid,rur,perm,mfh,2095,0.438
C-EEU-SVK,Zone_5A Cool Humid,rur,perm,sfh,2095,0.562
C-EEU-SVK,Zone_5A Cool Humid,urb,perm,mfh,2095,0.603
C-EEU-SVK,Zone_5A Cool Humid,urb,perm,sfh,2095,0.397
C-EEU-SVK,Zone_6A Cold Humid,rur,perm,mfh,2095,0.46
C-EEU-SVK,Zone_6A Cold Humid,rur,perm,sfh,2095,0.54
C-EEU-SVK,Zone_6A Cold Humid,urb,perm,mfh,2095,0.448
C-EEU-SVK,Zone_6A Cold Humid,urb,perm,sfh,2095,0.552
C-EEU-SVN,Zone_4A Mixed Humid,rur,perm,mfh,2095,0.371
C-EEU-SVN,Zone_4A Mixed Humid,rur,perm,sfh,2095,0.629
C-EEU-SVN,Zone_4A Mixed Humid,urb,perm,mfh,2095,0.582
C-EEU-SVN,Zone_4A Mixed Humid,urb,perm,sfh,2095,0.418
C-EEU-SVN,Zone_5A Cool Humid,rur,perm,mfh,2095,0.395
C-EEU-SVN,Zone_5A Cool Humid,rur,perm,sfh,2095,0.605
C-EEU-SVN,Zone_5A Cool Humid,urb,perm,mfh,2095,0.562
C-EEU-SVN,Zone_5A Cool Humid,urb,perm,sfh,2095,0.438
C-EEU-SVN,Zone_7A Very cold Humid,rur,perm,mfh,2095,0.414
C-EEU-SVN,Zone_7A Very cold Humid,rur,perm,sfh,2095,0.586
C-WEU-AUT,Zone_4A Mixed Humid,rur,perm,mfh,2095,0.415
C-WEU-AUT,Zone_4A Mixed Humid,rur,perm,sfh,2095,0.585
C-WEU-AUT,Zone_4A Mixed Humid,urb,perm,mfh,2095,0.874
C-WEU-AUT,Zone_4A Mixed Humid,urb,perm,sfh,2095,0.126
C-WEU-AUT,Zone_5A Cool Humid,rur,perm,mfh,2095,0.478
C-WEU-AUT,Zone_5A Cool Humid,rur,perm,sfh,2095,0.522
C-WEU-AUT,Zone_5A Cool Humid,urb,perm,mfh,2095,0.603
C-WEU-AUT,Zone_5A Cool Humid,urb,perm,sfh,2095,0.397
C-WEU-AUT,Zone_6A Cold Humid,rur,perm,mfh,2095,0.608
C-WEU-AUT,Zone_6A Cold Humid,rur,perm,sfh,2095,0.392
C-WEU-AUT,Zone_6A Cold Humid,urb,perm,mfh,2095,0.72
C-WEU-AUT,Zone_6A Cold Humid,urb,perm,sfh,2095,0.28
C-WEU-AUT,Zone_7A Very cold Humid,rur,perm,mfh,2095,0.66
C-WEU-AUT,Zone_7A Very cold Humid,rur,perm,sfh,2095,0.34
C-WEU-AUT,Zone_7A Very cold Humid,urb,perm,mfh,2095,0.841
C-WEU-AUT,Zone_7A Very cold Humid,urb,perm,sfh,2095,0.159
C-WEU-BEL,Zone_4A Mixed Humid,rur,perm,mfh,2095,0.174
C-WEU-BEL,Zone_4A Mixed Humid,rur,perm,sfh,2095,0.826
C-WEU-BEL,Zone_4A Mixed Humid,urb,perm,mfh,2095,0.356
C-WEU-BEL,Zone_4A Mixed Humid,urb,perm,sfh,2095,0.644
C-WEU-BEL,Zone_5A Cool Humid,rur,perm,mfh,2095,0.24
C-WEU-BEL,Zone_5A Cool Humid,rur,perm,sfh,2095,0.76
C-WEU-BEL,Zone_5A Cool Humid,urb,perm,mfh,2095,0.295
C-WEU-BEL,Zone_5A Cool Humid,urb,perm,sfh,2095,0.705
C-WEU-CYP,Zone_3A Warm Humid,urb,perm,mfh,2095,0.518
C-WEU-CYP,Zone_3A Warm Humid,urb,perm,sfh,2095,0.482
C-WEU-DEU,Zone_4A Mixed Humid,rur,perm,mfh,2095,0.446
C-WEU-DEU,Zone_4A Mixed Humid,rur,perm,sfh,2095,0.554
C-WEU-DEU,Zone_4A Mixed Humid,urb,perm,mfh,2095,0.732
C-WEU-DEU,Zone_4A Mixed Humid,urb,perm,sfh,2095,0.268
C-WEU-DEU,Zone_5A Cool Humid,rur,perm,mfh,2095,0.549
C-WEU-DEU,Zone_5A Cool Humid,rur,perm,sfh,2095,0.451
C-WEU-DEU,Zone_5A Cool Humid,urb,perm,mfh,2095,0.698
C-WEU-DEU,Zone_5A Cool Humid,urb,perm,sfh,2095,0.302
C-WEU-DEU,Zone_6A Cold Humid,rur,perm,mfh,2095,0.635
C-WEU-DEU,Zone_6A Cold Humid,rur,perm,sfh,2095,0.365
C-WEU-DEU,Zone_6A Cold Humid,urb,perm,mfh,2095,0.746
C-WEU-DEU,Zone_6A Cold Humid,urb,perm,sfh,2095,0.254
C-WEU-DNK,Zone_5A Cool Humid,rur,perm,mfh,2095,0.323
C-WEU-DNK,Zone_5A Cool Humid,rur,perm,sfh,2095,0.677
C-WEU-DNK,Zone_5A Cool Humid,urb,perm,mfh,2095,0.516
C-WEU-DNK,Zone_5A Cool Humid,urb,perm,sfh,2095,0.484
C-WEU-ESP,Zone_4A Mixed Humid,rur,perm,mfh,2095,0.521
C-WEU-ESP,Zone_4A Mixed Humid,rur,perm,sfh,2095,0.479
C-WEU-ESP,Zone_4A Mixed Humid,urb,perm,mfh,2095,0.785
C-WEU-ESP,Zone_4A Mixed Humid,urb,perm,sfh,2095,0.215
C-WEU-ESP,Zone_3A Warm Humid,rur,perm,mfh,2095,0.257
C-WEU-ESP,Zone_3A Warm Humid,rur,perm,sfh,2095,0.743
C-WEU-ESP,Zone_3A Warm Humid,urb,perm,mfh,2095,0.76
C-WEU-ESP,Zone_3A Warm Humid,urb,perm,sfh,2095,0.24
C-WEU-ESP,Zone_4C Mixed Marine,rur,perm,mfh,2095,0.549
C-WEU-ESP,Zone_4C Mixed Marine,rur,perm,sfh,2095,0.451
C-WEU-ESP,Zone_4C Mixed Marine,urb,perm,mfh,2095,0.705
C-WEU-ESP,Zone_4C Mixed Marine,urb,perm,sfh,2095,0.295
C-WEU-ESP,Zone_2B Hot Dry,urb,perm,mfh,2095,0.647
C-WEU-ESP,Zone_2B Hot Dry,urb,perm,sfh,2095,0.353
C-WEU-ESP,Zone_3B Warm Dry,rur,perm,mfh,2095,0.494
C-WEU-ESP,Zone_3B Warm Dry,rur,perm,sfh,2095,0.506
C-WEU-ESP,Zone_3B Warm Dry,urb,perm,mfh,2095,0.726
C-WEU-ESP,Zone_3B Warm Dry,urb,perm,sfh,2095,0.274
C-WEU-ESP,Zone_3C Warm Marine,urb,perm,mfh,2095,0.672
C-WEU-ESP,Zone_3C Warm Marine,urb,perm,sfh,2095,0.328
C-WEU-FIN,Zone_6A Cold Humid,rur,perm,mfh,2095,0.512
C-WEU-FIN,Zone_6A Cold Humid,rur,perm,sfh,2095,0.488
C-WEU-FIN,Zone_6A Cold Humid,urb,perm,mfh,2095,0.756
C-WEU-FIN,Zone_6A Cold Humid,urb,perm,sfh,2095,0.244
C-WEU-FIN,Zone_7A Very cold Humid,rur,perm,mfh,2095,0.522
C-WEU-FIN,Zone_7A Very cold Humid,rur,perm,sfh,2095,0.478
C-WEU-FIN,Zone_7A Very cold Humid,urb,perm,mfh,2095,0.635
C-WEU-FIN,Zone_7A Very cold Humid,urb,perm,sfh,2095,0.365
C-WEU-FRA,Zone_4A Mixed Humid,rur,perm,mfh,2095,0.245
C-WEU-FRA,Zone_4A Mixed Humid,rur,perm,sfh,2095,0.755
C-WEU-FRA,Zone_4A Mixed Humid,urb,perm,mfh,2095,0.544
C-WEU-FRA,Zone_4A Mixed Humid,urb,perm,sfh,2095,0.456
C-WEU-FRA,Zone_5A Cool Humid,rur,perm,mfh,2095,0.283
C-WEU-FRA,Zone_5A Cool Humid,rur,perm,sfh,2095,0.717
C-WEU-FRA,Zone_5A Cool Humid,urb,perm,mfh,2095,0.513
C-WEU-FRA,Zone_5A Cool Humid,urb,perm,sfh,2095,0.487
C-WEU-FRA,Zone_3A Warm Humid,rur,perm,mfh,2095,0.221
C-WEU-FRA,Zone_3A Warm Humid,rur,perm,sfh,2095,0.779
C-WEU-FRA,Zone_3A Warm Humid,urb,perm,mfh,2095,0.538
C-WEU-FRA,Zone_3A Warm Humid,urb,perm,sfh,2095,0.462
C-WEU-FRA,Zone_4C Mixed Marine,rur,perm,mfh,2095,0.514
C-WEU-FRA,Zone_4C Mixed Marine,rur,perm,sfh,2095,0.486
C-WEU-FRA,Zone_7A Very cold Humid,urb,perm,mfh,2095,0.558
C-WEU-FRA,Zone_7A Very cold Humid,urb,perm,sfh,2095,0.442
C-WEU-FRA,Zone_3C Warm Marine,urb,perm,mfh,2095,0.851
C-WEU-FRA,Zone_3C Warm Marine,urb,perm,sfh,2095,0.149
C-WEU-FRA,Zone_1A Very hot Humid,urb,perm,mfh,2095,0.429
C-WEU-FRA,Zone_1A Very hot Humid,urb,perm,sfh,2095,0.571
C-WEU-FRA,Zone_2A Hot Humid,urb,perm,mfh,2095,0.34
C-WEU-FRA,Zone_2A Hot Humid,urb,perm,sfh,2095,0.66
C-WEU-GRC,Zone_4A Mixed Humid,rur,perm,mfh,2095,0.489
C-WEU-GRC,Zone_4A Mixed Humid,rur,perm,sfh,2095,0.511
C-WEU-GRC,Zone_4A Mixed Humid,urb,perm,mfh,2095,0.732
C-WEU-GRC,Zone_4A Mixed Humid,urb,perm,sfh,2095,0.268
C-WEU-GRC,Zone_5A Cool Humid,rur,perm,mfh,2095,0.472
C-WEU-GRC,Zone_5A Cool Humid,rur,perm,sfh,2095,0.528
C-WEU-GRC,Zone_5A Cool Humid,urb,perm,mfh,2095,0.607
C-WEU-GRC,Zone_5A Cool Humid,urb,perm,sfh,2095,0.393
C-WEU-GRC,Zone_3A Warm Humid,rur,perm,mfh,2095,0.52
C-WEU-GRC,Zone_3A Warm Humid,rur,perm,sfh,2095,0.48
C-WEU-GRC,Zone_3A Warm Humid,urb,perm,mfh,2095,0.824
C-WEU-GRC,Zone_3A Warm Humid,urb,perm,sfh,2095,0.176
C-WEU-GRC,Zone_4C Mixed Marine,urb,perm,mfh,2095,0.623
C-WEU-GRC,Zone_4C Mixed Marine,urb,perm,sfh,2095,0.377
C-WEU-GRC,Zone_5C Cool Marine,urb,perm,mfh,2095,0.591
C-WEU-GRC,Zone_5C Cool Marine,urb,perm,sfh,2095,0.409
C-WEU-IRL,Zone_4A Mixed Humid,rur,perm,mfh,2095,0.102
C-WEU-IRL,Zone_4A Mixed Humid,rur,perm,sfh,2095,0.898
C-WEU-IRL,Zone_5A Cool Humid,rur,perm,mfh,2095,0.082
C-WEU-IRL,Zone_5A Cool Humid,rur,perm,sfh,2095,0.918
C-WEU-IRL,Zone_5A Cool Humid,urb,perm,mfh,2095,0.221
C-WEU-IRL,Zone_5A Cool Humid,urb,perm,sfh,2095,0.779
C-WEU-ITA,Zone_4A Mixed Humid,rur,perm,mfh,2095,0.691
C-WEU-ITA,Zone_4A Mixed Humid,rur,perm,sfh,2095,0.309
C-WEU-ITA,Zone_4A Mixed Humid,urb,perm,mfh,2095,0.842
C-WEU-ITA,Zone_4A Mixed Humid,urb,perm,sfh,2095,0.158
C-WEU-ITA,Zone_5A Cool Humid,urb,perm,mfh,2095,0.807
C-WEU-ITA,Zone_5A Cool Humid,urb,perm,sfh,2095,0.193
C-WEU-ITA,Zone_6A Cold Humid,urb,perm,mfh,2095,0.835
C-WEU-ITA,Zone_6A Cold Humid,urb,perm,sfh,2095,0.165
C-WEU-ITA,Zone_3A Warm Humid,rur,perm,mfh,2095,0.703
C-WEU-ITA,Zone_3A Warm Humid,rur,perm,sfh,2095,0.297
C-WEU-ITA,Zone_3A Warm Humid,urb,perm,mfh,2095,0.841
C-WEU-ITA,Zone_3A Warm Humid,urb,perm,sfh,2095,0.159
C-WEU-ITA,Zone_4C Mixed Marine,rur,perm,mfh,2095,0.7
C-WEU-ITA,Zone_4C Mixed Marine,rur,perm,sfh,2095,0.3
C-WEU-ITA,Zone_4C Mixed Marine,urb,perm,mfh,2095,0.887
C-WEU-ITA,Zone_4C Mixed Marine,urb,perm,sfh,2095,0.113
C-WEU-ITA,Zone_7A Very cold Humid,rur,perm,mfh,2095,0.738
C-WEU-ITA,Zone_7A Very cold Humid,rur,perm,sfh,2095,0.262
C-WEU-ITA,Zone_7A Very cold Humid,urb,perm,mfh,2095,0.839
C-WEU-ITA,Zone_7A Very cold Humid,urb,perm,sfh,2095,0.161
C-WEU-ITA,Zone_5C Cool Marine,urb,perm,mfh,2095,0.724
C-WEU-ITA,Zone_5C Cool Marine,urb,perm,sfh,2095,0.276
C-WEU-LUX,Zone_5A Cool Humid,urb,perm,mfh,2095,0.522
C-WEU-LUX,Zone_5A Cool Humid,urb,perm,sfh,2095,0.478
C-WEU-MLT,Zone_3A Warm Humid,urb,perm,mfh,2095,0.652
C-WEU-MLT,Zone_3A Warm Humid,urb,perm,sfh,2095,0.348
C-WEU-NLD,Zone_4A Mixed Humid,rur,perm,mfh,2095,0.14
C-WEU-NLD,Zone_4A Mixed Humid,rur,perm,sfh,2095,0.86
C-WEU-NLD,Zone_4A Mixed Humid,urb,perm,mfh,2095,0.383
C-WEU-NLD,Zone_4A Mixed Humid,urb,perm,sfh,2095,0.617
C-WEU-NLD,Zone_5A Cool Humid,urb,perm,mfh,2095,0.22
C-WEU-NLD,Zone_5A Cool Humid,urb,perm,sfh,2095,0.78
C-WEU-PRT,Zone_4A Mixed Humid,rur,perm,mfh,2095,0.289
C-WEU-PRT,Zone_4A Mixed Humid,rur,perm,sfh,2095,0.711
C-WEU-PRT,Zone_3A Warm Humid,rur,perm,mfh,2095,0.335
C-WEU-PRT,Zone_3A Warm Humid,rur,perm,sfh,2095,0.665
C-WEU-PRT,Zone_3A Warm Humid,urb,perm,mfh,2095,0.778
C-WEU-PRT,Zone_3A Warm Humid,urb,perm,sfh,2095,0.222
C-WEU-PRT,Zone_4C Mixed Marine,rur,perm,mfh,2095,0.239
C-WEU-PRT,Zone_4C Mixed Marine,rur,perm,sfh,2095,0.761
C-WEU-PRT,Zone_4C Mixed Marine,urb,perm,mfh,2095,0.425
C-WEU-PRT,Zone_4C Mixed Marine,urb,perm,sfh,2095,0.575
C-WEU-PRT,Zone_3C Warm Marine,rur,perm,mfh,2095,0.265
C-WEU-PRT,Zone_3C Warm Marine,rur,perm,sfh,2095,0.735
C-WEU-PRT,Zone_3C Warm Marine,urb,perm,mfh,2095,0.493
C-WEU-PRT,Zone_3C Warm Marine,urb,perm,sfh,2095,0.507
C-WEU-SWE,Zone_5A Cool Humid,rur,perm,mfh,2095,0.35
C-WEU-SWE,Zone_5A Cool Humid,rur,perm,sfh,2095,0.65
C-WEU-SWE,Zone_5A Cool Humid,urb,perm,mfh,2095,0.492
C-WEU-SWE,Zone_5A Cool Humid,urb,perm,sfh,2095,0.508
C-WEU-SWE,Zone_6A Cold Humid,rur,perm,mfh,2095,0.4
C-WEU-SWE,Zone_6A Cold Humid,rur,perm,sfh,2095,0.6
C-WEU-SWE,Zone_6A Cold Humid,urb,perm,mfh,2095,0.59
C-WEU-SWE,Zone_6A Cold Humid,urb,perm,sfh,2095,0.41
C-WEU-SWE,Zone_7A Very cold Humid,rur,perm,mfh,2095,0.397
C-WEU-SWE,Zone_7A Very cold Humid,rur,perm,sfh,2095,0.603
C-WEU-SWE,Zone_7A Very cold Humid,urb,perm,mfh,2095,0.461
C-WEU-SWE,Zone_7A Very cold Humid,urb,perm,sfh,2095,0.539
C-WEU-SWE,Zone_8A Subarctic/arctic Humid,urb,perm,mfh,2095,0.445
C-WEU-SWE,Zone_8A Subarctic/arctic Humid,urb,perm,sfh,2095,0.555
C-EEU-BGR,Zone_4A Mixed Humid,rur,perm,mfh,2100,0.426
C-EEU-BGR,Zone_4A Mixed Humid,rur,perm,sfh,2100,0.574
C-EEU-BGR,Zone_4A Mixed Humid,urb,perm,mfh,2100,0.609
C-EEU-BGR,Zone_4A Mixed Humid,urb,perm,sfh,2100,0.391
C-EEU-BGR,Zone_5A Cool Humid,rur,perm,mfh,2100,0.773
C-EEU-BGR,Zone_5A Cool Humid,rur,perm,sfh,2100,0.227
C-EEU-BGR,Zone_5A Cool Humid,urb,perm,mfh,2100,0.773
C-EEU-BGR,Zone_5A Cool Humid,urb,perm,sfh,2100,0.227
C-EEU-CZE,Zone_5A Cool Humid,rur,perm,mfh,2100,0.657
C-EEU-CZE,Zone_5A Cool Humid,rur,perm,sfh,2100,0.343
C-EEU-CZE,Zone_5A Cool Humid,urb,perm,mfh,2100,0.73
C-EEU-CZE,Zone_5A Cool Humid,urb,perm,sfh,2100,0.27
C-EEU-EST,Zone_6A Cold Humid,rur,perm,mfh,2100,0.548
C-EEU-EST,Zone_6A Cold Humid,rur,perm,sfh,2100,0.452
C-EEU-EST,Zone_6A Cold Humid,urb,perm,mfh,2100,0.768
C-EEU-EST,Zone_6A Cold Humid,urb,perm,sfh,2100,0.232
C-EEU-HRV,Zone_4A Mixed Humid,rur,perm,mfh,2100,0.331
C-EEU-HRV,Zone_4A Mixed Humid,rur,perm,sfh,2100,0.669
C-EEU-HRV,Zone_4A Mixed Humid,urb,perm,mfh,2100,0.667
C-EEU-HRV,Zone_4A Mixed Humid,urb,perm,sfh,2100,0.333
C-EEU-HRV,Zone_5A Cool Humid,rur,perm,mfh,2100,0.412
C-EEU-HRV,Zone_5A Cool Humid,rur,perm,sfh,2100,0.588
C-EEU-HRV,Zone_3A Warm Humid,rur,perm,mfh,2100,0.648
C-EEU-HRV,Zone_3A Warm Humid,rur,perm,sfh,2100,0.352
C-EEU-HRV,Zone_4C Mixed Marine,rur,perm,mfh,2100,0.608
C-EEU-HRV,Zone_4C Mixed Marine,rur,perm,sfh,2100,0.392
C-EEU-HUN,Zone_4A Mixed Humid,rur,perm,mfh,2100,0.274
C-EEU-HUN,Zone_4A Mixed Humid,rur,perm,sfh,2100,0.726
C-EEU-HUN,Zone_4A Mixed Humid,urb,perm,mfh,2100,0.447
C-EEU-HUN,Zone_4A Mixed Humid,urb,perm,sfh,2100,0.553
C-EEU-HUN,Zone_5A Cool Humid,rur,perm,mfh,2100,0.22
C-EEU-HUN,Zone_5A Cool Humid,rur,perm,sfh,2100,0.78
C-EEU-HUN,Zone_5A Cool Humid,urb,perm,mfh,2100,0.368
C-EEU-HUN,Zone_5A Cool Humid,urb,perm,sfh,2100,0.632
C-EEU-LTU,Zone_5A Cool Humid,rur,perm,mfh,2100,0.42
C-EEU-LTU,Zone_5A Cool Humid,rur,perm,sfh,2100,0.58
C-EEU-LTU,Zone_5A Cool Humid,urb,perm,mfh,2100,0.707
C-EEU-LTU,Zone_5A Cool Humid,urb,perm,sfh,2100,0.293
C-EEU-LTU,Zone_6A Cold Humid,rur,perm,mfh,2100,0.449
C-EEU-LTU,Zone_6A Cold Humid,rur,perm,sfh,2100,0.551
C-EEU-LTU,Zone_6A Cold Humid,urb,perm,mfh,2100,0.648
C-EEU-LTU,Zone_6A Cold Humid,urb,perm,sfh,2100,0.352
C-EEU-LVA,Zone_6A Cold Humid,rur,perm,mfh,2100,0.612
C-EEU-LVA,Zone_6A Cold Humid,rur,perm,sfh,2100,0.388
C-EEU-LVA,Zone_6A Cold Humid,urb,perm,mfh,2100,0.843
C-EEU-LVA,Zone_6A Cold Humid,urb,perm,sfh,2100,0.157
C-EEU-POL,Zone_5A Cool Humid,rur,perm,mfh,2100,0.414
C-EEU-POL,Zone_5A Cool Humid,rur,perm,sfh,2100,0.586
C-EEU-POL,Zone_5A Cool Humid,urb,perm,mfh,2100,0.698
C-EEU-POL,Zone_5A Cool Humid,urb,perm,sfh,2100,0.302
C-EEU-POL,Zone_6A Cold Humid,rur,perm,mfh,2100,0.192
C-EEU-POL,Zone_6A Cold Humid,rur,perm,sfh,2100,0.808
C-EEU-POL,Zone_6A Cold Humid,urb,perm,mfh,2100,0.431
C-EEU-POL,Zone_6A Cold Humid,urb,perm,sfh,2100,0.569
C-EEU-ROU,Zone_4A Mixed Humid,rur,perm,mfh,2100,0.312
C-EEU-ROU,Zone_4A Mixed Humid,rur,perm,sfh,2100,0.688
C-EEU-ROU,Zone_4A Mixed Humid,urb,perm,mfh,2100,0.664
C-EEU-ROU,Zone_4A Mixed Humid,urb,perm,sfh,2100,0.336
C-EEU-ROU,Zone_5A Cool Humid,rur,perm,mfh,2100,0.34
C-EEU-ROU,Zone_5A Cool Humid,rur,perm,sfh,2100,0.66
C-EEU-ROU,Zone_5A Cool Humid,urb,perm,mfh,2100,0.517
C-EEU-ROU,Zone_5A Cool Humid,urb,perm,sfh,2100,0.483
C-EEU-ROU,Zone_6A Cold Humid,rur,perm,mfh,2100,0.397
C-EEU-ROU,Zone_6A Cold Humid,rur,perm,sfh,2100,0.603
C-EEU-SVK,Zone_5A Cool Humid,rur,perm,mfh,2100,0.438
C-EEU-SVK,Zone_5A Cool Humid,rur,perm,sfh,2100,0.562
C-EEU-SVK,Zone_5A Cool Humid,urb,perm,mfh,2100,0.603
C-EEU-SVK,Zone_5A Cool Humid,urb,perm,sfh,2100,0.397
C-EEU-SVK,Zone_6A Cold Humid,rur,perm,mfh,2100,0.46
C-EEU-SVK,Zone_6A Cold Humid,rur,perm,sfh,2100,0.54
C-EEU-SVK,Zone_6A Cold Humid,urb,perm,mfh,2100,0.448
C-EEU-SVK,Zone_6A Cold Humid,urb,perm,sfh,2100,0.552
C-EEU-SVN,Zone_4A Mixed Humid,rur,perm,mfh,2100,0.371
C-EEU-SVN,Zone_4A Mixed Humid,rur,perm,sfh,2100,0.629
C-EEU-SVN,Zone_4A Mixed Humid,urb,perm,mfh,2100,0.582
C-EEU-SVN,Zone_4A Mixed Humid,urb,perm,sfh,2100,0.418
C-EEU-SVN,Zone_5A Cool Humid,rur,perm,mfh,2100,0.395
C-EEU-SVN,Zone_5A Cool Humid,rur,perm,sfh,2100,0.605
C-EEU-SVN,Zone_5A Cool Humid,urb,perm,mfh,2100,0.562
C-EEU-SVN,Zone_5A Cool Humid,urb,perm,sfh,2100,0.438
C-EEU-SVN,Zone_7A Very cold Humid,rur,perm,mfh,2100,0.414
C-EEU-SVN,Zone_7A Very cold Humid,rur,perm,sfh,2100,0.586
C-WEU-AUT,Zone_4A Mixed Humid,rur,perm,mfh,2100,0.415
C-WEU-AUT,Zone_4A Mixed Humid,rur,perm,sfh,2100,0.585
C-WEU-AUT,Zone_4A Mixed Humid,urb,perm,mfh,2100,0.874
C-WEU-AUT,Zone_4A Mixed Humid,urb,perm,sfh,2100,0.126
C-WEU-AUT,Zone_5A Cool Humid,rur,perm,mfh,2100,0.478
C-WEU-AUT,Zone_5A Cool Humid,rur,perm,sfh,2100,0.522
C-WEU-AUT,Zone_5A Cool Humid,urb,perm,mfh,2100,0.603
C-WEU-AUT,Zone_5A Cool Humid,urb,perm,sfh,2100,0.397
C-WEU-AUT,Zone_6A Cold Humid,rur,perm,mfh,2100,0.608
C-WEU-AUT,Zone_6A Cold Humid,rur,perm,sfh,2100,0.392
C-WEU-AUT,Zone_6A Cold Humid,urb,perm,mfh,2100,0.72
C-WEU-AUT,Zone_6A Cold Humid,urb,perm,sfh,2100,0.28
C-WEU-AUT,Zone_7A Very cold Humid,rur,perm,mfh,2100,0.66
C-WEU-AUT,Zone_7A Very cold Humid,rur,perm,sfh,2100,0.34
C-WEU-AUT,Zone_7A Very cold Humid,urb,perm,mfh,2100,0.841
C-WEU-AUT,Zone_7A Very cold Humid,urb,perm,sfh,2100,0.159
C-WEU-BEL,Zone_4A Mixed Humid,rur,perm,mfh,2100,0.174
C-WEU-BEL,Zone_4A Mixed Humid,rur,perm,sfh,2100,0.826
C-WEU-BEL,Zone_4A Mixed Humid,urb,perm,mfh,2100,0.356
C-WEU-BEL,Zone_4A Mixed Humid,urb,perm,sfh,2100,0.644
C-WEU-BEL,Zone_5A Cool Humid,rur,perm,mfh,2100,0.24
C-WEU-BEL,Zone_5A Cool Humid,rur,perm,sfh,2100,0.76
C-WEU-BEL,Zone_5A Cool Humid,urb,perm,mfh,2100,0.295
C-WEU-BEL,Zone_5A Cool Humid,urb,perm,sfh,2100,0.705
C-WEU-CYP,Zone_3A Warm Humid,urb,perm,mfh,2100,0.518
C-WEU-CYP,Zone_3A Warm Humid,urb,perm,sfh,2100,0.482
C-WEU-DEU,Zone_4A Mixed Humid,rur,perm,mfh,2100,0.446
C-WEU-DEU,Zone_4A Mixed Humid,rur,perm,sfh,2100,0.554
C-WEU-DEU,Zone_4A Mixed Humid,urb,perm,mfh,2100,0.732
C-WEU-DEU,Zone_4A Mixed Humid,urb,perm,sfh,2100,0.268
C-WEU-DEU,Zone_5A Cool Humid,rur,perm,mfh,2100,0.549
C-WEU-DEU,Zone_5A Cool Humid,rur,perm,sfh,2100,0.451
C-WEU-DEU,Zone_5A Cool Humid,urb,perm,mfh,2100,0.698
C-WEU-DEU,Zone_5A Cool Humid,urb,perm,sfh,2100,0.302
C-WEU-DEU,Zone_6A Cold Humid,rur,perm,mfh,2100,0.635
C-WEU-DEU,Zone_6A Cold Humid,rur,perm,sfh,2100,0.365
C-WEU-DEU,Zone_6A Cold Humid,urb,perm,mfh,2100,0.746
C-WEU-DEU,Zone_6A Cold Humid,urb,perm,sfh,2100,0.254
C-WEU-DNK,Zone_5A Cool Humid,rur,perm,mfh,2100,0.323
C-WEU-DNK,Zone_5A Cool Humid,rur,perm,sfh,2100,0.677
C-WEU-DNK,Zone_5A Cool Humid,urb,perm,mfh,2100,0.516
C-WEU-DNK,Zone_5A Cool Humid,urb,perm,sfh,2100,0.484
C-WEU-ESP,Zone_4A Mixed Humid,rur,perm,mfh,2100,0.521
C-WEU-ESP,Zone_4A Mixed Humid,rur,perm,sfh,2100,0.479
C-WEU-ESP,Zone_4A Mixed Humid,urb,perm,mfh,2100,0.785
C-WEU-ESP,Zone_4A Mixed Humid,urb,perm,sfh,2100,0.215
C-WEU-ESP,Zone_3A Warm Humid,rur,perm,mfh,2100,0.257
C-WEU-ESP,Zone_3A Warm Humid,rur,perm,sfh,2100,0.743
C-WEU-ESP,Zone_3A Warm Humid,urb,perm,mfh,2100,0.76
C-WEU-ESP,Zone_3A Warm Humid,urb,perm,sfh,2100,0.24
C-WEU-ESP,Zone_4C Mixed Marine,rur,perm,mfh,2100,0.549
C-WEU-ESP,Zone_4C Mixed Marine,rur,perm,sfh,2100,0.451
C-WEU-ESP,Zone_4C Mixed Marine,urb,perm,mfh,2100,0.705
C-WEU-ESP,Zone_4C Mixed Marine,urb,perm,sfh,2100,0.295
C-WEU-ESP,Zone_2B Hot Dry,urb,perm,mfh,2100,0.647
C-WEU-ESP,Zone_2B Hot Dry,urb,perm,sfh,2100,0.353
C-WEU-ESP,Zone_3B Warm Dry,rur,perm,mfh,2100,0.494
C-WEU-ESP,Zone_3B Warm Dry,rur,perm,sfh,2100,0.506
C-WEU-ESP,Zone_3B Warm Dry,urb,perm,mfh,2100,0.726
C-WEU-ESP,Zone_3B Warm Dry,urb,perm,sfh,2100,0.274
C-WEU-ESP,Zone_3C Warm Marine,urb,perm,mfh,2100,0.672
C-WEU-ESP,Zone_3C Warm Marine,urb,perm,sfh,2100,0.328
C-WEU-FIN,Zone_6A Cold Humid,rur,perm,mfh,2100,0.512
C-WEU-FIN,Zone_6A Cold Humid,rur,perm,sfh,2100,0.488
C-WEU-FIN,Zone_6A Cold Humid,urb,perm,mfh,2100,0.756
C-WEU-FIN,Zone_6A Cold Humid,urb,perm,sfh,2100,0.244
C-WEU-FIN,Zone_7A Very cold Humid,rur,perm,mfh,2100,0.522
C-WEU-FIN,Zone_7A Very cold Humid,rur,perm,sfh,2100,0.478
C-WEU-FIN,Zone_7A Very cold Humid,urb,perm,mfh,2100,0.635
C-WEU-FIN,Zone_7A Very cold Humid,urb,perm,sfh,2100,0.365
C-WEU-FRA,Zone_4A Mixed Humid,rur,perm,mfh,2100,0.245
C-WEU-FRA,Zone_4A Mixed Humid,rur,perm,sfh,2100,0.755
C-WEU-FRA,Zone_4A Mixed Humid,urb,perm,mfh,2100,0.544
C-WEU-FRA,Zone_4A Mixed Humid,urb,perm,sfh,2100,0.456
C-WEU-FRA,Zone_5A Cool Humid,rur,perm,mfh,2100,0.283
C-WEU-FRA,Zone_5A Cool Humid,rur,perm,sfh,2100,0.717
C-WEU-FRA,Zone_5A Cool Humid,urb,perm,mfh,2100,0.513
C-WEU-FRA,Zone_5A Cool Humid,urb,perm,sfh,2100,0.487
C-WEU-FRA,Zone_3A Warm Humid,rur,perm,mfh,2100,0.221
C-WEU-FRA,Zone_3A Warm Humid,rur,perm,sfh,2100,0.779
C-WEU-FRA,Zone_3A Warm Humid,urb,perm,mfh,2100,0.538
C-WEU-FRA,Zone_3A Warm Humid,urb,perm,sfh,2100,0.462
C-WEU-FRA,Zone_4C Mixed Marine,rur,perm,mfh,2100,0.514
C-WEU-FRA,Zone_4C Mixed Marine,rur,perm,sfh,2100,0.486
C-WEU-FRA,Zone_7A Very cold Humid,urb,perm,mfh,2100,0.558
C-WEU-FRA,Zone_7A Very cold Humid,urb,perm,sfh,2100,0.442
C-WEU-FRA,Zone_3C Warm Marine,urb,perm,mfh,2100,0.851
C-WEU-FRA,Zone_3C Warm Marine,urb,perm,sfh,2100,0.149
C-WEU-FRA,Zone_1A Very hot Humid,urb,perm,mfh,2100,0.429
C-WEU-FRA,Zone_1A Very hot Humid,urb,perm,sfh,2100,0.571
C-WEU-FRA,Zone_2A Hot Humid,urb,perm,mfh,2100,0.34
C-WEU-FRA,Zone_2A Hot Humid,urb,perm,sfh,2100,0.66
C-WEU-GRC,Zone_4A Mixed Humid,rur,perm,mfh,2100,0.489
C-WEU-GRC,Zone_4A Mixed Humid,rur,perm,sfh,2100,0.511
C-WEU-GRC,Zone_4A Mixed Humid,urb,perm,mfh,2100,0.732
C-WEU-GRC,Zone_4A Mixed Humid,urb,perm,sfh,2100,0.268
C-WEU-GRC,Zone_5A Cool Humid,rur,perm,mfh,2100,0.472
C-WEU-GRC,Zone_5A Cool Humid,rur,perm,sfh,2100,0.528
C-WEU-GRC,Zone_5A Cool Humid,urb,perm,mfh,2100,0.607
C-WEU-GRC,Zone_5A Cool Humid,urb,perm,sfh,2100,0.393
C-WEU-GRC,Zone_3A Warm Humid,rur,perm,mfh,2100,0.52
C-WEU-GRC,Zone_3A Warm Humid,rur,perm,sfh,2100,0.48
C-WEU-GRC,Zone_3A Warm Humid,urb,perm,mfh,2100,0.824
C-WEU-GRC,Zone_3A Warm Humid,urb,perm,sfh,2100,0.176
C-WEU-GRC,Zone_4C Mixed Marine,urb,perm,mfh,2100,0.623
C-WEU-GRC,Zone_4C Mixed Marine,urb,perm,sfh,2100,0.377
C-WEU-GRC,Zone_5C Cool Marine,urb,perm,mfh,2100,0.591
C-WEU-GRC,Zone_5C Cool Marine,urb,perm,sfh,2100,0.409
C-WEU-IRL,Zone_4A Mixed Humid,rur,perm,mfh,2100,0.102
C-WEU-IRL,Zone_4A Mixed Humid,rur,perm,sfh,2100,0.898
C-WEU-IRL,Zone_5A Cool Humid,rur,perm,mfh,2100,0.082
C-WEU-IRL,Zone_5A Cool Humid,rur,perm,sfh,2100,0.918
C-WEU-IRL,Zone_5A Cool Humid,urb,perm,mfh,2100,0.221
C-WEU-IRL,Zone_5A Cool Humid,urb,perm,sfh,2100,0.779
C-WEU-ITA,Zone_4A Mixed Humid,rur,perm,mfh,2100,0.691
C-WEU-ITA,Zone_4A Mixed Humid,rur,perm,sfh,2100,0.309
C-WEU-ITA,Zone_4A Mixed Humid,urb,perm,mfh,2100,0.842
C-WEU-ITA,Zone_4A Mixed Humid,urb,perm,sfh,2100,0.158
C-WEU-ITA,Zone_5A Cool Humid,urb,perm,mfh,2100,0.807
C-WEU-ITA,Zone_5A Cool Humid,urb,perm,sfh,2100,0.193
C-WEU-ITA,Zone_6A Cold Humid,urb,perm,mfh,2100,0.835
C-WEU-ITA,Zone_6A Cold Humid,urb,perm,sfh,2100,0.165
C-WEU-ITA,Zone_3A Warm Humid,rur,perm,mfh,2100,0.703
C-WEU-ITA,Zone_3A Warm Humid,rur,perm,sfh,2100,0.297
C-WEU-ITA,Zone_3A Warm Humid,urb,perm,mfh,2100,0.841
C-WEU-ITA,Zone_3A Warm Humid,urb,perm,sfh,2100,0.159
C-WEU-ITA,Zone_4C Mixed Marine,rur,perm,mfh,2100,0.7
C-WEU-ITA,Zone_4C Mixed Marine,rur,perm,sfh,2100,0.3
C-WEU-ITA,Zone_4C Mixed Marine,urb,perm,mfh,2100,0.887
C-WEU-ITA,Zone_4C Mixed Marine,urb,perm,sfh,2100,0.113
C-WEU-ITA,Zone_7A Very cold Humid,rur,perm,mfh,2100,0.738
C-WEU-ITA,Zone_7A Very cold Humid,rur,perm,sfh,2100,0.262
C-WEU-ITA,Zone_7A Very cold Humid,urb,perm,mfh,2100,0.839
C-WEU-ITA,Zone_7A Very cold Humid,urb,perm,sfh,2100,0.161
C-WEU-ITA,Zone_5C Cool Marine,urb,perm,mfh,2100,0.724
C-WEU-ITA,Zone_5C Cool Marine,urb,perm,sfh,2100,0.276
C-WEU-LUX,Zone_5A Cool Humid,urb,perm,mfh,2100,0.522
C-WEU-LUX,Zone_5A Cool Humid,urb,perm,sfh,2100,0.478
C-WEU-MLT,Zone_3A Warm Humid,urb,perm,mfh,2100,0.652
C-WEU-MLT,Zone_3A Warm Humid,urb,perm,sfh,2100,0.348
C-WEU-NLD,Zone_4A Mixed Humid,rur,perm,mfh,2100,0.14
C-WEU-NLD,Zone_4A Mixed Humid,rur,perm,sfh,2100,0.86
C-WEU-NLD,Zone_4A Mixed Humid,urb,perm,mfh,2100,0.383
C-WEU-NLD,Zone_4A Mixed Humid,urb,perm,sfh,2100,0.617
C-WEU-NLD,Zone_5A Cool Humid,urb,perm,mfh,2100,0.22
C-WEU-NLD,Zone_5A Cool Humid,urb,perm,sfh,2100,0.78
C-WEU-PRT,Zone_4A Mixed Humid,rur,perm,mfh,2100,0.289
C-WEU-PRT,Zone_4A Mixed Humid,rur,perm,sfh,2100,0.711
C-WEU-PRT,Zone_3A Warm Humid,rur,perm,mfh,2100,0.335
C-WEU-PRT,Zone_3A Warm Humid,rur,perm,sfh,2100,0.665
C-WEU-PRT,Zone_3A Warm Humid,urb,perm,mfh,2100,0.778
C-WEU-PRT,Zone_3A Warm Humid,urb,perm,sfh,2100,0.222
C-WEU-PRT,Zone_4C Mixed Marine,rur,perm,mfh,2100,0.239
C-WEU-PRT,Zone_4C Mixed Marine,rur,perm,sfh,2100,0.761
C-WEU-PRT,Zone_4C Mixed Marine,urb,perm,mfh,2100,0.425
C-WEU-PRT,Zone_4C Mixed Marine,urb,perm,sfh,2100,0.575
C-WEU-PRT,Zone_3C Warm Marine,rur,perm,mfh,2100,0.265
C-WEU-PRT,Zone_3C Warm Marine,rur,perm,sfh,2100,0.735
C-WEU-PRT,Zone_3C Warm Marine,urb,perm,mfh,2100,0.493
C-WEU-PRT,Zone_3C Warm Marine,urb,perm,sfh,2100,0.507
C-WEU-SWE,Zone_5A Cool Humid,rur,perm,mfh,2100,0.35
C-WEU-SWE,Zone_5A Cool Humid,rur,perm,sfh,2100,0.65
C-WEU-SWE,Zone_5A Cool Humid,urb,perm,mfh,2100,0.492
C-WEU-SWE,Zone_5A Cool Humid,urb,perm,sfh,2100,0.508
C-WEU-SWE,Zone_6A Cold Humid,rur,perm,mfh,2100,0.4
C-WEU-SWE,Zone_6A Cold Humid,rur,perm,sfh,2100,0.6
C-WEU-SWE,Zone_6A Cold Humid,urb,perm,mfh,2100,0.59
C-WEU-SWE,Zone_6A Cold Humid,urb,perm,sfh,2100,0.41
C-WEU-SWE,Zone_7A Very cold Humid,rur,perm,mfh,2100,0.397
C-WEU-SWE,Zone_7A Very cold Humid,rur,perm,sfh,2100,0.603
C-WEU-SWE,Zone_7A Very cold Humid,urb,perm,mfh,2100,0.461
C-WEU-SWE,Zone_7A Very cold Humid,urb,perm,sfh,2100,0.539
C-WEU-SWE,Zone_8A Subarctic/arctic Humid,urb,perm,mfh,2100,0.445
C-WEU-SWE,Zone_8A Subarctic/arctic Humid,urb,perm,sfh,2100,0.555
