region_bld,urt,arch,mat,year,value
C-EEU-BGR,rur,mfh,perm,2020,27.699957410642185
C-EEU-BGR,rur,mfh,perm,2025,28.610635195888193
C-EEU-BGR,rur,mfh,perm,2030,28.611141715861837
C-EEU-BGR,rur,mfh,perm,2035,28.526114128843115
C-EEU-BGR,rur,mfh,perm,2040,28.351601837101313
C-EEU-BGR,rur,mfh,perm,2045,28.086098209087268
C-EEU-BGR,rur,mfh,perm,2050,27.73038542368515
C-EEU-BGR,rur,mfh,perm,2055,28.285547869286198
C-EEU-BGR,rur,mfh,perm,2060,28.793496457457707
C-EEU-BGR,rur,mfh,perm,2065,29.25483698462583
C-EEU-BGR,rur,mfh,perm,2070,29.671153645401386
C-EEU-BGR,rur,mfh,perm,2075,30.044764559834416
C-EEU-BGR,rur,mfh,perm,2080,30.378490594781564
C-EEU-BGR,rur,mfh,perm,2085,30.675451673216056
C-EEU-BGR,rur,mfh,perm,2090,30.93889779812981
C-EEU-BGR,rur,mfh,perm,2095,31.172076554348962
C-EEU-BGR,rur,mfh,perm,2100,31.378135097658703
C-EEU-BGR,rur,sfh,perm,2020,46.307558117703806
C-EEU-BGR,rur,sfh,perm,2025,47.829988778574766
C-EEU-BGR,rur,sfh,perm,2030,47.830835556162526
C-EEU-BGR,rur,sfh,perm,2035,47.6886902138753
C-EEU-BGR,rur,sfh,perm,2040,47.39694831794797
C-EEU-BGR,rur,sfh,perm,2045,46.95309114869477
C-EEU-BGR,rur,sfh,perm,2050,46.35842631802284
C-EEU-BGR,rur,sfh,perm,2055,47.28652222926638
C-EEU-BGR,rur,sfh,perm,2060,48.13568811132369
C-EEU-BGR,rur,sfh,perm,2065,48.906936707745075
C-EEU-BGR,rur,sfh,perm,2070,49.602916404696735
C-EEU-BGR,rur,sfh,perm,2075,50.22750253228655
C-EEU-BGR,rur,sfh,perm,2080,50.78541089039717
C-EEU-BGR,rur,sfh,perm,2085,51.281857227640224
C-EEU-BGR,rur,sfh,perm,2090,51.72227475462313
C-EEU-BGR,rur,sfh,perm,2095,52.11209263937137
C-EEU-BGR,rur,sfh,perm,2100,52.45657215710156
C-EEU-BGR,urb,mfh,perm,2020,26.047236450495127
C-EEU-BGR,urb,mfh,perm,2025,26.903578547014114
C-EEU-BGR,urb,mfh,perm,2030,26.904054845418642
C-EEU-BGR,urb,mfh,perm,2035,26.824100438591994
C-EEU-BGR,urb,mfh,perm,2040,26.66000044164506
C-EEU-BGR,urb,mfh,perm,2045,26.410338116363313
C-EEU-BGR,urb,mfh,perm,2050,26.075848972843055
C-EEU-BGR,urb,mfh,perm,2055,26.597887590976466
C-EEU-BGR,urb,mfh,perm,2060,27.075529371599387
C-EEU-BGR,urb,mfh,perm,2065,27.509343966228606
C-EEU-BGR,urb,mfh,perm,2070,27.900821048331817
C-EEU-BGR,urb,mfh,perm,2075,28.252140427075123
C-EEU-BGR,urb,mfh,perm,2080,28.56595466198852
C-EEU-BGR,urb,mfh,perm,2085,28.84519752550302
C-EEU-BGR,urb,mfh,perm,2090,29.09292510882987
C-EEU-BGR,urb,mfh,perm,2095,29.312191229294708
C-EEU-BGR,urb,mfh,perm,2100,29.505955267291796
C-EEU-BGR,urb,sfh,perm,2020,45.501729346417235
C-EEU-BGR,urb,sfh,perm,2025,46.997667173749
C-EEU-BGR,urb,sfh,perm,2030,46.99849921599396
C-EEU-BGR,urb,sfh,perm,2035,46.85882743981939
C-EEU-BGR,urb,sfh,perm,2040,46.572162339626566
C-EEU-BGR,urb,sfh,perm,2045,46.136029025654544
C-EEU-BGR,urb,sfh,perm,2050,45.55171235518165
C-EEU-BGR,urb,sfh,perm,2055,46.463657849124154
C-EEU-BGR,urb,sfh,perm,2060,47.29804682807596
C-EEU-BGR,urb,sfh,perm,2065,48.05587441216
C-EEU-BGR,urb,sfh,perm,2070,48.73974290120453
C-EEU-BGR,urb,sfh,perm,2075,49.35346018810793
C-EEU-BGR,urb,sfh,perm,2080,49.90166000996699
C-EEU-BGR,urb,sfh,perm,2085,50.389467352665484
C-EEU-BGR,urb,sfh,perm,2090,50.822220879881456
C-EEU-BGR,urb,sfh,perm,2095,51.205255283058634
C-EEU-BGR,urb,sfh,perm,2100,51.543740282446926
C-EEU-CZE,rur,mfh,perm,2020,25.67802936881336
C-EEU-CZE,rur,mfh,perm,2025,26.787596075183902
C-EEU-CZE,rur,mfh,perm,2030,27.03502532718684
C-EEU-CZE,rur,mfh,perm,2035,27.181319762270086
C-EEU-CZE,rur,mfh,perm,2040,27.220323013357667
C-EEU-CZE,rur,mfh,perm,2045,27.14910757614204
C-EEU-CZE,rur,mfh,perm,2050,26.96777859585498
C-EEU-CZE,rur,mfh,perm,2055,27.65515422878067
C-EEU-CZE,rur,mfh,perm,2060,28.284494925048357
C-EEU-CZE,rur,mfh,perm,2065,28.856194547878246
C-EEU-CZE,rur,mfh,perm,2070,29.37194193117946
C-EEU-CZE,rur,mfh,perm,2075,29.834407671328417
C-EEU-CZE,rur,mfh,perm,2080,30.246946638366655
C-EEU-CZE,rur,mfh,perm,2085,30.61333467031053
C-EEU-CZE,rur,mfh,perm,2090,30.93754902239691
C-EEU-CZE,rur,mfh,perm,2095,31.223595130568228
C-EEU-CZE,rur,mfh,perm,2100,31.47537739620716
C-EEU-CZE,rur,sfh,perm,2020,42.927388649615345
C-EEU-CZE,rur,sfh,perm,2025,44.78231297238643
C-EEU-CZE,rur,sfh,perm,2030,45.1959542028507
C-EEU-CZE,rur,sfh,perm,2035,45.44052273970742
C-EEU-CZE,rur,sfh,perm,2040,45.50572664200019
C-EEU-CZE,rur,sfh,perm,2045,45.38667183809376
C-EEU-CZE,rur,sfh,perm,2050,45.083534105115135
C-EEU-CZE,rur,sfh,perm,2055,46.23265814882829
C-EEU-CZE,rur,sfh,perm,2060,47.28476196387082
C-EEU-CZE,rur,sfh,perm,2065,48.24050399327528
C-EEU-CZE,rur,sfh,perm,2070,49.10270755453776
C-EEU-CZE,rur,sfh,perm,2075,49.87583723202842
C-EEU-CZE,rur,sfh,perm,2080,50.56550154842918
C-EEU-CZE,rur,sfh,perm,2085,51.17801278197907
C-EEU-CZE,rur,sfh,perm,2090,51.72001993127764
C-EEU-CZE,rur,sfh,perm,2095,52.198219106175905
C-EEU-CZE,rur,sfh,perm,2100,52.61913751143679
C-EEU-CZE,urb,mfh,perm,2020,24.145946964354323
C-EEU-CZE,urb,mfh,perm,2025,25.18931125296969
C-EEU-CZE,urb,mfh,perm,2030,25.421977611843353
C-EEU-CZE,urb,mfh,perm,2035,25.559543373606616
C-EEU-CZE,urb,mfh,perm,2040,25.59621949149213
C-EEU-CZE,urb,mfh,perm,2045,25.529253131054034
C-EEU-CZE,urb,mfh,perm,2050,25.358743164022478
C-EEU-CZE,urb,mfh,perm,2055,26.005106455333728
C-EEU-CZE,urb,mfh,perm,2060,26.596897470770656
C-EEU-CZE,urb,mfh,perm,2065,27.134486573661757
C-EEU-CZE,urb,mfh,perm,2070,27.619461833458
C-EEU-CZE,urb,mfh,perm,2075,28.054334505113633
C-EEU-CZE,urb,mfh,perm,2080,28.44225928998566
C-EEU-CZE,urb,mfh,perm,2085,28.786786740306116
C-EEU-CZE,urb,mfh,perm,2090,29.091656807947214
C-EEU-CZE,urb,mfh,perm,2095,29.360635944081906
C-EEU-CZE,urb,mfh,perm,2100,29.597395593561334
C-EEU-CZE,urb,sfh,perm,2020,42.180380466585376
C-EEU-CZE,urb,sfh,perm,2025,44.00302601136413
C-EEU-CZE,urb,sfh,perm,2030,44.40946919429476
C-EEU-CZE,urb,sfh,perm,2035,44.649781830569324
C-EEU-CZE,urb,sfh,perm,2040,44.713851076175295
C-EEU-CZE,urb,sfh,perm,2045,44.5968680244892
C-EEU-CZE,urb,sfh,perm,2050,44.29900539382271
C-EEU-CZE,urb,sfh,perm,2055,45.42813276196409
C-EEU-CZE,urb,sfh,perm,2060,46.46192821528331
C-EEU-CZE,urb,sfh,perm,2065,47.40103873880564
C-EEU-CZE,urb,sfh,perm,2070,48.24823851959227
C-EEU-CZE,urb,sfh,perm,2075,49.00791445079655
C-EEU-CZE,urb,sfh,perm,2080,49.6855774574484
C-EEU-CZE,urb,sfh,perm,2085,50.28742997361406
C-EEU-CZE,urb,sfh,perm,2090,50.82000529422416
C-EEU-CZE,urb,sfh,perm,2095,51.28988300564644
C-EEU-CZE,urb,sfh,perm,2100,51.70347672839089
C-EEU-EST,rur,mfh,perm,2020,24.007437001442295
C-EEU-EST,rur,mfh,perm,2025,25.199860827321867
C-EEU-EST,rur,mfh,perm,2030,25.575960800315908
C-EEU-EST,rur,mfh,perm,2035,25.845346055310316
C-EEU-EST,rur,mfh,perm,2040,26.000873304339414
C-EEU-EST,rur,mfh,perm,2045,26.038930520351062
C-EEU-EST,rur,mfh,perm,2050,25.9592306286804
C-EEU-EST,rur,mfh,perm,2055,26.706998751414144
C-EEU-EST,rur,mfh,perm,2060,27.39305678011621
C-EEU-EST,rur,mfh,perm,2065,28.017663750715954
C-EEU-EST,rur,mfh,perm,2070,28.582499696304772
C-EEU-EST,rur,mfh,perm,2075,29.090325825407156
C-EEU-EST,rur,mfh,perm,2080,29.544661103516766
C-EEU-EST,rur,mfh,perm,2085,29.949495497635542
C-EEU-EST,rur,mfh,perm,2090,30.309050459153017
C-EEU-EST,rur,mfh,perm,2095,30.62758956850611
C-EEU-EST,rur,mfh,perm,2100,30.909276957932867
C-EEU-EST,rur,sfh,perm,2020,40.13456655259269
C-EEU-EST,rur,sfh,perm,2025,42.1280077265
C-EEU-EST,rur,sfh,perm,2030,42.75675495160574
C-EEU-EST,rur,sfh,perm,2035,43.20710125238789
C-EEU-EST,rur,sfh,perm,2040,43.46710479739459
C-EEU-EST,rur,sfh,perm,2045,43.530727160278815
C-EEU-EST,rur,sfh,perm,2050,43.3974884223703
C-EEU-EST,rur,sfh,perm,2055,44.64757394736664
C-EEU-EST,rur,sfh,perm,2060,45.794495278878614
C-EEU-EST,rur,sfh,perm,2065,46.83868546166415
C-EEU-EST,rur,sfh,perm,2070,47.78295310040331
C-EEU-EST,rur,sfh,perm,2075,48.63191426082959
C-EEU-EST,rur,sfh,perm,2080,49.39145179311117
C-EEU-EST,rur,sfh,perm,2085,50.06823594681163
C-EEU-EST,rur,sfh,perm,2090,50.66932395680916
C-EEU-EST,rur,sfh,perm,2095,51.201843487451576
C-EEU-EST,rur,sfh,perm,2100,51.672755950006206
C-EEU-EST,urb,mfh,perm,2020,22.575030671588156
C-EEU-EST,urb,mfh,perm,2025,23.696308400699632
C-EEU-EST,urb,mfh,perm,2030,24.04996832805522
C-EEU-EST,urb,mfh,perm,2035,24.303280682622972
C-EEU-EST,urb,mfh,perm,2040,24.449528381487653
C-EEU-EST,urb,mfh,perm,2045,24.48531490958253
C-EEU-EST,urb,mfh,perm,2050,24.41037032058375
C-EEU-EST,urb,mfh,perm,2055,25.113522777255234
C-EEU-EST,urb,mfh,perm,2060,25.75864707934163
C-EEU-EST,urb,mfh,perm,2065,26.34598680736548
C-EEU-EST,urb,mfh,perm,2070,26.877121755061772
C-EEU-EST,urb,mfh,perm,2075,27.3546483831492
C-EEU-EST,urb,mfh,perm,2080,27.78187569766399
C-EEU-EST,urb,mfh,perm,2085,28.162555603794576
C-EEU-EST,urb,mfh,perm,2090,28.500657679575973
C-EEU-EST,urb,mfh,perm,2095,28.800191118456365
C-EEU-EST,urb,mfh,perm,2100,29.06507159927265
C-EEU-EST,urb,sfh,perm,2020,39.43615813362596
C-EEU-EST,urb,sfh,perm,2025,41.39491010522814
C-EEU-EST,urb,sfh,perm,2030,42.01271607960827
C-EEU-EST,urb,sfh,perm,2035,42.455225603394105
C-EEU-EST,urb,sfh,perm,2040,42.71070465292492
C-EEU-EST,urb,sfh,perm,2045,42.773219880546705
C-EEU-EST,urb,sfh,perm,2050,42.64229971897477
C-EEU-EST,urb,sfh,perm,2055,43.870631670179755
C-EEU-EST,urb,sfh,perm,2060,44.99759465698727
C-EEU-EST,urb,sfh,perm,2065,46.02361418845398
C-EEU-EST,urb,sfh,perm,2070,46.95144999485258
C-EEU-EST,urb,sfh,perm,2075,47.78563781467131
C-EEU-EST,urb,sfh,perm,2080,48.53195812667044
C-EEU-EST,urb,sfh,perm,2085,49.19696510694239
C-EEU-EST,urb,sfh,perm,2090,49.787593182704136
C-EEU-EST,urb,sfh,perm,2095,50.310845985051934
C-EEU-EST,urb,sfh,perm,2100,50.77356378508259
C-EEU-HRV,rur,mfh,perm,2020,27.45028268341433
C-EEU-HRV,rur,mfh,perm,2025,28.337283815683858
C-EEU-HRV,rur,mfh,perm,2030,28.31553420804538
C-EEU-HRV,rur,mfh,perm,2035,28.20480634026492
C-EEU-HRV,rur,mfh,perm,2040,28.00339737187609
C-EEU-HRV,rur,mfh,perm,2045,27.71160739947624
C-EEU-HRV,rur,mfh,perm,2050,27.331584549657514
C-EEU-HRV,rur,mfh,perm,2055,27.85000366694993
C-EEU-HRV,rur,mfh,perm,2060,28.32224317923568
C-EEU-HRV,rur,mfh,perm,2065,28.74940423507777
C-EEU-HRV,rur,mfh,perm,2070,29.133392417487755
C-EEU-HRV,rur,mfh,perm,2075,29.476706063799686
C-EEU-HRV,rur,mfh,perm,2080,29.782236342692148
C-EEU-HRV,rur,mfh,perm,2085,30.053091546603476
C-EEU-HRV,rur,mfh,perm,2090,30.2924519677965
C-EEU-HRV,rur,mfh,perm,2095,30.50345690088981
C-EEU-HRV,rur,mfh,perm,2100,30.68912198378807
C-EEU-HRV,rur,sfh,perm,2020,45.89016300152273
C-EEU-HRV,rur,sfh,perm,2025,47.37301208587762
C-EEU-HRV,rur,sfh,perm,2030,47.33665205814094
C-EEU-HRV,rur,sfh,perm,2035,47.151542128314
C-EEU-HRV,rur,sfh,perm,2040,46.81483556336061
C-EEU-HRV,rur,sfh,perm,2045,46.327034051439234
C-EEU-HRV,rur,sfh,perm,2050,45.69172873514748
C-EEU-HRV,rur,sfh,perm,2055,46.558398782593976
C-EEU-HRV,rur,sfh,perm,2060,47.347867818104
C-EEU-HRV,rur,sfh,perm,2065,48.06197669292226
C-EEU-HRV,rur,sfh,perm,2070,48.70391107606432
C-EEU-HRV,rur,sfh,perm,2075,49.2778475768866
C-EEU-HRV,rur,sfh,perm,2080,49.78861952273427
C-EEU-HRV,rur,sfh,perm,2085,50.24142321880736
C-EEU-HRV,rur,sfh,perm,2090,50.641575336413716
C-EEU-HRV,rur,sfh,perm,2095,50.99432400882093
C-EEU-HRV,rur,sfh,perm,2100,51.30471064549628
C-EEU-HRV,urb,mfh,perm,2020,25.812458592919125
C-EEU-HRV,urb,mfh,perm,2025,26.646536706526792
C-EEU-HRV,urb,mfh,perm,2030,26.626084791584606
C-EEU-HRV,urb,mfh,perm,2035,26.52196351403244
C-EEU-HRV,urb,mfh,perm,2040,26.33257163356483
C-EEU-HRV,urb,mfh,perm,2045,26.05819134148314
C-EEU-HRV,urb,mfh,perm,2050,25.700842596173654
C-EEU-HRV,urb,mfh,perm,2055,26.188330180663026
C-EEU-HRV,urb,mfh,perm,2060,26.632393471281937
C-EEU-HRV,urb,mfh,perm,2065,27.034067916445068
C-EEU-HRV,urb,mfh,perm,2070,27.39514540234712
C-EEU-HRV,urb,mfh,perm,2075,27.717975202754435
C-EEU-HRV,urb,mfh,perm,2080,28.005275984453107
C-EEU-HRV,urb,mfh,perm,2085,28.25997058327639
C-EEU-HRV,urb,mfh,perm,2090,28.48504953900466
C-EEU-HRV,urb,mfh,perm,2095,28.683464839902943
C-EEU-HRV,urb,mfh,perm,2100,28.858052195513594
C-EEU-HRV,urb,sfh,perm,2020,45.091597601644295
C-EEU-HRV,urb,sfh,perm,2025,46.54864263792972
C-EEU-HRV,urb,sfh,perm,2030,46.512915335339116
C-EEU-HRV,urb,sfh,perm,2035,46.33102662713062
C-EEU-HRV,urb,sfh,perm,2040,46.00017931817234
C-EEU-HRV,urb,sfh,perm,2045,45.5208663664118
C-EEU-HRV,urb,sfh,perm,2050,44.89661642257389
C-EEU-HRV,urb,sfh,perm,2055,45.74820496523299
C-EEU-HRV,urb,sfh,perm,2060,46.523935922366334
C-EEU-HRV,urb,sfh,perm,2065,47.22561811133566
C-EEU-HRV,urb,sfh,perm,2070,47.85638176520067
C-EEU-HRV,urb,sfh,perm,2075,48.4203308133467
C-EEU-HRV,urb,sfh,perm,2080,48.92221447515908
C-EEU-HRV,urb,sfh,perm,2085,49.36713863145785
C-EEU-HRV,urb,sfh,perm,2090,49.76032743459967
C-EEU-HRV,urb,sfh,perm,2095,50.106937691577244
C-EEU-HRV,urb,sfh,perm,2100,50.411923082921945
C-EEU-HUN,rur,mfh,perm,2020,25.761887202013156
C-EEU-HUN,rur,mfh,perm,2025,26.79130610267776
C-EEU-HUN,rur,mfh,perm,2030,26.96533521798663
C-EEU-HUN,rur,mfh,perm,2035,27.047892773719344
C-EEU-HUN,rur,mfh,perm,2040,27.032946738824876
C-EEU-HUN,rur,mfh,perm,2045,26.91742679813108
C-EEU-HUN,rur,mfh,perm,2050,26.701056049503176
C-EEU-HUN,rur,mfh,perm,2055,27.351350912417324
C-EEU-HUN,rur,mfh,perm,2060,27.94935557492629
C-EEU-HUN,rur,mfh,perm,2065,28.495223738400977
C-EEU-HUN,rur,mfh,perm,2070,28.99030837707028
C-EEU-HUN,rur,mfh,perm,2075,29.436878138666103
C-EEU-HUN,rur,mfh,perm,2080,29.837846788480434
C-EEU-HUN,rur,mfh,perm,2085,30.196532796367453
C-EEU-HUN,rur,mfh,perm,2090,30.516458073641857
C-EEU-HUN,rur,mfh,perm,2095,30.801188452534703
C-EEU-HUN,rur,mfh,perm,2100,31.05421403599753
C-EEU-HUN,rur,sfh,perm,2020,43.067578449439104
C-EEU-HUN,rur,sfh,perm,2025,44.78851523151784
C-EEU-HUN,rur,sfh,perm,2030,45.07944937455164
C-EEU-HUN,rur,sfh,perm,2035,45.21746542827596
C-EEU-HUN,rur,sfh,perm,2040,45.19247931117677
C-EEU-HUN,rur,sfh,perm,2045,44.99935820676032
C-EEU-HUN,rur,sfh,perm,2050,44.63763920234019
C-EEU-HUN,rur,sfh,perm,2055,45.72477326220959
C-EEU-HUN,rur,sfh,perm,2060,46.72449088824293
C-EEU-HUN,rur,sfh,perm,2065,47.63704903156329
C-EEU-HUN,rur,sfh,perm,2070,48.46470953437521
C-EEU-HUN,rur,sfh,perm,2075,49.211265021163165
C-EEU-HUN,rur,sfh,perm,2080,49.88158659528661
C-EEU-HUN,rur,sfh,perm,2085,50.4812219272115
C-EEU-HUN,rur,sfh,perm,2090,51.016058791798706
C-EEU-HUN,rur,sfh,perm,2095,51.492058388945765
C-EEU-HUN,rur,sfh,perm,2100,51.91505531770526
C-EEU-HUN,urb,mfh,perm,2020,24.22480141085041
C-EEU-HUN,urb,mfh,perm,2025,25.192799921271153
C-EEU-HUN,urb,mfh,perm,2030,25.356445570559366
C-EEU-HUN,urb,mfh,perm,2035,25.43407732078433
C-EEU-HUN,urb,mfh,perm,2040,25.42002304268122
C-EEU-HUN,urb,mfh,perm,2045,25.311395611765295
C-EEU-HUN,urb,mfh,perm,2050,25.107934647297657
C-EEU-HUN,urb,mfh,perm,2055,25.719429596757738
C-EEU-HUN,urb,mfh,perm,2060,26.28175424628537
C-EEU-HUN,urb,mfh,perm,2065,26.7950531266425
C-EEU-HUN,urb,mfh,perm,2070,27.26059848670406
C-EEU-HUN,urb,mfh,perm,2075,27.68052361508922
C-EEU-HUN,urb,mfh,perm,2080,28.057568426968142
C-EEU-HUN,urb,mfh,perm,2085,28.394853395331598
C-EEU-HUN,urb,mfh,perm,2090,28.695690296274087
C-EEU-HUN,urb,mfh,perm,2095,28.96343220626027
C-EEU-HUN,urb,mfh,perm,2100,29.201360990870903
C-EEU-HUN,urb,sfh,perm,2020,42.318130729998
C-EEU-HUN,urb,sfh,perm,2025,44.00912034083875
C-EEU-HUN,urb,sfh,perm,2030,44.29499174438603
C-EEU-HUN,urb,sfh,perm,2035,44.43060608850804
C-EEU-HUN,urb,sfh,perm,2040,44.406054771533505
C-EEU-HUN,urb,sfh,perm,2045,44.216294296539274
C-EEU-HUN,urb,sfh,perm,2050,43.860869806291994
C-EEU-HUN,urb,sfh,perm,2055,44.92908591973327
C-EEU-HUN,urb,sfh,perm,2060,45.91140679113377
C-EEU-HUN,urb,sfh,perm,2065,46.80808490023832
C-EEU-HUN,urb,sfh,perm,2070,47.62134272942344
C-EEU-HUN,urb,sfh,perm,2075,48.35490690517991
C-EEU-HUN,urb,sfh,perm,2080,49.01356376554175
C-EEU-HUN,urb,sfh,perm,2085,49.602764442252955
C-EEU-HUN,urb,sfh,perm,2090,50.128294253068646
C-EEU-HUN,urb,sfh,perm,2095,50.596010663062394
C-EEU-HUN,urb,sfh,perm,2100,51.01164673952875
C-EEU-LTU,rur,mfh,perm,2020,25.927443481993738
C-EEU-LTU,rur,mfh,perm,2025,26.948197145086723
C-EEU-LTU,rur,mfh,perm,2030,27.10976343343055
C-EEU-LTU,rur,mfh,perm,2035,27.18107863407105
C-EEU-LTU,rur,mfh,perm,2040,27.156109894716238
C-EEU-LTU,rur,mfh,perm,2045,27.031739163436328
C-EEU-LTU,rur,mfh,perm,2050,26.80760358331315
C-EEU-LTU,rur,mfh,perm,2055,27.45475555203808
C-EEU-LTU,rur,mfh,perm,2060,28.050284668071527
C-EEU-LTU,rur,mfh,perm,2065,28.59427068573067
C-EEU-LTU,rur,mfh,perm,2070,29.087982857753506
C-EEU-LTU,rur,mfh,perm,2075,29.533602184259962
C-EEU-LTU,rur,mfh,perm,2080,29.933955646420937
C-EEU-LTU,rur,mfh,perm,2085,30.29227941583052
C-EEU-LTU,rur,mfh,perm,2090,30.612020088055893
C-EEU-LTU,rur,mfh,perm,2095,30.89667666851628
C-EEU-LTU,rur,mfh,perm,2100,31.149681619545436
C-EEU-LTU,rur,sfh,perm,2020,43.34434808281066
C-EEU-LTU,rur,sfh,perm,2025,45.050798705705034
C-EEU-LTU,rur,sfh,perm,2030,45.32089804832961
C-EEU-LTU,rur,sfh,perm,2035,45.44011963229735
C-EEU-LTU,rur,sfh,perm,2040,45.39837800318009
C-EEU-LTU,rur,sfh,perm,2045,45.190460540293564
C-EEU-LTU,rur,sfh,perm,2050,44.815760635563315
C-EEU-LTU,rur,sfh,perm,2055,45.89764054456284
C-EEU-LTU,rur,sfh,perm,2060,46.89321966198447
C-EEU-LTU,rur,sfh,perm,2065,47.80263131755224
C-EEU-LTU,rur,sfh,perm,2070,48.62799739160192
C-EEU-LTU,rur,sfh,perm,2075,49.372963983234364
C-EEU-LTU,rur,sfh,perm,2080,50.04225711397111
C-EEU-LTU,rur,sfh,perm,2085,50.64128687170331
C-EEU-LTU,rur,sfh,perm,2090,51.17581512177135
C-EEU-LTU,rur,sfh,perm,2095,51.65169134597781
C-EEU-LTU,rur,sfh,perm,2100,52.07465378235139
C-EEU-LTU,urb,mfh,perm,2020,24.380479757448217
C-EEU-LTU,urb,mfh,perm,2025,25.34033004263592
C-EEU-LTU,urb,mfh,perm,2030,25.49225646088029
C-EEU-LTU,urb,mfh,perm,2035,25.5593166323477
C-EEU-LTU,urb,mfh,perm,2040,25.535837655531815
C-EEU-LTU,urb,mfh,perm,2045,25.418887517409072
C-EEU-LTU,urb,mfh,perm,2050,25.20812501095862
C-EEU-LTU,urb,mfh,perm,2055,25.81666458735182
C-EEU-LTU,urb,mfh,perm,2060,26.376661394152617
C-EEU-LTU,urb,mfh,perm,2065,26.8881904271282
C-EEU-LTU,urb,mfh,perm,2070,27.352445208914457
C-EEU-LTU,urb,mfh,perm,2075,27.771476610022845
C-EEU-LTU,urb,mfh,perm,2080,28.147942939486402
C-EEU-LTU,urb,mfh,perm,2085,28.484887282370423
C-EEU-LTU,urb,mfh,perm,2090,28.785550592744137
C-EEU-LTU,urb,mfh,perm,2095,29.053223107489323
C-EEU-LTU,urb,mfh,perm,2100,29.291132490702694
C-EEU-LTU,urb,sfh,perm,2020,42.5900841099834
C-EEU-LTU,urb,sfh,perm,2025,44.26683964497844
C-EEU-LTU,urb,sfh,perm,2030,44.53223880840464
C-EEU-LTU,urb,sfh,perm,2035,44.649385737900744
C-EEU-LTU,urb,sfh,perm,2040,44.60837048277233
C-EEU-LTU,urb,sfh,perm,2045,44.4040711306318
C-EEU-LTU,urb,sfh,perm,2050,44.035891629397284
C-EEU-LTU,urb,sfh,perm,2055,45.09894502295991
C-EEU-LTU,urb,sfh,perm,2060,46.07719940270325
C-EEU-LTU,urb,sfh,perm,2065,46.970785778191754
C-EEU-LTU,urb,sfh,perm,2070,47.78178910550315
C-EEU-LTU,urb,sfh,perm,2075,48.51379203553074
C-EEU-LTU,urb,sfh,perm,2080,49.17143834913666
C-EEU-LTU,urb,sfh,perm,2085,49.760043989656495
C-EEU-LTU,urb,sfh,perm,2090,50.28527055636055
C-EEU-LTU,urb,sfh,perm,2095,50.752865740308714
C-EEU-LTU,urb,sfh,perm,2100,51.16846792461421
C-EEU-LVA,rur,mfh,perm,2020,25.466255203684376
C-EEU-LVA,rur,mfh,perm,2025,26.51706750630204
C-EEU-LVA,rur,mfh,perm,2030,26.71964829082761
C-EEU-LVA,rur,mfh,perm,2035,26.828821991429503
C-EEU-LVA,rur,mfh,perm,2040,26.838404636304666
C-EEU-LVA,rur,mfh,perm,2045,26.74524775019751
C-EEU-LVA,rur,mfh,perm,2050,26.54906530332912
C-EEU-LVA,rur,mfh,perm,2055,27.21252482956133
C-EEU-LVA,rur,mfh,perm,2060,27.822515477715207
C-EEU-LVA,rur,mfh,perm,2065,28.379202033902594
C-EEU-LVA,rur,mfh,perm,2070,28.883977367421977
C-EEU-LVA,rur,mfh,perm,2075,29.33917155426971
C-EEU-LVA,rur,mfh,perm,2080,29.747774466632556
C-EEU-LVA,rur,mfh,perm,2085,30.11318934286297
C-EEU-LVA,rur,mfh,perm,2090,30.43902655259301
C-EEU-LVA,rur,mfh,perm,2095,30.728940195752894
C-EEU-LVA,rur,mfh,perm,2100,30.986505599050197
C-EEU-LVA,rur,sfh,perm,2020,42.5733540092671
C-EEU-LVA,rur,sfh,perm,2025,44.33005533024351
C-EEU-LVA,rur,sfh,perm,2030,44.66872088535168
C-EEU-LVA,rur,sfh,perm,2035,44.85123262753959
C-EEU-LVA,rur,sfh,perm,2040,44.867252467494545
C-EEU-LVA,rur,sfh,perm,2045,44.71151692416791
C-EEU-LVA,rur,sfh,perm,2050,44.383547825683266
C-EEU-LVA,rur,sfh,perm,2055,45.49268998479498
C-EEU-LVA,rur,sfh,perm,2060,46.51244524910413
C-EEU-LVA,rur,sfh,perm,2065,47.443089100711184
C-EEU-LVA,rur,sfh,perm,2070,48.28695007662561
C-EEU-LVA,rur,sfh,perm,2075,49.04792349437513
C-EEU-LVA,rur,sfh,perm,2080,49.73100768944453
C-EEU-LVA,rur,sfh,perm,2085,50.341892044509
C-EEU-LVA,rur,sfh,perm,2090,50.88661221511428
C-EEU-LVA,rur,sfh,perm,2095,51.37127696317573
C-EEU-LVA,rur,sfh,perm,2100,51.801863361034854
C-EEU-LVA,urb,mfh,perm,2020,23.946808327733113
C-EEU-LVA,urb,mfh,perm,2025,24.93492380046145
C-EEU-LVA,urb,mfh,perm,2030,25.12541758052903
C-EEU-LVA,urb,mfh,perm,2035,25.228077420455744
C-EEU-LVA,urb,mfh,perm,2040,25.23708831578617
C-EEU-LVA,urb,mfh,perm,2045,25.149489645381973
C-EEU-LVA,urb,mfh,perm,2050,24.96501244546201
C-EEU-LVA,urb,mfh,perm,2055,25.588886587176912
C-EEU-LVA,urb,mfh,perm,2060,26.162482077217295
C-EEU-LVA,urb,mfh,perm,2065,26.68595386971376
C-EEU-LVA,urb,mfh,perm,2070,27.160611728267202
C-EEU-LVA,urb,mfh,perm,2075,27.58864670463718
C-EEU-LVA,urb,mfh,perm,2080,27.972870279962496
C-EEU-LVA,urb,mfh,perm,2085,28.316482638010573
C-EEU-LVA,urb,mfh,perm,2090,28.62287873531819
C-EEU-LVA,urb,mfh,perm,2095,28.895494649547317
C-EEU-LVA,urb,mfh,perm,2100,29.137692385150125
C-EEU-LVA,urb,sfh,perm,2020,41.83250661965447
C-EEU-LVA,urb,sfh,perm,2025,43.55863840674612
C-EEU-LVA,urb,sfh,perm,2030,43.89141061616207
C-EEU-LVA,urb,sfh,perm,2035,44.07074634953131
C-EEU-LVA,urb,sfh,perm,2040,44.086487417543395
C-EEU-LVA,urb,sfh,perm,2045,43.93346193250152
C-EEU-LVA,urb,sfh,perm,2050,43.61120004351775
C-EEU-LVA,urb,sfh,perm,2055,44.70104127855596
C-EEU-LVA,urb,sfh,perm,2060,45.703051099895255
C-EEU-LVA,urb,sfh,perm,2065,46.617500195787926
C-EEU-LVA,urb,sfh,perm,2070,47.44667658281452
C-EEU-LVA,urb,sfh,perm,2075,48.194407793478774
C-EEU-LVA,urb,sfh,perm,2080,48.86560518388881
C-EEU-LVA,urb,sfh,perm,2085,49.46585913196898
C-EEU-LVA,urb,sfh,perm,2090,50.00110026278863
C-EEU-LVA,urb,sfh,perm,2095,50.47733103561383
C-EEU-LVA,urb,sfh,perm,2100,50.90042451175512
C-EEU-POL,rur,mfh,perm,2020,21.13738551834733
C-EEU-POL,rur,mfh,perm,2025,22.56021948290211
C-EEU-POL,rur,mfh,perm,2030,23.232975542261308
C-EEU-POL,rur,mfh,perm,2035,23.77684361662568
C-EEU-POL,rur,mfh,perm,2040,24.183230799142905
C-EEU-POL,rur,mfh,perm,2045,24.447912608793647
C-EEU-POL,rur,mfh,perm,2050,24.570745893135133
C-EEU-POL,rur,mfh,perm,2055,25.4534971986703
C-EEU-POL,rur,mfh,perm,2060,26.261091647920043
C-EEU-POL,rur,mfh,perm,2065,26.994029886178144
C-EEU-POL,rur,mfh,perm,2070,27.654531035547503
C-EEU-POL,rur,mfh,perm,2075,28.24611278229349
C-EEU-POL,rur,mfh,perm,2080,28.773194141474157
C-EEU-POL,rur,mfh,perm,2085,29.240744998821274
C-EEU-POL,rur,mfh,perm,2090,29.65399474422499
C-EEU-POL,rur,mfh,perm,2095,30.018203051211643
C-EEU-POL,rur,mfh,perm,2100,30.338489479915502
C-EEU-POL,rur,sfh,perm,2020,35.336541996671876
C-EEU-POL,rur,sfh,perm,2025,37.715172603524344
C-EEU-POL,rur,sfh,perm,2030,38.83985629368208
C-EEU-POL,rur,sfh,perm,2035,39.749070776889766
C-EEU-POL,rur,sfh,perm,2040,40.42845081324594
C-EEU-POL,rur,sfh,perm,2045,40.870934103071924
C-EEU-POL,rur,sfh,perm,2050,41.07628133047403
C-EEU-POL,rur,sfh,perm,2055,42.55202574330996
C-EEU-POL,rur,sfh,perm,2060,43.902126262951896
C-EEU-POL,rur,sfh,perm,2065,45.12741984595881
C-EEU-POL,rur,sfh,perm,2070,46.23161632206895
C-EEU-POL,rur,sfh,perm,2075,47.22059640289346
C-EEU-POL,rur,sfh,perm,2080,48.101747601473996
C-EEU-POL,rur,sfh,perm,2085,48.88337835196985
C-EEU-POL,rur,sfh,perm,2090,49.574230916062845
C-EEU-POL,rur,sfh,perm,2095,50.18309818227227
C-EEU-POL,rur,sfh,perm,2100,50.71853880377363
C-EEU-POL,urb,mfh,perm,2020,19.876221121197037
C-EEU-POL,urb,mfh,perm,2025,21.214161543095123
C-EEU-POL,urb,mfh,perm,2030,21.84677753928073
C-EEU-POL,urb,mfh,perm,2035,22.358195666061008
C-EEU-POL,urb,mfh,perm,2040,22.740335713302027
C-EEU-POL,urb,mfh,perm,2045,22.98922525410215
C-EEU-POL,urb,mfh,perm,2050,23.104729677224636
C-EEU-POL,urb,mfh,perm,2055,23.934811530470505
C-EEU-POL,urb,mfh,perm,2060,24.694220769404346
C-EEU-POL,urb,mfh,perm,2065,25.383428168264224
C-EEU-POL,urb,mfh,perm,2070,26.004520444992345
C-EEU-POL,urb,mfh,perm,2075,26.560805402721904
C-EEU-POL,urb,mfh,perm,2080,27.056438395498716
C-EEU-POL,urb,mfh,perm,2085,27.49609278028392
C-EEU-POL,urb,mfh,perm,2090,27.88468593485324
C-EEU-POL,urb,mfh,perm,2095,28.227163713742222
C-EEU-POL,urb,mfh,perm,2100,28.528340217974996
C-EEU-POL,urb,sfh,perm,2020,34.721627210055054
C-EEU-POL,urb,sfh,perm,2025,37.05886567581485
C-EEU-POL,urb,sfh,perm,2030,38.16397799332922
C-EEU-POL,urb,sfh,perm,2035,39.05737062758566
C-EEU-POL,urb,sfh,perm,2040,39.72492831782414
C-EEU-POL,urb,sfh,perm,2045,40.15971166016316
C-EEU-POL,urb,sfh,perm,2050,40.361485503204904
C-EEU-POL,urb,sfh,perm,2055,41.8115495011093
C-EEU-POL,urb,sfh,perm,2060,43.13815601918694
C-EEU-POL,urb,sfh,perm,2065,44.34212744955626
C-EEU-POL,urb,sfh,perm,2070,45.42710906472855
C-EEU-POL,urb,sfh,perm,2075,46.398879242121495
C-EEU-POL,urb,sfh,perm,2080,47.26469693972437
C-EEU-POL,urb,sfh,perm,2085,48.032726011080285
C-EEU-POL,urb,sfh,perm,2090,48.711556587932066
C-EEU-POL,urb,sfh,perm,2095,49.30982854786861
C-EEU-POL,urb,sfh,perm,2100,49.835951609220835
C-EEU-ROU,rur,mfh,perm,2020,20.693604318473575
C-EEU-ROU,rur,mfh,perm,2025,22.12223012215131
C-EEU-ROU,rur,mfh,perm,2030,22.806458727395427
C-EEU-ROU,rur,mfh,perm,2035,23.355576369843384
C-EEU-ROU,rur,mfh,perm,2040,23.762377773968797
C-EEU-ROU,rur,mfh,perm,2045,24.02393842075834
C-EEU-ROU,rur,mfh,perm,2050,24.141290852956914
C-EEU-ROU,rur,mfh,perm,2055,25.001273528527516
C-EEU-ROU,rur,mfh,perm,2060,25.78389255334923
C-EEU-ROU,rur,mfh,perm,2065,26.490209687769635
C-EEU-ROU,rur,mfh,perm,2070,27.12293470018218
C-EEU-ROU,rur,mfh,perm,2075,27.686005170052542
C-EEU-ROU,rur,mfh,perm,2080,28.18419204216656
C-EEU-ROU,rur,mfh,perm,2085,28.62275413741215
C-EEU-ROU,rur,mfh,perm,2090,29.007153109689323
C-EEU-ROU,rur,mfh,perm,2095,29.342831201859585
C-EEU-ROU,rur,mfh,perm,2100,29.635047928993355
C-EEU-ROU,rur,sfh,perm,2020,34.59464830347787
C-EEU-ROU,rur,sfh,perm,2025,36.98296144965046
C-EEU-ROU,rur,sfh,perm,2030,38.12682443230488
C-EEU-ROU,rur,sfh,perm,2035,39.04481491020163
C-EEU-ROU,rur,sfh,perm,2040,39.724887423838915
C-EEU-ROU,rur,sfh,perm,2045,40.1621528922637
C-EEU-ROU,rur,sfh,perm,2050,40.35833747456208
C-EEU-ROU,rur,sfh,perm,2055,41.796018303410705
C-EEU-ROU,rur,sfh,perm,2060,43.104366018126996
C-EEU-ROU,rur,sfh,perm,2065,44.28515562248706
C-EEU-ROU,rur,sfh,perm,2070,45.34291718689878
C-EEU-ROU,rur,sfh,perm,2075,46.284233381770136
C-EEU-ROU,rur,sfh,perm,2080,47.117080060625824
C-EEU-ROU,rur,sfh,perm,2085,47.85024868658206
C-EEU-ROU,rur,sfh,perm,2090,48.49286980997311
C-EEU-ROU,rur,sfh,perm,2095,49.05404153062139
C-EEU-ROU,rur,sfh,perm,2100,49.54255647214666
C-EEU-ROU,urb,mfh,perm,2020,19.458918174696645
C-EEU-ROU,urb,mfh,perm,2025,20.80230486500888
C-EEU-ROU,urb,mfh,perm,2030,21.445708896386165
C-EEU-ROU,urb,mfh,perm,2035,21.962063375201545
C-EEU-ROU,urb,mfh,perm,2040,22.3445929294736
C-EEU-ROU,urb,mfh,perm,2045,22.590547531932824
C-EEU-ROU,urb,mfh,perm,2050,22.700898118549336
C-EEU-ROU,urb,mfh,perm,2055,23.509569834604427
C-EEU-ROU,urb,mfh,perm,2060,24.24549381051478
C-EEU-ROU,urb,mfh,perm,2065,24.909668456581777
C-EEU-ROU,urb,mfh,perm,2070,25.504641862574104
C-EEU-ROU,urb,mfh,perm,2075,26.03411667185196
C-EEU-ROU,urb,mfh,perm,2080,26.502579170263637
C-EEU-ROU,urb,mfh,perm,2085,26.91497441057898
C-EEU-ROU,urb,mfh,perm,2090,27.27643817652629
C-EEU-ROU,urb,mfh,perm,2095,27.592087998957094
C-EEU-ROU,urb,mfh,perm,2100,27.866869583405258
C-EEU-ROU,urb,sfh,perm,2020,33.992643704906186
C-EEU-ROU,urb,sfh,perm,2025,36.339396217647504
C-EEU-ROU,urb,sfh,perm,2030,37.46335407597017
C-EEU-ROU,urb,sfh,perm,2035,38.365369987966126
C-EEU-ROU,urb,sfh,perm,2040,39.03360810522567
C-EEU-ROU,urb,sfh,perm,2045,39.46326442496136
C-EEU-ROU,urb,sfh,perm,2050,39.656035068211224
C-EEU-ROU,urb,sfh,perm,2055,41.06869785199541
C-EEU-ROU,urb,sfh,perm,2060,42.354278133613946
C-EEU-ROU,urb,sfh,perm,2065,43.514520028815795
C-EEU-ROU,urb,sfh,perm,2070,44.55387477722574
C-EEU-ROU,urb,sfh,perm,2075,45.47881049980405
C-EEU-ROU,urb,sfh,perm,2080,46.29716425691711
C-EEU-ROU,urb,sfh,perm,2085,47.017574525555126
C-EEU-ROU,urb,sfh,perm,2090,47.649012969243024
C-EEU-ROU,urb,sfh,perm,2095,48.20041936568696
C-EEU-ROU,urb,sfh,perm,2100,48.680433332185984
C-EEU-SVK,rur,mfh,perm,2020,22.818308721994796
C-EEU-SVK,rur,mfh,perm,2025,24.0547631534082
C-EEU-SVK,rur,mfh,perm,2030,24.49795345781321
C-EEU-SVK,rur,mfh,perm,2035,24.823239695965725
C-EEU-SVK,rur,mfh,perm,2040,25.025024714315293
C-EEU-SVK,rur,mfh,perm,2045,25.10125956951096
C-EEU-SVK,rur,mfh,perm,2050,25.0531687629434
C-EEU-SVK,rur,mfh,perm,2055,25.79521162841486
C-EEU-SVK,rur,mfh,perm,2060,26.470951937298416
C-EEU-SVK,rur,mfh,perm,2065,27.081388293399634
C-EEU-SVK,rur,mfh,perm,2070,27.628888757641906
C-EEU-SVK,rur,mfh,perm,2075,28.116841128218457
C-EEU-SVK,rur,mfh,perm,2080,28.54932428641324
C-EEU-SVK,rur,mfh,perm,2085,28.9308200518039
C-EEU-SVK,rur,mfh,perm,2090,29.2659752540159
C-EEU-SVK,rur,mfh,perm,2095,29.559416098646203
C-EEU-SVK,rur,mfh,perm,2100,29.81561168540709
C-EEU-SVK,rur,sfh,perm,2020,38.14663472679269
C-EEU-SVK,rur,sfh,perm,2025,40.213684310795685
C-EEU-SVK,rur,sfh,perm,2030,40.95459017119795
C-EEU-SVK,rur,sfh,perm,2035,41.49838925199904
C-EEU-SVK,rur,sfh,perm,2040,41.835724480569276
C-EEU-SVK,rur,sfh,perm,2045,41.96317052444702
C-EEU-SVK,rur,sfh,perm,2050,41.88277445065382
C-EEU-SVK,rur,sfh,perm,2055,43.123288744926526
C-EEU-SVK,rur,sfh,perm,2060,44.25296137085188
C-EEU-SVK,rur,sfh,perm,2065,45.273461749905024
C-EEU-SVK,rur,sfh,perm,2070,46.188748701127125
C-EEU-SVK,rur,sfh,perm,2075,47.00448579502113
C-EEU-SVK,rur,sfh,perm,2080,47.727491924096945
C-EEU-SVK,rur,sfh,perm,2085,48.36525959520168
C-EEU-SVK,rur,sfh,perm,2090,48.92555717164922
C-EEU-SVK,rur,sfh,perm,2095,49.41611853841888
C-EEU-SVK,rur,sfh,perm,2100,49.84441493785201
C-EEU-SVK,urb,mfh,perm,2020,21.45685185977383
C-EEU-SVK,urb,mfh,perm,2025,22.61953310356932
C-EEU-SVK,urb,mfh,perm,2030,23.036280410443126
C-EEU-SVK,urb,mfh,perm,2035,23.342158409952084
C-EEU-SVK,urb,mfh,perm,2040,23.53190390331877
C-EEU-SVK,urb,mfh,perm,2045,23.60359019761929
C-EEU-SVK,urb,mfh,perm,2050,23.55836873423613
C-EEU-SVK,urb,mfh,perm,2055,24.256137531740215
C-EEU-SVK,urb,mfh,perm,2060,24.891559721878973
C-EEU-SVK,urb,mfh,perm,2065,25.465574326653716
C-EEU-SVK,urb,mfh,perm,2070,25.980408116376267
C-EEU-SVK,urb,mfh,perm,2075,26.4392467558936
C-EEU-SVK,urb,mfh,perm,2080,26.845925759595914
C-EEU-SVK,urb,mfh,perm,2085,27.20465953881015
C-EEU-SVK,urb,mfh,perm,2090,27.519817669568702
C-EEU-SVK,urb,mfh,perm,2095,27.795750334410343
C-EEU-SVK,urb,mfh,perm,2100,28.03665998372881
C-EEU-SVK,urb,sfh,perm,2020,37.48281963828218
C-EEU-SVK,urb,sfh,perm,2025,39.513899110835304
C-EEU-SVK,urb,sfh,perm,2030,40.241911973131096
C-EEU-SVK,urb,sfh,perm,2035,40.776248042645896
C-EEU-SVK,urb,sfh,perm,2040,41.10771307542519
C-EEU-SVK,urb,sfh,perm,2045,41.232941345507086
C-EEU-SVK,urb,sfh,perm,2050,41.153944297531574
C-EEU-SVK,urb,sfh,perm,2055,42.372871573396274
C-EEU-SVK,urb,sfh,perm,2060,43.482886010872306
C-EEU-SVK,urb,sfh,perm,2065,44.48562798071589
C-EEU-SVK,urb,sfh,perm,2070,45.384987411911915
C-EEU-SVK,urb,sfh,perm,2075,46.186529319387446
C-EEU-SVK,urb,sfh,perm,2080,46.896953935545966
C-EEU-SVK,urb,sfh,perm,2085,47.523623385114895
C-EEU-SVK,urb,sfh,perm,2090,48.07417084892563
C-EEU-SVK,urb,sfh,perm,2095,48.556195629455516
C-EEU-SVK,urb,sfh,perm,2100,48.977038956964094
C-EEU-SVN,rur,mfh,perm,2020,24.162332093290733
C-EEU-SVN,rur,mfh,perm,2025,25.260669790901524
C-EEU-SVN,rur,mfh,perm,2030,25.54232521749639
C-EEU-SVN,rur,mfh,perm,2035,25.723058331681727
C-EEU-SVN,rur,mfh,perm,2040,25.797039252474256
C-EEU-SVN,rur,mfh,perm,2045,25.761675658017886
C-EEU-SVN,rur,mfh,perm,2050,25.617360313882934
C-EEU-SVN,rur,mfh,perm,2055,26.295121204151837
C-EEU-SVN,rur,mfh,perm,2060,26.915728799210328
C-EEU-SVN,rur,mfh,perm,2065,27.479730336848043
C-EEU-SVN,rur,mfh,perm,2070,27.98891196898135
C-EEU-SVN,rur,mfh,perm,2075,28.445991807736505
C-EEU-SVN,rur,mfh,perm,2080,28.854330891062173
C-EEU-SVN,rur,mfh,perm,2085,29.21767891324852
C-EEU-SVN,rur,mfh,perm,2090,29.539963253556056
C-EEU-SVN,rur,mfh,perm,2095,29.825123282406185
C-EEU-SVN,rur,mfh,perm,2100,30.076987404522182
C-EEU-SVN,rur,sfh,perm,2020,40.393513285310874
C-EEU-SVN,rur,sfh,perm,2025,42.22966545013103
C-EEU-SVN,rur,sfh,perm,2030,42.70052447864338
C-EEU-SVN,rur,sfh,perm,2035,43.0026660691469
C-EEU-SVN,rur,sfh,perm,2040,43.12634408562951
C-EEU-SVN,rur,sfh,perm,2045,43.0672247995865
C-EEU-SVN,rur,sfh,perm,2050,42.82596481904811
C-EEU-SVN,rur,sfh,perm,2055,43.959015363161065
C-EEU-SVN,rur,sfh,perm,2060,44.99651956760502
C-EEU-SVN,rur,sfh,perm,2065,45.93939228020342
C-EEU-SVN,rur,sfh,perm,2070,46.79061951037315
C-EEU-SVN,rur,sfh,perm,2075,47.554745277203864
C-EEU-SVN,rur,sfh,perm,2080,48.237388414610585
C-EEU-SVN,rur,sfh,perm,2085,48.84481749491244
C-EEU-SVN,rur,sfh,perm,2090,49.38359813626762
C-EEU-SVN,rur,sfh,perm,2095,49.860316003124346
C-EEU-SVN,rur,sfh,perm,2100,50.281371252406785
C-EEU-SVN,urb,mfh,perm,2020,22.72068393099886
C-EEU-SVN,urb,mfh,perm,2025,23.75348919087876
C-EEU-SVN,urb,mfh,perm,2030,24.01833961592899
C-EEU-SVN,urb,mfh,perm,2035,24.188289269274343
C-EEU-SVN,urb,mfh,perm,2040,24.257856110412085
C-EEU-SVN,urb,mfh,perm,2045,24.224602488650532
C-EEU-SVN,urb,mfh,perm,2050,24.088897735159705
C-EEU-SVN,urb,mfh,perm,2055,24.726219948476526
C-EEU-SVN,urb,mfh,perm,2060,25.309798924134128
C-EEU-SVN,urb,mfh,perm,2065,25.84014924892012
C-EEU-SVN,urb,mfh,perm,2070,26.318950503803272
C-EEU-SVN,urb,mfh,perm,2075,26.748758624455316
C-EEU-SVN,urb,mfh,perm,2080,27.132734112131548
C-EEU-SVN,urb,mfh,perm,2085,27.474402935206037
C-EEU-SVN,urb,mfh,perm,2090,27.777458145430177
C-EEU-SVN,urb,mfh,perm,2095,28.045604070262392
C-EEU-SVN,urb,mfh,perm,2100,28.282440692243306
C-EEU-SVN,urb,sfh,perm,2020,39.69059876116529
C-EEU-SVN,urb,sfh,perm,2025,41.49479881486113
C-EEU-SVN,urb,sfh,perm,2030,41.957464110691
C-EEU-SVN,urb,sfh,perm,2035,42.2543479334234
C-EEU-SVN,urb,sfh,perm,2040,42.37587374607346
C-EEU-SVN,urb,sfh,perm,2045,42.31778323424285
C-EEU-SVN,urb,sfh,perm,2050,42.08072157988664
C-EEU-SVN,urb,sfh,perm,2055,43.19405515413805
C-EEU-SVN,urb,sfh,perm,2060,44.213505054441285
C-EEU-SVN,urb,sfh,perm,2065,45.13997020874128
C-EEU-SVN,urb,sfh,perm,2070,45.976384664909205
C-EEU-SVN,urb,sfh,perm,2075,46.72721336852124
C-EEU-SVN,urb,sfh,perm,2080,47.39797737640777
C-EEU-SVN,urb,sfh,perm,2085,47.99483617727104
C-EEU-SVN,urb,sfh,perm,2090,48.52424113655908
C-EEU-SVN,urb,sfh,perm,2095,48.99266331717119
C-EEU-SVN,urb,sfh,perm,2100,49.40639150262291
C-WEU-AUT,rur,mfh,perm,2020,29.826751742238645
C-WEU-AUT,rur,mfh,perm,2025,30.27974858064177
C-WEU-AUT,rur,mfh,perm,2030,29.79997976941752
C-WEU-AUT,rur,mfh,perm,2035,29.279525443298496
C-WEU-AUT,rur,mfh,perm,2040,28.716680363410678
C-WEU-AUT,rur,mfh,perm,2045,28.110768205007975
C-WEU-AUT,rur,mfh,perm,2050,27.462077977050036
C-WEU-AUT,rur,mfh,perm,2055,27.7511960899982
C-WEU-AUT,rur,mfh,perm,2060,28.019419020631602
C-WEU-AUT,rur,mfh,perm,2065,28.266875616958888
C-WEU-AUT,rur,mfh,perm,2070,28.494111288602713
C-WEU-AUT,rur,mfh,perm,2075,28.70198962357952
C-WEU-AUT,rur,mfh,perm,2080,28.89159862733262
C-WEU-AUT,rur,mfh,perm,2085,29.064167407428055
C-WEU-AUT,rur,mfh,perm,2090,29.22099636871289
C-WEU-AUT,rur,mfh,perm,2095,29.36340179596596
C-WEU-AUT,rur,mfh,perm,2100,29.492674177270192
C-WEU-AUT,rur,sfh,perm,2020,49.863038389921414
C-WEU-AUT,rur,sfh,perm,2025,50.62033837816722
C-WEU-AUT,rur,sfh,perm,2030,49.81828219521103
C-WEU-AUT,rur,sfh,perm,2035,48.948209776070506
C-WEU-AUT,rur,sfh,perm,2040,48.007270378158104
C-WEU-AUT,rur,sfh,perm,2045,46.99433335181175
C-WEU-AUT,rur,sfh,perm,2050,45.9098818493698
C-WEU-AUT,rur,sfh,perm,2055,46.39321666536791
C-WEU-AUT,rur,sfh,perm,2060,46.84161984392425
C-WEU-AUT,rur,sfh,perm,2065,47.25530678741509
C-WEU-AUT,rur,sfh,perm,2070,47.63518928741557
C-WEU-AUT,rur,sfh,perm,2075,47.98271105200326
C-WEU-AUT,rur,sfh,perm,2080,48.29969096033926
C-WEU-AUT,rur,sfh,perm,2085,48.58818377984448
C-WEU-AUT,rur,sfh,perm,2090,48.85036346956654
C-WEU-AUT,rur,sfh,perm,2095,49.0884305359175
C-WEU-AUT,rur,sfh,perm,2100,49.30454235953928
C-WEU-AUT,urb,mfh,perm,2020,27.1471193545768
C-WEU-AUT,urb,mfh,perm,2025,27.559419002411413
C-WEU-AUT,urb,mfh,perm,2030,27.12275257311117
C-WEU-AUT,urb,mfh,perm,2035,26.649055811497313
C-WEU-AUT,urb,mfh,perm,2040,26.136776677185377
C-WEU-AUT,urb,mfh,perm,2045,25.585299606376694
C-WEU-AUT,urb,mfh,perm,2050,24.994887643494952
C-WEU-AUT,urb,mfh,perm,2055,25.25803141414763
C-WEU-AUT,urb,mfh,perm,2060,25.502157223570837
C-WEU-AUT,urb,mfh,perm,2065,25.727382344081065
C-WEU-AUT,urb,mfh,perm,2070,25.9342031857551
C-WEU-AUT,urb,mfh,perm,2075,26.12340575194854
C-WEU-AUT,urb,mfh,perm,2080,26.29598030180468
C-WEU-AUT,urb,mfh,perm,2085,26.453045519989004
C-WEU-AUT,urb,mfh,perm,2090,26.59578498310743
C-WEU-AUT,urb,mfh,perm,2095,26.725396721046163
C-WEU-AUT,urb,mfh,perm,2100,26.843055284568067
C-WEU-AUT,urb,sfh,perm,2020,47.42310685260271
C-WEU-AUT,urb,sfh,perm,2025,48.14335013142614
C-WEU-AUT,urb,sfh,perm,2030,47.380540697939836
C-WEU-AUT,urb,sfh,perm,2035,46.55304324421981
C-WEU-AUT,urb,sfh,perm,2040,45.65814652212108
C-WEU-AUT,urb,sfh,perm,2045,44.694775207686895
C-WEU-AUT,urb,sfh,perm,2050,43.663388811322314
C-WEU-AUT,urb,sfh,perm,2055,44.12307276490375
C-WEU-AUT,urb,sfh,perm,2060,44.549534379285056
C-WEU-AUT,urb,sfh,perm,2065,44.94297851662945
C-WEU-AUT,urb,sfh,perm,2070,45.30427235211698
C-WEU-AUT,urb,sfh,perm,2075,45.63478894933618
C-WEU-AUT,urb,sfh,perm,2080,45.936258184836774
C-WEU-AUT,urb,sfh,perm,2085,46.21063428078623
C-WEU-AUT,urb,sfh,perm,2090,46.45998481861436
C-WEU-AUT,urb,sfh,perm,2095,46.686402628082014
C-WEU-AUT,urb,sfh,perm,2100,46.89193952343891
C-WEU-BEL,rur,mfh,perm,2020,30.14096090847134
C-WEU-BEL,rur,mfh,perm,2025,30.6980671672108
C-WEU-BEL,rur,mfh,perm,2030,30.30299845767845
C-WEU-BEL,rur,mfh,perm,2035,29.855294964636386
C-WEU-BEL,rur,mfh,perm,2040,29.351994501544798
C-WEU-BEL,rur,mfh,perm,2045,28.791859333975868
C-WEU-BEL,rur,mfh,perm,2050,28.175247242810492
C-WEU-BEL,rur,mfh,perm,2055,28.510127440111038
C-WEU-BEL,rur,mfh,perm,2060,28.81457079504809
C-WEU-BEL,rur,mfh,perm,2065,29.089012325955014
C-WEU-BEL,rur,mfh,perm,2070,29.334543553213397
C-WEU-BEL,rur,mfh,perm,2075,29.55274241721301
C-WEU-BEL,rur,mfh,perm,2080,29.745514522604623
C-WEU-BEL,rur,mfh,perm,2085,29.91495478929325
C-WEU-BEL,rur,mfh,perm,2090,30.063233863388998
C-WEU-BEL,rur,mfh,perm,2095,30.192510002332178
C-WEU-BEL,rur,mfh,perm,2100,30.304864700664666
C-WEU-BEL,rur,sfh,perm,2020,50.388319314030184
C-WEU-BEL,rur,sfh,perm,2025,51.31966480571685
C-WEU-BEL,rur,sfh,perm,2030,50.65920648962835
C-WEU-BEL,rur,sfh,perm,2035,49.91075568097913
C-WEU-BEL,rur,sfh,perm,2040,49.06936032791889
C-WEU-BEL,rur,sfh,perm,2045,48.13295124102251
C-WEU-BEL,rur,sfh,perm,2050,47.10212654247084
C-WEU-BEL,rur,sfh,perm,2055,47.6619643779256
C-WEU-BEL,rur,sfh,perm,2060,48.170919252595546
C-WEU-BEL,rur,sfh,perm,2065,48.629718410802965
C-WEU-BEL,rur,sfh,perm,2070,49.040186607826634
C-WEU-BEL,rur,sfh,perm,2075,49.404961774303864
C-WEU-BEL,rur,sfh,perm,2080,49.72722961542568
C-WEU-BEL,rur,sfh,perm,2085,50.01049232521412
C-WEU-BEL,rur,sfh,perm,2090,50.25837869339641
C-WEU-BEL,rur,sfh,perm,2095,50.474496798872046
C-WEU-BEL,rur,sfh,perm,2100,50.66232639173741
C-WEU-BEL,urb,mfh,perm,2020,27.433100000801232
C-WEU-BEL,urb,mfh,perm,2025,27.940155889081694
C-WEU-BEL,urb,mfh,perm,2030,27.580580112824933
C-WEU-BEL,urb,mfh,perm,2035,27.17309825673457
C-WEU-BEL,urb,mfh,perm,2040,26.715014256812697
C-WEU-BEL,urb,mfh,perm,2045,26.205201576568488
C-WEU-BEL,urb,mfh,perm,2050,25.643985853884324
C-WEU-BEL,urb,mfh,perm,2055,25.948780447816862
C-WEU-BEL,urb,mfh,perm,2060,26.22587264225383
C-WEU-BEL,urb,mfh,perm,2065,26.47565837352515
C-WEU-BEL,urb,mfh,perm,2070,26.699131099930682
C-WEU-BEL,urb,mfh,perm,2075,26.897726999853703
C-WEU-BEL,urb,mfh,perm,2080,27.073180478614123
C-WEU-BEL,urb,mfh,perm,2085,27.22739824872262
C-WEU-BEL,urb,mfh,perm,2090,27.36235594566026
C-WEU-BEL,urb,mfh,perm,2095,27.48001792923521
C-WEU-BEL,urb,mfh,perm,2100,27.582278692728284
C-WEU-BEL,urb,sfh,perm,2020,47.92268437928386
C-WEU-BEL,urb,sfh,perm,2025,48.8084566505916
C-WEU-BEL,urb,sfh,perm,2030,48.18031632246661
C-WEU-BEL,urb,sfh,perm,2035,47.46848920926639
C-WEU-BEL,urb,sfh,perm,2040,46.668265576253205
C-WEU-BEL,urb,sfh,perm,2045,45.77767748496251
C-WEU-BEL,urb,sfh,perm,2050,44.79729378986063
C-WEU-BEL,urb,sfh,perm,2055,45.329737265994
C-WEU-BEL,urb,sfh,perm,2060,45.81378762040449
C-WEU-BEL,urb,sfh,perm,2065,46.25013651140895
C-WEU-BEL,urb,sfh,perm,2070,46.640519404140626
C-WEU-BEL,urb,sfh,perm,2075,46.98744514825095
C-WEU-BEL,urb,sfh,perm,2080,47.29394356387432
C-WEU-BEL,urb,sfh,perm,2085,47.56334547333299
C-WEU-BEL,urb,sfh,perm,2090,47.79910209998869
C-WEU-BEL,urb,sfh,perm,2095,48.00464496981157
C-WEU-BEL,urb,sfh,perm,2100,48.18328355943943
C-WEU-CHE,rur,mfh,perm,2020,41.90481265334915
C-WEU-CHE,rur,mfh,perm,2025,42.12708431952882
C-WEU-CHE,rur,mfh,perm,2030,41.06454090443868
C-WEU-CHE,rur,mfh,perm,2035,39.97633709204197
C-WEU-CHE,rur,mfh,perm,2040,38.864428260824425
C-WEU-CHE,rur,mfh,perm,2045,37.730689837658154
C-WEU-CHE,rur,mfh,perm,2050,36.57690110268626
C-WEU-CHE,rur,mfh,perm,2055,36.700030985359135
C-WEU-CHE,rur,mfh,perm,2060,36.81442281406069
C-WEU-CHE,rur,mfh,perm,2065,36.92066722629458
C-WEU-CHE,rur,mfh,perm,2070,37.01932561043253
C-WEU-CHE,rur,mfh,perm,2075,37.110928470135086
C-WEU-CHE,rur,mfh,perm,2080,37.19597483239255
C-WEU-CHE,rur,mfh,perm,2085,37.274932414733925
C-WEU-CHE,rur,mfh,perm,2090,37.34823833080294
C-WEU-CHE,rur,mfh,perm,2095,37.416300164908726
C-WEU-CHE,rur,mfh,perm,2100,37.47949728709091
C-WEU-CHE,rur,sfh,perm,2020,70.05460400494773
C-WEU-CHE,rur,sfh,perm,2025,70.42618790115905
C-WEU-CHE,rur,sfh,perm,2030,68.64987502755274
C-WEU-CHE,rur,sfh,perm,2035,66.83066424179512
C-WEU-CHE,rur,sfh,perm,2040,64.97182445876307
C-WEU-CHE,rur,sfh,perm,2045,63.076490933778096
C-WEU-CHE,rur,sfh,perm,2050,61.1476381883318
C-WEU-CHE,rur,sfh,perm,2055,61.35348125564675
C-WEU-CHE,rur,sfh,perm,2060,61.54471643255546
C-WEU-CHE,rur,sfh,perm,2065,61.722331120595086
C-WEU-CHE,rur,sfh,perm,2070,61.88726382390357
C-WEU-CHE,rur,sfh,perm,2075,62.040401414930834
C-WEU-CHE,rur,sfh,perm,2080,62.18257814482804
C-WEU-CHE,rur,sfh,perm,2085,62.31457592297993
C-WEU-CHE,rur,sfh,perm,2090,62.43712549655556
C-WEU-CHE,rur,sfh,perm,2095,62.55090824689439
C-WEU-CHE,rur,sfh,perm,2100,62.65655838797361
C-WEU-CHE,urb,mfh,perm,2020,38.140088483744066
C-WEU-CHE,urb,mfh,perm,2025,38.342391285707414
C-WEU-CHE,urb,mfh,perm,2030,37.37530666455427
C-WEU-CHE,urb,mfh,perm,2035,36.38486697361724
C-WEU-CHE,urb,mfh,perm,2040,35.37285192037478
C-WEU-CHE,urb,mfh,perm,2045,34.3409684435368
C-WEU-CHE,urb,mfh,perm,2050,33.29083597289662
C-WEU-CHE,urb,mfh,perm,2055,33.4029038792487
C-WEU-CHE,urb,mfh,perm,2060,33.50701875752261
C-WEU-CHE,urb,mfh,perm,2065,33.60371818240789
C-WEU-CHE,urb,mfh,perm,2070,33.693513107201184
C-WEU-CHE,urb,mfh,perm,2075,33.776886375167344
C-WEU-CHE,urb,mfh,perm,2080,33.85429218076187
C-WEU-CHE,urb,mfh,perm,2085,33.92615622181784
C-WEU-CHE,urb,mfh,perm,2090,33.99287634173301
C-WEU-CHE,urb,mfh,perm,2095,34.05482350748302
C-WEU-CHE,urb,mfh,perm,2100,34.112343006541174
C-WEU-CHE,urb,sfh,perm,2020,66.62664527709383
C-WEU-CHE,urb,sfh,perm,2025,66.98004658162198
C-WEU-CHE,urb,sfh,perm,2030,65.29065343734635
C-WEU-CHE,urb,sfh,perm,2035,63.56046149024213
C-WEU-CHE,urb,sfh,perm,2040,61.792579698457544
C-WEU-CHE,urb,sfh,perm,2045,59.989989900904206
C-WEU-CHE,urb,sfh,perm,2050,58.15552106779906
C-WEU-CHE,urb,sfh,perm,2055,58.351291684499344
C-WEU-CHE,urb,sfh,perm,2060,58.533169213854855
C-WEU-CHE,urb,sfh,perm,2065,58.7020927412105
C-WEU-CHE,urb,sfh,perm,2070,58.85895484719214
C-WEU-CHE,urb,sfh,perm,2075,59.004599007213976
C-WEU-CHE,urb,sfh,perm,2080,59.13981865029194
C-WEU-CHE,urb,sfh,perm,2085,59.26535742489798
C-WEU-CHE,urb,sfh,perm,2090,59.38191032079194
C-WEU-CHE,urb,sfh,perm,2095,59.49012537750602
C-WEU-CHE,urb,sfh,perm,2100,59.59060577523495
C-WEU-CYP,rur,mfh,perm,2020,31.798386523676577
C-WEU-CYP,rur,mfh,perm,2025,32.1238864202391
C-WEU-CYP,rur,mfh,perm,2030,31.459852794940513
C-WEU-CYP,rur,mfh,perm,2035,30.760925950995397
C-WEU-CYP,rur,mfh,perm,2040,30.028091588341134
C-WEU-CYP,rur,mfh,perm,2045,29.262650239477797
C-WEU-CYP,rur,mfh,perm,2050,28.46620024286292
C-WEU-CYP,rur,mfh,perm,2055,28.65183330303919
C-WEU-CYP,rur,mfh,perm,2060,28.822385488859126
C-WEU-CYP,rur,mfh,perm,2065,28.978479065170635
C-WEU-CYP,rur,mfh,perm,2070,29.120888500733805
C-WEU-CYP,rur,mfh,perm,2075,29.250494743947737
C-WEU-CYP,rur,mfh,perm,2080,29.368241886958817
C-WEU-CYP,rur,mfh,perm,2085,29.47509914373806
C-WEU-CYP,rur,mfh,perm,2090,29.572029649021157
C-WEU-CYP,rur,mfh,perm,2095,29.659966463180663
C-WEU-CYP,rur,mfh,perm,2100,29.739795393492138
C-WEU-CYP,rur,sfh,perm,2020,53.15912981976764
C-WEU-CYP,rur,sfh,perm,2025,53.703286085205974
C-WEU-CYP,rur,sfh,perm,2030,52.59318417278173
C-WEU-CYP,rur,sfh,perm,2035,51.42474932769504
C-WEU-CYP,rur,sfh,perm,2040,50.19962939930753
C-WEU-CYP,rur,sfh,perm,2045,48.91999856007149
C-WEU-CYP,rur,sfh,perm,2050,47.58852884120765
C-WEU-CYP,rur,sfh,perm,2055,47.8988619437191
C-WEU-CYP,rur,sfh,perm,2060,48.183983510509805
C-WEU-CYP,rur,sfh,perm,2065,48.44493381630588
C-WEU-CYP,rur,sfh,perm,2070,48.68300758357157
C-WEU-CYP,rur,sfh,perm,2075,48.89967754270085
C-WEU-CYP,rur,sfh,perm,2080,49.09652198499896
C-WEU-CYP,rur,sfh,perm,2085,49.275161199321445
C-WEU-CYP,rur,sfh,perm,2090,49.4372053115283
C-WEU-CYP,rur,sfh,perm,2095,49.58421417049544
C-WEU-CYP,rur,sfh,perm,2100,49.71766862947062
C-WEU-CYP,urb,mfh,perm,2020,28.94162266482272
C-WEU-CYP,urb,mfh,perm,2025,29.237879683295567
C-WEU-CYP,urb,mfh,perm,2030,28.633502772352728
C-WEU-CYP,urb,mfh,perm,2035,27.997367446030005
C-WEU-CYP,urb,mfh,perm,2040,27.330370849081177
C-WEU-CYP,urb,mfh,perm,2045,26.633696674296843
C-WEU-CYP,urb,mfh,perm,2050,25.908799665567688
C-WEU-CYP,urb,mfh,perm,2055,26.077755470219515
C-WEU-CYP,urb,mfh,perm,2060,26.23298526475597
C-WEU-CYP,urb,mfh,perm,2065,26.375055409813385
C-WEU-CYP,urb,mfh,perm,2070,26.50467079595603
C-WEU-CYP,urb,mfh,perm,2075,26.622633227267137
C-WEU-CYP,urb,mfh,perm,2080,26.729801978749244
C-WEU-CYP,urb,mfh,perm,2085,26.82705919028732
C-WEU-CYP,urb,mfh,perm,2090,26.91528146868893
C-WEU-CYP,urb,mfh,perm,2095,26.995318048276268
C-WEU-CYP,urb,mfh,perm,2100,27.067975155488007
C-WEU-CYP,urb,sfh,perm,2020,50.557911732546415
C-WEU-CYP,urb,sfh,perm,2025,51.07544097973347
C-WEU-CYP,urb,sfh,perm,2030,50.01965931639997
C-WEU-CYP,urb,sfh,perm,2035,48.90839910647159
C-WEU-CYP,urb,sfh,perm,2040,47.74322756564312
C-WEU-CYP,urb,sfh,perm,2045,46.52621247830656
C-WEU-CYP,urb,sfh,perm,2050,45.2598951260642
C-WEU-CYP,urb,sfh,perm,2055,45.55504280168749
C-WEU-CYP,urb,sfh,perm,2060,45.826212609314574
C-WEU-CYP,urb,sfh,perm,2065,46.07439392025306
C-WEU-CYP,urb,sfh,perm,2070,46.300818102741786
C-WEU-CYP,urb,sfh,perm,2075,46.50688582254633
C-WEU-CYP,urb,sfh,perm,2080,46.69409814096636
C-WEU-CYP,urb,sfh,perm,2085,46.863996061799675
C-WEU-CYP,urb,sfh,perm,2090,47.018110923151056
C-WEU-CYP,urb,sfh,perm,2095,47.15792624632814
C-WEU-CYP,urb,sfh,perm,2100,47.28485042247734
C-WEU-DEU,rur,mfh,perm,2020,31.42035801477815
C-WEU-DEU,rur,mfh,perm,2025,31.81597199862152
C-WEU-DEU,rur,mfh,perm,2030,31.230755911989096
C-WEU-DEU,rur,mfh,perm,2035,30.606288868317318
C-WEU-DEU,rur,mfh,perm,2040,29.942264421188646
C-WEU-DEU,rur,mfh,perm,2045,29.239096525128716
C-WEU-DEU,rur,mfh,perm,2050,28.497862666095873
C-WEU-DEU,rur,mfh,perm,2055,28.7343607361032
C-WEU-DEU,rur,mfh,perm,2060,28.951879828056835
C-WEU-DEU,rur,mfh,perm,2065,29.15085948205702
C-WEU-DEU,rur,mfh,perm,2070,29.332029308306275
C-WEU-DEU,rur,mfh,perm,2075,29.49633388700338
C-WEU-DEU,rur,mfh,perm,2080,29.644862006848445
C-WEU-DEU,rur,mfh,perm,2085,29.778784427146025
C-WEU-DEU,rur,mfh,perm,2090,29.899302291081327
C-WEU-DEU,rur,mfh,perm,2095,30.00760669542605
C-WEU-DEU,rur,mfh,perm,2100,30.104848802022925
C-WEU-DEU,rur,sfh,perm,2020,52.52715855401987
C-WEU-DEU,rur,sfh,perm,2025,53.18852843547553
C-WEU-DEU,rur,sfh,perm,2030,52.21019018240895
C-WEU-DEU,rur,sfh,perm,2035,51.166233923244754
C-WEU-DEU,rur,sfh,perm,2040,50.05614735447721
C-WEU-DEU,rur,sfh,perm,2045,48.88062250689067
C-WEU-DEU,rur,sfh,perm,2050,47.6414606736387
C-WEU-DEU,rur,sfh,perm,2055,48.03682763970418
C-WEU-DEU,rur,sfh,perm,2060,48.40046639347654
C-WEU-DEU,rur,sfh,perm,2065,48.733111738567
C-WEU-DEU,rur,sfh,perm,2070,49.03598340489629
C-WEU-DEU,rur,sfh,perm,2075,49.31066049967399
C-WEU-DEU,rur,sfh,perm,2080,49.55896321147514
C-WEU-DEU,rur,sfh,perm,2085,49.782848763689415
C-WEU-DEU,rur,sfh,perm,2090,49.98432517412827
C-WEU-DEU,rur,sfh,perm,2095,50.165383665455394
C-WEU-DEU,rur,sfh,perm,2100,50.32794869889451
C-WEU-DEU,urb,mfh,perm,2020,28.597556199282476
C-WEU-DEU,urb,mfh,perm,2025,28.95762826246079
C-WEU-DEU,urb,mfh,perm,2030,28.424987930408456
C-WEU-DEU,urb,mfh,perm,2035,27.85662294336394
C-WEU-DEU,urb,mfh,perm,2040,27.252254386025157
C-WEU-DEU,urb,mfh,perm,2045,26.612259023284626
C-WEU-DEU,urb,mfh,perm,2050,25.937617539870192
C-WEU-DEU,urb,mfh,perm,2055,26.152868646966912
C-WEU-DEU,urb,mfh,perm,2060,26.350845845496448
C-WEU-DEU,urb,mfh,perm,2065,26.53194918732049
C-WEU-DEU,urb,mfh,perm,2070,26.696842734534076
C-WEU-DEU,urb,mfh,perm,2075,26.846386206345553
C-WEU-DEU,urb,mfh,perm,2080,26.98157057478736
C-WEU-DEU,urb,mfh,perm,2085,27.103461418265418
C-WEU-DEU,urb,mfh,perm,2090,27.213151969381556
C-WEU-DEU,urb,mfh,perm,2095,27.311726316892845
C-WEU-DEU,urb,mfh,perm,2100,27.400232202377442
C-WEU-DEU,urb,sfh,perm,2020,49.95686450736591
C-WEU-DEU,urb,sfh,perm,2025,50.585871795531965
C-WEU-DEU,urb,sfh,perm,2030,49.65540624406765
C-WEU-DEU,urb,sfh,perm,2035,48.66253355065806
C-WEU-DEU,urb,sfh,perm,2040,47.60676648017518
C-WEU-DEU,urb,sfh,perm,2045,46.48876320049028
C-WEU-DEU,urb,sfh,perm,2050,45.310236862675836
C-WEU-DEU,urb,sfh,perm,2055,45.6862574679806
C-WEU-DEU,urb,sfh,perm,2060,46.03210240709243
C-WEU-DEU,urb,sfh,perm,2065,46.34847052772092
C-WEU-DEU,urb,sfh,perm,2070,46.63652187514671
C-WEU-DEU,urb,sfh,perm,2075,46.89775828664942
C-WEU-DEU,urb,sfh,perm,2080,47.13391088411963
C-WEU-DEU,urb,sfh,perm,2085,47.34684111878334
C-WEU-DEU,urb,sfh,perm,2090,47.53845875078172
C-WEU-DEU,urb,sfh,perm,2095,47.71065756693955
C-WEU-DEU,urb,sfh,perm,2100,47.86526785945712
C-WEU-DNK,rur,mfh,perm,2020,41.382481559555785
C-WEU-DNK,rur,mfh,perm,2025,41.480308516729494
C-WEU-DNK,rur,mfh,perm,2030,40.314457050515664
C-WEU-DNK,rur,mfh,perm,2035,39.13150269806586
C-WEU-DNK,rur,mfh,perm,2040,37.93512465963413
C-WEU-DNK,rur,mfh,perm,2045,36.728039752587186
C-WEU-DNK,rur,mfh,perm,2050,35.51229560804746
C-WEU-DNK,rur,mfh,perm,2055,35.543955959863986
C-WEU-DNK,rur,mfh,perm,2060,35.57171227964212
C-WEU-DNK,rur,mfh,perm,2065,35.59618509718309
C-WEU-DNK,rur,mfh,perm,2070,35.61787197357043
C-WEU-DNK,rur,mfh,perm,2075,35.637176433234664
C-WEU-DNK,rur,mfh,perm,2080,35.654429118446394
C-WEU-DNK,rur,mfh,perm,2085,35.66990349343709
C-WEU-DNK,rur,mfh,perm,2090,35.68382766438929
C-WEU-DNK,rur,mfh,perm,2095,35.69639338879097
C-WEU-DNK,rur,mfh,perm,2100,35.70776302228339
C-WEU-DNK,rur,sfh,perm,2020,69.18139408899215
C-WEU-DNK,rur,sfh,perm,2025,69.34493684964129
C-WEU-DNK,rur,sfh,perm,2030,67.3959181660398
C-WEU-DNK,rur,sfh,perm,2035,65.41830763709314
C-WEU-DNK,rur,sfh,perm,2040,63.41825598632284
C-WEU-DNK,rur,sfh,perm,2045,61.400305068297094
C-WEU-DNK,rur,sfh,perm,2050,59.367878021752176
C-WEU-DNK,rur,sfh,perm,2055,59.420806391281275
C-WEU-DNK,rur,sfh,perm,2060,59.46720817350082
C-WEU-DNK,rur,sfh,perm,2065,59.508120742563
C-WEU-DNK,rur,sfh,perm,2070,59.54437589898114
C-WEU-DNK,rur,sfh,perm,2075,59.57664823696996
C-WEU-DNK,rur,sfh,perm,2080,59.60549050958738
C-WEU-DNK,rur,sfh,perm,2085,59.63135988218582
C-WEU-DNK,rur,sfh,perm,2090,59.654637692546714
C-WEU-DNK,rur,sfh,perm,2095,59.67564451231888
C-WEU-DNK,rur,sfh,perm,2100,59.69465176045005
C-WEU-DNK,urb,mfh,perm,2020,37.664683563075656
C-WEU-DNK,urb,mfh,perm,2025,37.75372175621987
C-WEU-DNK,urb,mfh,perm,2030,36.69261026890376
C-WEU-DNK,urb,mfh,perm,2035,35.61593241693728
C-WEU-DNK,urb,mfh,perm,2040,34.52703686159234
C-WEU-DNK,urb,mfh,perm,2045,33.42839634163567
C-WEU-DNK,urb,mfh,perm,2050,32.32187452921485
C-WEU-DNK,urb,mfh,perm,2055,32.35069051819678
C-WEU-DNK,urb,mfh,perm,2060,32.375953212987426
C-WEU-DNK,urb,mfh,perm,2065,32.39822739505287
C-WEU-DNK,urb,mfh,perm,2070,32.41796592463877
C-WEU-DNK,urb,mfh,perm,2075,32.43553607358122
C-WEU-DNK,urb,mfh,perm,2080,32.45123877928237
C-WEU-DNK,urb,mfh,perm,2085,32.46532293797454
C-WEU-DNK,urb,mfh,perm,2090,32.477996162803706
C-WEU-DNK,urb,mfh,perm,2095,32.48943298378432
C-WEU-DNK,urb,mfh,perm,2100,32.499781170543095
C-WEU-DNK,urb,sfh,perm,2020,65.7961638526509
C-WEU-DNK,urb,sfh,perm,2025,65.95170402957685
C-WEU-DNK,urb,sfh,perm,2030,64.09805603148708
C-WEU-DNK,urb,sfh,perm,2035,62.21721526334754
C-WEU-DNK,urb,sfh,perm,2040,60.3150314773636
C-WEU-DNK,urb,sfh,perm,2045,58.39582428303856
C-WEU-DNK,urb,sfh,perm,2050,56.46284931579507
C-WEU-DNK,urb,sfh,perm,2055,56.51318775895379
C-WEU-DNK,urb,sfh,perm,2060,56.55731897813744
C-WEU-DNK,urb,sfh,perm,2065,56.59622958601252
C-WEU-DNK,urb,sfh,perm,2070,56.63071068087342
C-WEU-DNK,urb,sfh,perm,2075,56.66140384723965
C-WEU-DNK,urb,sfh,perm,2080,56.688834790486865
C-WEU-DNK,urb,sfh,perm,2085,56.71343830564677
C-WEU-DNK,urb,sfh,perm,2090,56.73557707062549
C-WEU-DNK,urb,sfh,perm,2095,56.75555597064555
C-WEU-DNK,urb,sfh,perm,2100,56.77363314340125
C-WEU-ESP,rur,mfh,perm,2020,29.21665624749352
C-WEU-ESP,rur,mfh,perm,2025,29.810860259181755
C-WEU-ESP,rur,mfh,perm,2030,29.477602326497593
C-WEU-ESP,rur,mfh,perm,2035,29.089257659994452
C-WEU-ESP,rur,mfh,perm,2040,28.643229615504648
C-WEU-ESP,rur,mfh,perm,2045,28.138466020693222
C-WEU-ESP,rur,mfh,perm,2050,27.575362020857174
C-WEU-ESP,rur,mfh,perm,2055,27.94175455875795
C-WEU-ESP,rur,mfh,perm,2060,28.277868869960724
C-WEU-ESP,rur,mfh,perm,2065,28.583963968760344
C-WEU-ESP,rur,mfh,perm,2070,28.86092374769831
C-WEU-ESP,rur,mfh,perm,2075,29.1101077370002
C-WEU-ESP,rur,mfh,perm,2080,29.333208982652963
C-WEU-ESP,rur,mfh,perm,2085,29.5321278293971
C-WEU-ESP,rur,mfh,perm,2090,29.708866227379193
C-WEU-ESP,rur,mfh,perm,2095,29.865443877244754
C-WEU-ESP,rur,mfh,perm,2100,30.003835227492644
C-WEU-ESP,rur,sfh,perm,2020,48.84310784773925
C-WEU-ESP,rur,sfh,perm,2025,49.8364717145896
C-WEU-ESP,rur,sfh,perm,2030,49.27934590904491
C-WEU-ESP,rur,sfh,perm,2035,48.63012854935015
C-WEU-ESP,rur,sfh,perm,2040,47.88447868115209
C-WEU-ESP,rur,sfh,perm,2045,47.0406373294881
C-WEU-ESP,rur,sfh,perm,2050,46.099265080709806
C-WEU-ESP,rur,sfh,perm,2055,46.71178384711825
C-WEU-ESP,rur,sfh,perm,2060,47.27368481936432
C-WEU-ESP,rur,sfh,perm,2065,47.78540100603836
C-WEU-ESP,rur,sfh,perm,2070,48.24841005942085
C-WEU-ESP,rur,sfh,perm,2075,48.66498478174029
C-WEU-ESP,rur,sfh,perm,2080,49.037955532057325
C-WEU-ESP,rur,sfh,perm,2085,49.370499222278745
C-WEU-ESP,rur,sfh,perm,2090,49.66596262371492
C-WEU-ESP,rur,sfh,perm,2095,49.92772218217177
C-WEU-ESP,rur,sfh,perm,2100,50.15907869292689
C-WEU-ESP,urb,mfh,perm,2020,26.5918347779435
C-WEU-ESP,urb,mfh,perm,2025,27.132655560765297
C-WEU-ESP,urb,mfh,perm,2030,26.829337487358572
C-WEU-ESP,urb,mfh,perm,2035,26.47588166677907
C-WEU-ESP,urb,mfh,perm,2040,26.06992473711093
C-WEU-ESP,urb,mfh,perm,2045,25.610509053076317
C-WEU-ESP,urb,mfh,perm,2050,25.097994260158355
C-WEU-ESP,urb,mfh,perm,2055,25.431470129169362
C-WEU-ESP,urb,mfh,perm,2060,25.737387964334822
C-WEU-ESP,urb,mfh,perm,2065,26.015983510131267
C-WEU-ESP,urb,mfh,perm,2070,26.268061250282866
C-WEU-ESP,urb,mfh,perm,2075,26.494858574955952
C-WEU-ESP,urb,mfh,perm,2080,26.69791642705566
C-WEU-ESP,urb,mfh,perm,2085,26.87896442454145
C-WEU-ESP,urb,mfh,perm,2090,27.039824662559315
C-WEU-ESP,urb,mfh,perm,2095,27.182335392051193
C-WEU-ESP,urb,mfh,perm,2100,27.30829367726065
C-WEU-ESP,urb,sfh,perm,2020,46.453084233726074
C-WEU-ESP,urb,sfh,perm,2025,47.39784015559305
C-WEU-ESP,urb,sfh,perm,2030,46.867976002508705
C-WEU-ESP,urb,sfh,perm,2035,46.250526580782484
C-WEU-ESP,urb,sfh,perm,2040,45.54136335054233
C-WEU-ESP,urb,sfh,perm,2045,44.73881340816468
C-WEU-ESP,urb,sfh,perm,2050,43.843505015748065
C-WEU-ESP,urb,sfh,perm,2055,44.426051604294564
C-WEU-ESP,urb,sfh,perm,2060,44.96045726243017
C-WEU-ESP,urb,sfh,perm,2065,45.44713381047933
C-WEU-ESP,urb,sfh,perm,2070,45.88748659525304
C-WEU-ESP,urb,sfh,perm,2075,46.283677204701355
C-WEU-ESP,urb,sfh,perm,2080,46.638397500862766
C-WEU-ESP,urb,sfh,perm,2085,46.95466894086624
C-WEU-ESP,urb,sfh,perm,2090,47.235674529570446
C-WEU-ESP,urb,sfh,perm,2095,47.484625494277374
C-WEU-ESP,urb,sfh,perm,2100,47.70466111354287
C-WEU-FIN,rur,mfh,perm,2020,28.175403729441307
C-WEU-FIN,rur,mfh,perm,2025,28.8767351117564
C-WEU-FIN,rur,mfh,perm,2030,28.6714650591391
C-WEU-FIN,rur,mfh,perm,2035,28.399829209246434
C-WEU-FIN,rur,mfh,perm,2040,28.05871798966057
C-WEU-FIN,rur,mfh,perm,2045,27.646959345168185
C-WEU-FIN,rur,mfh,perm,2050,27.165190120952666
C-WEU-FIN,rur,mfh,perm,2055,27.58935585084697
C-WEU-FIN,rur,mfh,perm,2060,27.97650066394996
C-WEU-FIN,rur,mfh,perm,2065,28.327132523202806
C-WEU-FIN,rur,mfh,perm,2070,28.642525442183025
C-WEU-FIN,rur,mfh,perm,2075,28.924525857638137
C-WEU-FIN,rur,mfh,perm,2080,29.175370254812393
C-WEU-FIN,rur,mfh,perm,2085,29.39752501133548
C-WEU-FIN,rur,mfh,perm,2090,29.593553945103576
C-WEU-FIN,rur,mfh,perm,2095,29.766014781062495
C-WEU-FIN,rur,mfh,perm,2100,29.91738283735779
C-WEU-FIN,rur,sfh,perm,2020,47.10238814986768
C-WEU-FIN,rur,sfh,perm,2025,48.27484279537008
C-WEU-FIN,rur,sfh,perm,2030,47.93168144134763
C-WEU-FIN,rur,sfh,perm,2035,47.477572696006256
C-WEU-FIN,rur,sfh,perm,2040,46.90731811433298
C-WEU-FIN,rur,sfh,perm,2045,46.218958306495416
C-WEU-FIN,rur,sfh,perm,2050,45.41355792197678
C-WEU-FIN,rur,sfh,perm,2055,46.12265934395487
C-WEU-FIN,rur,sfh,perm,2060,46.769870842043545
C-WEU-FIN,rur,sfh,perm,2065,47.35604160611958
C-WEU-FIN,rur,sfh,perm,2070,47.88330147547871
C-WEU-FIN,rur,sfh,perm,2075,48.354737241040105
C-WEU-FIN,rur,sfh,perm,2080,48.77408775947031
C-WEU-FIN,rur,sfh,perm,2085,49.145476211311916
C-WEU-FIN,rur,sfh,perm,2090,49.47318867341593
C-WEU-FIN,rur,sfh,perm,2095,49.76150103670956
C-WEU-FIN,rur,sfh,perm,2100,50.01455142809267
C-WEU-FIN,urb,mfh,perm,2020,25.644128281771906
C-WEU-FIN,urb,mfh,perm,2025,26.282452122978395
C-WEU-FIN,urb,mfh,perm,2030,26.095623511318653
C-WEU-FIN,urb,mfh,perm,2035,25.848391398960427
C-WEU-FIN,urb,mfh,perm,2040,25.537925577160298
C-WEU-FIN,urb,mfh,perm,2045,25.163159288027842
C-WEU-FIN,urb,mfh,perm,2050,24.72467216263901
C-WEU-FIN,urb,mfh,perm,2055,25.110730885864157
C-WEU-FIN,urb,mfh,perm,2060,25.463094647752744
C-WEU-FIN,urb,mfh,perm,2065,25.782225775906216
C-WEU-FIN,urb,mfh,perm,2070,26.069283826649947
C-WEU-FIN,urb,mfh,perm,2075,26.325949353039096
C-WEU-FIN,urb,mfh,perm,2080,26.554257914707684
C-WEU-FIN,urb,mfh,perm,2085,26.756454310166284
C-WEU-FIN,urb,mfh,perm,2090,26.934872024168193
C-WEU-FIN,urb,mfh,perm,2095,27.091838995906414
C-WEU-FIN,urb,mfh,perm,2100,27.229608161192342
C-WEU-FIN,urb,sfh,perm,2020,44.797542596109395
C-WEU-FIN,urb,sfh,perm,2025,45.912625906891535
C-WEU-FIN,urb,sfh,perm,2030,45.586256353712045
C-WEU-FIN,urb,sfh,perm,2035,45.15436836115484
C-WEU-FIN,urb,sfh,perm,2040,44.6120178579945
C-WEU-FIN,urb,sfh,perm,2045,43.95734133257209
C-WEU-FIN,urb,sfh,perm,2050,43.191351338230405
C-WEU-FIN,urb,sfh,perm,2055,43.865754535260564
C-WEU-FIN,urb,sfh,perm,2060,44.481296247542105
C-WEU-FIN,urb,sfh,perm,2065,45.038784111824924
C-WEU-FIN,urb,sfh,perm,2070,45.540243748684134
C-WEU-FIN,urb,sfh,perm,2075,45.988610904121565
C-WEU-FIN,urb,sfh,perm,2080,46.38744148256923
C-WEU-FIN,urb,sfh,perm,2085,46.740656906342274
C-WEU-FIN,urb,sfh,perm,2090,47.05233352311315
C-WEU-FIN,urb,sfh,perm,2095,47.32653799305504
C-WEU-FIN,urb,sfh,perm,2100,47.567205953475195
C-WEU-FRA,rur,mfh,perm,2020,30.972836082325713
C-WEU-FRA,rur,mfh,perm,2025,31.431409903360343
C-WEU-FRA,rur,mfh,perm,2030,30.91661653749803
C-WEU-FRA,rur,mfh,perm,2035,30.35592005469361
C-WEU-FRA,rur,mfh,perm,2040,29.74851871579541
C-WEU-FRA,rur,mfh,perm,2045,29.09458217994011
C-WEU-FRA,rur,mfh,perm,2050,28.39520670861937
C-WEU-FRA,rur,mfh,perm,2055,28.66396603999545
C-WEU-FRA,rur,mfh,perm,2060,28.90903765520248
C-WEU-FRA,rur,mfh,perm,2065,29.13097928073828
C-WEU-FRA,rur,mfh,perm,2070,29.33076344379261
C-WEU-FRA,rur,mfh,perm,2075,29.50966834982258
C-WEU-FRA,rur,mfh,perm,2080,29.669174656060147
C-WEU-FRA,rur,mfh,perm,2085,29.810874775933765
C-WEU-FRA,rur,mfh,perm,2090,29.936398055338522
C-WEU-FRA,rur,mfh,perm,2095,30.04735260473893
C-WEU-FRA,rur,mfh,perm,2100,30.145282830579855
C-WEU-FRA,rur,sfh,perm,2020,51.77901127029783
C-WEU-FRA,rur,sfh,perm,2025,52.54563461032723
C-WEU-FRA,rur,sfh,perm,2030,51.68502593303306
C-WEU-FRA,rur,sfh,perm,2035,50.74767846426467
C-WEU-FRA,rur,sfh,perm,2040,49.73225189212875
C-WEU-FRA,rur,sfh,perm,2045,48.639029845232216
C-WEU-FRA,rur,sfh,perm,2050,47.469845004831
C-WEU-FRA,rur,sfh,perm,2055,47.91914491431721
C-WEU-FRA,rur,sfh,perm,2060,48.328844752333524
C-WEU-FRA,rur,sfh,perm,2065,48.69987690125979
C-WEU-FRA,rur,sfh,perm,2070,49.033867188843445
C-WEU-FRA,rur,sfh,perm,2075,49.33295246217828
C-WEU-FRA,rur,sfh,perm,2080,49.59960801824056
C-WEU-FRA,rur,sfh,perm,2085,49.836495983050646
C-WEU-FRA,rur,sfh,perm,2090,50.046340224685736
C-WEU-FRA,rur,sfh,perm,2095,50.23182911077367
C-WEU-FRA,rur,sfh,perm,2100,50.39554451139252
C-WEU-FRA,urb,mfh,perm,2020,28.19023959239657
C-WEU-FRA,urb,mfh,perm,2025,28.607615187301928
C-WEU-FRA,urb,mfh,perm,2030,28.139070805842582
C-WEU-FRA,urb,mfh,perm,2035,27.62874723886739
C-WEU-FRA,urb,mfh,perm,2040,27.075914775389702
C-WEU-FRA,urb,mfh,perm,2045,26.480727832386364
C-WEU-FRA,urb,mfh,perm,2050,25.844184183326483
C-WEU-FRA,urb,mfh,perm,2055,26.088798203303412
C-WEU-FRA,urb,mfh,perm,2060,26.311852609158233
C-WEU-FRA,urb,mfh,perm,2065,26.51385502129608
C-WEU-FRA,urb,mfh,perm,2070,26.69569059516147
C-WEU-FRA,urb,mfh,perm,2075,26.858522702361295
C-WEU-FRA,urb,mfh,perm,2080,27.003698978030187
C-WEU-FRA,urb,mfh,perm,2085,27.13266877333376
C-WEU-FRA,urb,mfh,perm,2090,27.246915053895147
C-WEU-FRA,urb,mfh,perm,2095,27.347901457695894
C-WEU-FRA,urb,mfh,perm,2100,27.4370336418606
C-WEU-FRA,urb,sfh,perm,2020,49.24532606680818
C-WEU-FRA,urb,sfh,perm,2025,49.97443648093132
C-WEU-FRA,urb,sfh,perm,2030,49.15593968291333
C-WEU-FRA,urb,sfh,perm,2035,48.26445912727987
C-WEU-FRA,urb,sfh,perm,2040,47.29872008717542
C-WEU-FRA,urb,sfh,perm,2045,46.25899231250225
C-WEU-FRA,urb,sfh,perm,2050,45.1470188065316
C-WEU-FRA,urb,sfh,perm,2055,45.5743332724053
C-WEU-FRA,urb,sfh,perm,2060,45.96398540398638
C-WEU-FRA,urb,sfh,perm,2065,46.316861959696574
C-WEU-FRA,urb,sfh,perm,2070,46.634509211192864
C-WEU-FRA,urb,sfh,perm,2075,46.91895944393808
C-WEU-FRA,urb,sfh,perm,2080,47.1725668320217
C-WEU-FRA,urb,sfh,perm,2085,47.39786323653354
C-WEU-FRA,urb,sfh,perm,2090,47.59743923941657
C-WEU-FRA,urb,sfh,perm,2095,47.77385165929623
C-WEU-FRA,urb,sfh,perm,2100,47.929556028457455
C-WEU-GBR,rur,mfh,perm,2020,31.77395792019173
C-WEU-GBR,rur,mfh,perm,2025,32.17297695345006
C-WEU-GBR,rur,mfh,perm,2030,31.570080880328216
C-WEU-GBR,rur,mfh,perm,2035,30.921164476759998
C-WEU-GBR,rur,mfh,perm,2040,30.228592989882376
C-WEU-GBR,rur,mfh,perm,2045,29.494712818415163
C-WEU-GBR,rur,mfh,perm,2050,28.722003253896677
C-WEU-GBR,rur,mfh,perm,2055,28.934337056183082
C-WEU-GBR,rur,mfh,perm,2060,29.126918729154873
C-WEU-GBR,rur,mfh,perm,2065,29.30068004130537
C-WEU-GBR,rur,mfh,perm,2070,29.456736525824226
C-WEU-GBR,rur,mfh,perm,2075,29.59633459682983
C-WEU-GBR,rur,mfh,perm,2080,29.720797077139014
C-WEU-GBR,rur,mfh,perm,2085,29.831473298665664
C-WEU-GBR,rur,mfh,perm,2090,29.929697197542037
C-WEU-GBR,rur,mfh,perm,2095,30.016754733573823
C-WEU-GBR,rur,mfh,perm,2100,30.093860532768574
C-WEU-GBR,rur,sfh,perm,2020,53.1182911658001
C-WEU-GBR,rur,sfh,perm,2025,53.78535345758475
C-WEU-GBR,rur,sfh,perm,2030,52.77745858860928
C-WEU-GBR,rur,sfh,perm,2035,51.692628975830836
C-WEU-GBR,rur,sfh,perm,2040,50.534818734327416
C-WEU-GBR,rur,sfh,perm,2045,49.30795046923066
C-WEU-GBR,rur,sfh,perm,2050,48.016168949981896
C-WEU-GBR,rur,sfh,perm,2055,48.37113916686582
C-WEU-GBR,rur,sfh,perm,2060,48.6930886515289
C-WEU-GBR,rur,sfh,perm,2065,48.983575093140765
C-WEU-GBR,rur,sfh,perm,2070,49.24446339052584
C-WEU-GBR,rur,sfh,perm,2075,49.47783724343031
C-WEU-GBR,rur,sfh,perm,2080,49.68590808826766
C-WEU-GBR,rur,sfh,perm,2085,49.87093167818207
C-WEU-GBR,rur,sfh,perm,2090,50.03513802833399
C-WEU-GBR,rur,sfh,perm,2095,50.18067694919266
C-WEU-GBR,rur,sfh,perm,2100,50.309578998552894
C-WEU-GBR,urb,mfh,perm,2020,28.919388724627023
C-WEU-GBR,urb,mfh,perm,2025,29.282559927922083
C-WEU-GBR,urb,mfh,perm,2030,28.733827977594864
C-WEU-GBR,urb,mfh,perm,2035,28.143210158696995
C-WEU-GBR,urb,mfh,perm,2040,27.51285922479968
C-WEU-GBR,urb,mfh,perm,2045,26.844910774396862
C-WEU-GBR,urb,mfh,perm,2050,26.141621359723512
C-WEU-GBR,urb,mfh,perm,2055,26.334879114489926
C-WEU-GBR,urb,mfh,perm,2060,26.510159269260033
C-WEU-GBR,urb,mfh,perm,2065,26.668309882539095
C-WEU-GBR,urb,mfh,perm,2070,26.810346268126793
C-WEU-GBR,urb,mfh,perm,2075,26.93740286242201
C-WEU-GBR,urb,mfh,perm,2080,27.050683645972274
C-WEU-GBR,urb,mfh,perm,2085,27.151416726847547
C-WEU-GBR,urb,mfh,perm,2090,27.24081620049163
C-WEU-GBR,urb,mfh,perm,2095,27.320052496210124
C-WEU-GBR,urb,mfh,perm,2100,27.39023111813179
C-WEU-GBR,urb,sfh,perm,2020,50.51907142290313
C-WEU-GBR,urb,sfh,perm,2025,51.15349257656953
C-WEU-GBR,urb,sfh,perm,2030,50.19491669329012
C-WEU-GBR,urb,sfh,perm,2035,49.16317068853685
C-WEU-GBR,urb,sfh,perm,2040,48.06201519198467
C-WEU-GBR,urb,sfh,perm,2045,46.89518086522791
C-WEU-GBR,urb,sfh,perm,2050,45.66660966307802
C-WEU-GBR,urb,sfh,perm,2055,46.004210239945
C-WEU-GBR,urb,sfh,perm,2060,46.31040587714075
C-WEU-GBR,urb,sfh,perm,2065,46.58667804194682
C-WEU-GBR,urb,sfh,perm,2070,46.834800378711336
C-WEU-GBR,urb,sfh,perm,2075,47.05675462619115
C-WEU-GBR,urb,sfh,perm,2080,47.25464400931441
C-WEU-GBR,urb,sfh,perm,2085,47.43061390120404
C-WEU-GBR,urb,sfh,perm,2090,47.58678519642749
C-WEU-GBR,urb,sfh,perm,2095,47.72520250949055
C-WEU-GBR,urb,sfh,perm,2100,47.847797037576214
C-WEU-GRC,rur,mfh,perm,2020,24.523705162426225
C-WEU-GRC,rur,mfh,perm,2025,25.44580443097409
C-WEU-GRC,rur,mfh,perm,2030,25.551693442389187
C-WEU-GRC,rur,mfh,perm,2035,25.57073381465796
C-WEU-GRC,rur,mfh,perm,2040,25.49904678563823
C-WEU-GRC,rur,mfh,perm,2045,25.3352224554253
C-WEU-GRC,rur,mfh,perm,2050,25.080144896876327
C-WEU-GRC,rur,mfh,perm,2055,25.64168273616174
C-WEU-GRC,rur,mfh,perm,2060,26.155567078491455
C-WEU-GRC,rur,mfh,perm,2065,26.622439660821097
C-WEU-GRC,rur,mfh,perm,2070,27.043916163862214
C-WEU-GRC,rur,mfh,perm,2075,27.422342338689244
C-WEU-GRC,rur,mfh,perm,2080,27.76056362631559
C-WEU-GRC,rur,mfh,perm,2085,28.061722222751246
C-WEU-GRC,rur,mfh,perm,2090,28.32908871185288
C-WEU-GRC,rur,mfh,perm,2095,28.56593000461868
C-WEU-GRC,rur,mfh,perm,2100,28.775411610544698
C-WEU-GRC,rur,sfh,perm,2020,40.9976407268475
C-WEU-GRC,rur,sfh,perm,2025,42.53916531605741
C-WEU-GRC,rur,sfh,perm,2030,42.71618586079829
C-WEU-GRC,rur,sfh,perm,2035,42.748016709212536
C-WEU-GRC,rur,sfh,perm,2040,42.62817351908034
C-WEU-GRC,rur,sfh,perm,2045,42.35429928238154
C-WEU-GRC,rur,sfh,perm,2050,41.92787195284022
C-WEU-GRC,rur,sfh,perm,2055,42.86662596399291
C-WEU-GRC,rur,sfh,perm,2060,43.72571497613228
C-WEU-GRC,rur,sfh,perm,2065,44.50621181658902
C-WEU-GRC,rur,sfh,perm,2070,45.2108175085936
C-WEU-GRC,rur,sfh,perm,2075,45.84345357457291
C-WEU-GRC,rur,sfh,perm,2080,46.40887689639306
C-WEU-GRC,rur,sfh,perm,2085,46.9123404577389
C-WEU-GRC,rur,sfh,perm,2090,47.35931187539327
C-WEU-GRC,rur,sfh,perm,2095,47.75525262601734
C-WEU-GRC,rur,sfh,perm,2100,48.10545466774618
C-WEU-GRC,urb,mfh,perm,2020,22.32049794809028
C-WEU-GRC,urb,mfh,perm,2025,23.15975591075296
C-WEU-GRC,urb,mfh,perm,2030,23.25613186399339
C-WEU-GRC,urb,mfh,perm,2035,23.27346165112552
C-WEU-GRC,urb,mfh,perm,2040,23.20821497760935
C-WEU-GRC,urb,mfh,perm,2045,23.059108608806344
C-WEU-GRC,urb,mfh,perm,2050,22.82694719255676
C-WEU-GRC,urb,mfh,perm,2055,23.33803652863101
C-WEU-GRC,urb,mfh,perm,2060,23.80575355314083
C-WEU-GRC,urb,mfh,perm,2065,24.230682349458064
C-WEU-GRC,urb,mfh,perm,2070,24.614293445701016
C-WEU-GRC,urb,mfh,perm,2075,24.958721850902684
C-WEU-GRC,urb,mfh,perm,2080,25.266557371940966
C-WEU-GRC,urb,mfh,perm,2085,25.540659910251147
C-WEU-GRC,urb,mfh,perm,2090,25.784006220763985
C-WEU-GRC,urb,mfh,perm,2095,25.99956971552096
C-WEU-GRC,urb,mfh,perm,2100,26.190231514962193
C-WEU-GRC,urb,sfh,perm,2020,38.991516756164714
C-WEU-GRC,urb,sfh,perm,2025,40.45761043337618
C-WEU-GRC,urb,sfh,perm,2030,40.62596889045027
C-WEU-GRC,urb,sfh,perm,2035,40.65624217050497
C-WEU-GRC,urb,sfh,perm,2040,40.54226322749007
C-WEU-GRC,urb,sfh,perm,2045,40.281790388077866
C-WEU-GRC,urb,sfh,perm,2050,39.87622928577257
C-WEU-GRC,urb,sfh,perm,2055,40.76904755791785
C-WEU-GRC,urb,sfh,perm,2060,41.58609905205256
C-WEU-GRC,urb,sfh,perm,2065,42.32840409920309
C-WEU-GRC,urb,sfh,perm,2070,42.99853155432501
C-WEU-GRC,urb,sfh,perm,2075,43.60021104928758
C-WEU-GRC,urb,sfh,perm,2080,44.13796669903256
C-WEU-GRC,urb,sfh,perm,2085,44.616794444734495
C-WEU-GRC,urb,sfh,perm,2090,45.0418943580957
C-WEU-GRC,urb,sfh,perm,2095,45.41846067114936
C-WEU-GRC,urb,sfh,perm,2100,45.75152639239638
C-WEU-IRL,rur,mfh,perm,2020,26.0433568889188
C-WEU-IRL,rur,mfh,perm,2025,26.844591283208604
C-WEU-IRL,rur,mfh,perm,2030,26.792224516279614
C-WEU-IRL,rur,mfh,perm,2035,26.662936633823662
C-WEU-IRL,rur,mfh,perm,2040,26.45410183504235
C-WEU-IRL,rur,mfh,perm,2045,26.165078963726586
C-WEU-IRL,rur,mfh,perm,2050,25.797064977371384
C-WEU-IRL,rur,mfh,perm,2055,26.280383744183723
C-WEU-IRL,rur,mfh,perm,2060,26.722762038958543
C-WEU-IRL,rur,mfh,perm,2065,27.124895810834094
C-WEU-IRL,rur,mfh,perm,2070,27.488265773735645
C-WEU-IRL,rur,mfh,perm,2075,27.814938005476314
C-WEU-IRL,rur,mfh,perm,2080,28.107375718794504
C-WEU-IRL,rur,mfh,perm,2085,28.368273599261013
C-WEU-IRL,rur,mfh,perm,2090,28.60042052502608
C-WEU-IRL,rur,mfh,perm,2095,28.806592076713116
C-WEU-IRL,rur,mfh,perm,2100,28.989471203664728
C-WEU-IRL,rur,sfh,perm,2020,43.53812696659123
C-WEU-IRL,rur,sfh,perm,2025,44.87759502892203
C-WEU-IRL,rur,sfh,perm,2030,44.79005059457322
C-WEU-IRL,rur,sfh,perm,2035,44.573912856814694
C-WEU-IRL,rur,sfh,perm,2040,44.22479211853337
C-WEU-IRL,rur,sfh,perm,2045,43.74161652326484
C-WEU-IRL,rur,sfh,perm,2050,43.1263870913696
C-WEU-IRL,rur,sfh,perm,2055,43.93437793235697
C-WEU-IRL,rur,sfh,perm,2060,44.67392631113626
C-WEU-IRL,rur,sfh,perm,2065,45.34619568455646
C-WEU-IRL,rur,sfh,perm,2070,45.95366144437119
C-WEU-IRL,rur,sfh,perm,2075,46.499777567674656
C-WEU-IRL,rur,sfh,perm,2080,46.988661944084846
C-WEU-IRL,rur,sfh,perm,2085,47.42481942921682
C-WEU-IRL,rur,sfh,perm,2090,47.81291234565509
C-WEU-IRL,rur,sfh,perm,2095,48.15758078576961
C-WEU-IRL,rur,sfh,perm,2100,48.463309985070595
C-WEU-IRL,urb,mfh,perm,2020,23.70362431575509
C-WEU-IRL,urb,mfh,perm,2025,24.432875892351507
C-WEU-IRL,urb,mfh,perm,2030,24.385213750515884
C-WEU-IRL,urb,mfh,perm,2035,24.26754107846417
C-WEU-IRL,urb,mfh,perm,2040,24.07746797707858
C-WEU-IRL,urb,mfh,perm,2045,23.814410891559596
C-WEU-IRL,urb,mfh,perm,2050,23.479459244860827
C-WEU-IRL,urb,mfh,perm,2055,23.919356702094856
C-WEU-IRL,urb,mfh,perm,2060,24.32199177519668
C-WEU-IRL,urb,mfh,perm,2065,24.687997889303706
C-WEU-IRL,urb,mfh,perm,2070,25.018722731150532
C-WEU-IRL,urb,mfh,perm,2075,25.316046762326593
C-WEU-IRL,urb,mfh,perm,2080,25.5822119007847
C-WEU-IRL,urb,mfh,perm,2085,25.819670741813983
C-WEU-IRL,urb,mfh,perm,2090,26.030961611031163
C-WEU-IRL,urb,mfh,perm,2095,26.21861073117454
C-WEU-IRL,urb,mfh,perm,2100,26.385060015686676
C-WEU-IRL,urb,sfh,perm,2020,41.40769022443225
C-WEU-IRL,urb,sfh,perm,2025,42.681614539850656
C-WEU-IRL,urb,sfh,perm,2030,42.59835388830335
C-WEU-IRL,urb,sfh,perm,2035,42.392792346857554
C-WEU-IRL,urb,sfh,perm,2040,42.06075501799471
C-WEU-IRL,urb,sfh,perm,2045,41.60122249404765
C-WEU-IRL,urb,sfh,perm,2050,41.01609788011054
C-WEU-IRL,urb,sfh,perm,2055,41.78455157297282
C-WEU-IRL,urb,sfh,perm,2060,42.48791187595444
C-WEU-IRL,urb,sfh,perm,2065,43.12728531485588
C-WEU-IRL,urb,sfh,perm,2070,43.705026153906196
C-WEU-IRL,urb,sfh,perm,2075,44.2244193578828
C-WEU-IRL,urb,sfh,perm,2080,44.689381317075295
C-WEU-IRL,urb,sfh,perm,2085,45.104196452491436
C-WEU-IRL,urb,sfh,perm,2090,45.47329894682942
C-WEU-IRL,urb,sfh,perm,2095,45.801101840356544
C-WEU-IRL,urb,sfh,perm,2100,46.09187089403985
C-WEU-ISL,rur,mfh,perm,2020,29.49861631307686
C-WEU-ISL,rur,mfh,perm,2025,30.140806738980352
C-WEU-ISL,rur,mfh,perm,2030,29.82775409571054
C-WEU-ISL,rur,mfh,perm,2035,29.447980726120694
C-WEU-ISL,rur,mfh,perm,2040,29.00225977101093
C-WEU-ISL,rur,mfh,perm,2045,28.49136670750898
C-WEU-ISL,rur,mfh,perm,2050,27.91693216701929
C-WEU-ISL,rur,mfh,perm,2055,28.27972483526572
C-WEU-ISL,rur,mfh,perm,2060,28.6084229950427
C-WEU-ISL,rur,mfh,perm,2065,28.90377980138003
C-WEU-ISL,rur,mfh,perm,2070,29.16718705745448
C-WEU-ISL,rur,mfh,perm,2075,29.400514644838513
C-WEU-ISL,rur,mfh,perm,2080,29.60595278475673
C-WEU-ISL,rur,mfh,perm,2085,29.78587113896358
C-WEU-ISL,rur,mfh,perm,2090,29.94270169529675
C-WEU-ISL,rur,mfh,perm,2095,30.07884744004972
C-WEU-ISL,rur,mfh,perm,2100,30.19661563174313
C-WEU-ISL,rur,sfh,perm,2020,49.31447615817772
C-WEU-ISL,rur,sfh,perm,2025,50.388061580324745
C-WEU-ISL,rur,sfh,perm,2030,49.86471407992216
C-WEU-ISL,rur,sfh,perm,2035,49.22982583359289
C-WEU-ISL,rur,sfh,perm,2040,48.484689343776715
C-WEU-ISL,rur,sfh,perm,2045,47.63060101868207
C-WEU-ISL,rur,sfh,perm,2050,46.6702868754436
C-WEU-ISL,rur,sfh,perm,2055,47.27678753970253
C-WEU-ISL,rur,sfh,perm,2060,47.826290519487145
C-WEU-ISL,rur,sfh,perm,2065,48.32005490591433
C-WEU-ISL,rur,sfh,perm,2070,48.760407453698626
C-WEU-ISL,rur,sfh,perm,2075,49.15047414777587
C-WEU-ISL,rur,sfh,perm,2080,49.49391650268004
C-WEU-ISL,rur,sfh,perm,2085,49.79469601365048
C-WEU-ISL,rur,sfh,perm,2090,50.05687836990349
C-WEU-ISL,rur,sfh,perm,2095,50.284480777162216
C-WEU-ISL,rur,sfh,perm,2100,50.48136040771225
C-WEU-ISL,urb,mfh,perm,2020,26.848463579489305
C-WEU-ISL,urb,mfh,perm,2025,27.432959681881854
C-WEU-ISL,urb,mfh,perm,2030,27.14803165671322
C-WEU-ISL,urb,mfh,perm,2035,26.802377088591236
C-WEU-ISL,urb,mfh,perm,2040,26.396699659424
C-WEU-ISL,urb,mfh,perm,2045,25.9317051775518
C-WEU-ISL,urb,mfh,perm,2050,25.408877778617114
C-WEU-ISL,urb,mfh,perm,2055,25.739077189902797
C-WEU-ISL,urb,mfh,perm,2060,26.038245139943395
C-WEU-ISL,urb,mfh,perm,2065,26.30706712039631
C-WEU-ISL,urb,mfh,perm,2070,26.54680989498039
C-WEU-ISL,urb,mfh,perm,2075,26.759175355294985
C-WEU-ISL,urb,mfh,perm,2080,26.946156953309373
C-WEU-ISL,urb,mfh,perm,2085,27.10991146060342
C-WEU-ISL,urb,mfh,perm,2090,27.252652375471207
C-WEU-ISL,urb,mfh,perm,2095,27.376566800158383
C-WEU-ISL,urb,mfh,perm,2100,27.48375470931129
C-WEU-ISL,urb,sfh,perm,2020,46.90138723479975
C-WEU-ISL,urb,sfh,perm,2025,47.92243925717643
C-WEU-ISL,urb,sfh,perm,2030,47.42470054661982
C-WEU-ISL,urb,sfh,perm,2035,46.820879076502194
C-WEU-ISL,urb,sfh,perm,2040,46.11220410366964
C-WEU-ISL,urb,sfh,perm,2045,45.29990859961727
C-WEU-ISL,urb,sfh,perm,2050,44.38658519018643
C-WEU-ISL,urb,sfh,perm,2055,44.96340815838204
C-WEU-ISL,urb,sfh,perm,2060,45.4860224909137
C-WEU-ISL,urb,sfh,perm,2065,45.95562566820984
C-WEU-ISL,urb,sfh,perm,2070,46.374430590667416
C-WEU-ISL,urb,sfh,perm,2075,46.74541028043709
C-WEU-ISL,urb,sfh,perm,2080,47.07204708437526
C-WEU-ISL,urb,sfh,perm,2085,47.358108651187194
C-WEU-ISL,urb,sfh,perm,2090,47.6074617250658
C-WEU-ISL,urb,sfh,perm,2095,47.82392693913751
C-WEU-ISL,urb,sfh,perm,2100,48.01117272395441
C-WEU-ITA,rur,mfh,perm,2020,31.290486328826997
C-WEU-ITA,rur,mfh,perm,2025,31.622773275323276
C-WEU-ITA,rur,mfh,perm,2030,30.988669183514315
C-WEU-ITA,rur,mfh,perm,2035,30.325263529501402
C-WEU-ITA,rur,mfh,perm,2040,29.63156476646188
C-WEU-ITA,rur,mfh,perm,2045,28.907220703404377
C-WEU-ITA,rur,mfh,perm,2050,28.152479177666702
C-WEU-ITA,rur,mfh,perm,2055,28.369386174625166
C-WEU-ITA,rur,mfh,perm,2060,28.572187281302533
C-WEU-ITA,rur,mfh,perm,2065,28.760918640242263
C-WEU-ITA,rur,mfh,perm,2070,28.935877230552542
C-WEU-ITA,rur,mfh,perm,2075,29.0975618353186
C-WEU-ITA,rur,mfh,perm,2080,29.24661654905926
C-WEU-ITA,rur,mfh,perm,2085,29.383780329750028
C-WEU-ITA,rur,mfh,perm,2090,29.50984446470456
C-WEU-ITA,rur,mfh,perm,2095,29.62561851856923
C-WEU-ITA,rur,mfh,perm,2100,29.731904421613823
C-WEU-ITA,rur,sfh,perm,2020,52.31004483951587
C-WEU-ITA,rur,sfh,perm,2025,52.86554739349161
C-WEU-ITA,rur,sfh,perm,2030,51.80548034541608
C-WEU-ITA,rur,sfh,perm,2035,50.69642824748709
C-WEU-ITA,rur,sfh,perm,2040,49.53673347577996
C-WEU-ITA,rur,sfh,perm,2045,48.32580725304282
C-WEU-ITA,rur,sfh,perm,2050,47.064063902725806
C-WEU-ITA,rur,sfh,perm,2055,47.42667938328001
C-WEU-ITA,rur,sfh,perm,2060,47.76571326317286
C-WEU-ITA,rur,sfh,perm,2065,48.08122596390275
C-WEU-ITA,rur,sfh,perm,2070,48.37371396194826
C-WEU-ITA,rur,sfh,perm,2075,48.64401110071086
C-WEU-ITA,rur,sfh,perm,2080,48.89319414879061
C-WEU-ITA,rur,sfh,perm,2085,49.12249846329983
C-WEU-ITA,rur,sfh,perm,2090,49.33324688321336
C-WEU-ITA,rur,sfh,perm,2095,49.526792802738875
C-WEU-ITA,rur,sfh,perm,2100,49.70447685327244
C-WEU-ITA,urb,mfh,perm,2020,28.47935217258307
C-WEU-ITA,urb,mfh,perm,2025,28.781786493103745
C-WEU-ITA,urb,mfh,perm,2030,28.204650249360977
C-WEU-ITA,urb,mfh,perm,2035,27.60084489282643
C-WEU-ITA,urb,mfh,perm,2040,26.969467957144637
C-WEU-ITA,urb,mfh,perm,2045,26.310198892127598
C-WEU-ITA,urb,mfh,perm,2050,25.623263269431522
C-WEU-ITA,urb,mfh,perm,2055,25.820683363518928
C-WEU-ITA,urb,mfh,perm,2060,26.00526483909456
C-WEU-ITA,urb,mfh,perm,2065,26.17704059165942
C-WEU-ITA,urb,mfh,perm,2070,26.336280919748365
C-WEU-ITA,urb,mfh,perm,2075,26.48343979582424
C-WEU-ITA,urb,mfh,perm,2080,26.619103449018823
C-WEU-ITA,urb,mfh,perm,2085,26.743944449397155
C-WEU-ITA,urb,mfh,perm,2090,26.85868299509993
C-WEU-ITA,urb,mfh,perm,2095,26.964055919566814
C-WEU-ITA,urb,mfh,perm,2100,27.060793107732504
C-WEU-ITA,urb,sfh,perm,2020,49.75037474632139
C-WEU-ITA,urb,sfh,perm,2025,50.278695077868015
C-WEU-ITA,urb,sfh,perm,2030,49.270499939443184
C-WEU-ITA,urb,sfh,perm,2035,48.21571672038005
C-WEU-ITA,urb,sfh,perm,2040,47.112768908716255
C-WEU-ITA,urb,sfh,perm,2045,45.9610965376421
C-WEU-ITA,urb,sfh,perm,2050,44.761093656655646
C-WEU-ITA,urb,sfh,perm,2055,45.10596539403869
C-WEU-ITA,urb,sfh,perm,2060,45.428409441412676
C-WEU-ITA,urb,sfh,perm,2065,45.728483263690855
C-WEU-ITA,urb,sfh,perm,2070,46.00665904343274
C-WEU-ITA,urb,sfh,perm,2075,46.26372982185691
C-WEU-ITA,urb,sfh,perm,2080,46.50071967840228
C-WEU-ITA,urb,sfh,perm,2085,46.718803520860845
C-WEU-ITA,urb,sfh,perm,2090,46.9192394581662
C-WEU-ITA,urb,sfh,perm,2095,47.10331465933564
C-WEU-ITA,urb,sfh,perm,2100,47.27230415509326
C-WEU-LUX,rur,mfh,perm,2020,29.795563939280772
C-WEU-LUX,rur,mfh,perm,2025,29.916472405445823
C-WEU-LUX,rur,mfh,perm,2030,29.12684651191888
C-WEU-LUX,rur,mfh,perm,2035,28.321692522905543
C-WEU-LUX,rur,mfh,perm,2040,27.502203776317067
C-WEU-LUX,rur,mfh,perm,2045,26.669592985060053
C-WEU-LUX,rur,mfh,perm,2050,25.825062847902572
C-WEU-LUX,rur,mfh,perm,2055,25.883310876428926
C-WEU-LUX,rur,mfh,perm,2060,25.935617508706823
C-WEU-LUX,rur,mfh,perm,2065,25.98245533565317
C-WEU-LUX,rur,mfh,perm,2070,26.02428877202171
C-WEU-LUX,rur,mfh,perm,2075,26.061566607378627
C-WEU-LUX,rur,mfh,perm,2080,26.094716546614883
C-WEU-LUX,rur,mfh,perm,2085,26.124141475065038
C-WEU-LUX,rur,mfh,perm,2090,26.15021716900644
C-WEU-LUX,rur,mfh,perm,2095,26.173291179504165
C-WEU-LUX,rur,mfh,perm,2100,26.193682638676126
C-WEU-LUX,rur,sfh,perm,2020,49.81090000657934
C-WEU-LUX,rur,sfh,perm,2025,50.01302940847183
C-WEU-LUX,rur,sfh,perm,2030,48.69296792196232
C-WEU-LUX,rur,sfh,perm,2035,47.346947255316394
C-WEU-LUX,rur,sfh,perm,2040,45.9769623778353
C-WEU-LUX,rur,sfh,perm,2045,44.58504064907666
C-WEU-LUX,rur,sfh,perm,2050,43.17319268740625
C-WEU-LUX,rur,sfh,perm,2055,43.27056915359495
C-WEU-LUX,rur,sfh,perm,2060,43.358013057505765
C-WEU-LUX,rur,sfh,perm,2065,43.43631445563687
C-WEU-LUX,rur,sfh,perm,2070,43.50624973594004
C-WEU-LUX,rur,sfh,perm,2075,43.56856916487279
C-WEU-LUX,rur,sfh,perm,2080,43.62398776046931
C-WEU-LUX,rur,sfh,perm,2085,43.67317904853214
C-WEU-LUX,rur,sfh,perm,2090,43.71677123514637
C-WEU-LUX,rur,sfh,perm,2095,43.75534534074126
C-WEU-LUX,rur,sfh,perm,2100,43.7894348762128
C-WEU-LUX,urb,mfh,perm,2020,27.118733460711415
C-WEU-LUX,urb,mfh,perm,2025,27.22877952239212
C-WEU-LUX,urb,mfh,perm,2030,26.510093540013294
C-WEU-LUX,urb,mfh,perm,2035,25.77727450469053
C-WEU-LUX,urb,mfh,perm,2040,25.031408544976742
C-WEU-LUX,urb,mfh,perm,2045,24.27359942377249
C-WEU-LUX,urb,mfh,perm,2050,23.50494178950909
C-WEU-LUX,urb,mfh,perm,2055,23.55795682098952
C-WEU-LUX,urb,mfh,perm,2060,23.605564230665074
C-WEU-LUX,urb,mfh,perm,2065,23.648194151932064
C-WEU-LUX,urb,mfh,perm,2070,23.68626927656927
C-WEU-LUX,urb,mfh,perm,2075,23.720198074933236
C-WEU-LUX,urb,mfh,perm,2080,23.750369826950372
C-WEU-LUX,urb,mfh,perm,2085,23.77715122277717
C-WEU-LUX,urb,mfh,perm,2090,23.800884278987844
C-WEU-LUX,urb,mfh,perm,2095,23.821885322694648
C-WEU-LUX,urb,mfh,perm,2100,23.840444815217975
C-WEU-LUX,urb,sfh,perm,2020,47.37351973949865
C-WEU-LUX,urb,sfh,perm,2025,47.5657584103362
C-WEU-LUX,urb,sfh,perm,2030,46.31029105519404
C-WEU-LUX,urb,sfh,perm,2035,45.03013477187652
C-WEU-LUX,urb,sfh,perm,2040,43.72718691051299
C-WEU-LUX,urb,sfh,perm,2045,42.40337562654753
C-WEU-LUX,urb,sfh,perm,2050,41.06061315342359
C-WEU-LUX,urb,sfh,perm,2055,41.153224729254255
C-WEU-LUX,urb,sfh,perm,2060,41.2363897695862
C-WEU-LUX,urb,sfh,perm,2065,41.31085967134474
C-WEU-LUX,urb,sfh,perm,2070,41.377372831747216
C-WEU-LUX,urb,sfh,perm,2075,41.43664280471116
C-WEU-LUX,urb,sfh,perm,2080,41.4893496205302
C-WEU-LUX,urb,sfh,perm,2085,41.536133847591906
C-WEU-LUX,urb,sfh,perm,2090,41.57759295218114
C-WEU-LUX,urb,sfh,perm,2095,41.614279523847024
C-WEU-LUX,urb,sfh,perm,2100,41.646700967373604
C-WEU-MLT,rur,mfh,perm,2020,24.52503048012689
C-WEU-MLT,rur,mfh,perm,2025,24.576856941932466
C-WEU-MLT,rur,mfh,perm,2030,23.876187017130597
C-WEU-MLT,rur,mfh,perm,2035,23.16455281653882
C-WEU-MLT,rur,mfh,perm,2040,22.445371593976883
C-WEU-MLT,rur,mfh,perm,2045,21.720796140782966
C-WEU-MLT,rur,mfh,perm,2050,20.99225106263734
C-WEU-MLT,rur,mfh,perm,2055,21.001962394836067
C-WEU-MLT,rur,mfh,perm,2060,21.00994410469355
C-WEU-MLT,rur,mfh,perm,2065,21.016559097010635
C-WEU-MLT,rur,mfh,perm,2070,21.022079225452483
C-WEU-MLT,rur,mfh,perm,2075,21.026712136074547
C-WEU-MLT,rur,mfh,perm,2080,21.03061909793115
C-WEU-MLT,rur,mfh,perm,2085,21.033927173501894
C-WEU-MLT,rur,mfh,perm,2090,21.036737726558183
C-WEU-MLT,rur,mfh,perm,2095,21.03913249702764
C-WEU-MLT,rur,mfh,perm,2100,21.041178021580603
C-WEU-MLT,rur,sfh,perm,2020,40.999856334096926
C-WEU-MLT,rur,sfh,perm,2025,41.086497510345616
C-WEU-MLT,rur,sfh,perm,2030,39.91514866012595
C-WEU-MLT,rur,sfh,perm,2035,38.72547022077251
C-WEU-MLT,rur,sfh,perm,2040,37.523175005396006
C-WEU-MLT,rur,sfh,perm,2045,36.311861954909226
C-WEU-MLT,rur,sfh,perm,2050,35.09391266179464
C-WEU-MLT,rur,sfh,perm,2055,35.11014763549969
C-WEU-MLT,rur,sfh,perm,2060,35.12349110342005
C-WEU-MLT,rur,sfh,perm,2065,35.13454975367826
C-WEU-MLT,rur,sfh,perm,2070,35.14377805915356
C-WEU-MLT,rur,sfh,perm,2075,35.15152315329593
C-WEU-MLT,rur,sfh,perm,2080,35.158054638545394
C-WEU-MLT,rur,sfh,perm,2085,35.16358493231007
C-WEU-MLT,rur,sfh,perm,2090,35.16828349003952
C-WEU-MLT,rur,sfh,perm,2095,35.172286960913105
C-WEU-MLT,rur,sfh,perm,2100,35.17570657798013
C-WEU-MLT,urb,mfh,perm,2020,22.32170419938152
C-WEU-MLT,urb,mfh,perm,2025,22.368874577051873
C-WEU-MLT,urb,mfh,perm,2030,21.731152768081913
C-WEU-MLT,urb,mfh,perm,2035,21.083451712760294
C-WEU-MLT,urb,mfh,perm,2040,20.42888165916605
C-WEU-MLT,urb,mfh,perm,2045,19.76940199207926
C-WEU-MLT,urb,mfh,perm,2050,19.10630933074864
C-WEU-MLT,urb,mfh,perm,2055,19.115148197835786
C-WEU-MLT,urb,mfh,perm,2060,19.12241283167949
C-WEU-MLT,urb,mfh,perm,2065,19.128433533749686
C-WEU-MLT,urb,mfh,perm,2070,19.13345773440547
C-WEU-MLT,urb,mfh,perm,2075,19.137674424801506
C-WEU-MLT,urb,mfh,perm,2080,19.14123038559641
C-WEU-MLT,urb,mfh,perm,2085,19.144241263989375
C-WEU-MLT,urb,mfh,perm,2090,19.146799317240728
C-WEU-MLT,urb,mfh,perm,2095,19.14897894177118
C-WEU-MLT,urb,mfh,perm,2100,19.15084069660328
C-WEU-MLT,urb,sfh,perm,2020,38.99362394783867
C-WEU-MLT,urb,sfh,perm,2025,39.07602554011522
C-WEU-MLT,urb,sfh,perm,2030,37.96199391510161
C-WEU-MLT,urb,sfh,perm,2035,36.83052961666649
C-WEU-MLT,urb,sfh,perm,2040,35.68706591472935
C-WEU-MLT,urb,sfh,perm,2045,34.53502564441968
C-WEU-MLT,urb,sfh,perm,2050,33.37667386054405
C-WEU-MLT,urb,sfh,perm,2055,33.39211441365964
C-WEU-MLT,urb,sfh,perm,2060,33.40480495008508
C-WEU-MLT,urb,sfh,perm,2065,33.41532247107408
C-WEU-MLT,urb,sfh,perm,2070,33.42409921093498
C-WEU-MLT,urb,sfh,perm,2075,33.43146531695175
C-WEU-MLT,urb,sfh,perm,2080,33.43767719919745
C-WEU-MLT,urb,sfh,perm,2085,33.442936880929594
C-WEU-MLT,urb,sfh,perm,2090,33.44740552569036
C-WEU-MLT,urb,sfh,perm,2095,33.451213096050076
C-WEU-MLT,urb,sfh,perm,2100,33.45446538212812
C-WEU-NLD,rur,mfh,perm,2020,31.065194892540507
C-WEU-NLD,rur,mfh,perm,2025,31.52521836668468
C-WEU-NLD,rur,mfh,perm,2030,31.01334186329097
C-WEU-NLD,rur,mfh,perm,2035,30.458337574186658
C-WEU-NLD,rur,mfh,perm,2040,29.8582247508425
C-WEU-NLD,rur,mfh,perm,2045,29.212233289227076
C-WEU-NLD,rur,mfh,perm,2050,28.520724446584016
C-WEU-NLD,rur,mfh,perm,2055,28.801570465572205
C-WEU-NLD,rur,mfh,perm,2060,29.05852596929987
C-WEU-NLD,rur,mfh,perm,2065,29.291818623468053
C-WEU-NLD,rur,mfh,perm,2070,29.502166127850924
C-WEU-NLD,rur,mfh,perm,2075,29.690659854260726
C-WEU-NLD,rur,mfh,perm,2080,29.858653813610143
C-WEU-NLD,rur,mfh,perm,2085,30.007665766298015
C-WEU-NLD,rur,mfh,perm,2090,30.139294112823013
C-WEU-NLD,rur,mfh,perm,2095,30.255151666546112
C-WEU-NLD,rur,mfh,perm,2100,30.35681562985089
C-WEU-NLD,rur,sfh,perm,2020,51.933412625805346
C-WEU-NLD,rur,sfh,perm,2025,52.70245943149664
C-WEU-NLD,rur,sfh,perm,2030,51.8467270352842
C-WEU-NLD,rur,sfh,perm,2035,50.91889552304517
C-WEU-NLD,rur,sfh,perm,2040,49.91565356739104
C-WEU-NLD,rur,sfh,perm,2045,48.83571374261701
C-WEU-NLD,rur,sfh,perm,2050,47.67967998253272
C-WEU-NLD,rur,sfh,perm,2055,48.1491858793694
C-WEU-NLD,rur,sfh,perm,2060,48.57875267422523
C-WEU-NLD,rur,sfh,perm,2065,48.96876096850427
C-WEU-NLD,rur,sfh,perm,2070,49.32041058080228
C-WEU-NLD,rur,sfh,perm,2075,49.63552601802641
C-WEU-NLD,rur,sfh,perm,2080,49.91637085546316
C-WEU-NLD,rur,sfh,perm,2085,50.16548241751469
C-WEU-NLD,rur,sfh,perm,2090,50.38553283911937
C-WEU-NLD,rur,sfh,perm,2095,50.5792183499984
C-WEU-NLD,rur,sfh,perm,2100,50.7491756470231
C-WEU-NLD,urb,mfh,perm,2020,28.274300896356692
C-WEU-NLD,urb,mfh,perm,2025,28.6929959076815
C-WEU-NLD,urb,mfh,perm,2030,28.227106338058874
C-WEU-NLD,urb,mfh,perm,2035,27.721963578672167
C-WEU-NLD,urb,mfh,perm,2040,27.175764831241512
C-WEU-NLD,urb,mfh,perm,2045,26.587809177804502
C-WEU-NLD,urb,mfh,perm,2050,25.95842542029019
C-WEU-NLD,urb,mfh,perm,2055,26.21404026107533
C-WEU-NLD,urb,mfh,perm,2060,26.447910908096944
C-WEU-NLD,urb,mfh,perm,2065,26.66024457359231
C-WEU-NLD,urb,mfh,perm,2070,26.85169447925979
C-WEU-NLD,urb,mfh,perm,2075,27.0232539481774
C-WEU-NLD,urb,mfh,perm,2080,27.176155347053104
C-WEU-NLD,urb,mfh,perm,2085,27.311780080843597
C-WEU-NLD,urb,mfh,perm,2090,27.43158294990692
C-WEU-NLD,urb,mfh,perm,2095,27.537031872613312
C-WEU-NLD,urb,mfh,perm,2100,27.629562355642275
C-WEU-NLD,urb,sfh,perm,2020,49.39217215194164
C-WEU-NLD,urb,sfh,perm,2025,50.12358744508435
C-WEU-NLD,urb,sfh,perm,2030,49.3097283187015
C-WEU-NLD,urb,sfh,perm,2035,48.4272980784493
C-WEU-NLD,urb,sfh,perm,2040,47.473147429025246
C-WEU-NLD,urb,sfh,perm,2045,46.44605194190004
C-WEU-NLD,urb,sfh,perm,2050,45.34658599879025
C-WEU-NLD,urb,sfh,perm,2055,45.793117719129896
C-WEU-NLD,urb,sfh,perm,2060,46.20166466433361
C-WEU-NLD,urb,sfh,perm,2065,46.572588811963065
C-WEU-NLD,urb,sfh,perm,2070,46.90703127028818
C-WEU-NLD,urb,sfh,perm,2075,47.2067272682241
C-WEU-NLD,urb,sfh,perm,2080,47.47382961827777
C-WEU-NLD,urb,sfh,perm,2085,47.71075148679706
C-WEU-NLD,urb,sfh,perm,2090,47.920034254026675
C-WEU-NLD,urb,sfh,perm,2095,48.10424221597214
C-WEU-NLD,urb,sfh,perm,2100,48.265883048890416
C-WEU-NOR,rur,mfh,perm,2020,28.22339642523014
C-WEU-NOR,rur,mfh,perm,2025,28.9228818943938
C-WEU-NOR,rur,mfh,perm,2030,28.705590469499334
C-WEU-NOR,rur,mfh,perm,2035,28.416615686749928
C-WEU-NOR,rur,mfh,perm,2040,28.055400675843778
C-WEU-NOR,rur,mfh,perm,2045,27.622646525036263
C-WEU-NOR,rur,mfh,perm,2050,27.120328101407765
C-WEU-NOR,rur,mfh,perm,2055,27.52296573749906
C-WEU-NOR,rur,mfh,perm,2060,27.889051744524718
C-WEU-NOR,rur,mfh,perm,2065,28.21953205229438
C-WEU-NOR,rur,mfh,perm,2070,28.51597350174224
C-WEU-NOR,rur,mfh,perm,2075,28.780401439403366
C-WEU-NOR,rur,mfh,perm,2080,29.015143911756212
C-WEU-NOR,rur,mfh,perm,2085,29.22269370813796
C-WEU-NOR,rur,mfh,perm,2090,29.40559406396396
C-WEU-NOR,rur,mfh,perm,2095,29.566349638930728
C-WEU-NOR,rur,mfh,perm,2100,29.707361528164025
C-WEU-NOR,rur,sfh,perm,2020,47.18262020641997
C-WEU-NOR,rur,sfh,perm,2025,48.35198893632787
C-WEU-NOR,rur,sfh,perm,2030,47.98873078623002
C-WEU-NOR,rur,sfh,perm,2035,47.50563558329019
C-WEU-NOR,rur,sfh,perm,2040,46.901772376479
C-WEU-NOR,rur,sfh,perm,2045,46.17831321399316
C-WEU-NOR,rur,sfh,perm,2050,45.338559590876294
C-WEU-NOR,rur,sfh,perm,2055,46.01167130210618
C-WEU-NOR,rur,sfh,perm,2060,46.62367762381646
C-WEU-NOR,rur,sfh,perm,2065,47.176159919436195
C-WEU-NOR,rur,sfh,perm,2070,47.67173756402597
C-WEU-NOR,rur,sfh,perm,2075,48.113796441939
C-WEU-NOR,rur,sfh,perm,2080,48.50622847784518
C-WEU-NOR,rur,sfh,perm,2085,48.853201006206284
C-WEU-NOR,rur,sfh,perm,2090,49.15896569499628
C-WEU-NOR,rur,sfh,perm,2095,49.427709723016285
C-WEU-NOR,rur,sfh,perm,2100,49.663447134419286
C-WEU-NOR,urb,mfh,perm,2020,25.68780931858029
C-WEU-NOR,urb,mfh,perm,2025,26.324453083287892
C-WEU-NOR,urb,mfh,perm,2030,26.126683098231737
C-WEU-NOR,urb,mfh,perm,2035,25.863669781007136
C-WEU-NOR,urb,mfh,perm,2040,25.534906290484386
C-WEU-NOR,urb,mfh,perm,2045,25.14103072922025
C-WEU-NOR,urb,mfh,perm,2050,24.683840542434528
C-WEU-NOR,urb,mfh,perm,2055,25.050305253646645
C-WEU-NOR,urb,mfh,perm,2060,25.383502130485635
C-WEU-NOR,urb,mfh,perm,2065,25.684292120521842
C-WEU-NOR,urb,mfh,perm,2070,25.954101299856934
C-WEU-NOR,urb,mfh,perm,2075,26.194773058096207
C-WEU-NOR,urb,mfh,perm,2080,26.40842629025581
C-WEU-NOR,urb,mfh,perm,2085,26.59732983372864
C-WEU-NOR,urb,mfh,perm,2090,26.7637984399152
C-WEU-NOR,urb,mfh,perm,2095,26.91011175013585
C-WEU-NOR,urb,mfh,perm,2100,27.03845514537086
C-WEU-NOR,urb,sfh,perm,2020,44.873848684020246
C-WEU-NOR,urb,sfh,perm,2025,45.98599708129326
C-WEU-NOR,urb,sfh,perm,2030,45.64051412190242
C-WEU-NOR,urb,sfh,perm,2035,45.181058056472885
C-WEU-NOR,urb,sfh,perm,2040,44.60674348789356
C-WEU-NOR,urb,sfh,perm,2045,43.91868511291505
C-WEU-NOR,urb,sfh,perm,2050,43.120022875617835
C-WEU-NOR,urb,sfh,perm,2055,43.76019743449199
C-WEU-NOR,urb,sfh,perm,2060,44.34225665362698
C-WEU-NOR,urb,sfh,perm,2065,44.86770451611908
C-WEU-NOR,urb,sfh,perm,2070,45.33903222401689
C-WEU-NOR,urb,sfh,perm,2075,45.759459981316326
C-WEU-NOR,urb,sfh,perm,2080,46.13268927042691
C-WEU-NOR,urb,sfh,perm,2085,46.46268350701382
C-WEU-NOR,urb,sfh,perm,2090,46.75348631359072
C-WEU-NOR,urb,sfh,perm,2095,47.00907997912571
C-WEU-NOR,urb,sfh,perm,2100,47.233282129879115
C-WEU-PRT,rur,mfh,perm,2020,30.910863585387244
C-WEU-PRT,rur,mfh,perm,2025,31.298672228488243
C-WEU-PRT,rur,mfh,perm,2030,30.71505183702855
C-WEU-PRT,rur,mfh,perm,2035,30.088526314567794
C-WEU-PRT,rur,mfh,perm,2040,29.420695043250724
C-WEU-PRT,rur,mfh,perm,2045,28.713510802568663
C-WEU-PRT,rur,mfh,perm,2050,27.96922306491342
C-WEU-PRT,rur,mfh,perm,2055,28.185076730771602
C-WEU-PRT,rur,mfh,perm,2060,28.38289634539663
C-WEU-PRT,rur,mfh,perm,2065,28.563565505881293
C-WEU-PRT,rur,mfh,perm,2070,28.72810893776311
C-WEU-PRT,rur,mfh,perm,2075,28.87764387495862
C-WEU-PRT,rur,mfh,perm,2080,29.013334980610157
C-WEU-PRT,rur,mfh,perm,2085,29.136355411765965
C-WEU-PRT,rur,mfh,perm,2090,29.247855328747793
C-WEU-PRT,rur,mfh,perm,2095,29.34893808655965
C-WEU-PRT,rur,mfh,perm,2100,29.440643601081522
C-WEU-PRT,rur,sfh,perm,2020,51.67540840329216
C-WEU-PRT,rur,sfh,perm,2025,52.3237296628782
C-WEU-PRT,rur,sfh,perm,2030,51.34805902210627
C-WEU-PRT,rur,sfh,perm,2035,50.30066148955881
C-WEU-PRT,rur,sfh,perm,2040,49.18421084124648
C-WEU-PRT,rur,sfh,perm,2045,48.00197164716284
C-WEU-PRT,rur,sfh,perm,2050,46.7577044753107
C-WEU-PRT,rur,sfh,perm,2055,47.118559043729896
C-WEU-PRT,rur,sfh,perm,2060,47.44926508653236
C-WEU-PRT,rur,sfh,perm,2065,47.75129976208049
C-WEU-PRT,rur,sfh,perm,2070,48.026376161000364
C-WEU-PRT,rur,sfh,perm,2075,48.2763620253161
C-WEU-PRT,rur,sfh,perm,2080,48.503204387124214
C-WEU-PRT,rur,sfh,perm,2085,48.708864478255755
C-WEU-PRT,rur,sfh,perm,2090,48.89526508563616
C-WEU-PRT,rur,sfh,perm,2095,49.06425074914017
C-WEU-PRT,rur,sfh,perm,2100,49.21755995393354
C-WEU-PRT,urb,mfh,perm,2020,28.133834698372937
C-WEU-PRT,urb,mfh,perm,2025,28.486802651839035
C-WEU-PRT,urb,mfh,perm,2030,27.955614657865016
C-WEU-PRT,urb,mfh,perm,2035,27.38537612555964
C-WEU-PRT,urb,mfh,perm,2040,26.77754274873607
C-WEU-PRT,urb,mfh,perm,2045,26.133891869371798
C-WEU-PRT,urb,mfh,perm,2050,25.456470867484374
C-WEU-PRT,urb,mfh,perm,2055,25.652932261631992
C-WEU-PRT,urb,mfh,perm,2060,25.832979781902097
C-WEU-PRT,urb,mfh,perm,2065,25.9974176431132
C-WEU-PRT,urb,mfh,perm,2070,26.147178509563215
C-WEU-PRT,urb,mfh,perm,2075,26.28327924298559
C-WEU-PRT,urb,mfh,perm,2080,26.40677987330264
C-WEU-PRT,urb,mfh,perm,2085,26.51874816125096
C-WEU-PRT,urb,mfh,perm,2090,26.620230936864264
C-WEU-PRT,urb,mfh,perm,2095,26.712232429843546
C-WEU-PRT,urb,mfh,perm,2100,26.795699130130338
C-WEU-PRT,urb,sfh,perm,2020,49.14679276456883
C-WEU-PRT,urb,sfh,perm,2025,49.76338993475606
C-WEU-PRT,urb,sfh,perm,2030,48.83546146219779
C-WEU-PRT,urb,sfh,perm,2035,47.839315886095264
C-WEU-PRT,urb,sfh,perm,2040,46.77749614746348
C-WEU-PRT,urb,sfh,perm,2045,45.65310707217408
C-WEU-PRT,urb,sfh,perm,2050,44.469725213601734
C-WEU-PRT,urb,sfh,perm,2055,44.81292220497986
C-WEU-PRT,urb,sfh,perm,2060,45.127445918556695
C-WEU-PRT,urb,sfh,perm,2065,45.4147012313939
C-WEU-PRT,urb,sfh,perm,2070,45.6763174080215
C-WEU-PRT,urb,sfh,perm,2075,45.91407079686195
C-WEU-PRT,urb,sfh,perm,2080,46.12981315653526
C-WEU-PRT,urb,sfh,perm,2085,46.32540975056508
C-WEU-PRT,urb,sfh,perm,2090,46.502689278781276
C-WEU-PRT,urb,sfh,perm,2095,46.66340602280002
C-WEU-PRT,urb,sfh,perm,2100,46.80921339906836
C-WEU-SWE,rur,mfh,perm,2020,37.29251335666775
C-WEU-SWE,rur,mfh,perm,2025,37.413286117778746
C-WEU-SWE,rur,mfh,perm,2030,36.39729164108723
C-WEU-SWE,rur,mfh,perm,2035,35.365471468529826
C-WEU-SWE,rur,mfh,perm,2040,34.31969572333684
C-WEU-SWE,rur,mfh,perm,2045,33.26158217038849
C-WEU-SWE,rur,mfh,perm,2050,32.19253354639857
C-WEU-SWE,rur,mfh,perm,2055,32.25207789622007
C-WEU-SWE,rur,mfh,perm,2060,32.30683468628125
C-WEU-SWE,rur,mfh,perm,2065,32.35727605216194
C-WEU-SWE,rur,mfh,perm,2070,32.40381814738409
C-WEU-SWE,rur,mfh,perm,2075,32.44682874868024
C-WEU-SWE,rur,mfh,perm,2080,32.486633738416856
C-WEU-SWE,rur,mfh,perm,2085,32.523522634048966
C-WEU-SWE,rur,mfh,perm,2090,32.55775331067335
C-WEU-SWE,rur,mfh,perm,2095,32.589556041071894
C-WEU-SWE,rur,mfh,perm,2100,32.61913695851949
C-WEU-SWE,rur,sfh,perm,2020,62.343966960601215
C-WEU-SWE,rur,sfh,perm,2025,62.54586949681359
C-WEU-SWE,rur,sfh,perm,2030,60.847375070299314
C-WEU-SWE,rur,sfh,perm,2035,59.12242394855629
C-WEU-SWE,rur,sfh,perm,2040,57.37414252051325
C-WEU-SWE,rur,sfh,perm,2045,55.60523529362125
C-WEU-SWE,rur,sfh,perm,2050,53.818047300796195
C-WEU-SWE,rur,sfh,perm,2055,53.91759089933187
C-WEU-SWE,rur,sfh,perm,2060,54.00913086816673
C-WEU-SWE,rur,sfh,perm,2065,54.093456502586626
C-WEU-SWE,rur,sfh,perm,2070,54.17126350956024
C-WEU-SWE,rur,sfh,perm,2075,54.243166721889146
C-WEU-SWE,rur,sfh,perm,2080,54.309710935234946
C-WEU-SWE,rur,sfh,perm,2085,54.37138015201594
C-WEU-SWE,rur,sfh,perm,2090,54.428605476361874
C-WEU-SWE,rur,sfh,perm,2095,54.48177186807863
C-WEU-SWE,rur,sfh,perm,2100,54.53122393161695
C-WEU-SWE,urb,mfh,perm,2020,33.94215769369005
C-WEU-SWE,urb,mfh,perm,2025,34.052080242045164
C-WEU-SWE,urb,mfh,perm,2030,33.12736260732947
C-WEU-SWE,urb,mfh,perm,2035,32.18824105567861
C-WEU-SWE,urb,mfh,perm,2040,31.236417698639315
C-WEU-SWE,urb,mfh,perm,2045,30.273364961257055
C-WEU-SWE,urb,mfh,perm,2050,29.300359558519812
C-WEU-SWE,urb,mfh,perm,2055,29.35455444992013
C-WEU-SWE,urb,mfh,perm,2060,29.404391895449244
C-WEU-SWE,urb,mfh,perm,2065,29.450301614073823
C-WEU-SWE,urb,mfh,perm,2070,29.492662372125064
C-WEU-SWE,urb,mfh,perm,2075,29.531808905310747
C-WEU-SWE,urb,mfh,perm,2080,29.56803781875819
C-WEU-SWE,urb,mfh,perm,2085,29.601612619703236
C-WEU-SWE,urb,mfh,perm,2090,29.632768015769862
C-WEU-SWE,urb,mfh,perm,2095,29.66171359205626
C-WEU-SWE,urb,mfh,perm,2100,29.688636962844598
C-WEU-SWE,urb,sfh,perm,2020,59.29331028061291
C-WEU-SWE,urb,sfh,perm,2025,59.485333186913515
C-WEU-SWE,urb,sfh,perm,2030,57.86995062544054
C-WEU-SWE,urb,sfh,perm,2035,56.22940596544103
C-WEU-SWE,urb,sfh,perm,2040,54.566672613290066
C-WEU-SWE,urb,sfh,perm,2045,52.88432273767166
C-WEU-SWE,urb,sfh,perm,2050,51.184586622782966
C-WEU-SWE,urb,sfh,perm,2055,51.27925928739146
C-WEU-SWE,urb,sfh,perm,2060,51.366319961259585
C-WEU-SWE,urb,sfh,perm,2065,51.44651931734851
C-WEU-SWE,urb,sfh,perm,2070,51.52051901982827
C-WEU-SWE,urb,sfh,perm,2075,51.588903816090664
C-WEU-SWE,urb,sfh,perm,2080,51.65219184349171
C-WEU-SWE,urb,sfh,perm,2085,51.710843420919694
C-WEU-SWE,urb,sfh,perm,2090,51.76526855742884
C-WEU-SWE,urb,sfh,perm,2095,51.81583337571437
C-WEU-SWE,urb,sfh,perm,2100,51.86286561781163
R32ANUZ,rur,mfh,perm,2020,24.87373819651984
R32ANUZ,rur,mfh,perm,2025,24.95138328695401
R32ANUZ,rur,mfh,perm,2030,24.271565683654902
R32ANUZ,rur,mfh,perm,2035,23.58166173536068
R32ANUZ,rur,mfh,perm,2040,22.88271891291675
R32ANUZ,rur,mfh,perm,2045,22.175693583131586
R32ANUZ,rur,mfh,perm,2050,21.461387828841442
R32ANUZ,rur,mfh,perm,2055,21.49920054757064
R32ANUZ,rur,mfh,perm,2060,21.533296749029176
R32ANUZ,rur,mfh,perm,2065,21.563659621128306
R32ANUZ,rur,mfh,perm,2070,21.590600883673698
R32ANUZ,rur,mfh,perm,2075,21.614453830715103
R32ANUZ,rur,mfh,perm,2080,21.63554220080432
R32ANUZ,rur,mfh,perm,2085,21.654153863030345
R32ANUZ,rur,mfh,perm,2090,21.670440129709792
R32ANUZ,rur,mfh,perm,2095,21.684483937058864
R32ANUZ,rur,mfh,perm,2100,21.69660933724703
R32ANUZ,rur,sfh,perm,2020,65.5411668008226
R32ANUZ,rur,sfh,perm,2025,65.745758076295715
R32ANUZ,rur,sfh,perm,2030,63.954469666811846
R32ANUZ,rur,sfh,perm,2035,62.13660419784008
R32ANUZ,rur,sfh,perm,2040,60.2949217073311
R32ANUZ,rur,sfh,perm,2045,58.43194217824932
R32ANUZ,rur,sfh,perm,2050,56.54977906232218
R32ANUZ,rur,sfh,perm,2055,56.64941385327489
R32ANUZ,rur,sfh,perm,2060,56.73925579055881
R32ANUZ,rur,sfh,perm,2065,56.819260575086105
R32ANUZ,rur,sfh,perm,2070,56.89024957434153
R32ANUZ,rur,sfh,perm,2075,56.95310100295995
R32ANUZ,rur,sfh,perm,2080,57.00866789727454
R32ANUZ,rur,sfh,perm,2085,57.057708779218345
R32ANUZ,rur,sfh,perm,2090,57.10062234985123
R32ANUZ,rur,sfh,perm,2095,57.13762714232399
R32ANUZ,rur,sfh,perm,2100,57.169577019338085
R32ANUZ,urb,mfh,perm,2020,29.207514243852888
R32ANUZ,urb,mfh,perm,2025,29.291157634406535
R32ANUZ,urb,mfh,perm,2030,28.488217256835473
R32ANUZ,urb,mfh,perm,2035,27.675316500112686
R32ANUZ,urb,mfh,perm,2040,26.853009365765978
R32ANUZ,urb,mfh,perm,2045,26.021954501437918
R32ANUZ,urb,mfh,perm,2050,25.182799611052996
R32ANUZ,urb,mfh,perm,2055,25.22645103288195
R32ANUZ,urb,mfh,perm,2060,25.26593577519444
R32ANUZ,urb,mfh,perm,2065,25.301296347134713
R32ANUZ,urb,mfh,perm,2070,25.332895820372563
R32ANUZ,urb,mfh,perm,2075,25.361122434995714
R32ANUZ,urb,mfh,perm,2080,25.386352913839097
R32ANUZ,urb,mfh,perm,2085,25.408926284243673
R32ANUZ,urb,mfh,perm,2090,25.429068187788964
R32ANUZ,urb,mfh,perm,2095,25.44695015966417
R32ANUZ,urb,mfh,perm,2100,25.46290995863807
R32ANUZ,urb,sfh,perm,2020,74.81979302205335
R32ANUZ,urb,sfh,perm,2025,75.0340591563309
R32ANUZ,urb,sfh,perm,2030,72.97719692706535
R32ANUZ,urb,sfh,perm,2035,70.89481956835981
R32ANUZ,urb,sfh,perm,2040,68.78834624513519
R32ANUZ,urb,sfh,perm,2045,66.65946419033716
R32ANUZ,urb,sfh,perm,2050,64.50983260279946
R32ANUZ,urb,sfh,perm,2055,64.62165281177353
R32ANUZ,urb,sfh,perm,2060,64.72279939421408
R32ANUZ,urb,sfh,perm,2065,64.8133812442005
R32ANUZ,urb,sfh,perm,2070,64.89432842880248
R32ANUZ,urb,sfh,perm,2075,64.96663548808131
R32ANUZ,urb,sfh,perm,2080,65.03126745878406
R32ANUZ,urb,sfh,perm,2085,65.08909281452571
R32ANUZ,urb,sfh,perm,2090,65.14068957287175
R32ANUZ,urb,sfh,perm,2095,65.18649714907832
R32ANUZ,urb,sfh,perm,2100,65.22738076710657
R32BRA,rur,mfh,perm,2020,14.89108455245647
R32BRA,rur,mfh,perm,2025,16.549683534059856
R32BRA,rur,mfh,perm,2030,17.905396792963778
R32BRA,rur,mfh,perm,2035,19.153814766713356
R32BRA,rur,mfh,perm,2040,20.2818603150737
R32BRA,rur,mfh,perm,2045,21.281075787348033
R32BRA,rur,mfh,perm,2050,22.1469762926704
R32BRA,rur,mfh,perm,2055,22.87989709317759
R32BRA,rur,mfh,perm,2060,23.482567086261607
R32BRA,rur,mfh,perm,2065,24.04313043427118
R32BRA,rur,mfh,perm,2070,24.492420970522534
R32BRA,rur,mfh,perm,2075,24.838869457320474
R32BRA,rur,mfh,perm,2080,25.091633325977835
R32BRA,rur,mfh,perm,2085,25.259380904900155
R32BRA,rur,mfh,perm,2090,25.351929362693408
R32BRA,rur,mfh,perm,2095,25.37792234856449
R32BRA,rur,mfh,perm,2100,25.345294044891503
R32BRA,rur,sfh,perm,2020,21.59358849857824
R32BRA,rur,sfh,perm,2025,23.998725865620877
R32BRA,rur,sfh,perm,2030,25.964648101285604
R32BRA,rur,sfh,perm,2035,27.774981250923798
R32BRA,rur,sfh,perm,2040,29.41076212995508
R32BRA,rur,sfh,perm,2045,30.859726283888726
R32BRA,rur,sfh,perm,2050,32.115370164411694
R32BRA,rur,sfh,perm,2055,33.17817993575169
R32BRA,rur,sfh,perm,2060,34.052112776926144
R32BRA,rur,sfh,perm,2065,34.864986696328295
R32BRA,rur,sfh,perm,2070,35.51650371122006
R32BRA,rur,sfh,perm,2075,36.01888928518657
R32BRA,rur,sfh,perm,2080,36.38542262584882
R32BRA,rur,sfh,perm,2085,36.62867369182196
R32BRA,rur,sfh,perm,2090,36.76287837696263
R32BRA,rur,sfh,perm,2095,36.80057085253567
R32BRA,rur,sfh,perm,2100,36.75325649068115
R32BRA,urb,inf,sub,2020,12.343746462779848
R32BRA,urb,inf,sub,2025,13.59307711367876
R32BRA,urb,inf,sub,2030,14.53832967962466
R32BRA,urb,inf,sub,2035,15.342372382666287
R32BRA,urb,inf,sub,2040,15.998315792618273
R32BRA,urb,inf,sub,2045,16.509236249942852
R32BRA,urb,inf,sub,2050,16.877060861169177
R32BRA,urb,inf,sub,2055,17.11112855044889
R32BRA,urb,inf,sub,2060,17.229778393175042
R32BRA,urb,inf,sub,2065,17.31074279521415
R32BRA,urb,inf,sub,2070,15.52587798657757
R32BRA,urb,inf,sub,2075,15.737577526229806
R32BRA,urb,inf,sub,2080,15.890324117219869
R32BRA,urb,inf,sub,2085,15.990000928750494
R32BRA,urb,inf,sub,2090,16.042414776966083
R32BRA,urb,inf,sub,2095,16.053125137062462
R32BRA,urb,inf,sub,2100,16.027329725488176
R32BRA,urb,mfh,perm,2020,11.312857524438709
R32BRA,urb,mfh,perm,2025,12.543116425882168
R32BRA,urb,mfh,perm,2030,12.894099793613288
R32BRA,urb,mfh,perm,2035,13.245083161344406
R32BRA,urb,mfh,perm,2040,13.596066529075525
R32BRA,urb,mfh,perm,2045,13.947049896806643
R32BRA,urb,mfh,perm,2050,14.298033264537763
R32BRA,urb,mfh,perm,2055,14.64901663226888
R32BRA,urb,mfh,perm,2060,15
R32BRA,urb,mfh,perm,2065,15
R32BRA,urb,mfh,perm,2070,15
R32BRA,urb,mfh,perm,2075,15
R32BRA,urb,mfh,perm,2080,15
R32BRA,urb,mfh,perm,2085,15
R32BRA,urb,mfh,perm,2090,15
R32BRA,urb,mfh,perm,2095,15
R32BRA,urb,mfh,perm,2100,15
R32BRA,urb,sfh,perm,2020,20.034447167638493
R32BRA,urb,sfh,perm,2025,22.213167876375508
R32BRA,urb,sfh,perm,2030,23.96189931034454
R32BRA,urb,sfh,perm,2035,25.54245108689492
R32BRA,urb,sfh,perm,2040,26.93700669931047
R32BRA,urb,sfh,perm,2045,28.13699922811094
R32BRA,urb,sfh,perm,2050,29.137338950064933
R32BRA,urb,sfh,perm,2055,29.941934093567955
R32BRA,urb,sfh,perm,2060,30.561533366702566
R32BRA,urb,sfh,perm,2065,31.117635202906193
R32BRA,urb,sfh,perm,2070,31.678662674253772
R32BRA,urb,sfh,perm,2075,31.87542711071722
R32BRA,urb,sfh,perm,2080,31.956768948113254
R32BRA,urb,sfh,perm,2085,31.938015331894217
R32BRA,urb,sfh,perm,2090,31.831443533329058
R32BRA,urb,sfh,perm,2095,31.64801236321223
R32BRA,urb,sfh,perm,2100,31.520726955321383
R32CAN,rur,mfh,perm,2020,25.48689349707608
R32CAN,rur,mfh,perm,2025,25.694104185012858
R32CAN,rur,mfh,perm,2030,25.115755826313137
R32CAN,rur,mfh,perm,2035,24.515998956499924
R32CAN,rur,mfh,perm,2040,23.894769411786527
R32CAN,rur,mfh,perm,2045,23.252395215104396
R32CAN,rur,mfh,perm,2050,22.589565516101946
R32CAN,rur,mfh,perm,2055,22.708761527057796
R32CAN,rur,mfh,perm,2060,22.81739879597584
R32CAN,rur,mfh,perm,2065,22.915787950508886
R32CAN,rur,mfh,perm,2070,23.004397128295917
R32CAN,rur,mfh,perm,2075,23.083808781350648
R32CAN,rur,mfh,perm,2080,23.154679275398735
R32CAN,rur,mfh,perm,2085,23.217703649118114
R32CAN,rur,mfh,perm,2090,23.273586690184402
R32CAN,rur,mfh,perm,2095,23.323020545806365
R32CAN,rur,mfh,perm,2100,23.366668447365402
R32CAN,rur,sfh,perm,2020,67.15680307998016
R32CAN,rur,sfh,perm,2025,67.70279380134579
R32CAN,rur,sfh,perm,2030,66.17887222803665
R32CAN,rur,sfh,perm,2035,64.59854020340084
R32CAN,rur,sfh,perm,2040,62.96162865878402
R32CAN,rur,sfh,perm,2045,61.26900191966451
R32CAN,rur,sfh,perm,2050,59.522475863965454
R32CAN,rur,sfh,perm,2055,59.836551921787084
R32CAN,rur,sfh,perm,2060,60.12280617543761
R32CAN,rur,sfh,perm,2065,60.382057114628736
R32CAN,rur,sfh,perm,2070,60.61553826070898
R32CAN,rur,sfh,perm,2075,60.824784348195635
R32CAN,rur,sfh,perm,2080,61.01152487086916
R32CAN,rur,sfh,perm,2085,61.17759122397717
R32CAN,rur,sfh,perm,2090,61.32484049093196
R32CAN,rur,sfh,perm,2095,61.45509644809163
R32CAN,rur,sfh,perm,2100,61.5701066799267
R32CAN,urb,mfh,perm,2020,26.326321730920924
R32CAN,urb,mfh,perm,2025,26.540357044300137
R32CAN,urb,mfh,perm,2030,25.942960387644995
R32CAN,urb,mfh,perm,2035,25.323450115950088
R32CAN,urb,mfh,perm,2040,24.681759952150617
R32CAN,urb,mfh,perm,2045,24.018228722837183
R32CAN,urb,mfh,perm,2050,23.33356827527223
R32CAN,urb,mfh,perm,2055,23.456690088208212
R32CAN,urb,mfh,perm,2060,23.56890539973032
R32CAN,urb,mfh,perm,2065,23.670535068225124
R32CAN,urb,mfh,perm,2070,23.76206264976429
R32CAN,urb,mfh,perm,2075,23.84408977981618
R32CAN,urb,mfh,perm,2080,23.91729444195961
R32CAN,urb,mfh,perm,2085,23.982394566445812
R32CAN,urb,mfh,perm,2090,24.04011815361355
R32CAN,urb,mfh,perm,2095,24.09118014701236
R32CAN,urb,mfh,perm,2100,24.136265622001858
R32CAN,urb,sfh,perm,2020,67.43915029859293
R32CAN,urb,sfh,perm,2025,67.98743652770307
R32CAN,urb,sfh,perm,2030,66.45710793384092
R32CAN,urb,sfh,perm,2035,64.87013172229959
R32CAN,urb,sfh,perm,2040,63.22633811360972
R32CAN,urb,sfh,perm,2045,61.52659506713159
R32CAN,urb,sfh,perm,2050,59.77272609528038
R32CAN,urb,sfh,perm,2055,60.08812262247059
R32CAN,urb,sfh,perm,2060,60.3755803743317
R32CAN,urb,sfh,perm,2065,60.63592128175012
R32CAN,urb,sfh,perm,2070,60.870384052165804
R32CAN,urb,sfh,perm,2075,61.08050987257747
R32CAN,urb,sfh,perm,2080,61.26803550807294
R32CAN,urb,sfh,perm,2085,61.43480005363137
R32CAN,urb,sfh,perm,2090,61.582668400397296
R32CAN,urb,sfh,perm,2095,61.71347199242828
R32CAN,urb,sfh,perm,2100,61.828965761560845
R32CAS-CAU,rur,mfh,perm,2020,25.78596165543194
R32CAS-CAU,rur,mfh,perm,2025,28.020358767566737
R32CAS-CAU,rur,mfh,perm,2030,29.806291993285043
R32CAS-CAU,rur,mfh,perm,2035,31.47405776100722
R32CAS-CAU,rur,mfh,perm,2040,32.99815084100987
R32CAS-CAU,rur,mfh,perm,2045,34.36409984620268
R32CAS-CAU,rur,mfh,perm,2050,35.561615716548765
R32CAS-CAU,rur,mfh,perm,2055,36.58536805486164
R32CAS-CAU,rur,mfh,perm,2060,37.434610256998695
R32CAS-CAU,rur,mfh,perm,2065,38.73062844558815
R32CAS-CAU,rur,mfh,perm,2070,39.903341954776096
R32CAS-CAU,rur,mfh,perm,2075,40.95658142735312
R32CAS-CAU,rur,mfh,perm,2080,41.89605635039664
R32CAS-CAU,rur,mfh,perm,2085,42.7290692073137
R32CAS-CAU,rur,mfh,perm,2090,43.46436474164523
R32CAS-CAU,rur,mfh,perm,2095,44.111386397842665
R32CAS-CAU,rur,mfh,perm,2100,44.67942601635404
R32CAS-CAU,rur,sfh,perm,2020,28.782903177385908
R32CAS-CAU,rur,sfh,perm,2025,31.276990332163745
R32CAS-CAU,rur,sfh,perm,2030,33.27049143962769
R32CAS-CAU,rur,sfh,perm,2035,35.13209122234488
R32CAS-CAU,rur,sfh,perm,2040,36.833320136791805
R32CAS-CAU,rur,sfh,perm,2045,38.35802487680017
R32CAS-CAU,rur,sfh,perm,2050,39.694720549047624
R32CAS-CAU,rur,sfh,perm,2055,40.83745723752301
R32CAS-CAU,rur,sfh,perm,2060,41.78540156494008
R32CAS-CAU,rur,sfh,perm,2065,43.23204786561986
R32CAS-CAU,rur,sfh,perm,2070,44.54105855293929
R32CAS-CAU,rur,sfh,perm,2075,45.716709481412586
R32CAS-CAU,rur,sfh,perm,2080,46.76537371619583
R32CAS-CAU,rur,sfh,perm,2085,47.69520246280418
R32CAS-CAU,rur,sfh,perm,2090,48.515956811788115
R32CAS-CAU,rur,sfh,perm,2095,49.23817776025833
R32CAS-CAU,rur,sfh,perm,2100,49.87223708133423
R32CAS-CAU,urb,mfh,perm,2020,18.981744670496106
R32CAS-CAU,urb,mfh,perm,2025,20.588356858026675
R32CAS-CAU,urb,mfh,perm,2030,21.875944749982278
R32CAS-CAU,urb,mfh,perm,2035,23.08414109715287
R32CAS-CAU,urb,mfh,perm,2040,24.1915943705466
R32CAS-CAU,urb,mfh,perm,2045,25.1859795701542
R32CAS-CAU,urb,mfh,perm,2050,26.058652649802813
R32CAS-CAU,urb,mfh,perm,2055,26.80502893692925
R32CAS-CAU,urb,mfh,perm,2060,27.42409709983892
R32CAS-CAU,urb,mfh,perm,2065,28.370830903040854
R32CAS-CAU,urb,mfh,perm,2070,29.22747391304674
R32CAS-CAU,urb,mfh,perm,2075,29.99686368714755
R32CAS-CAU,urb,mfh,perm,2080,30.683266136891383
R32CAS-CAU,urb,mfh,perm,2085,31.29210472653923
R32CAS-CAU,urb,mfh,perm,2090,31.829898292889766
R32CAS-CAU,urb,mfh,perm,2095,32.30370790613448
R32CAS-CAU,urb,mfh,perm,2100,32.72051256991107
R32CAS-CAU,urb,sfh,perm,2020,24.253017513765226
R32CAS-CAU,urb,sfh,perm,2025,26.305789490124827
R32CAS-CAU,urb,sfh,perm,2030,27.95094341228509
R32CAS-CAU,urb,sfh,perm,2035,29.494658580551004
R32CAS-CAU,urb,sfh,perm,2040,30.90965409869444
R32CAS-CAU,urb,sfh,perm,2045,32.18018228670645
R32CAS-CAU,urb,sfh,perm,2050,33.29519862750712
R32CAS-CAU,urb,sfh,perm,2055,34.24884527473406
R32CAS-CAU,urb,sfh,perm,2060,35.03983004762482
R32CAS-CAU,urb,sfh,perm,2065,36.24947394013904
R32CAS-CAU,urb,sfh,perm,2070,37.344008625194114
R32CAS-CAU,urb,sfh,perm,2075,38.327059656071306
R32CAS-CAU,urb,sfh,perm,2080,39.204077597472875
R32CAS-CAU,urb,sfh,perm,2085,39.981992021784805
R32CAS-CAU,urb,sfh,perm,2090,40.66913206132834
R32CAS-CAU,urb,sfh,perm,2095,41.274519661240355
R32CAS-CAU,urb,sfh,perm,2100,41.80707191003892
R32CAS-OTH,rur,mfh,perm,2020,27.030923468706607
R32CAS-OTH,rur,mfh,perm,2025,29.091222096242284
R32CAS-OTH,rur,mfh,perm,2030,30.683299511309734
R32CAS-OTH,rur,mfh,perm,2035,32.17051642657556
R32CAS-OTH,rur,mfh,perm,2040,33.5332442949549
R32CAS-OTH,rur,mfh,perm,2045,34.756491020658736
R32CAS-OTH,rur,mfh,perm,2050,35.830441850974864
R32CAS-OTH,rur,mfh,perm,2055,36.75050710530341
R32CAS-OTH,rur,mfh,perm,2060,37.5169096952266
R32CAS-OTH,rur,mfh,perm,2065,38.74671315621554
R32CAS-OTH,rur,mfh,perm,2070,39.86685533485445
R32CAS-OTH,rur,mfh,perm,2075,40.880851231869336
R32CAS-OTH,rur,mfh,perm,2080,41.793991491981956
R32CAS-OTH,rur,mfh,perm,2085,42.61301437745169
R32CAS-OTH,rur,mfh,perm,2090,43.34503225803161
R32CAS-OTH,rur,mfh,perm,2095,43.99732302691744
R32CAS-OTH,rur,mfh,perm,2100,44.5772658754385
R32CAS-OTH,rur,sfh,perm,2020,30.172559138635624
R32CAS-OTH,rur,sfh,perm,2025,32.47231342762753
R32CAS-OTH,rur,sfh,perm,2030,34.249428072453505
R32CAS-OTH,rur,sfh,perm,2035,35.90949493549599
R32CAS-OTH,rur,sfh,perm,2040,37.43060416604608
R32CAS-OTH,rur,sfh,perm,2045,38.7960212305119
R32CAS-OTH,rur,sfh,perm,2050,39.99479066867828
R32CAS-OTH,rur,sfh,perm,2055,41.021789369990515
R32CAS-OTH,rur,sfh,perm,2060,41.87726615365393
R32CAS-OTH,rur,sfh,perm,2065,43.25000200185922
R32CAS-OTH,rur,sfh,perm,2070,44.500331320714714
R32CAS-OTH,rur,sfh,perm,2075,45.63217763756122
R32CAS-OTH,rur,sfh,perm,2080,46.65144649576408
R32CAS-OTH,rur,sfh,perm,2085,47.56565930378524
R32CAS-OTH,rur,sfh,perm,2090,48.38275505776145
R32CAS-OTH,rur,sfh,perm,2095,49.11085751502965
R32CAS-OTH,rur,sfh,perm,2100,49.758203504310714
R32CAS-OTH,urb,mfh,perm,2020,20.049777483440245
R32CAS-OTH,urb,mfh,perm,2025,21.57107940754187
R32CAS-OTH,urb,mfh,perm,2030,22.738049148567157
R32CAS-OTH,urb,mfh,perm,2035,23.82170957708563
R32CAS-OTH,urb,mfh,perm,2040,24.80860076568528
R32CAS-OTH,urb,mfh,perm,2045,25.688618428484926
R32CAS-OTH,urb,mfh,perm,2050,26.45576478519816
R32CAS-OTH,urb,mfh,perm,2055,27.107964911694665
R32CAS-OTH,urb,mfh,perm,2060,27.64646243595361
R32CAS-OTH,urb,mfh,perm,2065,28.526086447550664
R32CAS-OTH,urb,mfh,perm,2070,29.324715514519685
R32CAS-OTH,urb,mfh,perm,2075,30.04536434331958
R32CAS-OTH,urb,mfh,perm,2080,30.692362009868038
R32CAS-OTH,urb,mfh,perm,2085,31.2710711116096
R32CAS-OTH,urb,mfh,perm,2090,31.786869922457846
R32CAS-OTH,urb,mfh,perm,2095,32.245258952246516
R32CAS-OTH,urb,mfh,perm,2100,32.65175393566476
R32CAS-OTH,urb,sfh,perm,2020,25.61764542164517
R32CAS-OTH,urb,sfh,perm,2025,27.561416284094403
R32CAS-OTH,urb,sfh,perm,2030,29.052456125711906
R32CAS-OTH,urb,sfh,perm,2035,30.437051472876373
R32CAS-OTH,urb,sfh,perm,2040,31.698004546304386
R32CAS-OTH,urb,sfh,perm,2045,32.8224050773829
R32CAS-OTH,urb,sfh,perm,2050,33.80258968885892
R32CAS-OTH,urb,sfh,perm,2055,34.63590724554199
R32CAS-OTH,urb,sfh,perm,2060,35.32394673367562
R32CAS-OTH,urb,sfh,perm,2065,36.44784429573435
R32CAS-OTH,urb,sfh,perm,2070,37.4682544363421
R32CAS-OTH,urb,sfh,perm,2075,38.389029052667276
R32CAS-OTH,urb,sfh,perm,2080,39.21569941466803
R32CAS-OTH,urb,sfh,perm,2085,39.95511732506323
R32CAS-OTH,urb,sfh,perm,2090,40.614154616431186
R32CAS-OTH,urb,sfh,perm,2095,41.1998393024581
R32CAS-OTH,urb,sfh,perm,2100,41.71921884966189
R32CHN,rur,mfh,perm,2020,43.55845157971569
R32CHN,rur,mfh,perm,2025,45.84710941560839
R32CHN,rur,mfh,perm,2030,46.57315582147768
R32CHN,rur,mfh,perm,2035,47.0106678418262
R32CHN,rur,mfh,perm,2040,47.14775644028992
R32CHN,rur,mfh,perm,2045,46.98978099519633
R32CHN,rur,mfh,perm,2050,46.55654254239531
R32CHN,rur,mfh,perm,2055,47.55458129868242
R32CHN,rur,mfh,perm,2060,48.39729087271684
R32CHN,rur,mfh,perm,2065,48.48880403156261
R32CHN,rur,mfh,perm,2070,48.44724983731114
R32CHN,rur,mfh,perm,2075,48.294453516519845
R32CHN,rur,mfh,perm,2080,48.049896280621745
R32CHN,rur,mfh,perm,2085,47.73034334405993
R32CHN,rur,mfh,perm,2090,47.349901415776884
R32CHN,rur,mfh,perm,2095,46.92023608016398
R32CHN,rur,mfh,perm,2100,46.450871113441664
R32CHN,rur,sfh,perm,2020,49.28196447101502
R32CHN,rur,sfh,perm,2025,51.871348392258405
R32CHN,rur,sfh,perm,2030,52.69279616830886
R32CHN,rur,sfh,perm,2035,53.187796588675006
R32CHN,rur,sfh,perm,2040,53.34289841607826
R32CHN,rur,sfh,perm,2045,53.164165242835246
R32CHN,rur,sfh,perm,2050,52.67399993015549
R32CHN,rur,sfh,perm,2055,53.803179429064535
R32CHN,rur,sfh,perm,2060,54.7566197323991
R32CHN,rur,sfh,perm,2065,54.860157578197274
R32CHN,rur,sfh,perm,2070,54.81314322735482
R32CHN,rur,sfh,perm,2075,54.64026970730425
R32CHN,rur,sfh,perm,2080,54.36357803040652
R32CHN,rur,sfh,perm,2085,54.00203633424619
R32CHN,rur,sfh,perm,2090,53.57160492741306
R32CHN,rur,sfh,perm,2095,53.085482233970886
R32CHN,rur,sfh,perm,2100,52.55444343954507
R32CHN,urb,inf,sub,2020,25.709369663567387
R32CHN,urb,inf,sub,2025,26.32019520449112
R32CHN,urb,inf,sub,2030,23.140206751784056
R32CHN,urb,inf,sub,2035,23.229273112254013
R32CHN,urb,inf,sub,2040,23.182300333681408
R32CHN,urb,inf,sub,2045,23.00289853261153
R32CHN,urb,inf,sub,2050,22.70091631731705
R32CHN,urb,inf,sub,2055,23.10550048842351
R32CHN,urb,inf,sub,2060,23.440080949896426
R32CHN,urb,inf,sub,2065,23.41705696975078
R32CHN,urb,inf,sub,2070,23.336327371045236
R32CHN,urb,inf,sub,2075,23.208070557743593
R32CHN,urb,inf,sub,2080,23.041237775493443
R32CHN,urb,inf,sub,2085,22.84345505886021
R32CHN,urb,inf,sub,2090,22.621067375769606
R32CHN,urb,inf,sub,2095,22.379260026443195
R32CHN,urb,inf,sub,2100,22.12221291086182
R32CHN,urb,mfh,perm,2020,39.214744827475386
R32CHN,urb,mfh,perm,2025,40.71098567275063
R32CHN,urb,mfh,perm,2030,41.30701442881826
R32CHN,urb,mfh,perm,2035,41.123799664535774
R32CHN,urb,mfh,perm,2040,40.78389523034996
R32CHN,urb,mfh,perm,2045,40.272504564123764
R32CHN,urb,mfh,perm,2050,39.5904345631037
R32CHN,urb,mfh,perm,2055,40.16059543813579
R32CHN,urb,mfh,perm,2060,40.60943744648033
R32CHN,urb,mfh,perm,2065,40.44448545468732
R32CHN,urb,mfh,perm,2070,40.32798798175487
R32CHN,urb,mfh,perm,2075,40.200798756169945
R32CHN,urb,mfh,perm,2080,39.997226803102045
R32CHN,urb,mfh,perm,2085,39.73122765911607
R32CHN,urb,mfh,perm,2090,39.41454389351378
R32CHN,urb,mfh,perm,2095,39.05688605846718
R32CHN,urb,mfh,perm,2100,38.66618184304533
R32CHN,urb,sfh,perm,2020,53.371515704240295
R32CHN,urb,sfh,perm,2025,55.407908956887006
R32CHN,urb,sfh,perm,2030,56.21910786318091
R32CHN,urb,sfh,perm,2035,55.969751410342255
R32CHN,urb,sfh,perm,2040,55.507139325859754
R32CHN,urb,sfh,perm,2045,54.811133395091304
R32CHN,urb,sfh,perm,2050,53.882831810292316
R32CHN,urb,sfh,perm,2055,54.65882436690836
R32CHN,urb,sfh,perm,2060,55.26970117874214
R32CHN,urb,sfh,perm,2065,55.04520047475547
R32CHN,urb,sfh,perm,2070,54.88664667736438
R32CHN,urb,sfh,perm,2075,54.71354133699862
R32CHN,urb,sfh,perm,2080,54.436478621484184
R32CHN,urb,sfh,perm,2085,54.07445210434069
R32CHN,urb,sfh,perm,2090,53.64344349664784
R32CHN,urb,sfh,perm,2095,53.15666892132127
R32CHN,urb,sfh,perm,2100,52.62491801331867
R32EEU,rur,mfh,perm,2020,19.84149517272036
R32EEU,rur,mfh,perm,2025,21.33270677517649
R32EEU,rur,mfh,perm,2030,22.106535795080863
R32EEU,rur,mfh,perm,2035,22.74449103709648
R32EEU,rur,mfh,perm,2040,23.237514333013287
R32EEU,rur,mfh,perm,2045,23.581096952069693
R32EEU,rur,mfh,perm,2050,23.775086738045008
R32EEU,rur,mfh,perm,2055,24.694659642769416
R32EEU,rur,mfh,perm,2060,25.534150467810974
R32EEU,rur,mfh,perm,2065,26.29400518581258
R32EEU,rur,mfh,perm,2070,26.97668768820811
R32EEU,rur,mfh,perm,2075,27.586050228243955
R32EEU,rur,mfh,perm,2080,28.126871994293406
R32EEU,rur,mfh,perm,2085,28.60450763751191
R32EEU,rur,mfh,perm,2090,29.02458278610299
R32EEU,rur,mfh,perm,2095,29.392782302096133
R32EEU,rur,mfh,perm,2100,29.714616849635554
R32EEU,rur,sfh,perm,2020,33.17013009196487
R32EEU,rur,sfh,perm,2025,35.66307139591074
R32EEU,rur,sfh,perm,2030,36.95672437093736
R32EEU,rur,sfh,perm,2035,38.023229600825616
R32EEU,rur,sfh,perm,2040,38.84744404240731
R32EEU,rur,sfh,perm,2045,39.42183019991363
R32EEU,rur,sfh,perm,2050,39.746133705334955
R32EEU,rur,sfh,perm,2055,41.283434831748636
R32EEU,rur,sfh,perm,2060,42.68685829531525
R32EEU,rur,sfh,perm,2065,43.95714965328507
R32EEU,rur,sfh,perm,2070,45.098427929889006
R32EEU,rur,sfh,perm,2075,46.11713315095264
R32EEU,rur,sfh,perm,2080,47.021254951263884
R32EEU,rur,sfh,perm,2085,47.819744998722584
R32EEU,rur,sfh,perm,2090,48.522007968618375
R32EEU,rur,sfh,perm,2095,49.13754756071942
R32EEU,rur,sfh,perm,2100,49.675576258508706
R32EEU,urb,mfh,perm,2020,18.685167267348724
R32EEU,urb,mfh,perm,2025,20.088137247127428
R32EEU,urb,mfh,perm,2030,20.814912520278874
R32EEU,urb,mfh,perm,2035,21.413273378019504
R32EEU,urb,mfh,perm,2040,21.87488729005095
R32EEU,urb,mfh,perm,2045,22.19572695816563
R32EEU,urb,mfh,perm,2050,22.375833020991713
R32EEU,urb,mfh,perm,2055,23.238944035474816
R32EEU,urb,mfh,perm,2060,24.026858416431246
R32EEU,urb,mfh,perm,2065,24.740092779167362
R32EEU,urb,mfh,perm,2070,25.381028875149177
R32EEU,urb,mfh,perm,2075,25.953326087162466
R32EEU,urb,mfh,perm,2080,26.461494529428826
R32EEU,urb,mfh,perm,2085,26.91057075380591
R32EEU,urb,mfh,perm,2090,27.30583548846104
R32EEU,urb,mfh,perm,2095,27.65262263040762
R32EEU,urb,mfh,perm,2100,27.956096540248797
R32EEU,urb,sfh,perm,2020,32.64098382979415
R32EEU,urb,sfh,perm,2025,35.09182196083225
R32EEU,urb,sfh,perm,2030,36.36142043963659
R32EEU,urb,sfh,perm,2035,37.40669270305503
R32EEU,urb,sfh,perm,2040,38.21308271405354
R32EEU,urb,sfh,perm,2045,38.773555214462355
R32EEU,urb,sfh,perm,2050,39.08818119560768
R32EEU,urb,sfh,perm,2055,40.59594359687291
R32EEU,urb,sfh,perm,2060,41.9723455417997
R32EEU,urb,sfh,perm,2065,43.21828950193778
R32EEU,urb,sfh,perm,2070,44.337936141731674
R32EEU,urb,sfh,perm,2075,45.337678010556424
R32EEU,urb,sfh,perm,2080,46.22539379439171
R32EEU,urb,sfh,perm,2085,47.00988180932384
R32EEU,urb,sfh,perm,2090,47.700366921272035
R32EEU,urb,sfh,perm,2095,48.30616687642893
R32EEU,urb,sfh,perm,2100,48.836303259055796
R32EEU-FSU,rur,mfh,perm,2020,28.026574847001545
R32EEU-FSU,rur,mfh,perm,2025,30.28516992985656
R32EEU-FSU,rur,mfh,perm,2030,31.527414170158057
R32EEU-FSU,rur,mfh,perm,2035,32.57269688933789
R32EEU-FSU,rur,mfh,perm,2040,33.40612843576038
R32EEU-FSU,rur,mfh,perm,2045,34.01973794486171
R32EEU-FSU,rur,mfh,perm,2050,34.41157247680181
R32EEU-FSU,rur,mfh,perm,2055,35.85063390471795
R32EEU-FSU,rur,mfh,perm,2060,37.17341829136395
R32EEU-FSU,rur,mfh,perm,2065,38.380292123305644
R32EEU-FSU,rur,mfh,perm,2070,39.47336817125186
R32EEU-FSU,rur,mfh,perm,2075,40.45712775896731
R32EEU-FSU,rur,mfh,perm,2080,41.337702151476094
R32EEU-FSU,rur,mfh,perm,2085,42.122270680401776
R32EEU-FSU,rur,mfh,perm,2090,42.818635052683476
R32EEU-FSU,rur,mfh,perm,2095,43.434752020299854
R32EEU-FSU,rur,mfh,perm,2100,43.97847719429507
R32EEU-FSU,rur,sfh,perm,2020,31.283928867747782
R32EEU-FSU,rur,sfh,perm,2025,33.8050263724841
R32EEU-FSU,rur,sfh,perm,2030,35.19164891420076
R32EEU-FSU,rur,sfh,perm,2035,36.35841832544783
R32EEU-FSU,rur,sfh,perm,2040,37.28871442323188
R32EEU-FSU,rur,sfh,perm,2045,37.97363993910716
R32EEU-FSU,rur,sfh,perm,2050,38.41101495521452
R32EEU-FSU,rur,sfh,perm,2055,40.017329518910294
R32EEU-FSU,rur,sfh,perm,2060,41.49385288593272
R32EEU-FSU,rur,sfh,perm,2065,42.84099413729578
R32EEU-FSU,rur,sfh,perm,2070,44.061111597872554
R32EEU-FSU,rur,sfh,perm,2075,45.159207427743375
R32EEU-FSU,rur,sfh,perm,2080,46.14212549063154
R32EEU-FSU,rur,sfh,perm,2085,47.01787952710491
R32EEU-FSU,rur,sfh,perm,2090,47.79517798784868
R32EEU-FSU,rur,sfh,perm,2095,48.4829023885057
R32EEU-FSU,rur,sfh,perm,2100,49.0898213488042
R32EEU-FSU,urb,mfh,perm,2020,20.413698125036884
R32EEU-FSU,urb,mfh,perm,2025,22.08578425317025
R32EEU-FSU,urb,mfh,perm,2030,23.012283118394244
R32EEU-FSU,urb,mfh,perm,2035,23.79061363130524
R32EEU-FSU,urb,mfh,perm,2040,24.410449130583835
R32EEU-FSU,urb,mfh,perm,2045,24.866407900520077
R32EEU-FSU,urb,mfh,perm,2050,25.15753635591715
R32EEU-FSU,urb,mfh,perm,2055,26.212184317943134
R32EEU-FSU,urb,mfh,perm,2060,27.1802647558577
R32EEU-FSU,urb,mfh,perm,2065,28.062473871506725
R32EEU-FSU,urb,mfh,perm,2070,28.86070518454542
R32EEU-FSU,urb,mfh,perm,2075,29.578490437210412
R32EEU-FSU,urb,mfh,perm,2080,30.220502838106686
R32EEU-FSU,urb,mfh,perm,2085,30.792158732168723
R32EEU-FSU,urb,mfh,perm,2090,31.299333985106347
R32EEU-FSU,urb,mfh,perm,2095,31.74797215089513
R32EEU-FSU,urb,mfh,perm,2100,32.14388457374469
R32EEU-FSU,urb,sfh,perm,2020,26.082627637320144
R32EEU-FSU,urb,sfh,perm,2025,28.219055813660287
R32EEU-FSU,urb,sfh,perm,2030,29.402845480775966
R32EEU-FSU,urb,sfh,perm,2035,30.397320113577717
R32EEU-FSU,urb,sfh,perm,2040,31.189285313858974
R32EEU-FSU,urb,sfh,perm,2045,31.771864851450516
R32EEU-FSU,urb,sfh,perm,2050,32.14384032841895
R32EEU-FSU,urb,sfh,perm,2055,33.49136638241915
R32EEU-FSU,urb,sfh,perm,2060,34.72828491773005
R32EEU-FSU,urb,sfh,perm,2065,35.855485473003355
R32EEU-FSU,urb,sfh,perm,2070,36.87538740252695
R32EEU-FSU,urb,sfh,perm,2075,37.79250322123592
R32EEU-FSU,urb,sfh,perm,2080,38.61280389819075
R32EEU-FSU,urb,sfh,perm,2085,39.34320990939812
R32EEU-FSU,urb,sfh,perm,2090,39.991228861584496
R32EEU-FSU,urb,sfh,perm,2095,40.56445484692457
R32EEU-FSU,urb,sfh,perm,2100,41.07031303288007
R32IDN,rur,mfh,perm,2020,19.488620088179054
R32IDN,rur,mfh,perm,2025,20.870772751961475
R32IDN,rur,mfh,perm,2030,21.89632511569005
R32IDN,rur,mfh,perm,2035,22.829888584954357
R32IDN,rur,mfh,perm,2040,23.660965274424324
R32IDN,rur,mfh,perm,2045,24.382971936571188
R32IDN,rur,mfh,perm,2050,24.99267857969057
R32IDN,rur,mfh,perm,2055,25.49059584447801
R32IDN,rur,mfh,perm,2060,25.879382650655916
R32IDN,rur,mfh,perm,2065,26.254178706761035
R32IDN,rur,mfh,perm,2070,26.5362411225936
R32IDN,rur,mfh,perm,2075,26.732744971546254
R32IDN,rur,mfh,perm,2080,26.85129996072331
R32IDN,rur,mfh,perm,2085,26.90000075005364
R32IDN,rur,mfh,perm,2090,26.886110665598217
R32IDN,rur,mfh,perm,2095,26.817437998803495
R32IDN,rur,mfh,perm,2100,26.70078015116857
R32IDN,rur,sfh,perm,2020,22.049394501938785
R32IDN,rur,sfh,perm,2025,23.61315987925913
R32IDN,rur,sfh,perm,2030,24.77346823089882
R32IDN,rur,sfh,perm,2035,25.829700490200377
R32IDN,rur,sfh,perm,2040,26.769979366004613
R32IDN,rur,sfh,perm,2045,27.586856582281225
R32IDN,rur,sfh,perm,2050,28.276677731432073
R32IDN,rur,sfh,perm,2055,28.840020551547074
R32IDN,rur,sfh,perm,2060,29.279893340270853
R32IDN,rur,sfh,perm,2065,29.703937016089906
R32IDN,rur,sfh,perm,2070,30.02306199531994
R32IDN,rur,sfh,perm,2075,30.245386144854493
R32IDN,rur,sfh,perm,2080,30.37951907549351
R32IDN,rur,sfh,perm,2085,30.434619072909523
R32IDN,rur,sfh,perm,2090,30.418903852927958
R32IDN,rur,sfh,perm,2095,30.34120770436507
R32IDN,rur,sfh,perm,2100,30.209221196720545
R32IDN,urb,inf,sub,2020,13.892817331324713
R32IDN,urb,inf,sub,2025,15.088107800304384
R32IDN,urb,inf,sub,2030,15.928424536782478
R32IDN,urb,inf,sub,2035,16.591883266401776
R32IDN,urb,inf,sub,2040,17.072122122188194
R32IDN,urb,inf,sub,2045,17.373709780227884
R32IDN,urb,inf,sub,2050,17.51984738738933
R32IDN,urb,inf,sub,2055,17.53883921417766
R32IDN,urb,inf,sub,2060,15.69092951878166
R32IDN,urb,inf,sub,2065,15.926949720992678
R32IDN,urb,inf,sub,2070,16.10622101901695
R32IDN,urb,inf,sub,2075,16.233013244332938
R32IDN,urb,inf,sub,2080,16.31197100535259
R32IDN,urb,inf,sub,2085,16.34786790973352
R32IDN,urb,inf,sub,2090,16.345415612207844
R32IDN,urb,inf,sub,2095,16.30912507488686
R32IDN,urb,inf,sub,2100,16.243213728578013
R32IDN,urb,mfh,perm,2020,19.69620880356756
R32IDN,urb,mfh,perm,2025,21.11449154330319
R32IDN,urb,mfh,perm,2030,22.072681436623796
R32IDN,urb,mfh,perm,2035,22.855109203201067
R32IDN,urb,mfh,perm,2040,23.47029381216673
R32IDN,urb,mfh,perm,2045,23.929104367932556
R32IDN,urb,mfh,perm,2050,24.250308469240654
R32IDN,urb,mfh,perm,2055,24.45307912726635
R32IDN,urb,mfh,perm,2060,24.732374857855525
R32IDN,urb,mfh,perm,2065,24.77811040472353
R32IDN,urb,mfh,perm,2070,24.764911239738083
R32IDN,urb,mfh,perm,2075,24.69324900246945
R32IDN,urb,mfh,perm,2080,24.566971771704278
R32IDN,urb,mfh,perm,2085,24.39500236016531
R32IDN,urb,mfh,perm,2090,24.289415319535845
R32IDN,urb,mfh,perm,2095,24.227375147730296
R32IDN,urb,mfh,perm,2100,24.121984265920315
R32IDN,urb,sfh,perm,2020,26.806664740479924
R32IDN,urb,sfh,perm,2025,28.73695651848016
R32IDN,urb,sfh,perm,2030,30.041059022882393
R32IDN,urb,sfh,perm,2035,31.105948161267257
R32IDN,urb,sfh,perm,2040,31.94321830449699
R32IDN,urb,sfh,perm,2045,32.567662372412244
R32IDN,urb,sfh,perm,2050,33.00482318558729
R32IDN,urb,sfh,perm,2055,33.280795333481905
R32IDN,urb,sfh,perm,2060,33.66091858907998
R32IDN,urb,sfh,perm,2065,33.723164957598925
R32IDN,urb,sfh,perm,2070,33.70520081058221
R32IDN,urb,sfh,perm,2075,33.60766805246762
R32IDN,urb,sfh,perm,2080,33.435803942819014
R32IDN,urb,sfh,perm,2085,33.20175248617991
R32IDN,urb,sfh,perm,2090,33.05804785615077
R32IDN,urb,sfh,perm,2095,32.97361078998137
R32IDN,urb,sfh,perm,2100,32.83017313334605
R32IND,rur,mfh,perm,2020,10.729562246349166
R32IND,rur,mfh,perm,2025,12.27406197678154
R32IND,rur,mfh,perm,2030,12.576943979361369
R32IND,rur,mfh,perm,2035,12.879825981941199
R32IND,rur,mfh,perm,2040,13.182707984521027
R32IND,rur,mfh,perm,2045,13.485589987100855
R32IND,rur,mfh,perm,2050,13.788471989680685
R32IND,rur,mfh,perm,2055,14.091353992260514
R32IND,rur,mfh,perm,2060,14.394235994840342
R32IND,rur,mfh,perm,2065,14.697117997420172
R32IND,rur,mfh,perm,2070,15
R32IND,rur,mfh,perm,2075,15
R32IND,rur,mfh,perm,2080,15
R32IND,rur,mfh,perm,2085,15
R32IND,rur,mfh,perm,2090,15
R32IND,rur,mfh,perm,2095,15
R32IND,rur,mfh,perm,2100,15
R32IND,rur,sfh,perm,2020,15.22441678220595
R32IND,rur,sfh,perm,2025,17.41594212836889
R32IND,rur,sfh,perm,2030,19.32550026244808
R32IND,rur,sfh,perm,2035,21.099644741711224
R32IND,rur,sfh,perm,2040,22.720873010804283
R32IND,rur,sfh,perm,2045,24.17803979699401
R32IND,rur,sfh,perm,2050,25.4648068587368
R32IND,rur,sfh,perm,2055,26.58097940040213
R32IND,rur,sfh,perm,2060,27.53034720618745
R32IND,rur,sfh,perm,2065,27.965808364637244
R32IND,rur,sfh,perm,2070,28.23593456138611
R32IND,rur,sfh,perm,2075,28.71165702010993
R32IND,rur,sfh,perm,2080,29.064195324136914
R32IND,rur,sfh,perm,2085,29.306567844607102
R32IND,rur,sfh,perm,2090,29.451068131097887
R32IND,rur,sfh,perm,2095,29.509151464624118
R32IND,rur,sfh,perm,2100,29.492357875334353
R32IND,urb,inf,sub,2020,9.275939435365128
R32IND,urb,inf,sub,2025,10.819018287867678
R32IND,urb,inf,sub,2030,12.168375641888256
R32IND,urb,inf,sub,2035,13.385073594581428
R32IND,urb,inf,sub,2040,14.44006712272185
R32IND,urb,inf,sub,2045,15.315140296189261
R32IND,urb,inf,sub,2050,16.007608614722436
R32IND,urb,inf,sub,2055,16.532974554511146
R32IND,urb,inf,sub,2060,16.917609902353156
R32IND,urb,inf,sub,2065,16.957698216867797
R32IND,urb,inf,sub,2070,15.14123773489977
R32IND,urb,inf,sub,2075,15.409212217008486
R32IND,urb,inf,sub,2080,15.610864631872357
R32IND,urb,inf,sub,2085,15.752813544844283
R32IND,urb,inf,sub,2090,15.841591624086872
R32IND,urb,inf,sub,2095,15.883453279195265
R32IND,urb,inf,sub,2100,15.884245941174232
R32IND,urb,mfh,perm,2020,15.74084611915085
R32IND,urb,mfh,perm,2025,18.120436382520825
R32IND,urb,mfh,perm,2030,20.085827089334277
R32IND,urb,mfh,perm,2035,21.784214598802834
R32IND,urb,mfh,perm,2040,23.217075334550586
R32IND,urb,mfh,perm,2045,24.39939557071316
R32IND,urb,mfh,perm,2050,25.355246969116223
R32IND,urb,mfh,perm,2055,26.118318025186056
R32IND,urb,mfh,perm,2060,26.721275111487895
R32IND,urb,mfh,perm,2065,26.836008702483266
R32IND,urb,mfh,perm,2070,27.01670852342377
R32IND,urb,mfh,perm,2075,27.137372187595304
R32IND,urb,mfh,perm,2080,27.164488407657743
R32IND,urb,mfh,perm,2085,27.10740313674275
R32IND,urb,mfh,perm,2090,26.980317233728236
R32IND,urb,mfh,perm,2095,26.791989082016862
R32IND,urb,mfh,perm,2100,26.55690982173535
R32IND,urb,sfh,perm,2020,18.907358686152435
R32IND,urb,sfh,perm,2025,21.76564001963638
R32IND,urb,sfh,perm,2030,24.126399204426455
R32IND,urb,sfh,perm,2035,26.16644340449868
R32IND,urb,sfh,perm,2040,27.88754604872862
R32IND,urb,sfh,perm,2045,29.307708130093793
R32IND,urb,sfh,perm,2050,30.45584369431098
R32IND,urb,sfh,perm,2055,31.372418194240826
R32IND,urb,sfh,perm,2060,32.09666934419624
R32IND,urb,sfh,perm,2065,32.23448335634522
R32IND,urb,sfh,perm,2070,32.45153371711896
R32IND,urb,sfh,perm,2075,32.596470727595225
R32IND,urb,sfh,perm,2080,32.629041791123335
R32IND,urb,sfh,perm,2085,32.560472942618254
R32IND,urb,sfh,perm,2090,32.40782176147713
R32IND,urb,sfh,perm,2095,32.18160851422513
R32IND,urb,sfh,perm,2100,31.899239456032618
R32JPN,rur,mfh,perm,2020,17.90704903347888
R32JPN,rur,mfh,perm,2025,18.527471286311137
R32JPN,rur,mfh,perm,2030,18.559485271417493
R32JPN,rur,mfh,perm,2035,18.535013313352113
R32JPN,rur,mfh,perm,2040,18.450571144935044
R32JPN,rur,mfh,perm,2045,18.3044999858949
R32JPN,rur,mfh,perm,2050,18.096850947382062
R32JPN,rur,mfh,perm,2055,18.48145151698994
R32JPN,rur,mfh,perm,2060,18.833619821165357
R32JPN,rur,mfh,perm,2065,19.15358557862265
R32JPN,rur,mfh,perm,2070,19.44230286746409
R32JPN,rur,mfh,perm,2075,19.701273577611758
R32JPN,rur,mfh,perm,2080,19.93238022673152
R32JPN,rur,mfh,perm,2085,20.13773835324368
R32JPN,rur,mfh,perm,2090,20.319573716371778
R32JPN,rur,mfh,perm,2095,20.48012562009278
R32JPN,rur,mfh,perm,2100,20.621574983344285
R32JPN,rur,sfh,perm,2020,47.18425828643469
R32JPN,rur,sfh,perm,2025,48.81904265372816
R32JPN,rur,sfh,perm,2030,48.90339804579819
R32JPN,rur,sfh,perm,2035,48.83891555133622
R32JPN,rur,sfh,perm,2040,48.6164142850802
R32JPN,rur,sfh,perm,2045,48.2315234365957
R32JPN,rur,sfh,perm,2050,47.68437768143516
R32JPN,rur,sfh,perm,2055,48.697782658411576
R32JPN,rur,sfh,perm,2060,49.625730093717195
R32JPN,rur,sfh,perm,2065,50.468825285697385
R32JPN,rur,sfh,perm,2070,51.22958218668003
R32JPN,rur,sfh,perm,2075,51.91195820817769
R32JPN,rur,sfh,perm,2080,52.52091369846491
R32JPN,rur,sfh,perm,2085,53.06202300488677
R32JPN,rur,sfh,perm,2090,53.541150901582824
R32JPN,rur,sfh,perm,2095,53.96419785250073
R32JPN,rur,sfh,perm,2100,54.33691047966965
R32JPN,urb,mfh,perm,2020,20.95187259217744
R32JPN,urb,mfh,perm,2025,21.677788289978363
R32JPN,urb,mfh,perm,2030,21.71524577031821
R32JPN,urb,mfh,perm,2035,21.68661272494551
R32JPN,urb,mfh,perm,2040,21.58781243960681
R32JPN,urb,mfh,perm,2045,21.416904083468456
R32JPN,urb,mfh,perm,2050,21.173947458360917
R32JPN,urb,mfh,perm,2055,21.623943553096456
R32JPN,urb,mfh,perm,2060,22.035992764906375
R32JPN,urb,mfh,perm,2065,22.410363872707062
R32JPN,urb,mfh,perm,2070,22.748173181189728
R32JPN,urb,mfh,perm,2075,23.05117795400156
R32JPN,urb,mfh,perm,2080,23.321580802539565
R32JPN,urb,mfh,perm,2085,23.561856980619318
R32JPN,urb,mfh,perm,2090,23.774610704244548
R32JPN,urb,mfh,perm,2095,23.962462037253406
R32JPN,urb,mfh,perm,2100,24.12796273094947
R32JPN,urb,sfh,perm,2020,53.671625653698825
R32JPN,urb,sfh,perm,2025,55.531176651687474
R32JPN,urb,sfh,perm,2030,55.62713007321992
R32JPN,urb,sfh,perm,2035,55.55378187554411
R32JPN,urb,sfh,perm,2040,55.300688892764285
R32JPN,urb,sfh,perm,2045,54.86287937137709
R32JPN,urb,sfh,perm,2050,54.24050650348716
R32JPN,urb,sfh,perm,2055,55.39324461011776
R32JPN,urb,sfh,perm,2060,56.44877561098021
R32JPN,urb,sfh,perm,2065,57.40778802693682
R32JPN,urb,sfh,perm,2070,58.2731414538179
R32JPN,urb,sfh,perm,2075,59.04933740795482
R32JPN,urb,sfh,perm,2080,59.74201823629493
R32JPN,urb,sfh,perm,2085,60.35752470363631
R32JPN,urb,sfh,perm,2090,60.90252793237431
R32JPN,urb,sfh,perm,2095,61.383739641706875
R32JPN,urb,sfh,perm,2100,61.80769655717603
R32KOR,rur,mfh,perm,2020,25.05413271397573
R32KOR,rur,mfh,perm,2025,25.90807030123439
R32KOR,rur,mfh,perm,2030,25.936551458397826
R32KOR,rur,mfh,perm,2035,25.883450941517893
R32KOR,rur,mfh,perm,2040,25.74463795621057
R32KOR,rur,mfh,perm,2045,25.51769783852119
R32KOR,rur,mfh,perm,2050,25.203625595745024
R32KOR,rur,mfh,perm,2055,25.712628550614497
R32KOR,rur,mfh,perm,2060,26.174243779247075
R32KOR,rur,mfh,perm,2065,26.25686492700369
R32KOR,rur,mfh,perm,2070,26.285382189096268
R32KOR,rur,mfh,perm,2075,26.26391128829439
R32KOR,rur,mfh,perm,2080,26.19691720485323
R32KOR,rur,mfh,perm,2085,26.088979720560893
R32KOR,rur,mfh,perm,2090,25.944611785397708
R32KOR,rur,mfh,perm,2095,25.768128021085584
R32KOR,rur,mfh,perm,2100,25.563557179379135
R32KOR,rur,sfh,perm,2020,28.346206843524033
R32KOR,rur,sfh,perm,2025,29.312350503583406
R32KOR,rur,sfh,perm,2030,29.344574040566883
R32KOR,rur,sfh,perm,2035,29.284496198234038
R32KOR,rur,sfh,perm,2040,29.127443402233897
R32KOR,rur,sfh,perm,2045,28.870683705518136
R32KOR,rur,sfh,perm,2050,28.51534285779537
R32KOR,rur,sfh,perm,2055,29.0912280104531
R32KOR,rur,sfh,perm,2060,29.61349876323955
R32KOR,rur,sfh,perm,2065,29.706976201500744
R32KOR,rur,sfh,perm,2070,29.739240587544977
R32KOR,rur,sfh,perm,2075,29.71494844372204
R32KOR,rur,sfh,perm,2080,29.639151441758525
R32KOR,rur,sfh,perm,2085,29.517031139657085
R32KOR,rur,sfh,perm,2090,29.353693482016865
R32KOR,rur,sfh,perm,2095,29.154020025153415
R32KOR,rur,sfh,perm,2100,28.922568892545257
R32KOR,urb,inf,sub,2020,15.289898989511167
R32KOR,urb,inf,sub,2025,15.81846989716863
R32KOR,urb,inf,sub,2030,15.842741214773959
R32KOR,urb,inf,sub,2035,15.816863585141267
R32KOR,urb,inf,sub,2040,15.737967697475106
R32KOR,urb,inf,sub,2045,15.604856042098008
R32KOR,urb,inf,sub,2050,15.417875246679337
R32KOR,urb,inf,sub,2055,15.734015329383967
R32KOR,urb,inf,sub,2060,16.020935262350783
R32KOR,urb,inf,sub,2065,16.07558401594684
R32KOR,urb,inf,sub,2070,16.096759068158214
R32KOR,urb,inf,sub,2075,16.086979006187978
R32KOR,urb,inf,sub,2080,16.04898348179253
R32KOR,urb,inf,sub,2085,15.985588237752317
R32KOR,urb,inf,sub,2090,15.899572473521255
R32KOR,urb,inf,sub,2095,15.793597008736981
R32KOR,urb,inf,sub,2100,15.670149521734045
R32KOR,urb,mfh,perm,2020,23.286074057971245
R32KOR,urb,mfh,perm,2025,23.8177633524186
R32KOR,urb,mfh,perm,2030,23.663195974086346
R32KOR,urb,mfh,perm,2035,23.49739367180968
R32KOR,urb,mfh,perm,2040,23.302214348103323
R32KOR,urb,mfh,perm,2045,23.064044759449672
R32KOR,urb,mfh,perm,2050,22.769426834073254
R32KOR,urb,mfh,perm,2055,23.229269625151062
R32KOR,urb,mfh,perm,2060,23.646301457889365
R32KOR,urb,mfh,perm,2065,23.720942948322747
R32KOR,urb,mfh,perm,2070,23.7467059763545
R32KOR,urb,mfh,perm,2075,23.727308762925322
R32KOR,urb,mfh,perm,2080,23.66678505472173
R32KOR,urb,mfh,perm,2085,23.569272312282674
R32KOR,urb,mfh,perm,2090,23.438847619041734
R32KOR,urb,mfh,perm,2095,23.279408884973844
R32KOR,urb,mfh,perm,2100,23.09459575977784
R32KOR,urb,sfh,perm,2020,31.692494054031208
R32KOR,urb,sfh,perm,2025,32.41612654617716
R32KOR,urb,sfh,perm,2030,32.20575936678286
R32KOR,urb,sfh,perm,2035,31.980101384850556
R32KOR,urb,sfh,perm,2040,31.714461090972158
R32KOR,urb,sfh,perm,2045,31.390310774630066
R32KOR,urb,sfh,perm,2050,30.989333915029004
R32KOR,urb,sfh,perm,2055,31.615182861731714
R32KOR,urb,sfh,perm,2060,32.182765823397844
R32KOR,urb,sfh,perm,2065,32.28435336391047
R32KOR,urb,sfh,perm,2070,32.31941700798707
R32KOR,urb,sfh,perm,2075,32.29301727784197
R32KOR,urb,sfh,perm,2080,32.21064412822496
R32KOR,urb,sfh,perm,2085,32.077928669094824
R32KOR,urb,sfh,perm,2090,31.900419836788142
R32KOR,urb,sfh,perm,2095,31.683422711431188
R32KOR,urb,sfh,perm,2100,31.431890879281227
R32LAM-L,rur,mfh,perm,2020,13.947818177315751
R32LAM-L,rur,mfh,perm,2025,15.56159071619983
R32LAM-L,rur,mfh,perm,2030,16.89604928314508
R32LAM-L,rur,mfh,perm,2035,18.132360739542456
R32LAM-L,rur,mfh,perm,2040,19.256670202680187
R32LAM-L,rur,mfh,perm,2045,20.25926738797175
R32LAM-L,rur,mfh,perm,2050,21.13488508112578
R32LAM-L,rur,mfh,perm,2055,21.8823674437836
R32LAM-L,rur,mfh,perm,2060,22.50405503331888
R32LAM-L,rur,mfh,perm,2065,23.0836051057246
R32LAM-L,rur,mfh,perm,2070,23.554664765415477
R32LAM-L,rur,mfh,perm,2075,23.924777466411843
R32LAM-L,rur,mfh,perm,2080,24.202335703555335
R32LAM-L,rur,mfh,perm,2085,24.39621630321275
R32LAM-L,rur,mfh,perm,2090,24.515097767883457
R32LAM-L,rur,mfh,perm,2095,24.56753287265731
R32LAM-L,rur,mfh,perm,2100,24.5613261973016
R32LAM-L,rur,sfh,perm,2020,20.22575623105047
R32LAM-L,rur,sfh,perm,2025,22.565890692863075
R32LAM-L,rur,sfh,perm,2030,24.50099146148134
R32LAM-L,rur,sfh,perm,2035,26.29376892852749
R32LAM-L,rur,sfh,perm,2040,27.924132103656234
R32LAM-L,rur,sfh,perm,2045,29.37800008571987
R32LAM-L,rur,sfh,perm,2050,30.647734877798754
R32LAM-L,rur,sfh,perm,2055,31.731660396609634
R32LAM-L,rur,sfh,perm,2060,32.63317068861072
R32LAM-L,rur,sfh,perm,2065,33.47357729121684
R32LAM-L,rur,sfh,perm,2070,34.1566617511709
R32LAM-L,rur,sfh,perm,2075,34.69336284471848
R32LAM-L,rur,sfh,perm,2080,35.095850543727515
R32LAM-L,rur,sfh,perm,2085,35.37699715008195
R32LAM-L,rur,sfh,perm,2090,35.549387375868676
R32LAM-L,rur,sfh,perm,2095,35.62542361563201
R32LAM-L,rur,sfh,perm,2100,35.61642330453289
R32LAM-L,urb,inf,sub,2020,13.457006196378098
R32LAM-L,urb,inf,sub,2025,14.948499391817323
R32LAM-L,urb,inf,sub,2030,16.065012749416383
R32LAM-L,urb,inf,sub,2035,16.97667757298215
R32LAM-L,urb,inf,sub,2040,17.6745957524029
R32LAM-L,urb,inf,sub,2045,18.158632730369405
R32LAM-L,urb,inf,sub,2050,18.445302791064204
R32LAM-L,urb,inf,sub,2055,18.557982542143343
R32LAM-L,urb,inf,sub,2060,18.53217767804897
R32LAM-L,urb,inf,sub,2065,18.449277301628378
R32LAM-L,urb,inf,sub,2070,18.263542082041273
R32LAM-L,urb,inf,sub,2075,16.85164346470051
R32LAM-L,urb,inf,sub,2080,16.42249971949236
R32LAM-L,urb,inf,sub,2085,15.990000928750494
R32LAM-L,urb,inf,sub,2090,16.042414776966083
R32LAM-L,urb,inf,sub,2095,16.053125137062462
R32LAM-L,urb,inf,sub,2100,16.027329725488176
R32LAM-L,urb,mfh,perm,2020,11.066553722646471
R32LAM-L,urb,mfh,perm,2025,12.352261148871026
R32LAM-L,urb,mfh,perm,2030,12.730509556175166
R32LAM-L,urb,mfh,perm,2035,13.108757963479304
R32LAM-L,urb,mfh,perm,2040,13.487006370783444
R32LAM-L,urb,mfh,perm,2045,13.865254778087582
R32LAM-L,urb,mfh,perm,2050,14.243503185391722
R32LAM-L,urb,mfh,perm,2055,14.62175159269586
R32LAM-L,urb,mfh,perm,2060,15
R32LAM-L,urb,mfh,perm,2065,15
R32LAM-L,urb,mfh,perm,2070,15
R32LAM-L,urb,mfh,perm,2075,15
R32LAM-L,urb,mfh,perm,2080,15
R32LAM-L,urb,mfh,perm,2085,15
R32LAM-L,urb,mfh,perm,2090,15
R32LAM-L,urb,mfh,perm,2095,15
R32LAM-L,urb,mfh,perm,2100,15
R32LAM-L,urb,sfh,perm,2020,19.598256709698475
R32LAM-L,urb,sfh,perm,2025,21.875173699777367
R32LAM-L,urb,sfh,perm,2030,23.710690688997133
R32LAM-L,urb,sfh,perm,2035,25.354426952011007
R32LAM-L,urb,sfh,perm,2040,26.786299464073576
R32LAM-L,urb,sfh,perm,2045,27.993865816681883
R32LAM-L,urb,sfh,perm,2050,28.97474790272135
R32LAM-L,urb,sfh,perm,2055,29.73613531440645
R32LAM-L,urb,sfh,perm,2060,30.296546869999876
R32LAM-L,urb,sfh,perm,2065,30.77493337091131
R32LAM-L,urb,sfh,perm,2070,31.08740958394983
R32LAM-L,urb,sfh,perm,2075,31.398226566295897
R32LAM-L,urb,sfh,perm,2080,31.40160919177508
R32LAM-L,urb,sfh,perm,2085,31.30030874436867
R32LAM-L,urb,sfh,perm,2090,31.056798424132584
R32LAM-L,urb,sfh,perm,2095,30.767237047489374
R32LAM-L,urb,sfh,perm,2100,30.589942832462537
R32LAM-M,rur,mfh,perm,2020,14.714545602863616
R32LAM-M,rur,mfh,perm,2025,16.316053427784947
R32LAM-M,rur,mfh,perm,2030,17.627225250438695
R32LAM-M,rur,mfh,perm,2035,18.840752574870603
R32LAM-M,rur,mfh,perm,2040,19.94315414217694
R32LAM-M,rur,mfh,perm,2045,20.925430019645912
R32LAM-M,rur,mfh,perm,2050,21.78236507141125
R32LAM-M,rur,mfh,perm,2055,22.512910844506234
R32LAM-M,rur,mfh,perm,2060,23.119078286195332
R32LAM-M,rur,mfh,perm,2065,23.686369865073168
R32LAM-M,rur,mfh,perm,2070,24.146106405398353
R32LAM-M,rur,mfh,perm,2075,24.505630637771066
R32LAM-M,rur,mfh,perm,2080,24.773136500836927
R32LAM-M,rur,mfh,perm,2085,24.957267306828246
R32LAM-M,rur,mfh,perm,2090,25.066556640909138
R32LAM-M,rur,mfh,perm,2095,25.109354781199357
R32LAM-M,rur,mfh,perm,2100,25.093566855177286
R32LAM-M,rur,sfh,perm,2020,21.337589050180068
R32LAM-M,rur,sfh,perm,2025,23.659938428211067
R32LAM-M,rur,sfh,perm,2030,25.56127104703938
R32LAM-M,rur,sfh,perm,2035,27.321009203333748
R32LAM-M,rur,sfh,perm,2040,28.919603699305085
R32LAM-M,rur,sfh,perm,2045,30.344003716337138
R32LAM-M,rur,sfh,perm,2050,31.58664677652822
R32LAM-M,rur,sfh,perm,2055,32.646012516345095
R32LAM-M,rur,sfh,perm,2060,33.52501701403369
R32LAM-M,rur,sfh,perm,2065,34.34764755312199
R32LAM-M,rur,sfh,perm,2070,35.01431233731358
R32LAM-M,rur,sfh,perm,2075,35.53565907346134
R32LAM-M,rur,sfh,perm,2080,35.9235698067362
R32LAM-M,rur,sfh,perm,2085,36.19057821975553
R32LAM-M,rur,sfh,perm,2090,36.34905887971773
R32LAM-M,rur,sfh,perm,2095,36.41112053994644
R32LAM-M,rur,sfh,perm,2100,36.38822644001935
R32LAM-M,urb,inf,sub,2020,12.69372232254165
R32LAM-M,urb,inf,sub,2025,13.84814972838208
R32LAM-M,urb,inf,sub,2030,14.674589175672738
R32LAM-M,urb,inf,sub,2035,15.356412125084118
R32LAM-M,urb,inf,sub,2040,15.866314727412364
R32LAM-M,urb,inf,sub,2045,15.861739134927484
R32LAM-M,urb,inf,sub,2050,16.02784124006922
R32LAM-M,urb,inf,sub,2055,16.281472393852408
R32LAM-M,urb,inf,sub,2060,16.390798418562994
R32LAM-M,urb,inf,sub,2065,15.764610805159052
R32LAM-M,urb,inf,sub,2070,15.733118732847986
R32LAM-M,urb,inf,sub,2075,15.906155977495489
R32LAM-M,urb,inf,sub,2080,15.950490839989037
R32LAM-M,urb,inf,sub,2085,16.04050413690688
R32LAM-M,urb,inf,sub,2090,16.084680668548216
R32LAM-M,urb,inf,sub,2095,16.088415205405592
R32LAM-M,urb,inf,sub,2100,16.056709839627203
R32LAM-M,urb,mfh,perm,2020,11.632269166100173
R32LAM-M,urb,mfh,perm,2025,12.806756100021929
R32LAM-M,urb,mfh,perm,2030,13.120076657161652
R32LAM-M,urb,mfh,perm,2035,13.433397214301378
R32LAM-M,urb,mfh,perm,2040,13.746717771441102
R32LAM-M,urb,mfh,perm,2045,14.060038328580827
R32LAM-M,urb,mfh,perm,2050,14.37335888572055
R32LAM-M,urb,mfh,perm,2055,14.686679442860274
R32LAM-M,urb,mfh,perm,2060,15
R32LAM-M,urb,mfh,perm,2065,15
R32LAM-M,urb,mfh,perm,2070,15
R32LAM-M,urb,mfh,perm,2075,15
R32LAM-M,urb,mfh,perm,2080,15
R32LAM-M,urb,mfh,perm,2085,15
R32LAM-M,urb,mfh,perm,2090,15
R32LAM-M,urb,mfh,perm,2095,15
R32LAM-M,urb,mfh,perm,2100,15
R32LAM-M,urb,sfh,perm,2020,20.600107580648316
R32LAM-M,urb,sfh,perm,2025,22.68005920877638
R32LAM-M,urb,sfh,perm,2030,24.31899815557817
R32LAM-M,urb,sfh,perm,2035,25.788792343002793
R32LAM-M,urb,sfh,perm,2040,27.07583679419106
R32LAM-M,urb,sfh,perm,2045,28.199138519984725
R32LAM-M,urb,sfh,perm,2050,29.099797641510374
R32LAM-M,urb,sfh,perm,2055,29.7945957436273
R32LAM-M,urb,sfh,perm,2060,30.32395248240964
R32LAM-M,urb,sfh,perm,2065,30.865099843172008
R32LAM-M,urb,sfh,perm,2070,31.210550728624906
R32LAM-M,urb,sfh,perm,2075,31.448591379903146
R32LAM-M,urb,sfh,perm,2080,31.588546270252163
R32LAM-M,urb,sfh,perm,2085,31.621759503600387
R32LAM-M,urb,sfh,perm,2090,31.63160444794376
R32LAM-M,urb,sfh,perm,2095,31.644642240429903
R32LAM-M,urb,sfh,perm,2100,31.59369246673113
R32MEA-H,rur,mfh,perm,2020,15.967287793626156
R32MEA-H,rur,mfh,perm,2025,17.734659393282822
R32MEA-H,rur,mfh,perm,2030,19.179183855433664
R32MEA-H,rur,mfh,perm,2035,20.51037708235691
R32MEA-H,rur,mfh,perm,2040,21.714014512958357
R32MEA-H,rur,mfh,perm,2045,22.7809642436499
R32MEA-H,rur,mfh,perm,2050,23.706183548273657
R32MEA-H,rur,mfh,perm,2055,24.48941466696534
R32MEA-H,rur,mfh,perm,2060,25.13364057536104
R32MEA-H,rur,mfh,perm,2065,25.733149313097677
R32MEA-H,rur,mfh,perm,2070,26.213784545728807
R32MEA-H,rur,mfh,perm,2075,26.584060183290564
R32MEA-H,rur,mfh,perm,2080,26.85368612787917
R32MEA-H,rur,mfh,perm,2085,27.03245379937906
R32MEA-H,rur,mfh,perm,2090,27.13013369381383
R32MEA-H,rur,mfh,perm,2095,27.15611874671416
R32MEA-H,rur,mfh,perm,2100,27.11921442284315
R32MEA-H,rur,sfh,perm,2020,19.82812276724377
R32MEA-H,rur,sfh,perm,2025,22.022838708126425
R32MEA-H,rur,sfh,perm,2030,23.816644190059748
R32MEA-H,rur,sfh,perm,2035,25.46971533598686
R32MEA-H,rur,sfh,perm,2040,26.964388135129504
R32MEA-H,rur,sfh,perm,2045,28.28932262119009
R32MEA-H,rur,sfh,perm,2050,29.438256754263517
R32MEA-H,rur,sfh,perm,2055,30.41087044904164
R32MEA-H,rur,sfh,perm,2060,31.21086795435423
R32MEA-H,rur,sfh,perm,2065,31.95533583177437
R32MEA-H,rur,sfh,perm,2070,32.552187001619075
R32MEA-H,rur,sfh,perm,2075,33.011994007930106
R32MEA-H,rur,sfh,perm,2080,33.346814573553715
R32MEA-H,rur,sfh,perm,2085,33.56880764984368
R32MEA-H,rur,sfh,perm,2090,33.6901062049757
R32MEA-H,rur,sfh,perm,2095,33.72237435381102
R32MEA-H,rur,sfh,perm,2100,33.676546692043146
R32MEA-H,urb,inf,sub,2020,10.43186606479926
R32MEA-H,urb,inf,sub,2025,11.446242965915436
R32MEA-H,urb,inf,sub,2030,11.546314828595854
R32MEA-H,urb,inf,sub,2035,12.210509392219452
R32MEA-H,urb,inf,sub,2040,12.914908690476562
R32MEA-H,urb,inf,sub,2045,13.537665655184606
R32MEA-H,urb,inf,sub,2050,14.076277204721766
R32MEA-H,urb,inf,sub,2055,14.530742002126075
R32MEA-H,urb,inf,sub,2060,14.903185206929667
R32MEA-H,urb,inf,sub,2065,15.249501312463499
R32MEA-H,urb,inf,sub,2070,15.525877986577566
R32MEA-H,urb,inf,sub,2075,15.737577526229806
R32MEA-H,urb,inf,sub,2080,15.890324117219869
R32MEA-H,urb,inf,sub,2085,15.990000928750494
R32MEA-H,urb,inf,sub,2090,16.042414776966083
R32MEA-H,urb,inf,sub,2095,16.053125137062462
R32MEA-H,urb,inf,sub,2100,16.027329725488183
R32MEA-H,urb,mfh,perm,2020,14.62511619861882
R32MEA-H,urb,mfh,perm,2025,16.136730016733733
R32MEA-H,urb,mfh,perm,2030,17.41228253427059
R32MEA-H,urb,mfh,perm,2035,18.533662505457684
R32MEA-H,urb,mfh,perm,2040,19.537767203178294
R32MEA-H,urb,mfh,perm,2045,20.42651390868784
R32MEA-H,urb,mfh,perm,2050,21.193695233505924
R32MEA-H,urb,mfh,perm,2055,21.835311654617712
R32MEA-H,urb,mfh,perm,2060,22.350721023088326
R32MEA-H,urb,mfh,perm,2065,22.82158190658729
R32MEA-H,urb,mfh,perm,2070,23.186264414561965
R32MEA-H,urb,mfh,perm,2075,23.449892471611484
R32MEA-H,urb,mfh,perm,2080,23.671114064044584
R32MEA-H,urb,mfh,perm,2085,23.82803695566443
R32MEA-H,urb,mfh,perm,2090,23.913812497628914
R32MEA-H,urb,mfh,perm,2095,23.93670493376545
R32MEA-H,urb,mfh,perm,2100,23.9044555592061
R32MEA-H,urb,sfh,perm,2020,19.09828984474175
R32MEA-H,urb,sfh,perm,2025,21.07223920962965
R32MEA-H,urb,sfh,perm,2030,22.737926603922602
R32MEA-H,urb,sfh,perm,2035,24.202286915660963
R32MEA-H,urb,sfh,perm,2040,25.51350265515341
R32MEA-H,urb,sfh,perm,2045,26.674077514858364
R32MEA-H,urb,sfh,perm,2050,27.675905541785934
R32MEA-H,urb,sfh,perm,2055,28.51376393642187
R32MEA-H,urb,sfh,perm,2060,29.186814144985462
R32MEA-H,urb,sfh,perm,2065,29.801690465110955
R32MEA-H,urb,sfh,perm,2070,30.277913159277663
R32MEA-H,urb,sfh,perm,2075,30.622173333102026
R32MEA-H,urb,sfh,perm,2080,30.911056787758035
R32MEA-H,urb,sfh,perm,2085,31.115975424077234
R32MEA-H,urb,sfh,perm,2090,31.227985895637275
R32MEA-H,urb,sfh,perm,2095,31.257880111495137
R32MEA-H,urb,sfh,perm,2100,31.215767085227046
R32MEA-M,rur,mfh,perm,2020,16.635447720956318
R32MEA-M,rur,mfh,perm,2025,18.279498957256383
R32MEA-M,rur,mfh,perm,2030,19.60079802076859
R32MEA-M,rur,mfh,perm,2035,20.816798218152833
R32MEA-M,rur,mfh,perm,2040,21.91401293590422
R32MEA-M,rur,mfh,perm,2045,22.88345894895253
R32MEA-M,rur,mfh,perm,2050,23.72124324786374
R32MEA-M,rur,mfh,perm,2055,24.42845132621299
R32MEA-M,rur,mfh,perm,2060,25.008069922601702
R32MEA-M,rur,mfh,perm,2065,25.55239290272842
R32MEA-M,rur,mfh,perm,2070,25.98674138143453
R32MEA-M,rur,mfh,perm,2075,26.318652422993722
R32MEA-M,rur,mfh,perm,2080,26.55724216857643
R32MEA-M,rur,mfh,perm,2085,26.711633789438455
R32MEA-M,rur,mfh,perm,2090,26.790937247825365
R32MEA-M,rur,mfh,perm,2095,26.803862804439422
R32MEA-M,rur,mfh,perm,2100,26.758372867210678
R32MEA-M,rur,sfh,perm,2020,20.657841454505338
R32MEA-M,rur,sfh,perm,2025,22.699418594613583
R32MEA-M,rur,sfh,perm,2030,24.340203202630875
R32MEA-M,rur,sfh,perm,2035,25.85022804281395
R32MEA-M,rur,sfh,perm,2040,27.21274548514913
R32MEA-M,rur,sfh,perm,2045,28.4166001918082
R32MEA-M,rur,sfh,perm,2050,29.456957837138038
R32MEA-M,rur,sfh,perm,2055,30.3351663833066
R32MEA-M,rur,sfh,perm,2060,31.054934751981005
R32MEA-M,rur,sfh,perm,2065,31.730873146433495
R32MEA-M,rur,sfh,perm,2070,32.270245585313695
R32MEA-M,rur,sfh,perm,2075,32.68241156897352
R32MEA-M,rur,sfh,perm,2080,32.97869148999478
R32MEA-M,rur,sfh,perm,2085,33.170414470895025
R32MEA-M,rur,sfh,perm,2090,33.26889323128854
R32MEA-M,rur,sfh,perm,2095,33.2849441427953
R32MEA-M,rur,sfh,perm,2100,33.228454896048845
R32MEA-M,urb,inf,sub,2020,14.46820315121531
R32MEA-M,urb,inf,sub,2025,15.59530300022888
R32MEA-M,urb,inf,sub,2030,16.41736110478352
R32MEA-M,urb,inf,sub,2035,17.128494967307663
R32MEA-M,urb,inf,sub,2040,17.721945777352346
R32MEA-M,urb,inf,sub,2045,18.16206866306373
R32MEA-M,urb,inf,sub,2050,18.515552739081084
R32MEA-M,urb,inf,sub,2055,18.741734215007725
R32MEA-M,urb,inf,sub,2060,18.836529844900813
R32MEA-M,urb,inf,sub,2065,18.242936102636904
R32MEA-M,urb,inf,sub,2070,18.197703068000045
R32MEA-M,urb,inf,sub,2075,18.192046804772517
R32MEA-M,urb,inf,sub,2080,18.099825840335104
R32MEA-M,urb,inf,sub,2085,17.515155933827227
R32MEA-M,urb,inf,sub,2090,17.38297705494003
R32MEA-M,urb,inf,sub,2095,17.203048677277575
R32MEA-M,urb,inf,sub,2100,16.556794034653656
R32MEA-M,urb,mfh,perm,2020,17.96449406188526
R32MEA-M,urb,mfh,perm,2025,19.258100629357475
R32MEA-M,urb,mfh,perm,2030,20.305988521637914
R32MEA-M,urb,mfh,perm,2035,21.272599289906065
R32MEA-M,urb,mfh,perm,2040,22.128561320110933
R32MEA-M,urb,mfh,perm,2045,22.862897864159372
R32MEA-M,urb,mfh,perm,2050,23.464348118586123
R32MEA-M,urb,mfh,perm,2055,23.935268295501256
R32MEA-M,urb,mfh,perm,2060,24.274959587081643
R32MEA-M,urb,mfh,perm,2065,24.62019680253146
R32MEA-M,urb,mfh,perm,2070,24.793957175644817
R32MEA-M,urb,mfh,perm,2075,24.864258964585023
R32MEA-M,urb,mfh,perm,2080,24.849808249688582
R32MEA-M,urb,mfh,perm,2085,24.802262724321032
R32MEA-M,urb,mfh,perm,2090,24.64921016565571
R32MEA-M,urb,mfh,perm,2095,24.474926598236106
R32MEA-M,urb,mfh,perm,2100,24.299990003261467
R32MEA-M,urb,sfh,perm,2020,23.459035117986133
R32MEA-M,urb,sfh,perm,2025,25.14829849443568
R32MEA-M,urb,sfh,perm,2030,26.516688763598626
R32MEA-M,urb,sfh,perm,2035,27.778942845462065
R32MEA-M,urb,sfh,perm,2040,28.896705653424576
R32MEA-M,urb,sfh,perm,2045,29.85564313955187
R32MEA-M,urb,sfh,perm,2050,30.64105032061211
R32MEA-M,urb,sfh,perm,2055,31.256004069376967
R32MEA-M,urb,sfh,perm,2060,31.699591843739377
R32MEA-M,urb,sfh,perm,2065,32.15042179382722
R32MEA-M,urb,sfh,perm,2070,32.377327749594095
R32MEA-M,urb,sfh,perm,2075,32.46913173416078
R32MEA-M,urb,sfh,perm,2080,32.45026118723262
R32MEA-M,urb,sfh,perm,2085,32.388173596819094
R32MEA-M,urb,sfh,perm,2090,32.18830905645081
R32MEA-M,urb,sfh,perm,2095,31.960719884470794
R32MEA-M,urb,sfh,perm,2100,31.732277952803038
R32MEX,rur,mfh,perm,2020,17.507932863122733
R32MEX,rur,mfh,perm,2025,18.914955887032683
R32MEX,rur,mfh,perm,2030,19.99914562305989
R32MEX,rur,mfh,perm,2035,20.99520984818546
R32MEX,rur,mfh,perm,2040,21.892140354957892
R32MEX,rur,mfh,perm,2045,22.681799495525006
R32MEX,rur,mfh,perm,2050,23.360296369924114
R32MEX,rur,mfh,perm,2055,23.927085835973564
R32MEX,rur,mfh,perm,2060,24.38411237944175
R32MEX,rur,mfh,perm,2065,24.82095228272634
R32MEX,rur,mfh,perm,2070,25.163442669163885
R32MEX,rur,mfh,perm,2075,25.41853809375208
R32MEX,rur,mfh,perm,2080,25.593475597649192
R32MEX,rur,mfh,perm,2085,25.695912209705508
R32MEX,rur,mfh,perm,2090,25.73351554458895
R32MEX,rur,mfh,perm,2095,25.71364575631801
R32MEX,rur,mfh,perm,2100,25.64322372028909
R32MEX,rur,sfh,perm,2020,25.388284941585493
R32MEX,rur,sfh,perm,2025,27.428611559791733
R32MEX,rur,sfh,perm,2030,29.000797046462118
R32MEX,rur,sfh,perm,2035,30.445191571236258
R32MEX,rur,sfh,perm,2040,31.74583211268494
R32MEX,rur,sfh,perm,2045,32.89091825301811
R32MEX,rur,sfh,perm,2050,33.874807791200126
R32MEX,rur,sfh,perm,2055,34.696710215572686
R32MEX,rur,sfh,perm,2060,35.35944522844665
R32MEX,rur,sfh,perm,2065,35.99290755807462
R32MEX,rur,sfh,perm,2070,36.489553483587905
R32MEX,rur,sfh,perm,2075,36.85946781769992
R32MEX,rur,sfh,perm,2080,37.113145006813696
R32MEX,rur,sfh,perm,2085,37.26168852224003
R32MEX,rur,sfh,perm,2090,37.316217185802905
R32MEX,rur,sfh,perm,2095,37.287403970085464
R32MEX,rur,sfh,perm,2100,37.18528484895069
R32MEX,urb,inf,sub,2020,13.318176715190704
R32MEX,urb,inf,sub,2025,14.582097756369366
R32MEX,urb,inf,sub,2030,15.471773906783843
R32MEX,urb,inf,sub,2035,16.159446813281967
R32MEX,urb,inf,sub,2040,16.647542221368706
R32MEX,urb,inf,sub,2045,16.94339870789231
R32MEX,urb,inf,sub,2050,17.070766067574542
R32MEX,urb,inf,sub,2055,15.305679709366755
R32MEX,urb,inf,sub,2060,15.57026980517836
R32MEX,urb,inf,sub,2065,15.823184159344937
R32MEX,urb,inf,sub,2070,16.017329200907614
R32MEX,urb,inf,sub,2075,16.157126778438144
R32MEX,urb,inf,sub,2080,16.24738686047411
R32MEX,urb,inf,sub,2085,16.293053007507204
R32MEX,urb,inf,sub,2090,16.299004621418373
R32MEX,urb,inf,sub,2095,16.269913266289052
R32MEX,urb,inf,sub,2100,16.21014652441995
R32MEX,urb,mfh,perm,2020,12.975526483114152
R32MEX,urb,mfh,perm,2025,14.08130487625382
R32MEX,urb,mfh,perm,2030,14.212547036788989
R32MEX,urb,mfh,perm,2035,14.343789197324158
R32MEX,urb,mfh,perm,2040,14.475031357859326
R32MEX,urb,mfh,perm,2045,14.606273518394495
R32MEX,urb,mfh,perm,2050,14.737515678929663
R32MEX,urb,mfh,perm,2055,14.868757839464832
R32MEX,urb,mfh,perm,2060,15
R32MEX,urb,mfh,perm,2065,15
R32MEX,urb,mfh,perm,2070,15
R32MEX,urb,mfh,perm,2075,15
R32MEX,urb,mfh,perm,2080,15
R32MEX,urb,mfh,perm,2085,15
R32MEX,urb,mfh,perm,2090,15
R32MEX,urb,mfh,perm,2095,15
R32MEX,urb,mfh,perm,2100,15
R32MEX,urb,sfh,perm,2020,22.97894225545305
R32MEX,urb,sfh,perm,2025,24.937214844727254
R32MEX,urb,sfh,perm,2030,26.399166326062986
R32MEX,urb,sfh,perm,2035,27.674641978196874
R32MEX,urb,sfh,perm,2040,28.756033392757704
R32MEX,urb,sfh,perm,2045,29.637337004532235
R32MEX,urb,sfh,perm,2050,30.324435683237585
R32MEX,urb,sfh,perm,2055,31.002541258541985
R32MEX,urb,sfh,perm,2060,31.28460449673043
R32MEX,urb,sfh,perm,2065,31.545449435597384
R32MEX,urb,sfh,perm,2070,31.69840489001745
R32MEX,urb,sfh,perm,2075,31.749967996015247
R32MEX,urb,sfh,perm,2080,31.829378452753883
R32MEX,urb,sfh,perm,2085,31.956773955569364
R32MEX,urb,sfh,perm,2090,32.003539420170846
R32MEX,urb,sfh,perm,2095,31.97882831720874
R32MEX,urb,sfh,perm,2100,31.891247807573546
R32NAF,rur,mfh,perm,2020,15.011451155285478
R32NAF,rur,mfh,perm,2025,16.81166454416471
R32NAF,rur,mfh,perm,2030,18.299452029187638
R32NAF,rur,mfh,perm,2035,19.671730872520367
R32NAF,rur,mfh,perm,2040,20.91465658186768
R32NAF,rur,mfh,perm,2045,22.019183156049145
R32NAF,rur,mfh,perm,2050,22.98052622596852
R32NAF,rur,mfh,perm,2055,23.798054543073768
R32NAF,rur,mfh,perm,2060,24.475447210464495
R32NAF,rur,mfh,perm,2065,25.104449581641003
R32NAF,rur,mfh,perm,2070,25.61345553923638
R32NAF,rur,mfh,perm,2075,26.011279429554392
R32NAF,rur,mfh,perm,2080,26.307486710208366
R32NAF,rur,mfh,perm,2085,26.511832879592284
R32NAF,rur,mfh,perm,2090,26.634248530997983
R32NAF,rur,mfh,perm,2095,26.684171514814214
R32NAF,rur,mfh,perm,2100,26.67042663938941
R32NAF,rur,sfh,perm,2020,18.641168135035407
R32NAF,rur,sfh,perm,2025,20.87666689620774
R32NAF,rur,sfh,perm,2030,22.724196250340086
R32NAF,rur,sfh,perm,2035,24.428287372650438
R32NAF,rur,sfh,perm,2040,25.971748220480816
R32NAF,rur,sfh,perm,2045,27.34334550084647
R32NAF,rur,sfh,perm,2050,28.537138000748026
R32NAF,rur,sfh,perm,2055,29.5523418379164
R32NAF,rur,sfh,perm,2060,30.393525709858363
R32NAF,rur,sfh,perm,2065,31.174618679295136
R32NAF,rur,sfh,perm,2070,31.80670051729448
R32NAF,rur,sfh,perm,2075,32.30071684861638
R32NAF,rur,sfh,perm,2080,32.668546025447704
R32NAF,rur,sfh,perm,2085,32.9223023919596
R32NAF,rur,sfh,perm,2090,33.07431772456187
R32NAF,rur,sfh,perm,2095,33.1363119132312
R32NAF,rur,sfh,perm,2100,33.119243574458444
R32NAF,urb,inf,sub,2020,10.361071652371168
R32NAF,urb,inf,sub,2025,12.393883069100298
R32NAF,urb,inf,sub,2030,13.56446254996793
R32NAF,urb,inf,sub,2035,14.482287391064746
R32NAF,urb,inf,sub,2040,15.287595615625838
R32NAF,urb,inf,sub,2045,15.789840080157237
R32NAF,urb,inf,sub,2050,16.214982075332223
R32NAF,urb,inf,sub,2055,16.476039237878208
R32NAF,urb,inf,sub,2060,15.523722404483228
R32NAF,urb,inf,sub,2065,15.800452250322499
R32NAF,urb,inf,sub,2070,15.99893995674398
R32NAF,urb,inf,sub,2075,16.13070676970182
R32NAF,urb,inf,sub,2080,15.837136194180594
R32NAF,urb,inf,sub,2085,15.945685802453859
R32NAF,urb,inf,sub,2090,16.0054854250272
R32NAF,urb,inf,sub,2095,16.02232566660391
R32NAF,urb,inf,sub,2100,16.001628293004476
R32NAF,urb,mfh,perm,2020,14.368273386295868
R32NAF,urb,mfh,perm,2025,16.104034500172272
R32NAF,urb,mfh,perm,2030,17.565325911029966
R32NAF,urb,mfh,perm,2035,18.860408344443663
R32NAF,urb,mfh,perm,2040,19.96437647181805
R32NAF,urb,mfh,perm,2045,20.891545888254743
R32NAF,urb,mfh,perm,2050,21.62788416887937
R32NAF,urb,mfh,perm,2055,22.1992868512698
R32NAF,urb,mfh,perm,2060,22.72681047996646
R32NAF,urb,mfh,perm,2065,23.06138677936936
R32NAF,urb,mfh,perm,2070,23.296944058464305
R32NAF,urb,mfh,perm,2075,23.450391585675696
R32NAF,urb,mfh,perm,2080,23.552453759762745
R32NAF,urb,mfh,perm,2085,23.56615790361329
R32NAF,urb,mfh,perm,2090,23.606529205178603
R32NAF,urb,mfh,perm,2095,23.602960105164797
R32NAF,urb,mfh,perm,2100,23.547031993166804
R32NAF,urb,sfh,perm,2020,18.762890220720603
R32NAF,urb,sfh,perm,2025,21.02954358633106
R32NAF,urb,sfh,perm,2030,22.937779154047604
R32NAF,urb,sfh,perm,2035,24.628969798297263
R32NAF,urb,sfh,perm,2040,26.070592756338712
R32NAF,urb,sfh,perm,2045,27.281342128159793
R32NAF,urb,sfh,perm,2050,28.24289359319881
R32NAF,urb,sfh,perm,2055,28.989062984139178
R32NAF,urb,sfh,perm,2060,29.677932667222453
R32NAF,urb,sfh,perm,2065,30.114841000421286
R32NAF,urb,sfh,perm,2070,30.422444791741505
R32NAF,urb,sfh,perm,2075,30.622825103996313
R32NAF,urb,sfh,perm,2080,30.756103565269875
R32NAF,urb,sfh,perm,2085,30.773999198219204
R32NAF,urb,sfh,perm,2090,30.826718288326447
R32NAF,urb,sfh,perm,2095,30.822057559097164
R32NAF,urb,sfh,perm,2100,30.74902352101494
R32OAS-CPA,rur,mfh,perm,2020,31.754910813767705
R32OAS-CPA,rur,mfh,perm,2025,35.25733194730771
R32OAS-CPA,rur,mfh,perm,2030,38.05005402981252
R32OAS-CPA,rur,mfh,perm,2035,40.51992923437035
R32OAS-CPA,rur,mfh,perm,2040,42.62729957958278
R32OAS-CPA,rur,mfh,perm,2045,44.359593213209706
R32OAS-CPA,rur,mfh,perm,2050,45.72695052113506
R32OAS-CPA,rur,mfh,perm,2055,46.75539355034947
R32OAS-CPA,rur,mfh,perm,2060,47.48028744865282
R32OAS-CPA,rur,mfh,perm,2065,48.104442033097406
R32OAS-CPA,rur,mfh,perm,2070,48.50994774306688
R32OAS-CPA,rur,mfh,perm,2075,48.731305403115414
R32OAS-CPA,rur,mfh,perm,2080,48.79963636518366
R32OAS-CPA,rur,mfh,perm,2085,48.741551324107526
R32OAS-CPA,rur,mfh,perm,2090,48.58027050699325
R32OAS-CPA,rur,mfh,perm,2095,48.33450538106274
R32OAS-CPA,rur,mfh,perm,2100,48.01955561285534
R32OAS-CPA,rur,sfh,perm,2020,35.92745677932029
R32OAS-CPA,rur,sfh,perm,2025,39.89009061054743
R32OAS-CPA,rur,sfh,perm,2030,43.04977203759597
R32OAS-CPA,rur,sfh,perm,2035,45.844185008316515
R32OAS-CPA,rur,sfh,perm,2040,48.22846054414371
R32OAS-CPA,rur,sfh,perm,2045,50.1883748709772
R32OAS-CPA,rur,sfh,perm,2050,51.73540080565804
R32OAS-CPA,rur,sfh,perm,2055,52.898979651739204
R32OAS-CPA,rur,sfh,perm,2060,53.71912348251939
R32OAS-CPA,rur,sfh,perm,2065,54.425291010047935
R32OAS-CPA,rur,sfh,perm,2070,54.88407954055702
R32OAS-CPA,rur,sfh,perm,2075,55.13452325336748
R32OAS-CPA,rur,sfh,perm,2080,55.21183279773352
R32OAS-CPA,rur,sfh,perm,2085,55.14611547246606
R32OAS-CPA,rur,sfh,perm,2090,54.963642606452076
R32OAS-CPA,rur,sfh,perm,2095,54.685584324647536
R32OAS-CPA,rur,sfh,perm,2100,54.32925064601467
R32OAS-CPA,urb,inf,sub,2020,19.590734643796793
R32OAS-CPA,urb,inf,sub,2025,21.88090696482936
R32OAS-CPA,urb,inf,sub,2030,23.64941042559151
R32OAS-CPA,urb,inf,sub,2035,25.104614463605497
R32OAS-CPA,urb,inf,sub,2040,26.209621676406105
R32OAS-CPA,urb,inf,sub,2045,26.955971853694663
R32OAS-CPA,urb,inf,sub,2050,27.264991856460945
R32OAS-CPA,urb,inf,sub,2055,27.42146014397233
R32OAS-CPA,urb,inf,sub,2060,27.357325628061602
R32OAS-CPA,urb,inf,sub,2065,27.17894358793618
R32OAS-CPA,urb,inf,sub,2070,24.32398488973673
R32OAS-CPA,urb,inf,sub,2075,24.075401695241275
R32OAS-CPA,urb,inf,sub,2080,24.00985733400042
R32OAS-CPA,urb,inf,sub,2085,23.887477087787424
R32OAS-CPA,urb,inf,sub,2090,23.71991273791824
R32OAS-CPA,urb,inf,sub,2095,23.51668647346428
R32OAS-CPA,urb,inf,sub,2100,23.285474185158062
R32OAS-CPA,urb,mfh,perm,2020,30.123233481694793
R32OAS-CPA,urb,mfh,perm,2025,33.375524014871054
R32OAS-CPA,urb,mfh,perm,2030,35.83875773231922
R32OAS-CPA,urb,mfh,perm,2035,37.89396091440449
R32OAS-CPA,urb,mfh,perm,2040,39.52905154643418
R32OAS-CPA,urb,mfh,perm,2045,40.75519469904893
R32OAS-CPA,urb,mfh,perm,2050,41.61830879554815
R32OAS-CPA,urb,mfh,perm,2055,42.14200464200649
R32OAS-CPA,urb,mfh,perm,2060,42.397607808308685
R32OAS-CPA,urb,mfh,perm,2065,42.55259533974047
R32OAS-CPA,urb,mfh,perm,2070,42.872601520625516
R32OAS-CPA,urb,mfh,perm,2075,42.609979372912946
R32OAS-CPA,urb,mfh,perm,2080,42.22142637317784
R32OAS-CPA,urb,mfh,perm,2085,41.759703703691045
R32OAS-CPA,urb,mfh,perm,2090,41.239073569007665
R32OAS-CPA,urb,mfh,perm,2095,40.67500670647748
R32OAS-CPA,urb,mfh,perm,2100,40.08256352443771
R32OAS-CPA,urb,sfh,perm,2020,40.99791126791516
R32OAS-CPA,urb,sfh,perm,2025,45.42429925105338
R32OAS-CPA,urb,sfh,perm,2030,48.77677591799037
R32OAS-CPA,urb,sfh,perm,2035,51.57392044591332
R32OAS-CPA,urb,sfh,perm,2040,53.799289136418906
R32OAS-CPA,urb,sfh,perm,2045,55.468077721256876
R32OAS-CPA,urb,sfh,perm,2050,56.642781464925854
R32OAS-CPA,urb,sfh,perm,2055,57.3555348238082
R32OAS-CPA,urb,sfh,perm,2060,57.70341234957991
R32OAS-CPA,urb,sfh,perm,2065,57.9143513599997
R32OAS-CPA,urb,sfh,perm,2070,58.349881795903336
R32OAS-CPA,urb,sfh,perm,2075,57.99245139204406
R32OAS-CPA,urb,sfh,perm,2080,57.46362830219544
R32OAS-CPA,urb,sfh,perm,2085,56.835220829089735
R32OAS-CPA,urb,sfh,perm,2090,56.12663992332067
R32OAS-CPA,urb,sfh,perm,2095,55.35894135625826
R32OAS-CPA,urb,sfh,perm,2100,54.55262243889146
R32OAS-L-PAS,rur,mfh,perm,2020,13.437674102775825
R32OAS-L-PAS,rur,mfh,perm,2025,15.372796436944556
R32OAS-L-PAS,rur,mfh,perm,2030,17.005700455470436
R32OAS-L-PAS,rur,mfh,perm,2035,18.50895839877048
R32OAS-L-PAS,rur,mfh,perm,2040,19.868093773713326
R32OAS-L-PAS,rur,mfh,perm,2045,21.073874246146264
R32OAS-L-PAS,rur,mfh,perm,2050,22.122175290415832
R32OAS-L-PAS,rur,mfh,perm,2055,23.013612968617338
R32OAS-L-PAS,rur,mfh,perm,2060,23.752461496017375
R32OAS-L-PAS,rur,mfh,perm,2065,24.429614795710815
R32OAS-L-PAS,rur,mfh,perm,2070,24.977140380995642
R32OAS-L-PAS,rur,mfh,perm,2075,25.405167846706846
R32OAS-L-PAS,rur,mfh,perm,2080,25.72433457080169
R32OAS-L-PAS,rur,mfh,perm,2085,25.945786749367432
R32OAS-L-PAS,rur,mfh,perm,2090,26.080368766516145
R32OAS-L-PAS,rur,mfh,perm,2095,26.13842308431389
R32OAS-L-PAS,rur,mfh,perm,2100,26.129794232569388
R32OAS-L-PAS,rur,sfh,perm,2020,15.203363611172689
R32OAS-L-PAS,rur,sfh,perm,2025,17.392758014806205
R32OAS-L-PAS,rur,sfh,perm,2030,19.24022308546645
R32OAS-L-PAS,rur,sfh,perm,2035,20.94100678795653
R32OAS-L-PAS,rur,sfh,perm,2040,22.47873044042963
R32OAS-L-PAS,rur,sfh,perm,2045,23.84294859436318
R32OAS-L-PAS,rur,sfh,perm,2050,25.028994767838242
R32OAS-L-PAS,rur,sfh,perm,2055,26.037565972552716
R32OAS-L-PAS,rur,sfh,perm,2060,26.873498049021357
R32OAS-L-PAS,rur,sfh,perm,2065,27.639628240675442
R32OAS-L-PAS,rur,sfh,perm,2070,28.25909783755945
R32OAS-L-PAS,rur,sfh,perm,2075,28.743367447538454
R32OAS-L-PAS,rur,sfh,perm,2080,29.10447218351345
R32OAS-L-PAS,rur,sfh,perm,2085,29.35502283442749
R32OAS-L-PAS,rur,sfh,perm,2090,29.50728871962367
R32OAS-L-PAS,rur,sfh,perm,2095,29.572971284621683
R32OAS-L-PAS,rur,sfh,perm,2100,29.56320861515856
R32OAS-L-PAS,urb,inf,sub,2020,10.541022626160016
R32OAS-L-PAS,urb,inf,sub,2025,12.220650199994278
R32OAS-L-PAS,urb,inf,sub,2030,13.596528790470806
R32OAS-L-PAS,urb,inf,sub,2035,14.799482324060438
R32OAS-L-PAS,urb,inf,sub,2040,15.807239575911508
R32OAS-L-PAS,urb,inf,sub,2045,16.609594306484258
R32OAS-L-PAS,urb,inf,sub,2050,17.212289985964016
R32OAS-L-PAS,urb,inf,sub,2055,17.579918987086575
R32OAS-L-PAS,urb,inf,sub,2060,17.840371064065828
R32OAS-L-PAS,urb,inf,sub,2065,18.01812429208541
R32OAS-L-PAS,urb,inf,sub,2070,18.07842238233014
R32OAS-L-PAS,urb,inf,sub,2075,18.03135541455163
R32OAS-L-PAS,urb,inf,sub,2080,16.331505026927854
R32OAS-L-PAS,urb,inf,sub,2085,16.425233010149043
R32OAS-L-PAS,urb,inf,sub,2090,16.465063046882904
R32OAS-L-PAS,urb,inf,sub,2095,16.457885628242636
R32OAS-L-PAS,urb,inf,sub,2100,16.409127956431252
R32OAS-L-PAS,urb,mfh,perm,2020,14.744009848988634
R32OAS-L-PAS,urb,mfh,perm,2025,16.74153089244483
R32OAS-L-PAS,urb,mfh,perm,2030,18.340918756554103
R32OAS-L-PAS,urb,mfh,perm,2035,19.73069276173325
R32OAS-L-PAS,urb,mfh,perm,2040,20.912237944822042
R32OAS-L-PAS,urb,mfh,perm,2045,21.891900203830666
R32OAS-L-PAS,urb,mfh,perm,2050,22.682239583497555
R32OAS-L-PAS,urb,mfh,perm,2055,23.31008049401064
R32OAS-L-PAS,urb,mfh,perm,2060,23.768207867529302
R32OAS-L-PAS,urb,mfh,perm,2065,24.16479905673772
R32OAS-L-PAS,urb,mfh,perm,2070,24.43326555834451
R32OAS-L-PAS,urb,mfh,perm,2075,24.58626364166845
R32OAS-L-PAS,urb,mfh,perm,2080,24.785218865959646
R32OAS-L-PAS,urb,mfh,perm,2085,24.690499055390283
R32OAS-L-PAS,urb,mfh,perm,2090,24.535688800538075
R32OAS-L-PAS,urb,mfh,perm,2095,24.33151871459634
R32OAS-L-PAS,urb,mfh,perm,2100,24.093908010255323
R32OAS-L-PAS,urb,sfh,perm,2020,20.06669064559182
R32OAS-L-PAS,urb,sfh,perm,2025,22.78532941805878
R32OAS-L-PAS,urb,sfh,perm,2030,24.962106415640353
R32OAS-L-PAS,urb,sfh,perm,2035,26.853597625619983
R32OAS-L-PAS,urb,sfh,perm,2040,28.46168809189556
R32OAS-L-PAS,urb,sfh,perm,2045,29.795014621790425
R32OAS-L-PAS,urb,sfh,perm,2050,30.8706715156233
R32OAS-L-PAS,urb,sfh,perm,2055,31.725166965297532
R32OAS-L-PAS,urb,sfh,perm,2060,32.34868121785394
R32OAS-L-PAS,urb,sfh,perm,2065,32.888444334409265
R32OAS-L-PAS,urb,sfh,perm,2070,33.253828940878265
R32OAS-L-PAS,urb,sfh,perm,2075,33.462060299842044
R32OAS-L-PAS,urb,sfh,perm,2080,33.73283961829519
R32OAS-L-PAS,urb,sfh,perm,2085,33.6039253571022
R32OAS-L-PAS,urb,sfh,perm,2090,33.3932276212283
R32OAS-L-PAS,urb,sfh,perm,2095,33.11535084308996
R32OAS-L-PAS,urb,sfh,perm,2100,32.791961171831744
R32OAS-L-SAS,rur,mfh,perm,2020,10.745000955940966
R32OAS-L-SAS,rur,mfh,perm,2025,12.291880679701803
R32OAS-L-SAS,rur,mfh,perm,2030,12.678754868315831
R32OAS-L-SAS,rur,mfh,perm,2035,13.06562905692986
R32OAS-L-SAS,rur,mfh,perm,2040,13.452503245543888
R32OAS-L-SAS,rur,mfh,perm,2045,13.839377434157916
R32OAS-L-SAS,rur,mfh,perm,2050,14.226251622771944
R32OAS-L-SAS,rur,mfh,perm,2055,14.613125811385972
R32OAS-L-SAS,rur,mfh,perm,2060,15
R32OAS-L-SAS,rur,mfh,perm,2065,15
R32OAS-L-SAS,rur,mfh,perm,2070,15
R32OAS-L-SAS,rur,mfh,perm,2075,15
R32OAS-L-SAS,rur,mfh,perm,2080,15
R32OAS-L-SAS,rur,mfh,perm,2085,15
R32OAS-L-SAS,rur,mfh,perm,2090,15
R32OAS-L-SAS,rur,mfh,perm,2095,15
R32OAS-L-SAS,rur,mfh,perm,2100,15
R32OAS-L-SAS,rur,sfh,perm,2020,15.2463231138911
R32OAS-L-SAS,rur,sfh,perm,2025,17.44122548602579
R32OAS-L-SAS,rur,sfh,perm,2030,19.292007964675292
R32OAS-L-SAS,rur,sfh,perm,2035,20.994463481943026
R32OAS-L-SAS,rur,sfh,perm,2040,22.53232256938439
R32OAS-L-SAS,rur,sfh,perm,2045,23.895536796207075
R32OAS-L-SAS,rur,sfh,perm,2050,25.079260994395
R32OAS-L-SAS,rur,sfh,perm,2055,26.084434959968295
R32OAS-L-SAS,rur,sfh,perm,2060,26.916059434216123
R32OAS-L-SAS,rur,sfh,perm,2065,27.677238313440572
R32OAS-L-SAS,rur,sfh,perm,2070,28.29113307366593
R32OAS-L-SAS,rur,sfh,perm,2075,28.769500163691095
R32OAS-L-SAS,rur,sfh,perm,2080,29.12434226633345
R32OAS-L-SAS,rur,sfh,perm,2085,29.368523721228158
R32OAS-L-SAS,rur,sfh,perm,2090,29.51426882070098
R32OAS-L-SAS,rur,sfh,perm,2095,29.573581374453664
R32OAS-L-SAS,rur,sfh,perm,2100,29.55756970000355
R32OAS-L-SAS,urb,inf,sub,2020,10.210186883954355
R32OAS-L-SAS,urb,inf,sub,2025,11.768407037504064
R32OAS-L-SAS,urb,inf,sub,2030,13.076851746740289
R32OAS-L-SAS,urb,inf,sub,2035,14.253495743184471
R32OAS-L-SAS,urb,inf,sub,2040,15.274924307971052
R32OAS-L-SAS,urb,inf,sub,2045,16.126851952852423
R32OAS-L-SAS,urb,inf,sub,2050,16.80443362477472
R32OAS-L-SAS,urb,inf,sub,2055,17.307703585000453
R32OAS-L-SAS,urb,inf,sub,2060,17.646815943125585
R32OAS-L-SAS,urb,inf,sub,2065,17.896977877596854
R32OAS-L-SAS,urb,inf,sub,2070,18.012440610178775
R32OAS-L-SAS,urb,inf,sub,2075,18.00691900810603
R32OAS-L-SAS,urb,inf,sub,2080,17.901527928237414
R32OAS-L-SAS,urb,inf,sub,2085,16.27328384286231
R32OAS-L-SAS,urb,inf,sub,2090,16.303259952770134
R32OAS-L-SAS,urb,inf,sub,2095,15.883453279195265
R32OAS-L-SAS,urb,inf,sub,2100,15.884245941174232
R32OAS-L-SAS,urb,mfh,perm,2020,18.976169473642276
R32OAS-L-SAS,urb,mfh,perm,2025,21.0407522942666
R32OAS-L-SAS,urb,mfh,perm,2030,22.597989460348963
R32OAS-L-SAS,urb,mfh,perm,2035,23.924902703238953
R32OAS-L-SAS,urb,mfh,perm,2040,25.029681045710674
R32OAS-L-SAS,urb,mfh,perm,2045,25.927717970440266
R32OAS-L-SAS,urb,mfh,perm,2050,26.63554909564904
R32OAS-L-SAS,urb,mfh,perm,2055,27.167352268252746
R32OAS-L-SAS,urb,mfh,perm,2060,27.540159873889195
R32OAS-L-SAS,urb,mfh,perm,2065,27.862817541997565
R32OAS-L-SAS,urb,mfh,perm,2070,28.05518448913982
R32OAS-L-SAS,urb,mfh,perm,2075,28.12952306877985
R32OAS-L-SAS,urb,mfh,perm,2080,28.103260470081654
R32OAS-L-SAS,urb,mfh,perm,2085,28.150181908481915
R32OAS-L-SAS,urb,mfh,perm,2090,27.894184308723197
R32OAS-L-SAS,urb,mfh,perm,2095,27.63865551009895
R32OAS-L-SAS,urb,mfh,perm,2100,27.27670968836633
R32OAS-L-SAS,urb,sfh,perm,2020,22.793516943848125
R32OAS-L-SAS,urb,sfh,perm,2025,25.273422257154003
R32OAS-L-SAS,urb,sfh,perm,2030,27.143921557868534
R32OAS-L-SAS,urb,sfh,perm,2035,28.737763746453513
R32OAS-L-SAS,urb,sfh,perm,2040,30.06478519318453
R32OAS-L-SAS,urb,sfh,perm,2045,31.143476015821687
R32OAS-L-SAS,urb,sfh,perm,2050,31.993698225748673
R32OAS-L-SAS,urb,sfh,perm,2055,32.63248176119147
R32OAS-L-SAS,urb,sfh,perm,2060,33.08028533333351
R32OAS-L-SAS,urb,sfh,perm,2065,33.46785053901456
R32OAS-L-SAS,urb,sfh,perm,2070,33.698915047329244
R32OAS-L-SAS,urb,sfh,perm,2075,33.78820797217165
R32OAS-L-SAS,urb,sfh,perm,2080,33.75666224903463
R32OAS-L-SAS,urb,sfh,perm,2085,33.81302265426243
R32OAS-L-SAS,urb,sfh,perm,2090,33.505527211845056
R32OAS-L-SAS,urb,sfh,perm,2095,33.19859487709895
R32OAS-L-SAS,urb,sfh,perm,2100,32.76383810324758
R32OAS-M-PAS,rur,mfh,perm,2020,13.443410578861949
R32OAS-M-PAS,rur,mfh,perm,2025,15.379196149154264
R32OAS-M-PAS,rur,mfh,perm,2030,17.012084915371474
R32OAS-M-PAS,rur,mfh,perm,2035,18.514748204077478
R32OAS-M-PAS,rur,mfh,perm,2040,19.872933545184782
R32OAS-M-PAS,rur,mfh,perm,2045,21.077373166326
R32OAS-M-PAS,rur,mfh,perm,2050,22.124134354323918
R32OAS-M-PAS,rur,mfh,perm,2055,23.013845783974286
R32OAS-M-PAS,rur,mfh,perm,2060,23.750772634732087
R32OAS-M-PAS,rur,mfh,perm,2065,24.42609892008426
R32OAS-M-PAS,rur,mfh,perm,2070,24.97188164204452
R32OAS-M-PAS,rur,mfh,perm,2075,25.398137008415965
R32OAS-M-PAS,rur,mfh,perm,2080,25.715749521092437
R32OAS-M-PAS,rur,mfh,perm,2085,25.935766022796372
R32OAS-M-PAS,rur,mfh,perm,2090,26.069051948655964
R32OAS-M-PAS,rur,mfh,perm,2095,26.125940741062198
R32OAS-M-PAS,rur,mfh,perm,2100,26.116082142695355
R32OAS-M-PAS,rur,sfh,perm,2020,15.20985385130778
R32OAS-M-PAS,rur,sfh,perm,2025,17.399998639261515
R32OAS-M-PAS,rur,sfh,perm,2030,19.247446453483413
R32OAS-M-PAS,rur,sfh,perm,2035,20.9475573646893
R32OAS-M-PAS,rur,sfh,perm,2040,22.48420615035627
R32OAS-M-PAS,rur,sfh,perm,2045,23.84690726722072
R32OAS-M-PAS,rur,sfh,perm,2050,25.03121124970143
R32OAS-M-PAS,rur,sfh,perm,2055,26.03782937948601
R32OAS-M-PAS,rur,sfh,perm,2060,26.87158727398598
R32OAS-M-PAS,rur,sfh,perm,2065,27.635650384451708
R32OAS-M-PAS,rur,sfh,perm,2070,28.253148108476974
R32OAS-M-PAS,rur,sfh,perm,2075,28.735412768015053
R32OAS-M-PAS,rur,sfh,perm,2080,29.094759071604972
R32OAS-M-PAS,rur,sfh,perm,2085,29.343685399947184
R32OAS-M-PAS,rur,sfh,perm,2090,29.494484889471686
R32OAS-M-PAS,rur,sfh,perm,2095,29.558848780851804
R32OAS-M-PAS,rur,sfh,perm,2100,29.547694777969966
R32OAS-M-PAS,urb,inf,sub,2020,9.383933439171898
R32OAS-M-PAS,urb,inf,sub,2025,10.631276634009042
R32OAS-M-PAS,urb,inf,sub,2030,11.62876938463256
R32OAS-M-PAS,urb,inf,sub,2035,11.840056443118542
R32OAS-M-PAS,urb,inf,sub,2040,11.992843705357531
R32OAS-M-PAS,urb,inf,sub,2045,12.731302433511287
R32OAS-M-PAS,urb,inf,sub,2050,13.375097569597706
R32OAS-M-PAS,urb,inf,sub,2055,13.924227609534727
R32OAS-M-PAS,urb,inf,sub,2060,14.381083357795893
R32OAS-M-PAS,urb,inf,sub,2065,14.800501476521431
R32OAS-M-PAS,urb,inf,sub,2070,15.141237734899773
R32OAS-M-PAS,urb,inf,sub,2075,15.409212217008486
R32OAS-M-PAS,urb,inf,sub,2080,15.610864631872357
R32OAS-M-PAS,urb,inf,sub,2085,15.752813544844283
R32OAS-M-PAS,urb,inf,sub,2090,15.841591624086872
R32OAS-M-PAS,urb,inf,sub,2095,15.883453279195265
R32OAS-M-PAS,urb,inf,sub,2100,15.884245941174232
R32OAS-M-PAS,urb,mfh,perm,2020,13.542450370110782
R32OAS-M-PAS,urb,mfh,perm,2025,15.325375604912232
R32OAS-M-PAS,urb,mfh,perm,2030,16.771785804610545
R32OAS-M-PAS,urb,mfh,perm,2035,18.161941235333714
R32OAS-M-PAS,urb,mfh,perm,2040,19.316221462508903
R32OAS-M-PAS,urb,mfh,perm,2045,20.238442814222413
R32OAS-M-PAS,urb,mfh,perm,2050,21.00375203962384
R32OAS-M-PAS,urb,mfh,perm,2055,21.62170713631077
R32OAS-M-PAS,urb,mfh,perm,2060,22.102852676867897
R32OAS-M-PAS,urb,mfh,perm,2065,22.53510417448272
R32OAS-M-PAS,urb,mfh,perm,2070,22.92528199286996
R32OAS-M-PAS,urb,mfh,perm,2075,23.31048227688046
R32OAS-M-PAS,urb,mfh,perm,2080,23.59551123076795
R32OAS-M-PAS,urb,mfh,perm,2085,23.79077593264153
R32OAS-M-PAS,urb,mfh,perm,2090,23.906450033295513
R32OAS-M-PAS,urb,mfh,perm,2095,23.95182698962404
R32OAS-M-PAS,urb,mfh,perm,2100,23.935305789648307
R32OAS-M-PAS,urb,sfh,perm,2020,17.907648194446864
R32OAS-M-PAS,urb,sfh,perm,2025,20.28708827827349
R32OAS-M-PAS,urb,sfh,perm,2030,22.22052732526902
R32OAS-M-PAS,urb,sfh,perm,2035,24.081922568141604
R32OAS-M-PAS,urb,sfh,perm,2040,25.62672742798582
R32OAS-M-PAS,urb,sfh,perm,2045,26.860236395608496
R32OAS-M-PAS,urb,sfh,perm,2050,27.8847177099179
R32OAS-M-PAS,urb,sfh,perm,2055,28.712689148193213
R32OAS-M-PAS,urb,sfh,perm,2060,29.35785649325103
R32OAS-M-PAS,urb,sfh,perm,2065,29.93887835033491
R32OAS-M-PAS,urb,sfh,perm,2070,30.467546851506402
R32OAS-M-PAS,urb,sfh,perm,2075,30.99373650420151
R32OAS-M-PAS,urb,sfh,perm,2080,31.38723568842768
R32OAS-M-PAS,urb,sfh,perm,2085,31.661412430446777
R32OAS-M-PAS,urb,sfh,perm,2090,31.829462581951994
R32OAS-M-PAS,urb,sfh,perm,2095,31.904039946341882
R32OAS-M-PAS,urb,sfh,perm,2100,31.897071324959605
R32OAS-M-SAS,rur,mfh,perm,2020,10.79855528284154
R32OAS-M-SAS,rur,mfh,perm,2025,12.35609373166903
R32OAS-M-SAS,rur,mfh,perm,2030,12.733794627144883
R32OAS-M-SAS,rur,mfh,perm,2035,13.111495522620736
R32OAS-M-SAS,rur,mfh,perm,2040,13.489196418096588
R32OAS-M-SAS,rur,mfh,perm,2045,13.86689731357244
R32OAS-M-SAS,rur,mfh,perm,2050,14.244598209048295
R32OAS-M-SAS,rur,mfh,perm,2055,14.622299104524147
R32OAS-M-SAS,rur,mfh,perm,2060,15
R32OAS-M-SAS,rur,mfh,perm,2065,15
R32OAS-M-SAS,rur,mfh,perm,2070,15
R32OAS-M-SAS,rur,mfh,perm,2075,15
R32OAS-M-SAS,rur,mfh,perm,2080,15
R32OAS-M-SAS,rur,mfh,perm,2085,15
R32OAS-M-SAS,rur,mfh,perm,2090,15
R32OAS-M-SAS,rur,mfh,perm,2095,15
R32OAS-M-SAS,rur,mfh,perm,2100,15
R32OAS-M-SAS,rur,sfh,perm,2020,15.322312550785629
R32OAS-M-SAS,rur,sfh,perm,2025,17.532338827237744
R32OAS-M-SAS,rur,sfh,perm,2030,19.396576023073514
R32OAS-M-SAS,rur,sfh,perm,2035,21.111120210784968
R32OAS-M-SAS,rur,sfh,perm,2040,22.659164764693315
R32OAS-M-SAS,rur,sfh,perm,2045,24.030259210538954
R32OAS-M-SAS,rur,sfh,perm,2050,25.219619973981423
R32OAS-M-SAS,rur,sfh,perm,2055,26.227994154343406
R32OAS-M-SAS,rur,sfh,perm,2060,27.060477418597134
R32OAS-M-SAS,rur,sfh,perm,2065,27.821285173195136
R32OAS-M-SAS,rur,sfh,perm,2070,28.43329692724238
R32OAS-M-SAS,rur,sfh,perm,2075,28.908346399253812
R32OAS-M-SAS,rur,sfh,perm,2080,29.25879879437175
R32OAS-M-SAS,rur,sfh,perm,2085,29.49792049348897
R32OAS-M-SAS,rur,sfh,perm,2090,29.638108410304444
R32OAS-M-SAS,rur,sfh,perm,2095,29.69144521939704
R32OAS-M-SAS,rur,sfh,perm,2100,29.66911033319811
R32OAS-M-SAS,urb,inf,sub,2020,8.276022160176804
R32OAS-M-SAS,urb,inf,sub,2025,9.461349445564812
R32OAS-M-SAS,urb,inf,sub,2030,9.538299524769839
R32OAS-M-SAS,urb,inf,sub,2035,9.615249603974865
R32OAS-M-SAS,urb,inf,sub,2040,9.692199683179892
R32OAS-M-SAS,urb,inf,sub,2045,9.76914976238492
R32OAS-M-SAS,urb,inf,sub,2050,9.846099841589947
R32OAS-M-SAS,urb,inf,sub,2055,9.923049920794973
R32OAS-M-SAS,urb,inf,sub,2060,10
R32OAS-M-SAS,urb,inf,sub,2065,10
R32OAS-M-SAS,urb,inf,sub,2070,10
R32OAS-M-SAS,urb,inf,sub,2075,10
R32OAS-M-SAS,urb,inf,sub,2080,10
R32OAS-M-SAS,urb,inf,sub,2085,10
R32OAS-M-SAS,urb,inf,sub,2090,10
R32OAS-M-SAS,urb,inf,sub,2095,10
R32OAS-M-SAS,urb,inf,sub,2100,10
R32OAS-M-SAS,urb,mfh,perm,2020,17.129346117973142
R32OAS-M-SAS,urb,mfh,perm,2025,18.91472003227724
R32OAS-M-SAS,urb,mfh,perm,2030,20.322828426547837
R32OAS-M-SAS,urb,mfh,perm,2035,21.605664632663593
R32OAS-M-SAS,urb,mfh,perm,2040,22.708127928724075
R32OAS-M-SAS,urb,mfh,perm,2045,23.650045261445484
R32OAS-M-SAS,urb,mfh,perm,2050,24.42850156432468
R32OAS-M-SAS,urb,mfh,perm,2055,25.04283621988483
R32OAS-M-SAS,urb,mfh,perm,2060,25.497190312463907
R32OAS-M-SAS,urb,mfh,perm,2065,25.917562117664318
R32OAS-M-SAS,urb,mfh,perm,2070,26.215566165401434
R32OAS-M-SAS,urb,mfh,perm,2075,26.410736269915176
R32OAS-M-SAS,urb,mfh,perm,2080,26.505857203561952
R32OAS-M-SAS,urb,mfh,perm,2085,26.511810068362802
R32OAS-M-SAS,urb,mfh,perm,2090,26.632580907950832
R32OAS-M-SAS,urb,mfh,perm,2095,26.67764599791364
R32OAS-M-SAS,urb,mfh,perm,2100,26.658768746761076
R32OAS-M-SAS,urb,sfh,perm,2020,20.57517675099681
R32OAS-M-SAS,urb,sfh,perm,2025,22.71970600508678
R32OAS-M-SAS,urb,sfh,perm,2030,24.411076994799025
R32OAS-M-SAS,urb,sfh,perm,2035,25.951975374785352
R32OAS-M-SAS,urb,sfh,perm,2040,27.276216068020585
R32OAS-M-SAS,urb,sfh,perm,2045,28.40761451557927
R32OAS-M-SAS,urb,sfh,perm,2050,29.342669240631572
R32OAS-M-SAS,urb,sfh,perm,2055,30.080586732365255
R32OAS-M-SAS,urb,sfh,perm,2060,30.626341117732267
R32OAS-M-SAS,urb,sfh,perm,2065,31.13127715753001
R32OAS-M-SAS,urb,sfh,perm,2070,31.489229289063513
R32OAS-M-SAS,urb,sfh,perm,2075,31.723660852838584
R32OAS-M-SAS,urb,sfh,perm,2080,31.8379168208728
R32OAS-M-SAS,urb,sfh,perm,2085,31.845067195709568
R32OAS-M-SAS,urb,sfh,perm,2090,31.990132941580786
R32OAS-M-SAS,urb,sfh,perm,2095,32.0442635654177
R32OAS-M-SAS,urb,sfh,perm,2100,32.02158886573202
R32PAK,rur,mfh,perm,2020,10.715589657396343
R32PAK,rur,mfh,perm,2025,12.259005481849057
R32PAK,rur,mfh,perm,2030,12.65057612729919
R32PAK,rur,mfh,perm,2035,13.042146772749327
R32PAK,rur,mfh,perm,2040,13.43371741819946
R32PAK,rur,mfh,perm,2045,13.825288063649596
R32PAK,rur,mfh,perm,2050,14.21685870909973
R32PAK,rur,mfh,perm,2055,14.608429354549866
R32PAK,rur,mfh,perm,2060,15
R32PAK,rur,mfh,perm,2065,15
R32PAK,rur,mfh,perm,2070,15
R32PAK,rur,mfh,perm,2075,15
R32PAK,rur,mfh,perm,2080,15
R32PAK,rur,mfh,perm,2085,15
R32PAK,rur,mfh,perm,2090,15
R32PAK,rur,mfh,perm,2095,15
R32PAK,rur,mfh,perm,2100,15
R32PAK,rur,sfh,perm,2020,15.204590762014249
R32PAK,rur,sfh,perm,2025,17.394578129645712
R32PAK,rur,sfh,perm,2030,19.242133211849563
R32PAK,rur,sfh,perm,2035,20.9424565037896
R32PAK,rur,sfh,perm,2040,22.47914828436009
R32PAK,rur,sfh,perm,2045,23.841783628906278
R32PAK,rur,sfh,perm,2050,25.025878693144907
R32PAK,rur,sfh,perm,2055,26.03228616005583
R32PAK,rur,sfh,perm,2060,26.865541336027633
R32PAK,rur,sfh,perm,2065,27.62885329928221
R32PAK,rur,sfh,perm,2070,28.24546520145652
R32PAK,rur,sfh,perm,2075,28.72645868853875
R32PAK,rur,sfh,perm,2080,29.084382690459304
R32PAK,rur,sfh,perm,2085,29.33178912120994
R32PAK,rur,sfh,perm,2090,29.480789985743193
R32PAK,rur,sfh,perm,2095,29.543513209947594
R32PAK,rur,sfh,perm,2100,29.530596891918254
R32PAK,urb,inf,sub,2020,10.43947920355617
R32PAK,urb,inf,sub,2025,12.113023397317498
R32PAK,urb,inf,sub,2030,13.517770718263032
R32PAK,urb,inf,sub,2035,14.764691270847607
R32PAK,urb,inf,sub,2040,15.82539785852289
R32PAK,urb,inf,sub,2045,16.68514734324046
R32PAK,urb,inf,sub,2050,17.34227837720312
R32PAK,urb,inf,sub,2055,17.808995126073317
R32PAK,urb,inf,sub,2060,18.10441995295577
R32PAK,urb,inf,sub,2065,18.30351055917024
R32PAK,urb,inf,sub,2070,18.36311389756314
R32PAK,urb,inf,sub,2075,18.306966606164274
R32PAK,urb,inf,sub,2080,18.15569549996228
R32PAK,urb,inf,sub,2085,16.35350678239743
R32PAK,urb,inf,sub,2090,16.369579814068306
R32PAK,urb,inf,sub,2095,15.883453279195265
R32PAK,urb,inf,sub,2100,15.884245941174235
R32PAK,urb,mfh,perm,2020,17.935927396612616
R32PAK,urb,mfh,perm,2025,20.27302970371843
R32PAK,urb,mfh,perm,2030,22.060194488950426
R32PAK,urb,mfh,perm,2035,23.55887992112989
R32PAK,urb,mfh,perm,2040,24.787002889508237
R32PAK,urb,mfh,perm,2045,25.7705270507593
R32PAK,urb,mfh,perm,2050,26.5358484035413
R32PAK,urb,mfh,perm,2055,27.110284764311867
R32PAK,urb,mfh,perm,2060,27.51528573895767
R32PAK,urb,mfh,perm,2065,27.857978530064152
R32PAK,urb,mfh,perm,2070,28.061626105868445
R32PAK,urb,mfh,perm,2075,28.145033050600095
R32PAK,urb,mfh,perm,2080,28.12528329876789
R32PAK,urb,mfh,perm,2085,28.1991256854742
R32PAK,urb,mfh,perm,2090,27.934867385401148
R32PAK,urb,mfh,perm,2095,27.679746579213536
R32PAK,urb,mfh,perm,2100,27.301288062297797
R32PAK,urb,sfh,perm,2020,21.544014221951944
R32PAK,urb,sfh,perm,2025,24.351260495258863
R32PAK,urb,sfh,perm,2030,26.497940881425098
R32PAK,urb,sfh,perm,2035,28.298109869129874
R32PAK,urb,sfh,perm,2040,29.773288604635134
R32PAK,urb,sfh,perm,2045,30.954663732281325
R32PAK,urb,sfh,perm,2050,31.873941210613044
R32PAK,urb,sfh,perm,2055,32.563934253759776
R32PAK,urb,sfh,perm,2060,33.05040738474053
R32PAK,urb,sfh,perm,2065,33.46203808562934
R32PAK,urb,sfh,perm,2070,33.706652494038586
R32PAK,urb,sfh,perm,2075,33.8068380246651
R32PAK,urb,sfh,perm,2080,33.78311530740915
R32PAK,urb,sfh,perm,2085,33.871812222500594
R32PAK,urb,sfh,perm,2090,33.55439431323107
R32PAK,urb,sfh,perm,2095,33.24795204485638
R32PAK,urb,sfh,perm,2100,32.793360793980156
R32RUS,rur,mfh,perm,2020,24.251772870565578
R32RUS,rur,mfh,perm,2025,26.939394763819127
R32RUS,rur,mfh,perm,2030,28.688401733780335
R32RUS,rur,mfh,perm,2035,30.199307200371184
R32RUS,rur,mfh,perm,2040,31.453547102078584
R32RUS,rur,mfh,perm,2045,32.44117987858613
R32RUS,rur,mfh,perm,2050,33.16038389588615
R32RUS,rur,mfh,perm,2055,34.846324130109906
R32RUS,rur,mfh,perm,2060,36.3891254486806
R32RUS,rur,mfh,perm,2065,37.78910269333739
R32RUS,rur,mfh,perm,2070,39.05002255989572
R32RUS,rur,mfh,perm,2075,40.17828021589488
R32RUS,rur,mfh,perm,2080,41.18211606239778
R32RUS,rur,mfh,perm,2085,42.07092156259845
R32RUS,rur,mfh,perm,2090,42.854659603174596
R32RUS,rur,mfh,perm,2095,43.543406346881056
R32RUS,rur,mfh,perm,2100,44.14700871682868
R32RUS,rur,sfh,perm,2020,27.070405197255788
R32RUS,rur,sfh,perm,2025,30.07039262315207
R32RUS,rur,sfh,perm,2030,32.02267576642441
R32RUS,rur,sfh,perm,2035,33.709184353390626
R32RUS,rur,sfh,perm,2040,35.10919673743344
R32RUS,rur,sfh,perm,2045,36.211615912676464
R32RUS,rur,sfh,perm,2050,37.01440852795102
R32RUS,rur,sfh,perm,2055,38.896295082075305
R32RUS,rur,sfh,perm,2060,40.618406576994445
R32RUS,rur,sfh,perm,2065,42.181094446539596
R32RUS,rur,sfh,perm,2070,43.58856316609172
R32RUS,rur,sfh,perm,2075,44.8479511736329
R32RUS,rur,sfh,perm,2080,45.96845660065451
R32RUS,rur,sfh,perm,2085,46.9605624215524
R32RUS,rur,sfh,perm,2090,47.83538944719429
R32RUS,rur,sfh,perm,2095,48.60418492989706
R32RUS,rur,sfh,perm,2100,49.277940239239314
R32RUS,urb,mfh,perm,2020,17.686151745049674
R32RUS,urb,mfh,perm,2025,19.646160561357355
R32RUS,urb,mfh,perm,2030,20.921663298372813
R32RUS,urb,mfh,perm,2035,22.02352514975867
R32RUS,urb,mfh,perm,2040,22.938207855418362
R32RUS,urb,mfh,perm,2045,23.65846130851322
R32RUS,urb,mfh,perm,2050,24.18295704140275
R32RUS,urb,mfh,perm,2055,25.412466940522574
R32RUS,urb,mfh,perm,2060,26.537589560560853
R32RUS,urb,mfh,perm,2065,27.55855450694908
R32RUS,urb,mfh,perm,2070,28.47810872747228
R32RUS,urb,mfh,perm,2075,29.30091604213807
R32RUS,urb,mfh,perm,2080,30.03298594907337
R32RUS,urb,mfh,perm,2085,30.681167384396915
R32RUS,urb,mfh,perm,2090,31.252726007676824
R32RUS,urb,mfh,perm,2095,31.75501008761252
R32RUS,urb,mfh,perm,2100,32.195200714728365
R32RUS,urb,sfh,perm,2020,22.597635542454512
R32RUS,urb,sfh,perm,2025,25.101943179830503
R32RUS,urb,sfh,perm,2030,26.731655872561756
R32RUS,urb,sfh,perm,2035,28.13950721833126
R32RUS,urb,sfh,perm,2040,29.308199352009765
R32RUS,urb,sfh,perm,2045,30.22846879591452
R32RUS,urb,sfh,perm,2050,30.898618163977456
R32RUS,urb,sfh,perm,2055,32.469565705119436
R32RUS,urb,sfh,perm,2060,33.9071373868909
R32RUS,urb,sfh,perm,2065,35.21162657666394
R32RUS,urb,sfh,perm,2070,36.3865430557519
R32RUS,urb,sfh,perm,2075,37.43784579738351
R32RUS,urb,sfh,perm,2080,38.3732131507227
R32RUS,urb,sfh,perm,2085,39.201396016728374
R32RUS,urb,sfh,perm,2090,39.9316777448404
R32RUS,urb,sfh,perm,2095,40.573447234370015
R32RUS,urb,sfh,perm,2100,41.13587978070122
R32SAF,rur,mfh,perm,2020,36.740509403013256
R32SAF,rur,mfh,perm,2025,36.94286361960129
R32SAF,rur,mfh,perm,2030,36.399531580103385
R32SAF,rur,mfh,perm,2035,35.8424421032051
R32SAF,rur,mfh,perm,2040,35.26952704304761
R32SAF,rur,mfh,perm,2045,34.67922980852231
R32SAF,rur,mfh,perm,2050,34.070637930135575
R32SAF,rur,mfh,perm,2055,34.20401329493298
R32SAF,rur,mfh,perm,2060,34.32485199810714
R32SAF,rur,mfh,perm,2065,34.002736565932
R32SAF,rur,mfh,perm,2070,33.66620434412743
R32SAF,rur,mfh,perm,2075,33.316150697215114
R32SAF,rur,mfh,perm,2080,32.95368609516338
R32SAF,rur,mfh,perm,2085,32.580348855765926
R32SAF,rur,mfh,perm,2090,32.197140759831115
R32SAF,rur,mfh,perm,2095,31.805258901805033
R32SAF,rur,mfh,perm,2100,31.405828041793068
R32SAF,rur,sfh,perm,2020,35.99093926640797
R32SAF,rur,sfh,perm,2025,36.189165105893046
R32SAF,rur,sfh,perm,2030,35.65691798268199
R32SAF,rur,sfh,perm,2035,35.111194097662676
R32SAF,rur,sfh,perm,2040,34.549967498740024
R32SAF,rur,sfh,perm,2045,33.97171335196473
R32SAF,rur,sfh,perm,2050,33.375537803804
R32SAF,rur,sfh,perm,2055,33.506192079753276
R32SAF,rur,sfh,perm,2060,33.62456546372754
R32SAF,rur,sfh,perm,2065,33.30902174523904
R32SAF,rur,sfh,perm,2070,32.9793553646427
R32SAF,rur,sfh,perm,2075,32.63644341947047
R32SAF,rur,sfh,perm,2080,32.281373724176675
R32SAF,rur,sfh,perm,2085,31.91565321220304
R32SAF,rur,sfh,perm,2090,31.54026322629135
R32SAF,rur,sfh,perm,2095,31.156376438084017
R32SAF,rur,sfh,perm,2100,30.765094660628844
R32SAF,urb,inf,sub,2020,24.133523208412964
R32SAF,urb,inf,sub,2025,24.134823752268552
R32SAF,urb,inf,sub,2030,23.589762004007603
R32SAF,urb,inf,sub,2035,22.99136131547575
R32SAF,urb,inf,sub,2040,22.350371613383942
R32SAF,urb,inf,sub,2045,21.673574563729083
R32SAF,urb,inf,sub,2050,20.972211736006727
R32SAF,urb,inf,sub,2055,18.479724948904412
R32SAF,urb,inf,sub,2060,18.55506704530421
R32SAF,urb,inf,sub,2065,18.390065455322485
R32SAF,urb,inf,sub,2070,18.216274030453718
R32SAF,urb,inf,sub,2075,18.034354124678725
R32SAF,urb,inf,sub,2080,17.845025141158523
R32SAF,urb,inf,sub,2085,17.64902646374073
R32SAF,urb,inf,sub,2090,17.44708788038746
R32SAF,urb,inf,sub,2095,17.239908093791072
R32SAF,urb,inf,sub,2100,17.028140341595012
R32SAF,urb,mfh,perm,2020,38.348090757070885
R32SAF,urb,mfh,perm,2025,38.29159607890373
R32SAF,urb,mfh,perm,2030,37.4614995761402
R32SAF,urb,mfh,perm,2035,36.62337207074048
R32SAF,urb,mfh,perm,2040,35.77679279276253
R32SAF,urb,mfh,perm,2045,34.919472335958815
R32SAF,urb,mfh,perm,2050,34.053147766831444
R32SAF,urb,mfh,perm,2055,34.16166013354454
R32SAF,urb,mfh,perm,2060,33.95912701013522
R32SAF,urb,mfh,perm,2065,33.34125533073662
R32SAF,urb,mfh,perm,2070,32.73747904760122
R32SAF,urb,mfh,perm,2075,32.141845111420665
R32SAF,urb,mfh,perm,2080,31.554175715226833
R32SAF,urb,mfh,perm,2085,30.9805027311476
R32SAF,urb,mfh,perm,2090,30.549193782134584
R32SAF,urb,mfh,perm,2095,30.177369622037798
R32SAF,urb,mfh,perm,2100,29.79838284069314
R32SAF,urb,sfh,perm,2020,42.043541030258424
R32SAF,urb,sfh,perm,2025,41.981602188646754
R32SAF,urb,sfh,perm,2030,41.07151264614255
R32SAF,urb,sfh,perm,2035,40.152618185787595
R32SAF,urb,sfh,perm,2040,39.22445748974383
R32SAF,urb,sfh,perm,2045,38.284520530951156
R32SAF,urb,sfh,perm,2050,37.334711769978824
R32SAF,urb,sfh,perm,2055,37.453681034214
R32SAF,urb,sfh,perm,2060,37.23163061355581
R32SAF,urb,sfh,perm,2065,36.55421714155812
R32SAF,urb,sfh,perm,2070,35.89225738210337
R32SAF,urb,sfh,perm,2075,35.23922461461926
R32SAF,urb,sfh,perm,2080,34.594923897599955
R32SAF,urb,sfh,perm,2085,33.96596837027324
R32SAF,urb,sfh,perm,2090,33.49309592378246
R32SAF,urb,sfh,perm,2095,33.08544057452136
R32SAF,urb,sfh,perm,2100,32.66993237119699
R32SSA-L,rur,mfh,perm,2020,12.554816374998968
R32SSA-L,rur,mfh,perm,2025,14.996228071749714
R32SSA-L,rur,mfh,perm,2030,14.996766918642612
R32SSA-L,rur,mfh,perm,2035,14.99730576553551
R32SSA-L,rur,mfh,perm,2040,14.997844612428407
R32SSA-L,rur,mfh,perm,2045,14.998383459321307
R32SSA-L,rur,mfh,perm,2050,14.998922306214205
R32SSA-L,rur,mfh,perm,2055,14.999461153107102
R32SSA-L,rur,mfh,perm,2060,15
R32SSA-L,rur,mfh,perm,2065,15
R32SSA-L,rur,mfh,perm,2070,15
R32SSA-L,rur,mfh,perm,2075,15
R32SSA-L,rur,mfh,perm,2080,15
R32SSA-L,rur,mfh,perm,2085,15
R32SSA-L,rur,mfh,perm,2090,15
R32SSA-L,rur,mfh,perm,2095,15
R32SSA-L,rur,mfh,perm,2100,15
R32SSA-L,rur,sfh,perm,2020,12.29867633834258
R32SSA-L,rur,sfh,perm,2025,14.690279000630316
R32SSA-L,rur,sfh,perm,2030,14.734524857683128
R32SSA-L,rur,sfh,perm,2035,14.77877071473594
R32SSA-L,rur,sfh,perm,2040,14.823016571788752
R32SSA-L,rur,sfh,perm,2045,14.867262428841563
R32SSA-L,rur,sfh,perm,2050,14.911508285894376
R32SSA-L,rur,sfh,perm,2055,14.955754142947187
R32SSA-L,rur,sfh,perm,2060,15
R32SSA-L,rur,sfh,perm,2065,15
R32SSA-L,rur,sfh,perm,2070,15
R32SSA-L,rur,sfh,perm,2075,15
R32SSA-L,rur,sfh,perm,2080,15
R32SSA-L,rur,sfh,perm,2085,15
R32SSA-L,rur,sfh,perm,2090,15
R32SSA-L,rur,sfh,perm,2095,15
R32SSA-L,rur,sfh,perm,2100,15
R32SSA-L,urb,inf,sub,2020,9.183689449509494
R32SSA-L,urb,inf,sub,2025,11.04984757270373
R32SSA-L,urb,inf,sub,2030,12.63715052205562
R32SSA-L,urb,inf,sub,2035,14.036382799200899
R32SSA-L,urb,inf,sub,2040,15.220142395094793
R32SSA-L,urb,inf,sub,2045,16.17594353016776
R32SSA-L,urb,inf,sub,2050,16.90268689867139
R32SSA-L,urb,inf,sub,2055,17.41323707923934
R32SSA-L,urb,inf,sub,2060,17.728488410060503
R32SSA-L,urb,inf,sub,2065,17.91840107690085
R32SSA-L,urb,inf,sub,2070,17.948741830630212
R32SSA-L,urb,inf,sub,2075,17.886952411830176
R32SSA-L,urb,inf,sub,2080,17.118841873253672
R32SSA-L,urb,inf,sub,2085,16.74510900471186
R32SSA-L,urb,inf,sub,2090,16.34877518193222
R32SSA-L,urb,inf,sub,2095,15.950694585653693
R32SSA-L,urb,inf,sub,2100,15.841735526394347
R32SSA-L,urb,mfh,perm,2020,17.02516775135683
R32SSA-L,urb,mfh,perm,2025,19.692567421897184
R32SSA-L,urb,mfh,perm,2030,21.944586530104118
R32SSA-L,urb,mfh,perm,2035,24.229749700752947
R32SSA-L,urb,mfh,perm,2040,26.011722240913347
R32SSA-L,urb,mfh,perm,2045,26.307549225291957
R32SSA-L,urb,mfh,perm,2050,26.977024302411845
R32SSA-L,urb,mfh,perm,2055,27.645980047660984
R32SSA-L,urb,mfh,perm,2060,28.165473993260786
R32SSA-L,urb,mfh,perm,2065,28.6139458658754
R32SSA-L,urb,mfh,perm,2070,28.904483651623575
R32SSA-L,urb,mfh,perm,2075,29.049942066171546
R32SSA-L,urb,mfh,perm,2080,29.13686702631242
R32SSA-L,urb,mfh,perm,2085,29.050206283958026
R32SSA-L,urb,mfh,perm,2090,28.87317712101308
R32SSA-L,urb,mfh,perm,2095,28.624034069670117
R32SSA-L,urb,mfh,perm,2100,28.321197909251026
R32SSA-L,urb,sfh,perm,2020,18.665814249676032
R32SSA-L,urb,sfh,perm,2025,21.59026042883249
R32SSA-L,urb,sfh,perm,2030,24.059297502323982
R32SSA-L,urb,sfh,perm,2035,26.56467259738772
R32SSA-L,urb,sfh,perm,2040,28.518366617818526
R32SSA-L,urb,sfh,perm,2045,28.842701251174073
R32SSA-L,urb,sfh,perm,2050,29.5766909314409
R32SSA-L,urb,sfh,perm,2055,30.310111233926836
R32SSA-L,urb,sfh,perm,2060,30.879666708152605
R32SSA-L,urb,sfh,perm,2065,31.371355999716947
R32SSA-L,urb,sfh,perm,2070,31.689891735780712
R32SSA-L,urb,sfh,perm,2075,31.84936738892301
R32SSA-L,urb,sfh,perm,2080,31.944668955600424
R32SSA-L,urb,sfh,perm,2085,31.84965706830802
R32SSA-L,urb,sfh,perm,2090,31.655568321544113
R32SSA-L,urb,sfh,perm,2095,31.382416362874316
R32SSA-L,urb,sfh,perm,2100,31.050397107556414
R32SSA-M,rur,mfh,perm,2020,12.362262089815664
R32SSA-M,rur,mfh,perm,2025,14.776172506669194
R32SSA-M,rur,mfh,perm,2030,14.80814786285931
R32SSA-M,rur,mfh,perm,2035,14.840123219049424
R32SSA-M,rur,mfh,perm,2040,14.872098575239539
R32SSA-M,rur,mfh,perm,2045,14.904073931429656
R32SSA-M,rur,mfh,perm,2050,14.93604928761977
R32SSA-M,rur,mfh,perm,2055,14.968024643809885
R32SSA-M,rur,mfh,perm,2060,15
R32SSA-M,rur,mfh,perm,2065,15
R32SSA-M,rur,mfh,perm,2070,15
R32SSA-M,rur,mfh,perm,2075,15
R32SSA-M,rur,mfh,perm,2080,15
R32SSA-M,rur,mfh,perm,2085,15
R32SSA-M,rur,mfh,perm,2090,15
R32SSA-M,rur,mfh,perm,2095,15
R32SSA-M,rur,mfh,perm,2100,15
R32SSA-M,rur,sfh,perm,2020,12.1100504946587
R32SSA-M,rur,sfh,perm,2025,14.474712950873846
R32SSA-M,rur,sfh,perm,2030,14.549753957891868
R32SSA-M,rur,sfh,perm,2035,14.62479496490989
R32SSA-M,rur,sfh,perm,2040,14.699835971927913
R32SSA-M,rur,sfh,perm,2045,14.774876978945933
R32SSA-M,rur,sfh,perm,2050,14.849917985963955
R32SSA-M,rur,sfh,perm,2055,14.924958992981978
R32SSA-M,rur,sfh,perm,2060,15
R32SSA-M,rur,sfh,perm,2065,15
R32SSA-M,rur,sfh,perm,2070,15
R32SSA-M,rur,sfh,perm,2075,15
R32SSA-M,rur,sfh,perm,2080,15
R32SSA-M,rur,sfh,perm,2085,15
R32SSA-M,rur,sfh,perm,2090,15
R32SSA-M,rur,sfh,perm,2095,15
R32SSA-M,rur,sfh,perm,2100,15
R32SSA-M,urb,inf,sub,2020,9.643555102908657
R32SSA-M,urb,inf,sub,2025,11.410168447741546
R32SSA-M,urb,inf,sub,2030,12.877643437492857
R32SSA-M,urb,inf,sub,2035,14.207766177954268
R32SSA-M,urb,inf,sub,2040,15.407595989821798
R32SSA-M,urb,inf,sub,2045,16.35099115651258
R32SSA-M,urb,inf,sub,2050,17.180987091052224
R32SSA-M,urb,inf,sub,2055,17.71170248308504
R32SSA-M,urb,inf,sub,2060,18.092586742296906
R32SSA-M,urb,inf,sub,2065,18.326230700058527
R32SSA-M,urb,inf,sub,2070,18.31549503998636
R32SSA-M,urb,inf,sub,2075,18.250026139455077
R32SSA-M,urb,inf,sub,2080,18.075849078418972
R32SSA-M,urb,inf,sub,2085,17.818579893319864
R32SSA-M,urb,inf,sub,2090,17.490779247829114
R32SSA-M,urb,inf,sub,2095,15.71378142132811
R32SSA-M,urb,inf,sub,2100,15.741162156860243
R32SSA-M,urb,mfh,perm,2020,14.05224539846555
R32SSA-M,urb,mfh,perm,2025,16.507001198568222
R32SSA-M,urb,mfh,perm,2030,18.611831780926888
R32SSA-M,urb,mfh,perm,2035,20.536932162468048
R32SSA-M,urb,mfh,perm,2040,22.261204389977973
R32SSA-M,urb,mfh,perm,2045,23.78506162944919
R32SSA-M,urb,mfh,perm,2050,25.078454230189312
R32SSA-M,urb,mfh,perm,2055,26.145338589703755
R32SSA-M,urb,mfh,perm,2060,26.962697316115268
R32SSA-M,urb,mfh,perm,2065,27.65003228685942
R32SSA-M,urb,mfh,perm,2070,28.148140564405374
R32SSA-M,urb,mfh,perm,2075,28.46227064418998
R32SSA-M,urb,mfh,perm,2080,28.627933143623036
R32SSA-M,urb,mfh,perm,2085,28.672186704943346
R32SSA-M,urb,mfh,perm,2090,28.60447160668247
R32SSA-M,urb,mfh,perm,2095,28.55871059328202
R32SSA-M,urb,mfh,perm,2100,28.249838168253063
R32SSA-M,urb,sfh,perm,2020,15.406403404026298
R32SSA-M,urb,sfh,perm,2025,18.09771408373339
R32SSA-M,urb,sfh,perm,2030,20.405378668959756
R32SSA-M,urb,sfh,perm,2035,22.515993181463703
R32SSA-M,urb,sfh,perm,2040,24.40642654368477
R32SSA-M,urb,sfh,perm,2045,26.077131736749735
R32SSA-M,urb,sfh,perm,2050,27.495163346769928
R32SSA-M,urb,sfh,perm,2055,28.664859033262893
R32SSA-M,urb,sfh,perm,2060,29.560983311470558
R32SSA-M,urb,sfh,perm,2065,30.31455397101337
R32SSA-M,urb,sfh,perm,2070,30.86066292692411
R32SSA-M,urb,sfh,perm,2075,31.205064450899002
R32SSA-M,urb,sfh,perm,2080,31.38669117480062
R32SSA-M,urb,sfh,perm,2085,31.435209272686954
R32SSA-M,urb,sfh,perm,2090,31.36096874451739
R32SSA-M,urb,sfh,perm,2095,31.310797927496132
R32SSA-M,urb,sfh,perm,2100,30.972160717182707
R32TUR,rur,mfh,perm,2020,27.30229496411692
R32TUR,rur,mfh,perm,2025,27.96973322030256
R32TUR,rur,mfh,perm,2030,28.215419251119364
R32TUR,rur,mfh,perm,2035,28.42305524489498
R32TUR,rur,mfh,perm,2040,28.587665177243007
R32TUR,rur,mfh,perm,2045,28.705755486531146
R32TUR,rur,mfh,perm,2050,28.7753201576692
R32TUR,rur,mfh,perm,2055,28.79574087528335
R32TUR,rur,mfh,perm,2060,28.767610264502125
R32TUR,rur,mfh,perm,2065,29.155292166163374
R32TUR,rur,mfh,perm,2070,29.509583641054615
R32TUR,rur,mfh,perm,2075,29.83181021201738
R32TUR,rur,mfh,perm,2080,30.12372244911634
R32TUR,rur,mfh,perm,2085,30.387344432584147
R32TUR,rur,mfh,perm,2090,30.62484640842742
R32TUR,rur,mfh,perm,2095,30.8384433696568
R32TUR,rur,mfh,perm,2100,31.030318481014692
R32TUR,rur,sfh,perm,2020,45.642763707347704
R32TUR,rur,sfh,perm,2025,46.758557330424594
R32TUR,rur,sfh,perm,2030,47.16928432115944
R32TUR,rur,sfh,perm,2035,47.51640095049395
R32TUR,rur,sfh,perm,2040,47.79158852193869
R32TUR,rur,sfh,perm,2045,47.989006654372254
R32TUR,rur,sfh,perm,2050,48.10530178089209
R32TUR,rur,sfh,perm,2055,48.13944022932735
R32TUR,rur,sfh,perm,2060,48.09241272403821
R32TUR,rur,sfh,perm,2065,48.74052210291628
R32TUR,rur,sfh,perm,2070,49.33281084982352
R32TUR,rur,sfh,perm,2075,49.871494914954745
R32TUR,rur,sfh,perm,2080,50.359500823568006
R32TUR,rur,sfh,perm,2085,50.80021234306838
R32TUR,rur,sfh,perm,2090,51.19725759430789
R32TUR,rur,sfh,perm,2095,51.55433950419177
R32TUR,rur,sfh,perm,2100,51.875107790540575
R32TUR,urb,mfh,perm,2020,24.849459520432305
R32TUR,urb,mfh,perm,2025,25.456935190564483
R32TUR,urb,mfh,perm,2030,25.680548812992257
R32TUR,urb,mfh,perm,2035,25.869530809893728
R32TUR,urb,mfh,perm,2040,26.01935220241474
R32TUR,urb,mfh,perm,2045,26.12683329014996
R32TUR,urb,mfh,perm,2050,26.19014827820386
R32TUR,urb,mfh,perm,2055,26.208734400593855
R32TUR,urb,mfh,perm,2060,26.18313104106633
R32TUR,urb,mfh,perm,2065,26.53598363953092
R32TUR,urb,mfh,perm,2070,26.85844560382055
R32TUR,urb,mfh,perm,2075,27.151723371937507
R32TUR,urb,mfh,perm,2080,27.417410242907263
R32TUR,urb,mfh,perm,2085,27.657348453797187
R32TUR,urb,mfh,perm,2090,27.873513275930158
R32TUR,urb,mfh,perm,2095,28.06792070756668
R32TUR,urb,mfh,perm,2100,28.24255777814749
R32TUR,urb,sfh,perm,2020,43.409341472844375
R32TUR,urb,sfh,perm,2025,44.47053633623889
R32TUR,urb,sfh,perm,2030,44.86116535921484
R32TUR,urb,sfh,perm,2035,45.19129664552997
R32TUR,urb,sfh,perm,2040,45.45301855471411
R32TUR,urb,sfh,perm,2045,45.640776491080274
R32TUR,urb,sfh,perm,2050,45.75138098670405
R32TUR,urb,sfh,perm,2055,45.78384894975249
R32TUR,urb,sfh,perm,2060,45.73912262579891
R32TUR,urb,sfh,perm,2065,46.35551828316666
R32TUR,urb,sfh,perm,2070,46.918824761053756
R32TUR,urb,sfh,perm,2075,47.43114957729833
R32TUR,urb,sfh,perm,2080,47.895276054467566
R32TUR,urb,sfh,perm,2085,48.314422383197154
R32TUR,urb,sfh,perm,2090,48.69203915070357
R32TUR,urb,sfh,perm,2095,49.03164808979657
R32TUR,urb,sfh,perm,2100,49.3367203278638
R32USA,rur,mfh,perm,2020,29.801756151010185
R32USA,rur,mfh,perm,2025,29.87388905649408
R32USA,rur,mfh,perm,2030,29.043073297208416
R32USA,rur,mfh,perm,2035,28.203895999003237
R32USA,rur,mfh,perm,2040,27.35690576272337
R32USA,rur,mfh,perm,2045,26.502654478638892
R32USA,rur,mfh,perm,2050,25.64168867020385
R32USA,rur,mfh,perm,2055,25.680928131245494
R32USA,rur,mfh,perm,2060,25.717053245756794
R32USA,rur,mfh,perm,2065,25.750247410148678
R32USA,rur,mfh,perm,2070,25.78069452334391
R32USA,rur,mfh,perm,2075,25.8085765431946
R32USA,rur,mfh,perm,2080,25.83407149017493
R32USA,rur,mfh,perm,2085,25.857351870938302
R32USA,rur,mfh,perm,2090,25.878583472517853
R32USA,rur,mfh,perm,2095,25.897924480367198
R32USA,rur,mfh,perm,2100,25.915524894544564
R32USA,rur,sfh,perm,2020,78.52626957069457
R32USA,rur,sfh,perm,2025,78.71633648998095
R32USA,rur,sfh,perm,2030,76.52717481955246
R32USA,rur,sfh,perm,2035,74.31598087505623
R32USA,rur,sfh,perm,2040,72.08420019472189
R32USA,rur,sfh,perm,2045,69.83328698426482
R32USA,rur,sfh,perm,2050,67.56468130808456
R32USA,rur,sfh,perm,2055,67.66807550002251
R32USA,rur,sfh,perm,2060,67.76326353075508
R32USA,rur,sfh,perm,2065,67.85072864146876
R32USA,rur,sfh,perm,2070,67.93095539744594
R32USA,rur,sfh,perm,2075,68.00442324933617
R32USA,rur,sfh,perm,2080,68.07160127297757
R32USA,rur,sfh,perm,2085,68.13294401554177
R32USA,rur,sfh,perm,2090,68.18888831830722
R32USA,rur,sfh,perm,2095,68.23985099273655
R32USA,rur,sfh,perm,2100,68.28622728214863
R32USA,urb,mfh,perm,2020,30.78830026579176
R32USA,urb,mfh,perm,2025,30.86163812303498
R32USA,urb,mfh,perm,2030,30.002374978169502
R32USA,urb,mfh,perm,2035,29.134685279925655
R32USA,urb,mfh,perm,2040,28.259106013857163
R32USA,urb,mfh,perm,2045,27.37617810774969
R32USA,urb,mfh,perm,2050,26.486441695118604
R32USA,urb,mfh,perm,2055,26.52666157635784
R32USA,urb,mfh,perm,2060,26.563733923181218
R32USA,urb,mfh,perm,2065,26.59783560504109
R32USA,urb,mfh,perm,2070,26.629144411719857
R32USA,urb,mfh,perm,2075,26.657837880749625
R32USA,urb,mfh,perm,2080,26.684091308060705
R32USA,urb,mfh,perm,2085,26.708076398037022
R32USA,urb,mfh,perm,2090,26.729959804583146
R32USA,urb,mfh,perm,2095,26.749901498064308
R32USA,urb,mfh,perm,2100,26.768055175126207
R32USA,urb,sfh,perm,2020,78.86923324439319
R32USA,urb,sfh,perm,2025,79.05710008077669
R32USA,urb,sfh,perm,2030,76.85595793243913
R32USA,urb,sfh,perm,2035,74.63322979857763
R32USA,urb,sfh,perm,2040,72.39029125493099
R32USA,urb,sfh,perm,2045,70.12852797590564
R32USA,urb,sfh,perm,2050,67.84932360125562
R32USA,urb,sfh,perm,2055,67.95235336149358
R32USA,urb,sfh,perm,2060,68.04732020095172
R32USA,urb,sfh,perm,2065,68.13467719946786
R32USA,urb,sfh,perm,2070,68.21487979445469
R32USA,urb,sfh,perm,2075,68.28838277714497
R32USA,urb,sfh,perm,2080,68.35563519654414
R32USA,urb,sfh,perm,2085,68.41707690132807
R32USA,urb,sfh,perm,2090,68.47313480254928
R32USA,urb,sfh,perm,2095,68.52421869028831
R32USA,urb,sfh,perm,2100,68.570722283474
