region_bld,urt,arch,mat,year,value
C-EEU-BGR,rur,mfh,perm,2020,27.699957410642185
C-EEU-BGR,rur,mfh,perm,2025,28.610635195888193
C-EEU-BGR,rur,mfh,perm,2030,28.9061019397367
C-EEU-BGR,rur,mfh,perm,2035,29.13305272732914
C-EEU-BGR,rur,mfh,perm,2040,29.28627002953322
C-EEU-BGR,rur,mfh,perm,2045,29.362739036773053
C-EEU-BGR,rur,mfh,perm,2050,29.361584566254866
C-EEU-BGR,rur,mfh,perm,2055,29.949403626303035
C-EEU-BGR,rur,mfh,perm,2060,30.487231543190514
C-EEU-BGR,rur,mfh,perm,2065,30.97570974842735
C-EEU-BGR,rur,mfh,perm,2070,31.416515624542647
C-EEU-BGR,rur,mfh,perm,2075,31.812103651589382
C-EEU-BGR,rur,mfh,perm,2080,32.16546062976872
C-EEU-BGR,rur,mfh,perm,2085,32.47989000693465
C-EEU-BGR,rur,mfh,perm,2090,32.75883296272568
C-EEU-BGR,rur,mfh,perm,2095,33.00572811636949
C-EEU-BGR,rur,mfh,perm,2100,33.22390775046215
C-EEU-BGR,rur,sfh,perm,2020,46.307558117703806
C-EEU-BGR,rur,sfh,perm,2025,47.829988778574766
C-EEU-BGR,rur,sfh,perm,2030,48.32393695364874
C-EEU-BGR,rur,sfh,perm,2035,48.70334319714924
C-EEU-BGR,rur,sfh,perm,2040,48.959485075682515
C-EEU-BGR,rur,sfh,perm,2045,49.08732256454452
C-EEU-BGR,rur,sfh,perm,2050,49.08539257202419
C-EEU-BGR,rur,sfh,perm,2055,50.06808236039971
C-EEU-BGR,rur,sfh,perm,2060,50.96719917669567
C-EEU-BGR,rur,sfh,perm,2065,51.78381533761244
C-EEU-BGR,rur,sfh,perm,2070,52.52073501673772
C-EEU-BGR,rur,sfh,perm,2075,53.182061504774
C-EEU-BGR,rur,sfh,perm,2080,53.77278800159701
C-EEU-BGR,rur,sfh,perm,2085,54.29843706456024
C-EEU-BGR,rur,sfh,perm,2090,54.764761504895084
C-EEU-BGR,rur,sfh,perm,2095,55.17750985345204
C-EEU-BGR,rur,sfh,perm,2100,55.542252872225184
C-EEU-BGR,urb,mfh,perm,2020,26.047236450495127
C-EEU-BGR,urb,mfh,perm,2025,26.903578547014114
C-EEU-BGR,urb,mfh,perm,2030,27.181416235577597
C-EEU-BGR,urb,mfh,perm,2035,27.394825979838636
C-EEU-BGR,urb,mfh,perm,2040,27.538901555105884
C-EEU-BGR,urb,mfh,perm,2045,27.61080803074346
C-EEU-BGR,urb,mfh,perm,2050,27.609722441833824
C-EEU-BGR,urb,mfh,perm,2055,28.162469213975083
C-EEU-BGR,urb,mfh,perm,2060,28.668207569928764
C-EEU-BGR,urb,mfh,perm,2065,29.127540670124407
C-EEU-BGR,urb,mfh,perm,2070,29.542045815880748
C-EEU-BGR,urb,mfh,perm,2075,29.914031040432487
C-EEU-BGR,urb,mfh,perm,2080,30.246304936223144
C-EEU-BGR,urb,mfh,perm,2085,30.541973850532614
C-EEU-BGR,urb,mfh,perm,2090,30.804273644643395
C-EEU-BGR,urb,mfh,perm,2095,31.036437772194397
C-EEU-BGR,urb,mfh,perm,2100,31.241599694779552
C-EEU-BGR,urb,sfh,perm,2020,45.501729346417235
C-EEU-BGR,urb,sfh,perm,2025,46.997667173749
C-EEU-BGR,urb,sfh,perm,2030,47.48301982646813
C-EEU-BGR,urb,sfh,perm,2035,47.85582376832619
C-EEU-BGR,urb,sfh,perm,2040,48.10750835082304
C-EEU-BGR,urb,sfh,perm,2045,48.23312125409338
C-EEU-BGR,urb,sfh,perm,2050,48.231224846662926
C-EEU-BGR,urb,sfh,perm,2055,49.19681419319028
C-EEU-BGR,urb,sfh,perm,2060,50.080284876786315
C-EEU-BGR,urb,sfh,perm,2065,50.88269055405177
C-EEU-BGR,urb,sfh,perm,2070,51.60678660127538
C-EEU-BGR,urb,sfh,perm,2075,52.256604905055454
C-EEU-BGR,urb,sfh,perm,2080,52.83705177525917
C-EEU-BGR,urb,sfh,perm,2085,53.35355366752816
C-EEU-BGR,urb,sfh,perm,2090,53.811763284580366
C-EEU-BGR,urb,sfh,perm,2095,54.21732912323856
C-EEU-BGR,urb,sfh,perm,2100,54.575725004943806
C-EEU-CZE,rur,mfh,perm,2020,25.67802936881336
C-EEU-CZE,rur,mfh,perm,2025,26.787596075183902
C-EEU-CZE,rur,mfh,perm,2030,27.313736928498045
C-EEU-CZE,rur,mfh,perm,2035,27.759645714658813
C-EEU-CZE,rur,mfh,perm,2040,28.117696299512314
C-EEU-CZE,rur,mfh,perm,2045,28.383157920512133
C-EEU-CZE,rur,mfh,perm,2050,28.554118513258217
C-EEU-CZE,rur,mfh,perm,2055,29.281928006944238
C-EEU-CZE,rur,mfh,perm,2060,29.948288744168853
C-EEU-CZE,rur,mfh,perm,2065,30.55361775657697
C-EEU-CZE,rur,mfh,perm,2070,31.09970322124884
C-EEU-CZE,rur,mfh,perm,2075,31.589372828465386
C-EEU-CZE,rur,mfh,perm,2080,32.026178793564696
C-EEU-CZE,rur,mfh,perm,2085,32.41411906268174
C-EEU-CZE,rur,mfh,perm,2090,32.75740484724379
C-EEU-CZE,rur,mfh,perm,2095,33.06027719707224
C-EEU-CZE,rur,mfh,perm,2100,33.32687018421935
C-EEU-CZE,rur,sfh,perm,2020,42.927388649615345
C-EEU-CZE,rur,sfh,perm,2025,44.78231297238643
C-EEU-CZE,rur,sfh,perm,2030,45.66189187504504
C-EEU-CZE,rur,sfh,perm,2035,46.40734237246715
C-EEU-CZE,rur,sfh,perm,2040,47.005915432395796
C-EEU-CZE,rur,sfh,perm,2045,47.44970237618893
C-EEU-CZE,rur,sfh,perm,2050,47.73550669953367
C-EEU-CZE,rur,sfh,perm,2055,48.95222627522996
C-EEU-CZE,rur,sfh,perm,2060,50.066218549980874
C-EEU-CZE,rur,sfh,perm,2065,51.07818069876206
C-EEU-CZE,rur,sfh,perm,2070,51.991102116569394
C-EEU-CZE,rur,sfh,perm,2075,52.809710010383036
C-EEU-CZE,rur,sfh,perm,2080,53.53994281598384
C-EEU-CZE,rur,sfh,perm,2085,54.188484122095495
C-EEU-CZE,rur,sfh,perm,2090,54.76237404488221
C-EEU-CZE,rur,sfh,perm,2095,55.26870258300979
C-EEU-CZE,rur,sfh,perm,2100,55.71438089446249
C-EEU-CZE,urb,mfh,perm,2020,24.145946964354323
C-EEU-CZE,urb,mfh,perm,2025,25.18931125296969
C-EEU-CZE,urb,mfh,perm,2030,25.68405985526442
C-EEU-CZE,urb,mfh,perm,2035,26.103363445385483
C-EEU-CZE,urb,mfh,perm,2040,26.440050903299557
C-EEU-CZE,urb,mfh,perm,2045,26.689673727920127
C-EEU-CZE,urb,mfh,perm,2050,26.850433938376742
C-EEU-CZE,urb,mfh,perm,2055,27.534818599765128
C-EEU-CZE,urb,mfh,perm,2060,28.161420851404223
C-EEU-CZE,urb,mfh,perm,2065,28.730632842700686
C-EEU-CZE,urb,mfh,perm,2070,29.244136058955533
C-EEU-CZE,urb,mfh,perm,2075,29.704589476002674
C-EEU-CZE,urb,mfh,perm,2080,30.115333365867173
C-EEU-CZE,urb,mfh,perm,2085,30.480127136794714
C-EEU-CZE,urb,mfh,perm,2090,30.802930737826465
C-EEU-CZE,urb,mfh,perm,2095,31.087732176086725
C-EEU-CZE,urb,mfh,perm,2100,31.338418863770823
C-EEU-CZE,urb,sfh,perm,2020,42.180380466585376
C-EEU-CZE,urb,sfh,perm,2025,44.00302601136413
C-EEU-CZE,urb,sfh,perm,2030,44.867298773617385
C-EEU-CZE,urb,sfh,perm,2035,45.59977718866655
C-EEU-CZE,urb,sfh,perm,2040,46.18793407868657
C-EEU-CZE,urb,sfh,perm,2045,46.6239983892387
C-EEU-CZE,urb,sfh,perm,2050,46.90482924051816
C-EEU-CZE,urb,sfh,perm,2055,48.100375865609045
C-EEU-CZE,urb,sfh,perm,2060,49.19498281618233
C-EEU-CZE,urb,sfh,perm,2065,50.18933513520597
C-EEU-CZE,urb,sfh,perm,2070,51.086370197215345
C-EEU-CZE,urb,sfh,perm,2075,51.89073294790223
C-EEU-CZE,urb,sfh,perm,2080,52.60825848435713
C-EEU-CZE,urb,sfh,perm,2085,53.245514089709005
C-EEU-CZE,urb,sfh,perm,2090,53.80941737035499
C-EEU-CZE,urb,sfh,perm,2095,54.30693494715506
C-EEU-CZE,urb,sfh,perm,2100,54.74485771241388
C-EEU-EST,rur,mfh,perm,2020,24.007437001442295
C-EEU-EST,rur,mfh,perm,2025,25.199860827321867
C-EEU-EST,rur,mfh,perm,2030,25.839630499288237
C-EEU-EST,rur,mfh,perm,2035,26.395247035210534
C-EEU-EST,rur,mfh,perm,2040,26.858044951735216
C-EEU-EST,rur,mfh,perm,2045,27.22251827127611
C-EEU-EST,rur,mfh,perm,2050,27.48624419507337
C-EEU-EST,rur,mfh,perm,2055,28.27799867796792
C-EEU-EST,rur,mfh,perm,2060,29.00441306129952
C-EEU-EST,rur,mfh,perm,2065,29.665761618405128
C-EEU-EST,rur,mfh,perm,2070,30.263823207852116
C-EEU-EST,rur,mfh,perm,2075,30.801521462195815
C-EEU-EST,rur,mfh,perm,2080,31.28258234490011
C-EEU-EST,rur,mfh,perm,2085,31.711230526908224
C-EEU-EST,rur,mfh,perm,2090,32.09193578027966
C-EEU-EST,rur,mfh,perm,2095,32.42921248430059
C-EEU-EST,rur,mfh,perm,2100,32.727469720164216
C-EEU-EST,rur,sfh,perm,2020,40.13456655259269
C-EEU-EST,rur,sfh,perm,2025,42.1280077265
C-EEU-EST,rur,sfh,perm,2030,43.19754623976662
C-EEU-EST,rur,sfh,perm,2035,44.12640127903444
C-EEU-EST,rur,sfh,perm,2040,44.900086274231775
C-EEU-EST,rur,sfh,perm,2045,45.50939657665512
C-EEU-EST,rur,sfh,perm,2050,45.95028185898032
C-EEU-EST,rur,sfh,perm,2055,47.27390182662351
C-EEU-EST,rur,sfh,perm,2060,48.48828911881265
C-EEU-EST,rur,sfh,perm,2065,49.59390225352675
C-EEU-EST,rur,sfh,perm,2070,50.593715047485865
C-EEU-EST,rur,sfh,perm,2075,51.49261509970192
C-EEU-EST,rur,sfh,perm,2080,52.29683131035301
C-EEU-EST,rur,sfh,perm,2085,53.01342629662408
C-EEU-EST,rur,sfh,perm,2090,53.64987242485676
C-EEU-EST,rur,sfh,perm,2095,54.21371663377226
C-EEU-EST,rur,sfh,perm,2100,54.712329829418344
C-EEU-EST,urb,mfh,perm,2020,22.575030671588156
C-EEU-EST,urb,mfh,perm,2025,23.696308400699632
C-EEU-EST,urb,mfh,perm,2030,24.297906145870222
C-EEU-EST,urb,mfh,perm,2035,24.820371760976652
C-EEU-EST,urb,mfh,perm,2040,25.25555678966856
C-EEU-EST,urb,mfh,perm,2045,25.59828376910901
C-EEU-EST,urb,mfh,perm,2050,25.846274457088676
C-EEU-EST,urb,mfh,perm,2055,26.59078882297613
C-EEU-EST,urb,mfh,perm,2060,27.27386161342055
C-EEU-EST,urb,mfh,perm,2065,27.89575073721051
C-EEU-EST,urb,mfh,perm,2070,28.45812891712423
C-EEU-EST,urb,mfh,perm,2075,28.96374534686386
C-EEU-EST,urb,mfh,perm,2080,29.41610367987952
C-EEU-EST,urb,mfh,perm,2085,29.819176521664847
C-EEU-EST,urb,mfh,perm,2090,30.177166954845152
C-EEU-EST,urb,mfh,perm,2095,30.49432000777733
C-EEU-EST,urb,mfh,perm,2100,30.774781693347514
C-EEU-EST,urb,sfh,perm,2020,39.43615813362596
C-EEU-EST,urb,sfh,perm,2025,41.39491010522814
C-EEU-EST,urb,sfh,perm,2030,42.445836863934126
C-EEU-EST,urb,sfh,perm,2035,43.35852827580674
C-EEU-EST,urb,sfh,perm,2040,44.1187498612631
C-EEU-EST,urb,sfh,perm,2045,44.71745714784428
C-EEU-EST,urb,sfh,perm,2050,45.15067029067917
C-EEU-EST,urb,sfh,perm,2055,46.45125706254327
C-EEU-EST,urb,sfh,perm,2060,47.64451198975123
C-EEU-EST,urb,sfh,perm,2065,48.730885611304224
C-EEU-EST,urb,sfh,perm,2070,49.71329999454979
C-EEU-EST,urb,sfh,perm,2075,50.596557686122566
C-EEU-EST,urb,sfh,perm,2080,51.38677919294517
C-EEU-EST,urb,sfh,perm,2085,52.090904230880184
C-EEU-EST,urb,sfh,perm,2090,52.716275134627914
C-EEU-EST,urb,sfh,perm,2095,53.270307513584406
C-EEU-EST,urb,sfh,perm,2100,53.76024400773451
C-EEU-HRV,rur,mfh,perm,2020,27.45028268341433
C-EEU-HRV,rur,mfh,perm,2025,28.337283815683858
C-EEU-HRV,rur,mfh,perm,2030,28.607446931839664
C-EEU-HRV,rur,mfh,perm,2035,28.804908602823748
C-EEU-HRV,rur,mfh,perm,2040,28.926586296223654
C-EEU-HRV,rur,mfh,perm,2045,28.971225917634246
C-EEU-HRV,rur,mfh,perm,2050,28.93932481728443
C-EEU-HRV,rur,mfh,perm,2055,29.488239176770517
C-EEU-HRV,rur,mfh,perm,2060,29.988257483896604
C-EEU-HRV,rur,mfh,perm,2065,30.440545660670583
C-EEU-HRV,rur,mfh,perm,2070,30.847121383222333
C-EEU-HRV,rur,mfh,perm,2075,31.210629949905552
C-EEU-HRV,rur,mfh,perm,2080,31.53413259814463
C-EEU-HRV,rur,mfh,perm,2085,31.820920461109566
C-EEU-HRV,rur,mfh,perm,2090,32.07436090707865
C-EEU-HRV,rur,mfh,perm,2095,32.297777895059795
C-EEU-HRV,rur,mfh,perm,2100,32.49436445342266
C-EEU-HRV,rur,sfh,perm,2020,45.89016300152273
C-EEU-HRV,rur,sfh,perm,2025,47.37301208587762
C-EEU-HRV,rur,sfh,perm,2030,47.82465878038982
C-EEU-HRV,rur,sfh,perm,2035,48.154766428916425
C-EEU-HRV,rur,sfh,perm,2040,48.35818179072414
C-EEU-HRV,rur,sfh,perm,2045,48.43280832650465
C-EEU-HRV,rur,sfh,perm,2050,48.37947748427381
C-EEU-HRV,rur,sfh,perm,2055,49.297128122746564
C-EEU-HRV,rur,sfh,perm,2060,50.13303651328659
C-EEU-HRV,rur,sfh,perm,2065,50.88915179250592
C-EEU-HRV,rur,sfh,perm,2070,51.568847021715165
C-EEU-HRV,rur,sfh,perm,2075,52.176544493174056
C-EEU-HRV,rur,sfh,perm,2080,52.717361847601
C-EEU-HRV,rur,sfh,perm,2085,53.1968010552078
C-EEU-HRV,rur,sfh,perm,2090,53.62049153267335
C-EEU-HRV,rur,sfh,perm,2095,53.99399012698687
C-EEU-HRV,rur,sfh,perm,2100,54.32263480111371
C-EEU-HRV,urb,mfh,perm,2020,25.812458592919125
C-EEU-HRV,urb,mfh,perm,2025,26.646536706526792
C-EEU-HRV,urb,mfh,perm,2030,26.90058051108548
C-EEU-HRV,urb,mfh,perm,2035,27.086260610075684
C-EEU-HRV,urb,mfh,perm,2040,27.200678390715318
C-EEU-HRV,urb,mfh,perm,2045,27.242654584277826
C-EEU-HRV,urb,mfh,perm,2050,27.21265686653681
C-EEU-HRV,urb,mfh,perm,2055,27.728820191290264
C-EEU-HRV,urb,mfh,perm,2060,28.19900485194558
C-EEU-HRV,urb,mfh,perm,2065,28.624307205647717
C-EEU-HRV,urb,mfh,perm,2070,29.00662454366166
C-EEU-HRV,urb,mfh,perm,2075,29.348444332328228
C-EEU-HRV,urb,mfh,perm,2080,29.652645160009172
C-EEU-HRV,urb,mfh,perm,2085,29.922321794057357
C-EEU-HRV,urb,mfh,perm,2090,30.160640688357876
C-EEU-HRV,urb,mfh,perm,2095,30.370727477544293
C-EEU-HRV,urb,mfh,perm,2100,30.55558467760263
C-EEU-HRV,urb,sfh,perm,2020,45.091597601644295
C-EEU-HRV,urb,sfh,perm,2025,46.54864263792972
C-EEU-HRV,urb,sfh,perm,2030,46.99242992642509
C-EEU-HRV,urb,sfh,perm,2035,47.31679315111212
C-EEU-HRV,urb,sfh,perm,2040,47.51666874624396
C-EEU-HRV,urb,sfh,perm,2045,47.58999665579415
C-EEU-HRV,urb,sfh,perm,2050,47.53759385919589
C-EEU-HRV,urb,sfh,perm,2055,48.43927584554082
C-EEU-HRV,urb,sfh,perm,2060,49.26063803544671
C-EEU-HRV,urb,sfh,perm,2065,50.003595647296585
C-EEU-HRV,urb,sfh,perm,2070,50.6714630455066
C-EEU-HRV,urb,sfh,perm,2075,51.26858556707298
C-EEU-HRV,urb,sfh,perm,2080,51.799991797227264
C-EEU-HRV,urb,sfh,perm,2085,52.27108796272008
C-EEU-HRV,urb,sfh,perm,2090,52.68740551898789
C-EEU-HRV,urb,sfh,perm,2095,53.0544046146112
C-EEU-HRV,urb,sfh,perm,2100,53.37733032309383
C-EEU-HUN,rur,mfh,perm,2020,25.761887202013156
C-EEU-HUN,rur,mfh,perm,2025,26.79130610267776
C-EEU-HUN,rur,mfh,perm,2030,27.243328364563812
C-EEU-HUN,rur,mfh,perm,2035,27.623379854011244
C-EEU-HUN,rur,mfh,perm,2040,27.92414278515976
C-EEU-HUN,rur,mfh,perm,2045,28.140946198046127
C-EEU-HUN,rur,mfh,perm,2050,28.271706405356305
C-EEU-HUN,rur,mfh,perm,2055,28.9602539072654
C-EEU-HUN,rur,mfh,perm,2060,29.59343531462784
C-EEU-HUN,rur,mfh,perm,2065,30.171413370071626
C-EEU-HUN,rur,mfh,perm,2070,30.695620634545005
C-EEU-HUN,rur,mfh,perm,2075,31.16845920564646
C-EEU-HUN,rur,mfh,perm,2080,31.593014246626343
C-EEU-HUN,rur,mfh,perm,2085,31.972799431447893
C-EEU-HUN,rur,mfh,perm,2090,32.31154384267962
C-EEU-HUN,rur,mfh,perm,2095,32.61302306738969
C-EEU-HUN,rur,mfh,perm,2100,32.88093250870327
C-EEU-HUN,rur,sfh,perm,2020,43.067578449439104
C-EEU-HUN,rur,sfh,perm,2025,44.78851523151784
C-EEU-HUN,rur,sfh,perm,2030,45.54418596604187
C-EEU-HUN,rur,sfh,perm,2035,46.179539160792466
C-EEU-HUN,rur,sfh,perm,2040,46.68234126649028
C-EEU-HUN,rur,sfh,perm,2045,47.044783579794874
C-EEU-HUN,rur,sfh,perm,2050,47.26338268483079
C-EEU-HUN,rur,sfh,perm,2055,48.41446580704545
C-EEU-HUN,rur,sfh,perm,2060,49.47299035225723
C-EEU-HUN,rur,sfh,perm,2065,50.43922838636114
C-EEU-HUN,rur,sfh,perm,2070,51.31557480110316
C-EEU-HUN,rur,sfh,perm,2075,52.10604531652571
C-EEU-HUN,rur,sfh,perm,2080,52.81579757147995
C-EEU-HUN,rur,sfh,perm,2085,53.45070556998865
C-EEU-HUN,rur,sfh,perm,2090,54.017003426610394
C-EEU-HUN,rur,sfh,perm,2095,54.52100300006022
C-EEU-HUN,rur,sfh,perm,2100,54.96888210109969
C-EEU-HUN,urb,mfh,perm,2020,24.22480141085041
C-EEU-HUN,urb,mfh,perm,2025,25.192799921271153
C-EEU-HUN,urb,mfh,perm,2030,25.617852225925958
C-EEU-HUN,urb,mfh,perm,2035,25.975227902077613
C-EEU-HUN,urb,mfh,perm,2040,26.258045780352024
C-EEU-HUN,urb,mfh,perm,2045,26.46191359411826
C-EEU-HUN,urb,mfh,perm,2050,26.584871979491638
C-EEU-HUN,urb,mfh,perm,2055,27.23233722009643
C-EEU-HUN,urb,mfh,perm,2060,27.827739790184513
C-EEU-HUN,urb,mfh,perm,2065,28.371232722327356
C-EEU-HUN,urb,mfh,perm,2070,28.864163103569005
C-EEU-HUN,urb,mfh,perm,2075,29.308789710094473
C-EEU-HUN,urb,mfh,perm,2080,29.708013628554504
C-EEU-HUN,urb,mfh,perm,2085,30.065138889174634
C-EEU-HUN,urb,mfh,perm,2090,30.38367207840786
C-EEU-HUN,urb,mfh,perm,2095,30.667163512510875
C-EEU-HUN,urb,mfh,perm,2100,30.919088107980958
C-EEU-HUN,urb,sfh,perm,2020,42.318130729998
C-EEU-HUN,urb,sfh,perm,2025,44.00912034083875
C-EEU-HUN,urb,sfh,perm,2030,44.7516411438127
C-EEU-HUN,urb,sfh,perm,2035,45.375938132944384
C-EEU-HUN,urb,sfh,perm,2040,45.86999064312251
C-EEU-HUN,urb,sfh,perm,2045,46.22612585547287
C-EEU-HUN,urb,sfh,perm,2050,46.440920971367994
C-EEU-HUN,urb,sfh,perm,2055,47.5719733267764
C-EEU-HUN,urb,sfh,perm,2060,48.61207777884753
C-EEU-HUN,urb,sfh,perm,2065,49.561501659075866
C-EEU-HUN,urb,sfh,perm,2070,50.422598184095406
C-EEU-HUN,urb,sfh,perm,2075,51.19931319371991
C-EEU-HUN,urb,sfh,perm,2080,51.896714575279496
C-EEU-HUN,urb,sfh,perm,2085,52.52057411532666
C-EEU-HUN,urb,sfh,perm,2090,53.07701744442563
C-EEU-HUN,urb,sfh,perm,2095,53.572246584419005
C-EEU-HUN,urb,sfh,perm,2100,54.01233184185397
C-EEU-LTU,rur,mfh,perm,2020,25.927443481993738
C-EEU-LTU,rur,mfh,perm,2025,26.948197145086723
C-EEU-LTU,rur,mfh,perm,2030,27.389245530682413
C-EEU-LTU,rur,mfh,perm,2035,27.75939945607256
C-EEU-LTU,rur,mfh,perm,2040,28.051366264871717
C-EEU-LTU,rur,mfh,perm,2045,28.260454579956157
C-EEU-LTU,rur,mfh,perm,2050,28.3845214411551
C-EEU-LTU,rur,mfh,perm,2055,29.069741172746205
C-EEU-LTU,rur,mfh,perm,2060,29.70030141325221
C-EEU-LTU,rur,mfh,perm,2065,30.27628660842071
C-EEU-LTU,rur,mfh,perm,2070,30.799040672915478
C-EEU-LTU,rur,mfh,perm,2075,31.27087290098114
C-EEU-LTU,rur,mfh,perm,2080,31.69477656679864
C-EEU-LTU,rur,mfh,perm,2085,32.074178204997025
C-EEU-LTU,rur,mfh,perm,2090,32.41272715205918
C-EEU-LTU,rur,mfh,perm,2095,32.71412823725253
C-EEU-LTU,rur,mfh,perm,2100,32.98201583245988
C-EEU-LTU,rur,sfh,perm,2020,43.34434808281066
C-EEU-LTU,rur,sfh,perm,2025,45.050798705705034
C-EEU-LTU,rur,sfh,perm,2030,45.78812380140517
C-EEU-LTU,rur,sfh,perm,2035,46.40693068830368
C-EEU-LTU,rur,sfh,perm,2040,46.89502782746075
C-EEU-LTU,rur,sfh,perm,2045,47.244572383034175
C-EEU-LTU,rur,sfh,perm,2050,47.45198184941998
C-EEU-LTU,rur,sfh,perm,2055,48.597501753066545
C-EEU-LTU,rur,sfh,perm,2060,49.651644347983556
C-EEU-LTU,rur,sfh,perm,2065,50.61455080682002
C-EEU-LTU,rur,sfh,perm,2070,51.48846782640204
C-EEU-LTU,rur,sfh,perm,2075,52.27725598224815
C-EEU-LTU,rur,sfh,perm,2080,52.98591929714589
C-EEU-LTU,rur,sfh,perm,2085,53.620186099450564
C-EEU-LTU,rur,sfh,perm,2090,54.1861571877579
C-EEU-LTU,rur,sfh,perm,2095,54.69002613103533
C-EEU-LTU,rur,sfh,perm,2100,55.137868710725
C-EEU-LTU,urb,mfh,perm,2020,24.380479757448217
C-EEU-LTU,urb,mfh,perm,2025,25.34033004263592
C-EEU-LTU,urb,mfh,perm,2030,25.75506322851823
C-EEU-LTU,urb,mfh,perm,2035,26.10313187984446
C-EEU-LTU,urb,mfh,perm,2040,26.37767845736253
C-EEU-LTU,urb,mfh,perm,2045,26.57429149547312
C-EEU-LTU,urb,mfh,perm,2050,26.690955893956186
C-EEU-LTU,urb,mfh,perm,2055,27.335291916019575
C-EEU-LTU,urb,mfh,perm,2060,27.92822971145571
C-EEU-LTU,urb,mfh,perm,2065,28.469848687547508
C-EEU-LTU,urb,mfh,perm,2070,28.96141257414472
C-EEU-LTU,urb,mfh,perm,2075,29.40509288120066
C-EEU-LTU,urb,mfh,perm,2080,29.803704288867955
C-EEU-LTU,urb,mfh,perm,2085,30.160468887215746
C-EEU-LTU,urb,mfh,perm,2090,30.478818274670264
C-EEU-LTU,urb,mfh,perm,2095,30.762236231459283
C-EEU-LTU,urb,mfh,perm,2100,31.01414028427344
C-EEU-LTU,urb,sfh,perm,2020,42.5900841099834
C-EEU-LTU,urb,sfh,perm,2025,44.26683964497844
C-EEU-LTU,urb,sfh,perm,2030,44.991334053852114
C-EEU-LTU,urb,sfh,perm,2035,45.599372668494375
C-EEU-LTU,urb,sfh,perm,2040,46.078976103083505
C-EEU-LTU,urb,sfh,perm,2045,46.42243800020597
C-EEU-LTU,urb,sfh,perm,2050,46.62623819583242
C-EEU-LTU,urb,sfh,perm,2055,47.75182414195755
C-EEU-LTU,urb,sfh,perm,2060,48.78762289697991
C-EEU-LTU,urb,sfh,perm,2065,49.73377317690892
C-EEU-LTU,urb,sfh,perm,2070,50.59248258229746
C-EEU-LTU,urb,sfh,perm,2075,51.36754450820902
C-EEU-LTU,urb,sfh,perm,2080,52.06387589908588
C-EEU-LTU,urb,sfh,perm,2085,52.68710540081276
C-EEU-LTU,urb,sfh,perm,2090,53.24322764791117
C-EEU-LTU,urb,sfh,perm,2095,53.73832843091511
C-EEU-LTU,urb,sfh,perm,2100,54.1783778025327
C-EEU-LVA,rur,mfh,perm,2020,25.466255203684376
C-EEU-LVA,rur,mfh,perm,2025,26.51706750630204
C-EEU-LVA,rur,mfh,perm,2030,26.995108582485624
C-EEU-LVA,rur,mfh,perm,2035,27.39964799124715
C-EEU-LVA,rur,mfh,perm,2040,27.72318720673229
C-EEU-LVA,rur,mfh,perm,2045,27.96094082975194
C-EEU-LVA,rur,mfh,perm,2050,28.110775027054363
C-EEU-LVA,rur,mfh,perm,2055,28.81326158424141
C-EEU-LVA,rur,mfh,perm,2060,29.45913403522787
C-EEU-LVA,rur,mfh,perm,2065,30.048566859426277
C-EEU-LVA,rur,mfh,perm,2070,30.58303485962327
C-EEU-LVA,rur,mfh,perm,2075,31.06500517510911
C-EEU-LVA,rur,mfh,perm,2080,31.497643552905064
C-EEU-LVA,rur,mfh,perm,2085,31.884553421854914
C-EEU-LVA,rur,mfh,perm,2090,32.22955752627495
C-EEU-LVA,rur,mfh,perm,2095,32.536524913150124
C-EEU-LVA,rur,mfh,perm,2100,32.80924122252374
C-EEU-LVA,rur,sfh,perm,2020,42.5733540092671
C-EEU-LVA,rur,sfh,perm,2025,44.33005533024351
C-EEU-LVA,rur,sfh,perm,2030,45.129223162520255
C-EEU-LVA,rur,sfh,perm,2035,45.80551417280638
C-EEU-LVA,rur,sfh,perm,2040,46.34639265873063
C-EEU-LVA,rur,sfh,perm,2045,46.74385860253917
C-EEU-LVA,rur,sfh,perm,2050,46.99434475660581
C-EEU-LVA,rur,sfh,perm,2055,48.16873057213586
C-EEU-LVA,rur,sfh,perm,2060,49.2484714402279
C-EEU-LVA,rur,sfh,perm,2065,50.23385904781185
C-EEU-LVA,rur,sfh,perm,2070,51.12735890466241
C-EEU-LVA,rur,sfh,perm,2075,51.93309546463249
C-EEU-LVA,rur,sfh,perm,2080,52.656361082941274
C-EEU-LVA,rur,sfh,perm,2085,53.30317981183306
C-EEU-LVA,rur,sfh,perm,2090,53.879942345415124
C-EEU-LVA,rur,sfh,perm,2095,54.39311678453901
C-EEU-LVA,rur,sfh,perm,2100,54.84903179403691
C-EEU-LVA,urb,mfh,perm,2020,23.946808327733113
C-EEU-LVA,urb,mfh,perm,2025,24.93492380046145
C-EEU-LVA,urb,mfh,perm,2030,25.38444250403964
C-EEU-LVA,urb,mfh,perm,2035,25.764845025146293
C-EEU-LVA,urb,mfh,perm,2040,26.069080238284613
C-EEU-LVA,urb,mfh,perm,2045,26.292648265626607
C-EEU-LVA,urb,mfh,perm,2050,26.433542589312715
C-EEU-LVA,urb,mfh,perm,2055,27.094115209952026
C-EEU-LVA,urb,mfh,perm,2060,27.701451611171255
C-EEU-LVA,urb,mfh,perm,2065,28.255715862049865
C-EEU-LVA,urb,mfh,perm,2070,28.75829477110645
C-EEU-LVA,urb,mfh,perm,2075,29.211508275498193
C-EEU-LVA,urb,mfh,perm,2080,29.618333237607352
C-EEU-LVA,urb,mfh,perm,2085,29.982158087305315
C-EEU-LVA,urb,mfh,perm,2090,30.306577484454554
C-EEU-LVA,urb,mfh,perm,2095,30.595229628932454
C-EEU-LVA,urb,mfh,perm,2100,30.851674290158957
C-EEU-LVA,urb,sfh,perm,2020,41.83250661965447
C-EEU-LVA,urb,sfh,perm,2025,43.55863840674612
C-EEU-LVA,urb,sfh,perm,2030,44.34389938540085
C-EEU-LVA,urb,sfh,perm,2035,45.00842180377666
C-EEU-LVA,urb,sfh,perm,2040,45.539888101638226
C-EEU-LVA,urb,sfh,perm,2045,45.93043747488795
C-EEU-LVA,urb,sfh,perm,2050,46.17656475195997
C-EEU-LVA,urb,sfh,perm,2055,47.33051429494161
C-EEU-LVA,urb,sfh,perm,2060,48.39146587047733
C-EEU-LVA,urb,sfh,perm,2065,49.359706089657806
C-EEU-LVA,urb,sfh,perm,2070,50.237657558274194
C-EEU-LVA,urb,sfh,perm,2075,51.02937295780106
C-EEU-LVA,urb,sfh,perm,2080,51.740052547646975
C-EEU-LVA,urb,sfh,perm,2085,52.37561555149657
C-EEU-LVA,urb,sfh,perm,2090,52.94234145471738
C-EEU-LVA,urb,sfh,perm,2095,53.446585802414646
C-EEU-LVA,urb,sfh,perm,2100,53.894567130093655
C-EEU-POL,rur,mfh,perm,2020,21.13738551834733
C-EEU-POL,rur,mfh,perm,2025,22.56021948290211
C-EEU-POL,rur,mfh,perm,2030,23.472490754037196
C-EEU-POL,rur,mfh,perm,2035,24.28273390634112
C-EEU-POL,rur,mfh,perm,2040,24.980480166147615
C-EEU-POL,rur,mfh,perm,2045,25.559181363738812
C-EEU-POL,rur,mfh,perm,2050,26.016083886848964
C-EEU-POL,rur,mfh,perm,2055,26.950761739768552
C-EEU-POL,rur,mfh,perm,2060,27.805861744856518
C-EEU-POL,rur,mfh,perm,2065,28.5819139971298
C-EEU-POL,rur,mfh,perm,2070,29.281268155285595
C-EEU-POL,rur,mfh,perm,2075,29.907648828310755
C-EEU-POL,rur,mfh,perm,2080,30.46573497332558
C-EEU-POL,rur,mfh,perm,2085,30.96078882228135
C-EEU-POL,rur,mfh,perm,2090,31.398347376238224
C-EEU-POL,rur,mfh,perm,2095,31.78397970128292
C-EEU-POL,rur,mfh,perm,2100,32.12310650814583
C-EEU-POL,rur,sfh,perm,2020,35.336541996671876
C-EEU-POL,rur,sfh,perm,2025,37.715172603524344
C-EEU-POL,rur,sfh,perm,2030,39.240267183307665
C-EEU-POL,rur,sfh,perm,2035,40.59479568703636
C-EEU-POL,rur,sfh,perm,2040,41.76125688401228
C-EEU-POL,rur,sfh,perm,2045,42.728703835029734
C-EEU-POL,rur,sfh,perm,2050,43.49253317344309
C-EEU-POL,rur,sfh,perm,2055,45.05508608115173
C-EEU-POL,rur,sfh,perm,2060,46.48460427841966
C-EEU-POL,rur,sfh,perm,2065,47.781973954544625
C-EEU-POL,rur,sfh,perm,2070,48.951123164543596
C-EEU-POL,rur,sfh,perm,2075,49.99827854424014
C-EEU-POL,rur,sfh,perm,2080,50.931262166266585
C-EEU-POL,rur,sfh,perm,2085,51.75887119620338
C-EEU-POL,rur,sfh,perm,2090,52.490362146419486
C-EEU-POL,rur,sfh,perm,2095,53.13504513417064
C-EEU-POL,rur,sfh,perm,2100,53.70198226281914
C-EEU-POL,urb,mfh,perm,2020,19.876221121197037
C-EEU-POL,urb,mfh,perm,2025,21.214161543095123
C-EEU-POL,urb,mfh,perm,2030,22.072002049994964
C-EEU-POL,urb,mfh,perm,2035,22.833901956828264
C-EEU-POL,urb,mfh,perm,2040,23.49001711044385
C-EEU-POL,urb,mfh,perm,2045,24.034190038379517
C-EEU-POL,urb,mfh,perm,2050,24.463831422943734
C-EEU-POL,urb,mfh,perm,2055,25.342741620498185
C-EEU-POL,urb,mfh,perm,2060,26.146821991134015
C-EEU-POL,urb,mfh,perm,2065,26.876571001691534
C-EEU-POL,urb,mfh,perm,2070,27.534198118227188
C-EEU-POL,urb,mfh,perm,2075,28.123205720529075
C-EEU-POL,urb,mfh,perm,2080,28.647993595233938
C-EEU-POL,urb,mfh,perm,2085,29.113510002653562
C-EEU-POL,urb,mfh,perm,2090,29.524961578079907
C-EEU-POL,urb,mfh,perm,2095,29.887585108668237
C-EEU-POL,urb,mfh,perm,2100,30.206477877855882
C-EEU-POL,urb,sfh,perm,2020,34.721627210055054
C-EEU-POL,urb,sfh,perm,2025,37.05886567581485
C-EEU-POL,urb,sfh,perm,2030,38.557421065425395
C-EEU-POL,urb,sfh,perm,2035,39.88837851327897
C-EEU-POL,urb,sfh,perm,2040,41.03454133929086
C-EEU-POL,urb,sfh,perm,2045,41.98515309926148
C-EEU-POL,urb,sfh,perm,2050,42.7356905328052
C-EEU-POL,urb,sfh,perm,2055,44.271052412939255
C-EEU-POL,urb,sfh,perm,2060,45.67569460855088
C-EEU-POL,urb,sfh,perm,2065,46.95048788776545
C-EEU-POL,urb,sfh,perm,2070,48.099291950889054
C-EEU-POL,urb,sfh,perm,2075,49.12822507989335
C-EEU-POL,urb,sfh,perm,2080,50.04497323029639
C-EEU-POL,urb,sfh,perm,2085,50.85818048232031
C-EEU-POL,urb,sfh,perm,2090,51.57694226957513
C-EEU-POL,urb,sfh,perm,2095,52.21040669774324
C-EEU-POL,urb,sfh,perm,2100,52.76747817446912
C-EEU-ROU,rur,mfh,perm,2020,20.693604318473575
C-EEU-ROU,rur,mfh,perm,2025,22.12223012215131
C-EEU-ROU,rur,mfh,perm,2030,23.04157685860569
C-EEU-ROU,rur,mfh,perm,2035,23.852503526648565
C-EEU-ROU,rur,mfh,perm,2040,24.545752865418315
C-EEU-ROU,rur,mfh,perm,2045,25.1159356217019
C-EEU-ROU,rur,mfh,perm,2050,25.56136678548379
C-EEU-ROU,rur,mfh,perm,2055,26.47193667726443
C-EEU-ROU,rur,mfh,perm,2060,27.300592115310952
C-EEU-ROU,rur,mfh,perm,2065,28.048457316461967
C-EEU-ROU,rur,mfh,perm,2070,28.718401447251722
C-EEU-ROU,rur,mfh,perm,2075,29.3145937094674
C-EEU-ROU,rur,mfh,perm,2080,29.842085691705773
C-EEU-ROU,rur,mfh,perm,2085,30.306445557259924
C-EEU-ROU,rur,mfh,perm,2090,30.713456233788698
C-EEU-ROU,rur,mfh,perm,2095,31.068880096086623
C-EEU-ROU,rur,mfh,perm,2100,31.378286042463554
C-EEU-ROU,rur,sfh,perm,2020,34.59464830347787
C-EEU-ROU,rur,sfh,perm,2025,36.98296144965046
C-EEU-ROU,rur,sfh,perm,2030,38.519884477998744
C-EEU-ROU,rur,sfh,perm,2035,39.875555652971876
C-EEU-ROU,rur,sfh,perm,2040,41.03449909715228
C-EEU-ROU,rur,sfh,perm,2045,41.9877052964575
C-EEU-ROU,rur,sfh,perm,2050,42.732357326006905
C-EEU-ROU,rur,sfh,perm,2055,44.254607615376045
C-EEU-ROU,rur,sfh,perm,2060,45.63991696036976
C-EEU-ROU,rur,sfh,perm,2065,46.89016477675101
C-EEU-ROU,rur,sfh,perm,2070,48.01014760965753
C-EEU-ROU,rur,sfh,perm,2075,49.00683534540368
C-EEU-ROU,rur,sfh,perm,2080,49.88867300536852
C-EEU-ROU,rur,sfh,perm,2085,50.664969197557475
C-EEU-ROU,rur,sfh,perm,2090,51.34539156350094
C-EEU-ROU,rur,sfh,perm,2095,51.93957338536383
C-EEU-ROU,rur,sfh,perm,2100,52.456824499919996
C-EEU-ROU,urb,mfh,perm,2020,19.458918174696645
C-EEU-ROU,urb,mfh,perm,2025,20.80230486500888
C-EEU-ROU,urb,mfh,perm,2030,21.666798678823135
C-EEU-ROU,urb,mfh,perm,2035,22.42934131935477
C-EEU-ROU,urb,mfh,perm,2040,23.081227861214483
C-EEU-ROU,urb,mfh,perm,2045,23.617390601566132
C-EEU-ROU,urb,mfh,perm,2050,24.036245066699298
C-EEU-ROU,urb,mfh,perm,2055,24.89248570722822
C-EEU-ROU,urb,mfh,perm,2060,25.671699328780356
C-EEU-ROU,urb,mfh,perm,2065,26.374943071674824
C-EEU-ROU,urb,mfh,perm,2070,27.00491491331376
C-EEU-ROU,urb,mfh,perm,2075,27.565535299607962
C-EEU-ROU,urb,mfh,perm,2080,28.061554415573266
C-EEU-ROU,urb,mfh,perm,2085,28.49820819943657
C-EEU-ROU,urb,mfh,perm,2090,28.880934539851367
C-EEU-ROU,urb,mfh,perm,2095,29.215151998895745
C-EEU-ROU,urb,mfh,perm,2100,29.50609720595851
C-EEU-ROU,urb,sfh,perm,2020,33.992643704906186
C-EEU-ROU,urb,sfh,perm,2025,36.339396217647504
C-EEU-ROU,urb,sfh,perm,2030,37.849574221083266
C-EEU-ROU,urb,sfh,perm,2035,39.18165445579519
C-EEU-ROU,urb,sfh,perm,2040,40.32043035045288
C-EEU-ROU,urb,sfh,perm,2045,41.25704917155051
C-EEU-ROU,urb,sfh,perm,2050,41.988743013400125
C-EEU-ROU,urb,sfh,perm,2055,43.48450360799514
C-EEU-ROU,urb,sfh,perm,2060,44.845706259120654
C-EEU-ROU,urb,sfh,perm,2065,46.07419767756967
C-EEU-ROU,urb,sfh,perm,2070,47.17469094059196
C-EEU-ROU,urb,sfh,perm,2075,48.15403464685135
C-EEU-ROU,urb,sfh,perm,2080,49.02052686026517
C-EEU-ROU,urb,sfh,perm,2085,49.78331420352896
C-EEU-ROU,urb,sfh,perm,2090,50.45189608508085
C-EEU-ROU,urb,sfh,perm,2095,51.03573815190384
C-EEU-ROU,urb,sfh,perm,2100,51.543988234079286
C-EEU-SVK,rur,mfh,perm,2020,22.818308721994796
C-EEU-SVK,rur,mfh,perm,2025,24.0547631534082
C-EEU-SVK,rur,mfh,perm,2030,24.750509679027783
C-EEU-SVK,rur,mfh,perm,2035,25.351393732050102
C-EEU-SVK,rur,mfh,perm,2040,25.850025529072937
C-EEU-SVK,rur,mfh,perm,2045,26.242225913579638
C-EEU-SVK,rur,mfh,perm,2050,26.526884572528306
C-EEU-SVK,rur,mfh,perm,2055,27.31257701832162
C-EEU-SVK,rur,mfh,perm,2060,28.028066757139502
C-EEU-SVK,rur,mfh,perm,2065,28.67441113418785
C-EEU-SVK,rur,mfh,perm,2070,29.254117508091433
C-EEU-SVK,rur,mfh,perm,2075,29.770772959290134
C-EEU-SVK,rur,mfh,perm,2080,30.228696303261078
C-EEU-SVK,rur,mfh,perm,2085,30.632632996027656
C-EEU-SVK,rur,mfh,perm,2090,30.987503210134484
C-EEU-SVK,rur,mfh,perm,2095,31.298205280919507
C-EEU-SVK,rur,mfh,perm,2100,31.569471196313394
C-EEU-SVK,rur,sfh,perm,2020,38.14663472679269
C-EEU-SVK,rur,sfh,perm,2025,40.213684310795685
C-EEU-SVK,rur,sfh,perm,2030,41.376802441004116
C-EEU-SVK,rur,sfh,perm,2035,42.381333704169236
C-EEU-SVK,rur,sfh,perm,2040,43.214924188719905
C-EEU-SVK,rur,sfh,perm,2045,43.87058736646733
C-EEU-SVK,rur,sfh,perm,2050,44.346467065398166
C-EEU-SVK,rur,sfh,perm,2055,45.659952788745734
C-EEU-SVK,rur,sfh,perm,2060,46.85607674560787
C-EEU-SVK,rur,sfh,perm,2065,47.93660655872297
C-EEU-SVK,rur,sfh,perm,2070,48.90573391884048
C-EEU-SVK,rur,sfh,perm,2075,49.76945554766944
C-EEU-SVK,rur,sfh,perm,2080,50.53499144904383
C-EEU-SVK,rur,sfh,perm,2085,51.21027486550766
C-EEU-SVK,rur,sfh,perm,2090,51.803531122922706
C-EEU-SVK,rur,sfh,perm,2095,52.322949040678814
C-EEU-SVK,rur,sfh,perm,2100,52.77643934596095
C-EEU-SVK,urb,mfh,perm,2020,21.45685185977383
C-EEU-SVK,urb,mfh,perm,2025,22.61953310356932
C-EEU-SVK,urb,mfh,perm,2030,23.27376783735491
C-EEU-SVK,urb,mfh,perm,2035,23.838800078248937
C-EEU-SVK,urb,mfh,perm,2040,24.30768095507653
C-EEU-SVK,urb,mfh,perm,2045,24.676480661147437
C-EEU-SVK,urb,mfh,perm,2050,24.94415513036767
C-EEU-SVK,urb,mfh,perm,2055,25.682969151254344
C-EEU-SVK,urb,mfh,perm,2060,26.35576911728362
C-EEU-SVK,urb,mfh,perm,2065,26.963549287045115
C-EEU-SVK,urb,mfh,perm,2070,27.508667417339577
C-EEU-SVK,urb,mfh,perm,2075,27.994496565063812
C-EEU-SVK,urb,mfh,perm,2080,28.42509786310156
C-EEU-SVK,urb,mfh,perm,2085,28.804933629328396
C-EEU-SVK,urb,mfh,perm,2090,29.13863047366098
C-EEU-SVK,urb,mfh,perm,2095,29.4307944717286
C-EEU-SVK,urb,mfh,perm,2100,29.68587527688933
C-EEU-SVK,urb,sfh,perm,2020,37.48281963828218
C-EEU-SVK,urb,sfh,perm,2025,39.513899110835304
C-EEU-SVK,urb,sfh,perm,2030,40.65677704501905
C-EEU-SVK,urb,sfh,perm,2035,41.643827788234105
C-EEU-SVK,urb,sfh,perm,2040,42.46291240758206
C-EEU-SVK,urb,sfh,perm,2045,43.107165952121036
C-EEU-SVK,urb,sfh,perm,2050,43.57476455032755
C-EEU-SVK,urb,sfh,perm,2055,44.865393430654876
C-EEU-SVK,urb,sfh,perm,2060,46.040702835041266
C-EEU-SVK,urb,sfh,perm,2065,47.10242962664035
C-EEU-SVK,urb,sfh,perm,2070,48.05469255378909
C-EEU-SVK,urb,sfh,perm,2075,48.903383985233766
C-EEU-SVK,urb,sfh,perm,2080,49.65559828469573
C-EEU-SVK,urb,sfh,perm,2085,50.319130643062834
C-EEU-SVK,urb,sfh,perm,2090,50.90206325180361
C-EEU-SVK,urb,sfh,perm,2095,51.4124424311882
C-EEU-SVK,urb,sfh,perm,2100,51.85804124855022
C-EEU-SVN,rur,mfh,perm,2020,24.162332093290733
C-EEU-SVN,rur,mfh,perm,2025,25.260669790901524
C-EEU-SVN,rur,mfh,perm,2030,25.805648157882953
C-EEU-SVN,rur,mfh,perm,2035,26.270357445121764
C-EEU-SVN,rur,mfh,perm,2040,26.64749109596242
C-EEU-SVN,rur,mfh,perm,2045,26.932660915200515
C-EEU-SVN,rur,mfh,perm,2050,27.1242638617584
C-EEU-SVN,rur,mfh,perm,2055,27.84189303969018
C-EEU-SVN,rur,mfh,perm,2060,28.49900696386976
C-EEU-SVN,rur,mfh,perm,2065,29.09618506254499
C-EEU-SVN,rur,mfh,perm,2070,29.63531855539202
C-EEU-SVN,rur,mfh,perm,2075,30.119285443485712
C-EEU-SVN,rur,mfh,perm,2080,30.55164447288936
C-EEU-SVN,rur,mfh,perm,2085,30.936365908145493
C-EEU-SVN,rur,mfh,perm,2090,31.27760815082406
C-EEU-SVN,rur,mfh,perm,2095,31.579542299018314
C-EEU-SVN,rur,mfh,perm,2100,31.84622195772937
C-EEU-SVN,rur,sfh,perm,2020,40.393513285310874
C-EEU-SVN,rur,sfh,perm,2025,42.22966545013103
C-EEU-SVN,rur,sfh,perm,2030,43.14073607120672
C-EEU-SVN,rur,sfh,perm,2035,43.91761641104364
C-EEU-SVN,rur,sfh,perm,2040,44.54809169284806
C-EEU-SVN,rur,sfh,perm,2045,45.02482592684042
C-EEU-SVN,rur,sfh,perm,2050,45.34513922016859
C-EEU-SVN,rur,sfh,perm,2055,46.54483979628819
C-EEU-SVN,rur,sfh,perm,2060,47.64337365981708
C-EEU-SVN,rur,sfh,perm,2065,48.64170947315657
C-EEU-SVN,rur,sfh,perm,2070,49.54300889333628
C-EEU-SVN,rur,sfh,perm,2075,50.35208323468645
C-EEU-SVN,rur,sfh,perm,2080,51.07488185076415
C-EEU-SVN,rur,sfh,perm,2085,51.718042053436704
C-EEU-SVN,rur,sfh,perm,2090,52.28851567369513
C-EEU-SVN,rur,sfh,perm,2095,52.79327576801402
C-EEU-SVN,rur,sfh,perm,2100,53.2390989731366
C-EEU-SVN,urb,mfh,perm,2020,22.72068393099886
C-EEU-SVN,urb,mfh,perm,2025,23.75348919087876
C-EEU-SVN,urb,mfh,perm,2030,24.265951364546815
C-EEU-SVN,urb,mfh,perm,2035,24.702933721812098
C-EEU-SVN,urb,mfh,perm,2040,25.05756565251358
C-EEU-SVN,urb,mfh,perm,2045,25.32572078358919
C-EEU-SVN,urb,mfh,perm,2050,25.505891719580866
C-EEU-SVN,urb,mfh,perm,2055,26.1807034748575
C-EEU-SVN,urb,mfh,perm,2060,26.798610625553785
C-EEU-SVN,urb,mfh,perm,2065,27.360158028268366
C-EEU-SVN,urb,mfh,perm,2070,27.867124062850525
C-EEU-SVN,urb,mfh,perm,2075,28.32221501412916
C-EEU-SVN,urb,mfh,perm,2080,28.72877729519811
C-EEU-SVN,urb,mfh,perm,2085,29.090544284335806
C-EEU-SVN,urb,mfh,perm,2090,29.411426271631953
C-EEU-SVN,urb,mfh,perm,2095,29.695345486160182
C-EEU-SVN,urb,mfh,perm,2100,29.94611367413997
C-EEU-SVN,urb,sfh,perm,2020,39.69059876116529
C-EEU-SVN,urb,sfh,perm,2025,41.49479881486113
C-EEU-SVN,urb,sfh,perm,2030,42.390015287089874
C-EEU-SVN,urb,sfh,perm,2035,43.15337661285794
C-EEU-SVN,urb,sfh,perm,2040,43.77288057286709
C-EEU-SVN,urb,sfh,perm,2045,44.24131883579934
C-EEU-SVN,urb,sfh,perm,2050,44.556058143409395
C-EEU-SVN,urb,sfh,perm,2055,45.734881927910884
C-EEU-SVN,urb,sfh,perm,2060,46.814299469408425
C-EEU-SVN,urb,sfh,perm,2065,47.79526257396136
C-EEU-SVN,urb,sfh,perm,2070,48.680877880492105
C-EEU-SVN,urb,sfh,perm,2075,49.47587297843426
C-EEU-SVN,urb,sfh,perm,2080,50.18609369266706
C-EEU-SVN,urb,sfh,perm,2085,50.81806183475757
C-EEU-SVN,urb,sfh,perm,2090,51.37860826223903
C-EEU-SVN,urb,sfh,perm,2095,51.874584688769495
C-EEU-SVN,urb,sfh,perm,2100,52.31264982630661
C-WEU-AUT,rur,mfh,perm,2020,29.826751742238645
C-WEU-AUT,rur,mfh,perm,2025,30.27974858064177
C-WEU-AUT,rur,mfh,perm,2030,30.107196055700175
C-WEU-AUT,rur,mfh,perm,2035,29.902494069751658
C-WEU-AUT,rur,mfh,perm,2040,29.663384111654985
C-WEU-AUT,rur,mfh,perm,2045,29.3885303961447
C-WEU-AUT,rur,mfh,perm,2050,29.077494328641215
C-WEU-AUT,rur,mfh,perm,2055,29.38361938940986
C-WEU-AUT,rur,mfh,perm,2060,29.66762013949229
C-WEU-AUT,rur,mfh,perm,2065,29.929633006191764
C-WEU-AUT,rur,mfh,perm,2070,30.170235482049932
C-WEU-AUT,rur,mfh,perm,2075,30.390341954378318
C-WEU-AUT,rur,mfh,perm,2080,30.591104428940422
C-WEU-AUT,rur,mfh,perm,2085,30.77382431374735
C-WEU-AUT,rur,mfh,perm,2090,30.939878508048942
C-WEU-AUT,rur,mfh,perm,2095,31.09066072514043
C-WEU-AUT,rur,mfh,perm,2100,31.227537364168438
C-WEU-AUT,rur,sfh,perm,2020,49.863038389921414
C-WEU-AUT,rur,sfh,perm,2025,50.62033837816722
C-WEU-AUT,rur,sfh,perm,2030,50.33187273330599
C-WEU-AUT,rur,sfh,perm,2035,49.98966104790179
C-WEU-AUT,rur,sfh,perm,2040,49.5899276433721
C-WEU-AUT,rur,sfh,perm,2045,49.13043941325773
C-WEU-AUT,rur,sfh,perm,2050,48.610463134626855
C-WEU-AUT,rur,sfh,perm,2055,49.12222941038955
C-WEU-AUT,rur,sfh,perm,2060,49.59700924650803
C-WEU-AUT,rur,sfh,perm,2065,50.03503071608657
C-WEU-AUT,rur,sfh,perm,2070,50.437259245498844
C-WEU-AUT,rur,sfh,perm,2075,50.80522346682699
C-WEU-AUT,rur,sfh,perm,2080,51.14084925212393
C-WEU-AUT,rur,sfh,perm,2085,51.44631223748239
C-WEU-AUT,rur,sfh,perm,2090,51.72391426189399
C-WEU-AUT,rur,sfh,perm,2095,51.97598527332442
C-WEU-AUT,rur,sfh,perm,2100,52.204809557159244
C-WEU-AUT,urb,mfh,perm,2020,27.1471193545768
C-WEU-AUT,urb,mfh,perm,2025,27.559419002411413
C-WEU-AUT,urb,mfh,perm,2030,27.402368579019534
C-WEU-AUT,urb,mfh,perm,2035,27.21605699897598
C-WEU-AUT,urb,mfh,perm,2040,26.99842865555412
C-WEU-AUT,urb,mfh,perm,2045,26.748267770302906
C-WEU-AUT,urb,mfh,perm,2050,26.46517515193583
C-WEU-AUT,urb,mfh,perm,2055,26.743797967921022
C-WEU-AUT,urb,mfh,perm,2060,27.002284119075004
C-WEU-AUT,urb,mfh,perm,2065,27.240757776085836
C-WEU-AUT,urb,mfh,perm,2070,27.459744549623046
C-WEU-AUT,urb,mfh,perm,2075,27.66007667853375
C-WEU-AUT,urb,mfh,perm,2080,27.842802672499072
C-WEU-AUT,urb,mfh,perm,2085,28.00910702116483
C-WEU-AUT,urb,mfh,perm,2090,28.16024292329022
C-WEU-AUT,urb,mfh,perm,2095,28.297478881107704
C-WEU-AUT,urb,mfh,perm,2100,28.422058536601483
C-WEU-AUT,urb,sfh,perm,2020,47.42310685260271
C-WEU-AUT,urb,sfh,perm,2025,48.14335013142614
C-WEU-AUT,urb,sfh,perm,2030,47.86899988039282
C-WEU-AUT,urb,sfh,perm,2035,47.54353352601172
C-WEU-AUT,urb,sfh,perm,2040,47.16336014372946
C-WEU-AUT,urb,sfh,perm,2045,46.726355898945386
C-WEU-AUT,urb,sfh,perm,2050,46.23182344728246
C-WEU-AUT,urb,sfh,perm,2055,46.718547633427505
C-WEU-AUT,urb,sfh,perm,2060,47.17009522512535
C-WEU-AUT,urb,sfh,perm,2065,47.58668313525472
C-WEU-AUT,urb,sfh,perm,2070,47.96922954930034
C-WEU-AUT,urb,sfh,perm,2075,48.31918829929714
C-WEU-AUT,urb,sfh,perm,2080,48.63839101923894
C-WEU-AUT,urb,sfh,perm,2085,48.92890688553837
C-WEU-AUT,urb,sfh,perm,2090,49.19292510206227
C-WEU-AUT,urb,sfh,perm,2095,49.43266160620449
C-WEU-AUT,urb,sfh,perm,2100,49.650288907170605
C-WEU-BEL,rur,mfh,perm,2020,30.14096090847134
C-WEU-BEL,rur,mfh,perm,2025,30.6980671672108
C-WEU-BEL,rur,mfh,perm,2030,30.615400503633897
C-WEU-BEL,rur,mfh,perm,2035,30.49051400643716
C-WEU-BEL,rur,mfh,perm,2040,30.319642671925394
C-WEU-BEL,rur,mfh,perm,2045,30.100580212792952
C-WEU-BEL,rur,mfh,perm,2050,29.8326147276817
C-WEU-BEL,rur,mfh,perm,2055,30.187193760117573
C-WEU-BEL,rur,mfh,perm,2060,30.509545547697982
C-WEU-BEL,rur,mfh,perm,2065,30.800130698070017
C-WEU-BEL,rur,mfh,perm,2070,31.060104938696536
C-WEU-BEL,rur,mfh,perm,2075,31.29113902999025
C-WEU-BEL,rur,mfh,perm,2080,31.49525067099313
C-WEU-BEL,rur,mfh,perm,2085,31.674658012192857
C-WEU-BEL,rur,mfh,perm,2090,31.831659384764823
C-WEU-BEL,rur,mfh,perm,2095,31.968540002469368
C-WEU-BEL,rur,mfh,perm,2100,32.087503800703765
C-WEU-BEL,rur,sfh,perm,2020,50.388319314030184
C-WEU-BEL,rur,sfh,perm,2025,51.31966480571685
C-WEU-BEL,rur,sfh,perm,2030,51.18146635034618
C-WEU-BEL,rur,sfh,perm,2035,50.97268665291486
C-WEU-BEL,rur,sfh,perm,2040,50.68703154752061
C-WEU-BEL,rur,sfh,perm,2045,50.320812661068985
C-WEU-BEL,rur,sfh,perm,2050,49.87283986849854
C-WEU-BEL,rur,sfh,perm,2055,50.46560934133299
C-WEU-BEL,rur,sfh,perm,2060,51.00450273804235
C-WEU-BEL,rur,sfh,perm,2065,51.490290082026675
C-WEU-BEL,rur,sfh,perm,2070,51.92490346711055
C-WEU-BEL,rur,sfh,perm,2075,52.31113599632174
C-WEU-BEL,rur,sfh,perm,2080,52.65236076927425
C-WEU-BEL,rur,sfh,perm,2085,52.95228599140319
C-WEU-BEL,rur,sfh,perm,2090,53.21475391065503
C-WEU-BEL,rur,sfh,perm,2095,53.44358484586452
C-WEU-BEL,rur,sfh,perm,2100,53.6424632383102
C-WEU-BEL,urb,mfh,perm,2020,27.433100000801232
C-WEU-BEL,urb,mfh,perm,2025,27.940155889081694
C-WEU-BEL,urb,mfh,perm,2030,27.864915990276735
C-WEU-BEL,urb,mfh,perm,2035,27.7512492834736
C-WEU-BEL,urb,mfh,perm,2040,27.595729012531795
C-WEU-BEL,urb,mfh,perm,2045,27.396347102776144
C-WEU-BEL,urb,mfh,perm,2050,27.152455609995165
C-WEU-BEL,urb,mfh,perm,2055,27.47517929768844
C-WEU-BEL,urb,mfh,perm,2060,27.768571032974645
C-WEU-BEL,urb,mfh,perm,2065,28.033050042556045
C-WEU-BEL,urb,mfh,perm,2070,28.269668223456016
C-WEU-BEL,urb,mfh,perm,2075,28.479946235139217
C-WEU-BEL,urb,mfh,perm,2080,28.665720506767894
C-WEU-BEL,urb,mfh,perm,2085,28.829009910412186
C-WEU-BEL,urb,mfh,perm,2090,28.97190629540498
C-WEU-BEL,urb,mfh,perm,2095,29.0964895721314
C-WEU-BEL,urb,mfh,perm,2100,29.20476567465348
C-WEU-BEL,urb,sfh,perm,2020,47.92268437928386
C-WEU-BEL,urb,sfh,perm,2025,48.8084566505916
C-WEU-BEL,urb,sfh,perm,2030,48.677020614450804
C-WEU-BEL,urb,sfh,perm,2035,48.478457064782695
C-WEU-BEL,urb,sfh,perm,2040,48.20677982601979
C-WEU-BEL,urb,sfh,perm,2045,47.858481007006255
C-WEU-BEL,urb,sfh,perm,2050,47.432428718675965
C-WEU-BEL,urb,sfh,perm,2055,47.996192399287764
C-WEU-BEL,urb,sfh,perm,2060,48.5087163039577
C-WEU-BEL,urb,sfh,perm,2065,48.970732776785944
C-WEU-BEL,urb,sfh,perm,2070,49.384079369090074
C-WEU-BEL,urb,sfh,perm,2075,49.75141250991277
C-WEU-BEL,urb,sfh,perm,2080,50.07594024410222
C-WEU-BEL,urb,sfh,perm,2085,50.36118932470552
C-WEU-BEL,urb,sfh,perm,2090,50.61081398822331
C-WEU-BEL,urb,sfh,perm,2095,50.8284476150946
C-WEU-BEL,urb,sfh,perm,2100,51.01759435705352
C-WEU-CHE,rur,mfh,perm,2020,41.90481265334915
C-WEU-CHE,rur,mfh,perm,2025,42.12708431952882
C-WEU-CHE,rur,mfh,perm,2030,41.48788668695867
C-WEU-CHE,rur,mfh,perm,2035,40.826897455702444
C-WEU-CHE,rur,mfh,perm,2040,40.145673148543906
C-WEU-CHE,rur,mfh,perm,2045,39.44572119391534
C-WEU-CHE,rur,mfh,perm,2050,38.72848352049133
C-WEU-CHE,rur,mfh,perm,2055,38.858856337439086
C-WEU-CHE,rur,mfh,perm,2060,38.979977097240734
C-WEU-CHE,rur,mfh,perm,2065,39.092471180782496
C-WEU-CHE,rur,mfh,perm,2070,39.19693299928151
C-WEU-CHE,rur,mfh,perm,2075,39.29392426249597
C-WEU-CHE,rur,mfh,perm,2080,39.38397335194506
C-WEU-CHE,rur,mfh,perm,2085,39.46757549795357
C-WEU-CHE,rur,mfh,perm,2090,39.54519352673253
C-WEU-CHE,rur,mfh,perm,2095,39.61725899813865
C-WEU-CHE,rur,mfh,perm,2100,39.68417359809626
C-WEU-CHE,rur,sfh,perm,2020,70.05460400494773
C-WEU-CHE,rur,sfh,perm,2025,70.42618790115905
C-WEU-CHE,rur,sfh,perm,2030,69.35760569793987
C-WEU-CHE,rur,sfh,perm,2035,68.25259326821629
C-WEU-CHE,rur,sfh,perm,2040,67.11375273762339
C-WEU-CHE,rur,sfh,perm,2045,65.94360415804073
C-WEU-CHE,rur,sfh,perm,2050,64.74455808176307
C-WEU-CHE,rur,sfh,perm,2055,64.96250956480245
C-WEU-CHE,rur,sfh,perm,2060,65.1649938697646
C-WEU-CHE,rur,sfh,perm,2065,65.3530564806301
C-WEU-CHE,rur,sfh,perm,2070,65.5276911076626
C-WEU-CHE,rur,sfh,perm,2075,65.6898367922797
C-WEU-CHE,rur,sfh,perm,2080,65.84037685922969
C-WEU-CHE,rur,sfh,perm,2085,65.98013921256698
C-WEU-CHE,rur,sfh,perm,2090,66.10989758458824
C-WEU-CHE,rur,sfh,perm,2095,66.23037343788818
C-WEU-CHE,rur,sfh,perm,2100,66.34223829314854
C-WEU-CHE,urb,mfh,perm,2020,38.140088483744066
C-WEU-CHE,urb,mfh,perm,2025,38.342391285707414
C-WEU-CHE,urb,mfh,perm,2030,37.76061910439503
C-WEU-CHE,urb,mfh,perm,2035,37.159013079438886
C-WEU-CHE,urb,mfh,perm,2040,36.53898989577175
C-WEU-CHE,urb,mfh,perm,2045,35.90192155460665
C-WEU-CHE,urb,mfh,perm,2050,35.24912044189054
C-WEU-CHE,urb,mfh,perm,2055,35.36778057802803
C-WEU-CHE,urb,mfh,perm,2060,35.478019860906294
C-WEU-CHE,urb,mfh,perm,2065,35.580407487255414
C-WEU-CHE,urb,mfh,perm,2070,35.67548446644831
C-WEU-CHE,urb,mfh,perm,2075,35.763762044294836
C-WEU-CHE,urb,mfh,perm,2080,35.84572113257139
C-WEU-CHE,urb,mfh,perm,2085,35.92181247016007
C-WEU-CHE,urb,mfh,perm,2090,35.99245730301142
C-WEU-CHE,urb,mfh,perm,2095,36.058048419687914
C-WEU-CHE,urb,mfh,perm,2100,36.118951418690656
C-WEU-CHE,urb,sfh,perm,2020,66.62664527709383
C-WEU-CHE,urb,sfh,perm,2025,66.98004658162198
C-WEU-CHE,urb,sfh,perm,2030,65.96375295731899
C-WEU-CHE,urb,sfh,perm,2035,64.91281173471538
C-WEU-CHE,urb,sfh,perm,2040,63.8296977104946
C-WEU-CHE,urb,sfh,perm,2045,62.71680762367257
C-WEU-CHE,urb,sfh,perm,2050,61.57643407178724
C-WEU-CHE,urb,sfh,perm,2055,61.783720607116955
C-WEU-CHE,urb,sfh,perm,2060,61.97629681466985
C-WEU-CHE,urb,sfh,perm,2065,62.155157020105236
C-WEU-CHE,urb,sfh,perm,2070,62.32124630879168
C-WEU-CHE,urb,sfh,perm,2075,62.47545777234421
C-WEU-CHE,urb,sfh,perm,2080,62.618631512073826
C-WEU-CHE,urb,sfh,perm,2085,62.75155492048022
C-WEU-CHE,urb,sfh,perm,2090,62.874963869073824
C-WEU-CHE,urb,sfh,perm,2095,62.98954451735932
C-WEU-CHE,urb,sfh,perm,2100,63.095935526719366
C-WEU-CYP,rur,mfh,perm,2020,31.798386523676577
C-WEU-CYP,rur,mfh,perm,2025,32.1238864202391
C-WEU-CYP,rur,mfh,perm,2030,31.784181174269797
C-WEU-CYP,rur,mfh,perm,2035,31.41541373718679
C-WEU-CYP,rur,mfh,perm,2040,31.018028673671058
C-WEU-CYP,rur,mfh,perm,2045,30.592770704908602
C-WEU-CYP,rur,mfh,perm,2050,30.140682610090153
C-WEU-CYP,rur,mfh,perm,2055,30.337235262041496
C-WEU-CYP,rur,mfh,perm,2060,30.517819929380256
C-WEU-CYP,rur,mfh,perm,2065,30.68309548076891
C-WEU-CYP,rur,mfh,perm,2070,30.83388194195344
C-WEU-CYP,rur,mfh,perm,2075,30.971112081827016
C-WEU-CYP,rur,mfh,perm,2080,31.09578552736816
C-WEU-CYP,rur,mfh,perm,2085,31.208928505134416
C-WEU-CYP,rur,mfh,perm,2090,31.311560804845936
C-WEU-CYP,rur,mfh,perm,2095,31.404670372779528
C-WEU-CYP,rur,mfh,perm,2100,31.489195122521085
C-WEU-CYP,rur,sfh,perm,2020,53.15912981976764
C-WEU-CYP,rur,sfh,perm,2025,53.703286085205974
C-WEU-CYP,rur,sfh,perm,2030,53.135381947758866
C-WEU-CYP,rur,sfh,perm,2035,52.51889293041196
C-WEU-CYP,rur,sfh,perm,2040,51.85456223664733
C-WEU-CYP,rur,sfh,perm,2045,51.143634858256554
C-WEU-CYP,rur,sfh,perm,2050,50.387854067161044
C-WEU-CYP,rur,sfh,perm,2055,50.71644205805552
C-WEU-CYP,rur,sfh,perm,2060,51.018335481716264
C-WEU-CYP,rur,sfh,perm,2065,51.29463580550034
C-WEU-CYP,rur,sfh,perm,2070,51.54671391201696
C-WEU-CYP,rur,sfh,perm,2075,51.776129162859725
C-WEU-CYP,rur,sfh,perm,2080,51.9845526899989
C-WEU-CYP,rur,sfh,perm,2085,52.17370009339918
C-WEU-CYP,rur,sfh,perm,2090,52.34527621220644
C-WEU-CYP,rur,sfh,perm,2095,52.50093265111282
C-WEU-CYP,rur,sfh,perm,2100,52.64223737238066
C-WEU-CYP,urb,mfh,perm,2020,28.94162266482272
C-WEU-CYP,urb,mfh,perm,2025,29.237879683295567
C-WEU-CYP,urb,mfh,perm,2030,28.928693522583167
C-WEU-CYP,urb,mfh,perm,2035,28.593056115094473
C-WEU-CYP,urb,mfh,perm,2040,28.23137208586407
C-WEU-CYP,urb,mfh,perm,2045,27.844319250401245
C-WEU-CYP,urb,mfh,perm,2050,27.432846704718727
C-WEU-CYP,urb,mfh,perm,2055,27.611741086114783
C-WEU-CYP,urb,mfh,perm,2060,27.77610204503574
C-WEU-CYP,urb,mfh,perm,2065,27.926529257449467
C-WEU-CYP,urb,mfh,perm,2070,28.063769078071093
C-WEU-CYP,urb,mfh,perm,2075,28.18867047592991
C-WEU-CYP,urb,mfh,perm,2080,28.30214327161685
C-WEU-CYP,urb,mfh,perm,2085,28.40512149559834
C-WEU-CYP,urb,mfh,perm,2090,28.498533319788283
C-WEU-CYP,urb,mfh,perm,2095,28.58327793346899
C-WEU-CYP,urb,mfh,perm,2100,28.660208988163774
C-WEU-CYP,urb,sfh,perm,2020,50.557911732546415
C-WEU-CYP,urb,sfh,perm,2025,51.07544097973347
C-WEU-CYP,urb,sfh,perm,2030,50.53532590729069
C-WEU-CYP,urb,sfh,perm,2035,49.9490033427795
C-WEU-CYP,urb,sfh,perm,2040,49.31718012275223
C-WEU-CYP,urb,sfh,perm,2045,48.641040318229585
C-WEU-CYP,urb,sfh,perm,2050,47.922241898185625
C-WEU-CYP,urb,sfh,perm,2055,48.23475120178676
C-WEU-CYP,urb,sfh,perm,2060,48.52187217456837
C-WEU-CYP,urb,sfh,perm,2065,48.784652386150306
C-WEU-CYP,urb,sfh,perm,2070,49.02439563819719
C-WEU-CYP,urb,sfh,perm,2075,49.242584988578464
C-WEU-CYP,urb,sfh,perm,2080,49.44080979631733
C-WEU-CYP,urb,sfh,perm,2085,49.620701712493776
C-WEU-CYP,urb,sfh,perm,2090,49.78388215392465
C-WEU-CYP,urb,sfh,perm,2095,49.931921907876855
C-WEU-CYP,urb,sfh,perm,2100,50.06631221203483
C-WEU-DEU,rur,mfh,perm,2020,31.42035801477815
C-WEU-DEU,rur,mfh,perm,2025,31.81597199862152
C-WEU-DEU,rur,mfh,perm,2030,31.552722467782797
C-WEU-DEU,rur,mfh,perm,2035,31.257486503813432
C-WEU-DEU,rur,mfh,perm,2040,30.92937203946959
C-WEU-DEU,rur,mfh,perm,2045,30.568146367180017
C-WEU-DEU,rur,mfh,perm,2050,30.174207528807397
C-WEU-DEU,rur,mfh,perm,2055,30.424617249991623
C-WEU-DEU,rur,mfh,perm,2060,30.654931582648413
C-WEU-DEU,rur,mfh,perm,2065,30.865615922178023
C-WEU-DEU,rur,mfh,perm,2070,31.057442797030177
C-WEU-DEU,rur,mfh,perm,2075,31.231412350944755
C-WEU-DEU,rur,mfh,perm,2080,31.388677419016002
C-WEU-DEU,rur,mfh,perm,2085,31.530477628742855
C-WEU-DEU,rur,mfh,perm,2090,31.65808477879199
C-WEU-DEU,rur,mfh,perm,2095,31.77276003045111
C-WEU-DEU,rur,mfh,perm,2100,31.875722260965453
C-WEU-DEU,rur,sfh,perm,2020,52.52715855401987
C-WEU-DEU,rur,sfh,perm,2025,53.18852843547553
C-WEU-DEU,rur,sfh,perm,2030,52.74843956573275
C-WEU-DEU,rur,sfh,perm,2035,52.25487719820741
C-WEU-DEU,rur,sfh,perm,2040,51.70635001451492
C-WEU-DEU,rur,sfh,perm,2045,51.1024689844766
C-WEU-DEU,rur,sfh,perm,2050,50.443899536793914
C-WEU-DEU,rur,sfh,perm,2055,50.86252338321619
C-WEU-DEU,rur,sfh,perm,2060,51.247552651916344
C-WEU-DEU,rur,sfh,perm,2065,51.59976537024741
C-WEU-DEU,rur,sfh,perm,2070,51.92045301694902
C-WEU-DEU,rur,sfh,perm,2075,52.21128758789011
C-WEU-DEU,rur,sfh,perm,2080,52.474196341561914
C-WEU-DEU,rur,sfh,perm,2085,52.71125163214174
C-WEU-DEU,rur,sfh,perm,2090,52.92457959613582
C-WEU-DEU,rur,sfh,perm,2095,53.11628858695277
C-WEU-DEU,rur,sfh,perm,2100,53.288416269417716
C-WEU-DEU,urb,mfh,perm,2020,28.597556199282476
C-WEU-DEU,urb,mfh,perm,2025,28.95762826246079
C-WEU-DEU,urb,mfh,perm,2030,28.71802904309308
C-WEU-DEU,urb,mfh,perm,2035,28.449317048541896
C-WEU-DEU,urb,mfh,perm,2040,28.150680354795213
C-WEU-DEU,urb,mfh,perm,2045,27.821907160706655
C-WEU-DEU,urb,mfh,perm,2050,27.46335974809785
C-WEU-DEU,urb,mfh,perm,2055,27.69127268502379
C-WEU-DEU,urb,mfh,perm,2060,27.900895601113888
C-WEU-DEU,urb,mfh,perm,2065,28.092652080692282
C-WEU-DEU,urb,mfh,perm,2070,28.267245248330198
C-WEU-DEU,urb,mfh,perm,2075,28.425585394954116
C-WEU-DEU,urb,mfh,perm,2080,28.56872178506897
C-WEU-DEU,urb,mfh,perm,2085,28.697782678163385
C-WEU-DEU,urb,mfh,perm,2090,28.813925614639295
C-WEU-DEU,urb,mfh,perm,2095,28.918298453180658
C-WEU-DEU,urb,mfh,perm,2100,29.012010567223175
C-WEU-DEU,urb,sfh,perm,2020,49.95686450736591
C-WEU-DEU,urb,sfh,perm,2025,50.585871795531965
C-WEU-DEU,urb,sfh,perm,2030,50.167317648645664
C-WEU-DEU,urb,sfh,perm,2035,49.69790660492738
C-WEU-DEU,urb,sfh,perm,2040,49.17622032018095
C-WEU-DEU,urb,sfh,perm,2045,48.60188880051257
C-WEU-DEU,urb,sfh,perm,2050,47.97554491342147
C-WEU-DEU,urb,sfh,perm,2055,48.37368437786182
C-WEU-DEU,urb,sfh,perm,2060,48.7398731369214
C-WEU-DEU,urb,sfh,perm,2065,49.074851146998625
C-WEU-DEU,urb,sfh,perm,2070,49.379846691331814
C-WEU-DEU,urb,sfh,perm,2075,49.65644995056997
C-WEU-DEU,urb,sfh,perm,2080,49.906493877303134
C-WEU-DEU,urb,sfh,perm,2085,50.131949419888244
C-WEU-DEU,urb,sfh,perm,2090,50.33483867729829
C-WEU-DEU,urb,sfh,perm,2095,50.51716683558306
C-WEU-DEU,urb,sfh,perm,2100,50.68087185118989
C-WEU-DNK,rur,mfh,perm,2020,41.382481559555785
C-WEU-DNK,rur,mfh,perm,2025,41.480308516729494
C-WEU-DNK,rur,mfh,perm,2030,40.730070009799334
C-WEU-DNK,rur,mfh,perm,2035,39.964087861854495
C-WEU-DNK,rur,mfh,perm,2040,39.18573316489679
C-WEU-DNK,rur,mfh,perm,2045,38.39749610497751
C-WEU-DNK,rur,mfh,perm,2050,37.60125417322673
C-WEU-DNK,rur,mfh,perm,2055,37.63477689867951
C-WEU-DNK,rur,mfh,perm,2060,37.664165943150486
C-WEU-DNK,rur,mfh,perm,2065,37.690078338193864
C-WEU-DNK,rur,mfh,perm,2070,37.71304091319222
C-WEU-DNK,rur,mfh,perm,2075,37.73348092930729
C-WEU-DNK,rur,mfh,perm,2080,37.75174847835501
C-WEU-DNK,rur,mfh,perm,2085,37.768133110698095
C-WEU-DNK,rur,mfh,perm,2090,37.78287635052984
C-WEU-DNK,rur,mfh,perm,2095,37.796181235190446
C-WEU-DNK,rur,mfh,perm,2100,37.808219670652996
C-WEU-DNK,rur,sfh,perm,2020,69.18139408899215
C-WEU-DNK,rur,sfh,perm,2025,69.34493684964129
C-WEU-DNK,rur,sfh,perm,2030,68.09072144610207
C-WEU-DNK,rur,sfh,perm,2035,66.81018652298873
C-WEU-DNK,rur,sfh,perm,2040,65.50896772213567
C-WEU-DNK,rur,sfh,perm,2045,64.19122802594696
C-WEU-DNK,rur,sfh,perm,2050,62.86010614067878
C-WEU-DNK,rur,sfh,perm,2055,62.91614794370958
C-WEU-DNK,rur,sfh,perm,2060,62.96527924253028
C-WEU-DNK,rur,sfh,perm,2065,63.008598433302005
C-WEU-DNK,rur,sfh,perm,2070,63.04698624598003
C-WEU-DNK,rur,sfh,perm,2075,63.08115695679172
C-WEU-DNK,rur,sfh,perm,2080,63.11169583368076
C-WEU-DNK,rur,sfh,perm,2085,63.1390869340791
C-WEU-DNK,rur,sfh,perm,2090,63.163734027402406
C-WEU-DNK,rur,sfh,perm,2095,63.18597654245529
C-WEU-DNK,rur,sfh,perm,2100,63.20610186400594
C-WEU-DNK,urb,mfh,perm,2020,37.664683563075656
C-WEU-DNK,urb,mfh,perm,2025,37.75372175621987
C-WEU-DNK,urb,mfh,perm,2030,37.07088460157288
C-WEU-DNK,urb,mfh,perm,2035,36.373718213042324
C-WEU-DNK,urb,mfh,perm,2040,35.66529082406242
C-WEU-DNK,urb,mfh,perm,2045,34.947868902619106
C-WEU-DNK,urb,mfh,perm,2050,34.22316126622749
C-WEU-DNK,urb,mfh,perm,2055,34.253672313384826
C-WEU-DNK,urb,mfh,perm,2060,34.280421049045515
C-WEU-DNK,urb,mfh,perm,2065,34.304005477114806
C-WEU-DNK,urb,mfh,perm,2070,34.324905096676346
C-WEU-DNK,urb,mfh,perm,2075,34.343508783791876
C-WEU-DNK,urb,mfh,perm,2080,34.360135178063686
C-WEU-DNK,urb,mfh,perm,2085,34.37504781667893
C-WEU-DNK,urb,mfh,perm,2090,34.388466525321576
C-WEU-DNK,urb,mfh,perm,2095,34.400576100477515
C-WEU-DNK,urb,mfh,perm,2100,34.411533004104456
C-WEU-DNK,urb,sfh,perm,2020,65.7961638526509
C-WEU-DNK,urb,sfh,perm,2025,65.95170402957685
C-WEU-DNK,urb,sfh,perm,2030,64.7588607328426
C-WEU-DNK,urb,sfh,perm,2035,63.54098580086558
C-WEU-DNK,urb,sfh,perm,2040,62.30343910848547
C-WEU-DNK,urb,sfh,perm,2045,61.050179932267575
C-WEU-DNK,urb,sfh,perm,2050,59.784193393194784
C-WEU-DNK,urb,sfh,perm,2055,59.83749292124519
C-WEU-DNK,urb,sfh,perm,2060,59.88422009449847
C-WEU-DNK,urb,sfh,perm,2065,59.92541956166032
C-WEU-DNK,urb,sfh,perm,2070,59.96192895621892
C-WEU-DNK,urb,sfh,perm,2075,59.99442760295963
C-WEU-DNK,urb,sfh,perm,2080,60.023472131103745
C-WEU-DNK,urb,sfh,perm,2085,60.04952291186128
C-WEU-DNK,urb,sfh,perm,2090,60.07296395713287
C-WEU-DNK,urb,sfh,perm,2095,60.094118086565885
C-WEU-DNK,urb,sfh,perm,2100,60.11325862242485
C-WEU-ESP,rur,mfh,perm,2020,29.21665624749352
C-WEU-ESP,rur,mfh,perm,2025,29.810860259181755
C-WEU-ESP,rur,mfh,perm,2030,29.78149513398726
C-WEU-ESP,rur,mfh,perm,2035,29.708178035739014
C-WEU-ESP,rur,mfh,perm,2040,29.587511910521282
C-WEU-ESP,rur,mfh,perm,2045,29.417487203452
C-WEU-ESP,rur,mfh,perm,2050,29.197442139731127
C-WEU-ESP,rur,mfh,perm,2055,29.58538717986136
C-WEU-ESP,rur,mfh,perm,2060,29.941272921134885
C-WEU-ESP,rur,mfh,perm,2065,30.26537361398154
C-WEU-ESP,rur,mfh,perm,2070,30.55862514462174
C-WEU-ESP,rur,mfh,perm,2075,30.82246701564727
C-WEU-ESP,rur,mfh,perm,2080,31.05869186398549
C-WEU-ESP,rur,mfh,perm,2085,31.26931181936164
C-WEU-ESP,rur,mfh,perm,2090,31.456446593695617
C-WEU-ESP,rur,mfh,perm,2095,31.62223469355327
C-WEU-ESP,rur,mfh,perm,2100,31.768766711462803
C-WEU-ESP,rur,sfh,perm,2020,48.84310784773925
C-WEU-ESP,rur,sfh,perm,2025,49.8364717145896
C-WEU-ESP,rur,sfh,perm,2030,49.78738040295259
C-WEU-ESP,rur,sfh,perm,2035,49.66481213550654
C-WEU-ESP,rur,sfh,perm,2040,49.46308786844281
C-WEU-ESP,rur,sfh,perm,2045,49.178848117192096
C-WEU-ESP,rur,sfh,perm,2050,48.81098655604568
C-WEU-ESP,rur,sfh,perm,2055,49.45953583812521
C-WEU-ESP,rur,sfh,perm,2060,50.054489808738694
C-WEU-ESP,rur,sfh,perm,2065,50.596306947570035
C-WEU-ESP,rur,sfh,perm,2070,51.08655182762208
C-WEU-ESP,rur,sfh,perm,2075,51.527630945372074
C-WEU-ESP,rur,sfh,perm,2080,51.92254115159012
C-WEU-ESP,rur,sfh,perm,2085,52.27464623535397
C-WEU-ESP,rur,sfh,perm,2090,52.587489836874624
C-WEU-ESP,rur,sfh,perm,2095,52.864647016417166
C-WEU-ESP,rur,sfh,perm,2100,53.10961273368729
C-WEU-ESP,urb,mfh,perm,2020,26.5918347779435
C-WEU-ESP,urb,mfh,perm,2025,27.132655560765297
C-WEU-ESP,urb,mfh,perm,2030,27.10592859547567
C-WEU-ESP,urb,mfh,perm,2035,27.039198297987138
C-WEU-ESP,urb,mfh,perm,2040,26.929372805367333
C-WEU-ESP,urb,mfh,perm,2045,26.77462310094342
C-WEU-ESP,urb,mfh,perm,2050,26.574346863697084
C-WEU-ESP,urb,mfh,perm,2055,26.927438960296975
C-WEU-ESP,urb,mfh,perm,2060,27.25135196223687
C-WEU-ESP,urb,mfh,perm,2065,27.54633548131546
C-WEU-ESP,urb,mfh,perm,2070,27.81324132382892
C-WEU-ESP,urb,mfh,perm,2075,28.05337966760042
C-WEU-ESP,urb,mfh,perm,2080,28.268382099235403
C-WEU-ESP,urb,mfh,perm,2085,28.46007997892624
C-WEU-ESP,urb,mfh,perm,2090,28.630402583886337
C-WEU-ESP,urb,mfh,perm,2095,28.78129629746597
C-WEU-ESP,urb,mfh,perm,2100,28.9146638935701
C-WEU-ESP,urb,sfh,perm,2020,46.453084233726074
C-WEU-ESP,urb,sfh,perm,2025,47.39784015559305
C-WEU-ESP,urb,sfh,perm,2030,47.35115101284385
C-WEU-ESP,urb,sfh,perm,2035,47.23458033782041
C-WEU-ESP,urb,sfh,perm,2040,47.042726977483284
C-WEU-ESP,urb,sfh,perm,2045,46.772395835808524
C-WEU-ESP,urb,sfh,perm,2050,46.422534722556776
C-WEU-ESP,urb,sfh,perm,2055,47.03934875748836
C-WEU-ESP,urb,sfh,perm,2060,47.60519004257312
C-WEU-ESP,urb,sfh,perm,2065,48.12049462286047
C-WEU-ESP,urb,sfh,perm,2070,48.58675051262086
C-WEU-ESP,urb,sfh,perm,2075,49.006246452036734
C-WEU-ESP,urb,sfh,perm,2080,49.381832647972345
C-WEU-ESP,urb,sfh,perm,2085,49.71670829032897
C-WEU-ESP,urb,sfh,perm,2090,50.014243619545184
C-WEU-ESP,urb,sfh,perm,2095,50.27783875864663
C-WEU-ESP,urb,sfh,perm,2100,50.51081764963363
C-WEU-FIN,rur,mfh,perm,2020,28.175403729441307
C-WEU-FIN,rur,mfh,perm,2025,28.8767351117564
C-WEU-FIN,rur,mfh,perm,2030,28.967047173150842
C-WEU-FIN,rur,mfh,perm,2035,29.00408089454955
C-WEU-FIN,rur,mfh,perm,2040,28.983730670638387
C-WEU-FIN,rur,mfh,perm,2045,28.9036393154031
C-WEU-FIN,rur,mfh,perm,2050,28.763142481008703
C-WEU-FIN,rur,mfh,perm,2055,29.212259136190912
C-WEU-FIN,rur,mfh,perm,2060,29.622177173594075
C-WEU-FIN,rur,mfh,perm,2065,29.993434436332386
C-WEU-FIN,rur,mfh,perm,2070,30.327379879958496
C-WEU-FIN,rur,mfh,perm,2075,30.62596855514626
C-WEU-FIN,rur,mfh,perm,2080,30.891568505095478
C-WEU-FIN,rur,mfh,perm,2085,31.12679118847286
C-WEU-FIN,rur,mfh,perm,2090,31.334351235992024
C-WEU-FIN,rur,mfh,perm,2095,31.516956827007352
C-WEU-FIN,rur,mfh,perm,2100,31.677228886614127
C-WEU-FIN,rur,sfh,perm,2020,47.10238814986768
C-WEU-FIN,rur,sfh,perm,2025,48.27484279537008
C-WEU-FIN,rur,sfh,perm,2030,48.42582248713472
C-WEU-FIN,rur,sfh,perm,2035,48.48773381719788
C-WEU-FIN,rur,sfh,perm,2040,48.45371321700329
C-WEU-FIN,rur,sfh,perm,2045,48.31982004769975
C-WEU-FIN,rur,sfh,perm,2050,48.08494368209307
C-WEU-FIN,rur,sfh,perm,2055,48.835756952422805
C-WEU-FIN,rur,sfh,perm,2060,49.52103971510493
C-WEU-FIN,rur,sfh,perm,2065,50.14169111236191
C-WEU-FIN,rur,sfh,perm,2070,50.69996626815393
C-WEU-FIN,rur,sfh,perm,2075,51.19913354933658
C-WEU-FIN,rur,sfh,perm,2080,51.64315174532151
C-WEU-FIN,rur,sfh,perm,2085,52.036386576683206
C-WEU-FIN,rur,sfh,perm,2090,52.383376242440406
C-WEU-FIN,rur,sfh,perm,2095,52.68864815651601
C-WEU-FIN,rur,sfh,perm,2100,52.956583865039306
C-WEU-FIN,urb,mfh,perm,2020,25.644128281771906
C-WEU-FIN,urb,mfh,perm,2025,26.282452122978395
C-WEU-FIN,urb,mfh,perm,2030,26.364650557827094
C-WEU-FIN,urb,mfh,perm,2035,26.398357173406392
C-WEU-FIN,urb,mfh,perm,2040,26.37983521157217
C-WEU-FIN,urb,mfh,perm,2045,26.30693925566547
C-WEU-FIN,urb,mfh,perm,2050,26.17906464279425
C-WEU-FIN,urb,mfh,perm,2055,26.587832702679698
C-WEU-FIN,urb,mfh,perm,2060,26.960923744679377
C-WEU-FIN,urb,mfh,perm,2065,27.298827292135996
C-WEU-FIN,urb,mfh,perm,2070,27.602771110570533
C-WEU-FIN,urb,mfh,perm,2075,27.87453460910022
C-WEU-FIN,urb,mfh,perm,2080,28.11627308616108
C-WEU-FIN,urb,mfh,perm,2085,28.33036338723489
C-WEU-FIN,urb,mfh,perm,2090,28.519276260883974
C-WEU-FIN,urb,mfh,perm,2095,28.68547658390091
C-WEU-FIN,urb,mfh,perm,2100,28.831349817733066
C-WEU-FIN,urb,sfh,perm,2020,44.797542596109395
C-WEU-FIN,urb,sfh,perm,2025,45.912625906891535
C-WEU-FIN,urb,sfh,perm,2030,46.05621775942042
C-WEU-FIN,urb,sfh,perm,2035,46.11509960288154
C-WEU-FIN,urb,sfh,perm,2040,46.082743721444864
C-WEU-FIN,urb,sfh,perm,2045,45.95540230223446
C-WEU-FIN,urb,sfh,perm,2050,45.73201906400867
C-WEU-FIN,urb,sfh,perm,2055,46.44609303733472
C-WEU-FIN,urb,sfh,perm,2060,47.09784308563282
C-WEU-FIN,urb,sfh,perm,2065,47.68812435369698
C-WEU-FIN,urb,sfh,perm,2070,48.21908161625379
C-WEU-FIN,urb,sfh,perm,2075,48.693823310246366
C-WEU-FIN,urb,sfh,perm,2080,49.116114510955654
C-WEU-FIN,urb,sfh,perm,2085,49.4901073125977
C-WEU-FIN,urb,sfh,perm,2090,49.82011784800216
C-WEU-FIN,urb,sfh,perm,2095,50.11045199264652
C-WEU-FIN,urb,sfh,perm,2100,50.36527689191491
C-WEU-FRA,rur,mfh,perm,2020,30.972836082325713
C-WEU-FRA,rur,mfh,perm,2025,31.431409903360343
C-WEU-FRA,rur,mfh,perm,2030,31.235344543039247
C-WEU-FRA,rur,mfh,perm,2035,31.001790694155176
C-WEU-FRA,rur,mfh,perm,2040,30.729239113019432
C-WEU-FRA,rur,mfh,perm,2045,30.417063188119204
C-WEU-FRA,rur,mfh,perm,2050,30.065512985596982
C-WEU-FRA,rur,mfh,perm,2055,30.350081689406952
C-WEU-FRA,rur,mfh,perm,2060,30.6095692819791
C-WEU-FRA,rur,mfh,perm,2065,30.8445662972523
C-WEU-FRA,rur,mfh,perm,2070,31.05610246989806
C-WEU-FRA,rur,mfh,perm,2075,31.245531193929793
C-WEU-FRA,rur,mfh,perm,2080,31.414420224063687
C-WEU-FRA,rur,mfh,perm,2085,31.564455645106342
C-WEU-FRA,rur,mfh,perm,2090,31.697362646829024
C-WEU-FRA,rur,mfh,perm,2095,31.814843934429454
C-WEU-FRA,rur,mfh,perm,2100,31.918534761790436
C-WEU-FRA,rur,sfh,perm,2020,51.77901127029783
C-WEU-FRA,rur,sfh,perm,2025,52.54563461032723
C-WEU-FRA,rur,sfh,perm,2030,52.21786125193031
C-WEU-FRA,rur,sfh,perm,2035,51.82741630392988
C-WEU-FRA,rur,sfh,perm,2040,51.37177667978134
C-WEU-FRA,rur,sfh,perm,2045,50.84989483819731
C-WEU-FRA,rur,sfh,perm,2050,50.26218882864459
C-WEU-FRA,rur,sfh,perm,2055,50.73791814457116
C-WEU-FRA,rur,sfh,perm,2060,51.171717973059025
C-WEU-FRA,rur,sfh,perm,2065,51.56457554251037
C-WEU-FRA,rur,sfh,perm,2070,51.91821231759895
C-WEU-FRA,rur,sfh,perm,2075,52.23489084230641
C-WEU-FRA,rur,sfh,perm,2080,52.51723201931354
C-WEU-FRA,rur,sfh,perm,2085,52.768054570288925
C-WEU-FRA,rur,sfh,perm,2090,52.99024259084372
C-WEU-FRA,rur,sfh,perm,2095,53.186642587878
C-WEU-FRA,rur,sfh,perm,2100,53.35998830618032
C-WEU-FRA,urb,mfh,perm,2020,28.19023959239657
C-WEU-FRA,urb,mfh,perm,2025,28.607615187301928
C-WEU-FRA,urb,mfh,perm,2030,28.429164319304874
C-WEU-FRA,urb,mfh,perm,2035,28.21659292480074
C-WEU-FRA,urb,mfh,perm,2040,27.968527350402546
C-WEU-FRA,urb,mfh,perm,2045,27.684397279313014
C-WEU-FRA,urb,mfh,perm,2050,27.364430311757452
C-WEU-FRA,urb,mfh,perm,2055,27.623433391733023
C-WEU-FRA,urb,mfh,perm,2060,27.85960864499107
C-WEU-FRA,urb,mfh,perm,2065,28.073493551960556
C-WEU-FRA,urb,mfh,perm,2070,28.26602533605332
C-WEU-FRA,urb,mfh,perm,2075,28.438435802500194
C-WEU-FRA,urb,mfh,perm,2080,28.592151859090787
C-WEU-FRA,urb,mfh,perm,2085,28.72870811294163
C-WEU-FRA,urb,mfh,perm,2090,28.849674762947807
C-WEU-FRA,urb,mfh,perm,2095,28.956601543442712
C-WEU-FRA,urb,mfh,perm,2100,29.05097679726417
C-WEU-FRA,urb,sfh,perm,2020,49.24532606680818
C-WEU-FRA,urb,sfh,perm,2025,49.97443648093132
C-WEU-FRA,urb,sfh,perm,2030,49.66270194768563
C-WEU-FRA,urb,sfh,perm,2035,49.29136251296668
C-WEU-FRA,urb,sfh,perm,2040,48.85801855158779
C-WEU-FRA,urb,sfh,perm,2045,48.36167378125235
C-WEU-FRA,urb,sfh,perm,2050,47.802725795151105
C-WEU-FRA,urb,sfh,perm,2055,48.2551764060762
C-WEU-FRA,urb,sfh,perm,2060,48.667749251279695
C-WEU-FRA,urb,sfh,perm,2065,49.041383251443435
C-WEU-FRA,urb,sfh,perm,2070,49.37771563538068
C-WEU-FRA,urb,sfh,perm,2075,49.678898234757966
C-WEU-FRA,urb,sfh,perm,2080,49.947423704493566
C-WEU-FRA,urb,sfh,perm,2085,50.185972838682574
C-WEU-FRA,urb,sfh,perm,2090,50.39728860644108
C-WEU-FRA,urb,sfh,perm,2095,50.58407822749013
C-WEU-FRA,urb,sfh,perm,2100,50.74894167719025
C-WEU-GBR,rur,mfh,perm,2020,31.77395792019173
C-WEU-GBR,rur,mfh,perm,2025,32.17297695345006
C-WEU-GBR,rur,mfh,perm,2030,31.895545631671805
C-WEU-GBR,rur,mfh,perm,2035,31.579061593286806
C-WEU-GBR,rur,mfh,perm,2040,31.225140011526847
C-WEU-GBR,rur,mfh,perm,2045,30.83538158288858
C-WEU-GBR,rur,mfh,perm,2050,30.411532857067073
C-WEU-GBR,rur,mfh,perm,2055,30.636356883017385
C-WEU-GBR,rur,mfh,perm,2060,30.8402668896934
C-WEU-GBR,rur,mfh,perm,2065,31.024249455499806
C-WEU-GBR,rur,mfh,perm,2070,31.189485733225656
C-WEU-GBR,rur,mfh,perm,2075,31.33729545546688
C-WEU-GBR,rur,mfh,perm,2080,31.469079258147193
C-WEU-GBR,rur,mfh,perm,2085,31.586265845645997
C-WEU-GBR,rur,mfh,perm,2090,31.690267620926864
C-WEU-GBR,rur,mfh,perm,2095,31.78244618848993
C-WEU-GBR,rur,mfh,perm,2100,31.864087622931432
C-WEU-GBR,rur,sfh,perm,2020,53.1182911658001
C-WEU-GBR,rur,sfh,perm,2025,53.78535345758475
C-WEU-GBR,rur,sfh,perm,2030,53.32155609983205
C-WEU-GBR,rur,sfh,perm,2035,52.79247214552936
C-WEU-GBR,rur,sfh,perm,2040,52.200801769525015
C-WEU-GBR,rur,sfh,perm,2045,51.54922094510478
C-WEU-GBR,rur,sfh,perm,2050,50.840649476451425
C-WEU-GBR,rur,sfh,perm,2055,51.21650029432851
C-WEU-GBR,rur,sfh,perm,2060,51.557387983971786
C-WEU-GBR,rur,sfh,perm,2065,51.86496186332552
C-WEU-GBR,rur,sfh,perm,2070,52.141196531145006
C-WEU-GBR,rur,sfh,perm,2075,52.38829825774974
C-WEU-GBR,rur,sfh,perm,2080,52.60860856404812
C-WEU-GBR,rur,sfh,perm,2085,52.804515894545716
C-WEU-GBR,rur,sfh,perm,2090,52.9783814417654
C-WEU-GBR,rur,sfh,perm,2095,53.13248147561576
C-WEU-GBR,rur,sfh,perm,2100,53.26896599846777
C-WEU-GBR,urb,mfh,perm,2020,28.919388724627023
C-WEU-GBR,urb,mfh,perm,2025,29.282559927922083
C-WEU-GBR,urb,mfh,perm,2030,29.030053008291716
C-WEU-GBR,urb,mfh,perm,2035,28.742001864201185
C-WEU-GBR,urb,mfh,perm,2040,28.419876561880987
C-WEU-GBR,urb,mfh,perm,2045,28.0651339914149
C-WEU-GBR,urb,mfh,perm,2050,27.679363792648427
C-WEU-GBR,urb,mfh,perm,2055,27.88398965063639
C-WEU-GBR,urb,mfh,perm,2060,28.069580402745917
C-WEU-GBR,urb,mfh,perm,2065,28.23703399327669
C-WEU-GBR,urb,mfh,perm,2070,28.387425460369546
C-WEU-GBR,urb,mfh,perm,2075,28.521955971976247
C-WEU-GBR,urb,mfh,perm,2080,28.64190033102947
C-WEU-GBR,urb,mfh,perm,2085,28.748558887250343
C-WEU-GBR,urb,mfh,perm,2090,28.843217153461726
C-WEU-GBR,urb,mfh,perm,2095,28.927114407751898
C-WEU-GBR,urb,mfh,perm,2100,29.00142118390425
C-WEU-GBR,urb,sfh,perm,2020,50.51907142290313
C-WEU-GBR,urb,sfh,perm,2025,51.15349257656953
C-WEU-GBR,urb,sfh,perm,2030,50.712390061262184
C-WEU-GBR,urb,sfh,perm,2035,50.209195596803596
C-WEU-GBR,urb,sfh,perm,2040,49.64647723128087
C-WEU-GBR,urb,sfh,perm,2045,49.02677999546553
C-WEU-GBR,urb,sfh,perm,2050,48.35288081972967
C-WEU-GBR,urb,sfh,perm,2055,48.71034025405942
C-WEU-GBR,urb,sfh,perm,2060,49.034547399325504
C-WEU-GBR,urb,sfh,perm,2065,49.327070867943696
C-WEU-GBR,urb,sfh,perm,2070,49.58978863628259
C-WEU-GBR,urb,sfh,perm,2075,49.8247990159671
C-WEU-GBR,urb,sfh,perm,2080,50.034328951038795
C-WEU-GBR,urb,sfh,perm,2085,50.22065001303958
C-WEU-GBR,urb,sfh,perm,2090,50.38600785504087
C-WEU-GBR,urb,sfh,perm,2095,50.532567362989994
C-WEU-GBR,urb,sfh,perm,2100,50.66237333390423
C-WEU-GRC,rur,mfh,perm,2020,24.523705162426225
C-WEU-GRC,rur,mfh,perm,2025,25.44580443097409
C-WEU-GRC,rur,mfh,perm,2030,25.81511296241382
C-WEU-GRC,rur,mfh,perm,2035,26.11479198092728
C-WEU-GRC,rur,mfh,perm,2040,26.339674701648278
C-WEU-GRC,rur,mfh,perm,2045,26.48682347612645
C-WEU-GRC,rur,mfh,perm,2050,26.555447537869053
C-WEU-GRC,rur,mfh,perm,2055,27.15001701475949
C-WEU-GRC,rur,mfh,perm,2060,27.69412984781448
C-WEU-GRC,rur,mfh,perm,2065,28.18846552322234
C-WEU-GRC,rur,mfh,perm,2070,28.63473476173646
C-WEU-GRC,rur,mfh,perm,2075,29.035421299788613
C-WEU-GRC,rur,mfh,perm,2080,29.393537957275335
C-WEU-GRC,rur,mfh,perm,2085,29.712411765266026
C-WEU-GRC,rur,mfh,perm,2090,29.995505694903052
C-WEU-GRC,rur,mfh,perm,2095,30.24627882841978
C-WEU-GRC,rur,mfh,perm,2100,30.46808288175321
C-WEU-GRC,rur,sfh,perm,2020,40.9976407268475
C-WEU-GRC,rur,sfh,perm,2025,42.53916531605741
C-WEU-GRC,rur,sfh,perm,2030,43.15655891090962
C-WEU-GRC,rur,sfh,perm,2035,43.65754897962131
C-WEU-GRC,rur,sfh,perm,2040,44.033497920808266
C-WEU-GRC,rur,sfh,perm,2045,44.27949470430797
C-WEU-GRC,rur,sfh,perm,2050,44.394217361830826
C-WEU-GRC,rur,sfh,perm,2055,45.38819219716897
C-WEU-GRC,rur,sfh,perm,2060,46.29781585708124
C-WEU-GRC,rur,sfh,perm,2065,47.12422427638838
C-WEU-GRC,rur,sfh,perm,2070,47.87027736204029
C-WEU-GRC,rur,sfh,perm,2075,48.540127314253674
C-WEU-GRC,rur,sfh,perm,2080,49.138810831475006
C-WEU-GRC,rur,sfh,perm,2085,49.67188989642943
C-WEU-GRC,rur,sfh,perm,2090,50.1451537504164
C-WEU-GRC,rur,sfh,perm,2095,50.56438513343013
C-WEU-GRC,rur,sfh,perm,2100,50.93518729526066
C-WEU-GRC,urb,mfh,perm,2020,22.32049794809028
C-WEU-GRC,urb,mfh,perm,2025,23.15975591075296
C-WEU-GRC,urb,mfh,perm,2030,23.49588580073559
C-WEU-GRC,urb,mfh,perm,2035,23.76864168625585
C-WEU-GRC,urb,mfh,perm,2040,23.973320965882184
C-WEU-GRC,urb,mfh,perm,2045,24.107249909206633
C-WEU-GRC,urb,mfh,perm,2050,24.16970879211892
C-WEU-GRC,urb,mfh,perm,2055,24.71086220678578
C-WEU-GRC,urb,mfh,perm,2060,25.20609199744323
C-WEU-GRC,urb,mfh,perm,2065,25.65601660530854
C-WEU-GRC,urb,mfh,perm,2070,26.06219306015402
C-WEU-GRC,urb,mfh,perm,2075,26.426881959779315
C-WEU-GRC,urb,mfh,perm,2080,26.75282545264338
C-WEU-GRC,urb,mfh,perm,2085,27.043051669677688
C-WEU-GRC,urb,mfh,perm,2090,27.30071246904422
C-WEU-GRC,urb,mfh,perm,2095,27.528956169375135
C-WEU-GRC,urb,mfh,perm,2100,27.730833368783497
C-WEU-GRC,urb,sfh,perm,2020,38.991516756164714
C-WEU-GRC,urb,sfh,perm,2025,40.45761043337618
C-WEU-GRC,urb,sfh,perm,2030,41.0447933120013
C-WEU-GRC,urb,sfh,perm,2035,41.52126859966465
C-WEU-GRC,urb,sfh,perm,2040,41.87882135586886
C-WEU-GRC,urb,sfh,perm,2045,42.11278086026322
C-WEU-GRC,urb,sfh,perm,2050,42.22188983199449
C-WEU-GRC,urb,sfh,perm,2055,43.16722682603067
C-WEU-GRC,urb,sfh,perm,2060,44.03234017276154
C-WEU-GRC,urb,sfh,perm,2065,44.818310222685625
C-WEU-GRC,urb,sfh,perm,2070,45.52785693987355
C-WEU-GRC,urb,sfh,perm,2075,46.1649293463045
C-WEU-GRC,urb,sfh,perm,2080,46.73431768132859
C-WEU-GRC,urb,sfh,perm,2085,47.241311765012995
C-WEU-GRC,urb,sfh,perm,2090,47.69141755563075
C-WEU-GRC,urb,sfh,perm,2095,48.090134828275794
C-WEU-GRC,urb,sfh,perm,2100,48.44279265077264
C-WEU-IRL,rur,mfh,perm,2020,26.0433568889188
C-WEU-IRL,rur,mfh,perm,2025,26.844591283208604
C-WEU-IRL,rur,mfh,perm,2030,27.068433016447447
C-WEU-IRL,rur,mfh,perm,2035,27.23023315794757
C-WEU-IRL,rur,mfh,perm,2040,27.32621508235144
C-WEU-IRL,rur,mfh,perm,2045,27.354400734805065
C-WEU-IRL,rur,mfh,perm,2050,27.314539387804995
C-WEU-IRL,rur,mfh,perm,2055,27.826288670312177
C-WEU-IRL,rur,mfh,perm,2060,28.29468921772081
C-WEU-IRL,rur,mfh,perm,2065,28.720477917353747
C-WEU-IRL,rur,mfh,perm,2070,29.10522258395539
C-WEU-IRL,rur,mfh,perm,2075,29.451110829327863
C-WEU-IRL,rur,mfh,perm,2080,29.760750761076537
C-WEU-IRL,rur,mfh,perm,2085,30.03699557568813
C-WEU-IRL,rur,mfh,perm,2090,30.28279820296879
C-WEU-IRL,rur,mfh,perm,2095,30.50109749299036
C-WEU-IRL,rur,mfh,perm,2100,30.694734215645006
C-WEU-IRL,rur,sfh,perm,2020,43.53812696659123
C-WEU-IRL,rur,sfh,perm,2025,44.87759502892203
C-WEU-IRL,rur,sfh,perm,2030,45.25180369348635
C-WEU-IRL,rur,sfh,perm,2035,45.52229398142777
C-WEU-IRL,rur,sfh,perm,2040,45.682752298265235
C-WEU-IRL,rur,sfh,perm,2045,45.72987181977687
C-WEU-IRL,rur,sfh,perm,2050,45.66323339086193
C-WEU-IRL,rur,sfh,perm,2055,46.518753104848564
C-WEU-IRL,rur,sfh,perm,2060,47.3018043294384
C-WEU-IRL,rur,sfh,perm,2065,48.01361896011861
C-WEU-IRL,rur,sfh,perm,2070,48.65681799992244
C-WEU-IRL,rur,sfh,perm,2075,49.23505860106728
C-WEU-IRL,rur,sfh,perm,2080,49.752700881972196
C-WEU-IRL,rur,sfh,perm,2085,50.214514689758985
C-WEU-IRL,rur,sfh,perm,2090,50.62543660128187
C-WEU-IRL,rur,sfh,perm,2095,50.99037965552077
C-WEU-IRL,rur,sfh,perm,2100,51.31409292536887
C-WEU-IRL,urb,mfh,perm,2020,23.70362431575509
C-WEU-IRL,urb,mfh,perm,2025,24.432875892351507
C-WEU-IRL,urb,mfh,perm,2030,24.636607706706773
C-WEU-IRL,urb,mfh,perm,2035,24.78387173970809
C-WEU-IRL,urb,mfh,perm,2040,24.871230657641608
C-WEU-IRL,urb,mfh,perm,2045,24.896884113903212
C-WEU-IRL,urb,mfh,perm,2050,24.860603906323227
C-WEU-IRL,urb,mfh,perm,2055,25.326377684571025
C-WEU-IRL,urb,mfh,perm,2060,25.752697173737662
C-WEU-IRL,urb,mfh,perm,2065,26.14023305926275
C-WEU-IRL,urb,mfh,perm,2070,26.490412303571155
C-WEU-IRL,urb,mfh,perm,2075,26.805225983639925
C-WEU-IRL,urb,mfh,perm,2080,27.08704789494851
C-WEU-IRL,urb,mfh,perm,2085,27.33847490309716
C-WEU-IRL,urb,mfh,perm,2090,27.562194646974174
C-WEU-IRL,urb,mfh,perm,2095,27.7608819506554
C-WEU-IRL,urb,mfh,perm,2100,27.937122369550597
C-WEU-IRL,urb,sfh,perm,2020,41.40769022443225
C-WEU-IRL,urb,sfh,perm,2025,42.681614539850656
C-WEU-IRL,urb,sfh,perm,2030,43.037512175811635
C-WEU-IRL,urb,sfh,perm,2035,43.29476665210984
C-WEU-IRL,urb,sfh,perm,2040,43.44737331529124
C-WEU-IRL,urb,sfh,perm,2045,43.49218715286799
C-WEU-IRL,urb,sfh,perm,2050,43.42880952011705
C-WEU-IRL,urb,sfh,perm,2055,44.242466371382996
C-WEU-IRL,urb,sfh,perm,2060,44.987200809834114
C-WEU-IRL,urb,sfh,perm,2065,45.66418445102388
C-WEU-IRL,urb,sfh,perm,2070,46.27591004531244
C-WEU-IRL,urb,sfh,perm,2075,46.82585579069944
C-WEU-IRL,urb,sfh,perm,2080,47.31816845337384
C-WEU-IRL,urb,sfh,perm,2085,47.75738447910858
C-WEU-IRL,urb,sfh,perm,2090,48.14819888487821
C-WEU-IRL,urb,sfh,perm,2095,48.495284301553994
C-WEU-IRL,urb,sfh,perm,2100,48.80315741721867
C-WEU-ISL,rur,mfh,perm,2020,29.49861631307686
C-WEU-ISL,rur,mfh,perm,2025,30.140806738980352
C-WEU-ISL,rur,mfh,perm,2030,30.135256715253945
C-WEU-ISL,rur,mfh,perm,2035,30.074533507527516
C-WEU-ISL,rur,mfh,perm,2040,29.9583782250003
C-WEU-ISL,rur,mfh,perm,2045,29.786428830577567
C-WEU-ISL,rur,mfh,perm,2050,29.559104647432193
C-WEU-ISL,rur,mfh,perm,2055,29.943238060869586
C-WEU-ISL,rur,mfh,perm,2060,30.291271406515804
C-WEU-ISL,rur,mfh,perm,2065,30.60400214263768
C-WEU-ISL,rur,mfh,perm,2070,30.8829039431871
C-WEU-ISL,rur,mfh,perm,2075,31.129956682770192
C-WEU-ISL,rur,mfh,perm,2080,31.347479419154187
C-WEU-ISL,rur,mfh,perm,2085,31.537981205961437
C-WEU-ISL,rur,mfh,perm,2090,31.70403708913774
C-WEU-ISL,rur,mfh,perm,2095,31.84819140711147
C-WEU-ISL,rur,mfh,perm,2100,31.972887139492727
C-WEU-ISL,rur,sfh,perm,2020,49.31447615817772
C-WEU-ISL,rur,sfh,perm,2025,50.388061580324745
C-WEU-ISL,rur,sfh,perm,2030,50.37878329724095
C-WEU-ISL,rur,sfh,perm,2035,50.27726893643529
C-WEU-ISL,rur,sfh,perm,2040,50.08308569576935
C-WEU-ISL,rur,sfh,perm,2045,49.79562833771307
C-WEU-ISL,rur,sfh,perm,2050,49.415597868116755
C-WEU-ISL,rur,sfh,perm,2055,50.057775042037974
C-WEU-ISL,rur,sfh,perm,2060,50.63960172651581
C-WEU-ISL,rur,sfh,perm,2065,51.162411076850475
C-WEU-ISL,rur,sfh,perm,2070,51.6286667156809
C-WEU-ISL,rur,sfh,perm,2075,52.04167850940974
C-WEU-ISL,rur,sfh,perm,2080,52.40532335577886
C-WEU-ISL,rur,sfh,perm,2085,52.72379577915933
C-WEU-ISL,rur,sfh,perm,2090,53.00140062695664
C-WEU-ISL,rur,sfh,perm,2095,53.24239141111293
C-WEU-ISL,rur,sfh,perm,2100,53.45085219640121
C-WEU-ISL,urb,mfh,perm,2020,26.848463579489305
C-WEU-ISL,urb,mfh,perm,2025,27.432959681881854
C-WEU-ISL,urb,mfh,perm,2030,27.42790827173088
C-WEU-ISL,urb,mfh,perm,2035,27.372640430901686
C-WEU-ISL,urb,mfh,perm,2040,27.266920527317097
C-WEU-ISL,urb,mfh,perm,2045,27.1104190492587
C-WEU-ISL,urb,mfh,perm,2050,26.903517647947535
C-WEU-ISL,urb,mfh,perm,2055,27.25314055401473
C-WEU-ISL,urb,mfh,perm,2060,27.569906618763596
C-WEU-ISL,urb,mfh,perm,2065,27.854541656890213
C-WEU-ISL,urb,mfh,perm,2070,28.108386947626297
C-WEU-ISL,urb,mfh,perm,2075,28.33324449384175
C-WEU-ISL,urb,mfh,perm,2080,28.531225009386397
C-WEU-ISL,urb,mfh,perm,2085,28.704612134756566
C-WEU-ISL,urb,mfh,perm,2090,28.855749574028337
C-WEU-ISL,urb,mfh,perm,2095,28.98695308252064
C-WEU-ISL,urb,mfh,perm,2100,29.100446162800193
C-WEU-ISL,urb,sfh,perm,2020,46.90138723479975
C-WEU-ISL,urb,sfh,perm,2025,47.92243925717643
C-WEU-ISL,urb,sfh,perm,2030,47.91361498524477
C-WEU-ISL,urb,sfh,perm,2035,47.81706799302352
C-WEU-ISL,urb,sfh,perm,2040,47.63238665653787
C-WEU-ISL,urb,sfh,perm,2045,47.35899535414532
C-WEU-ISL,urb,sfh,perm,2050,46.99756078960917
C-WEU-ISL,urb,sfh,perm,2055,47.60831452063981
C-WEU-ISL,urb,sfh,perm,2060,48.16167087273215
C-WEU-ISL,urb,sfh,perm,2065,48.658897766339834
C-WEU-ISL,urb,sfh,perm,2070,49.102338272471385
C-WEU-ISL,urb,sfh,perm,2075,49.49514029693339
C-WEU-ISL,urb,sfh,perm,2080,49.84099103051498
C-WEU-ISL,urb,sfh,perm,2085,50.143879748315854
C-WEU-ISL,urb,sfh,perm,2090,50.40790065006967
C-WEU-ISL,urb,sfh,perm,2095,50.637099112027954
C-WEU-ISL,urb,sfh,perm,2100,50.83535935477526
C-WEU-ITA,rur,mfh,perm,2020,31.290486328826997
C-WEU-ITA,rur,mfh,perm,2025,31.622773275323276
C-WEU-ITA,rur,mfh,perm,2030,31.308139999839206
C-WEU-ITA,rur,mfh,perm,2035,30.97048190246952
C-WEU-ITA,rur,mfh,perm,2040,30.608429538982602
C-WEU-ITA,rur,mfh,perm,2045,30.221185280831847
C-WEU-ITA,rur,mfh,perm,2050,29.808507364588273
C-WEU-ITA,rur,mfh,perm,2055,30.038173596661945
C-WEU-ITA,rur,mfh,perm,2060,30.25290418020268
C-WEU-ITA,rur,mfh,perm,2065,30.452737383785927
C-WEU-ITA,rur,mfh,perm,2070,30.637987655879165
C-WEU-ITA,rur,mfh,perm,2075,30.80918311974911
C-WEU-ITA,rur,mfh,perm,2080,30.967005757827454
C-WEU-ITA,rur,mfh,perm,2085,31.112237996205916
C-WEU-ITA,rur,mfh,perm,2090,31.245717668510714
C-WEU-ITA,rur,mfh,perm,2095,31.36830196083801
C-WEU-ITA,rur,mfh,perm,2100,31.480839975826402
C-WEU-ITA,rur,sfh,perm,2020,52.31004483951587
C-WEU-ITA,rur,sfh,perm,2025,52.86554739349161
C-WEU-ITA,rur,sfh,perm,2030,52.339557462379126
C-WEU-ITA,rur,sfh,perm,2035,51.775075657008095
C-WEU-ITA,rur,sfh,perm,2040,51.16981260135512
C-WEU-ITA,rur,sfh,perm,2045,50.52243485545385
C-WEU-ITA,rur,sfh,perm,2050,49.832538249944974
C-WEU-ITA,rur,sfh,perm,2055,50.21648405288472
C-WEU-ITA,rur,sfh,perm,2060,50.575461102183034
C-WEU-ITA,rur,sfh,perm,2065,50.90953337354409
C-WEU-ITA,rur,sfh,perm,2070,51.21922654794522
C-WEU-ITA,rur,sfh,perm,2075,51.50542351839974
C-WEU-ITA,rur,sfh,perm,2080,51.76926439283712
C-WEU-ITA,rur,sfh,perm,2085,52.01205719643511
C-WEU-ITA,rur,sfh,perm,2090,52.23520258222592
C-WEU-ITA,rur,sfh,perm,2095,52.440133555841165
C-WEU-ITA,rur,sfh,perm,2100,52.62826960934729
C-WEU-ITA,urb,mfh,perm,2020,28.47935217258307
C-WEU-ITA,urb,mfh,perm,2025,28.781786493103745
C-WEU-ITA,urb,mfh,perm,2030,28.495419839560572
C-WEU-ITA,urb,mfh,perm,2035,28.188096911822736
C-WEU-ITA,urb,mfh,perm,2040,27.858571296391162
C-WEU-ITA,urb,mfh,perm,2045,27.50611702358794
C-WEU-ITA,urb,mfh,perm,2050,27.130514049986317
C-WEU-ITA,urb,mfh,perm,2055,27.339547090784748
C-WEU-ITA,urb,mfh,perm,2060,27.53498630021777
C-WEU-ITA,urb,mfh,perm,2065,27.71686650881586
C-WEU-ITA,urb,mfh,perm,2070,27.88547391502768
C-WEU-ITA,urb,mfh,perm,2075,28.041289195578607
C-WEU-ITA,urb,mfh,perm,2080,28.18493306366699
C-WEU-ITA,urb,mfh,perm,2085,28.317117652302873
C-WEU-ITA,urb,mfh,perm,2090,28.438605524223455
C-WEU-ITA,urb,mfh,perm,2095,28.550176856011923
C-WEU-ITA,urb,mfh,perm,2100,28.65260446701089
C-WEU-ITA,urb,sfh,perm,2020,49.75037474632139
C-WEU-ITA,urb,sfh,perm,2025,50.278695077868015
C-WEU-ITA,urb,sfh,perm,2030,49.77844323778796
C-WEU-ITA,urb,sfh,perm,2035,49.24158303357963
C-WEU-ITA,urb,sfh,perm,2040,48.66593711449811
C-WEU-ITA,urb,sfh,perm,2045,48.0502372893531
C-WEU-ITA,urb,sfh,perm,2050,47.394099165870685
C-WEU-ITA,urb,sfh,perm,2055,47.75925747604097
C-WEU-ITA,urb,sfh,perm,2060,48.10066882031931
C-WEU-ITA,urb,sfh,perm,2065,48.418394043907966
C-WEU-ITA,urb,sfh,perm,2070,48.71293310481114
C-WEU-ITA,urb,sfh,perm,2075,48.98512569373086
C-WEU-ITA,urb,sfh,perm,2080,49.236056130073
C-WEU-ITA,urb,sfh,perm,2085,49.466968433852664
C-WEU-ITA,urb,sfh,perm,2090,49.679194720411274
C-WEU-ITA,urb,sfh,perm,2095,49.87409787459068
C-WEU-ITA,urb,sfh,perm,2100,50.053027928922276
C-WEU-LUX,rur,mfh,perm,2020,29.795563939280772
C-WEU-LUX,rur,mfh,perm,2025,29.916472405445823
C-WEU-LUX,rur,mfh,perm,2030,29.427123280082995
C-WEU-LUX,rur,mfh,perm,2035,28.924281725520554
C-WEU-LUX,rur,mfh,perm,2040,28.408869834876967
C-WEU-LUX,rur,mfh,perm,2045,27.88184721165369
C-WEU-LUX,rur,mfh,perm,2050,27.344184191896844
C-WEU-LUX,rur,mfh,perm,2055,27.405858575042394
C-WEU-LUX,rur,mfh,perm,2060,27.46124206804252
C-WEU-LUX,rur,mfh,perm,2065,27.51083506127983
C-WEU-LUX,rur,mfh,perm,2070,27.555129288022986
C-WEU-LUX,rur,mfh,perm,2075,27.594599937224427
C-WEU-LUX,rur,mfh,perm,2080,27.62969987288635
C-WEU-LUX,rur,mfh,perm,2085,27.66085567948063
C-WEU-LUX,rur,mfh,perm,2090,27.688465237771524
C-WEU-LUX,rur,mfh,perm,2095,27.712896543004412
C-WEU-LUX,rur,mfh,perm,2100,27.734487499774726
C-WEU-LUX,rur,sfh,perm,2020,49.81090000657934
C-WEU-LUX,rur,sfh,perm,2025,50.01302940847183
C-WEU-LUX,rur,sfh,perm,2030,49.194957281982546
C-WEU-LUX,rur,sfh,perm,2035,48.35432911181248
C-WEU-LUX,rur,sfh,perm,2040,47.49268641226943
C-WEU-LUX,rur,sfh,perm,2045,46.61163340585287
C-WEU-LUX,rur,sfh,perm,2050,45.71279225725368
C-WEU-LUX,rur,sfh,perm,2055,45.81589675086524
C-WEU-LUX,rur,sfh,perm,2060,45.90848441382963
C-WEU-LUX,rur,sfh,perm,2065,45.99139177655669
C-WEU-LUX,rur,sfh,perm,2070,46.065440896877696
C-WEU-LUX,rur,sfh,perm,2075,46.131426174571196
C-WEU-LUX,rur,sfh,perm,2080,46.190104687555745
C-WEU-LUX,rur,sfh,perm,2085,46.24218958079874
C-WEU-LUX,rur,sfh,perm,2090,46.28834601368439
C-WEU-LUX,rur,sfh,perm,2095,46.329189184314274
C-WEU-LUX,rur,sfh,perm,2100,46.36528398657826
C-WEU-LUX,urb,mfh,perm,2020,27.118733460711415
C-WEU-LUX,urb,mfh,perm,2025,27.22877952239212
C-WEU-LUX,urb,mfh,perm,2030,26.783393473415494
C-WEU-LUX,urb,mfh,perm,2035,26.3257271537265
C-WEU-LUX,urb,mfh,perm,2040,25.85661981569026
C-WEU-LUX,urb,mfh,perm,2045,25.376944852125785
C-WEU-LUX,urb,mfh,perm,2050,24.887585424186096
C-WEU-LUX,urb,mfh,perm,2055,24.94371898693008
C-WEU-LUX,urb,mfh,perm,2060,24.9941268324689
C-WEU-LUX,urb,mfh,perm,2065,25.039264396163365
C-WEU-LUX,urb,mfh,perm,2070,25.079579234014524
C-WEU-LUX,urb,mfh,perm,2075,25.11550384404696
C-WEU-LUX,urb,mfh,perm,2080,25.14745040500628
C-WEU-LUX,urb,mfh,perm,2085,25.175807177058182
C-WEU-LUX,urb,mfh,perm,2090,25.200936295398897
C-WEU-LUX,urb,mfh,perm,2095,25.223172694617865
C-WEU-LUX,urb,mfh,perm,2100,25.242823921995505
C-WEU-LUX,urb,sfh,perm,2020,47.37351973949865
C-WEU-LUX,urb,sfh,perm,2025,47.5657584103362
C-WEU-LUX,urb,sfh,perm,2030,46.78771673617542
C-WEU-LUX,urb,sfh,perm,2035,45.988222745746235
C-WEU-LUX,urb,sfh,perm,2040,45.16874252294748
C-WEU-LUX,urb,sfh,perm,2045,44.3308017913906
C-WEU-LUX,urb,sfh,perm,2050,43.475943338919095
C-WEU-LUX,urb,sfh,perm,2055,43.57400265450451
C-WEU-LUX,urb,sfh,perm,2060,43.66205975603245
C-WEU-LUX,urb,sfh,perm,2065,43.74091024024737
C-WEU-LUX,urb,sfh,perm,2070,43.811335939497056
C-WEU-LUX,urb,sfh,perm,2075,43.87409238145889
C-WEU-LUX,urb,sfh,perm,2080,43.92989959820845
C-WEU-LUX,urb,sfh,perm,2085,43.97943583862673
C-WEU-LUX,urb,sfh,perm,2090,44.023333714074155
C-WEU-LUX,urb,sfh,perm,2095,44.06217831936744
C-WEU-LUX,urb,sfh,perm,2100,44.09650690663088
C-WEU-MLT,rur,mfh,perm,2020,24.52503048012689
C-WEU-MLT,rur,mfh,perm,2025,24.576856941932466
C-WEU-MLT,rur,mfh,perm,2030,24.12233327503916
C-WEU-MLT,rur,mfh,perm,2035,23.657415642422624
C-WEU-MLT,rur,mfh,perm,2040,23.18532889927282
C-WEU-MLT,rur,mfh,perm,2045,22.708105056273098
C-WEU-MLT,rur,mfh,perm,2050,22.227089360439535
C-WEU-MLT,rur,mfh,perm,2055,22.237371947473484
C-WEU-MLT,rur,mfh,perm,2060,22.245823169675525
C-WEU-MLT,rur,mfh,perm,2065,22.252827279187734
C-WEU-MLT,rur,mfh,perm,2070,22.258672121067338
C-WEU-MLT,rur,mfh,perm,2075,22.26357755584364
C-WEU-MLT,rur,mfh,perm,2080,22.267714338985925
C-WEU-MLT,rur,mfh,perm,2085,22.2712170072373
C-WEU-MLT,rur,mfh,perm,2090,22.27419288694396
C-WEU-MLT,rur,mfh,perm,2095,22.276728526264563
C-WEU-MLT,rur,mfh,perm,2100,22.278894375791225
C-WEU-MLT,rur,sfh,perm,2020,40.999856334096926
C-WEU-MLT,rur,sfh,perm,2025,41.086497510345616
C-WEU-MLT,rur,sfh,perm,2030,40.326645038065394
C-WEU-MLT,rur,sfh,perm,2035,39.549416395682556
C-WEU-MLT,rur,sfh,perm,2040,38.76020275282664
C-WEU-MLT,rur,sfh,perm,2045,37.96240113467782
C-WEU-MLT,rur,sfh,perm,2050,37.15826046542963
C-WEU-MLT,rur,sfh,perm,2055,37.17545043758792
C-WEU-MLT,rur,sfh,perm,2060,37.189578815385936
C-WEU-MLT,rur,sfh,perm,2065,37.20128797448287
C-WEU-MLT,rur,sfh,perm,2070,37.211059121456714
C-WEU-MLT,rur,sfh,perm,2075,37.21925980937216
C-WEU-MLT,rur,sfh,perm,2080,37.226175499636305
C-WEU-MLT,rur,sfh,perm,2085,37.23203110479891
C-WEU-MLT,rur,sfh,perm,2090,37.237006048277145
C-WEU-MLT,rur,sfh,perm,2095,37.241245017437414
C-WEU-MLT,rur,sfh,perm,2100,37.24486578844955
C-WEU-MLT,urb,mfh,perm,2020,22.32170419938152
C-WEU-MLT,urb,mfh,perm,2025,22.368874577051873
C-WEU-MLT,urb,mfh,perm,2030,21.955185270845647
C-WEU-MLT,urb,mfh,perm,2035,21.532035791755195
C-WEU-MLT,urb,mfh,perm,2040,21.10236127430339
C-WEU-MLT,urb,mfh,perm,2045,20.66801117353741
C-WEU-MLT,urb,mfh,perm,2050,20.230209879616208
C-WEU-MLT,urb,mfh,perm,2055,20.23956868006142
C-WEU-MLT,urb,mfh,perm,2060,20.247260645307694
C-WEU-MLT,urb,mfh,perm,2065,20.2536355063232
C-WEU-MLT,urb,mfh,perm,2070,20.258955248194027
C-WEU-MLT,urb,mfh,perm,2075,20.263419979201593
C-WEU-MLT,urb,mfh,perm,2080,20.267185114160906
C-WEU-MLT,urb,mfh,perm,2085,20.270373103047575
C-WEU-MLT,urb,mfh,perm,2090,20.273081630019597
C-WEU-MLT,urb,mfh,perm,2095,20.27538946775772
C-WEU-MLT,urb,mfh,perm,2100,20.277360737579944
C-WEU-MLT,urb,sfh,perm,2020,38.99362394783867
C-WEU-MLT,urb,sfh,perm,2025,39.07602554011522
C-WEU-MLT,urb,sfh,perm,2030,38.35335467711297
C-WEU-MLT,urb,sfh,perm,2035,37.6141579063828
C-WEU-MLT,urb,sfh,perm,2040,36.863562593236914
C-WEU-MLT,urb,sfh,perm,2045,36.10479953734785
C-WEU-MLT,urb,sfh,perm,2050,35.340007617046645
C-WEU-MLT,urb,sfh,perm,2055,35.35635643799257
C-WEU-MLT,urb,sfh,perm,2060,35.36979347656067
C-WEU-MLT,urb,sfh,perm,2065,35.38092967525491
C-WEU-MLT,urb,sfh,perm,2070,35.390222693931165
C-WEU-MLT,urb,sfh,perm,2075,35.39802210030185
C-WEU-MLT,urb,sfh,perm,2080,35.40459938738554
C-WEU-MLT,urb,sfh,perm,2085,35.41016846216075
C-WEU-MLT,urb,sfh,perm,2090,35.41489996837803
C-WEU-MLT,urb,sfh,perm,2095,35.41893151346479
C-WEU-MLT,urb,sfh,perm,2100,35.422375110488595
C-WEU-NLD,rur,mfh,perm,2020,31.065194892540507
C-WEU-NLD,rur,mfh,perm,2025,31.52521836668468
C-WEU-NLD,rur,mfh,perm,2030,31.33306703713933
C-WEU-NLD,rur,mfh,perm,2035,31.10638730980765
C-WEU-NLD,rur,mfh,perm,2040,30.8425618305406
C-WEU-NLD,rur,mfh,perm,2045,30.54006207510103
C-WEU-NLD,rur,mfh,perm,2050,30.19841411991249
C-WEU-NLD,rur,mfh,perm,2055,30.495780492958808
C-WEU-NLD,rur,mfh,perm,2060,30.767851026317512
C-WEU-NLD,rur,mfh,perm,2065,31.014866777789706
C-WEU-NLD,rur,mfh,perm,2070,31.237587664783334
C-WEU-NLD,rur,mfh,perm,2075,31.437169257452535
C-WEU-NLD,rur,mfh,perm,2080,31.61504521441074
C-WEU-NLD,rur,mfh,perm,2085,31.772822576080255
C-WEU-NLD,rur,mfh,perm,2090,31.912193766518484
C-WEU-NLD,rur,mfh,perm,2095,32.03486647046059
C-WEU-NLD,rur,mfh,perm,2100,32.14251066690095
C-WEU-NLD,rur,sfh,perm,2020,51.933412625805346
C-WEU-NLD,rur,sfh,perm,2025,52.70245943149664
C-WEU-NLD,rur,sfh,perm,2030,52.38122937585414
C-WEU-NLD,rur,sfh,perm,2035,52.002276278854644
C-WEU-NLD,rur,sfh,perm,2040,51.561224564118206
C-WEU-NLD,rur,sfh,perm,2045,51.05551891273596
C-WEU-NLD,rur,sfh,perm,2050,50.48436704032876
C-WEU-NLD,rur,sfh,perm,2055,50.98149093109701
C-WEU-NLD,rur,sfh,perm,2060,51.43632636094436
C-WEU-NLD,rur,sfh,perm,2065,51.849276319592754
C-WEU-NLD,rur,sfh,perm,2070,52.22161120320242
C-WEU-NLD,rur,sfh,perm,2075,52.5552628426162
C-WEU-NLD,rur,sfh,perm,2080,52.852627964608054
C-WEU-NLD,rur,sfh,perm,2085,53.116393147956735
C-WEU-NLD,rur,sfh,perm,2090,53.34938771200875
C-WEU-NLD,rur,sfh,perm,2095,53.5544664882336
C-WEU-NLD,rur,sfh,perm,2100,53.73442127331858
C-WEU-NLD,urb,mfh,perm,2020,28.274300896356692
C-WEU-NLD,urb,mfh,perm,2025,28.6929959076815
C-WEU-NLD,urb,mfh,perm,2030,28.518107434327526
C-WEU-NLD,urb,mfh,perm,2035,28.31179259098434
C-WEU-NLD,urb,mfh,perm,2040,28.071669166337383
C-WEU-NLD,urb,mfh,perm,2045,27.796345958613795
C-WEU-NLD,urb,mfh,perm,2050,27.485391621483732
C-WEU-NLD,urb,mfh,perm,2055,27.756042629373876
C-WEU-NLD,urb,mfh,perm,2060,28.003670373279117
C-WEU-NLD,urb,mfh,perm,2065,28.228494254391855
C-WEU-NLD,urb,mfh,perm,2070,28.43120591921625
C-WEU-NLD,urb,mfh,perm,2075,28.6128571215996
C-WEU-NLD,urb,mfh,perm,2080,28.77475272040917
C-WEU-NLD,urb,mfh,perm,2085,28.91835537971675
C-WEU-NLD,urb,mfh,perm,2090,29.045205476372036
C-WEU-NLD,urb,mfh,perm,2095,29.156857276884686
C-WEU-NLD,urb,mfh,perm,2100,29.25483072950359
C-WEU-NLD,urb,sfh,perm,2020,49.39217215194164
C-WEU-NLD,urb,sfh,perm,2025,50.12358744508435
C-WEU-NLD,urb,sfh,perm,2030,49.818076033327294
C-WEU-NLD,urb,sfh,perm,2035,49.457666122671625
C-WEU-NLD,urb,sfh,perm,2040,49.038196245366734
C-WEU-NLD,urb,sfh,perm,2045,48.55723612107731
C-WEU-NLD,urb,sfh,perm,2050,48.014032234013214
C-WEU-NLD,urb,sfh,perm,2055,48.48683052613754
C-WEU-NLD,urb,sfh,perm,2060,48.919409644588534
C-WEU-NLD,urb,sfh,perm,2065,49.31215285972561
C-WEU-NLD,urb,sfh,perm,2070,49.66626840383454
C-WEU-NLD,urb,sfh,perm,2075,49.98359357811964
C-WEU-NLD,urb,sfh,perm,2080,50.26640783111764
C-WEU-NLD,urb,sfh,perm,2085,50.51726628013807
C-WEU-NLD,urb,sfh,perm,2090,50.738859798381185
C-WEU-NLD,urb,sfh,perm,2095,50.93390352279403
C-WEU-NLD,urb,sfh,perm,2100,51.10505264000162
C-WEU-NOR,rur,mfh,perm,2020,28.22339642523014
C-WEU-NOR,rur,mfh,perm,2025,28.9228818943938
C-WEU-NOR,rur,mfh,perm,2030,29.001524391865306
C-WEU-NOR,rur,mfh,perm,2035,29.021224531148864
C-WEU-NOR,rur,mfh,perm,2040,28.980303994827636
C-WEU-NOR,rur,mfh,perm,2045,28.878221367083363
C-WEU-NOR,rur,mfh,perm,2050,28.715641519137638
C-WEU-NOR,rur,mfh,perm,2055,29.14196372205783
C-WEU-NOR,rur,mfh,perm,2060,29.529584200084994
C-WEU-NOR,rur,mfh,perm,2065,29.879504525958758
C-WEU-NOR,rur,mfh,perm,2070,30.19338370772708
C-WEU-NOR,rur,mfh,perm,2075,30.473366229956508
C-WEU-NOR,rur,mfh,perm,2080,30.721917083035994
C-WEU-NOR,rur,mfh,perm,2085,30.941675690969607
C-WEU-NOR,rur,mfh,perm,2090,31.135334891255958
C-WEU-NOR,rur,mfh,perm,2095,31.30554667651489
C-WEU-NOR,rur,mfh,perm,2100,31.454853382761907
C-WEU-NOR,rur,sfh,perm,2020,47.18262020641997
C-WEU-NOR,rur,sfh,perm,2025,48.35198893632787
C-WEU-NOR,rur,sfh,perm,2030,48.48345996959321
C-WEU-NOR,rur,sfh,perm,2035,48.51639378718998
C-WEU-NOR,rur,sfh,perm,2040,48.44798465262666
C-WEU-NOR,rur,sfh,perm,2045,48.27732745099284
C-WEU-NOR,rur,sfh,perm,2050,48.005533684457255
C-WEU-NOR,rur,sfh,perm,2055,48.71824020223008
C-WEU-NOR,rur,sfh,perm,2060,49.366246895805666
C-WEU-NOR,rur,sfh,perm,2065,49.951228149991266
C-WEU-NOR,rur,sfh,perm,2070,50.47595742073338
C-WEU-NOR,rur,sfh,perm,2075,50.94401976205306
C-WEU-NOR,rur,sfh,perm,2080,51.35953603536549
C-WEU-NOR,rur,sfh,perm,2085,51.72691871245371
C-WEU-NOR,rur,sfh,perm,2090,52.05066955940783
C-WEU-NOR,rur,sfh,perm,2095,52.33522205966431
C-WEU-NOR,rur,sfh,perm,2100,52.58482637762042
C-WEU-NOR,urb,mfh,perm,2020,25.68780931858029
C-WEU-NOR,urb,mfh,perm,2025,26.324453083287892
C-WEU-NOR,urb,mfh,perm,2030,26.396030346667118
C-WEU-NOR,urb,mfh,perm,2035,26.413960627411544
C-WEU-NOR,urb,mfh,perm,2040,26.37671638797288
C-WEU-NOR,urb,mfh,perm,2045,26.283804853275715
C-WEU-NOR,urb,mfh,perm,2050,26.135831162577738
C-WEU-NOR,urb,mfh,perm,2055,26.523852621508212
C-WEU-NOR,urb,mfh,perm,2060,26.876649314631848
C-WEU-NOR,urb,mfh,perm,2065,27.195132833493716
C-WEU-NOR,urb,mfh,perm,2070,27.48081314102499
C-WEU-NOR,urb,mfh,perm,2075,27.73564206151363
C-WEU-NOR,urb,mfh,perm,2080,27.961863130859093
C-WEU-NOR,urb,mfh,perm,2085,28.161878647477383
C-WEU-NOR,urb,mfh,perm,2090,28.338139524616093
C-WEU-NOR,urb,mfh,perm,2095,28.493059500143843
C-WEU-NOR,urb,mfh,perm,2100,28.628952506863264
C-WEU-NOR,urb,sfh,perm,2020,44.873848684020246
C-WEU-NOR,urb,sfh,perm,2025,45.98599708129326
C-WEU-NOR,urb,sfh,perm,2030,46.11103488604574
C-WEU-NOR,urb,sfh,perm,2035,46.142357164057415
C-WEU-NOR,urb,sfh,perm,2040,46.07729547101093
C-WEU-NOR,urb,sfh,perm,2045,45.91498898168391
C-WEU-NOR,urb,sfh,perm,2050,45.656494809477714
C-WEU-NOR,urb,sfh,perm,2055,46.334326695344465
C-WEU-NOR,urb,sfh,perm,2060,46.95062469207563
C-WEU-NOR,urb,sfh,perm,2065,47.506981252361385
C-WEU-NOR,urb,sfh,perm,2070,48.0060341195473
C-WEU-NOR,urb,sfh,perm,2075,48.45119292139376
C-WEU-NOR,urb,sfh,perm,2080,48.84637687456967
C-WEU-NOR,urb,sfh,perm,2085,49.195782536838166
C-WEU-NOR,urb,sfh,perm,2090,49.503691390860766
C-WEU-NOR,urb,sfh,perm,2095,49.77431997789781
C-WEU-NOR,urb,sfh,perm,2100,50.01171049046024
C-WEU-PRT,rur,mfh,perm,2020,30.910863585387244
C-WEU-PRT,rur,mfh,perm,2025,31.298672228488243
C-WEU-PRT,rur,mfh,perm,2030,31.03170185596699
C-WEU-PRT,rur,mfh,perm,2035,30.728707725516045
C-WEU-PRT,rur,mfh,perm,2040,30.39060806665459
C-WEU-PRT,rur,mfh,perm,2045,30.0186703845036
C-WEU-PRT,rur,mfh,perm,2050,29.614471480496565
C-WEU-PRT,rur,mfh,perm,2055,29.843022420816993
C-WEU-PRT,rur,mfh,perm,2060,30.052478483361142
C-WEU-PRT,rur,mfh,perm,2065,30.24377524152137
C-WEU-PRT,rur,mfh,perm,2070,30.417997698807998
C-WEU-PRT,rur,mfh,perm,2075,30.576328808779714
C-WEU-PRT,rur,mfh,perm,2080,30.72000174417546
C-WEU-PRT,rur,mfh,perm,2085,30.850258671281612
C-WEU-PRT,rur,mfh,perm,2090,30.968317406909428
C-WEU-PRT,rur,mfh,perm,2095,31.075346209298452
C-WEU-PRT,rur,mfh,perm,2100,31.172446165851024
C-WEU-PRT,rur,sfh,perm,2020,51.67540840329216
C-WEU-PRT,rur,sfh,perm,2025,52.3237296628782
C-WEU-PRT,rur,sfh,perm,2030,51.87742045532386
C-WEU-PRT,rur,sfh,perm,2035,51.370888329762195
C-WEU-PRT,rur,sfh,perm,2040,50.80566834150735
C-WEU-PRT,rur,sfh,perm,2045,50.1838794493066
C-WEU-PRT,rur,sfh,perm,2050,49.50815767974075
C-WEU-PRT,rur,sfh,perm,2055,49.89023898747871
C-WEU-PRT,rur,sfh,perm,2060,50.24039832691662
C-WEU-PRT,rur,sfh,perm,2065,50.560199748085225
C-WEU-PRT,rur,sfh,perm,2070,50.85145711164745
C-WEU-PRT,rur,sfh,perm,2075,51.116148026805284
C-WEU-PRT,rur,sfh,perm,2080,51.35633405695505
C-WEU-PRT,rur,sfh,perm,2085,51.574091800506096
C-WEU-PRT,rur,sfh,perm,2090,51.77145714949711
C-WEU-PRT,rur,sfh,perm,2095,51.95038314614842
C-WEU-PRT,rur,sfh,perm,2100,52.11271053945904
C-WEU-PRT,urb,mfh,perm,2020,28.133834698372937
C-WEU-PRT,urb,mfh,perm,2025,28.486802651839035
C-WEU-PRT,urb,mfh,perm,2030,28.243816870832696
C-WEU-PRT,urb,mfh,perm,2035,27.96804370269921
C-WEU-PRT,urb,mfh,perm,2040,27.660318883309785
C-WEU-PRT,urb,mfh,perm,2045,27.32179604525233
C-WEU-PRT,urb,mfh,perm,2050,26.953910330277576
C-WEU-PRT,urb,mfh,perm,2055,27.16192827702211
C-WEU-PRT,urb,mfh,perm,2060,27.35256682789634
C-WEU-PRT,urb,mfh,perm,2065,27.5266775044728
C-WEU-PRT,urb,mfh,perm,2070,27.685247833655172
C-WEU-PRT,urb,mfh,perm,2075,27.82935449257298
C-WEU-PRT,urb,mfh,perm,2080,27.960119865849855
C-WEU-PRT,urb,mfh,perm,2085,28.07867452367749
C-WEU-PRT,urb,mfh,perm,2090,28.18612687432687
C-WEU-PRT,urb,mfh,perm,2095,28.283540219834343
C-WEU-PRT,urb,mfh,perm,2100,28.37191672602036
C-WEU-PRT,urb,sfh,perm,2020,49.14679276456883
C-WEU-PRT,urb,sfh,perm,2025,49.76338993475606
C-WEU-PRT,urb,sfh,perm,2030,49.33891982778746
C-WEU-PRT,urb,sfh,perm,2035,48.8571736709058
C-WEU-PRT,urb,sfh,perm,2040,48.31961140507216
C-WEU-PRT,urb,sfh,perm,2045,47.728248302727444
C-WEU-PRT,urb,sfh,perm,2050,47.085591402637135
C-WEU-PRT,urb,sfh,perm,2055,47.44897645233162
C-WEU-PRT,urb,sfh,perm,2060,47.78200156082474
C-WEU-PRT,urb,sfh,perm,2065,48.086154245005304
C-WEU-PRT,urb,sfh,perm,2070,48.363159608493355
C-WEU-PRT,urb,sfh,perm,2075,48.61489849079501
C-WEU-PRT,urb,sfh,perm,2080,48.843331577507925
C-WEU-PRT,urb,sfh,perm,2085,49.050433853539495
C-WEU-PRT,urb,sfh,perm,2090,49.238141589297825
C-WEU-PRT,urb,sfh,perm,2095,49.40831225943531
C-WEU-PRT,urb,sfh,perm,2100,49.56269654019004
C-WEU-SWE,rur,mfh,perm,2020,37.29251335666775
C-WEU-SWE,rur,mfh,perm,2025,37.413286117778746
C-WEU-SWE,rur,mfh,perm,2030,36.77252145182009
C-WEU-SWE,rur,mfh,perm,2035,36.117928308285784
C-WEU-SWE,rur,mfh,perm,2040,35.451114263666625
C-WEU-SWE,rur,mfh,perm,2045,34.77347226904251
C-WEU-SWE,rur,mfh,perm,2050,34.08621199030437
C-WEU-SWE,rur,mfh,perm,2055,34.1492589489389
C-WEU-SWE,rur,mfh,perm,2060,34.207236726650734
C-WEU-SWE,rur,mfh,perm,2065,34.260645231700884
C-WEU-SWE,rur,mfh,perm,2070,34.309925097230206
C-WEU-SWE,rur,mfh,perm,2075,34.35546573389672
C-WEU-SWE,rur,mfh,perm,2080,34.39761219361785
C-WEU-SWE,rur,mfh,perm,2085,34.43667102428714
C-WEU-SWE,rur,mfh,perm,2090,34.47291527012472
C-WEU-SWE,rur,mfh,perm,2095,34.50658874937024
C-WEU-SWE,rur,mfh,perm,2100,34.53790972078534
C-WEU-SWE,rur,sfh,perm,2020,62.343966960601215
C-WEU-SWE,rur,sfh,perm,2025,62.54586949681359
C-WEU-SWE,rur,sfh,perm,2030,61.47466759679725
C-WEU-SWE,rur,sfh,perm,2035,60.38034786235536
C-WEU-SWE,rur,sfh,perm,2040,59.265597768442255
C-WEU-SWE,rur,sfh,perm,2045,58.13274598878584
C-WEU-SWE,rur,sfh,perm,2050,56.98381478907833
C-WEU-SWE,rur,sfh,perm,2055,57.08921389341022
C-WEU-SWE,rur,sfh,perm,2060,57.18613856629418
C-WEU-SWE,rur,sfh,perm,2065,57.275424532150545
C-WEU-SWE,rur,sfh,perm,2070,57.35780842188732
C-WEU-SWE,rur,sfh,perm,2075,57.43394123494145
C-WEU-SWE,rur,sfh,perm,2080,57.50439981377818
C-WEU-SWE,rur,sfh,perm,2085,57.56969663154629
C-WEU-SWE,rur,sfh,perm,2090,57.63028815144198
C-WEU-SWE,rur,sfh,perm,2095,57.686581977965616
C-WEU-SWE,rur,sfh,perm,2100,57.73894298641795
C-WEU-SWE,urb,mfh,perm,2020,33.94215769369005
C-WEU-SWE,urb,mfh,perm,2025,34.052080242045164
C-WEU-SWE,urb,mfh,perm,2030,33.468881809466886
C-WEU-SWE,urb,mfh,perm,2035,32.87309724835262
C-WEU-SWE,urb,mfh,perm,2040,32.26618971068237
C-WEU-SWE,urb,mfh,perm,2045,31.649427004950557
C-WEU-SWE,urb,mfh,perm,2050,31.023910120785686
C-WEU-SWE,urb,mfh,perm,2055,31.08129294697426
C-WEU-SWE,urb,mfh,perm,2060,31.13406200694626
C-WEU-SWE,urb,mfh,perm,2065,31.182672297254637
C-WEU-SWE,urb,mfh,perm,2070,31.227524864603012
C-WEU-SWE,urb,mfh,perm,2075,31.268974135034913
C-WEU-SWE,urb,mfh,perm,2080,31.307334161038085
C-WEU-SWE,urb,mfh,perm,2085,31.342883950274015
C-WEU-SWE,urb,mfh,perm,2090,31.375872016697503
C-WEU-SWE,urb,mfh,perm,2095,31.406520273941926
C-WEU-SWE,urb,mfh,perm,2100,31.435027372423693
C-WEU-SWE,urb,sfh,perm,2020,59.29331028061291
C-WEU-SWE,urb,sfh,perm,2025,59.485333186913515
C-WEU-SWE,urb,sfh,perm,2030,58.4665480545688
C-WEU-SWE,urb,sfh,perm,2035,57.425776305131265
C-WEU-SWE,urb,sfh,perm,2040,56.36557390823369
C-WEU-SWE,urb,sfh,perm,2045,55.288155589384004
C-WEU-SWE,urb,sfh,perm,2050,54.195444659417255
C-WEU-SWE,urb,sfh,perm,2055,54.295686304296844
C-WEU-SWE,urb,sfh,perm,2060,54.38786819427485
C-WEU-SWE,urb,sfh,perm,2065,54.47278515954549
C-WEU-SWE,urb,sfh,perm,2070,54.551137785700526
C-WEU-SWE,urb,sfh,perm,2075,54.623545217037176
C-WEU-SWE,urb,sfh,perm,2080,54.69055606957946
C-WEU-SWE,urb,sfh,perm,2085,54.75265773979733
C-WEU-SWE,urb,sfh,perm,2090,54.810284354924654
C-WEU-SWE,urb,sfh,perm,2095,54.8638235742858
C-WEU-SWE,urb,sfh,perm,2100,54.913622418859376
R32ANUZ,rur,mfh,perm,2020,24.87373819651984
R32ANUZ,rur,mfh,perm,2025,24.95138328695401
R32ANUZ,rur,mfh,perm,2030,24.52178801029052
R32ANUZ,rur,mfh,perm,2035,24.08339921909176
R32ANUZ,rur,mfh,perm,2040,23.637094261694223
R32ANUZ,rur,mfh,perm,2045,23.183679655092114
R32ANUZ,rur,mfh,perm,2050,22.723822407008587
R32ANUZ,rur,mfh,perm,2055,22.76385940331009
R32ANUZ,rur,mfh,perm,2060,22.79996126367795
R32ANUZ,rur,mfh,perm,2065,22.83211018707703
R32ANUZ,rur,mfh,perm,2070,22.86063622977215
R32ANUZ,rur,mfh,perm,2075,22.885892291345403
R32ANUZ,rur,mfh,perm,2080,22.90822115379281
R32ANUZ,rur,mfh,perm,2085,22.927927619679192
R32ANUZ,rur,mfh,perm,2090,22.945171902045665
R32ANUZ,rur,mfh,perm,2095,22.96004181570939
R32ANUZ,rur,mfh,perm,2100,22.97288047473215
R32ANUZ,rur,sfh,perm,2020,65.5411668008226
R32ANUZ,rur,sfh,perm,2025,65.745758076295715
R32ANUZ,rur,sfh,perm,2030,64.6137940963666
R32ANUZ,rur,sfh,perm,2035,63.458659606304764
R32ANUZ,rur,sfh,perm,2040,62.282666379001355
R32ANUZ,rur,sfh,perm,2045,61.08793954998792
R32ANUZ,rur,sfh,perm,2050,59.87623665422349
R32ANUZ,rur,sfh,perm,2055,59.98173231523224
R32ANUZ,rur,sfh,perm,2060,60.076859072356385
R32ANUZ,rur,sfh,perm,2065,60.161570020679406
R32ANUZ,rur,sfh,perm,2070,60.23673484342045
R32ANUZ,rur,sfh,perm,2075,60.303283414898765
R32ANUZ,rur,sfh,perm,2080,60.362118950055404
R32ANUZ,rur,sfh,perm,2085,60.41404458976061
R32ANUZ,rur,sfh,perm,2090,60.459482488077775
R32ANUZ,rur,sfh,perm,2095,60.49866403304894
R32ANUZ,rur,sfh,perm,2100,60.53249331459327
R32ANUZ,urb,mfh,perm,2020,29.207514243852888
R32ANUZ,urb,mfh,perm,2025,29.291157634406535
R32ANUZ,urb,mfh,perm,2030,28.781910218246146
R32ANUZ,urb,mfh,perm,2035,28.26415302139168
R32ANUZ,urb,mfh,perm,2040,27.73827341079123
R32ANUZ,urb,mfh,perm,2045,27.20477061513964
R32ANUZ,urb,mfh,perm,2050,26.66414076464435
R32ANUZ,urb,mfh,perm,2055,26.710359917169125
R32ANUZ,urb,mfh,perm,2060,26.752167291382346
R32ANUZ,urb,mfh,perm,2065,26.78960789696617
R32ANUZ,urb,mfh,perm,2070,26.82306616274742
R32ANUZ,urb,mfh,perm,2075,26.852953166466055
R32ANUZ,urb,mfh,perm,2080,26.87966779112375
R32ANUZ,urb,mfh,perm,2085,26.903569006846244
R32ANUZ,urb,mfh,perm,2090,26.92489572824714
R32ANUZ,urb,mfh,perm,2095,26.943829580820886
R32ANUZ,urb,mfh,perm,2100,26.960728191499133
R32ANUZ,urb,sfh,perm,2020,74.81979302205335
R32ANUZ,urb,sfh,perm,2025,75.0340591563309
R32ANUZ,urb,sfh,perm,2030,73.72953916342685
R32ANUZ,urb,sfh,perm,2035,72.40321998470789
R32ANUZ,urb,sfh,perm,2040,71.05609392354623
R32ANUZ,urb,sfh,perm,2045,69.68943983535249
R32ANUZ,urb,sfh,perm,2050,68.30452863825826
R32ANUZ,urb,sfh,perm,2055,68.42292650658374
R32ANUZ,urb,sfh,perm,2060,68.53002288799138
R32ANUZ,urb,sfh,perm,2065,68.62593308209465
R32ANUZ,urb,sfh,perm,2070,68.71164186579087
R32ANUZ,urb,sfh,perm,2075,68.78820228149786
R32ANUZ,urb,sfh,perm,2080,68.85663613283019
R32ANUZ,urb,sfh,perm,2085,68.91786298008606
R32ANUZ,urb,sfh,perm,2090,68.97249484186422
R32ANUZ,urb,sfh,perm,2095,69.02099698137705
R32ANUZ,urb,sfh,perm,2100,69.06428551811284
R32BRA,rur,mfh,perm,2020,14.89108455245647
R32BRA,rur,mfh,perm,2025,16.549683534059856
R32BRA,rur,mfh,perm,2030,18.100020671148165
R32BRA,rur,mfh,perm,2035,19.57632538656733
R32BRA,rur,mfh,perm,2040,20.962967564460502
R32BRA,rur,mfh,perm,2045,22.248397414045673
R32BRA,rur,mfh,perm,2050,23.424686463401382
R32BRA,rur,mfh,perm,2055,24.48863985754164
R32BRA,rur,mfh,perm,2060,25.439447676783406
R32BRA,rur,mfh,perm,2065,26.046724637127113
R32BRA,rur,mfh,perm,2070,26.533456051399412
R32BRA,rur,mfh,perm,2075,26.908775245430512
R32BRA,rur,mfh,perm,2080,27.182602769809318
R32BRA,rur,mfh,perm,2085,27.364329313641836
R32BRA,rur,mfh,perm,2090,27.46459014291786
R32BRA,rur,mfh,perm,2095,27.492749210944865
R32BRA,rur,mfh,perm,2100,27.457401881965794
R32BRA,rur,sfh,perm,2020,21.59358849857824
R32BRA,rur,sfh,perm,2025,23.998725865620877
R32BRA,rur,sfh,perm,2030,26.246872537169143
R32BRA,rur,sfh,perm,2035,28.387664660870648
R32BRA,rur,sfh,perm,2040,30.398436977602827
R32BRA,rur,sfh,perm,2045,32.26244111497458
R32BRA,rur,sfh,perm,2050,33.96817998158929
R32BRA,rur,sfh,perm,2055,35.51102071248424
R32BRA,rur,sfh,perm,2060,36.88978884166999
R32BRA,rur,sfh,perm,2065,37.77040225435565
R32BRA,rur,sfh,perm,2070,38.47621235382173
R32BRA,rur,sfh,perm,2075,39.02046339228545
R32BRA,rur,sfh,perm,2080,39.417541178002885
R32BRA,rur,sfh,perm,2085,39.681063166140454
R32BRA,rur,sfh,perm,2090,39.82645157504285
R32BRA,rur,sfh,perm,2095,39.86728509024697
R32BRA,rur,sfh,perm,2100,39.816027864904584
R32BRA,urb,inf,sub,2020,12.343746462779848
R32BRA,urb,inf,sub,2025,13.59307711367876
R32BRA,urb,inf,sub,2030,14.696355002229275
R32BRA,urb,inf,sub,2035,15.680807067578044
R32BRA,urb,inf,sub,2040,16.535572666250978
R32BRA,urb,inf,sub,2045,17.259656079485712
R32BRA,urb,inf,sub,2050,17.850737449313552
R32BRA,urb,inf,sub,2055,18.314254776652326
R32BRA,urb,inf,sub,2060,18.665593259272963
R32BRA,urb,inf,sub,2065,18.75330469481533
R32BRA,urb,inf,sub,2070,16.8197011521257
R32BRA,urb,inf,sub,2075,17.04904232008229
R32BRA,urb,inf,sub,2080,17.214517793654856
R32BRA,urb,inf,sub,2085,17.322501006146368
R32BRA,urb,inf,sub,2090,17.37928267504659
R32BRA,urb,inf,sub,2095,17.390885565151
R32BRA,urb,inf,sub,2100,17.362940535945523
R32BRA,urb,mfh,perm,2020,11.312857524438709
R32BRA,urb,mfh,perm,2025,12.543116425882168
R32BRA,urb,mfh,perm,2030,12.894099793613288
R32BRA,urb,mfh,perm,2035,13.245083161344406
R32BRA,urb,mfh,perm,2040,13.596066529075525
R32BRA,urb,mfh,perm,2045,13.947049896806643
R32BRA,urb,mfh,perm,2050,14.298033264537763
R32BRA,urb,mfh,perm,2055,14.64901663226888
R32BRA,urb,mfh,perm,2060,15
R32BRA,urb,mfh,perm,2065,15
R32BRA,urb,mfh,perm,2070,15
R32BRA,urb,mfh,perm,2075,15
R32BRA,urb,mfh,perm,2080,15
R32BRA,urb,mfh,perm,2085,15
R32BRA,urb,mfh,perm,2090,15
R32BRA,urb,mfh,perm,2095,15
R32BRA,urb,mfh,perm,2100,15
R32BRA,urb,sfh,perm,2020,20.034447167638493
R32BRA,urb,sfh,perm,2025,22.213167876375508
R32BRA,urb,sfh,perm,2030,24.22235473763089
R32BRA,urb,sfh,perm,2035,26.10588750792937
R32BRA,urb,sfh,perm,2040,27.84160767055597
R32BRA,urb,sfh,perm,2045,29.415953738479622
R32BRA,urb,sfh,perm,2050,30.81833927410714
R32BRA,urb,sfh,perm,2055,32.04722633452195
R32BRA,urb,sfh,perm,2060,33.10832781392778
R32BRA,urb,sfh,perm,2065,33.71077146981504
R32BRA,urb,sfh,perm,2070,34.318551230441585
R32BRA,urb,sfh,perm,2075,34.53171270327699
R32BRA,urb,sfh,perm,2080,34.619833027122695
R32BRA,urb,sfh,perm,2085,34.59951660955207
R32BRA,urb,sfh,perm,2090,34.48406382777314
R32BRA,urb,sfh,perm,2095,34.28534672681325
R32BRA,urb,sfh,perm,2100,34.147454201598165
R32CAN,rur,mfh,perm,2020,25.48689349707608
R32CAN,rur,mfh,perm,2025,25.694104185012858
R32CAN,rur,mfh,perm,2030,25.37468114411018
R32CAN,rur,mfh,perm,2035,25.037615955574392
R32CAN,rur,mfh,perm,2040,24.68250906272454
R32CAN,rur,mfh,perm,2045,24.309322270336413
R32CAN,rur,mfh,perm,2050,23.918363487637354
R32CAN,rur,mfh,perm,2055,24.044571028649433
R32CAN,rur,mfh,perm,2060,24.159598725150893
R32CAN,rur,mfh,perm,2065,24.263775477009407
R32CAN,rur,mfh,perm,2070,24.35759695937215
R32CAN,rur,mfh,perm,2075,24.44167988613598
R32CAN,rur,mfh,perm,2080,24.51671923277513
R32CAN,rur,mfh,perm,2085,24.583450922595652
R32CAN,rur,mfh,perm,2090,24.64262120137172
R32CAN,rur,mfh,perm,2095,24.6949629308538
R32CAN,rur,mfh,perm,2100,24.741178356033956
R32CAN,rur,sfh,perm,2020,67.15680307998016
R32CAN,rur,sfh,perm,2025,67.70279380134579
R32CAN,rur,sfh,perm,2030,66.86112864275869
R32CAN,rur,sfh,perm,2035,65.97297722900512
R32CAN,rur,sfh,perm,2040,65.03728674643624
R32CAN,rur,sfh,perm,2045,64.05395655237653
R32CAN,rur,sfh,perm,2050,63.02379797361048
R32CAN,rur,sfh,perm,2055,63.35634909365691
R32CAN,rur,sfh,perm,2060,63.6594418328163
R32CAN,rur,sfh,perm,2065,63.933942827253965
R32CAN,rur,sfh,perm,2070,64.18115815839775
R32CAN,rur,sfh,perm,2075,64.40271283926597
R32CAN,rur,sfh,perm,2080,64.60043809856735
R32CAN,rur,sfh,perm,2085,64.77627306068172
R32CAN,rur,sfh,perm,2090,64.93218404922209
R32CAN,rur,sfh,perm,2095,65.0701021215088
R32CAN,rur,sfh,perm,2100,65.19187766109887
R32CAN,urb,mfh,perm,2020,26.326321730920924
R32CAN,urb,mfh,perm,2025,26.540357044300137
R32CAN,urb,mfh,perm,2030,26.210413587517625
R32CAN,urb,mfh,perm,2035,25.86224692692775
R32CAN,urb,mfh,perm,2040,25.495444346177557
R32CAN,urb,mfh,perm,2045,25.109966392057053
R32CAN,urb,mfh,perm,2050,24.70613111499413
R32CAN,urb,mfh,perm,2055,24.836495387514578
R32CAN,urb,mfh,perm,2060,24.955311599714456
R32CAN,urb,mfh,perm,2065,25.06291948400307
R32CAN,urb,mfh,perm,2070,25.159831040926893
R32CAN,urb,mfh,perm,2075,25.246683296275954
R32CAN,urb,mfh,perm,2080,25.32419411501606
R32CAN,urb,mfh,perm,2085,25.393123658589683
R32CAN,urb,mfh,perm,2090,25.454242750884937
R32CAN,urb,mfh,perm,2095,25.508308390954262
R32CAN,urb,mfh,perm,2100,25.55604595270785
R32CAN,urb,sfh,perm,2020,67.43915029859293
R32CAN,urb,sfh,perm,2025,67.98743652770307
R32CAN,urb,sfh,perm,2030,67.14223275790113
R32CAN,urb,sfh,perm,2035,66.25034729085917
R32CAN,urb,sfh,perm,2040,65.31072288658586
R32CAN,urb,sfh,perm,2045,64.32325847927393
R32CAN,urb,sfh,perm,2050,63.288768806767465
R32CAN,urb,sfh,perm,2055,63.62271807085122
R32CAN,urb,sfh,perm,2060,63.92708510223356
R32CAN,urb,sfh,perm,2065,64.2027401806766
R32CAN,urb,sfh,perm,2070,64.4509948787638
R32CAN,urb,sfh,perm,2075,64.67348104155262
R32CAN,urb,sfh,perm,2080,64.87203759678312
R32CAN,urb,sfh,perm,2085,65.04861182149205
R32CAN,urb,sfh,perm,2090,65.20517830630303
R32CAN,urb,sfh,perm,2095,65.34367622727702
R32CAN,urb,sfh,perm,2100,65.46596374753501
R32CAS-CAU,rur,mfh,perm,2020,25.78596165543194
R32CAS-CAU,rur,mfh,perm,2025,28.020358767566737
R32CAS-CAU,rur,mfh,perm,2030,30.130273427994663
R32CAS-CAU,rur,mfh,perm,2035,32.16833844691179
R32CAS-CAU,rur,mfh,perm,2040,34.10629769761095
R32CAS-CAU,rur,mfh,perm,2045,35.92610438466644
R32CAS-CAU,rur,mfh,perm,2050,37.613247392503496
R32CAS-CAU,rur,mfh,perm,2055,39.1577767462191
R32CAS-CAU,rur,mfh,perm,2060,40.554161111748584
R32CAS-CAU,rur,mfh,perm,2065,41.958180816053826
R32CAS-CAU,rur,mfh,perm,2070,43.22862045100744
R32CAS-CAU,rur,mfh,perm,2075,44.36962987963255
R32CAS-CAU,rur,mfh,perm,2080,45.38739437959636
R32CAS-CAU,rur,mfh,perm,2085,46.28982497458984
R32CAS-CAU,rur,mfh,perm,2090,47.08639513678232
R32CAS-CAU,rur,mfh,perm,2095,47.78733526432955
R32CAS-CAU,rur,mfh,perm,2100,48.40271151771688
R32CAS-CAU,rur,sfh,perm,2020,28.782903177385908
R32CAS-CAU,rur,sfh,perm,2025,31.276990332163745
R32CAS-CAU,rur,sfh,perm,2030,33.632127216145385
R32CAS-CAU,rur,sfh,perm,2035,35.907063822837785
R32CAS-CAU,rur,sfh,perm,2040,38.070259992131824
R32CAS-CAU,rur,sfh,perm,2045,40.10157146210927
R32CAS-CAU,rur,sfh,perm,2050,41.984800580723444
R32CAS-CAU,rur,sfh,perm,2055,43.70884094953635
R32CAS-CAU,rur,sfh,perm,2060,45.267518362018414
R32CAS-CAU,rur,sfh,perm,2065,46.834718521088185
R32CAS-CAU,rur,sfh,perm,2070,48.25281343235089
R32CAS-CAU,rur,sfh,perm,2075,49.5264352715303
R32CAS-CAU,rur,sfh,perm,2080,50.66248819254548
R32CAS-CAU,rur,sfh,perm,2085,51.66980266803786
R32CAS-CAU,rur,sfh,perm,2090,52.558953212770454
R32CAS-CAU,rur,sfh,perm,2095,53.34135924027986
R32CAS-CAU,rur,sfh,perm,2100,54.02825683811208
R32CAS-CAU,urb,mfh,perm,2020,18.981744670496106
R32CAS-CAU,urb,mfh,perm,2025,20.588356858026675
R32CAS-CAU,urb,mfh,perm,2030,22.113726758134256
R32CAS-CAU,urb,mfh,perm,2035,23.593350091943005
R32CAS-CAU,urb,mfh,perm,2040,25.003998659109733
R32CAS-CAU,urb,mfh,perm,2045,26.33079682334303
R32CAS-CAU,urb,mfh,perm,2050,27.5620364565222
R32CAS-CAU,urb,mfh,perm,2055,28.68975753405709
R32CAS-CAU,urb,mfh,perm,2060,29.709438524825497
R32CAS-CAU,urb,mfh,perm,2065,30.735066811627593
R32CAS-CAU,urb,mfh,perm,2070,31.663096739133966
R32CAS-CAU,urb,mfh,perm,2075,32.496602327743176
R32CAS-CAU,urb,mfh,perm,2080,33.24020498163233
R32CAS-CAU,urb,mfh,perm,2085,33.899780120417496
R32CAS-CAU,urb,mfh,perm,2090,34.482389817297246
R32CAS-CAU,urb,mfh,perm,2095,34.99568356497901
R32CAS-CAU,urb,mfh,perm,2100,35.447221950736996
R32CAS-CAU,urb,sfh,perm,2020,24.253017513765226
R32CAS-CAU,urb,sfh,perm,2025,26.305789490124827
R32CAS-CAU,urb,sfh,perm,2030,28.254758014592536
R32CAS-CAU,urb,sfh,perm,2035,30.14527604923963
R32CAS-CAU,urb,sfh,perm,2040,31.94766487066552
R32CAS-CAU,urb,sfh,perm,2045,33.642917845193104
R32CAS-CAU,urb,sfh,perm,2050,35.21607547140176
R32CAS-CAU,urb,sfh,perm,2055,36.6569672081138
R32CAS-CAU,urb,sfh,perm,2060,37.95981588492688
R32CAS-CAU,urb,sfh,perm,2065,39.270263435150625
R32CAS-CAU,urb,sfh,perm,2070,40.45600934396029
R32CAS-CAU,urb,sfh,perm,2075,41.520981294077245
R32CAS-CAU,urb,sfh,perm,2080,42.47108406392894
R32CAS-CAU,urb,sfh,perm,2085,43.31382469026687
R32CAS-CAU,urb,sfh,perm,2090,44.058226399772366
R32CAS-CAU,urb,sfh,perm,2095,44.71406296634372
R32CAS-CAU,urb,sfh,perm,2100,45.29099456920883
R32CAS-OTH,rur,mfh,perm,2020,27.030923468706607
R32CAS-OTH,rur,mfh,perm,2025,29.091222096242284
R32CAS-OTH,rur,mfh,perm,2030,31.016813636432662
R32CAS-OTH,rur,mfh,perm,2035,32.880160171279435
R32CAS-OTH,rur,mfh,perm,2040,34.659360707845174
R32CAS-OTH,rur,mfh,perm,2045,36.33633152159777
R32CAS-OTH,rur,mfh,perm,2050,37.89758272699264
R32CAS-OTH,rur,mfh,perm,2055,39.334527136145056
R32CAS-OTH,rur,mfh,perm,2060,40.64331883649549
R32CAS-OTH,rur,mfh,perm,2065,41.9756059192335
R32CAS-OTH,rur,mfh,perm,2070,43.18909327942565
R32CAS-OTH,rur,mfh,perm,2075,44.28758883452511
R32CAS-OTH,rur,mfh,perm,2080,45.27682411631378
R32CAS-OTH,rur,mfh,perm,2085,46.164098908906
R32CAS-OTH,rur,mfh,perm,2090,46.95711827953424
R32CAS-OTH,rur,mfh,perm,2095,47.66376661249389
R32CAS-OTH,rur,mfh,perm,2100,48.29203803172504
R32CAS-OTH,rur,sfh,perm,2020,30.172559138635624
R32CAS-OTH,rur,sfh,perm,2025,32.47231342762753
R32CAS-OTH,rur,sfh,perm,2030,34.621704464545395
R32CAS-OTH,rur,sfh,perm,2035,36.7016161473084
R32CAS-OTH,rur,sfh,perm,2040,38.68760206714464
R32CAS-OTH,rur,sfh,perm,2045,40.559476740989716
R32CAS-OTH,rur,sfh,perm,2050,42.30218243802509
R32CAS-OTH,rur,sfh,perm,2055,43.90613393506797
R32CAS-OTH,rur,sfh,perm,2060,45.36703833312509
R32CAS-OTH,rur,sfh,perm,2065,46.854168835347494
R32CAS-OTH,rur,sfh,perm,2070,48.208692264107604
R32CAS-OTH,rur,sfh,perm,2075,49.43485910735799
R32CAS-OTH,rur,sfh,perm,2080,50.53906703707774
R32CAS-OTH,rur,sfh,perm,2085,51.52946424576734
R32CAS-OTH,rur,sfh,perm,2090,52.414651312574904
R32CAS-OTH,rur,sfh,perm,2095,53.203428974615456
R32CAS-OTH,rur,sfh,perm,2100,53.904720463003265
R32CAS-OTH,urb,mfh,perm,2020,20.049777483440245
R32CAS-OTH,urb,mfh,perm,2025,21.57107940754187
R32CAS-OTH,urb,mfh,perm,2030,22.985201856703753
R32CAS-OTH,urb,mfh,perm,2035,24.347188464815464
R32CAS-OTH,urb,mfh,perm,2040,25.64172541826426
R32CAS-OTH,urb,mfh,perm,2045,26.85628290250697
R32CAS-OTH,urb,mfh,perm,2050,27.982058907421127
R32CAS-OTH,urb,mfh,perm,2055,29.013993694548198
R32CAS-OTH,urb,mfh,perm,2060,29.95033430561641
R32CAS-OTH,urb,mfh,perm,2065,30.903260318179886
R32CAS-OTH,urb,mfh,perm,2070,31.76844180739632
R32CAS-OTH,urb,mfh,perm,2075,32.549144705262876
R32CAS-OTH,urb,mfh,perm,2080,33.250058844023705
R32CAS-OTH,urb,mfh,perm,2085,33.87699370424373
R32CAS-OTH,urb,mfh,perm,2090,34.43577574932933
R32CAS-OTH,urb,mfh,perm,2095,34.93236386493373
R32CAS-OTH,urb,mfh,perm,2100,35.372733430303484
R32CAS-OTH,urb,sfh,perm,2020,25.61764542164517
R32CAS-OTH,urb,sfh,perm,2025,27.561416284094403
R32CAS-OTH,urb,sfh,perm,2030,29.36824369229573
R32CAS-OTH,urb,sfh,perm,2035,31.108457020072176
R32CAS-OTH,urb,sfh,perm,2040,32.76248977360565
R32CAS-OTH,urb,sfh,perm,2045,34.31433258090031
R32CAS-OTH,urb,sfh,perm,2050,35.7527390939854
R32CAS-OTH,urb,sfh,perm,2055,37.071244473744166
R32CAS-OTH,urb,sfh,perm,2060,38.26760896148191
R32CAS-OTH,urb,sfh,perm,2065,39.48516465371221
R32CAS-OTH,urb,sfh,perm,2070,40.59060897270394
R32CAS-OTH,urb,sfh,perm,2075,41.588114807056215
R32CAS-OTH,urb,sfh,perm,2080,42.483674365890366
R32CAS-OTH,urb,sfh,perm,2085,43.28471043548516
R32CAS-OTH,urb,sfh,perm,2090,43.99866750113378
R32CAS-OTH,urb,sfh,perm,2095,44.63315924432961
R32CAS-OTH,urb,sfh,perm,2100,45.195820420467044
R32CHN,rur,mfh,perm,2020,43.55845157971569
R32CHN,rur,mfh,perm,2025,45.84710941560839
R32CHN,rur,mfh,perm,2030,47.053291448503224
R32CHN,rur,mfh,perm,2035,48.01089481718421
R32CHN,rur,mfh,perm,2040,48.70207808117859
R32CHN,rur,mfh,perm,2045,49.12568013134161
R32CHN,rur,mfh,perm,2050,49.29516269194798
R32CHN,rur,mfh,perm,2055,50.351909610369624
R32CHN,rur,mfh,perm,2060,51.244190335817834
R32CHN,rur,mfh,perm,2065,51.34108662165453
R32CHN,rur,mfh,perm,2070,51.297088063035325
R32CHN,rur,mfh,perm,2075,51.13530372337396
R32CHN,rur,mfh,perm,2080,50.876360767717145
R32CHN,rur,mfh,perm,2085,50.53801059959287
R32CHN,rur,mfh,perm,2090,50.135189734352
R32CHN,rur,mfh,perm,2095,49.680249967232456
R32CHN,rur,mfh,perm,2100,49.1832752965853
R32CHN,rur,sfh,perm,2020,49.28196447101502
R32CHN,rur,sfh,perm,2025,51.871348392258405
R32CHN,rur,sfh,perm,2030,53.23602087107493
R32CHN,rur,sfh,perm,2035,54.31945183524256
R32CHN,rur,sfh,perm,2040,55.1014555067182
R32CHN,rur,sfh,perm,2045,55.58071820841866
R32CHN,rur,sfh,perm,2050,55.77247051428228
R32CHN,rur,sfh,perm,2055,56.96807233665657
R32CHN,rur,sfh,perm,2060,57.9775973637167
R32CHN,rur,sfh,perm,2065,58.087225671032414
R32CHN,rur,sfh,perm,2070,58.0374457701404
R32CHN,rur,sfh,perm,2075,57.85440321949862
R32CHN,rur,sfh,perm,2080,57.561435561606906
R32CHN,rur,sfh,perm,2085,57.17862670684891
R32CHN,rur,sfh,perm,2090,56.72287580549619
R32CHN,rur,sfh,perm,2095,56.20815765949859
R32CHN,rur,sfh,perm,2100,55.64588128893008
R32CHN,urb,inf,sub,2020,25.709369663567387
R32CHN,urb,inf,sub,2025,26.32019520449112
R32CHN,urb,inf,sub,2030,23.378765584276675
R32CHN,urb,inf,sub,2035,23.723512965706224
R32CHN,urb,inf,sub,2040,23.946551993033538
R32CHN,urb,inf,sub,2045,24.048484829548414
R32CHN,urb,inf,sub,2050,24.036264335982757
R32CHN,urb,inf,sub,2055,24.464647575977835
R32CHN,urb,inf,sub,2060,24.818909241066805
R32CHN,urb,inf,sub,2065,24.794530909147888
R32CHN,urb,inf,sub,2070,24.709052510518486
R32CHN,urb,inf,sub,2075,24.573251178787334
R32CHN,urb,inf,sub,2080,24.396604703463645
R32CHN,urb,inf,sub,2085,24.1871877093814
R32CHN,urb,inf,sub,2090,23.9517183978737
R32CHN,urb,inf,sub,2095,23.695687086822208
R32CHN,urb,inf,sub,2100,23.42351955267722
R32CHN,urb,mfh,perm,2020,39.214744827475386
R32CHN,urb,mfh,perm,2025,40.71098567275063
R32CHN,urb,mfh,perm,2030,41.73285993839371
R32CHN,urb,mfh,perm,2035,41.998774125483344
R32CHN,urb,mfh,perm,2040,42.12841924893293
R32CHN,urb,mfh,perm,2045,42.10307295340211
R32CHN,urb,mfh,perm,2050,41.919283655050975
R32CHN,urb,mfh,perm,2055,42.52298340508496
R32CHN,urb,mfh,perm,2060,42.99822788450858
R32CHN,urb,mfh,perm,2065,42.82357283437481
R32CHN,urb,mfh,perm,2070,42.70022256891693
R32CHN,urb,mfh,perm,2075,42.56555162417994
R32CHN,urb,mfh,perm,2080,42.35000485034334
R32CHN,urb,mfh,perm,2085,42.068358697887604
R32CHN,urb,mfh,perm,2090,41.73304647548518
R32CHN,urb,mfh,perm,2095,41.35434994425937
R32CHN,urb,mfh,perm,2100,40.94066312793035
R32CHN,urb,sfh,perm,2020,53.371515704240295
R32CHN,urb,sfh,perm,2025,55.407908956887006
R32CHN,urb,sfh,perm,2030,56.79868629476009
R32CHN,urb,sfh,perm,2035,57.16059718503039
R32CHN,urb,sfh,perm,2040,57.33704501792106
R32CHN,urb,sfh,perm,2045,57.302548549413636
R32CHN,urb,sfh,perm,2050,57.052410152074216
R32CHN,urb,sfh,perm,2055,57.874049329667685
R32CHN,urb,sfh,perm,2060,58.52086007160933
R32CHN,urb,sfh,perm,2065,58.28315344385874
R32CHN,urb,sfh,perm,2070,58.11527295250347
R32CHN,urb,sfh,perm,2075,57.931984945057366
R32CHN,urb,sfh,perm,2080,57.63862442274797
R32CHN,urb,sfh,perm,2085,57.255302228125444
R32CHN,urb,sfh,perm,2090,56.79894017292125
R32CHN,urb,sfh,perm,2095,56.28353179904605
R32CHN,urb,sfh,perm,2100,55.72050142586683
R32EEU,rur,mfh,perm,2020,19.84149517272036
R32EEU,rur,mfh,perm,2025,21.33270677517649
R32EEU,rur,mfh,perm,2030,22.334438225957985
R32EEU,rur,mfh,perm,2035,23.2284163783113
R32EEU,rur,mfh,perm,2040,24.003586234101636
R32EEU,rur,mfh,perm,2045,24.652964995345584
R32EEU,rur,mfh,perm,2050,25.173621252047656
R32EEU,rur,mfh,perm,2055,26.147286680579384
R32EEU,rur,mfh,perm,2060,27.036159318858683
R32EEU,rur,mfh,perm,2065,27.84071137321332
R32EEU,rur,mfh,perm,2070,28.56355166986741
R32EEU,rur,mfh,perm,2075,29.208759065199484
R32EEU,rur,mfh,perm,2080,29.78139387631067
R32EEU,rur,mfh,perm,2085,30.28712573383614
R32EEU,rur,mfh,perm,2090,30.73191118528552
R32EEU,rur,mfh,perm,2095,31.121769496337084
R32EEU,rur,mfh,perm,2100,31.46253548784941
R32EEU,rur,sfh,perm,2020,33.17013009196487
R32EEU,rur,sfh,perm,2025,35.66307139591074
R32EEU,rur,sfh,perm,2030,37.337721529400625
R32EEU,rur,sfh,perm,2035,38.83223448594956
R32EEU,rur,sfh,perm,2040,40.12812901083832
R32EEU,rur,sfh,perm,2045,41.21373157263697
R32EEU,rur,sfh,perm,2050,42.08414157035467
R32EEU,rur,sfh,perm,2055,43.711872174792674
R32EEU,rur,sfh,perm,2060,45.19784995974556
R32EEU,rur,sfh,perm,2065,46.54286433877243
R32EEU,rur,sfh,perm,2070,47.75127663164719
R32EEU,rur,sfh,perm,2075,48.82990568924397
R32EEU,rur,sfh,perm,2080,49.787211124867646
R32EEU,rur,sfh,perm,2085,50.63267117511803
R32EEU,rur,sfh,perm,2090,51.37624373147828
R32EEU,rur,sfh,perm,2095,52.02799153487939
R32EEU,rur,sfh,perm,2100,52.59766897959746
R32EEU,urb,mfh,perm,2020,18.685167267348724
R32EEU,urb,mfh,perm,2025,20.088137247127428
R32EEU,urb,mfh,perm,2030,21.02949924729206
R32EEU,urb,mfh,perm,2035,21.868874939253963
R32EEU,urb,mfh,perm,2040,22.596037420492188
R32EEU,urb,mfh,perm,2045,23.204623638082246
R32EEU,urb,mfh,perm,2050,23.692058492814756
R32EEU,urb,mfh,perm,2055,24.605940743443924
R32EEU,urb,mfh,perm,2060,25.440203029162497
R32EEU,urb,mfh,perm,2065,26.1953923544125
R32EEU,urb,mfh,perm,2070,26.874030573687364
R32EEU,urb,mfh,perm,2075,27.47999232758379
R32EEU,urb,mfh,perm,2080,28.018053031159933
R32EEU,urb,mfh,perm,2085,28.49354550402979
R32EEU,urb,mfh,perm,2090,28.912061105429338
R32EEU,urb,mfh,perm,2095,29.279247491019834
R32EEU,urb,mfh,perm,2100,29.60057280732226
R32EEU,urb,sfh,perm,2020,32.64098382979415
R32EEU,urb,sfh,perm,2025,35.09182196083225
R32EEU,urb,sfh,perm,2030,36.736280444168926
R32EEU,urb,sfh,perm,2035,38.20257978184343
R32EEU,urb,sfh,perm,2040,39.4728546716597
R32EEU,urb,sfh,perm,2045,40.53598954239246
R32EEU,urb,sfh,perm,2050,41.3874859718199
R32EEU,urb,sfh,perm,2055,42.98394027904191
R32EEU,urb,sfh,perm,2060,44.44130704425851
R32EEU,urb,sfh,perm,2065,45.76054182558118
R32EEU,urb,sfh,perm,2070,46.94605003242177
R32EEU,urb,sfh,perm,2075,48.004600246471504
R32EEU,urb,sfh,perm,2080,48.94453460582652
R32EEU,urb,sfh,perm,2085,49.77516897457819
R32EEU,urb,sfh,perm,2090,50.506270857817455
R32EEU,urb,sfh,perm,2095,51.147706104454166
R32EEU,urb,sfh,perm,2100,51.70902698017673
R32EEU-FSU,rur,mfh,perm,2020,28.026574847001545
R32EEU-FSU,rur,mfh,perm,2025,30.28516992985656
R32EEU-FSU,rur,mfh,perm,2030,31.852439058510203
R32EEU-FSU,rur,mfh,perm,2035,33.265732993366356
R32EEU-FSU,rur,mfh,perm,2040,34.507429373203024
R32EEU-FSU,rur,mfh,perm,2045,35.56608966962815
R32EEU-FSU,rur,mfh,perm,2050,36.435782622496035
R32EEU-FSU,rur,mfh,perm,2055,37.95949472264254
R32EEU-FSU,rur,mfh,perm,2060,39.36008995556183
R32EEU-FSU,rur,mfh,perm,2065,40.637956365853036
R32EEU-FSU,rur,mfh,perm,2070,41.79533100485492
R32EEU-FSU,rur,mfh,perm,2075,42.83695880361245
R32EEU-FSU,rur,mfh,perm,2080,43.769331689798214
R32EEU-FSU,rur,mfh,perm,2085,44.60005130866071
R32EEU-FSU,rur,mfh,perm,2090,45.337378291076625
R32EEU-FSU,rur,mfh,perm,2095,45.98973743325867
R32EEU-FSU,rur,mfh,perm,2100,46.56544644101831
R32EEU-FSU,rur,sfh,perm,2020,31.283928867747782
R32EEU-FSU,rur,sfh,perm,2025,33.8050263724841
R32EEU-FSU,rur,sfh,perm,2030,35.554449418470874
R32EEU-FSU,rur,sfh,perm,2035,37.13200169407438
R32EEU-FSU,rur,sfh,perm,2040,38.518012700920835
R32EEU-FSU,rur,sfh,perm,2045,39.69971448179385
R32EEU-FSU,rur,sfh,perm,2050,40.67048642316832
R32EEU-FSU,rur,sfh,perm,2055,42.371290078846194
R32EEU-FSU,rur,sfh,perm,2060,43.934667761575824
R32EEU-FSU,rur,sfh,perm,2065,45.36105261596024
R32EEU-FSU,rur,sfh,perm,2070,46.65294169186506
R32EEU-FSU,rur,sfh,perm,2075,47.81563139408122
R32EEU-FSU,rur,sfh,perm,2080,48.85636816655105
R32EEU-FSU,rur,sfh,perm,2085,49.78363714634638
R32EEU-FSU,rur,sfh,perm,2090,50.60665904595743
R32EEU-FSU,rur,sfh,perm,2095,51.334837823123685
R32EEU-FSU,rur,sfh,perm,2100,51.97745789873386
R32EEU-FSU,urb,mfh,perm,2020,20.413698125036884
R32EEU-FSU,urb,mfh,perm,2025,22.08578425317025
R32EEU-FSU,urb,mfh,perm,2030,23.24952315054264
R32EEU-FSU,urb,mfh,perm,2035,24.296796900056417
R32EEU-FSU,urb,mfh,perm,2040,25.21518921181187
R32EEU-FSU,urb,mfh,perm,2045,25.99669916872553
R32EEU-FSU,urb,mfh,perm,2050,26.63739143567698
R32EEU-FSU,urb,mfh,perm,2055,27.75407751311626
R32EEU-FSU,urb,mfh,perm,2060,28.77910385914345
R32EEU-FSU,urb,mfh,perm,2065,29.713207628654178
R32EEU-FSU,urb,mfh,perm,2070,30.5583937248128
R32EEU-FSU,urb,mfh,perm,2075,31.31840163939926
R32EEU-FSU,urb,mfh,perm,2080,31.998179475642374
R32EEU-FSU,urb,mfh,perm,2085,32.60346218700218
R32EEU-FSU,urb,mfh,perm,2090,33.1404712783479
R32EEU-FSU,urb,mfh,perm,2095,33.6154999244772
R32EEU-FSU,urb,mfh,perm,2100,34.034701313376736
R32EEU-FSU,urb,sfh,perm,2020,26.082627637320144
R32EEU-FSU,urb,sfh,perm,2025,28.219055813660287
R32EEU-FSU,urb,sfh,perm,2030,29.70596759913448
R32EEU-FSU,urb,sfh,perm,2035,31.044071605355967
R32EEU-FSU,urb,sfh,perm,2040,32.21750351101916
R32EEU-FSU,urb,sfh,perm,2045,33.216040526516444
R32EEU-FSU,urb,sfh,perm,2050,34.034654465384776
R32EEU-FSU,urb,sfh,perm,2055,35.461446757855576
R32EEU-FSU,urb,sfh,perm,2060,36.77112520700829
R32EEU-FSU,urb,sfh,perm,2065,37.96463167729767
R32EEU-FSU,urb,sfh,perm,2070,39.04452783796972
R32EEU-FSU,urb,sfh,perm,2075,40.0155916460145
R32EEU-FSU,urb,sfh,perm,2080,40.884145303966676
R32EEU-FSU,urb,sfh,perm,2085,41.65751637465683
R32EEU-FSU,urb,sfh,perm,2090,42.34365408873653
R32EEU-FSU,urb,sfh,perm,2095,42.950599249684835
R32EEU-FSU,urb,sfh,perm,2100,43.48621379952008
R32IDN,rur,mfh,perm,2020,19.488620088179054
R32IDN,rur,mfh,perm,2025,20.870772751961475
R32IDN,rur,mfh,perm,2030,22.134328649556245
R32IDN,rur,mfh,perm,2035,23.333489068445996
R32IDN,rur,mfh,perm,2040,24.455549929162455
R32IDN,rur,mfh,perm,2045,25.491288842778975
R32IDN,rur,mfh,perm,2050,26.434563882365023
R32IDN,rur,mfh,perm,2055,27.28290336479287
R32IDN,rur,mfh,perm,2060,28.03599787154391
R32IDN,rur,mfh,perm,2065,28.442026932324456
R32IDN,rur,mfh,perm,2070,28.7475945494764
R32IDN,rur,mfh,perm,2075,28.960473719175106
R32IDN,rur,mfh,perm,2080,29.088908290783582
R32IDN,rur,mfh,perm,2085,29.141667479224775
R32IDN,rur,mfh,perm,2090,29.1266198877314
R32IDN,rur,mfh,perm,2095,29.052224498703787
R32IDN,rur,mfh,perm,2100,28.925845163765946
R32IDN,rur,sfh,perm,2020,22.049394501938785
R32IDN,rur,sfh,perm,2025,23.61315987925913
R32IDN,rur,sfh,perm,2030,25.042745059495545
R32IDN,rur,sfh,perm,2035,26.39947329513127
R32IDN,rur,sfh,perm,2040,27.668971210385365
R32IDN,rur,sfh,perm,2045,28.840804608748556
R32IDN,rur,sfh,perm,2050,29.908024523630075
R32IDN,rur,sfh,perm,2055,30.86783449657773
R32IDN,rur,sfh,perm,2060,31.71988445196009
R32IDN,rur,sfh,perm,2065,32.17926510076406
R32IDN,rur,sfh,perm,2070,32.52498382826327
R32IDN,rur,sfh,perm,2075,32.76583499025903
R32IDN,rur,sfh,perm,2080,32.911145665117964
R32IDN,rur,sfh,perm,2085,32.97083732898532
R32IDN,rur,sfh,perm,2090,32.95381250733862
R32IDN,rur,sfh,perm,2095,32.86964167972882
R32IDN,rur,sfh,perm,2100,32.72665629644725
R32IDN,urb,inf,sub,2020,13.892817331324713
R32IDN,urb,inf,sub,2025,15.088107800304384
R32IDN,urb,inf,sub,2030,16.10155958609533
R32IDN,urb,inf,sub,2035,16.957880691395932
R32IDN,urb,inf,sub,2040,17.645439656142273
R32IDN,urb,inf,sub,2045,18.163423861147336
R32IDN,urb,inf,sub,2050,18.530607813584865
R32IDN,urb,inf,sub,2055,18.77203884642453
R32IDN,urb,inf,sub,2060,16.998506978680133
R32IDN,urb,inf,sub,2065,17.2541955310754
R32IDN,urb,inf,sub,2070,17.448406103935028
R32IDN,urb,inf,sub,2075,17.58576434802735
R32IDN,urb,inf,sub,2080,17.671301922465304
R32IDN,urb,inf,sub,2085,17.710190235544644
R32IDN,urb,inf,sub,2090,17.70753357989183
R32IDN,urb,inf,sub,2095,17.668218831127433
R32IDN,urb,inf,sub,2100,17.59681487262618
R32IDN,urb,mfh,perm,2020,19.69620880356756
R32IDN,urb,mfh,perm,2025,21.11449154330319
R32IDN,urb,mfh,perm,2030,22.31260188702188
R32IDN,urb,mfh,perm,2035,23.359266023859917
R32IDN,urb,mfh,perm,2040,24.25847532078427
R32IDN,urb,mfh,perm,2045,25.01679093011131
R32IDN,urb,mfh,perm,2050,25.64936472708146
R32IDN,urb,mfh,perm,2055,26.172436253402264
R32IDN,urb,mfh,perm,2060,26.793406096010152
R32IDN,urb,mfh,perm,2065,26.84295293845049
R32IDN,urb,mfh,perm,2070,26.828653843049587
R32IDN,urb,mfh,perm,2075,26.751019752675237
R32IDN,urb,mfh,perm,2080,26.6142194193463
R32IDN,urb,mfh,perm,2085,26.42791922351242
R32IDN,urb,mfh,perm,2090,26.3135332628305
R32IDN,urb,mfh,perm,2095,26.24632307670782
R32IDN,urb,mfh,perm,2100,26.132149621413674
R32IDN,urb,sfh,perm,2020,26.806664740479924
R32IDN,urb,sfh,perm,2025,28.73695651848016
R32IDN,urb,sfh,perm,2030,30.367592273131116
R32IDN,urb,sfh,perm,2035,31.792108782471683
R32IDN,urb,sfh,perm,2040,33.01593832218533
R32IDN,urb,sfh,perm,2045,34.04801066206735
R32IDN,urb,sfh,perm,2050,34.9089476001404
R32IDN,urb,sfh,perm,2055,35.62085125536735
R32IDN,urb,sfh,perm,2060,36.46599513816997
R32IDN,urb,sfh,perm,2065,36.5334287040655
R32IDN,urb,sfh,perm,2070,36.513967544797396
R32IDN,urb,sfh,perm,2075,36.408307056839924
R32IDN,urb,sfh,perm,2080,36.222120938053926
R32IDN,urb,sfh,perm,2085,35.96856519336157
R32IDN,urb,sfh,perm,2090,35.81288517749667
R32IDN,urb,sfh,perm,2095,35.721411689146485
R32IDN,urb,sfh,perm,2100,35.56602089445822
R32IND,rur,mfh,perm,2020,10.729562246349166
R32IND,rur,mfh,perm,2025,12.27406197678154
R32IND,rur,mfh,perm,2030,12.576943979361369
R32IND,rur,mfh,perm,2035,12.879825981941199
R32IND,rur,mfh,perm,2040,13.182707984521027
R32IND,rur,mfh,perm,2045,13.485589987100855
R32IND,rur,mfh,perm,2050,13.788471989680685
R32IND,rur,mfh,perm,2055,14.091353992260514
R32IND,rur,mfh,perm,2060,14.394235994840342
R32IND,rur,mfh,perm,2065,14.697117997420172
R32IND,rur,mfh,perm,2070,15
R32IND,rur,mfh,perm,2075,15
R32IND,rur,mfh,perm,2080,15
R32IND,rur,mfh,perm,2085,15
R32IND,rur,mfh,perm,2090,15
R32IND,rur,mfh,perm,2095,15
R32IND,rur,mfh,perm,2100,15
R32IND,rur,sfh,perm,2020,15.22441678220595
R32IND,rur,sfh,perm,2025,17.41594212836889
R32IND,rur,sfh,perm,2030,19.488355601738373
R32IND,rur,sfh,perm,2035,21.4592977770813
R32IND,rur,sfh,perm,2040,23.308481795566465
R32IND,rur,sfh,perm,2045,25.021459789912406
R32IND,rur,sfh,perm,2050,26.58825422015166
R32IND,rur,sfh,perm,2055,28.004960439709382
R32IND,rur,sfh,perm,2060,29.271724589711354
R32IND,rur,sfh,perm,2065,30.01208702546436
R32IND,rur,sfh,perm,2070,30.588929108168283
R32IND,rur,sfh,perm,2075,31.10429510511909
R32IND,rur,sfh,perm,2080,31.48621160114832
R32IND,rur,sfh,perm,2085,31.74878183165769
R32IND,rur,sfh,perm,2090,31.905323808689374
R32IND,rur,sfh,perm,2095,31.96824742000946
R32IND,rur,sfh,perm,2100,31.950054364945547
R32IND,urb,inf,sub,2020,9.275939435365128
R32IND,urb,inf,sub,2025,10.819018287867678
R32IND,urb,inf,sub,2030,12.270918133252481
R32IND,urb,inf,sub,2035,13.61322825812543
R32IND,urb,inf,sub,2040,14.813517134516381
R32IND,urb,inf,sub,2045,15.849389376288885
R32IND,urb,inf,sub,2050,16.713826641842545
R32IND,urb,inf,sub,2055,17.418669619931386
R32IND,urb,inf,sub,2060,17.987699685333325
R32IND,urb,inf,sub,2065,18.19850540346788
R32IND,urb,inf,sub,2070,16.403007546141417
R32IND,urb,inf,sub,2075,16.693313235092525
R32IND,urb,inf,sub,2080,16.91177001786172
R32IND,urb,inf,sub,2085,17.06554800691464
R32IND,urb,inf,sub,2090,17.161724259427444
R32IND,urb,inf,sub,2095,17.20707438579487
R32IND,urb,inf,sub,2100,17.20793310293875
R32IND,urb,mfh,perm,2020,15.74084611915085
R32IND,urb,mfh,perm,2025,18.120436382520825
R32IND,urb,mfh,perm,2030,20.255089677165742
R32IND,urb,mfh,perm,2035,22.155536438555156
R32IND,urb,mfh,perm,2040,23.817516938030344
R32IND,urb,mfh,perm,2045,25.250537276668272
R32IND,urb,mfh,perm,2050,26.473860805989002
R32IND,urb,mfh,perm,2055,27.517513633678163
R32IND,urb,mfh,perm,2060,28.41147624805791
R32IND,urb,mfh,perm,2065,28.799619095347897
R32IND,urb,mfh,perm,2070,29.26810090037575
R32IND,urb,mfh,perm,2075,29.39881986989491
R32IND,urb,mfh,perm,2080,29.428195774962553
R32IND,urb,mfh,perm,2085,29.366353398137978
R32IND,urb,mfh,perm,2090,29.22867700320559
R32IND,urb,mfh,perm,2095,29.0246548388516
R32IND,urb,mfh,perm,2100,28.769985640213292
R32IND,urb,sfh,perm,2020,18.907358686152435
R32IND,urb,sfh,perm,2025,21.76564001963638
R32IND,urb,sfh,perm,2030,24.329711557272745
R32IND,urb,sfh,perm,2035,26.61246232616627
R32IND,urb,sfh,perm,2040,28.608775687919877
R32IND,urb,sfh,perm,2045,30.330070041608693
R32IND,urb,sfh,perm,2050,31.799483857295286
R32IND,urb,sfh,perm,2055,33.05308345464658
R32IND,urb,sfh,perm,2060,34.126880356931544
R32IND,urb,sfh,perm,2065,34.593104089736336
R32IND,urb,sfh,perm,2070,35.15582819354554
R32IND,urb,sfh,perm,2075,35.31284328822816
R32IND,urb,sfh,perm,2080,35.34812860705027
R32IND,urb,sfh,perm,2085,35.27384568783644
R32IND,urb,sfh,perm,2090,35.108473574933555
R32IND,urb,sfh,perm,2095,34.86340922374389
R32IND,urb,sfh,perm,2100,34.557509410702004
R32JPN,rur,mfh,perm,2020,17.90704903347888
R32JPN,rur,mfh,perm,2025,18.527471286311137
R32JPN,rur,mfh,perm,2030,18.75082017112283
R32JPN,rur,mfh,perm,2035,18.929375298742585
R32JPN,rur,mfh,perm,2040,19.058831732130706
R32JPN,rur,mfh,perm,2045,19.136522712526485
R32JPN,rur,mfh,perm,2050,19.161371591345713
R32JPN,rur,mfh,perm,2055,19.568595723871702
R32JPN,rur,mfh,perm,2060,19.941479810645674
R32JPN,rur,mfh,perm,2065,20.280267083247512
R32JPN,rur,mfh,perm,2070,20.585967742020802
R32JPN,rur,mfh,perm,2075,20.860172023353627
R32JPN,rur,mfh,perm,2080,21.104873181245143
R32JPN,rur,mfh,perm,2085,21.322311197552132
R32JPN,rur,mfh,perm,2090,21.514842758511296
R32JPN,rur,mfh,perm,2095,21.684838891862945
R32JPN,rur,mfh,perm,2100,21.83460880589395
R32JPN,rur,sfh,perm,2020,47.18425828643469
R32JPN,rur,sfh,perm,2025,48.81904265372816
R32JPN,rur,sfh,perm,2030,49.40755678853838
R32JPN,rur,sfh,perm,2035,49.87804141413061
R32JPN,rur,sfh,perm,2040,50.219153217555366
R32JPN,rur,sfh,perm,2045,50.423865410986416
R32JPN,rur,sfh,perm,2050,50.489341074460754
R32JPN,rur,sfh,perm,2055,51.56235810890638
R32JPN,rur,sfh,perm,2060,52.54489068746527
R32JPN,rur,sfh,perm,2065,53.43757971426782
R32JPN,rur,sfh,perm,2070,54.243087021190625
R32JPN,rur,sfh,perm,2075,54.96560280865873
R32JPN,rur,sfh,perm,2080,55.61037921013932
R32JPN,rur,sfh,perm,2085,56.18331847576247
R32JPN,rur,sfh,perm,2090,56.69063036638182
R32JPN,rur,sfh,perm,2095,57.1385624320596
R32JPN,rur,sfh,perm,2100,57.53319933141493
R32JPN,urb,mfh,perm,2020,20.95187259217744
R32JPN,urb,mfh,perm,2025,21.677788289978363
R32JPN,urb,mfh,perm,2030,21.939114283414273
R32JPN,urb,mfh,perm,2035,22.148030016965627
R32JPN,urb,mfh,perm,2040,22.29949856398945
R32JPN,urb,mfh,perm,2045,22.39039972362611
R32JPN,urb,mfh,perm,2050,22.419473779440974
R32JPN,urb,mfh,perm,2055,22.895940232690364
R32JPN,urb,mfh,perm,2060,23.332227633430282
R32JPN,urb,mfh,perm,2065,23.728620571101597
R32JPN,urb,mfh,perm,2070,24.08630101537736
R32JPN,urb,mfh,perm,2075,24.407129598354594
R32JPN,urb,mfh,perm,2080,24.6934384968066
R32JPN,urb,mfh,perm,2085,24.947848567714573
R32JPN,urb,mfh,perm,2090,25.173117216258934
R32JPN,urb,mfh,perm,2095,25.372018627680077
R32JPN,urb,mfh,perm,2100,25.54725465629944
R32JPN,urb,sfh,perm,2020,53.671625653698825
R32JPN,urb,sfh,perm,2025,55.531176651687474
R32JPN,urb,sfh,perm,2030,56.200605640985074
R32JPN,urb,sfh,perm,2035,56.735777234598245
R32JPN,urb,sfh,perm,2040,57.123788526591674
R32JPN,urb,sfh,perm,2045,57.35664661553059
R32JPN,urb,sfh,perm,2050,57.431124533104054
R32JPN,urb,sfh,perm,2055,58.6516707636541
R32JPN,urb,sfh,perm,2060,59.76929182339082
R32JPN,urb,sfh,perm,2065,60.784716734403695
R32JPN,urb,sfh,perm,2070,61.700973304042485
R32JPN,urb,sfh,perm,2075,62.522827843716875
R32JPN,urb,sfh,perm,2080,63.256254603135815
R32JPN,urb,sfh,perm,2085,63.90796733326198
R32JPN,urb,sfh,perm,2090,64.48502957545516
R32JPN,urb,sfh,perm,2095,64.99454785592492
R32JPN,urb,sfh,perm,2100,65.44344341348051
R32KOR,rur,mfh,perm,2020,25.05413271397573
R32KOR,rur,mfh,perm,2025,25.90807030123439
R32KOR,rur,mfh,perm,2030,26.203938586834916
R32KOR,rur,mfh,perm,2035,26.434162663677846
R32KOR,rur,mfh,perm,2040,26.59336228443729
R32KOR,rur,mfh,perm,2045,26.677593194817607
R32KOR,rur,mfh,perm,2050,26.686191807259437
R32KOR,rur,mfh,perm,2055,27.225136112415353
R32KOR,rur,mfh,perm,2060,27.713905178026316
R32KOR,rur,mfh,perm,2065,27.801386393298028
R32KOR,rur,mfh,perm,2070,27.83158114139605
R32KOR,rur,mfh,perm,2075,27.808847246429355
R32KOR,rur,mfh,perm,2080,27.73791233455048
R32KOR,rur,mfh,perm,2085,27.62362558647624
R32KOR,rur,mfh,perm,2090,27.47076541983287
R32KOR,rur,mfh,perm,2095,27.283900257620033
R32KOR,rur,mfh,perm,2100,27.067295836989675
R32KOR,rur,sfh,perm,2020,28.346206843524033
R32KOR,rur,sfh,perm,2025,29.312350503583406
R32KOR,rur,sfh,perm,2030,29.647095422428396
R32KOR,rur,sfh,perm,2035,29.907570585430506
R32KOR,rur,sfh,perm,2040,30.087688789120726
R32KOR,rur,sfh,perm,2045,30.182987510314412
R32KOR,rur,sfh,perm,2050,30.192715967077454
R32KOR,rur,sfh,perm,2055,30.802476716950345
R32KOR,rur,sfh,perm,2060,31.355469278724232
R32KOR,rur,sfh,perm,2065,31.45444538982432
R32KOR,rur,sfh,perm,2070,31.488607680929977
R32KOR,rur,sfh,perm,2075,31.462886587470397
R32KOR,rur,sfh,perm,2080,31.382630938332557
R32KOR,rur,sfh,perm,2085,31.253327089048682
R32KOR,rur,sfh,perm,2090,31.080381333900213
R32KOR,rur,sfh,perm,2095,30.868962379574207
R32KOR,rur,sfh,perm,2100,30.623896474459684
R32KOR,urb,inf,sub,2020,15.289898989511167
R32KOR,urb,inf,sub,2025,15.81846989716863
R32KOR,urb,inf,sub,2030,16.00606844379225
R32KOR,urb,inf,sub,2035,16.153392597591083
R32KOR,urb,inf,sub,2040,16.256801797391866
R32KOR,urb,inf,sub,2045,16.31416768037519
R32KOR,urb,inf,sub,2050,16.3248090847193
R32KOR,urb,inf,sub,2055,16.65954564287714
R32KOR,urb,inf,sub,2060,16.963343218959654
R32KOR,urb,inf,sub,2065,17.021206605120184
R32KOR,urb,inf,sub,2070,17.04362724863811
R32KOR,urb,inf,sub,2075,17.03327188890492
R32KOR,urb,inf,sub,2080,16.993041333662678
R32KOR,urb,inf,sub,2085,16.925916957620103
R32KOR,urb,inf,sub,2090,16.834841442551916
R32KOR,urb,inf,sub,2095,16.72263212689798
R32KOR,urb,inf,sub,2100,16.59192302301252
R32KOR,urb,mfh,perm,2020,23.286074057971245
R32KOR,urb,mfh,perm,2025,23.8177633524186
R32KOR,urb,mfh,perm,2030,23.907146448046
R32KOR,urb,mfh,perm,2035,23.997338218018395
R32KOR,urb,mfh,perm,2040,24.07041921672211
R32KOR,urb,mfh,perm,2045,24.112410430333746
R32KOR,urb,mfh,perm,2050,24.10880488313639
R32KOR,urb,mfh,perm,2055,24.59569725015995
R32KOR,urb,mfh,perm,2060,25.037260367176973
R32KOR,urb,mfh,perm,2065,25.116292533518205
R32KOR,urb,mfh,perm,2070,25.143571033787122
R32KOR,urb,mfh,perm,2075,25.12303280780328
R32KOR,urb,mfh,perm,2080,25.058948881470066
R32KOR,urb,mfh,perm,2085,24.955700095358125
R32KOR,urb,mfh,perm,2090,24.817603361338307
R32KOR,urb,mfh,perm,2095,24.6487858782076
R32KOR,urb,mfh,perm,2100,24.45310139270595
R32KOR,urb,sfh,perm,2020,31.692494054031208
R32KOR,urb,sfh,perm,2025,32.41612654617716
R32KOR,urb,sfh,perm,2030,32.537777504584746
R32KOR,urb,sfh,perm,2035,32.66052907388993
R32KOR,urb,sfh,perm,2040,32.759992775289916
R32KOR,urb,sfh,perm,2045,32.81714308256779
R32KOR,urb,sfh,perm,2050,32.812235910030715
R32KOR,urb,sfh,perm,2055,33.47489950065711
R32KOR,urb,sfh,perm,2060,34.07586969536243
R32KOR,urb,sfh,perm,2065,34.183432973552264
R32KOR,urb,sfh,perm,2070,34.22055918492749
R32KOR,urb,sfh,perm,2075,34.19260652947973
R32KOR,urb,sfh,perm,2080,34.10538790047349
R32KOR,urb,sfh,perm,2085,33.964865649629814
R32KOR,urb,sfh,perm,2090,33.776915121305095
R32KOR,urb,sfh,perm,2095,33.54715345916244
R32KOR,urb,sfh,perm,2100,33.28082563688601
R32LAM-L,rur,mfh,perm,2020,13.947818177315751
R32LAM-L,rur,mfh,perm,2025,15.56159071619983
R32LAM-L,rur,mfh,perm,2030,17.079701992744482
R32LAM-L,rur,mfh,perm,2035,18.532339285267657
R32LAM-L,rur,mfh,perm,2040,19.903349425904523
R32LAM-L,rur,mfh,perm,2045,21.180143178334106
R32LAM-L,rur,mfh,perm,2050,22.35420537426765
R32LAM-L,rur,mfh,perm,2055,23.420971404674635
R32LAM-L,rur,mfh,perm,2060,24.37939295276212
R32LAM-L,rur,mfh,perm,2065,25.007238864534983
R32LAM-L,rur,mfh,perm,2070,25.517553495866768
R32LAM-L,rur,mfh,perm,2075,25.918508921946163
R32LAM-L,rur,mfh,perm,2080,26.219197012184942
R32LAM-L,rur,mfh,perm,2085,26.429234328480476
R32LAM-L,rur,mfh,perm,2090,26.558022581873747
R32LAM-L,rur,mfh,perm,2095,26.614827278712085
R32LAM-L,rur,mfh,perm,2100,26.608103380410068
R32LAM-L,rur,sfh,perm,2020,20.22575623105047
R32LAM-L,rur,sfh,perm,2025,22.565890692863075
R32LAM-L,rur,sfh,perm,2030,24.76730658606266
R32LAM-L,rur,sfh,perm,2035,26.87377853724501
R32LAM-L,rur,sfh,perm,2040,28.861882808629765
R32LAM-L,rur,sfh,perm,2045,30.713363725979868
R32LAM-L,rur,sfh,perm,2050,32.41587342844099
R32LAM-L,rur,sfh,perm,2055,33.962792768246246
R32LAM-L,rur,sfh,perm,2060,35.35260157932827
R32LAM-L,rur,sfh,perm,2065,36.26304206548491
R32LAM-L,rur,sfh,perm,2070,37.003050230435136
R32LAM-L,rur,sfh,perm,2075,37.58447641511169
R32LAM-L,rur,sfh,perm,2080,38.020504755704806
R32LAM-L,rur,sfh,perm,2085,38.32508024592211
R32LAM-L,rur,sfh,perm,2090,38.511836323857736
R32LAM-L,rur,sfh,perm,2095,38.594208916934676
R32LAM-L,rur,sfh,perm,2100,38.584458579910624
R32LAM-L,urb,inf,sub,2020,13.457006196378098
R32LAM-L,urb,inf,sub,2025,14.948499391817323
R32LAM-L,urb,inf,sub,2030,16.239632453214387
R32LAM-L,urb,inf,sub,2035,17.35116310768029
R32LAM-L,urb,inf,sub,2040,18.268145609759717
R32LAM-L,urb,inf,sub,2045,18.98402512720438
R32LAM-L,urb,inf,sub,2050,19.50945487516406
R32LAM-L,urb,inf,sub,2055,19.862840689637796
R32LAM-L,urb,inf,sub,2060,20.076525817886385
R32LAM-L,urb,inf,sub,2065,19.986717076764073
R32LAM-L,urb,inf,sub,2070,19.78550392221138
R32LAM-L,urb,inf,sub,2075,18.255947086758884
R32LAM-L,urb,inf,sub,2080,17.791041362783393
R32LAM-L,urb,inf,sub,2085,17.322501006146368
R32LAM-L,urb,inf,sub,2090,17.37928267504659
R32LAM-L,urb,inf,sub,2095,17.390885565151
R32LAM-L,urb,inf,sub,2100,17.362940535945523
R32LAM-L,urb,mfh,perm,2020,11.066553722646471
R32LAM-L,urb,mfh,perm,2025,12.352261148871026
R32LAM-L,urb,mfh,perm,2030,12.730509556175166
R32LAM-L,urb,mfh,perm,2035,13.108757963479304
R32LAM-L,urb,mfh,perm,2040,13.487006370783444
R32LAM-L,urb,mfh,perm,2045,13.865254778087582
R32LAM-L,urb,mfh,perm,2050,14.243503185391722
R32LAM-L,urb,mfh,perm,2055,14.62175159269586
R32LAM-L,urb,mfh,perm,2060,15
R32LAM-L,urb,mfh,perm,2065,15
R32LAM-L,urb,mfh,perm,2070,15
R32LAM-L,urb,mfh,perm,2075,15
R32LAM-L,urb,mfh,perm,2080,15
R32LAM-L,urb,mfh,perm,2085,15
R32LAM-L,urb,mfh,perm,2090,15
R32LAM-L,urb,mfh,perm,2095,15
R32LAM-L,urb,mfh,perm,2100,15
R32LAM-L,urb,sfh,perm,2020,19.598256709698475
R32LAM-L,urb,sfh,perm,2025,21.875173699777367
R32LAM-L,urb,sfh,perm,2030,23.96841558779058
R32LAM-L,urb,sfh,perm,2035,25.913715781834778
R32LAM-L,urb,sfh,perm,2040,27.685839371449184
R32LAM-L,urb,sfh,perm,2045,29.266314262894696
R32LAM-L,urb,sfh,perm,2050,30.646367974032195
R32LAM-L,urb,sfh,perm,2055,31.826957328700654
R32LAM-L,urb,sfh,perm,2060,32.821259109166526
R32LAM-L,urb,sfh,perm,2065,33.33951115182058
R32LAM-L,urb,sfh,perm,2070,33.67802704927898
R32LAM-L,urb,sfh,perm,2075,34.014745446820555
R32LAM-L,urb,sfh,perm,2080,34.01840995775633
R32LAM-L,urb,sfh,perm,2085,33.90866780639939
R32LAM-L,urb,sfh,perm,2090,33.64486495947696
R32LAM-L,urb,sfh,perm,2095,33.331173468113484
R32LAM-L,urb,sfh,perm,2100,33.13910473516775
R32LAM-M,rur,mfh,perm,2020,14.714545602863616
R32LAM-M,rur,mfh,perm,2025,16.316053427784947
R32LAM-M,rur,mfh,perm,2030,17.81882552489998
R32LAM-M,rur,mfh,perm,2035,19.256357411080984
R32LAM-M,rur,mfh,perm,2040,20.612886930533627
R32LAM-M,rur,mfh,perm,2045,21.87658592962982
R32LAM-M,rur,mfh,perm,2050,23.039039979377282
R32LAM-M,rur,mfh,perm,2055,24.095849888260577
R32LAM-M,rur,mfh,perm,2060,25.045668143378276
R32LAM-M,rur,mfh,perm,2065,25.66023402049593
R32LAM-M,rur,mfh,perm,2070,26.15828193918155
R32LAM-M,rur,mfh,perm,2075,26.547766524251987
R32LAM-M,rur,mfh,perm,2080,26.837564542573336
R32LAM-M,rur,mfh,perm,2085,27.037039582397266
R32LAM-M,rur,mfh,perm,2090,27.155436360984897
R32LAM-M,rur,mfh,perm,2095,27.20180101296597
R32LAM-M,rur,mfh,perm,2100,27.18469742644206
R32LAM-M,rur,sfh,perm,2020,21.337589050180068
R32LAM-M,rur,sfh,perm,2025,23.659938428211067
R32LAM-M,rur,sfh,perm,2030,25.83911094972459
R32LAM-M,rur,sfh,perm,2035,27.923678523995523
R32LAM-M,rur,sfh,perm,2040,29.890784420550403
R32LAM-M,rur,sfh,perm,2045,31.72327661253428
R32LAM-M,rur,sfh,perm,2050,33.40895332132792
R32LAM-M,rur,sfh,perm,2055,34.94143527140061
R32LAM-M,rur,sfh,perm,2060,36.31876843186983
R32LAM-M,rur,sfh,perm,2065,37.20995151588215
R32LAM-M,rur,sfh,perm,2070,37.93217169875637
R32LAM-M,rur,sfh,perm,2075,38.49696399624978
R32LAM-M,rur,sfh,perm,2080,38.917200623964206
R32LAM-M,rur,sfh,perm,2085,39.20645973806849
R32LAM-M,rur,sfh,perm,2090,39.378147119694205
R32LAM-M,rur,sfh,perm,2095,39.44538058494197
R32LAM-M,rur,sfh,perm,2100,39.4205786433543
R32LAM-M,urb,inf,sub,2020,12.69372232254165
R32LAM-M,urb,inf,sub,2025,13.84814972838208
R32LAM-M,urb,inf,sub,2030,14.834095579756136
R32LAM-M,urb,inf,sub,2035,15.695156510196268
R32LAM-M,urb,inf,sub,2040,16.399138729452332
R32LAM-M,urb,inf,sub,2045,16.58272727742419
R32LAM-M,urb,inf,sub,2050,16.95252438853475
R32LAM-M,urb,inf,sub,2055,17.426263421545155
R32LAM-M,urb,inf,sub,2060,17.756698286776576
R32LAM-M,urb,inf,sub,2065,17.07832837225564
R32LAM-M,urb,inf,sub,2070,17.04421196058532
R32LAM-M,urb,inf,sub,2075,17.23166897562011
R32LAM-M,urb,inf,sub,2080,17.27969840998812
R32LAM-M,urb,inf,sub,2085,17.377212814982453
R32LAM-M,urb,inf,sub,2090,17.425070724260568
R32LAM-M,urb,inf,sub,2095,17.429116472522725
R32LAM-M,urb,inf,sub,2100,17.394768992929468
R32LAM-M,urb,mfh,perm,2020,11.632269166100173
R32LAM-M,urb,mfh,perm,2025,12.806756100021929
R32LAM-M,urb,mfh,perm,2030,13.120076657161652
R32LAM-M,urb,mfh,perm,2035,13.433397214301378
R32LAM-M,urb,mfh,perm,2040,13.746717771441102
R32LAM-M,urb,mfh,perm,2045,14.060038328580827
R32LAM-M,urb,mfh,perm,2050,14.37335888572055
R32LAM-M,urb,mfh,perm,2055,14.686679442860274
R32LAM-M,urb,mfh,perm,2060,15
R32LAM-M,urb,mfh,perm,2065,15
R32LAM-M,urb,mfh,perm,2070,15
R32LAM-M,urb,mfh,perm,2075,15
R32LAM-M,urb,mfh,perm,2080,15
R32LAM-M,urb,mfh,perm,2085,15
R32LAM-M,urb,mfh,perm,2090,15
R32LAM-M,urb,mfh,perm,2095,15
R32LAM-M,urb,mfh,perm,2100,15
R32LAM-M,urb,sfh,perm,2020,20.600107580648316
R32LAM-M,urb,sfh,perm,2025,22.68005920877638
R32LAM-M,urb,sfh,perm,2030,24.583335092051843
R32LAM-M,urb,sfh,perm,2035,26.35766276233374
R32LAM-M,urb,sfh,perm,2040,27.985099970115385
R32LAM-M,urb,sfh,perm,2045,29.480917543620397
R32LAM-M,urb,sfh,perm,2050,30.77863212082828
R32LAM-M,urb,sfh,perm,2055,31.889528256851094
R32LAM-M,urb,sfh,perm,2060,32.850948522610445
R32LAM-M,urb,sfh,perm,2065,33.43719149676968
R32LAM-M,urb,sfh,perm,2070,33.811429956010315
R32LAM-M,urb,sfh,perm,2075,34.069307328228405
R32LAM-M,urb,sfh,perm,2080,34.22092512610651
R32LAM-M,urb,sfh,perm,2085,34.25690612890042
R32LAM-M,urb,sfh,perm,2090,34.267571485272406
R32LAM-M,urb,sfh,perm,2095,34.28169576046573
R32LAM-M,urb,sfh,perm,2100,34.226500172292056
R32MEA-H,rur,mfh,perm,2020,15.967287793626156
R32MEA-H,rur,mfh,perm,2025,17.734659393282822
R32MEA-H,rur,mfh,perm,2030,19.38765324516664
R32MEA-H,rur,mfh,perm,2035,20.962811870938314
R32MEA-H,rur,mfh,perm,2040,22.443216492871137
R32MEA-H,rur,mfh,perm,2045,23.816462618361264
R32MEA-H,rur,mfh,perm,2050,25.07384798375098
R32MEA-H,rur,mfh,perm,2055,26.21132663573634
R32MEA-H,rur,mfh,perm,2060,27.228110623307792
R32MEA-H,rur,mfh,perm,2065,27.87757842252248
R32MEA-H,rur,mfh,perm,2070,28.398266591206205
R32MEA-H,rur,mfh,perm,2075,28.79939853189811
R32MEA-H,rur,mfh,perm,2080,29.09149330520243
R32MEA-H,rur,mfh,perm,2085,29.285158282660646
R32MEA-H,rur,mfh,perm,2090,29.390978168298314
R32MEA-H,rur,mfh,perm,2095,29.419128642273673
R32MEA-H,rur,mfh,perm,2100,29.37914895808008
R32MEA-H,rur,sfh,perm,2020,19.82812276724377
R32MEA-H,rur,sfh,perm,2025,22.022838708126425
R32MEA-H,rur,sfh,perm,2030,24.075520757343007
R32MEA-H,rur,sfh,perm,2035,26.031547291927744
R32MEA-H,rur,sfh,perm,2040,27.869908632204748
R32MEA-H,rur,sfh,perm,2045,29.57520092215328
R32MEA-H,rur,sfh,perm,2050,31.13661772085564
R32MEA-H,rur,sfh,perm,2055,32.549134777489876
R32MEA-H,rur,sfh,perm,2060,33.811773617217085
R32MEA-H,rur,sfh,perm,2065,34.61828048442223
R32MEA-H,rur,sfh,perm,2070,35.26486925175399
R32MEA-H,rur,sfh,perm,2075,35.762993508590945
R32MEA-H,rur,sfh,perm,2080,36.12571578801652
R32MEA-H,rur,sfh,perm,2085,36.36620828733064
R32MEA-H,rur,sfh,perm,2090,36.49761505539034
R32MEA-H,rur,sfh,perm,2095,36.5325722166286
R32MEA-H,rur,sfh,perm,2100,36.482925583046736
R32MEA-H,urb,inf,sub,2020,10.43186606479926
R32MEA-H,urb,inf,sub,2025,11.446242965915436
R32MEA-H,urb,inf,sub,2030,11.671818250645808
R32MEA-H,urb,inf,sub,2035,12.479858864106646
R32MEA-H,urb,inf,sub,2040,13.348618310679132
R32MEA-H,urb,inf,sub,2045,14.153014094056633
R32MEA-H,urb,inf,sub,2050,14.88837012037879
R32MEA-H,urb,inf,sub,2055,15.552434799150564
R32MEA-H,urb,inf,sub,2060,16.14511730750714
R32MEA-H,urb,inf,sub,2065,16.52029308850212
R32MEA-H,urb,inf,sub,2070,16.819701152125695
R32MEA-H,urb,inf,sub,2075,17.04904232008229
R32MEA-H,urb,inf,sub,2080,17.214517793654856
R32MEA-H,urb,inf,sub,2085,17.322501006146368
R32MEA-H,urb,inf,sub,2090,17.37928267504659
R32MEA-H,urb,inf,sub,2095,17.390885565151
R32MEA-H,urb,inf,sub,2100,17.36294053594553
R32MEA-H,urb,mfh,perm,2020,14.62511619861882
R32MEA-H,urb,mfh,perm,2025,16.136730016733733
R32MEA-H,urb,mfh,perm,2030,17.60154647486049
R32MEA-H,urb,mfh,perm,2035,18.94249329601925
R32MEA-H,urb,mfh,perm,2040,20.19388625104622
R32MEA-H,urb,mfh,perm,2045,21.3549918136282
R32MEA-H,urb,mfh,perm,2050,22.416408420054342
R32MEA-H,urb,mfh,perm,2055,23.37060700533302
R32MEA-H,urb,mfh,perm,2060,24.213281108345686
R32MEA-H,urb,mfh,perm,2065,24.723380398802895
R32MEA-H,urb,mfh,perm,2070,25.11845311577546
R32MEA-H,urb,mfh,perm,2075,25.40405017757911
R32MEA-H,urb,mfh,perm,2080,25.643706902714968
R32MEA-H,urb,mfh,perm,2085,25.8137067019698
R32MEA-H,urb,mfh,perm,2090,25.906630205764657
R32MEA-H,urb,mfh,perm,2095,25.93143034491257
R32MEA-H,urb,mfh,perm,2100,25.89649352247327
R32MEA-H,urb,sfh,perm,2020,19.09828984474175
R32MEA-H,urb,sfh,perm,2025,21.07223920962965
R32MEA-H,urb,sfh,perm,2030,22.985077980052193
R32MEA-H,urb,sfh,perm,2035,24.73616089174172
R32MEA-H,urb,sfh,perm,2040,26.37029938611005
R32MEA-H,urb,sfh,perm,2045,27.886535583715567
R32MEA-H,urb,sfh,perm,2050,29.272592399965887
R32MEA-H,urb,sfh,perm,2055,30.518637963201535
R32MEA-H,urb,sfh,perm,2060,31.61904865706758
R32MEA-H,urb,sfh,perm,2065,32.285164670536865
R32MEA-H,urb,sfh,perm,2070,32.80107258921747
R32MEA-H,urb,sfh,perm,2075,33.17402111086053
R32MEA-H,urb,sfh,perm,2080,33.48697818673787
R32MEA-H,urb,sfh,perm,2085,33.70897337608367
R32MEA-H,urb,sfh,perm,2090,33.830318053607044
R32MEA-H,urb,sfh,perm,2095,33.86270345411973
R32MEA-H,urb,sfh,perm,2100,33.81708100899597
R32MEA-M,rur,mfh,perm,2020,16.635447720956318
R32MEA-M,rur,mfh,perm,2025,18.279498957256383
R32MEA-M,rur,mfh,perm,2030,19.813850173168245
R32MEA-M,rur,mfh,perm,2035,21.27599229649444
R32MEA-M,rur,mfh,perm,2040,22.649931280766676
R32MEA-M,rur,mfh,perm,2045,23.923616173904918
R32MEA-M,rur,mfh,perm,2050,25.08977651216357
R32MEA-M,rur,mfh,perm,2055,26.14607681008734
R32MEA-M,rur,mfh,perm,2060,27.092075749485176
R32MEA-M,rur,mfh,perm,2065,27.681758977955788
R32MEA-M,rur,mfh,perm,2070,28.15230316322074
R32MEA-M,rur,mfh,perm,2075,28.511873458243198
R32MEA-M,rur,mfh,perm,2080,28.770345682624463
R32MEA-M,rur,mfh,perm,2085,28.937603271891657
R32MEA-M,rur,mfh,perm,2090,29.02351535181081
R32MEA-M,rur,mfh,perm,2095,29.037518038142707
R32MEA-M,rur,mfh,perm,2100,28.988237272811567
R32MEA-M,rur,sfh,perm,2020,20.657841454505338
R32MEA-M,rur,sfh,perm,2025,22.699418594613583
R32MEA-M,rur,sfh,perm,2030,24.60477062874643
R32MEA-M,rur,sfh,perm,2035,26.420453661405435
R32MEA-M,rur,sfh,perm,2040,28.126606340993693
R32MEA-M,rur,sfh,perm,2045,29.708263836890396
R32MEA-M,rur,sfh,perm,2050,31.156397712357535
R32MEA-M,rur,sfh,perm,2055,32.468107769632844
R32MEA-M,rur,sfh,perm,2060,33.64284598131275
R32MEA-M,rur,sfh,perm,2065,34.37511257530295
R32MEA-M,rur,sfh,perm,2070,34.95943271742317
R32MEA-M,rur,sfh,perm,2075,35.40594586638798
R32MEA-M,rur,sfh,perm,2080,35.72691578082768
R32MEA-M,rur,sfh,perm,2085,35.93461567680294
R32MEA-M,rur,sfh,perm,2090,36.041301000562584
R32MEA-M,rur,sfh,perm,2095,36.058689488028236
R32MEA-M,rur,sfh,perm,2100,35.99749280405291
R32MEA-M,urb,inf,sub,2020,14.46820315121531
R32MEA-M,urb,inf,sub,2025,15.59530300022888
R32MEA-M,urb,inf,sub,2030,16.59581068200943
R32MEA-M,urb,inf,sub,2035,17.50632941511592
R32MEA-M,urb,inf,sub,2040,18.317085747487315
R32MEA-M,urb,inf,sub,2045,18.98761723865754
R32MEA-M,urb,inf,sub,2050,19.583757704797296
R32MEA-M,urb,inf,sub,2055,20.059512402000454
R32MEA-M,urb,inf,sub,2060,20.406240665309213
R32MEA-M,urb,inf,sub,2065,19.763180777856643
R32MEA-M,urb,inf,sub,2070,19.714178323666715
R32MEA-M,urb,inf,sub,2075,19.708050705170226
R32MEA-M,urb,inf,sub,2080,19.608144660363028
R32MEA-M,urb,inf,sub,2085,18.974752261646163
R32MEA-M,urb,inf,sub,2090,18.831558476185034
R32MEA-M,urb,inf,sub,2095,18.636636067050706
R32MEA-M,urb,inf,sub,2100,17.936526870874793
R32MEA-M,urb,mfh,perm,2020,17.96449406188526
R32MEA-M,urb,mfh,perm,2025,19.258100629357475
R32MEA-M,urb,mfh,perm,2030,20.526705788177456
R32MEA-M,urb,mfh,perm,2035,21.741847803653993
R32MEA-M,urb,mfh,perm,2040,22.871684648025106
R32MEA-M,urb,mfh,perm,2045,23.902120494348438
R32MEA-M,urb,mfh,perm,2050,24.81806051004301
R32MEA-M,urb,mfh,perm,2055,25.61821684752869
R32MEA-M,urb,mfh,perm,2060,26.297872886005113
R32MEA-M,urb,mfh,perm,2065,26.671879869409082
R32MEA-M,urb,mfh,perm,2070,26.860120273615216
R32MEA-M,urb,mfh,perm,2075,26.936280544967108
R32MEA-M,urb,mfh,perm,2080,26.920625603829297
R32MEA-M,urb,mfh,perm,2085,26.869117951347786
R32MEA-M,urb,mfh,perm,2090,26.703311012793687
R32MEA-M,urb,mfh,perm,2095,26.51450381475578
R32MEA-M,urb,mfh,perm,2100,26.32498917019992
R32MEA-M,urb,sfh,perm,2020,23.459035117986133
R32MEA-M,urb,sfh,perm,2025,25.14829849443568
R32MEA-M,urb,sfh,perm,2030,26.804913641463827
R32MEA-M,urb,sfh,perm,2035,28.39171364352373
R32MEA-M,urb,sfh,perm,2040,29.867117410442564
R32MEA-M,urb,sfh,perm,2045,31.21271782771332
R32MEA-M,urb,sfh,perm,2050,32.40880322372434
R32MEA-M,urb,sfh,perm,2055,33.453691855505035
R32MEA-M,urb,sfh,perm,2060,34.341224497384324
R32MEA-M,urb,sfh,perm,2065,34.829623609979485
R32MEA-M,urb,sfh,perm,2070,35.075438395393604
R32MEA-M,urb,sfh,perm,2075,35.17489271200751
R32MEA-M,urb,sfh,perm,2080,35.154449619502
R32MEA-M,urb,sfh,perm,2085,35.08718806322069
R32MEA-M,urb,sfh,perm,2090,34.87066814448838
R32MEA-M,urb,sfh,perm,2095,34.624113208176695
R32MEA-M,urb,sfh,perm,2100,34.37663444886996
R32MEX,rur,mfh,perm,2020,17.507932863122733
R32MEX,rur,mfh,perm,2025,18.914955887032683
R32MEX,rur,mfh,perm,2030,20.21652764070184
R32MEX,rur,mfh,perm,2035,21.458339477189554
R32MEX,rur,mfh,perm,2040,22.62732417284827
R32MEX,rur,mfh,perm,2045,23.712790381685235
R32MEX,rur,mfh,perm,2050,24.708005775881272
R32MEX,rur,mfh,perm,2055,25.609459058815457
R32MEX,rur,mfh,perm,2060,26.416121744395227
R32MEX,rur,mfh,perm,2065,26.88936497295353
R32MEX,rur,mfh,perm,2070,27.260396224927543
R32MEX,rur,mfh,perm,2075,27.536749601564754
R32MEX,rur,mfh,perm,2080,27.726265230786623
R32MEX,rur,mfh,perm,2085,27.837238227180965
R32MEX,rur,mfh,perm,2090,27.877975173304694
R32MEX,rur,mfh,perm,2095,27.85644956934451
R32MEX,rur,mfh,perm,2100,27.78015903031318
R32MEX,rur,sfh,perm,2020,25.388284941585493
R32MEX,rur,sfh,perm,2025,27.428611559791733
R32MEX,rur,sfh,perm,2030,29.31602310131497
R32MEX,rur,sfh,perm,2035,31.116776679425293
R32MEX,rur,sfh,perm,2040,32.811923489603465
R32MEX,rur,sfh,perm,2045,34.38595999179166
R32MEX,rur,sfh,perm,2050,35.82912362530782
R32MEX,rur,sfh,perm,2055,37.13632265260514
R32MEX,rur,sfh,perm,2060,38.30606566415054
R32MEX,rur,sfh,perm,2065,38.9923165212475
R32MEX,rur,sfh,perm,2070,39.53034960722023
R32MEX,rur,sfh,perm,2075,39.93109013584158
R32MEX,rur,sfh,perm,2080,40.20590709071484
R32MEX,rur,sfh,perm,2085,40.36682923242669
R32MEX,rur,sfh,perm,2090,40.42590195128648
R32MEX,rur,sfh,perm,2095,40.394687634259256
R32MEX,rur,sfh,perm,2100,40.284058586363244
R32MEX,urb,inf,sub,2020,13.318176715190704
R32MEX,urb,inf,sub,2025,14.582097756369366
R32MEX,urb,inf,sub,2030,15.639945362292362
R32MEX,urb,inf,sub,2035,16.51590519886907
R32MEX,urb,inf,sub,2040,17.206601475071384
R32MEX,urb,inf,sub,2045,17.71355319461469
R32MEX,urb,inf,sub,2050,18.055617956088458
R32MEX,urb,inf,sub,2055,16.381860313931604
R32MEX,urb,inf,sub,2060,16.86779228894322
R32MEX,urb,inf,sub,2065,17.141782839290347
R32MEX,urb,inf,sub,2070,17.35210663431658
R32MEX,urb,inf,sub,2075,17.503554009974657
R32MEX,urb,inf,sub,2080,17.601335765513618
R32MEX,urb,inf,sub,2085,17.65080742479947
R32MEX,urb,inf,sub,2090,17.657255006536566
R32MEX,urb,inf,sub,2095,17.62573937181314
R32MEX,urb,inf,sub,2100,17.56099206812161
R32MEX,urb,mfh,perm,2020,12.975526483114152
R32MEX,urb,mfh,perm,2025,14.08130487625382
R32MEX,urb,mfh,perm,2030,14.212547036788989
R32MEX,urb,mfh,perm,2035,14.343789197324158
R32MEX,urb,mfh,perm,2040,14.475031357859326
R32MEX,urb,mfh,perm,2045,14.606273518394495
R32MEX,urb,mfh,perm,2050,14.737515678929663
R32MEX,urb,mfh,perm,2055,14.868757839464832
R32MEX,urb,mfh,perm,2060,15
R32MEX,urb,mfh,perm,2065,15
R32MEX,urb,mfh,perm,2070,15
R32MEX,urb,mfh,perm,2075,15
R32MEX,urb,mfh,perm,2080,15
R32MEX,urb,mfh,perm,2085,15
R32MEX,urb,mfh,perm,2090,15
R32MEX,urb,mfh,perm,2095,15
R32MEX,urb,mfh,perm,2100,15
R32MEX,urb,sfh,perm,2020,22.97894225545305
R32MEX,urb,sfh,perm,2025,24.937214844727254
R32MEX,urb,sfh,perm,2030,26.68611378612889
R32MEX,urb,sfh,perm,2035,28.28511202183357
R32MEX,urb,sfh,perm,2040,29.721721081320464
R32MEX,urb,sfh,perm,2045,30.984488686556432
R32MEX,urb,sfh,perm,2050,32.07392235727052
R32MEX,urb,sfh,perm,2055,33.18240744078322
R32MEX,urb,sfh,perm,2060,33.891654871457966
R32MEX,urb,sfh,perm,2065,34.17423688856383
R32MEX,urb,sfh,perm,2070,34.33993863085224
R32MEX,urb,sfh,perm,2075,34.39579866234985
R32MEX,urb,sfh,perm,2080,34.48182665715004
R32MEX,urb,sfh,perm,2085,34.619838451866805
R32MEX,urb,sfh,perm,2090,34.67050103851842
R32MEX,urb,sfh,perm,2095,34.64373067697613
R32MEX,urb,sfh,perm,2100,34.548851791538006
R32NAF,rur,mfh,perm,2020,15.011451155285478
R32NAF,rur,mfh,perm,2025,16.81166454416471
R32NAF,rur,mfh,perm,2030,18.498359116461415
R32NAF,rur,mfh,perm,2035,20.10566611235538
R32NAF,rur,mfh,perm,2040,21.61701445215428
R32NAF,rur,mfh,perm,2045,23.020055117687747
R32NAF,rur,mfh,perm,2050,24.306325815928243
R32NAF,rur,mfh,perm,2055,25.47135525313364
R32NAF,rur,mfh,perm,2060,26.515067811336536
R32NAF,rur,mfh,perm,2065,27.19648704677775
R32NAF,rur,mfh,perm,2070,27.747910167506074
R32NAF,rur,mfh,perm,2075,28.17888604868392
R32NAF,rur,mfh,perm,2080,28.499777269392396
R32NAF,rur,mfh,perm,2085,28.721152286224974
R32NAF,rur,mfh,perm,2090,28.85376924191448
R32NAF,rur,mfh,perm,2095,28.90785247438206
R32NAF,rur,mfh,perm,2100,28.89296219267186
R32NAF,rur,sfh,perm,2020,18.641168135035407
R32NAF,rur,sfh,perm,2025,20.87666689620774
R32NAF,rur,sfh,perm,2030,22.971198383495953
R32NAF,rur,sfh,perm,2035,24.96714665292949
R32NAF,rur,sfh,perm,2040,26.8439337950492
R32NAF,rur,sfh,perm,2045,28.586224841794042
R32NAF,rur,sfh,perm,2050,30.183511346945025
R32NAF,rur,sfh,perm,2055,31.630240873394897
R32NAF,rur,sfh,perm,2060,32.92631951901323
R32NAF,rur,sfh,perm,2065,33.7725035692364
R32NAF,rur,sfh,perm,2070,34.457258893735684
R32NAF,rur,sfh,perm,2075,34.99244325266775
R32NAF,rur,sfh,perm,2080,35.39092486090168
R32NAF,rur,sfh,perm,2085,35.66582759128956
R32NAF,rur,sfh,perm,2090,35.83051086827536
R32NAF,rur,sfh,perm,2095,35.897671239333796
R32NAF,rur,sfh,perm,2100,35.87918053899665
R32NAF,urb,inf,sub,2020,10.361071652371168
R32NAF,urb,inf,sub,2025,12.393883069100298
R32NAF,urb,inf,sub,2030,13.711902360293669
R32NAF,urb,inf,sub,2035,14.80174961292647
R32NAF,urb,inf,sub,2040,15.800985020628199
R32NAF,urb,inf,sub,2045,16.50756008380075
R32NAF,urb,inf,sub,2050,17.150461810447542
R32NAF,urb,inf,sub,2055,17.63451074679152
R32NAF,urb,inf,sub,2060,16.817365938190164
R32NAF,urb,inf,sub,2065,17.11715660451604
R32NAF,urb,inf,sub,2070,17.33218495313931
R32NAF,urb,inf,sub,2075,17.47493233384364
R32NAF,urb,inf,sub,2080,17.156897543695642
R32NAF,urb,inf,sub,2085,17.274492952658346
R32NAF,urb,inf,sub,2090,17.3392758771128
R32NAF,urb,inf,sub,2095,17.357519472154234
R32NAF,urb,inf,sub,2100,17.335097317421514
R32NAF,urb,mfh,perm,2020,14.368273386295868
R32NAF,urb,mfh,perm,2025,16.104034500172272
R32NAF,urb,mfh,perm,2030,17.75625336658464
R32NAF,urb,mfh,perm,2035,19.27644676380639
R32NAF,urb,mfh,perm,2040,20.634821950349252
R32NAF,urb,mfh,perm,2045,21.841161610448143
R32NAF,urb,mfh,perm,2050,22.875646717083946
R32NAF,urb,mfh,perm,2055,23.760174207999707
R32NAF,urb,mfh,perm,2060,24.620711353296997
R32NAF,urb,mfh,perm,2065,24.98316901098347
R32NAF,urb,mfh,perm,2070,25.23835606333633
R32NAF,urb,mfh,perm,2075,25.404590884482
R32NAF,urb,mfh,perm,2080,25.515158239742973
R32NAF,urb,mfh,perm,2085,25.530004395581063
R32NAF,urb,mfh,perm,2090,25.57373997227682
R32NAF,urb,mfh,perm,2095,25.569873447261863
R32NAF,urb,mfh,perm,2100,25.509284659264036
R32NAF,urb,sfh,perm,2020,18.762890220720603
R32NAF,urb,sfh,perm,2025,21.02954358633106
R32NAF,urb,sfh,perm,2030,23.187102840504643
R32NAF,urb,sfh,perm,2035,25.172255896789117
R32NAF,urb,sfh,perm,2040,26.946097736962027
R32NAF,urb,sfh,perm,2045,28.521403133985242
R32NAF,urb,sfh,perm,2050,29.87229130049874
R32NAF,urb,sfh,perm,2055,31.027356475211466
R32NAF,urb,sfh,perm,2060,32.15109372282433
R32NAF,urb,sfh,perm,2065,32.624411083789724
R32NAF,urb,sfh,perm,2070,32.95764852438663
R32NAF,urb,sfh,perm,2075,33.174727195996006
R32NAF,urb,sfh,perm,2080,33.31911219570903
R32NAF,urb,sfh,perm,2085,33.338499131404134
R32NAF,urb,sfh,perm,2090,33.39561147902032
R32NAF,urb,sfh,perm,2095,33.390562355688594
R32NAF,urb,sfh,perm,2100,33.311442147766186
R32OAS-CPA,rur,mfh,perm,2020,31.754910813767705
R32OAS-CPA,rur,mfh,perm,2025,35.25733194730771
R32OAS-CPA,rur,mfh,perm,2030,38.46364157361483
R32OAS-CPA,rur,mfh,perm,2035,41.41375120277558
R32OAS-CPA,rur,mfh,perm,2040,44.05881337143444
R32OAS-CPA,rur,mfh,perm,2045,46.375938359264694
R32OAS-CPA,rur,mfh,perm,2050,48.36504382043131
R32OAS-CPA,rur,mfh,perm,2055,50.04288215935841
R32OAS-CPA,rur,mfh,perm,2060,51.43697806937388
R32OAS-CPA,rur,mfh,perm,2065,52.11314553585552
R32OAS-CPA,rur,mfh,perm,2070,52.55244338832245
R32OAS-CPA,rur,mfh,perm,2075,52.79224752004169
R32OAS-CPA,rur,mfh,perm,2080,52.86627272894896
R32OAS-CPA,rur,mfh,perm,2085,52.80334726778315
R32OAS-CPA,rur,mfh,perm,2090,52.62862638257602
R32OAS-CPA,rur,mfh,perm,2095,52.362380829484636
R32OAS-CPA,rur,mfh,perm,2100,52.02118524725995
R32OAS-CPA,rur,sfh,perm,2020,35.92745677932029
R32OAS-CPA,rur,sfh,perm,2025,39.89009061054743
R32OAS-CPA,rur,sfh,perm,2030,43.51770434235245
R32OAS-CPA,rur,sfh,perm,2035,46.85545379526467
R32OAS-CPA,rur,sfh,perm,2040,49.84807302510376
R32OAS-CPA,rur,sfh,perm,2045,52.469664637839806
R32OAS-CPA,rur,sfh,perm,2050,54.72013546752292
R32OAS-CPA,rur,sfh,perm,2055,56.61843915850211
R32OAS-CPA,rur,sfh,perm,2060,58.19571710606267
R32OAS-CPA,rur,sfh,perm,2065,58.96073192755193
R32OAS-CPA,rur,sfh,perm,2070,59.457752835603436
R32OAS-CPA,rur,sfh,perm,2075,59.72906685781477
R32OAS-CPA,rur,sfh,perm,2080,59.812818864211316
R32OAS-CPA,rur,sfh,perm,2085,59.74162509517156
R32OAS-CPA,rur,sfh,perm,2090,59.54394615698975
R32OAS-CPA,rur,sfh,perm,2095,59.242716351701496
R32OAS-CPA,rur,sfh,perm,2100,58.85668819984923
R32OAS-CPA,urb,inf,sub,2020,19.590734643796793
R32OAS-CPA,urb,inf,sub,2025,21.88090696482936
R32OAS-CPA,urb,inf,sub,2030,23.90646923456533
R32OAS-CPA,urb,inf,sub,2035,25.658392723832087
R32OAS-CPA,urb,inf,sub,2040,27.089795538673474
R32OAS-CPA,urb,inf,sub,2045,28.181243301589877
R32OAS-CPA,urb,inf,sub,2050,28.837972155872148
R32OAS-CPA,urb,inf,sub,2055,29.349531560345383
R32OAS-CPA,urb,inf,sub,2060,29.6371027637334
R32OAS-CPA,urb,inf,sub,2065,29.443855553597526
R32OAS-CPA,urb,inf,sub,2070,26.350983630548125
R32OAS-CPA,urb,inf,sub,2075,26.081685169844715
R32OAS-CPA,urb,inf,sub,2080,26.010678778500452
R32OAS-CPA,urb,inf,sub,2085,25.878100178436373
R32OAS-CPA,urb,inf,sub,2090,25.69657213274476
R32OAS-CPA,urb,inf,sub,2095,25.47641034625297
R32OAS-CPA,urb,inf,sub,2100,25.225930367254566
R32OAS-CPA,urb,mfh,perm,2020,30.123233481694793
R32OAS-CPA,urb,mfh,perm,2025,33.375524014871054
R32OAS-CPA,urb,mfh,perm,2030,36.22830944680095
R32OAS-CPA,urb,mfh,perm,2035,38.72985711104576
R32OAS-CPA,urb,mfh,perm,2040,40.8565196953816
R32OAS-CPA,urb,mfh,perm,2045,42.607703549005706
R32OAS-CPA,urb,mfh,perm,2050,44.019365072214384
R32OAS-CPA,urb,mfh,perm,2055,45.105114343397574
R32OAS-CPA,urb,mfh,perm,2060,45.9307417923344
R32OAS-CPA,urb,mfh,perm,2065,46.09864495138551
R32OAS-CPA,urb,mfh,perm,2070,46.445318314010976
R32OAS-CPA,urb,mfh,perm,2075,46.16081098732236
R32OAS-CPA,urb,mfh,perm,2080,45.739878570942665
R32OAS-CPA,urb,mfh,perm,2085,45.23967901233196
R32OAS-CPA,urb,mfh,perm,2090,44.67566303309164
R32OAS-CPA,urb,mfh,perm,2095,44.06459059868394
R32OAS-CPA,urb,mfh,perm,2100,43.422777151474186
R32OAS-CPA,urb,sfh,perm,2020,40.99791126791516
R32OAS-CPA,urb,sfh,perm,2025,45.42429925105338
R32OAS-CPA,urb,sfh,perm,2030,49.30695826492504
R32OAS-CPA,urb,sfh,perm,2035,52.71158045574965
R32OAS-CPA,urb,sfh,perm,2040,55.60598168204491
R32OAS-CPA,urb,sfh,perm,2045,57.98935398131401
R32OAS-CPA,urb,sfh,perm,2050,59.91063424174849
R32OAS-CPA,urb,sfh,perm,2055,61.38834586610721
R32OAS-CPA,urb,sfh,perm,2060,62.512030045378225
R32OAS-CPA,urb,sfh,perm,2065,62.740547306666336
R32OAS-CPA,urb,sfh,perm,2070,63.21237194556194
R32OAS-CPA,urb,sfh,perm,2075,62.825155674714395
R32OAS-CPA,urb,sfh,perm,2080,62.25226399404506
R32OAS-CPA,urb,sfh,perm,2085,61.57148923151387
R32OAS-CPA,urb,sfh,perm,2090,60.803859916930726
R32OAS-CPA,urb,sfh,perm,2095,59.972186469279784
R32OAS-CPA,urb,sfh,perm,2100,59.098674308799076
R32OAS-L-PAS,rur,mfh,perm,2020,13.437674102775825
R32OAS-L-PAS,rur,mfh,perm,2025,15.372796436944556
R32OAS-L-PAS,rur,mfh,perm,2030,17.190545025638592
R32OAS-L-PAS,rur,mfh,perm,2035,18.917244245802184
R32OAS-L-PAS,rur,mfh,perm,2040,20.535305878054448
R32OAS-L-PAS,rur,mfh,perm,2045,22.031777620971095
R32OAS-L-PAS,rur,mfh,perm,2050,23.398454634093667
R32OAS-L-PAS,rur,mfh,perm,2055,24.631757630473246
R32OAS-L-PAS,rur,mfh,perm,2060,25.731833287352156
R32OAS-L-PAS,rur,mfh,perm,2065,26.465416028686715
R32OAS-L-PAS,rur,mfh,perm,2070,27.05856874607861
R32OAS-L-PAS,rur,mfh,perm,2075,27.522265167265747
R32OAS-L-PAS,rur,mfh,perm,2080,27.868029118368497
R32OAS-L-PAS,rur,mfh,perm,2085,28.10793564514805
R32OAS-L-PAS,rur,mfh,perm,2090,28.253732830392487
R32OAS-L-PAS,rur,mfh,perm,2095,28.31662500800671
R32OAS-L-PAS,rur,mfh,perm,2100,28.307277085283502
R32OAS-L-PAS,rur,sfh,perm,2020,15.203363611172689
R32OAS-L-PAS,rur,sfh,perm,2025,17.392758014806205
R32OAS-L-PAS,rur,sfh,perm,2030,19.449355945091085
R32OAS-L-PAS,rur,sfh,perm,2035,21.402940761220275
R32OAS-L-PAS,rur,sfh,perm,2040,23.23361317910077
R32OAS-L-PAS,rur,sfh,perm,2045,24.926718985016052
R32OAS-L-PAS,rur,sfh,perm,2050,26.472975235213525
R32OAS-L-PAS,rur,sfh,perm,2055,27.868332329997827
R32OAS-L-PAS,rur,sfh,perm,2060,29.112956219773135
R32OAS-L-PAS,rur,sfh,perm,2065,29.94293059406506
R32OAS-L-PAS,rur,sfh,perm,2070,30.61402265735607
R32OAS-L-PAS,rur,sfh,perm,2075,31.138648068166656
R32OAS-L-PAS,rur,sfh,perm,2080,31.529844865472903
R32OAS-L-PAS,rur,sfh,perm,2085,31.801274737296445
R32OAS-L-PAS,rur,sfh,perm,2090,31.966229446258975
R32OAS-L-PAS,rur,sfh,perm,2095,32.037385558340155
R32OAS-L-PAS,rur,sfh,perm,2100,32.02680933308844
R32OAS-L-PAS,urb,inf,sub,2020,10.541022626160016
R32OAS-L-PAS,urb,inf,sub,2025,12.220650199994278
R32OAS-L-PAS,urb,inf,sub,2030,13.744317146888967
R32OAS-L-PAS,urb,inf,sub,2035,15.125941492973537
R32OAS-L-PAS,urb,inf,sub,2040,16.33807971092346
R32OAS-L-PAS,urb,inf,sub,2045,17.364575865869906
R32OAS-L-PAS,urb,inf,sub,2050,18.205306715923477
R32OAS-L-PAS,urb,inf,sub,2055,18.8160070408661
R32OAS-L-PAS,urb,inf,sub,2060,19.327068652737978
R32OAS-L-PAS,urb,inf,sub,2065,19.519634649759194
R32OAS-L-PAS,urb,inf,sub,2070,19.58495758085765
R32OAS-L-PAS,urb,inf,sub,2075,19.533968365764267
R32OAS-L-PAS,urb,inf,sub,2080,17.69246377917184
R32OAS-L-PAS,urb,inf,sub,2085,17.79400242766146
R32OAS-L-PAS,urb,inf,sub,2090,17.837151634123142
R32OAS-L-PAS,urb,inf,sub,2095,17.829376097262855
R32OAS-L-PAS,urb,inf,sub,2100,17.776555286133856
R32OAS-L-PAS,urb,mfh,perm,2020,14.744009848988634
R32OAS-L-PAS,urb,mfh,perm,2025,16.74153089244483
R32OAS-L-PAS,urb,mfh,perm,2030,18.540276569125343
R32OAS-L-PAS,urb,mfh,perm,2035,20.165928631477364
R32OAS-L-PAS,urb,mfh,perm,2040,21.614514592222783
R32OAS-L-PAS,urb,mfh,perm,2045,22.886986576732063
R32OAS-L-PAS,urb,mfh,perm,2050,23.990830328699335
R32OAS-L-PAS,urb,mfh,perm,2055,24.949070528745764
R32OAS-L-PAS,urb,mfh,perm,2060,25.748891856490076
R32OAS-L-PAS,urb,mfh,perm,2065,26.17853231146586
R32OAS-L-PAS,urb,mfh,perm,2070,26.469371021539885
R32OAS-L-PAS,urb,mfh,perm,2075,26.635118945140817
R32OAS-L-PAS,urb,mfh,perm,2080,26.850653771456283
R32OAS-L-PAS,urb,mfh,perm,2085,26.748040643339472
R32OAS-L-PAS,urb,mfh,perm,2090,26.580329533916245
R32OAS-L-PAS,urb,mfh,perm,2095,26.35914527414603
R32OAS-L-PAS,urb,mfh,perm,2100,26.101733677776597
R32OAS-L-PAS,urb,sfh,perm,2020,20.06669064559182
R32OAS-L-PAS,urb,sfh,perm,2025,22.78532941805878
R32OAS-L-PAS,urb,sfh,perm,2030,25.233433659288615
R32OAS-L-PAS,urb,sfh,perm,2035,27.445956396773365
R32OAS-L-PAS,urb,sfh,perm,2040,29.417491050205488
R32OAS-L-PAS,urb,sfh,perm,2045,31.149333468235447
R32OAS-L-PAS,urb,sfh,perm,2050,32.651671795370795
R32OAS-L-PAS,urb,sfh,perm,2055,33.955842767545015
R32OAS-L-PAS,urb,sfh,perm,2060,35.04440465267509
R32OAS-L-PAS,urb,sfh,perm,2065,35.62914802894337
R32OAS-L-PAS,urb,sfh,perm,2070,36.02498135261812
R32OAS-L-PAS,urb,sfh,perm,2075,36.25056532482888
R32OAS-L-PAS,urb,sfh,perm,2080,36.54390958648645
R32OAS-L-PAS,urb,sfh,perm,2085,36.40425247019405
R32OAS-L-PAS,urb,sfh,perm,2090,36.17599658966399
R32OAS-L-PAS,urb,sfh,perm,2095,35.87496341334745
R32OAS-L-PAS,urb,sfh,perm,2100,35.524624602817724
R32OAS-L-SAS,rur,mfh,perm,2020,10.745000955940966
R32OAS-L-SAS,rur,mfh,perm,2025,12.291880679701803
R32OAS-L-SAS,rur,mfh,perm,2030,12.678754868315831
R32OAS-L-SAS,rur,mfh,perm,2035,13.06562905692986
R32OAS-L-SAS,rur,mfh,perm,2040,13.452503245543888
R32OAS-L-SAS,rur,mfh,perm,2045,13.839377434157916
R32OAS-L-SAS,rur,mfh,perm,2050,14.226251622771944
R32OAS-L-SAS,rur,mfh,perm,2055,14.613125811385972
R32OAS-L-SAS,rur,mfh,perm,2060,15
R32OAS-L-SAS,rur,mfh,perm,2065,15
R32OAS-L-SAS,rur,mfh,perm,2070,15
R32OAS-L-SAS,rur,mfh,perm,2075,15
R32OAS-L-SAS,rur,mfh,perm,2080,15
R32OAS-L-SAS,rur,mfh,perm,2085,15
R32OAS-L-SAS,rur,mfh,perm,2090,15
R32OAS-L-SAS,rur,mfh,perm,2095,15
R32OAS-L-SAS,rur,mfh,perm,2100,15
R32OAS-L-SAS,rur,sfh,perm,2020,15.2463231138911
R32OAS-L-SAS,rur,sfh,perm,2025,17.44122548602579
R32OAS-L-SAS,rur,sfh,perm,2030,19.501703703421764
R32OAS-L-SAS,rur,sfh,perm,2035,21.457576646985885
R32OAS-L-SAS,rur,sfh,perm,2040,23.28900504372939
R32OAS-L-SAS,rur,sfh,perm,2045,24.981697559671034
R32OAS-L-SAS,rur,sfh,perm,2050,26.526141436379323
R32OAS-L-SAS,rur,sfh,perm,2055,27.918496793091066
R32OAS-L-SAS,rur,sfh,perm,2060,29.159064387067467
R32OAS-L-SAS,rur,sfh,perm,2065,29.98367483956062
R32OAS-L-SAS,rur,sfh,perm,2070,30.64872749647142
R32OAS-L-SAS,rur,sfh,perm,2075,31.166958510665353
R32OAS-L-SAS,rur,sfh,perm,2080,31.551370788527905
R32OAS-L-SAS,rur,sfh,perm,2085,31.81590069799717
R32OAS-L-SAS,rur,sfh,perm,2090,31.97379122242606
R32OAS-L-SAS,rur,sfh,perm,2095,32.03804648899147
R32OAS-L-SAS,rur,sfh,perm,2100,32.02070050833718
R32OAS-L-SAS,urb,inf,sub,2020,10.210186883954355
R32OAS-L-SAS,urb,inf,sub,2025,11.768407037504064
R32OAS-L-SAS,urb,inf,sub,2030,13.21899143963964
R32OAS-L-SAS,urb,inf,sub,2035,14.567911090460601
R32OAS-L-SAS,urb,inf,sub,2040,15.787888183985006
R32OAS-L-SAS,urb,inf,sub,2045,16.85989067798208
R32OAS-L-SAS,urb,inf,sub,2050,17.773920180050183
R32OAS-L-SAS,urb,inf,sub,2055,18.5246514933208
R32OAS-L-SAS,urb,inf,sub,2060,19.11738393838605
R32OAS-L-SAS,urb,inf,sub,2065,19.388392700729923
R32OAS-L-SAS,urb,inf,sub,2070,19.51347732769367
R32OAS-L-SAS,urb,inf,sub,2075,19.507495592114868
R32OAS-L-SAS,urb,inf,sub,2080,19.393321922257197
R32OAS-L-SAS,urb,inf,sub,2085,17.629390829767498
R32OAS-L-SAS,urb,inf,sub,2090,17.66186494883431
R32OAS-L-SAS,urb,inf,sub,2095,17.20707438579487
R32OAS-L-SAS,urb,inf,sub,2100,17.20793310293875
R32OAS-L-SAS,urb,mfh,perm,2020,18.976169473642276
R32OAS-L-SAS,urb,mfh,perm,2025,21.0407522942666
R32OAS-L-SAS,urb,mfh,perm,2030,22.843619780570148
R32OAS-L-SAS,urb,mfh,perm,2035,24.452657909928046
R32OAS-L-SAS,urb,mfh,perm,2040,25.8702300360517
R32OAS-L-SAS,urb,mfh,perm,2045,27.106250605460282
R32OAS-L-SAS,urb,mfh,perm,2050,28.17221538962879
R32OAS-L-SAS,urb,mfh,perm,2055,29.077556724614265
R32OAS-L-SAS,urb,mfh,perm,2060,29.835173196713292
R32OAS-L-SAS,urb,mfh,perm,2065,30.184719003830693
R32OAS-L-SAS,urb,mfh,perm,2070,30.39311652990147
R32OAS-L-SAS,urb,mfh,perm,2075,30.473649991178167
R32OAS-L-SAS,urb,mfh,perm,2080,30.445198842588457
R32OAS-L-SAS,urb,mfh,perm,2085,30.496030400855407
R32OAS-L-SAS,urb,mfh,perm,2090,30.218699667783465
R32OAS-L-SAS,urb,mfh,perm,2095,29.941876802607194
R32OAS-L-SAS,urb,mfh,perm,2100,29.549768829063524
R32OAS-L-SAS,urb,sfh,perm,2020,22.793516943848125
R32OAS-L-SAS,urb,sfh,perm,2025,25.273422257154003
R32OAS-L-SAS,urb,sfh,perm,2030,27.43896418349754
R32OAS-L-SAS,urb,sfh,perm,2035,29.371685005566462
R32OAS-L-SAS,urb,sfh,perm,2040,31.07442350191088
R32OAS-L-SAS,urb,sfh,perm,2045,32.5590885619954
R32OAS-L-SAS,urb,sfh,perm,2050,33.839488508003406
R32OAS-L-SAS,urb,sfh,perm,2055,34.926953135025244
R32OAS-L-SAS,urb,sfh,perm,2060,35.836975777777965
R32OAS-L-SAS,urb,sfh,perm,2065,36.25683808393244
R32OAS-L-SAS,urb,sfh,perm,2070,36.50715796794001
R32OAS-L-SAS,urb,sfh,perm,2075,36.60389196985261
R32OAS-L-SAS,urb,sfh,perm,2080,36.569717436454184
R32OAS-L-SAS,urb,sfh,perm,2085,36.630774542117635
R32OAS-L-SAS,urb,sfh,perm,2090,36.29765447949881
R32OAS-L-SAS,urb,sfh,perm,2095,35.96514445019052
R32OAS-L-SAS,urb,sfh,perm,2100,35.494157945184874
R32OAS-M-PAS,rur,mfh,perm,2020,13.443410578861949
R32OAS-M-PAS,rur,mfh,perm,2025,15.379196149154264
R32OAS-M-PAS,rur,mfh,perm,2030,17.196998881842905
R32OAS-M-PAS,rur,mfh,perm,2035,18.923161767402718
R32OAS-M-PAS,rur,mfh,perm,2040,20.540308179164867
R32OAS-M-PAS,rur,mfh,perm,2045,22.035435582977186
R32OAS-M-PAS,rur,mfh,perm,2050,23.400526720919526
R32OAS-M-PAS,rur,mfh,perm,2055,24.632006815659977
R32OAS-M-PAS,rur,mfh,perm,2060,25.730003687626425
R32OAS-M-PAS,rur,mfh,perm,2065,26.461607163424617
R32OAS-M-PAS,rur,mfh,perm,2070,27.05287177888156
R32OAS-M-PAS,rur,mfh,perm,2075,27.51464842578396
R32OAS-M-PAS,rur,mfh,perm,2080,27.85872864785014
R32OAS-M-PAS,rur,mfh,perm,2085,28.097079858029403
R32OAS-M-PAS,rur,mfh,perm,2090,28.241472944377293
R32OAS-M-PAS,rur,mfh,perm,2095,28.303102469484045
R32OAS-M-PAS,rur,mfh,perm,2100,28.2924223212533
R32OAS-M-PAS,rur,sfh,perm,2020,15.20985385130778
R32OAS-M-PAS,rur,sfh,perm,2025,17.399998639261515
R32OAS-M-PAS,rur,sfh,perm,2030,19.456657827977796
R32OAS-M-PAS,rur,sfh,perm,2035,21.409635835969212
R32OAS-M-PAS,rur,sfh,perm,2040,23.23927277480853
R32OAS-M-PAS,rur,sfh,perm,2045,24.930857597548933
R32OAS-M-PAS,rur,sfh,perm,2050,26.475319591030356
R32OAS-M-PAS,rur,sfh,perm,2055,27.868614257731117
R32OAS-M-PAS,rur,sfh,perm,2060,29.11088621348481
R32OAS-M-PAS,rur,sfh,perm,2065,29.93862124982268
R32OAS-M-PAS,rur,sfh,perm,2070,30.607577117516723
R32OAS-M-PAS,rur,sfh,perm,2075,31.130030498682974
R32OAS-M-PAS,rur,sfh,perm,2080,31.519322327572052
R32OAS-M-PAS,rur,sfh,perm,2085,31.788992516609447
R32OAS-M-PAS,rur,sfh,perm,2090,31.952358630260992
R32OAS-M-PAS,rur,sfh,perm,2095,32.02208617925612
R32OAS-M-PAS,rur,sfh,perm,2100,32.01000267613413
R32OAS-M-PAS,urb,inf,sub,2020,9.383933439171898
R32OAS-M-PAS,urb,inf,sub,2025,10.631276634009042
R32OAS-M-PAS,urb,inf,sub,2030,11.755169051856829
R32OAS-M-PAS,urb,inf,sub,2035,12.101234158775569
R32OAS-M-PAS,urb,inf,sub,2040,12.395588456656851
R32OAS-M-PAS,urb,inf,sub,2045,13.309997998670893
R32OAS-M-PAS,urb,inf,sub,2050,14.146737813997573
R32OAS-M-PAS,urb,inf,sub,2055,14.903274863330138
R32OAS-M-PAS,urb,inf,sub,2060,15.57950697094555
R32OAS-M-PAS,urb,inf,sub,2065,16.03387659956488
R32OAS-M-PAS,urb,inf,sub,2070,16.40300754614142
R32OAS-M-PAS,urb,inf,sub,2075,16.693313235092525
R32OAS-M-PAS,urb,inf,sub,2080,16.91177001786172
R32OAS-M-PAS,urb,inf,sub,2085,17.06554800691464
R32OAS-M-PAS,urb,inf,sub,2090,17.161724259427444
R32OAS-M-PAS,urb,inf,sub,2095,17.20707438579487
R32OAS-M-PAS,urb,inf,sub,2100,17.20793310293875
R32OAS-M-PAS,urb,mfh,perm,2020,13.542450370110782
R32OAS-M-PAS,urb,mfh,perm,2025,15.325375604912232
R32OAS-M-PAS,urb,mfh,perm,2030,16.954087824225876
R32OAS-M-PAS,urb,mfh,perm,2035,18.562572291995487
R32OAS-M-PAS,urb,mfh,perm,2040,19.964900541473753
R32OAS-M-PAS,urb,mfh,perm,2045,21.158372033050707
R32OAS-M-PAS,urb,mfh,perm,2050,22.215506964986755
R32OAS-M-PAS,urb,mfh,perm,2055,23.141983419332625
R32OAS-M-PAS,urb,mfh,perm,2060,23.944757066606886
R32OAS-M-PAS,urb,mfh,perm,2065,24.41302952235628
R32OAS-M-PAS,urb,mfh,perm,2070,24.835722158942456
R32OAS-M-PAS,urb,mfh,perm,2075,25.253022466620497
R32OAS-M-PAS,urb,mfh,perm,2080,25.561803833331947
R32OAS-M-PAS,urb,mfh,perm,2085,25.77334059369499
R32OAS-M-PAS,urb,mfh,perm,2090,25.898654202736804
R32OAS-M-PAS,urb,mfh,perm,2095,25.947812572092708
R32OAS-M-PAS,urb,mfh,perm,2100,25.929914605452332
R32OAS-M-PAS,urb,sfh,perm,2020,17.907648194446864
R32OAS-M-PAS,urb,sfh,perm,2025,20.28708827827349
R32OAS-M-PAS,urb,sfh,perm,2030,22.462054796195858
R32OAS-M-PAS,urb,sfh,perm,2035,24.613141448321198
R32OAS-M-PAS,urb,sfh,perm,2040,26.487326483403255
R32OAS-M-PAS,urb,sfh,perm,2045,28.08115623177252
R32OAS-M-PAS,urb,sfh,perm,2050,29.493451423951626
R32OAS-M-PAS,urb,sfh,perm,2055,30.731550103925546
R32OAS-M-PAS,urb,sfh,perm,2060,31.80434453435528
R32OAS-M-PAS,urb,sfh,perm,2065,32.43378487952948
R32OAS-M-PAS,urb,sfh,perm,2070,33.00650908913194
R32OAS-M-PAS,urb,sfh,perm,2075,33.57654787955164
R32OAS-M-PAS,urb,sfh,perm,2080,34.00283866246332
R32OAS-M-PAS,urb,sfh,perm,2085,34.29986346631734
R32OAS-M-PAS,urb,sfh,perm,2090,34.481917797114654
R32OAS-M-PAS,urb,sfh,perm,2095,34.562709941870374
R32OAS-M-PAS,urb,sfh,perm,2100,34.55516060203957
R32OAS-M-SAS,rur,mfh,perm,2020,10.79855528284154
R32OAS-M-SAS,rur,mfh,perm,2025,12.35609373166903
R32OAS-M-SAS,rur,mfh,perm,2030,12.733794627144883
R32OAS-M-SAS,rur,mfh,perm,2035,13.111495522620736
R32OAS-M-SAS,rur,mfh,perm,2040,13.489196418096588
R32OAS-M-SAS,rur,mfh,perm,2045,13.86689731357244
R32OAS-M-SAS,rur,mfh,perm,2050,14.244598209048295
R32OAS-M-SAS,rur,mfh,perm,2055,14.622299104524147
R32OAS-M-SAS,rur,mfh,perm,2060,15
R32OAS-M-SAS,rur,mfh,perm,2065,15
R32OAS-M-SAS,rur,mfh,perm,2070,15
R32OAS-M-SAS,rur,mfh,perm,2075,15
R32OAS-M-SAS,rur,mfh,perm,2080,15
R32OAS-M-SAS,rur,mfh,perm,2085,15
R32OAS-M-SAS,rur,mfh,perm,2090,15
R32OAS-M-SAS,rur,mfh,perm,2095,15
R32OAS-M-SAS,rur,mfh,perm,2100,15
R32OAS-M-SAS,rur,sfh,perm,2020,15.322312550785629
R32OAS-M-SAS,rur,sfh,perm,2025,17.532338827237744
R32OAS-M-SAS,rur,sfh,perm,2030,19.6074083711504
R32OAS-M-SAS,rur,sfh,perm,2035,21.57680668602287
R32OAS-M-SAS,rur,sfh,perm,2040,23.42010686500018
R32OAS-M-SAS,rur,sfh,perm,2045,25.122543720108908
R32OAS-M-SAS,rur,sfh,perm,2050,26.67459804940343
R32OAS-M-SAS,rur,sfh,perm,2055,28.07214999332068
R32OAS-M-SAS,rur,sfh,perm,2060,29.31551720348023
R32OAS-M-SAS,rur,sfh,perm,2065,30.13972560429473
R32OAS-M-SAS,rur,sfh,perm,2070,30.802738337845913
R32OAS-M-SAS,rur,sfh,perm,2075,31.317375265858292
R32OAS-M-SAS,rur,sfh,perm,2080,31.697032027236062
R32OAS-M-SAS,rur,sfh,perm,2085,31.956080534613047
R32OAS-M-SAS,rur,sfh,perm,2090,32.107950777829814
R32OAS-M-SAS,rur,sfh,perm,2095,32.16573232101346
R32OAS-M-SAS,rur,sfh,perm,2100,32.14153619429795
R32OAS-M-SAS,urb,inf,sub,2020,8.276022160176804
R32OAS-M-SAS,urb,inf,sub,2025,9.461349445564812
R32OAS-M-SAS,urb,inf,sub,2030,9.538299524769839
R32OAS-M-SAS,urb,inf,sub,2035,9.615249603974865
R32OAS-M-SAS,urb,inf,sub,2040,9.692199683179892
R32OAS-M-SAS,urb,inf,sub,2045,9.76914976238492
R32OAS-M-SAS,urb,inf,sub,2050,9.846099841589947
R32OAS-M-SAS,urb,inf,sub,2055,9.923049920794973
R32OAS-M-SAS,urb,inf,sub,2060,10
R32OAS-M-SAS,urb,inf,sub,2065,10
R32OAS-M-SAS,urb,inf,sub,2070,10
R32OAS-M-SAS,urb,inf,sub,2075,10
R32OAS-M-SAS,urb,inf,sub,2080,10
R32OAS-M-SAS,urb,inf,sub,2085,10
R32OAS-M-SAS,urb,inf,sub,2090,10
R32OAS-M-SAS,urb,inf,sub,2095,10
R32OAS-M-SAS,urb,inf,sub,2100,10
R32OAS-M-SAS,urb,mfh,perm,2020,17.129346117973142
R32OAS-M-SAS,urb,mfh,perm,2025,18.91472003227724
R32OAS-M-SAS,urb,mfh,perm,2030,20.54372873553205
R32OAS-M-SAS,urb,mfh,perm,2035,22.082260176031173
R32OAS-M-SAS,urb,mfh,perm,2040,23.47071431439018
R32OAS-M-SAS,urb,mfh,perm,2045,24.725047318783915
R32OAS-M-SAS,urb,mfh,perm,2050,25.837838193035715
R32OAS-M-SAS,urb,mfh,perm,2055,26.80366064159548
R32OAS-M-SAS,urb,mfh,perm,2060,27.6219561718359
R32OAS-M-SAS,urb,mfh,perm,2065,28.077358960803007
R32OAS-M-SAS,urb,mfh,perm,2070,28.400196679184887
R32OAS-M-SAS,urb,mfh,perm,2075,28.611630959074773
R32OAS-M-SAS,urb,mfh,perm,2080,28.714678637192115
R32OAS-M-SAS,urb,mfh,perm,2085,28.7211275740597
R32OAS-M-SAS,urb,mfh,perm,2090,28.851962650280065
R32OAS-M-SAS,urb,mfh,perm,2095,28.90078316440644
R32OAS-M-SAS,urb,mfh,perm,2100,28.880332808991163
R32OAS-M-SAS,urb,sfh,perm,2020,20.57517675099681
R32OAS-M-SAS,urb,sfh,perm,2025,22.71970600508678
R32OAS-M-SAS,urb,sfh,perm,2030,24.676414788220754
R32OAS-M-SAS,urb,sfh,perm,2035,26.524445419817383
R32OAS-M-SAS,urb,sfh,perm,2040,28.192208398663066
R32OAS-M-SAS,urb,sfh,perm,2045,29.698869720832874
R32OAS-M-SAS,urb,sfh,perm,2050,31.035515542975702
R32OAS-M-SAS,urb,sfh,perm,2055,32.19562798698469
R32OAS-M-SAS,urb,sfh,perm,2060,33.17853621087662
R32OAS-M-SAS,urb,sfh,perm,2065,33.725550253990846
R32OAS-M-SAS,urb,sfh,perm,2070,34.1133317298188
R32OAS-M-SAS,urb,sfh,perm,2075,34.3672992572418
R32OAS-M-SAS,urb,sfh,perm,2080,34.49107655594553
R32OAS-M-SAS,urb,sfh,perm,2085,34.49882279535203
R32OAS-M-SAS,urb,sfh,perm,2090,34.65597735337918
R32OAS-M-SAS,urb,sfh,perm,2095,34.714618862535836
R32OAS-M-SAS,urb,sfh,perm,2100,34.69005460454302
R32PAK,rur,mfh,perm,2020,10.715589657396343
R32PAK,rur,mfh,perm,2025,12.259005481849057
R32PAK,rur,mfh,perm,2030,12.65057612729919
R32PAK,rur,mfh,perm,2035,13.042146772749327
R32PAK,rur,mfh,perm,2040,13.43371741819946
R32PAK,rur,mfh,perm,2045,13.825288063649596
R32PAK,rur,mfh,perm,2050,14.21685870909973
R32PAK,rur,mfh,perm,2055,14.608429354549866
R32PAK,rur,mfh,perm,2060,15
R32PAK,rur,mfh,perm,2065,15
R32PAK,rur,mfh,perm,2070,15
R32PAK,rur,mfh,perm,2075,15
R32PAK,rur,mfh,perm,2080,15
R32PAK,rur,mfh,perm,2085,15
R32PAK,rur,mfh,perm,2090,15
R32PAK,rur,mfh,perm,2095,15
R32PAK,rur,mfh,perm,2100,15
R32PAK,rur,sfh,perm,2020,15.204590762014249
R32PAK,rur,sfh,perm,2025,17.394578129645712
R32PAK,rur,sfh,perm,2030,19.451286833717493
R32PAK,rur,sfh,perm,2035,21.40442245607908
R32PAK,rur,sfh,perm,2040,23.234045055103525
R32PAK,rur,sfh,perm,2045,24.925501066583838
R32PAK,rur,sfh,perm,2050,26.46967938698019
R32PAK,rur,sfh,perm,2055,27.862681280684754
R32PAK,rur,sfh,perm,2060,29.104336447363266
R32PAK,rur,sfh,perm,2065,29.93125774088906
R32PAK,rur,sfh,perm,2070,30.59925396824456
R32PAK,rur,sfh,perm,2075,31.12033024591698
R32PAK,rur,sfh,perm,2080,31.508081247997577
R32PAK,rur,sfh,perm,2085,31.77610488131077
R32PAK,rur,sfh,perm,2090,31.937522484555124
R32PAK,rur,sfh,perm,2095,32.005472644109894
R32PAK,rur,sfh,perm,2100,31.99147996624477
R32PAK,urb,inf,sub,2020,10.43947920355617
R32PAK,urb,inf,sub,2025,12.113023397317498
R32PAK,urb,inf,sub,2030,13.664703008678933
R32PAK,urb,inf,sub,2035,15.090382990057481
R32PAK,urb,inf,sub,2040,16.356847786607617
R32PAK,urb,inf,sub,2045,17.443563131569572
R32PAK,urb,inf,sub,2050,18.342794437426377
R32PAK,urb,inf,sub,2055,19.061190095875347
R32PAK,urb,inf,sub,2060,19.61312161570208
R32PAK,urb,inf,sub,2065,19.828803105767758
R32PAK,urb,inf,sub,2070,19.89337338902673
R32PAK,urb,inf,sub,2075,19.83254715667796
R32PAK,urb,inf,sub,2080,19.668670124959135
R32PAK,urb,inf,sub,2085,17.716299014263882
R32PAK,urb,inf,sub,2090,17.733711465240663
R32PAK,urb,inf,sub,2095,17.20707438579487
R32PAK,urb,inf,sub,2100,17.207933102938753
R32PAK,urb,mfh,perm,2020,17.935927396612616
R32PAK,urb,mfh,perm,2025,20.27302970371843
R32PAK,urb,mfh,perm,2030,22.29997921165641
R32PAK,urb,mfh,perm,2035,24.078561095860696
R32PAK,urb,mfh,perm,2040,25.619402240275306
R32PAK,urb,mfh,perm,2045,26.941914643975633
R32PAK,urb,mfh,perm,2050,28.066762734514835
R32PAK,urb,mfh,perm,2055,29.016476661802546
R32PAK,urb,mfh,perm,2060,29.80822621720414
R32PAK,urb,mfh,perm,2065,30.17947674090283
R32PAK,urb,mfh,perm,2070,30.400094948024147
R32PAK,urb,mfh,perm,2075,30.490452471483433
R32PAK,urb,mfh,perm,2080,30.469056906998546
R32PAK,urb,mfh,perm,2085,30.54905282593038
R32PAK,urb,mfh,perm,2090,30.262773000851244
R32PAK,urb,mfh,perm,2095,29.98639212748133
R32PAK,urb,mfh,perm,2100,29.576395400822612
R32PAK,urb,sfh,perm,2020,21.544014221951944
R32PAK,urb,sfh,perm,2025,24.351260495258863
R32PAK,urb,sfh,perm,2030,26.785961977962327
R32PAK,urb,sfh,perm,2035,28.922332880948915
R32PAK,urb,sfh,perm,2040,30.773137848820642
R32PAK,urb,sfh,perm,2045,32.36169390193048
R32PAK,urb,sfh,perm,2050,33.712822434302254
R32PAK,urb,sfh,perm,2055,34.85358588097726
R32PAK,urb,sfh,perm,2060,35.804608000135566
R32PAK,urb,sfh,perm,2065,36.250541259431785
R32PAK,urb,sfh,perm,2070,36.51554020187513
R32PAK,urb,sfh,perm,2075,36.62407452672052
R32PAK,urb,sfh,perm,2080,36.59837491635991
R32PAK,urb,sfh,perm,2085,36.69446324104231
R32PAK,urb,sfh,perm,2090,36.35059383933366
R32PAK,urb,sfh,perm,2095,36.01861471526107
R32PAK,urb,sfh,perm,2100,35.52614086014516
R32RUS,rur,mfh,perm,2020,24.251772870565578
R32RUS,rur,mfh,perm,2025,26.939394763819127
R32RUS,rur,mfh,perm,2030,28.984158452685286
R32RUS,rur,mfh,perm,2035,30.841845651442913
R32RUS,rur,mfh,perm,2040,32.49047722632293
R32RUS,rur,mfh,perm,2045,33.9157789639764
R32RUS,rur,mfh,perm,2050,35.11099471329122
R32RUS,rur,mfh,perm,2055,36.89610790246932
R32RUS,rur,mfh,perm,2060,38.52966223977946
R32RUS,rur,mfh,perm,2065,40.01199108706312
R32RUS,rur,mfh,perm,2070,41.34708271047783
R32RUS,rur,mfh,perm,2075,42.541708463888696
R32RUS,rur,mfh,perm,2080,43.60459347783295
R32RUS,rur,mfh,perm,2085,44.54568165451601
R32RUS,rur,mfh,perm,2090,45.375521932773104
R32RUS,rur,mfh,perm,2095,46.10478319081524
R32RUS,rur,mfh,perm,2100,46.74389158252449
R32RUS,rur,sfh,perm,2020,27.070405197255788
R32RUS,rur,sfh,perm,2025,30.07039262315207
R32RUS,rur,sfh,perm,2030,32.352806444428786
R32RUS,rur,sfh,perm,2035,34.42640104176064
R32RUS,rur,sfh,perm,2040,36.26664278372245
R32RUS,rur,sfh,perm,2045,37.85759845416175
R32RUS,rur,sfh,perm,2050,39.19172667665402
R32RUS,rur,sfh,perm,2055,41.18431243984444
R32RUS,rur,sfh,perm,2060,43.0077246109353
R32RUS,rur,sfh,perm,2065,44.662335296336046
R32RUS,rur,sfh,perm,2070,46.15259629350888
R32RUS,rur,sfh,perm,2075,47.486065948552486
R32RUS,rur,sfh,perm,2080,48.67248345951654
R32RUS,rur,sfh,perm,2085,49.722948446349605
R32RUS,rur,sfh,perm,2090,50.649235885264545
R32RUS,rur,sfh,perm,2095,51.463254631655715
R32RUS,rur,sfh,perm,2100,52.176642606253395
R32RUS,urb,mfh,perm,2020,17.686151745049674
R32RUS,urb,mfh,perm,2025,19.646160561357355
R32RUS,urb,mfh,perm,2030,21.137350548871503
R32RUS,urb,mfh,perm,2035,22.492110791242897
R32RUS,urb,mfh,perm,2040,23.694412509992592
R32RUS,urb,mfh,perm,2045,24.733845913445638
R32RUS,urb,mfh,perm,2050,25.60548392619115
R32RUS,urb,mfh,perm,2055,26.907317937023905
R32RUS,urb,mfh,perm,2060,28.098624240593846
R32RUS,urb,mfh,perm,2065,29.179645948534322
R32RUS,urb,mfh,perm,2070,30.153291593794176
R32RUS,urb,mfh,perm,2075,31.02449933873443
R32RUS,urb,mfh,perm,2080,31.79963218137181
R32RUS,urb,mfh,perm,2085,32.48594193642027
R32RUS,urb,mfh,perm,2090,33.09112165518723
R32RUS,urb,mfh,perm,2095,33.62295185747208
R32RUS,urb,mfh,perm,2100,34.08903605088886
R32RUS,urb,sfh,perm,2020,22.597635542454512
R32RUS,urb,sfh,perm,2025,25.101943179830503
R32RUS,urb,sfh,perm,2030,27.007239953722184
R32RUS,urb,sfh,perm,2035,28.738220137870226
R32RUS,urb,sfh,perm,2040,30.274403726251844
R32RUS,urb,sfh,perm,2045,31.602490104819722
R32RUS,urb,sfh,perm,2050,32.716183938329074
R32RUS,urb,sfh,perm,2055,34.379540158361756
R32RUS,urb,sfh,perm,2060,35.90167488023743
R32RUS,urb,sfh,perm,2065,37.28289872823241
R32RUS,urb,sfh,perm,2070,38.526927941384365
R32RUS,urb,sfh,perm,2075,39.64007202075901
R32RUS,urb,sfh,perm,2080,40.63046098311815
R32RUS,urb,sfh,perm,2085,41.507360488300634
R32RUS,urb,sfh,perm,2090,42.280599965125134
R32RUS,urb,sfh,perm,2095,42.960120601097664
R32RUS,urb,sfh,perm,2100,43.555637414860115
R32SAF,rur,mfh,perm,2020,36.740509403013256
R32SAF,rur,mfh,perm,2025,36.94286361960129
R32SAF,rur,mfh,perm,2030,36.956667267553954
R32SAF,rur,mfh,perm,2035,36.962518418930266
R32SAF,rur,mfh,perm,2040,36.957961848299895
R32SAF,rur,mfh,perm,2045,36.94091870907811
R32SAF,rur,mfh,perm,2050,36.909857757646876
R32SAF,rur,mfh,perm,2055,37.05434773617739
R32SAF,rur,mfh,perm,2060,37.18525633128274
R32SAF,rur,mfh,perm,2065,36.83629794642633
R32SAF,rur,mfh,perm,2070,36.471721372804716
R32SAF,rur,mfh,perm,2075,36.0924965886497
R32SAF,rur,mfh,perm,2080,35.699826603093655
R32SAF,rur,mfh,perm,2085,35.295377927079755
R32SAF,rur,mfh,perm,2090,34.88023582315037
R32SAF,rur,mfh,perm,2095,34.45569714362212
R32SAF,rur,mfh,perm,2100,34.022980378609155
R32SAF,rur,sfh,perm,2020,35.99093926640797
R32SAF,rur,sfh,perm,2025,36.189165105893046
R32SAF,rur,sfh,perm,2030,36.20268713547814
R32SAF,rur,sfh,perm,2035,36.208418913214636
R32SAF,rur,sfh,perm,2040,36.20395530453077
R32SAF,rur,sfh,perm,2045,36.18725987491896
R32SAF,rur,sfh,perm,2050,36.15683262078767
R32SAF,rur,sfh,perm,2055,36.29837475306605
R32SAF,rur,sfh,perm,2060,36.42661258570484
R32SAF,rur,sfh,perm,2065,36.084773557342295
R32SAF,rur,sfh,perm,2070,35.72763497836292
R32SAF,rur,sfh,perm,2075,35.35614703775967
R32SAF,rur,sfh,perm,2080,34.97148820119139
R32SAF,rur,sfh,perm,2085,34.575290979886624
R32SAF,rur,sfh,perm,2090,34.16861849514896
R32SAF,rur,sfh,perm,2095,33.75274114125769
R32SAF,rur,sfh,perm,2100,33.32885254901458
R32SAF,urb,inf,sub,2020,24.133523208412964
R32SAF,urb,inf,sub,2025,24.134823752268552
R32SAF,urb,inf,sub,2030,23.950829789783228
R32SAF,urb,inf,sub,2035,23.709841356584366
R32SAF,urb,inf,sub,2040,23.420336211897006
R32SAF,urb,inf,sub,2045,23.087068557015762
R32SAF,urb,inf,sub,2050,22.71989604734062
R32SAF,urb,inf,sub,2055,20.01970202797978
R32SAF,urb,inf,sub,2060,20.10132263241289
R32SAF,urb,inf,sub,2065,19.92257090993269
R32SAF,urb,inf,sub,2070,19.73429686632486
R32SAF,urb,inf,sub,2075,19.537216968401953
R32SAF,urb,inf,sub,2080,19.332110569588398
R32SAF,urb,inf,sub,2085,19.119778669052454
R32SAF,urb,inf,sub,2090,18.901011870419747
R32SAF,urb,inf,sub,2095,18.676567101606995
R32SAF,urb,inf,sub,2100,18.44715203672793
R32SAF,urb,mfh,perm,2020,38.348090757070885
R32SAF,urb,mfh,perm,2025,38.29159607890373
R32SAF,urb,mfh,perm,2030,38.034889875775
R32SAF,urb,mfh,perm,2035,37.76785244795112
R32SAF,urb,mfh,perm,2040,37.48951159667137
R32SAF,urb,mfh,perm,2045,37.19682922743439
R32SAF,urb,mfh,perm,2050,36.89091008073406
R32SAF,urb,mfh,perm,2055,37.008465144673245
R32SAF,urb,mfh,perm,2060,36.78905426097982
R32SAF,urb,mfh,perm,2065,36.119693274964675
R32SAF,urb,mfh,perm,2070,35.46560230156799
R32SAF,urb,mfh,perm,2075,34.820332204039055
R32SAF,urb,mfh,perm,2080,34.1836903581624
R32SAF,urb,mfh,perm,2085,33.56221129207657
R32SAF,urb,mfh,perm,2090,33.0949599306458
R32SAF,urb,mfh,perm,2095,32.69215042387428
R32SAF,urb,mfh,perm,2100,32.2815814107509
R32SAF,urb,sfh,perm,2020,42.043541030258424
R32SAF,urb,sfh,perm,2025,41.981602188646754
R32SAF,urb,sfh,perm,2030,41.70015824786922
R32SAF,urb,sfh,perm,2035,41.40738750409346
R32SAF,urb,sfh,perm,2040,41.10222407169965
R32SAF,urb,sfh,perm,2045,40.78133708731754
R32SAF,urb,sfh,perm,2050,40.445937750810394
R32SAF,urb,sfh,perm,2055,40.574821120398504
R32SAF,urb,sfh,perm,2060,40.33426649801879
R32SAF,urb,sfh,perm,2065,39.60040190335463
R32SAF,urb,sfh,perm,2070,38.88327883061198
R32SAF,urb,sfh,perm,2075,38.17582666583753
R32SAF,urb,sfh,perm,2080,37.47783422239995
R32SAF,urb,sfh,perm,2085,36.79646573446267
R32SAF,urb,sfh,perm,2090,36.28418725076433
R32SAF,urb,sfh,perm,2095,35.84256062239813
R32SAF,urb,sfh,perm,2100,35.39242673546341
R32SSA-L,rur,mfh,perm,2020,12.554816374998968
R32SSA-L,rur,mfh,perm,2025,14.996228071749714
R32SSA-L,rur,mfh,perm,2030,14.996766918642612
R32SSA-L,rur,mfh,perm,2035,14.99730576553551
R32SSA-L,rur,mfh,perm,2040,14.997844612428407
R32SSA-L,rur,mfh,perm,2045,14.998383459321307
R32SSA-L,rur,mfh,perm,2050,14.998922306214205
R32SSA-L,rur,mfh,perm,2055,14.999461153107102
R32SSA-L,rur,mfh,perm,2060,15
R32SSA-L,rur,mfh,perm,2065,15
R32SSA-L,rur,mfh,perm,2070,15
R32SSA-L,rur,mfh,perm,2075,15
R32SSA-L,rur,mfh,perm,2080,15
R32SSA-L,rur,mfh,perm,2085,15
R32SSA-L,rur,mfh,perm,2090,15
R32SSA-L,rur,mfh,perm,2095,15
R32SSA-L,rur,mfh,perm,2100,15
R32SSA-L,rur,sfh,perm,2020,12.29867633834258
R32SSA-L,rur,sfh,perm,2025,14.690279000630316
R32SSA-L,rur,sfh,perm,2030,14.734524857683128
R32SSA-L,rur,sfh,perm,2035,14.77877071473594
R32SSA-L,rur,sfh,perm,2040,14.823016571788752
R32SSA-L,rur,sfh,perm,2045,14.867262428841563
R32SSA-L,rur,sfh,perm,2050,14.911508285894376
R32SSA-L,rur,sfh,perm,2055,14.955754142947187
R32SSA-L,rur,sfh,perm,2060,15
R32SSA-L,rur,sfh,perm,2065,15
R32SSA-L,rur,sfh,perm,2070,15
R32SSA-L,rur,sfh,perm,2075,15
R32SSA-L,rur,sfh,perm,2080,15
R32SSA-L,rur,sfh,perm,2085,15
R32SSA-L,rur,sfh,perm,2090,15
R32SSA-L,rur,sfh,perm,2095,15
R32SSA-L,rur,sfh,perm,2100,15
R32SSA-L,urb,inf,sub,2020,9.183689449509494
R32SSA-L,urb,inf,sub,2025,11.04984757270373
R32SSA-L,urb,inf,sub,2030,12.774510853817093
R32SSA-L,urb,inf,sub,2035,14.346008890359743
R32SSA-L,urb,inf,sub,2040,15.731266580004693
R32SSA-L,urb,inf,sub,2045,16.911213690629936
R32SSA-L,urb,inf,sub,2050,17.877841912056276
R32SSA-L,urb,inf,sub,2055,18.637605311373356
R32SSA-L,urb,inf,sub,2060,19.20586244423221
R32SSA-L,urb,inf,sub,2065,19.411601166642587
R32SSA-L,urb,inf,sub,2070,19.444470316516064
R32SSA-L,urb,inf,sub,2075,19.377531779482688
R32SSA-L,urb,inf,sub,2080,18.545412029358143
R32SSA-L,urb,inf,sub,2085,18.140534755104515
R32SSA-L,urb,inf,sub,2090,17.7111731137599
R32SSA-L,urb,inf,sub,2095,17.27991913445817
R32SSA-L,urb,inf,sub,2100,17.161880153593874
R32SSA-L,urb,mfh,perm,2020,17.02516775135683
R32SSA-L,urb,mfh,perm,2025,19.692567421897184
R32SSA-L,urb,mfh,perm,2030,22.183114644561773
R32SSA-L,urb,mfh,perm,2035,24.764229473563674
R32SSA-L,urb,mfh,perm,2040,26.88525022661566
R32SSA-L,urb,mfh,perm,2045,27.503346917350683
R32SSA-L,urb,mfh,perm,2050,28.53339108908945
R32SSA-L,urb,mfh,perm,2055,29.589838019762144
R32SSA-L,urb,mfh,perm,2060,30.512596826032517
R32SSA-L,urb,mfh,perm,2065,30.998441354698347
R32SSA-L,urb,mfh,perm,2070,31.313190622592202
R32SSA-L,urb,mfh,perm,2075,31.47077057168584
R32SSA-L,urb,mfh,perm,2080,31.56493927850512
R32SSA-L,urb,mfh,perm,2085,31.471056807621192
R32SSA-L,urb,mfh,perm,2090,31.279275214430832
R32SSA-L,urb,mfh,perm,2095,31.009370242142626
R32SSA-L,urb,mfh,perm,2100,30.681297735021943
R32SSA-L,urb,sfh,perm,2020,18.665814249676032
R32SSA-L,urb,sfh,perm,2025,21.59026042883249
R32SSA-L,urb,sfh,perm,2030,24.32081160561011
R32SSA-L,urb,sfh,perm,2035,27.1506580223301
R32SSA-L,urb,sfh,perm,2040,29.476072959461685
R32SSA-L,urb,sfh,perm,2045,30.153733126227444
R32SSA-L,urb,sfh,perm,2050,31.283038485177876
R32SSA-L,urb,sfh,perm,2055,32.441290930062316
R32SSA-L,urb,sfh,perm,2060,33.45297226716532
R32SSA-L,urb,sfh,perm,2065,33.985635666360025
R32SSA-L,urb,sfh,perm,2070,34.33071604709577
R32SSA-L,urb,sfh,perm,2075,34.50348133799992
R32SSA-L,urb,sfh,perm,2080,34.606724701900454
R32SSA-L,urb,sfh,perm,2085,34.503795157333684
R32SSA-L,urb,sfh,perm,2090,34.293532348339454
R32SSA-L,urb,sfh,perm,2095,33.997617726447174
R32SSA-L,urb,sfh,perm,2100,33.63793019985278
R32SSA-M,rur,mfh,perm,2020,12.362262089815664
R32SSA-M,rur,mfh,perm,2025,14.776172506669194
R32SSA-M,rur,mfh,perm,2030,14.80814786285931
R32SSA-M,rur,mfh,perm,2035,14.840123219049424
R32SSA-M,rur,mfh,perm,2040,14.872098575239539
R32SSA-M,rur,mfh,perm,2045,14.904073931429656
R32SSA-M,rur,mfh,perm,2050,14.93604928761977
R32SSA-M,rur,mfh,perm,2055,14.968024643809885
R32SSA-M,rur,mfh,perm,2060,15
R32SSA-M,rur,mfh,perm,2065,15
R32SSA-M,rur,mfh,perm,2070,15
R32SSA-M,rur,mfh,perm,2075,15
R32SSA-M,rur,mfh,perm,2080,15
R32SSA-M,rur,mfh,perm,2085,15
R32SSA-M,rur,mfh,perm,2090,15
R32SSA-M,rur,mfh,perm,2095,15
R32SSA-M,rur,mfh,perm,2100,15
R32SSA-M,rur,sfh,perm,2020,12.1100504946587
R32SSA-M,rur,sfh,perm,2025,14.474712950873846
R32SSA-M,rur,sfh,perm,2030,14.549753957891868
R32SSA-M,rur,sfh,perm,2035,14.62479496490989
R32SSA-M,rur,sfh,perm,2040,14.699835971927913
R32SSA-M,rur,sfh,perm,2045,14.774876978945933
R32SSA-M,rur,sfh,perm,2050,14.849917985963955
R32SSA-M,rur,sfh,perm,2055,14.924958992981978
R32SSA-M,rur,sfh,perm,2060,15
R32SSA-M,rur,sfh,perm,2065,15
R32SSA-M,rur,sfh,perm,2070,15
R32SSA-M,rur,sfh,perm,2075,15
R32SSA-M,rur,sfh,perm,2080,15
R32SSA-M,rur,sfh,perm,2085,15
R32SSA-M,rur,sfh,perm,2090,15
R32SSA-M,rur,sfh,perm,2095,15
R32SSA-M,rur,sfh,perm,2100,15
R32SSA-M,urb,inf,sub,2020,9.643555102908657
R32SSA-M,urb,inf,sub,2025,11.410168447741546
R32SSA-M,urb,inf,sub,2030,13.017617822682997
R32SSA-M,urb,inf,sub,2035,14.521172784820905
R32SSA-M,urb,inf,sub,2040,15.925015258136709
R32SSA-M,urb,inf,sub,2045,17.094218027263153
R32SSA-M,urb,inf,sub,2050,18.172197884766774
R32SSA-M,urb,inf,sub,2055,18.957056563926955
R32SSA-M,urb,inf,sub,2060,19.60030230415498
R32SSA-M,urb,inf,sub,2065,19.853416591730067
R32SSA-M,urb,inf,sub,2070,19.841786293318556
R32SSA-M,urb,inf,sub,2075,19.77086165107633
R32SSA-M,urb,inf,sub,2080,19.582169834953884
R32SSA-M,urb,inf,sub,2085,19.303461551096518
R32SSA-M,urb,inf,sub,2090,18.948344185148205
R32SSA-M,urb,inf,sub,2095,17.023263206438784
R32SSA-M,urb,inf,sub,2100,17.052925669931927
R32SSA-M,urb,mfh,perm,2020,14.05224539846555
R32SSA-M,urb,mfh,perm,2025,16.507001198568222
R32SSA-M,urb,mfh,perm,2030,18.81413430028479
R32SSA-M,urb,mfh,perm,2035,20.989952724875433
R32SSA-M,urb,mfh,perm,2040,23.008782149342903
R32SSA-M,urb,mfh,perm,2045,24.866200794424156
R32SSA-M,urb,mfh,perm,2050,26.525288128084846
R32SSA-M,urb,mfh,perm,2055,27.9836827092923
R32SSA-M,urb,mfh,perm,2060,29.20958875912487
R32SSA-M,urb,mfh,perm,2065,29.954201644097704
R32SSA-M,urb,mfh,perm,2070,30.49381894477249
R32SSA-M,urb,mfh,perm,2075,30.834126531205815
R32SSA-M,urb,mfh,perm,2080,31.013594238924956
R32SSA-M,urb,mfh,perm,2085,31.061535597021955
R32SSA-M,urb,mfh,perm,2090,30.988177573906007
R32SSA-M,urb,mfh,perm,2095,30.938603142722187
R32SSA-M,urb,mfh,perm,2100,30.603991348940816
R32SSA-M,urb,sfh,perm,2020,15.406403404026298
R32SSA-M,urb,sfh,perm,2025,18.09771408373339
R32SSA-M,urb,sfh,perm,2030,20.62717626318758
R32SSA-M,urb,sfh,perm,2035,23.01266950164305
R32SSA-M,urb,sfh,perm,2040,25.22604534552493
R32SSA-M,urb,sfh,perm,2045,27.262455906601996
R32SSA-M,urb,sfh,perm,2050,29.081422770622037
R32SSA-M,urb,sfh,perm,2055,30.68035693403919
R32SSA-M,urb,sfh,perm,2060,32.02439858742643
R32SSA-M,urb,sfh,perm,2065,32.840766801931146
R32SSA-M,urb,sfh,perm,2070,33.43238483750112
R32SSA-M,urb,sfh,perm,2075,33.80548648847392
R32SSA-M,urb,sfh,perm,2080,34.00224877270067
R32SSA-M,urb,sfh,perm,2085,34.05481004541087
R32SSA-M,urb,sfh,perm,2090,33.974382806560506
R32SSA-M,urb,sfh,perm,2095,33.92003108812081
R32SSA-M,urb,sfh,perm,2100,33.55317411028126
R32TUR,rur,mfh,perm,2020,27.30229496411692
R32TUR,rur,mfh,perm,2025,27.96973322030256
R32TUR,rur,mfh,perm,2030,28.52210859080544
R32TUR,rur,mfh,perm,2035,29.05003440470884
R32TUR,rur,mfh,perm,2040,29.5476987093146
R32TUR,rur,mfh,perm,2045,30.010562554100748
R32TUR,rur,mfh,perm,2050,30.43543478215011
R32TUR,rur,mfh,perm,2055,30.820441405576712
R32TUR,rur,mfh,perm,2060,31.1649111198773
R32TUR,rur,mfh,perm,2065,31.584899846676986
R32TUR,rur,mfh,perm,2070,31.968715611142496
R32TUR,rur,mfh,perm,2075,32.31779439635216
R32TUR,rur,mfh,perm,2080,32.63403265320937
R32TUR,rur,mfh,perm,2085,32.91962313529949
R32TUR,rur,mfh,perm,2090,33.17691694246304
R32TUR,rur,mfh,perm,2095,33.40831365046154
R32TUR,rur,mfh,perm,2100,33.61617835443258
R32TUR,rur,sfh,perm,2020,45.642763707347704
R32TUR,rur,sfh,perm,2025,46.758557330424594
R32TUR,rur,sfh,perm,2030,47.68199393334595
R32TUR,rur,sfh,perm,2035,48.56455685381368
R32TUR,rur,sfh,perm,2040,49.39652992752619
R32TUR,rur,sfh,perm,2045,50.17032513866191
R32TUR,rur,sfh,perm,2050,50.88060765286663
R32TUR,rur,sfh,perm,2055,51.524244620451924
R32TUR,rur,sfh,perm,2060,52.10011378437473
R32TUR,rur,sfh,perm,2065,52.8022322781593
R32TUR,rur,sfh,perm,2070,53.44387842064214
R32TUR,rur,sfh,perm,2075,54.02745282453431
R32TUR,rur,sfh,perm,2080,54.556125892198665
R32TUR,rur,sfh,perm,2085,55.033563371657415
R32TUR,rur,sfh,perm,2090,55.463695727166886
R32TUR,rur,sfh,perm,2095,55.850534462874414
R32TUR,rur,sfh,perm,2100,56.19803343975229
R32TUR,urb,mfh,perm,2020,24.849459520432305
R32TUR,urb,mfh,perm,2025,25.456935190564483
R32TUR,urb,mfh,perm,2030,25.959685213133476
R32TUR,urb,mfh,perm,2035,26.440182224817853
R32TUR,urb,mfh,perm,2040,26.893136418167472
R32TUR,urb,mfh,perm,2045,27.314416621520415
R32TUR,urb,mfh,perm,2050,27.70111837117716
R32TUR,urb,mfh,perm,2055,28.05153603813561
R32TUR,urb,mfh,perm,2060,28.365058627821856
R32TUR,urb,mfh,perm,2065,28.747315609491828
R32TUR,urb,mfh,perm,2070,29.09664940413893
R32TUR,urb,mfh,perm,2075,29.41436698626563
R32TUR,urb,mfh,perm,2080,29.7021944298162
R32TUR,urb,mfh,perm,2085,29.962127491613618
R32TUR,urb,mfh,perm,2090,30.19630604892434
R32TUR,urb,mfh,perm,2095,30.406914099863904
R32TUR,urb,mfh,perm,2100,30.59610425965978
R32TUR,urb,sfh,perm,2020,43.409341472844375
R32TUR,urb,sfh,perm,2025,44.47053633623889
R32TUR,urb,sfh,perm,2030,45.348786721814996
R32TUR,urb,sfh,perm,2035,46.188163483299014
R32TUR,urb,sfh,perm,2040,46.97942589423809
R32TUR,urb,sfh,perm,2045,47.715357240674834
R32TUR,urb,sfh,perm,2050,48.39088373593697
R32TUR,urb,sfh,perm,2055,49.00302582903196
R32TUR,urb,sfh,perm,2060,49.55071617794882
R32TUR,urb,sfh,perm,2065,50.21847814009721
R32TUR,urb,sfh,perm,2070,50.8287268244749
R32TUR,urb,sfh,perm,2075,51.38374537540652
R32TUR,urb,sfh,perm,2080,51.886549059006526
R32TUR,urb,sfh,perm,2085,52.340624248463584
R32TUR,urb,sfh,perm,2090,52.74970907992887
R32TUR,urb,sfh,perm,2095,53.11761876394628
R32TUR,urb,sfh,perm,2100,53.448113688519115
R32USA,rur,mfh,perm,2020,29.801756151010185
R32USA,rur,mfh,perm,2025,29.87388905649408
R32USA,rur,mfh,perm,2030,29.34248642398376
R32USA,rur,mfh,perm,2035,28.80397889259905
R32USA,rur,mfh,perm,2040,28.25878177687908
R32USA,rur,mfh,perm,2045,27.707320591304292
R32USA,rur,mfh,perm,2050,27.150023297862898
R32USA,rur,mfh,perm,2055,27.19157096249523
R32USA,rur,mfh,perm,2060,27.22982108374249
R32USA,rur,mfh,perm,2065,27.264967846039777
R32USA,rur,mfh,perm,2070,27.297205965893557
R32USA,rur,mfh,perm,2075,27.326728104558992
R32USA,rur,mfh,perm,2080,27.35372275430287
R32USA,rur,mfh,perm,2085,27.37837256922879
R32USA,rur,mfh,perm,2090,27.400853088548317
R32USA,rur,mfh,perm,2095,27.42133180274174
R32USA,rur,mfh,perm,2100,27.439967535400125
R32USA,rur,sfh,perm,2020,78.52626957069457
R32USA,rur,sfh,perm,2025,78.71633648998095
R32USA,rur,sfh,perm,2030,77.31611476614579
R32USA,rur,sfh,perm,2035,75.89717195750423
R32USA,rur,sfh,perm,2040,74.46060239894348
R32USA,rur,sfh,perm,2045,73.0075273017314
R32USA,rur,sfh,perm,2050,71.53907432620719
R32USA,rur,sfh,perm,2055,71.64855052943561
R32USA,rur,sfh,perm,2060,71.74933785609362
R32USA,rur,sfh,perm,2065,71.84194797331986
R32USA,rur,sfh,perm,2070,71.92689395023687
R32USA,rur,sfh,perm,2075,72.0046834404736
R32USA,rur,sfh,perm,2080,72.07581311256449
R32USA,rur,sfh,perm,2085,72.14076425175011
R32USA,rur,sfh,perm,2090,72.1999993958547
R32USA,rur,sfh,perm,2095,72.25395987466223
R32USA,rur,sfh,perm,2100,72.30306418109855
R32USA,urb,mfh,perm,2020,30.78830026579176
R32USA,urb,mfh,perm,2025,30.86163812303498
R32USA,urb,mfh,perm,2030,30.311677812995992
R32USA,urb,mfh,perm,2035,29.754572200775137
R32USA,urb,mfh,perm,2040,29.190724893434872
R32USA,urb,mfh,perm,2045,28.62054983992013
R32USA,urb,mfh,perm,2050,28.044467677184404
R32USA,urb,mfh,perm,2055,28.087053433790654
R32USA,urb,mfh,perm,2060,28.126306506897762
R32USA,urb,mfh,perm,2065,28.162414170043508
R32USA,urb,mfh,perm,2070,28.19556467123279
R32USA,urb,mfh,perm,2075,28.22594599138196
R32USA,urb,mfh,perm,2080,28.25374373794663
R32USA,urb,mfh,perm,2085,28.279139715568615
R32USA,urb,mfh,perm,2090,28.30231038132333
R32USA,urb,mfh,perm,2095,28.323425115597505
R32USA,urb,mfh,perm,2100,28.342646656015987
R32USA,urb,sfh,perm,2020,78.86923324439319
R32USA,urb,sfh,perm,2025,79.05710008077669
R32USA,urb,sfh,perm,2030,77.64828739566015
R32USA,urb,sfh,perm,2035,76.22117085812184
R32USA,urb,sfh,perm,2040,74.77678437322541
R32USA,urb,sfh,perm,2045,73.3161883384468
R32USA,urb,sfh,perm,2050,71.84046028368243
R32USA,urb,sfh,perm,2055,71.94955061805203
R32USA,urb,sfh,perm,2060,72.05010374218418
R32USA,urb,sfh,perm,2065,72.14259938767185
R32USA,urb,sfh,perm,2070,72.2275197823638
R32USA,urb,sfh,perm,2075,72.30534646991822
R32USA,urb,sfh,perm,2080,72.37655491398792
R32USA,urb,sfh,perm,2085,72.44161083670032
R32USA,urb,sfh,perm,2090,72.50096626152276
R32USA,urb,sfh,perm,2095,72.55505508383467
R32USA,urb,sfh,perm,2100,72.60429418250187
