region_bld,clim,urt,mat,arch,year,value
C-EEU-BGR,Zone_4A Mixed Humid,rur,perm,mfh,2015,0.279
C-EEU-BGR,Zone_4A Mixed Humid,rur,perm,sfh,2015,0.721
C-EEU-BGR,Zone_4A Mixed Humid,urb,perm,mfh,2015,0.466
C-EEU-BGR,Zone_4A Mixed Humid,urb,perm,sfh,2015,0.534
C-EEU-BGR,Zone_5A Cool Humid,rur,perm,mfh,2015,0.648
C-EEU-BGR,Zone_5A Cool Humid,rur,perm,sfh,2015,0.352
C-EEU-BGR,Zone_5A Cool Humid,urb,perm,mfh,2015,0.525
C-EEU-BGR,Zone_5A Cool Humid,urb,perm,sfh,2015,0.475
C-EEU-CZE,Zone_5A Cool Humid,rur,perm,mfh,2015,0.517
C-EEU-CZE,Zone_5A Cool Humid,rur,perm,sfh,2015,0.483
C-EEU-CZE,Zone_5A Cool Humid,urb,perm,mfh,2015,0.647
C-EEU-CZE,Zone_5A Cool Humid,urb,perm,sfh,2015,0.353
C-EEU-EST,Zone_6A Cold Humid,rur,perm,mfh,2015,0.56
C-EEU-EST,Zone_6A Cold Humid,rur,perm,sfh,2015,0.43999999999999995
C-EEU-EST,Zone_6A Cold Humid,urb,perm,mfh,2015,0.755
C-EEU-EST,Zone_6A Cold Humid,urb,perm,sfh,2015,0.245
C-EEU-HRV,Zone_4A Mixed Humid,rur,perm,mfh,2015,0.276
C-EEU-HRV,Zone_4A Mixed Humid,rur,perm,sfh,2015,0.724
C-EEU-HRV,Zone_4A Mixed Humid,urb,perm,mfh,2015,0.617
C-EEU-HRV,Zone_4A Mixed Humid,urb,perm,sfh,2015,0.383
C-EEU-HRV,Zone_5A Cool Humid,rur,perm,mfh,2015,0.488
C-EEU-HRV,Zone_5A Cool Humid,rur,perm,sfh,2015,0.512
C-EEU-HRV,Zone_3A Warm Humid,rur,perm,mfh,2015,0.613
C-EEU-HRV,Zone_3A Warm Humid,rur,perm,sfh,2015,0.387
C-EEU-HRV,Zone_4C Mixed Marine,rur,perm,mfh,2015,0.652
C-EEU-HRV,Zone_4C Mixed Marine,rur,perm,sfh,2015,0.348
C-EEU-HUN,Zone_4A Mixed Humid,rur,perm,mfh,2015,0.428
C-EEU-HUN,Zone_4A Mixed Humid,rur,perm,sfh,2015,0.5720000000000001
C-EEU-HUN,Zone_4A Mixed Humid,urb,perm,mfh,2015,0.65
C-EEU-HUN,Zone_4A Mixed Humid,urb,perm,sfh,2015,0.35
C-EEU-HUN,Zone_5A Cool Humid,rur,perm,mfh,2015,0.315
C-EEU-HUN,Zone_5A Cool Humid,rur,perm,sfh,2015,0.685
C-EEU-HUN,Zone_5A Cool Humid,urb,perm,mfh,2015,0.419
C-EEU-HUN,Zone_5A Cool Humid,urb,perm,sfh,2015,0.581
C-EEU-LTU,Zone_5A Cool Humid,rur,perm,mfh,2015,0.524
C-EEU-LTU,Zone_5A Cool Humid,rur,perm,sfh,2015,0.476
C-EEU-LTU,Zone_5A Cool Humid,urb,perm,mfh,2015,0.815
C-EEU-LTU,Zone_5A Cool Humid,urb,perm,sfh,2015,0.18500000000000005
C-EEU-LTU,Zone_6A Cold Humid,rur,perm,mfh,2015,0.5
C-EEU-LTU,Zone_6A Cold Humid,rur,perm,sfh,2015,0.5
C-EEU-LTU,Zone_6A Cold Humid,urb,perm,mfh,2015,0.573
C-EEU-LTU,Zone_6A Cold Humid,urb,perm,sfh,2015,0.42700000000000005
C-EEU-LVA,Zone_6A Cold Humid,rur,perm,mfh,2015,0.519
C-EEU-LVA,Zone_6A Cold Humid,rur,perm,sfh,2015,0.481
C-EEU-LVA,Zone_6A Cold Humid,urb,perm,mfh,2015,0.709
C-EEU-LVA,Zone_6A Cold Humid,urb,perm,sfh,2015,0.29100000000000004
C-EEU-POL,Zone_5A Cool Humid,rur,perm,mfh,2015,0.484
C-EEU-POL,Zone_5A Cool Humid,rur,perm,sfh,2015,0.516
C-EEU-POL,Zone_5A Cool Humid,urb,perm,mfh,2015,0.799
C-EEU-POL,Zone_5A Cool Humid,urb,perm,sfh,2015,0.20099999999999996
C-EEU-POL,Zone_6A Cold Humid,rur,perm,mfh,2015,0.406
C-EEU-POL,Zone_6A Cold Humid,rur,perm,sfh,2015,0.594
C-EEU-POL,Zone_6A Cold Humid,urb,perm,mfh,2015,0.579
C-EEU-POL,Zone_6A Cold Humid,urb,perm,sfh,2015,0.42100000000000004
C-EEU-ROU,Zone_4A Mixed Humid,rur,perm,mfh,2015,0.331
C-EEU-ROU,Zone_4A Mixed Humid,rur,perm,sfh,2015,0.669
C-EEU-ROU,Zone_4A Mixed Humid,urb,perm,mfh,2015,0.635
C-EEU-ROU,Zone_4A Mixed Humid,urb,perm,sfh,2015,0.365
C-EEU-ROU,Zone_5A Cool Humid,rur,perm,mfh,2015,0.326
C-EEU-ROU,Zone_5A Cool Humid,rur,perm,sfh,2015,0.6739999999999999
C-EEU-ROU,Zone_5A Cool Humid,urb,perm,mfh,2015,0.474
C-EEU-ROU,Zone_5A Cool Humid,urb,perm,sfh,2015,0.526
C-EEU-ROU,Zone_6A Cold Humid,rur,perm,mfh,2015,0.414
C-EEU-ROU,Zone_6A Cold Humid,rur,perm,sfh,2015,0.5860000000000001
C-EEU-SVK,Zone_5A Cool Humid,rur,perm,mfh,2015,0.385
C-EEU-SVK,Zone_5A Cool Humid,rur,perm,sfh,2015,0.615
C-EEU-SVK,Zone_5A Cool Humid,urb,perm,mfh,2015,0.567
C-EEU-SVK,Zone_5A Cool Humid,urb,perm,sfh,2015,0.43300000000000005
C-EEU-SVK,Zone_6A Cold Humid,rur,perm,mfh,2015,0.412
C-EEU-SVK,Zone_6A Cold Humid,rur,perm,sfh,2015,0.5880000000000001
C-EEU-SVK,Zone_6A Cold Humid,urb,perm,mfh,2015,0.386
C-EEU-SVK,Zone_6A Cold Humid,urb,perm,sfh,2015,0.614
C-EEU-SVN,Zone_4A Mixed Humid,rur,perm,mfh,2015,0.366
C-EEU-SVN,Zone_4A Mixed Humid,rur,perm,sfh,2015,0.634
C-EEU-SVN,Zone_4A Mixed Humid,urb,perm,mfh,2015,0.601
C-EEU-SVN,Zone_4A Mixed Humid,urb,perm,sfh,2015,0.399
C-EEU-SVN,Zone_5A Cool Humid,rur,perm,mfh,2015,0.328
C-EEU-SVN,Zone_5A Cool Humid,rur,perm,sfh,2015,0.6719999999999999
C-EEU-SVN,Zone_5A Cool Humid,urb,perm,mfh,2015,0.629
C-EEU-SVN,Zone_5A Cool Humid,urb,perm,sfh,2015,0.371
C-EEU-SVN,Zone_7A Very cold Humid,rur,perm,mfh,2015,0.397
C-EEU-SVN,Zone_7A Very cold Humid,rur,perm,sfh,2015,0.603
C-WEU-AUT,Zone_4A Mixed Humid,rur,perm,mfh,2015,0.472
C-WEU-AUT,Zone_4A Mixed Humid,rur,perm,sfh,2015,0.528
C-WEU-AUT,Zone_4A Mixed Humid,urb,perm,mfh,2015,0.798
C-WEU-AUT,Zone_4A Mixed Humid,urb,perm,sfh,2015,0.20199999999999996
C-WEU-AUT,Zone_5A Cool Humid,rur,perm,mfh,2015,0.57
C-WEU-AUT,Zone_5A Cool Humid,rur,perm,sfh,2015,0.43000000000000005
C-WEU-AUT,Zone_5A Cool Humid,urb,perm,mfh,2015,0.621
C-WEU-AUT,Zone_5A Cool Humid,urb,perm,sfh,2015,0.379
C-WEU-AUT,Zone_6A Cold Humid,rur,perm,mfh,2015,0.717
C-WEU-AUT,Zone_6A Cold Humid,rur,perm,sfh,2015,0.28300000000000003
C-WEU-AUT,Zone_6A Cold Humid,urb,perm,mfh,2015,0.807
C-WEU-AUT,Zone_6A Cold Humid,urb,perm,sfh,2015,0.19299999999999995
C-WEU-AUT,Zone_7A Very cold Humid,rur,perm,mfh,2015,0.775
C-WEU-AUT,Zone_7A Very cold Humid,rur,perm,sfh,2015,0.22499999999999998
C-WEU-AUT,Zone_7A Very cold Humid,urb,perm,mfh,2015,0.889
C-WEU-AUT,Zone_7A Very cold Humid,urb,perm,sfh,2015,0.11099999999999999
C-WEU-BEL,Zone_4A Mixed Humid,rur,perm,mfh,2015,0.284
C-WEU-BEL,Zone_4A Mixed Humid,rur,perm,sfh,2015,0.716
C-WEU-BEL,Zone_4A Mixed Humid,urb,perm,mfh,2015,0.662
C-WEU-BEL,Zone_4A Mixed Humid,urb,perm,sfh,2015,0.33799999999999997
C-WEU-BEL,Zone_5A Cool Humid,rur,perm,mfh,2015,0.268
C-WEU-BEL,Zone_5A Cool Humid,rur,perm,sfh,2015,0.732
C-WEU-BEL,Zone_5A Cool Humid,urb,perm,mfh,2015,0.492
C-WEU-BEL,Zone_5A Cool Humid,urb,perm,sfh,2015,0.508
C-WEU-CYP,Zone_3A Warm Humid,urb,perm,mfh,2015,0.523
C-WEU-CYP,Zone_3A Warm Humid,urb,perm,sfh,2015,0.477
C-WEU-DEU,Zone_4A Mixed Humid,rur,perm,mfh,2015,0.601
C-WEU-DEU,Zone_4A Mixed Humid,rur,perm,sfh,2015,0.399
C-WEU-DEU,Zone_4A Mixed Humid,urb,perm,mfh,2015,0.842
C-WEU-DEU,Zone_4A Mixed Humid,urb,perm,sfh,2015,0.15800000000000003
C-WEU-DEU,Zone_5A Cool Humid,rur,perm,mfh,2015,0.731
C-WEU-DEU,Zone_5A Cool Humid,rur,perm,sfh,2015,0.269
C-WEU-DEU,Zone_5A Cool Humid,urb,perm,mfh,2015,0.825
C-WEU-DEU,Zone_5A Cool Humid,urb,perm,sfh,2015,0.17500000000000004
C-WEU-DEU,Zone_6A Cold Humid,rur,perm,mfh,2015,0.779
C-WEU-DEU,Zone_6A Cold Humid,rur,perm,sfh,2015,0.22099999999999997
C-WEU-DEU,Zone_6A Cold Humid,urb,perm,mfh,2015,0.855
C-WEU-DEU,Zone_6A Cold Humid,urb,perm,sfh,2015,0.14500000000000002
C-WEU-DNK,Zone_5A Cool Humid,rur,perm,mfh,2015,0.812
C-WEU-DNK,Zone_5A Cool Humid,rur,perm,sfh,2015,0.18799999999999994
C-WEU-DNK,Zone_5A Cool Humid,urb,perm,mfh,2015,0.81
C-WEU-DNK,Zone_5A Cool Humid,urb,perm,sfh,2015,0.18999999999999995
C-WEU-ESP,Zone_4A Mixed Humid,rur,perm,mfh,2015,0.281
C-WEU-ESP,Zone_4A Mixed Humid,rur,perm,sfh,2015,0.719
C-WEU-ESP,Zone_4A Mixed Humid,urb,perm,mfh,2015,0.567
C-WEU-ESP,Zone_4A Mixed Humid,urb,perm,sfh,2015,0.43300000000000005
C-WEU-ESP,Zone_3A Warm Humid,rur,perm,mfh,2015,0.273
C-WEU-ESP,Zone_3A Warm Humid,rur,perm,sfh,2015,0.727
C-WEU-ESP,Zone_3A Warm Humid,urb,perm,mfh,2015,0.63
C-WEU-ESP,Zone_3A Warm Humid,urb,perm,sfh,2015,0.37
C-WEU-ESP,Zone_4C Mixed Marine,rur,perm,mfh,2015,0.355
C-WEU-ESP,Zone_4C Mixed Marine,rur,perm,sfh,2015,0.645
C-WEU-ESP,Zone_4C Mixed Marine,urb,perm,mfh,2015,0.499
C-WEU-ESP,Zone_4C Mixed Marine,urb,perm,sfh,2015,0.501
C-WEU-ESP,Zone_2B Hot Dry,urb,perm,mfh,2015,0.7
C-WEU-ESP,Zone_2B Hot Dry,urb,perm,sfh,2015,0.30000000000000004
C-WEU-ESP,Zone_3B Warm Dry,rur,perm,mfh,2015,0.423
C-WEU-ESP,Zone_3B Warm Dry,rur,perm,sfh,2015,0.577
C-WEU-ESP,Zone_3B Warm Dry,urb,perm,mfh,2015,0.623
C-WEU-ESP,Zone_3B Warm Dry,urb,perm,sfh,2015,0.377
C-WEU-ESP,Zone_3C Warm Marine,urb,perm,mfh,2015,0.644
C-WEU-ESP,Zone_3C Warm Marine,urb,perm,sfh,2015,0.356
C-WEU-FIN,Zone_6A Cold Humid,rur,perm,mfh,2015,0.724
C-WEU-FIN,Zone_6A Cold Humid,rur,perm,sfh,2015,0.276
C-WEU-FIN,Zone_6A Cold Humid,urb,perm,mfh,2015,0.82
C-WEU-FIN,Zone_6A Cold Humid,urb,perm,sfh,2015,0.18000000000000005
C-WEU-FIN,Zone_7A Very cold Humid,rur,perm,mfh,2015,0.682
C-WEU-FIN,Zone_7A Very cold Humid,rur,perm,sfh,2015,0.31799999999999995
C-WEU-FIN,Zone_7A Very cold Humid,urb,perm,mfh,2015,0.746
C-WEU-FIN,Zone_7A Very cold Humid,urb,perm,sfh,2015,0.254
C-WEU-FRA,Zone_4A Mixed Humid,rur,perm,mfh,2015,0.317
C-WEU-FRA,Zone_4A Mixed Humid,rur,perm,sfh,2015,0.683
C-WEU-FRA,Zone_4A Mixed Humid,urb,perm,mfh,2015,0.638
C-WEU-FRA,Zone_4A Mixed Humid,urb,perm,sfh,2015,0.362
C-WEU-FRA,Zone_5A Cool Humid,rur,perm,mfh,2015,0.313
C-WEU-FRA,Zone_5A Cool Humid,rur,perm,sfh,2015,0.687
C-WEU-FRA,Zone_5A Cool Humid,urb,perm,mfh,2015,0.681
C-WEU-FRA,Zone_5A Cool Humid,urb,perm,sfh,2015,0.31899999999999995
C-WEU-FRA,Zone_3A Warm Humid,rur,perm,mfh,2015,0.354
C-WEU-FRA,Zone_3A Warm Humid,rur,perm,sfh,2015,0.646
C-WEU-FRA,Zone_3A Warm Humid,urb,perm,mfh,2015,0.626
C-WEU-FRA,Zone_3A Warm Humid,urb,perm,sfh,2015,0.374
C-WEU-FRA,Zone_4C Mixed Marine,rur,perm,mfh,2015,0.56
C-WEU-FRA,Zone_4C Mixed Marine,rur,perm,sfh,2015,0.43999999999999995
C-WEU-FRA,Zone_7A Very cold Humid,urb,perm,mfh,2015,0.79
C-WEU-FRA,Zone_7A Very cold Humid,urb,perm,sfh,2015,0.20999999999999996
C-WEU-FRA,Zone_3C Warm Marine,urb,perm,mfh,2015,0.859
C-WEU-FRA,Zone_3C Warm Marine,urb,perm,sfh,2015,0.14100000000000001
C-WEU-FRA,Zone_1A Very hot Humid,urb,perm,mfh,2015,0.471
C-WEU-FRA,Zone_1A Very hot Humid,urb,perm,sfh,2015,0.529
C-WEU-FRA,Zone_2A Hot Humid,urb,perm,mfh,2015,0.4
C-WEU-FRA,Zone_2A Hot Humid,urb,perm,sfh,2015,0.6
C-WEU-GRC,Zone_4A Mixed Humid,rur,perm,mfh,2015,0.379
C-WEU-GRC,Zone_4A Mixed Humid,rur,perm,sfh,2015,0.621
C-WEU-GRC,Zone_4A Mixed Humid,urb,perm,mfh,2015,0.591
C-WEU-GRC,Zone_4A Mixed Humid,urb,perm,sfh,2015,0.40900000000000003
C-WEU-GRC,Zone_5A Cool Humid,rur,perm,mfh,2015,0.411
C-WEU-GRC,Zone_5A Cool Humid,rur,perm,sfh,2015,0.589
C-WEU-GRC,Zone_5A Cool Humid,urb,perm,mfh,2015,0.54
C-WEU-GRC,Zone_5A Cool Humid,urb,perm,sfh,2015,0.45999999999999996
C-WEU-GRC,Zone_3A Warm Humid,rur,perm,mfh,2015,0.455
C-WEU-GRC,Zone_3A Warm Humid,rur,perm,sfh,2015,0.5449999999999999
C-WEU-GRC,Zone_3A Warm Humid,urb,perm,mfh,2015,0.663
C-WEU-GRC,Zone_3A Warm Humid,urb,perm,sfh,2015,0.33699999999999997
C-WEU-GRC,Zone_4C Mixed Marine,urb,perm,mfh,2015,0.49
C-WEU-GRC,Zone_4C Mixed Marine,urb,perm,sfh,2015,0.51
C-WEU-GRC,Zone_5C Cool Marine,urb,perm,mfh,2015,0.564
C-WEU-GRC,Zone_5C Cool Marine,urb,perm,sfh,2015,0.43600000000000005
C-WEU-IRL,Zone_4A Mixed Humid,rur,perm,mfh,2015,0.146
C-WEU-IRL,Zone_4A Mixed Humid,rur,perm,sfh,2015,0.854
C-WEU-IRL,Zone_5A Cool Humid,rur,perm,mfh,2015,0.152
C-WEU-IRL,Zone_5A Cool Humid,rur,perm,sfh,2015,0.848
C-WEU-IRL,Zone_5A Cool Humid,urb,perm,mfh,2015,0.376
C-WEU-IRL,Zone_5A Cool Humid,urb,perm,sfh,2015,0.624
C-WEU-ITA,Zone_4A Mixed Humid,rur,perm,mfh,2015,0.695
C-WEU-ITA,Zone_4A Mixed Humid,rur,perm,sfh,2015,0.30500000000000005
C-WEU-ITA,Zone_4A Mixed Humid,urb,perm,mfh,2015,0.812
C-WEU-ITA,Zone_4A Mixed Humid,urb,perm,sfh,2015,0.18799999999999994
C-WEU-ITA,Zone_5A Cool Humid,urb,perm,mfh,2015,0.792
C-WEU-ITA,Zone_5A Cool Humid,urb,perm,sfh,2015,0.20799999999999996
C-WEU-ITA,Zone_6A Cold Humid,urb,perm,mfh,2015,0.839
C-WEU-ITA,Zone_6A Cold Humid,urb,perm,sfh,2015,0.16100000000000003
C-WEU-ITA,Zone_3A Warm Humid,rur,perm,mfh,2015,0.684
C-WEU-ITA,Zone_3A Warm Humid,rur,perm,sfh,2015,0.31599999999999995
C-WEU-ITA,Zone_3A Warm Humid,urb,perm,mfh,2015,0.771
C-WEU-ITA,Zone_3A Warm Humid,urb,perm,sfh,2015,0.22899999999999998
C-WEU-ITA,Zone_4C Mixed Marine,rur,perm,mfh,2015,0.656
C-WEU-ITA,Zone_4C Mixed Marine,rur,perm,sfh,2015,0.344
C-WEU-ITA,Zone_4C Mixed Marine,urb,perm,mfh,2015,0.846
C-WEU-ITA,Zone_4C Mixed Marine,urb,perm,sfh,2015,0.15400000000000003
C-WEU-ITA,Zone_7A Very cold Humid,rur,perm,mfh,2015,0.8
C-WEU-ITA,Zone_7A Very cold Humid,rur,perm,sfh,2015,0.19999999999999996
C-WEU-ITA,Zone_7A Very cold Humid,urb,perm,mfh,2015,0.8
C-WEU-ITA,Zone_7A Very cold Humid,urb,perm,sfh,2015,0.19999999999999996
C-WEU-ITA,Zone_5C Cool Marine,urb,perm,mfh,2015,0.693
C-WEU-ITA,Zone_5C Cool Marine,urb,perm,sfh,2015,0.30700000000000005
C-WEU-LUX,Zone_5A Cool Humid,urb,perm,mfh,2015,0.985
C-WEU-LUX,Zone_5A Cool Humid,urb,perm,sfh,2015,0.015000000000000013
C-WEU-MLT,Zone_3A Warm Humid,urb,perm,mfh,2015,0.5
C-WEU-MLT,Zone_3A Warm Humid,urb,perm,sfh,2015,0.5
C-WEU-NLD,Zone_4A Mixed Humid,rur,perm,mfh,2015,0.191
C-WEU-NLD,Zone_4A Mixed Humid,rur,perm,sfh,2015,0.8089999999999999
C-WEU-NLD,Zone_4A Mixed Humid,urb,perm,mfh,2015,0.602
C-WEU-NLD,Zone_4A Mixed Humid,urb,perm,sfh,2015,0.398
C-WEU-NLD,Zone_5A Cool Humid,urb,perm,mfh,2015,0.411
C-WEU-NLD,Zone_5A Cool Humid,urb,perm,sfh,2015,0.589
C-WEU-PRT,Zone_4A Mixed Humid,rur,perm,mfh,2015,0.192
C-WEU-PRT,Zone_4A Mixed Humid,rur,perm,sfh,2015,0.808
C-WEU-PRT,Zone_3A Warm Humid,rur,perm,mfh,2015,0.229
C-WEU-PRT,Zone_3A Warm Humid,rur,perm,sfh,2015,0.771
C-WEU-PRT,Zone_3A Warm Humid,urb,perm,mfh,2015,0.677
C-WEU-PRT,Zone_3A Warm Humid,urb,perm,sfh,2015,0.32299999999999995
C-WEU-PRT,Zone_4C Mixed Marine,rur,perm,mfh,2015,0.127
C-WEU-PRT,Zone_4C Mixed Marine,rur,perm,sfh,2015,0.873
C-WEU-PRT,Zone_4C Mixed Marine,urb,perm,mfh,2015,0.335
C-WEU-PRT,Zone_4C Mixed Marine,urb,perm,sfh,2015,0.665
C-WEU-PRT,Zone_3C Warm Marine,rur,perm,mfh,2015,0.195
C-WEU-PRT,Zone_3C Warm Marine,rur,perm,sfh,2015,0.8049999999999999
C-WEU-PRT,Zone_3C Warm Marine,urb,perm,mfh,2015,0.405
C-WEU-PRT,Zone_3C Warm Marine,urb,perm,sfh,2015,0.595
C-WEU-SWE,Zone_5A Cool Humid,rur,perm,mfh,2015,0.107
C-WEU-SWE,Zone_5A Cool Humid,rur,perm,sfh,2015,0.893
C-WEU-SWE,Zone_5A Cool Humid,urb,perm,mfh,2015,0.303
C-WEU-SWE,Zone_5A Cool Humid,urb,perm,sfh,2015,0.6970000000000001
C-WEU-SWE,Zone_6A Cold Humid,rur,perm,mfh,2015,0.161
C-WEU-SWE,Zone_6A Cold Humid,rur,perm,sfh,2015,0.839
C-WEU-SWE,Zone_6A Cold Humid,urb,perm,mfh,2015,0.328
C-WEU-SWE,Zone_6A Cold Humid,urb,perm,sfh,2015,0.6719999999999999
C-WEU-SWE,Zone_7A Very cold Humid,rur,perm,mfh,2015,0.123
C-WEU-SWE,Zone_7A Very cold Humid,rur,perm,sfh,2015,0.877
C-WEU-SWE,Zone_7A Very cold Humid,urb,perm,mfh,2015,0.187
C-WEU-SWE,Zone_7A Very cold Humid,urb,perm,sfh,2015,0.813
C-WEU-SWE,Zone_8A Subarctic/arctic Humid,urb,perm,mfh,2015,0.226
C-WEU-SWE,Zone_8A Subarctic/arctic Humid,urb,perm,sfh,2015,0.774
C-EEU-BGR,Zone_4A Mixed Humid,rur,perm,mfh,2020,0.279
C-EEU-BGR,Zone_4A Mixed Humid,rur,perm,sfh,2020,0.721
C-EEU-BGR,Zone_4A Mixed Humid,urb,perm,mfh,2020,0.466
C-EEU-BGR,Zone_4A Mixed Humid,urb,perm,sfh,2020,0.534
C-EEU-BGR,Zone_5A Cool Humid,rur,perm,mfh,2020,0.648
C-EEU-BGR,Zone_5A Cool Humid,rur,perm,sfh,2020,0.352
C-EEU-BGR,Zone_5A Cool Humid,urb,perm,mfh,2020,0.525
C-EEU-BGR,Zone_5A Cool Humid,urb,perm,sfh,2020,0.475
C-EEU-CZE,Zone_5A Cool Humid,rur,perm,mfh,2020,0.517
C-EEU-CZE,Zone_5A Cool Humid,rur,perm,sfh,2020,0.483
C-EEU-CZE,Zone_5A Cool Humid,urb,perm,mfh,2020,0.647
C-EEU-CZE,Zone_5A Cool Humid,urb,perm,sfh,2020,0.353
C-EEU-EST,Zone_6A Cold Humid,rur,perm,mfh,2020,0.56
C-EEU-EST,Zone_6A Cold Humid,rur,perm,sfh,2020,0.43999999999999995
C-EEU-EST,Zone_6A Cold Humid,urb,perm,mfh,2020,0.755
C-EEU-EST,Zone_6A Cold Humid,urb,perm,sfh,2020,0.245
C-EEU-HRV,Zone_4A Mixed Humid,rur,perm,mfh,2020,0.276
C-EEU-HRV,Zone_4A Mixed Humid,rur,perm,sfh,2020,0.724
C-EEU-HRV,Zone_4A Mixed Humid,urb,perm,mfh,2020,0.617
C-EEU-HRV,Zone_4A Mixed Humid,urb,perm,sfh,2020,0.383
C-EEU-HRV,Zone_5A Cool Humid,rur,perm,mfh,2020,0.488
C-EEU-HRV,Zone_5A Cool Humid,rur,perm,sfh,2020,0.512
C-EEU-HRV,Zone_3A Warm Humid,rur,perm,mfh,2020,0.613
C-EEU-HRV,Zone_3A Warm Humid,rur,perm,sfh,2020,0.387
C-EEU-HRV,Zone_4C Mixed Marine,rur,perm,mfh,2020,0.652
C-EEU-HRV,Zone_4C Mixed Marine,rur,perm,sfh,2020,0.348
C-EEU-HUN,Zone_4A Mixed Humid,rur,perm,mfh,2020,0.428
C-EEU-HUN,Zone_4A Mixed Humid,rur,perm,sfh,2020,0.5720000000000001
C-EEU-HUN,Zone_4A Mixed Humid,urb,perm,mfh,2020,0.65
C-EEU-HUN,Zone_4A Mixed Humid,urb,perm,sfh,2020,0.35
C-EEU-HUN,Zone_5A Cool Humid,rur,perm,mfh,2020,0.315
C-EEU-HUN,Zone_5A Cool Humid,rur,perm,sfh,2020,0.685
C-EEU-HUN,Zone_5A Cool Humid,urb,perm,mfh,2020,0.419
C-EEU-HUN,Zone_5A Cool Humid,urb,perm,sfh,2020,0.581
C-EEU-LTU,Zone_5A Cool Humid,rur,perm,mfh,2020,0.524
C-EEU-LTU,Zone_5A Cool Humid,rur,perm,sfh,2020,0.476
C-EEU-LTU,Zone_5A Cool Humid,urb,perm,mfh,2020,0.815
C-EEU-LTU,Zone_5A Cool Humid,urb,perm,sfh,2020,0.18500000000000005
C-EEU-LTU,Zone_6A Cold Humid,rur,perm,mfh,2020,0.5
C-EEU-LTU,Zone_6A Cold Humid,rur,perm,sfh,2020,0.5
C-EEU-LTU,Zone_6A Cold Humid,urb,perm,mfh,2020,0.573
C-EEU-LTU,Zone_6A Cold Humid,urb,perm,sfh,2020,0.42700000000000005
C-EEU-LVA,Zone_6A Cold Humid,rur,perm,mfh,2020,0.519
C-EEU-LVA,Zone_6A Cold Humid,rur,perm,sfh,2020,0.481
C-EEU-LVA,Zone_6A Cold Humid,urb,perm,mfh,2020,0.709
C-EEU-LVA,Zone_6A Cold Humid,urb,perm,sfh,2020,0.29100000000000004
C-EEU-POL,Zone_5A Cool Humid,rur,perm,mfh,2020,0.484
C-EEU-POL,Zone_5A Cool Humid,rur,perm,sfh,2020,0.516
C-EEU-POL,Zone_5A Cool Humid,urb,perm,mfh,2020,0.799
C-EEU-POL,Zone_5A Cool Humid,urb,perm,sfh,2020,0.20099999999999996
C-EEU-POL,Zone_6A Cold Humid,rur,perm,mfh,2020,0.406
C-EEU-POL,Zone_6A Cold Humid,rur,perm,sfh,2020,0.594
C-EEU-POL,Zone_6A Cold Humid,urb,perm,mfh,2020,0.579
C-EEU-POL,Zone_6A Cold Humid,urb,perm,sfh,2020,0.42100000000000004
C-EEU-ROU,Zone_4A Mixed Humid,rur,perm,mfh,2020,0.331
C-EEU-ROU,Zone_4A Mixed Humid,rur,perm,sfh,2020,0.669
C-EEU-ROU,Zone_4A Mixed Humid,urb,perm,mfh,2020,0.635
C-EEU-ROU,Zone_4A Mixed Humid,urb,perm,sfh,2020,0.365
C-EEU-ROU,Zone_5A Cool Humid,rur,perm,mfh,2020,0.326
C-EEU-ROU,Zone_5A Cool Humid,rur,perm,sfh,2020,0.6739999999999999
C-EEU-ROU,Zone_5A Cool Humid,urb,perm,mfh,2020,0.474
C-EEU-ROU,Zone_5A Cool Humid,urb,perm,sfh,2020,0.526
C-EEU-ROU,Zone_6A Cold Humid,rur,perm,mfh,2020,0.414
C-EEU-ROU,Zone_6A Cold Humid,rur,perm,sfh,2020,0.5860000000000001
C-EEU-SVK,Zone_5A Cool Humid,rur,perm,mfh,2020,0.385
C-EEU-SVK,Zone_5A Cool Humid,rur,perm,sfh,2020,0.615
C-EEU-SVK,Zone_5A Cool Humid,urb,perm,mfh,2020,0.567
C-EEU-SVK,Zone_5A Cool Humid,urb,perm,sfh,2020,0.43300000000000005
C-EEU-SVK,Zone_6A Cold Humid,rur,perm,mfh,2020,0.412
C-EEU-SVK,Zone_6A Cold Humid,rur,perm,sfh,2020,0.5880000000000001
C-EEU-SVK,Zone_6A Cold Humid,urb,perm,mfh,2020,0.386
C-EEU-SVK,Zone_6A Cold Humid,urb,perm,sfh,2020,0.614
C-EEU-SVN,Zone_4A Mixed Humid,rur,perm,mfh,2020,0.366
C-EEU-SVN,Zone_4A Mixed Humid,rur,perm,sfh,2020,0.634
C-EEU-SVN,Zone_4A Mixed Humid,urb,perm,mfh,2020,0.601
C-EEU-SVN,Zone_4A Mixed Humid,urb,perm,sfh,2020,0.399
C-EEU-SVN,Zone_5A Cool Humid,rur,perm,mfh,2020,0.328
C-EEU-SVN,Zone_5A Cool Humid,rur,perm,sfh,2020,0.6719999999999999
C-EEU-SVN,Zone_5A Cool Humid,urb,perm,mfh,2020,0.629
C-EEU-SVN,Zone_5A Cool Humid,urb,perm,sfh,2020,0.371
C-EEU-SVN,Zone_7A Very cold Humid,rur,perm,mfh,2020,0.397
C-EEU-SVN,Zone_7A Very cold Humid,rur,perm,sfh,2020,0.603
C-WEU-AUT,Zone_4A Mixed Humid,rur,perm,mfh,2020,0.472
C-WEU-AUT,Zone_4A Mixed Humid,rur,perm,sfh,2020,0.528
C-WEU-AUT,Zone_4A Mixed Humid,urb,perm,mfh,2020,0.798
C-WEU-AUT,Zone_4A Mixed Humid,urb,perm,sfh,2020,0.20199999999999996
C-WEU-AUT,Zone_5A Cool Humid,rur,perm,mfh,2020,0.57
C-WEU-AUT,Zone_5A Cool Humid,rur,perm,sfh,2020,0.43000000000000005
C-WEU-AUT,Zone_5A Cool Humid,urb,perm,mfh,2020,0.621
C-WEU-AUT,Zone_5A Cool Humid,urb,perm,sfh,2020,0.379
C-WEU-AUT,Zone_6A Cold Humid,rur,perm,mfh,2020,0.717
C-WEU-AUT,Zone_6A Cold Humid,rur,perm,sfh,2020,0.28300000000000003
C-WEU-AUT,Zone_6A Cold Humid,urb,perm,mfh,2020,0.807
C-WEU-AUT,Zone_6A Cold Humid,urb,perm,sfh,2020,0.19299999999999995
C-WEU-AUT,Zone_7A Very cold Humid,rur,perm,mfh,2020,0.775
C-WEU-AUT,Zone_7A Very cold Humid,rur,perm,sfh,2020,0.22499999999999998
C-WEU-AUT,Zone_7A Very cold Humid,urb,perm,mfh,2020,0.889
C-WEU-AUT,Zone_7A Very cold Humid,urb,perm,sfh,2020,0.11099999999999999
C-WEU-BEL,Zone_4A Mixed Humid,rur,perm,mfh,2020,0.284
C-WEU-BEL,Zone_4A Mixed Humid,rur,perm,sfh,2020,0.716
C-WEU-BEL,Zone_4A Mixed Humid,urb,perm,mfh,2020,0.662
C-WEU-BEL,Zone_4A Mixed Humid,urb,perm,sfh,2020,0.33799999999999997
C-WEU-BEL,Zone_5A Cool Humid,rur,perm,mfh,2020,0.268
C-WEU-BEL,Zone_5A Cool Humid,rur,perm,sfh,2020,0.732
C-WEU-BEL,Zone_5A Cool Humid,urb,perm,mfh,2020,0.492
C-WEU-BEL,Zone_5A Cool Humid,urb,perm,sfh,2020,0.508
C-WEU-CYP,Zone_3A Warm Humid,urb,perm,mfh,2020,0.523
C-WEU-CYP,Zone_3A Warm Humid,urb,perm,sfh,2020,0.477
C-WEU-DEU,Zone_4A Mixed Humid,rur,perm,mfh,2020,0.601
C-WEU-DEU,Zone_4A Mixed Humid,rur,perm,sfh,2020,0.399
C-WEU-DEU,Zone_4A Mixed Humid,urb,perm,mfh,2020,0.842
C-WEU-DEU,Zone_4A Mixed Humid,urb,perm,sfh,2020,0.15800000000000003
C-WEU-DEU,Zone_5A Cool Humid,rur,perm,mfh,2020,0.731
C-WEU-DEU,Zone_5A Cool Humid,rur,perm,sfh,2020,0.269
C-WEU-DEU,Zone_5A Cool Humid,urb,perm,mfh,2020,0.825
C-WEU-DEU,Zone_5A Cool Humid,urb,perm,sfh,2020,0.17500000000000004
C-WEU-DEU,Zone_6A Cold Humid,rur,perm,mfh,2020,0.779
C-WEU-DEU,Zone_6A Cold Humid,rur,perm,sfh,2020,0.22099999999999997
C-WEU-DEU,Zone_6A Cold Humid,urb,perm,mfh,2020,0.855
C-WEU-DEU,Zone_6A Cold Humid,urb,perm,sfh,2020,0.14500000000000002
C-WEU-DNK,Zone_5A Cool Humid,rur,perm,mfh,2020,0.812
C-WEU-DNK,Zone_5A Cool Humid,rur,perm,sfh,2020,0.18799999999999994
C-WEU-DNK,Zone_5A Cool Humid,urb,perm,mfh,2020,0.81
C-WEU-DNK,Zone_5A Cool Humid,urb,perm,sfh,2020,0.18999999999999995
C-WEU-ESP,Zone_4A Mixed Humid,rur,perm,mfh,2020,0.281
C-WEU-ESP,Zone_4A Mixed Humid,rur,perm,sfh,2020,0.719
C-WEU-ESP,Zone_4A Mixed Humid,urb,perm,mfh,2020,0.567
C-WEU-ESP,Zone_4A Mixed Humid,urb,perm,sfh,2020,0.43300000000000005
C-WEU-ESP,Zone_3A Warm Humid,rur,perm,mfh,2020,0.273
C-WEU-ESP,Zone_3A Warm Humid,rur,perm,sfh,2020,0.727
C-WEU-ESP,Zone_3A Warm Humid,urb,perm,mfh,2020,0.63
C-WEU-ESP,Zone_3A Warm Humid,urb,perm,sfh,2020,0.37
C-WEU-ESP,Zone_4C Mixed Marine,rur,perm,mfh,2020,0.355
C-WEU-ESP,Zone_4C Mixed Marine,rur,perm,sfh,2020,0.645
C-WEU-ESP,Zone_4C Mixed Marine,urb,perm,mfh,2020,0.499
C-WEU-ESP,Zone_4C Mixed Marine,urb,perm,sfh,2020,0.501
C-WEU-ESP,Zone_2B Hot Dry,urb,perm,mfh,2020,0.7
C-WEU-ESP,Zone_2B Hot Dry,urb,perm,sfh,2020,0.30000000000000004
C-WEU-ESP,Zone_3B Warm Dry,rur,perm,mfh,2020,0.423
C-WEU-ESP,Zone_3B Warm Dry,rur,perm,sfh,2020,0.577
C-WEU-ESP,Zone_3B Warm Dry,urb,perm,mfh,2020,0.623
C-WEU-ESP,Zone_3B Warm Dry,urb,perm,sfh,2020,0.377
C-WEU-ESP,Zone_3C Warm Marine,urb,perm,mfh,2020,0.644
C-WEU-ESP,Zone_3C Warm Marine,urb,perm,sfh,2020,0.356
C-WEU-FIN,Zone_6A Cold Humid,rur,perm,mfh,2020,0.724
C-WEU-FIN,Zone_6A Cold Humid,rur,perm,sfh,2020,0.276
C-WEU-FIN,Zone_6A Cold Humid,urb,perm,mfh,2020,0.82
C-WEU-FIN,Zone_6A Cold Humid,urb,perm,sfh,2020,0.18000000000000005
C-WEU-FIN,Zone_7A Very cold Humid,rur,perm,mfh,2020,0.682
C-WEU-FIN,Zone_7A Very cold Humid,rur,perm,sfh,2020,0.31799999999999995
C-WEU-FIN,Zone_7A Very cold Humid,urb,perm,mfh,2020,0.746
C-WEU-FIN,Zone_7A Very cold Humid,urb,perm,sfh,2020,0.254
C-WEU-FRA,Zone_4A Mixed Humid,rur,perm,mfh,2020,0.317
C-WEU-FRA,Zone_4A Mixed Humid,rur,perm,sfh,2020,0.683
C-WEU-FRA,Zone_4A Mixed Humid,urb,perm,mfh,2020,0.638
C-WEU-FRA,Zone_4A Mixed Humid,urb,perm,sfh,2020,0.362
C-WEU-FRA,Zone_5A Cool Humid,rur,perm,mfh,2020,0.313
C-WEU-FRA,Zone_5A Cool Humid,rur,perm,sfh,2020,0.687
C-WEU-FRA,Zone_5A Cool Humid,urb,perm,mfh,2020,0.681
C-WEU-FRA,Zone_5A Cool Humid,urb,perm,sfh,2020,0.31899999999999995
C-WEU-FRA,Zone_3A Warm Humid,rur,perm,mfh,2020,0.354
C-WEU-FRA,Zone_3A Warm Humid,rur,perm,sfh,2020,0.646
C-WEU-FRA,Zone_3A Warm Humid,urb,perm,mfh,2020,0.626
C-WEU-FRA,Zone_3A Warm Humid,urb,perm,sfh,2020,0.374
C-WEU-FRA,Zone_4C Mixed Marine,rur,perm,mfh,2020,0.56
C-WEU-FRA,Zone_4C Mixed Marine,rur,perm,sfh,2020,0.43999999999999995
C-WEU-FRA,Zone_7A Very cold Humid,urb,perm,mfh,2020,0.79
C-WEU-FRA,Zone_7A Very cold Humid,urb,perm,sfh,2020,0.20999999999999996
C-WEU-FRA,Zone_3C Warm Marine,urb,perm,mfh,2020,0.859
C-WEU-FRA,Zone_3C Warm Marine,urb,perm,sfh,2020,0.14100000000000001
C-WEU-FRA,Zone_1A Very hot Humid,urb,perm,mfh,2020,0.471
C-WEU-FRA,Zone_1A Very hot Humid,urb,perm,sfh,2020,0.529
C-WEU-FRA,Zone_2A Hot Humid,urb,perm,mfh,2020,0.4
C-WEU-FRA,Zone_2A Hot Humid,urb,perm,sfh,2020,0.6
C-WEU-GRC,Zone_4A Mixed Humid,rur,perm,mfh,2020,0.379
C-WEU-GRC,Zone_4A Mixed Humid,rur,perm,sfh,2020,0.621
C-WEU-GRC,Zone_4A Mixed Humid,urb,perm,mfh,2020,0.591
C-WEU-GRC,Zone_4A Mixed Humid,urb,perm,sfh,2020,0.40900000000000003
C-WEU-GRC,Zone_5A Cool Humid,rur,perm,mfh,2020,0.411
C-WEU-GRC,Zone_5A Cool Humid,rur,perm,sfh,2020,0.589
C-WEU-GRC,Zone_5A Cool Humid,urb,perm,mfh,2020,0.54
C-WEU-GRC,Zone_5A Cool Humid,urb,perm,sfh,2020,0.45999999999999996
C-WEU-GRC,Zone_3A Warm Humid,rur,perm,mfh,2020,0.455
C-WEU-GRC,Zone_3A Warm Humid,rur,perm,sfh,2020,0.5449999999999999
C-WEU-GRC,Zone_3A Warm Humid,urb,perm,mfh,2020,0.663
C-WEU-GRC,Zone_3A Warm Humid,urb,perm,sfh,2020,0.33699999999999997
C-WEU-GRC,Zone_4C Mixed Marine,urb,perm,mfh,2020,0.49
C-WEU-GRC,Zone_4C Mixed Marine,urb,perm,sfh,2020,0.51
C-WEU-GRC,Zone_5C Cool Marine,urb,perm,mfh,2020,0.564
C-WEU-GRC,Zone_5C Cool Marine,urb,perm,sfh,2020,0.43600000000000005
C-WEU-IRL,Zone_4A Mixed Humid,rur,perm,mfh,2020,0.146
C-WEU-IRL,Zone_4A Mixed Humid,rur,perm,sfh,2020,0.854
C-WEU-IRL,Zone_5A Cool Humid,rur,perm,mfh,2020,0.152
C-WEU-IRL,Zone_5A Cool Humid,rur,perm,sfh,2020,0.848
C-WEU-IRL,Zone_5A Cool Humid,urb,perm,mfh,2020,0.376
C-WEU-IRL,Zone_5A Cool Humid,urb,perm,sfh,2020,0.624
C-WEU-ITA,Zone_4A Mixed Humid,rur,perm,mfh,2020,0.695
C-WEU-ITA,Zone_4A Mixed Humid,rur,perm,sfh,2020,0.30500000000000005
C-WEU-ITA,Zone_4A Mixed Humid,urb,perm,mfh,2020,0.812
C-WEU-ITA,Zone_4A Mixed Humid,urb,perm,sfh,2020,0.18799999999999994
C-WEU-ITA,Zone_5A Cool Humid,urb,perm,mfh,2020,0.792
C-WEU-ITA,Zone_5A Cool Humid,urb,perm,sfh,2020,0.20799999999999996
C-WEU-ITA,Zone_6A Cold Humid,urb,perm,mfh,2020,0.839
C-WEU-ITA,Zone_6A Cold Humid,urb,perm,sfh,2020,0.16100000000000003
C-WEU-ITA,Zone_3A Warm Humid,rur,perm,mfh,2020,0.684
C-WEU-ITA,Zone_3A Warm Humid,rur,perm,sfh,2020,0.31599999999999995
C-WEU-ITA,Zone_3A Warm Humid,urb,perm,mfh,2020,0.771
C-WEU-ITA,Zone_3A Warm Humid,urb,perm,sfh,2020,0.22899999999999998
C-WEU-ITA,Zone_4C Mixed Marine,rur,perm,mfh,2020,0.656
C-WEU-ITA,Zone_4C Mixed Marine,rur,perm,sfh,2020,0.344
C-WEU-ITA,Zone_4C Mixed Marine,urb,perm,mfh,2020,0.846
C-WEU-ITA,Zone_4C Mixed Marine,urb,perm,sfh,2020,0.15400000000000003
C-WEU-ITA,Zone_7A Very cold Humid,rur,perm,mfh,2020,0.8
C-WEU-ITA,Zone_7A Very cold Humid,rur,perm,sfh,2020,0.19999999999999996
C-WEU-ITA,Zone_7A Very cold Humid,urb,perm,mfh,2020,0.8
C-WEU-ITA,Zone_7A Very cold Humid,urb,perm,sfh,2020,0.19999999999999996
C-WEU-ITA,Zone_5C Cool Marine,urb,perm,mfh,2020,0.693
C-WEU-ITA,Zone_5C Cool Marine,urb,perm,sfh,2020,0.30700000000000005
C-WEU-LUX,Zone_5A Cool Humid,urb,perm,mfh,2020,0.985
C-WEU-LUX,Zone_5A Cool Humid,urb,perm,sfh,2020,0.015000000000000013
C-WEU-MLT,Zone_3A Warm Humid,urb,perm,mfh,2020,0.5
C-WEU-MLT,Zone_3A Warm Humid,urb,perm,sfh,2020,0.5
C-WEU-NLD,Zone_4A Mixed Humid,rur,perm,mfh,2020,0.191
C-WEU-NLD,Zone_4A Mixed Humid,rur,perm,sfh,2020,0.8089999999999999
C-WEU-NLD,Zone_4A Mixed Humid,urb,perm,mfh,2020,0.602
C-WEU-NLD,Zone_4A Mixed Humid,urb,perm,sfh,2020,0.398
C-WEU-NLD,Zone_5A Cool Humid,urb,perm,mfh,2020,0.411
C-WEU-NLD,Zone_5A Cool Humid,urb,perm,sfh,2020,0.589
C-WEU-PRT,Zone_4A Mixed Humid,rur,perm,mfh,2020,0.192
C-WEU-PRT,Zone_4A Mixed Humid,rur,perm,sfh,2020,0.808
C-WEU-PRT,Zone_3A Warm Humid,rur,perm,mfh,2020,0.229
C-WEU-PRT,Zone_3A Warm Humid,rur,perm,sfh,2020,0.771
C-WEU-PRT,Zone_3A Warm Humid,urb,perm,mfh,2020,0.677
C-WEU-PRT,Zone_3A Warm Humid,urb,perm,sfh,2020,0.32299999999999995
C-WEU-PRT,Zone_4C Mixed Marine,rur,perm,mfh,2020,0.127
C-WEU-PRT,Zone_4C Mixed Marine,rur,perm,sfh,2020,0.873
C-WEU-PRT,Zone_4C Mixed Marine,urb,perm,mfh,2020,0.335
C-WEU-PRT,Zone_4C Mixed Marine,urb,perm,sfh,2020,0.665
C-WEU-PRT,Zone_3C Warm Marine,rur,perm,mfh,2020,0.195
C-WEU-PRT,Zone_3C Warm Marine,rur,perm,sfh,2020,0.8049999999999999
C-WEU-PRT,Zone_3C Warm Marine,urb,perm,mfh,2020,0.405
C-WEU-PRT,Zone_3C Warm Marine,urb,perm,sfh,2020,0.595
C-WEU-SWE,Zone_5A Cool Humid,rur,perm,mfh,2020,0.107
C-WEU-SWE,Zone_5A Cool Humid,rur,perm,sfh,2020,0.893
C-WEU-SWE,Zone_5A Cool Humid,urb,perm,mfh,2020,0.303
C-WEU-SWE,Zone_5A Cool Humid,urb,perm,sfh,2020,0.6970000000000001
C-WEU-SWE,Zone_6A Cold Humid,rur,perm,mfh,2020,0.161
C-WEU-SWE,Zone_6A Cold Humid,rur,perm,sfh,2020,0.839
C-WEU-SWE,Zone_6A Cold Humid,urb,perm,mfh,2020,0.328
C-WEU-SWE,Zone_6A Cold Humid,urb,perm,sfh,2020,0.6719999999999999
C-WEU-SWE,Zone_7A Very cold Humid,rur,perm,mfh,2020,0.123
C-WEU-SWE,Zone_7A Very cold Humid,rur,perm,sfh,2020,0.877
C-WEU-SWE,Zone_7A Very cold Humid,urb,perm,mfh,2020,0.187
C-WEU-SWE,Zone_7A Very cold Humid,urb,perm,sfh,2020,0.813
C-WEU-SWE,Zone_8A Subarctic/arctic Humid,urb,perm,mfh,2020,0.226
C-WEU-SWE,Zone_8A Subarctic/arctic Humid,urb,perm,sfh,2020,0.774
C-EEU-BGR,Zone_4A Mixed Humid,rur,perm,mfh,2025,0.279
C-EEU-BGR,Zone_4A Mixed Humid,rur,perm,sfh,2025,0.721
C-EEU-BGR,Zone_4A Mixed Humid,urb,perm,mfh,2025,0.466
C-EEU-BGR,Zone_4A Mixed Humid,urb,perm,sfh,2025,0.534
C-EEU-BGR,Zone_5A Cool Humid,rur,perm,mfh,2025,0.648
C-EEU-BGR,Zone_5A Cool Humid,rur,perm,sfh,2025,0.352
C-EEU-BGR,Zone_5A Cool Humid,urb,perm,mfh,2025,0.525
C-EEU-BGR,Zone_5A Cool Humid,urb,perm,sfh,2025,0.475
C-EEU-CZE,Zone_5A Cool Humid,rur,perm,mfh,2025,0.517
C-EEU-CZE,Zone_5A Cool Humid,rur,perm,sfh,2025,0.483
C-EEU-CZE,Zone_5A Cool Humid,urb,perm,mfh,2025,0.647
C-EEU-CZE,Zone_5A Cool Humid,urb,perm,sfh,2025,0.353
C-EEU-EST,Zone_6A Cold Humid,rur,perm,mfh,2025,0.56
C-EEU-EST,Zone_6A Cold Humid,rur,perm,sfh,2025,0.43999999999999995
C-EEU-EST,Zone_6A Cold Humid,urb,perm,mfh,2025,0.755
C-EEU-EST,Zone_6A Cold Humid,urb,perm,sfh,2025,0.245
C-EEU-HRV,Zone_4A Mixed Humid,rur,perm,mfh,2025,0.276
C-EEU-HRV,Zone_4A Mixed Humid,rur,perm,sfh,2025,0.724
C-EEU-HRV,Zone_4A Mixed Humid,urb,perm,mfh,2025,0.617
C-EEU-HRV,Zone_4A Mixed Humid,urb,perm,sfh,2025,0.383
C-EEU-HRV,Zone_5A Cool Humid,rur,perm,mfh,2025,0.488
C-EEU-HRV,Zone_5A Cool Humid,rur,perm,sfh,2025,0.512
C-EEU-HRV,Zone_3A Warm Humid,rur,perm,mfh,2025,0.613
C-EEU-HRV,Zone_3A Warm Humid,rur,perm,sfh,2025,0.387
C-EEU-HRV,Zone_4C Mixed Marine,rur,perm,mfh,2025,0.652
C-EEU-HRV,Zone_4C Mixed Marine,rur,perm,sfh,2025,0.348
C-EEU-HUN,Zone_4A Mixed Humid,rur,perm,mfh,2025,0.428
C-EEU-HUN,Zone_4A Mixed Humid,rur,perm,sfh,2025,0.5720000000000001
C-EEU-HUN,Zone_4A Mixed Humid,urb,perm,mfh,2025,0.65
C-EEU-HUN,Zone_4A Mixed Humid,urb,perm,sfh,2025,0.35
C-EEU-HUN,Zone_5A Cool Humid,rur,perm,mfh,2025,0.315
C-EEU-HUN,Zone_5A Cool Humid,rur,perm,sfh,2025,0.685
C-EEU-HUN,Zone_5A Cool Humid,urb,perm,mfh,2025,0.419
C-EEU-HUN,Zone_5A Cool Humid,urb,perm,sfh,2025,0.581
C-EEU-LTU,Zone_5A Cool Humid,rur,perm,mfh,2025,0.524
C-EEU-LTU,Zone_5A Cool Humid,rur,perm,sfh,2025,0.476
C-EEU-LTU,Zone_5A Cool Humid,urb,perm,mfh,2025,0.815
C-EEU-LTU,Zone_5A Cool Humid,urb,perm,sfh,2025,0.18500000000000005
C-EEU-LTU,Zone_6A Cold Humid,rur,perm,mfh,2025,0.5
C-EEU-LTU,Zone_6A Cold Humid,rur,perm,sfh,2025,0.5
C-EEU-LTU,Zone_6A Cold Humid,urb,perm,mfh,2025,0.573
C-EEU-LTU,Zone_6A Cold Humid,urb,perm,sfh,2025,0.42700000000000005
C-EEU-LVA,Zone_6A Cold Humid,rur,perm,mfh,2025,0.519
C-EEU-LVA,Zone_6A Cold Humid,rur,perm,sfh,2025,0.481
C-EEU-LVA,Zone_6A Cold Humid,urb,perm,mfh,2025,0.709
C-EEU-LVA,Zone_6A Cold Humid,urb,perm,sfh,2025,0.29100000000000004
C-EEU-POL,Zone_5A Cool Humid,rur,perm,mfh,2025,0.484
C-EEU-POL,Zone_5A Cool Humid,rur,perm,sfh,2025,0.516
C-EEU-POL,Zone_5A Cool Humid,urb,perm,mfh,2025,0.799
C-EEU-POL,Zone_5A Cool Humid,urb,perm,sfh,2025,0.20099999999999996
C-EEU-POL,Zone_6A Cold Humid,rur,perm,mfh,2025,0.406
C-EEU-POL,Zone_6A Cold Humid,rur,perm,sfh,2025,0.594
C-EEU-POL,Zone_6A Cold Humid,urb,perm,mfh,2025,0.579
C-EEU-POL,Zone_6A Cold Humid,urb,perm,sfh,2025,0.42100000000000004
C-EEU-ROU,Zone_4A Mixed Humid,rur,perm,mfh,2025,0.331
C-EEU-ROU,Zone_4A Mixed Humid,rur,perm,sfh,2025,0.669
C-EEU-ROU,Zone_4A Mixed Humid,urb,perm,mfh,2025,0.635
C-EEU-ROU,Zone_4A Mixed Humid,urb,perm,sfh,2025,0.365
C-EEU-ROU,Zone_5A Cool Humid,rur,perm,mfh,2025,0.326
C-EEU-ROU,Zone_5A Cool Humid,rur,perm,sfh,2025,0.6739999999999999
C-EEU-ROU,Zone_5A Cool Humid,urb,perm,mfh,2025,0.474
C-EEU-ROU,Zone_5A Cool Humid,urb,perm,sfh,2025,0.526
C-EEU-ROU,Zone_6A Cold Humid,rur,perm,mfh,2025,0.414
C-EEU-ROU,Zone_6A Cold Humid,rur,perm,sfh,2025,0.5860000000000001
C-EEU-SVK,Zone_5A Cool Humid,rur,perm,mfh,2025,0.385
C-EEU-SVK,Zone_5A Cool Humid,rur,perm,sfh,2025,0.615
C-EEU-SVK,Zone_5A Cool Humid,urb,perm,mfh,2025,0.567
C-EEU-SVK,Zone_5A Cool Humid,urb,perm,sfh,2025,0.43300000000000005
C-EEU-SVK,Zone_6A Cold Humid,rur,perm,mfh,2025,0.412
C-EEU-SVK,Zone_6A Cold Humid,rur,perm,sfh,2025,0.5880000000000001
C-EEU-SVK,Zone_6A Cold Humid,urb,perm,mfh,2025,0.386
C-EEU-SVK,Zone_6A Cold Humid,urb,perm,sfh,2025,0.614
C-EEU-SVN,Zone_4A Mixed Humid,rur,perm,mfh,2025,0.366
C-EEU-SVN,Zone_4A Mixed Humid,rur,perm,sfh,2025,0.634
C-EEU-SVN,Zone_4A Mixed Humid,urb,perm,mfh,2025,0.601
C-EEU-SVN,Zone_4A Mixed Humid,urb,perm,sfh,2025,0.399
C-EEU-SVN,Zone_5A Cool Humid,rur,perm,mfh,2025,0.328
C-EEU-SVN,Zone_5A Cool Humid,rur,perm,sfh,2025,0.6719999999999999
C-EEU-SVN,Zone_5A Cool Humid,urb,perm,mfh,2025,0.629
C-EEU-SVN,Zone_5A Cool Humid,urb,perm,sfh,2025,0.371
C-EEU-SVN,Zone_7A Very cold Humid,rur,perm,mfh,2025,0.397
C-EEU-SVN,Zone_7A Very cold Humid,rur,perm,sfh,2025,0.603
C-WEU-AUT,Zone_4A Mixed Humid,rur,perm,mfh,2025,0.472
C-WEU-AUT,Zone_4A Mixed Humid,rur,perm,sfh,2025,0.528
C-WEU-AUT,Zone_4A Mixed Humid,urb,perm,mfh,2025,0.798
C-WEU-AUT,Zone_4A Mixed Humid,urb,perm,sfh,2025,0.20199999999999996
C-WEU-AUT,Zone_5A Cool Humid,rur,perm,mfh,2025,0.57
C-WEU-AUT,Zone_5A Cool Humid,rur,perm,sfh,2025,0.43000000000000005
C-WEU-AUT,Zone_5A Cool Humid,urb,perm,mfh,2025,0.621
C-WEU-AUT,Zone_5A Cool Humid,urb,perm,sfh,2025,0.379
C-WEU-AUT,Zone_6A Cold Humid,rur,perm,mfh,2025,0.717
C-WEU-AUT,Zone_6A Cold Humid,rur,perm,sfh,2025,0.28300000000000003
C-WEU-AUT,Zone_6A Cold Humid,urb,perm,mfh,2025,0.807
C-WEU-AUT,Zone_6A Cold Humid,urb,perm,sfh,2025,0.19299999999999995
C-WEU-AUT,Zone_7A Very cold Humid,rur,perm,mfh,2025,0.775
C-WEU-AUT,Zone_7A Very cold Humid,rur,perm,sfh,2025,0.22499999999999998
C-WEU-AUT,Zone_7A Very cold Humid,urb,perm,mfh,2025,0.889
C-WEU-AUT,Zone_7A Very cold Humid,urb,perm,sfh,2025,0.11099999999999999
C-WEU-BEL,Zone_4A Mixed Humid,rur,perm,mfh,2025,0.284
C-WEU-BEL,Zone_4A Mixed Humid,rur,perm,sfh,2025,0.716
C-WEU-BEL,Zone_4A Mixed Humid,urb,perm,mfh,2025,0.662
C-WEU-BEL,Zone_4A Mixed Humid,urb,perm,sfh,2025,0.33799999999999997
C-WEU-BEL,Zone_5A Cool Humid,rur,perm,mfh,2025,0.268
C-WEU-BEL,Zone_5A Cool Humid,rur,perm,sfh,2025,0.732
C-WEU-BEL,Zone_5A Cool Humid,urb,perm,mfh,2025,0.492
C-WEU-BEL,Zone_5A Cool Humid,urb,perm,sfh,2025,0.508
C-WEU-CYP,Zone_3A Warm Humid,urb,perm,mfh,2025,0.523
C-WEU-CYP,Zone_3A Warm Humid,urb,perm,sfh,2025,0.477
C-WEU-DEU,Zone_4A Mixed Humid,rur,perm,mfh,2025,0.601
C-WEU-DEU,Zone_4A Mixed Humid,rur,perm,sfh,2025,0.399
C-WEU-DEU,Zone_4A Mixed Humid,urb,perm,mfh,2025,0.842
C-WEU-DEU,Zone_4A Mixed Humid,urb,perm,sfh,2025,0.15800000000000003
C-WEU-DEU,Zone_5A Cool Humid,rur,perm,mfh,2025,0.731
C-WEU-DEU,Zone_5A Cool Humid,rur,perm,sfh,2025,0.269
C-WEU-DEU,Zone_5A Cool Humid,urb,perm,mfh,2025,0.825
C-WEU-DEU,Zone_5A Cool Humid,urb,perm,sfh,2025,0.17500000000000004
C-WEU-DEU,Zone_6A Cold Humid,rur,perm,mfh,2025,0.779
C-WEU-DEU,Zone_6A Cold Humid,rur,perm,sfh,2025,0.22099999999999997
C-WEU-DEU,Zone_6A Cold Humid,urb,perm,mfh,2025,0.855
C-WEU-DEU,Zone_6A Cold Humid,urb,perm,sfh,2025,0.14500000000000002
C-WEU-DNK,Zone_5A Cool Humid,rur,perm,mfh,2025,0.812
C-WEU-DNK,Zone_5A Cool Humid,rur,perm,sfh,2025,0.18799999999999994
C-WEU-DNK,Zone_5A Cool Humid,urb,perm,mfh,2025,0.81
C-WEU-DNK,Zone_5A Cool Humid,urb,perm,sfh,2025,0.18999999999999995
C-WEU-ESP,Zone_4A Mixed Humid,rur,perm,mfh,2025,0.281
C-WEU-ESP,Zone_4A Mixed Humid,rur,perm,sfh,2025,0.719
C-WEU-ESP,Zone_4A Mixed Humid,urb,perm,mfh,2025,0.567
C-WEU-ESP,Zone_4A Mixed Humid,urb,perm,sfh,2025,0.43300000000000005
C-WEU-ESP,Zone_3A Warm Humid,rur,perm,mfh,2025,0.273
C-WEU-ESP,Zone_3A Warm Humid,rur,perm,sfh,2025,0.727
C-WEU-ESP,Zone_3A Warm Humid,urb,perm,mfh,2025,0.63
C-WEU-ESP,Zone_3A Warm Humid,urb,perm,sfh,2025,0.37
C-WEU-ESP,Zone_4C Mixed Marine,rur,perm,mfh,2025,0.355
C-WEU-ESP,Zone_4C Mixed Marine,rur,perm,sfh,2025,0.645
C-WEU-ESP,Zone_4C Mixed Marine,urb,perm,mfh,2025,0.499
C-WEU-ESP,Zone_4C Mixed Marine,urb,perm,sfh,2025,0.501
C-WEU-ESP,Zone_2B Hot Dry,urb,perm,mfh,2025,0.7
C-WEU-ESP,Zone_2B Hot Dry,urb,perm,sfh,2025,0.30000000000000004
C-WEU-ESP,Zone_3B Warm Dry,rur,perm,mfh,2025,0.423
C-WEU-ESP,Zone_3B Warm Dry,rur,perm,sfh,2025,0.577
C-WEU-ESP,Zone_3B Warm Dry,urb,perm,mfh,2025,0.623
C-WEU-ESP,Zone_3B Warm Dry,urb,perm,sfh,2025,0.377
C-WEU-ESP,Zone_3C Warm Marine,urb,perm,mfh,2025,0.644
C-WEU-ESP,Zone_3C Warm Marine,urb,perm,sfh,2025,0.356
C-WEU-FIN,Zone_6A Cold Humid,rur,perm,mfh,2025,0.724
C-WEU-FIN,Zone_6A Cold Humid,rur,perm,sfh,2025,0.276
C-WEU-FIN,Zone_6A Cold Humid,urb,perm,mfh,2025,0.82
C-WEU-FIN,Zone_6A Cold Humid,urb,perm,sfh,2025,0.18000000000000005
C-WEU-FIN,Zone_7A Very cold Humid,rur,perm,mfh,2025,0.682
C-WEU-FIN,Zone_7A Very cold Humid,rur,perm,sfh,2025,0.31799999999999995
C-WEU-FIN,Zone_7A Very cold Humid,urb,perm,mfh,2025,0.746
C-WEU-FIN,Zone_7A Very cold Humid,urb,perm,sfh,2025,0.254
C-WEU-FRA,Zone_4A Mixed Humid,rur,perm,mfh,2025,0.317
C-WEU-FRA,Zone_4A Mixed Humid,rur,perm,sfh,2025,0.683
C-WEU-FRA,Zone_4A Mixed Humid,urb,perm,mfh,2025,0.638
C-WEU-FRA,Zone_4A Mixed Humid,urb,perm,sfh,2025,0.362
C-WEU-FRA,Zone_5A Cool Humid,rur,perm,mfh,2025,0.313
C-WEU-FRA,Zone_5A Cool Humid,rur,perm,sfh,2025,0.687
C-WEU-FRA,Zone_5A Cool Humid,urb,perm,mfh,2025,0.681
C-WEU-FRA,Zone_5A Cool Humid,urb,perm,sfh,2025,0.31899999999999995
C-WEU-FRA,Zone_3A Warm Humid,rur,perm,mfh,2025,0.354
C-WEU-FRA,Zone_3A Warm Humid,rur,perm,sfh,2025,0.646
C-WEU-FRA,Zone_3A Warm Humid,urb,perm,mfh,2025,0.626
C-WEU-FRA,Zone_3A Warm Humid,urb,perm,sfh,2025,0.374
C-WEU-FRA,Zone_4C Mixed Marine,rur,perm,mfh,2025,0.56
C-WEU-FRA,Zone_4C Mixed Marine,rur,perm,sfh,2025,0.43999999999999995
C-WEU-FRA,Zone_7A Very cold Humid,urb,perm,mfh,2025,0.79
C-WEU-FRA,Zone_7A Very cold Humid,urb,perm,sfh,2025,0.20999999999999996
C-WEU-FRA,Zone_3C Warm Marine,urb,perm,mfh,2025,0.859
C-WEU-FRA,Zone_3C Warm Marine,urb,perm,sfh,2025,0.14100000000000001
C-WEU-FRA,Zone_1A Very hot Humid,urb,perm,mfh,2025,0.471
C-WEU-FRA,Zone_1A Very hot Humid,urb,perm,sfh,2025,0.529
C-WEU-FRA,Zone_2A Hot Humid,urb,perm,mfh,2025,0.4
C-WEU-FRA,Zone_2A Hot Humid,urb,perm,sfh,2025,0.6
C-WEU-GRC,Zone_4A Mixed Humid,rur,perm,mfh,2025,0.379
C-WEU-GRC,Zone_4A Mixed Humid,rur,perm,sfh,2025,0.621
C-WEU-GRC,Zone_4A Mixed Humid,urb,perm,mfh,2025,0.591
C-WEU-GRC,Zone_4A Mixed Humid,urb,perm,sfh,2025,0.40900000000000003
C-WEU-GRC,Zone_5A Cool Humid,rur,perm,mfh,2025,0.411
C-WEU-GRC,Zone_5A Cool Humid,rur,perm,sfh,2025,0.589
C-WEU-GRC,Zone_5A Cool Humid,urb,perm,mfh,2025,0.54
C-WEU-GRC,Zone_5A Cool Humid,urb,perm,sfh,2025,0.45999999999999996
C-WEU-GRC,Zone_3A Warm Humid,rur,perm,mfh,2025,0.455
C-WEU-GRC,Zone_3A Warm Humid,rur,perm,sfh,2025,0.5449999999999999
C-WEU-GRC,Zone_3A Warm Humid,urb,perm,mfh,2025,0.663
C-WEU-GRC,Zone_3A Warm Humid,urb,perm,sfh,2025,0.33699999999999997
C-WEU-GRC,Zone_4C Mixed Marine,urb,perm,mfh,2025,0.49
C-WEU-GRC,Zone_4C Mixed Marine,urb,perm,sfh,2025,0.51
C-WEU-GRC,Zone_5C Cool Marine,urb,perm,mfh,2025,0.564
C-WEU-GRC,Zone_5C Cool Marine,urb,perm,sfh,2025,0.43600000000000005
C-WEU-IRL,Zone_4A Mixed Humid,rur,perm,mfh,2025,0.146
C-WEU-IRL,Zone_4A Mixed Humid,rur,perm,sfh,2025,0.854
C-WEU-IRL,Zone_5A Cool Humid,rur,perm,mfh,2025,0.152
C-WEU-IRL,Zone_5A Cool Humid,rur,perm,sfh,2025,0.848
C-WEU-IRL,Zone_5A Cool Humid,urb,perm,mfh,2025,0.376
C-WEU-IRL,Zone_5A Cool Humid,urb,perm,sfh,2025,0.624
C-WEU-ITA,Zone_4A Mixed Humid,rur,perm,mfh,2025,0.695
C-WEU-ITA,Zone_4A Mixed Humid,rur,perm,sfh,2025,0.30500000000000005
C-WEU-ITA,Zone_4A Mixed Humid,urb,perm,mfh,2025,0.812
C-WEU-ITA,Zone_4A Mixed Humid,urb,perm,sfh,2025,0.18799999999999994
C-WEU-ITA,Zone_5A Cool Humid,urb,perm,mfh,2025,0.792
C-WEU-ITA,Zone_5A Cool Humid,urb,perm,sfh,2025,0.20799999999999996
C-WEU-ITA,Zone_6A Cold Humid,urb,perm,mfh,2025,0.839
C-WEU-ITA,Zone_6A Cold Humid,urb,perm,sfh,2025,0.16100000000000003
C-WEU-ITA,Zone_3A Warm Humid,rur,perm,mfh,2025,0.684
C-WEU-ITA,Zone_3A Warm Humid,rur,perm,sfh,2025,0.31599999999999995
C-WEU-ITA,Zone_3A Warm Humid,urb,perm,mfh,2025,0.771
C-WEU-ITA,Zone_3A Warm Humid,urb,perm,sfh,2025,0.22899999999999998
C-WEU-ITA,Zone_4C Mixed Marine,rur,perm,mfh,2025,0.656
C-WEU-ITA,Zone_4C Mixed Marine,rur,perm,sfh,2025,0.344
C-WEU-ITA,Zone_4C Mixed Marine,urb,perm,mfh,2025,0.846
C-WEU-ITA,Zone_4C Mixed Marine,urb,perm,sfh,2025,0.15400000000000003
C-WEU-ITA,Zone_7A Very cold Humid,rur,perm,mfh,2025,0.8
C-WEU-ITA,Zone_7A Very cold Humid,rur,perm,sfh,2025,0.19999999999999996
C-WEU-ITA,Zone_7A Very cold Humid,urb,perm,mfh,2025,0.8
C-WEU-ITA,Zone_7A Very cold Humid,urb,perm,sfh,2025,0.19999999999999996
C-WEU-ITA,Zone_5C Cool Marine,urb,perm,mfh,2025,0.693
C-WEU-ITA,Zone_5C Cool Marine,urb,perm,sfh,2025,0.30700000000000005
C-WEU-LUX,Zone_5A Cool Humid,urb,perm,mfh,2025,0.985
C-WEU-LUX,Zone_5A Cool Humid,urb,perm,sfh,2025,0.015000000000000013
C-WEU-MLT,Zone_3A Warm Humid,urb,perm,mfh,2025,0.5
C-WEU-MLT,Zone_3A Warm Humid,urb,perm,sfh,2025,0.5
C-WEU-NLD,Zone_4A Mixed Humid,rur,perm,mfh,2025,0.191
C-WEU-NLD,Zone_4A Mixed Humid,rur,perm,sfh,2025,0.8089999999999999
C-WEU-NLD,Zone_4A Mixed Humid,urb,perm,mfh,2025,0.602
C-WEU-NLD,Zone_4A Mixed Humid,urb,perm,sfh,2025,0.398
C-WEU-NLD,Zone_5A Cool Humid,urb,perm,mfh,2025,0.411
C-WEU-NLD,Zone_5A Cool Humid,urb,perm,sfh,2025,0.589
C-WEU-PRT,Zone_4A Mixed Humid,rur,perm,mfh,2025,0.192
C-WEU-PRT,Zone_4A Mixed Humid,rur,perm,sfh,2025,0.808
C-WEU-PRT,Zone_3A Warm Humid,rur,perm,mfh,2025,0.229
C-WEU-PRT,Zone_3A Warm Humid,rur,perm,sfh,2025,0.771
C-WEU-PRT,Zone_3A Warm Humid,urb,perm,mfh,2025,0.677
C-WEU-PRT,Zone_3A Warm Humid,urb,perm,sfh,2025,0.32299999999999995
C-WEU-PRT,Zone_4C Mixed Marine,rur,perm,mfh,2025,0.127
C-WEU-PRT,Zone_4C Mixed Marine,rur,perm,sfh,2025,0.873
C-WEU-PRT,Zone_4C Mixed Marine,urb,perm,mfh,2025,0.335
C-WEU-PRT,Zone_4C Mixed Marine,urb,perm,sfh,2025,0.665
C-WEU-PRT,Zone_3C Warm Marine,rur,perm,mfh,2025,0.195
C-WEU-PRT,Zone_3C Warm Marine,rur,perm,sfh,2025,0.8049999999999999
C-WEU-PRT,Zone_3C Warm Marine,urb,perm,mfh,2025,0.405
C-WEU-PRT,Zone_3C Warm Marine,urb,perm,sfh,2025,0.595
C-WEU-SWE,Zone_5A Cool Humid,rur,perm,mfh,2025,0.107
C-WEU-SWE,Zone_5A Cool Humid,rur,perm,sfh,2025,0.893
C-WEU-SWE,Zone_5A Cool Humid,urb,perm,mfh,2025,0.303
C-WEU-SWE,Zone_5A Cool Humid,urb,perm,sfh,2025,0.6970000000000001
C-WEU-SWE,Zone_6A Cold Humid,rur,perm,mfh,2025,0.161
C-WEU-SWE,Zone_6A Cold Humid,rur,perm,sfh,2025,0.839
C-WEU-SWE,Zone_6A Cold Humid,urb,perm,mfh,2025,0.328
C-WEU-SWE,Zone_6A Cold Humid,urb,perm,sfh,2025,0.6719999999999999
C-WEU-SWE,Zone_7A Very cold Humid,rur,perm,mfh,2025,0.123
C-WEU-SWE,Zone_7A Very cold Humid,rur,perm,sfh,2025,0.877
C-WEU-SWE,Zone_7A Very cold Humid,urb,perm,mfh,2025,0.187
C-WEU-SWE,Zone_7A Very cold Humid,urb,perm,sfh,2025,0.813
C-WEU-SWE,Zone_8A Subarctic/arctic Humid,urb,perm,mfh,2025,0.226
C-WEU-SWE,Zone_8A Subarctic/arctic Humid,urb,perm,sfh,2025,0.774
C-EEU-BGR,Zone_4A Mixed Humid,rur,perm,mfh,2030,0.279
C-EEU-BGR,Zone_4A Mixed Humid,rur,perm,sfh,2030,0.721
C-EEU-BGR,Zone_4A Mixed Humid,urb,perm,mfh,2030,0.466
C-EEU-BGR,Zone_4A Mixed Humid,urb,perm,sfh,2030,0.534
C-EEU-BGR,Zone_5A Cool Humid,rur,perm,mfh,2030,0.648
C-EEU-BGR,Zone_5A Cool Humid,rur,perm,sfh,2030,0.352
C-EEU-BGR,Zone_5A Cool Humid,urb,perm,mfh,2030,0.525
C-EEU-BGR,Zone_5A Cool Humid,urb,perm,sfh,2030,0.475
C-EEU-CZE,Zone_5A Cool Humid,rur,perm,mfh,2030,0.517
C-EEU-CZE,Zone_5A Cool Humid,rur,perm,sfh,2030,0.483
C-EEU-CZE,Zone_5A Cool Humid,urb,perm,mfh,2030,0.647
C-EEU-CZE,Zone_5A Cool Humid,urb,perm,sfh,2030,0.353
C-EEU-EST,Zone_6A Cold Humid,rur,perm,mfh,2030,0.56
C-EEU-EST,Zone_6A Cold Humid,rur,perm,sfh,2030,0.43999999999999995
C-EEU-EST,Zone_6A Cold Humid,urb,perm,mfh,2030,0.755
C-EEU-EST,Zone_6A Cold Humid,urb,perm,sfh,2030,0.245
C-EEU-HRV,Zone_4A Mixed Humid,rur,perm,mfh,2030,0.276
C-EEU-HRV,Zone_4A Mixed Humid,rur,perm,sfh,2030,0.724
C-EEU-HRV,Zone_4A Mixed Humid,urb,perm,mfh,2030,0.617
C-EEU-HRV,Zone_4A Mixed Humid,urb,perm,sfh,2030,0.383
C-EEU-HRV,Zone_5A Cool Humid,rur,perm,mfh,2030,0.488
C-EEU-HRV,Zone_5A Cool Humid,rur,perm,sfh,2030,0.512
C-EEU-HRV,Zone_3A Warm Humid,rur,perm,mfh,2030,0.613
C-EEU-HRV,Zone_3A Warm Humid,rur,perm,sfh,2030,0.387
C-EEU-HRV,Zone_4C Mixed Marine,rur,perm,mfh,2030,0.652
C-EEU-HRV,Zone_4C Mixed Marine,rur,perm,sfh,2030,0.348
C-EEU-HUN,Zone_4A Mixed Humid,rur,perm,mfh,2030,0.428
C-EEU-HUN,Zone_4A Mixed Humid,rur,perm,sfh,2030,0.5720000000000001
C-EEU-HUN,Zone_4A Mixed Humid,urb,perm,mfh,2030,0.65
C-EEU-HUN,Zone_4A Mixed Humid,urb,perm,sfh,2030,0.35
C-EEU-HUN,Zone_5A Cool Humid,rur,perm,mfh,2030,0.315
C-EEU-HUN,Zone_5A Cool Humid,rur,perm,sfh,2030,0.685
C-EEU-HUN,Zone_5A Cool Humid,urb,perm,mfh,2030,0.419
C-EEU-HUN,Zone_5A Cool Humid,urb,perm,sfh,2030,0.581
C-EEU-LTU,Zone_5A Cool Humid,rur,perm,mfh,2030,0.524
C-EEU-LTU,Zone_5A Cool Humid,rur,perm,sfh,2030,0.476
C-EEU-LTU,Zone_5A Cool Humid,urb,perm,mfh,2030,0.815
C-EEU-LTU,Zone_5A Cool Humid,urb,perm,sfh,2030,0.18500000000000005
C-EEU-LTU,Zone_6A Cold Humid,rur,perm,mfh,2030,0.5
C-EEU-LTU,Zone_6A Cold Humid,rur,perm,sfh,2030,0.5
C-EEU-LTU,Zone_6A Cold Humid,urb,perm,mfh,2030,0.573
C-EEU-LTU,Zone_6A Cold Humid,urb,perm,sfh,2030,0.42700000000000005
C-EEU-LVA,Zone_6A Cold Humid,rur,perm,mfh,2030,0.519
C-EEU-LVA,Zone_6A Cold Humid,rur,perm,sfh,2030,0.481
C-EEU-LVA,Zone_6A Cold Humid,urb,perm,mfh,2030,0.709
C-EEU-LVA,Zone_6A Cold Humid,urb,perm,sfh,2030,0.29100000000000004
C-EEU-POL,Zone_5A Cool Humid,rur,perm,mfh,2030,0.484
C-EEU-POL,Zone_5A Cool Humid,rur,perm,sfh,2030,0.516
C-EEU-POL,Zone_5A Cool Humid,urb,perm,mfh,2030,0.799
C-EEU-POL,Zone_5A Cool Humid,urb,perm,sfh,2030,0.20099999999999996
C-EEU-POL,Zone_6A Cold Humid,rur,perm,mfh,2030,0.406
C-EEU-POL,Zone_6A Cold Humid,rur,perm,sfh,2030,0.594
C-EEU-POL,Zone_6A Cold Humid,urb,perm,mfh,2030,0.579
C-EEU-POL,Zone_6A Cold Humid,urb,perm,sfh,2030,0.42100000000000004
C-EEU-ROU,Zone_4A Mixed Humid,rur,perm,mfh,2030,0.331
C-EEU-ROU,Zone_4A Mixed Humid,rur,perm,sfh,2030,0.669
C-EEU-ROU,Zone_4A Mixed Humid,urb,perm,mfh,2030,0.635
C-EEU-ROU,Zone_4A Mixed Humid,urb,perm,sfh,2030,0.365
C-EEU-ROU,Zone_5A Cool Humid,rur,perm,mfh,2030,0.326
C-EEU-ROU,Zone_5A Cool Humid,rur,perm,sfh,2030,0.6739999999999999
C-EEU-ROU,Zone_5A Cool Humid,urb,perm,mfh,2030,0.474
C-EEU-ROU,Zone_5A Cool Humid,urb,perm,sfh,2030,0.526
C-EEU-ROU,Zone_6A Cold Humid,rur,perm,mfh,2030,0.414
C-EEU-ROU,Zone_6A Cold Humid,rur,perm,sfh,2030,0.5860000000000001
C-EEU-SVK,Zone_5A Cool Humid,rur,perm,mfh,2030,0.385
C-EEU-SVK,Zone_5A Cool Humid,rur,perm,sfh,2030,0.615
C-EEU-SVK,Zone_5A Cool Humid,urb,perm,mfh,2030,0.567
C-EEU-SVK,Zone_5A Cool Humid,urb,perm,sfh,2030,0.43300000000000005
C-EEU-SVK,Zone_6A Cold Humid,rur,perm,mfh,2030,0.412
C-EEU-SVK,Zone_6A Cold Humid,rur,perm,sfh,2030,0.5880000000000001
C-EEU-SVK,Zone_6A Cold Humid,urb,perm,mfh,2030,0.386
C-EEU-SVK,Zone_6A Cold Humid,urb,perm,sfh,2030,0.614
C-EEU-SVN,Zone_4A Mixed Humid,rur,perm,mfh,2030,0.366
C-EEU-SVN,Zone_4A Mixed Humid,rur,perm,sfh,2030,0.634
C-EEU-SVN,Zone_4A Mixed Humid,urb,perm,mfh,2030,0.601
C-EEU-SVN,Zone_4A Mixed Humid,urb,perm,sfh,2030,0.399
C-EEU-SVN,Zone_5A Cool Humid,rur,perm,mfh,2030,0.328
C-EEU-SVN,Zone_5A Cool Humid,rur,perm,sfh,2030,0.6719999999999999
C-EEU-SVN,Zone_5A Cool Humid,urb,perm,mfh,2030,0.629
C-EEU-SVN,Zone_5A Cool Humid,urb,perm,sfh,2030,0.371
C-EEU-SVN,Zone_7A Very cold Humid,rur,perm,mfh,2030,0.397
C-EEU-SVN,Zone_7A Very cold Humid,rur,perm,sfh,2030,0.603
C-WEU-AUT,Zone_4A Mixed Humid,rur,perm,mfh,2030,0.472
C-WEU-AUT,Zone_4A Mixed Humid,rur,perm,sfh,2030,0.528
C-WEU-AUT,Zone_4A Mixed Humid,urb,perm,mfh,2030,0.798
C-WEU-AUT,Zone_4A Mixed Humid,urb,perm,sfh,2030,0.20199999999999996
C-WEU-AUT,Zone_5A Cool Humid,rur,perm,mfh,2030,0.57
C-WEU-AUT,Zone_5A Cool Humid,rur,perm,sfh,2030,0.43000000000000005
C-WEU-AUT,Zone_5A Cool Humid,urb,perm,mfh,2030,0.621
C-WEU-AUT,Zone_5A Cool Humid,urb,perm,sfh,2030,0.379
C-WEU-AUT,Zone_6A Cold Humid,rur,perm,mfh,2030,0.717
C-WEU-AUT,Zone_6A Cold Humid,rur,perm,sfh,2030,0.28300000000000003
C-WEU-AUT,Zone_6A Cold Humid,urb,perm,mfh,2030,0.807
C-WEU-AUT,Zone_6A Cold Humid,urb,perm,sfh,2030,0.19299999999999995
C-WEU-AUT,Zone_7A Very cold Humid,rur,perm,mfh,2030,0.775
C-WEU-AUT,Zone_7A Very cold Humid,rur,perm,sfh,2030,0.22499999999999998
C-WEU-AUT,Zone_7A Very cold Humid,urb,perm,mfh,2030,0.889
C-WEU-AUT,Zone_7A Very cold Humid,urb,perm,sfh,2030,0.11099999999999999
C-WEU-BEL,Zone_4A Mixed Humid,rur,perm,mfh,2030,0.284
C-WEU-BEL,Zone_4A Mixed Humid,rur,perm,sfh,2030,0.716
C-WEU-BEL,Zone_4A Mixed Humid,urb,perm,mfh,2030,0.662
C-WEU-BEL,Zone_4A Mixed Humid,urb,perm,sfh,2030,0.33799999999999997
C-WEU-BEL,Zone_5A Cool Humid,rur,perm,mfh,2030,0.268
C-WEU-BEL,Zone_5A Cool Humid,rur,perm,sfh,2030,0.732
C-WEU-BEL,Zone_5A Cool Humid,urb,perm,mfh,2030,0.492
C-WEU-BEL,Zone_5A Cool Humid,urb,perm,sfh,2030,0.508
C-WEU-CYP,Zone_3A Warm Humid,urb,perm,mfh,2030,0.523
C-WEU-CYP,Zone_3A Warm Humid,urb,perm,sfh,2030,0.477
C-WEU-DEU,Zone_4A Mixed Humid,rur,perm,mfh,2030,0.601
C-WEU-DEU,Zone_4A Mixed Humid,rur,perm,sfh,2030,0.399
C-WEU-DEU,Zone_4A Mixed Humid,urb,perm,mfh,2030,0.842
C-WEU-DEU,Zone_4A Mixed Humid,urb,perm,sfh,2030,0.15800000000000003
C-WEU-DEU,Zone_5A Cool Humid,rur,perm,mfh,2030,0.731
C-WEU-DEU,Zone_5A Cool Humid,rur,perm,sfh,2030,0.269
C-WEU-DEU,Zone_5A Cool Humid,urb,perm,mfh,2030,0.825
C-WEU-DEU,Zone_5A Cool Humid,urb,perm,sfh,2030,0.17500000000000004
C-WEU-DEU,Zone_6A Cold Humid,rur,perm,mfh,2030,0.779
C-WEU-DEU,Zone_6A Cold Humid,rur,perm,sfh,2030,0.22099999999999997
C-WEU-DEU,Zone_6A Cold Humid,urb,perm,mfh,2030,0.855
C-WEU-DEU,Zone_6A Cold Humid,urb,perm,sfh,2030,0.14500000000000002
C-WEU-DNK,Zone_5A Cool Humid,rur,perm,mfh,2030,0.812
C-WEU-DNK,Zone_5A Cool Humid,rur,perm,sfh,2030,0.18799999999999994
C-WEU-DNK,Zone_5A Cool Humid,urb,perm,mfh,2030,0.81
C-WEU-DNK,Zone_5A Cool Humid,urb,perm,sfh,2030,0.18999999999999995
C-WEU-ESP,Zone_4A Mixed Humid,rur,perm,mfh,2030,0.281
C-WEU-ESP,Zone_4A Mixed Humid,rur,perm,sfh,2030,0.719
C-WEU-ESP,Zone_4A Mixed Humid,urb,perm,mfh,2030,0.567
C-WEU-ESP,Zone_4A Mixed Humid,urb,perm,sfh,2030,0.43300000000000005
C-WEU-ESP,Zone_3A Warm Humid,rur,perm,mfh,2030,0.273
C-WEU-ESP,Zone_3A Warm Humid,rur,perm,sfh,2030,0.727
C-WEU-ESP,Zone_3A Warm Humid,urb,perm,mfh,2030,0.63
C-WEU-ESP,Zone_3A Warm Humid,urb,perm,sfh,2030,0.37
C-WEU-ESP,Zone_4C Mixed Marine,rur,perm,mfh,2030,0.355
C-WEU-ESP,Zone_4C Mixed Marine,rur,perm,sfh,2030,0.645
C-WEU-ESP,Zone_4C Mixed Marine,urb,perm,mfh,2030,0.499
C-WEU-ESP,Zone_4C Mixed Marine,urb,perm,sfh,2030,0.501
C-WEU-ESP,Zone_2B Hot Dry,urb,perm,mfh,2030,0.7
C-WEU-ESP,Zone_2B Hot Dry,urb,perm,sfh,2030,0.30000000000000004
C-WEU-ESP,Zone_3B Warm Dry,rur,perm,mfh,2030,0.423
C-WEU-ESP,Zone_3B Warm Dry,rur,perm,sfh,2030,0.577
C-WEU-ESP,Zone_3B Warm Dry,urb,perm,mfh,2030,0.623
C-WEU-ESP,Zone_3B Warm Dry,urb,perm,sfh,2030,0.377
C-WEU-ESP,Zone_3C Warm Marine,urb,perm,mfh,2030,0.644
C-WEU-ESP,Zone_3C Warm Marine,urb,perm,sfh,2030,0.356
C-WEU-FIN,Zone_6A Cold Humid,rur,perm,mfh,2030,0.724
C-WEU-FIN,Zone_6A Cold Humid,rur,perm,sfh,2030,0.276
C-WEU-FIN,Zone_6A Cold Humid,urb,perm,mfh,2030,0.82
C-WEU-FIN,Zone_6A Cold Humid,urb,perm,sfh,2030,0.18000000000000005
C-WEU-FIN,Zone_7A Very cold Humid,rur,perm,mfh,2030,0.682
C-WEU-FIN,Zone_7A Very cold Humid,rur,perm,sfh,2030,0.31799999999999995
C-WEU-FIN,Zone_7A Very cold Humid,urb,perm,mfh,2030,0.746
C-WEU-FIN,Zone_7A Very cold Humid,urb,perm,sfh,2030,0.254
C-WEU-FRA,Zone_4A Mixed Humid,rur,perm,mfh,2030,0.317
C-WEU-FRA,Zone_4A Mixed Humid,rur,perm,sfh,2030,0.683
C-WEU-FRA,Zone_4A Mixed Humid,urb,perm,mfh,2030,0.638
C-WEU-FRA,Zone_4A Mixed Humid,urb,perm,sfh,2030,0.362
C-WEU-FRA,Zone_5A Cool Humid,rur,perm,mfh,2030,0.313
C-WEU-FRA,Zone_5A Cool Humid,rur,perm,sfh,2030,0.687
C-WEU-FRA,Zone_5A Cool Humid,urb,perm,mfh,2030,0.681
C-WEU-FRA,Zone_5A Cool Humid,urb,perm,sfh,2030,0.31899999999999995
C-WEU-FRA,Zone_3A Warm Humid,rur,perm,mfh,2030,0.354
C-WEU-FRA,Zone_3A Warm Humid,rur,perm,sfh,2030,0.646
C-WEU-FRA,Zone_3A Warm Humid,urb,perm,mfh,2030,0.626
C-WEU-FRA,Zone_3A Warm Humid,urb,perm,sfh,2030,0.374
C-WEU-FRA,Zone_4C Mixed Marine,rur,perm,mfh,2030,0.56
C-WEU-FRA,Zone_4C Mixed Marine,rur,perm,sfh,2030,0.43999999999999995
C-WEU-FRA,Zone_7A Very cold Humid,urb,perm,mfh,2030,0.79
C-WEU-FRA,Zone_7A Very cold Humid,urb,perm,sfh,2030,0.20999999999999996
C-WEU-FRA,Zone_3C Warm Marine,urb,perm,mfh,2030,0.859
C-WEU-FRA,Zone_3C Warm Marine,urb,perm,sfh,2030,0.14100000000000001
C-WEU-FRA,Zone_1A Very hot Humid,urb,perm,mfh,2030,0.471
C-WEU-FRA,Zone_1A Very hot Humid,urb,perm,sfh,2030,0.529
C-WEU-FRA,Zone_2A Hot Humid,urb,perm,mfh,2030,0.4
C-WEU-FRA,Zone_2A Hot Humid,urb,perm,sfh,2030,0.6
C-WEU-GRC,Zone_4A Mixed Humid,rur,perm,mfh,2030,0.379
C-WEU-GRC,Zone_4A Mixed Humid,rur,perm,sfh,2030,0.621
C-WEU-GRC,Zone_4A Mixed Humid,urb,perm,mfh,2030,0.591
C-WEU-GRC,Zone_4A Mixed Humid,urb,perm,sfh,2030,0.40900000000000003
C-WEU-GRC,Zone_5A Cool Humid,rur,perm,mfh,2030,0.411
C-WEU-GRC,Zone_5A Cool Humid,rur,perm,sfh,2030,0.589
C-WEU-GRC,Zone_5A Cool Humid,urb,perm,mfh,2030,0.54
C-WEU-GRC,Zone_5A Cool Humid,urb,perm,sfh,2030,0.45999999999999996
C-WEU-GRC,Zone_3A Warm Humid,rur,perm,mfh,2030,0.455
C-WEU-GRC,Zone_3A Warm Humid,rur,perm,sfh,2030,0.5449999999999999
C-WEU-GRC,Zone_3A Warm Humid,urb,perm,mfh,2030,0.663
C-WEU-GRC,Zone_3A Warm Humid,urb,perm,sfh,2030,0.33699999999999997
C-WEU-GRC,Zone_4C Mixed Marine,urb,perm,mfh,2030,0.49
C-WEU-GRC,Zone_4C Mixed Marine,urb,perm,sfh,2030,0.51
C-WEU-GRC,Zone_5C Cool Marine,urb,perm,mfh,2030,0.564
C-WEU-GRC,Zone_5C Cool Marine,urb,perm,sfh,2030,0.43600000000000005
C-WEU-IRL,Zone_4A Mixed Humid,rur,perm,mfh,2030,0.146
C-WEU-IRL,Zone_4A Mixed Humid,rur,perm,sfh,2030,0.854
C-WEU-IRL,Zone_5A Cool Humid,rur,perm,mfh,2030,0.152
C-WEU-IRL,Zone_5A Cool Humid,rur,perm,sfh,2030,0.848
C-WEU-IRL,Zone_5A Cool Humid,urb,perm,mfh,2030,0.376
C-WEU-IRL,Zone_5A Cool Humid,urb,perm,sfh,2030,0.624
C-WEU-ITA,Zone_4A Mixed Humid,rur,perm,mfh,2030,0.695
C-WEU-ITA,Zone_4A Mixed Humid,rur,perm,sfh,2030,0.30500000000000005
C-WEU-ITA,Zone_4A Mixed Humid,urb,perm,mfh,2030,0.812
C-WEU-ITA,Zone_4A Mixed Humid,urb,perm,sfh,2030,0.18799999999999994
C-WEU-ITA,Zone_5A Cool Humid,urb,perm,mfh,2030,0.792
C-WEU-ITA,Zone_5A Cool Humid,urb,perm,sfh,2030,0.20799999999999996
C-WEU-ITA,Zone_6A Cold Humid,urb,perm,mfh,2030,0.839
C-WEU-ITA,Zone_6A Cold Humid,urb,perm,sfh,2030,0.16100000000000003
C-WEU-ITA,Zone_3A Warm Humid,rur,perm,mfh,2030,0.684
C-WEU-ITA,Zone_3A Warm Humid,rur,perm,sfh,2030,0.31599999999999995
C-WEU-ITA,Zone_3A Warm Humid,urb,perm,mfh,2030,0.771
C-WEU-ITA,Zone_3A Warm Humid,urb,perm,sfh,2030,0.22899999999999998
C-WEU-ITA,Zone_4C Mixed Marine,rur,perm,mfh,2030,0.656
C-WEU-ITA,Zone_4C Mixed Marine,rur,perm,sfh,2030,0.344
C-WEU-ITA,Zone_4C Mixed Marine,urb,perm,mfh,2030,0.846
C-WEU-ITA,Zone_4C Mixed Marine,urb,perm,sfh,2030,0.15400000000000003
C-WEU-ITA,Zone_7A Very cold Humid,rur,perm,mfh,2030,0.8
C-WEU-ITA,Zone_7A Very cold Humid,rur,perm,sfh,2030,0.19999999999999996
C-WEU-ITA,Zone_7A Very cold Humid,urb,perm,mfh,2030,0.8
C-WEU-ITA,Zone_7A Very cold Humid,urb,perm,sfh,2030,0.19999999999999996
C-WEU-ITA,Zone_5C Cool Marine,urb,perm,mfh,2030,0.693
C-WEU-ITA,Zone_5C Cool Marine,urb,perm,sfh,2030,0.30700000000000005
C-WEU-LUX,Zone_5A Cool Humid,urb,perm,mfh,2030,0.985
C-WEU-LUX,Zone_5A Cool Humid,urb,perm,sfh,2030,0.015000000000000013
C-WEU-MLT,Zone_3A Warm Humid,urb,perm,mfh,2030,0.5
C-WEU-MLT,Zone_3A Warm Humid,urb,perm,sfh,2030,0.5
C-WEU-NLD,Zone_4A Mixed Humid,rur,perm,mfh,2030,0.191
C-WEU-NLD,Zone_4A Mixed Humid,rur,perm,sfh,2030,0.8089999999999999
C-WEU-NLD,Zone_4A Mixed Humid,urb,perm,mfh,2030,0.602
C-WEU-NLD,Zone_4A Mixed Humid,urb,perm,sfh,2030,0.398
C-WEU-NLD,Zone_5A Cool Humid,urb,perm,mfh,2030,0.411
C-WEU-NLD,Zone_5A Cool Humid,urb,perm,sfh,2030,0.589
C-WEU-PRT,Zone_4A Mixed Humid,rur,perm,mfh,2030,0.192
C-WEU-PRT,Zone_4A Mixed Humid,rur,perm,sfh,2030,0.808
C-WEU-PRT,Zone_3A Warm Humid,rur,perm,mfh,2030,0.229
C-WEU-PRT,Zone_3A Warm Humid,rur,perm,sfh,2030,0.771
C-WEU-PRT,Zone_3A Warm Humid,urb,perm,mfh,2030,0.677
C-WEU-PRT,Zone_3A Warm Humid,urb,perm,sfh,2030,0.32299999999999995
C-WEU-PRT,Zone_4C Mixed Marine,rur,perm,mfh,2030,0.127
C-WEU-PRT,Zone_4C Mixed Marine,rur,perm,sfh,2030,0.873
C-WEU-PRT,Zone_4C Mixed Marine,urb,perm,mfh,2030,0.335
C-WEU-PRT,Zone_4C Mixed Marine,urb,perm,sfh,2030,0.665
C-WEU-PRT,Zone_3C Warm Marine,rur,perm,mfh,2030,0.195
C-WEU-PRT,Zone_3C Warm Marine,rur,perm,sfh,2030,0.8049999999999999
C-WEU-PRT,Zone_3C Warm Marine,urb,perm,mfh,2030,0.405
C-WEU-PRT,Zone_3C Warm Marine,urb,perm,sfh,2030,0.595
C-WEU-SWE,Zone_5A Cool Humid,rur,perm,mfh,2030,0.107
C-WEU-SWE,Zone_5A Cool Humid,rur,perm,sfh,2030,0.893
C-WEU-SWE,Zone_5A Cool Humid,urb,perm,mfh,2030,0.303
C-WEU-SWE,Zone_5A Cool Humid,urb,perm,sfh,2030,0.6970000000000001
C-WEU-SWE,Zone_6A Cold Humid,rur,perm,mfh,2030,0.161
C-WEU-SWE,Zone_6A Cold Humid,rur,perm,sfh,2030,0.839
C-WEU-SWE,Zone_6A Cold Humid,urb,perm,mfh,2030,0.328
C-WEU-SWE,Zone_6A Cold Humid,urb,perm,sfh,2030,0.6719999999999999
C-WEU-SWE,Zone_7A Very cold Humid,rur,perm,mfh,2030,0.123
C-WEU-SWE,Zone_7A Very cold Humid,rur,perm,sfh,2030,0.877
C-WEU-SWE,Zone_7A Very cold Humid,urb,perm,mfh,2030,0.187
C-WEU-SWE,Zone_7A Very cold Humid,urb,perm,sfh,2030,0.813
C-WEU-SWE,Zone_8A Subarctic/arctic Humid,urb,perm,mfh,2030,0.226
C-WEU-SWE,Zone_8A Subarctic/arctic Humid,urb,perm,sfh,2030,0.774
C-EEU-BGR,Zone_4A Mixed Humid,rur,perm,mfh,2035,0.279
C-EEU-BGR,Zone_4A Mixed Humid,rur,perm,sfh,2035,0.721
C-EEU-BGR,Zone_4A Mixed Humid,urb,perm,mfh,2035,0.466
C-EEU-BGR,Zone_4A Mixed Humid,urb,perm,sfh,2035,0.534
C-EEU-BGR,Zone_5A Cool Humid,rur,perm,mfh,2035,0.648
C-EEU-BGR,Zone_5A Cool Humid,rur,perm,sfh,2035,0.352
C-EEU-BGR,Zone_5A Cool Humid,urb,perm,mfh,2035,0.525
C-EEU-BGR,Zone_5A Cool Humid,urb,perm,sfh,2035,0.475
C-EEU-CZE,Zone_5A Cool Humid,rur,perm,mfh,2035,0.517
C-EEU-CZE,Zone_5A Cool Humid,rur,perm,sfh,2035,0.483
C-EEU-CZE,Zone_5A Cool Humid,urb,perm,mfh,2035,0.647
C-EEU-CZE,Zone_5A Cool Humid,urb,perm,sfh,2035,0.353
C-EEU-EST,Zone_6A Cold Humid,rur,perm,mfh,2035,0.56
C-EEU-EST,Zone_6A Cold Humid,rur,perm,sfh,2035,0.43999999999999995
C-EEU-EST,Zone_6A Cold Humid,urb,perm,mfh,2035,0.755
C-EEU-EST,Zone_6A Cold Humid,urb,perm,sfh,2035,0.245
C-EEU-HRV,Zone_4A Mixed Humid,rur,perm,mfh,2035,0.276
C-EEU-HRV,Zone_4A Mixed Humid,rur,perm,sfh,2035,0.724
C-EEU-HRV,Zone_4A Mixed Humid,urb,perm,mfh,2035,0.617
C-EEU-HRV,Zone_4A Mixed Humid,urb,perm,sfh,2035,0.383
C-EEU-HRV,Zone_5A Cool Humid,rur,perm,mfh,2035,0.488
C-EEU-HRV,Zone_5A Cool Humid,rur,perm,sfh,2035,0.512
C-EEU-HRV,Zone_3A Warm Humid,rur,perm,mfh,2035,0.613
C-EEU-HRV,Zone_3A Warm Humid,rur,perm,sfh,2035,0.387
C-EEU-HRV,Zone_4C Mixed Marine,rur,perm,mfh,2035,0.652
C-EEU-HRV,Zone_4C Mixed Marine,rur,perm,sfh,2035,0.348
C-EEU-HUN,Zone_4A Mixed Humid,rur,perm,mfh,2035,0.428
C-EEU-HUN,Zone_4A Mixed Humid,rur,perm,sfh,2035,0.5720000000000001
C-EEU-HUN,Zone_4A Mixed Humid,urb,perm,mfh,2035,0.65
C-EEU-HUN,Zone_4A Mixed Humid,urb,perm,sfh,2035,0.35
C-EEU-HUN,Zone_5A Cool Humid,rur,perm,mfh,2035,0.315
C-EEU-HUN,Zone_5A Cool Humid,rur,perm,sfh,2035,0.685
C-EEU-HUN,Zone_5A Cool Humid,urb,perm,mfh,2035,0.419
C-EEU-HUN,Zone_5A Cool Humid,urb,perm,sfh,2035,0.581
C-EEU-LTU,Zone_5A Cool Humid,rur,perm,mfh,2035,0.524
C-EEU-LTU,Zone_5A Cool Humid,rur,perm,sfh,2035,0.476
C-EEU-LTU,Zone_5A Cool Humid,urb,perm,mfh,2035,0.815
C-EEU-LTU,Zone_5A Cool Humid,urb,perm,sfh,2035,0.18500000000000005
C-EEU-LTU,Zone_6A Cold Humid,rur,perm,mfh,2035,0.5
C-EEU-LTU,Zone_6A Cold Humid,rur,perm,sfh,2035,0.5
C-EEU-LTU,Zone_6A Cold Humid,urb,perm,mfh,2035,0.573
C-EEU-LTU,Zone_6A Cold Humid,urb,perm,sfh,2035,0.42700000000000005
C-EEU-LVA,Zone_6A Cold Humid,rur,perm,mfh,2035,0.519
C-EEU-LVA,Zone_6A Cold Humid,rur,perm,sfh,2035,0.481
C-EEU-LVA,Zone_6A Cold Humid,urb,perm,mfh,2035,0.709
C-EEU-LVA,Zone_6A Cold Humid,urb,perm,sfh,2035,0.29100000000000004
C-EEU-POL,Zone_5A Cool Humid,rur,perm,mfh,2035,0.484
C-EEU-POL,Zone_5A Cool Humid,rur,perm,sfh,2035,0.516
C-EEU-POL,Zone_5A Cool Humid,urb,perm,mfh,2035,0.799
C-EEU-POL,Zone_5A Cool Humid,urb,perm,sfh,2035,0.20099999999999996
C-EEU-POL,Zone_6A Cold Humid,rur,perm,mfh,2035,0.406
C-EEU-POL,Zone_6A Cold Humid,rur,perm,sfh,2035,0.594
C-EEU-POL,Zone_6A Cold Humid,urb,perm,mfh,2035,0.579
C-EEU-POL,Zone_6A Cold Humid,urb,perm,sfh,2035,0.42100000000000004
C-EEU-ROU,Zone_4A Mixed Humid,rur,perm,mfh,2035,0.331
C-EEU-ROU,Zone_4A Mixed Humid,rur,perm,sfh,2035,0.669
C-EEU-ROU,Zone_4A Mixed Humid,urb,perm,mfh,2035,0.635
C-EEU-ROU,Zone_4A Mixed Humid,urb,perm,sfh,2035,0.365
C-EEU-ROU,Zone_5A Cool Humid,rur,perm,mfh,2035,0.326
C-EEU-ROU,Zone_5A Cool Humid,rur,perm,sfh,2035,0.6739999999999999
C-EEU-ROU,Zone_5A Cool Humid,urb,perm,mfh,2035,0.474
C-EEU-ROU,Zone_5A Cool Humid,urb,perm,sfh,2035,0.526
C-EEU-ROU,Zone_6A Cold Humid,rur,perm,mfh,2035,0.414
C-EEU-ROU,Zone_6A Cold Humid,rur,perm,sfh,2035,0.5860000000000001
C-EEU-SVK,Zone_5A Cool Humid,rur,perm,mfh,2035,0.385
C-EEU-SVK,Zone_5A Cool Humid,rur,perm,sfh,2035,0.615
C-EEU-SVK,Zone_5A Cool Humid,urb,perm,mfh,2035,0.567
C-EEU-SVK,Zone_5A Cool Humid,urb,perm,sfh,2035,0.43300000000000005
C-EEU-SVK,Zone_6A Cold Humid,rur,perm,mfh,2035,0.412
C-EEU-SVK,Zone_6A Cold Humid,rur,perm,sfh,2035,0.5880000000000001
C-EEU-SVK,Zone_6A Cold Humid,urb,perm,mfh,2035,0.386
C-EEU-SVK,Zone_6A Cold Humid,urb,perm,sfh,2035,0.614
C-EEU-SVN,Zone_4A Mixed Humid,rur,perm,mfh,2035,0.366
C-EEU-SVN,Zone_4A Mixed Humid,rur,perm,sfh,2035,0.634
C-EEU-SVN,Zone_4A Mixed Humid,urb,perm,mfh,2035,0.601
C-EEU-SVN,Zone_4A Mixed Humid,urb,perm,sfh,2035,0.399
C-EEU-SVN,Zone_5A Cool Humid,rur,perm,mfh,2035,0.328
C-EEU-SVN,Zone_5A Cool Humid,rur,perm,sfh,2035,0.6719999999999999
C-EEU-SVN,Zone_5A Cool Humid,urb,perm,mfh,2035,0.629
C-EEU-SVN,Zone_5A Cool Humid,urb,perm,sfh,2035,0.371
C-EEU-SVN,Zone_7A Very cold Humid,rur,perm,mfh,2035,0.397
C-EEU-SVN,Zone_7A Very cold Humid,rur,perm,sfh,2035,0.603
C-WEU-AUT,Zone_4A Mixed Humid,rur,perm,mfh,2035,0.472
C-WEU-AUT,Zone_4A Mixed Humid,rur,perm,sfh,2035,0.528
C-WEU-AUT,Zone_4A Mixed Humid,urb,perm,mfh,2035,0.798
C-WEU-AUT,Zone_4A Mixed Humid,urb,perm,sfh,2035,0.20199999999999996
C-WEU-AUT,Zone_5A Cool Humid,rur,perm,mfh,2035,0.57
C-WEU-AUT,Zone_5A Cool Humid,rur,perm,sfh,2035,0.43000000000000005
C-WEU-AUT,Zone_5A Cool Humid,urb,perm,mfh,2035,0.621
C-WEU-AUT,Zone_5A Cool Humid,urb,perm,sfh,2035,0.379
C-WEU-AUT,Zone_6A Cold Humid,rur,perm,mfh,2035,0.717
C-WEU-AUT,Zone_6A Cold Humid,rur,perm,sfh,2035,0.28300000000000003
C-WEU-AUT,Zone_6A Cold Humid,urb,perm,mfh,2035,0.807
C-WEU-AUT,Zone_6A Cold Humid,urb,perm,sfh,2035,0.19299999999999995
C-WEU-AUT,Zone_7A Very cold Humid,rur,perm,mfh,2035,0.775
C-WEU-AUT,Zone_7A Very cold Humid,rur,perm,sfh,2035,0.22499999999999998
C-WEU-AUT,Zone_7A Very cold Humid,urb,perm,mfh,2035,0.889
C-WEU-AUT,Zone_7A Very cold Humid,urb,perm,sfh,2035,0.11099999999999999
C-WEU-BEL,Zone_4A Mixed Humid,rur,perm,mfh,2035,0.284
C-WEU-BEL,Zone_4A Mixed Humid,rur,perm,sfh,2035,0.716
C-WEU-BEL,Zone_4A Mixed Humid,urb,perm,mfh,2035,0.662
C-WEU-BEL,Zone_4A Mixed Humid,urb,perm,sfh,2035,0.33799999999999997
C-WEU-BEL,Zone_5A Cool Humid,rur,perm,mfh,2035,0.268
C-WEU-BEL,Zone_5A Cool Humid,rur,perm,sfh,2035,0.732
C-WEU-BEL,Zone_5A Cool Humid,urb,perm,mfh,2035,0.492
C-WEU-BEL,Zone_5A Cool Humid,urb,perm,sfh,2035,0.508
C-WEU-CYP,Zone_3A Warm Humid,urb,perm,mfh,2035,0.523
C-WEU-CYP,Zone_3A Warm Humid,urb,perm,sfh,2035,0.477
C-WEU-DEU,Zone_4A Mixed Humid,rur,perm,mfh,2035,0.601
C-WEU-DEU,Zone_4A Mixed Humid,rur,perm,sfh,2035,0.399
C-WEU-DEU,Zone_4A Mixed Humid,urb,perm,mfh,2035,0.842
C-WEU-DEU,Zone_4A Mixed Humid,urb,perm,sfh,2035,0.15800000000000003
C-WEU-DEU,Zone_5A Cool Humid,rur,perm,mfh,2035,0.731
C-WEU-DEU,Zone_5A Cool Humid,rur,perm,sfh,2035,0.269
C-WEU-DEU,Zone_5A Cool Humid,urb,perm,mfh,2035,0.825
C-WEU-DEU,Zone_5A Cool Humid,urb,perm,sfh,2035,0.17500000000000004
C-WEU-DEU,Zone_6A Cold Humid,rur,perm,mfh,2035,0.779
C-WEU-DEU,Zone_6A Cold Humid,rur,perm,sfh,2035,0.22099999999999997
C-WEU-DEU,Zone_6A Cold Humid,urb,perm,mfh,2035,0.855
C-WEU-DEU,Zone_6A Cold Humid,urb,perm,sfh,2035,0.14500000000000002
C-WEU-DNK,Zone_5A Cool Humid,rur,perm,mfh,2035,0.812
C-WEU-DNK,Zone_5A Cool Humid,rur,perm,sfh,2035,0.18799999999999994
C-WEU-DNK,Zone_5A Cool Humid,urb,perm,mfh,2035,0.81
C-WEU-DNK,Zone_5A Cool Humid,urb,perm,sfh,2035,0.18999999999999995
C-WEU-ESP,Zone_4A Mixed Humid,rur,perm,mfh,2035,0.281
C-WEU-ESP,Zone_4A Mixed Humid,rur,perm,sfh,2035,0.719
C-WEU-ESP,Zone_4A Mixed Humid,urb,perm,mfh,2035,0.567
C-WEU-ESP,Zone_4A Mixed Humid,urb,perm,sfh,2035,0.43300000000000005
C-WEU-ESP,Zone_3A Warm Humid,rur,perm,mfh,2035,0.273
C-WEU-ESP,Zone_3A Warm Humid,rur,perm,sfh,2035,0.727
C-WEU-ESP,Zone_3A Warm Humid,urb,perm,mfh,2035,0.63
C-WEU-ESP,Zone_3A Warm Humid,urb,perm,sfh,2035,0.37
C-WEU-ESP,Zone_4C Mixed Marine,rur,perm,mfh,2035,0.355
C-WEU-ESP,Zone_4C Mixed Marine,rur,perm,sfh,2035,0.645
C-WEU-ESP,Zone_4C Mixed Marine,urb,perm,mfh,2035,0.499
C-WEU-ESP,Zone_4C Mixed Marine,urb,perm,sfh,2035,0.501
C-WEU-ESP,Zone_2B Hot Dry,urb,perm,mfh,2035,0.7
C-WEU-ESP,Zone_2B Hot Dry,urb,perm,sfh,2035,0.30000000000000004
C-WEU-ESP,Zone_3B Warm Dry,rur,perm,mfh,2035,0.423
C-WEU-ESP,Zone_3B Warm Dry,rur,perm,sfh,2035,0.577
C-WEU-ESP,Zone_3B Warm Dry,urb,perm,mfh,2035,0.623
C-WEU-ESP,Zone_3B Warm Dry,urb,perm,sfh,2035,0.377
C-WEU-ESP,Zone_3C Warm Marine,urb,perm,mfh,2035,0.644
C-WEU-ESP,Zone_3C Warm Marine,urb,perm,sfh,2035,0.356
C-WEU-FIN,Zone_6A Cold Humid,rur,perm,mfh,2035,0.724
C-WEU-FIN,Zone_6A Cold Humid,rur,perm,sfh,2035,0.276
C-WEU-FIN,Zone_6A Cold Humid,urb,perm,mfh,2035,0.82
C-WEU-FIN,Zone_6A Cold Humid,urb,perm,sfh,2035,0.18000000000000005
C-WEU-FIN,Zone_7A Very cold Humid,rur,perm,mfh,2035,0.682
C-WEU-FIN,Zone_7A Very cold Humid,rur,perm,sfh,2035,0.31799999999999995
C-WEU-FIN,Zone_7A Very cold Humid,urb,perm,mfh,2035,0.746
C-WEU-FIN,Zone_7A Very cold Humid,urb,perm,sfh,2035,0.254
C-WEU-FRA,Zone_4A Mixed Humid,rur,perm,mfh,2035,0.317
C-WEU-FRA,Zone_4A Mixed Humid,rur,perm,sfh,2035,0.683
C-WEU-FRA,Zone_4A Mixed Humid,urb,perm,mfh,2035,0.638
C-WEU-FRA,Zone_4A Mixed Humid,urb,perm,sfh,2035,0.362
C-WEU-FRA,Zone_5A Cool Humid,rur,perm,mfh,2035,0.313
C-WEU-FRA,Zone_5A Cool Humid,rur,perm,sfh,2035,0.687
C-WEU-FRA,Zone_5A Cool Humid,urb,perm,mfh,2035,0.681
C-WEU-FRA,Zone_5A Cool Humid,urb,perm,sfh,2035,0.31899999999999995
C-WEU-FRA,Zone_3A Warm Humid,rur,perm,mfh,2035,0.354
C-WEU-FRA,Zone_3A Warm Humid,rur,perm,sfh,2035,0.646
C-WEU-FRA,Zone_3A Warm Humid,urb,perm,mfh,2035,0.626
C-WEU-FRA,Zone_3A Warm Humid,urb,perm,sfh,2035,0.374
C-WEU-FRA,Zone_4C Mixed Marine,rur,perm,mfh,2035,0.56
C-WEU-FRA,Zone_4C Mixed Marine,rur,perm,sfh,2035,0.43999999999999995
C-WEU-FRA,Zone_7A Very cold Humid,urb,perm,mfh,2035,0.79
C-WEU-FRA,Zone_7A Very cold Humid,urb,perm,sfh,2035,0.20999999999999996
C-WEU-FRA,Zone_3C Warm Marine,urb,perm,mfh,2035,0.859
C-WEU-FRA,Zone_3C Warm Marine,urb,perm,sfh,2035,0.14100000000000001
C-WEU-FRA,Zone_1A Very hot Humid,urb,perm,mfh,2035,0.471
C-WEU-FRA,Zone_1A Very hot Humid,urb,perm,sfh,2035,0.529
C-WEU-FRA,Zone_2A Hot Humid,urb,perm,mfh,2035,0.4
C-WEU-FRA,Zone_2A Hot Humid,urb,perm,sfh,2035,0.6
C-WEU-GRC,Zone_4A Mixed Humid,rur,perm,mfh,2035,0.379
C-WEU-GRC,Zone_4A Mixed Humid,rur,perm,sfh,2035,0.621
C-WEU-GRC,Zone_4A Mixed Humid,urb,perm,mfh,2035,0.591
C-WEU-GRC,Zone_4A Mixed Humid,urb,perm,sfh,2035,0.40900000000000003
C-WEU-GRC,Zone_5A Cool Humid,rur,perm,mfh,2035,0.411
C-WEU-GRC,Zone_5A Cool Humid,rur,perm,sfh,2035,0.589
C-WEU-GRC,Zone_5A Cool Humid,urb,perm,mfh,2035,0.54
C-WEU-GRC,Zone_5A Cool Humid,urb,perm,sfh,2035,0.45999999999999996
C-WEU-GRC,Zone_3A Warm Humid,rur,perm,mfh,2035,0.455
C-WEU-GRC,Zone_3A Warm Humid,rur,perm,sfh,2035,0.5449999999999999
C-WEU-GRC,Zone_3A Warm Humid,urb,perm,mfh,2035,0.663
C-WEU-GRC,Zone_3A Warm Humid,urb,perm,sfh,2035,0.33699999999999997
C-WEU-GRC,Zone_4C Mixed Marine,urb,perm,mfh,2035,0.49
C-WEU-GRC,Zone_4C Mixed Marine,urb,perm,sfh,2035,0.51
C-WEU-GRC,Zone_5C Cool Marine,urb,perm,mfh,2035,0.564
C-WEU-GRC,Zone_5C Cool Marine,urb,perm,sfh,2035,0.43600000000000005
C-WEU-IRL,Zone_4A Mixed Humid,rur,perm,mfh,2035,0.146
C-WEU-IRL,Zone_4A Mixed Humid,rur,perm,sfh,2035,0.854
C-WEU-IRL,Zone_5A Cool Humid,rur,perm,mfh,2035,0.152
C-WEU-IRL,Zone_5A Cool Humid,rur,perm,sfh,2035,0.848
C-WEU-IRL,Zone_5A Cool Humid,urb,perm,mfh,2035,0.376
C-WEU-IRL,Zone_5A Cool Humid,urb,perm,sfh,2035,0.624
C-WEU-ITA,Zone_4A Mixed Humid,rur,perm,mfh,2035,0.695
C-WEU-ITA,Zone_4A Mixed Humid,rur,perm,sfh,2035,0.30500000000000005
C-WEU-ITA,Zone_4A Mixed Humid,urb,perm,mfh,2035,0.812
C-WEU-ITA,Zone_4A Mixed Humid,urb,perm,sfh,2035,0.18799999999999994
C-WEU-ITA,Zone_5A Cool Humid,urb,perm,mfh,2035,0.792
C-WEU-ITA,Zone_5A Cool Humid,urb,perm,sfh,2035,0.20799999999999996
C-WEU-ITA,Zone_6A Cold Humid,urb,perm,mfh,2035,0.839
C-WEU-ITA,Zone_6A Cold Humid,urb,perm,sfh,2035,0.16100000000000003
C-WEU-ITA,Zone_3A Warm Humid,rur,perm,mfh,2035,0.684
C-WEU-ITA,Zone_3A Warm Humid,rur,perm,sfh,2035,0.31599999999999995
C-WEU-ITA,Zone_3A Warm Humid,urb,perm,mfh,2035,0.771
C-WEU-ITA,Zone_3A Warm Humid,urb,perm,sfh,2035,0.22899999999999998
C-WEU-ITA,Zone_4C Mixed Marine,rur,perm,mfh,2035,0.656
C-WEU-ITA,Zone_4C Mixed Marine,rur,perm,sfh,2035,0.344
C-WEU-ITA,Zone_4C Mixed Marine,urb,perm,mfh,2035,0.846
C-WEU-ITA,Zone_4C Mixed Marine,urb,perm,sfh,2035,0.15400000000000003
C-WEU-ITA,Zone_7A Very cold Humid,rur,perm,mfh,2035,0.8
C-WEU-ITA,Zone_7A Very cold Humid,rur,perm,sfh,2035,0.19999999999999996
C-WEU-ITA,Zone_7A Very cold Humid,urb,perm,mfh,2035,0.8
C-WEU-ITA,Zone_7A Very cold Humid,urb,perm,sfh,2035,0.19999999999999996
C-WEU-ITA,Zone_5C Cool Marine,urb,perm,mfh,2035,0.693
C-WEU-ITA,Zone_5C Cool Marine,urb,perm,sfh,2035,0.30700000000000005
C-WEU-LUX,Zone_5A Cool Humid,urb,perm,mfh,2035,0.985
C-WEU-LUX,Zone_5A Cool Humid,urb,perm,sfh,2035,0.015000000000000013
C-WEU-MLT,Zone_3A Warm Humid,urb,perm,mfh,2035,0.5
C-WEU-MLT,Zone_3A Warm Humid,urb,perm,sfh,2035,0.5
C-WEU-NLD,Zone_4A Mixed Humid,rur,perm,mfh,2035,0.191
C-WEU-NLD,Zone_4A Mixed Humid,rur,perm,sfh,2035,0.8089999999999999
C-WEU-NLD,Zone_4A Mixed Humid,urb,perm,mfh,2035,0.602
C-WEU-NLD,Zone_4A Mixed Humid,urb,perm,sfh,2035,0.398
C-WEU-NLD,Zone_5A Cool Humid,urb,perm,mfh,2035,0.411
C-WEU-NLD,Zone_5A Cool Humid,urb,perm,sfh,2035,0.589
C-WEU-PRT,Zone_4A Mixed Humid,rur,perm,mfh,2035,0.192
C-WEU-PRT,Zone_4A Mixed Humid,rur,perm,sfh,2035,0.808
C-WEU-PRT,Zone_3A Warm Humid,rur,perm,mfh,2035,0.229
C-WEU-PRT,Zone_3A Warm Humid,rur,perm,sfh,2035,0.771
C-WEU-PRT,Zone_3A Warm Humid,urb,perm,mfh,2035,0.677
C-WEU-PRT,Zone_3A Warm Humid,urb,perm,sfh,2035,0.32299999999999995
C-WEU-PRT,Zone_4C Mixed Marine,rur,perm,mfh,2035,0.127
C-WEU-PRT,Zone_4C Mixed Marine,rur,perm,sfh,2035,0.873
C-WEU-PRT,Zone_4C Mixed Marine,urb,perm,mfh,2035,0.335
C-WEU-PRT,Zone_4C Mixed Marine,urb,perm,sfh,2035,0.665
C-WEU-PRT,Zone_3C Warm Marine,rur,perm,mfh,2035,0.195
C-WEU-PRT,Zone_3C Warm Marine,rur,perm,sfh,2035,0.8049999999999999
C-WEU-PRT,Zone_3C Warm Marine,urb,perm,mfh,2035,0.405
C-WEU-PRT,Zone_3C Warm Marine,urb,perm,sfh,2035,0.595
C-WEU-SWE,Zone_5A Cool Humid,rur,perm,mfh,2035,0.107
C-WEU-SWE,Zone_5A Cool Humid,rur,perm,sfh,2035,0.893
C-WEU-SWE,Zone_5A Cool Humid,urb,perm,mfh,2035,0.303
C-WEU-SWE,Zone_5A Cool Humid,urb,perm,sfh,2035,0.6970000000000001
C-WEU-SWE,Zone_6A Cold Humid,rur,perm,mfh,2035,0.161
C-WEU-SWE,Zone_6A Cold Humid,rur,perm,sfh,2035,0.839
C-WEU-SWE,Zone_6A Cold Humid,urb,perm,mfh,2035,0.328
C-WEU-SWE,Zone_6A Cold Humid,urb,perm,sfh,2035,0.6719999999999999
C-WEU-SWE,Zone_7A Very cold Humid,rur,perm,mfh,2035,0.123
C-WEU-SWE,Zone_7A Very cold Humid,rur,perm,sfh,2035,0.877
C-WEU-SWE,Zone_7A Very cold Humid,urb,perm,mfh,2035,0.187
C-WEU-SWE,Zone_7A Very cold Humid,urb,perm,sfh,2035,0.813
C-WEU-SWE,Zone_8A Subarctic/arctic Humid,urb,perm,mfh,2035,0.226
C-WEU-SWE,Zone_8A Subarctic/arctic Humid,urb,perm,sfh,2035,0.774
C-EEU-BGR,Zone_4A Mixed Humid,rur,perm,mfh,2040,0.279
C-EEU-BGR,Zone_4A Mixed Humid,rur,perm,sfh,2040,0.721
C-EEU-BGR,Zone_4A Mixed Humid,urb,perm,mfh,2040,0.466
C-EEU-BGR,Zone_4A Mixed Humid,urb,perm,sfh,2040,0.534
C-EEU-BGR,Zone_5A Cool Humid,rur,perm,mfh,2040,0.648
C-EEU-BGR,Zone_5A Cool Humid,rur,perm,sfh,2040,0.352
C-EEU-BGR,Zone_5A Cool Humid,urb,perm,mfh,2040,0.525
C-EEU-BGR,Zone_5A Cool Humid,urb,perm,sfh,2040,0.475
C-EEU-CZE,Zone_5A Cool Humid,rur,perm,mfh,2040,0.517
C-EEU-CZE,Zone_5A Cool Humid,rur,perm,sfh,2040,0.483
C-EEU-CZE,Zone_5A Cool Humid,urb,perm,mfh,2040,0.647
C-EEU-CZE,Zone_5A Cool Humid,urb,perm,sfh,2040,0.353
C-EEU-EST,Zone_6A Cold Humid,rur,perm,mfh,2040,0.56
C-EEU-EST,Zone_6A Cold Humid,rur,perm,sfh,2040,0.43999999999999995
C-EEU-EST,Zone_6A Cold Humid,urb,perm,mfh,2040,0.755
C-EEU-EST,Zone_6A Cold Humid,urb,perm,sfh,2040,0.245
C-EEU-HRV,Zone_4A Mixed Humid,rur,perm,mfh,2040,0.276
C-EEU-HRV,Zone_4A Mixed Humid,rur,perm,sfh,2040,0.724
C-EEU-HRV,Zone_4A Mixed Humid,urb,perm,mfh,2040,0.617
C-EEU-HRV,Zone_4A Mixed Humid,urb,perm,sfh,2040,0.383
C-EEU-HRV,Zone_5A Cool Humid,rur,perm,mfh,2040,0.488
C-EEU-HRV,Zone_5A Cool Humid,rur,perm,sfh,2040,0.512
C-EEU-HRV,Zone_3A Warm Humid,rur,perm,mfh,2040,0.613
C-EEU-HRV,Zone_3A Warm Humid,rur,perm,sfh,2040,0.387
C-EEU-HRV,Zone_4C Mixed Marine,rur,perm,mfh,2040,0.652
C-EEU-HRV,Zone_4C Mixed Marine,rur,perm,sfh,2040,0.348
C-EEU-HUN,Zone_4A Mixed Humid,rur,perm,mfh,2040,0.428
C-EEU-HUN,Zone_4A Mixed Humid,rur,perm,sfh,2040,0.5720000000000001
C-EEU-HUN,Zone_4A Mixed Humid,urb,perm,mfh,2040,0.65
C-EEU-HUN,Zone_4A Mixed Humid,urb,perm,sfh,2040,0.35
C-EEU-HUN,Zone_5A Cool Humid,rur,perm,mfh,2040,0.315
C-EEU-HUN,Zone_5A Cool Humid,rur,perm,sfh,2040,0.685
C-EEU-HUN,Zone_5A Cool Humid,urb,perm,mfh,2040,0.419
C-EEU-HUN,Zone_5A Cool Humid,urb,perm,sfh,2040,0.581
C-EEU-LTU,Zone_5A Cool Humid,rur,perm,mfh,2040,0.524
C-EEU-LTU,Zone_5A Cool Humid,rur,perm,sfh,2040,0.476
C-EEU-LTU,Zone_5A Cool Humid,urb,perm,mfh,2040,0.815
C-EEU-LTU,Zone_5A Cool Humid,urb,perm,sfh,2040,0.18500000000000005
C-EEU-LTU,Zone_6A Cold Humid,rur,perm,mfh,2040,0.5
C-EEU-LTU,Zone_6A Cold Humid,rur,perm,sfh,2040,0.5
C-EEU-LTU,Zone_6A Cold Humid,urb,perm,mfh,2040,0.573
C-EEU-LTU,Zone_6A Cold Humid,urb,perm,sfh,2040,0.42700000000000005
C-EEU-LVA,Zone_6A Cold Humid,rur,perm,mfh,2040,0.519
C-EEU-LVA,Zone_6A Cold Humid,rur,perm,sfh,2040,0.481
C-EEU-LVA,Zone_6A Cold Humid,urb,perm,mfh,2040,0.709
C-EEU-LVA,Zone_6A Cold Humid,urb,perm,sfh,2040,0.29100000000000004
C-EEU-POL,Zone_5A Cool Humid,rur,perm,mfh,2040,0.484
C-EEU-POL,Zone_5A Cool Humid,rur,perm,sfh,2040,0.516
C-EEU-POL,Zone_5A Cool Humid,urb,perm,mfh,2040,0.799
C-EEU-POL,Zone_5A Cool Humid,urb,perm,sfh,2040,0.20099999999999996
C-EEU-POL,Zone_6A Cold Humid,rur,perm,mfh,2040,0.406
C-EEU-POL,Zone_6A Cold Humid,rur,perm,sfh,2040,0.594
C-EEU-POL,Zone_6A Cold Humid,urb,perm,mfh,2040,0.579
C-EEU-POL,Zone_6A Cold Humid,urb,perm,sfh,2040,0.42100000000000004
C-EEU-ROU,Zone_4A Mixed Humid,rur,perm,mfh,2040,0.331
C-EEU-ROU,Zone_4A Mixed Humid,rur,perm,sfh,2040,0.669
C-EEU-ROU,Zone_4A Mixed Humid,urb,perm,mfh,2040,0.635
C-EEU-ROU,Zone_4A Mixed Humid,urb,perm,sfh,2040,0.365
C-EEU-ROU,Zone_5A Cool Humid,rur,perm,mfh,2040,0.326
C-EEU-ROU,Zone_5A Cool Humid,rur,perm,sfh,2040,0.6739999999999999
C-EEU-ROU,Zone_5A Cool Humid,urb,perm,mfh,2040,0.474
C-EEU-ROU,Zone_5A Cool Humid,urb,perm,sfh,2040,0.526
C-EEU-ROU,Zone_6A Cold Humid,rur,perm,mfh,2040,0.414
C-EEU-ROU,Zone_6A Cold Humid,rur,perm,sfh,2040,0.5860000000000001
C-EEU-SVK,Zone_5A Cool Humid,rur,perm,mfh,2040,0.385
C-EEU-SVK,Zone_5A Cool Humid,rur,perm,sfh,2040,0.615
C-EEU-SVK,Zone_5A Cool Humid,urb,perm,mfh,2040,0.567
C-EEU-SVK,Zone_5A Cool Humid,urb,perm,sfh,2040,0.43300000000000005
C-EEU-SVK,Zone_6A Cold Humid,rur,perm,mfh,2040,0.412
C-EEU-SVK,Zone_6A Cold Humid,rur,perm,sfh,2040,0.5880000000000001
C-EEU-SVK,Zone_6A Cold Humid,urb,perm,mfh,2040,0.386
C-EEU-SVK,Zone_6A Cold Humid,urb,perm,sfh,2040,0.614
C-EEU-SVN,Zone_4A Mixed Humid,rur,perm,mfh,2040,0.366
C-EEU-SVN,Zone_4A Mixed Humid,rur,perm,sfh,2040,0.634
C-EEU-SVN,Zone_4A Mixed Humid,urb,perm,mfh,2040,0.601
C-EEU-SVN,Zone_4A Mixed Humid,urb,perm,sfh,2040,0.399
C-EEU-SVN,Zone_5A Cool Humid,rur,perm,mfh,2040,0.328
C-EEU-SVN,Zone_5A Cool Humid,rur,perm,sfh,2040,0.6719999999999999
C-EEU-SVN,Zone_5A Cool Humid,urb,perm,mfh,2040,0.629
C-EEU-SVN,Zone_5A Cool Humid,urb,perm,sfh,2040,0.371
C-EEU-SVN,Zone_7A Very cold Humid,rur,perm,mfh,2040,0.397
C-EEU-SVN,Zone_7A Very cold Humid,rur,perm,sfh,2040,0.603
C-WEU-AUT,Zone_4A Mixed Humid,rur,perm,mfh,2040,0.472
C-WEU-AUT,Zone_4A Mixed Humid,rur,perm,sfh,2040,0.528
C-WEU-AUT,Zone_4A Mixed Humid,urb,perm,mfh,2040,0.798
C-WEU-AUT,Zone_4A Mixed Humid,urb,perm,sfh,2040,0.20199999999999996
C-WEU-AUT,Zone_5A Cool Humid,rur,perm,mfh,2040,0.57
C-WEU-AUT,Zone_5A Cool Humid,rur,perm,sfh,2040,0.43000000000000005
C-WEU-AUT,Zone_5A Cool Humid,urb,perm,mfh,2040,0.621
C-WEU-AUT,Zone_5A Cool Humid,urb,perm,sfh,2040,0.379
C-WEU-AUT,Zone_6A Cold Humid,rur,perm,mfh,2040,0.717
C-WEU-AUT,Zone_6A Cold Humid,rur,perm,sfh,2040,0.28300000000000003
C-WEU-AUT,Zone_6A Cold Humid,urb,perm,mfh,2040,0.807
C-WEU-AUT,Zone_6A Cold Humid,urb,perm,sfh,2040,0.19299999999999995
C-WEU-AUT,Zone_7A Very cold Humid,rur,perm,mfh,2040,0.775
C-WEU-AUT,Zone_7A Very cold Humid,rur,perm,sfh,2040,0.22499999999999998
C-WEU-AUT,Zone_7A Very cold Humid,urb,perm,mfh,2040,0.889
C-WEU-AUT,Zone_7A Very cold Humid,urb,perm,sfh,2040,0.11099999999999999
C-WEU-BEL,Zone_4A Mixed Humid,rur,perm,mfh,2040,0.284
C-WEU-BEL,Zone_4A Mixed Humid,rur,perm,sfh,2040,0.716
C-WEU-BEL,Zone_4A Mixed Humid,urb,perm,mfh,2040,0.662
C-WEU-BEL,Zone_4A Mixed Humid,urb,perm,sfh,2040,0.33799999999999997
C-WEU-BEL,Zone_5A Cool Humid,rur,perm,mfh,2040,0.268
C-WEU-BEL,Zone_5A Cool Humid,rur,perm,sfh,2040,0.732
C-WEU-BEL,Zone_5A Cool Humid,urb,perm,mfh,2040,0.492
C-WEU-BEL,Zone_5A Cool Humid,urb,perm,sfh,2040,0.508
C-WEU-CYP,Zone_3A Warm Humid,urb,perm,mfh,2040,0.523
C-WEU-CYP,Zone_3A Warm Humid,urb,perm,sfh,2040,0.477
C-WEU-DEU,Zone_4A Mixed Humid,rur,perm,mfh,2040,0.601
C-WEU-DEU,Zone_4A Mixed Humid,rur,perm,sfh,2040,0.399
C-WEU-DEU,Zone_4A Mixed Humid,urb,perm,mfh,2040,0.842
C-WEU-DEU,Zone_4A Mixed Humid,urb,perm,sfh,2040,0.15800000000000003
C-WEU-DEU,Zone_5A Cool Humid,rur,perm,mfh,2040,0.731
C-WEU-DEU,Zone_5A Cool Humid,rur,perm,sfh,2040,0.269
C-WEU-DEU,Zone_5A Cool Humid,urb,perm,mfh,2040,0.825
C-WEU-DEU,Zone_5A Cool Humid,urb,perm,sfh,2040,0.17500000000000004
C-WEU-DEU,Zone_6A Cold Humid,rur,perm,mfh,2040,0.779
C-WEU-DEU,Zone_6A Cold Humid,rur,perm,sfh,2040,0.22099999999999997
C-WEU-DEU,Zone_6A Cold Humid,urb,perm,mfh,2040,0.855
C-WEU-DEU,Zone_6A Cold Humid,urb,perm,sfh,2040,0.14500000000000002
C-WEU-DNK,Zone_5A Cool Humid,rur,perm,mfh,2040,0.812
C-WEU-DNK,Zone_5A Cool Humid,rur,perm,sfh,2040,0.18799999999999994
C-WEU-DNK,Zone_5A Cool Humid,urb,perm,mfh,2040,0.81
C-WEU-DNK,Zone_5A Cool Humid,urb,perm,sfh,2040,0.18999999999999995
C-WEU-ESP,Zone_4A Mixed Humid,rur,perm,mfh,2040,0.281
C-WEU-ESP,Zone_4A Mixed Humid,rur,perm,sfh,2040,0.719
C-WEU-ESP,Zone_4A Mixed Humid,urb,perm,mfh,2040,0.567
C-WEU-ESP,Zone_4A Mixed Humid,urb,perm,sfh,2040,0.43300000000000005
C-WEU-ESP,Zone_3A Warm Humid,rur,perm,mfh,2040,0.273
C-WEU-ESP,Zone_3A Warm Humid,rur,perm,sfh,2040,0.727
C-WEU-ESP,Zone_3A Warm Humid,urb,perm,mfh,2040,0.63
C-WEU-ESP,Zone_3A Warm Humid,urb,perm,sfh,2040,0.37
C-WEU-ESP,Zone_4C Mixed Marine,rur,perm,mfh,2040,0.355
C-WEU-ESP,Zone_4C Mixed Marine,rur,perm,sfh,2040,0.645
C-WEU-ESP,Zone_4C Mixed Marine,urb,perm,mfh,2040,0.499
C-WEU-ESP,Zone_4C Mixed Marine,urb,perm,sfh,2040,0.501
C-WEU-ESP,Zone_2B Hot Dry,urb,perm,mfh,2040,0.7
C-WEU-ESP,Zone_2B Hot Dry,urb,perm,sfh,2040,0.30000000000000004
C-WEU-ESP,Zone_3B Warm Dry,rur,perm,mfh,2040,0.423
C-WEU-ESP,Zone_3B Warm Dry,rur,perm,sfh,2040,0.577
C-WEU-ESP,Zone_3B Warm Dry,urb,perm,mfh,2040,0.623
C-WEU-ESP,Zone_3B Warm Dry,urb,perm,sfh,2040,0.377
C-WEU-ESP,Zone_3C Warm Marine,urb,perm,mfh,2040,0.644
C-WEU-ESP,Zone_3C Warm Marine,urb,perm,sfh,2040,0.356
C-WEU-FIN,Zone_6A Cold Humid,rur,perm,mfh,2040,0.724
C-WEU-FIN,Zone_6A Cold Humid,rur,perm,sfh,2040,0.276
C-WEU-FIN,Zone_6A Cold Humid,urb,perm,mfh,2040,0.82
C-WEU-FIN,Zone_6A Cold Humid,urb,perm,sfh,2040,0.18000000000000005
C-WEU-FIN,Zone_7A Very cold Humid,rur,perm,mfh,2040,0.682
C-WEU-FIN,Zone_7A Very cold Humid,rur,perm,sfh,2040,0.31799999999999995
C-WEU-FIN,Zone_7A Very cold Humid,urb,perm,mfh,2040,0.746
C-WEU-FIN,Zone_7A Very cold Humid,urb,perm,sfh,2040,0.254
C-WEU-FRA,Zone_4A Mixed Humid,rur,perm,mfh,2040,0.317
C-WEU-FRA,Zone_4A Mixed Humid,rur,perm,sfh,2040,0.683
C-WEU-FRA,Zone_4A Mixed Humid,urb,perm,mfh,2040,0.638
C-WEU-FRA,Zone_4A Mixed Humid,urb,perm,sfh,2040,0.362
C-WEU-FRA,Zone_5A Cool Humid,rur,perm,mfh,2040,0.313
C-WEU-FRA,Zone_5A Cool Humid,rur,perm,sfh,2040,0.687
C-WEU-FRA,Zone_5A Cool Humid,urb,perm,mfh,2040,0.681
C-WEU-FRA,Zone_5A Cool Humid,urb,perm,sfh,2040,0.31899999999999995
C-WEU-FRA,Zone_3A Warm Humid,rur,perm,mfh,2040,0.354
C-WEU-FRA,Zone_3A Warm Humid,rur,perm,sfh,2040,0.646
C-WEU-FRA,Zone_3A Warm Humid,urb,perm,mfh,2040,0.626
C-WEU-FRA,Zone_3A Warm Humid,urb,perm,sfh,2040,0.374
C-WEU-FRA,Zone_4C Mixed Marine,rur,perm,mfh,2040,0.56
C-WEU-FRA,Zone_4C Mixed Marine,rur,perm,sfh,2040,0.43999999999999995
C-WEU-FRA,Zone_7A Very cold Humid,urb,perm,mfh,2040,0.79
C-WEU-FRA,Zone_7A Very cold Humid,urb,perm,sfh,2040,0.20999999999999996
C-WEU-FRA,Zone_3C Warm Marine,urb,perm,mfh,2040,0.859
C-WEU-FRA,Zone_3C Warm Marine,urb,perm,sfh,2040,0.14100000000000001
C-WEU-FRA,Zone_1A Very hot Humid,urb,perm,mfh,2040,0.471
C-WEU-FRA,Zone_1A Very hot Humid,urb,perm,sfh,2040,0.529
C-WEU-FRA,Zone_2A Hot Humid,urb,perm,mfh,2040,0.4
C-WEU-FRA,Zone_2A Hot Humid,urb,perm,sfh,2040,0.6
C-WEU-GRC,Zone_4A Mixed Humid,rur,perm,mfh,2040,0.379
C-WEU-GRC,Zone_4A Mixed Humid,rur,perm,sfh,2040,0.621
C-WEU-GRC,Zone_4A Mixed Humid,urb,perm,mfh,2040,0.591
C-WEU-GRC,Zone_4A Mixed Humid,urb,perm,sfh,2040,0.40900000000000003
C-WEU-GRC,Zone_5A Cool Humid,rur,perm,mfh,2040,0.411
C-WEU-GRC,Zone_5A Cool Humid,rur,perm,sfh,2040,0.589
C-WEU-GRC,Zone_5A Cool Humid,urb,perm,mfh,2040,0.54
C-WEU-GRC,Zone_5A Cool Humid,urb,perm,sfh,2040,0.45999999999999996
C-WEU-GRC,Zone_3A Warm Humid,rur,perm,mfh,2040,0.455
C-WEU-GRC,Zone_3A Warm Humid,rur,perm,sfh,2040,0.5449999999999999
C-WEU-GRC,Zone_3A Warm Humid,urb,perm,mfh,2040,0.663
C-WEU-GRC,Zone_3A Warm Humid,urb,perm,sfh,2040,0.33699999999999997
C-WEU-GRC,Zone_4C Mixed Marine,urb,perm,mfh,2040,0.49
C-WEU-GRC,Zone_4C Mixed Marine,urb,perm,sfh,2040,0.51
C-WEU-GRC,Zone_5C Cool Marine,urb,perm,mfh,2040,0.564
C-WEU-GRC,Zone_5C Cool Marine,urb,perm,sfh,2040,0.43600000000000005
C-WEU-IRL,Zone_4A Mixed Humid,rur,perm,mfh,2040,0.146
C-WEU-IRL,Zone_4A Mixed Humid,rur,perm,sfh,2040,0.854
C-WEU-IRL,Zone_5A Cool Humid,rur,perm,mfh,2040,0.152
C-WEU-IRL,Zone_5A Cool Humid,rur,perm,sfh,2040,0.848
C-WEU-IRL,Zone_5A Cool Humid,urb,perm,mfh,2040,0.376
C-WEU-IRL,Zone_5A Cool Humid,urb,perm,sfh,2040,0.624
C-WEU-ITA,Zone_4A Mixed Humid,rur,perm,mfh,2040,0.695
C-WEU-ITA,Zone_4A Mixed Humid,rur,perm,sfh,2040,0.30500000000000005
C-WEU-ITA,Zone_4A Mixed Humid,urb,perm,mfh,2040,0.812
C-WEU-ITA,Zone_4A Mixed Humid,urb,perm,sfh,2040,0.18799999999999994
C-WEU-ITA,Zone_5A Cool Humid,urb,perm,mfh,2040,0.792
C-WEU-ITA,Zone_5A Cool Humid,urb,perm,sfh,2040,0.20799999999999996
C-WEU-ITA,Zone_6A Cold Humid,urb,perm,mfh,2040,0.839
C-WEU-ITA,Zone_6A Cold Humid,urb,perm,sfh,2040,0.16100000000000003
C-WEU-ITA,Zone_3A Warm Humid,rur,perm,mfh,2040,0.684
C-WEU-ITA,Zone_3A Warm Humid,rur,perm,sfh,2040,0.31599999999999995
C-WEU-ITA,Zone_3A Warm Humid,urb,perm,mfh,2040,0.771
C-WEU-ITA,Zone_3A Warm Humid,urb,perm,sfh,2040,0.22899999999999998
C-WEU-ITA,Zone_4C Mixed Marine,rur,perm,mfh,2040,0.656
C-WEU-ITA,Zone_4C Mixed Marine,rur,perm,sfh,2040,0.344
C-WEU-ITA,Zone_4C Mixed Marine,urb,perm,mfh,2040,0.846
C-WEU-ITA,Zone_4C Mixed Marine,urb,perm,sfh,2040,0.15400000000000003
C-WEU-ITA,Zone_7A Very cold Humid,rur,perm,mfh,2040,0.8
C-WEU-ITA,Zone_7A Very cold Humid,rur,perm,sfh,2040,0.19999999999999996
C-WEU-ITA,Zone_7A Very cold Humid,urb,perm,mfh,2040,0.8
C-WEU-ITA,Zone_7A Very cold Humid,urb,perm,sfh,2040,0.19999999999999996
C-WEU-ITA,Zone_5C Cool Marine,urb,perm,mfh,2040,0.693
C-WEU-ITA,Zone_5C Cool Marine,urb,perm,sfh,2040,0.30700000000000005
C-WEU-LUX,Zone_5A Cool Humid,urb,perm,mfh,2040,0.985
C-WEU-LUX,Zone_5A Cool Humid,urb,perm,sfh,2040,0.015000000000000013
C-WEU-MLT,Zone_3A Warm Humid,urb,perm,mfh,2040,0.5
C-WEU-MLT,Zone_3A Warm Humid,urb,perm,sfh,2040,0.5
C-WEU-NLD,Zone_4A Mixed Humid,rur,perm,mfh,2040,0.191
C-WEU-NLD,Zone_4A Mixed Humid,rur,perm,sfh,2040,0.8089999999999999
C-WEU-NLD,Zone_4A Mixed Humid,urb,perm,mfh,2040,0.602
C-WEU-NLD,Zone_4A Mixed Humid,urb,perm,sfh,2040,0.398
C-WEU-NLD,Zone_5A Cool Humid,urb,perm,mfh,2040,0.411
C-WEU-NLD,Zone_5A Cool Humid,urb,perm,sfh,2040,0.589
C-WEU-PRT,Zone_4A Mixed Humid,rur,perm,mfh,2040,0.192
C-WEU-PRT,Zone_4A Mixed Humid,rur,perm,sfh,2040,0.808
C-WEU-PRT,Zone_3A Warm Humid,rur,perm,mfh,2040,0.229
C-WEU-PRT,Zone_3A Warm Humid,rur,perm,sfh,2040,0.771
C-WEU-PRT,Zone_3A Warm Humid,urb,perm,mfh,2040,0.677
C-WEU-PRT,Zone_3A Warm Humid,urb,perm,sfh,2040,0.32299999999999995
C-WEU-PRT,Zone_4C Mixed Marine,rur,perm,mfh,2040,0.127
C-WEU-PRT,Zone_4C Mixed Marine,rur,perm,sfh,2040,0.873
C-WEU-PRT,Zone_4C Mixed Marine,urb,perm,mfh,2040,0.335
C-WEU-PRT,Zone_4C Mixed Marine,urb,perm,sfh,2040,0.665
C-WEU-PRT,Zone_3C Warm Marine,rur,perm,mfh,2040,0.195
C-WEU-PRT,Zone_3C Warm Marine,rur,perm,sfh,2040,0.8049999999999999
C-WEU-PRT,Zone_3C Warm Marine,urb,perm,mfh,2040,0.405
C-WEU-PRT,Zone_3C Warm Marine,urb,perm,sfh,2040,0.595
C-WEU-SWE,Zone_5A Cool Humid,rur,perm,mfh,2040,0.107
C-WEU-SWE,Zone_5A Cool Humid,rur,perm,sfh,2040,0.893
C-WEU-SWE,Zone_5A Cool Humid,urb,perm,mfh,2040,0.303
C-WEU-SWE,Zone_5A Cool Humid,urb,perm,sfh,2040,0.6970000000000001
C-WEU-SWE,Zone_6A Cold Humid,rur,perm,mfh,2040,0.161
C-WEU-SWE,Zone_6A Cold Humid,rur,perm,sfh,2040,0.839
C-WEU-SWE,Zone_6A Cold Humid,urb,perm,mfh,2040,0.328
C-WEU-SWE,Zone_6A Cold Humid,urb,perm,sfh,2040,0.6719999999999999
C-WEU-SWE,Zone_7A Very cold Humid,rur,perm,mfh,2040,0.123
C-WEU-SWE,Zone_7A Very cold Humid,rur,perm,sfh,2040,0.877
C-WEU-SWE,Zone_7A Very cold Humid,urb,perm,mfh,2040,0.187
C-WEU-SWE,Zone_7A Very cold Humid,urb,perm,sfh,2040,0.813
C-WEU-SWE,Zone_8A Subarctic/arctic Humid,urb,perm,mfh,2040,0.226
C-WEU-SWE,Zone_8A Subarctic/arctic Humid,urb,perm,sfh,2040,0.774
C-EEU-BGR,Zone_4A Mixed Humid,rur,perm,mfh,2045,0.279
C-EEU-BGR,Zone_4A Mixed Humid,rur,perm,sfh,2045,0.721
C-EEU-BGR,Zone_4A Mixed Humid,urb,perm,mfh,2045,0.466
C-EEU-BGR,Zone_4A Mixed Humid,urb,perm,sfh,2045,0.534
C-EEU-BGR,Zone_5A Cool Humid,rur,perm,mfh,2045,0.648
C-EEU-BGR,Zone_5A Cool Humid,rur,perm,sfh,2045,0.352
C-EEU-BGR,Zone_5A Cool Humid,urb,perm,mfh,2045,0.525
C-EEU-BGR,Zone_5A Cool Humid,urb,perm,sfh,2045,0.475
C-EEU-CZE,Zone_5A Cool Humid,rur,perm,mfh,2045,0.517
C-EEU-CZE,Zone_5A Cool Humid,rur,perm,sfh,2045,0.483
C-EEU-CZE,Zone_5A Cool Humid,urb,perm,mfh,2045,0.647
C-EEU-CZE,Zone_5A Cool Humid,urb,perm,sfh,2045,0.353
C-EEU-EST,Zone_6A Cold Humid,rur,perm,mfh,2045,0.56
C-EEU-EST,Zone_6A Cold Humid,rur,perm,sfh,2045,0.43999999999999995
C-EEU-EST,Zone_6A Cold Humid,urb,perm,mfh,2045,0.755
C-EEU-EST,Zone_6A Cold Humid,urb,perm,sfh,2045,0.245
C-EEU-HRV,Zone_4A Mixed Humid,rur,perm,mfh,2045,0.276
C-EEU-HRV,Zone_4A Mixed Humid,rur,perm,sfh,2045,0.724
C-EEU-HRV,Zone_4A Mixed Humid,urb,perm,mfh,2045,0.617
C-EEU-HRV,Zone_4A Mixed Humid,urb,perm,sfh,2045,0.383
C-EEU-HRV,Zone_5A Cool Humid,rur,perm,mfh,2045,0.488
C-EEU-HRV,Zone_5A Cool Humid,rur,perm,sfh,2045,0.512
C-EEU-HRV,Zone_3A Warm Humid,rur,perm,mfh,2045,0.613
C-EEU-HRV,Zone_3A Warm Humid,rur,perm,sfh,2045,0.387
C-EEU-HRV,Zone_4C Mixed Marine,rur,perm,mfh,2045,0.652
C-EEU-HRV,Zone_4C Mixed Marine,rur,perm,sfh,2045,0.348
C-EEU-HUN,Zone_4A Mixed Humid,rur,perm,mfh,2045,0.428
C-EEU-HUN,Zone_4A Mixed Humid,rur,perm,sfh,2045,0.5720000000000001
C-EEU-HUN,Zone_4A Mixed Humid,urb,perm,mfh,2045,0.65
C-EEU-HUN,Zone_4A Mixed Humid,urb,perm,sfh,2045,0.35
C-EEU-HUN,Zone_5A Cool Humid,rur,perm,mfh,2045,0.315
C-EEU-HUN,Zone_5A Cool Humid,rur,perm,sfh,2045,0.685
C-EEU-HUN,Zone_5A Cool Humid,urb,perm,mfh,2045,0.419
C-EEU-HUN,Zone_5A Cool Humid,urb,perm,sfh,2045,0.581
C-EEU-LTU,Zone_5A Cool Humid,rur,perm,mfh,2045,0.524
C-EEU-LTU,Zone_5A Cool Humid,rur,perm,sfh,2045,0.476
C-EEU-LTU,Zone_5A Cool Humid,urb,perm,mfh,2045,0.815
C-EEU-LTU,Zone_5A Cool Humid,urb,perm,sfh,2045,0.18500000000000005
C-EEU-LTU,Zone_6A Cold Humid,rur,perm,mfh,2045,0.5
C-EEU-LTU,Zone_6A Cold Humid,rur,perm,sfh,2045,0.5
C-EEU-LTU,Zone_6A Cold Humid,urb,perm,mfh,2045,0.573
C-EEU-LTU,Zone_6A Cold Humid,urb,perm,sfh,2045,0.42700000000000005
C-EEU-LVA,Zone_6A Cold Humid,rur,perm,mfh,2045,0.519
C-EEU-LVA,Zone_6A Cold Humid,rur,perm,sfh,2045,0.481
C-EEU-LVA,Zone_6A Cold Humid,urb,perm,mfh,2045,0.709
C-EEU-LVA,Zone_6A Cold Humid,urb,perm,sfh,2045,0.29100000000000004
C-EEU-POL,Zone_5A Cool Humid,rur,perm,mfh,2045,0.484
C-EEU-POL,Zone_5A Cool Humid,rur,perm,sfh,2045,0.516
C-EEU-POL,Zone_5A Cool Humid,urb,perm,mfh,2045,0.799
C-EEU-POL,Zone_5A Cool Humid,urb,perm,sfh,2045,0.20099999999999996
C-EEU-POL,Zone_6A Cold Humid,rur,perm,mfh,2045,0.406
C-EEU-POL,Zone_6A Cold Humid,rur,perm,sfh,2045,0.594
C-EEU-POL,Zone_6A Cold Humid,urb,perm,mfh,2045,0.579
C-EEU-POL,Zone_6A Cold Humid,urb,perm,sfh,2045,0.42100000000000004
C-EEU-ROU,Zone_4A Mixed Humid,rur,perm,mfh,2045,0.331
C-EEU-ROU,Zone_4A Mixed Humid,rur,perm,sfh,2045,0.669
C-EEU-ROU,Zone_4A Mixed Humid,urb,perm,mfh,2045,0.635
C-EEU-ROU,Zone_4A Mixed Humid,urb,perm,sfh,2045,0.365
C-EEU-ROU,Zone_5A Cool Humid,rur,perm,mfh,2045,0.326
C-EEU-ROU,Zone_5A Cool Humid,rur,perm,sfh,2045,0.6739999999999999
C-EEU-ROU,Zone_5A Cool Humid,urb,perm,mfh,2045,0.474
C-EEU-ROU,Zone_5A Cool Humid,urb,perm,sfh,2045,0.526
C-EEU-ROU,Zone_6A Cold Humid,rur,perm,mfh,2045,0.414
C-EEU-ROU,Zone_6A Cold Humid,rur,perm,sfh,2045,0.5860000000000001
C-EEU-SVK,Zone_5A Cool Humid,rur,perm,mfh,2045,0.385
C-EEU-SVK,Zone_5A Cool Humid,rur,perm,sfh,2045,0.615
C-EEU-SVK,Zone_5A Cool Humid,urb,perm,mfh,2045,0.567
C-EEU-SVK,Zone_5A Cool Humid,urb,perm,sfh,2045,0.43300000000000005
C-EEU-SVK,Zone_6A Cold Humid,rur,perm,mfh,2045,0.412
C-EEU-SVK,Zone_6A Cold Humid,rur,perm,sfh,2045,0.5880000000000001
C-EEU-SVK,Zone_6A Cold Humid,urb,perm,mfh,2045,0.386
C-EEU-SVK,Zone_6A Cold Humid,urb,perm,sfh,2045,0.614
C-EEU-SVN,Zone_4A Mixed Humid,rur,perm,mfh,2045,0.366
C-EEU-SVN,Zone_4A Mixed Humid,rur,perm,sfh,2045,0.634
C-EEU-SVN,Zone_4A Mixed Humid,urb,perm,mfh,2045,0.601
C-EEU-SVN,Zone_4A Mixed Humid,urb,perm,sfh,2045,0.399
C-EEU-SVN,Zone_5A Cool Humid,rur,perm,mfh,2045,0.328
C-EEU-SVN,Zone_5A Cool Humid,rur,perm,sfh,2045,0.6719999999999999
C-EEU-SVN,Zone_5A Cool Humid,urb,perm,mfh,2045,0.629
C-EEU-SVN,Zone_5A Cool Humid,urb,perm,sfh,2045,0.371
C-EEU-SVN,Zone_7A Very cold Humid,rur,perm,mfh,2045,0.397
C-EEU-SVN,Zone_7A Very cold Humid,rur,perm,sfh,2045,0.603
C-WEU-AUT,Zone_4A Mixed Humid,rur,perm,mfh,2045,0.472
C-WEU-AUT,Zone_4A Mixed Humid,rur,perm,sfh,2045,0.528
C-WEU-AUT,Zone_4A Mixed Humid,urb,perm,mfh,2045,0.798
C-WEU-AUT,Zone_4A Mixed Humid,urb,perm,sfh,2045,0.20199999999999996
C-WEU-AUT,Zone_5A Cool Humid,rur,perm,mfh,2045,0.57
C-WEU-AUT,Zone_5A Cool Humid,rur,perm,sfh,2045,0.43000000000000005
C-WEU-AUT,Zone_5A Cool Humid,urb,perm,mfh,2045,0.621
C-WEU-AUT,Zone_5A Cool Humid,urb,perm,sfh,2045,0.379
C-WEU-AUT,Zone_6A Cold Humid,rur,perm,mfh,2045,0.717
C-WEU-AUT,Zone_6A Cold Humid,rur,perm,sfh,2045,0.28300000000000003
C-WEU-AUT,Zone_6A Cold Humid,urb,perm,mfh,2045,0.807
C-WEU-AUT,Zone_6A Cold Humid,urb,perm,sfh,2045,0.19299999999999995
C-WEU-AUT,Zone_7A Very cold Humid,rur,perm,mfh,2045,0.775
C-WEU-AUT,Zone_7A Very cold Humid,rur,perm,sfh,2045,0.22499999999999998
C-WEU-AUT,Zone_7A Very cold Humid,urb,perm,mfh,2045,0.889
C-WEU-AUT,Zone_7A Very cold Humid,urb,perm,sfh,2045,0.11099999999999999
C-WEU-BEL,Zone_4A Mixed Humid,rur,perm,mfh,2045,0.284
C-WEU-BEL,Zone_4A Mixed Humid,rur,perm,sfh,2045,0.716
C-WEU-BEL,Zone_4A Mixed Humid,urb,perm,mfh,2045,0.662
C-WEU-BEL,Zone_4A Mixed Humid,urb,perm,sfh,2045,0.33799999999999997
C-WEU-BEL,Zone_5A Cool Humid,rur,perm,mfh,2045,0.268
C-WEU-BEL,Zone_5A Cool Humid,rur,perm,sfh,2045,0.732
C-WEU-BEL,Zone_5A Cool Humid,urb,perm,mfh,2045,0.492
C-WEU-BEL,Zone_5A Cool Humid,urb,perm,sfh,2045,0.508
C-WEU-CYP,Zone_3A Warm Humid,urb,perm,mfh,2045,0.523
C-WEU-CYP,Zone_3A Warm Humid,urb,perm,sfh,2045,0.477
C-WEU-DEU,Zone_4A Mixed Humid,rur,perm,mfh,2045,0.601
C-WEU-DEU,Zone_4A Mixed Humid,rur,perm,sfh,2045,0.399
C-WEU-DEU,Zone_4A Mixed Humid,urb,perm,mfh,2045,0.842
C-WEU-DEU,Zone_4A Mixed Humid,urb,perm,sfh,2045,0.15800000000000003
C-WEU-DEU,Zone_5A Cool Humid,rur,perm,mfh,2045,0.731
C-WEU-DEU,Zone_5A Cool Humid,rur,perm,sfh,2045,0.269
C-WEU-DEU,Zone_5A Cool Humid,urb,perm,mfh,2045,0.825
C-WEU-DEU,Zone_5A Cool Humid,urb,perm,sfh,2045,0.17500000000000004
C-WEU-DEU,Zone_6A Cold Humid,rur,perm,mfh,2045,0.779
C-WEU-DEU,Zone_6A Cold Humid,rur,perm,sfh,2045,0.22099999999999997
C-WEU-DEU,Zone_6A Cold Humid,urb,perm,mfh,2045,0.855
C-WEU-DEU,Zone_6A Cold Humid,urb,perm,sfh,2045,0.14500000000000002
C-WEU-DNK,Zone_5A Cool Humid,rur,perm,mfh,2045,0.812
C-WEU-DNK,Zone_5A Cool Humid,rur,perm,sfh,2045,0.18799999999999994
C-WEU-DNK,Zone_5A Cool Humid,urb,perm,mfh,2045,0.81
C-WEU-DNK,Zone_5A Cool Humid,urb,perm,sfh,2045,0.18999999999999995
C-WEU-ESP,Zone_4A Mixed Humid,rur,perm,mfh,2045,0.281
C-WEU-ESP,Zone_4A Mixed Humid,rur,perm,sfh,2045,0.719
C-WEU-ESP,Zone_4A Mixed Humid,urb,perm,mfh,2045,0.567
C-WEU-ESP,Zone_4A Mixed Humid,urb,perm,sfh,2045,0.43300000000000005
C-WEU-ESP,Zone_3A Warm Humid,rur,perm,mfh,2045,0.273
C-WEU-ESP,Zone_3A Warm Humid,rur,perm,sfh,2045,0.727
C-WEU-ESP,Zone_3A Warm Humid,urb,perm,mfh,2045,0.63
C-WEU-ESP,Zone_3A Warm Humid,urb,perm,sfh,2045,0.37
C-WEU-ESP,Zone_4C Mixed Marine,rur,perm,mfh,2045,0.355
C-WEU-ESP,Zone_4C Mixed Marine,rur,perm,sfh,2045,0.645
C-WEU-ESP,Zone_4C Mixed Marine,urb,perm,mfh,2045,0.499
C-WEU-ESP,Zone_4C Mixed Marine,urb,perm,sfh,2045,0.501
C-WEU-ESP,Zone_2B Hot Dry,urb,perm,mfh,2045,0.7
C-WEU-ESP,Zone_2B Hot Dry,urb,perm,sfh,2045,0.30000000000000004
C-WEU-ESP,Zone_3B Warm Dry,rur,perm,mfh,2045,0.423
C-WEU-ESP,Zone_3B Warm Dry,rur,perm,sfh,2045,0.577
C-WEU-ESP,Zone_3B Warm Dry,urb,perm,mfh,2045,0.623
C-WEU-ESP,Zone_3B Warm Dry,urb,perm,sfh,2045,0.377
C-WEU-ESP,Zone_3C Warm Marine,urb,perm,mfh,2045,0.644
C-WEU-ESP,Zone_3C Warm Marine,urb,perm,sfh,2045,0.356
C-WEU-FIN,Zone_6A Cold Humid,rur,perm,mfh,2045,0.724
C-WEU-FIN,Zone_6A Cold Humid,rur,perm,sfh,2045,0.276
C-WEU-FIN,Zone_6A Cold Humid,urb,perm,mfh,2045,0.82
C-WEU-FIN,Zone_6A Cold Humid,urb,perm,sfh,2045,0.18000000000000005
C-WEU-FIN,Zone_7A Very cold Humid,rur,perm,mfh,2045,0.682
C-WEU-FIN,Zone_7A Very cold Humid,rur,perm,sfh,2045,0.31799999999999995
C-WEU-FIN,Zone_7A Very cold Humid,urb,perm,mfh,2045,0.746
C-WEU-FIN,Zone_7A Very cold Humid,urb,perm,sfh,2045,0.254
C-WEU-FRA,Zone_4A Mixed Humid,rur,perm,mfh,2045,0.317
C-WEU-FRA,Zone_4A Mixed Humid,rur,perm,sfh,2045,0.683
C-WEU-FRA,Zone_4A Mixed Humid,urb,perm,mfh,2045,0.638
C-WEU-FRA,Zone_4A Mixed Humid,urb,perm,sfh,2045,0.362
C-WEU-FRA,Zone_5A Cool Humid,rur,perm,mfh,2045,0.313
C-WEU-FRA,Zone_5A Cool Humid,rur,perm,sfh,2045,0.687
C-WEU-FRA,Zone_5A Cool Humid,urb,perm,mfh,2045,0.681
C-WEU-FRA,Zone_5A Cool Humid,urb,perm,sfh,2045,0.31899999999999995
C-WEU-FRA,Zone_3A Warm Humid,rur,perm,mfh,2045,0.354
C-WEU-FRA,Zone_3A Warm Humid,rur,perm,sfh,2045,0.646
C-WEU-FRA,Zone_3A Warm Humid,urb,perm,mfh,2045,0.626
C-WEU-FRA,Zone_3A Warm Humid,urb,perm,sfh,2045,0.374
C-WEU-FRA,Zone_4C Mixed Marine,rur,perm,mfh,2045,0.56
C-WEU-FRA,Zone_4C Mixed Marine,rur,perm,sfh,2045,0.43999999999999995
C-WEU-FRA,Zone_7A Very cold Humid,urb,perm,mfh,2045,0.79
C-WEU-FRA,Zone_7A Very cold Humid,urb,perm,sfh,2045,0.20999999999999996
C-WEU-FRA,Zone_3C Warm Marine,urb,perm,mfh,2045,0.859
C-WEU-FRA,Zone_3C Warm Marine,urb,perm,sfh,2045,0.14100000000000001
C-WEU-FRA,Zone_1A Very hot Humid,urb,perm,mfh,2045,0.471
C-WEU-FRA,Zone_1A Very hot Humid,urb,perm,sfh,2045,0.529
C-WEU-FRA,Zone_2A Hot Humid,urb,perm,mfh,2045,0.4
C-WEU-FRA,Zone_2A Hot Humid,urb,perm,sfh,2045,0.6
C-WEU-GRC,Zone_4A Mixed Humid,rur,perm,mfh,2045,0.379
C-WEU-GRC,Zone_4A Mixed Humid,rur,perm,sfh,2045,0.621
C-WEU-GRC,Zone_4A Mixed Humid,urb,perm,mfh,2045,0.591
C-WEU-GRC,Zone_4A Mixed Humid,urb,perm,sfh,2045,0.40900000000000003
C-WEU-GRC,Zone_5A Cool Humid,rur,perm,mfh,2045,0.411
C-WEU-GRC,Zone_5A Cool Humid,rur,perm,sfh,2045,0.589
C-WEU-GRC,Zone_5A Cool Humid,urb,perm,mfh,2045,0.54
C-WEU-GRC,Zone_5A Cool Humid,urb,perm,sfh,2045,0.45999999999999996
C-WEU-GRC,Zone_3A Warm Humid,rur,perm,mfh,2045,0.455
C-WEU-GRC,Zone_3A Warm Humid,rur,perm,sfh,2045,0.5449999999999999
C-WEU-GRC,Zone_3A Warm Humid,urb,perm,mfh,2045,0.663
C-WEU-GRC,Zone_3A Warm Humid,urb,perm,sfh,2045,0.33699999999999997
C-WEU-GRC,Zone_4C Mixed Marine,urb,perm,mfh,2045,0.49
C-WEU-GRC,Zone_4C Mixed Marine,urb,perm,sfh,2045,0.51
C-WEU-GRC,Zone_5C Cool Marine,urb,perm,mfh,2045,0.564
C-WEU-GRC,Zone_5C Cool Marine,urb,perm,sfh,2045,0.43600000000000005
C-WEU-IRL,Zone_4A Mixed Humid,rur,perm,mfh,2045,0.146
C-WEU-IRL,Zone_4A Mixed Humid,rur,perm,sfh,2045,0.854
C-WEU-IRL,Zone_5A Cool Humid,rur,perm,mfh,2045,0.152
C-WEU-IRL,Zone_5A Cool Humid,rur,perm,sfh,2045,0.848
C-WEU-IRL,Zone_5A Cool Humid,urb,perm,mfh,2045,0.376
C-WEU-IRL,Zone_5A Cool Humid,urb,perm,sfh,2045,0.624
C-WEU-ITA,Zone_4A Mixed Humid,rur,perm,mfh,2045,0.695
C-WEU-ITA,Zone_4A Mixed Humid,rur,perm,sfh,2045,0.30500000000000005
C-WEU-ITA,Zone_4A Mixed Humid,urb,perm,mfh,2045,0.812
C-WEU-ITA,Zone_4A Mixed Humid,urb,perm,sfh,2045,0.18799999999999994
C-WEU-ITA,Zone_5A Cool Humid,urb,perm,mfh,2045,0.792
C-WEU-ITA,Zone_5A Cool Humid,urb,perm,sfh,2045,0.20799999999999996
C-WEU-ITA,Zone_6A Cold Humid,urb,perm,mfh,2045,0.839
C-WEU-ITA,Zone_6A Cold Humid,urb,perm,sfh,2045,0.16100000000000003
C-WEU-ITA,Zone_3A Warm Humid,rur,perm,mfh,2045,0.684
C-WEU-ITA,Zone_3A Warm Humid,rur,perm,sfh,2045,0.31599999999999995
C-WEU-ITA,Zone_3A Warm Humid,urb,perm,mfh,2045,0.771
C-WEU-ITA,Zone_3A Warm Humid,urb,perm,sfh,2045,0.22899999999999998
C-WEU-ITA,Zone_4C Mixed Marine,rur,perm,mfh,2045,0.656
C-WEU-ITA,Zone_4C Mixed Marine,rur,perm,sfh,2045,0.344
C-WEU-ITA,Zone_4C Mixed Marine,urb,perm,mfh,2045,0.846
C-WEU-ITA,Zone_4C Mixed Marine,urb,perm,sfh,2045,0.15400000000000003
C-WEU-ITA,Zone_7A Very cold Humid,rur,perm,mfh,2045,0.8
C-WEU-ITA,Zone_7A Very cold Humid,rur,perm,sfh,2045,0.19999999999999996
C-WEU-ITA,Zone_7A Very cold Humid,urb,perm,mfh,2045,0.8
C-WEU-ITA,Zone_7A Very cold Humid,urb,perm,sfh,2045,0.19999999999999996
C-WEU-ITA,Zone_5C Cool Marine,urb,perm,mfh,2045,0.693
C-WEU-ITA,Zone_5C Cool Marine,urb,perm,sfh,2045,0.30700000000000005
C-WEU-LUX,Zone_5A Cool Humid,urb,perm,mfh,2045,0.985
C-WEU-LUX,Zone_5A Cool Humid,urb,perm,sfh,2045,0.015000000000000013
C-WEU-MLT,Zone_3A Warm Humid,urb,perm,mfh,2045,0.5
C-WEU-MLT,Zone_3A Warm Humid,urb,perm,sfh,2045,0.5
C-WEU-NLD,Zone_4A Mixed Humid,rur,perm,mfh,2045,0.191
C-WEU-NLD,Zone_4A Mixed Humid,rur,perm,sfh,2045,0.8089999999999999
C-WEU-NLD,Zone_4A Mixed Humid,urb,perm,mfh,2045,0.602
C-WEU-NLD,Zone_4A Mixed Humid,urb,perm,sfh,2045,0.398
C-WEU-NLD,Zone_5A Cool Humid,urb,perm,mfh,2045,0.411
C-WEU-NLD,Zone_5A Cool Humid,urb,perm,sfh,2045,0.589
C-WEU-PRT,Zone_4A Mixed Humid,rur,perm,mfh,2045,0.192
C-WEU-PRT,Zone_4A Mixed Humid,rur,perm,sfh,2045,0.808
C-WEU-PRT,Zone_3A Warm Humid,rur,perm,mfh,2045,0.229
C-WEU-PRT,Zone_3A Warm Humid,rur,perm,sfh,2045,0.771
C-WEU-PRT,Zone_3A Warm Humid,urb,perm,mfh,2045,0.677
C-WEU-PRT,Zone_3A Warm Humid,urb,perm,sfh,2045,0.32299999999999995
C-WEU-PRT,Zone_4C Mixed Marine,rur,perm,mfh,2045,0.127
C-WEU-PRT,Zone_4C Mixed Marine,rur,perm,sfh,2045,0.873
C-WEU-PRT,Zone_4C Mixed Marine,urb,perm,mfh,2045,0.335
C-WEU-PRT,Zone_4C Mixed Marine,urb,perm,sfh,2045,0.665
C-WEU-PRT,Zone_3C Warm Marine,rur,perm,mfh,2045,0.195
C-WEU-PRT,Zone_3C Warm Marine,rur,perm,sfh,2045,0.8049999999999999
C-WEU-PRT,Zone_3C Warm Marine,urb,perm,mfh,2045,0.405
C-WEU-PRT,Zone_3C Warm Marine,urb,perm,sfh,2045,0.595
C-WEU-SWE,Zone_5A Cool Humid,rur,perm,mfh,2045,0.107
C-WEU-SWE,Zone_5A Cool Humid,rur,perm,sfh,2045,0.893
C-WEU-SWE,Zone_5A Cool Humid,urb,perm,mfh,2045,0.303
C-WEU-SWE,Zone_5A Cool Humid,urb,perm,sfh,2045,0.6970000000000001
C-WEU-SWE,Zone_6A Cold Humid,rur,perm,mfh,2045,0.161
C-WEU-SWE,Zone_6A Cold Humid,rur,perm,sfh,2045,0.839
C-WEU-SWE,Zone_6A Cold Humid,urb,perm,mfh,2045,0.328
C-WEU-SWE,Zone_6A Cold Humid,urb,perm,sfh,2045,0.6719999999999999
C-WEU-SWE,Zone_7A Very cold Humid,rur,perm,mfh,2045,0.123
C-WEU-SWE,Zone_7A Very cold Humid,rur,perm,sfh,2045,0.877
C-WEU-SWE,Zone_7A Very cold Humid,urb,perm,mfh,2045,0.187
C-WEU-SWE,Zone_7A Very cold Humid,urb,perm,sfh,2045,0.813
C-WEU-SWE,Zone_8A Subarctic/arctic Humid,urb,perm,mfh,2045,0.226
C-WEU-SWE,Zone_8A Subarctic/arctic Humid,urb,perm,sfh,2045,0.774
C-EEU-BGR,Zone_4A Mixed Humid,rur,perm,mfh,2050,0.279
C-EEU-BGR,Zone_4A Mixed Humid,rur,perm,sfh,2050,0.721
C-EEU-BGR,Zone_4A Mixed Humid,urb,perm,mfh,2050,0.466
C-EEU-BGR,Zone_4A Mixed Humid,urb,perm,sfh,2050,0.534
C-EEU-BGR,Zone_5A Cool Humid,rur,perm,mfh,2050,0.648
C-EEU-BGR,Zone_5A Cool Humid,rur,perm,sfh,2050,0.352
C-EEU-BGR,Zone_5A Cool Humid,urb,perm,mfh,2050,0.525
C-EEU-BGR,Zone_5A Cool Humid,urb,perm,sfh,2050,0.475
C-EEU-CZE,Zone_5A Cool Humid,rur,perm,mfh,2050,0.517
C-EEU-CZE,Zone_5A Cool Humid,rur,perm,sfh,2050,0.483
C-EEU-CZE,Zone_5A Cool Humid,urb,perm,mfh,2050,0.647
C-EEU-CZE,Zone_5A Cool Humid,urb,perm,sfh,2050,0.353
C-EEU-EST,Zone_6A Cold Humid,rur,perm,mfh,2050,0.56
C-EEU-EST,Zone_6A Cold Humid,rur,perm,sfh,2050,0.43999999999999995
C-EEU-EST,Zone_6A Cold Humid,urb,perm,mfh,2050,0.755
C-EEU-EST,Zone_6A Cold Humid,urb,perm,sfh,2050,0.245
C-EEU-HRV,Zone_4A Mixed Humid,rur,perm,mfh,2050,0.276
C-EEU-HRV,Zone_4A Mixed Humid,rur,perm,sfh,2050,0.724
C-EEU-HRV,Zone_4A Mixed Humid,urb,perm,mfh,2050,0.617
C-EEU-HRV,Zone_4A Mixed Humid,urb,perm,sfh,2050,0.383
C-EEU-HRV,Zone_5A Cool Humid,rur,perm,mfh,2050,0.488
C-EEU-HRV,Zone_5A Cool Humid,rur,perm,sfh,2050,0.512
C-EEU-HRV,Zone_3A Warm Humid,rur,perm,mfh,2050,0.613
C-EEU-HRV,Zone_3A Warm Humid,rur,perm,sfh,2050,0.387
C-EEU-HRV,Zone_4C Mixed Marine,rur,perm,mfh,2050,0.652
C-EEU-HRV,Zone_4C Mixed Marine,rur,perm,sfh,2050,0.348
C-EEU-HUN,Zone_4A Mixed Humid,rur,perm,mfh,2050,0.428
C-EEU-HUN,Zone_4A Mixed Humid,rur,perm,sfh,2050,0.5720000000000001
C-EEU-HUN,Zone_4A Mixed Humid,urb,perm,mfh,2050,0.65
C-EEU-HUN,Zone_4A Mixed Humid,urb,perm,sfh,2050,0.35
C-EEU-HUN,Zone_5A Cool Humid,rur,perm,mfh,2050,0.315
C-EEU-HUN,Zone_5A Cool Humid,rur,perm,sfh,2050,0.685
C-EEU-HUN,Zone_5A Cool Humid,urb,perm,mfh,2050,0.419
C-EEU-HUN,Zone_5A Cool Humid,urb,perm,sfh,2050,0.581
C-EEU-LTU,Zone_5A Cool Humid,rur,perm,mfh,2050,0.524
C-EEU-LTU,Zone_5A Cool Humid,rur,perm,sfh,2050,0.476
C-EEU-LTU,Zone_5A Cool Humid,urb,perm,mfh,2050,0.815
C-EEU-LTU,Zone_5A Cool Humid,urb,perm,sfh,2050,0.18500000000000005
C-EEU-LTU,Zone_6A Cold Humid,rur,perm,mfh,2050,0.5
C-EEU-LTU,Zone_6A Cold Humid,rur,perm,sfh,2050,0.5
C-EEU-LTU,Zone_6A Cold Humid,urb,perm,mfh,2050,0.573
C-EEU-LTU,Zone_6A Cold Humid,urb,perm,sfh,2050,0.42700000000000005
C-EEU-LVA,Zone_6A Cold Humid,rur,perm,mfh,2050,0.519
C-EEU-LVA,Zone_6A Cold Humid,rur,perm,sfh,2050,0.481
C-EEU-LVA,Zone_6A Cold Humid,urb,perm,mfh,2050,0.709
C-EEU-LVA,Zone_6A Cold Humid,urb,perm,sfh,2050,0.29100000000000004
C-EEU-POL,Zone_5A Cool Humid,rur,perm,mfh,2050,0.484
C-EEU-POL,Zone_5A Cool Humid,rur,perm,sfh,2050,0.516
C-EEU-POL,Zone_5A Cool Humid,urb,perm,mfh,2050,0.799
C-EEU-POL,Zone_5A Cool Humid,urb,perm,sfh,2050,0.20099999999999996
C-EEU-POL,Zone_6A Cold Humid,rur,perm,mfh,2050,0.406
C-EEU-POL,Zone_6A Cold Humid,rur,perm,sfh,2050,0.594
C-EEU-POL,Zone_6A Cold Humid,urb,perm,mfh,2050,0.579
C-EEU-POL,Zone_6A Cold Humid,urb,perm,sfh,2050,0.42100000000000004
C-EEU-ROU,Zone_4A Mixed Humid,rur,perm,mfh,2050,0.331
C-EEU-ROU,Zone_4A Mixed Humid,rur,perm,sfh,2050,0.669
C-EEU-ROU,Zone_4A Mixed Humid,urb,perm,mfh,2050,0.635
C-EEU-ROU,Zone_4A Mixed Humid,urb,perm,sfh,2050,0.365
C-EEU-ROU,Zone_5A Cool Humid,rur,perm,mfh,2050,0.326
C-EEU-ROU,Zone_5A Cool Humid,rur,perm,sfh,2050,0.6739999999999999
C-EEU-ROU,Zone_5A Cool Humid,urb,perm,mfh,2050,0.474
C-EEU-ROU,Zone_5A Cool Humid,urb,perm,sfh,2050,0.526
C-EEU-ROU,Zone_6A Cold Humid,rur,perm,mfh,2050,0.414
C-EEU-ROU,Zone_6A Cold Humid,rur,perm,sfh,2050,0.5860000000000001
C-EEU-SVK,Zone_5A Cool Humid,rur,perm,mfh,2050,0.385
C-EEU-SVK,Zone_5A Cool Humid,rur,perm,sfh,2050,0.615
C-EEU-SVK,Zone_5A Cool Humid,urb,perm,mfh,2050,0.567
C-EEU-SVK,Zone_5A Cool Humid,urb,perm,sfh,2050,0.43300000000000005
C-EEU-SVK,Zone_6A Cold Humid,rur,perm,mfh,2050,0.412
C-EEU-SVK,Zone_6A Cold Humid,rur,perm,sfh,2050,0.5880000000000001
C-EEU-SVK,Zone_6A Cold Humid,urb,perm,mfh,2050,0.386
C-EEU-SVK,Zone_6A Cold Humid,urb,perm,sfh,2050,0.614
C-EEU-SVN,Zone_4A Mixed Humid,rur,perm,mfh,2050,0.366
C-EEU-SVN,Zone_4A Mixed Humid,rur,perm,sfh,2050,0.634
C-EEU-SVN,Zone_4A Mixed Humid,urb,perm,mfh,2050,0.601
C-EEU-SVN,Zone_4A Mixed Humid,urb,perm,sfh,2050,0.399
C-EEU-SVN,Zone_5A Cool Humid,rur,perm,mfh,2050,0.328
C-EEU-SVN,Zone_5A Cool Humid,rur,perm,sfh,2050,0.6719999999999999
C-EEU-SVN,Zone_5A Cool Humid,urb,perm,mfh,2050,0.629
C-EEU-SVN,Zone_5A Cool Humid,urb,perm,sfh,2050,0.371
C-EEU-SVN,Zone_7A Very cold Humid,rur,perm,mfh,2050,0.397
C-EEU-SVN,Zone_7A Very cold Humid,rur,perm,sfh,2050,0.603
C-WEU-AUT,Zone_4A Mixed Humid,rur,perm,mfh,2050,0.472
C-WEU-AUT,Zone_4A Mixed Humid,rur,perm,sfh,2050,0.528
C-WEU-AUT,Zone_4A Mixed Humid,urb,perm,mfh,2050,0.798
C-WEU-AUT,Zone_4A Mixed Humid,urb,perm,sfh,2050,0.20199999999999996
C-WEU-AUT,Zone_5A Cool Humid,rur,perm,mfh,2050,0.57
C-WEU-AUT,Zone_5A Cool Humid,rur,perm,sfh,2050,0.43000000000000005
C-WEU-AUT,Zone_5A Cool Humid,urb,perm,mfh,2050,0.621
C-WEU-AUT,Zone_5A Cool Humid,urb,perm,sfh,2050,0.379
C-WEU-AUT,Zone_6A Cold Humid,rur,perm,mfh,2050,0.717
C-WEU-AUT,Zone_6A Cold Humid,rur,perm,sfh,2050,0.28300000000000003
C-WEU-AUT,Zone_6A Cold Humid,urb,perm,mfh,2050,0.807
C-WEU-AUT,Zone_6A Cold Humid,urb,perm,sfh,2050,0.19299999999999995
C-WEU-AUT,Zone_7A Very cold Humid,rur,perm,mfh,2050,0.775
C-WEU-AUT,Zone_7A Very cold Humid,rur,perm,sfh,2050,0.22499999999999998
C-WEU-AUT,Zone_7A Very cold Humid,urb,perm,mfh,2050,0.889
C-WEU-AUT,Zone_7A Very cold Humid,urb,perm,sfh,2050,0.11099999999999999
C-WEU-BEL,Zone_4A Mixed Humid,rur,perm,mfh,2050,0.284
C-WEU-BEL,Zone_4A Mixed Humid,rur,perm,sfh,2050,0.716
C-WEU-BEL,Zone_4A Mixed Humid,urb,perm,mfh,2050,0.662
C-WEU-BEL,Zone_4A Mixed Humid,urb,perm,sfh,2050,0.33799999999999997
C-WEU-BEL,Zone_5A Cool Humid,rur,perm,mfh,2050,0.268
C-WEU-BEL,Zone_5A Cool Humid,rur,perm,sfh,2050,0.732
C-WEU-BEL,Zone_5A Cool Humid,urb,perm,mfh,2050,0.492
C-WEU-BEL,Zone_5A Cool Humid,urb,perm,sfh,2050,0.508
C-WEU-CYP,Zone_3A Warm Humid,urb,perm,mfh,2050,0.523
C-WEU-CYP,Zone_3A Warm Humid,urb,perm,sfh,2050,0.477
C-WEU-DEU,Zone_4A Mixed Humid,rur,perm,mfh,2050,0.601
C-WEU-DEU,Zone_4A Mixed Humid,rur,perm,sfh,2050,0.399
C-WEU-DEU,Zone_4A Mixed Humid,urb,perm,mfh,2050,0.842
C-WEU-DEU,Zone_4A Mixed Humid,urb,perm,sfh,2050,0.15800000000000003
C-WEU-DEU,Zone_5A Cool Humid,rur,perm,mfh,2050,0.731
C-WEU-DEU,Zone_5A Cool Humid,rur,perm,sfh,2050,0.269
C-WEU-DEU,Zone_5A Cool Humid,urb,perm,mfh,2050,0.825
C-WEU-DEU,Zone_5A Cool Humid,urb,perm,sfh,2050,0.17500000000000004
C-WEU-DEU,Zone_6A Cold Humid,rur,perm,mfh,2050,0.779
C-WEU-DEU,Zone_6A Cold Humid,rur,perm,sfh,2050,0.22099999999999997
C-WEU-DEU,Zone_6A Cold Humid,urb,perm,mfh,2050,0.855
C-WEU-DEU,Zone_6A Cold Humid,urb,perm,sfh,2050,0.14500000000000002
C-WEU-DNK,Zone_5A Cool Humid,rur,perm,mfh,2050,0.812
C-WEU-DNK,Zone_5A Cool Humid,rur,perm,sfh,2050,0.18799999999999994
C-WEU-DNK,Zone_5A Cool Humid,urb,perm,mfh,2050,0.81
C-WEU-DNK,Zone_5A Cool Humid,urb,perm,sfh,2050,0.18999999999999995
C-WEU-ESP,Zone_4A Mixed Humid,rur,perm,mfh,2050,0.281
C-WEU-ESP,Zone_4A Mixed Humid,rur,perm,sfh,2050,0.719
C-WEU-ESP,Zone_4A Mixed Humid,urb,perm,mfh,2050,0.567
C-WEU-ESP,Zone_4A Mixed Humid,urb,perm,sfh,2050,0.43300000000000005
C-WEU-ESP,Zone_3A Warm Humid,rur,perm,mfh,2050,0.273
C-WEU-ESP,Zone_3A Warm Humid,rur,perm,sfh,2050,0.727
C-WEU-ESP,Zone_3A Warm Humid,urb,perm,mfh,2050,0.63
C-WEU-ESP,Zone_3A Warm Humid,urb,perm,sfh,2050,0.37
C-WEU-ESP,Zone_4C Mixed Marine,rur,perm,mfh,2050,0.355
C-WEU-ESP,Zone_4C Mixed Marine,rur,perm,sfh,2050,0.645
C-WEU-ESP,Zone_4C Mixed Marine,urb,perm,mfh,2050,0.499
C-WEU-ESP,Zone_4C Mixed Marine,urb,perm,sfh,2050,0.501
C-WEU-ESP,Zone_2B Hot Dry,urb,perm,mfh,2050,0.7
C-WEU-ESP,Zone_2B Hot Dry,urb,perm,sfh,2050,0.30000000000000004
C-WEU-ESP,Zone_3B Warm Dry,rur,perm,mfh,2050,0.423
C-WEU-ESP,Zone_3B Warm Dry,rur,perm,sfh,2050,0.577
C-WEU-ESP,Zone_3B Warm Dry,urb,perm,mfh,2050,0.623
C-WEU-ESP,Zone_3B Warm Dry,urb,perm,sfh,2050,0.377
C-WEU-ESP,Zone_3C Warm Marine,urb,perm,mfh,2050,0.644
C-WEU-ESP,Zone_3C Warm Marine,urb,perm,sfh,2050,0.356
C-WEU-FIN,Zone_6A Cold Humid,rur,perm,mfh,2050,0.724
C-WEU-FIN,Zone_6A Cold Humid,rur,perm,sfh,2050,0.276
C-WEU-FIN,Zone_6A Cold Humid,urb,perm,mfh,2050,0.82
C-WEU-FIN,Zone_6A Cold Humid,urb,perm,sfh,2050,0.18000000000000005
C-WEU-FIN,Zone_7A Very cold Humid,rur,perm,mfh,2050,0.682
C-WEU-FIN,Zone_7A Very cold Humid,rur,perm,sfh,2050,0.31799999999999995
C-WEU-FIN,Zone_7A Very cold Humid,urb,perm,mfh,2050,0.746
C-WEU-FIN,Zone_7A Very cold Humid,urb,perm,sfh,2050,0.254
C-WEU-FRA,Zone_4A Mixed Humid,rur,perm,mfh,2050,0.317
C-WEU-FRA,Zone_4A Mixed Humid,rur,perm,sfh,2050,0.683
C-WEU-FRA,Zone_4A Mixed Humid,urb,perm,mfh,2050,0.638
C-WEU-FRA,Zone_4A Mixed Humid,urb,perm,sfh,2050,0.362
C-WEU-FRA,Zone_5A Cool Humid,rur,perm,mfh,2050,0.313
C-WEU-FRA,Zone_5A Cool Humid,rur,perm,sfh,2050,0.687
C-WEU-FRA,Zone_5A Cool Humid,urb,perm,mfh,2050,0.681
C-WEU-FRA,Zone_5A Cool Humid,urb,perm,sfh,2050,0.31899999999999995
C-WEU-FRA,Zone_3A Warm Humid,rur,perm,mfh,2050,0.354
C-WEU-FRA,Zone_3A Warm Humid,rur,perm,sfh,2050,0.646
C-WEU-FRA,Zone_3A Warm Humid,urb,perm,mfh,2050,0.626
C-WEU-FRA,Zone_3A Warm Humid,urb,perm,sfh,2050,0.374
C-WEU-FRA,Zone_4C Mixed Marine,rur,perm,mfh,2050,0.56
C-WEU-FRA,Zone_4C Mixed Marine,rur,perm,sfh,2050,0.43999999999999995
C-WEU-FRA,Zone_7A Very cold Humid,urb,perm,mfh,2050,0.79
C-WEU-FRA,Zone_7A Very cold Humid,urb,perm,sfh,2050,0.20999999999999996
C-WEU-FRA,Zone_3C Warm Marine,urb,perm,mfh,2050,0.859
C-WEU-FRA,Zone_3C Warm Marine,urb,perm,sfh,2050,0.14100000000000001
C-WEU-FRA,Zone_1A Very hot Humid,urb,perm,mfh,2050,0.471
C-WEU-FRA,Zone_1A Very hot Humid,urb,perm,sfh,2050,0.529
C-WEU-FRA,Zone_2A Hot Humid,urb,perm,mfh,2050,0.4
C-WEU-FRA,Zone_2A Hot Humid,urb,perm,sfh,2050,0.6
C-WEU-GRC,Zone_4A Mixed Humid,rur,perm,mfh,2050,0.379
C-WEU-GRC,Zone_4A Mixed Humid,rur,perm,sfh,2050,0.621
C-WEU-GRC,Zone_4A Mixed Humid,urb,perm,mfh,2050,0.591
C-WEU-GRC,Zone_4A Mixed Humid,urb,perm,sfh,2050,0.40900000000000003
C-WEU-GRC,Zone_5A Cool Humid,rur,perm,mfh,2050,0.411
C-WEU-GRC,Zone_5A Cool Humid,rur,perm,sfh,2050,0.589
C-WEU-GRC,Zone_5A Cool Humid,urb,perm,mfh,2050,0.54
C-WEU-GRC,Zone_5A Cool Humid,urb,perm,sfh,2050,0.45999999999999996
C-WEU-GRC,Zone_3A Warm Humid,rur,perm,mfh,2050,0.455
C-WEU-GRC,Zone_3A Warm Humid,rur,perm,sfh,2050,0.5449999999999999
C-WEU-GRC,Zone_3A Warm Humid,urb,perm,mfh,2050,0.663
C-WEU-GRC,Zone_3A Warm Humid,urb,perm,sfh,2050,0.33699999999999997
C-WEU-GRC,Zone_4C Mixed Marine,urb,perm,mfh,2050,0.49
C-WEU-GRC,Zone_4C Mixed Marine,urb,perm,sfh,2050,0.51
C-WEU-GRC,Zone_5C Cool Marine,urb,perm,mfh,2050,0.564
C-WEU-GRC,Zone_5C Cool Marine,urb,perm,sfh,2050,0.43600000000000005
C-WEU-IRL,Zone_4A Mixed Humid,rur,perm,mfh,2050,0.146
C-WEU-IRL,Zone_4A Mixed Humid,rur,perm,sfh,2050,0.854
C-WEU-IRL,Zone_5A Cool Humid,rur,perm,mfh,2050,0.152
C-WEU-IRL,Zone_5A Cool Humid,rur,perm,sfh,2050,0.848
C-WEU-IRL,Zone_5A Cool Humid,urb,perm,mfh,2050,0.376
C-WEU-IRL,Zone_5A Cool Humid,urb,perm,sfh,2050,0.624
C-WEU-ITA,Zone_4A Mixed Humid,rur,perm,mfh,2050,0.695
C-WEU-ITA,Zone_4A Mixed Humid,rur,perm,sfh,2050,0.30500000000000005
C-WEU-ITA,Zone_4A Mixed Humid,urb,perm,mfh,2050,0.812
C-WEU-ITA,Zone_4A Mixed Humid,urb,perm,sfh,2050,0.18799999999999994
C-WEU-ITA,Zone_5A Cool Humid,urb,perm,mfh,2050,0.792
C-WEU-ITA,Zone_5A Cool Humid,urb,perm,sfh,2050,0.20799999999999996
C-WEU-ITA,Zone_6A Cold Humid,urb,perm,mfh,2050,0.839
C-WEU-ITA,Zone_6A Cold Humid,urb,perm,sfh,2050,0.16100000000000003
C-WEU-ITA,Zone_3A Warm Humid,rur,perm,mfh,2050,0.684
C-WEU-ITA,Zone_3A Warm Humid,rur,perm,sfh,2050,0.31599999999999995
C-WEU-ITA,Zone_3A Warm Humid,urb,perm,mfh,2050,0.771
C-WEU-ITA,Zone_3A Warm Humid,urb,perm,sfh,2050,0.22899999999999998
C-WEU-ITA,Zone_4C Mixed Marine,rur,perm,mfh,2050,0.656
C-WEU-ITA,Zone_4C Mixed Marine,rur,perm,sfh,2050,0.344
C-WEU-ITA,Zone_4C Mixed Marine,urb,perm,mfh,2050,0.846
C-WEU-ITA,Zone_4C Mixed Marine,urb,perm,sfh,2050,0.15400000000000003
C-WEU-ITA,Zone_7A Very cold Humid,rur,perm,mfh,2050,0.8
C-WEU-ITA,Zone_7A Very cold Humid,rur,perm,sfh,2050,0.19999999999999996
C-WEU-ITA,Zone_7A Very cold Humid,urb,perm,mfh,2050,0.8
C-WEU-ITA,Zone_7A Very cold Humid,urb,perm,sfh,2050,0.19999999999999996
C-WEU-ITA,Zone_5C Cool Marine,urb,perm,mfh,2050,0.693
C-WEU-ITA,Zone_5C Cool Marine,urb,perm,sfh,2050,0.30700000000000005
C-WEU-LUX,Zone_5A Cool Humid,urb,perm,mfh,2050,0.985
C-WEU-LUX,Zone_5A Cool Humid,urb,perm,sfh,2050,0.015000000000000013
C-WEU-MLT,Zone_3A Warm Humid,urb,perm,mfh,2050,0.5
C-WEU-MLT,Zone_3A Warm Humid,urb,perm,sfh,2050,0.5
C-WEU-NLD,Zone_4A Mixed Humid,rur,perm,mfh,2050,0.191
C-WEU-NLD,Zone_4A Mixed Humid,rur,perm,sfh,2050,0.8089999999999999
C-WEU-NLD,Zone_4A Mixed Humid,urb,perm,mfh,2050,0.602
C-WEU-NLD,Zone_4A Mixed Humid,urb,perm,sfh,2050,0.398
C-WEU-NLD,Zone_5A Cool Humid,urb,perm,mfh,2050,0.411
C-WEU-NLD,Zone_5A Cool Humid,urb,perm,sfh,2050,0.589
C-WEU-PRT,Zone_4A Mixed Humid,rur,perm,mfh,2050,0.192
C-WEU-PRT,Zone_4A Mixed Humid,rur,perm,sfh,2050,0.808
C-WEU-PRT,Zone_3A Warm Humid,rur,perm,mfh,2050,0.229
C-WEU-PRT,Zone_3A Warm Humid,rur,perm,sfh,2050,0.771
C-WEU-PRT,Zone_3A Warm Humid,urb,perm,mfh,2050,0.677
C-WEU-PRT,Zone_3A Warm Humid,urb,perm,sfh,2050,0.32299999999999995
C-WEU-PRT,Zone_4C Mixed Marine,rur,perm,mfh,2050,0.127
C-WEU-PRT,Zone_4C Mixed Marine,rur,perm,sfh,2050,0.873
C-WEU-PRT,Zone_4C Mixed Marine,urb,perm,mfh,2050,0.335
C-WEU-PRT,Zone_4C Mixed Marine,urb,perm,sfh,2050,0.665
C-WEU-PRT,Zone_3C Warm Marine,rur,perm,mfh,2050,0.195
C-WEU-PRT,Zone_3C Warm Marine,rur,perm,sfh,2050,0.8049999999999999
C-WEU-PRT,Zone_3C Warm Marine,urb,perm,mfh,2050,0.405
C-WEU-PRT,Zone_3C Warm Marine,urb,perm,sfh,2050,0.595
C-WEU-SWE,Zone_5A Cool Humid,rur,perm,mfh,2050,0.107
C-WEU-SWE,Zone_5A Cool Humid,rur,perm,sfh,2050,0.893
C-WEU-SWE,Zone_5A Cool Humid,urb,perm,mfh,2050,0.303
C-WEU-SWE,Zone_5A Cool Humid,urb,perm,sfh,2050,0.6970000000000001
C-WEU-SWE,Zone_6A Cold Humid,rur,perm,mfh,2050,0.161
C-WEU-SWE,Zone_6A Cold Humid,rur,perm,sfh,2050,0.839
C-WEU-SWE,Zone_6A Cold Humid,urb,perm,mfh,2050,0.328
C-WEU-SWE,Zone_6A Cold Humid,urb,perm,sfh,2050,0.6719999999999999
C-WEU-SWE,Zone_7A Very cold Humid,rur,perm,mfh,2050,0.123
C-WEU-SWE,Zone_7A Very cold Humid,rur,perm,sfh,2050,0.877
C-WEU-SWE,Zone_7A Very cold Humid,urb,perm,mfh,2050,0.187
C-WEU-SWE,Zone_7A Very cold Humid,urb,perm,sfh,2050,0.813
C-WEU-SWE,Zone_8A Subarctic/arctic Humid,urb,perm,mfh,2050,0.226
C-WEU-SWE,Zone_8A Subarctic/arctic Humid,urb,perm,sfh,2050,0.774
C-EEU-BGR,Zone_4A Mixed Humid,rur,perm,mfh,2055,0.279
C-EEU-BGR,Zone_4A Mixed Humid,rur,perm,sfh,2055,0.721
C-EEU-BGR,Zone_4A Mixed Humid,urb,perm,mfh,2055,0.466
C-EEU-BGR,Zone_4A Mixed Humid,urb,perm,sfh,2055,0.534
C-EEU-BGR,Zone_5A Cool Humid,rur,perm,mfh,2055,0.648
C-EEU-BGR,Zone_5A Cool Humid,rur,perm,sfh,2055,0.352
C-EEU-BGR,Zone_5A Cool Humid,urb,perm,mfh,2055,0.525
C-EEU-BGR,Zone_5A Cool Humid,urb,perm,sfh,2055,0.475
C-EEU-CZE,Zone_5A Cool Humid,rur,perm,mfh,2055,0.517
C-EEU-CZE,Zone_5A Cool Humid,rur,perm,sfh,2055,0.483
C-EEU-CZE,Zone_5A Cool Humid,urb,perm,mfh,2055,0.647
C-EEU-CZE,Zone_5A Cool Humid,urb,perm,sfh,2055,0.353
C-EEU-EST,Zone_6A Cold Humid,rur,perm,mfh,2055,0.56
C-EEU-EST,Zone_6A Cold Humid,rur,perm,sfh,2055,0.43999999999999995
C-EEU-EST,Zone_6A Cold Humid,urb,perm,mfh,2055,0.755
C-EEU-EST,Zone_6A Cold Humid,urb,perm,sfh,2055,0.245
C-EEU-HRV,Zone_4A Mixed Humid,rur,perm,mfh,2055,0.276
C-EEU-HRV,Zone_4A Mixed Humid,rur,perm,sfh,2055,0.724
C-EEU-HRV,Zone_4A Mixed Humid,urb,perm,mfh,2055,0.617
C-EEU-HRV,Zone_4A Mixed Humid,urb,perm,sfh,2055,0.383
C-EEU-HRV,Zone_5A Cool Humid,rur,perm,mfh,2055,0.488
C-EEU-HRV,Zone_5A Cool Humid,rur,perm,sfh,2055,0.512
C-EEU-HRV,Zone_3A Warm Humid,rur,perm,mfh,2055,0.613
C-EEU-HRV,Zone_3A Warm Humid,rur,perm,sfh,2055,0.387
C-EEU-HRV,Zone_4C Mixed Marine,rur,perm,mfh,2055,0.652
C-EEU-HRV,Zone_4C Mixed Marine,rur,perm,sfh,2055,0.348
C-EEU-HUN,Zone_4A Mixed Humid,rur,perm,mfh,2055,0.428
C-EEU-HUN,Zone_4A Mixed Humid,rur,perm,sfh,2055,0.5720000000000001
C-EEU-HUN,Zone_4A Mixed Humid,urb,perm,mfh,2055,0.65
C-EEU-HUN,Zone_4A Mixed Humid,urb,perm,sfh,2055,0.35
C-EEU-HUN,Zone_5A Cool Humid,rur,perm,mfh,2055,0.315
C-EEU-HUN,Zone_5A Cool Humid,rur,perm,sfh,2055,0.685
C-EEU-HUN,Zone_5A Cool Humid,urb,perm,mfh,2055,0.419
C-EEU-HUN,Zone_5A Cool Humid,urb,perm,sfh,2055,0.581
C-EEU-LTU,Zone_5A Cool Humid,rur,perm,mfh,2055,0.524
C-EEU-LTU,Zone_5A Cool Humid,rur,perm,sfh,2055,0.476
C-EEU-LTU,Zone_5A Cool Humid,urb,perm,mfh,2055,0.815
C-EEU-LTU,Zone_5A Cool Humid,urb,perm,sfh,2055,0.18500000000000005
C-EEU-LTU,Zone_6A Cold Humid,rur,perm,mfh,2055,0.5
C-EEU-LTU,Zone_6A Cold Humid,rur,perm,sfh,2055,0.5
C-EEU-LTU,Zone_6A Cold Humid,urb,perm,mfh,2055,0.573
C-EEU-LTU,Zone_6A Cold Humid,urb,perm,sfh,2055,0.42700000000000005
C-EEU-LVA,Zone_6A Cold Humid,rur,perm,mfh,2055,0.519
C-EEU-LVA,Zone_6A Cold Humid,rur,perm,sfh,2055,0.481
C-EEU-LVA,Zone_6A Cold Humid,urb,perm,mfh,2055,0.709
C-EEU-LVA,Zone_6A Cold Humid,urb,perm,sfh,2055,0.29100000000000004
C-EEU-POL,Zone_5A Cool Humid,rur,perm,mfh,2055,0.484
C-EEU-POL,Zone_5A Cool Humid,rur,perm,sfh,2055,0.516
C-EEU-POL,Zone_5A Cool Humid,urb,perm,mfh,2055,0.799
C-EEU-POL,Zone_5A Cool Humid,urb,perm,sfh,2055,0.20099999999999996
C-EEU-POL,Zone_6A Cold Humid,rur,perm,mfh,2055,0.406
C-EEU-POL,Zone_6A Cold Humid,rur,perm,sfh,2055,0.594
C-EEU-POL,Zone_6A Cold Humid,urb,perm,mfh,2055,0.579
C-EEU-POL,Zone_6A Cold Humid,urb,perm,sfh,2055,0.42100000000000004
C-EEU-ROU,Zone_4A Mixed Humid,rur,perm,mfh,2055,0.331
C-EEU-ROU,Zone_4A Mixed Humid,rur,perm,sfh,2055,0.669
C-EEU-ROU,Zone_4A Mixed Humid,urb,perm,mfh,2055,0.635
C-EEU-ROU,Zone_4A Mixed Humid,urb,perm,sfh,2055,0.365
C-EEU-ROU,Zone_5A Cool Humid,rur,perm,mfh,2055,0.326
C-EEU-ROU,Zone_5A Cool Humid,rur,perm,sfh,2055,0.6739999999999999
C-EEU-ROU,Zone_5A Cool Humid,urb,perm,mfh,2055,0.474
C-EEU-ROU,Zone_5A Cool Humid,urb,perm,sfh,2055,0.526
C-EEU-ROU,Zone_6A Cold Humid,rur,perm,mfh,2055,0.414
C-EEU-ROU,Zone_6A Cold Humid,rur,perm,sfh,2055,0.5860000000000001
C-EEU-SVK,Zone_5A Cool Humid,rur,perm,mfh,2055,0.385
C-EEU-SVK,Zone_5A Cool Humid,rur,perm,sfh,2055,0.615
C-EEU-SVK,Zone_5A Cool Humid,urb,perm,mfh,2055,0.567
C-EEU-SVK,Zone_5A Cool Humid,urb,perm,sfh,2055,0.43300000000000005
C-EEU-SVK,Zone_6A Cold Humid,rur,perm,mfh,2055,0.412
C-EEU-SVK,Zone_6A Cold Humid,rur,perm,sfh,2055,0.5880000000000001
C-EEU-SVK,Zone_6A Cold Humid,urb,perm,mfh,2055,0.386
C-EEU-SVK,Zone_6A Cold Humid,urb,perm,sfh,2055,0.614
C-EEU-SVN,Zone_4A Mixed Humid,rur,perm,mfh,2055,0.366
C-EEU-SVN,Zone_4A Mixed Humid,rur,perm,sfh,2055,0.634
C-EEU-SVN,Zone_4A Mixed Humid,urb,perm,mfh,2055,0.601
C-EEU-SVN,Zone_4A Mixed Humid,urb,perm,sfh,2055,0.399
C-EEU-SVN,Zone_5A Cool Humid,rur,perm,mfh,2055,0.328
C-EEU-SVN,Zone_5A Cool Humid,rur,perm,sfh,2055,0.6719999999999999
C-EEU-SVN,Zone_5A Cool Humid,urb,perm,mfh,2055,0.629
C-EEU-SVN,Zone_5A Cool Humid,urb,perm,sfh,2055,0.371
C-EEU-SVN,Zone_7A Very cold Humid,rur,perm,mfh,2055,0.397
C-EEU-SVN,Zone_7A Very cold Humid,rur,perm,sfh,2055,0.603
C-WEU-AUT,Zone_4A Mixed Humid,rur,perm,mfh,2055,0.472
C-WEU-AUT,Zone_4A Mixed Humid,rur,perm,sfh,2055,0.528
C-WEU-AUT,Zone_4A Mixed Humid,urb,perm,mfh,2055,0.798
C-WEU-AUT,Zone_4A Mixed Humid,urb,perm,sfh,2055,0.20199999999999996
C-WEU-AUT,Zone_5A Cool Humid,rur,perm,mfh,2055,0.57
C-WEU-AUT,Zone_5A Cool Humid,rur,perm,sfh,2055,0.43000000000000005
C-WEU-AUT,Zone_5A Cool Humid,urb,perm,mfh,2055,0.621
C-WEU-AUT,Zone_5A Cool Humid,urb,perm,sfh,2055,0.379
C-WEU-AUT,Zone_6A Cold Humid,rur,perm,mfh,2055,0.717
C-WEU-AUT,Zone_6A Cold Humid,rur,perm,sfh,2055,0.28300000000000003
C-WEU-AUT,Zone_6A Cold Humid,urb,perm,mfh,2055,0.807
C-WEU-AUT,Zone_6A Cold Humid,urb,perm,sfh,2055,0.19299999999999995
C-WEU-AUT,Zone_7A Very cold Humid,rur,perm,mfh,2055,0.775
C-WEU-AUT,Zone_7A Very cold Humid,rur,perm,sfh,2055,0.22499999999999998
C-WEU-AUT,Zone_7A Very cold Humid,urb,perm,mfh,2055,0.889
C-WEU-AUT,Zone_7A Very cold Humid,urb,perm,sfh,2055,0.11099999999999999
C-WEU-BEL,Zone_4A Mixed Humid,rur,perm,mfh,2055,0.284
C-WEU-BEL,Zone_4A Mixed Humid,rur,perm,sfh,2055,0.716
C-WEU-BEL,Zone_4A Mixed Humid,urb,perm,mfh,2055,0.662
C-WEU-BEL,Zone_4A Mixed Humid,urb,perm,sfh,2055,0.33799999999999997
C-WEU-BEL,Zone_5A Cool Humid,rur,perm,mfh,2055,0.268
C-WEU-BEL,Zone_5A Cool Humid,rur,perm,sfh,2055,0.732
C-WEU-BEL,Zone_5A Cool Humid,urb,perm,mfh,2055,0.492
C-WEU-BEL,Zone_5A Cool Humid,urb,perm,sfh,2055,0.508
C-WEU-CYP,Zone_3A Warm Humid,urb,perm,mfh,2055,0.523
C-WEU-CYP,Zone_3A Warm Humid,urb,perm,sfh,2055,0.477
C-WEU-DEU,Zone_4A Mixed Humid,rur,perm,mfh,2055,0.601
C-WEU-DEU,Zone_4A Mixed Humid,rur,perm,sfh,2055,0.399
C-WEU-DEU,Zone_4A Mixed Humid,urb,perm,mfh,2055,0.842
C-WEU-DEU,Zone_4A Mixed Humid,urb,perm,sfh,2055,0.15800000000000003
C-WEU-DEU,Zone_5A Cool Humid,rur,perm,mfh,2055,0.731
C-WEU-DEU,Zone_5A Cool Humid,rur,perm,sfh,2055,0.269
C-WEU-DEU,Zone_5A Cool Humid,urb,perm,mfh,2055,0.825
C-WEU-DEU,Zone_5A Cool Humid,urb,perm,sfh,2055,0.17500000000000004
C-WEU-DEU,Zone_6A Cold Humid,rur,perm,mfh,2055,0.779
C-WEU-DEU,Zone_6A Cold Humid,rur,perm,sfh,2055,0.22099999999999997
C-WEU-DEU,Zone_6A Cold Humid,urb,perm,mfh,2055,0.855
C-WEU-DEU,Zone_6A Cold Humid,urb,perm,sfh,2055,0.14500000000000002
C-WEU-DNK,Zone_5A Cool Humid,rur,perm,mfh,2055,0.812
C-WEU-DNK,Zone_5A Cool Humid,rur,perm,sfh,2055,0.18799999999999994
C-WEU-DNK,Zone_5A Cool Humid,urb,perm,mfh,2055,0.81
C-WEU-DNK,Zone_5A Cool Humid,urb,perm,sfh,2055,0.18999999999999995
C-WEU-ESP,Zone_4A Mixed Humid,rur,perm,mfh,2055,0.281
C-WEU-ESP,Zone_4A Mixed Humid,rur,perm,sfh,2055,0.719
C-WEU-ESP,Zone_4A Mixed Humid,urb,perm,mfh,2055,0.567
C-WEU-ESP,Zone_4A Mixed Humid,urb,perm,sfh,2055,0.43300000000000005
C-WEU-ESP,Zone_3A Warm Humid,rur,perm,mfh,2055,0.273
C-WEU-ESP,Zone_3A Warm Humid,rur,perm,sfh,2055,0.727
C-WEU-ESP,Zone_3A Warm Humid,urb,perm,mfh,2055,0.63
C-WEU-ESP,Zone_3A Warm Humid,urb,perm,sfh,2055,0.37
C-WEU-ESP,Zone_4C Mixed Marine,rur,perm,mfh,2055,0.355
C-WEU-ESP,Zone_4C Mixed Marine,rur,perm,sfh,2055,0.645
C-WEU-ESP,Zone_4C Mixed Marine,urb,perm,mfh,2055,0.499
C-WEU-ESP,Zone_4C Mixed Marine,urb,perm,sfh,2055,0.501
C-WEU-ESP,Zone_2B Hot Dry,urb,perm,mfh,2055,0.7
C-WEU-ESP,Zone_2B Hot Dry,urb,perm,sfh,2055,0.30000000000000004
C-WEU-ESP,Zone_3B Warm Dry,rur,perm,mfh,2055,0.423
C-WEU-ESP,Zone_3B Warm Dry,rur,perm,sfh,2055,0.577
C-WEU-ESP,Zone_3B Warm Dry,urb,perm,mfh,2055,0.623
C-WEU-ESP,Zone_3B Warm Dry,urb,perm,sfh,2055,0.377
C-WEU-ESP,Zone_3C Warm Marine,urb,perm,mfh,2055,0.644
C-WEU-ESP,Zone_3C Warm Marine,urb,perm,sfh,2055,0.356
C-WEU-FIN,Zone_6A Cold Humid,rur,perm,mfh,2055,0.724
C-WEU-FIN,Zone_6A Cold Humid,rur,perm,sfh,2055,0.276
C-WEU-FIN,Zone_6A Cold Humid,urb,perm,mfh,2055,0.82
C-WEU-FIN,Zone_6A Cold Humid,urb,perm,sfh,2055,0.18000000000000005
C-WEU-FIN,Zone_7A Very cold Humid,rur,perm,mfh,2055,0.682
C-WEU-FIN,Zone_7A Very cold Humid,rur,perm,sfh,2055,0.31799999999999995
C-WEU-FIN,Zone_7A Very cold Humid,urb,perm,mfh,2055,0.746
C-WEU-FIN,Zone_7A Very cold Humid,urb,perm,sfh,2055,0.254
C-WEU-FRA,Zone_4A Mixed Humid,rur,perm,mfh,2055,0.317
C-WEU-FRA,Zone_4A Mixed Humid,rur,perm,sfh,2055,0.683
C-WEU-FRA,Zone_4A Mixed Humid,urb,perm,mfh,2055,0.638
C-WEU-FRA,Zone_4A Mixed Humid,urb,perm,sfh,2055,0.362
C-WEU-FRA,Zone_5A Cool Humid,rur,perm,mfh,2055,0.313
C-WEU-FRA,Zone_5A Cool Humid,rur,perm,sfh,2055,0.687
C-WEU-FRA,Zone_5A Cool Humid,urb,perm,mfh,2055,0.681
C-WEU-FRA,Zone_5A Cool Humid,urb,perm,sfh,2055,0.31899999999999995
C-WEU-FRA,Zone_3A Warm Humid,rur,perm,mfh,2055,0.354
C-WEU-FRA,Zone_3A Warm Humid,rur,perm,sfh,2055,0.646
C-WEU-FRA,Zone_3A Warm Humid,urb,perm,mfh,2055,0.626
C-WEU-FRA,Zone_3A Warm Humid,urb,perm,sfh,2055,0.374
C-WEU-FRA,Zone_4C Mixed Marine,rur,perm,mfh,2055,0.56
C-WEU-FRA,Zone_4C Mixed Marine,rur,perm,sfh,2055,0.43999999999999995
C-WEU-FRA,Zone_7A Very cold Humid,urb,perm,mfh,2055,0.79
C-WEU-FRA,Zone_7A Very cold Humid,urb,perm,sfh,2055,0.20999999999999996
C-WEU-FRA,Zone_3C Warm Marine,urb,perm,mfh,2055,0.859
C-WEU-FRA,Zone_3C Warm Marine,urb,perm,sfh,2055,0.14100000000000001
C-WEU-FRA,Zone_1A Very hot Humid,urb,perm,mfh,2055,0.471
C-WEU-FRA,Zone_1A Very hot Humid,urb,perm,sfh,2055,0.529
C-WEU-FRA,Zone_2A Hot Humid,urb,perm,mfh,2055,0.4
C-WEU-FRA,Zone_2A Hot Humid,urb,perm,sfh,2055,0.6
C-WEU-GRC,Zone_4A Mixed Humid,rur,perm,mfh,2055,0.379
C-WEU-GRC,Zone_4A Mixed Humid,rur,perm,sfh,2055,0.621
C-WEU-GRC,Zone_4A Mixed Humid,urb,perm,mfh,2055,0.591
C-WEU-GRC,Zone_4A Mixed Humid,urb,perm,sfh,2055,0.40900000000000003
C-WEU-GRC,Zone_5A Cool Humid,rur,perm,mfh,2055,0.411
C-WEU-GRC,Zone_5A Cool Humid,rur,perm,sfh,2055,0.589
C-WEU-GRC,Zone_5A Cool Humid,urb,perm,mfh,2055,0.54
C-WEU-GRC,Zone_5A Cool Humid,urb,perm,sfh,2055,0.45999999999999996
C-WEU-GRC,Zone_3A Warm Humid,rur,perm,mfh,2055,0.455
C-WEU-GRC,Zone_3A Warm Humid,rur,perm,sfh,2055,0.5449999999999999
C-WEU-GRC,Zone_3A Warm Humid,urb,perm,mfh,2055,0.663
C-WEU-GRC,Zone_3A Warm Humid,urb,perm,sfh,2055,0.33699999999999997
C-WEU-GRC,Zone_4C Mixed Marine,urb,perm,mfh,2055,0.49
C-WEU-GRC,Zone_4C Mixed Marine,urb,perm,sfh,2055,0.51
C-WEU-GRC,Zone_5C Cool Marine,urb,perm,mfh,2055,0.564
C-WEU-GRC,Zone_5C Cool Marine,urb,perm,sfh,2055,0.43600000000000005
C-WEU-IRL,Zone_4A Mixed Humid,rur,perm,mfh,2055,0.146
C-WEU-IRL,Zone_4A Mixed Humid,rur,perm,sfh,2055,0.854
C-WEU-IRL,Zone_5A Cool Humid,rur,perm,mfh,2055,0.152
C-WEU-IRL,Zone_5A Cool Humid,rur,perm,sfh,2055,0.848
C-WEU-IRL,Zone_5A Cool Humid,urb,perm,mfh,2055,0.376
C-WEU-IRL,Zone_5A Cool Humid,urb,perm,sfh,2055,0.624
C-WEU-ITA,Zone_4A Mixed Humid,rur,perm,mfh,2055,0.695
C-WEU-ITA,Zone_4A Mixed Humid,rur,perm,sfh,2055,0.30500000000000005
C-WEU-ITA,Zone_4A Mixed Humid,urb,perm,mfh,2055,0.812
C-WEU-ITA,Zone_4A Mixed Humid,urb,perm,sfh,2055,0.18799999999999994
C-WEU-ITA,Zone_5A Cool Humid,urb,perm,mfh,2055,0.792
C-WEU-ITA,Zone_5A Cool Humid,urb,perm,sfh,2055,0.20799999999999996
C-WEU-ITA,Zone_6A Cold Humid,urb,perm,mfh,2055,0.839
C-WEU-ITA,Zone_6A Cold Humid,urb,perm,sfh,2055,0.16100000000000003
C-WEU-ITA,Zone_3A Warm Humid,rur,perm,mfh,2055,0.684
C-WEU-ITA,Zone_3A Warm Humid,rur,perm,sfh,2055,0.31599999999999995
C-WEU-ITA,Zone_3A Warm Humid,urb,perm,mfh,2055,0.771
C-WEU-ITA,Zone_3A Warm Humid,urb,perm,sfh,2055,0.22899999999999998
C-WEU-ITA,Zone_4C Mixed Marine,rur,perm,mfh,2055,0.656
C-WEU-ITA,Zone_4C Mixed Marine,rur,perm,sfh,2055,0.344
C-WEU-ITA,Zone_4C Mixed Marine,urb,perm,mfh,2055,0.846
C-WEU-ITA,Zone_4C Mixed Marine,urb,perm,sfh,2055,0.15400000000000003
C-WEU-ITA,Zone_7A Very cold Humid,rur,perm,mfh,2055,0.8
C-WEU-ITA,Zone_7A Very cold Humid,rur,perm,sfh,2055,0.19999999999999996
C-WEU-ITA,Zone_7A Very cold Humid,urb,perm,mfh,2055,0.8
C-WEU-ITA,Zone_7A Very cold Humid,urb,perm,sfh,2055,0.19999999999999996
C-WEU-ITA,Zone_5C Cool Marine,urb,perm,mfh,2055,0.693
C-WEU-ITA,Zone_5C Cool Marine,urb,perm,sfh,2055,0.30700000000000005
C-WEU-LUX,Zone_5A Cool Humid,urb,perm,mfh,2055,0.985
C-WEU-LUX,Zone_5A Cool Humid,urb,perm,sfh,2055,0.015000000000000013
C-WEU-MLT,Zone_3A Warm Humid,urb,perm,mfh,2055,0.5
C-WEU-MLT,Zone_3A Warm Humid,urb,perm,sfh,2055,0.5
C-WEU-NLD,Zone_4A Mixed Humid,rur,perm,mfh,2055,0.191
C-WEU-NLD,Zone_4A Mixed Humid,rur,perm,sfh,2055,0.8089999999999999
C-WEU-NLD,Zone_4A Mixed Humid,urb,perm,mfh,2055,0.602
C-WEU-NLD,Zone_4A Mixed Humid,urb,perm,sfh,2055,0.398
C-WEU-NLD,Zone_5A Cool Humid,urb,perm,mfh,2055,0.411
C-WEU-NLD,Zone_5A Cool Humid,urb,perm,sfh,2055,0.589
C-WEU-PRT,Zone_4A Mixed Humid,rur,perm,mfh,2055,0.192
C-WEU-PRT,Zone_4A Mixed Humid,rur,perm,sfh,2055,0.808
C-WEU-PRT,Zone_3A Warm Humid,rur,perm,mfh,2055,0.229
C-WEU-PRT,Zone_3A Warm Humid,rur,perm,sfh,2055,0.771
C-WEU-PRT,Zone_3A Warm Humid,urb,perm,mfh,2055,0.677
C-WEU-PRT,Zone_3A Warm Humid,urb,perm,sfh,2055,0.32299999999999995
C-WEU-PRT,Zone_4C Mixed Marine,rur,perm,mfh,2055,0.127
C-WEU-PRT,Zone_4C Mixed Marine,rur,perm,sfh,2055,0.873
C-WEU-PRT,Zone_4C Mixed Marine,urb,perm,mfh,2055,0.335
C-WEU-PRT,Zone_4C Mixed Marine,urb,perm,sfh,2055,0.665
C-WEU-PRT,Zone_3C Warm Marine,rur,perm,mfh,2055,0.195
C-WEU-PRT,Zone_3C Warm Marine,rur,perm,sfh,2055,0.8049999999999999
C-WEU-PRT,Zone_3C Warm Marine,urb,perm,mfh,2055,0.405
C-WEU-PRT,Zone_3C Warm Marine,urb,perm,sfh,2055,0.595
C-WEU-SWE,Zone_5A Cool Humid,rur,perm,mfh,2055,0.107
C-WEU-SWE,Zone_5A Cool Humid,rur,perm,sfh,2055,0.893
C-WEU-SWE,Zone_5A Cool Humid,urb,perm,mfh,2055,0.303
C-WEU-SWE,Zone_5A Cool Humid,urb,perm,sfh,2055,0.6970000000000001
C-WEU-SWE,Zone_6A Cold Humid,rur,perm,mfh,2055,0.161
C-WEU-SWE,Zone_6A Cold Humid,rur,perm,sfh,2055,0.839
C-WEU-SWE,Zone_6A Cold Humid,urb,perm,mfh,2055,0.328
C-WEU-SWE,Zone_6A Cold Humid,urb,perm,sfh,2055,0.6719999999999999
C-WEU-SWE,Zone_7A Very cold Humid,rur,perm,mfh,2055,0.123
C-WEU-SWE,Zone_7A Very cold Humid,rur,perm,sfh,2055,0.877
C-WEU-SWE,Zone_7A Very cold Humid,urb,perm,mfh,2055,0.187
C-WEU-SWE,Zone_7A Very cold Humid,urb,perm,sfh,2055,0.813
C-WEU-SWE,Zone_8A Subarctic/arctic Humid,urb,perm,mfh,2055,0.226
C-WEU-SWE,Zone_8A Subarctic/arctic Humid,urb,perm,sfh,2055,0.774
C-EEU-BGR,Zone_4A Mixed Humid,rur,perm,mfh,2060,0.279
C-EEU-BGR,Zone_4A Mixed Humid,rur,perm,sfh,2060,0.721
C-EEU-BGR,Zone_4A Mixed Humid,urb,perm,mfh,2060,0.466
C-EEU-BGR,Zone_4A Mixed Humid,urb,perm,sfh,2060,0.534
C-EEU-BGR,Zone_5A Cool Humid,rur,perm,mfh,2060,0.648
C-EEU-BGR,Zone_5A Cool Humid,rur,perm,sfh,2060,0.352
C-EEU-BGR,Zone_5A Cool Humid,urb,perm,mfh,2060,0.525
C-EEU-BGR,Zone_5A Cool Humid,urb,perm,sfh,2060,0.475
C-EEU-CZE,Zone_5A Cool Humid,rur,perm,mfh,2060,0.517
C-EEU-CZE,Zone_5A Cool Humid,rur,perm,sfh,2060,0.483
C-EEU-CZE,Zone_5A Cool Humid,urb,perm,mfh,2060,0.647
C-EEU-CZE,Zone_5A Cool Humid,urb,perm,sfh,2060,0.353
C-EEU-EST,Zone_6A Cold Humid,rur,perm,mfh,2060,0.56
C-EEU-EST,Zone_6A Cold Humid,rur,perm,sfh,2060,0.43999999999999995
C-EEU-EST,Zone_6A Cold Humid,urb,perm,mfh,2060,0.755
C-EEU-EST,Zone_6A Cold Humid,urb,perm,sfh,2060,0.245
C-EEU-HRV,Zone_4A Mixed Humid,rur,perm,mfh,2060,0.276
C-EEU-HRV,Zone_4A Mixed Humid,rur,perm,sfh,2060,0.724
C-EEU-HRV,Zone_4A Mixed Humid,urb,perm,mfh,2060,0.617
C-EEU-HRV,Zone_4A Mixed Humid,urb,perm,sfh,2060,0.383
C-EEU-HRV,Zone_5A Cool Humid,rur,perm,mfh,2060,0.488
C-EEU-HRV,Zone_5A Cool Humid,rur,perm,sfh,2060,0.512
C-EEU-HRV,Zone_3A Warm Humid,rur,perm,mfh,2060,0.613
C-EEU-HRV,Zone_3A Warm Humid,rur,perm,sfh,2060,0.387
C-EEU-HRV,Zone_4C Mixed Marine,rur,perm,mfh,2060,0.652
C-EEU-HRV,Zone_4C Mixed Marine,rur,perm,sfh,2060,0.348
C-EEU-HUN,Zone_4A Mixed Humid,rur,perm,mfh,2060,0.428
C-EEU-HUN,Zone_4A Mixed Humid,rur,perm,sfh,2060,0.5720000000000001
C-EEU-HUN,Zone_4A Mixed Humid,urb,perm,mfh,2060,0.65
C-EEU-HUN,Zone_4A Mixed Humid,urb,perm,sfh,2060,0.35
C-EEU-HUN,Zone_5A Cool Humid,rur,perm,mfh,2060,0.315
C-EEU-HUN,Zone_5A Cool Humid,rur,perm,sfh,2060,0.685
C-EEU-HUN,Zone_5A Cool Humid,urb,perm,mfh,2060,0.419
C-EEU-HUN,Zone_5A Cool Humid,urb,perm,sfh,2060,0.581
C-EEU-LTU,Zone_5A Cool Humid,rur,perm,mfh,2060,0.524
C-EEU-LTU,Zone_5A Cool Humid,rur,perm,sfh,2060,0.476
C-EEU-LTU,Zone_5A Cool Humid,urb,perm,mfh,2060,0.815
C-EEU-LTU,Zone_5A Cool Humid,urb,perm,sfh,2060,0.18500000000000005
C-EEU-LTU,Zone_6A Cold Humid,rur,perm,mfh,2060,0.5
C-EEU-LTU,Zone_6A Cold Humid,rur,perm,sfh,2060,0.5
C-EEU-LTU,Zone_6A Cold Humid,urb,perm,mfh,2060,0.573
C-EEU-LTU,Zone_6A Cold Humid,urb,perm,sfh,2060,0.42700000000000005
C-EEU-LVA,Zone_6A Cold Humid,rur,perm,mfh,2060,0.519
C-EEU-LVA,Zone_6A Cold Humid,rur,perm,sfh,2060,0.481
C-EEU-LVA,Zone_6A Cold Humid,urb,perm,mfh,2060,0.709
C-EEU-LVA,Zone_6A Cold Humid,urb,perm,sfh,2060,0.29100000000000004
C-EEU-POL,Zone_5A Cool Humid,rur,perm,mfh,2060,0.484
C-EEU-POL,Zone_5A Cool Humid,rur,perm,sfh,2060,0.516
C-EEU-POL,Zone_5A Cool Humid,urb,perm,mfh,2060,0.799
C-EEU-POL,Zone_5A Cool Humid,urb,perm,sfh,2060,0.20099999999999996
C-EEU-POL,Zone_6A Cold Humid,rur,perm,mfh,2060,0.406
C-EEU-POL,Zone_6A Cold Humid,rur,perm,sfh,2060,0.594
C-EEU-POL,Zone_6A Cold Humid,urb,perm,mfh,2060,0.579
C-EEU-POL,Zone_6A Cold Humid,urb,perm,sfh,2060,0.42100000000000004
C-EEU-ROU,Zone_4A Mixed Humid,rur,perm,mfh,2060,0.331
C-EEU-ROU,Zone_4A Mixed Humid,rur,perm,sfh,2060,0.669
C-EEU-ROU,Zone_4A Mixed Humid,urb,perm,mfh,2060,0.635
C-EEU-ROU,Zone_4A Mixed Humid,urb,perm,sfh,2060,0.365
C-EEU-ROU,Zone_5A Cool Humid,rur,perm,mfh,2060,0.326
C-EEU-ROU,Zone_5A Cool Humid,rur,perm,sfh,2060,0.6739999999999999
C-EEU-ROU,Zone_5A Cool Humid,urb,perm,mfh,2060,0.474
C-EEU-ROU,Zone_5A Cool Humid,urb,perm,sfh,2060,0.526
C-EEU-ROU,Zone_6A Cold Humid,rur,perm,mfh,2060,0.414
C-EEU-ROU,Zone_6A Cold Humid,rur,perm,sfh,2060,0.5860000000000001
C-EEU-SVK,Zone_5A Cool Humid,rur,perm,mfh,2060,0.385
C-EEU-SVK,Zone_5A Cool Humid,rur,perm,sfh,2060,0.615
C-EEU-SVK,Zone_5A Cool Humid,urb,perm,mfh,2060,0.567
C-EEU-SVK,Zone_5A Cool Humid,urb,perm,sfh,2060,0.43300000000000005
C-EEU-SVK,Zone_6A Cold Humid,rur,perm,mfh,2060,0.412
C-EEU-SVK,Zone_6A Cold Humid,rur,perm,sfh,2060,0.5880000000000001
C-EEU-SVK,Zone_6A Cold Humid,urb,perm,mfh,2060,0.386
C-EEU-SVK,Zone_6A Cold Humid,urb,perm,sfh,2060,0.614
C-EEU-SVN,Zone_4A Mixed Humid,rur,perm,mfh,2060,0.366
C-EEU-SVN,Zone_4A Mixed Humid,rur,perm,sfh,2060,0.634
C-EEU-SVN,Zone_4A Mixed Humid,urb,perm,mfh,2060,0.601
C-EEU-SVN,Zone_4A Mixed Humid,urb,perm,sfh,2060,0.399
C-EEU-SVN,Zone_5A Cool Humid,rur,perm,mfh,2060,0.328
C-EEU-SVN,Zone_5A Cool Humid,rur,perm,sfh,2060,0.6719999999999999
C-EEU-SVN,Zone_5A Cool Humid,urb,perm,mfh,2060,0.629
C-EEU-SVN,Zone_5A Cool Humid,urb,perm,sfh,2060,0.371
C-EEU-SVN,Zone_7A Very cold Humid,rur,perm,mfh,2060,0.397
C-EEU-SVN,Zone_7A Very cold Humid,rur,perm,sfh,2060,0.603
C-WEU-AUT,Zone_4A Mixed Humid,rur,perm,mfh,2060,0.472
C-WEU-AUT,Zone_4A Mixed Humid,rur,perm,sfh,2060,0.528
C-WEU-AUT,Zone_4A Mixed Humid,urb,perm,mfh,2060,0.798
C-WEU-AUT,Zone_4A Mixed Humid,urb,perm,sfh,2060,0.20199999999999996
C-WEU-AUT,Zone_5A Cool Humid,rur,perm,mfh,2060,0.57
C-WEU-AUT,Zone_5A Cool Humid,rur,perm,sfh,2060,0.43000000000000005
C-WEU-AUT,Zone_5A Cool Humid,urb,perm,mfh,2060,0.621
C-WEU-AUT,Zone_5A Cool Humid,urb,perm,sfh,2060,0.379
C-WEU-AUT,Zone_6A Cold Humid,rur,perm,mfh,2060,0.717
C-WEU-AUT,Zone_6A Cold Humid,rur,perm,sfh,2060,0.28300000000000003
C-WEU-AUT,Zone_6A Cold Humid,urb,perm,mfh,2060,0.807
C-WEU-AUT,Zone_6A Cold Humid,urb,perm,sfh,2060,0.19299999999999995
C-WEU-AUT,Zone_7A Very cold Humid,rur,perm,mfh,2060,0.775
C-WEU-AUT,Zone_7A Very cold Humid,rur,perm,sfh,2060,0.22499999999999998
C-WEU-AUT,Zone_7A Very cold Humid,urb,perm,mfh,2060,0.889
C-WEU-AUT,Zone_7A Very cold Humid,urb,perm,sfh,2060,0.11099999999999999
C-WEU-BEL,Zone_4A Mixed Humid,rur,perm,mfh,2060,0.284
C-WEU-BEL,Zone_4A Mixed Humid,rur,perm,sfh,2060,0.716
C-WEU-BEL,Zone_4A Mixed Humid,urb,perm,mfh,2060,0.662
C-WEU-BEL,Zone_4A Mixed Humid,urb,perm,sfh,2060,0.33799999999999997
C-WEU-BEL,Zone_5A Cool Humid,rur,perm,mfh,2060,0.268
C-WEU-BEL,Zone_5A Cool Humid,rur,perm,sfh,2060,0.732
C-WEU-BEL,Zone_5A Cool Humid,urb,perm,mfh,2060,0.492
C-WEU-BEL,Zone_5A Cool Humid,urb,perm,sfh,2060,0.508
C-WEU-CYP,Zone_3A Warm Humid,urb,perm,mfh,2060,0.523
C-WEU-CYP,Zone_3A Warm Humid,urb,perm,sfh,2060,0.477
C-WEU-DEU,Zone_4A Mixed Humid,rur,perm,mfh,2060,0.601
C-WEU-DEU,Zone_4A Mixed Humid,rur,perm,sfh,2060,0.399
C-WEU-DEU,Zone_4A Mixed Humid,urb,perm,mfh,2060,0.842
C-WEU-DEU,Zone_4A Mixed Humid,urb,perm,sfh,2060,0.15800000000000003
C-WEU-DEU,Zone_5A Cool Humid,rur,perm,mfh,2060,0.731
C-WEU-DEU,Zone_5A Cool Humid,rur,perm,sfh,2060,0.269
C-WEU-DEU,Zone_5A Cool Humid,urb,perm,mfh,2060,0.825
C-WEU-DEU,Zone_5A Cool Humid,urb,perm,sfh,2060,0.17500000000000004
C-WEU-DEU,Zone_6A Cold Humid,rur,perm,mfh,2060,0.779
C-WEU-DEU,Zone_6A Cold Humid,rur,perm,sfh,2060,0.22099999999999997
C-WEU-DEU,Zone_6A Cold Humid,urb,perm,mfh,2060,0.855
C-WEU-DEU,Zone_6A Cold Humid,urb,perm,sfh,2060,0.14500000000000002
C-WEU-DNK,Zone_5A Cool Humid,rur,perm,mfh,2060,0.812
C-WEU-DNK,Zone_5A Cool Humid,rur,perm,sfh,2060,0.18799999999999994
C-WEU-DNK,Zone_5A Cool Humid,urb,perm,mfh,2060,0.81
C-WEU-DNK,Zone_5A Cool Humid,urb,perm,sfh,2060,0.18999999999999995
C-WEU-ESP,Zone_4A Mixed Humid,rur,perm,mfh,2060,0.281
C-WEU-ESP,Zone_4A Mixed Humid,rur,perm,sfh,2060,0.719
C-WEU-ESP,Zone_4A Mixed Humid,urb,perm,mfh,2060,0.567
C-WEU-ESP,Zone_4A Mixed Humid,urb,perm,sfh,2060,0.43300000000000005
C-WEU-ESP,Zone_3A Warm Humid,rur,perm,mfh,2060,0.273
C-WEU-ESP,Zone_3A Warm Humid,rur,perm,sfh,2060,0.727
C-WEU-ESP,Zone_3A Warm Humid,urb,perm,mfh,2060,0.63
C-WEU-ESP,Zone_3A Warm Humid,urb,perm,sfh,2060,0.37
C-WEU-ESP,Zone_4C Mixed Marine,rur,perm,mfh,2060,0.355
C-WEU-ESP,Zone_4C Mixed Marine,rur,perm,sfh,2060,0.645
C-WEU-ESP,Zone_4C Mixed Marine,urb,perm,mfh,2060,0.499
C-WEU-ESP,Zone_4C Mixed Marine,urb,perm,sfh,2060,0.501
C-WEU-ESP,Zone_2B Hot Dry,urb,perm,mfh,2060,0.7
C-WEU-ESP,Zone_2B Hot Dry,urb,perm,sfh,2060,0.30000000000000004
C-WEU-ESP,Zone_3B Warm Dry,rur,perm,mfh,2060,0.423
C-WEU-ESP,Zone_3B Warm Dry,rur,perm,sfh,2060,0.577
C-WEU-ESP,Zone_3B Warm Dry,urb,perm,mfh,2060,0.623
C-WEU-ESP,Zone_3B Warm Dry,urb,perm,sfh,2060,0.377
C-WEU-ESP,Zone_3C Warm Marine,urb,perm,mfh,2060,0.644
C-WEU-ESP,Zone_3C Warm Marine,urb,perm,sfh,2060,0.356
C-WEU-FIN,Zone_6A Cold Humid,rur,perm,mfh,2060,0.724
C-WEU-FIN,Zone_6A Cold Humid,rur,perm,sfh,2060,0.276
C-WEU-FIN,Zone_6A Cold Humid,urb,perm,mfh,2060,0.82
C-WEU-FIN,Zone_6A Cold Humid,urb,perm,sfh,2060,0.18000000000000005
C-WEU-FIN,Zone_7A Very cold Humid,rur,perm,mfh,2060,0.682
C-WEU-FIN,Zone_7A Very cold Humid,rur,perm,sfh,2060,0.31799999999999995
C-WEU-FIN,Zone_7A Very cold Humid,urb,perm,mfh,2060,0.746
C-WEU-FIN,Zone_7A Very cold Humid,urb,perm,sfh,2060,0.254
C-WEU-FRA,Zone_4A Mixed Humid,rur,perm,mfh,2060,0.317
C-WEU-FRA,Zone_4A Mixed Humid,rur,perm,sfh,2060,0.683
C-WEU-FRA,Zone_4A Mixed Humid,urb,perm,mfh,2060,0.638
C-WEU-FRA,Zone_4A Mixed Humid,urb,perm,sfh,2060,0.362
C-WEU-FRA,Zone_5A Cool Humid,rur,perm,mfh,2060,0.313
C-WEU-FRA,Zone_5A Cool Humid,rur,perm,sfh,2060,0.687
C-WEU-FRA,Zone_5A Cool Humid,urb,perm,mfh,2060,0.681
C-WEU-FRA,Zone_5A Cool Humid,urb,perm,sfh,2060,0.31899999999999995
C-WEU-FRA,Zone_3A Warm Humid,rur,perm,mfh,2060,0.354
C-WEU-FRA,Zone_3A Warm Humid,rur,perm,sfh,2060,0.646
C-WEU-FRA,Zone_3A Warm Humid,urb,perm,mfh,2060,0.626
C-WEU-FRA,Zone_3A Warm Humid,urb,perm,sfh,2060,0.374
C-WEU-FRA,Zone_4C Mixed Marine,rur,perm,mfh,2060,0.56
C-WEU-FRA,Zone_4C Mixed Marine,rur,perm,sfh,2060,0.43999999999999995
C-WEU-FRA,Zone_7A Very cold Humid,urb,perm,mfh,2060,0.79
C-WEU-FRA,Zone_7A Very cold Humid,urb,perm,sfh,2060,0.20999999999999996
C-WEU-FRA,Zone_3C Warm Marine,urb,perm,mfh,2060,0.859
C-WEU-FRA,Zone_3C Warm Marine,urb,perm,sfh,2060,0.14100000000000001
C-WEU-FRA,Zone_1A Very hot Humid,urb,perm,mfh,2060,0.471
C-WEU-FRA,Zone_1A Very hot Humid,urb,perm,sfh,2060,0.529
C-WEU-FRA,Zone_2A Hot Humid,urb,perm,mfh,2060,0.4
C-WEU-FRA,Zone_2A Hot Humid,urb,perm,sfh,2060,0.6
C-WEU-GRC,Zone_4A Mixed Humid,rur,perm,mfh,2060,0.379
C-WEU-GRC,Zone_4A Mixed Humid,rur,perm,sfh,2060,0.621
C-WEU-GRC,Zone_4A Mixed Humid,urb,perm,mfh,2060,0.591
C-WEU-GRC,Zone_4A Mixed Humid,urb,perm,sfh,2060,0.40900000000000003
C-WEU-GRC,Zone_5A Cool Humid,rur,perm,mfh,2060,0.411
C-WEU-GRC,Zone_5A Cool Humid,rur,perm,sfh,2060,0.589
C-WEU-GRC,Zone_5A Cool Humid,urb,perm,mfh,2060,0.54
C-WEU-GRC,Zone_5A Cool Humid,urb,perm,sfh,2060,0.45999999999999996
C-WEU-GRC,Zone_3A Warm Humid,rur,perm,mfh,2060,0.455
C-WEU-GRC,Zone_3A Warm Humid,rur,perm,sfh,2060,0.5449999999999999
C-WEU-GRC,Zone_3A Warm Humid,urb,perm,mfh,2060,0.663
C-WEU-GRC,Zone_3A Warm Humid,urb,perm,sfh,2060,0.33699999999999997
C-WEU-GRC,Zone_4C Mixed Marine,urb,perm,mfh,2060,0.49
C-WEU-GRC,Zone_4C Mixed Marine,urb,perm,sfh,2060,0.51
C-WEU-GRC,Zone_5C Cool Marine,urb,perm,mfh,2060,0.564
C-WEU-GRC,Zone_5C Cool Marine,urb,perm,sfh,2060,0.43600000000000005
C-WEU-IRL,Zone_4A Mixed Humid,rur,perm,mfh,2060,0.146
C-WEU-IRL,Zone_4A Mixed Humid,rur,perm,sfh,2060,0.854
C-WEU-IRL,Zone_5A Cool Humid,rur,perm,mfh,2060,0.152
C-WEU-IRL,Zone_5A Cool Humid,rur,perm,sfh,2060,0.848
C-WEU-IRL,Zone_5A Cool Humid,urb,perm,mfh,2060,0.376
C-WEU-IRL,Zone_5A Cool Humid,urb,perm,sfh,2060,0.624
C-WEU-ITA,Zone_4A Mixed Humid,rur,perm,mfh,2060,0.695
C-WEU-ITA,Zone_4A Mixed Humid,rur,perm,sfh,2060,0.30500000000000005
C-WEU-ITA,Zone_4A Mixed Humid,urb,perm,mfh,2060,0.812
C-WEU-ITA,Zone_4A Mixed Humid,urb,perm,sfh,2060,0.18799999999999994
C-WEU-ITA,Zone_5A Cool Humid,urb,perm,mfh,2060,0.792
C-WEU-ITA,Zone_5A Cool Humid,urb,perm,sfh,2060,0.20799999999999996
C-WEU-ITA,Zone_6A Cold Humid,urb,perm,mfh,2060,0.839
C-WEU-ITA,Zone_6A Cold Humid,urb,perm,sfh,2060,0.16100000000000003
C-WEU-ITA,Zone_3A Warm Humid,rur,perm,mfh,2060,0.684
C-WEU-ITA,Zone_3A Warm Humid,rur,perm,sfh,2060,0.31599999999999995
C-WEU-ITA,Zone_3A Warm Humid,urb,perm,mfh,2060,0.771
C-WEU-ITA,Zone_3A Warm Humid,urb,perm,sfh,2060,0.22899999999999998
C-WEU-ITA,Zone_4C Mixed Marine,rur,perm,mfh,2060,0.656
C-WEU-ITA,Zone_4C Mixed Marine,rur,perm,sfh,2060,0.344
C-WEU-ITA,Zone_4C Mixed Marine,urb,perm,mfh,2060,0.846
C-WEU-ITA,Zone_4C Mixed Marine,urb,perm,sfh,2060,0.15400000000000003
C-WEU-ITA,Zone_7A Very cold Humid,rur,perm,mfh,2060,0.8
C-WEU-ITA,Zone_7A Very cold Humid,rur,perm,sfh,2060,0.19999999999999996
C-WEU-ITA,Zone_7A Very cold Humid,urb,perm,mfh,2060,0.8
C-WEU-ITA,Zone_7A Very cold Humid,urb,perm,sfh,2060,0.19999999999999996
C-WEU-ITA,Zone_5C Cool Marine,urb,perm,mfh,2060,0.693
C-WEU-ITA,Zone_5C Cool Marine,urb,perm,sfh,2060,0.30700000000000005
C-WEU-LUX,Zone_5A Cool Humid,urb,perm,mfh,2060,0.985
C-WEU-LUX,Zone_5A Cool Humid,urb,perm,sfh,2060,0.015000000000000013
C-WEU-MLT,Zone_3A Warm Humid,urb,perm,mfh,2060,0.5
C-WEU-MLT,Zone_3A Warm Humid,urb,perm,sfh,2060,0.5
C-WEU-NLD,Zone_4A Mixed Humid,rur,perm,mfh,2060,0.191
C-WEU-NLD,Zone_4A Mixed Humid,rur,perm,sfh,2060,0.8089999999999999
C-WEU-NLD,Zone_4A Mixed Humid,urb,perm,mfh,2060,0.602
C-WEU-NLD,Zone_4A Mixed Humid,urb,perm,sfh,2060,0.398
C-WEU-NLD,Zone_5A Cool Humid,urb,perm,mfh,2060,0.411
C-WEU-NLD,Zone_5A Cool Humid,urb,perm,sfh,2060,0.589
C-WEU-PRT,Zone_4A Mixed Humid,rur,perm,mfh,2060,0.192
C-WEU-PRT,Zone_4A Mixed Humid,rur,perm,sfh,2060,0.808
C-WEU-PRT,Zone_3A Warm Humid,rur,perm,mfh,2060,0.229
C-WEU-PRT,Zone_3A Warm Humid,rur,perm,sfh,2060,0.771
C-WEU-PRT,Zone_3A Warm Humid,urb,perm,mfh,2060,0.677
C-WEU-PRT,Zone_3A Warm Humid,urb,perm,sfh,2060,0.32299999999999995
C-WEU-PRT,Zone_4C Mixed Marine,rur,perm,mfh,2060,0.127
C-WEU-PRT,Zone_4C Mixed Marine,rur,perm,sfh,2060,0.873
C-WEU-PRT,Zone_4C Mixed Marine,urb,perm,mfh,2060,0.335
C-WEU-PRT,Zone_4C Mixed Marine,urb,perm,sfh,2060,0.665
C-WEU-PRT,Zone_3C Warm Marine,rur,perm,mfh,2060,0.195
C-WEU-PRT,Zone_3C Warm Marine,rur,perm,sfh,2060,0.8049999999999999
C-WEU-PRT,Zone_3C Warm Marine,urb,perm,mfh,2060,0.405
C-WEU-PRT,Zone_3C Warm Marine,urb,perm,sfh,2060,0.595
C-WEU-SWE,Zone_5A Cool Humid,rur,perm,mfh,2060,0.107
C-WEU-SWE,Zone_5A Cool Humid,rur,perm,sfh,2060,0.893
C-WEU-SWE,Zone_5A Cool Humid,urb,perm,mfh,2060,0.303
C-WEU-SWE,Zone_5A Cool Humid,urb,perm,sfh,2060,0.6970000000000001
C-WEU-SWE,Zone_6A Cold Humid,rur,perm,mfh,2060,0.161
C-WEU-SWE,Zone_6A Cold Humid,rur,perm,sfh,2060,0.839
C-WEU-SWE,Zone_6A Cold Humid,urb,perm,mfh,2060,0.328
C-WEU-SWE,Zone_6A Cold Humid,urb,perm,sfh,2060,0.6719999999999999
C-WEU-SWE,Zone_7A Very cold Humid,rur,perm,mfh,2060,0.123
C-WEU-SWE,Zone_7A Very cold Humid,rur,perm,sfh,2060,0.877
C-WEU-SWE,Zone_7A Very cold Humid,urb,perm,mfh,2060,0.187
C-WEU-SWE,Zone_7A Very cold Humid,urb,perm,sfh,2060,0.813
C-WEU-SWE,Zone_8A Subarctic/arctic Humid,urb,perm,mfh,2060,0.226
C-WEU-SWE,Zone_8A Subarctic/arctic Humid,urb,perm,sfh,2060,0.774
C-EEU-BGR,Zone_4A Mixed Humid,rur,perm,mfh,2065,0.279
C-EEU-BGR,Zone_4A Mixed Humid,rur,perm,sfh,2065,0.721
C-EEU-BGR,Zone_4A Mixed Humid,urb,perm,mfh,2065,0.466
C-EEU-BGR,Zone_4A Mixed Humid,urb,perm,sfh,2065,0.534
C-EEU-BGR,Zone_5A Cool Humid,rur,perm,mfh,2065,0.648
C-EEU-BGR,Zone_5A Cool Humid,rur,perm,sfh,2065,0.352
C-EEU-BGR,Zone_5A Cool Humid,urb,perm,mfh,2065,0.525
C-EEU-BGR,Zone_5A Cool Humid,urb,perm,sfh,2065,0.475
C-EEU-CZE,Zone_5A Cool Humid,rur,perm,mfh,2065,0.517
C-EEU-CZE,Zone_5A Cool Humid,rur,perm,sfh,2065,0.483
C-EEU-CZE,Zone_5A Cool Humid,urb,perm,mfh,2065,0.647
C-EEU-CZE,Zone_5A Cool Humid,urb,perm,sfh,2065,0.353
C-EEU-EST,Zone_6A Cold Humid,rur,perm,mfh,2065,0.56
C-EEU-EST,Zone_6A Cold Humid,rur,perm,sfh,2065,0.43999999999999995
C-EEU-EST,Zone_6A Cold Humid,urb,perm,mfh,2065,0.755
C-EEU-EST,Zone_6A Cold Humid,urb,perm,sfh,2065,0.245
C-EEU-HRV,Zone_4A Mixed Humid,rur,perm,mfh,2065,0.276
C-EEU-HRV,Zone_4A Mixed Humid,rur,perm,sfh,2065,0.724
C-EEU-HRV,Zone_4A Mixed Humid,urb,perm,mfh,2065,0.617
C-EEU-HRV,Zone_4A Mixed Humid,urb,perm,sfh,2065,0.383
C-EEU-HRV,Zone_5A Cool Humid,rur,perm,mfh,2065,0.488
C-EEU-HRV,Zone_5A Cool Humid,rur,perm,sfh,2065,0.512
C-EEU-HRV,Zone_3A Warm Humid,rur,perm,mfh,2065,0.613
C-EEU-HRV,Zone_3A Warm Humid,rur,perm,sfh,2065,0.387
C-EEU-HRV,Zone_4C Mixed Marine,rur,perm,mfh,2065,0.652
C-EEU-HRV,Zone_4C Mixed Marine,rur,perm,sfh,2065,0.348
C-EEU-HUN,Zone_4A Mixed Humid,rur,perm,mfh,2065,0.428
C-EEU-HUN,Zone_4A Mixed Humid,rur,perm,sfh,2065,0.5720000000000001
C-EEU-HUN,Zone_4A Mixed Humid,urb,perm,mfh,2065,0.65
C-EEU-HUN,Zone_4A Mixed Humid,urb,perm,sfh,2065,0.35
C-EEU-HUN,Zone_5A Cool Humid,rur,perm,mfh,2065,0.315
C-EEU-HUN,Zone_5A Cool Humid,rur,perm,sfh,2065,0.685
C-EEU-HUN,Zone_5A Cool Humid,urb,perm,mfh,2065,0.419
C-EEU-HUN,Zone_5A Cool Humid,urb,perm,sfh,2065,0.581
C-EEU-LTU,Zone_5A Cool Humid,rur,perm,mfh,2065,0.524
C-EEU-LTU,Zone_5A Cool Humid,rur,perm,sfh,2065,0.476
C-EEU-LTU,Zone_5A Cool Humid,urb,perm,mfh,2065,0.815
C-EEU-LTU,Zone_5A Cool Humid,urb,perm,sfh,2065,0.18500000000000005
C-EEU-LTU,Zone_6A Cold Humid,rur,perm,mfh,2065,0.5
C-EEU-LTU,Zone_6A Cold Humid,rur,perm,sfh,2065,0.5
C-EEU-LTU,Zone_6A Cold Humid,urb,perm,mfh,2065,0.573
C-EEU-LTU,Zone_6A Cold Humid,urb,perm,sfh,2065,0.42700000000000005
C-EEU-LVA,Zone_6A Cold Humid,rur,perm,mfh,2065,0.519
C-EEU-LVA,Zone_6A Cold Humid,rur,perm,sfh,2065,0.481
C-EEU-LVA,Zone_6A Cold Humid,urb,perm,mfh,2065,0.709
C-EEU-LVA,Zone_6A Cold Humid,urb,perm,sfh,2065,0.29100000000000004
C-EEU-POL,Zone_5A Cool Humid,rur,perm,mfh,2065,0.484
C-EEU-POL,Zone_5A Cool Humid,rur,perm,sfh,2065,0.516
C-EEU-POL,Zone_5A Cool Humid,urb,perm,mfh,2065,0.799
C-EEU-POL,Zone_5A Cool Humid,urb,perm,sfh,2065,0.20099999999999996
C-EEU-POL,Zone_6A Cold Humid,rur,perm,mfh,2065,0.406
C-EEU-POL,Zone_6A Cold Humid,rur,perm,sfh,2065,0.594
C-EEU-POL,Zone_6A Cold Humid,urb,perm,mfh,2065,0.579
C-EEU-POL,Zone_6A Cold Humid,urb,perm,sfh,2065,0.42100000000000004
C-EEU-ROU,Zone_4A Mixed Humid,rur,perm,mfh,2065,0.331
C-EEU-ROU,Zone_4A Mixed Humid,rur,perm,sfh,2065,0.669
C-EEU-ROU,Zone_4A Mixed Humid,urb,perm,mfh,2065,0.635
C-EEU-ROU,Zone_4A Mixed Humid,urb,perm,sfh,2065,0.365
C-EEU-ROU,Zone_5A Cool Humid,rur,perm,mfh,2065,0.326
C-EEU-ROU,Zone_5A Cool Humid,rur,perm,sfh,2065,0.6739999999999999
C-EEU-ROU,Zone_5A Cool Humid,urb,perm,mfh,2065,0.474
C-EEU-ROU,Zone_5A Cool Humid,urb,perm,sfh,2065,0.526
C-EEU-ROU,Zone_6A Cold Humid,rur,perm,mfh,2065,0.414
C-EEU-ROU,Zone_6A Cold Humid,rur,perm,sfh,2065,0.5860000000000001
C-EEU-SVK,Zone_5A Cool Humid,rur,perm,mfh,2065,0.385
C-EEU-SVK,Zone_5A Cool Humid,rur,perm,sfh,2065,0.615
C-EEU-SVK,Zone_5A Cool Humid,urb,perm,mfh,2065,0.567
C-EEU-SVK,Zone_5A Cool Humid,urb,perm,sfh,2065,0.43300000000000005
C-EEU-SVK,Zone_6A Cold Humid,rur,perm,mfh,2065,0.412
C-EEU-SVK,Zone_6A Cold Humid,rur,perm,sfh,2065,0.5880000000000001
C-EEU-SVK,Zone_6A Cold Humid,urb,perm,mfh,2065,0.386
C-EEU-SVK,Zone_6A Cold Humid,urb,perm,sfh,2065,0.614
C-EEU-SVN,Zone_4A Mixed Humid,rur,perm,mfh,2065,0.366
C-EEU-SVN,Zone_4A Mixed Humid,rur,perm,sfh,2065,0.634
C-EEU-SVN,Zone_4A Mixed Humid,urb,perm,mfh,2065,0.601
C-EEU-SVN,Zone_4A Mixed Humid,urb,perm,sfh,2065,0.399
C-EEU-SVN,Zone_5A Cool Humid,rur,perm,mfh,2065,0.328
C-EEU-SVN,Zone_5A Cool Humid,rur,perm,sfh,2065,0.6719999999999999
C-EEU-SVN,Zone_5A Cool Humid,urb,perm,mfh,2065,0.629
C-EEU-SVN,Zone_5A Cool Humid,urb,perm,sfh,2065,0.371
C-EEU-SVN,Zone_7A Very cold Humid,rur,perm,mfh,2065,0.397
C-EEU-SVN,Zone_7A Very cold Humid,rur,perm,sfh,2065,0.603
C-WEU-AUT,Zone_4A Mixed Humid,rur,perm,mfh,2065,0.472
C-WEU-AUT,Zone_4A Mixed Humid,rur,perm,sfh,2065,0.528
C-WEU-AUT,Zone_4A Mixed Humid,urb,perm,mfh,2065,0.798
C-WEU-AUT,Zone_4A Mixed Humid,urb,perm,sfh,2065,0.20199999999999996
C-WEU-AUT,Zone_5A Cool Humid,rur,perm,mfh,2065,0.57
C-WEU-AUT,Zone_5A Cool Humid,rur,perm,sfh,2065,0.43000000000000005
C-WEU-AUT,Zone_5A Cool Humid,urb,perm,mfh,2065,0.621
C-WEU-AUT,Zone_5A Cool Humid,urb,perm,sfh,2065,0.379
C-WEU-AUT,Zone_6A Cold Humid,rur,perm,mfh,2065,0.717
C-WEU-AUT,Zone_6A Cold Humid,rur,perm,sfh,2065,0.28300000000000003
C-WEU-AUT,Zone_6A Cold Humid,urb,perm,mfh,2065,0.807
C-WEU-AUT,Zone_6A Cold Humid,urb,perm,sfh,2065,0.19299999999999995
C-WEU-AUT,Zone_7A Very cold Humid,rur,perm,mfh,2065,0.775
C-WEU-AUT,Zone_7A Very cold Humid,rur,perm,sfh,2065,0.22499999999999998
C-WEU-AUT,Zone_7A Very cold Humid,urb,perm,mfh,2065,0.889
C-WEU-AUT,Zone_7A Very cold Humid,urb,perm,sfh,2065,0.11099999999999999
C-WEU-BEL,Zone_4A Mixed Humid,rur,perm,mfh,2065,0.284
C-WEU-BEL,Zone_4A Mixed Humid,rur,perm,sfh,2065,0.716
C-WEU-BEL,Zone_4A Mixed Humid,urb,perm,mfh,2065,0.662
C-WEU-BEL,Zone_4A Mixed Humid,urb,perm,sfh,2065,0.33799999999999997
C-WEU-BEL,Zone_5A Cool Humid,rur,perm,mfh,2065,0.268
C-WEU-BEL,Zone_5A Cool Humid,rur,perm,sfh,2065,0.732
C-WEU-BEL,Zone_5A Cool Humid,urb,perm,mfh,2065,0.492
C-WEU-BEL,Zone_5A Cool Humid,urb,perm,sfh,2065,0.508
C-WEU-CYP,Zone_3A Warm Humid,urb,perm,mfh,2065,0.523
C-WEU-CYP,Zone_3A Warm Humid,urb,perm,sfh,2065,0.477
C-WEU-DEU,Zone_4A Mixed Humid,rur,perm,mfh,2065,0.601
C-WEU-DEU,Zone_4A Mixed Humid,rur,perm,sfh,2065,0.399
C-WEU-DEU,Zone_4A Mixed Humid,urb,perm,mfh,2065,0.842
C-WEU-DEU,Zone_4A Mixed Humid,urb,perm,sfh,2065,0.15800000000000003
C-WEU-DEU,Zone_5A Cool Humid,rur,perm,mfh,2065,0.731
C-WEU-DEU,Zone_5A Cool Humid,rur,perm,sfh,2065,0.269
C-WEU-DEU,Zone_5A Cool Humid,urb,perm,mfh,2065,0.825
C-WEU-DEU,Zone_5A Cool Humid,urb,perm,sfh,2065,0.17500000000000004
C-WEU-DEU,Zone_6A Cold Humid,rur,perm,mfh,2065,0.779
C-WEU-DEU,Zone_6A Cold Humid,rur,perm,sfh,2065,0.22099999999999997
C-WEU-DEU,Zone_6A Cold Humid,urb,perm,mfh,2065,0.855
C-WEU-DEU,Zone_6A Cold Humid,urb,perm,sfh,2065,0.14500000000000002
C-WEU-DNK,Zone_5A Cool Humid,rur,perm,mfh,2065,0.812
C-WEU-DNK,Zone_5A Cool Humid,rur,perm,sfh,2065,0.18799999999999994
C-WEU-DNK,Zone_5A Cool Humid,urb,perm,mfh,2065,0.81
C-WEU-DNK,Zone_5A Cool Humid,urb,perm,sfh,2065,0.18999999999999995
C-WEU-ESP,Zone_4A Mixed Humid,rur,perm,mfh,2065,0.281
C-WEU-ESP,Zone_4A Mixed Humid,rur,perm,sfh,2065,0.719
C-WEU-ESP,Zone_4A Mixed Humid,urb,perm,mfh,2065,0.567
C-WEU-ESP,Zone_4A Mixed Humid,urb,perm,sfh,2065,0.43300000000000005
C-WEU-ESP,Zone_3A Warm Humid,rur,perm,mfh,2065,0.273
C-WEU-ESP,Zone_3A Warm Humid,rur,perm,sfh,2065,0.727
C-WEU-ESP,Zone_3A Warm Humid,urb,perm,mfh,2065,0.63
C-WEU-ESP,Zone_3A Warm Humid,urb,perm,sfh,2065,0.37
C-WEU-ESP,Zone_4C Mixed Marine,rur,perm,mfh,2065,0.355
C-WEU-ESP,Zone_4C Mixed Marine,rur,perm,sfh,2065,0.645
C-WEU-ESP,Zone_4C Mixed Marine,urb,perm,mfh,2065,0.499
C-WEU-ESP,Zone_4C Mixed Marine,urb,perm,sfh,2065,0.501
C-WEU-ESP,Zone_2B Hot Dry,urb,perm,mfh,2065,0.7
C-WEU-ESP,Zone_2B Hot Dry,urb,perm,sfh,2065,0.30000000000000004
C-WEU-ESP,Zone_3B Warm Dry,rur,perm,mfh,2065,0.423
C-WEU-ESP,Zone_3B Warm Dry,rur,perm,sfh,2065,0.577
C-WEU-ESP,Zone_3B Warm Dry,urb,perm,mfh,2065,0.623
C-WEU-ESP,Zone_3B Warm Dry,urb,perm,sfh,2065,0.377
C-WEU-ESP,Zone_3C Warm Marine,urb,perm,mfh,2065,0.644
C-WEU-ESP,Zone_3C Warm Marine,urb,perm,sfh,2065,0.356
C-WEU-FIN,Zone_6A Cold Humid,rur,perm,mfh,2065,0.724
C-WEU-FIN,Zone_6A Cold Humid,rur,perm,sfh,2065,0.276
C-WEU-FIN,Zone_6A Cold Humid,urb,perm,mfh,2065,0.82
C-WEU-FIN,Zone_6A Cold Humid,urb,perm,sfh,2065,0.18000000000000005
C-WEU-FIN,Zone_7A Very cold Humid,rur,perm,mfh,2065,0.682
C-WEU-FIN,Zone_7A Very cold Humid,rur,perm,sfh,2065,0.31799999999999995
C-WEU-FIN,Zone_7A Very cold Humid,urb,perm,mfh,2065,0.746
C-WEU-FIN,Zone_7A Very cold Humid,urb,perm,sfh,2065,0.254
C-WEU-FRA,Zone_4A Mixed Humid,rur,perm,mfh,2065,0.317
C-WEU-FRA,Zone_4A Mixed Humid,rur,perm,sfh,2065,0.683
C-WEU-FRA,Zone_4A Mixed Humid,urb,perm,mfh,2065,0.638
C-WEU-FRA,Zone_4A Mixed Humid,urb,perm,sfh,2065,0.362
C-WEU-FRA,Zone_5A Cool Humid,rur,perm,mfh,2065,0.313
C-WEU-FRA,Zone_5A Cool Humid,rur,perm,sfh,2065,0.687
C-WEU-FRA,Zone_5A Cool Humid,urb,perm,mfh,2065,0.681
C-WEU-FRA,Zone_5A Cool Humid,urb,perm,sfh,2065,0.31899999999999995
C-WEU-FRA,Zone_3A Warm Humid,rur,perm,mfh,2065,0.354
C-WEU-FRA,Zone_3A Warm Humid,rur,perm,sfh,2065,0.646
C-WEU-FRA,Zone_3A Warm Humid,urb,perm,mfh,2065,0.626
C-WEU-FRA,Zone_3A Warm Humid,urb,perm,sfh,2065,0.374
C-WEU-FRA,Zone_4C Mixed Marine,rur,perm,mfh,2065,0.56
C-WEU-FRA,Zone_4C Mixed Marine,rur,perm,sfh,2065,0.43999999999999995
C-WEU-FRA,Zone_7A Very cold Humid,urb,perm,mfh,2065,0.79
C-WEU-FRA,Zone_7A Very cold Humid,urb,perm,sfh,2065,0.20999999999999996
C-WEU-FRA,Zone_3C Warm Marine,urb,perm,mfh,2065,0.859
C-WEU-FRA,Zone_3C Warm Marine,urb,perm,sfh,2065,0.14100000000000001
C-WEU-FRA,Zone_1A Very hot Humid,urb,perm,mfh,2065,0.471
C-WEU-FRA,Zone_1A Very hot Humid,urb,perm,sfh,2065,0.529
C-WEU-FRA,Zone_2A Hot Humid,urb,perm,mfh,2065,0.4
C-WEU-FRA,Zone_2A Hot Humid,urb,perm,sfh,2065,0.6
C-WEU-GRC,Zone_4A Mixed Humid,rur,perm,mfh,2065,0.379
C-WEU-GRC,Zone_4A Mixed Humid,rur,perm,sfh,2065,0.621
C-WEU-GRC,Zone_4A Mixed Humid,urb,perm,mfh,2065,0.591
C-WEU-GRC,Zone_4A Mixed Humid,urb,perm,sfh,2065,0.40900000000000003
C-WEU-GRC,Zone_5A Cool Humid,rur,perm,mfh,2065,0.411
C-WEU-GRC,Zone_5A Cool Humid,rur,perm,sfh,2065,0.589
C-WEU-GRC,Zone_5A Cool Humid,urb,perm,mfh,2065,0.54
C-WEU-GRC,Zone_5A Cool Humid,urb,perm,sfh,2065,0.45999999999999996
C-WEU-GRC,Zone_3A Warm Humid,rur,perm,mfh,2065,0.455
C-WEU-GRC,Zone_3A Warm Humid,rur,perm,sfh,2065,0.5449999999999999
C-WEU-GRC,Zone_3A Warm Humid,urb,perm,mfh,2065,0.663
C-WEU-GRC,Zone_3A Warm Humid,urb,perm,sfh,2065,0.33699999999999997
C-WEU-GRC,Zone_4C Mixed Marine,urb,perm,mfh,2065,0.49
C-WEU-GRC,Zone_4C Mixed Marine,urb,perm,sfh,2065,0.51
C-WEU-GRC,Zone_5C Cool Marine,urb,perm,mfh,2065,0.564
C-WEU-GRC,Zone_5C Cool Marine,urb,perm,sfh,2065,0.43600000000000005
C-WEU-IRL,Zone_4A Mixed Humid,rur,perm,mfh,2065,0.146
C-WEU-IRL,Zone_4A Mixed Humid,rur,perm,sfh,2065,0.854
C-WEU-IRL,Zone_5A Cool Humid,rur,perm,mfh,2065,0.152
C-WEU-IRL,Zone_5A Cool Humid,rur,perm,sfh,2065,0.848
C-WEU-IRL,Zone_5A Cool Humid,urb,perm,mfh,2065,0.376
C-WEU-IRL,Zone_5A Cool Humid,urb,perm,sfh,2065,0.624
C-WEU-ITA,Zone_4A Mixed Humid,rur,perm,mfh,2065,0.695
C-WEU-ITA,Zone_4A Mixed Humid,rur,perm,sfh,2065,0.30500000000000005
C-WEU-ITA,Zone_4A Mixed Humid,urb,perm,mfh,2065,0.812
C-WEU-ITA,Zone_4A Mixed Humid,urb,perm,sfh,2065,0.18799999999999994
C-WEU-ITA,Zone_5A Cool Humid,urb,perm,mfh,2065,0.792
C-WEU-ITA,Zone_5A Cool Humid,urb,perm,sfh,2065,0.20799999999999996
C-WEU-ITA,Zone_6A Cold Humid,urb,perm,mfh,2065,0.839
C-WEU-ITA,Zone_6A Cold Humid,urb,perm,sfh,2065,0.16100000000000003
C-WEU-ITA,Zone_3A Warm Humid,rur,perm,mfh,2065,0.684
C-WEU-ITA,Zone_3A Warm Humid,rur,perm,sfh,2065,0.31599999999999995
C-WEU-ITA,Zone_3A Warm Humid,urb,perm,mfh,2065,0.771
C-WEU-ITA,Zone_3A Warm Humid,urb,perm,sfh,2065,0.22899999999999998
C-WEU-ITA,Zone_4C Mixed Marine,rur,perm,mfh,2065,0.656
C-WEU-ITA,Zone_4C Mixed Marine,rur,perm,sfh,2065,0.344
C-WEU-ITA,Zone_4C Mixed Marine,urb,perm,mfh,2065,0.846
C-WEU-ITA,Zone_4C Mixed Marine,urb,perm,sfh,2065,0.15400000000000003
C-WEU-ITA,Zone_7A Very cold Humid,rur,perm,mfh,2065,0.8
C-WEU-ITA,Zone_7A Very cold Humid,rur,perm,sfh,2065,0.19999999999999996
C-WEU-ITA,Zone_7A Very cold Humid,urb,perm,mfh,2065,0.8
C-WEU-ITA,Zone_7A Very cold Humid,urb,perm,sfh,2065,0.19999999999999996
C-WEU-ITA,Zone_5C Cool Marine,urb,perm,mfh,2065,0.693
C-WEU-ITA,Zone_5C Cool Marine,urb,perm,sfh,2065,0.30700000000000005
C-WEU-LUX,Zone_5A Cool Humid,urb,perm,mfh,2065,0.985
C-WEU-LUX,Zone_5A Cool Humid,urb,perm,sfh,2065,0.015000000000000013
C-WEU-MLT,Zone_3A Warm Humid,urb,perm,mfh,2065,0.5
C-WEU-MLT,Zone_3A Warm Humid,urb,perm,sfh,2065,0.5
C-WEU-NLD,Zone_4A Mixed Humid,rur,perm,mfh,2065,0.191
C-WEU-NLD,Zone_4A Mixed Humid,rur,perm,sfh,2065,0.8089999999999999
C-WEU-NLD,Zone_4A Mixed Humid,urb,perm,mfh,2065,0.602
C-WEU-NLD,Zone_4A Mixed Humid,urb,perm,sfh,2065,0.398
C-WEU-NLD,Zone_5A Cool Humid,urb,perm,mfh,2065,0.411
C-WEU-NLD,Zone_5A Cool Humid,urb,perm,sfh,2065,0.589
C-WEU-PRT,Zone_4A Mixed Humid,rur,perm,mfh,2065,0.192
C-WEU-PRT,Zone_4A Mixed Humid,rur,perm,sfh,2065,0.808
C-WEU-PRT,Zone_3A Warm Humid,rur,perm,mfh,2065,0.229
C-WEU-PRT,Zone_3A Warm Humid,rur,perm,sfh,2065,0.771
C-WEU-PRT,Zone_3A Warm Humid,urb,perm,mfh,2065,0.677
C-WEU-PRT,Zone_3A Warm Humid,urb,perm,sfh,2065,0.32299999999999995
C-WEU-PRT,Zone_4C Mixed Marine,rur,perm,mfh,2065,0.127
C-WEU-PRT,Zone_4C Mixed Marine,rur,perm,sfh,2065,0.873
C-WEU-PRT,Zone_4C Mixed Marine,urb,perm,mfh,2065,0.335
C-WEU-PRT,Zone_4C Mixed Marine,urb,perm,sfh,2065,0.665
C-WEU-PRT,Zone_3C Warm Marine,rur,perm,mfh,2065,0.195
C-WEU-PRT,Zone_3C Warm Marine,rur,perm,sfh,2065,0.8049999999999999
C-WEU-PRT,Zone_3C Warm Marine,urb,perm,mfh,2065,0.405
C-WEU-PRT,Zone_3C Warm Marine,urb,perm,sfh,2065,0.595
C-WEU-SWE,Zone_5A Cool Humid,rur,perm,mfh,2065,0.107
C-WEU-SWE,Zone_5A Cool Humid,rur,perm,sfh,2065,0.893
C-WEU-SWE,Zone_5A Cool Humid,urb,perm,mfh,2065,0.303
C-WEU-SWE,Zone_5A Cool Humid,urb,perm,sfh,2065,0.6970000000000001
C-WEU-SWE,Zone_6A Cold Humid,rur,perm,mfh,2065,0.161
C-WEU-SWE,Zone_6A Cold Humid,rur,perm,sfh,2065,0.839
C-WEU-SWE,Zone_6A Cold Humid,urb,perm,mfh,2065,0.328
C-WEU-SWE,Zone_6A Cold Humid,urb,perm,sfh,2065,0.6719999999999999
C-WEU-SWE,Zone_7A Very cold Humid,rur,perm,mfh,2065,0.123
C-WEU-SWE,Zone_7A Very cold Humid,rur,perm,sfh,2065,0.877
C-WEU-SWE,Zone_7A Very cold Humid,urb,perm,mfh,2065,0.187
C-WEU-SWE,Zone_7A Very cold Humid,urb,perm,sfh,2065,0.813
C-WEU-SWE,Zone_8A Subarctic/arctic Humid,urb,perm,mfh,2065,0.226
C-WEU-SWE,Zone_8A Subarctic/arctic Humid,urb,perm,sfh,2065,0.774
C-EEU-BGR,Zone_4A Mixed Humid,rur,perm,mfh,2070,0.279
C-EEU-BGR,Zone_4A Mixed Humid,rur,perm,sfh,2070,0.721
C-EEU-BGR,Zone_4A Mixed Humid,urb,perm,mfh,2070,0.466
C-EEU-BGR,Zone_4A Mixed Humid,urb,perm,sfh,2070,0.534
C-EEU-BGR,Zone_5A Cool Humid,rur,perm,mfh,2070,0.648
C-EEU-BGR,Zone_5A Cool Humid,rur,perm,sfh,2070,0.352
C-EEU-BGR,Zone_5A Cool Humid,urb,perm,mfh,2070,0.525
C-EEU-BGR,Zone_5A Cool Humid,urb,perm,sfh,2070,0.475
C-EEU-CZE,Zone_5A Cool Humid,rur,perm,mfh,2070,0.517
C-EEU-CZE,Zone_5A Cool Humid,rur,perm,sfh,2070,0.483
C-EEU-CZE,Zone_5A Cool Humid,urb,perm,mfh,2070,0.647
C-EEU-CZE,Zone_5A Cool Humid,urb,perm,sfh,2070,0.353
C-EEU-EST,Zone_6A Cold Humid,rur,perm,mfh,2070,0.56
C-EEU-EST,Zone_6A Cold Humid,rur,perm,sfh,2070,0.43999999999999995
C-EEU-EST,Zone_6A Cold Humid,urb,perm,mfh,2070,0.755
C-EEU-EST,Zone_6A Cold Humid,urb,perm,sfh,2070,0.245
C-EEU-HRV,Zone_4A Mixed Humid,rur,perm,mfh,2070,0.276
C-EEU-HRV,Zone_4A Mixed Humid,rur,perm,sfh,2070,0.724
C-EEU-HRV,Zone_4A Mixed Humid,urb,perm,mfh,2070,0.617
C-EEU-HRV,Zone_4A Mixed Humid,urb,perm,sfh,2070,0.383
C-EEU-HRV,Zone_5A Cool Humid,rur,perm,mfh,2070,0.488
C-EEU-HRV,Zone_5A Cool Humid,rur,perm,sfh,2070,0.512
C-EEU-HRV,Zone_3A Warm Humid,rur,perm,mfh,2070,0.613
C-EEU-HRV,Zone_3A Warm Humid,rur,perm,sfh,2070,0.387
C-EEU-HRV,Zone_4C Mixed Marine,rur,perm,mfh,2070,0.652
C-EEU-HRV,Zone_4C Mixed Marine,rur,perm,sfh,2070,0.348
C-EEU-HUN,Zone_4A Mixed Humid,rur,perm,mfh,2070,0.428
C-EEU-HUN,Zone_4A Mixed Humid,rur,perm,sfh,2070,0.5720000000000001
C-EEU-HUN,Zone_4A Mixed Humid,urb,perm,mfh,2070,0.65
C-EEU-HUN,Zone_4A Mixed Humid,urb,perm,sfh,2070,0.35
C-EEU-HUN,Zone_5A Cool Humid,rur,perm,mfh,2070,0.315
C-EEU-HUN,Zone_5A Cool Humid,rur,perm,sfh,2070,0.685
C-EEU-HUN,Zone_5A Cool Humid,urb,perm,mfh,2070,0.419
C-EEU-HUN,Zone_5A Cool Humid,urb,perm,sfh,2070,0.581
C-EEU-LTU,Zone_5A Cool Humid,rur,perm,mfh,2070,0.524
C-EEU-LTU,Zone_5A Cool Humid,rur,perm,sfh,2070,0.476
C-EEU-LTU,Zone_5A Cool Humid,urb,perm,mfh,2070,0.815
C-EEU-LTU,Zone_5A Cool Humid,urb,perm,sfh,2070,0.18500000000000005
C-EEU-LTU,Zone_6A Cold Humid,rur,perm,mfh,2070,0.5
C-EEU-LTU,Zone_6A Cold Humid,rur,perm,sfh,2070,0.5
C-EEU-LTU,Zone_6A Cold Humid,urb,perm,mfh,2070,0.573
C-EEU-LTU,Zone_6A Cold Humid,urb,perm,sfh,2070,0.42700000000000005
C-EEU-LVA,Zone_6A Cold Humid,rur,perm,mfh,2070,0.519
C-EEU-LVA,Zone_6A Cold Humid,rur,perm,sfh,2070,0.481
C-EEU-LVA,Zone_6A Cold Humid,urb,perm,mfh,2070,0.709
C-EEU-LVA,Zone_6A Cold Humid,urb,perm,sfh,2070,0.29100000000000004
C-EEU-POL,Zone_5A Cool Humid,rur,perm,mfh,2070,0.484
C-EEU-POL,Zone_5A Cool Humid,rur,perm,sfh,2070,0.516
C-EEU-POL,Zone_5A Cool Humid,urb,perm,mfh,2070,0.799
C-EEU-POL,Zone_5A Cool Humid,urb,perm,sfh,2070,0.20099999999999996
C-EEU-POL,Zone_6A Cold Humid,rur,perm,mfh,2070,0.406
C-EEU-POL,Zone_6A Cold Humid,rur,perm,sfh,2070,0.594
C-EEU-POL,Zone_6A Cold Humid,urb,perm,mfh,2070,0.579
C-EEU-POL,Zone_6A Cold Humid,urb,perm,sfh,2070,0.42100000000000004
C-EEU-ROU,Zone_4A Mixed Humid,rur,perm,mfh,2070,0.331
C-EEU-ROU,Zone_4A Mixed Humid,rur,perm,sfh,2070,0.669
C-EEU-ROU,Zone_4A Mixed Humid,urb,perm,mfh,2070,0.635
C-EEU-ROU,Zone_4A Mixed Humid,urb,perm,sfh,2070,0.365
C-EEU-ROU,Zone_5A Cool Humid,rur,perm,mfh,2070,0.326
C-EEU-ROU,Zone_5A Cool Humid,rur,perm,sfh,2070,0.6739999999999999
C-EEU-ROU,Zone_5A Cool Humid,urb,perm,mfh,2070,0.474
C-EEU-ROU,Zone_5A Cool Humid,urb,perm,sfh,2070,0.526
C-EEU-ROU,Zone_6A Cold Humid,rur,perm,mfh,2070,0.414
C-EEU-ROU,Zone_6A Cold Humid,rur,perm,sfh,2070,0.5860000000000001
C-EEU-SVK,Zone_5A Cool Humid,rur,perm,mfh,2070,0.385
C-EEU-SVK,Zone_5A Cool Humid,rur,perm,sfh,2070,0.615
C-EEU-SVK,Zone_5A Cool Humid,urb,perm,mfh,2070,0.567
C-EEU-SVK,Zone_5A Cool Humid,urb,perm,sfh,2070,0.43300000000000005
C-EEU-SVK,Zone_6A Cold Humid,rur,perm,mfh,2070,0.412
C-EEU-SVK,Zone_6A Cold Humid,rur,perm,sfh,2070,0.5880000000000001
C-EEU-SVK,Zone_6A Cold Humid,urb,perm,mfh,2070,0.386
C-EEU-SVK,Zone_6A Cold Humid,urb,perm,sfh,2070,0.614
C-EEU-SVN,Zone_4A Mixed Humid,rur,perm,mfh,2070,0.366
C-EEU-SVN,Zone_4A Mixed Humid,rur,perm,sfh,2070,0.634
C-EEU-SVN,Zone_4A Mixed Humid,urb,perm,mfh,2070,0.601
C-EEU-SVN,Zone_4A Mixed Humid,urb,perm,sfh,2070,0.399
C-EEU-SVN,Zone_5A Cool Humid,rur,perm,mfh,2070,0.328
C-EEU-SVN,Zone_5A Cool Humid,rur,perm,sfh,2070,0.6719999999999999
C-EEU-SVN,Zone_5A Cool Humid,urb,perm,mfh,2070,0.629
C-EEU-SVN,Zone_5A Cool Humid,urb,perm,sfh,2070,0.371
C-EEU-SVN,Zone_7A Very cold Humid,rur,perm,mfh,2070,0.397
C-EEU-SVN,Zone_7A Very cold Humid,rur,perm,sfh,2070,0.603
C-WEU-AUT,Zone_4A Mixed Humid,rur,perm,mfh,2070,0.472
C-WEU-AUT,Zone_4A Mixed Humid,rur,perm,sfh,2070,0.528
C-WEU-AUT,Zone_4A Mixed Humid,urb,perm,mfh,2070,0.798
C-WEU-AUT,Zone_4A Mixed Humid,urb,perm,sfh,2070,0.20199999999999996
C-WEU-AUT,Zone_5A Cool Humid,rur,perm,mfh,2070,0.57
C-WEU-AUT,Zone_5A Cool Humid,rur,perm,sfh,2070,0.43000000000000005
C-WEU-AUT,Zone_5A Cool Humid,urb,perm,mfh,2070,0.621
C-WEU-AUT,Zone_5A Cool Humid,urb,perm,sfh,2070,0.379
C-WEU-AUT,Zone_6A Cold Humid,rur,perm,mfh,2070,0.717
C-WEU-AUT,Zone_6A Cold Humid,rur,perm,sfh,2070,0.28300000000000003
C-WEU-AUT,Zone_6A Cold Humid,urb,perm,mfh,2070,0.807
C-WEU-AUT,Zone_6A Cold Humid,urb,perm,sfh,2070,0.19299999999999995
C-WEU-AUT,Zone_7A Very cold Humid,rur,perm,mfh,2070,0.775
C-WEU-AUT,Zone_7A Very cold Humid,rur,perm,sfh,2070,0.22499999999999998
C-WEU-AUT,Zone_7A Very cold Humid,urb,perm,mfh,2070,0.889
C-WEU-AUT,Zone_7A Very cold Humid,urb,perm,sfh,2070,0.11099999999999999
C-WEU-BEL,Zone_4A Mixed Humid,rur,perm,mfh,2070,0.284
C-WEU-BEL,Zone_4A Mixed Humid,rur,perm,sfh,2070,0.716
C-WEU-BEL,Zone_4A Mixed Humid,urb,perm,mfh,2070,0.662
C-WEU-BEL,Zone_4A Mixed Humid,urb,perm,sfh,2070,0.33799999999999997
C-WEU-BEL,Zone_5A Cool Humid,rur,perm,mfh,2070,0.268
C-WEU-BEL,Zone_5A Cool Humid,rur,perm,sfh,2070,0.732
C-WEU-BEL,Zone_5A Cool Humid,urb,perm,mfh,2070,0.492
C-WEU-BEL,Zone_5A Cool Humid,urb,perm,sfh,2070,0.508
C-WEU-CYP,Zone_3A Warm Humid,urb,perm,mfh,2070,0.523
C-WEU-CYP,Zone_3A Warm Humid,urb,perm,sfh,2070,0.477
C-WEU-DEU,Zone_4A Mixed Humid,rur,perm,mfh,2070,0.601
C-WEU-DEU,Zone_4A Mixed Humid,rur,perm,sfh,2070,0.399
C-WEU-DEU,Zone_4A Mixed Humid,urb,perm,mfh,2070,0.842
C-WEU-DEU,Zone_4A Mixed Humid,urb,perm,sfh,2070,0.15800000000000003
C-WEU-DEU,Zone_5A Cool Humid,rur,perm,mfh,2070,0.731
C-WEU-DEU,Zone_5A Cool Humid,rur,perm,sfh,2070,0.269
C-WEU-DEU,Zone_5A Cool Humid,urb,perm,mfh,2070,0.825
C-WEU-DEU,Zone_5A Cool Humid,urb,perm,sfh,2070,0.17500000000000004
C-WEU-DEU,Zone_6A Cold Humid,rur,perm,mfh,2070,0.779
C-WEU-DEU,Zone_6A Cold Humid,rur,perm,sfh,2070,0.22099999999999997
C-WEU-DEU,Zone_6A Cold Humid,urb,perm,mfh,2070,0.855
C-WEU-DEU,Zone_6A Cold Humid,urb,perm,sfh,2070,0.14500000000000002
C-WEU-DNK,Zone_5A Cool Humid,rur,perm,mfh,2070,0.812
C-WEU-DNK,Zone_5A Cool Humid,rur,perm,sfh,2070,0.18799999999999994
C-WEU-DNK,Zone_5A Cool Humid,urb,perm,mfh,2070,0.81
C-WEU-DNK,Zone_5A Cool Humid,urb,perm,sfh,2070,0.18999999999999995
C-WEU-ESP,Zone_4A Mixed Humid,rur,perm,mfh,2070,0.281
C-WEU-ESP,Zone_4A Mixed Humid,rur,perm,sfh,2070,0.719
C-WEU-ESP,Zone_4A Mixed Humid,urb,perm,mfh,2070,0.567
C-WEU-ESP,Zone_4A Mixed Humid,urb,perm,sfh,2070,0.43300000000000005
C-WEU-ESP,Zone_3A Warm Humid,rur,perm,mfh,2070,0.273
C-WEU-ESP,Zone_3A Warm Humid,rur,perm,sfh,2070,0.727
C-WEU-ESP,Zone_3A Warm Humid,urb,perm,mfh,2070,0.63
C-WEU-ESP,Zone_3A Warm Humid,urb,perm,sfh,2070,0.37
C-WEU-ESP,Zone_4C Mixed Marine,rur,perm,mfh,2070,0.355
C-WEU-ESP,Zone_4C Mixed Marine,rur,perm,sfh,2070,0.645
C-WEU-ESP,Zone_4C Mixed Marine,urb,perm,mfh,2070,0.499
C-WEU-ESP,Zone_4C Mixed Marine,urb,perm,sfh,2070,0.501
C-WEU-ESP,Zone_2B Hot Dry,urb,perm,mfh,2070,0.7
C-WEU-ESP,Zone_2B Hot Dry,urb,perm,sfh,2070,0.30000000000000004
C-WEU-ESP,Zone_3B Warm Dry,rur,perm,mfh,2070,0.423
C-WEU-ESP,Zone_3B Warm Dry,rur,perm,sfh,2070,0.577
C-WEU-ESP,Zone_3B Warm Dry,urb,perm,mfh,2070,0.623
C-WEU-ESP,Zone_3B Warm Dry,urb,perm,sfh,2070,0.377
C-WEU-ESP,Zone_3C Warm Marine,urb,perm,mfh,2070,0.644
C-WEU-ESP,Zone_3C Warm Marine,urb,perm,sfh,2070,0.356
C-WEU-FIN,Zone_6A Cold Humid,rur,perm,mfh,2070,0.724
C-WEU-FIN,Zone_6A Cold Humid,rur,perm,sfh,2070,0.276
C-WEU-FIN,Zone_6A Cold Humid,urb,perm,mfh,2070,0.82
C-WEU-FIN,Zone_6A Cold Humid,urb,perm,sfh,2070,0.18000000000000005
C-WEU-FIN,Zone_7A Very cold Humid,rur,perm,mfh,2070,0.682
C-WEU-FIN,Zone_7A Very cold Humid,rur,perm,sfh,2070,0.31799999999999995
C-WEU-FIN,Zone_7A Very cold Humid,urb,perm,mfh,2070,0.746
C-WEU-FIN,Zone_7A Very cold Humid,urb,perm,sfh,2070,0.254
C-WEU-FRA,Zone_4A Mixed Humid,rur,perm,mfh,2070,0.317
C-WEU-FRA,Zone_4A Mixed Humid,rur,perm,sfh,2070,0.683
C-WEU-FRA,Zone_4A Mixed Humid,urb,perm,mfh,2070,0.638
C-WEU-FRA,Zone_4A Mixed Humid,urb,perm,sfh,2070,0.362
C-WEU-FRA,Zone_5A Cool Humid,rur,perm,mfh,2070,0.313
C-WEU-FRA,Zone_5A Cool Humid,rur,perm,sfh,2070,0.687
C-WEU-FRA,Zone_5A Cool Humid,urb,perm,mfh,2070,0.681
C-WEU-FRA,Zone_5A Cool Humid,urb,perm,sfh,2070,0.31899999999999995
C-WEU-FRA,Zone_3A Warm Humid,rur,perm,mfh,2070,0.354
C-WEU-FRA,Zone_3A Warm Humid,rur,perm,sfh,2070,0.646
C-WEU-FRA,Zone_3A Warm Humid,urb,perm,mfh,2070,0.626
C-WEU-FRA,Zone_3A Warm Humid,urb,perm,sfh,2070,0.374
C-WEU-FRA,Zone_4C Mixed Marine,rur,perm,mfh,2070,0.56
C-WEU-FRA,Zone_4C Mixed Marine,rur,perm,sfh,2070,0.43999999999999995
C-WEU-FRA,Zone_7A Very cold Humid,urb,perm,mfh,2070,0.79
C-WEU-FRA,Zone_7A Very cold Humid,urb,perm,sfh,2070,0.20999999999999996
C-WEU-FRA,Zone_3C Warm Marine,urb,perm,mfh,2070,0.859
C-WEU-FRA,Zone_3C Warm Marine,urb,perm,sfh,2070,0.14100000000000001
C-WEU-FRA,Zone_1A Very hot Humid,urb,perm,mfh,2070,0.471
C-WEU-FRA,Zone_1A Very hot Humid,urb,perm,sfh,2070,0.529
C-WEU-FRA,Zone_2A Hot Humid,urb,perm,mfh,2070,0.4
C-WEU-FRA,Zone_2A Hot Humid,urb,perm,sfh,2070,0.6
C-WEU-GRC,Zone_4A Mixed Humid,rur,perm,mfh,2070,0.379
C-WEU-GRC,Zone_4A Mixed Humid,rur,perm,sfh,2070,0.621
C-WEU-GRC,Zone_4A Mixed Humid,urb,perm,mfh,2070,0.591
C-WEU-GRC,Zone_4A Mixed Humid,urb,perm,sfh,2070,0.40900000000000003
C-WEU-GRC,Zone_5A Cool Humid,rur,perm,mfh,2070,0.411
C-WEU-GRC,Zone_5A Cool Humid,rur,perm,sfh,2070,0.589
C-WEU-GRC,Zone_5A Cool Humid,urb,perm,mfh,2070,0.54
C-WEU-GRC,Zone_5A Cool Humid,urb,perm,sfh,2070,0.45999999999999996
C-WEU-GRC,Zone_3A Warm Humid,rur,perm,mfh,2070,0.455
C-WEU-GRC,Zone_3A Warm Humid,rur,perm,sfh,2070,0.5449999999999999
C-WEU-GRC,Zone_3A Warm Humid,urb,perm,mfh,2070,0.663
C-WEU-GRC,Zone_3A Warm Humid,urb,perm,sfh,2070,0.33699999999999997
C-WEU-GRC,Zone_4C Mixed Marine,urb,perm,mfh,2070,0.49
C-WEU-GRC,Zone_4C Mixed Marine,urb,perm,sfh,2070,0.51
C-WEU-GRC,Zone_5C Cool Marine,urb,perm,mfh,2070,0.564
C-WEU-GRC,Zone_5C Cool Marine,urb,perm,sfh,2070,0.43600000000000005
C-WEU-IRL,Zone_4A Mixed Humid,rur,perm,mfh,2070,0.146
C-WEU-IRL,Zone_4A Mixed Humid,rur,perm,sfh,2070,0.854
C-WEU-IRL,Zone_5A Cool Humid,rur,perm,mfh,2070,0.152
C-WEU-IRL,Zone_5A Cool Humid,rur,perm,sfh,2070,0.848
C-WEU-IRL,Zone_5A Cool Humid,urb,perm,mfh,2070,0.376
C-WEU-IRL,Zone_5A Cool Humid,urb,perm,sfh,2070,0.624
C-WEU-ITA,Zone_4A Mixed Humid,rur,perm,mfh,2070,0.695
C-WEU-ITA,Zone_4A Mixed Humid,rur,perm,sfh,2070,0.30500000000000005
C-WEU-ITA,Zone_4A Mixed Humid,urb,perm,mfh,2070,0.812
C-WEU-ITA,Zone_4A Mixed Humid,urb,perm,sfh,2070,0.18799999999999994
C-WEU-ITA,Zone_5A Cool Humid,urb,perm,mfh,2070,0.792
C-WEU-ITA,Zone_5A Cool Humid,urb,perm,sfh,2070,0.20799999999999996
C-WEU-ITA,Zone_6A Cold Humid,urb,perm,mfh,2070,0.839
C-WEU-ITA,Zone_6A Cold Humid,urb,perm,sfh,2070,0.16100000000000003
C-WEU-ITA,Zone_3A Warm Humid,rur,perm,mfh,2070,0.684
C-WEU-ITA,Zone_3A Warm Humid,rur,perm,sfh,2070,0.31599999999999995
C-WEU-ITA,Zone_3A Warm Humid,urb,perm,mfh,2070,0.771
C-WEU-ITA,Zone_3A Warm Humid,urb,perm,sfh,2070,0.22899999999999998
C-WEU-ITA,Zone_4C Mixed Marine,rur,perm,mfh,2070,0.656
C-WEU-ITA,Zone_4C Mixed Marine,rur,perm,sfh,2070,0.344
C-WEU-ITA,Zone_4C Mixed Marine,urb,perm,mfh,2070,0.846
C-WEU-ITA,Zone_4C Mixed Marine,urb,perm,sfh,2070,0.15400000000000003
C-WEU-ITA,Zone_7A Very cold Humid,rur,perm,mfh,2070,0.8
C-WEU-ITA,Zone_7A Very cold Humid,rur,perm,sfh,2070,0.19999999999999996
C-WEU-ITA,Zone_7A Very cold Humid,urb,perm,mfh,2070,0.8
C-WEU-ITA,Zone_7A Very cold Humid,urb,perm,sfh,2070,0.19999999999999996
C-WEU-ITA,Zone_5C Cool Marine,urb,perm,mfh,2070,0.693
C-WEU-ITA,Zone_5C Cool Marine,urb,perm,sfh,2070,0.30700000000000005
C-WEU-LUX,Zone_5A Cool Humid,urb,perm,mfh,2070,0.985
C-WEU-LUX,Zone_5A Cool Humid,urb,perm,sfh,2070,0.015000000000000013
C-WEU-MLT,Zone_3A Warm Humid,urb,perm,mfh,2070,0.5
C-WEU-MLT,Zone_3A Warm Humid,urb,perm,sfh,2070,0.5
C-WEU-NLD,Zone_4A Mixed Humid,rur,perm,mfh,2070,0.191
C-WEU-NLD,Zone_4A Mixed Humid,rur,perm,sfh,2070,0.8089999999999999
C-WEU-NLD,Zone_4A Mixed Humid,urb,perm,mfh,2070,0.602
C-WEU-NLD,Zone_4A Mixed Humid,urb,perm,sfh,2070,0.398
C-WEU-NLD,Zone_5A Cool Humid,urb,perm,mfh,2070,0.411
C-WEU-NLD,Zone_5A Cool Humid,urb,perm,sfh,2070,0.589
C-WEU-PRT,Zone_4A Mixed Humid,rur,perm,mfh,2070,0.192
C-WEU-PRT,Zone_4A Mixed Humid,rur,perm,sfh,2070,0.808
C-WEU-PRT,Zone_3A Warm Humid,rur,perm,mfh,2070,0.229
C-WEU-PRT,Zone_3A Warm Humid,rur,perm,sfh,2070,0.771
C-WEU-PRT,Zone_3A Warm Humid,urb,perm,mfh,2070,0.677
C-WEU-PRT,Zone_3A Warm Humid,urb,perm,sfh,2070,0.32299999999999995
C-WEU-PRT,Zone_4C Mixed Marine,rur,perm,mfh,2070,0.127
C-WEU-PRT,Zone_4C Mixed Marine,rur,perm,sfh,2070,0.873
C-WEU-PRT,Zone_4C Mixed Marine,urb,perm,mfh,2070,0.335
C-WEU-PRT,Zone_4C Mixed Marine,urb,perm,sfh,2070,0.665
C-WEU-PRT,Zone_3C Warm Marine,rur,perm,mfh,2070,0.195
C-WEU-PRT,Zone_3C Warm Marine,rur,perm,sfh,2070,0.8049999999999999
C-WEU-PRT,Zone_3C Warm Marine,urb,perm,mfh,2070,0.405
C-WEU-PRT,Zone_3C Warm Marine,urb,perm,sfh,2070,0.595
C-WEU-SWE,Zone_5A Cool Humid,rur,perm,mfh,2070,0.107
C-WEU-SWE,Zone_5A Cool Humid,rur,perm,sfh,2070,0.893
C-WEU-SWE,Zone_5A Cool Humid,urb,perm,mfh,2070,0.303
C-WEU-SWE,Zone_5A Cool Humid,urb,perm,sfh,2070,0.6970000000000001
C-WEU-SWE,Zone_6A Cold Humid,rur,perm,mfh,2070,0.161
C-WEU-SWE,Zone_6A Cold Humid,rur,perm,sfh,2070,0.839
C-WEU-SWE,Zone_6A Cold Humid,urb,perm,mfh,2070,0.328
C-WEU-SWE,Zone_6A Cold Humid,urb,perm,sfh,2070,0.6719999999999999
C-WEU-SWE,Zone_7A Very cold Humid,rur,perm,mfh,2070,0.123
C-WEU-SWE,Zone_7A Very cold Humid,rur,perm,sfh,2070,0.877
C-WEU-SWE,Zone_7A Very cold Humid,urb,perm,mfh,2070,0.187
C-WEU-SWE,Zone_7A Very cold Humid,urb,perm,sfh,2070,0.813
C-WEU-SWE,Zone_8A Subarctic/arctic Humid,urb,perm,mfh,2070,0.226
C-WEU-SWE,Zone_8A Subarctic/arctic Humid,urb,perm,sfh,2070,0.774
C-EEU-BGR,Zone_4A Mixed Humid,rur,perm,mfh,2075,0.279
C-EEU-BGR,Zone_4A Mixed Humid,rur,perm,sfh,2075,0.721
C-EEU-BGR,Zone_4A Mixed Humid,urb,perm,mfh,2075,0.466
C-EEU-BGR,Zone_4A Mixed Humid,urb,perm,sfh,2075,0.534
C-EEU-BGR,Zone_5A Cool Humid,rur,perm,mfh,2075,0.648
C-EEU-BGR,Zone_5A Cool Humid,rur,perm,sfh,2075,0.352
C-EEU-BGR,Zone_5A Cool Humid,urb,perm,mfh,2075,0.525
C-EEU-BGR,Zone_5A Cool Humid,urb,perm,sfh,2075,0.475
C-EEU-CZE,Zone_5A Cool Humid,rur,perm,mfh,2075,0.517
C-EEU-CZE,Zone_5A Cool Humid,rur,perm,sfh,2075,0.483
C-EEU-CZE,Zone_5A Cool Humid,urb,perm,mfh,2075,0.647
C-EEU-CZE,Zone_5A Cool Humid,urb,perm,sfh,2075,0.353
C-EEU-EST,Zone_6A Cold Humid,rur,perm,mfh,2075,0.56
C-EEU-EST,Zone_6A Cold Humid,rur,perm,sfh,2075,0.43999999999999995
C-EEU-EST,Zone_6A Cold Humid,urb,perm,mfh,2075,0.755
C-EEU-EST,Zone_6A Cold Humid,urb,perm,sfh,2075,0.245
C-EEU-HRV,Zone_4A Mixed Humid,rur,perm,mfh,2075,0.276
C-EEU-HRV,Zone_4A Mixed Humid,rur,perm,sfh,2075,0.724
C-EEU-HRV,Zone_4A Mixed Humid,urb,perm,mfh,2075,0.617
C-EEU-HRV,Zone_4A Mixed Humid,urb,perm,sfh,2075,0.383
C-EEU-HRV,Zone_5A Cool Humid,rur,perm,mfh,2075,0.488
C-EEU-HRV,Zone_5A Cool Humid,rur,perm,sfh,2075,0.512
C-EEU-HRV,Zone_3A Warm Humid,rur,perm,mfh,2075,0.613
C-EEU-HRV,Zone_3A Warm Humid,rur,perm,sfh,2075,0.387
C-EEU-HRV,Zone_4C Mixed Marine,rur,perm,mfh,2075,0.652
C-EEU-HRV,Zone_4C Mixed Marine,rur,perm,sfh,2075,0.348
C-EEU-HUN,Zone_4A Mixed Humid,rur,perm,mfh,2075,0.428
C-EEU-HUN,Zone_4A Mixed Humid,rur,perm,sfh,2075,0.5720000000000001
C-EEU-HUN,Zone_4A Mixed Humid,urb,perm,mfh,2075,0.65
C-EEU-HUN,Zone_4A Mixed Humid,urb,perm,sfh,2075,0.35
C-EEU-HUN,Zone_5A Cool Humid,rur,perm,mfh,2075,0.315
C-EEU-HUN,Zone_5A Cool Humid,rur,perm,sfh,2075,0.685
C-EEU-HUN,Zone_5A Cool Humid,urb,perm,mfh,2075,0.419
C-EEU-HUN,Zone_5A Cool Humid,urb,perm,sfh,2075,0.581
C-EEU-LTU,Zone_5A Cool Humid,rur,perm,mfh,2075,0.524
C-EEU-LTU,Zone_5A Cool Humid,rur,perm,sfh,2075,0.476
C-EEU-LTU,Zone_5A Cool Humid,urb,perm,mfh,2075,0.815
C-EEU-LTU,Zone_5A Cool Humid,urb,perm,sfh,2075,0.18500000000000005
C-EEU-LTU,Zone_6A Cold Humid,rur,perm,mfh,2075,0.5
C-EEU-LTU,Zone_6A Cold Humid,rur,perm,sfh,2075,0.5
C-EEU-LTU,Zone_6A Cold Humid,urb,perm,mfh,2075,0.573
C-EEU-LTU,Zone_6A Cold Humid,urb,perm,sfh,2075,0.42700000000000005
C-EEU-LVA,Zone_6A Cold Humid,rur,perm,mfh,2075,0.519
C-EEU-LVA,Zone_6A Cold Humid,rur,perm,sfh,2075,0.481
C-EEU-LVA,Zone_6A Cold Humid,urb,perm,mfh,2075,0.709
C-EEU-LVA,Zone_6A Cold Humid,urb,perm,sfh,2075,0.29100000000000004
C-EEU-POL,Zone_5A Cool Humid,rur,perm,mfh,2075,0.484
C-EEU-POL,Zone_5A Cool Humid,rur,perm,sfh,2075,0.516
C-EEU-POL,Zone_5A Cool Humid,urb,perm,mfh,2075,0.799
C-EEU-POL,Zone_5A Cool Humid,urb,perm,sfh,2075,0.20099999999999996
C-EEU-POL,Zone_6A Cold Humid,rur,perm,mfh,2075,0.406
C-EEU-POL,Zone_6A Cold Humid,rur,perm,sfh,2075,0.594
C-EEU-POL,Zone_6A Cold Humid,urb,perm,mfh,2075,0.579
C-EEU-POL,Zone_6A Cold Humid,urb,perm,sfh,2075,0.42100000000000004
C-EEU-ROU,Zone_4A Mixed Humid,rur,perm,mfh,2075,0.331
C-EEU-ROU,Zone_4A Mixed Humid,rur,perm,sfh,2075,0.669
C-EEU-ROU,Zone_4A Mixed Humid,urb,perm,mfh,2075,0.635
C-EEU-ROU,Zone_4A Mixed Humid,urb,perm,sfh,2075,0.365
C-EEU-ROU,Zone_5A Cool Humid,rur,perm,mfh,2075,0.326
C-EEU-ROU,Zone_5A Cool Humid,rur,perm,sfh,2075,0.6739999999999999
C-EEU-ROU,Zone_5A Cool Humid,urb,perm,mfh,2075,0.474
C-EEU-ROU,Zone_5A Cool Humid,urb,perm,sfh,2075,0.526
C-EEU-ROU,Zone_6A Cold Humid,rur,perm,mfh,2075,0.414
C-EEU-ROU,Zone_6A Cold Humid,rur,perm,sfh,2075,0.5860000000000001
C-EEU-SVK,Zone_5A Cool Humid,rur,perm,mfh,2075,0.385
C-EEU-SVK,Zone_5A Cool Humid,rur,perm,sfh,2075,0.615
C-EEU-SVK,Zone_5A Cool Humid,urb,perm,mfh,2075,0.567
C-EEU-SVK,Zone_5A Cool Humid,urb,perm,sfh,2075,0.43300000000000005
C-EEU-SVK,Zone_6A Cold Humid,rur,perm,mfh,2075,0.412
C-EEU-SVK,Zone_6A Cold Humid,rur,perm,sfh,2075,0.5880000000000001
C-EEU-SVK,Zone_6A Cold Humid,urb,perm,mfh,2075,0.386
C-EEU-SVK,Zone_6A Cold Humid,urb,perm,sfh,2075,0.614
C-EEU-SVN,Zone_4A Mixed Humid,rur,perm,mfh,2075,0.366
C-EEU-SVN,Zone_4A Mixed Humid,rur,perm,sfh,2075,0.634
C-EEU-SVN,Zone_4A Mixed Humid,urb,perm,mfh,2075,0.601
C-EEU-SVN,Zone_4A Mixed Humid,urb,perm,sfh,2075,0.399
C-EEU-SVN,Zone_5A Cool Humid,rur,perm,mfh,2075,0.328
C-EEU-SVN,Zone_5A Cool Humid,rur,perm,sfh,2075,0.6719999999999999
C-EEU-SVN,Zone_5A Cool Humid,urb,perm,mfh,2075,0.629
C-EEU-SVN,Zone_5A Cool Humid,urb,perm,sfh,2075,0.371
C-EEU-SVN,Zone_7A Very cold Humid,rur,perm,mfh,2075,0.397
C-EEU-SVN,Zone_7A Very cold Humid,rur,perm,sfh,2075,0.603
C-WEU-AUT,Zone_4A Mixed Humid,rur,perm,mfh,2075,0.472
C-WEU-AUT,Zone_4A Mixed Humid,rur,perm,sfh,2075,0.528
C-WEU-AUT,Zone_4A Mixed Humid,urb,perm,mfh,2075,0.798
C-WEU-AUT,Zone_4A Mixed Humid,urb,perm,sfh,2075,0.20199999999999996
C-WEU-AUT,Zone_5A Cool Humid,rur,perm,mfh,2075,0.57
C-WEU-AUT,Zone_5A Cool Humid,rur,perm,sfh,2075,0.43000000000000005
C-WEU-AUT,Zone_5A Cool Humid,urb,perm,mfh,2075,0.621
C-WEU-AUT,Zone_5A Cool Humid,urb,perm,sfh,2075,0.379
C-WEU-AUT,Zone_6A Cold Humid,rur,perm,mfh,2075,0.717
C-WEU-AUT,Zone_6A Cold Humid,rur,perm,sfh,2075,0.28300000000000003
C-WEU-AUT,Zone_6A Cold Humid,urb,perm,mfh,2075,0.807
C-WEU-AUT,Zone_6A Cold Humid,urb,perm,sfh,2075,0.19299999999999995
C-WEU-AUT,Zone_7A Very cold Humid,rur,perm,mfh,2075,0.775
C-WEU-AUT,Zone_7A Very cold Humid,rur,perm,sfh,2075,0.22499999999999998
C-WEU-AUT,Zone_7A Very cold Humid,urb,perm,mfh,2075,0.889
C-WEU-AUT,Zone_7A Very cold Humid,urb,perm,sfh,2075,0.11099999999999999
C-WEU-BEL,Zone_4A Mixed Humid,rur,perm,mfh,2075,0.284
C-WEU-BEL,Zone_4A Mixed Humid,rur,perm,sfh,2075,0.716
C-WEU-BEL,Zone_4A Mixed Humid,urb,perm,mfh,2075,0.662
C-WEU-BEL,Zone_4A Mixed Humid,urb,perm,sfh,2075,0.33799999999999997
C-WEU-BEL,Zone_5A Cool Humid,rur,perm,mfh,2075,0.268
C-WEU-BEL,Zone_5A Cool Humid,rur,perm,sfh,2075,0.732
C-WEU-BEL,Zone_5A Cool Humid,urb,perm,mfh,2075,0.492
C-WEU-BEL,Zone_5A Cool Humid,urb,perm,sfh,2075,0.508
C-WEU-CYP,Zone_3A Warm Humid,urb,perm,mfh,2075,0.523
C-WEU-CYP,Zone_3A Warm Humid,urb,perm,sfh,2075,0.477
C-WEU-DEU,Zone_4A Mixed Humid,rur,perm,mfh,2075,0.601
C-WEU-DEU,Zone_4A Mixed Humid,rur,perm,sfh,2075,0.399
C-WEU-DEU,Zone_4A Mixed Humid,urb,perm,mfh,2075,0.842
C-WEU-DEU,Zone_4A Mixed Humid,urb,perm,sfh,2075,0.15800000000000003
C-WEU-DEU,Zone_5A Cool Humid,rur,perm,mfh,2075,0.731
C-WEU-DEU,Zone_5A Cool Humid,rur,perm,sfh,2075,0.269
C-WEU-DEU,Zone_5A Cool Humid,urb,perm,mfh,2075,0.825
C-WEU-DEU,Zone_5A Cool Humid,urb,perm,sfh,2075,0.17500000000000004
C-WEU-DEU,Zone_6A Cold Humid,rur,perm,mfh,2075,0.779
C-WEU-DEU,Zone_6A Cold Humid,rur,perm,sfh,2075,0.22099999999999997
C-WEU-DEU,Zone_6A Cold Humid,urb,perm,mfh,2075,0.855
C-WEU-DEU,Zone_6A Cold Humid,urb,perm,sfh,2075,0.14500000000000002
C-WEU-DNK,Zone_5A Cool Humid,rur,perm,mfh,2075,0.812
C-WEU-DNK,Zone_5A Cool Humid,rur,perm,sfh,2075,0.18799999999999994
C-WEU-DNK,Zone_5A Cool Humid,urb,perm,mfh,2075,0.81
C-WEU-DNK,Zone_5A Cool Humid,urb,perm,sfh,2075,0.18999999999999995
C-WEU-ESP,Zone_4A Mixed Humid,rur,perm,mfh,2075,0.281
C-WEU-ESP,Zone_4A Mixed Humid,rur,perm,sfh,2075,0.719
C-WEU-ESP,Zone_4A Mixed Humid,urb,perm,mfh,2075,0.567
C-WEU-ESP,Zone_4A Mixed Humid,urb,perm,sfh,2075,0.43300000000000005
C-WEU-ESP,Zone_3A Warm Humid,rur,perm,mfh,2075,0.273
C-WEU-ESP,Zone_3A Warm Humid,rur,perm,sfh,2075,0.727
C-WEU-ESP,Zone_3A Warm Humid,urb,perm,mfh,2075,0.63
C-WEU-ESP,Zone_3A Warm Humid,urb,perm,sfh,2075,0.37
C-WEU-ESP,Zone_4C Mixed Marine,rur,perm,mfh,2075,0.355
C-WEU-ESP,Zone_4C Mixed Marine,rur,perm,sfh,2075,0.645
C-WEU-ESP,Zone_4C Mixed Marine,urb,perm,mfh,2075,0.499
C-WEU-ESP,Zone_4C Mixed Marine,urb,perm,sfh,2075,0.501
C-WEU-ESP,Zone_2B Hot Dry,urb,perm,mfh,2075,0.7
C-WEU-ESP,Zone_2B Hot Dry,urb,perm,sfh,2075,0.30000000000000004
C-WEU-ESP,Zone_3B Warm Dry,rur,perm,mfh,2075,0.423
C-WEU-ESP,Zone_3B Warm Dry,rur,perm,sfh,2075,0.577
C-WEU-ESP,Zone_3B Warm Dry,urb,perm,mfh,2075,0.623
C-WEU-ESP,Zone_3B Warm Dry,urb,perm,sfh,2075,0.377
C-WEU-ESP,Zone_3C Warm Marine,urb,perm,mfh,2075,0.644
C-WEU-ESP,Zone_3C Warm Marine,urb,perm,sfh,2075,0.356
C-WEU-FIN,Zone_6A Cold Humid,rur,perm,mfh,2075,0.724
C-WEU-FIN,Zone_6A Cold Humid,rur,perm,sfh,2075,0.276
C-WEU-FIN,Zone_6A Cold Humid,urb,perm,mfh,2075,0.82
C-WEU-FIN,Zone_6A Cold Humid,urb,perm,sfh,2075,0.18000000000000005
C-WEU-FIN,Zone_7A Very cold Humid,rur,perm,mfh,2075,0.682
C-WEU-FIN,Zone_7A Very cold Humid,rur,perm,sfh,2075,0.31799999999999995
C-WEU-FIN,Zone_7A Very cold Humid,urb,perm,mfh,2075,0.746
C-WEU-FIN,Zone_7A Very cold Humid,urb,perm,sfh,2075,0.254
C-WEU-FRA,Zone_4A Mixed Humid,rur,perm,mfh,2075,0.317
C-WEU-FRA,Zone_4A Mixed Humid,rur,perm,sfh,2075,0.683
C-WEU-FRA,Zone_4A Mixed Humid,urb,perm,mfh,2075,0.638
C-WEU-FRA,Zone_4A Mixed Humid,urb,perm,sfh,2075,0.362
C-WEU-FRA,Zone_5A Cool Humid,rur,perm,mfh,2075,0.313
C-WEU-FRA,Zone_5A Cool Humid,rur,perm,sfh,2075,0.687
C-WEU-FRA,Zone_5A Cool Humid,urb,perm,mfh,2075,0.681
C-WEU-FRA,Zone_5A Cool Humid,urb,perm,sfh,2075,0.31899999999999995
C-WEU-FRA,Zone_3A Warm Humid,rur,perm,mfh,2075,0.354
C-WEU-FRA,Zone_3A Warm Humid,rur,perm,sfh,2075,0.646
C-WEU-FRA,Zone_3A Warm Humid,urb,perm,mfh,2075,0.626
C-WEU-FRA,Zone_3A Warm Humid,urb,perm,sfh,2075,0.374
C-WEU-FRA,Zone_4C Mixed Marine,rur,perm,mfh,2075,0.56
C-WEU-FRA,Zone_4C Mixed Marine,rur,perm,sfh,2075,0.43999999999999995
C-WEU-FRA,Zone_7A Very cold Humid,urb,perm,mfh,2075,0.79
C-WEU-FRA,Zone_7A Very cold Humid,urb,perm,sfh,2075,0.20999999999999996
C-WEU-FRA,Zone_3C Warm Marine,urb,perm,mfh,2075,0.859
C-WEU-FRA,Zone_3C Warm Marine,urb,perm,sfh,2075,0.14100000000000001
C-WEU-FRA,Zone_1A Very hot Humid,urb,perm,mfh,2075,0.471
C-WEU-FRA,Zone_1A Very hot Humid,urb,perm,sfh,2075,0.529
C-WEU-FRA,Zone_2A Hot Humid,urb,perm,mfh,2075,0.4
C-WEU-FRA,Zone_2A Hot Humid,urb,perm,sfh,2075,0.6
C-WEU-GRC,Zone_4A Mixed Humid,rur,perm,mfh,2075,0.379
C-WEU-GRC,Zone_4A Mixed Humid,rur,perm,sfh,2075,0.621
C-WEU-GRC,Zone_4A Mixed Humid,urb,perm,mfh,2075,0.591
C-WEU-GRC,Zone_4A Mixed Humid,urb,perm,sfh,2075,0.40900000000000003
C-WEU-GRC,Zone_5A Cool Humid,rur,perm,mfh,2075,0.411
C-WEU-GRC,Zone_5A Cool Humid,rur,perm,sfh,2075,0.589
C-WEU-GRC,Zone_5A Cool Humid,urb,perm,mfh,2075,0.54
C-WEU-GRC,Zone_5A Cool Humid,urb,perm,sfh,2075,0.45999999999999996
C-WEU-GRC,Zone_3A Warm Humid,rur,perm,mfh,2075,0.455
C-WEU-GRC,Zone_3A Warm Humid,rur,perm,sfh,2075,0.5449999999999999
C-WEU-GRC,Zone_3A Warm Humid,urb,perm,mfh,2075,0.663
C-WEU-GRC,Zone_3A Warm Humid,urb,perm,sfh,2075,0.33699999999999997
C-WEU-GRC,Zone_4C Mixed Marine,urb,perm,mfh,2075,0.49
C-WEU-GRC,Zone_4C Mixed Marine,urb,perm,sfh,2075,0.51
C-WEU-GRC,Zone_5C Cool Marine,urb,perm,mfh,2075,0.564
C-WEU-GRC,Zone_5C Cool Marine,urb,perm,sfh,2075,0.43600000000000005
C-WEU-IRL,Zone_4A Mixed Humid,rur,perm,mfh,2075,0.146
C-WEU-IRL,Zone_4A Mixed Humid,rur,perm,sfh,2075,0.854
C-WEU-IRL,Zone_5A Cool Humid,rur,perm,mfh,2075,0.152
C-WEU-IRL,Zone_5A Cool Humid,rur,perm,sfh,2075,0.848
C-WEU-IRL,Zone_5A Cool Humid,urb,perm,mfh,2075,0.376
C-WEU-IRL,Zone_5A Cool Humid,urb,perm,sfh,2075,0.624
C-WEU-ITA,Zone_4A Mixed Humid,rur,perm,mfh,2075,0.695
C-WEU-ITA,Zone_4A Mixed Humid,rur,perm,sfh,2075,0.30500000000000005
C-WEU-ITA,Zone_4A Mixed Humid,urb,perm,mfh,2075,0.812
C-WEU-ITA,Zone_4A Mixed Humid,urb,perm,sfh,2075,0.18799999999999994
C-WEU-ITA,Zone_5A Cool Humid,urb,perm,mfh,2075,0.792
C-WEU-ITA,Zone_5A Cool Humid,urb,perm,sfh,2075,0.20799999999999996
C-WEU-ITA,Zone_6A Cold Humid,urb,perm,mfh,2075,0.839
C-WEU-ITA,Zone_6A Cold Humid,urb,perm,sfh,2075,0.16100000000000003
C-WEU-ITA,Zone_3A Warm Humid,rur,perm,mfh,2075,0.684
C-WEU-ITA,Zone_3A Warm Humid,rur,perm,sfh,2075,0.31599999999999995
C-WEU-ITA,Zone_3A Warm Humid,urb,perm,mfh,2075,0.771
C-WEU-ITA,Zone_3A Warm Humid,urb,perm,sfh,2075,0.22899999999999998
C-WEU-ITA,Zone_4C Mixed Marine,rur,perm,mfh,2075,0.656
C-WEU-ITA,Zone_4C Mixed Marine,rur,perm,sfh,2075,0.344
C-WEU-ITA,Zone_4C Mixed Marine,urb,perm,mfh,2075,0.846
C-WEU-ITA,Zone_4C Mixed Marine,urb,perm,sfh,2075,0.15400000000000003
C-WEU-ITA,Zone_7A Very cold Humid,rur,perm,mfh,2075,0.8
C-WEU-ITA,Zone_7A Very cold Humid,rur,perm,sfh,2075,0.19999999999999996
C-WEU-ITA,Zone_7A Very cold Humid,urb,perm,mfh,2075,0.8
C-WEU-ITA,Zone_7A Very cold Humid,urb,perm,sfh,2075,0.19999999999999996
C-WEU-ITA,Zone_5C Cool Marine,urb,perm,mfh,2075,0.693
C-WEU-ITA,Zone_5C Cool Marine,urb,perm,sfh,2075,0.30700000000000005
C-WEU-LUX,Zone_5A Cool Humid,urb,perm,mfh,2075,0.985
C-WEU-LUX,Zone_5A Cool Humid,urb,perm,sfh,2075,0.015000000000000013
C-WEU-MLT,Zone_3A Warm Humid,urb,perm,mfh,2075,0.5
C-WEU-MLT,Zone_3A Warm Humid,urb,perm,sfh,2075,0.5
C-WEU-NLD,Zone_4A Mixed Humid,rur,perm,mfh,2075,0.191
C-WEU-NLD,Zone_4A Mixed Humid,rur,perm,sfh,2075,0.8089999999999999
C-WEU-NLD,Zone_4A Mixed Humid,urb,perm,mfh,2075,0.602
C-WEU-NLD,Zone_4A Mixed Humid,urb,perm,sfh,2075,0.398
C-WEU-NLD,Zone_5A Cool Humid,urb,perm,mfh,2075,0.411
C-WEU-NLD,Zone_5A Cool Humid,urb,perm,sfh,2075,0.589
C-WEU-PRT,Zone_4A Mixed Humid,rur,perm,mfh,2075,0.192
C-WEU-PRT,Zone_4A Mixed Humid,rur,perm,sfh,2075,0.808
C-WEU-PRT,Zone_3A Warm Humid,rur,perm,mfh,2075,0.229
C-WEU-PRT,Zone_3A Warm Humid,rur,perm,sfh,2075,0.771
C-WEU-PRT,Zone_3A Warm Humid,urb,perm,mfh,2075,0.677
C-WEU-PRT,Zone_3A Warm Humid,urb,perm,sfh,2075,0.32299999999999995
C-WEU-PRT,Zone_4C Mixed Marine,rur,perm,mfh,2075,0.127
C-WEU-PRT,Zone_4C Mixed Marine,rur,perm,sfh,2075,0.873
C-WEU-PRT,Zone_4C Mixed Marine,urb,perm,mfh,2075,0.335
C-WEU-PRT,Zone_4C Mixed Marine,urb,perm,sfh,2075,0.665
C-WEU-PRT,Zone_3C Warm Marine,rur,perm,mfh,2075,0.195
C-WEU-PRT,Zone_3C Warm Marine,rur,perm,sfh,2075,0.8049999999999999
C-WEU-PRT,Zone_3C Warm Marine,urb,perm,mfh,2075,0.405
C-WEU-PRT,Zone_3C Warm Marine,urb,perm,sfh,2075,0.595
C-WEU-SWE,Zone_5A Cool Humid,rur,perm,mfh,2075,0.107
C-WEU-SWE,Zone_5A Cool Humid,rur,perm,sfh,2075,0.893
C-WEU-SWE,Zone_5A Cool Humid,urb,perm,mfh,2075,0.303
C-WEU-SWE,Zone_5A Cool Humid,urb,perm,sfh,2075,0.6970000000000001
C-WEU-SWE,Zone_6A Cold Humid,rur,perm,mfh,2075,0.161
C-WEU-SWE,Zone_6A Cold Humid,rur,perm,sfh,2075,0.839
C-WEU-SWE,Zone_6A Cold Humid,urb,perm,mfh,2075,0.328
C-WEU-SWE,Zone_6A Cold Humid,urb,perm,sfh,2075,0.6719999999999999
C-WEU-SWE,Zone_7A Very cold Humid,rur,perm,mfh,2075,0.123
C-WEU-SWE,Zone_7A Very cold Humid,rur,perm,sfh,2075,0.877
C-WEU-SWE,Zone_7A Very cold Humid,urb,perm,mfh,2075,0.187
C-WEU-SWE,Zone_7A Very cold Humid,urb,perm,sfh,2075,0.813
C-WEU-SWE,Zone_8A Subarctic/arctic Humid,urb,perm,mfh,2075,0.226
C-WEU-SWE,Zone_8A Subarctic/arctic Humid,urb,perm,sfh,2075,0.774
C-EEU-BGR,Zone_4A Mixed Humid,rur,perm,mfh,2080,0.279
C-EEU-BGR,Zone_4A Mixed Humid,rur,perm,sfh,2080,0.721
C-EEU-BGR,Zone_4A Mixed Humid,urb,perm,mfh,2080,0.466
C-EEU-BGR,Zone_4A Mixed Humid,urb,perm,sfh,2080,0.534
C-EEU-BGR,Zone_5A Cool Humid,rur,perm,mfh,2080,0.648
C-EEU-BGR,Zone_5A Cool Humid,rur,perm,sfh,2080,0.352
C-EEU-BGR,Zone_5A Cool Humid,urb,perm,mfh,2080,0.525
C-EEU-BGR,Zone_5A Cool Humid,urb,perm,sfh,2080,0.475
C-EEU-CZE,Zone_5A Cool Humid,rur,perm,mfh,2080,0.517
C-EEU-CZE,Zone_5A Cool Humid,rur,perm,sfh,2080,0.483
C-EEU-CZE,Zone_5A Cool Humid,urb,perm,mfh,2080,0.647
C-EEU-CZE,Zone_5A Cool Humid,urb,perm,sfh,2080,0.353
C-EEU-EST,Zone_6A Cold Humid,rur,perm,mfh,2080,0.56
C-EEU-EST,Zone_6A Cold Humid,rur,perm,sfh,2080,0.43999999999999995
C-EEU-EST,Zone_6A Cold Humid,urb,perm,mfh,2080,0.755
C-EEU-EST,Zone_6A Cold Humid,urb,perm,sfh,2080,0.245
C-EEU-HRV,Zone_4A Mixed Humid,rur,perm,mfh,2080,0.276
C-EEU-HRV,Zone_4A Mixed Humid,rur,perm,sfh,2080,0.724
C-EEU-HRV,Zone_4A Mixed Humid,urb,perm,mfh,2080,0.617
C-EEU-HRV,Zone_4A Mixed Humid,urb,perm,sfh,2080,0.383
C-EEU-HRV,Zone_5A Cool Humid,rur,perm,mfh,2080,0.488
C-EEU-HRV,Zone_5A Cool Humid,rur,perm,sfh,2080,0.512
C-EEU-HRV,Zone_3A Warm Humid,rur,perm,mfh,2080,0.613
C-EEU-HRV,Zone_3A Warm Humid,rur,perm,sfh,2080,0.387
C-EEU-HRV,Zone_4C Mixed Marine,rur,perm,mfh,2080,0.652
C-EEU-HRV,Zone_4C Mixed Marine,rur,perm,sfh,2080,0.348
C-EEU-HUN,Zone_4A Mixed Humid,rur,perm,mfh,2080,0.428
C-EEU-HUN,Zone_4A Mixed Humid,rur,perm,sfh,2080,0.5720000000000001
C-EEU-HUN,Zone_4A Mixed Humid,urb,perm,mfh,2080,0.65
C-EEU-HUN,Zone_4A Mixed Humid,urb,perm,sfh,2080,0.35
C-EEU-HUN,Zone_5A Cool Humid,rur,perm,mfh,2080,0.315
C-EEU-HUN,Zone_5A Cool Humid,rur,perm,sfh,2080,0.685
C-EEU-HUN,Zone_5A Cool Humid,urb,perm,mfh,2080,0.419
C-EEU-HUN,Zone_5A Cool Humid,urb,perm,sfh,2080,0.581
C-EEU-LTU,Zone_5A Cool Humid,rur,perm,mfh,2080,0.524
C-EEU-LTU,Zone_5A Cool Humid,rur,perm,sfh,2080,0.476
C-EEU-LTU,Zone_5A Cool Humid,urb,perm,mfh,2080,0.815
C-EEU-LTU,Zone_5A Cool Humid,urb,perm,sfh,2080,0.18500000000000005
C-EEU-LTU,Zone_6A Cold Humid,rur,perm,mfh,2080,0.5
C-EEU-LTU,Zone_6A Cold Humid,rur,perm,sfh,2080,0.5
C-EEU-LTU,Zone_6A Cold Humid,urb,perm,mfh,2080,0.573
C-EEU-LTU,Zone_6A Cold Humid,urb,perm,sfh,2080,0.42700000000000005
C-EEU-LVA,Zone_6A Cold Humid,rur,perm,mfh,2080,0.519
C-EEU-LVA,Zone_6A Cold Humid,rur,perm,sfh,2080,0.481
C-EEU-LVA,Zone_6A Cold Humid,urb,perm,mfh,2080,0.709
C-EEU-LVA,Zone_6A Cold Humid,urb,perm,sfh,2080,0.29100000000000004
C-EEU-POL,Zone_5A Cool Humid,rur,perm,mfh,2080,0.484
C-EEU-POL,Zone_5A Cool Humid,rur,perm,sfh,2080,0.516
C-EEU-POL,Zone_5A Cool Humid,urb,perm,mfh,2080,0.799
C-EEU-POL,Zone_5A Cool Humid,urb,perm,sfh,2080,0.20099999999999996
C-EEU-POL,Zone_6A Cold Humid,rur,perm,mfh,2080,0.406
C-EEU-POL,Zone_6A Cold Humid,rur,perm,sfh,2080,0.594
C-EEU-POL,Zone_6A Cold Humid,urb,perm,mfh,2080,0.579
C-EEU-POL,Zone_6A Cold Humid,urb,perm,sfh,2080,0.42100000000000004
C-EEU-ROU,Zone_4A Mixed Humid,rur,perm,mfh,2080,0.331
C-EEU-ROU,Zone_4A Mixed Humid,rur,perm,sfh,2080,0.669
C-EEU-ROU,Zone_4A Mixed Humid,urb,perm,mfh,2080,0.635
C-EEU-ROU,Zone_4A Mixed Humid,urb,perm,sfh,2080,0.365
C-EEU-ROU,Zone_5A Cool Humid,rur,perm,mfh,2080,0.326
C-EEU-ROU,Zone_5A Cool Humid,rur,perm,sfh,2080,0.6739999999999999
C-EEU-ROU,Zone_5A Cool Humid,urb,perm,mfh,2080,0.474
C-EEU-ROU,Zone_5A Cool Humid,urb,perm,sfh,2080,0.526
C-EEU-ROU,Zone_6A Cold Humid,rur,perm,mfh,2080,0.414
C-EEU-ROU,Zone_6A Cold Humid,rur,perm,sfh,2080,0.5860000000000001
C-EEU-SVK,Zone_5A Cool Humid,rur,perm,mfh,2080,0.385
C-EEU-SVK,Zone_5A Cool Humid,rur,perm,sfh,2080,0.615
C-EEU-SVK,Zone_5A Cool Humid,urb,perm,mfh,2080,0.567
C-EEU-SVK,Zone_5A Cool Humid,urb,perm,sfh,2080,0.43300000000000005
C-EEU-SVK,Zone_6A Cold Humid,rur,perm,mfh,2080,0.412
C-EEU-SVK,Zone_6A Cold Humid,rur,perm,sfh,2080,0.5880000000000001
C-EEU-SVK,Zone_6A Cold Humid,urb,perm,mfh,2080,0.386
C-EEU-SVK,Zone_6A Cold Humid,urb,perm,sfh,2080,0.614
C-EEU-SVN,Zone_4A Mixed Humid,rur,perm,mfh,2080,0.366
C-EEU-SVN,Zone_4A Mixed Humid,rur,perm,sfh,2080,0.634
C-EEU-SVN,Zone_4A Mixed Humid,urb,perm,mfh,2080,0.601
C-EEU-SVN,Zone_4A Mixed Humid,urb,perm,sfh,2080,0.399
C-EEU-SVN,Zone_5A Cool Humid,rur,perm,mfh,2080,0.328
C-EEU-SVN,Zone_5A Cool Humid,rur,perm,sfh,2080,0.6719999999999999
C-EEU-SVN,Zone_5A Cool Humid,urb,perm,mfh,2080,0.629
C-EEU-SVN,Zone_5A Cool Humid,urb,perm,sfh,2080,0.371
C-EEU-SVN,Zone_7A Very cold Humid,rur,perm,mfh,2080,0.397
C-EEU-SVN,Zone_7A Very cold Humid,rur,perm,sfh,2080,0.603
C-WEU-AUT,Zone_4A Mixed Humid,rur,perm,mfh,2080,0.472
C-WEU-AUT,Zone_4A Mixed Humid,rur,perm,sfh,2080,0.528
C-WEU-AUT,Zone_4A Mixed Humid,urb,perm,mfh,2080,0.798
C-WEU-AUT,Zone_4A Mixed Humid,urb,perm,sfh,2080,0.20199999999999996
C-WEU-AUT,Zone_5A Cool Humid,rur,perm,mfh,2080,0.57
C-WEU-AUT,Zone_5A Cool Humid,rur,perm,sfh,2080,0.43000000000000005
C-WEU-AUT,Zone_5A Cool Humid,urb,perm,mfh,2080,0.621
C-WEU-AUT,Zone_5A Cool Humid,urb,perm,sfh,2080,0.379
C-WEU-AUT,Zone_6A Cold Humid,rur,perm,mfh,2080,0.717
C-WEU-AUT,Zone_6A Cold Humid,rur,perm,sfh,2080,0.28300000000000003
C-WEU-AUT,Zone_6A Cold Humid,urb,perm,mfh,2080,0.807
C-WEU-AUT,Zone_6A Cold Humid,urb,perm,sfh,2080,0.19299999999999995
C-WEU-AUT,Zone_7A Very cold Humid,rur,perm,mfh,2080,0.775
C-WEU-AUT,Zone_7A Very cold Humid,rur,perm,sfh,2080,0.22499999999999998
C-WEU-AUT,Zone_7A Very cold Humid,urb,perm,mfh,2080,0.889
C-WEU-AUT,Zone_7A Very cold Humid,urb,perm,sfh,2080,0.11099999999999999
C-WEU-BEL,Zone_4A Mixed Humid,rur,perm,mfh,2080,0.284
C-WEU-BEL,Zone_4A Mixed Humid,rur,perm,sfh,2080,0.716
C-WEU-BEL,Zone_4A Mixed Humid,urb,perm,mfh,2080,0.662
C-WEU-BEL,Zone_4A Mixed Humid,urb,perm,sfh,2080,0.33799999999999997
C-WEU-BEL,Zone_5A Cool Humid,rur,perm,mfh,2080,0.268
C-WEU-BEL,Zone_5A Cool Humid,rur,perm,sfh,2080,0.732
C-WEU-BEL,Zone_5A Cool Humid,urb,perm,mfh,2080,0.492
C-WEU-BEL,Zone_5A Cool Humid,urb,perm,sfh,2080,0.508
C-WEU-CYP,Zone_3A Warm Humid,urb,perm,mfh,2080,0.523
C-WEU-CYP,Zone_3A Warm Humid,urb,perm,sfh,2080,0.477
C-WEU-DEU,Zone_4A Mixed Humid,rur,perm,mfh,2080,0.601
C-WEU-DEU,Zone_4A Mixed Humid,rur,perm,sfh,2080,0.399
C-WEU-DEU,Zone_4A Mixed Humid,urb,perm,mfh,2080,0.842
C-WEU-DEU,Zone_4A Mixed Humid,urb,perm,sfh,2080,0.15800000000000003
C-WEU-DEU,Zone_5A Cool Humid,rur,perm,mfh,2080,0.731
C-WEU-DEU,Zone_5A Cool Humid,rur,perm,sfh,2080,0.269
C-WEU-DEU,Zone_5A Cool Humid,urb,perm,mfh,2080,0.825
C-WEU-DEU,Zone_5A Cool Humid,urb,perm,sfh,2080,0.17500000000000004
C-WEU-DEU,Zone_6A Cold Humid,rur,perm,mfh,2080,0.779
C-WEU-DEU,Zone_6A Cold Humid,rur,perm,sfh,2080,0.22099999999999997
C-WEU-DEU,Zone_6A Cold Humid,urb,perm,mfh,2080,0.855
C-WEU-DEU,Zone_6A Cold Humid,urb,perm,sfh,2080,0.14500000000000002
C-WEU-DNK,Zone_5A Cool Humid,rur,perm,mfh,2080,0.812
C-WEU-DNK,Zone_5A Cool Humid,rur,perm,sfh,2080,0.18799999999999994
C-WEU-DNK,Zone_5A Cool Humid,urb,perm,mfh,2080,0.81
C-WEU-DNK,Zone_5A Cool Humid,urb,perm,sfh,2080,0.18999999999999995
C-WEU-ESP,Zone_4A Mixed Humid,rur,perm,mfh,2080,0.281
C-WEU-ESP,Zone_4A Mixed Humid,rur,perm,sfh,2080,0.719
C-WEU-ESP,Zone_4A Mixed Humid,urb,perm,mfh,2080,0.567
C-WEU-ESP,Zone_4A Mixed Humid,urb,perm,sfh,2080,0.43300000000000005
C-WEU-ESP,Zone_3A Warm Humid,rur,perm,mfh,2080,0.273
C-WEU-ESP,Zone_3A Warm Humid,rur,perm,sfh,2080,0.727
C-WEU-ESP,Zone_3A Warm Humid,urb,perm,mfh,2080,0.63
C-WEU-ESP,Zone_3A Warm Humid,urb,perm,sfh,2080,0.37
C-WEU-ESP,Zone_4C Mixed Marine,rur,perm,mfh,2080,0.355
C-WEU-ESP,Zone_4C Mixed Marine,rur,perm,sfh,2080,0.645
C-WEU-ESP,Zone_4C Mixed Marine,urb,perm,mfh,2080,0.499
C-WEU-ESP,Zone_4C Mixed Marine,urb,perm,sfh,2080,0.501
C-WEU-ESP,Zone_2B Hot Dry,urb,perm,mfh,2080,0.7
C-WEU-ESP,Zone_2B Hot Dry,urb,perm,sfh,2080,0.30000000000000004
C-WEU-ESP,Zone_3B Warm Dry,rur,perm,mfh,2080,0.423
C-WEU-ESP,Zone_3B Warm Dry,rur,perm,sfh,2080,0.577
C-WEU-ESP,Zone_3B Warm Dry,urb,perm,mfh,2080,0.623
C-WEU-ESP,Zone_3B Warm Dry,urb,perm,sfh,2080,0.377
C-WEU-ESP,Zone_3C Warm Marine,urb,perm,mfh,2080,0.644
C-WEU-ESP,Zone_3C Warm Marine,urb,perm,sfh,2080,0.356
C-WEU-FIN,Zone_6A Cold Humid,rur,perm,mfh,2080,0.724
C-WEU-FIN,Zone_6A Cold Humid,rur,perm,sfh,2080,0.276
C-WEU-FIN,Zone_6A Cold Humid,urb,perm,mfh,2080,0.82
C-WEU-FIN,Zone_6A Cold Humid,urb,perm,sfh,2080,0.18000000000000005
C-WEU-FIN,Zone_7A Very cold Humid,rur,perm,mfh,2080,0.682
C-WEU-FIN,Zone_7A Very cold Humid,rur,perm,sfh,2080,0.31799999999999995
C-WEU-FIN,Zone_7A Very cold Humid,urb,perm,mfh,2080,0.746
C-WEU-FIN,Zone_7A Very cold Humid,urb,perm,sfh,2080,0.254
C-WEU-FRA,Zone_4A Mixed Humid,rur,perm,mfh,2080,0.317
C-WEU-FRA,Zone_4A Mixed Humid,rur,perm,sfh,2080,0.683
C-WEU-FRA,Zone_4A Mixed Humid,urb,perm,mfh,2080,0.638
C-WEU-FRA,Zone_4A Mixed Humid,urb,perm,sfh,2080,0.362
C-WEU-FRA,Zone_5A Cool Humid,rur,perm,mfh,2080,0.313
C-WEU-FRA,Zone_5A Cool Humid,rur,perm,sfh,2080,0.687
C-WEU-FRA,Zone_5A Cool Humid,urb,perm,mfh,2080,0.681
C-WEU-FRA,Zone_5A Cool Humid,urb,perm,sfh,2080,0.31899999999999995
C-WEU-FRA,Zone_3A Warm Humid,rur,perm,mfh,2080,0.354
C-WEU-FRA,Zone_3A Warm Humid,rur,perm,sfh,2080,0.646
C-WEU-FRA,Zone_3A Warm Humid,urb,perm,mfh,2080,0.626
C-WEU-FRA,Zone_3A Warm Humid,urb,perm,sfh,2080,0.374
C-WEU-FRA,Zone_4C Mixed Marine,rur,perm,mfh,2080,0.56
C-WEU-FRA,Zone_4C Mixed Marine,rur,perm,sfh,2080,0.43999999999999995
C-WEU-FRA,Zone_7A Very cold Humid,urb,perm,mfh,2080,0.79
C-WEU-FRA,Zone_7A Very cold Humid,urb,perm,sfh,2080,0.20999999999999996
C-WEU-FRA,Zone_3C Warm Marine,urb,perm,mfh,2080,0.859
C-WEU-FRA,Zone_3C Warm Marine,urb,perm,sfh,2080,0.14100000000000001
C-WEU-FRA,Zone_1A Very hot Humid,urb,perm,mfh,2080,0.471
C-WEU-FRA,Zone_1A Very hot Humid,urb,perm,sfh,2080,0.529
C-WEU-FRA,Zone_2A Hot Humid,urb,perm,mfh,2080,0.4
C-WEU-FRA,Zone_2A Hot Humid,urb,perm,sfh,2080,0.6
C-WEU-GRC,Zone_4A Mixed Humid,rur,perm,mfh,2080,0.379
C-WEU-GRC,Zone_4A Mixed Humid,rur,perm,sfh,2080,0.621
C-WEU-GRC,Zone_4A Mixed Humid,urb,perm,mfh,2080,0.591
C-WEU-GRC,Zone_4A Mixed Humid,urb,perm,sfh,2080,0.40900000000000003
C-WEU-GRC,Zone_5A Cool Humid,rur,perm,mfh,2080,0.411
C-WEU-GRC,Zone_5A Cool Humid,rur,perm,sfh,2080,0.589
C-WEU-GRC,Zone_5A Cool Humid,urb,perm,mfh,2080,0.54
C-WEU-GRC,Zone_5A Cool Humid,urb,perm,sfh,2080,0.45999999999999996
C-WEU-GRC,Zone_3A Warm Humid,rur,perm,mfh,2080,0.455
C-WEU-GRC,Zone_3A Warm Humid,rur,perm,sfh,2080,0.5449999999999999
C-WEU-GRC,Zone_3A Warm Humid,urb,perm,mfh,2080,0.663
C-WEU-GRC,Zone_3A Warm Humid,urb,perm,sfh,2080,0.33699999999999997
C-WEU-GRC,Zone_4C Mixed Marine,urb,perm,mfh,2080,0.49
C-WEU-GRC,Zone_4C Mixed Marine,urb,perm,sfh,2080,0.51
C-WEU-GRC,Zone_5C Cool Marine,urb,perm,mfh,2080,0.564
C-WEU-GRC,Zone_5C Cool Marine,urb,perm,sfh,2080,0.43600000000000005
C-WEU-IRL,Zone_4A Mixed Humid,rur,perm,mfh,2080,0.146
C-WEU-IRL,Zone_4A Mixed Humid,rur,perm,sfh,2080,0.854
C-WEU-IRL,Zone_5A Cool Humid,rur,perm,mfh,2080,0.152
C-WEU-IRL,Zone_5A Cool Humid,rur,perm,sfh,2080,0.848
C-WEU-IRL,Zone_5A Cool Humid,urb,perm,mfh,2080,0.376
C-WEU-IRL,Zone_5A Cool Humid,urb,perm,sfh,2080,0.624
C-WEU-ITA,Zone_4A Mixed Humid,rur,perm,mfh,2080,0.695
C-WEU-ITA,Zone_4A Mixed Humid,rur,perm,sfh,2080,0.30500000000000005
C-WEU-ITA,Zone_4A Mixed Humid,urb,perm,mfh,2080,0.812
C-WEU-ITA,Zone_4A Mixed Humid,urb,perm,sfh,2080,0.18799999999999994
C-WEU-ITA,Zone_5A Cool Humid,urb,perm,mfh,2080,0.792
C-WEU-ITA,Zone_5A Cool Humid,urb,perm,sfh,2080,0.20799999999999996
C-WEU-ITA,Zone_6A Cold Humid,urb,perm,mfh,2080,0.839
C-WEU-ITA,Zone_6A Cold Humid,urb,perm,sfh,2080,0.16100000000000003
C-WEU-ITA,Zone_3A Warm Humid,rur,perm,mfh,2080,0.684
C-WEU-ITA,Zone_3A Warm Humid,rur,perm,sfh,2080,0.31599999999999995
C-WEU-ITA,Zone_3A Warm Humid,urb,perm,mfh,2080,0.771
C-WEU-ITA,Zone_3A Warm Humid,urb,perm,sfh,2080,0.22899999999999998
C-WEU-ITA,Zone_4C Mixed Marine,rur,perm,mfh,2080,0.656
C-WEU-ITA,Zone_4C Mixed Marine,rur,perm,sfh,2080,0.344
C-WEU-ITA,Zone_4C Mixed Marine,urb,perm,mfh,2080,0.846
C-WEU-ITA,Zone_4C Mixed Marine,urb,perm,sfh,2080,0.15400000000000003
C-WEU-ITA,Zone_7A Very cold Humid,rur,perm,mfh,2080,0.8
C-WEU-ITA,Zone_7A Very cold Humid,rur,perm,sfh,2080,0.19999999999999996
C-WEU-ITA,Zone_7A Very cold Humid,urb,perm,mfh,2080,0.8
C-WEU-ITA,Zone_7A Very cold Humid,urb,perm,sfh,2080,0.19999999999999996
C-WEU-ITA,Zone_5C Cool Marine,urb,perm,mfh,2080,0.693
C-WEU-ITA,Zone_5C Cool Marine,urb,perm,sfh,2080,0.30700000000000005
C-WEU-LUX,Zone_5A Cool Humid,urb,perm,mfh,2080,0.985
C-WEU-LUX,Zone_5A Cool Humid,urb,perm,sfh,2080,0.015000000000000013
C-WEU-MLT,Zone_3A Warm Humid,urb,perm,mfh,2080,0.5
C-WEU-MLT,Zone_3A Warm Humid,urb,perm,sfh,2080,0.5
C-WEU-NLD,Zone_4A Mixed Humid,rur,perm,mfh,2080,0.191
C-WEU-NLD,Zone_4A Mixed Humid,rur,perm,sfh,2080,0.8089999999999999
C-WEU-NLD,Zone_4A Mixed Humid,urb,perm,mfh,2080,0.602
C-WEU-NLD,Zone_4A Mixed Humid,urb,perm,sfh,2080,0.398
C-WEU-NLD,Zone_5A Cool Humid,urb,perm,mfh,2080,0.411
C-WEU-NLD,Zone_5A Cool Humid,urb,perm,sfh,2080,0.589
C-WEU-PRT,Zone_4A Mixed Humid,rur,perm,mfh,2080,0.192
C-WEU-PRT,Zone_4A Mixed Humid,rur,perm,sfh,2080,0.808
C-WEU-PRT,Zone_3A Warm Humid,rur,perm,mfh,2080,0.229
C-WEU-PRT,Zone_3A Warm Humid,rur,perm,sfh,2080,0.771
C-WEU-PRT,Zone_3A Warm Humid,urb,perm,mfh,2080,0.677
C-WEU-PRT,Zone_3A Warm Humid,urb,perm,sfh,2080,0.32299999999999995
C-WEU-PRT,Zone_4C Mixed Marine,rur,perm,mfh,2080,0.127
C-WEU-PRT,Zone_4C Mixed Marine,rur,perm,sfh,2080,0.873
C-WEU-PRT,Zone_4C Mixed Marine,urb,perm,mfh,2080,0.335
C-WEU-PRT,Zone_4C Mixed Marine,urb,perm,sfh,2080,0.665
C-WEU-PRT,Zone_3C Warm Marine,rur,perm,mfh,2080,0.195
C-WEU-PRT,Zone_3C Warm Marine,rur,perm,sfh,2080,0.8049999999999999
C-WEU-PRT,Zone_3C Warm Marine,urb,perm,mfh,2080,0.405
C-WEU-PRT,Zone_3C Warm Marine,urb,perm,sfh,2080,0.595
C-WEU-SWE,Zone_5A Cool Humid,rur,perm,mfh,2080,0.107
C-WEU-SWE,Zone_5A Cool Humid,rur,perm,sfh,2080,0.893
C-WEU-SWE,Zone_5A Cool Humid,urb,perm,mfh,2080,0.303
C-WEU-SWE,Zone_5A Cool Humid,urb,perm,sfh,2080,0.6970000000000001
C-WEU-SWE,Zone_6A Cold Humid,rur,perm,mfh,2080,0.161
C-WEU-SWE,Zone_6A Cold Humid,rur,perm,sfh,2080,0.839
C-WEU-SWE,Zone_6A Cold Humid,urb,perm,mfh,2080,0.328
C-WEU-SWE,Zone_6A Cold Humid,urb,perm,sfh,2080,0.6719999999999999
C-WEU-SWE,Zone_7A Very cold Humid,rur,perm,mfh,2080,0.123
C-WEU-SWE,Zone_7A Very cold Humid,rur,perm,sfh,2080,0.877
C-WEU-SWE,Zone_7A Very cold Humid,urb,perm,mfh,2080,0.187
C-WEU-SWE,Zone_7A Very cold Humid,urb,perm,sfh,2080,0.813
C-WEU-SWE,Zone_8A Subarctic/arctic Humid,urb,perm,mfh,2080,0.226
C-WEU-SWE,Zone_8A Subarctic/arctic Humid,urb,perm,sfh,2080,0.774
C-EEU-BGR,Zone_4A Mixed Humid,rur,perm,mfh,2085,0.279
C-EEU-BGR,Zone_4A Mixed Humid,rur,perm,sfh,2085,0.721
C-EEU-BGR,Zone_4A Mixed Humid,urb,perm,mfh,2085,0.466
C-EEU-BGR,Zone_4A Mixed Humid,urb,perm,sfh,2085,0.534
C-EEU-BGR,Zone_5A Cool Humid,rur,perm,mfh,2085,0.648
C-EEU-BGR,Zone_5A Cool Humid,rur,perm,sfh,2085,0.352
C-EEU-BGR,Zone_5A Cool Humid,urb,perm,mfh,2085,0.525
C-EEU-BGR,Zone_5A Cool Humid,urb,perm,sfh,2085,0.475
C-EEU-CZE,Zone_5A Cool Humid,rur,perm,mfh,2085,0.517
C-EEU-CZE,Zone_5A Cool Humid,rur,perm,sfh,2085,0.483
C-EEU-CZE,Zone_5A Cool Humid,urb,perm,mfh,2085,0.647
C-EEU-CZE,Zone_5A Cool Humid,urb,perm,sfh,2085,0.353
C-EEU-EST,Zone_6A Cold Humid,rur,perm,mfh,2085,0.56
C-EEU-EST,Zone_6A Cold Humid,rur,perm,sfh,2085,0.43999999999999995
C-EEU-EST,Zone_6A Cold Humid,urb,perm,mfh,2085,0.755
C-EEU-EST,Zone_6A Cold Humid,urb,perm,sfh,2085,0.245
C-EEU-HRV,Zone_4A Mixed Humid,rur,perm,mfh,2085,0.276
C-EEU-HRV,Zone_4A Mixed Humid,rur,perm,sfh,2085,0.724
C-EEU-HRV,Zone_4A Mixed Humid,urb,perm,mfh,2085,0.617
C-EEU-HRV,Zone_4A Mixed Humid,urb,perm,sfh,2085,0.383
C-EEU-HRV,Zone_5A Cool Humid,rur,perm,mfh,2085,0.488
C-EEU-HRV,Zone_5A Cool Humid,rur,perm,sfh,2085,0.512
C-EEU-HRV,Zone_3A Warm Humid,rur,perm,mfh,2085,0.613
C-EEU-HRV,Zone_3A Warm Humid,rur,perm,sfh,2085,0.387
C-EEU-HRV,Zone_4C Mixed Marine,rur,perm,mfh,2085,0.652
C-EEU-HRV,Zone_4C Mixed Marine,rur,perm,sfh,2085,0.348
C-EEU-HUN,Zone_4A Mixed Humid,rur,perm,mfh,2085,0.428
C-EEU-HUN,Zone_4A Mixed Humid,rur,perm,sfh,2085,0.5720000000000001
C-EEU-HUN,Zone_4A Mixed Humid,urb,perm,mfh,2085,0.65
C-EEU-HUN,Zone_4A Mixed Humid,urb,perm,sfh,2085,0.35
C-EEU-HUN,Zone_5A Cool Humid,rur,perm,mfh,2085,0.315
C-EEU-HUN,Zone_5A Cool Humid,rur,perm,sfh,2085,0.685
C-EEU-HUN,Zone_5A Cool Humid,urb,perm,mfh,2085,0.419
C-EEU-HUN,Zone_5A Cool Humid,urb,perm,sfh,2085,0.581
C-EEU-LTU,Zone_5A Cool Humid,rur,perm,mfh,2085,0.524
C-EEU-LTU,Zone_5A Cool Humid,rur,perm,sfh,2085,0.476
C-EEU-LTU,Zone_5A Cool Humid,urb,perm,mfh,2085,0.815
C-EEU-LTU,Zone_5A Cool Humid,urb,perm,sfh,2085,0.18500000000000005
C-EEU-LTU,Zone_6A Cold Humid,rur,perm,mfh,2085,0.5
C-EEU-LTU,Zone_6A Cold Humid,rur,perm,sfh,2085,0.5
C-EEU-LTU,Zone_6A Cold Humid,urb,perm,mfh,2085,0.573
C-EEU-LTU,Zone_6A Cold Humid,urb,perm,sfh,2085,0.42700000000000005
C-EEU-LVA,Zone_6A Cold Humid,rur,perm,mfh,2085,0.519
C-EEU-LVA,Zone_6A Cold Humid,rur,perm,sfh,2085,0.481
C-EEU-LVA,Zone_6A Cold Humid,urb,perm,mfh,2085,0.709
C-EEU-LVA,Zone_6A Cold Humid,urb,perm,sfh,2085,0.29100000000000004
C-EEU-POL,Zone_5A Cool Humid,rur,perm,mfh,2085,0.484
C-EEU-POL,Zone_5A Cool Humid,rur,perm,sfh,2085,0.516
C-EEU-POL,Zone_5A Cool Humid,urb,perm,mfh,2085,0.799
C-EEU-POL,Zone_5A Cool Humid,urb,perm,sfh,2085,0.20099999999999996
C-EEU-POL,Zone_6A Cold Humid,rur,perm,mfh,2085,0.406
C-EEU-POL,Zone_6A Cold Humid,rur,perm,sfh,2085,0.594
C-EEU-POL,Zone_6A Cold Humid,urb,perm,mfh,2085,0.579
C-EEU-POL,Zone_6A Cold Humid,urb,perm,sfh,2085,0.42100000000000004
C-EEU-ROU,Zone_4A Mixed Humid,rur,perm,mfh,2085,0.331
C-EEU-ROU,Zone_4A Mixed Humid,rur,perm,sfh,2085,0.669
C-EEU-ROU,Zone_4A Mixed Humid,urb,perm,mfh,2085,0.635
C-EEU-ROU,Zone_4A Mixed Humid,urb,perm,sfh,2085,0.365
C-EEU-ROU,Zone_5A Cool Humid,rur,perm,mfh,2085,0.326
C-EEU-ROU,Zone_5A Cool Humid,rur,perm,sfh,2085,0.6739999999999999
C-EEU-ROU,Zone_5A Cool Humid,urb,perm,mfh,2085,0.474
C-EEU-ROU,Zone_5A Cool Humid,urb,perm,sfh,2085,0.526
C-EEU-ROU,Zone_6A Cold Humid,rur,perm,mfh,2085,0.414
C-EEU-ROU,Zone_6A Cold Humid,rur,perm,sfh,2085,0.5860000000000001
C-EEU-SVK,Zone_5A Cool Humid,rur,perm,mfh,2085,0.385
C-EEU-SVK,Zone_5A Cool Humid,rur,perm,sfh,2085,0.615
C-EEU-SVK,Zone_5A Cool Humid,urb,perm,mfh,2085,0.567
C-EEU-SVK,Zone_5A Cool Humid,urb,perm,sfh,2085,0.43300000000000005
C-EEU-SVK,Zone_6A Cold Humid,rur,perm,mfh,2085,0.412
C-EEU-SVK,Zone_6A Cold Humid,rur,perm,sfh,2085,0.5880000000000001
C-EEU-SVK,Zone_6A Cold Humid,urb,perm,mfh,2085,0.386
C-EEU-SVK,Zone_6A Cold Humid,urb,perm,sfh,2085,0.614
C-EEU-SVN,Zone_4A Mixed Humid,rur,perm,mfh,2085,0.366
C-EEU-SVN,Zone_4A Mixed Humid,rur,perm,sfh,2085,0.634
C-EEU-SVN,Zone_4A Mixed Humid,urb,perm,mfh,2085,0.601
C-EEU-SVN,Zone_4A Mixed Humid,urb,perm,sfh,2085,0.399
C-EEU-SVN,Zone_5A Cool Humid,rur,perm,mfh,2085,0.328
C-EEU-SVN,Zone_5A Cool Humid,rur,perm,sfh,2085,0.6719999999999999
C-EEU-SVN,Zone_5A Cool Humid,urb,perm,mfh,2085,0.629
C-EEU-SVN,Zone_5A Cool Humid,urb,perm,sfh,2085,0.371
C-EEU-SVN,Zone_7A Very cold Humid,rur,perm,mfh,2085,0.397
C-EEU-SVN,Zone_7A Very cold Humid,rur,perm,sfh,2085,0.603
C-WEU-AUT,Zone_4A Mixed Humid,rur,perm,mfh,2085,0.472
C-WEU-AUT,Zone_4A Mixed Humid,rur,perm,sfh,2085,0.528
C-WEU-AUT,Zone_4A Mixed Humid,urb,perm,mfh,2085,0.798
C-WEU-AUT,Zone_4A Mixed Humid,urb,perm,sfh,2085,0.20199999999999996
C-WEU-AUT,Zone_5A Cool Humid,rur,perm,mfh,2085,0.57
C-WEU-AUT,Zone_5A Cool Humid,rur,perm,sfh,2085,0.43000000000000005
C-WEU-AUT,Zone_5A Cool Humid,urb,perm,mfh,2085,0.621
C-WEU-AUT,Zone_5A Cool Humid,urb,perm,sfh,2085,0.379
C-WEU-AUT,Zone_6A Cold Humid,rur,perm,mfh,2085,0.717
C-WEU-AUT,Zone_6A Cold Humid,rur,perm,sfh,2085,0.28300000000000003
C-WEU-AUT,Zone_6A Cold Humid,urb,perm,mfh,2085,0.807
C-WEU-AUT,Zone_6A Cold Humid,urb,perm,sfh,2085,0.19299999999999995
C-WEU-AUT,Zone_7A Very cold Humid,rur,perm,mfh,2085,0.775
C-WEU-AUT,Zone_7A Very cold Humid,rur,perm,sfh,2085,0.22499999999999998
C-WEU-AUT,Zone_7A Very cold Humid,urb,perm,mfh,2085,0.889
C-WEU-AUT,Zone_7A Very cold Humid,urb,perm,sfh,2085,0.11099999999999999
C-WEU-BEL,Zone_4A Mixed Humid,rur,perm,mfh,2085,0.284
C-WEU-BEL,Zone_4A Mixed Humid,rur,perm,sfh,2085,0.716
C-WEU-BEL,Zone_4A Mixed Humid,urb,perm,mfh,2085,0.662
C-WEU-BEL,Zone_4A Mixed Humid,urb,perm,sfh,2085,0.33799999999999997
C-WEU-BEL,Zone_5A Cool Humid,rur,perm,mfh,2085,0.268
C-WEU-BEL,Zone_5A Cool Humid,rur,perm,sfh,2085,0.732
C-WEU-BEL,Zone_5A Cool Humid,urb,perm,mfh,2085,0.492
C-WEU-BEL,Zone_5A Cool Humid,urb,perm,sfh,2085,0.508
C-WEU-CYP,Zone_3A Warm Humid,urb,perm,mfh,2085,0.523
C-WEU-CYP,Zone_3A Warm Humid,urb,perm,sfh,2085,0.477
C-WEU-DEU,Zone_4A Mixed Humid,rur,perm,mfh,2085,0.601
C-WEU-DEU,Zone_4A Mixed Humid,rur,perm,sfh,2085,0.399
C-WEU-DEU,Zone_4A Mixed Humid,urb,perm,mfh,2085,0.842
C-WEU-DEU,Zone_4A Mixed Humid,urb,perm,sfh,2085,0.15800000000000003
C-WEU-DEU,Zone_5A Cool Humid,rur,perm,mfh,2085,0.731
C-WEU-DEU,Zone_5A Cool Humid,rur,perm,sfh,2085,0.269
C-WEU-DEU,Zone_5A Cool Humid,urb,perm,mfh,2085,0.825
C-WEU-DEU,Zone_5A Cool Humid,urb,perm,sfh,2085,0.17500000000000004
C-WEU-DEU,Zone_6A Cold Humid,rur,perm,mfh,2085,0.779
C-WEU-DEU,Zone_6A Cold Humid,rur,perm,sfh,2085,0.22099999999999997
C-WEU-DEU,Zone_6A Cold Humid,urb,perm,mfh,2085,0.855
C-WEU-DEU,Zone_6A Cold Humid,urb,perm,sfh,2085,0.14500000000000002
C-WEU-DNK,Zone_5A Cool Humid,rur,perm,mfh,2085,0.812
C-WEU-DNK,Zone_5A Cool Humid,rur,perm,sfh,2085,0.18799999999999994
C-WEU-DNK,Zone_5A Cool Humid,urb,perm,mfh,2085,0.81
C-WEU-DNK,Zone_5A Cool Humid,urb,perm,sfh,2085,0.18999999999999995
C-WEU-ESP,Zone_4A Mixed Humid,rur,perm,mfh,2085,0.281
C-WEU-ESP,Zone_4A Mixed Humid,rur,perm,sfh,2085,0.719
C-WEU-ESP,Zone_4A Mixed Humid,urb,perm,mfh,2085,0.567
C-WEU-ESP,Zone_4A Mixed Humid,urb,perm,sfh,2085,0.43300000000000005
C-WEU-ESP,Zone_3A Warm Humid,rur,perm,mfh,2085,0.273
C-WEU-ESP,Zone_3A Warm Humid,rur,perm,sfh,2085,0.727
C-WEU-ESP,Zone_3A Warm Humid,urb,perm,mfh,2085,0.63
C-WEU-ESP,Zone_3A Warm Humid,urb,perm,sfh,2085,0.37
C-WEU-ESP,Zone_4C Mixed Marine,rur,perm,mfh,2085,0.355
C-WEU-ESP,Zone_4C Mixed Marine,rur,perm,sfh,2085,0.645
C-WEU-ESP,Zone_4C Mixed Marine,urb,perm,mfh,2085,0.499
C-WEU-ESP,Zone_4C Mixed Marine,urb,perm,sfh,2085,0.501
C-WEU-ESP,Zone_2B Hot Dry,urb,perm,mfh,2085,0.7
C-WEU-ESP,Zone_2B Hot Dry,urb,perm,sfh,2085,0.30000000000000004
C-WEU-ESP,Zone_3B Warm Dry,rur,perm,mfh,2085,0.423
C-WEU-ESP,Zone_3B Warm Dry,rur,perm,sfh,2085,0.577
C-WEU-ESP,Zone_3B Warm Dry,urb,perm,mfh,2085,0.623
C-WEU-ESP,Zone_3B Warm Dry,urb,perm,sfh,2085,0.377
C-WEU-ESP,Zone_3C Warm Marine,urb,perm,mfh,2085,0.644
C-WEU-ESP,Zone_3C Warm Marine,urb,perm,sfh,2085,0.356
C-WEU-FIN,Zone_6A Cold Humid,rur,perm,mfh,2085,0.724
C-WEU-FIN,Zone_6A Cold Humid,rur,perm,sfh,2085,0.276
C-WEU-FIN,Zone_6A Cold Humid,urb,perm,mfh,2085,0.82
C-WEU-FIN,Zone_6A Cold Humid,urb,perm,sfh,2085,0.18000000000000005
C-WEU-FIN,Zone_7A Very cold Humid,rur,perm,mfh,2085,0.682
C-WEU-FIN,Zone_7A Very cold Humid,rur,perm,sfh,2085,0.31799999999999995
C-WEU-FIN,Zone_7A Very cold Humid,urb,perm,mfh,2085,0.746
C-WEU-FIN,Zone_7A Very cold Humid,urb,perm,sfh,2085,0.254
C-WEU-FRA,Zone_4A Mixed Humid,rur,perm,mfh,2085,0.317
C-WEU-FRA,Zone_4A Mixed Humid,rur,perm,sfh,2085,0.683
C-WEU-FRA,Zone_4A Mixed Humid,urb,perm,mfh,2085,0.638
C-WEU-FRA,Zone_4A Mixed Humid,urb,perm,sfh,2085,0.362
C-WEU-FRA,Zone_5A Cool Humid,rur,perm,mfh,2085,0.313
C-WEU-FRA,Zone_5A Cool Humid,rur,perm,sfh,2085,0.687
C-WEU-FRA,Zone_5A Cool Humid,urb,perm,mfh,2085,0.681
C-WEU-FRA,Zone_5A Cool Humid,urb,perm,sfh,2085,0.31899999999999995
C-WEU-FRA,Zone_3A Warm Humid,rur,perm,mfh,2085,0.354
C-WEU-FRA,Zone_3A Warm Humid,rur,perm,sfh,2085,0.646
C-WEU-FRA,Zone_3A Warm Humid,urb,perm,mfh,2085,0.626
C-WEU-FRA,Zone_3A Warm Humid,urb,perm,sfh,2085,0.374
C-WEU-FRA,Zone_4C Mixed Marine,rur,perm,mfh,2085,0.56
C-WEU-FRA,Zone_4C Mixed Marine,rur,perm,sfh,2085,0.43999999999999995
C-WEU-FRA,Zone_7A Very cold Humid,urb,perm,mfh,2085,0.79
C-WEU-FRA,Zone_7A Very cold Humid,urb,perm,sfh,2085,0.20999999999999996
C-WEU-FRA,Zone_3C Warm Marine,urb,perm,mfh,2085,0.859
C-WEU-FRA,Zone_3C Warm Marine,urb,perm,sfh,2085,0.14100000000000001
C-WEU-FRA,Zone_1A Very hot Humid,urb,perm,mfh,2085,0.471
C-WEU-FRA,Zone_1A Very hot Humid,urb,perm,sfh,2085,0.529
C-WEU-FRA,Zone_2A Hot Humid,urb,perm,mfh,2085,0.4
C-WEU-FRA,Zone_2A Hot Humid,urb,perm,sfh,2085,0.6
C-WEU-GRC,Zone_4A Mixed Humid,rur,perm,mfh,2085,0.379
C-WEU-GRC,Zone_4A Mixed Humid,rur,perm,sfh,2085,0.621
C-WEU-GRC,Zone_4A Mixed Humid,urb,perm,mfh,2085,0.591
C-WEU-GRC,Zone_4A Mixed Humid,urb,perm,sfh,2085,0.40900000000000003
C-WEU-GRC,Zone_5A Cool Humid,rur,perm,mfh,2085,0.411
C-WEU-GRC,Zone_5A Cool Humid,rur,perm,sfh,2085,0.589
C-WEU-GRC,Zone_5A Cool Humid,urb,perm,mfh,2085,0.54
C-WEU-GRC,Zone_5A Cool Humid,urb,perm,sfh,2085,0.45999999999999996
C-WEU-GRC,Zone_3A Warm Humid,rur,perm,mfh,2085,0.455
C-WEU-GRC,Zone_3A Warm Humid,rur,perm,sfh,2085,0.5449999999999999
C-WEU-GRC,Zone_3A Warm Humid,urb,perm,mfh,2085,0.663
C-WEU-GRC,Zone_3A Warm Humid,urb,perm,sfh,2085,0.33699999999999997
C-WEU-GRC,Zone_4C Mixed Marine,urb,perm,mfh,2085,0.49
C-WEU-GRC,Zone_4C Mixed Marine,urb,perm,sfh,2085,0.51
C-WEU-GRC,Zone_5C Cool Marine,urb,perm,mfh,2085,0.564
C-WEU-GRC,Zone_5C Cool Marine,urb,perm,sfh,2085,0.43600000000000005
C-WEU-IRL,Zone_4A Mixed Humid,rur,perm,mfh,2085,0.146
C-WEU-IRL,Zone_4A Mixed Humid,rur,perm,sfh,2085,0.854
C-WEU-IRL,Zone_5A Cool Humid,rur,perm,mfh,2085,0.152
C-WEU-IRL,Zone_5A Cool Humid,rur,perm,sfh,2085,0.848
C-WEU-IRL,Zone_5A Cool Humid,urb,perm,mfh,2085,0.376
C-WEU-IRL,Zone_5A Cool Humid,urb,perm,sfh,2085,0.624
C-WEU-ITA,Zone_4A Mixed Humid,rur,perm,mfh,2085,0.695
C-WEU-ITA,Zone_4A Mixed Humid,rur,perm,sfh,2085,0.30500000000000005
C-WEU-ITA,Zone_4A Mixed Humid,urb,perm,mfh,2085,0.812
C-WEU-ITA,Zone_4A Mixed Humid,urb,perm,sfh,2085,0.18799999999999994
C-WEU-ITA,Zone_5A Cool Humid,urb,perm,mfh,2085,0.792
C-WEU-ITA,Zone_5A Cool Humid,urb,perm,sfh,2085,0.20799999999999996
C-WEU-ITA,Zone_6A Cold Humid,urb,perm,mfh,2085,0.839
C-WEU-ITA,Zone_6A Cold Humid,urb,perm,sfh,2085,0.16100000000000003
C-WEU-ITA,Zone_3A Warm Humid,rur,perm,mfh,2085,0.684
C-WEU-ITA,Zone_3A Warm Humid,rur,perm,sfh,2085,0.31599999999999995
C-WEU-ITA,Zone_3A Warm Humid,urb,perm,mfh,2085,0.771
C-WEU-ITA,Zone_3A Warm Humid,urb,perm,sfh,2085,0.22899999999999998
C-WEU-ITA,Zone_4C Mixed Marine,rur,perm,mfh,2085,0.656
C-WEU-ITA,Zone_4C Mixed Marine,rur,perm,sfh,2085,0.344
C-WEU-ITA,Zone_4C Mixed Marine,urb,perm,mfh,2085,0.846
C-WEU-ITA,Zone_4C Mixed Marine,urb,perm,sfh,2085,0.15400000000000003
C-WEU-ITA,Zone_7A Very cold Humid,rur,perm,mfh,2085,0.8
C-WEU-ITA,Zone_7A Very cold Humid,rur,perm,sfh,2085,0.19999999999999996
C-WEU-ITA,Zone_7A Very cold Humid,urb,perm,mfh,2085,0.8
C-WEU-ITA,Zone_7A Very cold Humid,urb,perm,sfh,2085,0.19999999999999996
C-WEU-ITA,Zone_5C Cool Marine,urb,perm,mfh,2085,0.693
C-WEU-ITA,Zone_5C Cool Marine,urb,perm,sfh,2085,0.30700000000000005
C-WEU-LUX,Zone_5A Cool Humid,urb,perm,mfh,2085,0.985
C-WEU-LUX,Zone_5A Cool Humid,urb,perm,sfh,2085,0.015000000000000013
C-WEU-MLT,Zone_3A Warm Humid,urb,perm,mfh,2085,0.5
C-WEU-MLT,Zone_3A Warm Humid,urb,perm,sfh,2085,0.5
C-WEU-NLD,Zone_4A Mixed Humid,rur,perm,mfh,2085,0.191
C-WEU-NLD,Zone_4A Mixed Humid,rur,perm,sfh,2085,0.8089999999999999
C-WEU-NLD,Zone_4A Mixed Humid,urb,perm,mfh,2085,0.602
C-WEU-NLD,Zone_4A Mixed Humid,urb,perm,sfh,2085,0.398
C-WEU-NLD,Zone_5A Cool Humid,urb,perm,mfh,2085,0.411
C-WEU-NLD,Zone_5A Cool Humid,urb,perm,sfh,2085,0.589
C-WEU-PRT,Zone_4A Mixed Humid,rur,perm,mfh,2085,0.192
C-WEU-PRT,Zone_4A Mixed Humid,rur,perm,sfh,2085,0.808
C-WEU-PRT,Zone_3A Warm Humid,rur,perm,mfh,2085,0.229
C-WEU-PRT,Zone_3A Warm Humid,rur,perm,sfh,2085,0.771
C-WEU-PRT,Zone_3A Warm Humid,urb,perm,mfh,2085,0.677
C-WEU-PRT,Zone_3A Warm Humid,urb,perm,sfh,2085,0.32299999999999995
C-WEU-PRT,Zone_4C Mixed Marine,rur,perm,mfh,2085,0.127
C-WEU-PRT,Zone_4C Mixed Marine,rur,perm,sfh,2085,0.873
C-WEU-PRT,Zone_4C Mixed Marine,urb,perm,mfh,2085,0.335
C-WEU-PRT,Zone_4C Mixed Marine,urb,perm,sfh,2085,0.665
C-WEU-PRT,Zone_3C Warm Marine,rur,perm,mfh,2085,0.195
C-WEU-PRT,Zone_3C Warm Marine,rur,perm,sfh,2085,0.8049999999999999
C-WEU-PRT,Zone_3C Warm Marine,urb,perm,mfh,2085,0.405
C-WEU-PRT,Zone_3C Warm Marine,urb,perm,sfh,2085,0.595
C-WEU-SWE,Zone_5A Cool Humid,rur,perm,mfh,2085,0.107
C-WEU-SWE,Zone_5A Cool Humid,rur,perm,sfh,2085,0.893
C-WEU-SWE,Zone_5A Cool Humid,urb,perm,mfh,2085,0.303
C-WEU-SWE,Zone_5A Cool Humid,urb,perm,sfh,2085,0.6970000000000001
C-WEU-SWE,Zone_6A Cold Humid,rur,perm,mfh,2085,0.161
C-WEU-SWE,Zone_6A Cold Humid,rur,perm,sfh,2085,0.839
C-WEU-SWE,Zone_6A Cold Humid,urb,perm,mfh,2085,0.328
C-WEU-SWE,Zone_6A Cold Humid,urb,perm,sfh,2085,0.6719999999999999
C-WEU-SWE,Zone_7A Very cold Humid,rur,perm,mfh,2085,0.123
C-WEU-SWE,Zone_7A Very cold Humid,rur,perm,sfh,2085,0.877
C-WEU-SWE,Zone_7A Very cold Humid,urb,perm,mfh,2085,0.187
C-WEU-SWE,Zone_7A Very cold Humid,urb,perm,sfh,2085,0.813
C-WEU-SWE,Zone_8A Subarctic/arctic Humid,urb,perm,mfh,2085,0.226
C-WEU-SWE,Zone_8A Subarctic/arctic Humid,urb,perm,sfh,2085,0.774
C-EEU-BGR,Zone_4A Mixed Humid,rur,perm,mfh,2090,0.279
C-EEU-BGR,Zone_4A Mixed Humid,rur,perm,sfh,2090,0.721
C-EEU-BGR,Zone_4A Mixed Humid,urb,perm,mfh,2090,0.466
C-EEU-BGR,Zone_4A Mixed Humid,urb,perm,sfh,2090,0.534
C-EEU-BGR,Zone_5A Cool Humid,rur,perm,mfh,2090,0.648
C-EEU-BGR,Zone_5A Cool Humid,rur,perm,sfh,2090,0.352
C-EEU-BGR,Zone_5A Cool Humid,urb,perm,mfh,2090,0.525
C-EEU-BGR,Zone_5A Cool Humid,urb,perm,sfh,2090,0.475
C-EEU-CZE,Zone_5A Cool Humid,rur,perm,mfh,2090,0.517
C-EEU-CZE,Zone_5A Cool Humid,rur,perm,sfh,2090,0.483
C-EEU-CZE,Zone_5A Cool Humid,urb,perm,mfh,2090,0.647
C-EEU-CZE,Zone_5A Cool Humid,urb,perm,sfh,2090,0.353
C-EEU-EST,Zone_6A Cold Humid,rur,perm,mfh,2090,0.56
C-EEU-EST,Zone_6A Cold Humid,rur,perm,sfh,2090,0.43999999999999995
C-EEU-EST,Zone_6A Cold Humid,urb,perm,mfh,2090,0.755
C-EEU-EST,Zone_6A Cold Humid,urb,perm,sfh,2090,0.245
C-EEU-HRV,Zone_4A Mixed Humid,rur,perm,mfh,2090,0.276
C-EEU-HRV,Zone_4A Mixed Humid,rur,perm,sfh,2090,0.724
C-EEU-HRV,Zone_4A Mixed Humid,urb,perm,mfh,2090,0.617
C-EEU-HRV,Zone_4A Mixed Humid,urb,perm,sfh,2090,0.383
C-EEU-HRV,Zone_5A Cool Humid,rur,perm,mfh,2090,0.488
C-EEU-HRV,Zone_5A Cool Humid,rur,perm,sfh,2090,0.512
C-EEU-HRV,Zone_3A Warm Humid,rur,perm,mfh,2090,0.613
C-EEU-HRV,Zone_3A Warm Humid,rur,perm,sfh,2090,0.387
C-EEU-HRV,Zone_4C Mixed Marine,rur,perm,mfh,2090,0.652
C-EEU-HRV,Zone_4C Mixed Marine,rur,perm,sfh,2090,0.348
C-EEU-HUN,Zone_4A Mixed Humid,rur,perm,mfh,2090,0.428
C-EEU-HUN,Zone_4A Mixed Humid,rur,perm,sfh,2090,0.5720000000000001
C-EEU-HUN,Zone_4A Mixed Humid,urb,perm,mfh,2090,0.65
C-EEU-HUN,Zone_4A Mixed Humid,urb,perm,sfh,2090,0.35
C-EEU-HUN,Zone_5A Cool Humid,rur,perm,mfh,2090,0.315
C-EEU-HUN,Zone_5A Cool Humid,rur,perm,sfh,2090,0.685
C-EEU-HUN,Zone_5A Cool Humid,urb,perm,mfh,2090,0.419
C-EEU-HUN,Zone_5A Cool Humid,urb,perm,sfh,2090,0.581
C-EEU-LTU,Zone_5A Cool Humid,rur,perm,mfh,2090,0.524
C-EEU-LTU,Zone_5A Cool Humid,rur,perm,sfh,2090,0.476
C-EEU-LTU,Zone_5A Cool Humid,urb,perm,mfh,2090,0.815
C-EEU-LTU,Zone_5A Cool Humid,urb,perm,sfh,2090,0.18500000000000005
C-EEU-LTU,Zone_6A Cold Humid,rur,perm,mfh,2090,0.5
C-EEU-LTU,Zone_6A Cold Humid,rur,perm,sfh,2090,0.5
C-EEU-LTU,Zone_6A Cold Humid,urb,perm,mfh,2090,0.573
C-EEU-LTU,Zone_6A Cold Humid,urb,perm,sfh,2090,0.42700000000000005
C-EEU-LVA,Zone_6A Cold Humid,rur,perm,mfh,2090,0.519
C-EEU-LVA,Zone_6A Cold Humid,rur,perm,sfh,2090,0.481
C-EEU-LVA,Zone_6A Cold Humid,urb,perm,mfh,2090,0.709
C-EEU-LVA,Zone_6A Cold Humid,urb,perm,sfh,2090,0.29100000000000004
C-EEU-POL,Zone_5A Cool Humid,rur,perm,mfh,2090,0.484
C-EEU-POL,Zone_5A Cool Humid,rur,perm,sfh,2090,0.516
C-EEU-POL,Zone_5A Cool Humid,urb,perm,mfh,2090,0.799
C-EEU-POL,Zone_5A Cool Humid,urb,perm,sfh,2090,0.20099999999999996
C-EEU-POL,Zone_6A Cold Humid,rur,perm,mfh,2090,0.406
C-EEU-POL,Zone_6A Cold Humid,rur,perm,sfh,2090,0.594
C-EEU-POL,Zone_6A Cold Humid,urb,perm,mfh,2090,0.579
C-EEU-POL,Zone_6A Cold Humid,urb,perm,sfh,2090,0.42100000000000004
C-EEU-ROU,Zone_4A Mixed Humid,rur,perm,mfh,2090,0.331
C-EEU-ROU,Zone_4A Mixed Humid,rur,perm,sfh,2090,0.669
C-EEU-ROU,Zone_4A Mixed Humid,urb,perm,mfh,2090,0.635
C-EEU-ROU,Zone_4A Mixed Humid,urb,perm,sfh,2090,0.365
C-EEU-ROU,Zone_5A Cool Humid,rur,perm,mfh,2090,0.326
C-EEU-ROU,Zone_5A Cool Humid,rur,perm,sfh,2090,0.6739999999999999
C-EEU-ROU,Zone_5A Cool Humid,urb,perm,mfh,2090,0.474
C-EEU-ROU,Zone_5A Cool Humid,urb,perm,sfh,2090,0.526
C-EEU-ROU,Zone_6A Cold Humid,rur,perm,mfh,2090,0.414
C-EEU-ROU,Zone_6A Cold Humid,rur,perm,sfh,2090,0.5860000000000001
C-EEU-SVK,Zone_5A Cool Humid,rur,perm,mfh,2090,0.385
C-EEU-SVK,Zone_5A Cool Humid,rur,perm,sfh,2090,0.615
C-EEU-SVK,Zone_5A Cool Humid,urb,perm,mfh,2090,0.567
C-EEU-SVK,Zone_5A Cool Humid,urb,perm,sfh,2090,0.43300000000000005
C-EEU-SVK,Zone_6A Cold Humid,rur,perm,mfh,2090,0.412
C-EEU-SVK,Zone_6A Cold Humid,rur,perm,sfh,2090,0.5880000000000001
C-EEU-SVK,Zone_6A Cold Humid,urb,perm,mfh,2090,0.386
C-EEU-SVK,Zone_6A Cold Humid,urb,perm,sfh,2090,0.614
C-EEU-SVN,Zone_4A Mixed Humid,rur,perm,mfh,2090,0.366
C-EEU-SVN,Zone_4A Mixed Humid,rur,perm,sfh,2090,0.634
C-EEU-SVN,Zone_4A Mixed Humid,urb,perm,mfh,2090,0.601
C-EEU-SVN,Zone_4A Mixed Humid,urb,perm,sfh,2090,0.399
C-EEU-SVN,Zone_5A Cool Humid,rur,perm,mfh,2090,0.328
C-EEU-SVN,Zone_5A Cool Humid,rur,perm,sfh,2090,0.6719999999999999
C-EEU-SVN,Zone_5A Cool Humid,urb,perm,mfh,2090,0.629
C-EEU-SVN,Zone_5A Cool Humid,urb,perm,sfh,2090,0.371
C-EEU-SVN,Zone_7A Very cold Humid,rur,perm,mfh,2090,0.397
C-EEU-SVN,Zone_7A Very cold Humid,rur,perm,sfh,2090,0.603
C-WEU-AUT,Zone_4A Mixed Humid,rur,perm,mfh,2090,0.472
C-WEU-AUT,Zone_4A Mixed Humid,rur,perm,sfh,2090,0.528
C-WEU-AUT,Zone_4A Mixed Humid,urb,perm,mfh,2090,0.798
C-WEU-AUT,Zone_4A Mixed Humid,urb,perm,sfh,2090,0.20199999999999996
C-WEU-AUT,Zone_5A Cool Humid,rur,perm,mfh,2090,0.57
C-WEU-AUT,Zone_5A Cool Humid,rur,perm,sfh,2090,0.43000000000000005
C-WEU-AUT,Zone_5A Cool Humid,urb,perm,mfh,2090,0.621
C-WEU-AUT,Zone_5A Cool Humid,urb,perm,sfh,2090,0.379
C-WEU-AUT,Zone_6A Cold Humid,rur,perm,mfh,2090,0.717
C-WEU-AUT,Zone_6A Cold Humid,rur,perm,sfh,2090,0.28300000000000003
C-WEU-AUT,Zone_6A Cold Humid,urb,perm,mfh,2090,0.807
C-WEU-AUT,Zone_6A Cold Humid,urb,perm,sfh,2090,0.19299999999999995
C-WEU-AUT,Zone_7A Very cold Humid,rur,perm,mfh,2090,0.775
C-WEU-AUT,Zone_7A Very cold Humid,rur,perm,sfh,2090,0.22499999999999998
C-WEU-AUT,Zone_7A Very cold Humid,urb,perm,mfh,2090,0.889
C-WEU-AUT,Zone_7A Very cold Humid,urb,perm,sfh,2090,0.11099999999999999
C-WEU-BEL,Zone_4A Mixed Humid,rur,perm,mfh,2090,0.284
C-WEU-BEL,Zone_4A Mixed Humid,rur,perm,sfh,2090,0.716
C-WEU-BEL,Zone_4A Mixed Humid,urb,perm,mfh,2090,0.662
C-WEU-BEL,Zone_4A Mixed Humid,urb,perm,sfh,2090,0.33799999999999997
C-WEU-BEL,Zone_5A Cool Humid,rur,perm,mfh,2090,0.268
C-WEU-BEL,Zone_5A Cool Humid,rur,perm,sfh,2090,0.732
C-WEU-BEL,Zone_5A Cool Humid,urb,perm,mfh,2090,0.492
C-WEU-BEL,Zone_5A Cool Humid,urb,perm,sfh,2090,0.508
C-WEU-CYP,Zone_3A Warm Humid,urb,perm,mfh,2090,0.523
C-WEU-CYP,Zone_3A Warm Humid,urb,perm,sfh,2090,0.477
C-WEU-DEU,Zone_4A Mixed Humid,rur,perm,mfh,2090,0.601
C-WEU-DEU,Zone_4A Mixed Humid,rur,perm,sfh,2090,0.399
C-WEU-DEU,Zone_4A Mixed Humid,urb,perm,mfh,2090,0.842
C-WEU-DEU,Zone_4A Mixed Humid,urb,perm,sfh,2090,0.15800000000000003
C-WEU-DEU,Zone_5A Cool Humid,rur,perm,mfh,2090,0.731
C-WEU-DEU,Zone_5A Cool Humid,rur,perm,sfh,2090,0.269
C-WEU-DEU,Zone_5A Cool Humid,urb,perm,mfh,2090,0.825
C-WEU-DEU,Zone_5A Cool Humid,urb,perm,sfh,2090,0.17500000000000004
C-WEU-DEU,Zone_6A Cold Humid,rur,perm,mfh,2090,0.779
C-WEU-DEU,Zone_6A Cold Humid,rur,perm,sfh,2090,0.22099999999999997
C-WEU-DEU,Zone_6A Cold Humid,urb,perm,mfh,2090,0.855
C-WEU-DEU,Zone_6A Cold Humid,urb,perm,sfh,2090,0.14500000000000002
C-WEU-DNK,Zone_5A Cool Humid,rur,perm,mfh,2090,0.812
C-WEU-DNK,Zone_5A Cool Humid,rur,perm,sfh,2090,0.18799999999999994
C-WEU-DNK,Zone_5A Cool Humid,urb,perm,mfh,2090,0.81
C-WEU-DNK,Zone_5A Cool Humid,urb,perm,sfh,2090,0.18999999999999995
C-WEU-ESP,Zone_4A Mixed Humid,rur,perm,mfh,2090,0.281
C-WEU-ESP,Zone_4A Mixed Humid,rur,perm,sfh,2090,0.719
C-WEU-ESP,Zone_4A Mixed Humid,urb,perm,mfh,2090,0.567
C-WEU-ESP,Zone_4A Mixed Humid,urb,perm,sfh,2090,0.43300000000000005
C-WEU-ESP,Zone_3A Warm Humid,rur,perm,mfh,2090,0.273
C-WEU-ESP,Zone_3A Warm Humid,rur,perm,sfh,2090,0.727
C-WEU-ESP,Zone_3A Warm Humid,urb,perm,mfh,2090,0.63
C-WEU-ESP,Zone_3A Warm Humid,urb,perm,sfh,2090,0.37
C-WEU-ESP,Zone_4C Mixed Marine,rur,perm,mfh,2090,0.355
C-WEU-ESP,Zone_4C Mixed Marine,rur,perm,sfh,2090,0.645
C-WEU-ESP,Zone_4C Mixed Marine,urb,perm,mfh,2090,0.499
C-WEU-ESP,Zone_4C Mixed Marine,urb,perm,sfh,2090,0.501
C-WEU-ESP,Zone_2B Hot Dry,urb,perm,mfh,2090,0.7
C-WEU-ESP,Zone_2B Hot Dry,urb,perm,sfh,2090,0.30000000000000004
C-WEU-ESP,Zone_3B Warm Dry,rur,perm,mfh,2090,0.423
C-WEU-ESP,Zone_3B Warm Dry,rur,perm,sfh,2090,0.577
C-WEU-ESP,Zone_3B Warm Dry,urb,perm,mfh,2090,0.623
C-WEU-ESP,Zone_3B Warm Dry,urb,perm,sfh,2090,0.377
C-WEU-ESP,Zone_3C Warm Marine,urb,perm,mfh,2090,0.644
C-WEU-ESP,Zone_3C Warm Marine,urb,perm,sfh,2090,0.356
C-WEU-FIN,Zone_6A Cold Humid,rur,perm,mfh,2090,0.724
C-WEU-FIN,Zone_6A Cold Humid,rur,perm,sfh,2090,0.276
C-WEU-FIN,Zone_6A Cold Humid,urb,perm,mfh,2090,0.82
C-WEU-FIN,Zone_6A Cold Humid,urb,perm,sfh,2090,0.18000000000000005
C-WEU-FIN,Zone_7A Very cold Humid,rur,perm,mfh,2090,0.682
C-WEU-FIN,Zone_7A Very cold Humid,rur,perm,sfh,2090,0.31799999999999995
C-WEU-FIN,Zone_7A Very cold Humid,urb,perm,mfh,2090,0.746
C-WEU-FIN,Zone_7A Very cold Humid,urb,perm,sfh,2090,0.254
C-WEU-FRA,Zone_4A Mixed Humid,rur,perm,mfh,2090,0.317
C-WEU-FRA,Zone_4A Mixed Humid,rur,perm,sfh,2090,0.683
C-WEU-FRA,Zone_4A Mixed Humid,urb,perm,mfh,2090,0.638
C-WEU-FRA,Zone_4A Mixed Humid,urb,perm,sfh,2090,0.362
C-WEU-FRA,Zone_5A Cool Humid,rur,perm,mfh,2090,0.313
C-WEU-FRA,Zone_5A Cool Humid,rur,perm,sfh,2090,0.687
C-WEU-FRA,Zone_5A Cool Humid,urb,perm,mfh,2090,0.681
C-WEU-FRA,Zone_5A Cool Humid,urb,perm,sfh,2090,0.31899999999999995
C-WEU-FRA,Zone_3A Warm Humid,rur,perm,mfh,2090,0.354
C-WEU-FRA,Zone_3A Warm Humid,rur,perm,sfh,2090,0.646
C-WEU-FRA,Zone_3A Warm Humid,urb,perm,mfh,2090,0.626
C-WEU-FRA,Zone_3A Warm Humid,urb,perm,sfh,2090,0.374
C-WEU-FRA,Zone_4C Mixed Marine,rur,perm,mfh,2090,0.56
C-WEU-FRA,Zone_4C Mixed Marine,rur,perm,sfh,2090,0.43999999999999995
C-WEU-FRA,Zone_7A Very cold Humid,urb,perm,mfh,2090,0.79
C-WEU-FRA,Zone_7A Very cold Humid,urb,perm,sfh,2090,0.20999999999999996
C-WEU-FRA,Zone_3C Warm Marine,urb,perm,mfh,2090,0.859
C-WEU-FRA,Zone_3C Warm Marine,urb,perm,sfh,2090,0.14100000000000001
C-WEU-FRA,Zone_1A Very hot Humid,urb,perm,mfh,2090,0.471
C-WEU-FRA,Zone_1A Very hot Humid,urb,perm,sfh,2090,0.529
C-WEU-FRA,Zone_2A Hot Humid,urb,perm,mfh,2090,0.4
C-WEU-FRA,Zone_2A Hot Humid,urb,perm,sfh,2090,0.6
C-WEU-GRC,Zone_4A Mixed Humid,rur,perm,mfh,2090,0.379
C-WEU-GRC,Zone_4A Mixed Humid,rur,perm,sfh,2090,0.621
C-WEU-GRC,Zone_4A Mixed Humid,urb,perm,mfh,2090,0.591
C-WEU-GRC,Zone_4A Mixed Humid,urb,perm,sfh,2090,0.40900000000000003
C-WEU-GRC,Zone_5A Cool Humid,rur,perm,mfh,2090,0.411
C-WEU-GRC,Zone_5A Cool Humid,rur,perm,sfh,2090,0.589
C-WEU-GRC,Zone_5A Cool Humid,urb,perm,mfh,2090,0.54
C-WEU-GRC,Zone_5A Cool Humid,urb,perm,sfh,2090,0.45999999999999996
C-WEU-GRC,Zone_3A Warm Humid,rur,perm,mfh,2090,0.455
C-WEU-GRC,Zone_3A Warm Humid,rur,perm,sfh,2090,0.5449999999999999
C-WEU-GRC,Zone_3A Warm Humid,urb,perm,mfh,2090,0.663
C-WEU-GRC,Zone_3A Warm Humid,urb,perm,sfh,2090,0.33699999999999997
C-WEU-GRC,Zone_4C Mixed Marine,urb,perm,mfh,2090,0.49
C-WEU-GRC,Zone_4C Mixed Marine,urb,perm,sfh,2090,0.51
C-WEU-GRC,Zone_5C Cool Marine,urb,perm,mfh,2090,0.564
C-WEU-GRC,Zone_5C Cool Marine,urb,perm,sfh,2090,0.43600000000000005
C-WEU-IRL,Zone_4A Mixed Humid,rur,perm,mfh,2090,0.146
C-WEU-IRL,Zone_4A Mixed Humid,rur,perm,sfh,2090,0.854
C-WEU-IRL,Zone_5A Cool Humid,rur,perm,mfh,2090,0.152
C-WEU-IRL,Zone_5A Cool Humid,rur,perm,sfh,2090,0.848
C-WEU-IRL,Zone_5A Cool Humid,urb,perm,mfh,2090,0.376
C-WEU-IRL,Zone_5A Cool Humid,urb,perm,sfh,2090,0.624
C-WEU-ITA,Zone_4A Mixed Humid,rur,perm,mfh,2090,0.695
C-WEU-ITA,Zone_4A Mixed Humid,rur,perm,sfh,2090,0.30500000000000005
C-WEU-ITA,Zone_4A Mixed Humid,urb,perm,mfh,2090,0.812
C-WEU-ITA,Zone_4A Mixed Humid,urb,perm,sfh,2090,0.18799999999999994
C-WEU-ITA,Zone_5A Cool Humid,urb,perm,mfh,2090,0.792
C-WEU-ITA,Zone_5A Cool Humid,urb,perm,sfh,2090,0.20799999999999996
C-WEU-ITA,Zone_6A Cold Humid,urb,perm,mfh,2090,0.839
C-WEU-ITA,Zone_6A Cold Humid,urb,perm,sfh,2090,0.16100000000000003
C-WEU-ITA,Zone_3A Warm Humid,rur,perm,mfh,2090,0.684
C-WEU-ITA,Zone_3A Warm Humid,rur,perm,sfh,2090,0.31599999999999995
C-WEU-ITA,Zone_3A Warm Humid,urb,perm,mfh,2090,0.771
C-WEU-ITA,Zone_3A Warm Humid,urb,perm,sfh,2090,0.22899999999999998
C-WEU-ITA,Zone_4C Mixed Marine,rur,perm,mfh,2090,0.656
C-WEU-ITA,Zone_4C Mixed Marine,rur,perm,sfh,2090,0.344
C-WEU-ITA,Zone_4C Mixed Marine,urb,perm,mfh,2090,0.846
C-WEU-ITA,Zone_4C Mixed Marine,urb,perm,sfh,2090,0.15400000000000003
C-WEU-ITA,Zone_7A Very cold Humid,rur,perm,mfh,2090,0.8
C-WEU-ITA,Zone_7A Very cold Humid,rur,perm,sfh,2090,0.19999999999999996
C-WEU-ITA,Zone_7A Very cold Humid,urb,perm,mfh,2090,0.8
C-WEU-ITA,Zone_7A Very cold Humid,urb,perm,sfh,2090,0.19999999999999996
C-WEU-ITA,Zone_5C Cool Marine,urb,perm,mfh,2090,0.693
C-WEU-ITA,Zone_5C Cool Marine,urb,perm,sfh,2090,0.30700000000000005
C-WEU-LUX,Zone_5A Cool Humid,urb,perm,mfh,2090,0.985
C-WEU-LUX,Zone_5A Cool Humid,urb,perm,sfh,2090,0.015000000000000013
C-WEU-MLT,Zone_3A Warm Humid,urb,perm,mfh,2090,0.5
C-WEU-MLT,Zone_3A Warm Humid,urb,perm,sfh,2090,0.5
C-WEU-NLD,Zone_4A Mixed Humid,rur,perm,mfh,2090,0.191
C-WEU-NLD,Zone_4A Mixed Humid,rur,perm,sfh,2090,0.8089999999999999
C-WEU-NLD,Zone_4A Mixed Humid,urb,perm,mfh,2090,0.602
C-WEU-NLD,Zone_4A Mixed Humid,urb,perm,sfh,2090,0.398
C-WEU-NLD,Zone_5A Cool Humid,urb,perm,mfh,2090,0.411
C-WEU-NLD,Zone_5A Cool Humid,urb,perm,sfh,2090,0.589
C-WEU-PRT,Zone_4A Mixed Humid,rur,perm,mfh,2090,0.192
C-WEU-PRT,Zone_4A Mixed Humid,rur,perm,sfh,2090,0.808
C-WEU-PRT,Zone_3A Warm Humid,rur,perm,mfh,2090,0.229
C-WEU-PRT,Zone_3A Warm Humid,rur,perm,sfh,2090,0.771
C-WEU-PRT,Zone_3A Warm Humid,urb,perm,mfh,2090,0.677
C-WEU-PRT,Zone_3A Warm Humid,urb,perm,sfh,2090,0.32299999999999995
C-WEU-PRT,Zone_4C Mixed Marine,rur,perm,mfh,2090,0.127
C-WEU-PRT,Zone_4C Mixed Marine,rur,perm,sfh,2090,0.873
C-WEU-PRT,Zone_4C Mixed Marine,urb,perm,mfh,2090,0.335
C-WEU-PRT,Zone_4C Mixed Marine,urb,perm,sfh,2090,0.665
C-WEU-PRT,Zone_3C Warm Marine,rur,perm,mfh,2090,0.195
C-WEU-PRT,Zone_3C Warm Marine,rur,perm,sfh,2090,0.8049999999999999
C-WEU-PRT,Zone_3C Warm Marine,urb,perm,mfh,2090,0.405
C-WEU-PRT,Zone_3C Warm Marine,urb,perm,sfh,2090,0.595
C-WEU-SWE,Zone_5A Cool Humid,rur,perm,mfh,2090,0.107
C-WEU-SWE,Zone_5A Cool Humid,rur,perm,sfh,2090,0.893
C-WEU-SWE,Zone_5A Cool Humid,urb,perm,mfh,2090,0.303
C-WEU-SWE,Zone_5A Cool Humid,urb,perm,sfh,2090,0.6970000000000001
C-WEU-SWE,Zone_6A Cold Humid,rur,perm,mfh,2090,0.161
C-WEU-SWE,Zone_6A Cold Humid,rur,perm,sfh,2090,0.839
C-WEU-SWE,Zone_6A Cold Humid,urb,perm,mfh,2090,0.328
C-WEU-SWE,Zone_6A Cold Humid,urb,perm,sfh,2090,0.6719999999999999
C-WEU-SWE,Zone_7A Very cold Humid,rur,perm,mfh,2090,0.123
C-WEU-SWE,Zone_7A Very cold Humid,rur,perm,sfh,2090,0.877
C-WEU-SWE,Zone_7A Very cold Humid,urb,perm,mfh,2090,0.187
C-WEU-SWE,Zone_7A Very cold Humid,urb,perm,sfh,2090,0.813
C-WEU-SWE,Zone_8A Subarctic/arctic Humid,urb,perm,mfh,2090,0.226
C-WEU-SWE,Zone_8A Subarctic/arctic Humid,urb,perm,sfh,2090,0.774
C-EEU-BGR,Zone_4A Mixed Humid,rur,perm,mfh,2095,0.279
C-EEU-BGR,Zone_4A Mixed Humid,rur,perm,sfh,2095,0.721
C-EEU-BGR,Zone_4A Mixed Humid,urb,perm,mfh,2095,0.466
C-EEU-BGR,Zone_4A Mixed Humid,urb,perm,sfh,2095,0.534
C-EEU-BGR,Zone_5A Cool Humid,rur,perm,mfh,2095,0.648
C-EEU-BGR,Zone_5A Cool Humid,rur,perm,sfh,2095,0.352
C-EEU-BGR,Zone_5A Cool Humid,urb,perm,mfh,2095,0.525
C-EEU-BGR,Zone_5A Cool Humid,urb,perm,sfh,2095,0.475
C-EEU-CZE,Zone_5A Cool Humid,rur,perm,mfh,2095,0.517
C-EEU-CZE,Zone_5A Cool Humid,rur,perm,sfh,2095,0.483
C-EEU-CZE,Zone_5A Cool Humid,urb,perm,mfh,2095,0.647
C-EEU-CZE,Zone_5A Cool Humid,urb,perm,sfh,2095,0.353
C-EEU-EST,Zone_6A Cold Humid,rur,perm,mfh,2095,0.56
C-EEU-EST,Zone_6A Cold Humid,rur,perm,sfh,2095,0.43999999999999995
C-EEU-EST,Zone_6A Cold Humid,urb,perm,mfh,2095,0.755
C-EEU-EST,Zone_6A Cold Humid,urb,perm,sfh,2095,0.245
C-EEU-HRV,Zone_4A Mixed Humid,rur,perm,mfh,2095,0.276
C-EEU-HRV,Zone_4A Mixed Humid,rur,perm,sfh,2095,0.724
C-EEU-HRV,Zone_4A Mixed Humid,urb,perm,mfh,2095,0.617
C-EEU-HRV,Zone_4A Mixed Humid,urb,perm,sfh,2095,0.383
C-EEU-HRV,Zone_5A Cool Humid,rur,perm,mfh,2095,0.488
C-EEU-HRV,Zone_5A Cool Humid,rur,perm,sfh,2095,0.512
C-EEU-HRV,Zone_3A Warm Humid,rur,perm,mfh,2095,0.613
C-EEU-HRV,Zone_3A Warm Humid,rur,perm,sfh,2095,0.387
C-EEU-HRV,Zone_4C Mixed Marine,rur,perm,mfh,2095,0.652
C-EEU-HRV,Zone_4C Mixed Marine,rur,perm,sfh,2095,0.348
C-EEU-HUN,Zone_4A Mixed Humid,rur,perm,mfh,2095,0.428
C-EEU-HUN,Zone_4A Mixed Humid,rur,perm,sfh,2095,0.5720000000000001
C-EEU-HUN,Zone_4A Mixed Humid,urb,perm,mfh,2095,0.65
C-EEU-HUN,Zone_4A Mixed Humid,urb,perm,sfh,2095,0.35
C-EEU-HUN,Zone_5A Cool Humid,rur,perm,mfh,2095,0.315
C-EEU-HUN,Zone_5A Cool Humid,rur,perm,sfh,2095,0.685
C-EEU-HUN,Zone_5A Cool Humid,urb,perm,mfh,2095,0.419
C-EEU-HUN,Zone_5A Cool Humid,urb,perm,sfh,2095,0.581
C-EEU-LTU,Zone_5A Cool Humid,rur,perm,mfh,2095,0.524
C-EEU-LTU,Zone_5A Cool Humid,rur,perm,sfh,2095,0.476
C-EEU-LTU,Zone_5A Cool Humid,urb,perm,mfh,2095,0.815
C-EEU-LTU,Zone_5A Cool Humid,urb,perm,sfh,2095,0.18500000000000005
C-EEU-LTU,Zone_6A Cold Humid,rur,perm,mfh,2095,0.5
C-EEU-LTU,Zone_6A Cold Humid,rur,perm,sfh,2095,0.5
C-EEU-LTU,Zone_6A Cold Humid,urb,perm,mfh,2095,0.573
C-EEU-LTU,Zone_6A Cold Humid,urb,perm,sfh,2095,0.42700000000000005
C-EEU-LVA,Zone_6A Cold Humid,rur,perm,mfh,2095,0.519
C-EEU-LVA,Zone_6A Cold Humid,rur,perm,sfh,2095,0.481
C-EEU-LVA,Zone_6A Cold Humid,urb,perm,mfh,2095,0.709
C-EEU-LVA,Zone_6A Cold Humid,urb,perm,sfh,2095,0.29100000000000004
C-EEU-POL,Zone_5A Cool Humid,rur,perm,mfh,2095,0.484
C-EEU-POL,Zone_5A Cool Humid,rur,perm,sfh,2095,0.516
C-EEU-POL,Zone_5A Cool Humid,urb,perm,mfh,2095,0.799
C-EEU-POL,Zone_5A Cool Humid,urb,perm,sfh,2095,0.20099999999999996
C-EEU-POL,Zone_6A Cold Humid,rur,perm,mfh,2095,0.406
C-EEU-POL,Zone_6A Cold Humid,rur,perm,sfh,2095,0.594
C-EEU-POL,Zone_6A Cold Humid,urb,perm,mfh,2095,0.579
C-EEU-POL,Zone_6A Cold Humid,urb,perm,sfh,2095,0.42100000000000004
C-EEU-ROU,Zone_4A Mixed Humid,rur,perm,mfh,2095,0.331
C-EEU-ROU,Zone_4A Mixed Humid,rur,perm,sfh,2095,0.669
C-EEU-ROU,Zone_4A Mixed Humid,urb,perm,mfh,2095,0.635
C-EEU-ROU,Zone_4A Mixed Humid,urb,perm,sfh,2095,0.365
C-EEU-ROU,Zone_5A Cool Humid,rur,perm,mfh,2095,0.326
C-EEU-ROU,Zone_5A Cool Humid,rur,perm,sfh,2095,0.6739999999999999
C-EEU-ROU,Zone_5A Cool Humid,urb,perm,mfh,2095,0.474
C-EEU-ROU,Zone_5A Cool Humid,urb,perm,sfh,2095,0.526
C-EEU-ROU,Zone_6A Cold Humid,rur,perm,mfh,2095,0.414
C-EEU-ROU,Zone_6A Cold Humid,rur,perm,sfh,2095,0.5860000000000001
C-EEU-SVK,Zone_5A Cool Humid,rur,perm,mfh,2095,0.385
C-EEU-SVK,Zone_5A Cool Humid,rur,perm,sfh,2095,0.615
C-EEU-SVK,Zone_5A Cool Humid,urb,perm,mfh,2095,0.567
C-EEU-SVK,Zone_5A Cool Humid,urb,perm,sfh,2095,0.43300000000000005
C-EEU-SVK,Zone_6A Cold Humid,rur,perm,mfh,2095,0.412
C-EEU-SVK,Zone_6A Cold Humid,rur,perm,sfh,2095,0.5880000000000001
C-EEU-SVK,Zone_6A Cold Humid,urb,perm,mfh,2095,0.386
C-EEU-SVK,Zone_6A Cold Humid,urb,perm,sfh,2095,0.614
C-EEU-SVN,Zone_4A Mixed Humid,rur,perm,mfh,2095,0.366
C-EEU-SVN,Zone_4A Mixed Humid,rur,perm,sfh,2095,0.634
C-EEU-SVN,Zone_4A Mixed Humid,urb,perm,mfh,2095,0.601
C-EEU-SVN,Zone_4A Mixed Humid,urb,perm,sfh,2095,0.399
C-EEU-SVN,Zone_5A Cool Humid,rur,perm,mfh,2095,0.328
C-EEU-SVN,Zone_5A Cool Humid,rur,perm,sfh,2095,0.6719999999999999
C-EEU-SVN,Zone_5A Cool Humid,urb,perm,mfh,2095,0.629
C-EEU-SVN,Zone_5A Cool Humid,urb,perm,sfh,2095,0.371
C-EEU-SVN,Zone_7A Very cold Humid,rur,perm,mfh,2095,0.397
C-EEU-SVN,Zone_7A Very cold Humid,rur,perm,sfh,2095,0.603
C-WEU-AUT,Zone_4A Mixed Humid,rur,perm,mfh,2095,0.472
C-WEU-AUT,Zone_4A Mixed Humid,rur,perm,sfh,2095,0.528
C-WEU-AUT,Zone_4A Mixed Humid,urb,perm,mfh,2095,0.798
C-WEU-AUT,Zone_4A Mixed Humid,urb,perm,sfh,2095,0.20199999999999996
C-WEU-AUT,Zone_5A Cool Humid,rur,perm,mfh,2095,0.57
C-WEU-AUT,Zone_5A Cool Humid,rur,perm,sfh,2095,0.43000000000000005
C-WEU-AUT,Zone_5A Cool Humid,urb,perm,mfh,2095,0.621
C-WEU-AUT,Zone_5A Cool Humid,urb,perm,sfh,2095,0.379
C-WEU-AUT,Zone_6A Cold Humid,rur,perm,mfh,2095,0.717
C-WEU-AUT,Zone_6A Cold Humid,rur,perm,sfh,2095,0.28300000000000003
C-WEU-AUT,Zone_6A Cold Humid,urb,perm,mfh,2095,0.807
C-WEU-AUT,Zone_6A Cold Humid,urb,perm,sfh,2095,0.19299999999999995
C-WEU-AUT,Zone_7A Very cold Humid,rur,perm,mfh,2095,0.775
C-WEU-AUT,Zone_7A Very cold Humid,rur,perm,sfh,2095,0.22499999999999998
C-WEU-AUT,Zone_7A Very cold Humid,urb,perm,mfh,2095,0.889
C-WEU-AUT,Zone_7A Very cold Humid,urb,perm,sfh,2095,0.11099999999999999
C-WEU-BEL,Zone_4A Mixed Humid,rur,perm,mfh,2095,0.284
C-WEU-BEL,Zone_4A Mixed Humid,rur,perm,sfh,2095,0.716
C-WEU-BEL,Zone_4A Mixed Humid,urb,perm,mfh,2095,0.662
C-WEU-BEL,Zone_4A Mixed Humid,urb,perm,sfh,2095,0.33799999999999997
C-WEU-BEL,Zone_5A Cool Humid,rur,perm,mfh,2095,0.268
C-WEU-BEL,Zone_5A Cool Humid,rur,perm,sfh,2095,0.732
C-WEU-BEL,Zone_5A Cool Humid,urb,perm,mfh,2095,0.492
C-WEU-BEL,Zone_5A Cool Humid,urb,perm,sfh,2095,0.508
C-WEU-CYP,Zone_3A Warm Humid,urb,perm,mfh,2095,0.523
C-WEU-CYP,Zone_3A Warm Humid,urb,perm,sfh,2095,0.477
C-WEU-DEU,Zone_4A Mixed Humid,rur,perm,mfh,2095,0.601
C-WEU-DEU,Zone_4A Mixed Humid,rur,perm,sfh,2095,0.399
C-WEU-DEU,Zone_4A Mixed Humid,urb,perm,mfh,2095,0.842
C-WEU-DEU,Zone_4A Mixed Humid,urb,perm,sfh,2095,0.15800000000000003
C-WEU-DEU,Zone_5A Cool Humid,rur,perm,mfh,2095,0.731
C-WEU-DEU,Zone_5A Cool Humid,rur,perm,sfh,2095,0.269
C-WEU-DEU,Zone_5A Cool Humid,urb,perm,mfh,2095,0.825
C-WEU-DEU,Zone_5A Cool Humid,urb,perm,sfh,2095,0.17500000000000004
C-WEU-DEU,Zone_6A Cold Humid,rur,perm,mfh,2095,0.779
C-WEU-DEU,Zone_6A Cold Humid,rur,perm,sfh,2095,0.22099999999999997
C-WEU-DEU,Zone_6A Cold Humid,urb,perm,mfh,2095,0.855
C-WEU-DEU,Zone_6A Cold Humid,urb,perm,sfh,2095,0.14500000000000002
C-WEU-DNK,Zone_5A Cool Humid,rur,perm,mfh,2095,0.812
C-WEU-DNK,Zone_5A Cool Humid,rur,perm,sfh,2095,0.18799999999999994
C-WEU-DNK,Zone_5A Cool Humid,urb,perm,mfh,2095,0.81
C-WEU-DNK,Zone_5A Cool Humid,urb,perm,sfh,2095,0.18999999999999995
C-WEU-ESP,Zone_4A Mixed Humid,rur,perm,mfh,2095,0.281
C-WEU-ESP,Zone_4A Mixed Humid,rur,perm,sfh,2095,0.719
C-WEU-ESP,Zone_4A Mixed Humid,urb,perm,mfh,2095,0.567
C-WEU-ESP,Zone_4A Mixed Humid,urb,perm,sfh,2095,0.43300000000000005
C-WEU-ESP,Zone_3A Warm Humid,rur,perm,mfh,2095,0.273
C-WEU-ESP,Zone_3A Warm Humid,rur,perm,sfh,2095,0.727
C-WEU-ESP,Zone_3A Warm Humid,urb,perm,mfh,2095,0.63
C-WEU-ESP,Zone_3A Warm Humid,urb,perm,sfh,2095,0.37
C-WEU-ESP,Zone_4C Mixed Marine,rur,perm,mfh,2095,0.355
C-WEU-ESP,Zone_4C Mixed Marine,rur,perm,sfh,2095,0.645
C-WEU-ESP,Zone_4C Mixed Marine,urb,perm,mfh,2095,0.499
C-WEU-ESP,Zone_4C Mixed Marine,urb,perm,sfh,2095,0.501
C-WEU-ESP,Zone_2B Hot Dry,urb,perm,mfh,2095,0.7
C-WEU-ESP,Zone_2B Hot Dry,urb,perm,sfh,2095,0.30000000000000004
C-WEU-ESP,Zone_3B Warm Dry,rur,perm,mfh,2095,0.423
C-WEU-ESP,Zone_3B Warm Dry,rur,perm,sfh,2095,0.577
C-WEU-ESP,Zone_3B Warm Dry,urb,perm,mfh,2095,0.623
C-WEU-ESP,Zone_3B Warm Dry,urb,perm,sfh,2095,0.377
C-WEU-ESP,Zone_3C Warm Marine,urb,perm,mfh,2095,0.644
C-WEU-ESP,Zone_3C Warm Marine,urb,perm,sfh,2095,0.356
C-WEU-FIN,Zone_6A Cold Humid,rur,perm,mfh,2095,0.724
C-WEU-FIN,Zone_6A Cold Humid,rur,perm,sfh,2095,0.276
C-WEU-FIN,Zone_6A Cold Humid,urb,perm,mfh,2095,0.82
C-WEU-FIN,Zone_6A Cold Humid,urb,perm,sfh,2095,0.18000000000000005
C-WEU-FIN,Zone_7A Very cold Humid,rur,perm,mfh,2095,0.682
C-WEU-FIN,Zone_7A Very cold Humid,rur,perm,sfh,2095,0.31799999999999995
C-WEU-FIN,Zone_7A Very cold Humid,urb,perm,mfh,2095,0.746
C-WEU-FIN,Zone_7A Very cold Humid,urb,perm,sfh,2095,0.254
C-WEU-FRA,Zone_4A Mixed Humid,rur,perm,mfh,2095,0.317
C-WEU-FRA,Zone_4A Mixed Humid,rur,perm,sfh,2095,0.683
C-WEU-FRA,Zone_4A Mixed Humid,urb,perm,mfh,2095,0.638
C-WEU-FRA,Zone_4A Mixed Humid,urb,perm,sfh,2095,0.362
C-WEU-FRA,Zone_5A Cool Humid,rur,perm,mfh,2095,0.313
C-WEU-FRA,Zone_5A Cool Humid,rur,perm,sfh,2095,0.687
C-WEU-FRA,Zone_5A Cool Humid,urb,perm,mfh,2095,0.681
C-WEU-FRA,Zone_5A Cool Humid,urb,perm,sfh,2095,0.31899999999999995
C-WEU-FRA,Zone_3A Warm Humid,rur,perm,mfh,2095,0.354
C-WEU-FRA,Zone_3A Warm Humid,rur,perm,sfh,2095,0.646
C-WEU-FRA,Zone_3A Warm Humid,urb,perm,mfh,2095,0.626
C-WEU-FRA,Zone_3A Warm Humid,urb,perm,sfh,2095,0.374
C-WEU-FRA,Zone_4C Mixed Marine,rur,perm,mfh,2095,0.56
C-WEU-FRA,Zone_4C Mixed Marine,rur,perm,sfh,2095,0.43999999999999995
C-WEU-FRA,Zone_7A Very cold Humid,urb,perm,mfh,2095,0.79
C-WEU-FRA,Zone_7A Very cold Humid,urb,perm,sfh,2095,0.20999999999999996
C-WEU-FRA,Zone_3C Warm Marine,urb,perm,mfh,2095,0.859
C-WEU-FRA,Zone_3C Warm Marine,urb,perm,sfh,2095,0.14100000000000001
C-WEU-FRA,Zone_1A Very hot Humid,urb,perm,mfh,2095,0.471
C-WEU-FRA,Zone_1A Very hot Humid,urb,perm,sfh,2095,0.529
C-WEU-FRA,Zone_2A Hot Humid,urb,perm,mfh,2095,0.4
C-WEU-FRA,Zone_2A Hot Humid,urb,perm,sfh,2095,0.6
C-WEU-GRC,Zone_4A Mixed Humid,rur,perm,mfh,2095,0.379
C-WEU-GRC,Zone_4A Mixed Humid,rur,perm,sfh,2095,0.621
C-WEU-GRC,Zone_4A Mixed Humid,urb,perm,mfh,2095,0.591
C-WEU-GRC,Zone_4A Mixed Humid,urb,perm,sfh,2095,0.40900000000000003
C-WEU-GRC,Zone_5A Cool Humid,rur,perm,mfh,2095,0.411
C-WEU-GRC,Zone_5A Cool Humid,rur,perm,sfh,2095,0.589
C-WEU-GRC,Zone_5A Cool Humid,urb,perm,mfh,2095,0.54
C-WEU-GRC,Zone_5A Cool Humid,urb,perm,sfh,2095,0.45999999999999996
C-WEU-GRC,Zone_3A Warm Humid,rur,perm,mfh,2095,0.455
C-WEU-GRC,Zone_3A Warm Humid,rur,perm,sfh,2095,0.5449999999999999
C-WEU-GRC,Zone_3A Warm Humid,urb,perm,mfh,2095,0.663
C-WEU-GRC,Zone_3A Warm Humid,urb,perm,sfh,2095,0.33699999999999997
C-WEU-GRC,Zone_4C Mixed Marine,urb,perm,mfh,2095,0.49
C-WEU-GRC,Zone_4C Mixed Marine,urb,perm,sfh,2095,0.51
C-WEU-GRC,Zone_5C Cool Marine,urb,perm,mfh,2095,0.564
C-WEU-GRC,Zone_5C Cool Marine,urb,perm,sfh,2095,0.43600000000000005
C-WEU-IRL,Zone_4A Mixed Humid,rur,perm,mfh,2095,0.146
C-WEU-IRL,Zone_4A Mixed Humid,rur,perm,sfh,2095,0.854
C-WEU-IRL,Zone_5A Cool Humid,rur,perm,mfh,2095,0.152
C-WEU-IRL,Zone_5A Cool Humid,rur,perm,sfh,2095,0.848
C-WEU-IRL,Zone_5A Cool Humid,urb,perm,mfh,2095,0.376
C-WEU-IRL,Zone_5A Cool Humid,urb,perm,sfh,2095,0.624
C-WEU-ITA,Zone_4A Mixed Humid,rur,perm,mfh,2095,0.695
C-WEU-ITA,Zone_4A Mixed Humid,rur,perm,sfh,2095,0.30500000000000005
C-WEU-ITA,Zone_4A Mixed Humid,urb,perm,mfh,2095,0.812
C-WEU-ITA,Zone_4A Mixed Humid,urb,perm,sfh,2095,0.18799999999999994
C-WEU-ITA,Zone_5A Cool Humid,urb,perm,mfh,2095,0.792
C-WEU-ITA,Zone_5A Cool Humid,urb,perm,sfh,2095,0.20799999999999996
C-WEU-ITA,Zone_6A Cold Humid,urb,perm,mfh,2095,0.839
C-WEU-ITA,Zone_6A Cold Humid,urb,perm,sfh,2095,0.16100000000000003
C-WEU-ITA,Zone_3A Warm Humid,rur,perm,mfh,2095,0.684
C-WEU-ITA,Zone_3A Warm Humid,rur,perm,sfh,2095,0.31599999999999995
C-WEU-ITA,Zone_3A Warm Humid,urb,perm,mfh,2095,0.771
C-WEU-ITA,Zone_3A Warm Humid,urb,perm,sfh,2095,0.22899999999999998
C-WEU-ITA,Zone_4C Mixed Marine,rur,perm,mfh,2095,0.656
C-WEU-ITA,Zone_4C Mixed Marine,rur,perm,sfh,2095,0.344
C-WEU-ITA,Zone_4C Mixed Marine,urb,perm,mfh,2095,0.846
C-WEU-ITA,Zone_4C Mixed Marine,urb,perm,sfh,2095,0.15400000000000003
C-WEU-ITA,Zone_7A Very cold Humid,rur,perm,mfh,2095,0.8
C-WEU-ITA,Zone_7A Very cold Humid,rur,perm,sfh,2095,0.19999999999999996
C-WEU-ITA,Zone_7A Very cold Humid,urb,perm,mfh,2095,0.8
C-WEU-ITA,Zone_7A Very cold Humid,urb,perm,sfh,2095,0.19999999999999996
C-WEU-ITA,Zone_5C Cool Marine,urb,perm,mfh,2095,0.693
C-WEU-ITA,Zone_5C Cool Marine,urb,perm,sfh,2095,0.30700000000000005
C-WEU-LUX,Zone_5A Cool Humid,urb,perm,mfh,2095,0.985
C-WEU-LUX,Zone_5A Cool Humid,urb,perm,sfh,2095,0.015000000000000013
C-WEU-MLT,Zone_3A Warm Humid,urb,perm,mfh,2095,0.5
C-WEU-MLT,Zone_3A Warm Humid,urb,perm,sfh,2095,0.5
C-WEU-NLD,Zone_4A Mixed Humid,rur,perm,mfh,2095,0.191
C-WEU-NLD,Zone_4A Mixed Humid,rur,perm,sfh,2095,0.8089999999999999
C-WEU-NLD,Zone_4A Mixed Humid,urb,perm,mfh,2095,0.602
C-WEU-NLD,Zone_4A Mixed Humid,urb,perm,sfh,2095,0.398
C-WEU-NLD,Zone_5A Cool Humid,urb,perm,mfh,2095,0.411
C-WEU-NLD,Zone_5A Cool Humid,urb,perm,sfh,2095,0.589
C-WEU-PRT,Zone_4A Mixed Humid,rur,perm,mfh,2095,0.192
C-WEU-PRT,Zone_4A Mixed Humid,rur,perm,sfh,2095,0.808
C-WEU-PRT,Zone_3A Warm Humid,rur,perm,mfh,2095,0.229
C-WEU-PRT,Zone_3A Warm Humid,rur,perm,sfh,2095,0.771
C-WEU-PRT,Zone_3A Warm Humid,urb,perm,mfh,2095,0.677
C-WEU-PRT,Zone_3A Warm Humid,urb,perm,sfh,2095,0.32299999999999995
C-WEU-PRT,Zone_4C Mixed Marine,rur,perm,mfh,2095,0.127
C-WEU-PRT,Zone_4C Mixed Marine,rur,perm,sfh,2095,0.873
C-WEU-PRT,Zone_4C Mixed Marine,urb,perm,mfh,2095,0.335
C-WEU-PRT,Zone_4C Mixed Marine,urb,perm,sfh,2095,0.665
C-WEU-PRT,Zone_3C Warm Marine,rur,perm,mfh,2095,0.195
C-WEU-PRT,Zone_3C Warm Marine,rur,perm,sfh,2095,0.8049999999999999
C-WEU-PRT,Zone_3C Warm Marine,urb,perm,mfh,2095,0.405
C-WEU-PRT,Zone_3C Warm Marine,urb,perm,sfh,2095,0.595
C-WEU-SWE,Zone_5A Cool Humid,rur,perm,mfh,2095,0.107
C-WEU-SWE,Zone_5A Cool Humid,rur,perm,sfh,2095,0.893
C-WEU-SWE,Zone_5A Cool Humid,urb,perm,mfh,2095,0.303
C-WEU-SWE,Zone_5A Cool Humid,urb,perm,sfh,2095,0.6970000000000001
C-WEU-SWE,Zone_6A Cold Humid,rur,perm,mfh,2095,0.161
C-WEU-SWE,Zone_6A Cold Humid,rur,perm,sfh,2095,0.839
C-WEU-SWE,Zone_6A Cold Humid,urb,perm,mfh,2095,0.328
C-WEU-SWE,Zone_6A Cold Humid,urb,perm,sfh,2095,0.6719999999999999
C-WEU-SWE,Zone_7A Very cold Humid,rur,perm,mfh,2095,0.123
C-WEU-SWE,Zone_7A Very cold Humid,rur,perm,sfh,2095,0.877
C-WEU-SWE,Zone_7A Very cold Humid,urb,perm,mfh,2095,0.187
C-WEU-SWE,Zone_7A Very cold Humid,urb,perm,sfh,2095,0.813
C-WEU-SWE,Zone_8A Subarctic/arctic Humid,urb,perm,mfh,2095,0.226
C-WEU-SWE,Zone_8A Subarctic/arctic Humid,urb,perm,sfh,2095,0.774
C-EEU-BGR,Zone_4A Mixed Humid,rur,perm,mfh,2100,0.279
C-EEU-BGR,Zone_4A Mixed Humid,rur,perm,sfh,2100,0.721
C-EEU-BGR,Zone_4A Mixed Humid,urb,perm,mfh,2100,0.466
C-EEU-BGR,Zone_4A Mixed Humid,urb,perm,sfh,2100,0.534
C-EEU-BGR,Zone_5A Cool Humid,rur,perm,mfh,2100,0.648
C-EEU-BGR,Zone_5A Cool Humid,rur,perm,sfh,2100,0.352
C-EEU-BGR,Zone_5A Cool Humid,urb,perm,mfh,2100,0.525
C-EEU-BGR,Zone_5A Cool Humid,urb,perm,sfh,2100,0.475
C-EEU-CZE,Zone_5A Cool Humid,rur,perm,mfh,2100,0.517
C-EEU-CZE,Zone_5A Cool Humid,rur,perm,sfh,2100,0.483
C-EEU-CZE,Zone_5A Cool Humid,urb,perm,mfh,2100,0.647
C-EEU-CZE,Zone_5A Cool Humid,urb,perm,sfh,2100,0.353
C-EEU-EST,Zone_6A Cold Humid,rur,perm,mfh,2100,0.56
C-EEU-EST,Zone_6A Cold Humid,rur,perm,sfh,2100,0.43999999999999995
C-EEU-EST,Zone_6A Cold Humid,urb,perm,mfh,2100,0.755
C-EEU-EST,Zone_6A Cold Humid,urb,perm,sfh,2100,0.245
C-EEU-HRV,Zone_4A Mixed Humid,rur,perm,mfh,2100,0.276
C-EEU-HRV,Zone_4A Mixed Humid,rur,perm,sfh,2100,0.724
C-EEU-HRV,Zone_4A Mixed Humid,urb,perm,mfh,2100,0.617
C-EEU-HRV,Zone_4A Mixed Humid,urb,perm,sfh,2100,0.383
C-EEU-HRV,Zone_5A Cool Humid,rur,perm,mfh,2100,0.488
C-EEU-HRV,Zone_5A Cool Humid,rur,perm,sfh,2100,0.512
C-EEU-HRV,Zone_3A Warm Humid,rur,perm,mfh,2100,0.613
C-EEU-HRV,Zone_3A Warm Humid,rur,perm,sfh,2100,0.387
C-EEU-HRV,Zone_4C Mixed Marine,rur,perm,mfh,2100,0.652
C-EEU-HRV,Zone_4C Mixed Marine,rur,perm,sfh,2100,0.348
C-EEU-HUN,Zone_4A Mixed Humid,rur,perm,mfh,2100,0.428
C-EEU-HUN,Zone_4A Mixed Humid,rur,perm,sfh,2100,0.5720000000000001
C-EEU-HUN,Zone_4A Mixed Humid,urb,perm,mfh,2100,0.65
C-EEU-HUN,Zone_4A Mixed Humid,urb,perm,sfh,2100,0.35
C-EEU-HUN,Zone_5A Cool Humid,rur,perm,mfh,2100,0.315
C-EEU-HUN,Zone_5A Cool Humid,rur,perm,sfh,2100,0.685
C-EEU-HUN,Zone_5A Cool Humid,urb,perm,mfh,2100,0.419
C-EEU-HUN,Zone_5A Cool Humid,urb,perm,sfh,2100,0.581
C-EEU-LTU,Zone_5A Cool Humid,rur,perm,mfh,2100,0.524
C-EEU-LTU,Zone_5A Cool Humid,rur,perm,sfh,2100,0.476
C-EEU-LTU,Zone_5A Cool Humid,urb,perm,mfh,2100,0.815
C-EEU-LTU,Zone_5A Cool Humid,urb,perm,sfh,2100,0.18500000000000005
C-EEU-LTU,Zone_6A Cold Humid,rur,perm,mfh,2100,0.5
C-EEU-LTU,Zone_6A Cold Humid,rur,perm,sfh,2100,0.5
C-EEU-LTU,Zone_6A Cold Humid,urb,perm,mfh,2100,0.573
C-EEU-LTU,Zone_6A Cold Humid,urb,perm,sfh,2100,0.42700000000000005
C-EEU-LVA,Zone_6A Cold Humid,rur,perm,mfh,2100,0.519
C-EEU-LVA,Zone_6A Cold Humid,rur,perm,sfh,2100,0.481
C-EEU-LVA,Zone_6A Cold Humid,urb,perm,mfh,2100,0.709
C-EEU-LVA,Zone_6A Cold Humid,urb,perm,sfh,2100,0.29100000000000004
C-EEU-POL,Zone_5A Cool Humid,rur,perm,mfh,2100,0.484
C-EEU-POL,Zone_5A Cool Humid,rur,perm,sfh,2100,0.516
C-EEU-POL,Zone_5A Cool Humid,urb,perm,mfh,2100,0.799
C-EEU-POL,Zone_5A Cool Humid,urb,perm,sfh,2100,0.20099999999999996
C-EEU-POL,Zone_6A Cold Humid,rur,perm,mfh,2100,0.406
C-EEU-POL,Zone_6A Cold Humid,rur,perm,sfh,2100,0.594
C-EEU-POL,Zone_6A Cold Humid,urb,perm,mfh,2100,0.579
C-EEU-POL,Zone_6A Cold Humid,urb,perm,sfh,2100,0.42100000000000004
C-EEU-ROU,Zone_4A Mixed Humid,rur,perm,mfh,2100,0.331
C-EEU-ROU,Zone_4A Mixed Humid,rur,perm,sfh,2100,0.669
C-EEU-ROU,Zone_4A Mixed Humid,urb,perm,mfh,2100,0.635
C-EEU-ROU,Zone_4A Mixed Humid,urb,perm,sfh,2100,0.365
C-EEU-ROU,Zone_5A Cool Humid,rur,perm,mfh,2100,0.326
C-EEU-ROU,Zone_5A Cool Humid,rur,perm,sfh,2100,0.6739999999999999
C-EEU-ROU,Zone_5A Cool Humid,urb,perm,mfh,2100,0.474
C-EEU-ROU,Zone_5A Cool Humid,urb,perm,sfh,2100,0.526
C-EEU-ROU,Zone_6A Cold Humid,rur,perm,mfh,2100,0.414
C-EEU-ROU,Zone_6A Cold Humid,rur,perm,sfh,2100,0.5860000000000001
C-EEU-SVK,Zone_5A Cool Humid,rur,perm,mfh,2100,0.385
C-EEU-SVK,Zone_5A Cool Humid,rur,perm,sfh,2100,0.615
C-EEU-SVK,Zone_5A Cool Humid,urb,perm,mfh,2100,0.567
C-EEU-SVK,Zone_5A Cool Humid,urb,perm,sfh,2100,0.43300000000000005
C-EEU-SVK,Zone_6A Cold Humid,rur,perm,mfh,2100,0.412
C-EEU-SVK,Zone_6A Cold Humid,rur,perm,sfh,2100,0.5880000000000001
C-EEU-SVK,Zone_6A Cold Humid,urb,perm,mfh,2100,0.386
C-EEU-SVK,Zone_6A Cold Humid,urb,perm,sfh,2100,0.614
C-EEU-SVN,Zone_4A Mixed Humid,rur,perm,mfh,2100,0.366
C-EEU-SVN,Zone_4A Mixed Humid,rur,perm,sfh,2100,0.634
C-EEU-SVN,Zone_4A Mixed Humid,urb,perm,mfh,2100,0.601
C-EEU-SVN,Zone_4A Mixed Humid,urb,perm,sfh,2100,0.399
C-EEU-SVN,Zone_5A Cool Humid,rur,perm,mfh,2100,0.328
C-EEU-SVN,Zone_5A Cool Humid,rur,perm,sfh,2100,0.6719999999999999
C-EEU-SVN,Zone_5A Cool Humid,urb,perm,mfh,2100,0.629
C-EEU-SVN,Zone_5A Cool Humid,urb,perm,sfh,2100,0.371
C-EEU-SVN,Zone_7A Very cold Humid,rur,perm,mfh,2100,0.397
C-EEU-SVN,Zone_7A Very cold Humid,rur,perm,sfh,2100,0.603
C-WEU-AUT,Zone_4A Mixed Humid,rur,perm,mfh,2100,0.472
C-WEU-AUT,Zone_4A Mixed Humid,rur,perm,sfh,2100,0.528
C-WEU-AUT,Zone_4A Mixed Humid,urb,perm,mfh,2100,0.798
C-WEU-AUT,Zone_4A Mixed Humid,urb,perm,sfh,2100,0.20199999999999996
C-WEU-AUT,Zone_5A Cool Humid,rur,perm,mfh,2100,0.57
C-WEU-AUT,Zone_5A Cool Humid,rur,perm,sfh,2100,0.43000000000000005
C-WEU-AUT,Zone_5A Cool Humid,urb,perm,mfh,2100,0.621
C-WEU-AUT,Zone_5A Cool Humid,urb,perm,sfh,2100,0.379
C-WEU-AUT,Zone_6A Cold Humid,rur,perm,mfh,2100,0.717
C-WEU-AUT,Zone_6A Cold Humid,rur,perm,sfh,2100,0.28300000000000003
C-WEU-AUT,Zone_6A Cold Humid,urb,perm,mfh,2100,0.807
C-WEU-AUT,Zone_6A Cold Humid,urb,perm,sfh,2100,0.19299999999999995
C-WEU-AUT,Zone_7A Very cold Humid,rur,perm,mfh,2100,0.775
C-WEU-AUT,Zone_7A Very cold Humid,rur,perm,sfh,2100,0.22499999999999998
C-WEU-AUT,Zone_7A Very cold Humid,urb,perm,mfh,2100,0.889
C-WEU-AUT,Zone_7A Very cold Humid,urb,perm,sfh,2100,0.11099999999999999
C-WEU-BEL,Zone_4A Mixed Humid,rur,perm,mfh,2100,0.284
C-WEU-BEL,Zone_4A Mixed Humid,rur,perm,sfh,2100,0.716
C-WEU-BEL,Zone_4A Mixed Humid,urb,perm,mfh,2100,0.662
C-WEU-BEL,Zone_4A Mixed Humid,urb,perm,sfh,2100,0.33799999999999997
C-WEU-BEL,Zone_5A Cool Humid,rur,perm,mfh,2100,0.268
C-WEU-BEL,Zone_5A Cool Humid,rur,perm,sfh,2100,0.732
C-WEU-BEL,Zone_5A Cool Humid,urb,perm,mfh,2100,0.492
C-WEU-BEL,Zone_5A Cool Humid,urb,perm,sfh,2100,0.508
C-WEU-CYP,Zone_3A Warm Humid,urb,perm,mfh,2100,0.523
C-WEU-CYP,Zone_3A Warm Humid,urb,perm,sfh,2100,0.477
C-WEU-DEU,Zone_4A Mixed Humid,rur,perm,mfh,2100,0.601
C-WEU-DEU,Zone_4A Mixed Humid,rur,perm,sfh,2100,0.399
C-WEU-DEU,Zone_4A Mixed Humid,urb,perm,mfh,2100,0.842
C-WEU-DEU,Zone_4A Mixed Humid,urb,perm,sfh,2100,0.15800000000000003
C-WEU-DEU,Zone_5A Cool Humid,rur,perm,mfh,2100,0.731
C-WEU-DEU,Zone_5A Cool Humid,rur,perm,sfh,2100,0.269
C-WEU-DEU,Zone_5A Cool Humid,urb,perm,mfh,2100,0.825
C-WEU-DEU,Zone_5A Cool Humid,urb,perm,sfh,2100,0.17500000000000004
C-WEU-DEU,Zone_6A Cold Humid,rur,perm,mfh,2100,0.779
C-WEU-DEU,Zone_6A Cold Humid,rur,perm,sfh,2100,0.22099999999999997
C-WEU-DEU,Zone_6A Cold Humid,urb,perm,mfh,2100,0.855
C-WEU-DEU,Zone_6A Cold Humid,urb,perm,sfh,2100,0.14500000000000002
C-WEU-DNK,Zone_5A Cool Humid,rur,perm,mfh,2100,0.812
C-WEU-DNK,Zone_5A Cool Humid,rur,perm,sfh,2100,0.18799999999999994
C-WEU-DNK,Zone_5A Cool Humid,urb,perm,mfh,2100,0.81
C-WEU-DNK,Zone_5A Cool Humid,urb,perm,sfh,2100,0.18999999999999995
C-WEU-ESP,Zone_4A Mixed Humid,rur,perm,mfh,2100,0.281
C-WEU-ESP,Zone_4A Mixed Humid,rur,perm,sfh,2100,0.719
C-WEU-ESP,Zone_4A Mixed Humid,urb,perm,mfh,2100,0.567
C-WEU-ESP,Zone_4A Mixed Humid,urb,perm,sfh,2100,0.43300000000000005
C-WEU-ESP,Zone_3A Warm Humid,rur,perm,mfh,2100,0.273
C-WEU-ESP,Zone_3A Warm Humid,rur,perm,sfh,2100,0.727
C-WEU-ESP,Zone_3A Warm Humid,urb,perm,mfh,2100,0.63
C-WEU-ESP,Zone_3A Warm Humid,urb,perm,sfh,2100,0.37
C-WEU-ESP,Zone_4C Mixed Marine,rur,perm,mfh,2100,0.355
C-WEU-ESP,Zone_4C Mixed Marine,rur,perm,sfh,2100,0.645
C-WEU-ESP,Zone_4C Mixed Marine,urb,perm,mfh,2100,0.499
C-WEU-ESP,Zone_4C Mixed Marine,urb,perm,sfh,2100,0.501
C-WEU-ESP,Zone_2B Hot Dry,urb,perm,mfh,2100,0.7
C-WEU-ESP,Zone_2B Hot Dry,urb,perm,sfh,2100,0.30000000000000004
C-WEU-ESP,Zone_3B Warm Dry,rur,perm,mfh,2100,0.423
C-WEU-ESP,Zone_3B Warm Dry,rur,perm,sfh,2100,0.577
C-WEU-ESP,Zone_3B Warm Dry,urb,perm,mfh,2100,0.623
C-WEU-ESP,Zone_3B Warm Dry,urb,perm,sfh,2100,0.377
C-WEU-ESP,Zone_3C Warm Marine,urb,perm,mfh,2100,0.644
C-WEU-ESP,Zone_3C Warm Marine,urb,perm,sfh,2100,0.356
C-WEU-FIN,Zone_6A Cold Humid,rur,perm,mfh,2100,0.724
C-WEU-FIN,Zone_6A Cold Humid,rur,perm,sfh,2100,0.276
C-WEU-FIN,Zone_6A Cold Humid,urb,perm,mfh,2100,0.82
C-WEU-FIN,Zone_6A Cold Humid,urb,perm,sfh,2100,0.18000000000000005
C-WEU-FIN,Zone_7A Very cold Humid,rur,perm,mfh,2100,0.682
C-WEU-FIN,Zone_7A Very cold Humid,rur,perm,sfh,2100,0.31799999999999995
C-WEU-FIN,Zone_7A Very cold Humid,urb,perm,mfh,2100,0.746
C-WEU-FIN,Zone_7A Very cold Humid,urb,perm,sfh,2100,0.254
C-WEU-FRA,Zone_4A Mixed Humid,rur,perm,mfh,2100,0.317
C-WEU-FRA,Zone_4A Mixed Humid,rur,perm,sfh,2100,0.683
C-WEU-FRA,Zone_4A Mixed Humid,urb,perm,mfh,2100,0.638
C-WEU-FRA,Zone_4A Mixed Humid,urb,perm,sfh,2100,0.362
C-WEU-FRA,Zone_5A Cool Humid,rur,perm,mfh,2100,0.313
C-WEU-FRA,Zone_5A Cool Humid,rur,perm,sfh,2100,0.687
C-WEU-FRA,Zone_5A Cool Humid,urb,perm,mfh,2100,0.681
C-WEU-FRA,Zone_5A Cool Humid,urb,perm,sfh,2100,0.31899999999999995
C-WEU-FRA,Zone_3A Warm Humid,rur,perm,mfh,2100,0.354
C-WEU-FRA,Zone_3A Warm Humid,rur,perm,sfh,2100,0.646
C-WEU-FRA,Zone_3A Warm Humid,urb,perm,mfh,2100,0.626
C-WEU-FRA,Zone_3A Warm Humid,urb,perm,sfh,2100,0.374
C-WEU-FRA,Zone_4C Mixed Marine,rur,perm,mfh,2100,0.56
C-WEU-FRA,Zone_4C Mixed Marine,rur,perm,sfh,2100,0.43999999999999995
C-WEU-FRA,Zone_7A Very cold Humid,urb,perm,mfh,2100,0.79
C-WEU-FRA,Zone_7A Very cold Humid,urb,perm,sfh,2100,0.20999999999999996
C-WEU-FRA,Zone_3C Warm Marine,urb,perm,mfh,2100,0.859
C-WEU-FRA,Zone_3C Warm Marine,urb,perm,sfh,2100,0.14100000000000001
C-WEU-FRA,Zone_1A Very hot Humid,urb,perm,mfh,2100,0.471
C-WEU-FRA,Zone_1A Very hot Humid,urb,perm,sfh,2100,0.529
C-WEU-FRA,Zone_2A Hot Humid,urb,perm,mfh,2100,0.4
C-WEU-FRA,Zone_2A Hot Humid,urb,perm,sfh,2100,0.6
C-WEU-GRC,Zone_4A Mixed Humid,rur,perm,mfh,2100,0.379
C-WEU-GRC,Zone_4A Mixed Humid,rur,perm,sfh,2100,0.621
C-WEU-GRC,Zone_4A Mixed Humid,urb,perm,mfh,2100,0.591
C-WEU-GRC,Zone_4A Mixed Humid,urb,perm,sfh,2100,0.40900000000000003
C-WEU-GRC,Zone_5A Cool Humid,rur,perm,mfh,2100,0.411
C-WEU-GRC,Zone_5A Cool Humid,rur,perm,sfh,2100,0.589
C-WEU-GRC,Zone_5A Cool Humid,urb,perm,mfh,2100,0.54
C-WEU-GRC,Zone_5A Cool Humid,urb,perm,sfh,2100,0.45999999999999996
C-WEU-GRC,Zone_3A Warm Humid,rur,perm,mfh,2100,0.455
C-WEU-GRC,Zone_3A Warm Humid,rur,perm,sfh,2100,0.5449999999999999
C-WEU-GRC,Zone_3A Warm Humid,urb,perm,mfh,2100,0.663
C-WEU-GRC,Zone_3A Warm Humid,urb,perm,sfh,2100,0.33699999999999997
C-WEU-GRC,Zone_4C Mixed Marine,urb,perm,mfh,2100,0.49
C-WEU-GRC,Zone_4C Mixed Marine,urb,perm,sfh,2100,0.51
C-WEU-GRC,Zone_5C Cool Marine,urb,perm,mfh,2100,0.564
C-WEU-GRC,Zone_5C Cool Marine,urb,perm,sfh,2100,0.43600000000000005
C-WEU-IRL,Zone_4A Mixed Humid,rur,perm,mfh,2100,0.146
C-WEU-IRL,Zone_4A Mixed Humid,rur,perm,sfh,2100,0.854
C-WEU-IRL,Zone_5A Cool Humid,rur,perm,mfh,2100,0.152
C-WEU-IRL,Zone_5A Cool Humid,rur,perm,sfh,2100,0.848
C-WEU-IRL,Zone_5A Cool Humid,urb,perm,mfh,2100,0.376
C-WEU-IRL,Zone_5A Cool Humid,urb,perm,sfh,2100,0.624
C-WEU-ITA,Zone_4A Mixed Humid,rur,perm,mfh,2100,0.695
C-WEU-ITA,Zone_4A Mixed Humid,rur,perm,sfh,2100,0.30500000000000005
C-WEU-ITA,Zone_4A Mixed Humid,urb,perm,mfh,2100,0.812
C-WEU-ITA,Zone_4A Mixed Humid,urb,perm,sfh,2100,0.18799999999999994
C-WEU-ITA,Zone_5A Cool Humid,urb,perm,mfh,2100,0.792
C-WEU-ITA,Zone_5A Cool Humid,urb,perm,sfh,2100,0.20799999999999996
C-WEU-ITA,Zone_6A Cold Humid,urb,perm,mfh,2100,0.839
C-WEU-ITA,Zone_6A Cold Humid,urb,perm,sfh,2100,0.16100000000000003
C-WEU-ITA,Zone_3A Warm Humid,rur,perm,mfh,2100,0.684
C-WEU-ITA,Zone_3A Warm Humid,rur,perm,sfh,2100,0.31599999999999995
C-WEU-ITA,Zone_3A Warm Humid,urb,perm,mfh,2100,0.771
C-WEU-ITA,Zone_3A Warm Humid,urb,perm,sfh,2100,0.22899999999999998
C-WEU-ITA,Zone_4C Mixed Marine,rur,perm,mfh,2100,0.656
C-WEU-ITA,Zone_4C Mixed Marine,rur,perm,sfh,2100,0.344
C-WEU-ITA,Zone_4C Mixed Marine,urb,perm,mfh,2100,0.846
C-WEU-ITA,Zone_4C Mixed Marine,urb,perm,sfh,2100,0.15400000000000003
C-WEU-ITA,Zone_7A Very cold Humid,rur,perm,mfh,2100,0.8
C-WEU-ITA,Zone_7A Very cold Humid,rur,perm,sfh,2100,0.19999999999999996
C-WEU-ITA,Zone_7A Very cold Humid,urb,perm,mfh,2100,0.8
C-WEU-ITA,Zone_7A Very cold Humid,urb,perm,sfh,2100,0.19999999999999996
C-WEU-ITA,Zone_5C Cool Marine,urb,perm,mfh,2100,0.693
C-WEU-ITA,Zone_5C Cool Marine,urb,perm,sfh,2100,0.30700000000000005
C-WEU-LUX,Zone_5A Cool Humid,urb,perm,mfh,2100,0.985
C-WEU-LUX,Zone_5A Cool Humid,urb,perm,sfh,2100,0.015000000000000013
C-WEU-MLT,Zone_3A Warm Humid,urb,perm,mfh,2100,0.5
C-WEU-MLT,Zone_3A Warm Humid,urb,perm,sfh,2100,0.5
C-WEU-NLD,Zone_4A Mixed Humid,rur,perm,mfh,2100,0.191
C-WEU-NLD,Zone_4A Mixed Humid,rur,perm,sfh,2100,0.8089999999999999
C-WEU-NLD,Zone_4A Mixed Humid,urb,perm,mfh,2100,0.602
C-WEU-NLD,Zone_4A Mixed Humid,urb,perm,sfh,2100,0.398
C-WEU-NLD,Zone_5A Cool Humid,urb,perm,mfh,2100,0.411
C-WEU-NLD,Zone_5A Cool Humid,urb,perm,sfh,2100,0.589
C-WEU-PRT,Zone_4A Mixed Humid,rur,perm,mfh,2100,0.192
C-WEU-PRT,Zone_4A Mixed Humid,rur,perm,sfh,2100,0.808
C-WEU-PRT,Zone_3A Warm Humid,rur,perm,mfh,2100,0.229
C-WEU-PRT,Zone_3A Warm Humid,rur,perm,sfh,2100,0.771
C-WEU-PRT,Zone_3A Warm Humid,urb,perm,mfh,2100,0.677
C-WEU-PRT,Zone_3A Warm Humid,urb,perm,sfh,2100,0.32299999999999995
C-WEU-PRT,Zone_4C Mixed Marine,rur,perm,mfh,2100,0.127
C-WEU-PRT,Zone_4C Mixed Marine,rur,perm,sfh,2100,0.873
C-WEU-PRT,Zone_4C Mixed Marine,urb,perm,mfh,2100,0.335
C-WEU-PRT,Zone_4C Mixed Marine,urb,perm,sfh,2100,0.665
C-WEU-PRT,Zone_3C Warm Marine,rur,perm,mfh,2100,0.195
C-WEU-PRT,Zone_3C Warm Marine,rur,perm,sfh,2100,0.8049999999999999
C-WEU-PRT,Zone_3C Warm Marine,urb,perm,mfh,2100,0.405
C-WEU-PRT,Zone_3C Warm Marine,urb,perm,sfh,2100,0.595
C-WEU-SWE,Zone_5A Cool Humid,rur,perm,mfh,2100,0.107
C-WEU-SWE,Zone_5A Cool Humid,rur,perm,sfh,2100,0.893
C-WEU-SWE,Zone_5A Cool Humid,urb,perm,mfh,2100,0.303
C-WEU-SWE,Zone_5A Cool Humid,urb,perm,sfh,2100,0.6970000000000001
C-WEU-SWE,Zone_6A Cold Humid,rur,perm,mfh,2100,0.161
C-WEU-SWE,Zone_6A Cold Humid,rur,perm,sfh,2100,0.839
C-WEU-SWE,Zone_6A Cold Humid,urb,perm,mfh,2100,0.328
C-WEU-SWE,Zone_6A Cold Humid,urb,perm,sfh,2100,0.6719999999999999
C-WEU-SWE,Zone_7A Very cold Humid,rur,perm,mfh,2100,0.123
C-WEU-SWE,Zone_7A Very cold Humid,rur,perm,sfh,2100,0.877
C-WEU-SWE,Zone_7A Very cold Humid,urb,perm,mfh,2100,0.187
C-WEU-SWE,Zone_7A Very cold Humid,urb,perm,sfh,2100,0.813
C-WEU-SWE,Zone_8A Subarctic/arctic Humid,urb,perm,mfh,2100,0.226
C-WEU-SWE,Zone_8A Subarctic/arctic Humid,urb,perm,sfh,2100,0.774
