"","type","MESSAGE_R12","year","scenario","emission_factor","unit"
"1","primary_aluminium","AFR",2020,"image_ssp2_base",11.2148979460124,"kgco2e/kg"
"2","primary_aluminium","AFR",2030,"image_ssp2_base",12.7524322165187,"kgco2e/kg"
"3","primary_aluminium","AFR",2030,"image_ssp2_rcp19",8.22344703488902,"kgco2e/kg"
"4","primary_aluminium","AFR",2040,"image_ssp2_base",13.4530654335238,"kgco2e/kg"
"5","primary_aluminium","AFR",2040,"image_ssp2_rcp19",6.69569185428135,"kgco2e/kg"
"6","primary_aluminium","AFR",2050,"image_ssp2_base",11.6533121948076,"kgco2e/kg"
"7","primary_aluminium","AFR",2050,"image_ssp2_rcp19",7.04276022531472,"kgco2e/kg"
"8","primary_aluminium","AFR",2060,"image_ssp2_base",11.2122840196819,"kgco2e/kg"
"9","primary_aluminium","AFR",2060,"image_ssp2_rcp19",6.81914425322655,"kgco2e/kg"
"10","primary_aluminium","AFR",2070,"image_ssp2_base",10.8271679611855,"kgco2e/kg"
"11","primary_aluminium","AFR",2070,"image_ssp2_rcp19",6.71363906891559,"kgco2e/kg"
"12","primary_aluminium","AFR",2080,"image_ssp2_base",10.7470850367332,"kgco2e/kg"
"13","primary_aluminium","AFR",2080,"image_ssp2_rcp19",6.81517917692546,"kgco2e/kg"
"14","primary_aluminium","AFR",2090,"image_ssp2_base",10.9497175827284,"kgco2e/kg"
"15","primary_aluminium","AFR",2090,"image_ssp2_rcp19",6.74479276057836,"kgco2e/kg"
"16","primary_aluminium","AFR",2100,"image_ssp2_base",10.8749872754909,"kgco2e/kg"
"17","primary_aluminium","AFR",2100,"image_ssp2_rcp19",6.68579433258435,"kgco2e/kg"
"18","primary_aluminium","CHN",2020,"image_ssp2_base",14.5075193220672,"kgco2e/kg"
"19","primary_aluminium","CHN",2030,"image_ssp2_base",14.2596740244073,"kgco2e/kg"
"20","primary_aluminium","CHN",2030,"image_ssp2_rcp19",9.0009084096818,"kgco2e/kg"
"21","primary_aluminium","CHN",2040,"image_ssp2_base",14.1431842283059,"kgco2e/kg"
"22","primary_aluminium","CHN",2040,"image_ssp2_rcp19",7.18699829169004,"kgco2e/kg"
"23","primary_aluminium","CHN",2050,"image_ssp2_base",13.7128182589558,"kgco2e/kg"
"24","primary_aluminium","CHN",2050,"image_ssp2_rcp19",6.84859989981724,"kgco2e/kg"
"25","primary_aluminium","CHN",2060,"image_ssp2_base",12.2380939921977,"kgco2e/kg"
"26","primary_aluminium","CHN",2060,"image_ssp2_rcp19",6.78869663861737,"kgco2e/kg"
"27","primary_aluminium","CHN",2070,"image_ssp2_base",11.626246883642,"kgco2e/kg"
"28","primary_aluminium","CHN",2070,"image_ssp2_rcp19",6.70425093910982,"kgco2e/kg"
"29","primary_aluminium","CHN",2080,"image_ssp2_base",11.2203701639442,"kgco2e/kg"
"30","primary_aluminium","CHN",2080,"image_ssp2_rcp19",6.68081731471566,"kgco2e/kg"
"31","primary_aluminium","CHN",2090,"image_ssp2_base",10.8206822897633,"kgco2e/kg"
"32","primary_aluminium","CHN",2090,"image_ssp2_rcp19",6.59250352289064,"kgco2e/kg"
"33","primary_aluminium","CHN",2100,"image_ssp2_base",10.6050333265886,"kgco2e/kg"
"34","primary_aluminium","CHN",2100,"image_ssp2_rcp19",6.54924703136514,"kgco2e/kg"
"35","primary_aluminium","EEU",2020,"image_ssp2_base",14.5075193220672,"kgco2e/kg"
"36","primary_aluminium","EEU",2030,"image_ssp2_base",14.2596740244073,"kgco2e/kg"
"37","primary_aluminium","EEU",2030,"image_ssp2_rcp19",9.0009084096818,"kgco2e/kg"
"38","primary_aluminium","EEU",2040,"image_ssp2_base",14.1431842283059,"kgco2e/kg"
"39","primary_aluminium","EEU",2040,"image_ssp2_rcp19",7.18699829169004,"kgco2e/kg"
"40","primary_aluminium","EEU",2050,"image_ssp2_base",13.7128182589558,"kgco2e/kg"
"41","primary_aluminium","EEU",2050,"image_ssp2_rcp19",6.84859989981724,"kgco2e/kg"
"42","primary_aluminium","EEU",2060,"image_ssp2_base",12.2380939921977,"kgco2e/kg"
"43","primary_aluminium","EEU",2060,"image_ssp2_rcp19",6.78869663861737,"kgco2e/kg"
"44","primary_aluminium","EEU",2070,"image_ssp2_base",11.626246883642,"kgco2e/kg"
"45","primary_aluminium","EEU",2070,"image_ssp2_rcp19",6.70425093910982,"kgco2e/kg"
"46","primary_aluminium","EEU",2080,"image_ssp2_base",11.2203701639442,"kgco2e/kg"
"47","primary_aluminium","EEU",2080,"image_ssp2_rcp19",6.68081731471566,"kgco2e/kg"
"48","primary_aluminium","EEU",2090,"image_ssp2_base",10.8206822897633,"kgco2e/kg"
"49","primary_aluminium","EEU",2090,"image_ssp2_rcp19",6.59250352289064,"kgco2e/kg"
"50","primary_aluminium","EEU",2100,"image_ssp2_base",10.6050333265886,"kgco2e/kg"
"51","primary_aluminium","EEU",2100,"image_ssp2_rcp19",6.54924703136514,"kgco2e/kg"
"52","primary_aluminium","FSU",2020,"image_ssp2_base",14.5075193220672,"kgco2e/kg"
"53","primary_aluminium","FSU",2030,"image_ssp2_base",14.2596740244073,"kgco2e/kg"
"54","primary_aluminium","FSU",2030,"image_ssp2_rcp19",9.0009084096818,"kgco2e/kg"
"55","primary_aluminium","FSU",2040,"image_ssp2_base",14.1431842283059,"kgco2e/kg"
"56","primary_aluminium","FSU",2040,"image_ssp2_rcp19",7.18699829169004,"kgco2e/kg"
"57","primary_aluminium","FSU",2050,"image_ssp2_base",13.7128182589558,"kgco2e/kg"
"58","primary_aluminium","FSU",2050,"image_ssp2_rcp19",6.84859989981724,"kgco2e/kg"
"59","primary_aluminium","FSU",2060,"image_ssp2_base",12.2380939921977,"kgco2e/kg"
"60","primary_aluminium","FSU",2060,"image_ssp2_rcp19",6.78869663861737,"kgco2e/kg"
"61","primary_aluminium","FSU",2070,"image_ssp2_base",11.626246883642,"kgco2e/kg"
"62","primary_aluminium","FSU",2070,"image_ssp2_rcp19",6.70425093910982,"kgco2e/kg"
"63","primary_aluminium","FSU",2080,"image_ssp2_base",11.2203701639442,"kgco2e/kg"
"64","primary_aluminium","FSU",2080,"image_ssp2_rcp19",6.68081731471566,"kgco2e/kg"
"65","primary_aluminium","FSU",2090,"image_ssp2_base",10.8206822897633,"kgco2e/kg"
"66","primary_aluminium","FSU",2090,"image_ssp2_rcp19",6.59250352289064,"kgco2e/kg"
"67","primary_aluminium","FSU",2100,"image_ssp2_base",10.6050333265886,"kgco2e/kg"
"68","primary_aluminium","FSU",2100,"image_ssp2_rcp19",6.54924703136514,"kgco2e/kg"
"69","primary_aluminium","LAM",2020,"image_ssp2_base",11.8449667396291,"kgco2e/kg"
"70","primary_aluminium","LAM",2030,"image_ssp2_base",11.2657316366029,"kgco2e/kg"
"71","primary_aluminium","LAM",2030,"image_ssp2_rcp19",7.89987108050473,"kgco2e/kg"
"72","primary_aluminium","LAM",2040,"image_ssp2_base",10.2678533698771,"kgco2e/kg"
"73","primary_aluminium","LAM",2040,"image_ssp2_rcp19",6.9911808747974,"kgco2e/kg"
"74","primary_aluminium","LAM",2050,"image_ssp2_base",10.8408567948919,"kgco2e/kg"
"75","primary_aluminium","LAM",2050,"image_ssp2_rcp19",6.97374215805251,"kgco2e/kg"
"76","primary_aluminium","LAM",2060,"image_ssp2_base",11.1602354677114,"kgco2e/kg"
"77","primary_aluminium","LAM",2060,"image_ssp2_rcp19",6.89210776919721,"kgco2e/kg"
"78","primary_aluminium","LAM",2070,"image_ssp2_base",11.3943362313723,"kgco2e/kg"
"79","primary_aluminium","LAM",2070,"image_ssp2_rcp19",6.804074640518,"kgco2e/kg"
"80","primary_aluminium","LAM",2080,"image_ssp2_base",11.1898573945856,"kgco2e/kg"
"81","primary_aluminium","LAM",2080,"image_ssp2_rcp19",6.86125266142408,"kgco2e/kg"
"82","primary_aluminium","LAM",2090,"image_ssp2_base",11.2953253708109,"kgco2e/kg"
"83","primary_aluminium","LAM",2090,"image_ssp2_rcp19",6.68711819270238,"kgco2e/kg"
"84","primary_aluminium","LAM",2100,"image_ssp2_base",11.3886298343241,"kgco2e/kg"
"85","primary_aluminium","LAM",2100,"image_ssp2_rcp19",6.6624692375112,"kgco2e/kg"
"86","primary_aluminium","MEA",2020,"image_ssp2_base",14.5075193220672,"kgco2e/kg"
"87","primary_aluminium","MEA",2030,"image_ssp2_base",14.2596740244073,"kgco2e/kg"
"88","primary_aluminium","MEA",2030,"image_ssp2_rcp19",9.0009084096818,"kgco2e/kg"
"89","primary_aluminium","MEA",2040,"image_ssp2_base",14.1431842283059,"kgco2e/kg"
"90","primary_aluminium","MEA",2040,"image_ssp2_rcp19",7.18699829169004,"kgco2e/kg"
"91","primary_aluminium","MEA",2050,"image_ssp2_base",13.7128182589558,"kgco2e/kg"
"92","primary_aluminium","MEA",2050,"image_ssp2_rcp19",6.84859989981724,"kgco2e/kg"
"93","primary_aluminium","MEA",2060,"image_ssp2_base",12.2380939921977,"kgco2e/kg"
"94","primary_aluminium","MEA",2060,"image_ssp2_rcp19",6.78869663861737,"kgco2e/kg"
"95","primary_aluminium","MEA",2070,"image_ssp2_base",11.626246883642,"kgco2e/kg"
"96","primary_aluminium","MEA",2070,"image_ssp2_rcp19",6.70425093910982,"kgco2e/kg"
"97","primary_aluminium","MEA",2080,"image_ssp2_base",11.2203701639442,"kgco2e/kg"
"98","primary_aluminium","MEA",2080,"image_ssp2_rcp19",6.68081731471566,"kgco2e/kg"
"99","primary_aluminium","MEA",2090,"image_ssp2_base",10.8206822897633,"kgco2e/kg"
"100","primary_aluminium","MEA",2090,"image_ssp2_rcp19",6.59250352289064,"kgco2e/kg"
"101","primary_aluminium","MEA",2100,"image_ssp2_base",10.6050333265886,"kgco2e/kg"
"102","primary_aluminium","MEA",2100,"image_ssp2_rcp19",6.54924703136514,"kgco2e/kg"
"103","primary_aluminium","NAM",2020,"image_ssp2_base",14.5075193220672,"kgco2e/kg"
"104","primary_aluminium","NAM",2030,"image_ssp2_base",14.2596740244073,"kgco2e/kg"
"105","primary_aluminium","NAM",2030,"image_ssp2_rcp19",9.0009084096818,"kgco2e/kg"
"106","primary_aluminium","NAM",2040,"image_ssp2_base",14.1431842283059,"kgco2e/kg"
"107","primary_aluminium","NAM",2040,"image_ssp2_rcp19",7.18699829169004,"kgco2e/kg"
"108","primary_aluminium","NAM",2050,"image_ssp2_base",13.7128182589558,"kgco2e/kg"
"109","primary_aluminium","NAM",2050,"image_ssp2_rcp19",6.84859989981724,"kgco2e/kg"
"110","primary_aluminium","NAM",2060,"image_ssp2_base",12.2380939921977,"kgco2e/kg"
"111","primary_aluminium","NAM",2060,"image_ssp2_rcp19",6.78869663861737,"kgco2e/kg"
"112","primary_aluminium","NAM",2070,"image_ssp2_base",11.626246883642,"kgco2e/kg"
"113","primary_aluminium","NAM",2070,"image_ssp2_rcp19",6.70425093910982,"kgco2e/kg"
"114","primary_aluminium","NAM",2080,"image_ssp2_base",11.2203701639442,"kgco2e/kg"
"115","primary_aluminium","NAM",2080,"image_ssp2_rcp19",6.68081731471566,"kgco2e/kg"
"116","primary_aluminium","NAM",2090,"image_ssp2_base",10.8206822897633,"kgco2e/kg"
"117","primary_aluminium","NAM",2090,"image_ssp2_rcp19",6.59250352289064,"kgco2e/kg"
"118","primary_aluminium","NAM",2100,"image_ssp2_base",10.6050333265886,"kgco2e/kg"
"119","primary_aluminium","NAM",2100,"image_ssp2_rcp19",6.54924703136514,"kgco2e/kg"
"120","primary_aluminium","PAO",2020,"image_ssp2_base",13.7211881474844,"kgco2e/kg"
"121","primary_aluminium","PAO",2030,"image_ssp2_base",12.2753632392367,"kgco2e/kg"
"122","primary_aluminium","PAO",2030,"image_ssp2_rcp19",7.00567551141327,"kgco2e/kg"
"123","primary_aluminium","PAO",2040,"image_ssp2_base",11.1202460386238,"kgco2e/kg"
"124","primary_aluminium","PAO",2040,"image_ssp2_rcp19",6.0726188247278,"kgco2e/kg"
"125","primary_aluminium","PAO",2050,"image_ssp2_base",10.715478119571,"kgco2e/kg"
"126","primary_aluminium","PAO",2050,"image_ssp2_rcp19",5.94242278226014,"kgco2e/kg"
"127","primary_aluminium","PAO",2060,"image_ssp2_base",10.1245918012602,"kgco2e/kg"
"128","primary_aluminium","PAO",2060,"image_ssp2_rcp19",5.87812845278253,"kgco2e/kg"
"129","primary_aluminium","PAO",2070,"image_ssp2_base",8.37114759390727,"kgco2e/kg"
"130","primary_aluminium","PAO",2070,"image_ssp2_rcp19",5.83992957076705,"kgco2e/kg"
"131","primary_aluminium","PAO",2080,"image_ssp2_base",7.47948565759302,"kgco2e/kg"
"132","primary_aluminium","PAO",2080,"image_ssp2_rcp19",5.81938906580334,"kgco2e/kg"
"133","primary_aluminium","PAO",2090,"image_ssp2_base",7.23380635459816,"kgco2e/kg"
"134","primary_aluminium","PAO",2090,"image_ssp2_rcp19",5.79885954355615,"kgco2e/kg"
"135","primary_aluminium","PAO",2100,"image_ssp2_base",7.41464266102326,"kgco2e/kg"
"136","primary_aluminium","PAO",2100,"image_ssp2_rcp19",5.80187565937488,"kgco2e/kg"
"137","primary_aluminium","PAS",2020,"image_ssp2_base",16.2161911377157,"kgco2e/kg"
"138","primary_aluminium","PAS",2030,"image_ssp2_base",15.7106943530088,"kgco2e/kg"
"139","primary_aluminium","PAS",2030,"image_ssp2_rcp19",10.198058397614,"kgco2e/kg"
"140","primary_aluminium","PAS",2040,"image_ssp2_base",15.2461448981017,"kgco2e/kg"
"141","primary_aluminium","PAS",2040,"image_ssp2_rcp19",8.11078095445102,"kgco2e/kg"
"142","primary_aluminium","PAS",2050,"image_ssp2_base",14.5784367682729,"kgco2e/kg"
"143","primary_aluminium","PAS",2050,"image_ssp2_rcp19",7.18845300731451,"kgco2e/kg"
"144","primary_aluminium","PAS",2060,"image_ssp2_base",12.7522153062608,"kgco2e/kg"
"145","primary_aluminium","PAS",2060,"image_ssp2_rcp19",6.94836297762393,"kgco2e/kg"
"146","primary_aluminium","PAS",2070,"image_ssp2_base",12.0594509743187,"kgco2e/kg"
"147","primary_aluminium","PAS",2070,"image_ssp2_rcp19",6.46394295791415,"kgco2e/kg"
"148","primary_aluminium","PAS",2080,"image_ssp2_base",11.534051562977,"kgco2e/kg"
"149","primary_aluminium","PAS",2080,"image_ssp2_rcp19",6.46441813016248,"kgco2e/kg"
"150","primary_aluminium","PAS",2090,"image_ssp2_base",11.1320728356242,"kgco2e/kg"
"151","primary_aluminium","PAS",2090,"image_ssp2_rcp19",6.46703761252859,"kgco2e/kg"
"152","primary_aluminium","PAS",2100,"image_ssp2_base",11.5057227230423,"kgco2e/kg"
"153","primary_aluminium","PAS",2100,"image_ssp2_rcp19",6.32809573777136,"kgco2e/kg"
"154","primary_aluminium","RCPA",2020,"image_ssp2_base",14.5075193220672,"kgco2e/kg"
"155","primary_aluminium","RCPA",2030,"image_ssp2_base",14.2596740244073,"kgco2e/kg"
"156","primary_aluminium","RCPA",2030,"image_ssp2_rcp19",9.0009084096818,"kgco2e/kg"
"157","primary_aluminium","RCPA",2040,"image_ssp2_base",14.1431842283059,"kgco2e/kg"
"158","primary_aluminium","RCPA",2040,"image_ssp2_rcp19",7.18699829169004,"kgco2e/kg"
"159","primary_aluminium","RCPA",2050,"image_ssp2_base",13.7128182589558,"kgco2e/kg"
"160","primary_aluminium","RCPA",2050,"image_ssp2_rcp19",6.84859989981724,"kgco2e/kg"
"161","primary_aluminium","RCPA",2060,"image_ssp2_base",12.2380939921977,"kgco2e/kg"
"162","primary_aluminium","RCPA",2060,"image_ssp2_rcp19",6.78869663861737,"kgco2e/kg"
"163","primary_aluminium","RCPA",2070,"image_ssp2_base",11.626246883642,"kgco2e/kg"
"164","primary_aluminium","RCPA",2070,"image_ssp2_rcp19",6.70425093910982,"kgco2e/kg"
"165","primary_aluminium","RCPA",2080,"image_ssp2_base",11.2203701639442,"kgco2e/kg"
"166","primary_aluminium","RCPA",2080,"image_ssp2_rcp19",6.68081731471566,"kgco2e/kg"
"167","primary_aluminium","RCPA",2090,"image_ssp2_base",10.8206822897633,"kgco2e/kg"
"168","primary_aluminium","RCPA",2090,"image_ssp2_rcp19",6.59250352289064,"kgco2e/kg"
"169","primary_aluminium","RCPA",2100,"image_ssp2_base",10.6050333265886,"kgco2e/kg"
"170","primary_aluminium","RCPA",2100,"image_ssp2_rcp19",6.54924703136514,"kgco2e/kg"
"171","primary_aluminium","SAS",2020,"image_ssp2_base",14.5075193220672,"kgco2e/kg"
"172","primary_aluminium","SAS",2030,"image_ssp2_base",14.2596740244073,"kgco2e/kg"
"173","primary_aluminium","SAS",2030,"image_ssp2_rcp19",9.0009084096818,"kgco2e/kg"
"174","primary_aluminium","SAS",2040,"image_ssp2_base",14.1431842283059,"kgco2e/kg"
"175","primary_aluminium","SAS",2040,"image_ssp2_rcp19",7.18699829169004,"kgco2e/kg"
"176","primary_aluminium","SAS",2050,"image_ssp2_base",13.7128182589558,"kgco2e/kg"
"177","primary_aluminium","SAS",2050,"image_ssp2_rcp19",6.84859989981724,"kgco2e/kg"
"178","primary_aluminium","SAS",2060,"image_ssp2_base",12.2380939921977,"kgco2e/kg"
"179","primary_aluminium","SAS",2060,"image_ssp2_rcp19",6.78869663861737,"kgco2e/kg"
"180","primary_aluminium","SAS",2070,"image_ssp2_base",11.626246883642,"kgco2e/kg"
"181","primary_aluminium","SAS",2070,"image_ssp2_rcp19",6.70425093910982,"kgco2e/kg"
"182","primary_aluminium","SAS",2080,"image_ssp2_base",11.2203701639442,"kgco2e/kg"
"183","primary_aluminium","SAS",2080,"image_ssp2_rcp19",6.68081731471566,"kgco2e/kg"
"184","primary_aluminium","SAS",2090,"image_ssp2_base",10.8206822897633,"kgco2e/kg"
"185","primary_aluminium","SAS",2090,"image_ssp2_rcp19",6.59250352289064,"kgco2e/kg"
"186","primary_aluminium","SAS",2100,"image_ssp2_base",10.6050333265886,"kgco2e/kg"
"187","primary_aluminium","SAS",2100,"image_ssp2_rcp19",6.54924703136514,"kgco2e/kg"
"188","primary_aluminium","WEU",2020,"image_ssp2_base",14.5075193220672,"kgco2e/kg"
"189","primary_aluminium","WEU",2030,"image_ssp2_base",14.2596740244073,"kgco2e/kg"
"190","primary_aluminium","WEU",2030,"image_ssp2_rcp19",9.0009084096818,"kgco2e/kg"
"191","primary_aluminium","WEU",2040,"image_ssp2_base",14.1431842283059,"kgco2e/kg"
"192","primary_aluminium","WEU",2040,"image_ssp2_rcp19",7.18699829169004,"kgco2e/kg"
"193","primary_aluminium","WEU",2050,"image_ssp2_base",13.7128182589558,"kgco2e/kg"
"194","primary_aluminium","WEU",2050,"image_ssp2_rcp19",6.84859989981724,"kgco2e/kg"
"195","primary_aluminium","WEU",2060,"image_ssp2_base",12.2380939921977,"kgco2e/kg"
"196","primary_aluminium","WEU",2060,"image_ssp2_rcp19",6.78869663861737,"kgco2e/kg"
"197","primary_aluminium","WEU",2070,"image_ssp2_base",11.626246883642,"kgco2e/kg"
"198","primary_aluminium","WEU",2070,"image_ssp2_rcp19",6.70425093910982,"kgco2e/kg"
"199","primary_aluminium","WEU",2080,"image_ssp2_base",11.2203701639442,"kgco2e/kg"
"200","primary_aluminium","WEU",2080,"image_ssp2_rcp19",6.68081731471566,"kgco2e/kg"
"201","primary_aluminium","WEU",2090,"image_ssp2_base",10.8206822897633,"kgco2e/kg"
"202","primary_aluminium","WEU",2090,"image_ssp2_rcp19",6.59250352289064,"kgco2e/kg"
"203","primary_aluminium","WEU",2100,"image_ssp2_base",10.6050333265886,"kgco2e/kg"
"204","primary_aluminium","WEU",2100,"image_ssp2_rcp19",6.54924703136514,"kgco2e/kg"
"205","primary_brick","AFR",2020,"image_ssp2_base",0.255354211059323,"kgco2e/kg"
"206","primary_brick","AFR",2030,"image_ssp2_base",0.253436368881112,"kgco2e/kg"
"207","primary_brick","AFR",2030,"image_ssp2_rcp19",0.233040632161683,"kgco2e/kg"
"208","primary_brick","AFR",2040,"image_ssp2_base",0.252067883933655,"kgco2e/kg"
"209","primary_brick","AFR",2040,"image_ssp2_rcp19",0.224760200955597,"kgco2e/kg"
"210","primary_brick","AFR",2050,"image_ssp2_base",0.249216103092977,"kgco2e/kg"
"211","primary_brick","AFR",2050,"image_ssp2_rcp19",0.221729875025139,"kgco2e/kg"
"212","primary_brick","AFR",2060,"image_ssp2_base",0.242895938067345,"kgco2e/kg"
"213","primary_brick","AFR",2060,"image_ssp2_rcp19",0.220215127633579,"kgco2e/kg"
"214","primary_brick","AFR",2070,"image_ssp2_base",0.239871420112532,"kgco2e/kg"
"215","primary_brick","AFR",2070,"image_ssp2_rcp19",0.219133406060057,"kgco2e/kg"
"216","primary_brick","AFR",2080,"image_ssp2_base",0.23864220810427,"kgco2e/kg"
"217","primary_brick","AFR",2080,"image_ssp2_rcp19",0.218868300578341,"kgco2e/kg"
"218","primary_brick","AFR",2090,"image_ssp2_base",0.236807361914845,"kgco2e/kg"
"219","primary_brick","AFR",2090,"image_ssp2_rcp19",0.218697755878831,"kgco2e/kg"
"220","primary_brick","AFR",2100,"image_ssp2_base",0.234254489674243,"kgco2e/kg"
"221","primary_brick","AFR",2100,"image_ssp2_rcp19",0.218940619582365,"kgco2e/kg"
"222","primary_brick","CHN",2020,"image_ssp2_base",0.255354211059323,"kgco2e/kg"
"223","primary_brick","CHN",2030,"image_ssp2_base",0.253436368881112,"kgco2e/kg"
"224","primary_brick","CHN",2030,"image_ssp2_rcp19",0.233040632161683,"kgco2e/kg"
"225","primary_brick","CHN",2040,"image_ssp2_base",0.252067883933655,"kgco2e/kg"
"226","primary_brick","CHN",2040,"image_ssp2_rcp19",0.224760200955597,"kgco2e/kg"
"227","primary_brick","CHN",2050,"image_ssp2_base",0.249216103092977,"kgco2e/kg"
"228","primary_brick","CHN",2050,"image_ssp2_rcp19",0.221729875025139,"kgco2e/kg"
"229","primary_brick","CHN",2060,"image_ssp2_base",0.242895938067345,"kgco2e/kg"
"230","primary_brick","CHN",2060,"image_ssp2_rcp19",0.220215127633579,"kgco2e/kg"
"231","primary_brick","CHN",2070,"image_ssp2_base",0.239871420112532,"kgco2e/kg"
"232","primary_brick","CHN",2070,"image_ssp2_rcp19",0.219133406060057,"kgco2e/kg"
"233","primary_brick","CHN",2080,"image_ssp2_base",0.23864220810427,"kgco2e/kg"
"234","primary_brick","CHN",2080,"image_ssp2_rcp19",0.218868300578341,"kgco2e/kg"
"235","primary_brick","CHN",2090,"image_ssp2_base",0.236807361914845,"kgco2e/kg"
"236","primary_brick","CHN",2090,"image_ssp2_rcp19",0.218697755878831,"kgco2e/kg"
"237","primary_brick","CHN",2100,"image_ssp2_base",0.234254489674243,"kgco2e/kg"
"238","primary_brick","CHN",2100,"image_ssp2_rcp19",0.218940619582365,"kgco2e/kg"
"239","primary_brick","EEU",2020,"image_ssp2_base",0.255354211059323,"kgco2e/kg"
"240","primary_brick","EEU",2030,"image_ssp2_base",0.253436368881112,"kgco2e/kg"
"241","primary_brick","EEU",2030,"image_ssp2_rcp19",0.233040632161683,"kgco2e/kg"
"242","primary_brick","EEU",2040,"image_ssp2_base",0.252067883933655,"kgco2e/kg"
"243","primary_brick","EEU",2040,"image_ssp2_rcp19",0.224760200955597,"kgco2e/kg"
"244","primary_brick","EEU",2050,"image_ssp2_base",0.249216103092977,"kgco2e/kg"
"245","primary_brick","EEU",2050,"image_ssp2_rcp19",0.221729875025139,"kgco2e/kg"
"246","primary_brick","EEU",2060,"image_ssp2_base",0.242895938067345,"kgco2e/kg"
"247","primary_brick","EEU",2060,"image_ssp2_rcp19",0.220215127633579,"kgco2e/kg"
"248","primary_brick","EEU",2070,"image_ssp2_base",0.239871420112532,"kgco2e/kg"
"249","primary_brick","EEU",2070,"image_ssp2_rcp19",0.219133406060057,"kgco2e/kg"
"250","primary_brick","EEU",2080,"image_ssp2_base",0.23864220810427,"kgco2e/kg"
"251","primary_brick","EEU",2080,"image_ssp2_rcp19",0.218868300578341,"kgco2e/kg"
"252","primary_brick","EEU",2090,"image_ssp2_base",0.236807361914845,"kgco2e/kg"
"253","primary_brick","EEU",2090,"image_ssp2_rcp19",0.218697755878831,"kgco2e/kg"
"254","primary_brick","EEU",2100,"image_ssp2_base",0.234254489674243,"kgco2e/kg"
"255","primary_brick","EEU",2100,"image_ssp2_rcp19",0.218940619582365,"kgco2e/kg"
"256","primary_brick","FSU",2020,"image_ssp2_base",0.255354211059323,"kgco2e/kg"
"257","primary_brick","FSU",2030,"image_ssp2_base",0.253436368881112,"kgco2e/kg"
"258","primary_brick","FSU",2030,"image_ssp2_rcp19",0.233040632161683,"kgco2e/kg"
"259","primary_brick","FSU",2040,"image_ssp2_base",0.252067883933655,"kgco2e/kg"
"260","primary_brick","FSU",2040,"image_ssp2_rcp19",0.224760200955597,"kgco2e/kg"
"261","primary_brick","FSU",2050,"image_ssp2_base",0.249216103092977,"kgco2e/kg"
"262","primary_brick","FSU",2050,"image_ssp2_rcp19",0.221729875025139,"kgco2e/kg"
"263","primary_brick","FSU",2060,"image_ssp2_base",0.242895938067345,"kgco2e/kg"
"264","primary_brick","FSU",2060,"image_ssp2_rcp19",0.220215127633579,"kgco2e/kg"
"265","primary_brick","FSU",2070,"image_ssp2_base",0.239871420112532,"kgco2e/kg"
"266","primary_brick","FSU",2070,"image_ssp2_rcp19",0.219133406060057,"kgco2e/kg"
"267","primary_brick","FSU",2080,"image_ssp2_base",0.23864220810427,"kgco2e/kg"
"268","primary_brick","FSU",2080,"image_ssp2_rcp19",0.218868300578341,"kgco2e/kg"
"269","primary_brick","FSU",2090,"image_ssp2_base",0.236807361914845,"kgco2e/kg"
"270","primary_brick","FSU",2090,"image_ssp2_rcp19",0.218697755878831,"kgco2e/kg"
"271","primary_brick","FSU",2100,"image_ssp2_base",0.234254489674243,"kgco2e/kg"
"272","primary_brick","FSU",2100,"image_ssp2_rcp19",0.218940619582365,"kgco2e/kg"
"273","primary_brick","LAM",2020,"image_ssp2_base",0.255354211059323,"kgco2e/kg"
"274","primary_brick","LAM",2030,"image_ssp2_base",0.253436368881112,"kgco2e/kg"
"275","primary_brick","LAM",2030,"image_ssp2_rcp19",0.233040632161683,"kgco2e/kg"
"276","primary_brick","LAM",2040,"image_ssp2_base",0.252067883933655,"kgco2e/kg"
"277","primary_brick","LAM",2040,"image_ssp2_rcp19",0.224760200955597,"kgco2e/kg"
"278","primary_brick","LAM",2050,"image_ssp2_base",0.249216103092977,"kgco2e/kg"
"279","primary_brick","LAM",2050,"image_ssp2_rcp19",0.221729875025139,"kgco2e/kg"
"280","primary_brick","LAM",2060,"image_ssp2_base",0.242895938067345,"kgco2e/kg"
"281","primary_brick","LAM",2060,"image_ssp2_rcp19",0.220215127633579,"kgco2e/kg"
"282","primary_brick","LAM",2070,"image_ssp2_base",0.239871420112532,"kgco2e/kg"
"283","primary_brick","LAM",2070,"image_ssp2_rcp19",0.219133406060057,"kgco2e/kg"
"284","primary_brick","LAM",2080,"image_ssp2_base",0.23864220810427,"kgco2e/kg"
"285","primary_brick","LAM",2080,"image_ssp2_rcp19",0.218868300578341,"kgco2e/kg"
"286","primary_brick","LAM",2090,"image_ssp2_base",0.236807361914845,"kgco2e/kg"
"287","primary_brick","LAM",2090,"image_ssp2_rcp19",0.218697755878831,"kgco2e/kg"
"288","primary_brick","LAM",2100,"image_ssp2_base",0.234254489674243,"kgco2e/kg"
"289","primary_brick","LAM",2100,"image_ssp2_rcp19",0.218940619582365,"kgco2e/kg"
"290","primary_brick","MEA",2020,"image_ssp2_base",0.255354211059323,"kgco2e/kg"
"291","primary_brick","MEA",2030,"image_ssp2_base",0.253436368881112,"kgco2e/kg"
"292","primary_brick","MEA",2030,"image_ssp2_rcp19",0.233040632161683,"kgco2e/kg"
"293","primary_brick","MEA",2040,"image_ssp2_base",0.252067883933655,"kgco2e/kg"
"294","primary_brick","MEA",2040,"image_ssp2_rcp19",0.224760200955597,"kgco2e/kg"
"295","primary_brick","MEA",2050,"image_ssp2_base",0.249216103092977,"kgco2e/kg"
"296","primary_brick","MEA",2050,"image_ssp2_rcp19",0.221729875025139,"kgco2e/kg"
"297","primary_brick","MEA",2060,"image_ssp2_base",0.242895938067345,"kgco2e/kg"
"298","primary_brick","MEA",2060,"image_ssp2_rcp19",0.220215127633579,"kgco2e/kg"
"299","primary_brick","MEA",2070,"image_ssp2_base",0.239871420112532,"kgco2e/kg"
"300","primary_brick","MEA",2070,"image_ssp2_rcp19",0.219133406060057,"kgco2e/kg"
"301","primary_brick","MEA",2080,"image_ssp2_base",0.23864220810427,"kgco2e/kg"
"302","primary_brick","MEA",2080,"image_ssp2_rcp19",0.218868300578341,"kgco2e/kg"
"303","primary_brick","MEA",2090,"image_ssp2_base",0.236807361914845,"kgco2e/kg"
"304","primary_brick","MEA",2090,"image_ssp2_rcp19",0.218697755878831,"kgco2e/kg"
"305","primary_brick","MEA",2100,"image_ssp2_base",0.234254489674243,"kgco2e/kg"
"306","primary_brick","MEA",2100,"image_ssp2_rcp19",0.218940619582365,"kgco2e/kg"
"307","primary_brick","NAM",2020,"image_ssp2_base",0.255354211059323,"kgco2e/kg"
"308","primary_brick","NAM",2030,"image_ssp2_base",0.253436368881112,"kgco2e/kg"
"309","primary_brick","NAM",2030,"image_ssp2_rcp19",0.233040632161683,"kgco2e/kg"
"310","primary_brick","NAM",2040,"image_ssp2_base",0.252067883933655,"kgco2e/kg"
"311","primary_brick","NAM",2040,"image_ssp2_rcp19",0.224760200955597,"kgco2e/kg"
"312","primary_brick","NAM",2050,"image_ssp2_base",0.249216103092977,"kgco2e/kg"
"313","primary_brick","NAM",2050,"image_ssp2_rcp19",0.221729875025139,"kgco2e/kg"
"314","primary_brick","NAM",2060,"image_ssp2_base",0.242895938067345,"kgco2e/kg"
"315","primary_brick","NAM",2060,"image_ssp2_rcp19",0.220215127633579,"kgco2e/kg"
"316","primary_brick","NAM",2070,"image_ssp2_base",0.239871420112532,"kgco2e/kg"
"317","primary_brick","NAM",2070,"image_ssp2_rcp19",0.219133406060057,"kgco2e/kg"
"318","primary_brick","NAM",2080,"image_ssp2_base",0.23864220810427,"kgco2e/kg"
"319","primary_brick","NAM",2080,"image_ssp2_rcp19",0.218868300578341,"kgco2e/kg"
"320","primary_brick","NAM",2090,"image_ssp2_base",0.236807361914845,"kgco2e/kg"
"321","primary_brick","NAM",2090,"image_ssp2_rcp19",0.218697755878831,"kgco2e/kg"
"322","primary_brick","NAM",2100,"image_ssp2_base",0.234254489674243,"kgco2e/kg"
"323","primary_brick","NAM",2100,"image_ssp2_rcp19",0.218940619582365,"kgco2e/kg"
"324","primary_brick","PAO",2020,"image_ssp2_base",0.255354211059323,"kgco2e/kg"
"325","primary_brick","PAO",2030,"image_ssp2_base",0.253436368881112,"kgco2e/kg"
"326","primary_brick","PAO",2030,"image_ssp2_rcp19",0.233040632161683,"kgco2e/kg"
"327","primary_brick","PAO",2040,"image_ssp2_base",0.252067883933655,"kgco2e/kg"
"328","primary_brick","PAO",2040,"image_ssp2_rcp19",0.224760200955597,"kgco2e/kg"
"329","primary_brick","PAO",2050,"image_ssp2_base",0.249216103092977,"kgco2e/kg"
"330","primary_brick","PAO",2050,"image_ssp2_rcp19",0.221729875025139,"kgco2e/kg"
"331","primary_brick","PAO",2060,"image_ssp2_base",0.242895938067345,"kgco2e/kg"
"332","primary_brick","PAO",2060,"image_ssp2_rcp19",0.220215127633579,"kgco2e/kg"
"333","primary_brick","PAO",2070,"image_ssp2_base",0.239871420112532,"kgco2e/kg"
"334","primary_brick","PAO",2070,"image_ssp2_rcp19",0.219133406060057,"kgco2e/kg"
"335","primary_brick","PAO",2080,"image_ssp2_base",0.23864220810427,"kgco2e/kg"
"336","primary_brick","PAO",2080,"image_ssp2_rcp19",0.218868300578341,"kgco2e/kg"
"337","primary_brick","PAO",2090,"image_ssp2_base",0.236807361914845,"kgco2e/kg"
"338","primary_brick","PAO",2090,"image_ssp2_rcp19",0.218697755878831,"kgco2e/kg"
"339","primary_brick","PAO",2100,"image_ssp2_base",0.234254489674243,"kgco2e/kg"
"340","primary_brick","PAO",2100,"image_ssp2_rcp19",0.218940619582365,"kgco2e/kg"
"341","primary_brick","PAS",2020,"image_ssp2_base",0.255354211059323,"kgco2e/kg"
"342","primary_brick","PAS",2030,"image_ssp2_base",0.253436368881112,"kgco2e/kg"
"343","primary_brick","PAS",2030,"image_ssp2_rcp19",0.233040632161683,"kgco2e/kg"
"344","primary_brick","PAS",2040,"image_ssp2_base",0.252067883933655,"kgco2e/kg"
"345","primary_brick","PAS",2040,"image_ssp2_rcp19",0.224760200955597,"kgco2e/kg"
"346","primary_brick","PAS",2050,"image_ssp2_base",0.249216103092977,"kgco2e/kg"
"347","primary_brick","PAS",2050,"image_ssp2_rcp19",0.221729875025139,"kgco2e/kg"
"348","primary_brick","PAS",2060,"image_ssp2_base",0.242895938067345,"kgco2e/kg"
"349","primary_brick","PAS",2060,"image_ssp2_rcp19",0.220215127633579,"kgco2e/kg"
"350","primary_brick","PAS",2070,"image_ssp2_base",0.239871420112532,"kgco2e/kg"
"351","primary_brick","PAS",2070,"image_ssp2_rcp19",0.219133406060057,"kgco2e/kg"
"352","primary_brick","PAS",2080,"image_ssp2_base",0.23864220810427,"kgco2e/kg"
"353","primary_brick","PAS",2080,"image_ssp2_rcp19",0.218868300578341,"kgco2e/kg"
"354","primary_brick","PAS",2090,"image_ssp2_base",0.236807361914845,"kgco2e/kg"
"355","primary_brick","PAS",2090,"image_ssp2_rcp19",0.218697755878831,"kgco2e/kg"
"356","primary_brick","PAS",2100,"image_ssp2_base",0.234254489674243,"kgco2e/kg"
"357","primary_brick","PAS",2100,"image_ssp2_rcp19",0.218940619582365,"kgco2e/kg"
"358","primary_brick","RCPA",2020,"image_ssp2_base",0.255354211059323,"kgco2e/kg"
"359","primary_brick","RCPA",2030,"image_ssp2_base",0.253436368881112,"kgco2e/kg"
"360","primary_brick","RCPA",2030,"image_ssp2_rcp19",0.233040632161683,"kgco2e/kg"
"361","primary_brick","RCPA",2040,"image_ssp2_base",0.252067883933655,"kgco2e/kg"
"362","primary_brick","RCPA",2040,"image_ssp2_rcp19",0.224760200955597,"kgco2e/kg"
"363","primary_brick","RCPA",2050,"image_ssp2_base",0.249216103092977,"kgco2e/kg"
"364","primary_brick","RCPA",2050,"image_ssp2_rcp19",0.221729875025139,"kgco2e/kg"
"365","primary_brick","RCPA",2060,"image_ssp2_base",0.242895938067345,"kgco2e/kg"
"366","primary_brick","RCPA",2060,"image_ssp2_rcp19",0.220215127633579,"kgco2e/kg"
"367","primary_brick","RCPA",2070,"image_ssp2_base",0.239871420112532,"kgco2e/kg"
"368","primary_brick","RCPA",2070,"image_ssp2_rcp19",0.219133406060057,"kgco2e/kg"
"369","primary_brick","RCPA",2080,"image_ssp2_base",0.23864220810427,"kgco2e/kg"
"370","primary_brick","RCPA",2080,"image_ssp2_rcp19",0.218868300578341,"kgco2e/kg"
"371","primary_brick","RCPA",2090,"image_ssp2_base",0.236807361914845,"kgco2e/kg"
"372","primary_brick","RCPA",2090,"image_ssp2_rcp19",0.218697755878831,"kgco2e/kg"
"373","primary_brick","RCPA",2100,"image_ssp2_base",0.234254489674243,"kgco2e/kg"
"374","primary_brick","RCPA",2100,"image_ssp2_rcp19",0.218940619582365,"kgco2e/kg"
"375","primary_brick","SAS",2020,"image_ssp2_base",0.255354211059323,"kgco2e/kg"
"376","primary_brick","SAS",2030,"image_ssp2_base",0.253436368881112,"kgco2e/kg"
"377","primary_brick","SAS",2030,"image_ssp2_rcp19",0.233040632161683,"kgco2e/kg"
"378","primary_brick","SAS",2040,"image_ssp2_base",0.252067883933655,"kgco2e/kg"
"379","primary_brick","SAS",2040,"image_ssp2_rcp19",0.224760200955597,"kgco2e/kg"
"380","primary_brick","SAS",2050,"image_ssp2_base",0.249216103092977,"kgco2e/kg"
"381","primary_brick","SAS",2050,"image_ssp2_rcp19",0.221729875025139,"kgco2e/kg"
"382","primary_brick","SAS",2060,"image_ssp2_base",0.242895938067345,"kgco2e/kg"
"383","primary_brick","SAS",2060,"image_ssp2_rcp19",0.220215127633579,"kgco2e/kg"
"384","primary_brick","SAS",2070,"image_ssp2_base",0.239871420112532,"kgco2e/kg"
"385","primary_brick","SAS",2070,"image_ssp2_rcp19",0.219133406060057,"kgco2e/kg"
"386","primary_brick","SAS",2080,"image_ssp2_base",0.23864220810427,"kgco2e/kg"
"387","primary_brick","SAS",2080,"image_ssp2_rcp19",0.218868300578341,"kgco2e/kg"
"388","primary_brick","SAS",2090,"image_ssp2_base",0.236807361914845,"kgco2e/kg"
"389","primary_brick","SAS",2090,"image_ssp2_rcp19",0.218697755878831,"kgco2e/kg"
"390","primary_brick","SAS",2100,"image_ssp2_base",0.234254489674243,"kgco2e/kg"
"391","primary_brick","SAS",2100,"image_ssp2_rcp19",0.218940619582365,"kgco2e/kg"
"392","primary_brick","WEU",2020,"image_ssp2_base",0.255354211059323,"kgco2e/kg"
"393","primary_brick","WEU",2030,"image_ssp2_base",0.253436368881112,"kgco2e/kg"
"394","primary_brick","WEU",2030,"image_ssp2_rcp19",0.233040632161683,"kgco2e/kg"
"395","primary_brick","WEU",2040,"image_ssp2_base",0.252067883933655,"kgco2e/kg"
"396","primary_brick","WEU",2040,"image_ssp2_rcp19",0.224760200955597,"kgco2e/kg"
"397","primary_brick","WEU",2050,"image_ssp2_base",0.249216103092977,"kgco2e/kg"
"398","primary_brick","WEU",2050,"image_ssp2_rcp19",0.221729875025139,"kgco2e/kg"
"399","primary_brick","WEU",2060,"image_ssp2_base",0.242895938067345,"kgco2e/kg"
"400","primary_brick","WEU",2060,"image_ssp2_rcp19",0.220215127633579,"kgco2e/kg"
"401","primary_brick","WEU",2070,"image_ssp2_base",0.239871420112532,"kgco2e/kg"
"402","primary_brick","WEU",2070,"image_ssp2_rcp19",0.219133406060057,"kgco2e/kg"
"403","primary_brick","WEU",2080,"image_ssp2_base",0.23864220810427,"kgco2e/kg"
"404","primary_brick","WEU",2080,"image_ssp2_rcp19",0.218868300578341,"kgco2e/kg"
"405","primary_brick","WEU",2090,"image_ssp2_base",0.236807361914845,"kgco2e/kg"
"406","primary_brick","WEU",2090,"image_ssp2_rcp19",0.218697755878831,"kgco2e/kg"
"407","primary_brick","WEU",2100,"image_ssp2_base",0.234254489674243,"kgco2e/kg"
"408","primary_brick","WEU",2100,"image_ssp2_rcp19",0.218940619582365,"kgco2e/kg"
"409","primary_concrete","AFR",2020,"image_ssp2_base",0.124062386219819,"kgco2e/kg"
"410","primary_concrete","AFR",2030,"image_ssp2_base",0.122536229123637,"kgco2e/kg"
"411","primary_concrete","AFR",2030,"image_ssp2_rcp19",0.0738530213546054,"kgco2e/kg"
"412","primary_concrete","AFR",2040,"image_ssp2_base",0.121329878868876,"kgco2e/kg"
"413","primary_concrete","AFR",2040,"image_ssp2_rcp19",0.0449392533992874,"kgco2e/kg"
"414","primary_concrete","AFR",2050,"image_ssp2_base",0.119637623205282,"kgco2e/kg"
"415","primary_concrete","AFR",2050,"image_ssp2_rcp19",0.0390190687498328,"kgco2e/kg"
"416","primary_concrete","AFR",2060,"image_ssp2_base",0.115385264007239,"kgco2e/kg"
"417","primary_concrete","AFR",2060,"image_ssp2_rcp19",0.0352053308785502,"kgco2e/kg"
"418","primary_concrete","AFR",2070,"image_ssp2_base",0.111097100324089,"kgco2e/kg"
"419","primary_concrete","AFR",2070,"image_ssp2_rcp19",0.0335475456929143,"kgco2e/kg"
"420","primary_concrete","AFR",2080,"image_ssp2_base",0.10940834457353,"kgco2e/kg"
"421","primary_concrete","AFR",2080,"image_ssp2_rcp19",0.0339955642358017,"kgco2e/kg"
"422","primary_concrete","AFR",2090,"image_ssp2_base",0.108736603274184,"kgco2e/kg"
"423","primary_concrete","AFR",2090,"image_ssp2_rcp19",0.0335411976557319,"kgco2e/kg"
"424","primary_concrete","AFR",2100,"image_ssp2_base",0.107563619131188,"kgco2e/kg"
"425","primary_concrete","AFR",2100,"image_ssp2_rcp19",0.0333885745928327,"kgco2e/kg"
"426","primary_concrete","CHN",2020,"image_ssp2_base",0.825349510201989,"kgco2e/kg"
"427","primary_concrete","CHN",2030,"image_ssp2_base",0.79802661435771,"kgco2e/kg"
"428","primary_concrete","CHN",2030,"image_ssp2_rcp19",0.609719640022001,"kgco2e/kg"
"429","primary_concrete","CHN",2040,"image_ssp2_base",0.740798042870699,"kgco2e/kg"
"430","primary_concrete","CHN",2040,"image_ssp2_rcp19",0.504022750024063,"kgco2e/kg"
"431","primary_concrete","CHN",2050,"image_ssp2_base",0.710818580398354,"kgco2e/kg"
"432","primary_concrete","CHN",2050,"image_ssp2_rcp19",0.451483976012305,"kgco2e/kg"
"433","primary_concrete","CHN",2060,"image_ssp2_base",0.689925322815031,"kgco2e/kg"
"434","primary_concrete","CHN",2060,"image_ssp2_rcp19",0.415725573320816,"kgco2e/kg"
"435","primary_concrete","CHN",2070,"image_ssp2_base",0.680203461352861,"kgco2e/kg"
"436","primary_concrete","CHN",2070,"image_ssp2_rcp19",0.423893279179192,"kgco2e/kg"
"437","primary_concrete","CHN",2080,"image_ssp2_base",0.67453668911707,"kgco2e/kg"
"438","primary_concrete","CHN",2080,"image_ssp2_rcp19",0.451073993000562,"kgco2e/kg"
"439","primary_concrete","CHN",2090,"image_ssp2_base",0.668619515507331,"kgco2e/kg"
"440","primary_concrete","CHN",2090,"image_ssp2_rcp19",0.466474384836693,"kgco2e/kg"
"441","primary_concrete","CHN",2100,"image_ssp2_base",0.664333779969531,"kgco2e/kg"
"442","primary_concrete","CHN",2100,"image_ssp2_rcp19",0.469513325229835,"kgco2e/kg"
"443","primary_concrete","EEU",2020,"image_ssp2_base",0.825349510201989,"kgco2e/kg"
"444","primary_concrete","EEU",2030,"image_ssp2_base",0.79802661435771,"kgco2e/kg"
"445","primary_concrete","EEU",2030,"image_ssp2_rcp19",0.609719640022001,"kgco2e/kg"
"446","primary_concrete","EEU",2040,"image_ssp2_base",0.740798042870699,"kgco2e/kg"
"447","primary_concrete","EEU",2040,"image_ssp2_rcp19",0.504022750024063,"kgco2e/kg"
"448","primary_concrete","EEU",2050,"image_ssp2_base",0.710818580398354,"kgco2e/kg"
"449","primary_concrete","EEU",2050,"image_ssp2_rcp19",0.451483976012305,"kgco2e/kg"
"450","primary_concrete","EEU",2060,"image_ssp2_base",0.689925322815031,"kgco2e/kg"
"451","primary_concrete","EEU",2060,"image_ssp2_rcp19",0.415725573320816,"kgco2e/kg"
"452","primary_concrete","EEU",2070,"image_ssp2_base",0.680203461352861,"kgco2e/kg"
"453","primary_concrete","EEU",2070,"image_ssp2_rcp19",0.423893279179192,"kgco2e/kg"
"454","primary_concrete","EEU",2080,"image_ssp2_base",0.67453668911707,"kgco2e/kg"
"455","primary_concrete","EEU",2080,"image_ssp2_rcp19",0.451073993000562,"kgco2e/kg"
"456","primary_concrete","EEU",2090,"image_ssp2_base",0.668619515507331,"kgco2e/kg"
"457","primary_concrete","EEU",2090,"image_ssp2_rcp19",0.466474384836693,"kgco2e/kg"
"458","primary_concrete","EEU",2100,"image_ssp2_base",0.664333779969531,"kgco2e/kg"
"459","primary_concrete","EEU",2100,"image_ssp2_rcp19",0.469513325229835,"kgco2e/kg"
"460","primary_concrete","FSU",2020,"image_ssp2_base",0.825349510201989,"kgco2e/kg"
"461","primary_concrete","FSU",2030,"image_ssp2_base",0.79802661435771,"kgco2e/kg"
"462","primary_concrete","FSU",2030,"image_ssp2_rcp19",0.609719640022001,"kgco2e/kg"
"463","primary_concrete","FSU",2040,"image_ssp2_base",0.740798042870699,"kgco2e/kg"
"464","primary_concrete","FSU",2040,"image_ssp2_rcp19",0.504022750024063,"kgco2e/kg"
"465","primary_concrete","FSU",2050,"image_ssp2_base",0.710818580398354,"kgco2e/kg"
"466","primary_concrete","FSU",2050,"image_ssp2_rcp19",0.451483976012305,"kgco2e/kg"
"467","primary_concrete","FSU",2060,"image_ssp2_base",0.689925322815031,"kgco2e/kg"
"468","primary_concrete","FSU",2060,"image_ssp2_rcp19",0.415725573320816,"kgco2e/kg"
"469","primary_concrete","FSU",2070,"image_ssp2_base",0.680203461352861,"kgco2e/kg"
"470","primary_concrete","FSU",2070,"image_ssp2_rcp19",0.423893279179192,"kgco2e/kg"
"471","primary_concrete","FSU",2080,"image_ssp2_base",0.67453668911707,"kgco2e/kg"
"472","primary_concrete","FSU",2080,"image_ssp2_rcp19",0.451073993000562,"kgco2e/kg"
"473","primary_concrete","FSU",2090,"image_ssp2_base",0.668619515507331,"kgco2e/kg"
"474","primary_concrete","FSU",2090,"image_ssp2_rcp19",0.466474384836693,"kgco2e/kg"
"475","primary_concrete","FSU",2100,"image_ssp2_base",0.664333779969531,"kgco2e/kg"
"476","primary_concrete","FSU",2100,"image_ssp2_rcp19",0.469513325229835,"kgco2e/kg"
"477","primary_concrete","LAM",2020,"image_ssp2_base",0.604215342531532,"kgco2e/kg"
"478","primary_concrete","LAM",2030,"image_ssp2_base",0.598172586377069,"kgco2e/kg"
"479","primary_concrete","LAM",2030,"image_ssp2_rcp19",0.449116580460369,"kgco2e/kg"
"480","primary_concrete","LAM",2040,"image_ssp2_base",0.118229297234931,"kgco2e/kg"
"481","primary_concrete","LAM",2040,"image_ssp2_rcp19",0.369908212792185,"kgco2e/kg"
"482","primary_concrete","LAM",2050,"image_ssp2_base",0.572966942492282,"kgco2e/kg"
"483","primary_concrete","LAM",2050,"image_ssp2_rcp19",0.338300763893777,"kgco2e/kg"
"484","primary_concrete","LAM",2060,"image_ssp2_base",0.559353950363147,"kgco2e/kg"
"485","primary_concrete","LAM",2060,"image_ssp2_rcp19",0.328888333283824,"kgco2e/kg"
"486","primary_concrete","LAM",2070,"image_ssp2_base",0.548713602542557,"kgco2e/kg"
"487","primary_concrete","LAM",2070,"image_ssp2_rcp19",0.324312232869309,"kgco2e/kg"
"488","primary_concrete","LAM",2080,"image_ssp2_base",0.113279435626546,"kgco2e/kg"
"489","primary_concrete","LAM",2080,"image_ssp2_rcp19",0.32455098707814,"kgco2e/kg"
"490","primary_concrete","LAM",2090,"image_ssp2_base",0.531885347140716,"kgco2e/kg"
"491","primary_concrete","LAM",2090,"image_ssp2_rcp19",0.320277353469135,"kgco2e/kg"
"492","primary_concrete","LAM",2100,"image_ssp2_base",0.111978654710798,"kgco2e/kg"
"493","primary_concrete","LAM",2100,"image_ssp2_rcp19",0.320285568076831,"kgco2e/kg"
"494","primary_concrete","MEA",2020,"image_ssp2_base",0.825349510201989,"kgco2e/kg"
"495","primary_concrete","MEA",2030,"image_ssp2_base",0.79802661435771,"kgco2e/kg"
"496","primary_concrete","MEA",2030,"image_ssp2_rcp19",0.609719640022001,"kgco2e/kg"
"497","primary_concrete","MEA",2040,"image_ssp2_base",0.740798042870699,"kgco2e/kg"
"498","primary_concrete","MEA",2040,"image_ssp2_rcp19",0.504022750024063,"kgco2e/kg"
"499","primary_concrete","MEA",2050,"image_ssp2_base",0.710818580398354,"kgco2e/kg"
"500","primary_concrete","MEA",2050,"image_ssp2_rcp19",0.451483976012305,"kgco2e/kg"
"501","primary_concrete","MEA",2060,"image_ssp2_base",0.689925322815031,"kgco2e/kg"
"502","primary_concrete","MEA",2060,"image_ssp2_rcp19",0.415725573320816,"kgco2e/kg"
"503","primary_concrete","MEA",2070,"image_ssp2_base",0.680203461352861,"kgco2e/kg"
"504","primary_concrete","MEA",2070,"image_ssp2_rcp19",0.423893279179192,"kgco2e/kg"
"505","primary_concrete","MEA",2080,"image_ssp2_base",0.67453668911707,"kgco2e/kg"
"506","primary_concrete","MEA",2080,"image_ssp2_rcp19",0.451073993000562,"kgco2e/kg"
"507","primary_concrete","MEA",2090,"image_ssp2_base",0.668619515507331,"kgco2e/kg"
"508","primary_concrete","MEA",2090,"image_ssp2_rcp19",0.466474384836693,"kgco2e/kg"
"509","primary_concrete","MEA",2100,"image_ssp2_base",0.664333779969531,"kgco2e/kg"
"510","primary_concrete","MEA",2100,"image_ssp2_rcp19",0.469513325229835,"kgco2e/kg"
"511","primary_concrete","NAM",2020,"image_ssp2_base",0.825349510201989,"kgco2e/kg"
"512","primary_concrete","NAM",2030,"image_ssp2_base",0.79802661435771,"kgco2e/kg"
"513","primary_concrete","NAM",2030,"image_ssp2_rcp19",0.609719640022001,"kgco2e/kg"
"514","primary_concrete","NAM",2040,"image_ssp2_base",0.740798042870699,"kgco2e/kg"
"515","primary_concrete","NAM",2040,"image_ssp2_rcp19",0.504022750024063,"kgco2e/kg"
"516","primary_concrete","NAM",2050,"image_ssp2_base",0.710818580398354,"kgco2e/kg"
"517","primary_concrete","NAM",2050,"image_ssp2_rcp19",0.451483976012305,"kgco2e/kg"
"518","primary_concrete","NAM",2060,"image_ssp2_base",0.689925322815031,"kgco2e/kg"
"519","primary_concrete","NAM",2060,"image_ssp2_rcp19",0.415725573320816,"kgco2e/kg"
"520","primary_concrete","NAM",2070,"image_ssp2_base",0.680203461352861,"kgco2e/kg"
"521","primary_concrete","NAM",2070,"image_ssp2_rcp19",0.423893279179192,"kgco2e/kg"
"522","primary_concrete","NAM",2080,"image_ssp2_base",0.67453668911707,"kgco2e/kg"
"523","primary_concrete","NAM",2080,"image_ssp2_rcp19",0.451073993000562,"kgco2e/kg"
"524","primary_concrete","NAM",2090,"image_ssp2_base",0.668619515507331,"kgco2e/kg"
"525","primary_concrete","NAM",2090,"image_ssp2_rcp19",0.466474384836693,"kgco2e/kg"
"526","primary_concrete","NAM",2100,"image_ssp2_base",0.664333779969531,"kgco2e/kg"
"527","primary_concrete","NAM",2100,"image_ssp2_rcp19",0.469513325229835,"kgco2e/kg"
"528","primary_concrete","PAO",2020,"image_ssp2_base",0.825349510201989,"kgco2e/kg"
"529","primary_concrete","PAO",2030,"image_ssp2_base",0.79802661435771,"kgco2e/kg"
"530","primary_concrete","PAO",2030,"image_ssp2_rcp19",0.609719640022001,"kgco2e/kg"
"531","primary_concrete","PAO",2040,"image_ssp2_base",0.740798042870699,"kgco2e/kg"
"532","primary_concrete","PAO",2040,"image_ssp2_rcp19",0.504022750024063,"kgco2e/kg"
"533","primary_concrete","PAO",2050,"image_ssp2_base",0.710818580398354,"kgco2e/kg"
"534","primary_concrete","PAO",2050,"image_ssp2_rcp19",0.451483976012305,"kgco2e/kg"
"535","primary_concrete","PAO",2060,"image_ssp2_base",0.689925322815031,"kgco2e/kg"
"536","primary_concrete","PAO",2060,"image_ssp2_rcp19",0.415725573320816,"kgco2e/kg"
"537","primary_concrete","PAO",2070,"image_ssp2_base",0.680203461352861,"kgco2e/kg"
"538","primary_concrete","PAO",2070,"image_ssp2_rcp19",0.423893279179192,"kgco2e/kg"
"539","primary_concrete","PAO",2080,"image_ssp2_base",0.67453668911707,"kgco2e/kg"
"540","primary_concrete","PAO",2080,"image_ssp2_rcp19",0.451073993000562,"kgco2e/kg"
"541","primary_concrete","PAO",2090,"image_ssp2_base",0.668619515507331,"kgco2e/kg"
"542","primary_concrete","PAO",2090,"image_ssp2_rcp19",0.466474384836693,"kgco2e/kg"
"543","primary_concrete","PAO",2100,"image_ssp2_base",0.664333779969531,"kgco2e/kg"
"544","primary_concrete","PAO",2100,"image_ssp2_rcp19",0.469513325229835,"kgco2e/kg"
"545","primary_concrete","PAS",2020,"image_ssp2_base",0.825349510201989,"kgco2e/kg"
"546","primary_concrete","PAS",2030,"image_ssp2_base",0.79802661435771,"kgco2e/kg"
"547","primary_concrete","PAS",2030,"image_ssp2_rcp19",0.609719640022001,"kgco2e/kg"
"548","primary_concrete","PAS",2040,"image_ssp2_base",0.740798042870699,"kgco2e/kg"
"549","primary_concrete","PAS",2040,"image_ssp2_rcp19",0.504022750024063,"kgco2e/kg"
"550","primary_concrete","PAS",2050,"image_ssp2_base",0.710818580398354,"kgco2e/kg"
"551","primary_concrete","PAS",2050,"image_ssp2_rcp19",0.451483976012305,"kgco2e/kg"
"552","primary_concrete","PAS",2060,"image_ssp2_base",0.689925322815031,"kgco2e/kg"
"553","primary_concrete","PAS",2060,"image_ssp2_rcp19",0.415725573320816,"kgco2e/kg"
"554","primary_concrete","PAS",2070,"image_ssp2_base",0.680203461352861,"kgco2e/kg"
"555","primary_concrete","PAS",2070,"image_ssp2_rcp19",0.423893279179192,"kgco2e/kg"
"556","primary_concrete","PAS",2080,"image_ssp2_base",0.67453668911707,"kgco2e/kg"
"557","primary_concrete","PAS",2080,"image_ssp2_rcp19",0.451073993000562,"kgco2e/kg"
"558","primary_concrete","PAS",2090,"image_ssp2_base",0.668619515507331,"kgco2e/kg"
"559","primary_concrete","PAS",2090,"image_ssp2_rcp19",0.466474384836693,"kgco2e/kg"
"560","primary_concrete","PAS",2100,"image_ssp2_base",0.664333779969531,"kgco2e/kg"
"561","primary_concrete","PAS",2100,"image_ssp2_rcp19",0.469513325229835,"kgco2e/kg"
"562","primary_concrete","RCPA",2020,"image_ssp2_base",0.825349510201989,"kgco2e/kg"
"563","primary_concrete","RCPA",2030,"image_ssp2_base",0.79802661435771,"kgco2e/kg"
"564","primary_concrete","RCPA",2030,"image_ssp2_rcp19",0.609719640022001,"kgco2e/kg"
"565","primary_concrete","RCPA",2040,"image_ssp2_base",0.740798042870699,"kgco2e/kg"
"566","primary_concrete","RCPA",2040,"image_ssp2_rcp19",0.504022750024063,"kgco2e/kg"
"567","primary_concrete","RCPA",2050,"image_ssp2_base",0.710818580398354,"kgco2e/kg"
"568","primary_concrete","RCPA",2050,"image_ssp2_rcp19",0.451483976012305,"kgco2e/kg"
"569","primary_concrete","RCPA",2060,"image_ssp2_base",0.689925322815031,"kgco2e/kg"
"570","primary_concrete","RCPA",2060,"image_ssp2_rcp19",0.415725573320816,"kgco2e/kg"
"571","primary_concrete","RCPA",2070,"image_ssp2_base",0.680203461352861,"kgco2e/kg"
"572","primary_concrete","RCPA",2070,"image_ssp2_rcp19",0.423893279179192,"kgco2e/kg"
"573","primary_concrete","RCPA",2080,"image_ssp2_base",0.67453668911707,"kgco2e/kg"
"574","primary_concrete","RCPA",2080,"image_ssp2_rcp19",0.451073993000562,"kgco2e/kg"
"575","primary_concrete","RCPA",2090,"image_ssp2_base",0.668619515507331,"kgco2e/kg"
"576","primary_concrete","RCPA",2090,"image_ssp2_rcp19",0.466474384836693,"kgco2e/kg"
"577","primary_concrete","RCPA",2100,"image_ssp2_base",0.664333779969531,"kgco2e/kg"
"578","primary_concrete","RCPA",2100,"image_ssp2_rcp19",0.469513325229835,"kgco2e/kg"
"579","primary_concrete","SAS",2020,"image_ssp2_base",1.13769123238616,"kgco2e/kg"
"580","primary_concrete","SAS",2030,"image_ssp2_base",0.936427184106884,"kgco2e/kg"
"581","primary_concrete","SAS",2030,"image_ssp2_rcp19",0.732647079826279,"kgco2e/kg"
"582","primary_concrete","SAS",2040,"image_ssp2_base",0.176465422337794,"kgco2e/kg"
"583","primary_concrete","SAS",2040,"image_ssp2_rcp19",0.0795339517778382,"kgco2e/kg"
"584","primary_concrete","SAS",2050,"image_ssp2_base",0.91130500793542,"kgco2e/kg"
"585","primary_concrete","SAS",2050,"image_ssp2_rcp19",0.562089823059273,"kgco2e/kg"
"586","primary_concrete","SAS",2060,"image_ssp2_base",0.880829036018101,"kgco2e/kg"
"587","primary_concrete","SAS",2060,"image_ssp2_rcp19",0.54982402157837,"kgco2e/kg"
"588","primary_concrete","SAS",2070,"image_ssp2_base",0.166122705336942,"kgco2e/kg"
"589","primary_concrete","SAS",2070,"image_ssp2_rcp19",0.696582394412498,"kgco2e/kg"
"590","primary_concrete","SAS",2080,"image_ssp2_base",0.85567310309034,"kgco2e/kg"
"591","primary_concrete","SAS",2080,"image_ssp2_rcp19",0.0519426709625148,"kgco2e/kg"
"592","primary_concrete","SAS",2090,"image_ssp2_base",0.165084737319726,"kgco2e/kg"
"593","primary_concrete","SAS",2090,"image_ssp2_rcp19",0.691437546962718,"kgco2e/kg"
"594","primary_concrete","SAS",2100,"image_ssp2_base",0.847269048374461,"kgco2e/kg"
"595","primary_concrete","SAS",2100,"image_ssp2_rcp19",0.690916871938863,"kgco2e/kg"
"596","primary_concrete","WEU",2020,"image_ssp2_base",0.825349510201989,"kgco2e/kg"
"597","primary_concrete","WEU",2030,"image_ssp2_base",0.79802661435771,"kgco2e/kg"
"598","primary_concrete","WEU",2030,"image_ssp2_rcp19",0.609719640022001,"kgco2e/kg"
"599","primary_concrete","WEU",2040,"image_ssp2_base",0.740798042870699,"kgco2e/kg"
"600","primary_concrete","WEU",2040,"image_ssp2_rcp19",0.504022750024063,"kgco2e/kg"
"601","primary_concrete","WEU",2050,"image_ssp2_base",0.710818580398354,"kgco2e/kg"
"602","primary_concrete","WEU",2050,"image_ssp2_rcp19",0.451483976012305,"kgco2e/kg"
"603","primary_concrete","WEU",2060,"image_ssp2_base",0.689925322815031,"kgco2e/kg"
"604","primary_concrete","WEU",2060,"image_ssp2_rcp19",0.415725573320816,"kgco2e/kg"
"605","primary_concrete","WEU",2070,"image_ssp2_base",0.680203461352861,"kgco2e/kg"
"606","primary_concrete","WEU",2070,"image_ssp2_rcp19",0.423893279179192,"kgco2e/kg"
"607","primary_concrete","WEU",2080,"image_ssp2_base",0.67453668911707,"kgco2e/kg"
"608","primary_concrete","WEU",2080,"image_ssp2_rcp19",0.451073993000562,"kgco2e/kg"
"609","primary_concrete","WEU",2090,"image_ssp2_base",0.668619515507331,"kgco2e/kg"
"610","primary_concrete","WEU",2090,"image_ssp2_rcp19",0.466474384836693,"kgco2e/kg"
"611","primary_concrete","WEU",2100,"image_ssp2_base",0.664333779969531,"kgco2e/kg"
"612","primary_concrete","WEU",2100,"image_ssp2_rcp19",0.469513325229835,"kgco2e/kg"
"613","primary_copper","AFR",2020,"image_ssp2_base",5.67166444082771,"kgco2e/kg"
"614","primary_copper","AFR",2030,"image_ssp2_base",5.47573566435761,"kgco2e/kg"
"615","primary_copper","AFR",2030,"image_ssp2_rcp19",3.53717229871037,"kgco2e/kg"
"616","primary_copper","AFR",2040,"image_ssp2_base",5.3823136803621,"kgco2e/kg"
"617","primary_copper","AFR",2040,"image_ssp2_rcp19",2.7642532454563,"kgco2e/kg"
"618","primary_copper","AFR",2050,"image_ssp2_base",5.26754024419668,"kgco2e/kg"
"619","primary_copper","AFR",2050,"image_ssp2_rcp19",2.56806335262317,"kgco2e/kg"
"620","primary_copper","AFR",2060,"image_ssp2_base",4.75059903307488,"kgco2e/kg"
"621","primary_copper","AFR",2060,"image_ssp2_rcp19",2.48823013280029,"kgco2e/kg"
"622","primary_copper","AFR",2070,"image_ssp2_base",4.5332657836101,"kgco2e/kg"
"623","primary_copper","AFR",2070,"image_ssp2_rcp19",2.41965494307396,"kgco2e/kg"
"624","primary_copper","AFR",2080,"image_ssp2_base",4.38949323163255,"kgco2e/kg"
"625","primary_copper","AFR",2080,"image_ssp2_rcp19",2.40293007818234,"kgco2e/kg"
"626","primary_copper","AFR",2090,"image_ssp2_base",4.22391605761607,"kgco2e/kg"
"627","primary_copper","AFR",2090,"image_ssp2_rcp19",2.37115007212501,"kgco2e/kg"
"628","primary_copper","AFR",2100,"image_ssp2_base",4.11636329938511,"kgco2e/kg"
"629","primary_copper","AFR",2100,"image_ssp2_rcp19",2.36828893988263,"kgco2e/kg"
"630","primary_copper","CHN",2020,"image_ssp2_base",5.67166444082771,"kgco2e/kg"
"631","primary_copper","CHN",2030,"image_ssp2_base",5.47573566435761,"kgco2e/kg"
"632","primary_copper","CHN",2030,"image_ssp2_rcp19",3.53717229871037,"kgco2e/kg"
"633","primary_copper","CHN",2040,"image_ssp2_base",5.3823136803621,"kgco2e/kg"
"634","primary_copper","CHN",2040,"image_ssp2_rcp19",2.7642532454563,"kgco2e/kg"
"635","primary_copper","CHN",2050,"image_ssp2_base",5.26754024419668,"kgco2e/kg"
"636","primary_copper","CHN",2050,"image_ssp2_rcp19",2.56806335262317,"kgco2e/kg"
"637","primary_copper","CHN",2060,"image_ssp2_base",4.75059903307488,"kgco2e/kg"
"638","primary_copper","CHN",2060,"image_ssp2_rcp19",2.48823013280029,"kgco2e/kg"
"639","primary_copper","CHN",2070,"image_ssp2_base",4.5332657836101,"kgco2e/kg"
"640","primary_copper","CHN",2070,"image_ssp2_rcp19",2.41965494307396,"kgco2e/kg"
"641","primary_copper","CHN",2080,"image_ssp2_base",4.38949323163255,"kgco2e/kg"
"642","primary_copper","CHN",2080,"image_ssp2_rcp19",2.40293007818234,"kgco2e/kg"
"643","primary_copper","CHN",2090,"image_ssp2_base",4.22391605761607,"kgco2e/kg"
"644","primary_copper","CHN",2090,"image_ssp2_rcp19",2.37115007212501,"kgco2e/kg"
"645","primary_copper","CHN",2100,"image_ssp2_base",4.11636329938511,"kgco2e/kg"
"646","primary_copper","CHN",2100,"image_ssp2_rcp19",2.36828893988263,"kgco2e/kg"
"647","primary_copper","EEU",2020,"image_ssp2_base",5.67166444082771,"kgco2e/kg"
"648","primary_copper","EEU",2030,"image_ssp2_base",5.47573566435761,"kgco2e/kg"
"649","primary_copper","EEU",2030,"image_ssp2_rcp19",3.53717229871037,"kgco2e/kg"
"650","primary_copper","EEU",2040,"image_ssp2_base",5.3823136803621,"kgco2e/kg"
"651","primary_copper","EEU",2040,"image_ssp2_rcp19",2.7642532454563,"kgco2e/kg"
"652","primary_copper","EEU",2050,"image_ssp2_base",5.26754024419668,"kgco2e/kg"
"653","primary_copper","EEU",2050,"image_ssp2_rcp19",2.56806335262317,"kgco2e/kg"
"654","primary_copper","EEU",2060,"image_ssp2_base",4.75059903307488,"kgco2e/kg"
"655","primary_copper","EEU",2060,"image_ssp2_rcp19",2.48823013280029,"kgco2e/kg"
"656","primary_copper","EEU",2070,"image_ssp2_base",4.5332657836101,"kgco2e/kg"
"657","primary_copper","EEU",2070,"image_ssp2_rcp19",2.41965494307396,"kgco2e/kg"
"658","primary_copper","EEU",2080,"image_ssp2_base",4.38949323163255,"kgco2e/kg"
"659","primary_copper","EEU",2080,"image_ssp2_rcp19",2.40293007818234,"kgco2e/kg"
"660","primary_copper","EEU",2090,"image_ssp2_base",4.22391605761607,"kgco2e/kg"
"661","primary_copper","EEU",2090,"image_ssp2_rcp19",2.37115007212501,"kgco2e/kg"
"662","primary_copper","EEU",2100,"image_ssp2_base",4.11636329938511,"kgco2e/kg"
"663","primary_copper","EEU",2100,"image_ssp2_rcp19",2.36828893988263,"kgco2e/kg"
"664","primary_copper","FSU",2020,"image_ssp2_base",5.67166444082771,"kgco2e/kg"
"665","primary_copper","FSU",2030,"image_ssp2_base",5.47573566435761,"kgco2e/kg"
"666","primary_copper","FSU",2030,"image_ssp2_rcp19",3.53717229871037,"kgco2e/kg"
"667","primary_copper","FSU",2040,"image_ssp2_base",5.3823136803621,"kgco2e/kg"
"668","primary_copper","FSU",2040,"image_ssp2_rcp19",2.7642532454563,"kgco2e/kg"
"669","primary_copper","FSU",2050,"image_ssp2_base",5.26754024419668,"kgco2e/kg"
"670","primary_copper","FSU",2050,"image_ssp2_rcp19",2.56806335262317,"kgco2e/kg"
"671","primary_copper","FSU",2060,"image_ssp2_base",4.75059903307488,"kgco2e/kg"
"672","primary_copper","FSU",2060,"image_ssp2_rcp19",2.48823013280029,"kgco2e/kg"
"673","primary_copper","FSU",2070,"image_ssp2_base",4.5332657836101,"kgco2e/kg"
"674","primary_copper","FSU",2070,"image_ssp2_rcp19",2.41965494307396,"kgco2e/kg"
"675","primary_copper","FSU",2080,"image_ssp2_base",4.38949323163255,"kgco2e/kg"
"676","primary_copper","FSU",2080,"image_ssp2_rcp19",2.40293007818234,"kgco2e/kg"
"677","primary_copper","FSU",2090,"image_ssp2_base",4.22391605761607,"kgco2e/kg"
"678","primary_copper","FSU",2090,"image_ssp2_rcp19",2.37115007212501,"kgco2e/kg"
"679","primary_copper","FSU",2100,"image_ssp2_base",4.11636329938511,"kgco2e/kg"
"680","primary_copper","FSU",2100,"image_ssp2_rcp19",2.36828893988263,"kgco2e/kg"
"681","primary_copper","LAM",2020,"image_ssp2_base",5.67166444082771,"kgco2e/kg"
"682","primary_copper","LAM",2030,"image_ssp2_base",5.47573566435761,"kgco2e/kg"
"683","primary_copper","LAM",2030,"image_ssp2_rcp19",3.53717229871037,"kgco2e/kg"
"684","primary_copper","LAM",2040,"image_ssp2_base",5.3823136803621,"kgco2e/kg"
"685","primary_copper","LAM",2040,"image_ssp2_rcp19",2.7642532454563,"kgco2e/kg"
"686","primary_copper","LAM",2050,"image_ssp2_base",5.26754024419668,"kgco2e/kg"
"687","primary_copper","LAM",2050,"image_ssp2_rcp19",2.56806335262317,"kgco2e/kg"
"688","primary_copper","LAM",2060,"image_ssp2_base",4.75059903307488,"kgco2e/kg"
"689","primary_copper","LAM",2060,"image_ssp2_rcp19",2.48823013280029,"kgco2e/kg"
"690","primary_copper","LAM",2070,"image_ssp2_base",4.5332657836101,"kgco2e/kg"
"691","primary_copper","LAM",2070,"image_ssp2_rcp19",2.41965494307396,"kgco2e/kg"
"692","primary_copper","LAM",2080,"image_ssp2_base",4.38949323163255,"kgco2e/kg"
"693","primary_copper","LAM",2080,"image_ssp2_rcp19",2.40293007818234,"kgco2e/kg"
"694","primary_copper","LAM",2090,"image_ssp2_base",4.22391605761607,"kgco2e/kg"
"695","primary_copper","LAM",2090,"image_ssp2_rcp19",2.37115007212501,"kgco2e/kg"
"696","primary_copper","LAM",2100,"image_ssp2_base",4.11636329938511,"kgco2e/kg"
"697","primary_copper","LAM",2100,"image_ssp2_rcp19",2.36828893988263,"kgco2e/kg"
"698","primary_copper","MEA",2020,"image_ssp2_base",5.67166444082771,"kgco2e/kg"
"699","primary_copper","MEA",2030,"image_ssp2_base",5.47573566435761,"kgco2e/kg"
"700","primary_copper","MEA",2030,"image_ssp2_rcp19",3.53717229871037,"kgco2e/kg"
"701","primary_copper","MEA",2040,"image_ssp2_base",5.3823136803621,"kgco2e/kg"
"702","primary_copper","MEA",2040,"image_ssp2_rcp19",2.7642532454563,"kgco2e/kg"
"703","primary_copper","MEA",2050,"image_ssp2_base",5.26754024419668,"kgco2e/kg"
"704","primary_copper","MEA",2050,"image_ssp2_rcp19",2.56806335262317,"kgco2e/kg"
"705","primary_copper","MEA",2060,"image_ssp2_base",4.75059903307488,"kgco2e/kg"
"706","primary_copper","MEA",2060,"image_ssp2_rcp19",2.48823013280029,"kgco2e/kg"
"707","primary_copper","MEA",2070,"image_ssp2_base",4.5332657836101,"kgco2e/kg"
"708","primary_copper","MEA",2070,"image_ssp2_rcp19",2.41965494307396,"kgco2e/kg"
"709","primary_copper","MEA",2080,"image_ssp2_base",4.38949323163255,"kgco2e/kg"
"710","primary_copper","MEA",2080,"image_ssp2_rcp19",2.40293007818234,"kgco2e/kg"
"711","primary_copper","MEA",2090,"image_ssp2_base",4.22391605761607,"kgco2e/kg"
"712","primary_copper","MEA",2090,"image_ssp2_rcp19",2.37115007212501,"kgco2e/kg"
"713","primary_copper","MEA",2100,"image_ssp2_base",4.11636329938511,"kgco2e/kg"
"714","primary_copper","MEA",2100,"image_ssp2_rcp19",2.36828893988263,"kgco2e/kg"
"715","primary_copper","NAM",2020,"image_ssp2_base",5.67166444082771,"kgco2e/kg"
"716","primary_copper","NAM",2030,"image_ssp2_base",5.47573566435761,"kgco2e/kg"
"717","primary_copper","NAM",2030,"image_ssp2_rcp19",3.53717229871037,"kgco2e/kg"
"718","primary_copper","NAM",2040,"image_ssp2_base",5.3823136803621,"kgco2e/kg"
"719","primary_copper","NAM",2040,"image_ssp2_rcp19",2.7642532454563,"kgco2e/kg"
"720","primary_copper","NAM",2050,"image_ssp2_base",5.26754024419668,"kgco2e/kg"
"721","primary_copper","NAM",2050,"image_ssp2_rcp19",2.56806335262317,"kgco2e/kg"
"722","primary_copper","NAM",2060,"image_ssp2_base",4.75059903307488,"kgco2e/kg"
"723","primary_copper","NAM",2060,"image_ssp2_rcp19",2.48823013280029,"kgco2e/kg"
"724","primary_copper","NAM",2070,"image_ssp2_base",4.5332657836101,"kgco2e/kg"
"725","primary_copper","NAM",2070,"image_ssp2_rcp19",2.41965494307396,"kgco2e/kg"
"726","primary_copper","NAM",2080,"image_ssp2_base",4.38949323163255,"kgco2e/kg"
"727","primary_copper","NAM",2080,"image_ssp2_rcp19",2.40293007818234,"kgco2e/kg"
"728","primary_copper","NAM",2090,"image_ssp2_base",4.22391605761607,"kgco2e/kg"
"729","primary_copper","NAM",2090,"image_ssp2_rcp19",2.37115007212501,"kgco2e/kg"
"730","primary_copper","NAM",2100,"image_ssp2_base",4.11636329938511,"kgco2e/kg"
"731","primary_copper","NAM",2100,"image_ssp2_rcp19",2.36828893988263,"kgco2e/kg"
"732","primary_copper","PAO",2020,"image_ssp2_base",5.67166444082771,"kgco2e/kg"
"733","primary_copper","PAO",2030,"image_ssp2_base",5.47573566435761,"kgco2e/kg"
"734","primary_copper","PAO",2030,"image_ssp2_rcp19",3.53717229871037,"kgco2e/kg"
"735","primary_copper","PAO",2040,"image_ssp2_base",5.3823136803621,"kgco2e/kg"
"736","primary_copper","PAO",2040,"image_ssp2_rcp19",2.7642532454563,"kgco2e/kg"
"737","primary_copper","PAO",2050,"image_ssp2_base",5.26754024419668,"kgco2e/kg"
"738","primary_copper","PAO",2050,"image_ssp2_rcp19",2.56806335262317,"kgco2e/kg"
"739","primary_copper","PAO",2060,"image_ssp2_base",4.75059903307488,"kgco2e/kg"
"740","primary_copper","PAO",2060,"image_ssp2_rcp19",2.48823013280029,"kgco2e/kg"
"741","primary_copper","PAO",2070,"image_ssp2_base",4.5332657836101,"kgco2e/kg"
"742","primary_copper","PAO",2070,"image_ssp2_rcp19",2.41965494307396,"kgco2e/kg"
"743","primary_copper","PAO",2080,"image_ssp2_base",4.38949323163255,"kgco2e/kg"
"744","primary_copper","PAO",2080,"image_ssp2_rcp19",2.40293007818234,"kgco2e/kg"
"745","primary_copper","PAO",2090,"image_ssp2_base",4.22391605761607,"kgco2e/kg"
"746","primary_copper","PAO",2090,"image_ssp2_rcp19",2.37115007212501,"kgco2e/kg"
"747","primary_copper","PAO",2100,"image_ssp2_base",4.11636329938511,"kgco2e/kg"
"748","primary_copper","PAO",2100,"image_ssp2_rcp19",2.36828893988263,"kgco2e/kg"
"749","primary_copper","PAS",2020,"image_ssp2_base",5.67166444082771,"kgco2e/kg"
"750","primary_copper","PAS",2030,"image_ssp2_base",5.47573566435761,"kgco2e/kg"
"751","primary_copper","PAS",2030,"image_ssp2_rcp19",3.53717229871037,"kgco2e/kg"
"752","primary_copper","PAS",2040,"image_ssp2_base",5.3823136803621,"kgco2e/kg"
"753","primary_copper","PAS",2040,"image_ssp2_rcp19",2.7642532454563,"kgco2e/kg"
"754","primary_copper","PAS",2050,"image_ssp2_base",5.26754024419668,"kgco2e/kg"
"755","primary_copper","PAS",2050,"image_ssp2_rcp19",2.56806335262317,"kgco2e/kg"
"756","primary_copper","PAS",2060,"image_ssp2_base",4.75059903307488,"kgco2e/kg"
"757","primary_copper","PAS",2060,"image_ssp2_rcp19",2.48823013280029,"kgco2e/kg"
"758","primary_copper","PAS",2070,"image_ssp2_base",4.5332657836101,"kgco2e/kg"
"759","primary_copper","PAS",2070,"image_ssp2_rcp19",2.41965494307396,"kgco2e/kg"
"760","primary_copper","PAS",2080,"image_ssp2_base",4.38949323163255,"kgco2e/kg"
"761","primary_copper","PAS",2080,"image_ssp2_rcp19",2.40293007818234,"kgco2e/kg"
"762","primary_copper","PAS",2090,"image_ssp2_base",4.22391605761607,"kgco2e/kg"
"763","primary_copper","PAS",2090,"image_ssp2_rcp19",2.37115007212501,"kgco2e/kg"
"764","primary_copper","PAS",2100,"image_ssp2_base",4.11636329938511,"kgco2e/kg"
"765","primary_copper","PAS",2100,"image_ssp2_rcp19",2.36828893988263,"kgco2e/kg"
"766","primary_copper","RCPA",2020,"image_ssp2_base",5.67166444082771,"kgco2e/kg"
"767","primary_copper","RCPA",2030,"image_ssp2_base",5.47573566435761,"kgco2e/kg"
"768","primary_copper","RCPA",2030,"image_ssp2_rcp19",3.53717229871037,"kgco2e/kg"
"769","primary_copper","RCPA",2040,"image_ssp2_base",5.3823136803621,"kgco2e/kg"
"770","primary_copper","RCPA",2040,"image_ssp2_rcp19",2.7642532454563,"kgco2e/kg"
"771","primary_copper","RCPA",2050,"image_ssp2_base",5.26754024419668,"kgco2e/kg"
"772","primary_copper","RCPA",2050,"image_ssp2_rcp19",2.56806335262317,"kgco2e/kg"
"773","primary_copper","RCPA",2060,"image_ssp2_base",4.75059903307488,"kgco2e/kg"
"774","primary_copper","RCPA",2060,"image_ssp2_rcp19",2.48823013280029,"kgco2e/kg"
"775","primary_copper","RCPA",2070,"image_ssp2_base",4.5332657836101,"kgco2e/kg"
"776","primary_copper","RCPA",2070,"image_ssp2_rcp19",2.41965494307396,"kgco2e/kg"
"777","primary_copper","RCPA",2080,"image_ssp2_base",4.38949323163255,"kgco2e/kg"
"778","primary_copper","RCPA",2080,"image_ssp2_rcp19",2.40293007818234,"kgco2e/kg"
"779","primary_copper","RCPA",2090,"image_ssp2_base",4.22391605761607,"kgco2e/kg"
"780","primary_copper","RCPA",2090,"image_ssp2_rcp19",2.37115007212501,"kgco2e/kg"
"781","primary_copper","RCPA",2100,"image_ssp2_base",4.11636329938511,"kgco2e/kg"
"782","primary_copper","RCPA",2100,"image_ssp2_rcp19",2.36828893988263,"kgco2e/kg"
"783","primary_copper","SAS",2020,"image_ssp2_base",5.67166444082771,"kgco2e/kg"
"784","primary_copper","SAS",2030,"image_ssp2_base",5.47573566435761,"kgco2e/kg"
"785","primary_copper","SAS",2030,"image_ssp2_rcp19",3.53717229871037,"kgco2e/kg"
"786","primary_copper","SAS",2040,"image_ssp2_base",5.3823136803621,"kgco2e/kg"
"787","primary_copper","SAS",2040,"image_ssp2_rcp19",2.7642532454563,"kgco2e/kg"
"788","primary_copper","SAS",2050,"image_ssp2_base",5.26754024419668,"kgco2e/kg"
"789","primary_copper","SAS",2050,"image_ssp2_rcp19",2.56806335262317,"kgco2e/kg"
"790","primary_copper","SAS",2060,"image_ssp2_base",4.75059903307488,"kgco2e/kg"
"791","primary_copper","SAS",2060,"image_ssp2_rcp19",2.48823013280029,"kgco2e/kg"
"792","primary_copper","SAS",2070,"image_ssp2_base",4.5332657836101,"kgco2e/kg"
"793","primary_copper","SAS",2070,"image_ssp2_rcp19",2.41965494307396,"kgco2e/kg"
"794","primary_copper","SAS",2080,"image_ssp2_base",4.38949323163255,"kgco2e/kg"
"795","primary_copper","SAS",2080,"image_ssp2_rcp19",2.40293007818234,"kgco2e/kg"
"796","primary_copper","SAS",2090,"image_ssp2_base",4.22391605761607,"kgco2e/kg"
"797","primary_copper","SAS",2090,"image_ssp2_rcp19",2.37115007212501,"kgco2e/kg"
"798","primary_copper","SAS",2100,"image_ssp2_base",4.11636329938511,"kgco2e/kg"
"799","primary_copper","SAS",2100,"image_ssp2_rcp19",2.36828893988263,"kgco2e/kg"
"800","primary_copper","WEU",2020,"image_ssp2_base",5.67166444082771,"kgco2e/kg"
"801","primary_copper","WEU",2030,"image_ssp2_base",5.47573566435761,"kgco2e/kg"
"802","primary_copper","WEU",2030,"image_ssp2_rcp19",3.53717229871037,"kgco2e/kg"
"803","primary_copper","WEU",2040,"image_ssp2_base",5.3823136803621,"kgco2e/kg"
"804","primary_copper","WEU",2040,"image_ssp2_rcp19",2.7642532454563,"kgco2e/kg"
"805","primary_copper","WEU",2050,"image_ssp2_base",5.26754024419668,"kgco2e/kg"
"806","primary_copper","WEU",2050,"image_ssp2_rcp19",2.56806335262317,"kgco2e/kg"
"807","primary_copper","WEU",2060,"image_ssp2_base",4.75059903307488,"kgco2e/kg"
"808","primary_copper","WEU",2060,"image_ssp2_rcp19",2.48823013280029,"kgco2e/kg"
"809","primary_copper","WEU",2070,"image_ssp2_base",4.5332657836101,"kgco2e/kg"
"810","primary_copper","WEU",2070,"image_ssp2_rcp19",2.41965494307396,"kgco2e/kg"
"811","primary_copper","WEU",2080,"image_ssp2_base",4.38949323163255,"kgco2e/kg"
"812","primary_copper","WEU",2080,"image_ssp2_rcp19",2.40293007818234,"kgco2e/kg"
"813","primary_copper","WEU",2090,"image_ssp2_base",4.22391605761607,"kgco2e/kg"
"814","primary_copper","WEU",2090,"image_ssp2_rcp19",2.37115007212501,"kgco2e/kg"
"815","primary_copper","WEU",2100,"image_ssp2_base",4.11636329938511,"kgco2e/kg"
"816","primary_copper","WEU",2100,"image_ssp2_rcp19",2.36828893988263,"kgco2e/kg"
"817","primary_glass","AFR",2020,"image_ssp2_base",1.12804238296091,"kgco2e/kg"
"818","primary_glass","AFR",2030,"image_ssp2_base",1.0991971437951,"kgco2e/kg"
"819","primary_glass","AFR",2030,"image_ssp2_rcp19",0.895308392202015,"kgco2e/kg"
"820","primary_glass","AFR",2040,"image_ssp2_base",1.04173136056578,"kgco2e/kg"
"821","primary_glass","AFR",2040,"image_ssp2_rcp19",0.795093691143157,"kgco2e/kg"
"822","primary_glass","AFR",2050,"image_ssp2_base",1.00997904439863,"kgco2e/kg"
"823","primary_glass","AFR",2050,"image_ssp2_rcp19",0.747515566491712,"kgco2e/kg"
"824","primary_glass","AFR",2060,"image_ssp2_base",0.982933418822496,"kgco2e/kg"
"825","primary_glass","AFR",2060,"image_ssp2_rcp19",0.721132650412135,"kgco2e/kg"
"826","primary_glass","AFR",2070,"image_ssp2_base",0.970526350755339,"kgco2e/kg"
"827","primary_glass","AFR",2070,"image_ssp2_rcp19",0.728788001669464,"kgco2e/kg"
"828","primary_glass","AFR",2080,"image_ssp2_base",0.963779188400643,"kgco2e/kg"
"829","primary_glass","AFR",2080,"image_ssp2_rcp19",0.755912337826981,"kgco2e/kg"
"830","primary_glass","AFR",2090,"image_ssp2_base",0.955943364650483,"kgco2e/kg"
"831","primary_glass","AFR",2090,"image_ssp2_rcp19",0.770691698127639,"kgco2e/kg"
"832","primary_glass","AFR",2100,"image_ssp2_base",0.949564751334641,"kgco2e/kg"
"833","primary_glass","AFR",2100,"image_ssp2_rcp19",0.773585956638413,"kgco2e/kg"
"834","primary_glass","CHN",2020,"image_ssp2_base",1.12804238296091,"kgco2e/kg"
"835","primary_glass","CHN",2030,"image_ssp2_base",1.0991971437951,"kgco2e/kg"
"836","primary_glass","CHN",2030,"image_ssp2_rcp19",0.895308392202015,"kgco2e/kg"
"837","primary_glass","CHN",2040,"image_ssp2_base",1.04173136056578,"kgco2e/kg"
"838","primary_glass","CHN",2040,"image_ssp2_rcp19",0.795093691143157,"kgco2e/kg"
"839","primary_glass","CHN",2050,"image_ssp2_base",1.00997904439863,"kgco2e/kg"
"840","primary_glass","CHN",2050,"image_ssp2_rcp19",0.747515566491712,"kgco2e/kg"
"841","primary_glass","CHN",2060,"image_ssp2_base",0.982933418822496,"kgco2e/kg"
"842","primary_glass","CHN",2060,"image_ssp2_rcp19",0.721132650412135,"kgco2e/kg"
"843","primary_glass","CHN",2070,"image_ssp2_base",0.970526350755339,"kgco2e/kg"
"844","primary_glass","CHN",2070,"image_ssp2_rcp19",0.728788001669464,"kgco2e/kg"
"845","primary_glass","CHN",2080,"image_ssp2_base",0.963779188400643,"kgco2e/kg"
"846","primary_glass","CHN",2080,"image_ssp2_rcp19",0.755912337826981,"kgco2e/kg"
"847","primary_glass","CHN",2090,"image_ssp2_base",0.955943364650483,"kgco2e/kg"
"848","primary_glass","CHN",2090,"image_ssp2_rcp19",0.770691698127639,"kgco2e/kg"
"849","primary_glass","CHN",2100,"image_ssp2_base",0.949564751334641,"kgco2e/kg"
"850","primary_glass","CHN",2100,"image_ssp2_rcp19",0.773585956638413,"kgco2e/kg"
"851","primary_glass","EEU",2020,"image_ssp2_base",1.12804238296091,"kgco2e/kg"
"852","primary_glass","EEU",2030,"image_ssp2_base",1.0991971437951,"kgco2e/kg"
"853","primary_glass","EEU",2030,"image_ssp2_rcp19",0.895308392202015,"kgco2e/kg"
"854","primary_glass","EEU",2040,"image_ssp2_base",1.04173136056578,"kgco2e/kg"
"855","primary_glass","EEU",2040,"image_ssp2_rcp19",0.795093691143157,"kgco2e/kg"
"856","primary_glass","EEU",2050,"image_ssp2_base",1.00997904439863,"kgco2e/kg"
"857","primary_glass","EEU",2050,"image_ssp2_rcp19",0.747515566491712,"kgco2e/kg"
"858","primary_glass","EEU",2060,"image_ssp2_base",0.982933418822496,"kgco2e/kg"
"859","primary_glass","EEU",2060,"image_ssp2_rcp19",0.721132650412135,"kgco2e/kg"
"860","primary_glass","EEU",2070,"image_ssp2_base",0.970526350755339,"kgco2e/kg"
"861","primary_glass","EEU",2070,"image_ssp2_rcp19",0.728788001669464,"kgco2e/kg"
"862","primary_glass","EEU",2080,"image_ssp2_base",0.963779188400643,"kgco2e/kg"
"863","primary_glass","EEU",2080,"image_ssp2_rcp19",0.755912337826981,"kgco2e/kg"
"864","primary_glass","EEU",2090,"image_ssp2_base",0.955943364650483,"kgco2e/kg"
"865","primary_glass","EEU",2090,"image_ssp2_rcp19",0.770691698127639,"kgco2e/kg"
"866","primary_glass","EEU",2100,"image_ssp2_base",0.949564751334641,"kgco2e/kg"
"867","primary_glass","EEU",2100,"image_ssp2_rcp19",0.773585956638413,"kgco2e/kg"
"868","primary_glass","FSU",2020,"image_ssp2_base",1.12804238296091,"kgco2e/kg"
"869","primary_glass","FSU",2030,"image_ssp2_base",1.0991971437951,"kgco2e/kg"
"870","primary_glass","FSU",2030,"image_ssp2_rcp19",0.895308392202015,"kgco2e/kg"
"871","primary_glass","FSU",2040,"image_ssp2_base",1.04173136056578,"kgco2e/kg"
"872","primary_glass","FSU",2040,"image_ssp2_rcp19",0.795093691143157,"kgco2e/kg"
"873","primary_glass","FSU",2050,"image_ssp2_base",1.00997904439863,"kgco2e/kg"
"874","primary_glass","FSU",2050,"image_ssp2_rcp19",0.747515566491712,"kgco2e/kg"
"875","primary_glass","FSU",2060,"image_ssp2_base",0.982933418822496,"kgco2e/kg"
"876","primary_glass","FSU",2060,"image_ssp2_rcp19",0.721132650412135,"kgco2e/kg"
"877","primary_glass","FSU",2070,"image_ssp2_base",0.970526350755339,"kgco2e/kg"
"878","primary_glass","FSU",2070,"image_ssp2_rcp19",0.728788001669464,"kgco2e/kg"
"879","primary_glass","FSU",2080,"image_ssp2_base",0.963779188400643,"kgco2e/kg"
"880","primary_glass","FSU",2080,"image_ssp2_rcp19",0.755912337826981,"kgco2e/kg"
"881","primary_glass","FSU",2090,"image_ssp2_base",0.955943364650483,"kgco2e/kg"
"882","primary_glass","FSU",2090,"image_ssp2_rcp19",0.770691698127639,"kgco2e/kg"
"883","primary_glass","FSU",2100,"image_ssp2_base",0.949564751334641,"kgco2e/kg"
"884","primary_glass","FSU",2100,"image_ssp2_rcp19",0.773585956638413,"kgco2e/kg"
"885","primary_glass","LAM",2020,"image_ssp2_base",1.12804238296091,"kgco2e/kg"
"886","primary_glass","LAM",2030,"image_ssp2_base",1.0991971437951,"kgco2e/kg"
"887","primary_glass","LAM",2030,"image_ssp2_rcp19",0.895308392202015,"kgco2e/kg"
"888","primary_glass","LAM",2040,"image_ssp2_base",1.04173136056578,"kgco2e/kg"
"889","primary_glass","LAM",2040,"image_ssp2_rcp19",0.795093691143157,"kgco2e/kg"
"890","primary_glass","LAM",2050,"image_ssp2_base",1.00997904439863,"kgco2e/kg"
"891","primary_glass","LAM",2050,"image_ssp2_rcp19",0.747515566491712,"kgco2e/kg"
"892","primary_glass","LAM",2060,"image_ssp2_base",0.982933418822496,"kgco2e/kg"
"893","primary_glass","LAM",2060,"image_ssp2_rcp19",0.721132650412135,"kgco2e/kg"
"894","primary_glass","LAM",2070,"image_ssp2_base",0.970526350755339,"kgco2e/kg"
"895","primary_glass","LAM",2070,"image_ssp2_rcp19",0.728788001669464,"kgco2e/kg"
"896","primary_glass","LAM",2080,"image_ssp2_base",0.963779188400643,"kgco2e/kg"
"897","primary_glass","LAM",2080,"image_ssp2_rcp19",0.755912337826981,"kgco2e/kg"
"898","primary_glass","LAM",2090,"image_ssp2_base",0.955943364650483,"kgco2e/kg"
"899","primary_glass","LAM",2090,"image_ssp2_rcp19",0.770691698127639,"kgco2e/kg"
"900","primary_glass","LAM",2100,"image_ssp2_base",0.949564751334641,"kgco2e/kg"
"901","primary_glass","LAM",2100,"image_ssp2_rcp19",0.773585956638413,"kgco2e/kg"
"902","primary_glass","MEA",2020,"image_ssp2_base",1.12804238296091,"kgco2e/kg"
"903","primary_glass","MEA",2030,"image_ssp2_base",1.0991971437951,"kgco2e/kg"
"904","primary_glass","MEA",2030,"image_ssp2_rcp19",0.895308392202015,"kgco2e/kg"
"905","primary_glass","MEA",2040,"image_ssp2_base",1.04173136056578,"kgco2e/kg"
"906","primary_glass","MEA",2040,"image_ssp2_rcp19",0.795093691143157,"kgco2e/kg"
"907","primary_glass","MEA",2050,"image_ssp2_base",1.00997904439863,"kgco2e/kg"
"908","primary_glass","MEA",2050,"image_ssp2_rcp19",0.747515566491712,"kgco2e/kg"
"909","primary_glass","MEA",2060,"image_ssp2_base",0.982933418822496,"kgco2e/kg"
"910","primary_glass","MEA",2060,"image_ssp2_rcp19",0.721132650412135,"kgco2e/kg"
"911","primary_glass","MEA",2070,"image_ssp2_base",0.970526350755339,"kgco2e/kg"
"912","primary_glass","MEA",2070,"image_ssp2_rcp19",0.728788001669464,"kgco2e/kg"
"913","primary_glass","MEA",2080,"image_ssp2_base",0.963779188400643,"kgco2e/kg"
"914","primary_glass","MEA",2080,"image_ssp2_rcp19",0.755912337826981,"kgco2e/kg"
"915","primary_glass","MEA",2090,"image_ssp2_base",0.955943364650483,"kgco2e/kg"
"916","primary_glass","MEA",2090,"image_ssp2_rcp19",0.770691698127639,"kgco2e/kg"
"917","primary_glass","MEA",2100,"image_ssp2_base",0.949564751334641,"kgco2e/kg"
"918","primary_glass","MEA",2100,"image_ssp2_rcp19",0.773585956638413,"kgco2e/kg"
"919","primary_glass","NAM",2020,"image_ssp2_base",1.12804238296091,"kgco2e/kg"
"920","primary_glass","NAM",2030,"image_ssp2_base",1.0991971437951,"kgco2e/kg"
"921","primary_glass","NAM",2030,"image_ssp2_rcp19",0.895308392202015,"kgco2e/kg"
"922","primary_glass","NAM",2040,"image_ssp2_base",1.04173136056578,"kgco2e/kg"
"923","primary_glass","NAM",2040,"image_ssp2_rcp19",0.795093691143157,"kgco2e/kg"
"924","primary_glass","NAM",2050,"image_ssp2_base",1.00997904439863,"kgco2e/kg"
"925","primary_glass","NAM",2050,"image_ssp2_rcp19",0.747515566491712,"kgco2e/kg"
"926","primary_glass","NAM",2060,"image_ssp2_base",0.982933418822496,"kgco2e/kg"
"927","primary_glass","NAM",2060,"image_ssp2_rcp19",0.721132650412135,"kgco2e/kg"
"928","primary_glass","NAM",2070,"image_ssp2_base",0.970526350755339,"kgco2e/kg"
"929","primary_glass","NAM",2070,"image_ssp2_rcp19",0.728788001669464,"kgco2e/kg"
"930","primary_glass","NAM",2080,"image_ssp2_base",0.963779188400643,"kgco2e/kg"
"931","primary_glass","NAM",2080,"image_ssp2_rcp19",0.755912337826981,"kgco2e/kg"
"932","primary_glass","NAM",2090,"image_ssp2_base",0.955943364650483,"kgco2e/kg"
"933","primary_glass","NAM",2090,"image_ssp2_rcp19",0.770691698127639,"kgco2e/kg"
"934","primary_glass","NAM",2100,"image_ssp2_base",0.949564751334641,"kgco2e/kg"
"935","primary_glass","NAM",2100,"image_ssp2_rcp19",0.773585956638413,"kgco2e/kg"
"936","primary_glass","PAO",2020,"image_ssp2_base",1.12804238296091,"kgco2e/kg"
"937","primary_glass","PAO",2030,"image_ssp2_base",1.0991971437951,"kgco2e/kg"
"938","primary_glass","PAO",2030,"image_ssp2_rcp19",0.895308392202015,"kgco2e/kg"
"939","primary_glass","PAO",2040,"image_ssp2_base",1.04173136056578,"kgco2e/kg"
"940","primary_glass","PAO",2040,"image_ssp2_rcp19",0.795093691143157,"kgco2e/kg"
"941","primary_glass","PAO",2050,"image_ssp2_base",1.00997904439863,"kgco2e/kg"
"942","primary_glass","PAO",2050,"image_ssp2_rcp19",0.747515566491712,"kgco2e/kg"
"943","primary_glass","PAO",2060,"image_ssp2_base",0.982933418822496,"kgco2e/kg"
"944","primary_glass","PAO",2060,"image_ssp2_rcp19",0.721132650412135,"kgco2e/kg"
"945","primary_glass","PAO",2070,"image_ssp2_base",0.970526350755339,"kgco2e/kg"
"946","primary_glass","PAO",2070,"image_ssp2_rcp19",0.728788001669464,"kgco2e/kg"
"947","primary_glass","PAO",2080,"image_ssp2_base",0.963779188400643,"kgco2e/kg"
"948","primary_glass","PAO",2080,"image_ssp2_rcp19",0.755912337826981,"kgco2e/kg"
"949","primary_glass","PAO",2090,"image_ssp2_base",0.955943364650483,"kgco2e/kg"
"950","primary_glass","PAO",2090,"image_ssp2_rcp19",0.770691698127639,"kgco2e/kg"
"951","primary_glass","PAO",2100,"image_ssp2_base",0.949564751334641,"kgco2e/kg"
"952","primary_glass","PAO",2100,"image_ssp2_rcp19",0.773585956638413,"kgco2e/kg"
"953","primary_glass","PAS",2020,"image_ssp2_base",1.12804238296091,"kgco2e/kg"
"954","primary_glass","PAS",2030,"image_ssp2_base",1.0991971437951,"kgco2e/kg"
"955","primary_glass","PAS",2030,"image_ssp2_rcp19",0.895308392202015,"kgco2e/kg"
"956","primary_glass","PAS",2040,"image_ssp2_base",1.04173136056578,"kgco2e/kg"
"957","primary_glass","PAS",2040,"image_ssp2_rcp19",0.795093691143157,"kgco2e/kg"
"958","primary_glass","PAS",2050,"image_ssp2_base",1.00997904439863,"kgco2e/kg"
"959","primary_glass","PAS",2050,"image_ssp2_rcp19",0.747515566491712,"kgco2e/kg"
"960","primary_glass","PAS",2060,"image_ssp2_base",0.982933418822496,"kgco2e/kg"
"961","primary_glass","PAS",2060,"image_ssp2_rcp19",0.721132650412135,"kgco2e/kg"
"962","primary_glass","PAS",2070,"image_ssp2_base",0.970526350755339,"kgco2e/kg"
"963","primary_glass","PAS",2070,"image_ssp2_rcp19",0.728788001669464,"kgco2e/kg"
"964","primary_glass","PAS",2080,"image_ssp2_base",0.963779188400643,"kgco2e/kg"
"965","primary_glass","PAS",2080,"image_ssp2_rcp19",0.755912337826981,"kgco2e/kg"
"966","primary_glass","PAS",2090,"image_ssp2_base",0.955943364650483,"kgco2e/kg"
"967","primary_glass","PAS",2090,"image_ssp2_rcp19",0.770691698127639,"kgco2e/kg"
"968","primary_glass","PAS",2100,"image_ssp2_base",0.949564751334641,"kgco2e/kg"
"969","primary_glass","PAS",2100,"image_ssp2_rcp19",0.773585956638413,"kgco2e/kg"
"970","primary_glass","RCPA",2020,"image_ssp2_base",1.12804238296091,"kgco2e/kg"
"971","primary_glass","RCPA",2030,"image_ssp2_base",1.0991971437951,"kgco2e/kg"
"972","primary_glass","RCPA",2030,"image_ssp2_rcp19",0.895308392202015,"kgco2e/kg"
"973","primary_glass","RCPA",2040,"image_ssp2_base",1.04173136056578,"kgco2e/kg"
"974","primary_glass","RCPA",2040,"image_ssp2_rcp19",0.795093691143157,"kgco2e/kg"
"975","primary_glass","RCPA",2050,"image_ssp2_base",1.00997904439863,"kgco2e/kg"
"976","primary_glass","RCPA",2050,"image_ssp2_rcp19",0.747515566491712,"kgco2e/kg"
"977","primary_glass","RCPA",2060,"image_ssp2_base",0.982933418822496,"kgco2e/kg"
"978","primary_glass","RCPA",2060,"image_ssp2_rcp19",0.721132650412135,"kgco2e/kg"
"979","primary_glass","RCPA",2070,"image_ssp2_base",0.970526350755339,"kgco2e/kg"
"980","primary_glass","RCPA",2070,"image_ssp2_rcp19",0.728788001669464,"kgco2e/kg"
"981","primary_glass","RCPA",2080,"image_ssp2_base",0.963779188400643,"kgco2e/kg"
"982","primary_glass","RCPA",2080,"image_ssp2_rcp19",0.755912337826981,"kgco2e/kg"
"983","primary_glass","RCPA",2090,"image_ssp2_base",0.955943364650483,"kgco2e/kg"
"984","primary_glass","RCPA",2090,"image_ssp2_rcp19",0.770691698127639,"kgco2e/kg"
"985","primary_glass","RCPA",2100,"image_ssp2_base",0.949564751334641,"kgco2e/kg"
"986","primary_glass","RCPA",2100,"image_ssp2_rcp19",0.773585956638413,"kgco2e/kg"
"987","primary_glass","SAS",2020,"image_ssp2_base",1.12804238296091,"kgco2e/kg"
"988","primary_glass","SAS",2030,"image_ssp2_base",1.0991971437951,"kgco2e/kg"
"989","primary_glass","SAS",2030,"image_ssp2_rcp19",0.895308392202015,"kgco2e/kg"
"990","primary_glass","SAS",2040,"image_ssp2_base",1.04173136056578,"kgco2e/kg"
"991","primary_glass","SAS",2040,"image_ssp2_rcp19",0.795093691143157,"kgco2e/kg"
"992","primary_glass","SAS",2050,"image_ssp2_base",1.00997904439863,"kgco2e/kg"
"993","primary_glass","SAS",2050,"image_ssp2_rcp19",0.747515566491712,"kgco2e/kg"
"994","primary_glass","SAS",2060,"image_ssp2_base",0.982933418822496,"kgco2e/kg"
"995","primary_glass","SAS",2060,"image_ssp2_rcp19",0.721132650412135,"kgco2e/kg"
"996","primary_glass","SAS",2070,"image_ssp2_base",0.970526350755339,"kgco2e/kg"
"997","primary_glass","SAS",2070,"image_ssp2_rcp19",0.728788001669464,"kgco2e/kg"
"998","primary_glass","SAS",2080,"image_ssp2_base",0.963779188400643,"kgco2e/kg"
"999","primary_glass","SAS",2080,"image_ssp2_rcp19",0.755912337826981,"kgco2e/kg"
"1000","primary_glass","SAS",2090,"image_ssp2_base",0.955943364650483,"kgco2e/kg"
"1001","primary_glass","SAS",2090,"image_ssp2_rcp19",0.770691698127639,"kgco2e/kg"
"1002","primary_glass","SAS",2100,"image_ssp2_base",0.949564751334641,"kgco2e/kg"
"1003","primary_glass","SAS",2100,"image_ssp2_rcp19",0.773585956638413,"kgco2e/kg"
"1004","primary_glass","WEU",2020,"image_ssp2_base",1.12804238296091,"kgco2e/kg"
"1005","primary_glass","WEU",2030,"image_ssp2_base",1.0991971437951,"kgco2e/kg"
"1006","primary_glass","WEU",2030,"image_ssp2_rcp19",0.895308392202015,"kgco2e/kg"
"1007","primary_glass","WEU",2040,"image_ssp2_base",1.04173136056578,"kgco2e/kg"
"1008","primary_glass","WEU",2040,"image_ssp2_rcp19",0.795093691143157,"kgco2e/kg"
"1009","primary_glass","WEU",2050,"image_ssp2_base",1.00997904439863,"kgco2e/kg"
"1010","primary_glass","WEU",2050,"image_ssp2_rcp19",0.747515566491712,"kgco2e/kg"
"1011","primary_glass","WEU",2060,"image_ssp2_base",0.982933418822496,"kgco2e/kg"
"1012","primary_glass","WEU",2060,"image_ssp2_rcp19",0.721132650412135,"kgco2e/kg"
"1013","primary_glass","WEU",2070,"image_ssp2_base",0.970526350755339,"kgco2e/kg"
"1014","primary_glass","WEU",2070,"image_ssp2_rcp19",0.728788001669464,"kgco2e/kg"
"1015","primary_glass","WEU",2080,"image_ssp2_base",0.963779188400643,"kgco2e/kg"
"1016","primary_glass","WEU",2080,"image_ssp2_rcp19",0.755912337826981,"kgco2e/kg"
"1017","primary_glass","WEU",2090,"image_ssp2_base",0.955943364650483,"kgco2e/kg"
"1018","primary_glass","WEU",2090,"image_ssp2_rcp19",0.770691698127639,"kgco2e/kg"
"1019","primary_glass","WEU",2100,"image_ssp2_base",0.949564751334641,"kgco2e/kg"
"1020","primary_glass","WEU",2100,"image_ssp2_rcp19",0.773585956638413,"kgco2e/kg"
"1021","primary_mortar","AFR",2020,"image_ssp2_base",0.219366781733747,"kgco2e/kg"
"1022","primary_mortar","AFR",2030,"image_ssp2_base",0.216356666815275,"kgco2e/kg"
"1023","primary_mortar","AFR",2030,"image_ssp2_rcp19",0.179017920428399,"kgco2e/kg"
"1024","primary_mortar","AFR",2040,"image_ssp2_base",0.213760047127738,"kgco2e/kg"
"1025","primary_mortar","AFR",2040,"image_ssp2_rcp19",0.117691313978977,"kgco2e/kg"
"1026","primary_mortar","AFR",2050,"image_ssp2_base",0.210694837059892,"kgco2e/kg"
"1027","primary_mortar","AFR",2050,"image_ssp2_rcp19",0.0842044590503232,"kgco2e/kg"
"1028","primary_mortar","AFR",2060,"image_ssp2_base",0.204638321144783,"kgco2e/kg"
"1029","primary_mortar","AFR",2060,"image_ssp2_rcp19",0.0363869042806226,"kgco2e/kg"
"1030","primary_mortar","AFR",2070,"image_ssp2_base",0.201597547225779,"kgco2e/kg"
"1031","primary_mortar","AFR",2070,"image_ssp2_rcp19",0.03524951454984,"kgco2e/kg"
"1032","primary_mortar","AFR",2080,"image_ssp2_base",0.200170427421674,"kgco2e/kg"
"1033","primary_mortar","AFR",2080,"image_ssp2_rcp19",0.0347920422892959,"kgco2e/kg"
"1034","primary_mortar","AFR",2090,"image_ssp2_base",0.198248595633224,"kgco2e/kg"
"1035","primary_mortar","AFR",2090,"image_ssp2_rcp19",0.034473231757429,"kgco2e/kg"
"1036","primary_mortar","AFR",2100,"image_ssp2_base",0.196304553839926,"kgco2e/kg"
"1037","primary_mortar","AFR",2100,"image_ssp2_rcp19",0.0344621626884628,"kgco2e/kg"
"1038","primary_mortar","CHN",2020,"image_ssp2_base",0.219366781733747,"kgco2e/kg"
"1039","primary_mortar","CHN",2030,"image_ssp2_base",0.216356666815275,"kgco2e/kg"
"1040","primary_mortar","CHN",2030,"image_ssp2_rcp19",0.179017920428399,"kgco2e/kg"
"1041","primary_mortar","CHN",2040,"image_ssp2_base",0.213760047127738,"kgco2e/kg"
"1042","primary_mortar","CHN",2040,"image_ssp2_rcp19",0.117691313978977,"kgco2e/kg"
"1043","primary_mortar","CHN",2050,"image_ssp2_base",0.210694837059892,"kgco2e/kg"
"1044","primary_mortar","CHN",2050,"image_ssp2_rcp19",0.0842044590503232,"kgco2e/kg"
"1045","primary_mortar","CHN",2060,"image_ssp2_base",0.204638321144783,"kgco2e/kg"
"1046","primary_mortar","CHN",2060,"image_ssp2_rcp19",0.0363869042806226,"kgco2e/kg"
"1047","primary_mortar","CHN",2070,"image_ssp2_base",0.201597547225779,"kgco2e/kg"
"1048","primary_mortar","CHN",2070,"image_ssp2_rcp19",0.03524951454984,"kgco2e/kg"
"1049","primary_mortar","CHN",2080,"image_ssp2_base",0.200170427421674,"kgco2e/kg"
"1050","primary_mortar","CHN",2080,"image_ssp2_rcp19",0.0347920422892959,"kgco2e/kg"
"1051","primary_mortar","CHN",2090,"image_ssp2_base",0.198248595633224,"kgco2e/kg"
"1052","primary_mortar","CHN",2090,"image_ssp2_rcp19",0.034473231757429,"kgco2e/kg"
"1053","primary_mortar","CHN",2100,"image_ssp2_base",0.196304553839926,"kgco2e/kg"
"1054","primary_mortar","CHN",2100,"image_ssp2_rcp19",0.0344621626884628,"kgco2e/kg"
"1055","primary_mortar","EEU",2020,"image_ssp2_base",0.219366781733747,"kgco2e/kg"
"1056","primary_mortar","EEU",2030,"image_ssp2_base",0.216356666815275,"kgco2e/kg"
"1057","primary_mortar","EEU",2030,"image_ssp2_rcp19",0.179017920428399,"kgco2e/kg"
"1058","primary_mortar","EEU",2040,"image_ssp2_base",0.213760047127738,"kgco2e/kg"
"1059","primary_mortar","EEU",2040,"image_ssp2_rcp19",0.117691313978977,"kgco2e/kg"
"1060","primary_mortar","EEU",2050,"image_ssp2_base",0.210694837059892,"kgco2e/kg"
"1061","primary_mortar","EEU",2050,"image_ssp2_rcp19",0.0842044590503232,"kgco2e/kg"
"1062","primary_mortar","EEU",2060,"image_ssp2_base",0.204638321144783,"kgco2e/kg"
"1063","primary_mortar","EEU",2060,"image_ssp2_rcp19",0.0363869042806226,"kgco2e/kg"
"1064","primary_mortar","EEU",2070,"image_ssp2_base",0.201597547225779,"kgco2e/kg"
"1065","primary_mortar","EEU",2070,"image_ssp2_rcp19",0.03524951454984,"kgco2e/kg"
"1066","primary_mortar","EEU",2080,"image_ssp2_base",0.200170427421674,"kgco2e/kg"
"1067","primary_mortar","EEU",2080,"image_ssp2_rcp19",0.0347920422892959,"kgco2e/kg"
"1068","primary_mortar","EEU",2090,"image_ssp2_base",0.198248595633224,"kgco2e/kg"
"1069","primary_mortar","EEU",2090,"image_ssp2_rcp19",0.034473231757429,"kgco2e/kg"
"1070","primary_mortar","EEU",2100,"image_ssp2_base",0.196304553839926,"kgco2e/kg"
"1071","primary_mortar","EEU",2100,"image_ssp2_rcp19",0.0344621626884628,"kgco2e/kg"
"1072","primary_mortar","FSU",2020,"image_ssp2_base",0.219366781733747,"kgco2e/kg"
"1073","primary_mortar","FSU",2030,"image_ssp2_base",0.216356666815275,"kgco2e/kg"
"1074","primary_mortar","FSU",2030,"image_ssp2_rcp19",0.179017920428399,"kgco2e/kg"
"1075","primary_mortar","FSU",2040,"image_ssp2_base",0.213760047127738,"kgco2e/kg"
"1076","primary_mortar","FSU",2040,"image_ssp2_rcp19",0.117691313978977,"kgco2e/kg"
"1077","primary_mortar","FSU",2050,"image_ssp2_base",0.210694837059892,"kgco2e/kg"
"1078","primary_mortar","FSU",2050,"image_ssp2_rcp19",0.0842044590503232,"kgco2e/kg"
"1079","primary_mortar","FSU",2060,"image_ssp2_base",0.204638321144783,"kgco2e/kg"
"1080","primary_mortar","FSU",2060,"image_ssp2_rcp19",0.0363869042806226,"kgco2e/kg"
"1081","primary_mortar","FSU",2070,"image_ssp2_base",0.201597547225779,"kgco2e/kg"
"1082","primary_mortar","FSU",2070,"image_ssp2_rcp19",0.03524951454984,"kgco2e/kg"
"1083","primary_mortar","FSU",2080,"image_ssp2_base",0.200170427421674,"kgco2e/kg"
"1084","primary_mortar","FSU",2080,"image_ssp2_rcp19",0.0347920422892959,"kgco2e/kg"
"1085","primary_mortar","FSU",2090,"image_ssp2_base",0.198248595633224,"kgco2e/kg"
"1086","primary_mortar","FSU",2090,"image_ssp2_rcp19",0.034473231757429,"kgco2e/kg"
"1087","primary_mortar","FSU",2100,"image_ssp2_base",0.196304553839926,"kgco2e/kg"
"1088","primary_mortar","FSU",2100,"image_ssp2_rcp19",0.0344621626884628,"kgco2e/kg"
"1089","primary_mortar","LAM",2020,"image_ssp2_base",0.219366781733747,"kgco2e/kg"
"1090","primary_mortar","LAM",2030,"image_ssp2_base",0.216356666815275,"kgco2e/kg"
"1091","primary_mortar","LAM",2030,"image_ssp2_rcp19",0.179017920428399,"kgco2e/kg"
"1092","primary_mortar","LAM",2040,"image_ssp2_base",0.213760047127738,"kgco2e/kg"
"1093","primary_mortar","LAM",2040,"image_ssp2_rcp19",0.117691313978977,"kgco2e/kg"
"1094","primary_mortar","LAM",2050,"image_ssp2_base",0.210694837059892,"kgco2e/kg"
"1095","primary_mortar","LAM",2050,"image_ssp2_rcp19",0.0842044590503232,"kgco2e/kg"
"1096","primary_mortar","LAM",2060,"image_ssp2_base",0.204638321144783,"kgco2e/kg"
"1097","primary_mortar","LAM",2060,"image_ssp2_rcp19",0.0363869042806226,"kgco2e/kg"
"1098","primary_mortar","LAM",2070,"image_ssp2_base",0.201597547225779,"kgco2e/kg"
"1099","primary_mortar","LAM",2070,"image_ssp2_rcp19",0.03524951454984,"kgco2e/kg"
"1100","primary_mortar","LAM",2080,"image_ssp2_base",0.200170427421674,"kgco2e/kg"
"1101","primary_mortar","LAM",2080,"image_ssp2_rcp19",0.0347920422892959,"kgco2e/kg"
"1102","primary_mortar","LAM",2090,"image_ssp2_base",0.198248595633224,"kgco2e/kg"
"1103","primary_mortar","LAM",2090,"image_ssp2_rcp19",0.034473231757429,"kgco2e/kg"
"1104","primary_mortar","LAM",2100,"image_ssp2_base",0.196304553839926,"kgco2e/kg"
"1105","primary_mortar","LAM",2100,"image_ssp2_rcp19",0.0344621626884628,"kgco2e/kg"
"1106","primary_mortar","MEA",2020,"image_ssp2_base",0.219366781733747,"kgco2e/kg"
"1107","primary_mortar","MEA",2030,"image_ssp2_base",0.216356666815275,"kgco2e/kg"
"1108","primary_mortar","MEA",2030,"image_ssp2_rcp19",0.179017920428399,"kgco2e/kg"
"1109","primary_mortar","MEA",2040,"image_ssp2_base",0.213760047127738,"kgco2e/kg"
"1110","primary_mortar","MEA",2040,"image_ssp2_rcp19",0.117691313978977,"kgco2e/kg"
"1111","primary_mortar","MEA",2050,"image_ssp2_base",0.210694837059892,"kgco2e/kg"
"1112","primary_mortar","MEA",2050,"image_ssp2_rcp19",0.0842044590503232,"kgco2e/kg"
"1113","primary_mortar","MEA",2060,"image_ssp2_base",0.204638321144783,"kgco2e/kg"
"1114","primary_mortar","MEA",2060,"image_ssp2_rcp19",0.0363869042806226,"kgco2e/kg"
"1115","primary_mortar","MEA",2070,"image_ssp2_base",0.201597547225779,"kgco2e/kg"
"1116","primary_mortar","MEA",2070,"image_ssp2_rcp19",0.03524951454984,"kgco2e/kg"
"1117","primary_mortar","MEA",2080,"image_ssp2_base",0.200170427421674,"kgco2e/kg"
"1118","primary_mortar","MEA",2080,"image_ssp2_rcp19",0.0347920422892959,"kgco2e/kg"
"1119","primary_mortar","MEA",2090,"image_ssp2_base",0.198248595633224,"kgco2e/kg"
"1120","primary_mortar","MEA",2090,"image_ssp2_rcp19",0.034473231757429,"kgco2e/kg"
"1121","primary_mortar","MEA",2100,"image_ssp2_base",0.196304553839926,"kgco2e/kg"
"1122","primary_mortar","MEA",2100,"image_ssp2_rcp19",0.0344621626884628,"kgco2e/kg"
"1123","primary_mortar","NAM",2020,"image_ssp2_base",0.219366781733747,"kgco2e/kg"
"1124","primary_mortar","NAM",2030,"image_ssp2_base",0.216356666815275,"kgco2e/kg"
"1125","primary_mortar","NAM",2030,"image_ssp2_rcp19",0.179017920428399,"kgco2e/kg"
"1126","primary_mortar","NAM",2040,"image_ssp2_base",0.213760047127738,"kgco2e/kg"
"1127","primary_mortar","NAM",2040,"image_ssp2_rcp19",0.117691313978977,"kgco2e/kg"
"1128","primary_mortar","NAM",2050,"image_ssp2_base",0.210694837059892,"kgco2e/kg"
"1129","primary_mortar","NAM",2050,"image_ssp2_rcp19",0.0842044590503232,"kgco2e/kg"
"1130","primary_mortar","NAM",2060,"image_ssp2_base",0.204638321144783,"kgco2e/kg"
"1131","primary_mortar","NAM",2060,"image_ssp2_rcp19",0.0363869042806226,"kgco2e/kg"
"1132","primary_mortar","NAM",2070,"image_ssp2_base",0.201597547225779,"kgco2e/kg"
"1133","primary_mortar","NAM",2070,"image_ssp2_rcp19",0.03524951454984,"kgco2e/kg"
"1134","primary_mortar","NAM",2080,"image_ssp2_base",0.200170427421674,"kgco2e/kg"
"1135","primary_mortar","NAM",2080,"image_ssp2_rcp19",0.0347920422892959,"kgco2e/kg"
"1136","primary_mortar","NAM",2090,"image_ssp2_base",0.198248595633224,"kgco2e/kg"
"1137","primary_mortar","NAM",2090,"image_ssp2_rcp19",0.034473231757429,"kgco2e/kg"
"1138","primary_mortar","NAM",2100,"image_ssp2_base",0.196304553839926,"kgco2e/kg"
"1139","primary_mortar","NAM",2100,"image_ssp2_rcp19",0.0344621626884628,"kgco2e/kg"
"1140","primary_mortar","PAO",2020,"image_ssp2_base",0.219366781733747,"kgco2e/kg"
"1141","primary_mortar","PAO",2030,"image_ssp2_base",0.216356666815275,"kgco2e/kg"
"1142","primary_mortar","PAO",2030,"image_ssp2_rcp19",0.179017920428399,"kgco2e/kg"
"1143","primary_mortar","PAO",2040,"image_ssp2_base",0.213760047127738,"kgco2e/kg"
"1144","primary_mortar","PAO",2040,"image_ssp2_rcp19",0.117691313978977,"kgco2e/kg"
"1145","primary_mortar","PAO",2050,"image_ssp2_base",0.210694837059892,"kgco2e/kg"
"1146","primary_mortar","PAO",2050,"image_ssp2_rcp19",0.0842044590503232,"kgco2e/kg"
"1147","primary_mortar","PAO",2060,"image_ssp2_base",0.204638321144783,"kgco2e/kg"
"1148","primary_mortar","PAO",2060,"image_ssp2_rcp19",0.0363869042806226,"kgco2e/kg"
"1149","primary_mortar","PAO",2070,"image_ssp2_base",0.201597547225779,"kgco2e/kg"
"1150","primary_mortar","PAO",2070,"image_ssp2_rcp19",0.03524951454984,"kgco2e/kg"
"1151","primary_mortar","PAO",2080,"image_ssp2_base",0.200170427421674,"kgco2e/kg"
"1152","primary_mortar","PAO",2080,"image_ssp2_rcp19",0.0347920422892959,"kgco2e/kg"
"1153","primary_mortar","PAO",2090,"image_ssp2_base",0.198248595633224,"kgco2e/kg"
"1154","primary_mortar","PAO",2090,"image_ssp2_rcp19",0.034473231757429,"kgco2e/kg"
"1155","primary_mortar","PAO",2100,"image_ssp2_base",0.196304553839926,"kgco2e/kg"
"1156","primary_mortar","PAO",2100,"image_ssp2_rcp19",0.0344621626884628,"kgco2e/kg"
"1157","primary_mortar","PAS",2020,"image_ssp2_base",0.219366781733747,"kgco2e/kg"
"1158","primary_mortar","PAS",2030,"image_ssp2_base",0.216356666815275,"kgco2e/kg"
"1159","primary_mortar","PAS",2030,"image_ssp2_rcp19",0.179017920428399,"kgco2e/kg"
"1160","primary_mortar","PAS",2040,"image_ssp2_base",0.213760047127738,"kgco2e/kg"
"1161","primary_mortar","PAS",2040,"image_ssp2_rcp19",0.117691313978977,"kgco2e/kg"
"1162","primary_mortar","PAS",2050,"image_ssp2_base",0.210694837059892,"kgco2e/kg"
"1163","primary_mortar","PAS",2050,"image_ssp2_rcp19",0.0842044590503232,"kgco2e/kg"
"1164","primary_mortar","PAS",2060,"image_ssp2_base",0.204638321144783,"kgco2e/kg"
"1165","primary_mortar","PAS",2060,"image_ssp2_rcp19",0.0363869042806226,"kgco2e/kg"
"1166","primary_mortar","PAS",2070,"image_ssp2_base",0.201597547225779,"kgco2e/kg"
"1167","primary_mortar","PAS",2070,"image_ssp2_rcp19",0.03524951454984,"kgco2e/kg"
"1168","primary_mortar","PAS",2080,"image_ssp2_base",0.200170427421674,"kgco2e/kg"
"1169","primary_mortar","PAS",2080,"image_ssp2_rcp19",0.0347920422892959,"kgco2e/kg"
"1170","primary_mortar","PAS",2090,"image_ssp2_base",0.198248595633224,"kgco2e/kg"
"1171","primary_mortar","PAS",2090,"image_ssp2_rcp19",0.034473231757429,"kgco2e/kg"
"1172","primary_mortar","PAS",2100,"image_ssp2_base",0.196304553839926,"kgco2e/kg"
"1173","primary_mortar","PAS",2100,"image_ssp2_rcp19",0.0344621626884628,"kgco2e/kg"
"1174","primary_mortar","RCPA",2020,"image_ssp2_base",0.219366781733747,"kgco2e/kg"
"1175","primary_mortar","RCPA",2030,"image_ssp2_base",0.216356666815275,"kgco2e/kg"
"1176","primary_mortar","RCPA",2030,"image_ssp2_rcp19",0.179017920428399,"kgco2e/kg"
"1177","primary_mortar","RCPA",2040,"image_ssp2_base",0.213760047127738,"kgco2e/kg"
"1178","primary_mortar","RCPA",2040,"image_ssp2_rcp19",0.117691313978977,"kgco2e/kg"
"1179","primary_mortar","RCPA",2050,"image_ssp2_base",0.210694837059892,"kgco2e/kg"
"1180","primary_mortar","RCPA",2050,"image_ssp2_rcp19",0.0842044590503232,"kgco2e/kg"
"1181","primary_mortar","RCPA",2060,"image_ssp2_base",0.204638321144783,"kgco2e/kg"
"1182","primary_mortar","RCPA",2060,"image_ssp2_rcp19",0.0363869042806226,"kgco2e/kg"
"1183","primary_mortar","RCPA",2070,"image_ssp2_base",0.201597547225779,"kgco2e/kg"
"1184","primary_mortar","RCPA",2070,"image_ssp2_rcp19",0.03524951454984,"kgco2e/kg"
"1185","primary_mortar","RCPA",2080,"image_ssp2_base",0.200170427421674,"kgco2e/kg"
"1186","primary_mortar","RCPA",2080,"image_ssp2_rcp19",0.0347920422892959,"kgco2e/kg"
"1187","primary_mortar","RCPA",2090,"image_ssp2_base",0.198248595633224,"kgco2e/kg"
"1188","primary_mortar","RCPA",2090,"image_ssp2_rcp19",0.034473231757429,"kgco2e/kg"
"1189","primary_mortar","RCPA",2100,"image_ssp2_base",0.196304553839926,"kgco2e/kg"
"1190","primary_mortar","RCPA",2100,"image_ssp2_rcp19",0.0344621626884628,"kgco2e/kg"
"1191","primary_mortar","SAS",2020,"image_ssp2_base",0.219366781733747,"kgco2e/kg"
"1192","primary_mortar","SAS",2030,"image_ssp2_base",0.216356666815275,"kgco2e/kg"
"1193","primary_mortar","SAS",2030,"image_ssp2_rcp19",0.179017920428399,"kgco2e/kg"
"1194","primary_mortar","SAS",2040,"image_ssp2_base",0.213760047127738,"kgco2e/kg"
"1195","primary_mortar","SAS",2040,"image_ssp2_rcp19",0.117691313978977,"kgco2e/kg"
"1196","primary_mortar","SAS",2050,"image_ssp2_base",0.210694837059892,"kgco2e/kg"
"1197","primary_mortar","SAS",2050,"image_ssp2_rcp19",0.0842044590503232,"kgco2e/kg"
"1198","primary_mortar","SAS",2060,"image_ssp2_base",0.204638321144783,"kgco2e/kg"
"1199","primary_mortar","SAS",2060,"image_ssp2_rcp19",0.0363869042806226,"kgco2e/kg"
"1200","primary_mortar","SAS",2070,"image_ssp2_base",0.201597547225779,"kgco2e/kg"
"1201","primary_mortar","SAS",2070,"image_ssp2_rcp19",0.03524951454984,"kgco2e/kg"
"1202","primary_mortar","SAS",2080,"image_ssp2_base",0.200170427421674,"kgco2e/kg"
"1203","primary_mortar","SAS",2080,"image_ssp2_rcp19",0.0347920422892959,"kgco2e/kg"
"1204","primary_mortar","SAS",2090,"image_ssp2_base",0.198248595633224,"kgco2e/kg"
"1205","primary_mortar","SAS",2090,"image_ssp2_rcp19",0.034473231757429,"kgco2e/kg"
"1206","primary_mortar","SAS",2100,"image_ssp2_base",0.196304553839926,"kgco2e/kg"
"1207","primary_mortar","SAS",2100,"image_ssp2_rcp19",0.0344621626884628,"kgco2e/kg"
"1208","primary_mortar","WEU",2020,"image_ssp2_base",0.219366781733747,"kgco2e/kg"
"1209","primary_mortar","WEU",2030,"image_ssp2_base",0.216356666815275,"kgco2e/kg"
"1210","primary_mortar","WEU",2030,"image_ssp2_rcp19",0.179017920428399,"kgco2e/kg"
"1211","primary_mortar","WEU",2040,"image_ssp2_base",0.213760047127738,"kgco2e/kg"
"1212","primary_mortar","WEU",2040,"image_ssp2_rcp19",0.117691313978977,"kgco2e/kg"
"1213","primary_mortar","WEU",2050,"image_ssp2_base",0.210694837059892,"kgco2e/kg"
"1214","primary_mortar","WEU",2050,"image_ssp2_rcp19",0.0842044590503232,"kgco2e/kg"
"1215","primary_mortar","WEU",2060,"image_ssp2_base",0.204638321144783,"kgco2e/kg"
"1216","primary_mortar","WEU",2060,"image_ssp2_rcp19",0.0363869042806226,"kgco2e/kg"
"1217","primary_mortar","WEU",2070,"image_ssp2_base",0.201597547225779,"kgco2e/kg"
"1218","primary_mortar","WEU",2070,"image_ssp2_rcp19",0.03524951454984,"kgco2e/kg"
"1219","primary_mortar","WEU",2080,"image_ssp2_base",0.200170427421674,"kgco2e/kg"
"1220","primary_mortar","WEU",2080,"image_ssp2_rcp19",0.0347920422892959,"kgco2e/kg"
"1221","primary_mortar","WEU",2090,"image_ssp2_base",0.198248595633224,"kgco2e/kg"
"1222","primary_mortar","WEU",2090,"image_ssp2_rcp19",0.034473231757429,"kgco2e/kg"
"1223","primary_mortar","WEU",2100,"image_ssp2_base",0.196304553839926,"kgco2e/kg"
"1224","primary_mortar","WEU",2100,"image_ssp2_rcp19",0.0344621626884628,"kgco2e/kg"
"1225","primary_plaster","AFR",2020,"image_ssp2_base",0.907684029470872,"kgco2e/kg"
"1226","primary_plaster","AFR",2030,"image_ssp2_base",0.885176815467904,"kgco2e/kg"
"1227","primary_plaster","AFR",2030,"image_ssp2_rcp19",0.721269119044406,"kgco2e/kg"
"1228","primary_plaster","AFR",2040,"image_ssp2_base",0.841361850987335,"kgco2e/kg"
"1229","primary_plaster","AFR",2040,"image_ssp2_rcp19",0.628473151711557,"kgco2e/kg"
"1230","primary_plaster","AFR",2050,"image_ssp2_base",0.816687669613535,"kgco2e/kg"
"1231","primary_plaster","AFR",2050,"image_ssp2_rcp19",0.583241173218075,"kgco2e/kg"
"1232","primary_plaster","AFR",2060,"image_ssp2_base",0.794590192956287,"kgco2e/kg"
"1233","primary_plaster","AFR",2060,"image_ssp2_rcp19",0.54982831038232,"kgco2e/kg"
"1234","primary_plaster","AFR",2070,"image_ssp2_base",0.784393741324948,"kgco2e/kg"
"1235","primary_plaster","AFR",2070,"image_ssp2_rcp19",0.555299728543744,"kgco2e/kg"
"1236","primary_plaster","AFR",2080,"image_ssp2_base",0.778910404544169,"kgco2e/kg"
"1237","primary_plaster","AFR",2080,"image_ssp2_rcp19",0.575536345058171,"kgco2e/kg"
"1238","primary_plaster","AFR",2090,"image_ssp2_base",0.772450747271682,"kgco2e/kg"
"1239","primary_plaster","AFR",2090,"image_ssp2_rcp19",0.586518466380024,"kgco2e/kg"
"1240","primary_plaster","AFR",2100,"image_ssp2_base",0.767100043368631,"kgco2e/kg"
"1241","primary_plaster","AFR",2100,"image_ssp2_rcp19",0.588678312871928,"kgco2e/kg"
"1242","primary_plaster","CHN",2020,"image_ssp2_base",0.907684029470872,"kgco2e/kg"
"1243","primary_plaster","CHN",2030,"image_ssp2_base",0.885176815467904,"kgco2e/kg"
"1244","primary_plaster","CHN",2030,"image_ssp2_rcp19",0.721269119044406,"kgco2e/kg"
"1245","primary_plaster","CHN",2040,"image_ssp2_base",0.841361850987335,"kgco2e/kg"
"1246","primary_plaster","CHN",2040,"image_ssp2_rcp19",0.628473151711557,"kgco2e/kg"
"1247","primary_plaster","CHN",2050,"image_ssp2_base",0.816687669613535,"kgco2e/kg"
"1248","primary_plaster","CHN",2050,"image_ssp2_rcp19",0.583241173218075,"kgco2e/kg"
"1249","primary_plaster","CHN",2060,"image_ssp2_base",0.794590192956287,"kgco2e/kg"
"1250","primary_plaster","CHN",2060,"image_ssp2_rcp19",0.54982831038232,"kgco2e/kg"
"1251","primary_plaster","CHN",2070,"image_ssp2_base",0.784393741324948,"kgco2e/kg"
"1252","primary_plaster","CHN",2070,"image_ssp2_rcp19",0.555299728543744,"kgco2e/kg"
"1253","primary_plaster","CHN",2080,"image_ssp2_base",0.778910404544169,"kgco2e/kg"
"1254","primary_plaster","CHN",2080,"image_ssp2_rcp19",0.575536345058171,"kgco2e/kg"
"1255","primary_plaster","CHN",2090,"image_ssp2_base",0.772450747271682,"kgco2e/kg"
"1256","primary_plaster","CHN",2090,"image_ssp2_rcp19",0.586518466380024,"kgco2e/kg"
"1257","primary_plaster","CHN",2100,"image_ssp2_base",0.767100043368631,"kgco2e/kg"
"1258","primary_plaster","CHN",2100,"image_ssp2_rcp19",0.588678312871928,"kgco2e/kg"
"1259","primary_plaster","EEU",2020,"image_ssp2_base",0.907684029470872,"kgco2e/kg"
"1260","primary_plaster","EEU",2030,"image_ssp2_base",0.885176815467904,"kgco2e/kg"
"1261","primary_plaster","EEU",2030,"image_ssp2_rcp19",0.721269119044406,"kgco2e/kg"
"1262","primary_plaster","EEU",2040,"image_ssp2_base",0.841361850987335,"kgco2e/kg"
"1263","primary_plaster","EEU",2040,"image_ssp2_rcp19",0.628473151711557,"kgco2e/kg"
"1264","primary_plaster","EEU",2050,"image_ssp2_base",0.816687669613535,"kgco2e/kg"
"1265","primary_plaster","EEU",2050,"image_ssp2_rcp19",0.583241173218075,"kgco2e/kg"
"1266","primary_plaster","EEU",2060,"image_ssp2_base",0.794590192956287,"kgco2e/kg"
"1267","primary_plaster","EEU",2060,"image_ssp2_rcp19",0.54982831038232,"kgco2e/kg"
"1268","primary_plaster","EEU",2070,"image_ssp2_base",0.784393741324948,"kgco2e/kg"
"1269","primary_plaster","EEU",2070,"image_ssp2_rcp19",0.555299728543744,"kgco2e/kg"
"1270","primary_plaster","EEU",2080,"image_ssp2_base",0.778910404544169,"kgco2e/kg"
"1271","primary_plaster","EEU",2080,"image_ssp2_rcp19",0.575536345058171,"kgco2e/kg"
"1272","primary_plaster","EEU",2090,"image_ssp2_base",0.772450747271682,"kgco2e/kg"
"1273","primary_plaster","EEU",2090,"image_ssp2_rcp19",0.586518466380024,"kgco2e/kg"
"1274","primary_plaster","EEU",2100,"image_ssp2_base",0.767100043368631,"kgco2e/kg"
"1275","primary_plaster","EEU",2100,"image_ssp2_rcp19",0.588678312871928,"kgco2e/kg"
"1276","primary_plaster","FSU",2020,"image_ssp2_base",0.907684029470872,"kgco2e/kg"
"1277","primary_plaster","FSU",2030,"image_ssp2_base",0.885176815467904,"kgco2e/kg"
"1278","primary_plaster","FSU",2030,"image_ssp2_rcp19",0.721269119044406,"kgco2e/kg"
"1279","primary_plaster","FSU",2040,"image_ssp2_base",0.841361850987335,"kgco2e/kg"
"1280","primary_plaster","FSU",2040,"image_ssp2_rcp19",0.628473151711557,"kgco2e/kg"
"1281","primary_plaster","FSU",2050,"image_ssp2_base",0.816687669613535,"kgco2e/kg"
"1282","primary_plaster","FSU",2050,"image_ssp2_rcp19",0.583241173218075,"kgco2e/kg"
"1283","primary_plaster","FSU",2060,"image_ssp2_base",0.794590192956287,"kgco2e/kg"
"1284","primary_plaster","FSU",2060,"image_ssp2_rcp19",0.54982831038232,"kgco2e/kg"
"1285","primary_plaster","FSU",2070,"image_ssp2_base",0.784393741324948,"kgco2e/kg"
"1286","primary_plaster","FSU",2070,"image_ssp2_rcp19",0.555299728543744,"kgco2e/kg"
"1287","primary_plaster","FSU",2080,"image_ssp2_base",0.778910404544169,"kgco2e/kg"
"1288","primary_plaster","FSU",2080,"image_ssp2_rcp19",0.575536345058171,"kgco2e/kg"
"1289","primary_plaster","FSU",2090,"image_ssp2_base",0.772450747271682,"kgco2e/kg"
"1290","primary_plaster","FSU",2090,"image_ssp2_rcp19",0.586518466380024,"kgco2e/kg"
"1291","primary_plaster","FSU",2100,"image_ssp2_base",0.767100043368631,"kgco2e/kg"
"1292","primary_plaster","FSU",2100,"image_ssp2_rcp19",0.588678312871928,"kgco2e/kg"
"1293","primary_plaster","LAM",2020,"image_ssp2_base",0.907684029470872,"kgco2e/kg"
"1294","primary_plaster","LAM",2030,"image_ssp2_base",0.885176815467904,"kgco2e/kg"
"1295","primary_plaster","LAM",2030,"image_ssp2_rcp19",0.721269119044406,"kgco2e/kg"
"1296","primary_plaster","LAM",2040,"image_ssp2_base",0.841361850987335,"kgco2e/kg"
"1297","primary_plaster","LAM",2040,"image_ssp2_rcp19",0.628473151711557,"kgco2e/kg"
"1298","primary_plaster","LAM",2050,"image_ssp2_base",0.816687669613535,"kgco2e/kg"
"1299","primary_plaster","LAM",2050,"image_ssp2_rcp19",0.583241173218075,"kgco2e/kg"
"1300","primary_plaster","LAM",2060,"image_ssp2_base",0.794590192956287,"kgco2e/kg"
"1301","primary_plaster","LAM",2060,"image_ssp2_rcp19",0.54982831038232,"kgco2e/kg"
"1302","primary_plaster","LAM",2070,"image_ssp2_base",0.784393741324948,"kgco2e/kg"
"1303","primary_plaster","LAM",2070,"image_ssp2_rcp19",0.555299728543744,"kgco2e/kg"
"1304","primary_plaster","LAM",2080,"image_ssp2_base",0.778910404544169,"kgco2e/kg"
"1305","primary_plaster","LAM",2080,"image_ssp2_rcp19",0.575536345058171,"kgco2e/kg"
"1306","primary_plaster","LAM",2090,"image_ssp2_base",0.772450747271682,"kgco2e/kg"
"1307","primary_plaster","LAM",2090,"image_ssp2_rcp19",0.586518466380024,"kgco2e/kg"
"1308","primary_plaster","LAM",2100,"image_ssp2_base",0.767100043368631,"kgco2e/kg"
"1309","primary_plaster","LAM",2100,"image_ssp2_rcp19",0.588678312871928,"kgco2e/kg"
"1310","primary_plaster","MEA",2020,"image_ssp2_base",0.907684029470872,"kgco2e/kg"
"1311","primary_plaster","MEA",2030,"image_ssp2_base",0.885176815467904,"kgco2e/kg"
"1312","primary_plaster","MEA",2030,"image_ssp2_rcp19",0.721269119044406,"kgco2e/kg"
"1313","primary_plaster","MEA",2040,"image_ssp2_base",0.841361850987335,"kgco2e/kg"
"1314","primary_plaster","MEA",2040,"image_ssp2_rcp19",0.628473151711557,"kgco2e/kg"
"1315","primary_plaster","MEA",2050,"image_ssp2_base",0.816687669613535,"kgco2e/kg"
"1316","primary_plaster","MEA",2050,"image_ssp2_rcp19",0.583241173218075,"kgco2e/kg"
"1317","primary_plaster","MEA",2060,"image_ssp2_base",0.794590192956287,"kgco2e/kg"
"1318","primary_plaster","MEA",2060,"image_ssp2_rcp19",0.54982831038232,"kgco2e/kg"
"1319","primary_plaster","MEA",2070,"image_ssp2_base",0.784393741324948,"kgco2e/kg"
"1320","primary_plaster","MEA",2070,"image_ssp2_rcp19",0.555299728543744,"kgco2e/kg"
"1321","primary_plaster","MEA",2080,"image_ssp2_base",0.778910404544169,"kgco2e/kg"
"1322","primary_plaster","MEA",2080,"image_ssp2_rcp19",0.575536345058171,"kgco2e/kg"
"1323","primary_plaster","MEA",2090,"image_ssp2_base",0.772450747271682,"kgco2e/kg"
"1324","primary_plaster","MEA",2090,"image_ssp2_rcp19",0.586518466380024,"kgco2e/kg"
"1325","primary_plaster","MEA",2100,"image_ssp2_base",0.767100043368631,"kgco2e/kg"
"1326","primary_plaster","MEA",2100,"image_ssp2_rcp19",0.588678312871928,"kgco2e/kg"
"1327","primary_plaster","NAM",2020,"image_ssp2_base",0.907684029470872,"kgco2e/kg"
"1328","primary_plaster","NAM",2030,"image_ssp2_base",0.885176815467904,"kgco2e/kg"
"1329","primary_plaster","NAM",2030,"image_ssp2_rcp19",0.721269119044406,"kgco2e/kg"
"1330","primary_plaster","NAM",2040,"image_ssp2_base",0.841361850987335,"kgco2e/kg"
"1331","primary_plaster","NAM",2040,"image_ssp2_rcp19",0.628473151711557,"kgco2e/kg"
"1332","primary_plaster","NAM",2050,"image_ssp2_base",0.816687669613535,"kgco2e/kg"
"1333","primary_plaster","NAM",2050,"image_ssp2_rcp19",0.583241173218075,"kgco2e/kg"
"1334","primary_plaster","NAM",2060,"image_ssp2_base",0.794590192956287,"kgco2e/kg"
"1335","primary_plaster","NAM",2060,"image_ssp2_rcp19",0.54982831038232,"kgco2e/kg"
"1336","primary_plaster","NAM",2070,"image_ssp2_base",0.784393741324948,"kgco2e/kg"
"1337","primary_plaster","NAM",2070,"image_ssp2_rcp19",0.555299728543744,"kgco2e/kg"
"1338","primary_plaster","NAM",2080,"image_ssp2_base",0.778910404544169,"kgco2e/kg"
"1339","primary_plaster","NAM",2080,"image_ssp2_rcp19",0.575536345058171,"kgco2e/kg"
"1340","primary_plaster","NAM",2090,"image_ssp2_base",0.772450747271682,"kgco2e/kg"
"1341","primary_plaster","NAM",2090,"image_ssp2_rcp19",0.586518466380024,"kgco2e/kg"
"1342","primary_plaster","NAM",2100,"image_ssp2_base",0.767100043368631,"kgco2e/kg"
"1343","primary_plaster","NAM",2100,"image_ssp2_rcp19",0.588678312871928,"kgco2e/kg"
"1344","primary_plaster","PAO",2020,"image_ssp2_base",0.907684029470872,"kgco2e/kg"
"1345","primary_plaster","PAO",2030,"image_ssp2_base",0.885176815467904,"kgco2e/kg"
"1346","primary_plaster","PAO",2030,"image_ssp2_rcp19",0.721269119044406,"kgco2e/kg"
"1347","primary_plaster","PAO",2040,"image_ssp2_base",0.841361850987335,"kgco2e/kg"
"1348","primary_plaster","PAO",2040,"image_ssp2_rcp19",0.628473151711557,"kgco2e/kg"
"1349","primary_plaster","PAO",2050,"image_ssp2_base",0.816687669613535,"kgco2e/kg"
"1350","primary_plaster","PAO",2050,"image_ssp2_rcp19",0.583241173218075,"kgco2e/kg"
"1351","primary_plaster","PAO",2060,"image_ssp2_base",0.794590192956287,"kgco2e/kg"
"1352","primary_plaster","PAO",2060,"image_ssp2_rcp19",0.54982831038232,"kgco2e/kg"
"1353","primary_plaster","PAO",2070,"image_ssp2_base",0.784393741324948,"kgco2e/kg"
"1354","primary_plaster","PAO",2070,"image_ssp2_rcp19",0.555299728543744,"kgco2e/kg"
"1355","primary_plaster","PAO",2080,"image_ssp2_base",0.778910404544169,"kgco2e/kg"
"1356","primary_plaster","PAO",2080,"image_ssp2_rcp19",0.575536345058171,"kgco2e/kg"
"1357","primary_plaster","PAO",2090,"image_ssp2_base",0.772450747271682,"kgco2e/kg"
"1358","primary_plaster","PAO",2090,"image_ssp2_rcp19",0.586518466380024,"kgco2e/kg"
"1359","primary_plaster","PAO",2100,"image_ssp2_base",0.767100043368631,"kgco2e/kg"
"1360","primary_plaster","PAO",2100,"image_ssp2_rcp19",0.588678312871928,"kgco2e/kg"
"1361","primary_plaster","PAS",2020,"image_ssp2_base",0.907684029470872,"kgco2e/kg"
"1362","primary_plaster","PAS",2030,"image_ssp2_base",0.885176815467904,"kgco2e/kg"
"1363","primary_plaster","PAS",2030,"image_ssp2_rcp19",0.721269119044406,"kgco2e/kg"
"1364","primary_plaster","PAS",2040,"image_ssp2_base",0.841361850987335,"kgco2e/kg"
"1365","primary_plaster","PAS",2040,"image_ssp2_rcp19",0.628473151711557,"kgco2e/kg"
"1366","primary_plaster","PAS",2050,"image_ssp2_base",0.816687669613535,"kgco2e/kg"
"1367","primary_plaster","PAS",2050,"image_ssp2_rcp19",0.583241173218075,"kgco2e/kg"
"1368","primary_plaster","PAS",2060,"image_ssp2_base",0.794590192956287,"kgco2e/kg"
"1369","primary_plaster","PAS",2060,"image_ssp2_rcp19",0.54982831038232,"kgco2e/kg"
"1370","primary_plaster","PAS",2070,"image_ssp2_base",0.784393741324948,"kgco2e/kg"
"1371","primary_plaster","PAS",2070,"image_ssp2_rcp19",0.555299728543744,"kgco2e/kg"
"1372","primary_plaster","PAS",2080,"image_ssp2_base",0.778910404544169,"kgco2e/kg"
"1373","primary_plaster","PAS",2080,"image_ssp2_rcp19",0.575536345058171,"kgco2e/kg"
"1374","primary_plaster","PAS",2090,"image_ssp2_base",0.772450747271682,"kgco2e/kg"
"1375","primary_plaster","PAS",2090,"image_ssp2_rcp19",0.586518466380024,"kgco2e/kg"
"1376","primary_plaster","PAS",2100,"image_ssp2_base",0.767100043368631,"kgco2e/kg"
"1377","primary_plaster","PAS",2100,"image_ssp2_rcp19",0.588678312871928,"kgco2e/kg"
"1378","primary_plaster","RCPA",2020,"image_ssp2_base",0.907684029470872,"kgco2e/kg"
"1379","primary_plaster","RCPA",2030,"image_ssp2_base",0.885176815467904,"kgco2e/kg"
"1380","primary_plaster","RCPA",2030,"image_ssp2_rcp19",0.721269119044406,"kgco2e/kg"
"1381","primary_plaster","RCPA",2040,"image_ssp2_base",0.841361850987335,"kgco2e/kg"
"1382","primary_plaster","RCPA",2040,"image_ssp2_rcp19",0.628473151711557,"kgco2e/kg"
"1383","primary_plaster","RCPA",2050,"image_ssp2_base",0.816687669613535,"kgco2e/kg"
"1384","primary_plaster","RCPA",2050,"image_ssp2_rcp19",0.583241173218075,"kgco2e/kg"
"1385","primary_plaster","RCPA",2060,"image_ssp2_base",0.794590192956287,"kgco2e/kg"
"1386","primary_plaster","RCPA",2060,"image_ssp2_rcp19",0.54982831038232,"kgco2e/kg"
"1387","primary_plaster","RCPA",2070,"image_ssp2_base",0.784393741324948,"kgco2e/kg"
"1388","primary_plaster","RCPA",2070,"image_ssp2_rcp19",0.555299728543744,"kgco2e/kg"
"1389","primary_plaster","RCPA",2080,"image_ssp2_base",0.778910404544169,"kgco2e/kg"
"1390","primary_plaster","RCPA",2080,"image_ssp2_rcp19",0.575536345058171,"kgco2e/kg"
"1391","primary_plaster","RCPA",2090,"image_ssp2_base",0.772450747271682,"kgco2e/kg"
"1392","primary_plaster","RCPA",2090,"image_ssp2_rcp19",0.586518466380024,"kgco2e/kg"
"1393","primary_plaster","RCPA",2100,"image_ssp2_base",0.767100043368631,"kgco2e/kg"
"1394","primary_plaster","RCPA",2100,"image_ssp2_rcp19",0.588678312871928,"kgco2e/kg"
"1395","primary_plaster","SAS",2020,"image_ssp2_base",0.907684029470872,"kgco2e/kg"
"1396","primary_plaster","SAS",2030,"image_ssp2_base",0.885176815467904,"kgco2e/kg"
"1397","primary_plaster","SAS",2030,"image_ssp2_rcp19",0.721269119044406,"kgco2e/kg"
"1398","primary_plaster","SAS",2040,"image_ssp2_base",0.841361850987335,"kgco2e/kg"
"1399","primary_plaster","SAS",2040,"image_ssp2_rcp19",0.628473151711557,"kgco2e/kg"
"1400","primary_plaster","SAS",2050,"image_ssp2_base",0.816687669613535,"kgco2e/kg"
"1401","primary_plaster","SAS",2050,"image_ssp2_rcp19",0.583241173218075,"kgco2e/kg"
"1402","primary_plaster","SAS",2060,"image_ssp2_base",0.794590192956287,"kgco2e/kg"
"1403","primary_plaster","SAS",2060,"image_ssp2_rcp19",0.54982831038232,"kgco2e/kg"
"1404","primary_plaster","SAS",2070,"image_ssp2_base",0.784393741324948,"kgco2e/kg"
"1405","primary_plaster","SAS",2070,"image_ssp2_rcp19",0.555299728543744,"kgco2e/kg"
"1406","primary_plaster","SAS",2080,"image_ssp2_base",0.778910404544169,"kgco2e/kg"
"1407","primary_plaster","SAS",2080,"image_ssp2_rcp19",0.575536345058171,"kgco2e/kg"
"1408","primary_plaster","SAS",2090,"image_ssp2_base",0.772450747271682,"kgco2e/kg"
"1409","primary_plaster","SAS",2090,"image_ssp2_rcp19",0.586518466380024,"kgco2e/kg"
"1410","primary_plaster","SAS",2100,"image_ssp2_base",0.767100043368631,"kgco2e/kg"
"1411","primary_plaster","SAS",2100,"image_ssp2_rcp19",0.588678312871928,"kgco2e/kg"
"1412","primary_plaster","WEU",2020,"image_ssp2_base",0.907684029470872,"kgco2e/kg"
"1413","primary_plaster","WEU",2030,"image_ssp2_base",0.885176815467904,"kgco2e/kg"
"1414","primary_plaster","WEU",2030,"image_ssp2_rcp19",0.721269119044406,"kgco2e/kg"
"1415","primary_plaster","WEU",2040,"image_ssp2_base",0.841361850987335,"kgco2e/kg"
"1416","primary_plaster","WEU",2040,"image_ssp2_rcp19",0.628473151711557,"kgco2e/kg"
"1417","primary_plaster","WEU",2050,"image_ssp2_base",0.816687669613535,"kgco2e/kg"
"1418","primary_plaster","WEU",2050,"image_ssp2_rcp19",0.583241173218075,"kgco2e/kg"
"1419","primary_plaster","WEU",2060,"image_ssp2_base",0.794590192956287,"kgco2e/kg"
"1420","primary_plaster","WEU",2060,"image_ssp2_rcp19",0.54982831038232,"kgco2e/kg"
"1421","primary_plaster","WEU",2070,"image_ssp2_base",0.784393741324948,"kgco2e/kg"
"1422","primary_plaster","WEU",2070,"image_ssp2_rcp19",0.555299728543744,"kgco2e/kg"
"1423","primary_plaster","WEU",2080,"image_ssp2_base",0.778910404544169,"kgco2e/kg"
"1424","primary_plaster","WEU",2080,"image_ssp2_rcp19",0.575536345058171,"kgco2e/kg"
"1425","primary_plaster","WEU",2090,"image_ssp2_base",0.772450747271682,"kgco2e/kg"
"1426","primary_plaster","WEU",2090,"image_ssp2_rcp19",0.586518466380024,"kgco2e/kg"
"1427","primary_plaster","WEU",2100,"image_ssp2_base",0.767100043368631,"kgco2e/kg"
"1428","primary_plaster","WEU",2100,"image_ssp2_rcp19",0.588678312871928,"kgco2e/kg"
"1429","primary_steel","AFR",2020,"image_ssp2_base",2.09699007278983,"kgco2e/kg"
"1430","primary_steel","AFR",2030,"image_ssp2_base",1.97220849869586,"kgco2e/kg"
"1431","primary_steel","AFR",2030,"image_ssp2_rcp19",1.5385131126954,"kgco2e/kg"
"1432","primary_steel","AFR",2040,"image_ssp2_base",1.84903028304284,"kgco2e/kg"
"1433","primary_steel","AFR",2040,"image_ssp2_rcp19",1.36654538865196,"kgco2e/kg"
"1434","primary_steel","AFR",2050,"image_ssp2_base",1.77127533271761,"kgco2e/kg"
"1435","primary_steel","AFR",2050,"image_ssp2_rcp19",1.32965803133044,"kgco2e/kg"
"1436","primary_steel","AFR",2060,"image_ssp2_base",1.72881677948535,"kgco2e/kg"
"1437","primary_steel","AFR",2060,"image_ssp2_rcp19",1.31183820353783,"kgco2e/kg"
"1438","primary_steel","AFR",2070,"image_ssp2_base",1.68429139637891,"kgco2e/kg"
"1439","primary_steel","AFR",2070,"image_ssp2_rcp19",1.31079472565903,"kgco2e/kg"
"1440","primary_steel","AFR",2080,"image_ssp2_base",1.66802461516975,"kgco2e/kg"
"1441","primary_steel","AFR",2080,"image_ssp2_rcp19",1.33535689808163,"kgco2e/kg"
"1442","primary_steel","AFR",2090,"image_ssp2_base",1.6807980562674,"kgco2e/kg"
"1443","primary_steel","AFR",2090,"image_ssp2_rcp19",1.4119552494941,"kgco2e/kg"
"1444","primary_steel","AFR",2100,"image_ssp2_base",1.64161007995297,"kgco2e/kg"
"1445","primary_steel","AFR",2100,"image_ssp2_rcp19",1.45475527921588,"kgco2e/kg"
"1446","primary_steel","CHN",2020,"image_ssp2_base",0.880637011769495,"kgco2e/kg"
"1447","primary_steel","CHN",2030,"image_ssp2_base",0.858519884815397,"kgco2e/kg"
"1448","primary_steel","CHN",2030,"image_ssp2_rcp19",0.699907135813842,"kgco2e/kg"
"1449","primary_steel","CHN",2040,"image_ssp2_base",0.814925974206866,"kgco2e/kg"
"1450","primary_steel","CHN",2040,"image_ssp2_rcp19",0.614488723880677,"kgco2e/kg"
"1451","primary_steel","CHN",2050,"image_ssp2_base",0.790561411586921,"kgco2e/kg"
"1452","primary_steel","CHN",2050,"image_ssp2_rcp19",0.573039967710902,"kgco2e/kg"
"1453","primary_steel","CHN",2060,"image_ssp2_base",0.769424212774861,"kgco2e/kg"
"1454","primary_steel","CHN",2060,"image_ssp2_rcp19",0.544990807018803,"kgco2e/kg"
"1455","primary_steel","CHN",2070,"image_ssp2_base",0.759651179498065,"kgco2e/kg"
"1456","primary_steel","CHN",2070,"image_ssp2_rcp19",0.550432355759344,"kgco2e/kg"
"1457","primary_steel","CHN",2080,"image_ssp2_base",0.754380233819922,"kgco2e/kg"
"1458","primary_steel","CHN",2080,"image_ssp2_rcp19",0.570650828256989,"kgco2e/kg"
"1459","primary_steel","CHN",2090,"image_ssp2_base",0.748247745643613,"kgco2e/kg"
"1460","primary_steel","CHN",2090,"image_ssp2_rcp19",0.581706624940323,"kgco2e/kg"
"1461","primary_steel","CHN",2100,"image_ssp2_base",0.743160103423421,"kgco2e/kg"
"1462","primary_steel","CHN",2100,"image_ssp2_rcp19",0.583892178275934,"kgco2e/kg"
"1463","primary_steel","EEU",2020,"image_ssp2_base",0.880637011769495,"kgco2e/kg"
"1464","primary_steel","EEU",2030,"image_ssp2_base",0.858519884815397,"kgco2e/kg"
"1465","primary_steel","EEU",2030,"image_ssp2_rcp19",0.699907135813842,"kgco2e/kg"
"1466","primary_steel","EEU",2040,"image_ssp2_base",0.814925974206866,"kgco2e/kg"
"1467","primary_steel","EEU",2040,"image_ssp2_rcp19",0.614488723880677,"kgco2e/kg"
"1468","primary_steel","EEU",2050,"image_ssp2_base",0.790561411586921,"kgco2e/kg"
"1469","primary_steel","EEU",2050,"image_ssp2_rcp19",0.573039967710902,"kgco2e/kg"
"1470","primary_steel","EEU",2060,"image_ssp2_base",0.769424212774861,"kgco2e/kg"
"1471","primary_steel","EEU",2060,"image_ssp2_rcp19",0.544990807018803,"kgco2e/kg"
"1472","primary_steel","EEU",2070,"image_ssp2_base",0.759651179498065,"kgco2e/kg"
"1473","primary_steel","EEU",2070,"image_ssp2_rcp19",0.550432355759344,"kgco2e/kg"
"1474","primary_steel","EEU",2080,"image_ssp2_base",0.754380233819922,"kgco2e/kg"
"1475","primary_steel","EEU",2080,"image_ssp2_rcp19",0.570650828256989,"kgco2e/kg"
"1476","primary_steel","EEU",2090,"image_ssp2_base",0.748247745643613,"kgco2e/kg"
"1477","primary_steel","EEU",2090,"image_ssp2_rcp19",0.581706624940323,"kgco2e/kg"
"1478","primary_steel","EEU",2100,"image_ssp2_base",0.743160103423421,"kgco2e/kg"
"1479","primary_steel","EEU",2100,"image_ssp2_rcp19",0.583892178275934,"kgco2e/kg"
"1480","primary_steel","FSU",2020,"image_ssp2_base",0.880637011769495,"kgco2e/kg"
"1481","primary_steel","FSU",2030,"image_ssp2_base",0.858519884815397,"kgco2e/kg"
"1482","primary_steel","FSU",2030,"image_ssp2_rcp19",0.699907135813842,"kgco2e/kg"
"1483","primary_steel","FSU",2040,"image_ssp2_base",0.814925974206866,"kgco2e/kg"
"1484","primary_steel","FSU",2040,"image_ssp2_rcp19",0.614488723880677,"kgco2e/kg"
"1485","primary_steel","FSU",2050,"image_ssp2_base",0.790561411586921,"kgco2e/kg"
"1486","primary_steel","FSU",2050,"image_ssp2_rcp19",0.573039967710902,"kgco2e/kg"
"1487","primary_steel","FSU",2060,"image_ssp2_base",0.769424212774861,"kgco2e/kg"
"1488","primary_steel","FSU",2060,"image_ssp2_rcp19",0.544990807018803,"kgco2e/kg"
"1489","primary_steel","FSU",2070,"image_ssp2_base",0.759651179498065,"kgco2e/kg"
"1490","primary_steel","FSU",2070,"image_ssp2_rcp19",0.550432355759344,"kgco2e/kg"
"1491","primary_steel","FSU",2080,"image_ssp2_base",0.754380233819922,"kgco2e/kg"
"1492","primary_steel","FSU",2080,"image_ssp2_rcp19",0.570650828256989,"kgco2e/kg"
"1493","primary_steel","FSU",2090,"image_ssp2_base",0.748247745643613,"kgco2e/kg"
"1494","primary_steel","FSU",2090,"image_ssp2_rcp19",0.581706624940323,"kgco2e/kg"
"1495","primary_steel","FSU",2100,"image_ssp2_base",0.743160103423421,"kgco2e/kg"
"1496","primary_steel","FSU",2100,"image_ssp2_rcp19",0.583892178275934,"kgco2e/kg"
"1497","primary_steel","LAM",2020,"image_ssp2_base",1.86375032989122,"kgco2e/kg"
"1498","primary_steel","LAM",2030,"image_ssp2_base",1.77071295180958,"kgco2e/kg"
"1499","primary_steel","LAM",2030,"image_ssp2_rcp19",1.39702199965006,"kgco2e/kg"
"1500","primary_steel","LAM",2040,"image_ssp2_base",1.63829780187687,"kgco2e/kg"
"1501","primary_steel","LAM",2040,"image_ssp2_rcp19",1.17162780752382,"kgco2e/kg"
"1502","primary_steel","LAM",2050,"image_ssp2_base",1.62767286917616,"kgco2e/kg"
"1503","primary_steel","LAM",2050,"image_ssp2_rcp19",1.08934061786139,"kgco2e/kg"
"1504","primary_steel","LAM",2060,"image_ssp2_base",1.58160932937796,"kgco2e/kg"
"1505","primary_steel","LAM",2060,"image_ssp2_rcp19",1.08463907226402,"kgco2e/kg"
"1506","primary_steel","LAM",2070,"image_ssp2_base",1.55094341878166,"kgco2e/kg"
"1507","primary_steel","LAM",2070,"image_ssp2_rcp19",1.07321084115597,"kgco2e/kg"
"1508","primary_steel","LAM",2080,"image_ssp2_base",1.50432739516328,"kgco2e/kg"
"1509","primary_steel","LAM",2080,"image_ssp2_rcp19",1.14689640331688,"kgco2e/kg"
"1510","primary_steel","LAM",2090,"image_ssp2_base",1.49983518877185,"kgco2e/kg"
"1511","primary_steel","LAM",2090,"image_ssp2_rcp19",1.17404469994768,"kgco2e/kg"
"1512","primary_steel","LAM",2100,"image_ssp2_base",1.47596377007597,"kgco2e/kg"
"1513","primary_steel","LAM",2100,"image_ssp2_rcp19",1.17064726750944,"kgco2e/kg"
"1514","primary_steel","MEA",2020,"image_ssp2_base",0.880637011769495,"kgco2e/kg"
"1515","primary_steel","MEA",2030,"image_ssp2_base",0.858519884815397,"kgco2e/kg"
"1516","primary_steel","MEA",2030,"image_ssp2_rcp19",0.699907135813842,"kgco2e/kg"
"1517","primary_steel","MEA",2040,"image_ssp2_base",0.814925974206866,"kgco2e/kg"
"1518","primary_steel","MEA",2040,"image_ssp2_rcp19",0.614488723880677,"kgco2e/kg"
"1519","primary_steel","MEA",2050,"image_ssp2_base",0.790561411586921,"kgco2e/kg"
"1520","primary_steel","MEA",2050,"image_ssp2_rcp19",0.573039967710902,"kgco2e/kg"
"1521","primary_steel","MEA",2060,"image_ssp2_base",0.769424212774861,"kgco2e/kg"
"1522","primary_steel","MEA",2060,"image_ssp2_rcp19",0.544990807018803,"kgco2e/kg"
"1523","primary_steel","MEA",2070,"image_ssp2_base",0.759651179498065,"kgco2e/kg"
"1524","primary_steel","MEA",2070,"image_ssp2_rcp19",0.550432355759344,"kgco2e/kg"
"1525","primary_steel","MEA",2080,"image_ssp2_base",0.754380233819922,"kgco2e/kg"
"1526","primary_steel","MEA",2080,"image_ssp2_rcp19",0.570650828256989,"kgco2e/kg"
"1527","primary_steel","MEA",2090,"image_ssp2_base",0.748247745643613,"kgco2e/kg"
"1528","primary_steel","MEA",2090,"image_ssp2_rcp19",0.581706624940323,"kgco2e/kg"
"1529","primary_steel","MEA",2100,"image_ssp2_base",0.743160103423421,"kgco2e/kg"
"1530","primary_steel","MEA",2100,"image_ssp2_rcp19",0.583892178275934,"kgco2e/kg"
"1531","primary_steel","NAM",2020,"image_ssp2_base",0.880637011769495,"kgco2e/kg"
"1532","primary_steel","NAM",2030,"image_ssp2_base",0.858519884815397,"kgco2e/kg"
"1533","primary_steel","NAM",2030,"image_ssp2_rcp19",0.699907135813842,"kgco2e/kg"
"1534","primary_steel","NAM",2040,"image_ssp2_base",0.814925974206866,"kgco2e/kg"
"1535","primary_steel","NAM",2040,"image_ssp2_rcp19",0.614488723880677,"kgco2e/kg"
"1536","primary_steel","NAM",2050,"image_ssp2_base",0.790561411586921,"kgco2e/kg"
"1537","primary_steel","NAM",2050,"image_ssp2_rcp19",0.573039967710902,"kgco2e/kg"
"1538","primary_steel","NAM",2060,"image_ssp2_base",0.769424212774861,"kgco2e/kg"
"1539","primary_steel","NAM",2060,"image_ssp2_rcp19",0.544990807018803,"kgco2e/kg"
"1540","primary_steel","NAM",2070,"image_ssp2_base",0.759651179498065,"kgco2e/kg"
"1541","primary_steel","NAM",2070,"image_ssp2_rcp19",0.550432355759344,"kgco2e/kg"
"1542","primary_steel","NAM",2080,"image_ssp2_base",0.754380233819922,"kgco2e/kg"
"1543","primary_steel","NAM",2080,"image_ssp2_rcp19",0.570650828256989,"kgco2e/kg"
"1544","primary_steel","NAM",2090,"image_ssp2_base",0.748247745643613,"kgco2e/kg"
"1545","primary_steel","NAM",2090,"image_ssp2_rcp19",0.581706624940323,"kgco2e/kg"
"1546","primary_steel","NAM",2100,"image_ssp2_base",0.743160103423421,"kgco2e/kg"
"1547","primary_steel","NAM",2100,"image_ssp2_rcp19",0.583892178275934,"kgco2e/kg"
"1548","primary_steel","PAO",2020,"image_ssp2_base",2.09211815387603,"kgco2e/kg"
"1549","primary_steel","PAO",2030,"image_ssp2_base",1.93847332071492,"kgco2e/kg"
"1550","primary_steel","PAO",2030,"image_ssp2_rcp19",1.59120121402806,"kgco2e/kg"
"1551","primary_steel","PAO",2040,"image_ssp2_base",1.92017506769575,"kgco2e/kg"
"1552","primary_steel","PAO",2040,"image_ssp2_rcp19",1.28223634252349,"kgco2e/kg"
"1553","primary_steel","PAO",2050,"image_ssp2_base",1.90269051969069,"kgco2e/kg"
"1554","primary_steel","PAO",2050,"image_ssp2_rcp19",1.19398633880214,"kgco2e/kg"
"1555","primary_steel","PAO",2060,"image_ssp2_base",2.01251709525737,"kgco2e/kg"
"1556","primary_steel","PAO",2060,"image_ssp2_rcp19",1.16504790650338,"kgco2e/kg"
"1557","primary_steel","PAO",2070,"image_ssp2_base",1.99779820838943,"kgco2e/kg"
"1558","primary_steel","PAO",2070,"image_ssp2_rcp19",1.16735618392273,"kgco2e/kg"
"1559","primary_steel","PAO",2080,"image_ssp2_base",1.83188972295981,"kgco2e/kg"
"1560","primary_steel","PAO",2080,"image_ssp2_rcp19",1.19405856838015,"kgco2e/kg"
"1561","primary_steel","PAO",2090,"image_ssp2_base",1.81956965028902,"kgco2e/kg"
"1562","primary_steel","PAO",2090,"image_ssp2_rcp19",1.23684285116721,"kgco2e/kg"
"1563","primary_steel","PAO",2100,"image_ssp2_base",1.80607257071012,"kgco2e/kg"
"1564","primary_steel","PAO",2100,"image_ssp2_rcp19",1.32752283168181,"kgco2e/kg"
"1565","primary_steel","PAS",2020,"image_ssp2_base",2.11399385758945,"kgco2e/kg"
"1566","primary_steel","PAS",2030,"image_ssp2_base",2.09411627185258,"kgco2e/kg"
"1567","primary_steel","PAS",2030,"image_ssp2_rcp19",1.65427375575677,"kgco2e/kg"
"1568","primary_steel","PAS",2040,"image_ssp2_base",2.08276184511456,"kgco2e/kg"
"1569","primary_steel","PAS",2040,"image_ssp2_rcp19",1.36352121690829,"kgco2e/kg"
"1570","primary_steel","PAS",2050,"image_ssp2_base",2.06678001474293,"kgco2e/kg"
"1571","primary_steel","PAS",2050,"image_ssp2_rcp19",1.20660016504371,"kgco2e/kg"
"1572","primary_steel","PAS",2060,"image_ssp2_base",2.01745723042704,"kgco2e/kg"
"1573","primary_steel","PAS",2060,"image_ssp2_rcp19",1.18938540559606,"kgco2e/kg"
"1574","primary_steel","PAS",2070,"image_ssp2_base",1.96435778929114,"kgco2e/kg"
"1575","primary_steel","PAS",2070,"image_ssp2_rcp19",1.19992677574293,"kgco2e/kg"
"1576","primary_steel","PAS",2080,"image_ssp2_base",1.98743684714524,"kgco2e/kg"
"1577","primary_steel","PAS",2080,"image_ssp2_rcp19",1.27734117445729,"kgco2e/kg"
"1578","primary_steel","PAS",2090,"image_ssp2_base",1.84564751787911,"kgco2e/kg"
"1579","primary_steel","PAS",2090,"image_ssp2_rcp19",1.42241818368921,"kgco2e/kg"
"1580","primary_steel","PAS",2100,"image_ssp2_base",1.79376125910926,"kgco2e/kg"
"1581","primary_steel","PAS",2100,"image_ssp2_rcp19",1.48743786714811,"kgco2e/kg"
"1582","primary_steel","RCPA",2020,"image_ssp2_base",0.880637011769495,"kgco2e/kg"
"1583","primary_steel","RCPA",2030,"image_ssp2_base",0.858519884815397,"kgco2e/kg"
"1584","primary_steel","RCPA",2030,"image_ssp2_rcp19",0.699907135813842,"kgco2e/kg"
"1585","primary_steel","RCPA",2040,"image_ssp2_base",0.814925974206866,"kgco2e/kg"
"1586","primary_steel","RCPA",2040,"image_ssp2_rcp19",0.614488723880677,"kgco2e/kg"
"1587","primary_steel","RCPA",2050,"image_ssp2_base",0.790561411586921,"kgco2e/kg"
"1588","primary_steel","RCPA",2050,"image_ssp2_rcp19",0.573039967710902,"kgco2e/kg"
"1589","primary_steel","RCPA",2060,"image_ssp2_base",0.769424212774861,"kgco2e/kg"
"1590","primary_steel","RCPA",2060,"image_ssp2_rcp19",0.544990807018803,"kgco2e/kg"
"1591","primary_steel","RCPA",2070,"image_ssp2_base",0.759651179498065,"kgco2e/kg"
"1592","primary_steel","RCPA",2070,"image_ssp2_rcp19",0.550432355759344,"kgco2e/kg"
"1593","primary_steel","RCPA",2080,"image_ssp2_base",0.754380233819922,"kgco2e/kg"
"1594","primary_steel","RCPA",2080,"image_ssp2_rcp19",0.570650828256989,"kgco2e/kg"
"1595","primary_steel","RCPA",2090,"image_ssp2_base",0.748247745643613,"kgco2e/kg"
"1596","primary_steel","RCPA",2090,"image_ssp2_rcp19",0.581706624940323,"kgco2e/kg"
"1597","primary_steel","RCPA",2100,"image_ssp2_base",0.743160103423421,"kgco2e/kg"
"1598","primary_steel","RCPA",2100,"image_ssp2_rcp19",0.583892178275934,"kgco2e/kg"
"1599","primary_steel","SAS",2020,"image_ssp2_base",1.82117056168143,"kgco2e/kg"
"1600","primary_steel","SAS",2030,"image_ssp2_base",1.65005091356395,"kgco2e/kg"
"1601","primary_steel","SAS",2030,"image_ssp2_rcp19",1.33356820658569,"kgco2e/kg"
"1602","primary_steel","SAS",2040,"image_ssp2_base",1.58381073272418,"kgco2e/kg"
"1603","primary_steel","SAS",2040,"image_ssp2_rcp19",1.12816896653926,"kgco2e/kg"
"1604","primary_steel","SAS",2050,"image_ssp2_base",1.55898810901677,"kgco2e/kg"
"1605","primary_steel","SAS",2050,"image_ssp2_rcp19",1.04034548218005,"kgco2e/kg"
"1606","primary_steel","SAS",2060,"image_ssp2_base",1.51538838232933,"kgco2e/kg"
"1607","primary_steel","SAS",2060,"image_ssp2_rcp19",1.04522950667096,"kgco2e/kg"
"1608","primary_steel","SAS",2070,"image_ssp2_base",1.47136361523342,"kgco2e/kg"
"1609","primary_steel","SAS",2070,"image_ssp2_rcp19",1.09012583333979,"kgco2e/kg"
"1610","primary_steel","SAS",2080,"image_ssp2_base",1.39681754089135,"kgco2e/kg"
"1611","primary_steel","SAS",2080,"image_ssp2_rcp19",1.08104826225269,"kgco2e/kg"
"1612","primary_steel","SAS",2090,"image_ssp2_base",1.41670025701233,"kgco2e/kg"
"1613","primary_steel","SAS",2090,"image_ssp2_rcp19",1.17398850771094,"kgco2e/kg"
"1614","primary_steel","SAS",2100,"image_ssp2_base",1.39048719911361,"kgco2e/kg"
"1615","primary_steel","SAS",2100,"image_ssp2_rcp19",1.13622835801923,"kgco2e/kg"
"1616","primary_steel","WEU",2020,"image_ssp2_base",0.880637011769495,"kgco2e/kg"
"1617","primary_steel","WEU",2030,"image_ssp2_base",0.858519884815397,"kgco2e/kg"
"1618","primary_steel","WEU",2030,"image_ssp2_rcp19",0.699907135813842,"kgco2e/kg"
"1619","primary_steel","WEU",2040,"image_ssp2_base",0.814925974206866,"kgco2e/kg"
"1620","primary_steel","WEU",2040,"image_ssp2_rcp19",0.614488723880677,"kgco2e/kg"
"1621","primary_steel","WEU",2050,"image_ssp2_base",0.790561411586921,"kgco2e/kg"
"1622","primary_steel","WEU",2050,"image_ssp2_rcp19",0.573039967710902,"kgco2e/kg"
"1623","primary_steel","WEU",2060,"image_ssp2_base",0.769424212774861,"kgco2e/kg"
"1624","primary_steel","WEU",2060,"image_ssp2_rcp19",0.544990807018803,"kgco2e/kg"
"1625","primary_steel","WEU",2070,"image_ssp2_base",0.759651179498065,"kgco2e/kg"
"1626","primary_steel","WEU",2070,"image_ssp2_rcp19",0.550432355759344,"kgco2e/kg"
"1627","primary_steel","WEU",2080,"image_ssp2_base",0.754380233819922,"kgco2e/kg"
"1628","primary_steel","WEU",2080,"image_ssp2_rcp19",0.570650828256989,"kgco2e/kg"
"1629","primary_steel","WEU",2090,"image_ssp2_base",0.748247745643613,"kgco2e/kg"
"1630","primary_steel","WEU",2090,"image_ssp2_rcp19",0.581706624940323,"kgco2e/kg"
"1631","primary_steel","WEU",2100,"image_ssp2_base",0.743160103423421,"kgco2e/kg"
"1632","primary_steel","WEU",2100,"image_ssp2_rcp19",0.583892178275934,"kgco2e/kg"
"1633","primary_wood","AFR",2020,"image_ssp2_base",0.131523388973096,"kgco2e/kg"
"1634","primary_wood","AFR",2030,"image_ssp2_base",0.127918747330539,"kgco2e/kg"
"1635","primary_wood","AFR",2030,"image_ssp2_rcp19",0.0809017897616802,"kgco2e/kg"
"1636","primary_wood","AFR",2040,"image_ssp2_base",0.125486657550788,"kgco2e/kg"
"1637","primary_wood","AFR",2040,"image_ssp2_rcp19",0.0630876948404995,"kgco2e/kg"
"1638","primary_wood","AFR",2050,"image_ssp2_base",0.118844379619748,"kgco2e/kg"
"1639","primary_wood","AFR",2050,"image_ssp2_rcp19",0.055835606090149,"kgco2e/kg"
"1640","primary_wood","AFR",2060,"image_ssp2_base",0.10425698929116,"kgco2e/kg"
"1641","primary_wood","AFR",2060,"image_ssp2_rcp19",0.052159350266074,"kgco2e/kg"
"1642","primary_wood","AFR",2070,"image_ssp2_base",0.0970234452844144,"kgco2e/kg"
"1643","primary_wood","AFR",2070,"image_ssp2_rcp19",0.0489329167822067,"kgco2e/kg"
"1644","primary_wood","AFR",2080,"image_ssp2_base",0.094039006612327,"kgco2e/kg"
"1645","primary_wood","AFR",2080,"image_ssp2_rcp19",0.0481683469463982,"kgco2e/kg"
"1646","primary_wood","AFR",2090,"image_ssp2_base",0.0899482567735193,"kgco2e/kg"
"1647","primary_wood","AFR",2090,"image_ssp2_rcp19",0.048048971790359,"kgco2e/kg"
"1648","primary_wood","AFR",2100,"image_ssp2_base",0.0840177761480068,"kgco2e/kg"
"1649","primary_wood","AFR",2100,"image_ssp2_rcp19",0.0489452194325001,"kgco2e/kg"
"1650","primary_wood","CHN",2020,"image_ssp2_base",0.131523388973096,"kgco2e/kg"
"1651","primary_wood","CHN",2030,"image_ssp2_base",0.127918747330539,"kgco2e/kg"
"1652","primary_wood","CHN",2030,"image_ssp2_rcp19",0.0809017897616802,"kgco2e/kg"
"1653","primary_wood","CHN",2040,"image_ssp2_base",0.125486657550788,"kgco2e/kg"
"1654","primary_wood","CHN",2040,"image_ssp2_rcp19",0.0630876948404995,"kgco2e/kg"
"1655","primary_wood","CHN",2050,"image_ssp2_base",0.118844379619748,"kgco2e/kg"
"1656","primary_wood","CHN",2050,"image_ssp2_rcp19",0.055835606090149,"kgco2e/kg"
"1657","primary_wood","CHN",2060,"image_ssp2_base",0.10425698929116,"kgco2e/kg"
"1658","primary_wood","CHN",2060,"image_ssp2_rcp19",0.052159350266074,"kgco2e/kg"
"1659","primary_wood","CHN",2070,"image_ssp2_base",0.0970234452844144,"kgco2e/kg"
"1660","primary_wood","CHN",2070,"image_ssp2_rcp19",0.0489329167822067,"kgco2e/kg"
"1661","primary_wood","CHN",2080,"image_ssp2_base",0.094039006612327,"kgco2e/kg"
"1662","primary_wood","CHN",2080,"image_ssp2_rcp19",0.0481683469463982,"kgco2e/kg"
"1663","primary_wood","CHN",2090,"image_ssp2_base",0.0899482567735193,"kgco2e/kg"
"1664","primary_wood","CHN",2090,"image_ssp2_rcp19",0.048048971790359,"kgco2e/kg"
"1665","primary_wood","CHN",2100,"image_ssp2_base",0.0840177761480068,"kgco2e/kg"
"1666","primary_wood","CHN",2100,"image_ssp2_rcp19",0.0489452194325001,"kgco2e/kg"
"1667","primary_wood","EEU",2020,"image_ssp2_base",0.131523388973096,"kgco2e/kg"
"1668","primary_wood","EEU",2030,"image_ssp2_base",0.127918747330539,"kgco2e/kg"
"1669","primary_wood","EEU",2030,"image_ssp2_rcp19",0.0809017897616802,"kgco2e/kg"
"1670","primary_wood","EEU",2040,"image_ssp2_base",0.125486657550788,"kgco2e/kg"
"1671","primary_wood","EEU",2040,"image_ssp2_rcp19",0.0630876948404995,"kgco2e/kg"
"1672","primary_wood","EEU",2050,"image_ssp2_base",0.118844379619748,"kgco2e/kg"
"1673","primary_wood","EEU",2050,"image_ssp2_rcp19",0.055835606090149,"kgco2e/kg"
"1674","primary_wood","EEU",2060,"image_ssp2_base",0.10425698929116,"kgco2e/kg"
"1675","primary_wood","EEU",2060,"image_ssp2_rcp19",0.052159350266074,"kgco2e/kg"
"1676","primary_wood","EEU",2070,"image_ssp2_base",0.0970234452844144,"kgco2e/kg"
"1677","primary_wood","EEU",2070,"image_ssp2_rcp19",0.0489329167822067,"kgco2e/kg"
"1678","primary_wood","EEU",2080,"image_ssp2_base",0.094039006612327,"kgco2e/kg"
"1679","primary_wood","EEU",2080,"image_ssp2_rcp19",0.0481683469463982,"kgco2e/kg"
"1680","primary_wood","EEU",2090,"image_ssp2_base",0.0899482567735193,"kgco2e/kg"
"1681","primary_wood","EEU",2090,"image_ssp2_rcp19",0.048048971790359,"kgco2e/kg"
"1682","primary_wood","EEU",2100,"image_ssp2_base",0.0840177761480068,"kgco2e/kg"
"1683","primary_wood","EEU",2100,"image_ssp2_rcp19",0.0489452194325001,"kgco2e/kg"
"1684","primary_wood","FSU",2020,"image_ssp2_base",0.131523388973096,"kgco2e/kg"
"1685","primary_wood","FSU",2030,"image_ssp2_base",0.127918747330539,"kgco2e/kg"
"1686","primary_wood","FSU",2030,"image_ssp2_rcp19",0.0809017897616802,"kgco2e/kg"
"1687","primary_wood","FSU",2040,"image_ssp2_base",0.125486657550788,"kgco2e/kg"
"1688","primary_wood","FSU",2040,"image_ssp2_rcp19",0.0630876948404995,"kgco2e/kg"
"1689","primary_wood","FSU",2050,"image_ssp2_base",0.118844379619748,"kgco2e/kg"
"1690","primary_wood","FSU",2050,"image_ssp2_rcp19",0.055835606090149,"kgco2e/kg"
"1691","primary_wood","FSU",2060,"image_ssp2_base",0.10425698929116,"kgco2e/kg"
"1692","primary_wood","FSU",2060,"image_ssp2_rcp19",0.052159350266074,"kgco2e/kg"
"1693","primary_wood","FSU",2070,"image_ssp2_base",0.0970234452844144,"kgco2e/kg"
"1694","primary_wood","FSU",2070,"image_ssp2_rcp19",0.0489329167822067,"kgco2e/kg"
"1695","primary_wood","FSU",2080,"image_ssp2_base",0.094039006612327,"kgco2e/kg"
"1696","primary_wood","FSU",2080,"image_ssp2_rcp19",0.0481683469463982,"kgco2e/kg"
"1697","primary_wood","FSU",2090,"image_ssp2_base",0.0899482567735193,"kgco2e/kg"
"1698","primary_wood","FSU",2090,"image_ssp2_rcp19",0.048048971790359,"kgco2e/kg"
"1699","primary_wood","FSU",2100,"image_ssp2_base",0.0840177761480068,"kgco2e/kg"
"1700","primary_wood","FSU",2100,"image_ssp2_rcp19",0.0489452194325001,"kgco2e/kg"
"1701","primary_wood","LAM",2020,"image_ssp2_base",0.131523388973096,"kgco2e/kg"
"1702","primary_wood","LAM",2030,"image_ssp2_base",0.127918747330539,"kgco2e/kg"
"1703","primary_wood","LAM",2030,"image_ssp2_rcp19",0.0809017897616802,"kgco2e/kg"
"1704","primary_wood","LAM",2040,"image_ssp2_base",0.125486657550788,"kgco2e/kg"
"1705","primary_wood","LAM",2040,"image_ssp2_rcp19",0.0630876948404995,"kgco2e/kg"
"1706","primary_wood","LAM",2050,"image_ssp2_base",0.118844379619748,"kgco2e/kg"
"1707","primary_wood","LAM",2050,"image_ssp2_rcp19",0.055835606090149,"kgco2e/kg"
"1708","primary_wood","LAM",2060,"image_ssp2_base",0.10425698929116,"kgco2e/kg"
"1709","primary_wood","LAM",2060,"image_ssp2_rcp19",0.052159350266074,"kgco2e/kg"
"1710","primary_wood","LAM",2070,"image_ssp2_base",0.0970234452844144,"kgco2e/kg"
"1711","primary_wood","LAM",2070,"image_ssp2_rcp19",0.0489329167822067,"kgco2e/kg"
"1712","primary_wood","LAM",2080,"image_ssp2_base",0.094039006612327,"kgco2e/kg"
"1713","primary_wood","LAM",2080,"image_ssp2_rcp19",0.0481683469463982,"kgco2e/kg"
"1714","primary_wood","LAM",2090,"image_ssp2_base",0.0899482567735193,"kgco2e/kg"
"1715","primary_wood","LAM",2090,"image_ssp2_rcp19",0.048048971790359,"kgco2e/kg"
"1716","primary_wood","LAM",2100,"image_ssp2_base",0.0840177761480068,"kgco2e/kg"
"1717","primary_wood","LAM",2100,"image_ssp2_rcp19",0.0489452194325001,"kgco2e/kg"
"1718","primary_wood","MEA",2020,"image_ssp2_base",0.131523388973096,"kgco2e/kg"
"1719","primary_wood","MEA",2030,"image_ssp2_base",0.127918747330539,"kgco2e/kg"
"1720","primary_wood","MEA",2030,"image_ssp2_rcp19",0.0809017897616802,"kgco2e/kg"
"1721","primary_wood","MEA",2040,"image_ssp2_base",0.125486657550788,"kgco2e/kg"
"1722","primary_wood","MEA",2040,"image_ssp2_rcp19",0.0630876948404995,"kgco2e/kg"
"1723","primary_wood","MEA",2050,"image_ssp2_base",0.118844379619748,"kgco2e/kg"
"1724","primary_wood","MEA",2050,"image_ssp2_rcp19",0.055835606090149,"kgco2e/kg"
"1725","primary_wood","MEA",2060,"image_ssp2_base",0.10425698929116,"kgco2e/kg"
"1726","primary_wood","MEA",2060,"image_ssp2_rcp19",0.052159350266074,"kgco2e/kg"
"1727","primary_wood","MEA",2070,"image_ssp2_base",0.0970234452844144,"kgco2e/kg"
"1728","primary_wood","MEA",2070,"image_ssp2_rcp19",0.0489329167822067,"kgco2e/kg"
"1729","primary_wood","MEA",2080,"image_ssp2_base",0.094039006612327,"kgco2e/kg"
"1730","primary_wood","MEA",2080,"image_ssp2_rcp19",0.0481683469463982,"kgco2e/kg"
"1731","primary_wood","MEA",2090,"image_ssp2_base",0.0899482567735193,"kgco2e/kg"
"1732","primary_wood","MEA",2090,"image_ssp2_rcp19",0.048048971790359,"kgco2e/kg"
"1733","primary_wood","MEA",2100,"image_ssp2_base",0.0840177761480068,"kgco2e/kg"
"1734","primary_wood","MEA",2100,"image_ssp2_rcp19",0.0489452194325001,"kgco2e/kg"
"1735","primary_wood","NAM",2020,"image_ssp2_base",0.131523388973096,"kgco2e/kg"
"1736","primary_wood","NAM",2030,"image_ssp2_base",0.127918747330539,"kgco2e/kg"
"1737","primary_wood","NAM",2030,"image_ssp2_rcp19",0.0809017897616802,"kgco2e/kg"
"1738","primary_wood","NAM",2040,"image_ssp2_base",0.125486657550788,"kgco2e/kg"
"1739","primary_wood","NAM",2040,"image_ssp2_rcp19",0.0630876948404995,"kgco2e/kg"
"1740","primary_wood","NAM",2050,"image_ssp2_base",0.118844379619748,"kgco2e/kg"
"1741","primary_wood","NAM",2050,"image_ssp2_rcp19",0.055835606090149,"kgco2e/kg"
"1742","primary_wood","NAM",2060,"image_ssp2_base",0.10425698929116,"kgco2e/kg"
"1743","primary_wood","NAM",2060,"image_ssp2_rcp19",0.052159350266074,"kgco2e/kg"
"1744","primary_wood","NAM",2070,"image_ssp2_base",0.0970234452844144,"kgco2e/kg"
"1745","primary_wood","NAM",2070,"image_ssp2_rcp19",0.0489329167822067,"kgco2e/kg"
"1746","primary_wood","NAM",2080,"image_ssp2_base",0.094039006612327,"kgco2e/kg"
"1747","primary_wood","NAM",2080,"image_ssp2_rcp19",0.0481683469463982,"kgco2e/kg"
"1748","primary_wood","NAM",2090,"image_ssp2_base",0.0899482567735193,"kgco2e/kg"
"1749","primary_wood","NAM",2090,"image_ssp2_rcp19",0.048048971790359,"kgco2e/kg"
"1750","primary_wood","NAM",2100,"image_ssp2_base",0.0840177761480068,"kgco2e/kg"
"1751","primary_wood","NAM",2100,"image_ssp2_rcp19",0.0489452194325001,"kgco2e/kg"
"1752","primary_wood","PAO",2020,"image_ssp2_base",0.131523388973096,"kgco2e/kg"
"1753","primary_wood","PAO",2030,"image_ssp2_base",0.127918747330539,"kgco2e/kg"
"1754","primary_wood","PAO",2030,"image_ssp2_rcp19",0.0809017897616802,"kgco2e/kg"
"1755","primary_wood","PAO",2040,"image_ssp2_base",0.125486657550788,"kgco2e/kg"
"1756","primary_wood","PAO",2040,"image_ssp2_rcp19",0.0630876948404995,"kgco2e/kg"
"1757","primary_wood","PAO",2050,"image_ssp2_base",0.118844379619748,"kgco2e/kg"
"1758","primary_wood","PAO",2050,"image_ssp2_rcp19",0.055835606090149,"kgco2e/kg"
"1759","primary_wood","PAO",2060,"image_ssp2_base",0.10425698929116,"kgco2e/kg"
"1760","primary_wood","PAO",2060,"image_ssp2_rcp19",0.052159350266074,"kgco2e/kg"
"1761","primary_wood","PAO",2070,"image_ssp2_base",0.0970234452844144,"kgco2e/kg"
"1762","primary_wood","PAO",2070,"image_ssp2_rcp19",0.0489329167822067,"kgco2e/kg"
"1763","primary_wood","PAO",2080,"image_ssp2_base",0.094039006612327,"kgco2e/kg"
"1764","primary_wood","PAO",2080,"image_ssp2_rcp19",0.0481683469463982,"kgco2e/kg"
"1765","primary_wood","PAO",2090,"image_ssp2_base",0.0899482567735193,"kgco2e/kg"
"1766","primary_wood","PAO",2090,"image_ssp2_rcp19",0.048048971790359,"kgco2e/kg"
"1767","primary_wood","PAO",2100,"image_ssp2_base",0.0840177761480068,"kgco2e/kg"
"1768","primary_wood","PAO",2100,"image_ssp2_rcp19",0.0489452194325001,"kgco2e/kg"
"1769","primary_wood","PAS",2020,"image_ssp2_base",0.131523388973096,"kgco2e/kg"
"1770","primary_wood","PAS",2030,"image_ssp2_base",0.127918747330539,"kgco2e/kg"
"1771","primary_wood","PAS",2030,"image_ssp2_rcp19",0.0809017897616802,"kgco2e/kg"
"1772","primary_wood","PAS",2040,"image_ssp2_base",0.125486657550788,"kgco2e/kg"
"1773","primary_wood","PAS",2040,"image_ssp2_rcp19",0.0630876948404995,"kgco2e/kg"
"1774","primary_wood","PAS",2050,"image_ssp2_base",0.118844379619748,"kgco2e/kg"
"1775","primary_wood","PAS",2050,"image_ssp2_rcp19",0.055835606090149,"kgco2e/kg"
"1776","primary_wood","PAS",2060,"image_ssp2_base",0.10425698929116,"kgco2e/kg"
"1777","primary_wood","PAS",2060,"image_ssp2_rcp19",0.052159350266074,"kgco2e/kg"
"1778","primary_wood","PAS",2070,"image_ssp2_base",0.0970234452844144,"kgco2e/kg"
"1779","primary_wood","PAS",2070,"image_ssp2_rcp19",0.0489329167822067,"kgco2e/kg"
"1780","primary_wood","PAS",2080,"image_ssp2_base",0.094039006612327,"kgco2e/kg"
"1781","primary_wood","PAS",2080,"image_ssp2_rcp19",0.0481683469463982,"kgco2e/kg"
"1782","primary_wood","PAS",2090,"image_ssp2_base",0.0899482567735193,"kgco2e/kg"
"1783","primary_wood","PAS",2090,"image_ssp2_rcp19",0.048048971790359,"kgco2e/kg"
"1784","primary_wood","PAS",2100,"image_ssp2_base",0.0840177761480068,"kgco2e/kg"
"1785","primary_wood","PAS",2100,"image_ssp2_rcp19",0.0489452194325001,"kgco2e/kg"
"1786","primary_wood","RCPA",2020,"image_ssp2_base",0.131523388973096,"kgco2e/kg"
"1787","primary_wood","RCPA",2030,"image_ssp2_base",0.127918747330539,"kgco2e/kg"
"1788","primary_wood","RCPA",2030,"image_ssp2_rcp19",0.0809017897616802,"kgco2e/kg"
"1789","primary_wood","RCPA",2040,"image_ssp2_base",0.125486657550788,"kgco2e/kg"
"1790","primary_wood","RCPA",2040,"image_ssp2_rcp19",0.0630876948404995,"kgco2e/kg"
"1791","primary_wood","RCPA",2050,"image_ssp2_base",0.118844379619748,"kgco2e/kg"
"1792","primary_wood","RCPA",2050,"image_ssp2_rcp19",0.055835606090149,"kgco2e/kg"
"1793","primary_wood","RCPA",2060,"image_ssp2_base",0.10425698929116,"kgco2e/kg"
"1794","primary_wood","RCPA",2060,"image_ssp2_rcp19",0.052159350266074,"kgco2e/kg"
"1795","primary_wood","RCPA",2070,"image_ssp2_base",0.0970234452844144,"kgco2e/kg"
"1796","primary_wood","RCPA",2070,"image_ssp2_rcp19",0.0489329167822067,"kgco2e/kg"
"1797","primary_wood","RCPA",2080,"image_ssp2_base",0.094039006612327,"kgco2e/kg"
"1798","primary_wood","RCPA",2080,"image_ssp2_rcp19",0.0481683469463982,"kgco2e/kg"
"1799","primary_wood","RCPA",2090,"image_ssp2_base",0.0899482567735193,"kgco2e/kg"
"1800","primary_wood","RCPA",2090,"image_ssp2_rcp19",0.048048971790359,"kgco2e/kg"
"1801","primary_wood","RCPA",2100,"image_ssp2_base",0.0840177761480068,"kgco2e/kg"
"1802","primary_wood","RCPA",2100,"image_ssp2_rcp19",0.0489452194325001,"kgco2e/kg"
"1803","primary_wood","SAS",2020,"image_ssp2_base",0.131523388973096,"kgco2e/kg"
"1804","primary_wood","SAS",2030,"image_ssp2_base",0.127918747330539,"kgco2e/kg"
"1805","primary_wood","SAS",2030,"image_ssp2_rcp19",0.0809017897616802,"kgco2e/kg"
"1806","primary_wood","SAS",2040,"image_ssp2_base",0.125486657550788,"kgco2e/kg"
"1807","primary_wood","SAS",2040,"image_ssp2_rcp19",0.0630876948404995,"kgco2e/kg"
"1808","primary_wood","SAS",2050,"image_ssp2_base",0.118844379619748,"kgco2e/kg"
"1809","primary_wood","SAS",2050,"image_ssp2_rcp19",0.055835606090149,"kgco2e/kg"
"1810","primary_wood","SAS",2060,"image_ssp2_base",0.10425698929116,"kgco2e/kg"
"1811","primary_wood","SAS",2060,"image_ssp2_rcp19",0.052159350266074,"kgco2e/kg"
"1812","primary_wood","SAS",2070,"image_ssp2_base",0.0970234452844144,"kgco2e/kg"
"1813","primary_wood","SAS",2070,"image_ssp2_rcp19",0.0489329167822067,"kgco2e/kg"
"1814","primary_wood","SAS",2080,"image_ssp2_base",0.094039006612327,"kgco2e/kg"
"1815","primary_wood","SAS",2080,"image_ssp2_rcp19",0.0481683469463982,"kgco2e/kg"
"1816","primary_wood","SAS",2090,"image_ssp2_base",0.0899482567735193,"kgco2e/kg"
"1817","primary_wood","SAS",2090,"image_ssp2_rcp19",0.048048971790359,"kgco2e/kg"
"1818","primary_wood","SAS",2100,"image_ssp2_base",0.0840177761480068,"kgco2e/kg"
"1819","primary_wood","SAS",2100,"image_ssp2_rcp19",0.0489452194325001,"kgco2e/kg"
"1820","primary_wood","WEU",2020,"image_ssp2_base",0.131523388973096,"kgco2e/kg"
"1821","primary_wood","WEU",2030,"image_ssp2_base",0.127918747330539,"kgco2e/kg"
"1822","primary_wood","WEU",2030,"image_ssp2_rcp19",0.0809017897616802,"kgco2e/kg"
"1823","primary_wood","WEU",2040,"image_ssp2_base",0.125486657550788,"kgco2e/kg"
"1824","primary_wood","WEU",2040,"image_ssp2_rcp19",0.0630876948404995,"kgco2e/kg"
"1825","primary_wood","WEU",2050,"image_ssp2_base",0.118844379619748,"kgco2e/kg"
"1826","primary_wood","WEU",2050,"image_ssp2_rcp19",0.055835606090149,"kgco2e/kg"
"1827","primary_wood","WEU",2060,"image_ssp2_base",0.10425698929116,"kgco2e/kg"
"1828","primary_wood","WEU",2060,"image_ssp2_rcp19",0.052159350266074,"kgco2e/kg"
"1829","primary_wood","WEU",2070,"image_ssp2_base",0.0970234452844144,"kgco2e/kg"
"1830","primary_wood","WEU",2070,"image_ssp2_rcp19",0.0489329167822067,"kgco2e/kg"
"1831","primary_wood","WEU",2080,"image_ssp2_base",0.094039006612327,"kgco2e/kg"
"1832","primary_wood","WEU",2080,"image_ssp2_rcp19",0.0481683469463982,"kgco2e/kg"
"1833","primary_wood","WEU",2090,"image_ssp2_base",0.0899482567735193,"kgco2e/kg"
"1834","primary_wood","WEU",2090,"image_ssp2_rcp19",0.048048971790359,"kgco2e/kg"
"1835","primary_wood","WEU",2100,"image_ssp2_base",0.0840177761480068,"kgco2e/kg"
"1836","primary_wood","WEU",2100,"image_ssp2_rcp19",0.0489452194325001,"kgco2e/kg"
"1837","secondary_aluminium","AFR",2020,"image_ssp2_base",0.922967287951866,"kgco2e/kg"
"1838","secondary_aluminium","AFR",2030,"image_ssp2_base",0.899701862293517,"kgco2e/kg"
"1839","secondary_aluminium","AFR",2030,"image_ssp2_rcp19",0.731229512083241,"kgco2e/kg"
"1840","secondary_aluminium","AFR",2040,"image_ssp2_base",0.898901232564915,"kgco2e/kg"
"1841","secondary_aluminium","AFR",2040,"image_ssp2_rcp19",0.672749870719121,"kgco2e/kg"
"1842","secondary_aluminium","AFR",2050,"image_ssp2_base",0.896266181182317,"kgco2e/kg"
"1843","secondary_aluminium","AFR",2050,"image_ssp2_rcp19",0.655466196254488,"kgco2e/kg"
"1844","secondary_aluminium","AFR",2060,"image_ssp2_base",0.842212725438285,"kgco2e/kg"
"1845","secondary_aluminium","AFR",2060,"image_ssp2_rcp19",0.646293105529441,"kgco2e/kg"
"1846","secondary_aluminium","AFR",2070,"image_ssp2_base",0.819184438091013,"kgco2e/kg"
"1847","secondary_aluminium","AFR",2070,"image_ssp2_rcp19",0.63962433421838,"kgco2e/kg"
"1848","secondary_aluminium","AFR",2080,"image_ssp2_base",0.807882265184232,"kgco2e/kg"
"1849","secondary_aluminium","AFR",2080,"image_ssp2_rcp19",0.637775005885935,"kgco2e/kg"
"1850","secondary_aluminium","AFR",2090,"image_ssp2_base",0.785187180782,"kgco2e/kg"
"1851","secondary_aluminium","AFR",2090,"image_ssp2_rcp19",0.631954518161716,"kgco2e/kg"
"1852","secondary_aluminium","AFR",2100,"image_ssp2_base",0.768997986847326,"kgco2e/kg"
"1853","secondary_aluminium","AFR",2100,"image_ssp2_rcp19",0.630429007969048,"kgco2e/kg"
"1854","secondary_aluminium","CHN",2020,"image_ssp2_base",0.922967287951866,"kgco2e/kg"
"1855","secondary_aluminium","CHN",2030,"image_ssp2_base",0.899701862293517,"kgco2e/kg"
"1856","secondary_aluminium","CHN",2030,"image_ssp2_rcp19",0.731229512083241,"kgco2e/kg"
"1857","secondary_aluminium","CHN",2040,"image_ssp2_base",0.898901232564915,"kgco2e/kg"
"1858","secondary_aluminium","CHN",2040,"image_ssp2_rcp19",0.672749870719121,"kgco2e/kg"
"1859","secondary_aluminium","CHN",2050,"image_ssp2_base",0.896266181182317,"kgco2e/kg"
"1860","secondary_aluminium","CHN",2050,"image_ssp2_rcp19",0.655466196254488,"kgco2e/kg"
"1861","secondary_aluminium","CHN",2060,"image_ssp2_base",0.842212725438285,"kgco2e/kg"
"1862","secondary_aluminium","CHN",2060,"image_ssp2_rcp19",0.646293105529441,"kgco2e/kg"
"1863","secondary_aluminium","CHN",2070,"image_ssp2_base",0.819184438091013,"kgco2e/kg"
"1864","secondary_aluminium","CHN",2070,"image_ssp2_rcp19",0.63962433421838,"kgco2e/kg"
"1865","secondary_aluminium","CHN",2080,"image_ssp2_base",0.807882265184232,"kgco2e/kg"
"1866","secondary_aluminium","CHN",2080,"image_ssp2_rcp19",0.637775005885935,"kgco2e/kg"
"1867","secondary_aluminium","CHN",2090,"image_ssp2_base",0.785187180782,"kgco2e/kg"
"1868","secondary_aluminium","CHN",2090,"image_ssp2_rcp19",0.631954518161716,"kgco2e/kg"
"1869","secondary_aluminium","CHN",2100,"image_ssp2_base",0.768997986847326,"kgco2e/kg"
"1870","secondary_aluminium","CHN",2100,"image_ssp2_rcp19",0.630429007969048,"kgco2e/kg"
"1871","secondary_aluminium","EEU",2020,"image_ssp2_base",0.922967287951866,"kgco2e/kg"
"1872","secondary_aluminium","EEU",2030,"image_ssp2_base",0.899701862293517,"kgco2e/kg"
"1873","secondary_aluminium","EEU",2030,"image_ssp2_rcp19",0.731229512083241,"kgco2e/kg"
"1874","secondary_aluminium","EEU",2040,"image_ssp2_base",0.898901232564915,"kgco2e/kg"
"1875","secondary_aluminium","EEU",2040,"image_ssp2_rcp19",0.672749870719121,"kgco2e/kg"
"1876","secondary_aluminium","EEU",2050,"image_ssp2_base",0.896266181182317,"kgco2e/kg"
"1877","secondary_aluminium","EEU",2050,"image_ssp2_rcp19",0.655466196254488,"kgco2e/kg"
"1878","secondary_aluminium","EEU",2060,"image_ssp2_base",0.842212725438285,"kgco2e/kg"
"1879","secondary_aluminium","EEU",2060,"image_ssp2_rcp19",0.646293105529441,"kgco2e/kg"
"1880","secondary_aluminium","EEU",2070,"image_ssp2_base",0.819184438091013,"kgco2e/kg"
"1881","secondary_aluminium","EEU",2070,"image_ssp2_rcp19",0.63962433421838,"kgco2e/kg"
"1882","secondary_aluminium","EEU",2080,"image_ssp2_base",0.807882265184232,"kgco2e/kg"
"1883","secondary_aluminium","EEU",2080,"image_ssp2_rcp19",0.637775005885935,"kgco2e/kg"
"1884","secondary_aluminium","EEU",2090,"image_ssp2_base",0.785187180782,"kgco2e/kg"
"1885","secondary_aluminium","EEU",2090,"image_ssp2_rcp19",0.631954518161716,"kgco2e/kg"
"1886","secondary_aluminium","EEU",2100,"image_ssp2_base",0.768997986847326,"kgco2e/kg"
"1887","secondary_aluminium","EEU",2100,"image_ssp2_rcp19",0.630429007969048,"kgco2e/kg"
"1888","secondary_aluminium","FSU",2020,"image_ssp2_base",0.922967287951866,"kgco2e/kg"
"1889","secondary_aluminium","FSU",2030,"image_ssp2_base",0.899701862293517,"kgco2e/kg"
"1890","secondary_aluminium","FSU",2030,"image_ssp2_rcp19",0.731229512083241,"kgco2e/kg"
"1891","secondary_aluminium","FSU",2040,"image_ssp2_base",0.898901232564915,"kgco2e/kg"
"1892","secondary_aluminium","FSU",2040,"image_ssp2_rcp19",0.672749870719121,"kgco2e/kg"
"1893","secondary_aluminium","FSU",2050,"image_ssp2_base",0.896266181182317,"kgco2e/kg"
"1894","secondary_aluminium","FSU",2050,"image_ssp2_rcp19",0.655466196254488,"kgco2e/kg"
"1895","secondary_aluminium","FSU",2060,"image_ssp2_base",0.842212725438285,"kgco2e/kg"
"1896","secondary_aluminium","FSU",2060,"image_ssp2_rcp19",0.646293105529441,"kgco2e/kg"
"1897","secondary_aluminium","FSU",2070,"image_ssp2_base",0.819184438091013,"kgco2e/kg"
"1898","secondary_aluminium","FSU",2070,"image_ssp2_rcp19",0.63962433421838,"kgco2e/kg"
"1899","secondary_aluminium","FSU",2080,"image_ssp2_base",0.807882265184232,"kgco2e/kg"
"1900","secondary_aluminium","FSU",2080,"image_ssp2_rcp19",0.637775005885935,"kgco2e/kg"
"1901","secondary_aluminium","FSU",2090,"image_ssp2_base",0.785187180782,"kgco2e/kg"
"1902","secondary_aluminium","FSU",2090,"image_ssp2_rcp19",0.631954518161716,"kgco2e/kg"
"1903","secondary_aluminium","FSU",2100,"image_ssp2_base",0.768997986847326,"kgco2e/kg"
"1904","secondary_aluminium","FSU",2100,"image_ssp2_rcp19",0.630429007969048,"kgco2e/kg"
"1905","secondary_aluminium","LAM",2020,"image_ssp2_base",0.922967287951866,"kgco2e/kg"
"1906","secondary_aluminium","LAM",2030,"image_ssp2_base",0.899701862293517,"kgco2e/kg"
"1907","secondary_aluminium","LAM",2030,"image_ssp2_rcp19",0.731229512083241,"kgco2e/kg"
"1908","secondary_aluminium","LAM",2040,"image_ssp2_base",0.898901232564915,"kgco2e/kg"
"1909","secondary_aluminium","LAM",2040,"image_ssp2_rcp19",0.672749870719121,"kgco2e/kg"
"1910","secondary_aluminium","LAM",2050,"image_ssp2_base",0.896266181182317,"kgco2e/kg"
"1911","secondary_aluminium","LAM",2050,"image_ssp2_rcp19",0.655466196254488,"kgco2e/kg"
"1912","secondary_aluminium","LAM",2060,"image_ssp2_base",0.842212725438285,"kgco2e/kg"
"1913","secondary_aluminium","LAM",2060,"image_ssp2_rcp19",0.646293105529441,"kgco2e/kg"
"1914","secondary_aluminium","LAM",2070,"image_ssp2_base",0.819184438091013,"kgco2e/kg"
"1915","secondary_aluminium","LAM",2070,"image_ssp2_rcp19",0.63962433421838,"kgco2e/kg"
"1916","secondary_aluminium","LAM",2080,"image_ssp2_base",0.807882265184232,"kgco2e/kg"
"1917","secondary_aluminium","LAM",2080,"image_ssp2_rcp19",0.637775005885935,"kgco2e/kg"
"1918","secondary_aluminium","LAM",2090,"image_ssp2_base",0.785187180782,"kgco2e/kg"
"1919","secondary_aluminium","LAM",2090,"image_ssp2_rcp19",0.631954518161716,"kgco2e/kg"
"1920","secondary_aluminium","LAM",2100,"image_ssp2_base",0.768997986847326,"kgco2e/kg"
"1921","secondary_aluminium","LAM",2100,"image_ssp2_rcp19",0.630429007969048,"kgco2e/kg"
"1922","secondary_aluminium","MEA",2020,"image_ssp2_base",0.922967287951866,"kgco2e/kg"
"1923","secondary_aluminium","MEA",2030,"image_ssp2_base",0.899701862293517,"kgco2e/kg"
"1924","secondary_aluminium","MEA",2030,"image_ssp2_rcp19",0.731229512083241,"kgco2e/kg"
"1925","secondary_aluminium","MEA",2040,"image_ssp2_base",0.898901232564915,"kgco2e/kg"
"1926","secondary_aluminium","MEA",2040,"image_ssp2_rcp19",0.672749870719121,"kgco2e/kg"
"1927","secondary_aluminium","MEA",2050,"image_ssp2_base",0.896266181182317,"kgco2e/kg"
"1928","secondary_aluminium","MEA",2050,"image_ssp2_rcp19",0.655466196254488,"kgco2e/kg"
"1929","secondary_aluminium","MEA",2060,"image_ssp2_base",0.842212725438285,"kgco2e/kg"
"1930","secondary_aluminium","MEA",2060,"image_ssp2_rcp19",0.646293105529441,"kgco2e/kg"
"1931","secondary_aluminium","MEA",2070,"image_ssp2_base",0.819184438091013,"kgco2e/kg"
"1932","secondary_aluminium","MEA",2070,"image_ssp2_rcp19",0.63962433421838,"kgco2e/kg"
"1933","secondary_aluminium","MEA",2080,"image_ssp2_base",0.807882265184232,"kgco2e/kg"
"1934","secondary_aluminium","MEA",2080,"image_ssp2_rcp19",0.637775005885935,"kgco2e/kg"
"1935","secondary_aluminium","MEA",2090,"image_ssp2_base",0.785187180782,"kgco2e/kg"
"1936","secondary_aluminium","MEA",2090,"image_ssp2_rcp19",0.631954518161716,"kgco2e/kg"
"1937","secondary_aluminium","MEA",2100,"image_ssp2_base",0.768997986847326,"kgco2e/kg"
"1938","secondary_aluminium","MEA",2100,"image_ssp2_rcp19",0.630429007969048,"kgco2e/kg"
"1939","secondary_aluminium","NAM",2020,"image_ssp2_base",0.922967287951866,"kgco2e/kg"
"1940","secondary_aluminium","NAM",2030,"image_ssp2_base",0.899701862293517,"kgco2e/kg"
"1941","secondary_aluminium","NAM",2030,"image_ssp2_rcp19",0.731229512083241,"kgco2e/kg"
"1942","secondary_aluminium","NAM",2040,"image_ssp2_base",0.898901232564915,"kgco2e/kg"
"1943","secondary_aluminium","NAM",2040,"image_ssp2_rcp19",0.672749870719121,"kgco2e/kg"
"1944","secondary_aluminium","NAM",2050,"image_ssp2_base",0.896266181182317,"kgco2e/kg"
"1945","secondary_aluminium","NAM",2050,"image_ssp2_rcp19",0.655466196254488,"kgco2e/kg"
"1946","secondary_aluminium","NAM",2060,"image_ssp2_base",0.842212725438285,"kgco2e/kg"
"1947","secondary_aluminium","NAM",2060,"image_ssp2_rcp19",0.646293105529441,"kgco2e/kg"
"1948","secondary_aluminium","NAM",2070,"image_ssp2_base",0.819184438091013,"kgco2e/kg"
"1949","secondary_aluminium","NAM",2070,"image_ssp2_rcp19",0.63962433421838,"kgco2e/kg"
"1950","secondary_aluminium","NAM",2080,"image_ssp2_base",0.807882265184232,"kgco2e/kg"
"1951","secondary_aluminium","NAM",2080,"image_ssp2_rcp19",0.637775005885935,"kgco2e/kg"
"1952","secondary_aluminium","NAM",2090,"image_ssp2_base",0.785187180782,"kgco2e/kg"
"1953","secondary_aluminium","NAM",2090,"image_ssp2_rcp19",0.631954518161716,"kgco2e/kg"
"1954","secondary_aluminium","NAM",2100,"image_ssp2_base",0.768997986847326,"kgco2e/kg"
"1955","secondary_aluminium","NAM",2100,"image_ssp2_rcp19",0.630429007969048,"kgco2e/kg"
"1956","secondary_aluminium","PAO",2020,"image_ssp2_base",0.922967287951866,"kgco2e/kg"
"1957","secondary_aluminium","PAO",2030,"image_ssp2_base",0.899701862293517,"kgco2e/kg"
"1958","secondary_aluminium","PAO",2030,"image_ssp2_rcp19",0.731229512083241,"kgco2e/kg"
"1959","secondary_aluminium","PAO",2040,"image_ssp2_base",0.898901232564915,"kgco2e/kg"
"1960","secondary_aluminium","PAO",2040,"image_ssp2_rcp19",0.672749870719121,"kgco2e/kg"
"1961","secondary_aluminium","PAO",2050,"image_ssp2_base",0.896266181182317,"kgco2e/kg"
"1962","secondary_aluminium","PAO",2050,"image_ssp2_rcp19",0.655466196254488,"kgco2e/kg"
"1963","secondary_aluminium","PAO",2060,"image_ssp2_base",0.842212725438285,"kgco2e/kg"
"1964","secondary_aluminium","PAO",2060,"image_ssp2_rcp19",0.646293105529441,"kgco2e/kg"
"1965","secondary_aluminium","PAO",2070,"image_ssp2_base",0.819184438091013,"kgco2e/kg"
"1966","secondary_aluminium","PAO",2070,"image_ssp2_rcp19",0.63962433421838,"kgco2e/kg"
"1967","secondary_aluminium","PAO",2080,"image_ssp2_base",0.807882265184232,"kgco2e/kg"
"1968","secondary_aluminium","PAO",2080,"image_ssp2_rcp19",0.637775005885935,"kgco2e/kg"
"1969","secondary_aluminium","PAO",2090,"image_ssp2_base",0.785187180782,"kgco2e/kg"
"1970","secondary_aluminium","PAO",2090,"image_ssp2_rcp19",0.631954518161716,"kgco2e/kg"
"1971","secondary_aluminium","PAO",2100,"image_ssp2_base",0.768997986847326,"kgco2e/kg"
"1972","secondary_aluminium","PAO",2100,"image_ssp2_rcp19",0.630429007969048,"kgco2e/kg"
"1973","secondary_aluminium","PAS",2020,"image_ssp2_base",0.922967287951866,"kgco2e/kg"
"1974","secondary_aluminium","PAS",2030,"image_ssp2_base",0.899701862293517,"kgco2e/kg"
"1975","secondary_aluminium","PAS",2030,"image_ssp2_rcp19",0.731229512083241,"kgco2e/kg"
"1976","secondary_aluminium","PAS",2040,"image_ssp2_base",0.898901232564915,"kgco2e/kg"
"1977","secondary_aluminium","PAS",2040,"image_ssp2_rcp19",0.672749870719121,"kgco2e/kg"
"1978","secondary_aluminium","PAS",2050,"image_ssp2_base",0.896266181182317,"kgco2e/kg"
"1979","secondary_aluminium","PAS",2050,"image_ssp2_rcp19",0.655466196254488,"kgco2e/kg"
"1980","secondary_aluminium","PAS",2060,"image_ssp2_base",0.842212725438285,"kgco2e/kg"
"1981","secondary_aluminium","PAS",2060,"image_ssp2_rcp19",0.646293105529441,"kgco2e/kg"
"1982","secondary_aluminium","PAS",2070,"image_ssp2_base",0.819184438091013,"kgco2e/kg"
"1983","secondary_aluminium","PAS",2070,"image_ssp2_rcp19",0.63962433421838,"kgco2e/kg"
"1984","secondary_aluminium","PAS",2080,"image_ssp2_base",0.807882265184232,"kgco2e/kg"
"1985","secondary_aluminium","PAS",2080,"image_ssp2_rcp19",0.637775005885935,"kgco2e/kg"
"1986","secondary_aluminium","PAS",2090,"image_ssp2_base",0.785187180782,"kgco2e/kg"
"1987","secondary_aluminium","PAS",2090,"image_ssp2_rcp19",0.631954518161716,"kgco2e/kg"
"1988","secondary_aluminium","PAS",2100,"image_ssp2_base",0.768997986847326,"kgco2e/kg"
"1989","secondary_aluminium","PAS",2100,"image_ssp2_rcp19",0.630429007969048,"kgco2e/kg"
"1990","secondary_aluminium","RCPA",2020,"image_ssp2_base",0.922967287951866,"kgco2e/kg"
"1991","secondary_aluminium","RCPA",2030,"image_ssp2_base",0.899701862293517,"kgco2e/kg"
"1992","secondary_aluminium","RCPA",2030,"image_ssp2_rcp19",0.731229512083241,"kgco2e/kg"
"1993","secondary_aluminium","RCPA",2040,"image_ssp2_base",0.898901232564915,"kgco2e/kg"
"1994","secondary_aluminium","RCPA",2040,"image_ssp2_rcp19",0.672749870719121,"kgco2e/kg"
"1995","secondary_aluminium","RCPA",2050,"image_ssp2_base",0.896266181182317,"kgco2e/kg"
"1996","secondary_aluminium","RCPA",2050,"image_ssp2_rcp19",0.655466196254488,"kgco2e/kg"
"1997","secondary_aluminium","RCPA",2060,"image_ssp2_base",0.842212725438285,"kgco2e/kg"
"1998","secondary_aluminium","RCPA",2060,"image_ssp2_rcp19",0.646293105529441,"kgco2e/kg"
"1999","secondary_aluminium","RCPA",2070,"image_ssp2_base",0.819184438091013,"kgco2e/kg"
"2000","secondary_aluminium","RCPA",2070,"image_ssp2_rcp19",0.63962433421838,"kgco2e/kg"
"2001","secondary_aluminium","RCPA",2080,"image_ssp2_base",0.807882265184232,"kgco2e/kg"
"2002","secondary_aluminium","RCPA",2080,"image_ssp2_rcp19",0.637775005885935,"kgco2e/kg"
"2003","secondary_aluminium","RCPA",2090,"image_ssp2_base",0.785187180782,"kgco2e/kg"
"2004","secondary_aluminium","RCPA",2090,"image_ssp2_rcp19",0.631954518161716,"kgco2e/kg"
"2005","secondary_aluminium","RCPA",2100,"image_ssp2_base",0.768997986847326,"kgco2e/kg"
"2006","secondary_aluminium","RCPA",2100,"image_ssp2_rcp19",0.630429007969048,"kgco2e/kg"
"2007","secondary_aluminium","SAS",2020,"image_ssp2_base",0.922967287951866,"kgco2e/kg"
"2008","secondary_aluminium","SAS",2030,"image_ssp2_base",0.899701862293517,"kgco2e/kg"
"2009","secondary_aluminium","SAS",2030,"image_ssp2_rcp19",0.731229512083241,"kgco2e/kg"
"2010","secondary_aluminium","SAS",2040,"image_ssp2_base",0.898901232564915,"kgco2e/kg"
"2011","secondary_aluminium","SAS",2040,"image_ssp2_rcp19",0.672749870719121,"kgco2e/kg"
"2012","secondary_aluminium","SAS",2050,"image_ssp2_base",0.896266181182317,"kgco2e/kg"
"2013","secondary_aluminium","SAS",2050,"image_ssp2_rcp19",0.655466196254488,"kgco2e/kg"
"2014","secondary_aluminium","SAS",2060,"image_ssp2_base",0.842212725438285,"kgco2e/kg"
"2015","secondary_aluminium","SAS",2060,"image_ssp2_rcp19",0.646293105529441,"kgco2e/kg"
"2016","secondary_aluminium","SAS",2070,"image_ssp2_base",0.819184438091013,"kgco2e/kg"
"2017","secondary_aluminium","SAS",2070,"image_ssp2_rcp19",0.63962433421838,"kgco2e/kg"
"2018","secondary_aluminium","SAS",2080,"image_ssp2_base",0.807882265184232,"kgco2e/kg"
"2019","secondary_aluminium","SAS",2080,"image_ssp2_rcp19",0.637775005885935,"kgco2e/kg"
"2020","secondary_aluminium","SAS",2090,"image_ssp2_base",0.785187180782,"kgco2e/kg"
"2021","secondary_aluminium","SAS",2090,"image_ssp2_rcp19",0.631954518161716,"kgco2e/kg"
"2022","secondary_aluminium","SAS",2100,"image_ssp2_base",0.768997986847326,"kgco2e/kg"
"2023","secondary_aluminium","SAS",2100,"image_ssp2_rcp19",0.630429007969048,"kgco2e/kg"
"2024","secondary_aluminium","WEU",2020,"image_ssp2_base",0.922967287951866,"kgco2e/kg"
"2025","secondary_aluminium","WEU",2030,"image_ssp2_base",0.899701862293517,"kgco2e/kg"
"2026","secondary_aluminium","WEU",2030,"image_ssp2_rcp19",0.731229512083241,"kgco2e/kg"
"2027","secondary_aluminium","WEU",2040,"image_ssp2_base",0.898901232564915,"kgco2e/kg"
"2028","secondary_aluminium","WEU",2040,"image_ssp2_rcp19",0.672749870719121,"kgco2e/kg"
"2029","secondary_aluminium","WEU",2050,"image_ssp2_base",0.896266181182317,"kgco2e/kg"
"2030","secondary_aluminium","WEU",2050,"image_ssp2_rcp19",0.655466196254488,"kgco2e/kg"
"2031","secondary_aluminium","WEU",2060,"image_ssp2_base",0.842212725438285,"kgco2e/kg"
"2032","secondary_aluminium","WEU",2060,"image_ssp2_rcp19",0.646293105529441,"kgco2e/kg"
"2033","secondary_aluminium","WEU",2070,"image_ssp2_base",0.819184438091013,"kgco2e/kg"
"2034","secondary_aluminium","WEU",2070,"image_ssp2_rcp19",0.63962433421838,"kgco2e/kg"
"2035","secondary_aluminium","WEU",2080,"image_ssp2_base",0.807882265184232,"kgco2e/kg"
"2036","secondary_aluminium","WEU",2080,"image_ssp2_rcp19",0.637775005885935,"kgco2e/kg"
"2037","secondary_aluminium","WEU",2090,"image_ssp2_base",0.785187180782,"kgco2e/kg"
"2038","secondary_aluminium","WEU",2090,"image_ssp2_rcp19",0.631954518161716,"kgco2e/kg"
"2039","secondary_aluminium","WEU",2100,"image_ssp2_base",0.768997986847326,"kgco2e/kg"
"2040","secondary_aluminium","WEU",2100,"image_ssp2_rcp19",0.630429007969048,"kgco2e/kg"
"2041","secondary_copper","AFR",2020,"image_ssp2_base",1.6503249572471,"kgco2e/kg"
"2042","secondary_copper","AFR",2030,"image_ssp2_base",1.62337524962271,"kgco2e/kg"
"2043","secondary_copper","AFR",2030,"image_ssp2_rcp19",1.16054611957513,"kgco2e/kg"
"2044","secondary_copper","AFR",2040,"image_ssp2_base",1.63244033266842,"kgco2e/kg"
"2045","secondary_copper","AFR",2040,"image_ssp2_rcp19",1.0232242426598,"kgco2e/kg"
"2046","secondary_copper","AFR",2050,"image_ssp2_base",1.6038068844665,"kgco2e/kg"
"2047","secondary_copper","AFR",2050,"image_ssp2_rcp19",0.990030313554159,"kgco2e/kg"
"2048","secondary_copper","AFR",2060,"image_ssp2_base",1.48271559889541,"kgco2e/kg"
"2049","secondary_copper","AFR",2060,"image_ssp2_rcp19",0.977676893854957,"kgco2e/kg"
"2050","secondary_copper","AFR",2070,"image_ssp2_base",1.42803678274851,"kgco2e/kg"
"2051","secondary_copper","AFR",2070,"image_ssp2_rcp19",0.973948250271247,"kgco2e/kg"
"2052","secondary_copper","AFR",2080,"image_ssp2_base",1.40080286133062,"kgco2e/kg"
"2053","secondary_copper","AFR",2080,"image_ssp2_rcp19",0.986396537169281,"kgco2e/kg"
"2054","secondary_copper","AFR",2090,"image_ssp2_base",1.36669891475285,"kgco2e/kg"
"2055","secondary_copper","AFR",2090,"image_ssp2_rcp19",0.981132338261777,"kgco2e/kg"
"2056","secondary_copper","AFR",2100,"image_ssp2_base",1.33237244288913,"kgco2e/kg"
"2057","secondary_copper","AFR",2100,"image_ssp2_rcp19",0.979990944005157,"kgco2e/kg"
"2058","secondary_copper","CHN",2020,"image_ssp2_base",1.6503249572471,"kgco2e/kg"
"2059","secondary_copper","CHN",2030,"image_ssp2_base",1.62337524962271,"kgco2e/kg"
"2060","secondary_copper","CHN",2030,"image_ssp2_rcp19",1.16054611957513,"kgco2e/kg"
"2061","secondary_copper","CHN",2040,"image_ssp2_base",1.63244033266842,"kgco2e/kg"
"2062","secondary_copper","CHN",2040,"image_ssp2_rcp19",1.0232242426598,"kgco2e/kg"
"2063","secondary_copper","CHN",2050,"image_ssp2_base",1.6038068844665,"kgco2e/kg"
"2064","secondary_copper","CHN",2050,"image_ssp2_rcp19",0.990030313554159,"kgco2e/kg"
"2065","secondary_copper","CHN",2060,"image_ssp2_base",1.48271559889541,"kgco2e/kg"
"2066","secondary_copper","CHN",2060,"image_ssp2_rcp19",0.977676893854957,"kgco2e/kg"
"2067","secondary_copper","CHN",2070,"image_ssp2_base",1.42803678274851,"kgco2e/kg"
"2068","secondary_copper","CHN",2070,"image_ssp2_rcp19",0.973948250271247,"kgco2e/kg"
"2069","secondary_copper","CHN",2080,"image_ssp2_base",1.40080286133062,"kgco2e/kg"
"2070","secondary_copper","CHN",2080,"image_ssp2_rcp19",0.986396537169281,"kgco2e/kg"
"2071","secondary_copper","CHN",2090,"image_ssp2_base",1.36669891475285,"kgco2e/kg"
"2072","secondary_copper","CHN",2090,"image_ssp2_rcp19",0.981132338261777,"kgco2e/kg"
"2073","secondary_copper","CHN",2100,"image_ssp2_base",1.33237244288913,"kgco2e/kg"
"2074","secondary_copper","CHN",2100,"image_ssp2_rcp19",0.979990944005157,"kgco2e/kg"
"2075","secondary_copper","EEU",2020,"image_ssp2_base",1.6503249572471,"kgco2e/kg"
"2076","secondary_copper","EEU",2030,"image_ssp2_base",1.62337524962271,"kgco2e/kg"
"2077","secondary_copper","EEU",2030,"image_ssp2_rcp19",1.16054611957513,"kgco2e/kg"
"2078","secondary_copper","EEU",2040,"image_ssp2_base",1.63244033266842,"kgco2e/kg"
"2079","secondary_copper","EEU",2040,"image_ssp2_rcp19",1.0232242426598,"kgco2e/kg"
"2080","secondary_copper","EEU",2050,"image_ssp2_base",1.6038068844665,"kgco2e/kg"
"2081","secondary_copper","EEU",2050,"image_ssp2_rcp19",0.990030313554159,"kgco2e/kg"
"2082","secondary_copper","EEU",2060,"image_ssp2_base",1.48271559889541,"kgco2e/kg"
"2083","secondary_copper","EEU",2060,"image_ssp2_rcp19",0.977676893854957,"kgco2e/kg"
"2084","secondary_copper","EEU",2070,"image_ssp2_base",1.42803678274851,"kgco2e/kg"
"2085","secondary_copper","EEU",2070,"image_ssp2_rcp19",0.973948250271247,"kgco2e/kg"
"2086","secondary_copper","EEU",2080,"image_ssp2_base",1.40080286133062,"kgco2e/kg"
"2087","secondary_copper","EEU",2080,"image_ssp2_rcp19",0.986396537169281,"kgco2e/kg"
"2088","secondary_copper","EEU",2090,"image_ssp2_base",1.36669891475285,"kgco2e/kg"
"2089","secondary_copper","EEU",2090,"image_ssp2_rcp19",0.981132338261777,"kgco2e/kg"
"2090","secondary_copper","EEU",2100,"image_ssp2_base",1.33237244288913,"kgco2e/kg"
"2091","secondary_copper","EEU",2100,"image_ssp2_rcp19",0.979990944005157,"kgco2e/kg"
"2092","secondary_copper","FSU",2020,"image_ssp2_base",1.6503249572471,"kgco2e/kg"
"2093","secondary_copper","FSU",2030,"image_ssp2_base",1.62337524962271,"kgco2e/kg"
"2094","secondary_copper","FSU",2030,"image_ssp2_rcp19",1.16054611957513,"kgco2e/kg"
"2095","secondary_copper","FSU",2040,"image_ssp2_base",1.63244033266842,"kgco2e/kg"
"2096","secondary_copper","FSU",2040,"image_ssp2_rcp19",1.0232242426598,"kgco2e/kg"
"2097","secondary_copper","FSU",2050,"image_ssp2_base",1.6038068844665,"kgco2e/kg"
"2098","secondary_copper","FSU",2050,"image_ssp2_rcp19",0.990030313554159,"kgco2e/kg"
"2099","secondary_copper","FSU",2060,"image_ssp2_base",1.48271559889541,"kgco2e/kg"
"2100","secondary_copper","FSU",2060,"image_ssp2_rcp19",0.977676893854957,"kgco2e/kg"
"2101","secondary_copper","FSU",2070,"image_ssp2_base",1.42803678274851,"kgco2e/kg"
"2102","secondary_copper","FSU",2070,"image_ssp2_rcp19",0.973948250271247,"kgco2e/kg"
"2103","secondary_copper","FSU",2080,"image_ssp2_base",1.40080286133062,"kgco2e/kg"
"2104","secondary_copper","FSU",2080,"image_ssp2_rcp19",0.986396537169281,"kgco2e/kg"
"2105","secondary_copper","FSU",2090,"image_ssp2_base",1.36669891475285,"kgco2e/kg"
"2106","secondary_copper","FSU",2090,"image_ssp2_rcp19",0.981132338261777,"kgco2e/kg"
"2107","secondary_copper","FSU",2100,"image_ssp2_base",1.33237244288913,"kgco2e/kg"
"2108","secondary_copper","FSU",2100,"image_ssp2_rcp19",0.979990944005157,"kgco2e/kg"
"2109","secondary_copper","LAM",2020,"image_ssp2_base",1.6503249572471,"kgco2e/kg"
"2110","secondary_copper","LAM",2030,"image_ssp2_base",1.62337524962271,"kgco2e/kg"
"2111","secondary_copper","LAM",2030,"image_ssp2_rcp19",1.16054611957513,"kgco2e/kg"
"2112","secondary_copper","LAM",2040,"image_ssp2_base",1.63244033266842,"kgco2e/kg"
"2113","secondary_copper","LAM",2040,"image_ssp2_rcp19",1.0232242426598,"kgco2e/kg"
"2114","secondary_copper","LAM",2050,"image_ssp2_base",1.6038068844665,"kgco2e/kg"
"2115","secondary_copper","LAM",2050,"image_ssp2_rcp19",0.990030313554159,"kgco2e/kg"
"2116","secondary_copper","LAM",2060,"image_ssp2_base",1.48271559889541,"kgco2e/kg"
"2117","secondary_copper","LAM",2060,"image_ssp2_rcp19",0.977676893854957,"kgco2e/kg"
"2118","secondary_copper","LAM",2070,"image_ssp2_base",1.42803678274851,"kgco2e/kg"
"2119","secondary_copper","LAM",2070,"image_ssp2_rcp19",0.973948250271247,"kgco2e/kg"
"2120","secondary_copper","LAM",2080,"image_ssp2_base",1.40080286133062,"kgco2e/kg"
"2121","secondary_copper","LAM",2080,"image_ssp2_rcp19",0.986396537169281,"kgco2e/kg"
"2122","secondary_copper","LAM",2090,"image_ssp2_base",1.36669891475285,"kgco2e/kg"
"2123","secondary_copper","LAM",2090,"image_ssp2_rcp19",0.981132338261777,"kgco2e/kg"
"2124","secondary_copper","LAM",2100,"image_ssp2_base",1.33237244288913,"kgco2e/kg"
"2125","secondary_copper","LAM",2100,"image_ssp2_rcp19",0.979990944005157,"kgco2e/kg"
"2126","secondary_copper","MEA",2020,"image_ssp2_base",1.6503249572471,"kgco2e/kg"
"2127","secondary_copper","MEA",2030,"image_ssp2_base",1.62337524962271,"kgco2e/kg"
"2128","secondary_copper","MEA",2030,"image_ssp2_rcp19",1.16054611957513,"kgco2e/kg"
"2129","secondary_copper","MEA",2040,"image_ssp2_base",1.63244033266842,"kgco2e/kg"
"2130","secondary_copper","MEA",2040,"image_ssp2_rcp19",1.0232242426598,"kgco2e/kg"
"2131","secondary_copper","MEA",2050,"image_ssp2_base",1.6038068844665,"kgco2e/kg"
"2132","secondary_copper","MEA",2050,"image_ssp2_rcp19",0.990030313554159,"kgco2e/kg"
"2133","secondary_copper","MEA",2060,"image_ssp2_base",1.48271559889541,"kgco2e/kg"
"2134","secondary_copper","MEA",2060,"image_ssp2_rcp19",0.977676893854957,"kgco2e/kg"
"2135","secondary_copper","MEA",2070,"image_ssp2_base",1.42803678274851,"kgco2e/kg"
"2136","secondary_copper","MEA",2070,"image_ssp2_rcp19",0.973948250271247,"kgco2e/kg"
"2137","secondary_copper","MEA",2080,"image_ssp2_base",1.40080286133062,"kgco2e/kg"
"2138","secondary_copper","MEA",2080,"image_ssp2_rcp19",0.986396537169281,"kgco2e/kg"
"2139","secondary_copper","MEA",2090,"image_ssp2_base",1.36669891475285,"kgco2e/kg"
"2140","secondary_copper","MEA",2090,"image_ssp2_rcp19",0.981132338261777,"kgco2e/kg"
"2141","secondary_copper","MEA",2100,"image_ssp2_base",1.33237244288913,"kgco2e/kg"
"2142","secondary_copper","MEA",2100,"image_ssp2_rcp19",0.979990944005157,"kgco2e/kg"
"2143","secondary_copper","NAM",2020,"image_ssp2_base",1.6503249572471,"kgco2e/kg"
"2144","secondary_copper","NAM",2030,"image_ssp2_base",1.62337524962271,"kgco2e/kg"
"2145","secondary_copper","NAM",2030,"image_ssp2_rcp19",1.16054611957513,"kgco2e/kg"
"2146","secondary_copper","NAM",2040,"image_ssp2_base",1.63244033266842,"kgco2e/kg"
"2147","secondary_copper","NAM",2040,"image_ssp2_rcp19",1.0232242426598,"kgco2e/kg"
"2148","secondary_copper","NAM",2050,"image_ssp2_base",1.6038068844665,"kgco2e/kg"
"2149","secondary_copper","NAM",2050,"image_ssp2_rcp19",0.990030313554159,"kgco2e/kg"
"2150","secondary_copper","NAM",2060,"image_ssp2_base",1.48271559889541,"kgco2e/kg"
"2151","secondary_copper","NAM",2060,"image_ssp2_rcp19",0.977676893854957,"kgco2e/kg"
"2152","secondary_copper","NAM",2070,"image_ssp2_base",1.42803678274851,"kgco2e/kg"
"2153","secondary_copper","NAM",2070,"image_ssp2_rcp19",0.973948250271247,"kgco2e/kg"
"2154","secondary_copper","NAM",2080,"image_ssp2_base",1.40080286133062,"kgco2e/kg"
"2155","secondary_copper","NAM",2080,"image_ssp2_rcp19",0.986396537169281,"kgco2e/kg"
"2156","secondary_copper","NAM",2090,"image_ssp2_base",1.36669891475285,"kgco2e/kg"
"2157","secondary_copper","NAM",2090,"image_ssp2_rcp19",0.981132338261777,"kgco2e/kg"
"2158","secondary_copper","NAM",2100,"image_ssp2_base",1.33237244288913,"kgco2e/kg"
"2159","secondary_copper","NAM",2100,"image_ssp2_rcp19",0.979990944005157,"kgco2e/kg"
"2160","secondary_copper","PAO",2020,"image_ssp2_base",1.6503249572471,"kgco2e/kg"
"2161","secondary_copper","PAO",2030,"image_ssp2_base",1.62337524962271,"kgco2e/kg"
"2162","secondary_copper","PAO",2030,"image_ssp2_rcp19",1.16054611957513,"kgco2e/kg"
"2163","secondary_copper","PAO",2040,"image_ssp2_base",1.63244033266842,"kgco2e/kg"
"2164","secondary_copper","PAO",2040,"image_ssp2_rcp19",1.0232242426598,"kgco2e/kg"
"2165","secondary_copper","PAO",2050,"image_ssp2_base",1.6038068844665,"kgco2e/kg"
"2166","secondary_copper","PAO",2050,"image_ssp2_rcp19",0.990030313554159,"kgco2e/kg"
"2167","secondary_copper","PAO",2060,"image_ssp2_base",1.48271559889541,"kgco2e/kg"
"2168","secondary_copper","PAO",2060,"image_ssp2_rcp19",0.977676893854957,"kgco2e/kg"
"2169","secondary_copper","PAO",2070,"image_ssp2_base",1.42803678274851,"kgco2e/kg"
"2170","secondary_copper","PAO",2070,"image_ssp2_rcp19",0.973948250271247,"kgco2e/kg"
"2171","secondary_copper","PAO",2080,"image_ssp2_base",1.40080286133062,"kgco2e/kg"
"2172","secondary_copper","PAO",2080,"image_ssp2_rcp19",0.986396537169281,"kgco2e/kg"
"2173","secondary_copper","PAO",2090,"image_ssp2_base",1.36669891475285,"kgco2e/kg"
"2174","secondary_copper","PAO",2090,"image_ssp2_rcp19",0.981132338261777,"kgco2e/kg"
"2175","secondary_copper","PAO",2100,"image_ssp2_base",1.33237244288913,"kgco2e/kg"
"2176","secondary_copper","PAO",2100,"image_ssp2_rcp19",0.979990944005157,"kgco2e/kg"
"2177","secondary_copper","PAS",2020,"image_ssp2_base",1.6503249572471,"kgco2e/kg"
"2178","secondary_copper","PAS",2030,"image_ssp2_base",1.62337524962271,"kgco2e/kg"
"2179","secondary_copper","PAS",2030,"image_ssp2_rcp19",1.16054611957513,"kgco2e/kg"
"2180","secondary_copper","PAS",2040,"image_ssp2_base",1.63244033266842,"kgco2e/kg"
"2181","secondary_copper","PAS",2040,"image_ssp2_rcp19",1.0232242426598,"kgco2e/kg"
"2182","secondary_copper","PAS",2050,"image_ssp2_base",1.6038068844665,"kgco2e/kg"
"2183","secondary_copper","PAS",2050,"image_ssp2_rcp19",0.990030313554159,"kgco2e/kg"
"2184","secondary_copper","PAS",2060,"image_ssp2_base",1.48271559889541,"kgco2e/kg"
"2185","secondary_copper","PAS",2060,"image_ssp2_rcp19",0.977676893854957,"kgco2e/kg"
"2186","secondary_copper","PAS",2070,"image_ssp2_base",1.42803678274851,"kgco2e/kg"
"2187","secondary_copper","PAS",2070,"image_ssp2_rcp19",0.973948250271247,"kgco2e/kg"
"2188","secondary_copper","PAS",2080,"image_ssp2_base",1.40080286133062,"kgco2e/kg"
"2189","secondary_copper","PAS",2080,"image_ssp2_rcp19",0.986396537169281,"kgco2e/kg"
"2190","secondary_copper","PAS",2090,"image_ssp2_base",1.36669891475285,"kgco2e/kg"
"2191","secondary_copper","PAS",2090,"image_ssp2_rcp19",0.981132338261777,"kgco2e/kg"
"2192","secondary_copper","PAS",2100,"image_ssp2_base",1.33237244288913,"kgco2e/kg"
"2193","secondary_copper","PAS",2100,"image_ssp2_rcp19",0.979990944005157,"kgco2e/kg"
"2194","secondary_copper","RCPA",2020,"image_ssp2_base",1.6503249572471,"kgco2e/kg"
"2195","secondary_copper","RCPA",2030,"image_ssp2_base",1.62337524962271,"kgco2e/kg"
"2196","secondary_copper","RCPA",2030,"image_ssp2_rcp19",1.16054611957513,"kgco2e/kg"
"2197","secondary_copper","RCPA",2040,"image_ssp2_base",1.63244033266842,"kgco2e/kg"
"2198","secondary_copper","RCPA",2040,"image_ssp2_rcp19",1.0232242426598,"kgco2e/kg"
"2199","secondary_copper","RCPA",2050,"image_ssp2_base",1.6038068844665,"kgco2e/kg"
"2200","secondary_copper","RCPA",2050,"image_ssp2_rcp19",0.990030313554159,"kgco2e/kg"
"2201","secondary_copper","RCPA",2060,"image_ssp2_base",1.48271559889541,"kgco2e/kg"
"2202","secondary_copper","RCPA",2060,"image_ssp2_rcp19",0.977676893854957,"kgco2e/kg"
"2203","secondary_copper","RCPA",2070,"image_ssp2_base",1.42803678274851,"kgco2e/kg"
"2204","secondary_copper","RCPA",2070,"image_ssp2_rcp19",0.973948250271247,"kgco2e/kg"
"2205","secondary_copper","RCPA",2080,"image_ssp2_base",1.40080286133062,"kgco2e/kg"
"2206","secondary_copper","RCPA",2080,"image_ssp2_rcp19",0.986396537169281,"kgco2e/kg"
"2207","secondary_copper","RCPA",2090,"image_ssp2_base",1.36669891475285,"kgco2e/kg"
"2208","secondary_copper","RCPA",2090,"image_ssp2_rcp19",0.981132338261777,"kgco2e/kg"
"2209","secondary_copper","RCPA",2100,"image_ssp2_base",1.33237244288913,"kgco2e/kg"
"2210","secondary_copper","RCPA",2100,"image_ssp2_rcp19",0.979990944005157,"kgco2e/kg"
"2211","secondary_copper","SAS",2020,"image_ssp2_base",1.6503249572471,"kgco2e/kg"
"2212","secondary_copper","SAS",2030,"image_ssp2_base",1.62337524962271,"kgco2e/kg"
"2213","secondary_copper","SAS",2030,"image_ssp2_rcp19",1.16054611957513,"kgco2e/kg"
"2214","secondary_copper","SAS",2040,"image_ssp2_base",1.63244033266842,"kgco2e/kg"
"2215","secondary_copper","SAS",2040,"image_ssp2_rcp19",1.0232242426598,"kgco2e/kg"
"2216","secondary_copper","SAS",2050,"image_ssp2_base",1.6038068844665,"kgco2e/kg"
"2217","secondary_copper","SAS",2050,"image_ssp2_rcp19",0.990030313554159,"kgco2e/kg"
"2218","secondary_copper","SAS",2060,"image_ssp2_base",1.48271559889541,"kgco2e/kg"
"2219","secondary_copper","SAS",2060,"image_ssp2_rcp19",0.977676893854957,"kgco2e/kg"
"2220","secondary_copper","SAS",2070,"image_ssp2_base",1.42803678274851,"kgco2e/kg"
"2221","secondary_copper","SAS",2070,"image_ssp2_rcp19",0.973948250271247,"kgco2e/kg"
"2222","secondary_copper","SAS",2080,"image_ssp2_base",1.40080286133062,"kgco2e/kg"
"2223","secondary_copper","SAS",2080,"image_ssp2_rcp19",0.986396537169281,"kgco2e/kg"
"2224","secondary_copper","SAS",2090,"image_ssp2_base",1.36669891475285,"kgco2e/kg"
"2225","secondary_copper","SAS",2090,"image_ssp2_rcp19",0.981132338261777,"kgco2e/kg"
"2226","secondary_copper","SAS",2100,"image_ssp2_base",1.33237244288913,"kgco2e/kg"
"2227","secondary_copper","SAS",2100,"image_ssp2_rcp19",0.979990944005157,"kgco2e/kg"
"2228","secondary_copper","WEU",2020,"image_ssp2_base",1.6503249572471,"kgco2e/kg"
"2229","secondary_copper","WEU",2030,"image_ssp2_base",1.62337524962271,"kgco2e/kg"
"2230","secondary_copper","WEU",2030,"image_ssp2_rcp19",1.16054611957513,"kgco2e/kg"
"2231","secondary_copper","WEU",2040,"image_ssp2_base",1.63244033266842,"kgco2e/kg"
"2232","secondary_copper","WEU",2040,"image_ssp2_rcp19",1.0232242426598,"kgco2e/kg"
"2233","secondary_copper","WEU",2050,"image_ssp2_base",1.6038068844665,"kgco2e/kg"
"2234","secondary_copper","WEU",2050,"image_ssp2_rcp19",0.990030313554159,"kgco2e/kg"
"2235","secondary_copper","WEU",2060,"image_ssp2_base",1.48271559889541,"kgco2e/kg"
"2236","secondary_copper","WEU",2060,"image_ssp2_rcp19",0.977676893854957,"kgco2e/kg"
"2237","secondary_copper","WEU",2070,"image_ssp2_base",1.42803678274851,"kgco2e/kg"
"2238","secondary_copper","WEU",2070,"image_ssp2_rcp19",0.973948250271247,"kgco2e/kg"
"2239","secondary_copper","WEU",2080,"image_ssp2_base",1.40080286133062,"kgco2e/kg"
"2240","secondary_copper","WEU",2080,"image_ssp2_rcp19",0.986396537169281,"kgco2e/kg"
"2241","secondary_copper","WEU",2090,"image_ssp2_base",1.36669891475285,"kgco2e/kg"
"2242","secondary_copper","WEU",2090,"image_ssp2_rcp19",0.981132338261777,"kgco2e/kg"
"2243","secondary_copper","WEU",2100,"image_ssp2_base",1.33237244288913,"kgco2e/kg"
"2244","secondary_copper","WEU",2100,"image_ssp2_rcp19",0.979990944005157,"kgco2e/kg"
"2245","secondary_steel","AFR",2020,"image_ssp2_base",1.22489986850596,"kgco2e/kg"
"2246","secondary_steel","AFR",2030,"image_ssp2_base",1.17569468264319,"kgco2e/kg"
"2247","secondary_steel","AFR",2030,"image_ssp2_rcp19",0.864496529259155,"kgco2e/kg"
"2248","secondary_steel","AFR",2040,"image_ssp2_base",1.15801978215964,"kgco2e/kg"
"2249","secondary_steel","AFR",2040,"image_ssp2_rcp19",0.736201368999692,"kgco2e/kg"
"2250","secondary_steel","AFR",2050,"image_ssp2_base",1.12270394190019,"kgco2e/kg"
"2251","secondary_steel","AFR",2050,"image_ssp2_rcp19",0.706308717189123,"kgco2e/kg"
"2252","secondary_steel","AFR",2060,"image_ssp2_base",1.05669144632935,"kgco2e/kg"
"2253","secondary_steel","AFR",2060,"image_ssp2_rcp19",0.679295645917401,"kgco2e/kg"
"2254","secondary_steel","AFR",2070,"image_ssp2_base",1.00752336469253,"kgco2e/kg"
"2255","secondary_steel","AFR",2070,"image_ssp2_rcp19",0.67472168252402,"kgco2e/kg"
"2256","secondary_steel","AFR",2080,"image_ssp2_base",0.981234493964638,"kgco2e/kg"
"2257","secondary_steel","AFR",2080,"image_ssp2_rcp19",0.683635798428789,"kgco2e/kg"
"2258","secondary_steel","AFR",2090,"image_ssp2_base",0.971396969974944,"kgco2e/kg"
"2259","secondary_steel","AFR",2090,"image_ssp2_rcp19",0.693358930371092,"kgco2e/kg"
"2260","secondary_steel","AFR",2100,"image_ssp2_base",0.961848962520336,"kgco2e/kg"
"2261","secondary_steel","AFR",2100,"image_ssp2_rcp19",0.691242015787779,"kgco2e/kg"
"2262","secondary_steel","CHN",2020,"image_ssp2_base",1.6503249572471,"kgco2e/kg"
"2263","secondary_steel","CHN",2030,"image_ssp2_base",1.62337524962271,"kgco2e/kg"
"2264","secondary_steel","CHN",2030,"image_ssp2_rcp19",1.16054611957513,"kgco2e/kg"
"2265","secondary_steel","CHN",2040,"image_ssp2_base",1.63244033266842,"kgco2e/kg"
"2266","secondary_steel","CHN",2040,"image_ssp2_rcp19",1.0232242426598,"kgco2e/kg"
"2267","secondary_steel","CHN",2050,"image_ssp2_base",1.6038068844665,"kgco2e/kg"
"2268","secondary_steel","CHN",2050,"image_ssp2_rcp19",0.990030313554159,"kgco2e/kg"
"2269","secondary_steel","CHN",2060,"image_ssp2_base",1.48271559889541,"kgco2e/kg"
"2270","secondary_steel","CHN",2060,"image_ssp2_rcp19",0.977676893854957,"kgco2e/kg"
"2271","secondary_steel","CHN",2070,"image_ssp2_base",1.42803678274851,"kgco2e/kg"
"2272","secondary_steel","CHN",2070,"image_ssp2_rcp19",0.973948250271247,"kgco2e/kg"
"2273","secondary_steel","CHN",2080,"image_ssp2_base",1.40080286133062,"kgco2e/kg"
"2274","secondary_steel","CHN",2080,"image_ssp2_rcp19",0.986396537169281,"kgco2e/kg"
"2275","secondary_steel","CHN",2090,"image_ssp2_base",1.36669891475285,"kgco2e/kg"
"2276","secondary_steel","CHN",2090,"image_ssp2_rcp19",0.981132338261777,"kgco2e/kg"
"2277","secondary_steel","CHN",2100,"image_ssp2_base",1.33237244288913,"kgco2e/kg"
"2278","secondary_steel","CHN",2100,"image_ssp2_rcp19",0.979990944005157,"kgco2e/kg"
"2279","secondary_steel","EEU",2020,"image_ssp2_base",1.6503249572471,"kgco2e/kg"
"2280","secondary_steel","EEU",2030,"image_ssp2_base",1.62337524962271,"kgco2e/kg"
"2281","secondary_steel","EEU",2030,"image_ssp2_rcp19",1.16054611957513,"kgco2e/kg"
"2282","secondary_steel","EEU",2040,"image_ssp2_base",1.63244033266842,"kgco2e/kg"
"2283","secondary_steel","EEU",2040,"image_ssp2_rcp19",1.0232242426598,"kgco2e/kg"
"2284","secondary_steel","EEU",2050,"image_ssp2_base",1.6038068844665,"kgco2e/kg"
"2285","secondary_steel","EEU",2050,"image_ssp2_rcp19",0.990030313554159,"kgco2e/kg"
"2286","secondary_steel","EEU",2060,"image_ssp2_base",1.48271559889541,"kgco2e/kg"
"2287","secondary_steel","EEU",2060,"image_ssp2_rcp19",0.977676893854957,"kgco2e/kg"
"2288","secondary_steel","EEU",2070,"image_ssp2_base",1.42803678274851,"kgco2e/kg"
"2289","secondary_steel","EEU",2070,"image_ssp2_rcp19",0.973948250271247,"kgco2e/kg"
"2290","secondary_steel","EEU",2080,"image_ssp2_base",1.40080286133062,"kgco2e/kg"
"2291","secondary_steel","EEU",2080,"image_ssp2_rcp19",0.986396537169281,"kgco2e/kg"
"2292","secondary_steel","EEU",2090,"image_ssp2_base",1.36669891475285,"kgco2e/kg"
"2293","secondary_steel","EEU",2090,"image_ssp2_rcp19",0.981132338261777,"kgco2e/kg"
"2294","secondary_steel","EEU",2100,"image_ssp2_base",1.33237244288913,"kgco2e/kg"
"2295","secondary_steel","EEU",2100,"image_ssp2_rcp19",0.979990944005157,"kgco2e/kg"
"2296","secondary_steel","FSU",2020,"image_ssp2_base",1.6503249572471,"kgco2e/kg"
"2297","secondary_steel","FSU",2030,"image_ssp2_base",1.62337524962271,"kgco2e/kg"
"2298","secondary_steel","FSU",2030,"image_ssp2_rcp19",1.16054611957513,"kgco2e/kg"
"2299","secondary_steel","FSU",2040,"image_ssp2_base",1.63244033266842,"kgco2e/kg"
"2300","secondary_steel","FSU",2040,"image_ssp2_rcp19",1.0232242426598,"kgco2e/kg"
"2301","secondary_steel","FSU",2050,"image_ssp2_base",1.6038068844665,"kgco2e/kg"
"2302","secondary_steel","FSU",2050,"image_ssp2_rcp19",0.990030313554159,"kgco2e/kg"
"2303","secondary_steel","FSU",2060,"image_ssp2_base",1.48271559889541,"kgco2e/kg"
"2304","secondary_steel","FSU",2060,"image_ssp2_rcp19",0.977676893854957,"kgco2e/kg"
"2305","secondary_steel","FSU",2070,"image_ssp2_base",1.42803678274851,"kgco2e/kg"
"2306","secondary_steel","FSU",2070,"image_ssp2_rcp19",0.973948250271247,"kgco2e/kg"
"2307","secondary_steel","FSU",2080,"image_ssp2_base",1.40080286133062,"kgco2e/kg"
"2308","secondary_steel","FSU",2080,"image_ssp2_rcp19",0.986396537169281,"kgco2e/kg"
"2309","secondary_steel","FSU",2090,"image_ssp2_base",1.36669891475285,"kgco2e/kg"
"2310","secondary_steel","FSU",2090,"image_ssp2_rcp19",0.981132338261777,"kgco2e/kg"
"2311","secondary_steel","FSU",2100,"image_ssp2_base",1.33237244288913,"kgco2e/kg"
"2312","secondary_steel","FSU",2100,"image_ssp2_rcp19",0.979990944005157,"kgco2e/kg"
"2313","secondary_steel","LAM",2020,"image_ssp2_base",1.20005593663661,"kgco2e/kg"
"2314","secondary_steel","LAM",2030,"image_ssp2_base",1.14581612704533,"kgco2e/kg"
"2315","secondary_steel","LAM",2030,"image_ssp2_rcp19",0.854169713959261,"kgco2e/kg"
"2316","secondary_steel","LAM",2040,"image_ssp2_base",1.10406267377037,"kgco2e/kg"
"2317","secondary_steel","LAM",2040,"image_ssp2_rcp19",0.731088167986088,"kgco2e/kg"
"2318","secondary_steel","LAM",2050,"image_ssp2_base",1.09346730965845,"kgco2e/kg"
"2319","secondary_steel","LAM",2050,"image_ssp2_rcp19",0.693052298141885,"kgco2e/kg"
"2320","secondary_steel","LAM",2060,"image_ssp2_base",1.06191099297155,"kgco2e/kg"
"2321","secondary_steel","LAM",2060,"image_ssp2_rcp19",0.666368368640732,"kgco2e/kg"
"2322","secondary_steel","LAM",2070,"image_ssp2_base",1.03926381766565,"kgco2e/kg"
"2323","secondary_steel","LAM",2070,"image_ssp2_rcp19",0.661870553195256,"kgco2e/kg"
"2324","secondary_steel","LAM",2080,"image_ssp2_base",1.02646841714593,"kgco2e/kg"
"2325","secondary_steel","LAM",2080,"image_ssp2_rcp19",0.67550590760449,"kgco2e/kg"
"2326","secondary_steel","LAM",2090,"image_ssp2_base",1.00747342505319,"kgco2e/kg"
"2327","secondary_steel","LAM",2090,"image_ssp2_rcp19",0.678698063299106,"kgco2e/kg"
"2328","secondary_steel","LAM",2100,"image_ssp2_base",0.990578728031235,"kgco2e/kg"
"2329","secondary_steel","LAM",2100,"image_ssp2_rcp19",0.67751165621329,"kgco2e/kg"
"2330","secondary_steel","MEA",2020,"image_ssp2_base",1.6503249572471,"kgco2e/kg"
"2331","secondary_steel","MEA",2030,"image_ssp2_base",1.62337524962271,"kgco2e/kg"
"2332","secondary_steel","MEA",2030,"image_ssp2_rcp19",1.16054611957513,"kgco2e/kg"
"2333","secondary_steel","MEA",2040,"image_ssp2_base",1.63244033266842,"kgco2e/kg"
"2334","secondary_steel","MEA",2040,"image_ssp2_rcp19",1.0232242426598,"kgco2e/kg"
"2335","secondary_steel","MEA",2050,"image_ssp2_base",1.6038068844665,"kgco2e/kg"
"2336","secondary_steel","MEA",2050,"image_ssp2_rcp19",0.990030313554159,"kgco2e/kg"
"2337","secondary_steel","MEA",2060,"image_ssp2_base",1.48271559889541,"kgco2e/kg"
"2338","secondary_steel","MEA",2060,"image_ssp2_rcp19",0.977676893854957,"kgco2e/kg"
"2339","secondary_steel","MEA",2070,"image_ssp2_base",1.42803678274851,"kgco2e/kg"
"2340","secondary_steel","MEA",2070,"image_ssp2_rcp19",0.973948250271247,"kgco2e/kg"
"2341","secondary_steel","MEA",2080,"image_ssp2_base",1.40080286133062,"kgco2e/kg"
"2342","secondary_steel","MEA",2080,"image_ssp2_rcp19",0.986396537169281,"kgco2e/kg"
"2343","secondary_steel","MEA",2090,"image_ssp2_base",1.36669891475285,"kgco2e/kg"
"2344","secondary_steel","MEA",2090,"image_ssp2_rcp19",0.981132338261777,"kgco2e/kg"
"2345","secondary_steel","MEA",2100,"image_ssp2_base",1.33237244288913,"kgco2e/kg"
"2346","secondary_steel","MEA",2100,"image_ssp2_rcp19",0.979990944005157,"kgco2e/kg"
"2347","secondary_steel","NAM",2020,"image_ssp2_base",1.6503249572471,"kgco2e/kg"
"2348","secondary_steel","NAM",2030,"image_ssp2_base",1.62337524962271,"kgco2e/kg"
"2349","secondary_steel","NAM",2030,"image_ssp2_rcp19",1.16054611957513,"kgco2e/kg"
"2350","secondary_steel","NAM",2040,"image_ssp2_base",1.63244033266842,"kgco2e/kg"
"2351","secondary_steel","NAM",2040,"image_ssp2_rcp19",1.0232242426598,"kgco2e/kg"
"2352","secondary_steel","NAM",2050,"image_ssp2_base",1.6038068844665,"kgco2e/kg"
"2353","secondary_steel","NAM",2050,"image_ssp2_rcp19",0.990030313554159,"kgco2e/kg"
"2354","secondary_steel","NAM",2060,"image_ssp2_base",1.48271559889541,"kgco2e/kg"
"2355","secondary_steel","NAM",2060,"image_ssp2_rcp19",0.977676893854957,"kgco2e/kg"
"2356","secondary_steel","NAM",2070,"image_ssp2_base",1.42803678274851,"kgco2e/kg"
"2357","secondary_steel","NAM",2070,"image_ssp2_rcp19",0.973948250271247,"kgco2e/kg"
"2358","secondary_steel","NAM",2080,"image_ssp2_base",1.40080286133062,"kgco2e/kg"
"2359","secondary_steel","NAM",2080,"image_ssp2_rcp19",0.986396537169281,"kgco2e/kg"
"2360","secondary_steel","NAM",2090,"image_ssp2_base",1.36669891475285,"kgco2e/kg"
"2361","secondary_steel","NAM",2090,"image_ssp2_rcp19",0.981132338261777,"kgco2e/kg"
"2362","secondary_steel","NAM",2100,"image_ssp2_base",1.33237244288913,"kgco2e/kg"
"2363","secondary_steel","NAM",2100,"image_ssp2_rcp19",0.979990944005157,"kgco2e/kg"
"2364","secondary_steel","PAO",2020,"image_ssp2_base",1.22830808673816,"kgco2e/kg"
"2365","secondary_steel","PAO",2030,"image_ssp2_base",1.15051989477148,"kgco2e/kg"
"2366","secondary_steel","PAO",2030,"image_ssp2_rcp19",0.840055739075211,"kgco2e/kg"
"2367","secondary_steel","PAO",2040,"image_ssp2_base",1.10019225745052,"kgco2e/kg"
"2368","secondary_steel","PAO",2040,"image_ssp2_rcp19",0.710743374076657,"kgco2e/kg"
"2369","secondary_steel","PAO",2050,"image_ssp2_base",1.07473388625283,"kgco2e/kg"
"2370","secondary_steel","PAO",2050,"image_ssp2_rcp19",0.670627903695297,"kgco2e/kg"
"2371","secondary_steel","PAO",2060,"image_ssp2_base",1.03433001006009,"kgco2e/kg"
"2372","secondary_steel","PAO",2060,"image_ssp2_rcp19",0.643479863504188,"kgco2e/kg"
"2373","secondary_steel","PAO",2070,"image_ssp2_base",1.0086118571775,"kgco2e/kg"
"2374","secondary_steel","PAO",2070,"image_ssp2_rcp19",0.639598155149477,"kgco2e/kg"
"2375","secondary_steel","PAO",2080,"image_ssp2_base",1.00158561179924,"kgco2e/kg"
"2376","secondary_steel","PAO",2080,"image_ssp2_rcp19",0.661398553935387,"kgco2e/kg"
"2377","secondary_steel","PAO",2090,"image_ssp2_base",0.991977708169222,"kgco2e/kg"
"2378","secondary_steel","PAO",2090,"image_ssp2_rcp19",0.65882089774968,"kgco2e/kg"
"2379","secondary_steel","PAO",2100,"image_ssp2_base",0.974477995852718,"kgco2e/kg"
"2380","secondary_steel","PAO",2100,"image_ssp2_rcp19",0.678992797476979,"kgco2e/kg"
"2381","secondary_steel","PAS",2020,"image_ssp2_base",1.26426651978644,"kgco2e/kg"
"2382","secondary_steel","PAS",2030,"image_ssp2_base",1.22627792423939,"kgco2e/kg"
"2383","secondary_steel","PAS",2030,"image_ssp2_rcp19",0.89676763358487,"kgco2e/kg"
"2384","secondary_steel","PAS",2040,"image_ssp2_base",1.1800280015903,"kgco2e/kg"
"2385","secondary_steel","PAS",2040,"image_ssp2_rcp19",0.758844411262854,"kgco2e/kg"
"2386","secondary_steel","PAS",2050,"image_ssp2_base",1.16081392466266,"kgco2e/kg"
"2387","secondary_steel","PAS",2050,"image_ssp2_rcp19",0.697778275223364,"kgco2e/kg"
"2388","secondary_steel","PAS",2060,"image_ssp2_base",1.10166191653238,"kgco2e/kg"
"2389","secondary_steel","PAS",2060,"image_ssp2_rcp19",0.6670675065202,"kgco2e/kg"
"2390","secondary_steel","PAS",2070,"image_ssp2_base",1.06812684689727,"kgco2e/kg"
"2391","secondary_steel","PAS",2070,"image_ssp2_rcp19",0.660587899997499,"kgco2e/kg"
"2392","secondary_steel","PAS",2080,"image_ssp2_base",1.05002630750998,"kgco2e/kg"
"2393","secondary_steel","PAS",2080,"image_ssp2_rcp19",0.678540280159342,"kgco2e/kg"
"2394","secondary_steel","PAS",2090,"image_ssp2_base",1.03299506052367,"kgco2e/kg"
"2395","secondary_steel","PAS",2090,"image_ssp2_rcp19",0.697608437586577,"kgco2e/kg"
"2396","secondary_steel","PAS",2100,"image_ssp2_base",1.03186107111094,"kgco2e/kg"
"2397","secondary_steel","PAS",2100,"image_ssp2_rcp19",0.696964410294593,"kgco2e/kg"
"2398","secondary_steel","RCPA",2020,"image_ssp2_base",1.6503249572471,"kgco2e/kg"
"2399","secondary_steel","RCPA",2030,"image_ssp2_base",1.62337524962271,"kgco2e/kg"
"2400","secondary_steel","RCPA",2030,"image_ssp2_rcp19",1.16054611957513,"kgco2e/kg"
"2401","secondary_steel","RCPA",2040,"image_ssp2_base",1.63244033266842,"kgco2e/kg"
"2402","secondary_steel","RCPA",2040,"image_ssp2_rcp19",1.0232242426598,"kgco2e/kg"
"2403","secondary_steel","RCPA",2050,"image_ssp2_base",1.6038068844665,"kgco2e/kg"
"2404","secondary_steel","RCPA",2050,"image_ssp2_rcp19",0.990030313554159,"kgco2e/kg"
"2405","secondary_steel","RCPA",2060,"image_ssp2_base",1.48271559889541,"kgco2e/kg"
"2406","secondary_steel","RCPA",2060,"image_ssp2_rcp19",0.977676893854957,"kgco2e/kg"
"2407","secondary_steel","RCPA",2070,"image_ssp2_base",1.42803678274851,"kgco2e/kg"
"2408","secondary_steel","RCPA",2070,"image_ssp2_rcp19",0.973948250271247,"kgco2e/kg"
"2409","secondary_steel","RCPA",2080,"image_ssp2_base",1.40080286133062,"kgco2e/kg"
"2410","secondary_steel","RCPA",2080,"image_ssp2_rcp19",0.986396537169281,"kgco2e/kg"
"2411","secondary_steel","RCPA",2090,"image_ssp2_base",1.36669891475285,"kgco2e/kg"
"2412","secondary_steel","RCPA",2090,"image_ssp2_rcp19",0.981132338261777,"kgco2e/kg"
"2413","secondary_steel","RCPA",2100,"image_ssp2_base",1.33237244288913,"kgco2e/kg"
"2414","secondary_steel","RCPA",2100,"image_ssp2_rcp19",0.979990944005157,"kgco2e/kg"
"2415","secondary_steel","SAS",2020,"image_ssp2_base",1.23977937455068,"kgco2e/kg"
"2416","secondary_steel","SAS",2030,"image_ssp2_base",1.18066214984393,"kgco2e/kg"
"2417","secondary_steel","SAS",2030,"image_ssp2_rcp19",0.89112690641278,"kgco2e/kg"
"2418","secondary_steel","SAS",2040,"image_ssp2_base",1.14023517967713,"kgco2e/kg"
"2419","secondary_steel","SAS",2040,"image_ssp2_rcp19",0.743460421319074,"kgco2e/kg"
"2420","secondary_steel","SAS",2050,"image_ssp2_base",1.11224212393179,"kgco2e/kg"
"2421","secondary_steel","SAS",2050,"image_ssp2_rcp19",0.703784010859004,"kgco2e/kg"
"2422","secondary_steel","SAS",2060,"image_ssp2_base",1.05650733963701,"kgco2e/kg"
"2423","secondary_steel","SAS",2060,"image_ssp2_rcp19",0.676680648944597,"kgco2e/kg"
"2424","secondary_steel","SAS",2070,"image_ssp2_base",1.02277790245347,"kgco2e/kg"
"2425","secondary_steel","SAS",2070,"image_ssp2_rcp19",0.684931067078018,"kgco2e/kg"
"2426","secondary_steel","SAS",2080,"image_ssp2_base",1.00092762091994,"kgco2e/kg"
"2427","secondary_steel","SAS",2080,"image_ssp2_rcp19",0.694483510503992,"kgco2e/kg"
"2428","secondary_steel","SAS",2090,"image_ssp2_base",0.990845750812693,"kgco2e/kg"
"2429","secondary_steel","SAS",2090,"image_ssp2_rcp19",0.695810443909438,"kgco2e/kg"
"2430","secondary_steel","SAS",2100,"image_ssp2_base",0.988576521708194,"kgco2e/kg"
"2431","secondary_steel","SAS",2100,"image_ssp2_rcp19",0.693154563051649,"kgco2e/kg"
"2432","secondary_steel","WEU",2020,"image_ssp2_base",1.6503249572471,"kgco2e/kg"
"2433","secondary_steel","WEU",2030,"image_ssp2_base",1.62337524962271,"kgco2e/kg"
"2434","secondary_steel","WEU",2030,"image_ssp2_rcp19",1.16054611957513,"kgco2e/kg"
"2435","secondary_steel","WEU",2040,"image_ssp2_base",1.63244033266842,"kgco2e/kg"
"2436","secondary_steel","WEU",2040,"image_ssp2_rcp19",1.0232242426598,"kgco2e/kg"
"2437","secondary_steel","WEU",2050,"image_ssp2_base",1.6038068844665,"kgco2e/kg"
"2438","secondary_steel","WEU",2050,"image_ssp2_rcp19",0.990030313554159,"kgco2e/kg"
"2439","secondary_steel","WEU",2060,"image_ssp2_base",1.48271559889541,"kgco2e/kg"
"2440","secondary_steel","WEU",2060,"image_ssp2_rcp19",0.977676893854957,"kgco2e/kg"
"2441","secondary_steel","WEU",2070,"image_ssp2_base",1.42803678274851,"kgco2e/kg"
"2442","secondary_steel","WEU",2070,"image_ssp2_rcp19",0.973948250271247,"kgco2e/kg"
"2443","secondary_steel","WEU",2080,"image_ssp2_base",1.40080286133062,"kgco2e/kg"
"2444","secondary_steel","WEU",2080,"image_ssp2_rcp19",0.986396537169281,"kgco2e/kg"
"2445","secondary_steel","WEU",2090,"image_ssp2_base",1.36669891475285,"kgco2e/kg"
"2446","secondary_steel","WEU",2090,"image_ssp2_rcp19",0.981132338261777,"kgco2e/kg"
"2447","secondary_steel","WEU",2100,"image_ssp2_base",1.33237244288913,"kgco2e/kg"
"2448","secondary_steel","WEU",2100,"image_ssp2_rcp19",0.979990944005157,"kgco2e/kg"
